decision_date,exit_date,universe,action,symbol,reason,entry_date,entry_rank,exit_rank,score,exit_price,quantity,gross_value,cost_value,brokerage,stt,exchange_charge,sebi_charge,gst,stamp_duty,sell_transaction_cost,net_value,realized_pnl,entry_price,buy_transaction_cost,invested_amount,total_transaction_cost,net_realized_pnl,holding_days,proceeds,gross_realized_pnl,return_pct,sell_reason
2020-06-08,2020-06-09,NIFTY_METAL,SELL,COALINDIA,RANK_EXIT,2020-05-05,2,10.0,0.5152698854605358,86.6633071899414,1284.1398260590656,111287.80422059473,111111.11111111111,0.0,111.28780422059474,3.3052477853516633,0.11128780422059473,0.6149764061230064,0.0,115.31931621629,111172.48490437843,61.3737932673248,86.42307167032571,131.8028888888889,111111.11111111111,247.12220510517892,61.3737932673248,35,111287.80422059473,176.69310948361817,0.0005523641394059232,RANK_EXIT
2020-06-15,2020-06-16,NIFTY_PHARMA,SELL,DIVISLAB,RANK_EXIT,2020-05-05,3,6.0,0.4719223827123642,2250.82568359375,50.328733968998144,113281.20704017824,111111.11111111111,0.0,113.28120704017824,3.3644518490932938,0.11328120704017823,0.6259919501040249,0.0,117.38493204641574,113163.82210813182,2052.7109970207093,2205.0884151106216,131.8028888888889,111111.11111111111,249.18782093530464,2052.7109970207093,42,113281.20704017824,2170.095929067131,0.018474398973186385,RANK_EXIT
2020-06-24,2020-06-25,NIFTY_PHARMA,SELL,GLENMARK,RANK_EXIT,2020-06-23,2,6.0,0.4033958477278551,447.68804931640625,210.28785953177692,94143.36162870366,113163.82210813182,0.0,94.14336162870366,2.7960578403724985,0.09414336162870365,0.5202362163602163,0.0,97.55379904706508,94045.8078296566,-19118.014278475224,537.4993330178802,134.23786804404077,113163.82210813182,231.79166709110586,-19118.014278475224,2,94143.36162870366,-19020.460479428162,-0.16894104425182213,RANK_EXIT
2020-07-02,2020-07-03,NIFTY_METAL,SELL,NMDC,RANK_EXIT,2020-05-05,3,10.0,0.3158840925122301,14.508039474487305,8308.770191826163,120543.96592745742,111111.11111111111,0.0,120.54396592745742,3.5801557880454853,0.12054396592745742,0.6661259557151297,0.0,124.9107916371455,120419.05513582028,9307.94402470917,13.35688744062259,131.8028888888889,111111.11111111111,256.7136805260344,9307.94402470917,59,120543.96592745742,9432.854816346313,0.08377149622238253,RANK_EXIT
2020-07-07,2020-07-08,NIFTY_AUTO,SELL,EXIDEIND,RANK_EXIT,2020-05-05,3,9.0,0.3759625072901448,148.32456970214844,773.9424065414852,114794.67442451102,111111.11111111111,0.0,114.79467442451102,3.4094018304079774,0.11479467442451101,0.634355370869848,0.0,118.95322630021334,114675.7211982108,3564.610087099689,143.39478917837727,131.8028888888889,111111.11111111111,250.75611518910225,3564.610087099689,64,114794.67442451102,3683.563313399907,0.0320814907838972,RANK_EXIT
2020-08-06,2020-08-07,NIFTY_PHARMA,SELL,BIOCON,RANK_EXIT,2020-05-05,1,6.0,0.4661201701189081,394.95074462890625,305.9242016948577,120824.99125938775,111111.11111111111,0.0,120.82499125938776,3.5885022404038165,0.12082499125938775,0.6676789016993767,0.0,125.20199739275033,120699.789261995,9588.67815088389,362.7673378156524,131.8028888888889,111111.11111111111,257.00488628163924,9588.67815088389,94,120824.99125938775,9713.880148276643,0.08629810335795501,RANK_EXIT
2020-08-14,2020-08-17,NIFTY_AUTO,SELL,MRF,RANK_EXIT,2020-05-05,1,9.0,0.4385702808698019,59542.8125,1.9115619469375376,113819.77458863675,111111.11111111111,0.0,113.81977458863675,3.3804473052825115,0.11381977458863675,0.6289680743768067,0.0,117.9430097428847,113701.83157889386,2590.720467782754,58056.8724963474,131.8028888888889,111111.11111111111,249.7458986317736,2590.720467782754,104,113819.77458863675,2708.663477525639,0.023316484210044786,RANK_EXIT
2020-09-24,2020-09-25,NIFTY_METAL,SELL,TATASTEEL,RANK_EXIT,2020-07-22,3,11.0,0.3230941078315179,29.699016571044922,4057.9992286333786,120518.58633647022,120419.05513582028,0.0,120.51858633647022,3.5794020141931657,0.12051858633647022,0.6659857080953344,0.0,124.8844926450952,120393.70184382513,-25.353291995153995,29.639288759113054,142.84421409754356,120419.05513582028,267.72870674263874,-25.353291995153995,65,120518.58633647022,99.53120064994437,-0.00021054219339753245,RANK_EXIT
2020-09-24,2020-09-28,NIFTY_METAL,SELL,HINDZINC,SECTOR_ROTATION,2020-05-05,1,,0.4310090420767665,124.77007293701172,1217.7816593359203,151942.70645669792,111111.11111111111,0.0,151.94270645669792,4.512698381763928,0.1519427064566979,0.8396353958797126,0.0,157.44698294079828,151785.25947375712,40674.14836264601,91.13235313688446,131.8028888888889,111111.11111111111,289.2498718296872,40674.14836264601,146,151942.70645669792,40831.595345586815,0.3660673352638141,SECTOR_ROTATION
2020-09-24,2020-09-28,NIFTY_METAL,SELL,JINDALSTEL,SECTOR_ROTATION,2020-06-23,2,,0.4104803005854289,181.2879180908203,776.6201584112417,140791.85166573708,111172.48490437843,0.0,140.79185166573708,4.181517994472391,0.14079185166573707,0.7780157723048631,0.0,145.89217728418006,140645.9594884529,29473.474584074473,142.97930334368323,131.8756920781812,111172.48490437843,277.76786936236124,29473.474584074473,97,140791.85166573708,29619.366761358644,0.2651148313310184,SECTOR_ROTATION
2020-09-28,2020-09-29,NIFTY_REALTY,SELL,OBEROIRLTY,RANK_EXIT,2020-09-28,3,6.0,0.39040977756182355,391.046875,171.8512589897837,67201.89779277057,68804.15346767253,0.0,67.20189779277057,1.995896364445286,0.06720189779277057,0.3713576872028502,0.0,69.63635374221147,67132.26143902836,-1671.8920286441717,399.8954479350462,81.61727575134331,68804.15346767253,151.2536294935548,-1671.8920286441717,1,67201.89779277057,-1602.2556749019568,-0.024299289278076886,RANK_EXIT
2020-10-21,2020-10-22,NIFTY_AUTO,SELL,BAJAJ-AUTO,RANK_EXIT,2020-05-05,2,9.0,0.4116470646113157,2592.381591796875,51.99789367173698,134798.38236682216,111111.11111111111,0.0,134.79838236682215,4.003511956294618,0.13479838236682215,0.7448958609590591,0.0,139.68158856644266,134658.7007782557,23547.589667144595,2134.3039185939965,131.8028888888889,111111.11111111111,271.48447745533156,23547.589667144595,170,134798.38236682216,23687.27125571105,0.21192830700430135,RANK_EXIT
2020-11-06,2020-11-09,NIFTY_PHARMA,SELL,AUROPHARMA,RANK_EXIT,2020-07-22,1,6.0,0.3936387412250042,761.2593383789062,120.89902086486127,92035.50863424188,94045.8078296566,0.0,92.03550863424188,2.733454606436984,0.09203550863424187,0.5085882207128206,0.0,95.36958697002592,91940.13904727185,-2105.668782384746,776.964507861615,111.55958243854224,94045.8078296566,206.92916940856816,-2105.668782384746,110,92035.50863424188,-2010.2991954147146,-0.022389820779664144,RANK_EXIT
2020-11-10,2020-11-11,NIFTY_REALTY,SELL,OBEROIRLTY,RANK_EXIT,2020-10-22,2,6.0,0.5462445349742969,419.8902587890625,148.1352937959956,62200.5668477944,67132.26143902836,0.0,62.2005668477944,1.8473568353794936,0.062200566847794396,0.3437203324009118,0.0,64.45384458242259,62136.113003211976,-4996.14843581638,452.64450953472334,79.63403395777286,67132.26143902836,144.08787854019545,-4996.14843581638,20,62200.5668477944,-4931.694591233958,-0.0744224658714058,RANK_EXIT
2020-11-11,2020-11-12,NIFTY_FINANCIAL_SERVICES,SELL,ICICIGI,RANK_EXIT,2020-09-28,3,12.0,0.3717984569569429,1207.814208984375,55.78421872531101,67376.97201352287,68804.15346767253,0.0,67.37697201352287,2.0010960688016293,0.06737697201352287,0.3723251473467274,0.0,69.81777020168475,67307.15424332119,-1496.9992243513407,1231.9350841914663,81.61727575134331,68804.15346767253,151.43504595302807,-1496.9992243513407,45,67376.97201352287,-1427.181454149657,-0.02175739615857206,RANK_EXIT
2020-11-13,2020-11-17,NIFTY_REALTY,SELL,PRESTIGE,RANK_EXIT,2020-09-28,2,6.0,0.623348206281662,257.26519775390625,280.83439792542913,72248.91691838473,68804.15346767253,0.0,72.24891691838472,2.1457928324760265,0.07224891691838473,0.399247514890994,0.0,74.86620618267013,72174.05071220205,3369.897244529522,244.70840003783763,81.61727575134331,68804.15346767253,156.48348193401344,3369.897244529522,50,72248.91691838473,3444.7634507121984,0.04897810778404331,RANK_EXIT
2020-11-24,2020-11-25,NIFTY_AUTO,SELL,BHARATFORG,RANK_EXIT,2020-10-22,3,9.0,0.4750922073920568,477.075927734375,308.5230938698461,147188.94123543648,134658.7007782557,0.0,147.1889412354365,4.371511554692463,0.14718894123543647,0.8133660892670219,0.0,152.5210078206314,147036.42022761583,12377.719449360127,435.9445623315518,159.73565198938715,134658.7007782557,312.25665981001856,12377.719449360127,34,147188.94123543648,12530.240457180771,0.09191919555010919,RANK_EXIT
2020-11-27,2020-12-01,NIFTY_REALTY,SELL,PRESTIGE,RANK_EXIT,2020-11-24,2,6.0,0.5147032501796882,286.18524169921875,245.84383472625575,70356.8772613963,67155.08185770702,0.0,70.35687726139629,2.08959925466347,0.07035687726139629,0.38879210374647594,0.0,72.90562549706765,70283.97163589923,3128.8897781922133,272.83751422224185,79.66110413174036,67155.08185770702,152.566729628808,3128.8897781922133,7,70356.8772613963,3201.795403689277,0.046592003041883386,RANK_EXIT
2020-12-01,2020-12-02,NIFTY_REALTY,SELL,OBEROIRLTY,RANK_EXIT,2020-11-24,3,6.0,0.3961798083037138,490.9229736328125,148.16967813083218,72739.89899020485,67155.08185770702,0.0,72.73989899020485,2.160375000009084,0.07273989899020485,0.401960681819872,0.0,75.37497457102401,72664.52401563383,5509.442157926809,452.69330135379266,79.66110413174036,67155.08185770702,155.03607870276437,5509.442157926809,8,72739.89899020485,5584.817132497832,0.08204058435369953,RANK_EXIT
2020-12-02,2020-12-03,NIFTY_PHARMA,SELL,GLENMARK,RANK_EXIT,2020-11-24,3,6.0,0.3526520698020856,479.0604553222656,193.71549859923948,92801.43496193137,91940.13904727185,0.0,92.80143496193138,2.756202618369362,0.09280143496193137,0.5128207295996328,0.0,96.1632597448623,92705.27170218651,765.1326549146615,474.05126553075337,109.0617833814891,91940.13904727185,205.2250431263514,765.1326549146615,9,92801.43496193137,861.295914659524,0.008322074154371919,RANK_EXIT
2020-12-22,2020-12-23,NIFTY_FINANCIAL_SERVICES,SELL,HDFCLIFE,RANK_EXIT,2020-09-28,1,12.0,0.35123331161836785,636.5535888671875,120.89617476682305,76956.89392813593,68804.15346767253,0.0,76.95689392813594,2.285619749665637,0.07695689392813593,0.4252637958468792,0.0,79.7447343675766,76877.14919376836,8072.995726095833,568.4426022946458,81.61727575134331,68804.15346767253,161.3620101189199,8072.995726095833,86,76956.89392813593,8152.740460463407,0.1173329707470191,RANK_EXIT
2020-12-24,2020-12-28,NIFTY_AUTO,SELL,HEROMOTOCO,RANK_EXIT,2020-07-22,1,9.0,0.29872967240711057,2544.1337890625,48.96552380061366,124574.84360028525,114675.7211982108,0.0,124.57484360028526,3.699872854928472,0.12457484360028524,0.6884005857351763,0.0,129.08769188454917,124445.75590840071,9770.03471018991,2339.19053623442,136.0313220540688,114675.7211982108,265.11901393861797,9770.03471018991,159,124574.84360028525,9899.122402074456,0.08519706358160095,RANK_EXIT
2020-12-24,2020-12-28,NIFTY_REALTY,SELL,OBEROIRLTY,RANK_EXIT,2020-12-22,3,6.0,0.43135041526208323,525.5838012695312,139.0758071173435,73095.99136936152,71474.24782576654,0.0,73.09599136936153,2.170950943670037,0.07309599136936153,0.4039284483070918,0.0,75.74396675270802,73020.24740260882,1545.9995768422814,513.313312317729,84.78461110136773,71474.24782576654,160.52857785407576,1545.9995768422814,6,73095.99136936152,1621.7435435949883,0.021630162245442296,RANK_EXIT
2021-01-18,2021-01-19,NIFTY_PHARMA,SELL,DRREDDY,RANK_EXIT,2020-05-05,2,6.0,0.3603777813259512,986.2870483398438,144.79998908458262,142814.3538338746,111111.11111111111,0.0,142.8143538338746,4.241586308866076,0.14281435383387459,0.789192119285991,0.0,147.98794661586052,142666.36588725873,31555.254776147616,766.4317443932638,131.8028888888889,111111.11111111111,279.79083550474945,31555.254776147616,259,142814.3538338746,31703.24272276349,0.28399729298532855,RANK_EXIT
2021-01-28,2021-02-01,NIFTY_PHARMA,SELL,DIVISLAB,SECTOR_ROTATION,2020-08-24,2,,0.806633693476518,3359.82080078125,38.0120538101836,127713.68907187103,120699.789261995,0.0,127.71368907187103,3.7930965654345696,0.12771368907187103,0.7057458458111593,0.0,132.34024517218862,127581.34882669884,6881.559564703843,3171.5363930554113,143.1772282170993,120699.789261995,275.51747338928794,6881.559564703843,161,127713.68907187103,7013.899809876035,0.05701384904464497,SECTOR_ROTATION
2021-01-28,2021-02-01,NIFTY_PHARMA,SELL,AUROPHARMA,SECTOR_ROTATION,2020-12-22,3,,0.6783277913928032,893.104736328125,112.79112973802373,100734.29218482901,92705.27170218651,0.0,100.73429218482902,2.9918084778894216,0.100734292184829,0.5566576986133651,0.0,104.38349265351663,100629.9086921755,7924.636989988983,820.9448962309749,109.96940363019789,92705.27170218651,214.35289628371453,7924.636989988983,41,100734.29218482901,8029.020482642503,0.08548205344186566,SECTOR_ROTATION
2021-01-28,2021-02-01,NIFTY_PHARMA,SELL,CIPLA,SECTOR_ROTATION,2021-01-22,3,,0.713933805624644,769.5049438476562,183.0465597463631,140855.2326791318,142666.36588725873,0.0,140.8552326791318,4.183400410570214,0.14085523267913178,0.7783660157848823,0.0,145.95785433816604,140709.27482479363,-1957.0910624651005,778.4747854981141,169.2345525409794,142666.36588725873,315.19240687914544,-1957.0910624651005,10,140855.2326791318,-1811.1332081269356,-0.013717956929047176,SECTOR_ROTATION
2021-02-25,2021-02-26,NIFTY_REALTY,SELL,OBEROIRLTY,RANK_EXIT,2021-01-22,3,6.0,0.3902482769141595,533.4546508789062,130.88985330395144,69823.80099785067,73020.24740260882,0.0,69.82380099785068,2.073766889636165,0.06982380099785067,0.38584632431412286,0.0,72.35323801279881,69751.44775983787,-3268.799642770944,557.2137720809228,86.61851599540704,73020.24740260882,158.97175400820583,-3268.799642770944,35,69823.80099785067,-3196.4464047581423,-0.044765661019304605,RANK_EXIT
2021-03-18,2021-03-19,NIFTY_REALTY,SELL,GODREJPROP,RANK_EXIT,2020-09-28,1,6.0,0.4956376552581787,1317.75,80.25052624646763,105750.13096128272,68804.15346767253,0.0,105.75013096128272,3.1407788895500968,0.10575013096128272,0.5843752236920483,0.0,109.58103520548615,105640.54992607723,36836.396458404706,856.3499755859375,81.61727575134331,68804.15346767253,191.19831095682946,36836.396458404706,172,105750.13096128272,36945.97749361019,0.535380418214319,RANK_EXIT
2021-03-18,2021-03-22,NIFTY_FINANCIAL_SERVICES,SELL,CHOLAFIN,SECTOR_ROTATION,2020-09-28,2,,0.8333333333333334,564.5169067382812,289.5437248870753,163452.32793873167,68804.15346767253,0.0,163.45232793873168,4.8545341397803305,0.16345232793873166,0.9032375641894311,0.0,169.37355197064016,163282.95438676103,94478.8009190885,237.3476966863074,81.61727575134331,68804.15346767253,250.99082772198346,94478.8009190885,175,163452.32793873167,94648.17447105914,1.3731554878221,SECTOR_ROTATION
2021-03-18,2021-03-22,NIFTY_FINANCIAL_SERVICES,SELL,BAJFINANCE,SECTOR_ROTATION,2020-11-24,2,,0.4663656714061896,524.695556640625,142.8164591349255,74935.16152324282,67307.15424332119,0.0,74.93516152324281,2.225574297240312,0.07493516152324281,0.4140917025774398,0.0,77.6497626845838,74857.51176055823,7550.357517237047,470.7252452146212,79.84149634943793,67307.15424332119,157.49125903402174,7550.357517237047,118,74935.16152324282,7628.007279921629,0.11217763701525475,SECTOR_ROTATION
2021-03-18,2021-03-22,NIFTY_FINANCIAL_SERVICES,SELL,BAJAJFINSV,SECTOR_ROTATION,2021-01-22,3,,0.370697695761919,937.673583984375,84.9221261616426,79629.23439756066,76877.14919376836,0.0,79.62923439756067,2.364988261607552,0.07962923439756066,0.44003114928092024,0.0,82.5138830428467,79546.72051451782,2669.5713207494555,904.1925701958145,91.19367317952705,76877.14919376836,173.70755622237374,2669.5713207494555,59,79629.23439756066,2752.085203792303,0.03472516019058951,SECTOR_ROTATION
2021-03-23,2021-03-24,NIFTY_REALTY,SELL,OBEROIRLTY,RANK_EXIT,2021-03-23,2,6.0,0.5302340971926849,562.2977905273438,148.17435496912006,83318.11241195055,87695.99884295755,0.0,83.31811241195055,2.4745479386349314,0.08331811241195056,0.46041588918843873,0.0,86.33639435218586,83231.77601759837,-4464.222825359175,591.1412375460549,104.02727392348616,87695.99884295755,190.363668275672,-4464.222825359175,1,83318.11241195055,-4377.886431006991,-0.050905661424229,RANK_EXIT
2021-03-25,2021-03-30,NIFTY_AUTO,SELL,M&M,SECTOR_ROTATION,2020-08-24,2,,0.4756030564506849,750.4312133789062,196.26719338364148,147285.02807735853,113701.83157889386,0.0,147.28502807735853,4.374365333897548,0.14728502807735852,0.8138970651554831,0.0,152.62057550448893,147132.40750185403,33430.57592296017,578.6344296880997,134.87606886650494,113701.83157889386,287.49664437099386,33430.57592296017,218,147285.02807735853,33583.19649846466,0.2940196781242158,SECTOR_ROTATION
2021-03-25,2021-03-30,NIFTY_AUTO,SELL,ASHOKLEY,SECTOR_ROTATION,2020-12-22,1,,0.6992125790566206,51.08000183105469,3571.140864379944,182413.88189148175,147036.42022761583,0.0,182.41388189148176,5.4176922921770085,0.18241388189148175,1.0080191113323282,0.0,189.02200717688257,182224.85988430487,35188.439656689035,41.12467342519531,174.4184246209238,147036.42022761583,363.44043179780635,35188.439656689035,98,182413.88189148175,35377.46166386592,0.23931784793329777,SECTOR_ROTATION
2021-03-25,2021-03-30,NIFTY_AUTO,SELL,BHARATFORG,SECTOR_ROTATION,2021-01-22,2,,0.4401591109732787,568.28662109375,208.75744988486346,118634.06582321691,124445.75590840071,0.0,118.63406582321691,3.5234317549495424,0.11863406582321691,0.6555718477390966,0.0,122.93170349172877,118511.13411972517,-5934.621788675533,595.4189188731084,147.62079124819854,124445.75590840071,270.5524947399273,-5934.621788675533,67,118634.06582321691,-5811.6900851838,-0.04768842252076285,SECTOR_ROTATION
2021-03-25,2021-03-30,NIFTY_BANK,SELL,IDFCFIRSTB,SECTOR_ROTATION,2021-02-01,1,,0.906799528747797,58.059967041015625,2690.603952699037,156216.37681413247,122973.51078122265,0.0,156.21637681413247,4.639626391379735,0.15621637681413247,0.863251698274896,0.0,161.87547128060123,156054.50134285187,33080.99056162922,45.65058201234339,145.87437579996663,122973.51078122265,307.74984708056786,33080.99056162922,57,156216.37681413247,33242.86603290982,0.26900907643827715,SECTOR_ROTATION
2021-03-25,2021-03-30,NIFTY_BANK,SELL,INDUSINDBK,SECTOR_ROTATION,2021-02-01,2,,0.6335208999613922,926.5890502929688,148.30702722531902,137419.6675084818,122973.51078122265,0.0,137.4196675084818,4.081364125001909,0.13741966750848178,0.7593810826518703,0.0,142.39783238364404,137277.26967609816,14303.758894875515,828.1983578486396,145.87437579996663,122973.51078122265,288.2722081836107,14303.758894875515,57,137419.6675084818,14446.15672725915,0.11631577242941996,SECTOR_ROTATION
2021-03-25,2021-03-30,NIFTY_BANK,SELL,SBIN,SECTOR_ROTATION,2021-02-01,3,,0.7636773958802223,327.02154541015625,475.3231671612293,155440.91669431524,122973.51078122265,0.0,155.44091669431523,4.616595225821163,0.15544091669431523,0.8589665056527861,0.0,161.07191934248348,155279.84477497276,32306.333993750115,258.40868884844326,145.87437579996663,122973.51078122265,306.94629514245014,32306.333993750115,57,155440.91669431524,32467.40591309259,0.26270969893040663,SECTOR_ROTATION
2021-04-08,2021-04-12,NIFTY_PRIVATE_BANK,SELL,IDFCFIRSTB,SECTOR_ROTATION,2021-03-30,1,,0.8333333333333334,50.38508605957031,2565.9735870367213,129286.80000942953,149413.3362166345,0.0,129.28680000942953,3.839817960280057,0.12928680000942952,0.7144388568521075,0.0,133.9703436265711,129152.82966580296,-20260.50655083153,58.15963928327524,177.2379841669135,149413.3362166345,311.2083277934846,-20260.50655083153,13,129286.80000942953,-20126.53620720496,-0.13560038925478385,SECTOR_ROTATION
2021-04-08,2021-04-12,NIFTY_PRIVATE_BANK,SELL,INDUSINDBK,SECTOR_ROTATION,2021-03-30,2,,0.4269663182397684,814.121826171875,160.2343316735395,130450.26671749188,149413.3362166345,0.0,130.45026671749187,3.874372921509509,0.13045026671749188,0.7208681738808602,0.0,135.17595807959975,130315.09075941227,-19098.24545722222,931.3615669862833,177.2379841669135,149413.3362166345,312.4139422465132,-19098.24545722222,13,130450.26671749188,-18963.069499142613,-0.12782155824117106,SECTOR_ROTATION
2021-04-08,2021-04-12,NIFTY_PRIVATE_BANK,SELL,ICICIBANK,SECTOR_ROTATION,2021-03-30,3,,0.5024048189322154,520.87890625,265.1186025091031,138094.68770147013,149413.3362166345,0.0,138.09468770147012,4.101412224733663,0.13809468770147013,0.7631112442383238,0.0,143.09730585814359,137951.590395612,-11461.745821022487,562.9031566253199,177.2379841669135,149413.3362166345,320.3352900250571,-11461.745821022487,13,138094.68770147013,-11318.648515164357,-0.07671166517829503,SECTOR_ROTATION
2021-04-09,2021-04-12,NIFTY_REALTY,SELL,GODREJPROP,RANK_EXIT,2021-03-23,3,6.0,0.38588544353842735,1269.449951171875,61.59772965473562,78195.23490250249,87695.99884295755,0.0,78.19523490250249,2.3223984766043237,0.07819523490250249,0.43210686807122867,0.0,81.02793548208055,78114.20696702041,-9581.791875937139,1422.0,104.02727392348616,87695.99884295755,185.0552094055667,-9581.791875937139,20,78195.23490250249,-9500.763940455057,-0.10926144866763904,RANK_EXIT
2021-04-15,2021-04-19,NIFTY_PSU_BANK,SELL,SBIN,SECTOR_ROTATION,2021-03-30,1,,0.6265842417875926,300.1474304199219,457.23651379044577,137238.36470836547,149413.3362166345,0.0,137.23836470836548,4.075979431838454,0.13723836470836545,0.7583792033784276,0.0,142.20996170829073,137096.15474665718,-12317.18146997731,326.3870966806981,177.2379841669135,149413.3362166345,319.44794587520425,-12317.18146997731,20,137238.36470836547,-12174.971508269024,-0.0824369616653136,SECTOR_ROTATION
2021-04-15,2021-04-19,NIFTY_PSU_BANK,SELL,CANBK,SECTOR_ROTATION,2021-03-30,2,,0.4139611404389143,21.887062072753906,5956.9399123998965,130379.91362636175,149413.3362166345,0.0,130.37991362636177,3.8722834347029442,0.13037991362636175,0.720479402699275,0.0,135.10305637739037,130244.81056998436,-19168.52564665013,25.052476678809445,177.2379841669135,149413.3362166345,312.34104054430384,-19168.52564665013,20,130379.91362636175,-19033.422590272734,-0.12829193251436186,SECTOR_ROTATION
2021-04-15,2021-04-19,NIFTY_PSU_BANK,SELL,BANKINDIA,SECTOR_ROTATION,2021-03-30,3,,0.4654761993636688,54.98849105834961,2502.8015014633133,137625.2779840394,149413.3362166345,0.0,137.6252779840394,4.0874707561259696,0.1376252779840394,0.7605172861398015,0.0,142.6108913042892,137482.6670927351,-11930.669123899395,59.62762054650106,177.2379841669135,149413.3362166345,319.8488754712027,-11930.669123899395,20,137625.2779840394,-11788.058232595096,-0.0798500952190848,SECTOR_ROTATION
2021-04-15,2021-04-19,NIFTY_REALTY,SELL,DLF,SECTOR_ROTATION,2020-12-22,2,,0.5252966098487377,228.61428833007812,343.7732361828466,78591.47373686933,71474.24782576654,0.0,78.59147373686933,2.334166769985019,0.07859147373686932,0.43429648386993985,0.0,81.43852846446116,78510.03520840486,7035.787382638329,207.66440112485793,84.78461110136773,71474.24782576654,166.2231395658289,7035.787382638329,118,78591.47373686933,7117.225911102796,0.09843807520422651,SECTOR_ROTATION
2021-05-05,2021-05-06,NIFTY_PHARMA,SELL,CIPLA,RANK_EXIT,2021-04-19,2,6.0,0.5283766674498718,843.8407592773438,237.95764453103712,200798.35943691863,214893.21686746678,0.0,200.79835943691864,5.963711275276483,0.20079835943691862,1.1096117342484122,0.0,208.07248080588047,200590.28695611274,-14302.929911354033,902.0021414710188,254.91192107182763,214893.21686746678,462.98440187770814,-14302.929911354033,17,200798.35943691863,-14094.857430548145,-0.06655831263475953,RANK_EXIT
2021-05-27,2021-05-28,NIFTY_PHARMA,SELL,GLENMARK,RANK_EXIT,2021-05-24,3,6.0,0.6631232425570488,596.7752075195312,334.4040528759749,199564.04805043223,200590.28695611274,0.0,199.56404805043223,5.927052227097837,0.19956404805043224,1.1027909295266884,0.0,206.7934552551072,199357.25459517713,-1233.0323609356128,599.1325159467652,237.94541373480178,200590.28695611274,444.73886898990895,-1233.0323609356128,4,199564.04805043223,-1026.2389056805114,-0.006147019278183637,RANK_EXIT
2021-06-15,2021-06-16,NIFTY_METAL,SELL,HINDALCO,RANK_EXIT,2021-03-22,2,10.0,0.2440085696677367,366.9674072265625,327.06214028630654,120021.14562283616,105895.72888727904,0.0,120.02114562283617,3.564628024998234,0.12002114562283615,0.6632368507117926,0.0,124.36903164416904,119896.776591192,14001.047703912962,323.394546760423,125.61626689504145,105895.72888727904,249.98529853921048,14001.047703912962,86,120021.14562283616,14125.416735557126,0.13221541464449818,RANK_EXIT
2021-08-18,2021-08-23,NIFTY_PHARMA,SELL,DIVISLAB,SECTOR_ROTATION,2021-04-19,1,,0.9633520618081093,4747.97509765625,58.04515386722985,275596.9451012327,214893.21686746678,0.0,275.5969451012327,8.18522926950661,0.27559694510123267,1.5229487186294117,0.0,285.58072003447,275311.3643811982,60418.14751373141,3697.781651804214,254.91192107182763,214893.21686746678,540.4926411062977,60418.14751373141,126,275596.9451012327,60703.7282337659,0.28115427929488207,SECTOR_ROTATION
2021-08-18,2021-08-23,NIFTY_PHARMA,SELL,SUNPHARMA,SECTOR_ROTATION,2021-04-19,3,,0.8017504556725423,724.6538696289062,350.1671511859385,253749.9811238206,214893.21686746678,0.0,253.7499811238206,7.536374439377472,0.2537499811238206,1.4022223956902324,0.0,262.9423279400121,253487.03879588057,38593.82192841379,612.9595657944002,254.91192107182763,214893.21686746678,517.8542490118398,38593.82192841379,126,253749.9811238206,38856.76425635381,0.17959534735903804,SECTOR_ROTATION
2021-08-18,2021-08-23,NIFTY_PHARMA,SELL,CIPLA,SECTOR_ROTATION,2021-06-22,1,,0.5910977969566982,861.9773559570312,218.22621295033852,188106.05403944885,199357.25459517713,0.0,188.10605403944885,5.586749804971631,0.18810605403944883,1.0394740546219943,0.0,194.9203839530819,187911.13365549577,-11446.120939681365,912.451208974613,236.48275868941857,199357.25459517713,431.4031426425005,-11446.120939681365,62,188106.05403944885,-11251.200555728283,-0.05741512122508067,SECTOR_ROTATION
2021-08-23,2021-08-24,NIFTY_FMCG,SELL,GODREJIND,RANK_EXIT,2021-04-12,2,10.0,0.4209741825858752,544.5999755859375,253.94113857517613,138296.3378683061,132473.17027360908,0.0,138.2963378683061,4.107401234688691,0.13829633786830609,0.7642255630602595,0.0,143.30626100392334,138153.03160730217,5679.861333693087,521.0499877929688,157.1431188809822,132473.17027360908,300.4493798849055,5679.861333693087,134,138296.3378683061,5823.167594697006,0.04287555979797225,RANK_EXIT
2021-09-20,2021-09-21,NIFTY_FMCG,SELL,EMAMILTD,RANK_EXIT,2021-04-12,1,10.0,0.3646860457956791,531.20458984375,278.46149300225403,147920.0231775406,132473.17027360908,0.0,147.9200231775406,4.393224688372956,0.1479200231775406,0.8174060480790893,0.0,153.27857393717017,147766.74460360344,15293.574329994357,475.16813089002954,157.1431188809822,132473.17027360908,310.42169281815234,15293.574329994357,162,147920.0231775406,15446.852903931518,0.11544657909527736,RANK_EXIT
2021-10-21,2021-10-25,NIFTY_HEALTHCARE,SELL,LAURUSLABS,SECTOR_ROTATION,2021-08-23,1,,0.672207276026408,545.3654174804688,177.58869300184614,96850.73169876263,119451.58947209576,0.0,96.85073169876263,2.87646673145325,0.09685073169876263,0.5351971433673623,0.0,100.359246305282,96750.37245245735,-22701.21701963841,671.8327100345423,141.69658117312625,119451.58947209576,242.05582747840825,-22701.21701963841,63,96850.73169876263,-22600.857773333133,-0.19004533233893453,SECTOR_ROTATION
2021-10-21,2021-10-25,NIFTY_HEALTHCARE,SELL,APOLLOHOSP,SECTOR_ROTATION,2021-08-23,2,,0.7179844751954079,4112.765625,25.271164469666488,103934.37653456569,119451.58947209576,0.0,103.93437653456569,3.086850983076601,0.10393437653456568,0.57434136473001,0.0,107.69950325890686,103826.67703130678,-15624.912440788976,4721.186988994228,141.69658117312625,119451.58947209576,249.3960844320331,-15624.912440788976,63,103934.37653456569,-15517.212937530072,-0.1308053958079729,SECTOR_ROTATION
2021-10-21,2021-10-25,NIFTY_HEALTHCARE,SELL,LALPATHLAB,SECTOR_ROTATION,2021-08-23,3,,0.7037797197699547,1687.2796630859375,63.576745711775324,107271.75008466459,119451.58947209576,0.0,107.27175008466459,3.1859709775145384,0.10727175008466458,0.5927836909678565,0.0,111.15777650323166,107160.59230816136,-12290.9971639344,1876.6278700676676,141.69658117312625,119451.58947209576,252.8543576763579,-12290.9971639344,63,107271.75008466459,-12179.839387431173,-0.10289521653293374,SECTOR_ROTATION
2021-10-27,2021-10-28,NIFTY_CONSUMER_DURABLES,SELL,HAVELLS,RANK_EXIT,2021-08-23,3,10.0,0.41037892301877343,1226.4210205078125,99.15427333898711,121604.88509611116,119451.58947209576,0.0,121.60488509611116,3.6116650873545013,0.12160488509611116,0.6719885950411102,0.0,126.01014366360288,121478.87495244756,2027.2854803517985,1203.2753493440248,141.69658117312625,119451.58947209576,267.7067248367291,2027.2854803517985,66,121604.88509611116,2153.2956240154017,0.01697160740439857,RANK_EXIT
2021-10-27,2021-10-28,NIFTY_REALTY,SELL,DLF,RANK_EXIT,2021-10-25,3,6.0,0.5456090904772282,385.3360900878906,254.13163563927193,97926.09084487749,102579.21393064182,0.0,97.92609084487749,2.9084048980928614,0.09792609084487748,0.541139578008793,0.0,101.47356141182402,97824.61728346566,-4754.596647176164,403.16716784309153,121.68213062408952,102579.21393064182,223.15569203591355,-4754.596647176164,3,97926.09084487749,-4653.123085764339,-0.04635048822260374,RANK_EXIT
2021-10-28,2021-11-01,NIFTY_FMCG,SELL,TATACONSUM,SECTOR_ROTATION,2021-04-12,3,,0.7538439705967903,791.435302734375,205.4818368076379,162625.57972026835,132473.17027360908,0.0,162.62557972026835,4.82997971769197,0.16262557972026834,0.8986689535342028,0.0,168.5168539712148,162457.06286629714,29983.892592688062,643.9305254926056,157.1431188809822,132473.17027360908,325.65997285219703,29983.892592688062,203,162625.57972026835,30152.409446659265,0.22633936011918154,SECTOR_ROTATION
2021-10-28,2021-11-01,NIFTY_FMCG,SELL,GODREJCP,SECTOR_ROTATION,2021-08-24,2,,0.7162384502589703,930.5189819335938,139.7839829285212,130071.64948527039,138153.03160730217,0.0,130.0716494852704,3.8631279897125306,0.1300716494852704,0.7187759350556042,0.0,134.7836250595238,129936.86586021086,-8216.165747091305,987.1599592336112,163.8807180714036,138153.03160730217,298.6643431309274,-8216.165747091305,69,130071.64948527039,-8081.382122031777,-0.059471483553438245,SECTOR_ROTATION
2021-10-28,2021-11-01,NIFTY_FMCG,SELL,JUBLFOOD,SECTOR_ROTATION,2021-09-22,2,,0.6490922595063846,743.0916748046875,179.0839397437998,133075.78471484192,147766.74460360344,0.0,133.07578471484192,3.9523508060308052,0.1330757847148419,0.7353767863342164,0.0,137.89658809192179,132937.88812675,-14828.856476853427,824.1468222129012,175.2847543841541,147766.74460360344,313.1813424760759,-14828.856476853427,40,133075.78471484192,-14690.959888761514,-0.10035313775527142,SECTOR_ROTATION
2021-11-09,2021-11-10,NIFTY_REALTY,SELL,OBEROIRLTY,RANK_EXIT,2021-10-25,2,6.0,0.4268399657060703,959.553466796875,115.15408839533465,110496.50473557715,102579.21393064182,0.0,110.49650473557716,3.2817461906466416,0.11049650473557715,0.6106036851687994,0.0,114.49935111612818,110382.00538446102,7802.791453819198,889.7428934374569,121.68213062408952,102579.21393064182,236.1814817402177,7802.791453819198,16,110496.50473557715,7917.290804935328,0.07606600942657835,RANK_EXIT
2021-11-16,2021-11-17,NIFTY_METAL,SELL,SAIL,RANK_EXIT,2021-03-22,3,10.0,0.41426200730105245,102.87662506103516,1679.9650629412197,172829.1358958422,105895.72888727904,0.0,172.8291358958422,5.133025336106513,0.17282913589584217,0.9550538049604239,0.0,179.09004417280497,172650.0458516694,66754.31696439035,62.95970967110808,125.61626689504145,105895.72888727904,304.7063110678464,66754.31696439035,240,172829.1358958422,66933.40700856315,0.6303778033904195,RANK_EXIT
2021-11-17,2021-11-22,NIFTY_METAL,SELL,VEDL,SECTOR_ROTATION,2021-03-22,1,,0.6408807200690111,167.35183715820312,989.9375311541818,165667.86451050825,105895.72888727904,0.0,165.66786451050825,4.9203355759620955,0.16566786451050824,0.9154806192850686,0.0,171.66934857026592,165496.195161938,59600.46627465896,106.84523951432084,125.61626689504145,105895.72888727904,297.2856154653074,59600.46627465896,245,165667.86451050825,59772.13562322922,0.5628221921783155,SECTOR_ROTATION
2021-11-17,2021-11-22,NIFTY_METAL,SELL,TATASTEEL,SECTOR_ROTATION,2021-06-22,2,,0.4542192385997623,100.46903991699219,1246.3531594744327,125219.9053299061,119896.776591192,0.0,125.21990532990611,3.7190311882982114,0.1252199053299061,0.6919651968530611,0.0,129.7561216203873,125090.14920828571,5193.372617093715,96.08396384856273,142.22467370866332,119896.776591192,271.9807953290506,5193.372617093715,153,125219.9053299061,5323.128738714106,0.04331536480585615,SECTOR_ROTATION
2021-11-22,2021-11-23,NIFTY_MEDIA,SELL,SUNTV,RANK_EXIT,2021-11-22,2,7.0,0.16666666915019354,476.04791259765625,482.2764086755711,229586.67764509981,231618.19511094654,0.0,229.58667764509983,6.818724326059464,0.2295866776450998,1.2686959806668214,0.0,237.9036846294712,229348.77396047034,-2269.421150476206,479.69056628987704,274.75152511367764,231618.19511094654,512.6552097431488,-2269.421150476206,1,229586.67764509981,-2031.5174658467295,-0.009798112576557896,RANK_EXIT
2021-11-23,2021-11-24,NIFTY_MEDIA,SELL,SUNTV,RANK_EXIT,2021-11-23,2,8.0,0.16666666915019354,476.6697692871094,481.0256001945811,229290.3618659443,229348.77396047034,0.0,229.2903618659443,6.809923747418545,0.2292903618659443,1.267058539671208,0.0,237.5966345149,229052.7652314294,-296.00872904094285,476.22561957007235,272.0594787400329,229348.77396047034,509.65611325493285,-296.00872904094285,1,229290.3618659443,-58.41209452605108,-0.001290648839884192,RANK_EXIT
2021-11-23,2021-11-24,NIFTY_REALTY,SELL,OBEROIRLTY,RANK_EXIT,2021-11-23,2,7.0,0.4950119865437349,859.2861328125,119.96296116243796,103082.50897800745,104103.31133396334,0.0,103.08250897800745,3.0615505166468213,0.10308250897800744,0.5696339446124692,0.0,106.81677594824474,102975.6922020592,-1127.619131904139,866.7660440506899,123.490054590442,104103.31133396334,230.30683053868674,-1127.619131904139,1,103082.50897800745,-1020.8023559558933,-0.010831731646717151,RANK_EXIT
2021-11-23,2021-11-24,NIFTY_REALTY,SELL,DLF,RANK_EXIT,2021-11-23,3,6.0,0.3375347765783469,392.0895690917969,267.61486026958954,104928.99524566479,104103.31133396334,0.0,104.9289952456648,3.1163911587962443,0.10492899524566478,0.5798376277275435,0.0,108.73015302743426,104820.26509263736,716.9537586740189,388.5427781350626,123.490054590442,104103.31133396334,232.22020761787627,716.9537586740189,1,104928.99524566479,825.683911701446,0.006886944800190186,RANK_EXIT
2021-11-25,2021-11-29,NIFTY_CONSUMER_DURABLES,SELL,TITAN,SECTOR_ROTATION,2021-08-23,1,,0.8936985830465953,2294.093994140625,63.98921183185099,146797.26655324158,119451.58947209576,0.0,146.7972665532416,4.359878816631275,0.14679726655324157,0.8112016949732129,0.0,152.11514433139934,146645.1514089102,27193.56193681444,1864.531371388692,141.69658117312625,119451.58947209576,293.8117255045256,27193.56193681444,98,146797.26655324158,27345.677081145826,0.22765341220651514,SECTOR_ROTATION
2021-11-25,2021-11-29,NIFTY_CONSUMER_DURABLES,SELL,RELAXO,SECTOR_ROTATION,2021-08-23,2,,0.5191387049853802,1225.199951171875,98.60321726522533,120808.65697874385,119451.58947209576,0.0,120.80865697874385,3.5880171122686924,0.12080865697874385,0.6675886384645384,0.0,125.18507138645582,120683.4719073574,1231.8824352616357,1210.0,141.69658117312625,119451.58947209576,266.88165255958205,1231.8824352616357,98,120808.65697874385,1357.0675066480908,0.010312817440988569,SECTOR_ROTATION
2021-11-25,2021-11-29,NIFTY_CONSUMER_DURABLES,SELL,RAJESHEXPO,SECTOR_ROTATION,2021-11-23,2,,0.7495428125063579,707.3499755859375,170.46189327530467,120576.21604661945,121478.87495244756,0.0,120.57621604661945,3.581113616584598,0.12057621604661944,0.6663041698736191,0.0,124.94421004912428,120451.27183657032,-1027.6031158772385,711.7999877929688,144.10139991934204,121478.87495244756,269.04560996846635,-1027.6031158772385,6,120576.21604661945,-902.6589058281097,-0.008459109588226675,SECTOR_ROTATION
2021-12-16,2021-12-20,NIFTY_REALTY,SELL,GODREJPROP,SECTOR_ROTATION,2021-10-25,1,,0.4238049654910962,1806.1500244140625,43.267538766899385,78147.66620017172,102579.21393064182,0.0,78.14766620017173,2.3209856861451,0.07814766620017172,0.43184400342214896,0.0,80.97864355593913,78066.68755661578,-24512.52637402604,2368.0,121.68213062408952,102579.21393064182,202.66077418002865,-24512.52637402604,56,78147.66620017172,-24431.547730470105,-0.23896192449476172,SECTOR_ROTATION
2021-12-23,2021-12-27,NIFTY_PSU_BANK,SELL,CANBK,SECTOR_ROTATION,2021-11-01,1,,0.9002568324406942,33.109893798828125,3891.022627639466,128831.34596997987,141777.27228441933,0.0,128.83134596997988,3.8262909753084022,0.12883134596997986,0.7119220178301087,0.0,133.4983903090884,128697.84757967078,-13079.424704748555,36.393798224641856,168.1798865928576,141777.27228441933,301.678276901946,-13079.424704748555,56,128831.34596997987,-12945.926314439464,-0.09225332448567586,SECTOR_ROTATION
2021-12-23,2021-12-27,NIFTY_PSU_BANK,SELL,SBIN,SECTOR_ROTATION,2021-11-01,2,,0.6916587861875694,418.9999694824219,304.4381464310917,127559.5740639125,141777.27228441933,0.0,127.5595740639125,3.7885193496982015,0.1275595740639125,0.7048942062771805,0.0,132.1805471939518,127427.39351671854,-14349.878767700793,465.14897708418124,168.1798865928576,141777.27228441933,300.3604337868094,-14349.878767700793,56,127559.5740639125,-14217.698220506834,-0.10121423932401173,SECTOR_ROTATION
2021-12-23,2021-12-27,NIFTY_PSU_BANK,SELL,BANKBARODA,SECTOR_ROTATION,2021-11-01,3,,0.48499600030481815,68.5704345703125,1675.8456023618562,114913.4612266996,141777.27228441933,0.0,114.9134612266996,3.412929798432978,0.1149134612266996,0.6350117867387419,0.0,119.07631627309803,114794.3849104265,-26982.88737399284,84.50008294215735,168.1798865928576,141777.27228441933,287.25620286595563,-26982.88737399284,56,114913.4612266996,-26863.811057719737,-0.19031884969448754,SECTOR_ROTATION
2021-12-27,2021-12-28,NIFTY_MEDIA,SELL,SUNTV,RANK_EXIT,2021-12-22,2,7.0,0.2172463876195252,437.04351806640625,518.2068214764137,226478.93234406196,229052.7652314294,0.0,226.47893234406197,6.72642429061864,0.22647893234406194,1.2515225801332863,0.0,234.68335814715797,226244.2489859148,-2808.516245514591,441.48600019220896,271.7083454894175,229052.7652314294,506.39170363657547,-2808.516245514591,6,226478.93234406196,-2573.8328873674327,-0.012261437851129778,RANK_EXIT
2022-01-21,2022-01-24,NIFTY_PSU_BANK,SELL,SBIN,DUPLICATE_EXIT,2022-01-17,2,2.0,0.6570779283841451,452.0223388671875,235.28264773341613,106353.01272332334,109463.71180968801,0.0,106.35301272332333,3.1586844778827032,0.10635301272332333,0.5877067483090848,0.0,110.20575696223844,106242.8069663611,-3220.90484332692,464.6915705936892,129.84870100515897,109463.71180968801,240.0544579673974,-3220.90484332692,7,106353.01272332334,-3110.699086364679,-0.029424407322553955,DUPLICATE_EXIT
2022-01-21,2022-01-24,NIFTY_PSU_BANK,SELL,BANKBARODA,DUPLICATE_EXIT,2022-01-17,3,4.0,0.5887892283499241,79.51937866210938,1366.8153613770414,108688.30828252883,109463.71180968801,0.0,108.68830828252884,3.2280427559911065,0.10868830828252883,0.6006115915692544,0.0,112.62565093837172,108575.68263159046,-888.0291780975531,79.99168446463098,129.84870100515897,109463.71180968801,242.47435194353068,-888.0291780975531,7,108688.30828252883,-775.4035271591856,-0.008112543996694243,DUPLICATE_EXIT
2022-01-24,2022-01-25,NIFTY_MEDIA,SELL,SUNTV,RANK_EXIT,2022-01-24,2,8.0,0.16666666915019354,423.04998779296875,518.3201031088415,219275.3132930457,226244.2489859148,0.0,219.2753132930457,6.512476804803457,0.2192753132930457,1.2117153812573704,0.0,227.2187807923996,219048.0945122533,-7196.154473661503,435.97744100611277,268.3768104975658,226244.2489859148,495.59559128996545,-7196.154473661503,1,219275.3132930457,-6968.935692869098,-0.031807016116062736,RANK_EXIT
2022-02-11,2022-02-14,NIFTY_MEDIA,SELL,ZEEL,RANK_EXIT,2021-11-22,1,7.0,0.37316997225085896,239.65975952148438,766.5523218751005,183711.74512122208,231618.19511094654,0.0,183.7117451212221,5.456238830100296,0.18371174512122207,1.0151911035398733,0.0,190.3668867999835,183521.3782344221,-48096.81687652445,301.7973293981193,274.75152511367764,231618.19511094654,465.11841191366113,-48096.81687652445,84,183711.74512122208,-47906.44998972447,-0.2076556069072457,RANK_EXIT
2022-02-18,2022-02-21,NIFTY_METAL,SELL,APLAPOLLO,RANK_EXIT,2022-01-17,2,10.0,0.3590726650630435,817.9532470703125,116.43263045770296,95236.4481478159,109463.71180968801,0.0,95.2364481478159,2.8285225099901323,0.0952364481478159,0.5262766124648307,0.0,98.68648371841869,95137.76166409747,-14325.950145590541,939.0311176418976,129.84870100515897,109463.71180968801,228.53518472357766,-14325.950145590541,35,95236.4481478159,-14227.263661872115,-0.1308739664382789,RANK_EXIT
2022-02-22,2022-02-23,NIFTY_MEDIA,SELL,SUNTV,RANK_EXIT,2022-02-22,2,8.0,0.3750000024835269,414.2718811035156,484.93385319245056,200894.45957281257,201284.73637333768,0.0,200.89445957281256,5.966565449312533,0.20089445957281257,1.1101427835993622,0.0,208.17206226529728,200686.28751054726,-598.4488627904211,414.58431054484765,238.76918768919884,201284.73637333768,446.94124995449613,-598.4488627904211,1,200894.45957281257,-390.2768005251128,-0.0029731457713735123,RANK_EXIT
2022-02-24,2022-02-28,NIFTY_MEDIA,SELL,ZEEL,SECTOR_ROTATION,2022-02-22,1,,0.3836465999484062,220.34088134765625,853.7752250246834,188121.5855547323,201284.73637333768,0.0,188.1215855547323,5.58721109097555,0.1881215855547323,1.0395598817754508,0.0,194.93647811303805,187926.64907661927,-13358.087296718411,235.47880202290486,238.76918768919884,201284.73637333768,433.7056658022369,-13358.087296718411,6,188121.5855547323,-13163.150818605383,-0.06636413439686842,SECTOR_ROTATION
2022-02-24,2022-02-28,NIFTY_OIL_GAS,SELL,OIL,SECTOR_ROTATION,2021-12-13,1,,0.7864150901635488,123.02706146240234,1160.433258710442,142764.6938423854,129259.96505094599,0.0,142.7646938423854,4.240111407118847,0.14276469384238538,0.7889176981730217,0.0,147.93648764151968,142616.7573547439,13356.792303797905,111.25726753395207,153.3315313025235,129259.96505094599,301.2680189440432,13356.792303797905,77,142764.6938423854,13504.728791439411,0.10333278597540634,SECTOR_ROTATION
2022-02-24,2022-02-28,NIFTY_OIL_GAS,SELL,ONGC,SECTOR_ROTATION,2021-12-13,2,,0.8578286940852802,125.14278411865234,1124.432334559261,140714.59289978188,129259.96505094599,0.0,140.71459289978188,4.179223409123522,0.1407145928997819,0.7775888403641946,0.0,145.81211974216936,140568.78078003973,11308.815729093738,114.81938890546832,153.3315313025235,129259.96505094599,299.1436510446929,11308.815729093738,77,140714.59289978188,11454.627848835895,0.08748892764002007,SECTOR_ROTATION
2022-02-24,2022-02-28,NIFTY_OIL_GAS,SELL,HINDPETRO,SECTOR_ROTATION,2021-12-13,3,,0.4776147815088431,157.12823486328125,724.2571814679713,113801.2525111175,129259.96505094599,0.0,113.80125251111751,3.37989719958019,0.1138012525111175,0.6288657213764353,0.0,117.92381668458526,113683.32869443292,-15576.636356513074,178.26075712216175,153.3315313025235,129259.96505094599,271.25534798710873,-15576.636356513074,77,113801.2525111175,-15458.712539828484,-0.12050627083469938,SECTOR_ROTATION
2022-03-03,2022-03-07,NIFTY_PSU_BANK,SELL,CANBK,SECTOR_ROTATION,2022-01-17,1,,0.7493039468924205,33.99857711791992,2837.876380669182,96483.75897930465,109463.71180968801,0.0,96.48375897930465,2.865567641685348,0.09648375897930464,0.5331692521196375,0.0,99.97897963208894,96383.77999967257,-13079.931810015449,38.52664755006049,129.84870100515897,109463.71180968801,229.8276806372479,-13079.931810015449,49,96483.75897930465,-12979.952830383365,-0.11949103126299997,SECTOR_ROTATION
2022-03-03,2022-03-07,NIFTY_PSU_BANK,SELL,UCOBANK,SECTOR_ROTATION,2022-01-24,4,,0.4328133786718051,11.105401992797852,8578.669972986067,95269.57861355455,107409.24479897578,0.0,95.26957861355456,2.82950648482257,0.09526957861355455,0.5264596914185024,0.0,98.7208143684092,95170.85779918614,-12238.38699978964,12.505648719204915,127.41163882090984,107409.24479897578,226.13245318931905,-12238.38699978964,42,95269.57861355455,-12139.666185421229,-0.11394165393020565,SECTOR_ROTATION
2022-03-03,2022-03-07,NIFTY_PSU_BANK,SELL,UNIONBANK,SECTOR_ROTATION,2022-01-24,5,,0.5090546390662591,31.88045310974121,2932.910470907227,93502.51474282687,107409.24479897578,0.0,93.50251474282688,2.777024687861958,0.09350251474282686,0.5166948964688612,0.0,96.88973684190051,93405.62500598497,-14003.619792990808,36.578625302179695,127.41163882090984,107409.24479897578,224.30137566281036,-14003.619792990808,42,93502.51474282687,-13906.73005614891,-0.13037629879252574,SECTOR_ROTATION
2022-05-06,2022-05-09,NIFTY_METAL,SELL,NATIONALUM,RANK_EXIT,2022-01-17,1,11.0,0.40615497467418515,79.33927154541016,1187.9637714150747,94252.18024641016,109463.71180968801,0.0,94.25218024641016,2.799289753318382,0.09425218024641016,0.5208375480416626,0.0,97.66655972801662,94154.51368668214,-15309.198123005874,92.03467794177503,129.84870100515897,109463.71180968801,227.51526073317558,-15309.198123005874,112,94252.18024641016,-15211.531563277851,-0.13985637678377122,RANK_EXIT
2022-05-12,2022-05-16,NIFTY_METAL,SELL,VEDL,SECTOR_ROTATION,2022-01-17,3,,0.7781723265846571,170.73765563964844,618.0123587117272,105517.98128276976,109463.71180968801,0.0,105.51798128276977,3.133884044098262,0.10551798128276976,0.5830923645685857,0.0,109.34047567271939,105408.64080709704,-4055.0710025909793,176.9120982250159,129.84870100515897,109463.71180968801,239.18917667787838,-4055.0710025909793,119,105517.98128276976,-3945.7305269182543,-0.03704488853475996,SECTOR_ROTATION
2022-05-12,2022-05-16,NIFTY_METAL,SELL,COALINDIA,SECTOR_ROTATION,2022-02-22,3,,0.7589042807618778,126.8279800415039,806.5514716828352,102293.29395303622,95137.76166409747,0.0,102.29329395303623,3.038110830405176,0.10229329395303621,0.5652727423844781,0.0,105.99897081977892,102187.29498221644,7049.5333181189635,117.81629581477833,112.85488646775569,95137.76166409747,218.8538572875346,7049.5333181189635,83,102293.29395303622,7155.532288938746,0.07409816244162569,SECTOR_ROTATION
2022-05-12,2022-05-16,NIFTY_OIL_GAS,SELL,ONGC,SECTOR_ROTATION,2022-03-28,1,,0.3805442340672016,119.5730972290039,2606.8991348825593,311715.00372151844,356814.02207374224,0.0,311.7150037215184,9.257935610529097,0.31171500372151845,1.7225371105651108,0.0,323.00719144633416,311391.9965300721,-45422.02554367011,136.71060580548667,423.26207014844704,356814.02207374224,746.2692615947813,-45422.02554367011,49,311715.00372151844,-45099.01835222379,-0.12729888046351162,SECTOR_ROTATION
2022-05-12,2022-05-16,NIFTY_OIL_GAS,SELL,OIL,SECTOR_ROTATION,2022-03-28,2,,0.4286522728701433,122.88912200927734,2741.3093500387895,336877.09918208956,356814.02207374224,0.0,336.8770991820896,10.00524984570806,0.3368770991820895,1.8615828500802267,0.0,349.08080897706,336528.0183731125,-20286.00370062975,130.0074944108555,423.26207014844704,356814.02207374224,772.342879125507,-20286.00370062975,49,336877.09918208956,-19936.922891652677,-0.05685315723505191,SECTOR_ROTATION
2022-05-12,2022-05-16,NIFTY_OIL_GAS,SELL,RELIANCE,SECTOR_ROTATION,2022-03-28,3,,0.40050427118937176,1099.3223876953125,301.485473520186,331429.7306056628,356814.02207374224,0.0,331.4297306056628,9.843462998988185,0.3314297306056628,1.8314806913268926,0.0,343.4361040265835,331086.29450163624,-25727.727572106,1182.1158606493575,423.26207014844704,356814.02207374224,766.6981741750305,-25727.727572106,49,331429.7306056628,-25384.291468079435,-0.07210402613266383,SECTOR_ROTATION
2022-06-16,2022-06-20,NIFTY_FMCG,SELL,ITC,SECTOR_ROTATION,2022-05-23,1,,0.9689224138855934,218.1364288330078,1888.7481240444804,412004.7707441058,426918.9196269388,0.0,412.0047707441058,12.236541691099942,0.4120047707441058,2.276738363131929,0.0,426.9300555690818,411577.8406885367,-15341.07893840212,225.7646172489558,506.4223223533851,426918.9196269388,933.3523779224669,-15341.07893840212,28,412004.7707441058,-14914.148882833018,-0.03593440869710776,SECTOR_ROTATION
2022-06-16,2022-06-20,NIFTY_FMCG,SELL,COLPAL,SECTOR_ROTATION,2022-05-23,2,,0.6545466557145119,1359.1767578125,294.7255308995201,400584.0915325775,426918.9196269388,0.0,400.58409153257753,11.897347518517552,0.4005840915325775,2.2136276898090235,0.0,415.09565083243666,400168.99588174507,-26749.92374519375,1446.8122120372427,506.4223223533851,426918.9196269388,921.5179731858218,-26749.92374519375,28,400584.0915325775,-26334.82809436129,-0.06265808919541221,SECTOR_ROTATION
2022-06-16,2022-06-20,NIFTY_FMCG,SELL,MARICO,SECTOR_ROTATION,2022-05-23,3,,0.4426678145925204,464.7289733886719,833.4966434480668,387350.039432524,426918.9196269388,0.0,387.350039432524,11.504296171145963,0.387350039432524,2.1404963179041276,0.0,401.3821819610066,386948.657250563,-39970.262376375846,511.59473845098233,506.4223223533851,426918.9196269388,907.8045043143917,-39970.262376375846,28,387350.039432524,-39568.880194414814,-0.0936249497007621,SECTOR_ROTATION
2022-11-23,2022-11-24,NIFTY_AUTO,SELL,MARUTI,RANK_EXIT,2022-06-27,3,9.0,0.35655009405066573,8706.1494140625,49.00041986632412,426604.97670801426,399565.1646069482,0.0,426.60497670801425,12.670167808228024,0.4266049767080142,2.357419101288487,0.0,442.05916859423877,426162.91753942,26597.752932471805,8144.648374620875,473.9745869510417,399565.1646069482,916.0337555452804,26597.752932471805,150,426604.97670801426,27039.812101066054,0.06656674627438051,RANK_EXIT
2022-12-22,2022-12-27,NIFTY_AUTO,SELL,TVSMOTOR,SECTOR_ROTATION,2022-06-27,1,,0.5815106133619945,1026.9693603515625,500.37483114011695,513869.620271987,399565.1646069482,0.0,513.869620271987,15.261927722078013,0.513869620271987,2.839643521623,0.0,532.4850611359599,513337.13521085103,113771.97060390282,797.5844610542413,473.9745869510417,399565.1646069482,1006.4596480870016,113771.97060390282,183,513869.620271987,114304.45566503878,0.2847394635010792,SECTOR_ROTATION
2022-12-22,2022-12-27,NIFTY_AUTO,SELL,M&M,SECTOR_ROTATION,2022-06-27,2,,0.5178783026834329,1190.2247314453125,383.63718619410037,456614.46691030846,399565.1646069482,0.0,456.61446691030847,13.561449667236161,0.45661446691030844,2.523251544146364,0.0,473.1557825886013,456141.3111277199,56576.14652077167,1040.282861990542,473.9745869510417,399565.1646069482,947.130369539643,56576.14652077167,183,456614.46691030846,57049.30230336025,0.14159429182577904,SECTOR_ROTATION
2022-12-22,2022-12-27,NIFTY_AUTO,SELL,APOLLOTYRE,SECTOR_ROTATION,2022-12-22,1,,0.8056691537300746,310.92120361328125,1388.3323121614771,431661.9535124562,426162.91753942,0.0,431.6619535124562,12.82036001931995,0.4316619535124562,2.385363955109833,0.0,447.2993394403984,431214.6541730158,5051.736633595778,306.59618614198945,505.5255330211161,426162.91753942,952.8248724615145,5051.736633595778,5,431661.9535124562,5499.035973036196,0.011854003306443229,SECTOR_ROTATION
2023-01-25,2023-01-30,NIFTY_HEALTHCARE,SELL,ABBOTINDIA,SECTOR_ROTATION,2022-12-27,1,,0.886198269824187,20122.54296875,22.34027079636763,449543.0590334184,466897.7001705289,0.0,449.54305903341844,13.351428853292527,0.4495430590334184,2.4841749442186702,0.0,465.8282058899631,449077.23082752846,-17820.46934300044,20874.583760867867,553.8461912824858,466897.7001705289,1019.674397172449,-17820.46934300044,34,449543.0590334184,-17354.641137110477,-0.0381678242075121,SECTOR_ROTATION
2023-01-25,2023-01-30,NIFTY_HEALTHCARE,SELL,SUNPHARMA,SECTOR_ROTATION,2022-12-27,2,,0.8699857195218405,1014.8865966796875,483.1389583386365,490331.2531516681,466897.7001705289,0.0,490.33125315166814,14.562838218604544,0.4903312531516681,2.709570504916118,0.0,508.0939931283405,489823.1591585398,22925.458988010883,965.2375283145387,553.8461912824858,466897.7001705289,1061.9401844108263,22925.458988010883,34,490331.2531516681,23433.55298113922,0.04910167469156012,SECTOR_ROTATION
2023-01-25,2023-01-30,NIFTY_HEALTHCARE,SELL,CIPLA,SECTOR_ROTATION,2022-12-27,3,,0.6848926966389021,997.3407592773438,442.09340794037587,440917.77514676296,466897.7001705289,0.0,440.91777514676295,13.09525792185886,0.44091777514676295,2.436511625461012,0.0,456.8904624692296,440460.8846842937,-26436.815486235195,1054.8536702952629,553.8461912824858,466897.7001705289,1010.7366537517155,-26436.815486235195,34,440917.77514676296,-25979.925023765943,-0.05662228680196852,SECTOR_ROTATION
2023-02-02,2023-02-06,NIFTY_METAL,SELL,JINDALSTEL,SECTOR_ROTATION,2023-01-30,1,,0.640084093126158,552.86767578125,262.2163209467123,144970.92791371912,153262.36385226244,0.0,144.97092791371912,4.305636559037458,0.1449709279137191,0.8011093476512118,0.0,150.22264474832153,144820.7052689708,-8441.658583291632,583.7949350320895,181.8038008230139,153262.36385226244,332.02644557133544,-8441.658583291632,7,144970.92791371912,-8291.43593854332,-0.055079788482376435,SECTOR_ROTATION
2023-02-02,2023-02-06,NIFTY_METAL,SELL,HINDZINC,SECTOR_ROTATION,2023-01-30,2,,0.7842551295955976,273.1007995605469,568.1659360681845,155166.57142328774,153262.36385226244,0.0,155.16657142328773,4.608447171271646,0.15516657142328774,0.857450473685088,0.0,160.78763563966774,155005.78378764808,1743.4199353856384,269.42931691890186,181.8038008230139,153262.36385226244,342.5914364626816,1743.4199353856384,7,155166.57142328774,1904.2075710252975,0.011375395051757204,SECTOR_ROTATION
2023-02-02,2023-02-06,NIFTY_METAL,SELL,NMDC,SECTOR_ROTATION,2023-01-30,3,,0.5388750011722248,33.63467025756836,4385.503872347047,147504.97665968208,153262.36385226244,0.0,147.5049766596821,4.380897806792558,0.14750497665968207,0.8151125010214031,0.0,152.84849194415574,147352.12816773792,-5910.235684524523,34.90603691327111,181.8038008230139,153262.36385226244,334.6522927671696,-5910.235684524523,7,147504.97665968208,-5757.387192580354,-0.03856286394108933,SECTOR_ROTATION
2023-02-02,2023-02-06,NIFTY_PHARMA,SELL,SUNPHARMA,SECTOR_ROTATION,2023-01-30,1,,0.9029594932993253,987.5289916992188,152.24657123394198,150347.902980318,153262.36385226244,0.0,150.347902980318,4.4653327185154446,0.150347902980318,0.8308225118692373,0.0,155.79440611368298,150192.10857420432,-3070.2552780581173,1005.477882429391,181.8038008230139,153262.36385226244,337.5982069366969,-3070.2552780581173,7,150347.902980318,-2914.460871944437,-0.020032676000075897,SECTOR_ROTATION
2023-02-02,2023-02-06,NIFTY_PHARMA,SELL,LUPIN,SECTOR_ROTATION,2023-01-30,2,,0.8744818282624086,734.1430053710938,210.6217948776068,154626.51748810027,153262.36385226244,0.0,154.6265174881003,4.5924075693965785,0.15462651748810027,0.8544661356392421,0.0,160.22801771062421,154466.28947038966,1203.9256181272212,726.8030364112849,181.8038008230139,153262.36385226244,342.0318185336381,1203.9256181272212,7,154626.51748810027,1364.1536358378362,0.0078553246072059,SECTOR_ROTATION
2023-02-02,2023-02-06,NIFTY_PHARMA,SELL,CIPLA,SECTOR_ROTATION,2023-01-30,3,,0.7346869508425395,992.9055786132812,150.20694356830285,149141.31221541823,153262.36385226244,0.0,149.14131221541822,4.429496972797922,0.14914131221541824,0.8241548913024012,0.0,154.54410539173398,148986.7681100265,-4275.59574223595,1019.1310495698214,181.8038008230139,153262.36385226244,336.34790621474787,-4275.59574223595,7,149141.31221541823,-4121.051636844204,-0.02789723213689578,SECTOR_ROTATION
2023-03-08,2023-03-09,NIFTY_IT,SELL,INFY,RANK_EXIT,2023-01-30,3,5.0,0.6016949440042179,1328.95751953125,111.54171198922059,148234.1968894637,153262.36385226244,0.0,148.2341968894637,4.4025556476170715,0.14823419688946368,0.8191421720111762,0.0,153.6041289059814,148080.59276055772,-5181.7710917047225,1372.406405831687,181.8038008230139,153262.36385226244,335.4079297289953,-5181.7710917047225,38,148234.1968894637,-5028.166962798743,-0.03380980797542508,RANK_EXIT
2023-03-09,2023-03-10,NIFTY_AUTO,SELL,M&M,RANK_EXIT,2023-02-06,2,9.0,0.445691030472517,1182.9439697265625,223.4442937725131,264322.07988800487,300274.5944596591,0.0,264.32207988800485,7.850365772673745,0.2643220798880049,1.4606438134611148,0.0,273.8974115540277,264048.18247645086,-36226.411983208265,1342.2513319311533,356.1935310875036,300274.5944596591,630.0909426415312,-36226.411983208265,32,264322.07988800487,-35952.51457165426,-0.12064427910858493,RANK_EXIT
2023-03-16,2023-03-20,NIFTY_AUTO,SELL,APOLLOTYRE,SECTOR_ROTATION,2023-02-06,1,,0.7350208998347323,299.33978271484375,945.0395980878477,282887.9479485396,300274.5944596591,0.0,282.8879479485396,8.401772054071625,0.28288794794853955,1.5632388003636295,0.0,293.1358467509234,282594.81210178864,-17679.782357870485,317.3606709553902,356.1935310875036,300274.5944596591,649.329377838427,-17679.782357870485,42,282887.9479485396,-17386.646511119558,-0.058878715296194345,SECTOR_ROTATION
2023-03-16,2023-03-20,NIFTY_AUTO,SELL,TVSMOTOR,SECTOR_ROTATION,2023-02-06,3,,0.5802422886093458,1029.76318359375,292.97950995121806,301699.5128951031,300274.5944596591,0.0,301.6995128951031,8.960475532984562,0.30169951289510305,1.6671915082583397,0.0,312.6288794492411,301386.88401565386,1112.2895559947356,1023.6838780244699,356.1935310875036,300274.5944596591,668.8224105367447,1112.2895559947356,42,301699.5128951031,1424.9184354439494,0.003704241306182724,SECTOR_ROTATION
2023-03-23,2023-03-27,NIFTY_IT,SELL,HCLTECH,SECTOR_ROTATION,2023-01-30,1,,0.8962453156709671,919.8698120117188,156.8535400123739,144284.836364555,153262.36385226244,0.0,144.284836364555,4.2852596400272835,0.144284836364555,0.7973180057505309,0.0,149.51169884669736,144135.3246657083,-9127.039186554146,975.9458411927658,181.8038008230139,153262.36385226244,331.31549966971124,-9127.039186554146,56,144284.836364555,-8977.52748770744,-0.05955173179602119,SECTOR_ROTATION
2023-03-23,2023-03-27,NIFTY_IT,SELL,TCS,SECTOR_ROTATION,2023-01-30,2,,0.6498115261395773,2833.072021484375,49.32998645877281,139755.40445655232,153262.36385226244,0.0,139.75540445655233,4.150735512359604,0.13975540445655232,0.772288365026908,0.0,144.8181837383954,139610.58627281393,-13651.777579448506,3103.19485247326,181.8038008230139,153262.36385226244,326.62198456140925,-13651.777579448506,56,139755.40445655232,-13506.959395710117,-0.08907455970474372,SECTOR_ROTATION
2023-03-23,2023-03-27,NIFTY_IT,SELL,TECHM,SECTOR_ROTATION,2023-03-22,2,,0.7850817932436864,979.0565795898438,151.89512423603958,148713.92079091127,148080.59276055772,0.0,148.7139207909113,4.416803447490065,0.14871392079091128,0.8217931262905757,0.0,154.10123128548284,148559.8195596258,479.22679906807025,973.7306345758062,175.65704922798534,148080.59276055772,329.7582805134682,479.22679906807025,5,148713.92079091127,633.3280303535576,0.0032362566230604364,SECTOR_ROTATION
2023-04-17,2023-04-18,NIFTY_PHARMA,SELL,GLENMARK,DUPLICATE_EXIT,2023-04-11,1,1.0,0.8270934099952381,501.52587890625,877.6740730016566,440176.26085538405,426778.5363640138,0.0,440.17626085538404,13.073234947404906,0.440176260855384,2.432414017486852,0.0,456.12208608113116,439720.1387693029,12941.60240528913,485.6840297333612,506.2557960769386,426778.5363640138,962.3778821580697,12941.60240528913,7,440176.26085538405,13397.72449137026,0.030323929866638843,DUPLICATE_EXIT
2023-04-17,2023-04-18,NIFTY_PHARMA,SELL,DRREDDY,DUPLICATE_EXIT,2023-04-11,3,2.0,0.7444381465514501,963.010009765625,455.5736594396774,438721.99422596523,426778.5363640138,0.0,438.72199422596526,13.030043228511168,0.4387219942259652,2.424377740092684,0.0,454.615137188795,438267.3790887764,11488.842724762624,935.6824560318541,506.2557960769386,426778.5363640138,960.8709332657336,11488.842724762624,7,438721.99422596523,11943.457861951436,0.026919916879239218,DUPLICATE_EXIT
2023-05-18,2023-05-22,NIFTY_PHARMA,SELL,SUNPHARMA,SECTOR_ROTATION,2023-04-11,2,,0.32580274312446517,911.4281005859375,434.70420966087255,396201.6321279202,426778.5363640138,0.0,396.2016321279202,11.76718847419923,0.3962016321279202,2.1894102191388867,0.0,410.55443245338626,395791.0776954668,-30987.458668546984,980.6030654740755,506.2557960769386,426778.5363640138,916.8102285303248,-30987.458668546984,41,396201.6321279202,-30576.90423609357,-0.07260781887615064,SECTOR_ROTATION
2023-05-18,2023-05-22,NIFTY_PHARMA,SELL,AUROPHARMA,SECTOR_ROTATION,2023-04-24,2,,0.5259421623001497,597.8447875976562,749.2087141901685,447910.5246013344,438993.7589290397,0.0,447.91052460133443,13.302942580659632,0.4479105246013344,2.475153558946974,0.0,464.13653126554243,447446.38807006885,8452.629141029145,585.2481488984184,520.745810679359,438993.7589290397,984.8823419449014,8452.629141029145,28,447910.5246013344,8916.765672294714,0.019254554237057967,SECTOR_ROTATION
2023-05-18,2023-05-22,NIFTY_PHARMA,SELL,DRREDDY,SECTOR_ROTATION,2023-04-24,3,,0.3412052647521099,873.8623657226562,460.7931744254105,402669.8135122418,438993.7589290397,0.0,402.66981351224183,11.959293461313582,0.4026698135122418,2.225153389468648,0.0,417.2569301765363,402252.5565820653,-36741.2023469744,951.5614324476867,520.745810679359,438993.7589290397,938.0027408558954,-36741.2023469744,28,402669.8135122418,-36323.945416797884,-0.08369413368565307,SECTOR_ROTATION
2023-10-26,2023-10-30,NIFTY_BANK,SELL,IDFCFIRSTB,SECTOR_ROTATION,2023-05-22,1,,0.8256325498223305,82.9285659790039,6218.6560762771705,515704.2307222849,415163.34078253363,0.0,515.7042307222849,15.31641565245186,0.5157042307222849,2.849781578971346,0.0,534.3861321844304,515169.84459010046,100006.50380756683,66.68174894175773,492.47754908310174,415163.34078253363,1026.8636812675322,100006.50380756683,161,515704.2307222849,100540.88993975124,0.24088471689014362,SECTOR_ROTATION
2023-10-26,2023-10-30,NIFTY_BANK,SELL,BANKBARODA,SECTOR_ROTATION,2023-05-22,2,,0.3461333860953649,180.59945678710938,2575.645662265714,465160.2074812625,415163.34078253363,0.0,465.1602074812625,13.815258162193496,0.46516020748126247,2.5704753065414567,0.0,482.0111011574788,464678.19638010504,49514.85559757141,160.9968596645696,492.47754908310174,415163.34078253363,974.4886502405805,49514.85559757141,161,465160.2074812625,49996.866698728874,0.11926596289605385,SECTOR_ROTATION
2023-10-26,2023-10-30,NIFTY_BANK,SELL,AXISBANK,SECTOR_ROTATION,2023-05-22,3,,0.45141372829675674,987.5932006835938,450.45438097638163,444865.68387041165,415163.34078253363,0.0,444.86568387041166,13.212510810951226,0.44486568387041164,2.4583277690678944,0.0,460.98138813430126,444404.70248227735,29241.36169974372,920.5612837744666,492.47754908310174,415163.34078253363,953.458937217403,29241.36169974372,161,444865.68387041165,29702.34308787802,0.07043339049307008,SECTOR_ROTATION
2023-11-30,2023-12-01,NIFTY_REALTY,SELL,DLF,RANK_EXIT,2023-10-30,2,6.0,0.41971680397788685,621.131103515625,894.5733588758608,555647.3375742426,474750.91448416095,0.0,555.6473375742427,16.502725925955005,0.5556473375742426,3.0705071874352643,0.0,575.7762180252072,555071.5613562174,80320.64687205642,530.0713998478002,563.1618782848883,474750.91448416095,1138.9380963100955,80320.64687205642,32,555647.3375742426,80896.42309008166,0.1691848175992005,RANK_EXIT
2023-12-05,2023-12-06,NIFTY_REALTY,SELL,PHOENIXLTD,RANK_EXIT,2023-10-30,3,6.0,0.3735947671035926,1120.3922119140625,528.4778848757384,592102.5063835938,474750.91448416095,0.0,592.1025063835938,17.585444439592735,0.5921025063835937,3.271958450275739,0.0,613.5520117798459,591488.9543718139,116738.03988765297,897.2707584866534,563.1618782848883,474750.91448416095,1176.7138900647342,116738.03988765297,37,592102.5063835938,117351.59189943282,0.24589323859332488,RANK_EXIT
2024-03-06,2024-03-07,NIFTY_REALTY,SELL,BRIGADE,RANK_EXIT,2023-12-22,3,6.0,0.3448288328945637,683.265625,871.17492871295,595243.8821513843,573280.2578640156,0.0,595.2438821513842,17.678743299896112,0.5952438821513842,3.2893176927685492,0.0,616.8071870262004,594627.074964358,21346.817100342363,657.2735268711126,680.0399471649998,573280.2578640156,1296.8471341912002,21346.817100342363,76,595243.8821513843,21963.624287368613,0.03723626761521223,RANK_EXIT
2024-03-14,2024-03-18,NIFTY_REALTY,SELL,PRESTIGE,SECTOR_ROTATION,2023-10-30,1,,0.47985237557440996,1003.0325317382812,639.5542317991593,641493.7003054423,474750.91448416095,0.0,641.4937003054423,19.05236289907164,0.6414937003054423,3.5448941878878744,0.0,664.7324510927073,640828.9678543496,166078.0533701887,741.4347822731416,563.1618782848883,474750.91448416095,1227.8943293775956,166078.0533701887,140,641493.7003054423,166742.78582128137,0.34982145016116556,SECTOR_ROTATION
2024-03-14,2024-03-18,NIFTY_REALTY,SELL,DLF,SECTOR_ROTATION,2023-12-22,2,,0.6190447633465131,825.4603271484375,833.4551216498779,687984.137380649,573280.2578640156,0.0,687.984137380649,20.433128880205274,0.687984137380649,3.801800343165466,0.0,712.9070507414004,687271.2303299076,113990.97246589197,687.0198563101416,680.0399471649998,573280.2578640156,1392.9469979064002,113990.97246589197,87,687984.137380649,114703.87951663334,0.19883987090469646,SECTOR_ROTATION
2024-03-21,2024-03-22,NIFTY_PHARMA,SELL,LUPIN,DUPLICATE_EXIT,2024-03-18,1,1.0,0.9560819218556087,1591.33251953125,398.3708203436068,633940.4412451227,640909.0910495385,0.0,633.9404412451227,18.828031104980145,0.6339404412451227,3.503154878320548,0.0,656.9055676696685,633283.535677453,-7625.555372085422,1606.9169611116383,760.2630274393298,640909.0910495385,1417.1685951089983,-7625.555372085422,4,633940.4412451227,-6968.649804415763,-0.011898029655965689,DUPLICATE_EXIT
2024-03-21,2024-03-22,NIFTY_PHARMA,SELL,SUNPHARMA,DUPLICATE_EXIT,2024-03-18,2,2.0,0.8894231046239536,1578.720703125,421.3700552993916,665225.6299780756,640909.0910495385,0.0,665.2256299780756,19.757201210348846,0.6652256299780755,3.6760368312588456,0.0,689.3240936496614,664536.305884426,23627.214834887534,1519.2081638721597,760.2630274393298,640909.0910495385,1449.5871210889914,23627.214834887534,4,665225.6299780756,24316.538928537164,0.03686515789032752,DUPLICATE_EXIT
2024-03-27,2024-03-28,NIFTY_PHARMA,SELL,DRREDDY,RANK_EXIT,2024-03-22,5,6.0,0.4513351122538249,1216.61376953125,535.2530989045664,651196.2903115675,648909.9207809395,0.0,651.1962903115675,19.340529822253554,0.6511962903115674,3.5985107002617216,0.0,674.7865271243943,650521.5037844431,1611.5830035036197,1210.9040905839054,769.7538196882907,648909.9207809395,1444.5403468126851,1611.5830035036197,6,651196.2903115675,2286.3695306279697,0.0024835234473902603,RANK_EXIT
2024-04-29,2024-04-30,NIFTY_PHARMA,SELL,CIPLA,RANK_EXIT,2024-03-18,3,6.0,0.4010545462369919,1360.7900390625,442.30632975868684,601886.0477499145,640909.0910495385,0.0,601.8860477499145,17.87601561817246,0.6018860477499144,3.326022299866027,0.0,623.6899717157029,601262.3577781988,-39646.733271339675,1447.2974609505386,760.2630274393298,640909.0910495385,1383.9529991550326,-39646.733271339675,43,601886.0477499145,-39023.043299624,-0.061860151189952806,RANK_EXIT
2024-05-28,2024-05-29,NIFTY_PHARMA,SELL,SUNPHARMA,RANK_EXIT,2024-04-23,2,6.0,0.5180613013605277,1451.2081298828125,423.92486705581547,615203.2135308898,650521.5037844431,0.0,615.2032135308898,18.271535441867428,0.6152032135308898,3.399612957971697,0.0,637.4895651442598,614565.7239657455,-35955.7798186976,1532.7004588705727,771.6655213482047,650521.5037844431,1409.1550864924645,-35955.7798186976,36,615203.2135308898,-35318.29025355331,-0.055272238672392775,RANK_EXIT
2024-05-30,2024-05-31,NIFTY_PHARMA,SELL,BIOCON,RANK_EXIT,2024-05-22,5,6.0,0.513374408086141,308.0409240722656,1941.7271582070898,598131.4281103263,601262.3577781988,0.0,598.1314281103263,17.764503414876692,0.5981314281103263,3.3052742717376637,0.0,619.799337225051,597511.6287731013,-3750.729005097528,309.28605092545706,713.2330416178016,601262.3577781988,1333.0323788428527,-3750.729005097528,9,598131.4281103263,-3130.929667872493,-0.006238090505045626,RANK_EXIT
2024-06-21,2024-06-24,NIFTY_PHARMA,SELL,GLENMARK,DUPLICATE_EXIT,2024-03-22,4,1.0,0.9259168927868208,1215.124755859375,689.4782110130612,837802.0428276047,648909.9207809395,0.0,837.8020428276047,24.88272067197986,0.8378020428276046,4.629694088665343,0.0,868.1522596310776,836933.8905679736,188023.9697870341,940.0444518891012,769.7538196882907,648909.9207809395,1637.9060793193685,188023.9697870341,94,837802.0428276047,188892.12204666517,0.28975357559760234,DUPLICATE_EXIT
2024-06-26,2024-06-27,NIFTY_PHARMA,SELL,AUROPHARMA,RANK_EXIT,2024-06-24,3,6.0,0.5272363622983297,1183.8062744140625,554.4794095093149,656396.2040105314,683003.74776894,0.0,656.3962040105314,19.494967259112784,0.6563962040105314,3.6272454233621962,0.0,680.1748128970169,655716.0291976344,-27287.718571305624,1230.3316214554197,810.1968037009588,683003.74776894,1490.3716165979756,-27287.718571305624,3,656396.2040105314,-26607.543758408632,-0.03995251660103196,RANK_EXIT
2024-07-04,2024-07-05,NIFTY_PHARMA,SELL,DIVISLAB,RANK_EXIT,2024-06-24,4,6.0,0.40896624637146795,4580.60107421875,152.79571625896747,699896.2220318498,683003.74776894,0.0,699.8962220318498,20.78691779434594,0.6998962220318498,3.867626522948002,0.0,725.2506625711757,699170.9713692786,16167.223600338562,4464.742648995578,810.1968037009588,683003.74776894,1535.4474662721345,16167.223600338562,11,699896.2220318498,16892.47426290973,0.023670768503320026,RANK_EXIT
2024-07-19,2024-07-22,NIFTY_PHARMA,SELL,BIOCON,RANK_EXIT,2024-06-24,2,6.0,0.2594131976366043,334.5018005371094,1982.8349344527562,663261.8557423282,683003.74776894,0.0,663.2618557423282,19.69887711554715,0.6632618557423282,3.6651850148321055,0.0,687.2891797284498,662574.5665625997,-20429.18120634032,344.04959238501516,810.1968037009588,683003.74776894,1497.4859834294084,-20429.18120634032,28,663261.8557423282,-19741.892026611837,-0.029910789323006035,RANK_EXIT
2024-08-21,2024-08-22,NIFTY_PHARMA,SELL,LUPIN,DUPLICATE_EXIT,2024-07-23,2,2.0,0.39603902647892636,2096.162841796875,371.96866697717337,779706.8980302671,672487.1890431709,0.0,779.7068980302671,23.157294871498934,0.779706898030267,4.308660318515256,0.0,807.9525601183116,778898.9454701488,106411.75642697793,1805.7689447699652,797.7217883099245,672487.1890431709,1605.674348428236,106411.75642697793,30,779706.8980302671,107219.70898709621,0.1582361094170178,DUPLICATE_EXIT
2024-09-04,2024-09-05,NIFTY_PHARMA,SELL,DIVISLAB,RANK_EXIT,2024-08-22,5,6.0,0.31731362765034044,5097.68798828125,158.6032250388858,808509.7551833962,778898.9454701488,0.0,808.5097551833961,24.012739728946865,0.8085097551833961,4.467824907143447,0.0,837.7988295746699,807671.9563538214,28773.01088367263,4905.165043768299,923.9501804892728,778898.9454701488,1761.7490100639427,28773.01088367263,14,808509.7551833962,29610.80971324735,0.036940621182000755,RANK_EXIT
2024-10-21,2024-10-22,NIFTY_PHARMA,SELL,SUNPHARMA,DUPLICATE_EXIT,2024-07-23,4,3.0,0.4791762555638949,1858.0172119140625,429.972147270883,798895.6502729487,672487.1890431709,0.0,798.8956502729487,23.727200813106574,0.7988956502729486,4.414697363408314,0.0,827.8364440997366,798067.8138288489,125580.624785678,1562.1697161506968,797.7217883099245,672487.1890431709,1625.558232409661,125580.624785678,91,798895.6502729487,126408.46122977778,0.18674054588959052,DUPLICATE_EXIT
2024-10-21,2024-10-22,NIFTY_PHARMA,SELL,DIVISLAB,DUPLICATE_EXIT,2024-09-24,4,2.0,0.6834067854409417,5791.57861328125,150.76970454911103,873194.5963973642,807671.9563538214,0.0,873.1945963973642,25.933879513001717,0.8731945963973641,4.825273339691835,0.0,904.8269438464552,872289.7694535177,64617.8130996963,5350.636437819299,958.0814740977683,807671.9563538214,1862.9084179442234,64617.8130996963,28,873194.5963973642,65522.64004354272,0.08000502257303684,DUPLICATE_EXIT
2024-10-22,2024-10-23,NIFTY_PHARMA,SELL,DRREDDY,RANK_EXIT,2024-10-22,6,6.0,0.16880673822015524,1313.2510986328125,623.9621268480728,819418.9485884979,835178.7916411833,0.0,819.418948588498,24.336742773078388,0.819418948588498,4.52810910990004,0.0,849.1032194200649,818569.8453690779,-16608.946272105444,1336.9210164369554,990.7107972933543,835178.7916411833,1839.8140167134193,-16608.946272105444,1,819418.9485884979,-15759.843052685377,-0.019886695445735316,RANK_EXIT
2024-11-12,2024-11-13,NIFTY_PHARMA,SELL,AUROPHARMA,RANK_EXIT,2024-07-23,3,6.0,0.23254452583690485,1244.77734375,501.43975187133236,624180.8423850562,672487.1890431709,0.0,624.1808423850562,18.53817101883617,0.6241808423850562,3.4492233350198203,0.0,646.7924175812972,623534.0499674749,-48953.139075696,1339.5217765407917,797.7217883099245,672487.1890431709,1444.5142058912215,-48953.139075696,113,624180.8423850562,-48306.34665811469,-0.07279415857028826,RANK_EXIT
2024-11-13,2024-11-18,NIFTY_PHARMA,SELL,LUPIN,SECTOR_ROTATION,2024-10-22,4,,0.40677245085438096,2023.166748046875,389.6735691689567,788374.6077353772,835178.7916411833,0.0,788.3746077353771,23.4147258497407,0.7883746077353772,4.356558082345694,0.0,816.9342662751989,787557.673469102,-47621.118172081304,2140.7355972922,990.7107972933543,835178.7916411833,1807.6450635685533,-47621.118172081304,27,788374.6077353772,-46804.18390580616,-0.05701907022627162,SECTOR_ROTATION
2025-01-09,2025-01-13,NIFTY_PSU_BANK,SELL,SBIN,SECTOR_ROTATION,2024-12-09,1,,0.8603599046667417,702.4780883789062,448.7160212111133,315213.17280537164,371610.2614676091,0.0,315.21317280537164,9.361831232319538,0.31521317280537164,1.7418679929224838,0.0,326.6320852034191,314886.5407201682,-56723.72074744088,827.1811795615839,440.8137540196761,371610.2614676091,767.4458392230952,-56723.72074744088,35,315213.17280537164,-56397.08866223745,-0.15264304199625855,SECTOR_ROTATION
2025-01-09,2025-01-13,NIFTY_PSU_BANK,SELL,INDIANB,SECTOR_ROTATION,2024-12-09,2,,0.7795758110781511,454.2608642578125,654.0523247790305,297110.3743239539,371610.2614676091,0.0,297.11037432395386,8.82417811742143,0.2971103743239539,1.641831928514169,0.0,307.8734947442134,296802.5008292097,-74807.7606383994,567.4919783199117,440.8137540196761,371610.2614676091,748.6872487638896,-74807.7606383994,35,297110.3743239539,-74499.88714365521,-0.2013070369557594,SECTOR_ROTATION
2025-01-09,2025-01-13,NIFTY_PSU_BANK,SELL,BANKBARODA,SECTOR_ROTATION,2024-12-09,3,,0.6327296731372675,203.84457397460938,1507.147647983603,307223.8702200521,371610.2614676091,0.0,307.2238702200521,9.124548945535548,0.30722387022005204,1.697719106836008,0.0,318.35336214264373,306905.51685790945,-64704.74460969964,246.2727843620186,440.8137540196761,371610.2614676091,759.1671161623199,-64704.74460969964,35,307223.8702200521,-64386.39124755701,-0.17411990819133918,SECTOR_ROTATION
2025-01-16,2025-01-20,NIFTY_CONSUMER_DURABLES,SELL,DIXON,SECTOR_ROTATION,2024-12-09,1,,0.8143352965513866,17551.638671875,21.315284061866457,374118.16404225613,371610.2614676091,0.0,374.1181640422561,11.111309472055007,0.3741181640422561,2.0673769744975075,0.0,387.6709686528509,373730.49307360325,2120.231605994166,17413.300551674103,440.8137540196761,371610.2614676091,828.4847226725269,2120.231605994166,42,374118.16404225613,2507.9025746470434,0.005705524916402162,SECTOR_ROTATION
2025-01-16,2025-01-20,NIFTY_CONSUMER_DURABLES,SELL,KALYANKJIL,SECTOR_ROTATION,2024-12-09,2,,0.34068928953881067,529.3510131835938,508.650107841276,269254.44994172367,371610.2614676091,0.0,269.2544499417237,7.996857163269193,0.26925444994172365,1.4879000903779651,0.0,279.0084616453126,268975.4414800783,-102634.81998753076,729.7146741771903,440.8137540196761,371610.2614676091,719.8222156649887,-102634.81998753076,42,269254.44994172367,-102355.81152588542,-0.2761894130215691,SECTOR_ROTATION
2025-01-16,2025-01-20,NIFTY_CONSUMER_DURABLES,SELL,BLUESTARCO,SECTOR_ROTATION,2024-12-09,3,,0.5192909079293411,1922.1168212890625,179.08879703743338,344229.58929007355,371610.2614676091,0.0,344.22958929007353,10.223618801915185,0.3442295892900735,1.9022127104169464,0.0,356.69965039169574,343872.88963968185,-27737.371827927243,2072.5442007185243,440.8137540196761,371610.2614676091,797.5134044113718,-27737.371827927243,42,344229.58929007355,-27380.67217753554,-0.07464102772184868,SECTOR_ROTATION
2025-01-21,2025-01-22,NIFTY_PHARMA,SELL,DIVISLAB,DUPLICATE_EXIT,2025-01-13,1,1.0,0.8633722302814325,5786.1533203125,52.75198249378216,305231.0586594645,306198.18613576243,0.0,305.2310586594645,9.065362442186096,0.30523105865946454,1.6867068301522008,0.0,316.28835899046226,304914.7703004741,-1283.4158352883533,5797.6013682948105,363.220249547081,306198.18613576243,679.5086085375433,-1283.4158352883533,9,305231.0586594645,-967.127476297901,-0.00419145472899474,DUPLICATE_EXIT
2025-01-30,2025-02-03,NIFTY_PHARMA,SELL,LUPIN,SECTOR_ROTATION,2025-01-13,2,,0.643449438114961,2019.6884765625,142.53687968407777,287880.0933831074,306198.18613576243,0.0,287.8800933831074,8.55003877347829,0.2878800933831074,1.5908253960350514,0.0,298.3088376460038,287581.7845454614,-18616.401590301015,2145.6549811113828,363.220249547081,306198.18613576243,661.5290871930847,-18616.401590301015,21,287880.0933831074,-18318.092752655037,-0.0607985364813587,SECTOR_ROTATION
2025-01-30,2025-02-03,NIFTY_PHARMA,SELL,GLENMARK,SECTOR_ROTATION,2025-01-13,3,,0.5038761006047329,1410.989013671875,201.03943597375428,283664.4354737576,306198.18613576243,0.0,283.66443547375764,8.424833733570601,0.2836644354737576,1.5675296704279846,0.0,293.94046331323,283370.49501044437,-22827.69112531806,1521.2685232868546,363.220249547081,306198.18613576243,657.1607128603109,-22827.69112531806,21,283664.4354737576,-22533.750662004808,-0.07455201290838705,SECTOR_ROTATION
2025-01-30,2025-02-03,NIFTY_PHARMA,SELL,SUNPHARMA,SECTOR_ROTATION,2025-01-22,5,,0.5341807069877784,1713.3663330078125,174.1102362272649,298314.61698383285,304914.7703004741,0.0,298.3146169838329,8.859944124419835,0.2983146169838328,1.6484865734526601,0.0,309.1213622986892,298005.4956215342,-6909.274678939895,1749.1968253642974,361.69782831445013,304914.7703004741,670.8191906131393,-6909.274678939895,12,298314.61698383285,-6600.153316641226,-0.022659691664432147,SECTOR_ROTATION
2025-03-12,2025-03-17,NIFTY_FINANCIAL_SERVICES_EX_BANK,SELL,BSE,SECTOR_ROTATION,2025-02-24,1,,0.5666913262878855,1316.6307373046875,329.05854579355093,433248.5957645712,618512.1997902679,0.0,433.24859576457123,12.867483294207766,0.4332485957645712,2.3941317401950206,0.0,448.94345939473857,432799.6523051765,-185712.54748509137,1877.4121275219804,733.6952527084103,618512.1997902679,1182.638712103149,-185712.54748509137,21,433248.5957645712,-185263.60402569664,-0.30025688668398925,SECTOR_ROTATION
2025-03-12,2025-03-17,NIFTY_FINANCIAL_SERVICES_EX_BANK,SELL,BAJFINANCE,SECTOR_ROTATION,2025-02-24,2,,0.7041384900609653,847.5628051757812,750.9744974454555,636498.0516703429,618512.1997902679,0.0,636.4980516703429,18.903992134609183,0.6364980516703429,3.517288233530315,0.0,659.5558300901527,635838.4958402527,17326.29604998487,822.6357974059295,733.6952527084103,618512.1997902679,1393.251082798563,17326.29604998487,21,636498.0516703429,17985.85188007506,0.028012860628876955,SECTOR_ROTATION
2025-03-12,2025-03-17,NIFTY_FINANCIAL_SERVICES_EX_BANK,SELL,PAYTM,SECTOR_ROTATION,2025-02-24,3,,0.5452738453944524,688.9000244140625,820.4229807935717,565189.4114985495,618512.1997902679,0.0,565.1894114985495,16.78612552150692,0.5651894114985495,3.123236687940985,0.0,585.663963119496,564603.74753543,-53908.452254837845,753.0,733.6952527084103,618512.1997902679,1319.3592158279062,-53908.452254837845,21,565189.4114985495,-53322.788291718345,-0.08715826829788925,SECTOR_ROTATION
2025-05-16,2025-05-19,NIFTY_PHARMA,SELL,LUPIN,RANK_EXIT,2025-03-24,2,6.0,0.47679023196299875,2017.0548095703125,51.39973627743509,103676.08526904612,108882.79304539062,0.0,103.67608526904613,3.07917973249067,0.10367608526904612,0.5729140471967489,0.0,107.43185513400259,103568.65341391212,-5314.139631478494,2115.840300392189,129.15960006306153,108882.79304539062,236.59145519706414,-5314.139631478494,56,103676.08526904612,-5206.707776344498,-0.048806055418353915,RANK_EXIT
2025-06-17,2025-06-18,NIFTY_PHARMA,SELL,SUNPHARMA,RANK_EXIT,2025-03-24,3,6.0,0.2607977838003232,1631.99169921875,61.19833095232273,99875.16812023259,108882.79304539062,0.0,99.87516812023259,2.966292493170908,0.09987516812023257,0.5519101790324052,0.0,103.49324596055614,99771.67487427202,-9111.118171118593,1777.068618587872,129.15960006306153,108882.79304539062,232.65284602361766,-9111.118171118593,86,99875.16812023259,-9007.62492515803,-0.08367821871836431,RANK_EXIT
2025-07-28,2025-07-29,NIFTY_BANK,SELL,KOTAKBANK,RANK_EXIT,2025-03-24,1,11.0,0.45963493175804615,394.5400085449219,259.23576424553346,102278.88064058212,108882.79304539062,0.0,102.27888064058213,3.037682755025289,0.10227888064058212,0.5651930944198569,0.0,105.98403537066785,102172.89660521146,-6709.89644017916,419.51631852124484,129.15960006306153,108882.79304539062,235.1436354337294,-6709.89644017916,127,102278.88064058212,-6603.912404808492,-0.06162494782239803,RANK_EXIT
2025-08-07,2025-08-11,NIFTY_BANK,SELL,ICICIBANK,SECTOR_ROTATION,2025-03-24,2,,0.48830710041026276,1425.5999755859375,80.8236175725621,115222.14723821168,108882.79304539062,0.0,115.22214723821168,3.4220977729748867,0.11522214723821167,0.6367175856383577,0.0,119.39618474406313,115102.75105346761,6219.958008076996,1345.5675050388625,129.15960006306153,108882.79304539062,248.55578480712467,6219.958008076996,140,115222.14723821168,6339.354192821062,0.057125261339356394,SECTOR_ROTATION
2025-08-07,2025-08-11,NIFTY_BANK,SELL,HDFCBANK,SECTOR_ROTATION,2025-03-24,3,,0.5493156922360262,981.5654296875,125.96592683687237,123643.79910161882,108882.79304539062,0.0,123.64379910161882,3.672220833318079,0.12364379910161881,0.6832556338355456,0.0,128.12291936787406,123515.67618225094,14632.883136860328,863.3575457763671,129.15960006306153,108882.79304539062,257.2825194309356,14632.883136860328,140,123643.79910161882,14761.006056228201,0.13439114416141246,SECTOR_ROTATION
2025-08-28,2025-09-01,NIFTY_FINANCIAL_SERVICES,SELL,BAJFINANCE,SECTOR_ROTATION,2025-03-24,1,,0.6413671498497328,883.9163818359375,121.03997365845936,106989.21557370258,108882.79304539062,0.0,106.98921557370258,3.1775797025389667,0.10698921557370257,0.5912224052602805,0.0,110.86500689707553,106878.3505668055,-2004.4424785851152,898.4935319979464,129.15960006306153,108882.79304539062,240.02460696013708,-2004.4424785851152,161,106989.21557370258,-1893.5774716880405,-0.018409175798323903,SECTOR_ROTATION
2025-08-28,2025-09-01,NIFTY_FINANCIAL_SERVICES,SELL,BAJAJHLDNG,SECTOR_ROTATION,2025-03-24,2,,0.6143442168831825,12329.0576171875,8.941406873909933,110239.12052715194,108882.79304539062,0.0,110.23912052715194,3.2741018796564125,0.11023912052715194,0.6091813800330416,0.0,114.23264290736854,110124.88788424457,1242.0948388539546,12162.921895731977,129.15960006306153,108882.79304539062,243.39224297043006,1242.0948388539546,161,110239.12052715194,1356.3274817613274,0.011407632042798122,SECTOR_ROTATION
2025-08-28,2025-09-01,NIFTY_FINANCIAL_SERVICES,SELL,BAJAJFINSV,SECTOR_ROTATION,2025-03-24,5,,0.5967370544870695,1941.843017578125,58.69483634131166,113976.15811726682,108882.79304539062,0.0,113.97615811726682,3.3850918960828245,0.11397615811726682,0.6298322497560164,0.0,118.10505842122294,113858.0530588456,4975.260013454987,1852.8654345830862,129.15960006306153,108882.79304539062,247.26465848428447,4975.260013454987,161,113976.15811726682,5093.365071876207,0.045693721425578426,SECTOR_ROTATION
2025-08-28,2025-09-01,NIFTY_FINANCIAL_SERVICES_EX_BANK,SELL,ABCAPITAL,SECTOR_ROTATION,2025-08-11,1,,0.8733195314804714,280.04998779296875,417.29444152617987,116863.30325548038,113597.10794697667,0.0,116.86330325548037,3.4708401066877674,0.11686330325548037,0.6457866137897845,0.0,121.09679327921341,116742.20646220117,3145.0985152244975,271.8999938964844,134.75184297151037,113597.10794697667,255.84863625072379,3145.0985152244975,21,116863.30325548038,3266.1953085037094,0.02768643121348234,SECTOR_ROTATION
2025-08-28,2025-09-01,NIFTY_FINANCIAL_SERVICES_EX_BANK,SELL,HDFCAMC,SECTOR_ROTATION,2025-08-11,2,,0.7178408155838649,2730.038330078125,41.642818274964654,113686.49006313134,113597.10794697667,0.0,113.68649006313134,3.376488754875001,0.11368649006313133,0.6282315440888638,0.0,117.80489685215834,113568.68516627917,-28.42278069749591,2724.6560344408263,134.75184297151037,113597.10794697667,252.5567398236687,-28.42278069749591,21,113686.49006313134,89.38211615466571,-0.0002502069041296607,SECTOR_ROTATION
2025-08-28,2025-09-01,NIFTY_FINANCIAL_SERVICES_EX_BANK,SELL,PAYTM,SECTOR_ROTATION,2025-08-11,3,,0.8505643407503765,1235.800048828125,106.73787027658058,131906.66529960834,113597.10794697667,0.0,131.90666529960833,3.917627959398368,0.13190666529960834,0.7289162324456357,0.0,136.68511615675195,131769.98018345158,18172.872236474912,1063.0,134.75184297151037,113597.10794697667,271.4369591282623,18172.872236474912,21,131906.66529960834,18309.557352631673,0.15997653958723493,SECTOR_ROTATION
2025-09-17,2025-09-18,NIFTY_HEALTHCARE,SELL,DIVISLAB,RANK_EXIT,2025-03-24,2,15.0,0.30146426831682527,6112.0,18.84933105502625,115207.11140832044,108882.79304539062,0.0,115.20711140832044,3.421651208827117,0.11520711140832043,0.6366344976423788,0.0,119.38060422619826,115087.73080409424,6204.937758703629,5769.628276348191,129.15960006306153,108882.79304539062,248.5402042892598,6204.937758703629,178,115207.11140832044,6324.318362929829,0.05698731255100096,RANK_EXIT
2025-09-23,2025-09-24,NIFTY_HEALTHCARE,SELL,MAXHEALTH,RANK_EXIT,2025-03-24,3,15.0,0.2933706374218067,1131.189697265625,92.85542274569113,105037.09754516998,108882.79304539062,0.0,105.03709754516998,3.119601797091548,0.10503709754516997,0.5804350010346092,0.0,108.84217144084131,104928.25537372913,-3954.5376716614846,1171.2146714702687,129.15960006306153,108882.79304539062,238.00177150390283,-3954.5376716614846,184,105037.09754516998,-3845.6955002206378,-0.036319215929857096,RANK_EXIT
2025-09-25,2025-09-29,NIFTY_MIDSMALL_HEALTHCARE,SELL,NH,SECTOR_ROTATION,2025-03-24,1,,0.4205284514076387,1772.800048828125,65.47133143839143,116067.57957082268,108882.79304539062,0.0,116.06757957082269,3.4472071132534334,0.11606757957082267,0.641389444708366,0.0,120.2722437083553,115947.30732711432,7064.5142817237065,1661.087854119246,129.15960006306153,108882.79304539062,249.43184377141682,7064.5142817237065,189,116067.57957082268,7184.786525432064,0.06488182461280802,SECTOR_ROTATION
2025-09-25,2025-09-29,NIFTY_MIDSMALL_HEALTHCARE,SELL,KIMS,SECTOR_ROTATION,2025-03-24,2,,0.6144390379389127,701.0,177.97829247674352,124762.78302619721,108882.79304539062,0.0,124.76278302619721,3.7054546558780572,0.12476278302619721,0.6894391390027658,0.0,129.2824396041042,124633.5005865931,15750.707541202486,611.0499877929688,129.15960006306153,108882.79304539062,258.4420396671658,15750.707541202486,189,124762.78302619721,15879.989980806597,0.1446574532179423,SECTOR_ROTATION
2025-09-25,2025-09-29,NIFTY_MIDSMALL_HEALTHCARE,SELL,ABBOTINDIA,SECTOR_ROTATION,2025-03-24,5,,0.42130807414650917,29665.0,3.639211878545998,107957.22037706703,108882.79304539062,0.0,107.95722037706703,3.206329445198891,0.10795722037706702,0.5965715998036724,0.0,111.86807864244666,107845.35229842458,-1037.4407469660364,29883.84218199978,129.15960006306153,108882.79304539062,241.0276787055082,-1037.4407469660364,189,107957.22037706703,-925.5726683235844,-0.009528050465545574,SECTOR_ROTATION
2025-10-30,2025-10-31,NIFTY_PHARMA,SELL,DRREDDY,RANK_EXIT,2025-05-22,4,6.0,0.47301625212033593,1197.5999755859375,85.00193486196272,101798.31511544401,103568.65341391212,0.0,101.79831511544401,3.023409958928687,0.101798315115444,0.5625374893279436,0.0,105.48606087881608,101692.8290545652,-1875.8243593469233,1216.9816810927466,122.85582946457131,103568.65341391212,228.34189034338738,-1875.8243593469233,162,101798.31511544401,-1770.3382984681084,-0.01811189290885333,RANK_EXIT
2025-11-14,2025-11-17,NIFTY_PHARMA,SELL,CIPLA,RANK_EXIT,2025-03-24,4,6.0,0.29171921002368134,1521.32763671875,72.74944906166606,110675.7474135755,108882.79304539062,0.0,110.67574741357551,3.2870696981831924,0.1106757474135755,0.6115941802074182,0.0,114.6850870393797,110561.06232653612,1678.2692811455054,1494.9066260713887,129.15960006306153,108882.79304539062,243.84468710244124,1678.2692811455054,238,110675.7474135755,1792.9543681848882,0.015413539956179076,RANK_EXIT
2025-12-03,2025-12-04,NIFTY_AUTO,SELL,BOSCHLTD,RANK_EXIT,2025-09-01,2,9.0,0.45370597392320633,36845.0,2.8680597435405235,105673.66125075059,115490.36055363795,0.0,105.6736612507506,3.1385077391472924,0.10567366125075059,0.5839526520716477,0.0,109.50179530322028,105564.15945544737,-9926.201098190577,40220.0,136.99766843809974,115490.36055363795,246.49946374132003,-9926.201098190577,94,105673.66125075059,-9816.699302887355,-0.0859483081584154,RANK_EXIT
2025-12-16,2025-12-17,NIFTY_METAL,SELL,JSWSTEEL,RANK_EXIT,2025-09-29,2,11.0,0.3757005650550127,1079.300048828125,102.65865723947145,110799.4937711913,116142.05340404401,0.0,110.7994937711913,3.2907449650043814,0.11079949377119129,0.6122780025796031,0.0,114.81331623254647,110684.68045495875,-5457.372949085257,1130.0,137.77072344126552,116142.05340404401,252.584039673812,-5457.372949085257,79,110799.4937711913,-5342.559632852717,-0.04698877615069989,RANK_EXIT
2026-01-06,2026-01-07,NIFTY_PHARMA,SELL,BIOCON,RANK_EXIT,2025-11-24,2,6.0,0.5058119942744573,386.58721923828125,266.68661761717095,103097.63791268495,106126.94569055067,0.0,103.09763791268495,3.061999846006743,0.10309763791268495,0.569717547105497,0.0,106.83245294370987,102990.80545974124,-3136.1402308094257,397.4742193492312,125.89054227871915,106126.94569055067,232.722995222429,-3136.1402308094257,44,103097.63791268495,-3029.307777865717,-0.029550838483130504,RANK_EXIT
2026-01-14,2026-01-19,NIFTY_HEALTHCARE,SELL,LAURUSLABS,SECTOR_ROTATION,2025-03-24,1,,0.9403472393751144,1061.6429443359375,175.6993081027551,186529.93077199598,108882.79304539062,0.0,186.529930771996,5.539938943928281,0.18652993077199598,1.0307643974460496,0.0,193.28716404414234,186336.64360795185,77453.85056256123,618.9758777064997,129.15960006306153,108882.79304539062,322.4467641072039,77453.85056256123,301,186529.93077199598,77647.13772660536,0.711350695515981,SECTOR_ROTATION
2026-01-14,2026-01-19,NIFTY_HEALTHCARE,SELL,FORTIS,SECTOR_ROTATION,2025-09-23,2,,0.4868888172010581,892.0499877929688,118.62870045978683,105822.73079704859,115087.73080409424,0.0,105.82273079704859,3.142935104672343,0.10582273079704858,0.5847764103844905,0.0,109.65626504290248,105713.07453200569,-9374.656272088556,969.0,136.52005856081752,115087.73080409424,246.17632360372,-9374.656272088556,118,105822.73079704859,-9265.000007045659,-0.0814566088547386,SECTOR_ROTATION
2026-01-14,2026-01-19,NIFTY_HEALTHCARE,SELL,APOLLOHOSP,SECTOR_ROTATION,2025-10-23,3,,0.3831853313992421,7123.54296875,13.20036780915896,94033.38729184815,104928.25537372913,0.0,94.03338729184816,2.79279160256789,0.09403338729184815,0.5196284981747529,0.0,97.43984077988264,93935.94745106826,-10992.307922660868,7939.459586599775,124.46862465895721,104928.25537372913,221.90846543883987,-10992.307922660868,88,94033.38729184815,-10894.86808188098,-0.10476022767660549,SECTOR_ROTATION
2026-01-22,2026-01-27,NIFTY_AUTO,SELL,TVSMOTOR,SECTOR_ROTATION,2025-09-01,1,,0.5117712107797464,3555.572265625,35.12990494132846,124906.91570343012,115490.36055363795,0.0,124.90691570343012,3.7097353963918747,0.12490691570343011,0.6902356161771548,0.0,129.43179363170256,124777.48390979841,9287.12335616046,3283.6229724462696,136.99766843809974,115490.36055363795,266.4294620698023,9287.12335616046,148,124906.91570343012,9416.55514979217,0.0804147057091157,SECTOR_ROTATION
2026-01-22,2026-01-27,NIFTY_AUTO,SELL,EICHERMOT,SECTOR_ROTATION,2025-09-01,3,,0.5442377676566442,7164.5,18.957002939227586,135817.44755809603,115490.36055363795,0.0,135.81744755809603,4.033778192475452,0.13581744755809602,0.7505272152060386,0.0,140.7375704133356,135676.7099876827,20186.34943404475,6085.0,136.99766843809974,115490.36055363795,277.7352388514353,20186.34943404475,148,135817.44755809603,20327.08700445808,0.17478817571679042,SECTOR_ROTATION
2026-01-22,2026-01-27,NIFTY_AUTO,SELL,ASHOKLEY,SECTOR_ROTATION,2025-12-23,1,,0.8333333333333334,189.76283264160156,605.5885148244524,114918.19198830861,105564.15945544737,0.0,114.9181919883086,3.4130703020527657,0.1149181919883086,0.6350379289273934,0.0,119.08121841127706,114799.11076989734,9234.951314449965,174.10986820877494,125.22295061419752,105564.15945544737,244.30416902547458,9234.951314449965,35,114918.19198830861,9354.032532861238,0.08748188174934043,SECTOR_ROTATION
2026-01-22,2026-01-27,NIFTY_PHARMA,SELL,GLENMARK,SECTOR_ROTATION,2025-06-24,3,,0.557764907522748,1999.699951171875,59.07614283234186,118134.55993725672,99771.67487427202,0.0,118.13455993725672,3.508596430136525,0.11813455993725672,0.6528115782132806,0.0,122.41410250554378,118012.14583475118,18240.470960479157,1686.8623837255052,118.3517547994082,99771.67487427202,240.76585730495196,18240.470960479157,217,118134.55993725672,18362.8850629847,0.18282213848233994,SECTOR_ROTATION
2026-01-22,2026-01-27,NIFTY_PHARMA,SELL,SUNPHARMA,SECTOR_ROTATION,2025-11-24,3,,0.35106840155397856,1628.32275390625,59.73997088192931,97275.95390474232,106126.94569055067,0.0,97.27595390474232,2.889095830970847,0.09727595390474231,0.5375469212776061,0.0,100.79987261089552,97175.15403213142,-8951.791658419243,1774.374067871133,125.89054227871915,106126.94569055067,226.69041488961466,-8951.791658419243,64,97275.95390474232,-8850.99178580835,-0.08434984725294221,SECTOR_ROTATION
2026-01-22,2026-01-27,NIFTY_PHARMA,SELL,LUPIN,SECTOR_ROTATION,2026-01-22,1,,0.7831837857762973,2150.5,47.868141037014404,102940.43730009948,102990.80545974124,0.0,102.94043730009949,3.0573309878129544,0.10294043730009948,0.5688488565203497,0.0,106.6695575817329,102833.76774251775,-157.03771722348756,2149.0,122.17037119728701,102990.80545974124,228.8399287790199,-157.03771722348756,5,102940.43730009948,-50.36815964175912,-0.0015247741438906707,SECTOR_ROTATION
2026-01-23,2026-01-27,NIFTY_PSU_BANK,SELL,SBIN,DUPLICATE_EXIT,2025-09-01,2,3.0,0.7292069122195244,1034.5030517578125,146.224153973916,151269.33352672038,115490.36055363795,0.0,151.26933352672037,4.4926992057435955,0.15126933352672037,0.8359143370686568,0.0,156.74921640305936,151112.58431031732,35622.22375667938,788.8803576581267,136.99766843809974,115490.36055363795,293.7468848411591,35622.22375667938,148,151269.33352672038,35778.97297308243,0.30844326388724985,DUPLICATE_EXIT
2026-02-05,2026-02-09,NIFTY_IT,SELL,TECHM,SECTOR_ROTATION,2026-01-27,1,,0.9614703431725502,1578.8419189453125,68.9194551628834,108812.92484203224,115545.72871279647,0.0,108.81292484203225,3.2317438678083574,0.10881292484203224,0.6013002226770701,0.0,112.7547818573597,108700.17006017487,-6845.558652621592,1674.5440760152992,137.0633475880657,115545.72871279647,249.81812944542543,-6845.558652621592,13,108812.92484203224,-6732.803870764226,-0.059245449649091696,SECTOR_ROTATION
2026-02-05,2026-02-09,NIFTY_IT,SELL,HCLTECH,SECTOR_ROTATION,2026-01-27,2,,0.8410366127888362,1571.906005859375,68.38264413507716,107491.08901247215,115545.72871279647,0.0,107.49108901247214,3.192485343670423,0.10749108901247215,0.593995757882921,0.0,111.38506120303796,107379.70395126911,-8166.024761527355,1687.6894250716618,137.0633475880657,115545.72871279647,248.44840879110367,-8166.024761527355,13,107491.08901247215,-8054.639700324318,-0.0706735320508908,SECTOR_ROTATION
2026-02-05,2026-02-09,NIFTY_IT,SELL,INFY,SECTOR_ROTATION,2026-01-27,3,,0.6681775115430355,1465.4876708984375,69.94070237362547,102497.23702252521,115545.72871279647,0.0,102.49723702252521,3.044167939568999,0.10249723702252521,0.5663997317864743,0.0,106.2103019309032,102391.02672059431,-13154.701992202157,1650.0930280724322,137.0633475880657,115545.72871279647,243.2736495189689,-13154.701992202157,13,102497.23702252521,-13048.491690271258,-0.11384844891064588,SECTOR_ROTATION
2026-02-23,2026-02-24,NIFTY_PRIVATE_BANK,SELL,IDFCFIRSTB,RANK_EXIT,2026-02-09,2,10.0,0.4926580563187599,70.97000122070312,1245.0802747396513,88363.34861814642,106156.96691067943,0.0,88.36334861814643,2.624391453958949,0.08836334861814642,0.4882958644638771,0.0,91.5643992851874,88271.78421886124,-17885.18269181819,85.16000366210938,125.9261542305876,106156.96691067943,217.490553515775,-17885.18269181819,15,88363.34861814642,-17793.618292533007,-0.16847865205933021,RANK_EXIT
2026-03-05,2026-03-09,NIFTY_BANK,SELL,FEDERALBNK,SECTOR_ROTATION,2026-01-27,1,,0.7969810937841734,273.29998779296875,413.65113034124875,113050.84887281101,115545.72871279647,0.0,113.05084887281102,3.357610211522487,0.113050848872811,0.6247189908711536,0.0,117.14622892407748,112933.70264388694,-2612.0260689095303,279.0,137.0633475880657,115545.72871279647,254.2095765121432,-2612.0260689095303,41,113050.84887281101,-2494.879839985457,-0.022605994163592595,SECTOR_ROTATION
2026-03-05,2026-03-09,NIFTY_BANK,SELL,SBIN,SECTOR_ROTATION,2026-01-27,2,,0.8824154610435169,1079.050048828125,113.61465572433157,122595.8998069306,115545.72871279647,0.0,122.5958998069306,3.6410982242658387,0.12259589980693059,0.6774649423330985,0.0,127.03705887333646,122468.86274805726,6923.134035260795,1015.7903012550574,137.0633475880657,115545.72871279647,264.10040646140214,6923.134035260795,41,122595.8998069306,7050.17109413413,0.05991683217013691,SECTOR_ROTATION
2026-03-05,2026-03-09,NIFTY_BANK,SELL,BANKBARODA,SECTOR_ROTATION,2026-01-27,3,,0.5417950948079427,279.02520751953125,401.1496394708053,111930.8613997266,115545.72871279647,0.0,111.9308613997266,3.32434658357188,0.11193086139972659,0.6185299400948892,0.0,115.98566878479309,111814.8757309418,-3730.8529818546667,287.6948001684732,137.0633475880657,115545.72871279647,253.0490163728588,-3730.8529818546667,41,111930.8613997266,-3614.8673130698735,-0.032288973581430895,SECTOR_ROTATION
2026-03-05,2026-03-09,NIFTY_PRIVATE_BANK,SELL,AXISBANK,SECTOR_ROTATION,2026-02-09,3,,0.5277798573176067,1288.300048828125,78.54151167144359,101185.03332135553,106156.96691067943,0.0,101.18503332135553,3.005195489644259,0.10118503332135552,0.5591484941338106,0.0,104.85056233845496,101080.18275901707,-5076.784151662359,1350.0,125.9261542305876,106156.96691067943,230.77671656904255,-5076.784151662359,28,101185.03332135553,-4971.933589323904,-0.04782337230804616,SECTOR_ROTATION
2026-03-05,2026-03-09,NIFTY_PRIVATE_BANK,SELL,RBLBANK,SECTOR_ROTATION,2026-02-09,4,,0.5789563680688541,297.8999938964844,349.47608071681464,104108.92231250636,106156.96691067943,0.0,104.10892231250637,3.0920349926814388,0.10410892231250635,0.5753059046989101,0.0,107.88037213219921,104001.04194037415,-2155.9249703052774,303.3999938964844,125.9261542305876,106156.96691067943,233.80652636278683,-2155.9249703052774,28,104108.92231250636,-2048.0445981730736,-0.020308841077941446,SECTOR_ROTATION
2026-03-05,2026-03-09,NIFTY_PRIVATE_BANK,SELL,INDUSINDBK,SECTOR_ROTATION,2026-02-24,4,,0.5533187836408615,879.7750244140625,96.0150906326674,84471.67870547339,88271.78421886124,0.0,84.4716787054734,2.50880885755256,0.08447167870547338,0.46679049652644594,0.0,87.53174973825787,84384.14695573512,-3887.6372631261183,918.2626746733204,104.71028550680289,88271.78421886124,192.24203524506078,-3887.6372631261183,13,84471.67870547339,-3800.1055133878544,-0.04404167534992952,SECTOR_ROTATION
2026-03-05,2026-03-09,NIFTY_MIDSMALL_FINANCIAL_SERVICES,SELL,MCX,SECTOR_ROTATION,2026-01-19,1,,0.8317267398039501,2577.10009765625,52.34593338206034,134900.71003081524,128661.88853034192,0.0,134.90071003081525,4.006551087915213,0.13490071003081525,0.745461323630285,0.0,139.78762315239155,134760.92240766285,6099.033877320922,2455.0,152.62207738379334,128661.88853034192,292.4097005361849,6099.033877320922,49,134900.71003081524,6238.821500473321,0.04740357806797315,SECTOR_ROTATION
2026-03-05,2026-03-09,NIFTY_MIDSMALL_FINANCIAL_SERVICES,SELL,MUTHOOTFIN,SECTOR_ROTATION,2026-01-19,2,,0.4212275380268693,3214.718017578125,32.87566482976091,105685.99206809187,128661.88853034192,0.0,105.68599206809188,3.1388739644223285,0.10568599206809187,0.5840207921682756,0.0,109.51457281675057,105576.47749527512,-23085.411035066805,3908.948065945249,152.62207738379334,128661.88853034192,262.1366502005439,-23085.411035066805,49,105685.99206809187,-22975.89646225005,-0.17942695617764576,SECTOR_ROTATION
2026-03-05,2026-03-09,NIFTY_MIDSMALL_FINANCIAL_SERVICES,SELL,ABCAPITAL,SECTOR_ROTATION,2026-01-19,3,,0.5532088751594226,324.29998779296875,354.99797362695614,115125.83851375052,128661.88853034192,0.0,115.12583851375052,3.4192374038583906,0.11512583851375052,0.6361853836269854,0.0,119.29638713974964,115006.54212661077,-13655.34640373115,362.0,152.62207738379334,128661.88853034192,271.918464523543,-13655.34640373115,49,115125.83851375052,-13536.050016591398,-0.10613357661473198,SECTOR_ROTATION
2026-03-12,2026-03-16,NIFTY_AUTO,SELL,BHARATFORG,SECTOR_ROTATION,2026-03-09,1,,0.839663992325465,1691.866943359375,57.840178158308674,97857.88542405938,110225.1949786179,0.0,97.85788542405938,2.9063791970945636,0.09785788542405938,0.540762674853352,0.0,101.40288518143136,97756.48253887794,-12468.71243973996,1903.425032425566,130.751992138706,110225.1949786179,232.15487732013736,-12468.71243973996,7,97857.88542405938,-12367.309554558524,-0.11312034823035433,SECTOR_ROTATION
2026-03-12,2026-03-16,NIFTY_AUTO,SELL,ASHOKLEY,SECTOR_ROTATION,2026-03-09,2,,0.6979792689283689,169.87216186523438,587.9366836785491,99874.0754963516,110225.1949786179,0.0,99.8740754963516,2.9662600422416423,0.09987407549635159,0.5519041411928389,0.0,103.49211375528242,99770.5833825963,-10454.611596021598,187.25561109344332,130.751992138706,110225.1949786179,234.2441058939884,-10454.611596021598,7,99874.0754963516,-10351.11948226631,-0.09484774872069532,SECTOR_ROTATION
2026-03-12,2026-03-16,NIFTY_AUTO,SELL,EICHERMOT,SECTOR_ROTATION,2026-03-09,3,,0.4746695545812448,6827.5,14.646061325858614,99995.9837022997,110225.1949786179,0.0,99.9959837022997,2.969880715958301,0.09999598370229969,0.5525778059389082,0.0,103.6184382078992,99892.3652640918,-10332.829714526102,7517.0,130.751992138706,110225.1949786179,234.3704303466052,-10332.829714526102,7,99995.9837022997,-10229.211276318209,-0.09374290257804055,SECTOR_ROTATION
2026-03-12,2026-03-16,NIFTY_PSU_BANK,SELL,INDIANB,SECTOR_ROTATION,2025-09-01,1,,0.746880831817786,859.1478271484375,180.38692456547503,154979.03428641698,115490.36055363795,0.0,154.97903428641698,4.602877318306584,0.15497903428641696,0.8564141434667402,0.0,160.5933047824767,154818.4409816345,39328.08042799657,639.4774075951943,136.99766843809974,115490.36055363795,297.5909732205764,39328.08042799657,196,154979.03428641698,39488.67373277903,0.34053128104774744,SECTOR_ROTATION
2026-03-12,2026-03-16,NIFTY_PSU_BANK,SELL,CANBK,SECTOR_ROTATION,2025-09-01,3,,0.6519761526336273,130.21450805664062,1145.7558867954822,149194.03915207373,115490.36055363795,0.0,149.19403915207374,4.43106296281659,0.14919403915207372,0.8244462603543595,0.0,154.59874241439675,149039.44040965935,33549.0798560214,100.67883064325942,136.99766843809974,115490.36055363795,291.5964108524965,33549.0798560214,196,149194.03915207373,33703.678598435785,0.2904924679011629,SECTOR_ROTATION
2026-03-12,2026-03-16,NIFTY_PSU_BANK,SELL,UNIONBANK,SECTOR_ROTATION,2026-02-24,2,,0.772460587322712,170.5794219970703,786.314149206943,134129.01307983842,151112.58431031732,0.0,134.12901307983842,3.9836316884712013,0.1341290130798384,0.7411969262791872,0.0,138.98797070766867,133990.02510913074,-17122.55920118658,191.95041928993504,179.25367643609044,151112.58431031732,318.2416471437591,-17122.55920118658,20,134129.01307983842,-16983.571230478905,-0.11330994886583728,SECTOR_ROTATION
2026-04-07,2026-04-08,NIFTY_PHARMA,SELL,BIOCON,RANK_EXIT,2026-03-09,3,7.0,0.4896377896269163,349.38177490234375,286.3390850731824,100041.65776678166,110225.1949786179,0.0,100.04165776678167,2.9712372356734154,0.10004165776678166,0.5528302008192354,0.0,103.66576686104109,99937.99199992062,-10287.202978697285,384.48974913201715,130.751992138706,110225.1949786179,234.4177589997471,-10287.202978697285,30,100041.65776678166,-10183.537211836243,-0.09332896150188578,RANK_EXIT
2026-04-21,2026-04-22,NIFTY_MIDSMALL_HEALTHCARE,SELL,AUROPHARMA,DUPLICATE_EXIT,2026-03-16,5,1.0,0.8124648034572601,1421.199951171875,188.01719008015277,267210.0213613863,245089.11256199688,0.0,267.2100213613863,7.936137634433173,0.2672100213613863,1.4766025780430205,0.0,276.88997159522387,266933.1313897911,21844.018827794207,1302.0,290.73107763796736,245089.11256199688,567.6210492331912,21844.018827794207,37,267210.0213613863,22120.908799389406,0.08912684288360063,DUPLICATE_EXIT
2026-04-24,2026-04-27,NIFTY_PHARMA,SELL,SUNPHARMA,RANK_EXIT,2026-03-09,4,6.0,0.3929643829663595,1733.5,62.098506103222064,107647.76032993545,110225.1949786179,0.0,107.64776032993545,3.197138481799083,0.10764776032993545,0.5948615235832233,0.0,111.5474080956477,107536.2129218398,-2688.982056778099,1772.9000244140625,130.751992138706,110225.1949786179,242.2994002343537,-2688.982056778099,49,107647.76032993545,-2577.4346486824506,-0.024395348607001537,RANK_EXIT
2026-06-10,2026-06-11,NIFTY_PHARMA,SELL,GLENMARK,RANK_EXIT,2026-03-09,2,6.0,0.43626220896840096,2144.5,52.42592523165676,112427.39665928793,110225.1949786179,0.0,112.42739665928794,3.3390936807808513,0.11242739665928793,0.621273793939225,0.0,116.5001915306673,112310.89646775727,2085.701489139363,2100.0,130.751992138706,110225.1949786179,247.25218366937327,2085.701489139363,94,112427.39665928793,2202.2016806700267,0.018922184619804563,RANK_EXIT
2026-07-16,2026-07-17,NIFTY_MIDSMALL_HEALTHCARE,SELL,TORNTPHARM,DUPLICATE_EXIT,2026-03-16,1,,0.8030308907230695,4763.0,58.69670828489939,279572.4215609758,245089.11256199688,0.0,279.5724215609758,8.30330092036098,0.2795724215609758,1.5449172015459522,0.0,289.7002121044437,279282.72134887136,34193.60878687448,,,,289.7002121044437,34193.60878687448,123,279572.4215609758,34483.3089989789,0.13951500509115836,DUPLICATE_EXIT
2026-07-28,2026-07-29,NIFTY_METAL,SELL,NATIONALUM,RANK_EXIT,2025-12-23,2,11.0,0.5662346010406812,341.0,386.51573427272854,131801.86538700043,110684.68045495875,0.0,131.80186538700045,3.914515401993913,0.13180186538700042,0.7283371081285643,0.0,136.57651976250992,131665.28886723792,20980.608412279165,286.0255705171217,131.2970457573639,110684.68045495875,267.8735655198738,20980.608412279165,218,131801.86538700043,21117.18493204168,0.18955295643480552,RANK_EXIT
2026-08-04,2026-08-05,NIFTY_METAL,SELL,HINDCOPPER,RANK_EXIT,2025-09-29,1,10.0,0.3829580762734016,533.7999877929688,368.33181958816016,196615.52079992185,116142.05340404401,0.0,196.61552079992185,5.839480967757679,0.19661552079992184,1.0864973679403682,0.0,203.73811465641984,196411.78268526544,80269.72928122143,314.9450482185049,137.77072344126552,116142.05340404401,341.5088380976854,80269.72928122143,310,196615.52079992185,80473.46739587784,0.6911340632317982,RANK_EXIT
