rebalance_date,beginning_value,ending_value,monthly_return,cash,invested_value,realized_pnl,unrealized_pnl,buy_value,sell_value,buy_transaction_costs,sell_transaction_costs,transaction_costs,turnover,holdings
2016-01-05 00:00:00,1000000,1003225.2224201511,0.0032252224201511125,0.0,1003225.2224201511,0.0,3225.2224201511126,0.0,0.0,0,0,0,0.0,1
2016-01-06 00:00:00,1003225.2224201511,1009042.1508167884,0.005798227822267797,0.0,1009042.1508167884,0.0,9042.150816788431,0.0,0.0,0,0,0,0.0,1
2016-01-07 00:00:00,1009042.1508167884,1023617.0557143984,0.014444297382237226,0.0,1023617.0557143984,0.0,23617.05571439839,0.0,0.0,0,0,0,0.0,1
2016-01-08 00:00:00,1023617.0557143984,1020978.9141996662,-0.002577273893595836,0.0,1020978.9141996662,0.0,20978.914199666237,0.0,0.0,0,0,0,0.0,1
2016-01-11 00:00:00,1020978.9141996662,1024157.7010815713,0.003113469668858797,0.0,1024157.7010815713,0.0,24157.701081571286,0.0,0.0,0,0,0,0.0,1
2016-01-12 00:00:00,1024157.7010815713,1022081.7350592533,-0.0020269984008572635,0.0,1022081.7350592533,0.0,22081.73505925329,0.0,0.0,0,0,0,0.0,1
2016-01-13 00:00:00,1022081.7350592533,1008198.8463327164,-0.013582953545033312,0.0,1008198.8463327164,0.0,8198.846332716406,0.0,0.0,0,0,0,0.0,1
2016-01-14 00:00:00,1008198.8463327164,1023768.4265182987,0.015442965683025738,0.0,1023768.4265182987,0.0,23768.426518298686,0.0,0.0,0,0,0,0.0,1
2016-01-15 00:00:00,1023768.4265182987,1025217.296708873,0.0014152323445857167,0.0,1025217.296708873,0.0,25217.296708873007,0.0,0.0,0,0,0,0.0,1
2016-01-18 00:00:00,1025217.296708873,1031531.6452403978,0.006159034335252567,0.0,1031531.6452403978,0.0,31531.645240397775,0.0,0.0,0,0,0,0.0,1
2016-01-19 00:00:00,1031531.6452403978,1027812.2129913198,-0.00360573741604518,0.0,1027812.2129913198,0.0,27812.21299131983,0.0,0.0,0,0,0,0.0,1
2016-01-20 00:00:00,1027812.2129913198,1035553.8190972762,0.007532121148303329,0.0,1035553.8190972762,0.0,35553.819097276195,0.0,0.0,0,0,0,0.0,1
2016-01-21 00:00:00,1035553.8190972762,1037283.735788607,0.0016705232112792213,0.0,1037283.735788607,0.0,37283.73578860704,0.0,0.0,0,0,0,0.0,1
2016-01-22 00:00:00,1037283.735788607,1032028.9828843839,-0.0050658780456324945,0.0,1032028.9828843839,0.0,32028.982884383877,0.0,0.0,0,0,0,0.0,1
2016-01-25 00:00:00,1032028.9828843839,1037975.7519596801,0.005762211307938085,0.0,1037975.7519596801,0.0,37975.751959680114,0.0,0.0,0,0,0,0.0,1
2016-01-27 00:00:00,1037975.7519596801,1049847.5950032284,0.01143749554951978,0.0,1049847.5950032284,0.0,49847.5950032284,0.0,0.0,0,0,0,0.0,1
2016-01-28 00:00:00,1049847.5950032284,1050950.4158628157,0.001050458052041253,0.0,1050950.4158628157,0.0,50950.41586281569,0.0,0.0,0,0,0,0.0,1
2016-01-29 00:00:00,1050950.4158628157,1048074.370588711,-0.0027366136695835424,0.0,1048074.370588711,0.0,48074.370588711,0.0,0.0,0,0,0,0.0,1
2016-02-01 00:00:00,1048074.370588711,1052247.9152494897,0.003982107356021315,0.0,1052247.9152494897,0.0,52247.91524948971,0.0,0.0,0,0,0,0.0,1
2016-02-02 00:00:00,1052247.9152494897,1058973.1509604298,0.006391303430946239,0.0,1058973.1509604298,0.0,58973.150960429804,0.0,0.0,0,0,0,0.0,1
2016-02-03 00:00:00,1058973.1509604298,1060897.7461788475,0.001817416444101722,0.0,1060897.7461788475,0.0,60897.746178847505,0.0,0.0,0,0,0,0.0,1
2016-02-04 00:00:00,1060897.7461788475,1069050.156973318,0.007684445389608845,0.0,1069050.156973318,0.0,69050.15697331796,0.0,0.0,0,0,0,0.0,1
2016-02-05 00:00:00,1069050.156973318,1074780.6349053844,0.0053603452510502265,0.0,1074780.6349053844,0.0,74780.63490538439,0.0,0.0,0,0,0,0.0,1
2016-02-08 00:00:00,1074780.6349053844,1089982.6356347383,0.014144282317379244,0.0,1089982.6356347383,0.0,89982.63563473825,0.0,0.0,0,0,0,0.0,1
2016-02-09 00:00:00,1089982.6356347383,1109942.0516243288,0.01831168253241709,0.0,1109942.0516243288,0.0,109942.05162432883,0.0,0.0,0,0,0,0.0,1
2016-02-10 00:00:00,1109942.0516243288,1098459.483144053,-0.010345196367208364,0.0,1098459.483144053,0.0,98459.48314405303,0.0,0.0,0,0,0,0.0,1
2016-02-11 00:00:00,1098459.483144053,1122505.9108389502,0.021891046564658494,0.0,1122505.9108389502,0.0,122505.91083895019,0.0,0.0,0,0,0,0.0,1
2016-02-12 00:00:00,1122505.9108389502,1137318.7194959328,0.013196196575848461,0.0,1137318.7194959328,0.0,137318.7194959328,0.0,0.0,0,0,0,0.0,1
2016-02-15 00:00:00,1137318.7194959328,1119045.9949653875,-0.016066494129845933,0.0,1119045.9949653875,0.0,119045.99496538751,0.0,0.0,0,0,0,0.0,1
2016-02-16 00:00:00,1119045.9949653875,1125533.3269169552,0.005797198668110444,0.0,1125533.3269169552,0.0,125533.32691695518,0.0,0.0,0,0,0,0.0,1
2016-02-17 00:00:00,1125533.3269169552,1118137.770141986,-0.006570713277079957,0.0,1118137.770141986,0.0,118137.77014198597,0.0,0.0,0,0,0,0.0,1
2016-02-18 00:00:00,1118137.770141986,1117488.9792031983,-0.0005802423959842102,0.0,1117488.9792031983,0.0,117488.97920319834,0.0,0.0,0,0,0,0.0,1
2016-02-19 00:00:00,1117488.9792031983,1129879.8549977767,0.01108814138231,0.0,1129879.8549977767,0.0,129879.85499777668,0.0,0.0,0,0,0,0.0,1
2016-02-22 00:00:00,1129879.8549977767,1119370.3491893306,-0.009301436574835446,0.0,1119370.3491893306,0.0,119370.34918933059,0.0,0.0,0,0,0,0.0,1
2016-02-23 00:00:00,1119370.3491893306,1131480.0959922513,0.01081835588345789,0.0,1131480.0959922513,0.0,131480.0959922513,0.0,0.0,0,0,0,0.0,1
2016-02-24 00:00:00,1131480.0959922513,1134983.2370980997,0.003096069580239753,0.0,1134983.2370980997,0.0,134983.23709809966,0.0,0.0,0,0,0,0.0,1
2016-02-25 00:00:00,1134983.2370980997,1141730.0854251825,0.00594444755354538,0.0,1141730.0854251825,0.0,141730.08542518248,0.0,0.0,0,0,0,0.0,1
2016-02-26 00:00:00,1141730.0854251825,1139892.023162237,-0.001609892115841966,0.0,1139892.023162237,0.0,139892.0231622369,0.0,0.0,0,0,0,0.0,1
2016-02-29 00:00:00,1139892.023162237,1145644.113710446,0.005046171419159473,0.0,1145644.113710446,0.0,145644.11371044605,0.0,0.0,0,0,0,0.0,1
2016-03-01 00:00:00,1145644.113710446,1146768.5471861758,0.0009814858403872266,0.0,1146768.5471861758,0.0,146768.54718617583,0.0,0.0,0,0,0,0.0,1
2016-03-02 00:00:00,1146768.5471861758,1129295.9843983185,-0.015236346367128548,0.0,1129295.9843983185,0.0,129295.98439831845,0.0,0.0,0,0,0,0.0,1
2016-03-03 00:00:00,1129295.9843983185,1136129.3656808734,0.0060510099893746816,0.0,1136129.3656808734,0.0,136129.3656808734,0.0,0.0,0,0,0,0.0,1
2016-03-04 00:00:00,1136129.3656808734,1153731.6866564883,0.015493236516306408,0.0,1153731.6866564883,0.0,153731.68665648834,0.0,0.0,0,0,0,0.0,1
2016-03-08 00:00:00,1153731.6866564883,1157191.6025300513,0.002998891261788731,0.0,1157191.6025300513,0.0,157191.60253005126,0.0,0.0,0,0,0,0.0,1
2016-03-09 00:00:00,1157191.6025300513,1145362.9847187882,-0.010221831704794015,0.0,1145362.9847187882,0.0,145362.98471878818,0.0,0.0,0,0,0,0.0,1
2016-03-10 00:00:00,1145362.9847187882,1137989.0405599617,-0.006438084919111433,0.0,1137989.0405599617,0.0,137989.0405599617,0.0,0.0,0,0,0,0.0,1
2016-03-11 00:00:00,1137989.0405599617,1153904.6700765314,0.013985749378340392,0.0,1153904.6700765314,0.0,153904.67007653136,0.0,0.0,0,0,0,0.0,1
2016-03-14 00:00:00,1153904.6700765314,1150466.3668191112,-0.002979711709800214,0.0,1150466.3668191112,0.0,150466.36681911116,0.0,0.0,0,0,0,0.0,1
2016-03-15 00:00:00,1150466.3668191112,1130117.758757149,-0.017687268962258584,0.0,1130117.758757149,0.0,130117.7587571491,0.0,0.0,0,0,0,0.0,1
2016-03-16 00:00:00,1130117.758757149,1127090.260188243,-0.002678923099337646,0.0,1127090.260188243,0.0,127090.26018824289,0.0,0.0,0,0,0,0.0,1
2016-03-17 00:00:00,1127090.260188243,1144173.630903729,0.015157056465586802,0.0,1144173.630903729,0.0,144173.630903729,0.0,0.0,0,0,0,0.0,1
2016-03-18 00:00:00,1144173.630903729,1132647.7547002665,-0.010073537697559708,0.0,1132647.7547002665,0.0,132647.75470026652,0.0,0.0,0,0,0,0.0,1
2016-03-21 00:00:00,1132647.7547002665,1126398.3265080713,-0.005517539028582669,0.0,1126398.3265080713,0.0,126398.32650807127,0.0,0.0,0,0,0,0.0,1
2016-03-22 00:00:00,1126398.3265080713,1126528.0846958288,0.00011519742590512661,0.0,1126528.0846958288,0.0,126528.08469582885,0.0,0.0,0,0,0,0.0,1
2016-03-23 00:00:00,1126528.0846958288,1113358.7422656063,-0.011690203386077472,0.0,1113358.7422656063,0.0,113358.7422656063,0.0,0.0,0,0,0,0.0,1
2016-03-28 00:00:00,1113358.7422656063,1095821.2591384195,-0.015751870858353556,0.0,1095821.2591384195,0.0,95821.25913841953,0.0,0.0,0,0,0,0.0,1
2016-03-29 00:00:00,1095821.2591384195,1099865.0456114407,0.003690188011319052,0.0,1099865.0456114407,0.0,99865.04561144067,0.0,0.0,0,0,0,0.0,1
2016-03-30 00:00:00,1099865.0456114407,1111261.1636271456,0.010361378481093142,0.0,1111261.1636271456,0.0,111261.16362714558,0.0,0.0,0,0,0,0.0,1
2016-03-31 00:00:00,1111261.1636271456,1108796.0055324563,-0.002218342704106565,0.0,1108796.0055324563,0.0,108796.00553245633,0.0,0.0,0,0,0,0.0,1
2016-04-01 00:00:00,1108796.0055324563,1115326.5627163094,0.005889773367930804,0.0,1115326.5627163094,0.0,115326.56271630945,0.0,0.0,0,0,0,0.0,1
2016-04-04 00:00:00,1115326.5627163094,1101789.6408298584,-0.012137182363417163,0.0,1101789.6408298584,0.0,101789.64082985837,0.0,0.0,0,0,0,0.0,1
2016-04-05 00:00:00,1101789.6408298584,1120321.7992450176,0.016820051422158,0.0,1120321.7992450176,0.0,120321.79924501758,0.0,0.0,0,0,0,0.0,1
2016-04-06 00:00:00,1120321.7992450176,1120408.3322004897,7.723937491035086e-05,0.0,1120408.3322004897,0.0,120408.3322004897,0.0,0.0,0,0,0,0.0,1
2016-04-07 00:00:00,1120408.3322004897,1131198.9670005937,0.009630984070701329,0.0,1131198.9670005937,0.0,131198.96700059366,0.0,0.0,0,0,0,0.0,1
2016-04-08 00:00:00,1131198.9670005937,1135631.945545986,0.003918831854263947,0.0,1135631.945545986,0.0,135631.94554598606,0.0,0.0,0,0,0,0.0,1
2016-04-11 00:00:00,1135631.945545986,1136691.5411732877,0.0009330449283831795,0.0,1136691.5411732877,0.0,136691.54117328767,0.0,0.0,0,0,0,0.0,1
2016-04-12 00:00:00,1136691.5411732877,1148260.6426090356,0.010177872374950865,0.0,1148260.6426090356,0.0,148260.6426090356,0.0,0.0,0,0,0,0.0,1
2016-04-13 00:00:00,1148260.6426090356,1139437.910750536,-0.007683562016418933,0.0,1139437.910750536,0.0,139437.91075053602,0.0,0.0,0,0,0,0.0,1
2016-04-18 00:00:00,1139437.910750536,1150110.7288406414,0.00936673950323046,0.0,1150110.7288406414,0.0,16044.34342448751,0.0,0.0,0,1176.36805746095,1176.36805746095,0.0,3
2016-04-20 00:00:00,1150110.7288406414,1144529.6874749658,-0.004852612210044806,0.0,1144529.6874749658,0.0,-9427.064642291632,0.0,0.0,0,0,0,0.0,3
2016-04-21 00:00:00,1144529.6874749658,1128184.70909557,-0.014280956237540412,0.0,1128184.70909557,0.0,-24025.084092176985,0.0,0.0,0,0,0,0.0,3
2016-04-22 00:00:00,1128184.70909557,1119037.5702296642,-0.008107838009290859,0.0,1119037.5702296642,0.0,-4316.215242395352,0.0,0.0,0,0,0,0.0,3
2016-04-25 00:00:00,1119037.5702296642,1119625.9976017377,0.0005258334373463053,0.0,1119625.9976017377,0.0,1794.613912392757,0.0,0.0,0,0,0,0.0,3
2016-04-26 00:00:00,1119625.9976017377,1118897.4905052986,-0.0006506700433891422,379070.170977099,739827.3195281997,1048.0425050477004,-3194.9948796212557,0.0,0.0,0,393.20982123113043,393.20982123113043,0.0,2
2016-04-27 00:00:00,1118897.4905052986,1126555.6482554083,0.006844378341264508,379070.170977099,747485.4772783094,0.0,4991.702100752911,0.0,0.0,0,0,0,0.0,2
2016-04-28 00:00:00,1126555.6482554083,1143925.6121621707,0.015418647035911335,732085.1087965361,411840.50336563453,-25007.19065261417,3963.7013542593922,0.0,0.0,0,366.1827049965518,366.1827049965518,0.0,1
2016-04-29 00:00:00,1143925.6121621707,1140984.80649961,-0.002570801485074043,732085.1087965361,408899.6977030739,0.0,-5114.4404515267815,0.0,0.0,0,0,0,0.0,1
2016-05-02 00:00:00,1140984.80649961,1139706.174303136,-0.0011206391085930084,732085.1087965361,407621.06550659996,0.0,-1534.3288842772017,0.0,0.0,0,0,0,0.0,1
2016-05-03 00:00:00,1139706.174303136,1141368.422214345,0.0014584881162246711,732085.1087965361,409283.31341780885,0.0,-1406.4657197953784,0.0,0.0,0,0,0,0.0,1
2016-05-04 00:00:00,1141368.422214345,1136509.6496457928,-0.00425697125834784,732085.1087965361,404424.5408492568,0.0,-5625.893450011208,0.0,0.0,0,0,0,0.0,1
2016-05-05 00:00:00,1136509.6496457928,1137916.1785622193,0.0012375864268858875,732085.1087965361,405831.0697656831,0.0,-767.1802478941972,0.0,0.0,0,0,0,0.0,1
2016-05-06 00:00:00,1137916.1785622193,1135742.4926614452,-0.0019102337603817032,732085.1087965361,403657.38386490906,0.0,-1406.4969820535043,0.0,0.0,0,0,0,0.0,1
2016-05-09 00:00:00,1135742.4926614452,1150190.7647569047,0.012721433061469873,732085.1087965361,418105.6559603685,0.0,17516.96520371089,0.0,0.0,0,0,0,0.0,1
2016-05-10 00:00:00,1150190.7647569047,1152620.1696524613,0.002112175623380253,732085.1087965361,420535.06085592514,0.0,-895.0121396115865,0.0,0.0,0,0,0,0.0,1
2016-05-11 00:00:00,1152620.1696524613,1153131.6076420264,0.00044371771640894263,732085.1087965361,421046.4988454903,0.0,4475.123637820187,0.0,0.0,0,0,0,0.0,1
2016-05-12 00:00:00,1153131.6076420264,1153131.6076420264,0.0,732085.1087965361,421046.4988454903,0.0,-255.72673105506692,0.0,0.0,0,0,0,0.0,1
2016-05-13 00:00:00,1153131.6076420264,1152747.9919272913,-0.0003326729682829116,732085.1087965361,420662.8831307553,0.0,1278.6334820100456,0.0,0.0,0,0,0,0.0,1
2016-05-16 00:00:00,1152747.9919272913,1144948.4136961787,-0.006766074012475503,732085.1087965361,412863.3048996426,0.0,-9078.139926985605,0.0,0.0,0,0,0,0.0,1
2016-05-17 00:00:00,1144948.4136961787,1142007.6824787403,-0.002568439924681796,732085.1087965361,409922.5736822042,0.0,-4730.849998888851,0.0,0.0,0,0,0,0.0,1
2016-05-18 00:00:00,1142007.6824787403,1137751.0032073935,-0.003727364830075153,1137751.0032073935,0,27643.765938806187,0,0.0,0.0,0,420.79758850373,420.79758850373,0.0,0
2016-05-19 00:00:00,1137751.0032073935,1137751.0032073935,0.0,1137751.0032073935,0,0.0,0,0.0,0.0,0,0,0,0.0,0
2016-05-20 00:00:00,1137751.0032073935,1137751.0032073935,0.0,1137751.0032073935,0,0.0,0,0.0,0.0,0,0,0,0.0,0
2016-05-23 00:00:00,1137751.0032073935,1137751.0032073935,0.0,1137751.0032073935,0,0.0,0,0.0,0.0,0,0,0,0.0,0
2016-05-24 00:00:00,1137751.0032073935,1139724.977994168,0.001734979605563718,0.0,1139724.977994168,0.0,1973.9747867745464,0.0,0.0,0,0,0,0.0,3
2016-05-25 00:00:00,1139724.977994168,1170708.210896426,0.02718483274516487,0.0,1170708.210896426,0.0,21408.50324370037,0.0,0.0,0,0,0,0.0,3
2016-05-26 00:00:00,1170708.210896426,1182099.0329950158,0.009729855819382729,0.0,1182099.0329950158,0.0,10231.249938122928,0.0,0.0,0,0,0,0.0,3
2016-05-27 00:00:00,1182099.0329950158,1186620.685691316,0.0038251048094031645,0.0,1186620.685691316,0.0,3577.5231631696224,0.0,0.0,0,0,0,0.0,3
2016-05-30 00:00:00,1186620.685691316,1188895.5178722353,0.001917067693450885,0.0,1188895.5178722353,0.0,-2959.23867360485,0.0,0.0,0,0,0,0.0,3
2016-05-31 00:00:00,1188895.5178722353,1192651.2790657277,0.0031590338570828586,0.0,1192651.2790657277,0.0,5405.722208483319,0.0,0.0,0,0,0,0.0,3
2016-06-01 00:00:00,1192651.2790657277,1186964.4598254666,-0.004768216275855516,0.0,1186964.4598254666,0.0,-5165.562549460097,0.0,0.0,0,0,0,0.0,3
2016-06-02 00:00:00,1186964.4598254666,1204344.1440104987,0.014642126848168287,0.0,1204344.1440104987,0.0,18453.410018857394,0.0,0.0,0,0,0,0.0,3
2016-06-03 00:00:00,1204344.1440104987,1203215.0669512916,-0.000937503673532352,0.0,1203215.0669512916,0.0,-6367.908816561219,0.0,0.0,0,0,0,0.0,3
2016-06-06 00:00:00,1203215.0669512916,1208419.5645710297,0.004325492393413314,0.0,1208419.5645710297,0.0,6184.884120088944,0.0,0.0,0,0,0,0.0,3
2016-06-07 00:00:00,1208419.5645710297,1205505.5126843974,-0.0024114570568598693,0.0,1205505.5126843974,0.0,-8356.500058124424,0.0,0.0,0,0,0,0.0,3
2016-06-08 00:00:00,1205505.5126843974,1202430.7172691196,-0.002550627419721149,0.0,1202430.7172691196,0.0,-5085.661957758071,0.0,0.0,0,0,0,0.0,3
2016-06-09 00:00:00,1202430.7172691196,1194610.082070171,-0.006504021468039653,399345.0254076725,795265.0566624983,20094.691005208064,-8205.472995319811,0.0,0.0,0,414.24094553611997,414.24094553611997,0.0,2
2016-06-10 00:00:00,1194610.082070171,1204311.750969648,0.00812120125645074,399345.0254076725,804966.7255619754,0.0,9236.427928424499,0.0,0.0,0,0,0,0.0,2
2016-06-13 00:00:00,1204311.750969648,1205100.5343759758,0.0006549661295697378,399345.0254076725,805755.5089683032,0.0,3445.394683925784,0.0,0.0,0,0,0,0.0,2
2016-06-14 00:00:00,1205100.5343759758,1201268.5795357577,-0.0031797802182557677,399345.0254076725,801923.5541280853,0.0,-3911.32675369957,0.0,0.0,0,0,0,0.0,2
2016-06-15 00:00:00,1201268.5795357577,1207689.2362349522,0.005344896893645467,399345.0254076725,808344.2108272798,0.0,3472.1574585079215,0.0,0.0,0,0,0,0.0,2
2016-06-16 00:00:00,1207689.2362349522,1201276.3386128629,-0.005310056121790058,399345.0254076725,801931.3132051902,0.0,-4796.28653698432,0.0,0.0,0,0,0,0.0,2
2016-06-17 00:00:00,1201276.3386128629,1208641.0456724856,0.006130735138034029,399345.0254076725,809296.020264813,0.0,4489.939838886785,0.0,0.0,0,0,0,0.0,2
2016-06-20 00:00:00,1208641.0456724856,1209868.084158206,0.0010152215913183439,399345.0254076725,810523.0587505333,0.0,8662.661290438089,0.0,0.0,0,0,0,0.0,2
2016-06-21 00:00:00,1209868.084158206,1207246.6113952561,-0.0021667426368831904,399345.0254076725,807901.5859875837,0.0,-4435.030046963715,0.0,0.0,0,0,0,0.0,2
2016-06-22 00:00:00,1207246.6113952561,1200510.3095538206,-0.005579888796415932,0.0,1200510.3095538206,0.0,-8733.42868404265,0.0,0.0,0,0,0,0.0,3
2016-06-23 00:00:00,1200510.3095538206,1211768.5646212336,0.009377891199949124,0.0,1211768.5646212336,0.0,9588.156744478678,0.0,0.0,0,0,0,0.0,3
2016-06-24 00:00:00,1211768.5646212336,1179568.196346171,-0.026573034831224245,0.0,1179568.196346171,0.0,987.7937662904733,0.0,0.0,0,0,0,0.0,3
2016-06-27 00:00:00,1179568.196346171,1183722.4114034213,0.0035218099895524793,0.0,1183722.4114034213,0.0,8922.728449852031,0.0,0.0,0,0,0,0.0,3
2016-06-28 00:00:00,1183722.4114034213,1193727.432419599,0.008452168278469754,0.0,1193727.432419599,0.0,6362.373453316279,0.0,0.0,0,0,0,0.0,3
2016-06-29 00:00:00,1193727.432419599,1197807.4951347527,0.0034179181983643317,0.0,1197807.4951347527,0.0,408.06914875860093,0.0,0.0,0,0,0,0.0,3
2016-06-30 00:00:00,1197807.4951347527,1237309.0694944775,0.03297823274622343,0.0,1237309.0694944775,0.0,32702.471495776554,0.0,0.0,0,0,0,0.0,3
2016-07-01 00:00:00,1237309.0694944775,1187698.7509869393,-0.040095332468392295,0.0,1187698.7509869393,0.0,-12654.57338534441,0.0,0.0,0,0,0,0.0,3
2016-07-04 00:00:00,1187698.7509869393,1178264.7354702537,-0.007943104687822727,327824.1483886361,850440.5870816177,-71520.8770190364,-12952.286879008752,0.0,0.0,0,340.05227699894834,340.05227699894834,0.0,2
2016-07-05 00:00:00,1178264.7354702537,1177934.5503422087,-0.0002802300010389909,327824.1483886361,850110.4019535726,0.0,-1388.936466883577,0.0,0.0,0,0,0,0.0,2
2016-07-07 00:00:00,1177934.5503422087,1173453.2982946858,-0.0038043302543601,327824.1483886361,845629.1499060496,0.0,-6527.781644489209,0.0,0.0,0,0,0,0.0,2
2016-07-08 00:00:00,1173453.2982946858,1175791.5958487843,0.001992663497982112,327824.1483886361,847967.4474601483,0.0,3427.4402104939218,0.0,0.0,0,0,0,0.0,2
2016-07-11 00:00:00,1175791.5958487843,1187009.0044142252,0.009540303404995214,327824.1483886361,859184.8560255892,0.0,5505.694313703745,0.0,0.0,0,0,0,0.0,2
2016-07-12 00:00:00,1187009.0044142252,1197773.643159948,0.009068708582404602,327824.1483886361,869949.494771312,0.0,10817.905596879777,0.0,0.0,0,0,0,0.0,2
2016-07-13 00:00:00,1197773.643159948,1194052.9736929124,-0.003106321038439173,327824.1483886361,866228.8253042762,0.0,-3748.2253036987386,0.0,0.0,0,0,0,0.0,2
2016-07-14 00:00:00,1194052.9736929124,1215659.3830971108,0.018095017457537995,327824.1483886361,887835.2347084747,0.0,21168.332022117742,0.0,0.0,0,0,0,0.0,2
2016-07-15 00:00:00,1215659.3830971108,1224173.6673704272,0.007003840378070966,327824.1483886361,896349.5189817911,0.0,3958.131650224852,0.0,0.0,0,0,0,0.0,2
2016-07-18 00:00:00,1224173.6673704272,1220170.820277101,-0.003269835971822972,327824.1483886361,892346.6718884647,0.0,-3051.0171934609534,0.0,0.0,0,0,0,0.0,2
2016-07-19 00:00:00,1220170.820277101,1208495.549539653,-0.009568554290452998,327824.1483886361,880671.4011510168,0.0,-12374.684496792092,0.0,0.0,0,0,0,0.0,2
2016-07-20 00:00:00,1208495.549539653,1219538.7164776057,0.009137945888306737,327824.1483886361,891714.5680889697,0.0,7955.3441237771185,0.0,0.0,0,0,0,0.0,2
2016-07-21 00:00:00,1219538.7164776057,1221702.6314283407,0.0017743716714340749,327824.1483886361,893878.4830397046,0.0,2261.862793117296,0.0,0.0,0,0,0,0.0,2
2016-07-22 00:00:00,1221702.6314283407,1217646.8814248485,-0.0033197522041435645,0.0,1217646.8814248485,0.0,-4355.016714158817,0.0,0.0,0,0,0,0.0,3
2016-07-25 00:00:00,1217646.8814248485,1224332.1760282982,0.005490339363105712,323045.7294858006,901286.4465424975,-4778.418902835495,9770.395571426605,0.0,0.0,0,335.0956188749176,335.0956188749176,0.0,2
2016-07-26 00:00:00,1224332.1760282982,1230749.266281111,0.005241298381644753,323045.7294858006,907703.5367953103,0.0,6318.957006614306,0.0,0.0,0,0,0,0.0,2
2016-07-27 00:00:00,1230749.266281111,1232094.868131307,0.0010933192381759069,323045.7294858006,909049.1386455062,0.0,-910.2668651305139,0.0,0.0,0,0,0,0.0,2
2016-07-28 00:00:00,1232094.868131307,1238218.8133361368,0.004970352010407981,323045.7294858006,915173.0838503363,0.0,3573.8325636500376,0.0,0.0,0,0,0,0.0,2
2016-07-29 00:00:00,1238218.8133361368,1240762.9899061387,0.0020547067631343824,323045.7294858006,917717.2604203383,0.0,-54.740807065332774,0.0,0.0,0,0,0,0.0,2
2016-08-01 00:00:00,1240762.9899061387,1250928.5734079804,0.008193009933839698,323045.7294858006,927882.8439221798,0.0,5825.516247120278,0.0,0.0,0,0,0,0.0,2
2016-08-02 00:00:00,1250928.5734079804,1253989.6674561664,0.0024470574205899295,323045.7294858006,930943.9379703659,0.0,185.93734063225565,0.0,0.0,0,0,0,0.0,2
2016-08-03 00:00:00,1253989.6674561664,1254707.8285266566,0.0005727009473268722,323045.7294858006,931662.099040856,0.0,-1392.381776514987,0.0,0.0,0,0,0,0.0,2
2016-08-04 00:00:00,1254707.8285266566,1255576.2970373586,0.0006921679222499317,323045.7294858006,932530.567551558,0.0,-1847.100561920961,0.0,0.0,0,0,0,0.0,2
2016-08-05 00:00:00,1255576.2970373586,1290413.0176995285,0.027745602353572717,323045.7294858006,967367.288213728,0.0,30295.71942168445,0.0,0.0,0,0,0,0.0,2
2016-08-08 00:00:00,1290413.0176995285,1294938.4183313844,0.003506939692784218,323045.7294858006,971892.6888455838,0.0,-588.982743259985,0.0,0.0,0,0,0,0.0,2
2016-08-09 00:00:00,1294938.4183313844,1283846.8391790441,-0.008565333297186867,323045.7294858006,960801.1096932434,0.0,-11043.287166362396,0.0,0.0,0,0,0,0.0,2
2016-08-10 00:00:00,1283846.8391790441,1255967.8475636612,-0.021715200571129013,323045.7294858006,932922.1180778604,0.0,-30735.074138485652,0.0,0.0,0,0,0,0.0,2
2016-08-11 00:00:00,1255967.8475636612,1222784.9261367074,-0.026420199761739368,323045.7294858006,899739.1966509067,0.0,-31836.4847759087,0.0,0.0,0,0,0,0.0,2
2016-08-16 00:00:00,1222784.9261367074,1241298.233230352,0.01514028076232167,733264.7322813137,508033.5009490383,30968.66839304868,-1569.3120138066588,0.0,0.0,0,425.52053182939886,425.52053182939886,0.0,1
2016-08-17 00:00:00,1241298.233230352,1246555.3480719803,0.004235174675103862,733264.7322813137,513290.61579066643,0.0,2883.547189468518,0.0,0.0,0,0,0,0.0,1
2016-08-18 00:00:00,1246555.3480719803,1251380.8624639825,0.0038710791297520562,733264.7322813137,518116.13018266874,0.0,4099.72662955994,0.0,0.0,0,0,0,0.0,1
2016-08-19 00:00:00,1251380.8624639825,1257383.3736961102,0.0047967101081509735,733264.7322813137,524118.64141479647,0.0,5865.150661195919,0.0,0.0,0,0,0,0.0,1
2016-08-22 00:00:00,1257383.3736961102,1260266.9172958392,0.0022932891113811305,733264.7322813137,527002.1850145255,0.0,3256.2552860083524,0.0,0.0,0,0,0,0.0,1
2016-08-23 00:00:00,1260266.9172958392,1245049.666888163,-0.012074624985259425,0.0,1245049.666888163,0.0,-15177.987149443361,0.0,0.0,0,0,0,0.0,3
2016-08-24 00:00:00,1245049.666888163,1241865.0158192923,-0.00255785062521264,0.0,1241865.0158192923,0.0,-5289.510249203944,0.0,0.0,0,0,0,0.0,3
2016-08-25 00:00:00,1241865.0158192923,1251304.5684187973,0.007601110007336445,0.0,1251304.5684187973,0.0,4993.178767908772,0.0,0.0,0,0,0,0.0,3
2016-08-26 00:00:00,1251304.5684187973,1244652.9501675148,-0.005315746796711341,0.0,1244652.9501675148,0.0,-7634.811185385683,0.0,0.0,0,0,0,0.0,3
2016-08-29 00:00:00,1244652.9501675148,1249344.620717326,0.003769460835793348,359309.7543942898,890034.8663230361,-7322.611746367088,6600.100854497112,0.0,0.0,0,372.71232375737515,372.71232375737515,0.0,2
2016-08-30 00:00:00,1249344.620717326,1261595.412712957,0.009805774797827302,359309.7543942898,902285.6583186672,0.0,8107.053274058097,0.0,0.0,0,0,0,0.0,2
2016-08-31 00:00:00,1261595.412712957,1262429.08779401,0.000660810171511563,359309.7543942898,903119.3333997201,0.0,-1506.4544383883476,0.0,0.0,0,0,0,0.0,2
2016-09-01 00:00:00,1262429.08779401,1252311.589239318,-0.008014310389799103,359309.7543942898,893001.8348450281,0.0,-10128.481889375777,0.0,0.0,0,0,0,0.0,2
2016-09-02 00:00:00,1252311.589239318,1261500.4757674676,0.007337540119493143,359309.7543942898,902190.7213731777,0.0,7180.3869930904475,0.0,0.0,0,0,0,0.0,2
2016-09-06 00:00:00,1261500.4757674676,1285207.1430422622,0.018792436253638314,719953.9172791117,565253.2257631506,-5988.203255835008,19949.44760905183,0.0,0.0,0,374.0965068564012,374.0965068564012,0.0,1
2016-09-07 00:00:00,1285207.1430422622,1269808.5737896422,-0.011981390965638,719953.9172791117,549854.6565105304,0.0,-18105.542309153592,0.0,0.0,0,0,0,0.0,1
2016-09-08 00:00:00,1269808.5737896422,1241051.633023779,-0.02264667396286394,719953.9172791117,521097.7157446672,0.0,-23107.5874135294,0.0,0.0,0,0,0,0.0,1
2016-09-09 00:00:00,1241051.633023779,1220651.0738470713,-0.016438122825721917,719953.9172791117,500697.1565679597,0.0,10278.769249080215,0.0,0.0,0,0,0,0.0,1
2016-09-12 00:00:00,1220651.0738470713,1192737.5714339772,-0.022867716263190847,719953.9172791117,472783.6541548656,0.0,-17222.802393027523,0.0,0.0,0,0,0,0.0,1
2016-09-14 00:00:00,1192737.5714339772,1211725.802230307,0.015919873114670934,719953.9172791117,491771.88495119516,0.0,19772.882174357015,0.0,0.0,0,0,0,0.0,1
2016-09-15 00:00:00,1211725.802230307,1199289.3026396486,-0.010263460238089907,719953.9172791117,479335.3853605368,0.0,-7140.205049071985,0.0,0.0,0,0,0,0.0,1
2016-09-16 00:00:00,1199289.3026396486,1178888.7126321353,-0.017010566143307856,719953.9172791117,458934.79535302357,0.0,-24402.217507332098,0.0,0.0,0,0,0,0.0,1
2016-09-19 00:00:00,1178888.7126321353,1181850.7206324856,0.0025125425060156634,719953.9172791117,461896.80335337395,0.0,4452.829284463543,0.0,0.0,0,0,0,0.0,1
2016-09-20 00:00:00,1181850.7206324856,1193502.6070477366,0.009859017058444892,719953.9172791117,473548.6897686249,0.0,7042.119366609782,0.0,0.0,0,0,0,0.0,1
2016-09-21 00:00:00,1193502.6070477366,1198681.1958271319,0.004338984053168545,719953.9172791117,478727.2785480202,0.0,4374.348586228385,0.0,0.0,0,0,0,0.0,1
2016-09-22 00:00:00,1198681.1958271319,1210093.3573754746,0.0095205977937011,0.0,1210093.3573754746,0.0,1702.2596363008488,0.0,0.0,0,0,0,0.0,3
2016-09-23 00:00:00,1210093.3573754746,1210736.7184384083,0.0005316623374654764,0.0,1210736.7184384083,0.0,-3868.2457817196264,0.0,0.0,0,0,0,0.0,3
2016-09-26 00:00:00,1210736.7184384083,1209495.9856341248,-0.0010247750690866796,0.0,1209495.9856341248,0.0,11954.985601795197,0.0,0.0,0,0,0,0.0,3
2016-09-27 00:00:00,1209495.9856341248,1207647.8264098447,-0.0015280408089252049,0.0,1207647.8264098447,0.0,-7753.2902200098615,0.0,0.0,0,0,0,0.0,3
2016-09-28 00:00:00,1207647.8264098447,1223809.817576949,0.013383033375840625,0.0,1223809.817576949,0.0,12397.460733121377,0.0,0.0,0,0,0,0.0,3
2016-09-29 00:00:00,1223809.817576949,1177199.4353129817,-0.038086295431305116,0.0,1177199.4353129817,0.0,-49470.992598261335,0.0,0.0,0,0,0,0.0,3
2016-09-30 00:00:00,1177199.4353129817,1198099.8546547843,0.01775435726083729,327426.8838994496,870672.9707553348,-32550.07474010626,24752.30636679451,0.0,0.0,0,339.64019419546145,339.64019419546145,0.0,2
2016-10-03 00:00:00,1198099.8546547843,1211764.6147737943,0.011405359967218512,327426.8838994496,884337.7308743447,0.0,2109.206099263043,0.0,0.0,0,0,0,0.0,2
2016-10-04 00:00:00,1211764.6147737943,1216014.9093540006,0.0035075249172874198,327426.8838994496,888588.025454551,0.0,-417.52978286350844,0.0,0.0,0,0,0,0.0,2
2016-10-05 00:00:00,1216014.9093540006,1215156.0006497228,-0.0007063307346569589,327426.8838994496,887729.1167502733,0.0,-7170.199893468467,0.0,0.0,0,0,0,0.0,2
2016-10-06 00:00:00,1215156.0006497228,1214184.8227498115,-0.0007992207579866529,327426.8838994496,886757.9388503619,0.0,13379.013233063743,0.0,0.0,0,0,0,0.0,2
2016-10-07 00:00:00,1214184.8227498115,1218594.7523993521,0.0036320085434385107,327426.8838994496,891167.8684999025,0.0,3751.6523843991454,0.0,0.0,0,0,0,0.0,2
2016-10-10 00:00:00,1218594.7523993521,1216918.4542280661,-0.0013755993680306421,327426.8838994496,889491.5703286165,0.0,-5542.206024143205,0.0,0.0,0,0,0,0.0,2
2016-10-13 00:00:00,1216918.4542280661,1194559.6301449004,-0.018373313351837298,327426.8838994496,867132.7462454508,0.0,-14677.040220430703,0.0,0.0,0,0,0,0.0,2
2016-10-14 00:00:00,1194559.6301449004,1202186.01099068,0.006384261323860803,327426.8838994496,874759.1270912304,0.0,3230.7804923253716,0.0,0.0,0,0,0,0.0,2
2016-10-17 00:00:00,1202186.01099068,1193622.6153253359,-0.007123186917045629,327426.8838994496,866195.7314258864,0.0,-9988.183343168348,0.0,0.0,0,0,0,0.0,2
2016-10-18 00:00:00,1193622.6153253359,1216092.6304617375,0.018825058144761413,327426.8838994496,888665.746562288,0.0,19098.925392163044,0.0,0.0,0,0,0,0.0,2
2016-10-19 00:00:00,1216092.6304617375,1207701.3001649696,-0.006900239411517342,327426.8838994496,880274.41626552,0.0,-10957.85045173252,0.0,0.0,0,0,0,0.0,2
2016-10-20 00:00:00,1207701.3001649696,1209151.7786914327,0.0012010242319561147,327426.8838994496,881724.8947919831,0.0,-3922.2329186326824,0.0,0.0,0,0,0,0.0,2
2016-10-21 00:00:00,1209151.7786914327,1212906.9778823024,0.0031056474935955876,327426.8838994496,885480.0939828526,0.0,1173.8556466264417,0.0,0.0,0,0,0,0.0,2
2016-10-24 00:00:00,1212906.9778823024,1212292.8360258003,-0.0005063387940716736,0.0,1212292.8360258003,0.0,-4984.96423481009,0.0,0.0,0,0,0,0.0,3
2016-10-25 00:00:00,1212292.8360258003,1215028.9705370623,0.002256991405007127,0.0,1215028.9705370623,0.0,886.716789004684,0.0,0.0,0,0,0,0.0,3
2016-10-26 00:00:00,1215028.9705370623,1208614.0907263297,-0.0052796105823691404,0.0,1208614.0907263297,0.0,-6286.454001209,0.0,0.0,0,0,0,0.0,3
2016-10-27 00:00:00,1208614.0907263297,1186937.275932029,-0.017935265657273537,0.0,1186937.275932029,0.0,-25406.81348454504,0.0,0.0,0,0,0,0.0,3
2016-10-28 00:00:00,1186937.275932029,1203102.4361449473,0.01361922027448747,0.0,1203102.4361449473,0.0,8329.81390743336,0.0,0.0,0,0,0,0.0,3
2016-11-01 00:00:00,1203102.4361449473,1240337.8316820513,0.030949480624788583,0.0,1240337.8316820513,0.0,15872.053554804763,0.0,0.0,0,0,0,0.0,3
2016-11-02 00:00:00,1240337.8316820513,1219204.9666549866,-0.017037991172458165,484423.421640546,734781.5450144405,105173.08723808151,-6880.3713578196475,0.0,0.0,0,502.49284065920136,502.49284065920136,0.0,2
2016-11-03 00:00:00,1219204.9666549866,1212312.8936712078,-0.005652923972814749,484423.421640546,727889.4720306619,0.0,-6555.910899292852,0.0,0.0,0,0,0,0.0,2
2016-11-04 00:00:00,1212312.8936712078,1206701.2276614145,-0.004628892457622606,484423.421640546,722277.8060208685,0.0,-8288.080294816871,0.0,0.0,0,0,0,0.0,2
2016-11-07 00:00:00,1206701.2276614145,1210610.8537847996,0.003239928852116848,0.0,1210610.8537847996,0.0,-5890.421526274178,0.0,0.0,0,759.3850004791027,759.3850004791027,0.0,1
2016-11-08 00:00:00,1210610.8537847996,1214072.3290937769,0.0028592799231524305,0.0,1214072.3290937769,0.0,-2428.946217296878,0.0,0.0,0,0,0,0.0,1
2016-11-09 00:00:00,1214072.3290937769,1232935.0671146857,0.0155367498038511,0.0,1232935.0671146857,0.0,16433.791803611908,0.0,0.0,0,0,0,0.0,1
2016-11-10 00:00:00,1232935.0671146857,1227348.518912672,-0.0045310968525595074,0.0,1227348.518912672,0.0,10847.243601598311,0.0,0.0,0,0,0,0.0,1
2016-11-11 00:00:00,1227348.518912672,1206755.0850233547,-0.01677879882689017,0.0,1206755.0850233547,0.0,-9746.190287719015,0.0,0.0,0,0,0,0.0,1
2016-11-15 00:00:00,1206755.0850233547,1201015.1819071237,-0.004756477256625771,0.0,1201015.1819071237,0.0,-15486.0934039501,0.0,0.0,0,0,0,0.0,1
2016-11-16 00:00:00,1201015.1819071237,1199437.8409529326,-0.0013133397295497548,0.0,1199437.8409529326,0.0,-17063.434358141152,0.0,0.0,0,0,0,0.0,1
2016-11-17 00:00:00,1199437.8409529326,1185175.7503585478,-0.011890645857107389,0.0,1185175.7503585478,0.0,-31325.52495252597,0.0,0.0,0,0,0,0.0,1
2016-11-18 00:00:00,1185175.7503585478,1160332.1706831576,-0.020961937221441036,0.0,1160332.1706831576,0.0,-56169.104627916124,0.0,0.0,0,0,0,0.0,1
2016-11-21 00:00:00,1160332.1706831576,1165655.8008687526,0.00458802256810709,0.0,1165655.8008687526,0.0,-50845.47444232111,0.0,0.0,0,0,0,0.0,1
2016-11-22 00:00:00,1165655.8008687526,1170300.240107293,0.003984400227819314,0.0,1170300.240107293,0.0,-46201.035203780746,0.0,0.0,0,0,0,0.0,1
2016-11-23 00:00:00,1170300.240107293,1171636.642523234,0.0011419312498974472,0.0,1171636.642523234,0.0,-44864.63278783974,0.0,0.0,0,0,0,0.0,1
2016-11-24 00:00:00,1171636.642523234,1167956.1245820147,-0.003141347588184773,0.0,1167956.1245820147,0.0,-48545.15072905901,0.0,0.0,0,0,0,0.0,1
2016-11-25 00:00:00,1167956.1245820147,1154241.7659264752,-0.011742186514452874,0.0,1154241.7659264752,0.0,-62259.50938459858,0.0,0.0,0,0,0,0.0,1
2016-11-28 00:00:00,1154241.7659264752,1163727.87470195,0.008218476453986757,0.0,1163727.87470195,0.0,-52773.40060912375,0.0,0.0,0,0,0,0.0,1
2016-11-29 00:00:00,1163727.87470195,1163026.8714210475,-0.0006023773221742693,0.0,1163026.8714210475,0.0,-53474.40389002627,0.0,0.0,0,0,0,0.0,1
2016-11-30 00:00:00,1163026.8714210475,1159214.8108994586,-0.003277706315530885,0.0,1159214.8108994586,0.0,-57286.46441161516,0.0,0.0,0,0,0,0.0,1
2016-12-01 00:00:00,1159214.8108994586,1146311.1021991833,-0.011131421526837661,0.0,1146311.1021991833,0.0,-70190.17311189044,0.0,0.0,0,0,0,0.0,1
2016-12-02 00:00:00,1146311.1021991833,1136583.971313298,-0.008485594239839389,0.0,1136583.971313298,0.0,-79917.30399777577,0.0,0.0,0,0,0,0.0,1
2016-12-05 00:00:00,1136583.971313298,1131961.3444086055,-0.004067123082292948,0.0,1131961.3444086055,0.0,-84539.93090246827,0.0,0.0,0,0,0,0.0,1
2016-12-06 00:00:00,1131961.3444086055,1135532.3828197839,0.0031547352997677554,0.0,1135532.3828197839,0.0,-80968.89249128988,0.0,0.0,0,0,0,0.0,1
2016-12-07 00:00:00,1135532.3828197839,1131413.6960419205,-0.0036270975977239746,0.0,1131413.6960419205,0.0,-85087.5792691533,0.0,0.0,0,0,0,0.0,1
2016-12-08 00:00:00,1131413.6960419205,1135094.2139831397,0.0032530257978094146,0.0,1135094.2139831397,0.0,-81407.06132793403,0.0,0.0,0,0,0,0.0,1
2016-12-09 00:00:00,1135094.2139831397,1127557.8437083152,-0.006639422685786414,0.0,1127557.8437083152,0.0,-88943.43160275859,0.0,0.0,0,0,0,0.0,1
2016-12-12 00:00:00,1127557.8437083152,1124359.2864157564,-0.0028367123783550607,0.0,1124359.2864157564,0.0,-92141.9888953173,0.0,0.0,0,0,0,0.0,1
2016-12-13 00:00:00,1124359.2864157564,1120766.4356707302,-0.0031954649980964534,0.0,1120766.4356707302,0.0,-95734.83964034356,0.0,0.0,0,0,0,0.0,1
2016-12-14 00:00:00,1120766.4356707302,1118422.2365732917,-0.0020916035873572362,0.0,1118422.2365732917,0.0,-98079.03873778204,0.0,0.0,0,0,0,0.0,1
2016-12-15 00:00:00,1118422.2365732917,1108322.708140947,-0.009030157039159468,0.0,1108322.708140947,0.0,-108178.56717012683,0.0,0.0,0,0,0,0.0,1
2016-12-16 00:00:00,1108322.708140947,1095747.5216029542,-0.011346141737983295,0.0,1095747.5216029542,0.0,-120753.7537081195,0.0,0.0,0,0,0,0.0,1
2016-12-19 00:00:00,1095747.5216029542,1099208.9969119316,0.0031590081115707705,0.0,1099208.9969119316,0.0,-117292.2783991422,0.0,0.0,0,0,0,0.0,1
2016-12-20 00:00:00,1099208.9969119316,1096601.9633702345,-0.002371735992901405,0.0,1096601.9633702345,0.0,-119899.31194083928,0.0,0.0,0,0,0,0.0,1
2016-12-21 00:00:00,1096601.9633702345,1096098.1068155658,-0.0004594707756313925,0.0,1096098.1068155658,0.0,-120403.16849550791,0.0,0.0,0,0,0,0.0,1
2016-12-22 00:00:00,1096098.1068155658,1090007.7020588834,-0.005556441270003267,0.0,1090007.7020588834,0.0,-126493.57325219037,0.0,0.0,0,0,0,0.0,1
2016-12-23 00:00:00,1090007.7020588834,1089394.2824020137,-0.0005627663508350007,0.0,1089394.2824020137,0.0,-127106.99290906009,0.0,0.0,0,0,0,0.0,1
2016-12-26 00:00:00,1089394.2824020137,1095397.0199625029,0.005510160698891988,0.0,1095397.0199625029,0.0,-121104.25534857088,0.0,0.0,0,0,0,0.0,1
2016-12-27 00:00:00,1095397.0199625029,1106416.6778801526,0.010059967041015812,0.0,1106416.6778801526,0.0,-110084.59743092116,0.0,0.0,0,0,0,0.0,1
2016-12-28 00:00:00,1106416.6778801526,1115946.662039804,0.008613377175324661,0.0,1115946.662039804,0.0,-100554.61327126971,0.0,0.0,0,0,0,0.0,1
2016-12-29 00:00:00,1115946.662039804,1115837.098937603,-9.817951513993152e-05,0.0,1115837.098937603,0.0,-100664.17637347081,0.0,0.0,0,0,0,0.0,1
2016-12-30 00:00:00,1115837.098937603,1123702.0749468703,0.007048498402460078,0.0,1123702.0749468703,0.0,-92799.20036420343,0.0,0.0,0,0,0,0.0,1
2017-01-02 00:00:00,1123702.0749468703,1120963.582396964,-0.0024370272254198074,0.0,1120963.582396964,0.0,-95537.69291410968,0.0,0.0,0,0,0,0.0,1
2017-01-03 00:00:00,1120963.582396964,1115618.056305361,-0.004768688452993916,0.0,1115618.056305361,0.0,-100883.21900571277,0.0,0.0,0,0,0,0.0,1
2017-01-04 00:00:00,1115618.056305361,1131873.7607845727,0.01457103027988486,0.0,1131873.7607845727,0.0,-84627.51452650107,0.0,0.0,0,0,0,0.0,1
2017-01-05 00:00:00,1131873.7607845727,1138446.1261899157,0.005806624053893862,0.0,1138446.1261899157,0.0,-78055.14912115806,0.0,0.0,0,0,0,0.0,1
2017-01-06 00:00:00,1138446.1261899157,1138511.8139079402,5.769945236171793e-05,0.0,1138511.8139079402,0.0,-77989.46140313358,0.0,0.0,0,0,0,0.0,1
2017-01-09 00:00:00,1138511.8139079402,1141184.618739822,0.0023476303005652405,0.0,1141184.618739822,0.0,-75316.6565712518,0.0,0.0,0,0,0,0.0,1
2017-01-10 00:00:00,1141184.618739822,1145697.6825423134,0.00395471839383452,0.0,1145697.6825423134,0.0,-70803.5927687604,0.0,0.0,0,0,0,0.0,1
2017-01-11 00:00:00,1145697.6825423134,1153978.8479100566,0.0072280545679094445,0.0,1153978.8479100566,0.0,-62522.427401017165,0.0,0.0,0,0,0,0.0,1
2017-01-12 00:00:00,1153978.8479100566,1161712.3649111148,0.006701610705485803,0.0,1161712.3649111148,0.0,-54788.91039995896,0.0,0.0,0,0,0,0.0,1
2017-01-13 00:00:00,1161712.3649111148,1158951.9764552005,-0.0023761376217473046,0.0,1158951.9764552005,0.0,-57549.29885587329,0.0,0.0,0,0,0,0.0,1
2017-01-16 00:00:00,1158951.9764552005,1165151.8607419236,0.005349560993619616,0.0,1165151.8607419236,0.0,-51349.41456915019,0.0,0.0,0,0,0,0.0,1
2017-01-17 00:00:00,1165151.8607419236,1174221.7801589228,0.007784323848758941,0.0,1174221.7801589228,0.0,-42279.49515215098,0.0,0.0,0,0,0,0.0,1
2017-01-18 00:00:00,1174221.7801589228,1176741.230076587,0.002145633780803568,0.0,1176741.230076587,0.0,-39760.04523448669,0.0,0.0,0,0,0,0.0,1
2017-01-19 00:00:00,1176741.230076587,1168262.8344104497,-0.007204978842787322,0.0,1168262.8344104497,0.0,-48238.44090062403,0.0,0.0,0,0,0,0.0,1
2017-01-20 00:00:00,1168262.8344104497,1169358.21471598,0.0009376146131388674,0.0,1169358.21471598,0.0,-47143.06059509376,0.0,0.0,0,0,0,0.0,1
2017-01-23 00:00:00,1169358.21471598,1168328.5221284742,-0.0008805621532798574,0.0,1168328.5221284742,0.0,-48172.753182599554,0.0,0.0,0,0,0,0.0,1
2017-01-24 00:00:00,1168328.5221284742,1168240.9385044414,-7.496489418338505e-05,0.0,1168240.9385044414,0.0,-48260.336806632346,0.0,0.0,0,0,0,0.0,1
2017-01-25 00:00:00,1168240.9385044414,1162040.9706455579,-0.005307096896313724,0.0,1162040.9706455579,0.0,-54460.3046655159,0.0,0.0,0,0,0,0.0,1
2017-01-27 00:00:00,1162040.9706455579,1148633.3218184535,-0.011538017303861416,0.0,1148633.3218184535,0.0,-67867.95349262026,0.0,0.0,0,0,0,0.0,1
2017-01-30 00:00:00,1148633.3218184535,1154809.7353258785,0.005377184685576449,0.0,1154809.7353258785,0.0,-5107.9222296224325,0.0,0.0,0,1203.1836047521244,1203.1836047521244,0.0,3
2017-01-31 00:00:00,1154809.7353258785,1158921.1673235625,0.0035602678709006977,0.0,1158921.1673235625,0.0,-10512.54269915662,0.0,0.0,0,0,0,0.0,3
2017-02-01 00:00:00,1158921.1673235625,1170437.94780071,0.009937501188061523,0.0,1170437.94780071,0.0,7645.124468996713,0.0,0.0,0,0,0,0.0,3
2017-02-02 00:00:00,1170437.94780071,1165893.326013838,-0.0038828387232417113,0.0,1165893.326013838,0.0,-5643.626410403289,0.0,0.0,0,0,0,0.0,3
2017-02-03 00:00:00,1165893.326013838,1162380.1860236556,-0.00301326022869837,383703.24645231524,778676.9395713403,-2935.9727328517197,-3534.540217734757,0.0,0.0,0,398.01571449005996,398.01571449005996,0.0,2
2017-02-06 00:00:00,1162380.1860236556,1160933.5241352704,-0.00124456860653658,383703.24645231524,777230.2776829551,0.0,-7652.490241030697,0.0,0.0,0,0,0,0.0,2
2017-02-07 00:00:00,1160933.5241352704,1158489.0042630704,-0.0021056501697810774,383703.24645231524,774785.7578107553,0.0,-5895.935548559821,0.0,0.0,0,0,0,0.0,2
2017-02-08 00:00:00,1158489.0042630704,1159379.1434670016,0.0007683622379285627,383703.24645231524,775675.8970146865,0.0,-871.2235633085947,0.0,0.0,0,0,0,0.0,2
2017-02-09 00:00:00,1159379.1434670016,1154062.8883889858,-0.004585432736109213,383703.24645231524,770359.6419366705,0.0,-7377.1712684734375,0.0,0.0,0,0,0,0.0,2
2017-02-10 00:00:00,1154062.8883889858,1152567.8057233687,-0.0012954949688263287,383703.24645231524,768864.5592710534,0.0,-4438.2793781959335,0.0,0.0,0,0,0,0.0,2
2017-02-13 00:00:00,1152567.8057233687,1144002.5028858776,-0.007431495826065803,383703.24645231524,760299.2564335624,0.0,-8484.936686870875,0.0,0.0,0,0,0,0.0,2
2017-02-14 00:00:00,1144002.5028858776,1139690.4823168404,-0.0037692405026733887,751953.0446583801,387737.43765846035,-18389.42097910215,-6863.902797966322,0.0,0.0,0,381.98583905393724,381.98583905393724,0.0,1
2017-02-15 00:00:00,1139690.4823168404,1134654.2850781402,-0.004418916641702848,751953.0446583801,382701.2404197601,0.0,-5698.6955548267,0.0,0.0,0,0,0,0.0,1
2017-02-16 00:00:00,1134654.2850781402,1145219.3924763645,0.009311300840411235,751953.0446583801,393266.3478179845,0.0,10741.367043437087,0.0,0.0,0,0,0,0.0,1
2017-02-17 00:00:00,1145219.3924763645,1142947.8236614037,-0.0019835228340386803,751953.0446583801,390994.7790030236,0.0,-3149.6302995778387,0.0,0.0,0,0,0,0.0,1
2017-02-20 00:00:00,1142947.8236614037,1149697.491446037,0.005905490736235852,751953.0446583801,397744.446787657,0.0,6749.66767841921,0.0,0.0,0,0,0,0.0,1
2017-02-21 00:00:00,1149697.491446037,1147739.155197896,-0.0017033491528957838,751953.0446583801,395786.1105395159,0.0,-518.9673571401509,0.0,0.0,0,0,0,0.0,1
2017-02-22 00:00:00,1147739.155197896,1138318.5606001052,-0.008207957840530878,0.0,1138318.5606001052,0.0,-10063.527725892549,0.0,0.0,0,0,0,0.0,3
2017-02-23 00:00:00,1138318.5606001052,1142156.815957153,0.0033718639842122075,0.0,1142156.815957153,0.0,2001.5227970039123,0.0,0.0,0,0,0,0.0,3
2017-02-27 00:00:00,1142156.815957153,1133618.5836590677,-0.007475534163782933,0.0,1133618.5836590677,0.0,-9377.991255756759,0.0,0.0,0,0,0,0.0,3
2017-02-28 00:00:00,1133618.5836590677,1137661.2637943453,0.0035661731322617317,0.0,1137661.2637943453,0.0,2537.755078745482,0.0,0.0,0,0,0,0.0,3
2017-03-01 00:00:00,1137661.2637943453,1128094.7397746001,-0.008408938868006071,0.0,1128094.7397746001,0.0,-12838.740545424458,0.0,0.0,0,0,0,0.0,3
2017-03-02 00:00:00,1128094.7397746001,1113340.9679972702,-0.013078486457864217,0.0,1113340.9679972702,0.0,-19778.734424359107,0.0,0.0,0,0,0,0.0,3
2017-03-03 00:00:00,1113340.9679972702,1130590.6384928958,0.01549360976687591,0.0,1130590.6384928958,0.0,16800.29971384129,0.0,0.0,0,0,0,0.0,3
2017-03-06 00:00:00,1130590.6384928958,1137034.2099402477,0.0056992966578437105,0.0,1137034.2099402477,0.0,-626.460339629266,0.0,0.0,0,0,0,0.0,3
2017-03-07 00:00:00,1137034.2099402477,1134830.4205557953,-0.001938190922653246,0.0,1134830.4205557953,0.0,-758.8294785643229,0.0,0.0,0,0,0,0.0,3
2017-03-08 00:00:00,1134830.4205557953,1128293.0099813566,-0.005760693805896552,384411.0172003639,743881.9927809928,-2228.201984803049,-4636.3387101890985,0.0,0.0,0,398.7498857085326,398.7498857085326,0.0,2
2017-03-09 00:00:00,1128293.0099813566,1120851.2790041286,-0.0065955659668146625,384411.0172003639,736440.2618037647,0.0,7176.4073183484725,0.0,0.0,0,0,0,0.0,2
2017-03-10 00:00:00,1120851.2790041286,1124425.2084742151,0.003188584905984932,384411.0172003639,740014.1912738513,0.0,278.8899348062696,0.0,0.0,0,0,0,0.0,2
2017-03-14 00:00:00,1124425.2084742151,1131861.10616466,0.006613065621798952,384411.0172003639,747450.0889642962,0.0,-5115.66029164003,0.0,0.0,0,0,0,0.0,2
2017-03-15 00:00:00,1131861.10616466,1150099.9888771842,0.016114064361065526,384411.0172003639,765688.9716768204,0.0,17877.052743463428,0.0,0.0,0,0,0,0.0,2
2017-03-16 00:00:00,1150099.9888771842,1154063.303407893,0.0034460608373521667,384411.0172003639,769652.286207529,0.0,-3878.5003059250303,0.0,0.0,0,0,0,0.0,2
2017-03-17 00:00:00,1154063.303407893,1146564.5023403638,-0.006497738075013432,384411.0172003639,762153.48514,0.0,-6082.070639008656,0.0,0.0,0,0,0,0.0,2
2017-03-20 00:00:00,1146564.5023403638,1147795.372642037,0.0010735290506209989,384411.0172003639,763384.3554416732,0.0,-492.02013872610405,0.0,0.0,0,0,0,0.0,2
2017-03-21 00:00:00,1147795.372642037,1141869.7968269144,-0.005162571618913979,384411.0172003639,757458.7796265506,0.0,-6107.768250130641,0.0,0.0,0,0,0,0.0,2
2017-03-22 00:00:00,1141869.7968269144,1131260.6307783155,-0.009291047086174124,0.0,1131260.6307783155,0.0,-5160.796734680189,0.0,0.0,0,0,0,0.0,3
2017-03-23 00:00:00,1131260.6307783155,1136987.5687360463,0.005062439018841015,354079.2824830007,782908.2862530455,-21897.23984618931,2434.704399580136,0.0,0.0,0,367.2867506507097,367.2867506507097,0.0,2
2017-03-24 00:00:00,1136987.5687360463,1138087.215856875,0.0009671584378457047,354079.2824830007,784007.9333738743,0.0,2376.469407943776,0.0,0.0,0,0,0,0.0,2
2017-03-27 00:00:00,1138087.215856875,1137748.0559373058,-0.000298008724501762,354079.2824830007,783668.773454305,0.0,-3339.0085632599657,0.0,0.0,0,0,0,0.0,2
2017-03-28 00:00:00,1137748.0559373058,1143294.5920342628,0.004875012590012882,354079.2824830007,789215.3095512621,0.0,3611.9624179144157,0.0,0.0,0,0,0,0.0,2
2017-03-29 00:00:00,1143294.5920342628,1149436.0666887003,0.005371734194517608,729987.1449452622,419448.9217434381,-8503.154738102372,-1755.895731054945,0.0,0.0,0,389.9295558317407,389.9295558317407,0.0,1
2017-03-30 00:00:00,1149436.0666887003,1148158.9607295184,-0.0011110717648359497,729987.1449452622,418171.8157842563,0.0,-1017.6633808664628,0.0,0.0,0,0,0,0.0,1
2017-03-31 00:00:00,1148158.9607295184,1150274.0815104602,0.0018421846218905872,729987.1449452622,420286.93656519795,0.0,-1536.4329937368166,0.0,0.0,0,0,0,0.0,1
2017-04-03 00:00:00,1150274.0815104602,1151772.0546201624,0.001302274939321487,1151772.0546201624,0,45808.38734571,0,0.0,0.0,0,437.5178571918695,437.5178571918695,0.0,0
2017-04-05 00:00:00,1151772.0546201624,1151772.0546201624,0.0,1151772.0546201624,0,0.0,0,0.0,0.0,0,0,0,0.0,0
2017-04-06 00:00:00,1151772.0546201624,1151772.0546201624,0.0,1151772.0546201624,0,0.0,0,0.0,0.0,0,0,0,0.0,0
2017-04-07 00:00:00,1151772.0546201624,1151772.0546201624,0.0,1151772.0546201624,0,0.0,0,0.0,0.0,0,0,0,0.0,0
2017-04-10 00:00:00,1151772.0546201624,1151772.0546201624,0.0,1151772.0546201624,0,0.0,0,0.0,0.0,0,0,0,0.0,0
2017-04-11 00:00:00,1151772.0546201624,1151772.0546201624,0.0,1151772.0546201624,0,0.0,0,0.0,0.0,0,0,0,0.0,0
2017-04-12 00:00:00,1151772.0546201624,1151772.0546201624,0.0,1151772.0546201624,0,0.0,0,0.0,0.0,0,0,0,0.0,0
2017-04-13 00:00:00,1151772.0546201624,1151772.0546201624,0.0,1151772.0546201624,0,0.0,0,0.0,0.0,0,0,0,0.0,0
2017-04-17 00:00:00,1151772.0546201624,1151772.0546201624,0.0,1151772.0546201624,0,0.0,0,0.0,0.0,0,0,0,0.0,0
2017-04-18 00:00:00,1151772.0546201624,1151772.0546201624,0.0,1151772.0546201624,0,0.0,0,0.0,0.0,0,0,0,0.0,0
2017-04-19 00:00:00,1151772.0546201624,1151772.0546201624,0.0,1151772.0546201624,0,0.0,0,0.0,0.0,0,0,0,0.0,0
2017-04-20 00:00:00,1151772.0546201624,1151772.0546201624,0.0,1151772.0546201624,0,0.0,0,0.0,0.0,0,0,0,0.0,0
2017-04-21 00:00:00,1151772.0546201624,1151772.0546201624,0.0,1151772.0546201624,0,0.0,0,0.0,0.0,0,0,0,0.0,0
2017-04-24 00:00:00,1151772.0546201624,1159288.0584674312,0.006525600110820143,0.0,1159288.0584674312,0.0,7516.003847268876,0.0,0.0,0,0,0,0.0,3
2017-04-25 00:00:00,1159288.0584674312,1170217.0325649627,0.009427315340399115,0.0,1170217.0325649627,0.0,4607.229591749783,0.0,0.0,0,0,0,0.0,3
2017-04-26 00:00:00,1170217.0325649627,1167333.7606062866,-0.0024638779631812498,0.0,1167333.7606062866,0.0,-8650.943978839612,0.0,0.0,0,0,0,0.0,3
2017-04-27 00:00:00,1167333.7606062866,1182236.0754634868,0.012766113137566013,0.0,1182236.0754634868,0.0,14641.538432091067,0.0,0.0,0,0,0,0.0,3
2017-04-28 00:00:00,1182236.0754634868,1180452.0266257306,-0.0015090461835694275,0.0,1180452.0266257306,0.0,-4832.730852276203,0.0,0.0,0,0,0,0.0,3
2017-05-02 00:00:00,1180452.0266257306,1183123.404935082,0.0022630130230598257,0.0,1183123.404935082,0.0,1282.3124483288266,0.0,0.0,0,0,0,0.0,3
2017-05-03 00:00:00,1183123.404935082,1197295.8687460856,0.01197885508129327,0.0,1197295.8687460856,0.0,11187.87939061597,0.0,0.0,0,0,0,0.0,3
2017-05-04 00:00:00,1197295.8687460856,1191266.3712495794,-0.005035929425548611,0.0,1191266.3712495794,0.0,-8266.252702927799,0.0,0.0,0,0,0,0.0,3
2017-05-05 00:00:00,1191266.3712495794,1174983.602440038,-0.013668453338829286,0.0,1174983.602440038,0.0,-20332.8726222564,0.0,0.0,0,0,0,0.0,3
2017-05-08 00:00:00,1174983.602440038,1173138.250138741,-0.0015705345142390471,0.0,1173138.250138741,0.0,-6103.431388680416,0.0,0.0,0,0,0,0.0,3
2017-05-09 00:00:00,1173138.250138741,1196533.3528207038,0.01994232365980391,0.0,1196533.3528207038,0.0,17267.95319174038,0.0,0.0,0,0,0,0.0,3
2017-05-10 00:00:00,1196533.3528207038,1193672.5090450048,-0.002390943611354227,0.0,1193672.5090450048,0.0,-6716.254229532613,0.0,0.0,0,0,0,0.0,3
2017-05-11 00:00:00,1193672.5090450048,1181440.32816767,-0.01024751829722646,0.0,1181440.32816767,0.0,-20009.138305455097,0.0,0.0,0,0,0,0.0,3
2017-05-12 00:00:00,1181440.32816767,1174047.2586566503,-0.006257674919973107,0.0,1174047.2586566503,0.0,-5713.151999202208,0.0,0.0,0,0,0,0.0,3
2017-05-15 00:00:00,1174047.2586566503,1194946.1939962758,0.017800761583940075,0.0,1194946.1939962758,0.0,15911.923356594518,0.0,0.0,0,0,0,0.0,3
2017-05-16 00:00:00,1194946.1939962758,1197759.4722727237,0.002354313767919054,397209.54253050714,800549.9297422166,13285.524323786343,-2070.2064389635925,0.0,0.0,0,412.02580727238393,412.02580727238393,0.0,2
2017-05-17 00:00:00,1197759.4722727237,1198288.317892838,0.0004415290651894263,397209.54253050714,801078.775362331,0.0,2355.645301301207,0.0,0.0,0,0,0,0.0,2
2017-05-18 00:00:00,1198288.317892838,1179444.4404831477,-0.015725662287041912,397209.54253050714,782234.8979526407,0.0,-13960.953325719805,0.0,0.0,0,0,0,0.0,2
2017-05-19 00:00:00,1179444.4404831477,1174744.9463652256,-0.003984498087927777,397209.54253050714,777535.4038347185,0.0,-7249.755892478104,0.0,0.0,0,0,0,0.0,2
2017-05-22 00:00:00,1174744.9463652256,1160348.9644746417,-0.01225455954088284,397209.54253050714,763139.4219441346,0.0,-19812.976082666835,0.0,0.0,0,0,0,0.0,2
2017-05-23 00:00:00,1160348.9644746417,1161882.8686426172,0.0013219335001259907,0.0,1161882.8686426172,0.0,-3386.9834481577273,0.0,0.0,0,0,0,0.0,3
2017-05-24 00:00:00,1161882.8686426172,1136747.3389860783,-0.02163344544868265,0.0,1136747.3389860783,0.0,-29750.93457775761,0.0,0.0,0,0,0,0.0,3
2017-05-25 00:00:00,1136747.3389860783,1160217.1507376137,0.02064646289163016,0.0,1160217.1507376137,0.0,18878.172280682076,0.0,0.0,0,0,0,0.0,3
2017-05-26 00:00:00,1160217.1507376137,1159083.5241761294,-0.0009770813685727633,0.0,1159083.5241761294,0.0,6625.577210161893,0.0,0.0,0,0,0,0.0,3
2017-05-29 00:00:00,1159083.5241761294,1144948.4221447108,-0.012195067686313414,0.0,1144948.4221447108,0.0,-15169.877048671653,0.0,0.0,0,0,0,0.0,3
2017-05-30 00:00:00,1144948.4221447108,1145805.5881699612,0.0007486503397636142,349636.5229840371,796169.0651859241,-34287.49522268371,1529.1264102541027,0.0,0.0,0,362.678272321071,362.678272321071,0.0,2
2017-05-31 00:00:00,1145805.5881699612,1158425.5123874666,0.011014018737385861,349636.5229840371,808788.9894034294,0.0,10256.66793816723,0.0,0.0,0,0,0,0.0,2
2017-06-01 00:00:00,1158425.5123874666,1140630.9423203152,-0.015360996349672569,349636.5229840371,790994.419336278,0.0,-18669.135420754552,0.0,0.0,0,0,0,0.0,2
2017-06-02 00:00:00,1140630.9423203152,1139613.8098829237,-0.0008917279022102887,349636.5229840371,789977.2868988866,0.0,-5923.7305901136715,0.0,0.0,0,0,0,0.0,2
2017-06-05 00:00:00,1139613.8098829237,1146773.5087537006,0.006282565908456707,349636.5229840371,797136.9857696635,0.0,2947.1321338774287,0.0,0.0,0,0,0,0.0,2
2017-06-06 00:00:00,1146773.5087537006,1148267.4517349887,0.0013027358670952111,349636.5229840371,798630.9287509517,0.0,-1643.7618633226957,0.0,0.0,0,0,0,0.0,2
2017-06-07 00:00:00,1148267.4517349887,1156227.7395626677,0.0069324335681998665,349636.5229840371,806591.2165786305,0.0,2933.191014893411,0.0,0.0,0,0,0,0.0,2
2017-06-08 00:00:00,1156227.7395626677,1151068.6175915778,-0.004462029230540039,349636.5229840371,801432.0946075406,0.0,-5350.272962845687,0.0,0.0,0,0,0,0.0,2
2017-06-09 00:00:00,1151068.6175915778,1164866.066874403,0.011986643604005228,349636.5229840371,815229.543890366,0.0,12311.962014503777,0.0,0.0,0,0,0,0.0,2
2017-06-12 00:00:00,1164866.066874403,1162752.5059166923,-0.001814424007887776,349636.5229840371,813115.9829326551,0.0,-2522.042700867518,0.0,0.0,0,0,0,0.0,2
2017-06-13 00:00:00,1162752.5059166923,1157799.5832042927,-0.004259653440604571,349636.5229840371,808163.0602202556,0.0,-6451.186801792879,0.0,0.0,0,0,0,0.0,2
2017-06-14 00:00:00,1157799.5832042927,1158776.3729650078,0.0008436604874323414,349636.5229840371,809139.8499809706,0.0,3527.2496005508583,0.0,0.0,0,0,0,0.0,2
2017-06-15 00:00:00,1158776.3729650078,1144238.1705202777,-0.01254616747796696,349636.5229840371,794601.6475362405,0.0,-15907.386695446447,0.0,0.0,0,0,0,0.0,2
2017-06-16 00:00:00,1144238.1705202777,1139198.1660810427,-0.004404681270983391,349636.5229840371,789561.6430970056,0.0,-8576.522877112962,0.0,0.0,0,0,0,0.0,2
2017-06-19 00:00:00,1139198.1660810427,1140675.4015334637,0.0012967326461759058,349636.5229840371,791038.8785494266,0.0,-5774.154442238912,0.0,0.0,0,0,0,0.0,2
2017-06-20 00:00:00,1140675.4015334637,1142255.9062715238,0.001385586763714999,349636.5229840371,792619.3832874866,0.0,-2038.9225959187024,0.0,0.0,0,0,0,0.0,2
2017-06-21 00:00:00,1142255.9062715238,1142730.2287606965,0.0004152506339152476,349636.5229840371,793093.7057766593,0.0,-542.9345385877532,0.0,0.0,0,0,0,0.0,2
2017-06-22 00:00:00,1142730.2287606965,1134657.3079089103,-0.007064590266892061,0.0,1134657.3079089103,0.0,-7388.219721831323,0.0,0.0,0,0,0,0.0,3
2017-06-23 00:00:00,1134657.3079089103,1124574.064305649,-0.008886598211616945,353673.20886857895,770900.8554370699,-30250.809338141808,-10855.691496558022,0.0,0.0,0,366.8655301338806,366.8655301338806,0.0,2
2017-06-27 00:00:00,1124574.064305649,1118788.3855628553,-0.005144773409269314,353673.20886857895,765115.1766942763,0.0,-6908.63755906414,0.0,0.0,0,0,0,0.0,2
2017-06-28 00:00:00,1118788.3855628553,1120334.3479009196,0.0013818183653082597,353673.20886857895,766661.1390323406,0.0,-3423.3051145044737,0.0,0.0,0,0,0,0.0,2
2017-06-29 00:00:00,1120334.3479009196,1111880.2066675783,-0.0075460876917512595,353673.20886857895,758206.9977989993,0.0,-10733.821316742222,0.0,0.0,0,0,0,0.0,2
2017-06-30 00:00:00,1111880.2066675783,1114094.700623733,0.0019916659572452944,353673.20886857895,760421.491755154,0.0,3603.5251065687626,0.0,0.0,0,0,0,0.0,2
2017-07-03 00:00:00,1114094.700623733,1119660.0510895313,0.004995401614137908,353673.20886857895,765986.8422209524,0.0,5250.961623361451,0.0,0.0,0,0,0,0.0,2
2017-07-04 00:00:00,1119660.0510895313,1124468.8864224812,0.004294906590862507,353673.20886857895,770795.6775539021,0.0,1644.644676106167,0.0,0.0,0,0,0,0.0,2
2017-07-05 00:00:00,1124468.8864224812,1124875.8926961403,0.00036195423330393525,692208.2622545541,432667.63044158614,-11101.469598062033,170.06687660573516,0.0,0.0,0,351.1627081583595,351.1627081583595,0.0,1
2017-07-06 00:00:00,1124875.8926961403,1130529.3412828953,0.005025842071523633,692208.2622545541,438321.07902834116,0.0,5653.442286006524,0.0,0.0,0,0,0,0.0,1
2017-07-07 00:00:00,1130529.3412828953,1128110.234650555,-0.002139799953882749,692208.2622545541,435901.97239600087,0.0,-2181.6326197846793,0.0,0.0,0,0,0,0.0,1
2017-07-10 00:00:00,1128110.234650555,1127972.4102331875,-0.00012217282773812458,692208.2622545541,435764.1479786333,0.0,-1662.5834303576266,0.0,0.0,0,0,0,0.0,1
2017-07-11 00:00:00,1127972.4102331875,1129529.4679616897,0.0013804040900081127,692208.2622545541,437321.20570713567,0.0,-991.1071032991167,0.0,0.0,0,0,0,0.0,1
2017-07-12 00:00:00,1129529.4679616897,1130681.8358246877,0.0010202193884127396,692208.2622545541,438473.57357013365,0.0,-489.697552622878,0.0,0.0,0,0,0,0.0,1
2017-07-13 00:00:00,1130681.8358246877,1136012.7597014222,0.004714786872689277,692208.2622545541,443804.49744686804,0.0,4547.965059327427,0.0,0.0,0,0,0,0.0,1
2017-07-14 00:00:00,1136012.7597014222,1135408.6682720787,-0.0005317646515715371,692208.2622545541,443200.40601752466,0.0,-1038.0407885262393,0.0,0.0,0,0,0,0.0,1
2017-07-17 00:00:00,1135408.6682720787,1133359.0245185667,-0.0018052035454611366,692208.2622545541,441150.7622640125,0.0,-2911.7833959868876,0.0,0.0,0,0,0,0.0,1
2017-07-18 00:00:00,1133359.0245185667,1134945.4224959188,0.0013997311911166186,692208.2622545541,442737.1602413646,0.0,1428.0292937103077,0.0,0.0,0,0,0,0.0,1
2017-07-19 00:00:00,1134945.4224959188,1135657.904653497,0.0006277677705517934,692208.2622545541,443449.64239894284,0.0,-161.27574113564333,0.0,0.0,0,0,0,0.0,1
2017-07-20 00:00:00,1135657.904653497,1131520.4935110244,-0.0036431843828313927,692208.2622545541,439312.2312564703,0.0,-5222.390667434724,0.0,0.0,0,0,0,0.0,1
2017-07-21 00:00:00,1131520.4935110244,1134573.0006747968,0.00269770382531973,692208.2622545541,442364.7384202428,0.0,2521.7663730704808,0.0,0.0,0,0,0,0.0,1
2017-07-24 00:00:00,1134573.0006747968,1132852.9920861397,-0.0015159964036108972,0.0,1132852.9920861397,0.0,-2365.1135026650736,0.0,0.0,0,0,0,0.0,3
2017-07-25 00:00:00,1132852.9920861397,1129831.0978334926,-0.0026675078529672116,343754.0886743293,786077.0091591633,-2350.0424529477477,-5213.006305526535,0.0,0.0,0,356.5764180460117,356.5764180460117,0.0,2
2017-07-26 00:00:00,1129831.0978334926,1133014.9336891863,0.0028179750599881285,689345.3017173922,443669.6319717942,-512.918084214087,1539.4504926154623,0.0,0.0,0,358.482068766951,358.482068766951,0.0,1
2017-07-27 00:00:00,1133014.9336891863,1135029.3816027832,0.0017779535412103266,689345.3017173922,445684.07988539105,0.0,-903.1384833678021,0.0,0.0,0,0,0,0.0,1
2017-07-28 00:00:00,1135029.3816027832,1136838.5723614756,0.0015939594058239815,689345.3017173922,447493.27064408344,0.0,788.7964323376073,0.0,0.0,0,0,0,0.0,1
2017-07-31 00:00:00,1136838.5723614756,1143852.6049084268,0.006169770024939813,689345.3017173922,454507.3031910347,0.0,5046.453333109675,0.0,0.0,0,0,0,0.0,1
2017-08-01 00:00:00,1143852.6049084268,1150072.0212890771,0.005437253326138354,689345.3017173922,460726.719571685,0.0,5641.730611567269,0.0,0.0,0,0,0,0.0,1
2017-08-02 00:00:00,1150072.0212890771,1146518.0512734135,-0.0030902151777243724,689345.3017173922,457172.7495560214,0.0,-4891.047741286107,0.0,0.0,0,0,0,0.0,1
2017-08-03 00:00:00,1146518.0512734135,1143110.7513552378,-0.0029718676599912743,689345.3017173922,453765.44963784574,0.0,-3319.3539285406005,0.0,0.0,0,0,0,0.0,1
2017-08-04 00:00:00,1143110.7513552378,1145040.1686113402,0.0016878655491735796,689345.3017173922,455694.86689394806,0.0,1190.4967668639147,0.0,0.0,0,0,0,0.0,1
2017-08-07 00:00:00,1145040.1686113402,1149048.6633100875,0.003500745920213995,689345.3017173922,459703.3615926953,0.0,3468.889322021103,0.0,0.0,0,0,0,0.0,1
2017-08-08 00:00:00,1149048.6633100875,1144195.686480699,-0.004223473717299617,689345.3017173922,454850.3847633068,0.0,-5459.922868221882,0.0,0.0,0,0,0,0.0,1
2017-08-09 00:00:00,1144195.686480699,1138665.4544804087,-0.0048332921244443995,689345.3017173922,449320.15276301646,0.0,-5712.088655421219,0.0,0.0,0,0,0,0.0,1
2017-08-10 00:00:00,1138665.4544804087,1133806.5909131935,-0.004267156387415244,689345.3017173922,444461.2891958014,0.0,-3436.645218709775,0.0,0.0,0,0,0,0.0,1
2017-08-11 00:00:00,1133806.5909131935,1126689.9609355512,-0.006276758341923582,689345.3017173922,437344.6592181589,0.0,-2609.7349733237643,0.0,0.0,0,0,0,0.0,1
2017-08-14 00:00:00,1126689.9609355512,1135548.411227871,0.007862367287771083,689345.3017173922,446203.10951047885,0.0,5421.809115436277,0.0,0.0,0,0,0,0.0,1
2017-08-16 00:00:00,1135548.411227871,1140984.8603308294,0.004787509761102996,689345.3017173922,451639.5586134373,0.0,3052.498797331995,0.0,0.0,0,0,0,0.0,1
2017-08-17 00:00:00,1140984.8603308294,1134023.5592502293,-0.006101133610643783,689345.3017173922,444678.25753283704,0.0,-6952.438752830261,0.0,0.0,0,0,0,0.0,1
2017-08-18 00:00:00,1134023.5592502293,1134982.4745807368,0.0008455867805264609,689345.3017173922,445637.1728633446,0.0,2803.254510168452,0.0,0.0,0,0,0,0.0,1
2017-08-21 00:00:00,1134982.4745807368,1129299.685745132,-0.005006939721870272,689345.3017173922,439954.3840277398,0.0,-7453.877804574673,0.0,0.0,0,0,0,0.0,1
2017-08-22 00:00:00,1129299.685745132,1140489.01378161,0.009908200788256756,0.0,1140489.01378161,0.0,8954.940181499114,0.0,0.0,0,0,0,0.0,3
2017-08-23 00:00:00,1140489.01378161,1153332.2915609214,0.011261202540413722,0.0,1153332.2915609214,0.0,6225.0635533772875,0.0,0.0,0,0,0,0.0,3
2017-08-24 00:00:00,1153332.2915609214,1189405.6797150138,0.03127753243193313,0.0,1189405.6797150138,0.0,31849.091097505356,0.0,0.0,0,0,0,0.0,3
2017-08-28 00:00:00,1189405.6797150138,1233561.2353056336,0.037124049719688273,0.0,1233561.2353056336,0.0,40441.843377259676,0.0,0.0,0,0,0,0.0,3
2017-08-29 00:00:00,1233561.2353056336,1208988.38610134,-0.019920250816089714,0.0,1208988.38610134,0.0,-24167.571418313833,0.0,0.0,0,0,0,0.0,3
2017-08-30 00:00:00,1208988.38610134,1239078.3324827992,0.02488853220376349,0.0,1239078.3324827992,0.0,19494.581438316556,0.0,0.0,0,0,0,0.0,3
2017-08-31 00:00:00,1239078.3324827992,1235921.9207416424,-0.002547386761926649,0.0,1235921.9207416424,0.0,-7259.68705035391,0.0,0.0,0,0,0,0.0,3
2017-09-01 00:00:00,1235921.9207416424,1262840.0047709802,0.021779760984565324,0.0,1262840.0047709802,0.0,19259.902809526655,0.0,0.0,0,0,0,0.0,3
2017-09-04 00:00:00,1262840.0047709802,1247120.2319129743,-0.01244795286704334,0.0,1247120.2319129743,0.0,-20050.306417314743,0.0,0.0,0,0,0,0.0,3
2017-09-05 00:00:00,1247120.2319129743,1253790.121765409,0.005348233219024598,0.0,1253790.121765409,0.0,-262.82495361048495,0.0,0.0,0,0,0,0.0,3
2017-09-06 00:00:00,1253790.121765409,1247626.9935273505,-0.004915598018415056,0.0,1247626.9935273505,0.0,-3284.213950204663,0.0,0.0,0,0,0,0.0,3
2017-09-07 00:00:00,1247626.9935273505,1262468.2394581493,0.011895579374119615,0.0,1262468.2394581493,0.0,3712.663426220999,0.0,0.0,0,0,0,0.0,3
2017-09-08 00:00:00,1262468.2394581493,1274378.4955656913,0.009434103556263595,0.0,1274378.4955656913,0.0,5640.016413826437,0.0,0.0,0,0,0,0.0,3
2017-09-11 00:00:00,1274378.4955656913,1307109.742384608,0.025684085954689132,0.0,1307109.742384608,0.0,22108.513854262535,0.0,0.0,0,0,0,0.0,3
2017-09-12 00:00:00,1307109.742384608,1302614.5829854782,-0.0034390068816479023,0.0,1302614.5829854782,0.0,-13475.473029085551,0.0,0.0,0,0,0,0.0,3
2017-09-13 00:00:00,1302614.5829854782,1330134.3926102188,0.021126594147032836,0.0,1330134.3926102188,0.0,22418.731154349516,0.0,0.0,0,0,0,0.0,3
2017-09-14 00:00:00,1330134.3926102188,1309517.5810439484,-0.015499795870861262,0.0,1309517.5810439484,0.0,-27654.526519996754,0.0,0.0,0,0,0,0.0,3
2017-09-15 00:00:00,1309517.5810439484,1318326.7279155883,0.006727016879465812,0.0,1318326.7279155883,0.0,11906.232126114483,0.0,0.0,0,0,0,0.0,3
2017-09-18 00:00:00,1318326.7279155883,1325288.2118407215,0.005280545237932083,0.0,1325288.2118407215,0.0,3693.327520112158,0.0,0.0,0,0,0,0.0,3
2017-09-19 00:00:00,1325288.2118407215,1325469.1133682777,0.0001364997635532176,0.0,1325469.1133682777,0.0,-5326.790489791136,0.0,0.0,0,0,0,0.0,3
2017-09-20 00:00:00,1325469.1133682777,1312604.8651193872,-0.009705430416405496,0.0,1312604.8651193872,0.0,-18738.899981596856,0.0,0.0,0,0,0,0.0,3
2017-09-21 00:00:00,1312604.8651193872,1303458.6489502268,-0.006967988929652822,367159.7988038868,936298.85014634,22487.147945190743,-11626.290233939013,0.0,0.0,0,380.85518171688625,380.85518171688625,0.0,2
2017-09-22 00:00:00,1303458.6489502268,1266062.1474383704,-0.028690209345708557,0.0,1266062.1474383704,0.0,-36596.188702196,0.0,0.0,0,0,0,0.0,3
2017-09-25 00:00:00,1266062.1474383704,1248194.8763389017,-0.01411247554918187,0.0,1248194.8763389017,0.0,-17461.21020562068,0.0,0.0,0,0,0,0.0,3
2017-09-26 00:00:00,1248194.8763389017,1250032.7578753945,0.0014724315660416439,0.0,1250032.7578753945,0.0,-358.7990002473816,0.0,0.0,0,0,0,0.0,3
2017-09-27 00:00:00,1250032.7578753945,1226114.2119023749,-0.019134335338277523,0.0,1226114.2119023749,0.0,-34212.306575423805,0.0,0.0,0,0,0,0.0,3
2017-09-28 00:00:00,1226114.2119023749,1235659.734435489,0.0077851821962847435,343690.83959996735,891968.8948355215,-23468.959203919472,9954.696478934085,0.0,0.0,0,356.5108097256345,356.5108097256345,0.0,2
2017-09-29 00:00:00,1235659.734435489,1254219.1508388105,0.015019843963597646,343690.83959996735,910528.3112388431,0.0,12266.612950489216,0.0,0.0,0,0,0,0.0,2
2017-10-03 00:00:00,1254219.1508388105,1264271.2659028745,0.008014640070948747,343690.83959996735,920580.426302907,0.0,-2952.141795411706,0.0,0.0,0,0,0,0.0,2
2017-10-04 00:00:00,1264271.2659028745,1256271.2752739629,-0.006327748517798105,343690.83959996735,912580.4356739956,0.0,-11550.781062298745,0.0,0.0,0,0,0,0.0,2
2017-10-05 00:00:00,1256271.2752739629,1249117.872862646,-0.00569415424208995,343690.83959996735,905427.0332626785,0.0,-9530.976967457042,0.0,0.0,0,0,0,0.0,2
2017-10-06 00:00:00,1249117.872862646,1249030.8679440138,-6.965308920983206e-05,343690.83959996735,905340.0283440463,0.0,-2324.546591651684,0.0,0.0,0,0,0,0.0,2
2017-10-09 00:00:00,1249030.8679440138,1249850.7444107463,0.0006564100918354742,343690.83959996735,906159.9048107788,0.0,-2105.6152702484396,0.0,0.0,0,0,0,0.0,2
2017-10-10 00:00:00,1249850.7444107463,1246302.489007691,-0.0028389433049689477,810579.2930740276,435723.19593366334,69678.91094355322,-10672.162952386017,0.0,0.0,0,484.3038027819532,484.3038027819532,0.0,1
2017-10-11 00:00:00,1246302.489007691,1238556.544176677,-0.006215140304486796,810579.2930740276,427977.2511026494,0.0,-5852.455987448804,0.0,0.0,0,0,0,0.0,1
2017-10-12 00:00:00,1238556.544176677,1239245.0966569749,0.0005559314054212783,810579.2930740276,428665.8035829471,0.0,-3959.0477939399425,0.0,0.0,0,0,0,0.0,1
2017-10-13 00:00:00,1239245.0966569749,1238556.544176677,-0.0005556225174142885,810579.2930740276,427977.2511026494,0.0,2180.3651941081043,0.0,0.0,0,0,0,0.0,1
2017-10-16 00:00:00,1238556.544176677,1240622.1655412589,0.0016677650885571589,810579.2930740276,430042.87246723124,0.0,-2467.2169473813265,0.0,0.0,0,0,0,0.0,1
2017-10-17 00:00:00,1240622.1655412589,1244236.9037194205,0.0029136495208310523,810579.2930740276,433657.61064539297,0.0,5163.956812443968,0.0,0.0,0,0,0,0.0,1
2017-10-18 00:00:00,1244236.9037194205,1234253.289594529,-0.00802388523845208,810579.2930740276,423673.9965205013,0.0,-10729.52706632606,0.0,0.0,0,0,0,0.0,1
2017-10-19 00:00:00,1234253.289594529,1236376.2001416902,0.0017199958590822556,810579.2930740276,425796.9070676627,0.0,0.0,0.0,0.0,0,0,0,0.0,1
2017-10-23 00:00:00,1236376.2001416902,1240736.924287975,0.0035270204536330587,810579.2930740276,430157.6312139475,0.0,-114.76160569500644,0.0,0.0,0,0,0,0.0,1
2017-10-24 00:00:00,1240736.924287975,1243289.8739739822,0.0020576075685602544,0.0,1243289.8739739822,0.0,2552.951979247795,0.0,0.0,0,0,0,0.0,3
2017-10-25 00:00:00,1243289.8739739822,1232283.199628272,-0.008852862535209881,0.0,1232283.199628272,0.0,-12444.08541772794,0.0,0.0,0,0,0,0.0,3
2017-10-26 00:00:00,1232283.199628272,1230119.0973698038,-0.0017561728173532659,0.0,1230119.0973698038,0.0,-728.6713629812002,0.0,0.0,0,0,0,0.0,3
2017-10-27 00:00:00,1230119.0973698038,1227378.757969945,-0.0022277025092270644,0.0,1227378.757969945,0.0,-4694.715409619734,0.0,0.0,0,0,0,0.0,3
2017-10-30 00:00:00,1227378.757969945,1248202.833865722,0.016966299734744877,401809.0107482657,846393.8231174563,-3480.6357887481204,14415.938661943306,0.0,0.0,0,416.7968396936408,416.7968396936408,0.0,2
2017-10-31 00:00:00,1248202.833865722,1245556.3412415436,-0.0021202424416727436,401809.0107482657,843747.3304932779,0.0,-979.9333958360949,0.0,0.0,0,0,0,0.0,2
2017-11-01 00:00:00,1245556.3412415436,1245182.1977071671,-0.00030038266595277467,401809.0107482657,843373.1869589014,0.0,-7337.458016168501,0.0,0.0,0,0,0,0.0,2
2017-11-02 00:00:00,1245182.1977071671,1243413.3799489806,-0.001420529269887992,401809.0107482657,841604.369200715,0.0,-12584.265499829431,0.0,0.0,0,0,0,0.0,2
2017-11-03 00:00:00,1243413.3799489806,1251797.6180849753,0.006742920955490011,401809.0107482657,849988.6073367096,0.0,7207.876000522287,0.0,0.0,0,0,0,0.0,2
2017-11-06 00:00:00,1251797.6180849753,1254375.243110684,0.0020591387844722023,401809.0107482657,852566.2323624183,0.0,10228.688325838186,0.0,0.0,0,0,0,0.0,2
2017-11-07 00:00:00,1254375.243110684,1241795.0198709331,-0.010029074879183322,401809.0107482657,839986.0091226675,0.0,-15923.180964651401,0.0,0.0,0,0,0,0.0,2
2017-11-08 00:00:00,1241795.0198709331,1233561.0080543254,-0.006630733482457995,401809.0107482657,831751.9973060597,0.0,-5448.796691435447,0.0,0.0,0,0,0,0.0,2
2017-11-09 00:00:00,1233561.0080543254,1226690.70478538,-0.005569488030252936,792860.9740580685,433829.73072731163,-14237.683227211079,-7975.458330074267,0.0,0.0,0,405.6385449395322,405.6385449395322,0.0,1
2017-11-10 00:00:00,1226690.70478538,1223592.3990055975,-0.0025257432600540204,792860.9740580685,430731.424947529,0.0,-3098.3533808965585,0.0,0.0,0,0,0,0.0,1
2017-11-13 00:00:00,1223592.3990055975,1224510.3607503935,0.0007502185740464213,792860.9740580685,431649.386692325,0.0,2352.455105463101,0.0,0.0,0,0,0,0.0,1
2017-11-14 00:00:00,1224510.3607503935,1216305.3809325143,-0.0067006209835995595,792860.9740580685,423444.40687444585,0.0,-8032.820726615493,0.0,0.0,0,0,0,0.0,1
2017-11-15 00:00:00,1216305.3809325143,1216993.9694891237,0.0005661313083079709,792860.9740580685,424132.9954310551,0.0,688.534582680033,0.0,0.0,0,0,0,0.0,1
2017-11-16 00:00:00,1216993.9694891237,1210108.7332966374,-0.005657576261759597,792860.9740580685,417247.75923856907,0.0,-4303.297774695791,0.0,0.0,0,0,0,0.0,1
2017-11-17 00:00:00,1210108.7332966374,1215387.3831114068,0.004362128517483744,792860.9740580685,422526.4090533384,0.0,2581.9782424001023,0.0,0.0,0,0,0,0.0,1
2017-11-20 00:00:00,1215387.3831114068,1216764.4159193796,0.001132999097331031,792860.9740580685,423903.44186131103,0.0,-5221.3547759648645,0.0,0.0,0,0,0,0.0,1
2017-11-21 00:00:00,1216764.4159193796,1218198.8822151774,0.0011789186772970918,792860.9740580685,425337.908157109,0.0,-2696.740042318532,0.0,0.0,0,0,0,0.0,1
2017-11-22 00:00:00,1218198.8822151774,1207890.6593107765,-0.008461855494117996,0.0,1207890.6593107765,0.0,-5144.26913472364,0.0,0.0,0,0,0,0.0,3
2017-11-23 00:00:00,1207890.6593107765,1219374.9182874565,0.009507697479201405,0.0,1219374.9182874565,0.0,15976.89661305357,0.0,0.0,0,0,0,0.0,3
2017-11-24 00:00:00,1219374.9182874565,1221118.6872181867,0.0014300514998120532,0.0,1221118.6872181867,0.0,-3963.1488083216245,0.0,0.0,0,0,0,0.0,3
2017-11-27 00:00:00,1221118.6872181867,1215165.255447177,-0.004875391584230133,0.0,1215165.255447177,0.0,-1942.865743128932,0.0,0.0,0,0,0,0.0,3
2017-11-28 00:00:00,1215165.255447177,1217049.031686788,0.0015502222690836826,0.0,1217049.031686788,0.0,-3064.5127168882173,0.0,0.0,0,0,0,0.0,3
2017-11-29 00:00:00,1217049.031686788,1199397.6098812188,-0.014503459882059921,384293.27831072634,815104.3315704924,-12137.208718307906,-20903.31772310252,0.0,0.0,0,398.62775505492027,398.62775505492027,0.0,2
2017-11-30 00:00:00,1199397.6098812188,1203827.5703564428,0.003693487829830499,384293.27831072634,819534.2920457164,0.0,3336.367150700593,0.0,0.0,0,0,0,0.0,2
2017-12-01 00:00:00,1203827.5703564428,1173710.7794472824,-0.025017528797951584,384293.27831072634,789417.501136556,0.0,-38947.50273825321,0.0,0.0,0,0,0,0.0,2
2017-12-04 00:00:00,1173710.7794472824,1166957.2814723605,-0.005753971159830593,384293.27831072634,782664.0031616342,0.0,-12596.824034082121,0.0,0.0,0,0,0,0.0,2
2017-12-05 00:00:00,1166957.2814723605,1156018.403372921,-0.009373846217950456,384293.27831072634,771725.1250621948,0.0,-8703.699984898383,0.0,0.0,0,0,0,0.0,2
2017-12-06 00:00:00,1156018.403372921,1168826.4352871382,0.011079435999329338,384293.27831072634,784533.1569764119,0.0,12642.884948359744,0.0,0.0,0,0,0,0.0,2
2017-12-07 00:00:00,1168826.4352871382,1182847.2870192444,0.011995666173191716,384293.27831072634,798554.008708518,0.0,11440.466437088558,0.0,0.0,0,0,0,0.0,2
2017-12-08 00:00:00,1182847.2870192444,1191688.109284164,0.007474187379841948,384293.27831072634,807394.8309734376,0.0,5566.210173793137,0.0,0.0,0,0,0,0.0,2
2017-12-11 00:00:00,1191688.109284164,1207087.0540205587,0.012921958871977671,384293.27831072634,822793.7757098323,0.0,12242.483121211175,0.0,0.0,0,0,0,0.0,2
2017-12-12 00:00:00,1207087.0540205587,1196316.7228906876,-0.008922580267924602,384293.27831072634,812023.4445799612,0.0,-8589.898036396713,0.0,0.0,0,0,0,0.0,2
2017-12-13 00:00:00,1196316.7228906876,1197576.8501134925,0.0010533391356094596,384293.27831072634,813283.5718027661,0.0,-1894.0769004958565,0.0,0.0,0,0,0,0.0,2
2017-12-14 00:00:00,1197576.8501134925,1190867.878060114,-0.005602122362955293,384293.27831072634,806574.5997493877,0.0,-4011.685484631511,0.0,0.0,0,0,0,0.0,2
2017-12-15 00:00:00,1190867.878060114,1190019.1844942986,-0.0007126681149532298,384293.27831072634,805725.9061835723,0.0,-7098.388310832786,0.0,0.0,0,0,0,0.0,2
2017-12-18 00:00:00,1190019.1844942986,1197695.3676685845,0.006450470105276341,384293.27831072634,813402.0893578582,0.0,5438.232061876624,0.0,0.0,0,0,0,0.0,2
2017-12-19 00:00:00,1197695.3676685845,1216298.0106275051,0.015532032151992291,384293.27831072634,832004.7323167789,0.0,12577.95753619069,0.0,0.0,0,0,0,0.0,2
2017-12-20 00:00:00,1216298.0106275051,1206860.7159381225,-0.007759031591701632,384293.27831072634,822567.4376273961,0.0,-11612.59299344354,0.0,0.0,0,0,0,0.0,2
2017-12-21 00:00:00,1206860.7159381225,1219239.6168076855,0.010257108136907552,384293.27831072634,834946.3384969591,0.0,6935.073687571508,0.0,0.0,0,0,0,0.0,2
2017-12-22 00:00:00,1219239.6168076855,1220354.090001986,0.0009140723274875502,0.0,1220354.090001986,0.0,-835.7345777996234,0.0,0.0,0,0,0,0.0,3
2017-12-26 00:00:00,1220354.090001986,1208401.5088274379,-0.009794354992925509,0.0,1208401.5088274379,0.0,-12271.290421975835,0.0,0.0,0,0,0,0.0,3
2017-12-27 00:00:00,1208401.5088274379,1205746.0132175526,-0.002197527552296796,0.0,1205746.0132175526,0.0,-4043.8763603914413,0.0,0.0,0,0,0,0.0,3
2017-12-28 00:00:00,1205746.0132175526,1211801.0496849213,0.005021817531215179,0.0,1211801.0496849213,0.0,3579.438794959511,0.0,0.0,0,0,0,0.0,3
2017-12-29 00:00:00,1211801.0496849213,1223027.2706628977,0.009264079265235302,0.0,1223027.2706628977,0.0,6380.031372454483,0.0,0.0,0,0,0,0.0,3
2018-01-02 00:00:00,1223027.2706628977,1236826.1902715974,0.01128259356082912,0.0,1236826.1902715974,0.0,-5483.259240763262,0.0,0.0,0,0,0,0.0,3
2018-01-03 00:00:00,1236826.1902715974,1248699.538651753,0.009599852003092152,0.0,1248699.538651753,0.0,3116.786319944309,0.0,0.0,0,0,0,0.0,3
2018-01-04 00:00:00,1248699.538651753,1259166.4213253611,0.008382226748405346,0.0,1259166.4213253611,0.0,6045.189785146213,0.0,0.0,0,0,0,0.0,3
2018-01-05 00:00:00,1259166.4213253611,1265714.1417940008,0.005200043741436253,0.0,1265714.1417940008,0.0,4032.051467997546,0.0,0.0,0,0,0,0.0,3
2018-01-08 00:00:00,1265714.1417940008,1268112.3488680162,0.001894746210717236,0.0,1268112.3488680162,0.0,4250.26876749174,0.0,0.0,0,0,0,0.0,3
2018-01-09 00:00:00,1268112.3488680162,1278749.38228545,0.008388084405083594,0.0,1278749.38228545,0.0,9720.624693276535,0.0,0.0,0,0,0,0.0,3
2018-01-10 00:00:00,1278749.38228545,1285475.7152135754,0.005260086942215252,0.0,1285475.7152135754,0.0,2084.0515810286743,0.0,0.0,0,0,0,0.0,3
2018-01-11 00:00:00,1285475.7152135754,1289769.4952199801,0.003340226466815317,0.0,1289769.4952199801,0.0,1507.7904970870004,0.0,0.0,0,0,0,0.0,3
2018-01-12 00:00:00,1289769.4952199801,1283755.6039260696,-0.004662764405731932,0.0,1283755.6039260696,0.0,-9947.099065939256,0.0,0.0,0,0,0,0.0,3
2018-01-15 00:00:00,1283755.6039260696,1277529.996491306,-0.004849526978284646,0.0,1277529.996491306,0.0,-11738.115558715072,0.0,0.0,0,0,0,0.0,3
2018-01-16 00:00:00,1277529.996491306,1267646.6990035395,-0.007736254737587871,0.0,1267646.6990035395,0.0,-9348.21975102229,0.0,0.0,0,0,0,0.0,3
2018-01-17 00:00:00,1267646.6990035395,1267038.0361830804,-0.0004801517812002058,0.0,1267038.0361830804,0.0,4966.7992085138685,0.0,0.0,0,0,0,0.0,3
2018-01-18 00:00:00,1267038.0361830804,1239435.3700458172,-0.02178519140626236,0.0,1239435.3700458172,0.0,-52334.54966871324,0.0,0.0,0,0,0,0.0,3
2018-01-19 00:00:00,1239435.3700458172,1244343.7836549934,0.003960201336673755,0.0,1244343.7836549934,0.0,5090.752881785505,0.0,0.0,0,0,0,0.0,3
2018-01-22 00:00:00,1244343.7836549934,1249567.9832828313,0.004198357155361758,0.0,1249567.9832828313,0.0,1703.84103152249,0.0,0.0,0,0,0,0.0,3
2018-01-23 00:00:00,1249567.9832828313,1257501.8169144406,0.006349261294904324,0.0,1257501.8169144406,0.0,1999.454752573918,0.0,0.0,0,0,0,0.0,3
2018-01-24 00:00:00,1257501.8169144406,1271043.5024547777,0.010768720456853608,0.0,1271043.5024547777,0.0,8220.79242909461,0.0,0.0,0,0,0,0.0,3
2018-01-25 00:00:00,1271043.5024547777,1266704.1542866274,-0.0034140044457720503,0.0,1266704.1542866274,0.0,-6224.501840829733,0.0,0.0,0,0,0,0.0,3
2018-01-29 00:00:00,1266704.1542866274,1268845.4163973744,0.0016904200586227891,0.0,1268845.4163973744,0.0,-12552.365217273997,0.0,0.0,0,0,0,0.0,3
2018-01-30 00:00:00,1268845.4163973744,1277788.1310118218,0.007047914977569481,0.0,1277788.1310118218,0.0,32271.817750727234,0.0,0.0,0,0,0,0.0,3
2018-01-31 00:00:00,1277788.1310118218,1256323.8402724382,-0.016798004472296173,394346.73293188924,861977.1073405491,49674.08207319315,-11990.84010012087,0.0,0.0,0,409.0562123617907,409.0562123617907,0.0,2
2018-02-01 00:00:00,1256323.8402724382,1245403.3153028735,-0.008692444272327585,394346.73293188924,851056.5823709841,0.0,-13238.063871778082,0.0,0.0,0,0,0,0.0,2
2018-02-02 00:00:00,1245403.3153028735,1203093.098599568,-0.0339731042814961,394346.73293188924,808746.3656676786,0.0,-28706.75578471861,0.0,0.0,0,0,0,0.0,2
2018-02-05 00:00:00,1203093.098599568,1219466.723035758,0.013609607149479301,745458.8035681378,474007.91946762,-33181.20767447771,34560.72194062581,0.0,0.0,0,364.2088591964471,364.2088591964471,0.0,1
2018-02-06 00:00:00,1219466.723035758,1217635.6641679076,-0.0015015242591385166,745458.8035681378,472176.8605997697,0.0,18996.91235425038,0.0,0.0,0,0,0,0.0,1
2018-02-07 00:00:00,1217635.6641679076,1230338.4479446271,0.010432335509325161,745458.8035681378,484879.6443764892,0.0,-114.44143320451258,0.0,0.0,0,0,0,0.0,1
2018-02-08 00:00:00,1230338.4479446271,1251624.1489704235,0.01730068751517578,745458.8035681378,506165.34540228563,0.0,18424.733210732054,0.0,0.0,0,0,0,0.0,1
2018-02-09 00:00:00,1251624.1489704235,1238120.400357929,-0.01078898056065994,745458.8035681378,492661.59678979125,0.0,-4005.338184131251,0.0,0.0,0,0,0,0.0,1
2018-02-12 00:00:00,1238120.400357929,1238578.149149871,0.00036971266430112644,745458.8035681378,493119.3455817332,0.0,-3318.7455860114424,0.0,0.0,0,0,0,0.0,1
2018-02-14 00:00:00,1238578.149149871,1244414.541797255,0.004712171493893963,745458.8035681378,498955.73822911707,0.0,2174.3873280397966,0.0,0.0,0,0,0,0.0,1
2018-02-15 00:00:00,1244414.541797255,1221984.405091521,-0.018024650108426847,745458.8035681378,476525.6015233833,0.0,-24947.78368015791,0.0,0.0,0,0,0,0.0,1
2018-02-16 00:00:00,1221984.405091521,1216720.1984340646,-0.004307916398542093,745458.8035681378,471261.39486592694,0.0,-9384.057631393487,0.0,0.0,0,0,0,0.0,1
2018-02-19 00:00:00,1216720.1984340646,1199897.5799797438,-0.013826201353418608,745458.8035681378,454438.776411606,0.0,-23460.043914847658,0.0,0.0,0,0,0,0.0,1
2018-02-20 00:00:00,1199897.5799797438,1200584.203167657,0.0005722348301799933,745458.8035681378,455125.399599519,0.0,-7209.697836225678,0.0,0.0,0,0,0,0.0,1
2018-02-21 00:00:00,1200584.203167657,1204246.3209033574,0.0030502797938188834,745458.8035681378,458787.5173352196,0.0,-3433.1871304725064,0.0,0.0,0,0,0,0.0,1
2018-02-22 00:00:00,1204246.3209033574,1208426.2791345392,0.003471015986203113,0.0,1208426.2791345392,0.0,3149.989510921703,0.0,0.0,0,0,0,0.0,3
2018-02-23 00:00:00,1208426.2791345392,1237754.4461466062,0.02426971964981723,0.0,1237754.4461466062,0.0,24876.483071229653,0.0,0.0,0,0,0,0.0,3
2018-02-26 00:00:00,1237754.4461466062,1227254.565347723,-0.008483007943596277,0.0,1227254.565347723,0.0,-17352.451619754953,0.0,0.0,0,0,0,0.0,3
2018-02-27 00:00:00,1227254.565347723,1241388.8944593393,0.011517031193615176,0.0,1241388.8944593393,0.0,5156.75202662003,0.0,0.0,0,0,0,0.0,3
2018-02-28 00:00:00,1241388.8944593393,1254466.7572372635,0.010534863680748451,0.0,1254466.7572372635,0.0,16725.70007910946,0.0,0.0,0,0,0,0.0,3
2018-03-01 00:00:00,1254466.7572372635,1250649.8259340448,-0.003042672339620069,0.0,1250649.8259340448,0.0,-2997.868314713938,0.0,0.0,0,0,0,0.0,3
2018-03-05 00:00:00,1250649.8259340448,1270002.9421015114,0.015474448375677656,0.0,1270002.9421015114,0.0,20155.499500799633,0.0,0.0,0,0,0,0.0,3
2018-03-06 00:00:00,1270002.9421015114,1252018.5145052716,-0.014160933805775659,0.0,1252018.5145052716,0.0,-26474.777856605768,0.0,0.0,0,0,0,0.0,3
2018-03-07 00:00:00,1252018.5145052716,1232003.6852400328,-0.015986048954833125,366861.25229672116,865142.4329433118,-5868.149487347722,-14198.863810285344,0.0,0.0,0,380.5454991628377,380.5454991628377,0.0,2
2018-03-08 00:00:00,1232003.6852400328,1230039.2700551827,-0.001594488075307483,366861.25229672116,863178.0177584616,0.0,-11657.060781592794,0.0,0.0,0,0,0,0.0,2
2018-03-09 00:00:00,1230039.2700551827,1237242.3651936778,0.00585598794595553,366861.25229672116,870381.1128969566,0.0,1739.9278793145204,0.0,0.0,0,0,0,0.0,2
2018-03-12 00:00:00,1237242.3651936778,1240895.2244697332,0.0029524201391887676,0.0,1240895.2244697332,0.0,-3186.415247910423,0.0,0.0,0,909.9414781938158,909.9414781938158,0.0,1
2018-03-13 00:00:00,1240895.2244697332,1238774.0701111585,-0.0017093742620220651,0.0,1238774.0701111585,0.0,-5307.569606485078,0.0,0.0,0,0,0,0.0,1
2018-03-14 00:00:00,1238774.0701111585,1243495.441788163,0.0038113258833233714,0.0,1243495.441788163,0.0,-586.1979294805788,0.0,0.0,0,0,0,0.0,1
2018-03-15 00:00:00,1243495.441788163,1240940.9033752768,-0.002054320689115471,0.0,1240940.9033752768,0.0,-3140.736342366785,0.0,0.0,0,0,0,0.0,1
2018-03-16 00:00:00,1240940.9033752768,1239184.6582164178,-0.001415252856991169,0.0,1239184.6582164178,0.0,-4896.981501225848,0.0,0.0,0,0,0,0.0,1
2018-03-19 00:00:00,1239184.6582164178,1233277.2011291792,-0.004767212899279489,0.0,1233277.2011291792,0.0,-10804.4385884644,0.0,0.0,0,0,0,0.0,1
2018-03-20 00:00:00,1233277.2011291792,1238865.3409148068,0.0045311303740238965,0.0,1238865.3409148068,0.0,-5216.298802836798,0.0,0.0,0,0,0,0.0,1
2018-03-21 00:00:00,1238865.3409148068,1239595.1593142378,0.0005891022820059171,0.0,1239595.1593142378,0.0,-4486.480403405847,0.0,0.0,0,0,0,0.0,1
2018-03-22 00:00:00,1239595.1593142378,1247669.3626581554,0.006513580892316797,0.0,1247669.3626581554,0.0,3587.7229405117687,0.0,0.0,0,0,0,0.0,1
2018-03-23 00:00:00,1247669.3626581554,1255606.70330032,0.00636173402964245,0.0,1255606.70330032,0.0,11525.063582676463,0.0,0.0,0,0,0,0.0,1
2018-03-26 00:00:00,1255606.70330032,1256473.4714089432,0.0006903181596154524,0.0,1256473.4714089432,0.0,12391.831691299565,0.0,0.0,0,0,0,0.0,1
2018-03-27 00:00:00,1256473.4714089432,1258594.6257675178,0.0016881807748762925,0.0,1258594.6257675178,0.0,14512.98604987422,0.0,0.0,0,0,0,0.0,1
2018-03-28 00:00:00,1258594.6257675178,1252550.3929859654,-0.00480236659032814,0.0,1252550.3929859654,0.0,8468.753268321743,0.0,0.0,0,0,0,0.0,1
2018-04-02 00:00:00,1252550.3929859654,1252299.4635315116,-0.00020033481755218034,0.0,1252299.4635315116,0.0,8217.823813867988,0.0,0.0,0,0,0,0.0,1
2018-04-03 00:00:00,1252299.4635315116,1255127.727347904,0.0022584564624954138,0.0,1255127.727347904,0.0,11046.08763026027,0.0,0.0,0,0,0,0.0,1
2018-04-04 00:00:00,1255127.727347904,1264593.2666509654,0.00754149485890358,0.0,1264593.2666509654,0.0,20511.626933321822,0.0,0.0,0,0,0,0.0,1
2018-04-05 00:00:00,1264593.2666509654,1246779.7986004802,-0.014086322077027046,0.0,1246779.7986004802,0.0,2698.1588828365784,0.0,0.0,0,0,0,0.0,1
2018-04-06 00:00:00,1246779.7986004802,1242218.17258172,-0.0036587262834068372,0.0,1242218.17258172,0.0,-1863.4671359236818,0.0,0.0,0,0,0,0.0,1
2018-04-09 00:00:00,1242218.17258172,1248786.9732137932,0.005287960502478625,0.0,1248786.9732137932,0.0,4705.333496149629,0.0,0.0,0,0,0,0.0,1
2018-04-10 00:00:00,1248786.9732137932,1255743.5660020732,0.005570680138003821,0.0,1255743.5660020732,0.0,11661.926284429617,0.0,0.0,0,0,0,0.0,1
2018-04-11 00:00:00,1255743.5660020732,1266577.558307787,0.008627551515319345,0.0,1266577.558307787,0.0,22495.918590143323,0.0,0.0,0,0,0,0.0,1
2018-04-12 00:00:00,1266577.558307787,1270842.7499814278,0.0033674934832568617,0.0,1270842.7499814278,0.0,26761.110263784183,0.0,0.0,0,0,0,0.0,1
2018-04-13 00:00:00,1270842.7499814278,1263612.5187970807,-0.005689320086574622,0.0,1263612.5187970807,0.0,19530.879079437116,0.0,0.0,0,0,0,0.0,1
2018-04-16 00:00:00,1263612.5187970807,1276248.4351671976,0.009999834745342558,0.0,1276248.4351671976,0.0,32166.79544955399,0.0,0.0,0,0,0,0.0,1
2018-04-17 00:00:00,1276248.4351671976,1278004.680326057,0.0013760997549268025,0.0,1278004.680326057,0.0,33923.040608413285,0.0,0.0,0,0,0,0.0,1
2018-04-18 00:00:00,1278004.680326057,1285052.4569105462,0.005514671967156782,0.0,1285052.4569105462,0.0,40970.817192902556,0.0,0.0,0,0,0,0.0,1
2018-04-19 00:00:00,1285052.4569105462,1282110.2133488923,-0.0022895902387731855,0.0,1282110.2133488923,0.0,38028.57363124867,0.0,0.0,0,0,0,0.0,1
2018-04-20 00:00:00,1282110.2133488923,1279418.8122342532,-0.0020991963768927048,0.0,1279418.8122342532,0.0,35337.17251660954,0.0,0.0,0,0,0,0.0,1
2018-04-23 00:00:00,1279418.8122342532,1277867.8176243037,-0.0012122649714997585,0.0,1277867.8176243037,0.0,33786.17790666013,0.0,0.0,0,0,0,0.0,1
2018-04-24 00:00:00,1277867.8176243037,1273032.3791945984,-0.00378398951989803,0.0,1273032.3791945984,0.0,28950.739476954797,0.0,0.0,0,0,0,0.0,1
2018-04-25 00:00:00,1273032.3791945984,1278620.431972787,0.004389560603104191,0.0,1278620.431972787,0.0,34538.7922551434,0.0,0.0,0,0,0,0.0,1
2018-04-26 00:00:00,1278620.431972787,1275244.8043568216,-0.002640054492760742,0.0,1275244.8043568216,0.0,31163.164639177965,0.0,0.0,0,0,0,0.0,1
2018-04-27 00:00:00,1275244.8043568216,1272758.6537910923,-0.0019495476925178697,0.0,1272758.6537910923,0.0,28677.01407344872,0.0,0.0,0,0,0,0.0,1
2018-04-30 00:00:00,1272758.6537910923,1265824.943959304,-0.005447780544359607,0.0,1265824.943959304,0.0,21743.304241660284,0.0,0.0,0,0,0,0.0,1
2018-05-02 00:00:00,1265824.943959304,1263794.9733969385,-0.0016036740088372244,0.0,1263794.9733969385,0.0,19713.333679294912,0.0,0.0,0,0,0,0.0,1
2018-05-03 00:00:00,1263794.9733969385,1262107.1160852362,-0.0013355467834830542,0.0,1262107.1160852362,0.0,18025.47636759258,0.0,0.0,0,0,0,0.0,1
2018-05-04 00:00:00,1262107.1160852362,1265847.7399083562,0.0029637926729409263,0.0,1265847.7399083562,0.0,21766.100190712605,0.0,0.0,0,0,0,0.0,1
2018-05-07 00:00:00,1265847.7399083562,1273260.5127,0.005855975057616742,0.0,1273260.5127,0.0,29178.872982356464,0.0,0.0,0,0,0,0.0,1
2018-05-08 00:00:00,1273260.5127,1267626.7810162678,-0.004424649651457178,0.0,1267626.7810162678,0.0,23545.14129862422,0.0,0.0,0,0,0,0.0,1
2018-05-09 00:00:00,1267626.7810162678,1270204.1153782061,0.0020331965216702206,0.0,1270204.1153782061,0.0,26122.475660562515,0.0,0.0,0,0,0,0.0,1
2018-05-10 00:00:00,1270204.1153782061,1283478.6663515447,0.010450722693010653,0.0,1283478.6663515447,0.0,39397.026633901056,0.0,0.0,0,0,0,0.0,1
2018-05-11 00:00:00,1283478.6663515447,1285006.8650124415,0.0011906693122067716,0.0,1285006.8650124415,0.0,40925.225294797914,0.0,0.0,0,0,0,0.0,1
2018-05-14 00:00:00,1285006.8650124415,1251360.4375406061,-0.026183850365273834,0.0,1251360.4375406061,0.0,-32292.09762083378,0.0,0.0,0,1331.5339019492794,1331.5339019492794,0.0,3
2018-05-15 00:00:00,1251360.4375406061,1250658.0349067077,-0.000561311204051577,411368.5307605741,839289.5041461335,-16515.64762657257,-6488.48232511268,0.0,0.0,0,426.71293819700276,426.71293819700276,0.0,2
2018-05-16 00:00:00,1250658.0349067077,1255778.1049463223,0.004093900887940562,411368.5307605741,844409.5741857481,0.0,14421.340503139945,0.0,0.0,0,0,0,0.0,2
2018-05-17 00:00:00,1255778.1049463223,1250387.245716909,-0.0042928437820181275,411368.5307605741,839018.7149563348,0.0,-10572.158418155974,0.0,0.0,0,0,0,0.0,2
2018-05-18 00:00:00,1250387.245716909,1243195.5547984382,-0.005751570917813849,411368.5307605741,831827.0240378641,0.0,-7604.7100868905545,0.0,0.0,0,0,0,0.0,2
2018-05-21 00:00:00,1243195.5547984382,1224724.0847696075,-0.014858056689098691,814067.4440272634,410656.64074234414,-25185.265120457334,-15414.912874171569,0.0,0.0,0,417.7199363574604,417.7199363574604,0.0,1
2018-05-22 00:00:00,1224724.0847696075,1212666.6120178597,-0.009845052368685998,0.0,1212666.6120178597,0.0,-7897.920657964598,0.0,0.0,0,0,0,0.0,3
2018-05-23 00:00:00,1212666.6120178597,1238229.9855649055,0.021080297992626895,0.0,1238229.9855649055,0.0,21348.2192713432,0.0,0.0,0,0,0,0.0,3
2018-05-24 00:00:00,1238229.9855649055,1272193.3079263037,0.027428929001346632,0.0,1272193.3079263037,0.0,24161.23108035553,0.0,0.0,0,0,0,0.0,3
2018-05-25 00:00:00,1272193.3079263037,1262875.7898455528,-0.007323979793557204,0.0,1262875.7898455528,0.0,-13944.245901340968,0.0,0.0,0,0,0,0.0,3
2018-05-28 00:00:00,1262875.7898455528,1260618.5170699123,-0.001787406801041406,0.0,1260618.5170699123,0.0,-10328.23830688087,0.0,0.0,0,0,0,0.0,3
2018-05-29 00:00:00,1260618.5170699123,1256003.9067405183,-0.0036605922147802906,0.0,1256003.9067405183,0.0,-5319.522922188335,0.0,0.0,0,0,0,0.0,3
2018-05-30 00:00:00,1256003.9067405183,1267465.8779027187,0.009125744833028138,0.0,1267465.8779027187,0.0,10863.898539338494,0.0,0.0,0,0,0,0.0,3
2018-05-31 00:00:00,1267465.8779027187,1283144.9399963913,0.012370401733904496,0.0,1283144.9399963913,0.0,12236.060737563821,0.0,0.0,0,0,0,0.0,3
2018-06-01 00:00:00,1283144.9399963913,1289974.231663967,0.005322307289459382,0.0,1289974.231663967,0.0,-782.4455692846095,0.0,0.0,0,0,0,0.0,3
2018-06-04 00:00:00,1289974.231663967,1268079.2009976099,-0.016973231037424867,0.0,1268079.2009976099,0.0,-29279.295804254245,0.0,0.0,0,0,0,0.0,3
2018-06-05 00:00:00,1268079.2009976099,1229860.9701430956,-0.03013867810815574,0.0,1229860.9701430956,0.0,-38240.533451940224,0.0,0.0,0,0,0,0.0,3
2018-06-06 00:00:00,1229860.9701430956,1232602.2892292268,0.0022289666496305015,387710.70526664634,844891.5839625804,-19323.016746985395,2559.672513763653,0.0,0.0,0,402.1726550372745,402.1726550372745,0.0,2
2018-06-07 00:00:00,1232602.2892292268,1241871.1840116936,0.007519777355162027,387710.70526664634,854160.4787450471,0.0,4126.494895140117,0.0,0.0,0,0,0,0.0,2
2018-06-08 00:00:00,1241871.1840116936,1253468.0771231805,0.009338241567072001,387710.70526664634,865757.371856534,0.0,10539.165335578553,0.0,0.0,0,0,0,0.0,2
2018-06-11 00:00:00,1253468.0771231805,1261205.3724234037,0.006172710291897453,387710.70526664634,873494.6671567573,0.0,3255.6778622627025,0.0,0.0,0,0,0,0.0,2
2018-06-12 00:00:00,1261205.3724234037,1273668.808999107,0.009882162610641955,387710.70526664634,885958.1037324606,0.0,12091.277495040034,0.0,0.0,0,0,0,0.0,2
2018-06-13 00:00:00,1273668.808999107,1263985.3079159325,-0.007602840718682683,387710.70526664634,876274.6026492862,0.0,-15068.279599497095,0.0,0.0,0,0,0,0.0,2
2018-06-14 00:00:00,1263985.3079159325,1260692.168166209,-0.0026053623638657934,387710.70526664634,872981.4628995627,0.0,-1627.9492527442635,0.0,0.0,0,0,0,0.0,2
2018-06-15 00:00:00,1260692.168166209,1268979.9951880607,0.006574029117597411,387710.70526664634,881269.2899214143,0.0,5679.547962473531,0.0,0.0,0,0,0,0.0,2
2018-06-18 00:00:00,1268979.9951880607,1264825.3874581112,-0.0032739741727243043,387710.70526664634,877114.6821914649,0.0,-4182.56139390514,0.0,0.0,0,0,0,0.0,2
2018-06-19 00:00:00,1264825.3874581112,1251700.823812279,-0.010376581444343363,387710.70526664634,863990.1185456326,0.0,-9073.745456312783,0.0,0.0,0,0,0,0.0,2
2018-06-20 00:00:00,1251700.823812279,1252514.32571763,0.0006499172085494944,803524.2537237983,448990.07199383184,8779.826443520342,-1223.3880798955215,0.0,0.0,0,431.32375895700983,431.32375895700983,0.0,1
2018-06-21 00:00:00,1252514.32571763,1254797.9735160086,0.0018232508415183726,803524.2537237983,451273.7197922102,0.0,2691.501557686308,0.0,0.0,0,0,0,0.0,1
2018-06-22 00:00:00,1254797.9735160086,1260188.8321265315,0.0042961964589546394,0.0,1260188.8321265315,0.0,2210.0014067701413,0.0,0.0,0,0,0,0.0,3
2018-06-25 00:00:00,1260188.8321265315,1267503.9118752908,0.0058047489092688575,0.0,1267503.9118752908,0.0,8104.409031123214,0.0,0.0,0,0,0,0.0,3
2018-06-26 00:00:00,1267503.9118752908,1260836.2268083917,-0.005260484803580695,0.0,1260836.2268083917,0.0,-9511.653886310698,0.0,0.0,0,0,0,0.0,3
2018-06-27 00:00:00,1260836.2268083917,1250301.707656644,-0.008355184382998074,0.0,1250301.707656644,0.0,-15607.869056419586,0.0,0.0,0,0,0,0.0,3
2018-06-28 00:00:00,1250301.707656644,1238532.2161306047,-0.009413321163975757,0.0,1238532.2161306047,0.0,-14370.879933837277,0.0,0.0,0,0,0,0.0,3
2018-06-29 00:00:00,1238532.2161306047,1247012.1659577545,0.0068467737186866376,0.0,1247012.1659577545,0.0,-438.4817271626089,0.0,0.0,0,0,0,0.0,3
2018-07-02 00:00:00,1247012.1659577545,1245848.3347006426,-0.0009332958321364815,0.0,1245848.3347006426,0.0,-2549.0395100084716,0.0,0.0,0,0,0,0.0,3
2018-07-03 00:00:00,1245848.3347006426,1256556.3056167397,0.00859492332882558,0.0,1256556.3056167397,0.0,10824.72123903042,0.0,0.0,0,0,0,0.0,3
2018-07-04 00:00:00,1256556.3056167397,1251791.2456637968,-0.0037921579253100903,392509.08491229493,859282.1607515018,-9253.041949604203,-8729.283173068077,0.0,0.0,0,407.1500184573537,407.1500184573537,0.0,2
2018-07-05 00:00:00,1251791.2456637968,1245275.1745122743,-0.005205397604508033,392509.08491229493,852766.0895999793,0.0,-5573.929063799558,0.0,0.0,0,0,0,0.0,2
2018-07-06 00:00:00,1245275.1745122743,1250162.799486659,0.003924935688450517,392509.08491229493,857653.714574364,0.0,6937.4583522187895,0.0,0.0,0,0,0,0.0,2
2018-07-09 00:00:00,1250162.799486659,1262832.6965980532,0.010134597763264684,392509.08491229493,870323.6116857582,0.0,6491.162900618103,0.0,0.0,0,0,0,0.0,2
2018-07-10 00:00:00,1262832.6965980532,1272189.7898012034,0.007409606378071528,392509.08491229493,879680.7048889084,0.0,-462.45604250376346,0.0,0.0,0,0,0,0.0,2
2018-07-11 00:00:00,1272189.7898012034,1302548.7475796842,0.023863544592057154,392509.08491229493,910039.6626673894,0.0,25216.037708388816,0.0,0.0,0,0,0,0.0,2
2018-07-12 00:00:00,1302548.7475796842,1314291.308889745,0.009015064758136761,392509.08491229493,921782.22397745,0.0,6437.856815459731,0.0,0.0,0,0,0,0.0,2
2018-07-13 00:00:00,1314291.308889745,1323120.810154417,0.0067180701910985,392509.08491229493,930611.7252421221,0.0,8190.886319075478,0.0,0.0,0,0,0,0.0,2
2018-07-16 00:00:00,1323120.810154417,1310871.4953411152,-0.009257895967846142,392509.08491229493,918362.4104288202,0.0,-8087.104892033269,0.0,0.0,0,0,0,0.0,2
2018-07-17 00:00:00,1310871.4953411152,1308158.5442240627,-0.0020695782360775944,392509.08491229493,915649.4593117677,0.0,3220.360699132143,0.0,0.0,0,0,0,0.0,2
2018-07-18 00:00:00,1308158.5442240627,1324052.4939954444,0.012149865046219772,392509.08491229493,931543.4090831494,0.0,11025.5543093991,0.0,0.0,0,0,0,0.0,2
2018-07-19 00:00:00,1324052.4939954444,1306609.7525539892,-0.01317375369976473,392509.08491229493,914100.6676416942,0.0,-20133.77333236148,0.0,0.0,0,0,0,0.0,2
2018-07-20 00:00:00,1306609.7525539892,1309383.960243433,0.00212321060976407,392509.08491229493,916874.875331138,0.0,4695.543888399086,0.0,0.0,0,0,0,0.0,2
2018-07-23 00:00:00,1309383.960243433,1303138.1514626187,-0.004770036116566683,392509.08491229493,910629.0665503237,0.0,-10639.7499528724,0.0,0.0,0,0,0,0.0,2
2018-07-24 00:00:00,1303138.1514626187,1302568.0942702417,-0.00043744954572715543,0.0,1302568.0942702417,0.0,-2954.0944468122325,0.0,0.0,0,0,0,0.0,3
2018-07-25 00:00:00,1302568.0942702417,1297369.9986561167,-0.003990651726378445,0.0,1297369.9986561167,0.0,-8435.71334832866,0.0,0.0,0,0,0,0.0,3
2018-07-26 00:00:00,1297369.9986561167,1285289.6933413264,-0.009311380197864629,434205.0437280184,851084.649613308,32442.91686611927,10003.960857972561,0.0,0.0,0,450.4012731517826,450.4012731517826,0.0,2
2018-07-27 00:00:00,1285289.6933413264,1307477.4437892465,0.017262840091901207,434205.0437280184,873272.400061228,0.0,21873.156972502184,0.0,0.0,0,0,0,0.0,2
2018-07-30 00:00:00,1307477.4437892465,1298063.4648239242,-0.00720010812426658,434205.0437280184,863858.4210959058,0.0,-10738.133838689828,0.0,0.0,0,0,0,0.0,2
2018-07-31 00:00:00,1298063.4648239242,1303756.138032064,0.004385512236038489,434205.0437280184,869551.0943040457,0.0,10544.752093260817,0.0,0.0,0,0,0,0.0,2
2018-08-01 00:00:00,1303756.138032064,1324842.7579505532,0.016173745460035208,434205.0437280184,890637.7142225349,0.0,18974.112097260368,0.0,0.0,0,0,0,0.0,2
2018-08-02 00:00:00,1324842.7579505532,1311784.257484536,-0.009856641769486628,434205.0437280184,877579.2137565175,0.0,-13558.875867211376,0.0,0.0,0,0,0,0.0,2
2018-08-03 00:00:00,1311784.257484536,1317619.212707297,0.004448105844744681,434205.0437280184,883414.1689792785,0.0,840.2615806212998,0.0,0.0,0,0,0,0.0,2
2018-08-06 00:00:00,1317619.212707297,1312737.208422917,-0.0037051708394180184,434205.0437280184,878532.1646948985,0.0,-9696.790210288367,0.0,0.0,0,0,0,0.0,2
2018-08-07 00:00:00,1312737.208422917,1321818.9029386882,0.006918135981444228,434205.0437280184,887613.8592106698,0.0,7589.280378368625,0.0,0.0,0,0,0,0.0,2
2018-08-08 00:00:00,1321818.9029386882,1329734.7073864574,0.0059885695613602205,434205.0437280184,895529.663658439,0.0,7204.184269283665,0.0,0.0,0,0,0,0.0,2
2018-08-09 00:00:00,1329734.7073864574,1317967.8110336121,-0.00884905559543725,434205.0437280184,883762.7673055936,0.0,-14864.062502182904,0.0,0.0,0,0,0,0.0,2
2018-08-10 00:00:00,1317967.8110336121,1307450.9203609696,-0.007979626349443745,434205.0437280184,873245.8766329512,0.0,-9477.447240365087,0.0,0.0,0,0,0,0.0,2
2018-08-13 00:00:00,1307450.9203609696,1293916.5154963888,-0.010351749846827267,900247.1458553122,393669.3696410766,38157.92374014709,-6781.262559454015,0.0,0.0,0,483.4258817867375,483.4258817867375,0.0,1
2018-08-14 00:00:00,1293916.5154963888,1303870.8166550868,0.007693155655316176,900247.1458553122,403623.67079977464,0.0,9540.82201921579,0.0,0.0,0,0,0,0.0,1
2018-08-16 00:00:00,1303870.8166550868,1307635.8617640934,0.0028875905963332443,900247.1458553122,407388.7159087813,0.0,3508.271186666563,0.0,0.0,0,0,0,0.0,1
2018-08-17 00:00:00,1307635.8617640934,1306865.6440314115,-0.0005890154554516534,900247.1458553122,406618.4981760994,0.0,-2110.689726609795,0.0,0.0,0,0,0,0.0,1
2018-08-20 00:00:00,1306865.6440314115,1305232.8811839893,-0.0012493731508507785,900247.1458553122,404985.735328677,0.0,-5447.833231477183,0.0,0.0,0,0,0,0.0,1
2018-08-21 00:00:00,1305232.8811839893,1309803.6027674505,0.003501843731759968,900247.1458553122,409556.4569121382,0.0,4413.878983279166,0.0,0.0,0,0,0,0.0,1
2018-08-23 00:00:00,1309803.6027674505,1317595.0815343156,0.005948585536337418,0.0,1317595.0815343156,0.0,5338.568255018967,0.0,0.0,0,0,0,0.0,3
2018-08-24 00:00:00,1317595.0815343156,1314034.7939382491,-0.002702110569447931,0.0,1314034.7939382491,0.0,-2455.7669707351597,0.0,0.0,0,0,0,0.0,3
2018-08-27 00:00:00,1314034.7939382491,1321883.7898837342,0.005973202522256748,0.0,1321883.7898837342,0.0,7425.5571841596975,0.0,0.0,0,0,0,0.0,3
2018-08-28 00:00:00,1321883.7898837342,1327260.6761211313,0.004067593746550151,0.0,1327260.6761211313,0.0,9.174592366325669,0.0,0.0,0,0,0,0.0,3
2018-08-29 00:00:00,1327260.6761211313,1335267.5052321402,0.006032597254676871,448971.0779494512,886296.4272826889,-1152.4949782049055,7803.881388703478,0.0,0.0,0,465.71809341631644,465.71809341631644,0.0,2
2018-08-30 00:00:00,1335267.5052321402,1329200.4239611763,-0.004543719702000166,448971.0779494512,880229.3460117251,0.0,-6375.974307909899,0.0,0.0,0,0,0,0.0,2
2018-08-31 00:00:00,1329200.4239611763,1318307.1563360197,-0.008195353709482966,448971.0779494512,869336.0783865685,0.0,-12047.716050280666,0.0,0.0,0,0,0,0.0,2
2018-09-03 00:00:00,1318307.1563360197,1293736.1459035506,-0.018638304673062364,448971.0779494512,844765.0679540993,0.0,-29330.68101274513,0.0,0.0,0,0,0,0.0,2
2018-09-04 00:00:00,1293736.1459035506,1307133.3548678283,0.010355441491449627,448971.0779494512,858162.276918377,0.0,11870.664909395156,0.0,0.0,0,0,0,0.0,2
2018-09-05 00:00:00,1307133.3548678283,1298573.0314376168,-0.006548928920169051,448971.0779494512,849601.9534881655,0.0,-7927.6899574749405,0.0,0.0,0,0,0,0.0,2
2018-09-06 00:00:00,1298573.0314376168,1293017.3880888533,-0.004278267925072303,448971.0779494512,844046.3101394022,0.0,-6336.626895254245,0.0,0.0,0,0,0,0.0,2
2018-09-07 00:00:00,1293017.3880888533,1302599.89685271,0.00741096666767967,448971.0779494512,853628.8189032588,0.0,6653.960455102904,0.0,0.0,0,0,0,0.0,2
2018-09-10 00:00:00,1302599.89685271,1284466.8655540731,-0.013920645428000748,448971.0779494512,835495.7876046218,0.0,-17404.28450745478,0.0,0.0,0,0,0,0.0,2
2018-09-11 00:00:00,1284466.8655540731,1274673.9919432646,-0.007624076473614769,448971.0779494512,825702.9139938133,0.0,-12389.56887290324,0.0,0.0,0,0,0,0.0,2
2018-09-12 00:00:00,1274673.9919432646,1273199.8958627244,-0.0011564494842268857,448971.0779494512,824228.8179132731,0.0,-5282.637185799074,0.0,0.0,0,0,0,0.0,2
2018-09-14 00:00:00,1273199.8958627244,1289119.7713782352,0.012503830362571177,448971.0779494512,840148.6934287839,0.0,10703.350757618085,0.0,0.0,0,0,0,0.0,2
2018-09-17 00:00:00,1289119.7713782352,1281423.978337466,-0.005969804522151871,448971.0779494512,832452.9003880147,0.0,-6978.418717876659,0.0,0.0,0,0,0,0.0,2
2018-09-18 00:00:00,1281423.978337466,1275790.9599715904,-0.004395905228169623,448971.0779494512,826819.8820221392,0.0,-6147.555565833696,0.0,0.0,0,0,0,0.0,2
2018-09-19 00:00:00,1275790.9599715904,1267276.0322978678,-0.006674234213034579,448971.0779494512,818304.9543484165,0.0,-10852.723970880266,0.0,0.0,0,0,0,0.0,2
2018-09-21 00:00:00,1267276.0322978678,1255753.0837765865,-0.009092690327605707,448971.0779494512,806782.0058271352,0.0,-15665.431441318477,0.0,0.0,0,0,0,0.0,2
2018-09-24 00:00:00,1255753.0837765865,1259583.1090948724,0.0030499828093333383,0.0,1259583.1090948724,0.0,-4055.532886550529,0.0,0.0,0,845.0553795623364,845.0553795623364,0.0,1
2018-09-25 00:00:00,1259583.1090948724,1259767.3530711427,0.00014627377498155778,0.0,1259767.3530711427,0.0,-3871.2889102802146,0.0,0.0,0,0,0,0.0,1
2018-09-26 00:00:00,1259767.3530711427,1257395.0251725854,-0.0018831476246577456,0.0,1257395.0251725854,0.0,-6243.6168088375125,0.0,0.0,0,0,0,0.0,1
2018-09-27 00:00:00,1257395.0251725854,1255184.0095965997,-0.0017584096737476604,0.0,1255184.0095965997,0.0,-8454.63238482317,0.0,0.0,0,0,0,0.0,1
2018-09-28 00:00:00,1255184.0095965997,1245026.7806406128,-0.008092223035291307,0.0,1245026.7806406128,0.0,-18611.86134081008,0.0,0.0,0,0,0,0.0,1
2018-10-01 00:00:00,1245026.7806406128,1251429.720084902,0.005142812623672661,0.0,1251429.720084902,0.0,-12208.921896521002,0.0,0.0,0,0,0,0.0,1
2018-10-03 00:00:00,1251429.720084902,1289501.888312538,0.030422937554218432,0.0,1289501.888312538,0.0,25863.24633111502,0.0,0.0,0,0,0,0.0,1
2018-10-04 00:00:00,1289501.888312538,1280012.6645790513,-0.00735882887764077,0.0,1280012.6645790513,0.0,16374.022597628413,0.0,0.0,0,0,0,0.0,1
2018-10-05 00:00:00,1280012.6645790513,1284342.7055340009,0.003382811025837433,0.0,1284342.7055340009,0.0,20704.06355257798,0.0,0.0,0,0,0,0.0,1
2018-10-08 00:00:00,1284342.7055340009,1277640.336680494,-0.005218520590047787,0.0,1277640.336680494,0.0,14001.694699071115,0.0,0.0,0,0,0,0.0,1
2018-10-09 00:00:00,1277640.336680494,1274208.583953197,-0.0026860084397563114,0.0,1274208.583953197,0.0,10569.941971774213,0.0,0.0,0,0,0,0.0,1
2018-10-10 00:00:00,1274208.583953197,1277110.624266124,0.0022775237504078674,0.0,1277110.624266124,0.0,13471.982284701196,0.0,0.0,0,0,0,0.0,1
2018-10-11 00:00:00,1277110.624266124,1288327.2780508508,0.00878283648385766,0.0,1288327.2780508508,0.0,24688.636069427943,0.0,0.0,0,0,0,0.0,1
2018-10-12 00:00:00,1288327.2780508508,1296342.462113433,0.006221388151237953,0.0,1296342.462113433,0.0,32703.82013201015,0.0,0.0,0,0,0,0.0,1
2018-10-15 00:00:00,1296342.462113433,1312902.542652967,0.012774464328304029,0.0,1312902.542652967,0.0,49263.90067154402,0.0,0.0,0,0,0,0.0,1
2018-10-16 00:00:00,1312902.542652967,1303367.2798905983,-0.007262734630021252,0.0,1303367.2798905983,0.0,39728.63790917536,0.0,0.0,0,0,0,0.0,1
2018-10-17 00:00:00,1303367.2798905983,1306015.92982319,0.002032159294971738,0.0,1306015.92982319,0.0,42377.28784176707,0.0,0.0,0,0,0,0.0,1
2018-10-19 00:00:00,1306015.92982319,1315850.7098555183,0.007530367591810135,0.0,1315850.7098555183,0.0,52212.0678740954,0.0,0.0,0,0,0,0.0,1
2018-10-22 00:00:00,1315850.7098555183,1306292.3397179665,-0.007264023240600994,0.0,1306292.3397179665,0.0,42653.6977365436,0.0,0.0,0,0,0,0.0,1
2018-10-23 00:00:00,1306292.3397179665,1312441.9766426624,0.004707703427261659,0.0,1312441.9766426624,0.0,48803.334661239525,0.0,0.0,0,0,0,0.0,1
2018-10-24 00:00:00,1312441.9766426624,1305946.871279867,-0.004948870486000879,0.0,1305946.871279867,0.0,42308.229298444,0.0,0.0,0,0,0,0.0,1
2018-10-25 00:00:00,1305946.871279867,1306799.0326178954,0.0006525237410258156,0.0,1306799.0326178954,0.0,43160.3906364725,0.0,0.0,0,0,0,0.0,1
2018-10-26 00:00:00,1306799.0326178954,1312925.65002815,0.004688262890722595,0.0,1312925.65002815,0.0,49287.00804672716,0.0,0.0,0,0,0,0.0,1
2018-10-29 00:00:00,1312925.65002815,1305946.871279867,-0.0053154409376749805,0.0,1305946.871279867,0.0,42308.229298444,0.0,0.0,0,0,0,0.0,1
2018-10-30 00:00:00,1305946.871279867,1300902.786073535,-0.003862396945281981,0.0,1300902.786073535,0.0,37264.14409211208,0.0,0.0,0,0,0,0.0,1
2018-10-31 00:00:00,1300902.786073535,1306868.1790219606,0.004585579347116878,0.0,1306868.1790219606,0.0,43229.53704053769,0.0,0.0,0,0,0,0.0,1
2018-11-01 00:00:00,1306868.1790219606,1309678.0534163814,0.002150082494566233,0.0,1309678.0534163814,0.0,46039.411434958456,0.0,0.0,0,0,0,0.0,1
2018-11-02 00:00:00,1309678.0534163814,1299244.50242636,-0.007966500593641863,0.0,1299244.50242636,0.0,35605.860444937134,0.0,0.0,0,0,0,0.0,1
2018-11-05 00:00:00,1299244.50242636,1310115.6877729872,0.008367312947120445,0.0,1310115.6877729872,0.0,46477.04579156428,0.0,0.0,0,0,0,0.0,1
2018-11-06 00:00:00,1310115.6877729872,1304426.704719338,-0.004342351676835158,0.0,1304426.704719338,0.0,40788.0627379152,0.0,0.0,0,0,0,0.0,1
2018-11-07 00:00:00,1304426.704719338,1303758.78735758,-0.0005120390124962165,0.0,1303758.78735758,0.0,40120.145376157016,0.0,0.0,0,0,0,0.0,1
2018-11-09 00:00:00,1303758.78735758,1290146.786159855,-0.010440582513973494,0.0,1290146.786159855,0.0,26508.14417843218,0.0,0.0,0,0,0,0.0,1
2018-11-12 00:00:00,1290146.786159855,1276166.2970095896,-0.01083635544438989,0.0,1276166.2970095896,0.0,12527.655028166715,0.0,0.0,0,0,0,0.0,1
2018-11-13 00:00:00,1276166.2970095896,1275521.3991622725,-0.0005053399771082601,0.0,1275521.3991622725,0.0,11882.757180849556,0.0,0.0,0,0,0,0.0,1
2018-11-14 00:00:00,1275521.3991622725,1275982.0530333193,0.00036114946511237657,0.0,1275982.0530333193,0.0,12343.4110518964,0.0,0.0,0,0,0,0.0,1
2018-11-15 00:00:00,1275982.0530333193,1272066.5390597922,-0.0030686277790655395,0.0,1272066.5390597922,0.0,8427.897078369278,0.0,0.0,0,0,0,0.0,1
2018-11-16 00:00:00,1272066.5390597922,1267298.8637482368,-0.003747976355921809,0.0,1267298.8637482368,0.0,3660.221766813891,0.0,0.0,0,0,0,0.0,1
2018-11-19 00:00:00,1267298.8637482368,1268289.3178943957,0.0007815474111840176,0.0,1268289.3178943957,0.0,4650.6759129727725,0.0,0.0,0,0,0,0.0,1
2018-11-20 00:00:00,1268289.3178943957,1268197.1519758895,-7.26694747056842e-05,0.0,1268197.1519758895,0.0,4558.509994466556,0.0,0.0,0,0,0,0.0,1
2018-11-21 00:00:00,1268197.1519758895,1267391.029666743,-0.0006356443143642817,0.0,1267391.029666743,0.0,3752.3876853201073,0.0,0.0,0,0,0,0.0,1
2018-11-22 00:00:00,1267391.029666743,1266861.317252373,-0.0004179549972901456,0.0,1266861.317252373,0.0,3222.675270950189,0.0,0.0,0,0,0,0.0,1
2018-11-26 00:00:00,1266861.317252373,1257233.800710756,-0.007599503126749178,0.0,1257233.800710756,0.0,-6404.841270666802,0.0,0.0,0,0,0,0.0,1
2018-11-27 00:00:00,1257233.800710756,1255160.9022214166,-0.0016487772506335984,0.0,1255160.9022214166,0.0,-8477.739760006312,0.0,0.0,0,0,0,0.0,1
2018-11-28 00:00:00,1255160.9022214166,1244220.6583314664,-0.008716208312884735,0.0,1244220.6583314664,0.0,-19417.983649956528,0.0,0.0,0,0,0,0.0,1
2018-11-29 00:00:00,1244220.6583314664,1248850.1286956335,0.003720779214818188,0.0,1248850.1286956335,0.0,-14788.513285789406,0.0,0.0,0,0,0,0.0,1
2018-11-30 00:00:00,1248850.1286956335,1243069.0675842203,-0.004629107191149692,0.0,1243069.0675842203,0.0,-20569.57439720258,0.0,0.0,0,0,0,0.0,1
2018-12-03 00:00:00,1243069.0675842203,1255874.9464727987,0.010301824108185174,0.0,1255874.9464727987,0.0,-7763.695508624194,0.0,0.0,0,0,0,0.0,1
2018-12-04 00:00:00,1255874.9464727987,1268865.0693376476,0.010343484358321253,0.0,1268865.0693376476,0.0,5226.42735622474,0.0,0.0,0,0,0,0.0,1
2018-12-05 00:00:00,1268865.0693376476,1261586.9490408888,-0.005735929274621799,0.0,1261586.9490408888,0.0,-2051.6929405340925,0.0,0.0,0,0,0,0.0,1
2018-12-06 00:00:00,1261586.9490408888,1272849.6418544976,0.008927401176883738,0.0,1272849.6418544976,0.0,9210.999873074703,0.0,0.0,0,0,0,0.0,1
2018-12-07 00:00:00,1272849.6418544976,1267989.8884851781,-0.0038180105564071137,0.0,1267989.8884851781,0.0,4351.246503755217,0.0,0.0,0,0,0,0.0,1
2018-12-10 00:00:00,1267989.8884851781,1294453.8076003636,0.020870765102709923,0.0,1294453.8076003636,0.0,30815.165618940722,0.0,0.0,0,0,0,0.0,1
2018-12-11 00:00:00,1294453.8076003636,1298184.989736878,0.0028824374532384887,0.0,1298184.989736878,0.0,34546.34775545518,0.0,0.0,0,0,0,0.0,1
2018-12-12 00:00:00,1298184.989736878,1291897.235725536,-0.004843496158907598,0.0,1291897.235725536,0.0,28258.59374411311,0.0,0.0,0,0,0,0.0,1
2018-12-13 00:00:00,1291897.235725536,1286715.0334325582,-0.004011311542181203,0.0,1286715.0334325582,0.0,23076.391451135278,0.0,0.0,0,0,0,0.0,1
2018-12-14 00:00:00,1286715.0334325582,1283628.6612826185,-0.0023986446647057207,0.0,1283628.6612826185,0.0,19990.01930119563,0.0,0.0,0,0,0,0.0,1
2018-12-17 00:00:00,1283628.6612826185,1281601.889682903,-0.0015789391907862192,0.0,1281601.889682903,0.0,17963.247701480053,0.0,0.0,0,0,0,0.0,1
2018-12-18 00:00:00,1281601.889682903,1276765.0679672824,-0.0037740438388533565,0.0,1276765.0679672824,0.0,13126.425985859474,0.0,0.0,0,0,0,0.0,1
2018-12-19 00:00:00,1276765.0679672824,1270154.865032282,-0.0051773055990045344,0.0,1270154.865032282,0.0,6516.223050859058,0.0,0.0,0,0,0,0.0,1
2018-12-20 00:00:00,1270154.865032282,1270661.5579322109,0.00039892214239246795,0.0,1270661.5579322109,0.0,7022.915950787952,0.0,0.0,0,0,0,0.0,1
2018-12-21 00:00:00,1270661.5579322109,1277479.1122186647,0.00536535810333973,0.0,1277479.1122186647,0.0,13840.470237241825,0.0,0.0,0,0,0,0.0,1
2018-12-24 00:00:00,1277479.1122186647,1284135.4420432895,0.0052105194996608754,0.0,1284135.4420432895,0.0,20496.80006186664,0.0,0.0,0,0,0,0.0,1
2018-12-26 00:00:00,1284135.4420432895,1289133.4003599973,0.003892080346879223,0.0,1289133.4003599973,0.0,25494.758378574392,0.0,0.0,0,0,0,0.0,1
2018-12-27 00:00:00,1289133.4003599973,1291897.235725536,0.002143948302609259,0.0,1291897.235725536,0.0,28258.59374411311,0.0,0.0,0,0,0,0.0,1
2018-12-28 00:00:00,1291897.235725536,1296687.9305515327,0.003708263082787824,0.0,1296687.9305515327,0.0,33049.288570109755,0.0,0.0,0,0,0,0.0,1
2018-12-31 00:00:00,1296687.9305515327,1290745.6449782902,-0.0045826643660629865,0.0,1290745.6449782902,0.0,27107.00299686729,0.0,0.0,0,0,0,0.0,1
2019-01-02 00:00:00,1290745.6449782902,1303090.8699958217,0.009564413457880916,0.0,1303090.8699958217,0.0,39452.22801439883,0.0,0.0,0,0,0,0.0,1
2019-01-03 00:00:00,1303090.8699958217,1311474.6298716867,0.006433749225709667,0.0,1311474.6298716867,0.0,47835.98789026379,0.0,0.0,0,0,0,0.0,1
2019-01-04 00:00:00,1311474.6298716867,1303528.5043524276,-0.0060589243118157575,0.0,1303528.5043524276,0.0,39889.86237100465,0.0,0.0,0,0,0,0.0,1
2019-01-07 00:00:00,1303528.5043524276,1300142.7906540127,-0.0025973453492655475,0.0,1300142.7906540127,0.0,36504.1486725898,0.0,0.0,0,0,0,0.0,1
2019-01-08 00:00:00,1300142.7906540127,1297355.8479132906,-0.0021435666611051038,0.0,1297355.8479132906,0.0,33717.205931867706,0.0,0.0,0,0,0,0.0,1
2019-01-09 00:00:00,1297355.8479132906,1305278.9539181087,0.006107118580890425,0.0,1305278.9539181087,0.0,41640.311936685815,0.0,0.0,0,0,0,0.0,1
2019-01-10 00:00:00,1305278.9539181087,1316472.5881883944,0.008575664410036902,0.0,1316472.5881883944,0.0,52833.94620697154,0.0,0.0,0,0,0,0.0,1
2019-01-11 00:00:00,1316472.5881883944,1314399.6896990547,-0.0015745853790941977,0.0,1314399.6896990547,0.0,50761.047717631795,0.0,0.0,0,0,0,0.0,1
2019-01-14 00:00:00,1314399.6896990547,1317900.5888304168,0.0026634966203953232,0.0,1317900.5888304168,0.0,54261.94684899389,0.0,0.0,0,0,0,0.0,1
2019-01-15 00:00:00,1317900.5888304168,1318407.2817303457,0.00038446974242462646,0.0,1318407.2817303457,0.0,54768.63974892278,0.0,0.0,0,0,0,0.0,1
2019-01-16 00:00:00,1318407.2817303457,1322668.17628123,0.0032318499828764276,0.0,1322668.17628123,0.0,59029.53429980716,0.0,0.0,0,0,0,0.0,1
2019-01-17 00:00:00,1322668.17628123,1327251.6076165154,0.0034652919133292596,0.0,1327251.6076165154,0.0,63612.96563509246,0.0,0.0,0,0,0,0.0,1
2019-01-18 00:00:00,1327251.6076165154,1319651.038396098,-0.005726547383179704,0.0,1319651.038396098,0.0,56012.39641467505,0.0,0.0,0,0,0,0.0,1
2019-01-21 00:00:00,1319651.038396098,1302072.376948857,-0.01332068928510529,0.0,1302072.376948857,0.0,4404.229836183484,0.0,0.0,0,1346.0723085339603,1346.0723085339603,0.0,3
2019-01-22 00:00:00,1302072.376948857,1299522.4476900252,-0.00195836214942753,0.0,1299522.4476900252,0.0,857.7717932112282,0.0,0.0,0,0,0,0.0,3
2019-01-23 00:00:00,1299522.4476900252,1292986.2698256345,-0.005029676767807347,0.0,1292986.2698256345,0.0,-3028.4472077199607,0.0,0.0,0,0,0,0.0,3
2019-01-24 00:00:00,1292986.2698256345,1302315.6126669915,0.007215345637517945,0.0,1302315.6126669915,0.0,5897.726612483093,0.0,0.0,0,0,0,0.0,3
2019-01-25 00:00:00,1302315.6126669915,1301606.461711682,-0.0005445307945417062,0.0,1301606.461711682,0.0,-2305.9312808386167,0.0,0.0,0,0,0,0.0,3
2019-01-28 00:00:00,1301606.461711682,1299817.712344679,-0.0013742628203078852,438372.73668588314,861444.9756587958,5816.687648325276,1048.8691044121515,0.0,0.0,0,454.7244247167925,454.7244247167925,0.0,2
2019-01-29 00:00:00,1299817.712344679,1298342.6111214282,-0.0011348523791001328,438372.73668588314,859969.874435545,0.0,-1571.1934166881256,0.0,0.0,0,0,0,0.0,2
2019-01-30 00:00:00,1298342.6111214282,1332052.3403808093,0.025963662419016417,438372.73668588314,893679.603694926,0.0,13769.59631354222,0.0,0.0,0,0,0,0.0,2
2019-01-31 00:00:00,1332052.3403808093,1359711.8963117662,0.02076461644371242,438372.73668588314,921339.1596258831,0.0,21347.588400670676,0.0,0.0,0,0,0,0.0,2
2019-02-01 00:00:00,1359711.8963117662,1358004.6705147629,-0.0012555790690912075,438372.73668588314,919631.9338288797,0.0,1128.0036098820856,0.0,0.0,0,0,0,0.0,2
2019-02-04 00:00:00,1358004.6705147629,1384714.5986884534,0.019668509802374945,438372.73668588314,946341.8620025702,0.0,25716.968287884374,0.0,0.0,0,0,0,0.0,2
2019-02-05 00:00:00,1384714.5986884534,1381318.3830326018,-0.002452646674678236,438372.73668588314,942945.6463467185,0.0,-8991.967049002938,0.0,0.0,0,0,0,0.0,2
2019-02-06 00:00:00,1381318.3830326018,1358207.1323043285,-0.01673129888964044,438372.73668588314,919834.3956184455,0.0,-24079.568240805587,0.0,0.0,0,0,0,0.0,2
2019-02-07 00:00:00,1358207.1323043285,1361439.9016367085,0.0023801740216864648,438372.73668588314,923067.1649508255,0.0,-673.2531383375754,0.0,0.0,0,0,0,0.0,2
2019-02-08 00:00:00,1361439.9016367085,1344703.2976181977,-0.012293310926461182,438372.73668588314,906330.5609323147,0.0,-14679.511153086845,0.0,0.0,0,0,0,0.0,2
2019-02-11 00:00:00,1344703.2976181977,1337245.0372800895,-0.0055463984890337615,873005.4302426178,464239.6070374716,2076.6445191768057,-5910.376670092111,0.0,0.0,0,450.8448746946463,450.8448746946463,0.0,1
2019-02-12 00:00:00,1337245.0372800895,1333816.3879588142,-0.002563964887279786,873005.4302426178,460810.95771619637,0.0,3004.1372286992264,0.0,0.0,0,0,0,0.0,1
2019-02-14 00:00:00,1333816.3879588142,1326893.804229482,-0.005190057486042702,873005.4302426178,453888.3739868641,0.0,-7183.844768137438,0.0,0.0,0,0,0,0.0,1
2019-02-15 00:00:00,1326893.804229482,1321407.9332540117,-0.004134370782337031,873005.4302426178,448402.5030113938,0.0,-8751.244831536314,0.0,0.0,0,0,0,0.0,1
2019-02-18 00:00:00,1321407.9332540117,1320551.864122492,-0.0006478462176411687,1320551.864122492,0,14990.384842316264,0,0.0,0.0,0,464.24030887190753,464.24030887190753,0.0,0
2019-02-19 00:00:00,1320551.864122492,1320551.864122492,0.0,1320551.864122492,0,0.0,0,0.0,0.0,0,0,0,0.0,0
2019-02-20 00:00:00,1320551.864122492,1320551.864122492,0.0,1320551.864122492,0,0.0,0,0.0,0.0,0,0,0,0.0,0
2019-02-21 00:00:00,1320551.864122492,1320551.864122492,0.0,1320551.864122492,0,0.0,0,0.0,0.0,0,0,0,0.0,0
2019-02-22 00:00:00,1320551.864122492,1324740.185327371,0.003171644612127369,0.0,1324740.185327371,0.0,4188.321204878797,0.0,0.0,0,0,0,0.0,3
2019-02-25 00:00:00,1324740.185327371,1345821.7605419839,0.01591374327442426,0.0,1345821.7605419839,0.0,16093.56778649264,0.0,0.0,0,0,0,0.0,3
2019-02-26 00:00:00,1345821.7605419839,1353811.5041940298,0.005936702679579473,0.0,1353811.5041940298,0.0,14930.959984953923,0.0,0.0,0,0,0,0.0,3
2019-02-27 00:00:00,1353811.5041940298,1341758.77757052,-0.008902810019098765,0.0,1341758.77757052,0.0,-5987.330789761385,0.0,0.0,0,0,0,0.0,3
2019-02-28 00:00:00,1341758.77757052,1342153.99308342,0.0002945503465351044,0.0,1342153.99308342,0.0,-8234.213023653429,0.0,0.0,0,0,0,0.0,3
2019-03-01 00:00:00,1342153.99308342,1346826.8391574943,0.0034816020353514226,0.0,1346826.8391574943,0.0,2673.6354575641453,0.0,0.0,0,0,0,0.0,3
2019-03-05 00:00:00,1346826.8391574943,1324082.3529659817,-0.01688746135007254,0.0,1324082.3529659817,0.0,-17418.248630494403,0.0,0.0,0,0,0,0.0,3
2019-03-06 00:00:00,1324082.3529659817,1339714.5772086203,0.011806081553478861,0.0,1339714.5772086203,0.0,10045.573988032353,0.0,0.0,0,0,0,0.0,3
2019-03-07 00:00:00,1339714.5772086203,1322994.2787845666,-0.012480493015826924,438487.43157532427,884506.8472092424,-1696.523132173134,-20065.265867813898,0.0,0.0,0,454.84339782632793,454.84339782632793,0.0,2
2019-03-08 00:00:00,1322994.2787845666,1310727.9266926982,-0.009271659211661515,438487.43157532427,872240.4951173739,0.0,247.97664750239346,0.0,0.0,0,0,0,0.0,2
2019-03-11 00:00:00,1310727.9266926982,1321891.0710192192,0.00851675172183792,438487.43157532427,883403.639443895,0.0,5031.89958149771,0.0,0.0,0,0,0,0.0,2
2019-03-12 00:00:00,1321891.0710192192,1325244.029356489,0.002536486107500891,438487.43157532427,886756.5977811646,0.0,-357.86151242931373,0.0,0.0,0,0,0,0.0,2
2019-03-13 00:00:00,1325244.029356489,1326718.0058329091,0.001112230233654337,438487.43157532427,888230.5742575848,0.0,-1228.675850804546,0.0,0.0,0,0,0,0.0,2
2019-03-14 00:00:00,1326718.0058329091,1324598.684011672,-0.001597416943102926,843493.9508101726,481104.7332014994,-35177.43547264903,-3965.95976233657,0.0,0.0,0,420.1136180546321,420.1136180546321,0.0,1
2019-03-15 00:00:00,1324598.684011672,1335085.8817593225,0.007917264205554764,843493.9508101726,491591.9309491499,0.0,10354.072895625432,0.0,0.0,0,0,0,0.0,1
2019-03-18 00:00:00,1335085.8817593225,1337028.8754081042,0.001455332331296377,843493.9508101726,493534.9245979315,0.0,1916.4045568510774,0.0,0.0,0,0,0,0.0,1
2019-03-19 00:00:00,1337028.8754081042,1339264.7692702306,0.0016722853958138551,843493.9508101726,495770.81846005784,0.0,1224.3819208412315,0.0,0.0,0,0,0,0.0,1
2019-03-20 00:00:00,1339264.7692702306,1341447.270681397,0.0016296265393106395,843493.9508101726,497953.3198712245,0.0,2874.6309567900607,0.0,0.0,0,0,0,0.0,1
2019-03-22 00:00:00,1341447.270681397,1341207.762919012,-0.00017854429884777136,843493.9508101726,497713.8121088394,0.0,558.9695987608284,0.0,0.0,0,0,0,0.0,1
2019-03-25 00:00:00,1341207.762919012,1323718.7067214856,-0.013039781517117915,0.0,1323718.7067214856,0.0,-14853.925416130573,0.0,0.0,0,0,0,0.0,3
2019-03-26 00:00:00,1323718.7067214856,1331076.9619019371,0.005558775548829463,0.0,1331076.9619019371,0.0,5678.342417744454,0.0,0.0,0,0,0,0.0,3
2019-03-27 00:00:00,1331076.9619019371,1331849.5445697755,0.0005804192319085709,0.0,1331849.5445697755,0.0,-5140.3782627269975,0.0,0.0,0,0,0,0.0,3
2019-03-28 00:00:00,1331849.5445697755,1365064.3832943458,0.024938882068169094,0.0,1365064.3832943458,0.0,28739.967891646316,0.0,0.0,0,0,0,0.0,3
2019-04-01 00:00:00,1365064.3832943458,1354094.9682009493,-0.008035822505985966,0.0,1354094.9682009493,0.0,-28718.52095119335,0.0,0.0,0,0,0,0.0,3
2019-04-02 00:00:00,1354094.9682009493,1348039.4272158477,-0.004472020890194278,0.0,1348039.4272158477,0.0,-12854.18357359292,0.0,0.0,0,0,0,0.0,3
2019-04-03 00:00:00,1348039.4272158477,1338862.5724706291,-0.006807556633689717,0.0,1338862.5724706291,0.0,-13060.520631449705,0.0,0.0,0,0,0,0.0,3
2019-04-04 00:00:00,1338862.5724706291,1345226.5805791633,0.004753294504894945,0.0,1345226.5805791633,0.0,2803.962446022546,0.0,0.0,0,0,0,0.0,3
2019-04-05 00:00:00,1345226.5805791633,1350426.5184682072,0.0038654736414777055,0.0,1350426.5184682072,0.0,-4130.774658161681,0.0,0.0,0,0,0,0.0,3
2019-04-08 00:00:00,1350426.5184682072,1348496.231095814,-0.0014293908968722204,0.0,1348496.231095814,0.0,-2502.3163108295994,0.0,0.0,0,0,0,0.0,3
2019-04-09 00:00:00,1348496.231095814,1350040.3186987578,0.0011450440626661043,0.0,1350040.3186987578,0.0,1318.6818991757464,0.0,0.0,0,0,0,0.0,3
2019-04-10 00:00:00,1350040.3186987578,1339289.124810102,-0.007963609486136272,0.0,1339289.124810102,0.0,-6332.819212965143,0.0,0.0,0,0,0,0.0,3
2019-04-11 00:00:00,1339289.124810102,1334548.1700299634,-0.003539903888050151,0.0,1334548.1700299634,0.0,-7045.496695670241,0.0,0.0,0,0,0,0.0,3
2019-04-12 00:00:00,1334548.1700299634,1343328.9049424115,0.006579556369442215,422719.464989056,920609.4399533555,972.4895839697151,7911.463818221062,0.0,0.0,0,438.48727223991364,438.48727223991364,0.0,2
2019-04-15 00:00:00,1343328.9049424115,1344592.236330626,0.0009404483023975146,422719.464989056,921872.7713415702,0.0,820.3180288078147,0.0,0.0,0,0,0,0.0,2
2019-04-16 00:00:00,1344592.236330626,1351418.4471990424,0.0050767888464423915,422719.464989056,928698.9822099863,0.0,2772.3050032561296,0.0,0.0,0,0,0,0.0,2
2019-04-18 00:00:00,1351418.4471990424,1351554.384873566,0.00010058888481603108,422719.464989056,928834.91988451,0.0,-4561.77923463576,0.0,0.0,0,0,0,0.0,2
2019-04-22 00:00:00,1351554.384873566,1344498.0056942012,-0.005220936174185009,422719.464989056,921778.5407051453,0.0,-4198.791148147022,0.0,0.0,0,0,0,0.0,2
2019-04-23 00:00:00,1344498.0056942012,1347723.446263,0.0023989924530481575,0.0,1347723.446263,0.0,2134.136798522377,0.0,0.0,0,0,0,0.0,3
2019-04-24 00:00:00,1347723.446263,1357763.4094512742,0.007449572251720745,0.0,1357763.4094512742,0.0,9810.692942690803,0.0,0.0,0,0,0,0.0,3
2019-04-25 00:00:00,1357763.4094512742,1364017.6528262496,0.0046062836363391065,421536.92266512493,942480.7301611247,-210.05273996137464,2625.974293529056,0.0,0.0,0,437.2606200488625,437.2606200488625,0.0,2
2019-04-26 00:00:00,1364017.6528262496,1365384.955713283,0.001002408498306735,421536.92266512493,943848.033048158,0.0,-3562.301673543174,0.0,0.0,0,0,0,0.0,2
2019-04-30 00:00:00,1365384.955713283,1372653.263423139,0.005323266291636385,421536.92266512493,951116.340758014,0.0,6329.269214351254,0.0,0.0,0,0,0,0.0,2
2019-05-02 00:00:00,1372653.263423139,1362195.4483969696,-0.0076186866012248325,421536.92266512493,940658.5257318446,0.0,-9482.359372286242,0.0,0.0,0,0,0,0.0,2
2019-05-03 00:00:00,1362195.4483969696,1368221.0448562035,0.0044234448634554,421536.92266512493,946684.1221910786,0.0,4889.765974183916,0.0,0.0,0,0,0,0.0,2
2019-05-06 00:00:00,1368221.0448562035,1333916.5628323953,-0.025072324499593915,421536.92266512493,912379.6401672704,0.0,-31010.416248130903,0.0,0.0,0,0,0,0.0,2
2019-05-07 00:00:00,1333916.5628323953,1339823.7220216424,0.004428432297672345,833485.9570502578,506337.7649713846,-10770.43060392318,558.9208730512764,0.0,0.0,0,427.3150951165209,427.3150951165209,0.0,1
2019-05-08 00:00:00,1339823.7220216424,1345413.3520884158,0.004171914539876387,833485.9570502578,511927.395038158,0.0,4604.761619252909,0.0,0.0,0,0,0,0.0,1
2019-05-09 00:00:00,1345413.3520884158,1338626.0263269031,-0.005044788466664914,833485.9570502578,505140.0692766452,0.0,-6760.760136642901,0.0,0.0,0,0,0,0.0,1
2019-05-10 00:00:00,1338626.0263269031,1344002.5049440078,0.004016415721317914,833485.9570502578,510516.54789375,0.0,4258.724643782363,0.0,0.0,0,0,0,0.0,1
2019-05-13 00:00:00,1344002.5049440078,1346449.1109343492,0.0018203879690263868,0.0,1346449.1109343492,0.0,5102.592080035247,0.0,0.0,0,526.804206731895,526.804206731895,0.0,1
2019-05-14 00:00:00,1346449.1109343492,1360384.6177203867,0.010349820630329744,0.0,1360384.6177203867,0.0,19038.098866072716,0.0,0.0,0,0,0,0.0,1
2019-05-15 00:00:00,1360384.6177203867,1361194.4591763364,0.0005953033027576896,0.0,1361194.4591763364,0.0,19847.94032202242,0.0,0.0,0,0,0,0.0,1
2019-05-16 00:00:00,1361194.4591763364,1351499.2611716029,-0.007122566463134251,0.0,1351499.2611716029,0.0,10152.742317288881,0.0,0.0,0,0,0,0.0,1
2019-05-17 00:00:00,1351499.2611716029,1346592.050859193,-0.003630938213133594,0.0,1346592.050859193,0.0,5245.532004879089,0.0,0.0,0,0,0,0.0,1
2019-05-20 00:00:00,1346592.050859193,1328988.1767330263,-0.013072908097841994,0.0,1328988.1767330263,0.0,-12358.342121287715,0.0,0.0,0,0,0,0.0,1
2019-05-21 00:00:00,1328988.1767330263,1330393.586064009,0.0010575032611934519,0.0,1330393.586064009,0.0,-10952.932790305,0.0,0.0,0,0,0,0.0,1
2019-05-22 00:00:00,1330393.586064009,1328988.1767330263,-0.0010563861294165145,0.0,1328988.1767330263,0.0,-12358.342121287715,0.0,0.0,0,0,0,0.0,1
2019-05-23 00:00:00,1328988.1767330263,1334705.2285013858,0.004301807847842099,0.0,1334705.2285013858,0.0,-6641.290352928219,0.0,0.0,0,0,0,0.0,1
2019-05-24 00:00:00,1334705.2285013858,1333633.3153714056,-0.0008031085119699127,0.0,1333633.3153714056,0.0,-7713.20348290843,0.0,0.0,0,0,0,0.0,1
2019-05-27 00:00:00,1333633.3153714056,1338564.3338594728,0.003697431993661583,0.0,1338564.3338594728,0.0,-2782.1849948412273,0.0,0.0,0,0,0,0.0,1
2019-05-28 00:00:00,1338564.3338594728,1338802.5064869463,0.00017793140116527793,0.0,1338802.5064869463,0.0,-2544.0123673677444,0.0,0.0,0,0,0,0.0,1
2019-05-29 00:00:00,1338802.5064869463,1343614.393225827,0.0035941721916156926,0.0,1343614.393225827,0.0,2267.874371513026,0.0,0.0,0,0,0,0.0,1
2019-05-30 00:00:00,1343614.393225827,1335896.3642514518,-0.005744229157775939,0.0,1335896.3642514518,0.0,-5450.154602862196,0.0,0.0,0,0,0,0.0,1
2019-05-31 00:00:00,1335896.3642514518,1352190.0617492655,0.012196827488892555,0.0,1352190.0617492655,0.0,10843.542894951534,0.0,0.0,0,0,0,0.0,1
2019-06-03 00:00:00,1352190.0617492655,1370991.7765467125,0.013904639095723027,0.0,1370991.7765467125,0.0,14491.6709089629,0.0,0.0,0,1407.0987507747031,1407.0987507747031,0.0,3
2019-06-04 00:00:00,1370991.7765467125,1373402.6019529402,0.001758453586279104,0.0,1373402.6019529402,0.0,2808.195534330036,0.0,0.0,0,0,0,0.0,3
2019-06-06 00:00:00,1373402.6019529402,1353414.2591240497,-0.01455388449131207,0.0,1353414.2591240497,0.0,-22490.596718369634,0.0,0.0,0,0,0,0.0,3
2019-06-07 00:00:00,1353414.2591240497,1368299.3479698175,0.010998176460326076,0.0,1368299.3479698175,0.0,11705.217891278618,0.0,0.0,0,0,0,0.0,3
2019-06-10 00:00:00,1368299.3479698175,1373881.0007899408,0.00407926293935973,0.0,1373881.0007899408,0.0,-3187.218251649698,0.0,0.0,0,0,0,0.0,3
2019-06-11 00:00:00,1373881.0007899408,1384361.5817446476,0.007628448860331236,0.0,1384361.5817446476,0.0,6734.947392336442,0.0,0.0,0,0,0,0.0,3
2019-06-12 00:00:00,1384361.5817446476,1370797.4121354467,-0.009798140737267936,0.0,1370797.4121354467,0.0,-10340.617927165236,0.0,0.0,0,0,0,0.0,3
2019-06-13 00:00:00,1370797.4121354467,1371341.288545522,0.0003967591456333234,0.0,1371341.288545522,0.0,1665.764815031318,0.0,0.0,0,0,0,0.0,3
2019-06-14 00:00:00,1371341.288545522,1365231.344201625,-0.004455451312471727,0.0,1365231.344201625,0.0,-7048.723945996258,0.0,0.0,0,0,0,0.0,3
2019-06-17 00:00:00,1365231.344201625,1347216.085421023,-0.01319575532536377,0.0,1347216.085421023,0.0,-20560.736868432665,0.0,0.0,0,0,0,0.0,3
2019-06-18 00:00:00,1347216.085421023,1361824.1154961265,0.010843123262248094,0.0,1361824.1154961265,0.0,12804.867975359957,0.0,0.0,0,0,0,0.0,3
2019-06-19 00:00:00,1361824.1154961265,1342331.7144780979,-0.01431344972983338,0.0,1342331.7144780979,0.0,-26987.95233633858,0.0,0.0,0,0,0,0.0,3
2019-06-20 00:00:00,1342331.7144780979,1322670.826453173,-0.014646817781973508,0.0,1322670.826453173,0.0,-10021.549427030492,0.0,0.0,0,0,0,0.0,3
2019-06-21 00:00:00,1322670.826453173,1321266.9986867206,-0.0010613583806160637,393251.95263234404,928015.0460543765,-58914.74924690582,-3503.065363859816,0.0,0.0,0,407.92059579570235,407.92059579570235,0.0,2
2019-06-24 00:00:00,1321266.9986867206,1315453.1415048593,-0.004400213724886801,0.0,1315453.1415048593,0.0,-5311.47582802159,0.0,0.0,0,0,0,0.0,3
2019-06-25 00:00:00,1315453.1415048593,1324948.0411205683,0.007217968710650494,0.0,1324948.0411205683,0.0,7051.384912140551,0.0,0.0,0,0,0,0.0,3
2019-06-26 00:00:00,1324948.0411205683,1332028.1199552817,0.005343665272130592,0.0,1332028.1199552817,0.0,10415.1407317025,0.0,0.0,0,0,0,0.0,3
2019-06-27 00:00:00,1332028.1199552817,1341807.8375265223,0.0073419753117291075,0.0,1341807.8375265223,0.0,9136.57410060073,0.0,0.0,0,0,0,0.0,3
2019-06-28 00:00:00,1341807.8375265223,1352995.216972832,0.00833754218259187,0.0,1352995.216972832,0.0,11116.628766136011,0.0,0.0,0,0,0,0.0,3
2019-07-01 00:00:00,1352995.216972832,1351664.0466507827,-0.0009838692002383765,0.0,1351664.0466507827,0.0,-2222.5548028462217,0.0,0.0,0,0,0,0.0,3
2019-07-02 00:00:00,1351664.0466507827,1350938.4341860055,-0.000536829004644424,0.0,1350938.4341860055,0.0,-2809.2508920161054,0.0,0.0,0,0,0,0.0,3
2019-07-03 00:00:00,1350938.4341860055,1350394.9047745143,-0.00040233470137278143,0.0,1350394.9047745143,0.0,-4478.594834022515,0.0,0.0,0,0,0,0.0,3
2019-07-04 00:00:00,1350394.9047745143,1347036.1020711362,-0.0024872744198771012,0.0,1347036.1020711362,0.0,-2682.4598108014907,0.0,0.0,0,0,0,0.0,3
2019-07-05 00:00:00,1347036.1020711362,1335965.0656881882,-0.008218811927850908,0.0,1335965.0656881882,0.0,-9611.023608086223,0.0,0.0,0,0,0,0.0,3
2019-07-08 00:00:00,1335965.0656881882,1241879.4591616048,-0.07042519968747658,0.0,1241879.4591616048,0.0,-92940.08370172122,0.0,0.0,0,0,0,0.0,3
2019-07-09 00:00:00,1241879.4591616048,1219744.554481675,-0.017823714303860982,417906.0151912722,801838.5392904028,-34260.68668797769,2262.4780131524894,0.0,0.0,0,433.4942765377908,433.4942765377908,0.0,2
2019-07-10 00:00:00,1219744.554481675,1197902.9934637593,-0.017906668193486693,750312.6574095617,447590.3360541976,-60845.310414054555,-22307.394850679324,0.0,0.0,0,344.8057018725178,344.8057018725178,0.0,1
2019-07-11 00:00:00,1197902.9934637593,1201564.2774640357,0.0030564110952671407,750312.6574095617,451251.6200544739,0.0,-1170.267685178318,0.0,0.0,0,0,0,0.0,1
2019-07-12 00:00:00,1201564.2774640357,1191947.0342348279,-0.008003935710793194,750312.6574095617,441634.3768252662,0.0,-12095.093961905863,0.0,0.0,0,0,0,0.0,1
2019-07-15 00:00:00,1191947.0342348279,1196471.2709152182,0.003795669228955843,750312.6574095617,446158.61350565654,0.0,1778.2866681411397,0.0,0.0,0,0,0,0.0,1
2019-07-16 00:00:00,1196471.2709152182,1201256.9897344701,0.003999861037692311,750312.6574095617,450944.3323249084,0.0,2000.5923616332584,0.0,0.0,0,0,0,0.0,1
2019-07-17 00:00:00,1201256.9897344701,1203165.9942137722,0.0015891724215682326,750312.6574095617,452853.3368042105,0.0,3046.6382781420252,0.0,0.0,0,0,0,0.0,1
2019-07-18 00:00:00,1203165.9942137722,1203734.8873259411,0.00047283011230768066,750312.6574095617,453422.2299163794,0.0,1000.3161598205916,0.0,0.0,0,0,0,0.0,1
2019-07-19 00:00:00,1203734.8873259411,1184833.734107859,-0.015702089735116397,750312.6574095617,434521.0766982974,0.0,-19992.871187976096,0.0,0.0,0,0,0,0.0,1
2019-07-22 00:00:00,1184833.734107859,1174830.8201292981,-0.00844246217051939,750312.6574095617,424518.1627197366,0.0,-9074.592042333912,0.0,0.0,0,0,0,0.0,1
2019-07-23 00:00:00,1174830.8201292981,1188115.8947383529,0.011308074644817886,0.0,1188115.8947383529,0.0,11925.142864512862,0.0,0.0,0,0,0,0.0,3
2019-07-24 00:00:00,1188115.8947383529,1159037.8414640536,-0.024474088262831317,0.0,1159037.8414640536,0.0,-28921.866469578294,0.0,0.0,0,0,0,0.0,3
2019-07-25 00:00:00,1159037.8414640536,1131901.080637996,-0.02341317932448122,0.0,1131901.080637996,0.0,-29670.78811408399,0.0,0.0,0,0,0,0.0,3
2019-07-26 00:00:00,1131901.080637996,1165664.805905203,0.029829219041098618,0.0,1165664.805905203,0.0,30948.098392150016,0.0,0.0,0,0,0,0.0,3
2019-07-29 00:00:00,1165664.805905203,1160733.9447513279,-0.004230084951433495,0.0,1160733.9447513279,0.0,-4371.94863820076,0.0,0.0,0,1208.5653663387575,1208.5653663387575,0.0,1
2019-07-30 00:00:00,1160733.9447513279,1165294.4742399552,0.0039290050138099195,0.0,1165294.4742399552,0.0,188.5808504265733,0.0,0.0,0,0,0,0.0,1
2019-07-31 00:00:00,1165294.4742399552,1160260.8266326045,-0.004319635696062009,0.0,1160260.8266326045,0.0,-4845.066756924149,0.0,0.0,0,0,0,0.0,1
2019-08-01 00:00:00,1160260.8266326045,1152653.5435097332,-0.006556528453132153,0.0,1152653.5435097332,0.0,-12452.349879795453,0.0,0.0,0,0,0,0.0,1
2019-08-02 00:00:00,1152653.5435097332,1183480.0692333782,0.026743964738772084,0.0,1183480.0692333782,0.0,18374.175843849545,0.0,0.0,0,0,0,0.0,1
2019-08-05 00:00:00,1183480.0692333782,1210010.9221021454,0.02241765920566207,0.0,1210010.9221021454,0.0,44905.02871261677,0.0,0.0,0,0,0,0.0,1
2019-08-06 00:00:00,1210010.9221021454,1217580.3788755797,0.0062556929323281845,0.0,1217580.3788755797,0.0,52474.48548605107,0.0,0.0,0,0,0,0.0,1
2019-08-07 00:00:00,1217580.3788755797,1235746.9885065944,0.01492025491392313,0.0,1235746.9885065944,0.0,70641.09511706582,0.0,0.0,0,0,0,0.0,1
2019-08-08 00:00:00,1235746.9885065944,1233987.0526301106,-0.0014241878740976631,0.0,1233987.0526301106,0.0,68881.15924058203,0.0,0.0,0,0,0,0.0,1
2019-08-09 00:00:00,1233987.0526301106,1238566.4952934566,0.0037110945804377463,0.0,1238566.4952934566,0.0,73460.60190392798,0.0,0.0,0,0,0,0.0,1
2019-08-13 00:00:00,1238566.4952934566,1260517.905498878,0.017723239154972058,0.0,1260517.905498878,0.0,95412.01210934948,0.0,0.0,0,0,0,0.0,1
2019-08-14 00:00:00,1260517.905498878,1240515.7072925055,-0.01586823806239884,0.0,1240515.7072925055,0.0,75409.81390297692,0.0,0.0,0,0,0,0.0,1
2019-08-16 00:00:00,1240515.7072925055,1245284.4260784166,0.0038441422046312447,0.0,1245284.4260784166,0.0,80178.53268888802,0.0,0.0,0,0,0,0.0,1
2019-08-19 00:00:00,1245284.4260784166,1246798.3463081794,0.001215722447064041,0.0,1246798.3463081794,0.0,81692.45291865082,0.0,0.0,0,0,0,0.0,1
2019-08-20 00:00:00,1246798.3463081794,1255976.2891849692,0.007361208734328194,0.0,1255976.2891849692,0.0,90870.39579544053,0.0,0.0,0,0,0,0.0,1
2019-08-21 00:00:00,1255976.2891849692,1247044.3619549002,-0.00711154128225229,0.0,1247044.3619549002,0.0,81938.46856537159,0.0,0.0,0,0,0,0.0,1
2019-08-22 00:00:00,1247044.3619549002,1256506.1468278482,0.00758736830990953,0.0,1256506.1468278482,0.0,91400.25343831955,0.0,0.0,0,0,0,0.0,1
2019-08-23 00:00:00,1256506.1468278482,1252418.5910825648,-0.003253112414613125,0.0,1252418.5910825648,0.0,87312.69769303617,0.0,0.0,0,0,0,0.0,1
2019-08-26 00:00:00,1252418.5910825648,1285307.7356658801,0.026260504928217854,0.0,1285307.7356658801,0.0,120201.84227635153,0.0,0.0,0,0,0,0.0,1
2019-08-27 00:00:00,1285307.7356658801,1284872.5882719737,-0.00033855502603121883,0.0,1284872.5882719737,0.0,119766.69488244504,0.0,0.0,0,0,0,0.0,1
2019-08-28 00:00:00,1284872.5882719737,1294807.3468882653,0.007732096323770866,0.0,1294807.3468882653,0.0,129701.45349873672,0.0,0.0,0,0,0,0.0,1
2019-08-29 00:00:00,1294807.3468882653,1295223.7254828329,0.00032157571206882003,0.0,1295223.7254828329,0.0,130117.83209330426,0.0,0.0,0,0,0,0.0,1
2019-08-30 00:00:00,1295223.7254828329,1279214.3727727716,-0.012360299147618905,0.0,1279214.3727727716,0.0,114108.47938324302,0.0,0.0,0,0,0,0.0,1
2019-09-03 00:00:00,1279214.3727727716,1303909.637066181,0.019305024098408927,0.0,1303909.637066181,0.0,138803.74367665243,0.0,0.0,0,0,0,0.0,1
2019-09-04 00:00:00,1303909.637066181,1308621.6163279363,0.0036137314487200804,0.0,1308621.6163279363,0.0,143515.72293840768,0.0,0.0,0,0,0,0.0,1
2019-09-05 00:00:00,1308621.6163279363,1306256.1701096995,-0.001807586080439651,0.0,1306256.1701096995,0.0,141150.27672017086,0.0,0.0,0,0,0,0.0,1
2019-09-06 00:00:00,1306256.1701096995,1268806.4960377566,-0.02866947152394916,0.0,1268806.4960377566,0.0,103700.60264822794,0.0,0.0,0,0,0,0.0,1
2019-09-09 00:00:00,1268806.4960377566,1274956.598455021,0.004847155524873159,0.0,1274956.598455021,0.0,109850.70506549231,0.0,0.0,0,0,0,0.0,1
2019-09-11 00:00:00,1274956.598455021,1261501.9680857616,-0.010553010498995383,0.0,1261501.9680857616,0.0,96396.07469623303,0.0,0.0,0,0,0,0.0,1
2019-09-12 00:00:00,1261501.9680857616,1254556.9348287992,-0.005505368546908427,0.0,1254556.9348287992,0.0,89451.0414392706,0.0,0.0,0,0,0,0.0,1
2019-09-13 00:00:00,1254556.9348287992,1253629.7561414507,-0.0007390487124245357,0.0,1253629.7561414507,0.0,88523.8627519221,0.0,0.0,0,0,0,0.0,1
2019-09-16 00:00:00,1253629.7561414507,1258417.3881020804,0.003819015891394904,0.0,1258417.3881020804,0.0,93311.49471255182,0.0,0.0,0,0,0,0.0,1
2019-09-17 00:00:00,1258417.3881020804,1262731.901943987,0.0034285237018328433,0.0,1262731.901943987,0.0,97626.00855445839,0.0,0.0,0,0,0,0.0,1
2019-09-18 00:00:00,1262731.901943987,1253478.3063683228,-0.007328234569363616,0.0,1253478.3063683228,0.0,88372.4129787942,0.0,0.0,0,0,0,0.0,1
2019-09-19 00:00:00,1253478.3063683228,1241310.493756824,-0.009707238290188224,0.0,1241310.493756824,0.0,76204.60036729532,0.0,0.0,0,0,0,0.0,1
2019-09-20 00:00:00,1241310.493756824,1242067.4538717053,0.0006098072308971286,0.0,1242067.4538717053,0.0,76961.56048217672,0.0,0.0,0,0,0,0.0,1
2019-09-23 00:00:00,1242067.4538717053,1252078.009562251,0.008059591014434223,0.0,1252078.009562251,0.0,86972.11617272231,0.0,0.0,0,0,0,0.0,1
2019-09-24 00:00:00,1252078.009562251,1252229.3149599994,0.00012084342716104453,0.0,1252229.3149599994,0.0,87123.42157047079,0.0,0.0,0,0,0,0.0,1
2019-09-25 00:00:00,1252229.3149599994,1262012.9125539223,0.007812944064670287,0.0,1262012.9125539223,0.0,96907.01916439366,0.0,0.0,0,0,0,0.0,1
2019-09-26 00:00:00,1262012.9125539223,1248444.658760972,-0.010751279688170743,0.0,1248444.658760972,0.0,83338.76537144347,0.0,0.0,0,0,0,0.0,1
2019-09-27 00:00:00,1248444.658760972,1249769.3028681697,0.0010610355035779453,0.0,1249769.3028681697,0.0,84663.40947864112,0.0,0.0,0,0,0,0.0,1
2019-09-30 00:00:00,1249769.3028681697,1237694.7188105495,-0.009661450341202638,0.0,1237694.7188105495,0.0,-10703.966306405433,0.0,0.0,0,1294.9650523403282,1294.9650523403282,0.0,3
2019-10-01 00:00:00,1237694.7188105495,1243366.4337690366,0.004582482959883448,0.0,1243366.4337690366,0.0,1436.0453876066604,0.0,0.0,0,0,0,0.0,3
2019-10-03 00:00:00,1243366.4337690366,1244638.0208753662,0.0010226969876249911,414504.0165771374,830134.0042982288,-1628.8784618475615,-1150.9196628980571,0.0,0.0,0,429.96538038791863,429.96538038791863,0.0,2
2019-10-04 00:00:00,1244638.0208753662,1232309.4814438745,-0.00990532124578747,414504.0165771374,817805.464866737,0.0,-14291.228196668613,0.0,0.0,0,0,0,0.0,2
2019-10-07 00:00:00,1232309.4814438745,1225627.8630361685,-0.005422029537480553,414504.0165771374,811123.8464590311,0.0,-6936.605275575654,0.0,0.0,0,0,0,0.0,2
2019-10-09 00:00:00,1225627.8630361685,1251219.6547316136,0.020880556380342228,414504.0165771374,836715.6381544762,0.0,21052.502125127125,0.0,0.0,0,0,0,0.0,2
2019-10-10 00:00:00,1251219.6547316136,1243581.7741130744,-0.006104348336965261,414504.0165771374,829077.757535937,0.0,-6257.491267411329,0.0,0.0,0,0,0,0.0,2
2019-10-11 00:00:00,1243581.7741130744,1245846.6365153417,0.0018212412319106187,820838.408827699,425008.2276876428,-9798.502788423362,-417.6814477427397,0.0,0.0,0,421.49102189988963,421.49102189988963,0.0,1
2019-10-14 00:00:00,1245846.6365153417,1246246.9148757728,0.0003212902364537173,820838.408827699,425408.5060480737,0.0,-1869.9544765875326,0.0,0.0,0,0,0,0.0,1
2019-10-15 00:00:00,1246246.9148757728,1243087.1692004665,-0.0025354090249613726,820838.408827699,422248.76037276746,0.0,-3175.1945928586647,0.0,0.0,0,0,0,0.0,1
2019-10-16 00:00:00,1243087.1692004665,1244303.481931237,0.0009784613347371856,820838.408827699,423465.073103538,0.0,-21.30141338222893,0.0,0.0,0,0,0,0.0,1
2019-10-17 00:00:00,1244303.481931237,1245645.5505640148,0.0010785701818456744,820838.408827699,424807.1417363157,0.0,2088.4451601786423,0.0,0.0,0,0,0,0.0,1
2019-10-18 00:00:00,1245645.5505640148,1234833.9184362418,-0.008679541401546875,820838.408827699,413995.5096085429,0.0,-10886.9854691769,0.0,0.0,0,0,0,0.0,1
2019-10-22 00:00:00,1234833.9184362418,1234654.0730889854,-0.00014564334893242217,820838.408827699,413815.6642612863,0.0,-3.8901515499455854,0.0,0.0,0,0,0,0.0,1
2019-10-23 00:00:00,1234654.0730889854,1235644.9966018032,0.0008025920250994929,0.0,1235644.9966018032,0.0,-1915.54050614289,0.0,0.0,0,0,0,0.0,3
2019-10-24 00:00:00,1235644.9966018032,1223847.4876943184,-0.009547652392013583,0.0,1223847.4876943184,0.0,-13998.313978496124,0.0,0.0,0,0,0,0.0,3
2019-10-25 00:00:00,1223847.4876943184,1247556.5232445153,0.019372540932256026,0.0,1247556.5232445153,0.0,14384.252140208555,0.0,0.0,0,0,0,0.0,3
2019-10-29 00:00:00,1247556.5232445153,1261930.2721952097,0.011521521215978818,0.0,1261930.2721952097,0.0,-9472.863712018996,0.0,0.0,0,0,0,0.0,3
2019-10-30 00:00:00,1261930.2721952097,1272683.5762758919,0.008521313988272931,0.0,1272683.5762758919,0.0,1599.6203086213209,0.0,0.0,0,0,0,0.0,3
2019-10-31 00:00:00,1272683.5762758919,1267547.711389079,-0.004035460960250118,0.0,1267547.711389079,0.0,-9272.969244516105,0.0,0.0,0,0,0,0.0,3
2019-11-01 00:00:00,1267547.711389079,1256376.7564756793,-0.00881304491580647,0.0,1256376.7564756793,0.0,-5175.513804799935,0.0,0.0,0,0,0,0.0,3
2019-11-04 00:00:00,1256376.7564756793,1268755.6133941591,0.00985282229607963,0.0,1268755.6133941591,0.0,5343.872052320861,0.0,0.0,0,0,0,0.0,3
2019-11-05 00:00:00,1268755.6133941591,1252936.7598503036,-0.012468006743660495,0.0,1252936.7598503036,0.0,-17971.19872007979,0.0,0.0,0,0,0,0.0,3
2019-11-06 00:00:00,1252936.7598503036,1246019.5537433883,-0.0055207942879270415,0.0,1246019.5537433883,0.0,-11203.882727791904,0.0,0.0,0,0,0,0.0,3
2019-11-07 00:00:00,1246019.5537433883,1247747.7995177032,0.0013870133651778113,0.0,1247747.7995177032,0.0,-1556.0206406212528,0.0,0.0,0,0,0,0.0,3
2019-11-08 00:00:00,1247747.7995177032,1225732.6445464236,-0.017643914082468647,0.0,1225732.6445464236,0.0,-24639.609655563836,0.0,0.0,0,0,0,0.0,3
2019-11-11 00:00:00,1225732.6445464236,1234906.0644231923,0.007484029994292351,0.0,1234906.0644231923,0.0,5771.484643682896,0.0,0.0,0,0,0,0.0,3
2019-11-13 00:00:00,1234906.0644231923,1236214.5749765523,0.0010596033099660683,0.0,1236214.5749765523,0.0,-2493.4019764299155,0.0,0.0,0,0,0,0.0,3
2019-11-14 00:00:00,1236214.5749765523,1249288.9309007046,0.010576121806685776,0.0,1249288.9309007046,0.0,10972.516850597167,0.0,0.0,0,0,0,0.0,3
2019-11-15 00:00:00,1249288.9309007046,1257229.0579709457,0.00635571713944229,0.0,1257229.0579709457,0.0,5495.502707783307,0.0,0.0,0,0,0,0.0,3
2019-11-18 00:00:00,1257229.0579709457,1280667.1653879469,0.018642670775386106,0.0,1280667.1653879469,0.0,8296.910275709932,0.0,0.0,0,0,0,0.0,3
2019-11-19 00:00:00,1280667.1653879469,1277604.70526328,-0.0023913005716353357,382887.3664632368,894717.3388000433,-27531.83795061273,-4824.775881710171,0.0,0.0,0,397.16940146093225,397.16940146093225,0.0,2
2019-11-20 00:00:00,1277604.70526328,1289413.0583359841,0.00924257168438548,382887.3664632368,906525.6918727474,0.0,-230.25292319932487,0.0,0.0,0,0,0,0.0,2
2019-11-21 00:00:00,1289413.0583359841,1258670.6156751534,-0.023842198946320958,382887.3664632368,875783.2492119167,0.0,-36303.90607897373,0.0,0.0,0,0,0,0.0,2
2019-11-22 00:00:00,1258670.6156751534,1256808.0717437575,-0.0014797707265112464,0.0,1256808.0717437575,0.0,-4249.415879414941,0.0,0.0,0,0,0,0.0,3
2019-11-25 00:00:00,1256808.0717437575,1265910.6680322203,0.007242630353124226,0.0,1265910.6680322203,0.0,4437.020475532685,0.0,0.0,0,0,0,0.0,3
2019-11-26 00:00:00,1265910.6680322203,1249585.1918590874,-0.012896230820544257,0.0,1249585.1918590874,0.0,-19534.052316135843,0.0,0.0,0,0,0,0.0,3
2019-11-27 00:00:00,1249585.1918590874,1257038.8261107989,0.005964886828261928,381204.4102376418,875834.4158731571,-1682.9562255950168,6551.860601545603,0.0,0.0,0,395.4236694902519,395.4236694902519,0.0,2
2019-11-28 00:00:00,1257038.8261107989,1267392.440297311,0.00823651105395489,381204.4102376418,886188.0300596692,0.0,10169.495046458556,0.0,0.0,0,0,0,0.0,2
2019-11-29 00:00:00,1267392.440297311,1262218.2673355185,-0.004082534183791298,381204.4102376418,881013.8570978767,0.0,-6212.407838949584,0.0,0.0,0,0,0,0.0,2
2019-12-02 00:00:00,1262218.2673355185,1255005.949486148,-0.005714002115177173,381204.4102376418,873801.5392485064,0.0,-8380.482602209668,0.0,0.0,0,0,0,0.0,2
2019-12-03 00:00:00,1255005.949486148,1256897.842584841,0.0015074773944039831,381204.4102376418,875693.4323471991,0.0,389.86816906603053,0.0,0.0,0,0,0,0.0,2
2019-12-04 00:00:00,1256897.842584841,1262755.8257594095,0.0046606676979581915,381204.4102376418,881551.4155217678,0.0,4729.417995344091,0.0,0.0,0,0,0,0.0,2
2019-12-05 00:00:00,1262755.8257594095,1254529.0737745808,-0.006514919050071399,381204.4102376418,873324.6635369392,0.0,-3108.246769387333,0.0,0.0,0,0,0,0.0,2
2019-12-06 00:00:00,1254529.0737745808,1253061.0323405312,-0.0011701932340496641,381204.4102376418,871856.6221028895,0.0,-2649.488076079113,0.0,0.0,0,0,0,0.0,2
2019-12-09 00:00:00,1253061.0323405312,1260181.3903451064,0.005682371265887474,381204.4102376418,878976.9801074645,0.0,7941.812021635065,0.0,0.0,0,0,0,0.0,2
2019-12-10 00:00:00,1260181.3903451064,1240022.8822953538,-0.015996513045024467,381204.4102376418,858818.4720577121,0.0,-17266.34177783184,0.0,0.0,0,0,0,0.0,2
2019-12-11 00:00:00,1240022.8822953538,1239000.3254254835,-0.0008246274197597651,381204.4102376418,857795.9151878417,0.0,291.4299812486861,0.0,0.0,0,0,0,0.0,2
2019-12-12 00:00:00,1239000.3254254835,1255704.993662639,0.013482375988415505,381204.4102376418,874500.5834249972,0.0,13283.380914544512,0.0,0.0,0,0,0,0.0,2
2019-12-13 00:00:00,1255704.993662639,1266418.3707418658,0.008531762741484374,381204.4102376418,885213.9605042241,0.0,7037.124267196748,0.0,0.0,0,0,0,0.0,2
2019-12-16 00:00:00,1266418.3707418658,1275082.5009379038,0.006841443867371019,381204.4102376418,893878.090700262,0.0,10013.80332002783,0.0,0.0,0,0,0,0.0,2
2019-12-17 00:00:00,1275082.5009379038,1281335.010865496,0.004903612058822174,381204.4102376418,900130.6006278542,0.0,6287.252299643063,0.0,0.0,0,0,0,0.0,2
2019-12-18 00:00:00,1281335.010865496,1268707.3106362629,-0.009855112146435124,381204.4102376418,887502.9003986211,0.0,-12518.4009119962,0.0,0.0,0,0,0,0.0,2
2019-12-19 00:00:00,1268707.3106362629,1271151.8960732468,0.001926831678583135,381204.4102376418,889947.4858356052,0.0,3445.779867452162,0.0,0.0,0,0,0,0.0,2
2019-12-20 00:00:00,1271151.8960732468,1259612.1765009994,-0.009078159429958892,381204.4102376418,878407.7662633576,0.0,-11460.383837246394,0.0,0.0,0,0,0,0.0,2
2019-12-23 00:00:00,1259612.1765009994,1271516.4266667245,0.009450726491699393,381204.4102376418,890312.0164290827,0.0,11156.26127002848,0.0,0.0,0,0,0,0.0,2
2019-12-24 00:00:00,1271516.4266667245,1265140.8684534605,-0.005014137512936018,0.0,1265140.8684534605,-31345.429257294796,-6810.168215365906,0.0,0.0,0,393.21355984964487,393.21355984964487,0.0,3
2019-12-26 00:00:00,1265140.8684534605,1259941.2982100197,-0.0041098745389490775,0.0,1259941.2982100197,0.0,-6105.176176300389,0.0,0.0,0,0,0,0.0,3
2019-12-27 00:00:00,1259941.2982100197,1272355.2826727317,0.00985282765185039,0.0,1272355.2826727317,0.0,9914.278746900556,0.0,0.0,0,0,0,0.0,3
2019-12-30 00:00:00,1272355.2826727317,1281852.4747082447,0.007464261095032381,0.0,1281852.4747082447,0.0,2833.567368471704,0.0,0.0,0,0,0,0.0,3
2019-12-31 00:00:00,1281852.4747082447,1271503.7536349092,-0.008073254354555049,0.0,1271503.7536349092,0.0,-10333.21694529592,0.0,0.0,0,0,0,0.0,3
2020-01-01 00:00:00,1271503.7536349092,1271745.8016651354,0.00019036359864003875,0.0,1271745.8016651354,0.0,-4521.136998051661,0.0,0.0,0,0,0,0.0,3
2020-01-02 00:00:00,1271745.8016651354,1272034.9714553792,0.0002273801807445412,0.0,1272034.9714553792,0.0,-1422.7544152875198,0.0,0.0,0,0,0,0.0,3
2020-01-03 00:00:00,1272034.9714553792,1272606.497773955,0.00044930079078097285,0.0,1272606.497773955,0.0,-1547.868506592582,0.0,0.0,0,0,0,0.0,3
2020-01-06 00:00:00,1272606.497773955,1245347.7134219378,-0.021419648885730534,0.0,1245347.7134219378,0.0,-24222.33133830072,0.0,0.0,0,0,0,0.0,3
2020-01-07 00:00:00,1245347.7134219378,1236821.4771517925,-0.006846470410032781,0.0,1236821.4771517925,0.0,-14567.446589058847,0.0,0.0,0,0,0,0.0,3
2020-01-08 00:00:00,1236821.4771517925,1250320.2478532023,0.010914081741607004,0.0,1250320.2478532023,0.0,19828.323128868884,0.0,0.0,0,0,0,0.0,3
2020-01-09 00:00:00,1250320.2478532023,1257344.307075137,0.0056178081047596065,0.0,1257344.307075137,0.0,-6469.375877647079,0.0,0.0,0,0,0,0.0,3
2020-01-10 00:00:00,1257344.307075137,1248999.7952773394,-0.006636616359451157,0.0,1248999.7952773394,0.0,-12704.078272999555,0.0,0.0,0,0,0,0.0,3
2020-01-13 00:00:00,1248999.7952773394,1260231.3985459842,0.008992478070143162,0.0,1260231.3985459842,0.0,4164.475161976472,0.0,0.0,0,0,0,0.0,3
2020-01-14 00:00:00,1260231.3985459842,1267978.2359733863,0.006147154749786593,0.0,1267978.2359733863,0.0,7278.393615157984,0.0,0.0,0,0,0,0.0,3
2020-01-15 00:00:00,1267978.2359733863,1271783.709467465,0.0030012135745826826,0.0,1271783.709467465,0.0,4760.513361437304,0.0,0.0,0,0,0,0.0,3
2020-01-16 00:00:00,1271783.709467465,1283611.9019043164,0.00930047487540484,0.0,1283611.9019043164,0.0,7074.533921495429,0.0,0.0,0,0,0,0.0,3
2020-01-17 00:00:00,1283611.9019043164,1305623.1471005732,0.01714789740076558,0.0,1305623.1471005732,0.0,20015.029376796447,0.0,0.0,0,0,0,0.0,3
2020-01-20 00:00:00,1305623.1471005732,1315440.6695794591,0.007519415154892086,0.0,1315440.6695794591,0.0,14244.318984031095,0.0,0.0,0,0,0,0.0,3
2020-01-21 00:00:00,1315440.6695794591,1317131.5023872517,0.0012853736750690061,0.0,1317131.5023872517,0.0,1403.1795914204558,0.0,0.0,0,0,0,0.0,3
2020-01-22 00:00:00,1317131.5023872517,1325983.2673558607,0.006720486870570993,0.0,1325983.2673558607,0.0,3966.1400113251875,0.0,0.0,0,0,0,0.0,3
2020-01-23 00:00:00,1325983.2673558607,1333851.4534660503,0.005933850225636389,0.0,1333851.4534660503,0.0,9577.357453639619,0.0,0.0,0,0,0,0.0,3
2020-01-24 00:00:00,1333851.4534660503,1335454.8194613112,0.0012020573888452837,0.0,1335454.8194613112,0.0,5528.9015679014265,0.0,0.0,0,0,0,0.0,3
2020-01-27 00:00:00,1335454.8194613112,1327567.1943765162,-0.005906321179758613,0.0,1327567.1943765162,0.0,-2411.8983180381474,0.0,0.0,0,0,0,0.0,3
2020-01-28 00:00:00,1327567.1943765162,1301239.8745500487,-0.01983125218669771,0.0,1301239.8745500487,0.0,-26336.627486393147,0.0,0.0,0,0,0,0.0,3
2020-01-29 00:00:00,1301239.8745500487,1312197.4325105478,0.00842085934715769,0.0,1312197.4325105478,0.0,3285.6494267529924,0.0,0.0,0,0,0,0.0,3
2020-01-30 00:00:00,1312197.4325105478,1297442.308905786,-0.011244591125690453,0.0,1297442.308905786,0.0,-13942.968803717173,0.0,0.0,0,0,0,0.0,3
2020-01-31 00:00:00,1297442.308905786,1302912.2301191492,0.0042159263466415116,404789.2208922677,898123.0092268815,24650.128195169436,1856.467282780446,0.0,0.0,0,419.88821429305506,419.88821429305506,0.0,2
2020-02-03 00:00:00,1302912.2301191492,1261928.2041955043,-0.03145570743464199,0.0,1261928.2041955043,0.0,-32811.691952789435,0.0,0.0,0,923.1466169441405,923.1466169441405,0.0,1
2020-02-04 00:00:00,1261928.2041955043,1250331.6069819287,-0.009189585568355372,0.0,1250331.6069819287,0.0,-44408.28916636505,0.0,0.0,0,0,0,0.0,1
2020-02-05 00:00:00,1250331.6069819287,1240843.408868716,-0.0075885453588711285,0.0,1240843.408868716,0.0,-53896.48727957765,0.0,0.0,0,0,0,0.0,1
2020-02-06 00:00:00,1240843.408868716,1250331.6069819287,0.007646571715171569,0.0,1250331.6069819287,0.0,-44408.28916636505,0.0,0.0,0,0,0,0.0,1
2020-02-07 00:00:00,1250331.6069819287,1254548.5392365144,0.0033726510879498375,0.0,1254548.5392365144,0.0,-40191.35691177938,0.0,0.0,0,0,0,0.0,1
2020-02-10 00:00:00,1254548.5392365144,1263333.892964986,0.007002800970792326,0.0,1263333.892964986,0.0,-31406.003183307825,0.0,0.0,0,0,0,0.0,1
2020-02-11 00:00:00,1263333.892964986,1258765.4714911,-0.0036161631531661147,0.0,1258765.4714911,0.0,-35974.42465719371,0.0,0.0,0,0,0,0.0,1
2020-02-12 00:00:00,1258765.4714911,1256656.9383368776,-0.0016750802289839611,0.0,1256656.9383368776,0.0,-38082.95781141613,0.0,0.0,0,0,0,0.0,1
2020-02-13 00:00:00,1256656.9383368776,1263333.892964986,0.005313267626520979,0.0,1263333.892964986,0.0,-31406.003183307825,0.0,0.0,0,0,0,0.0,1
2020-02-14 00:00:00,1263333.892964986,1259819.6710412817,-0.0027817047759690385,0.0,1259819.6710412817,0.0,-34920.225107012084,0.0,0.0,0,0,0,0.0,1
2020-02-17 00:00:00,1259819.6710412817,1262631.048580245,0.002231571393578701,0.0,1262631.048580245,0.0,-32108.84756804863,0.0,0.0,0,0,0,0.0,1
2020-02-18 00:00:00,1262631.048580245,1270010.7135392348,0.005844672493431645,0.0,1270010.7135392348,0.0,-24729.182609058917,0.0,0.0,0,0,0,0.0,1
2020-02-19 00:00:00,1270010.7135392348,1290041.3093158414,0.015771989608485908,0.0,1290041.3093158414,0.0,-4698.586832452333,0.0,0.0,0,0,0,0.0,1
2020-02-20 00:00:00,1290041.3093158414,1293906.8864049865,0.0029964754316240817,0.0,1293906.8864049865,0.0,-833.0097433072515,0.0,0.0,0,0,0,0.0,1
2020-02-24 00:00:00,1293906.8864049865,1355755.8517235876,0.047800167051002686,0.0,1355755.8517235876,0.0,61015.95557529386,0.0,0.0,0,0,0,0.0,1
2020-02-25 00:00:00,1355755.8517235876,1315694.5261165153,-0.029549070768266954,0.0,1315694.5261165153,0.0,20954.629968221532,0.0,0.0,0,0,0,0.0,1
2020-02-26 00:00:00,1315694.5261165153,1318505.9036554787,0.002136801121504768,0.0,1318505.9036554787,0.0,23766.007507184986,0.0,0.0,0,0,0,0.0,1
2020-02-27 00:00:00,1318505.9036554787,1313586.127016152,-0.003731326970692298,0.0,1313586.127016152,0.0,18846.230867858278,0.0,0.0,0,0,0,0.0,1
2020-02-28 00:00:00,1313586.127016152,1313234.637796852,-0.00026757988080949126,0.0,1313234.637796852,0.0,18494.741648558294,0.0,0.0,0,0,0,0.0,1
2020-03-02 00:00:00,1313234.637796852,1301286.5513639762,-0.00909821146122108,0.0,1301286.5513639762,0.0,6546.655215682462,0.0,0.0,0,0,0,0.0,1
2020-03-03 00:00:00,1301286.5513639762,1304449.2840683805,0.0024304659885166554,0.0,1304449.2840683805,0.0,9709.387920086738,0.0,0.0,0,0,0,0.0,1
2020-03-04 00:00:00,1304449.2840683805,1338887.854597526,0.026400850496645388,0.0,1338887.854597526,0.0,44147.95844923216,0.0,0.0,0,0,0,0.0,1
2020-03-05 00:00:00,1338887.854597526,1336779.4554971626,-0.0015747391337693822,0.0,1336779.4554971626,0.0,42039.559348868905,0.0,0.0,0,0,0,0.0,1
2020-03-06 00:00:00,1336779.4554971626,1372272.22557649,0.02655095418572777,0.0,1372272.22557649,0.0,77532.32942819619,0.0,0.0,0,0,0,0.0,1
2020-03-09 00:00:00,1372272.22557649,1351538.7854151425,-0.01510883902983411,0.0,1351538.7854151425,0.0,56798.8892668488,0.0,0.0,0,0,0,0.0,1
2020-03-11 00:00:00,1351538.7854151425,1341699.2321364894,-0.007280259645401769,0.0,1341699.2321364894,0.0,46959.33598819561,0.0,0.0,0,0,0,0.0,1
2020-03-12 00:00:00,1341699.2321364894,1333968.0779581994,-0.005762211077648921,0.0,1333968.0779581994,0.0,39228.18180990568,0.0,0.0,0,0,0,0.0,1
2020-03-13 00:00:00,1333968.0779581994,1286878.5766114374,-0.035300320993316626,0.0,1286878.5766114374,0.0,-7861.319536856376,0.0,0.0,0,0,0,0.0,1
2020-03-16 00:00:00,1286878.5766114374,1253494.2056324733,-0.025942129728253428,0.0,1253494.2056324733,0.0,-41245.6905158204,0.0,0.0,0,0,0,0.0,1
2020-03-17 00:00:00,1253494.2056324733,1223975.5457965138,-0.02354909955173297,0.0,1223975.5457965138,0.0,-70764.35035177995,0.0,0.0,0,0,0,0.0,1
2020-03-18 00:00:00,1223975.5457965138,1245411.6962887426,0.017513544748378955,0.0,1245411.6962887426,0.0,-49328.199859551154,0.0,0.0,0,0,0,0.0,1
2020-03-19 00:00:00,1245411.6962887426,1237329.1869450118,-0.006489829321353074,0.0,1237329.1869450118,0.0,-57410.709203281906,0.0,0.0,0,0,0,0.0,1
2020-03-20 00:00:00,1237329.1869450118,1268956.5139890534,0.02556096419428207,0.0,1268956.5139890534,0.0,-25783.38215924031,0.0,0.0,0,0,0,0.0,1
2020-03-23 00:00:00,1268956.5139890534,1230652.366370763,-0.030185547886017575,0.0,1230652.366370763,0.0,-64087.52977753081,0.0,0.0,0,0,0,0.0,1
2020-03-24 00:00:00,1230652.366370763,1278796.0672677066,0.03912047155844762,0.0,1278796.0672677066,0.0,-15943.828880587127,0.0,0.0,0,0,0,0.0,1
2020-03-25 00:00:00,1278796.0672677066,1299880.996648354,0.016488109339980787,0.0,1299880.996648354,0.0,5141.100500060245,0.0,0.0,0,0,0,0.0,1
2020-03-26 00:00:00,1299880.996648354,1290392.7985351416,-0.007299282117114545,0.0,1290392.7985351416,0.0,-4347.0976131521165,0.0,0.0,0,0,0,0.0,1
2020-03-27 00:00:00,1290392.7985351416,1341347.7429171891,0.039487933007601825,0.0,1341347.7429171891,0.0,46607.8467688954,0.0,0.0,0,0,0,0.0,1
2020-03-30 00:00:00,1341347.7429171891,1396519.8876615413,0.04113187280157698,0.0,1396519.8876615413,0.0,101779.9915132476,0.0,0.0,0,0,0,0.0,1
2020-03-31 00:00:00,1396519.8876615413,1342753.431686671,-0.03850031528365969,0.0,1342753.431686671,0.0,48013.53553837724,0.0,0.0,0,0,0,0.0,1
2020-04-01 00:00:00,1342753.431686671,1343807.7652907118,0.0007852026881185549,0.0,1343807.7652907118,0.0,49067.86914241803,0.0,0.0,0,0,0,0.0,1
2020-04-03 00:00:00,1343807.7652907118,1363135.5166825776,0.014382824605634364,0.0,1363135.5166825776,0.0,68395.62053428381,0.0,0.0,0,0,0,0.0,1
2020-04-07 00:00:00,1363135.5166825776,1394059.8652880187,0.022686188003303465,0.0,1394059.8652880187,0.0,99319.96913972497,0.0,0.0,0,0,0,0.0,1
2020-04-08 00:00:00,1394059.8652880187,1398276.9315964638,0.003025025261432227,0.0,1398276.9315964638,0.0,103537.03544817003,0.0,0.0,0,0,0,0.0,1
2020-04-09 00:00:00,1398276.9315964638,1433418.3465103502,0.02513194212091036,0.0,1433418.3465103502,0.0,138678.4503620565,0.0,0.0,0,0,0,0.0,1
2020-04-13 00:00:00,1433418.3465103502,1493158.778674729,0.041676899357271716,0.0,1493158.778674729,0.0,198418.8825264352,0.0,0.0,0,0,0,0.0,1
2020-04-15 00:00:00,1493158.778674729,1499484.1100296779,0.004236208128222672,0.0,1499484.1100296779,0.0,204744.21388138412,0.0,0.0,0,0,0,0.0,1
2020-04-16 00:00:00,1499484.1100296779,1520217.550191025,0.013827048931473372,0.0,1520217.550191025,0.0,225477.65404273127,0.0,0.0,0,0,0,0.0,1
2020-04-17 00:00:00,1520217.550191025,1492455.934289988,-0.01826160729268564,0.0,1492455.934289988,0.0,197716.03814169415,0.0,0.0,0,0,0,0.0,1
2020-04-20 00:00:00,1492455.934289988,1460125.7628612057,-0.021662395978319274,0.0,1460125.7628612057,0.0,165385.866712912,0.0,0.0,0,0,0,0.0,1
2020-04-21 00:00:00,1460125.7628612057,1477696.4703181488,0.012033694565125841,0.0,1477696.4703181488,0.0,182956.5741698551,0.0,0.0,0,0,0,0.0,1
2020-04-22 00:00:00,1477696.4703181488,1497375.7109293146,0.013317512091592675,0.0,1497375.7109293146,0.0,202635.81478102086,0.0,0.0,0,0,0,0.0,1
2020-04-23 00:00:00,1497375.7109293146,1497375.7109293146,0.0,0.0,1497375.7109293146,0.0,202635.81478102086,0.0,0.0,0,0,0,0.0,1
2020-04-24 00:00:00,1497375.7109293146,1500186.9544144187,0.001877446965771417,0.0,1500186.9544144187,0.0,205447.05826612492,0.0,0.0,0,0,0,0.0,1
2020-04-27 00:00:00,1500186.9544144187,1495618.6669943922,-0.00304514541109956,0.0,1495618.6669943922,0.0,200878.77084609843,0.0,0.0,0,0,0,0.0,1
2020-04-28 00:00:00,1495618.6669943922,1499835.5992489778,0.002819523684509804,0.0,1499835.5992489778,0.0,205095.7031006841,0.0,0.0,0,0,0,0.0,1
2020-04-29 00:00:00,1499835.5992489778,1488941.7123662836,-0.007263387326017045,0.0,1488941.7123662836,0.0,194201.8162179899,0.0,0.0,0,0,0,0.0,1
2020-04-30 00:00:00,1488941.7123662836,1495970.0221598328,0.0047203391074184245,0.0,1495970.0221598328,0.0,201230.12601153902,0.0,0.0,0,0,0,0.0,1
2020-05-04 00:00:00,1495970.0221598328,1501592.6431839003,0.0037585118289668374,0.0,1501592.6431839003,0.0,206852.74703560653,0.0,0.0,0,0,0,0.0,1
2020-05-05 00:00:00,1501592.6431839003,1459774.407695765,-0.02784925437531854,0.0,1459774.407695765,0.0,165034.51154747116,0.0,0.0,0,0,0,0.0,1
2020-05-06 00:00:00,1459774.407695765,1453448.9422869566,-0.004333180096500654,0.0,1453448.9422869566,0.0,158709.04613866284,0.0,0.0,0,0,0,0.0,1
2020-05-07 00:00:00,1453448.9422869566,1442906.5446235626,-0.00725336635960934,0.0,1442906.5446235626,0.0,148166.64847526886,0.0,0.0,0,0,0,0.0,1
2020-05-08 00:00:00,1442906.5446235626,1458720.074091724,0.010959496668085909,0.0,1458720.074091724,0.0,163980.17794343014,0.0,0.0,0,0,0,0.0,1
2020-05-11 00:00:00,1458720.074091724,1446771.9876588483,-0.008190801405345099,0.0,1446771.9876588483,0.0,152032.09151055454,0.0,0.0,0,0,0,0.0,1
2020-05-12 00:00:00,1446771.9876588483,1449232.010032371,0.0017003525050988961,0.0,1449232.010032371,0.0,154492.11388407717,0.0,0.0,0,0,0,0.0,1
2020-05-13 00:00:00,1449232.010032371,1439743.8119191586,-0.0065470525406076474,0.0,1439743.8119191586,0.0,145003.9157708648,0.0,0.0,0,0,0,0.0,1
2020-05-14 00:00:00,1439743.8119191586,1458017.3637608425,0.012692224609964135,0.0,1458017.3637608425,0.0,163277.46761254873,0.0,0.0,0,0,0,0.0,1
2020-05-15 00:00:00,1458017.3637608425,1468911.1165896773,0.007471620777365245,0.0,1468911.1165896773,0.0,174171.22044138354,0.0,0.0,0,0,0,0.0,1
2020-05-18 00:00:00,1468911.1165896773,1494915.8226096514,0.017703389760129497,0.0,1494915.8226096514,0.0,200175.92646135762,0.0,0.0,0,0,0,0.0,1
2020-05-19 00:00:00,1494915.8226096514,1453800.2974523974,-0.027503572131224903,0.0,1453800.2974523974,0.0,159060.40130410367,0.0,0.0,0,0,0,0.0,1
2020-05-20 00:00:00,1453800.2974523974,1471722.4941286407,0.012327825704568729,0.0,1471722.4941286407,0.0,176982.597980347,0.0,0.0,0,0,0,0.0,1
2020-05-21 00:00:00,1471722.4941286407,1455908.83060662,-0.01074500361658428,0.0,1455908.83060662,0.0,161168.93445832632,0.0,0.0,0,0,0,0.0,1
2020-05-22 00:00:00,1455908.83060662,1463639.98478491,0.005310191143678042,0.0,1463639.98478491,0.0,168900.08863661624,0.0,0.0,0,0,0,0.0,1
2020-05-26 00:00:00,1463639.98478491,1447826.3212628893,-0.010804339650740402,0.0,1447826.3212628893,0.0,153086.42511459556,0.0,0.0,0,0,0,0.0,1
2020-05-27 00:00:00,1447826.3212628893,1428498.5698710235,-0.013349495797953751,0.0,1428498.5698710235,0.0,133758.67372272979,0.0,0.0,0,0,0,0.0,1
2020-05-28 00:00:00,1428498.5698710235,1447474.832043589,0.013284061022391429,0.0,1447474.832043589,0.0,152734.93589529535,0.0,0.0,0,0,0,0.0,1
2020-05-29 00:00:00,1447474.832043589,1440446.6563038994,-0.00485547353508533,0.0,1440446.6563038994,0.0,145706.76015560562,0.0,0.0,0,0,0,0.0,1
2020-06-01 00:00:00,1440446.6563038994,1448177.67642833,0.005367099219257362,0.0,1448177.67642833,0.0,153437.78028003615,0.0,0.0,0,0,0,0.0,1
2020-06-02 00:00:00,1448177.67642833,1447123.4768781483,-0.000727949040605032,0.0,1447123.4768781483,0.0,152383.58072985453,0.0,0.0,0,0,0,0.0,1
2020-06-03 00:00:00,1447123.4768781483,1436581.0792147543,-0.007285071268511863,0.0,1436581.0792147543,0.0,141841.18306646054,0.0,0.0,0,0,0,0.0,1
2020-06-04 00:00:00,1436581.0792147543,1434121.190895091,-0.001712321257222621,0.0,1434121.190895091,0.0,139381.2947467973,0.0,0.0,0,0,0,0.0,1
2020-06-05 00:00:00,1434121.190895091,1447474.832043589,0.009311375658680227,0.0,1447474.832043589,0.0,152734.93589529535,0.0,0.0,0,0,0,0.0,1
2020-06-08 00:00:00,1447474.832043589,1388216.9636883144,-0.040938790121561285,0.0,1388216.9636883144,0.0,-47226.48394313257,0.0,0.0,0,1488.9867487480522,1488.9867487480522,0.0,3
2020-06-09 00:00:00,1388216.9636883144,1402340.1199678618,0.01017359436526691,0.0,1402340.1199678618,0.0,21719.189112916414,0.0,0.0,0,0,0,0.0,3
2020-06-10 00:00:00,1402340.1199678618,1403408.9258726805,0.0007621588298017126,0.0,1403408.9258726805,0.0,-7328.337483427895,0.0,0.0,0,0,0,0.0,3
2020-06-11 00:00:00,1403408.9258726805,1383159.487354862,-0.014428751409876327,0.0,1383159.487354862,0.0,-21577.2179972764,0.0,0.0,0,0,0,0.0,3
2020-06-12 00:00:00,1383159.487354862,1384858.4817694386,0.001228343101507187,0.0,1384858.4817694386,0.0,28310.217600741424,0.0,0.0,0,0,0,0.0,3
2020-06-15 00:00:00,1384858.4817694386,1385671.0727062672,0.0005867682131609485,0.0,1385671.0727062672,0.0,-3944.9306568613974,0.0,0.0,0,0,0,0.0,3
2020-06-16 00:00:00,1385671.0727062672,1378333.7387514855,-0.005295148393660029,0.0,1378333.7387514855,0.0,-19194.153898976278,0.0,0.0,0,0,0,0.0,3
2020-06-17 00:00:00,1378333.7387514855,1379938.730575124,0.0011644435440522419,0.0,1379938.730575124,0.0,586.315700787527,0.0,0.0,0,0,0,0.0,3
2020-06-18 00:00:00,1379938.730575124,1377223.7994025832,-0.001967428779543974,0.0,1377223.7994025832,0.0,-9655.483582811314,0.0,0.0,0,0,0,0.0,3
2020-06-19 00:00:00,1377223.7994025832,1367517.5214626482,-0.007047712901959292,0.0,1367517.5214626482,0.0,-16696.785338658257,0.0,0.0,0,0,0,0.0,3
2020-06-22 00:00:00,1367517.5214626482,1387776.8402896067,0.014814668557438218,0.0,1387776.8402896067,0.0,-22748.23413957242,0.0,0.0,0,0,0,0.0,3
2020-06-23 00:00:00,1387776.8402896067,1398959.7882867279,0.008058174536755808,0.0,1398959.7882867279,0.0,-10457.941937024705,0.0,0.0,0,0,0,0.0,3
2020-06-24 00:00:00,1398959.7882867279,1370059.1162276946,-0.020658686762131492,431871.5304761813,938187.5857515133,-46609.618734301075,-29226.635894928186,0.0,0.0,0,447.9807178065012,447.9807178065012,0.0,2
2020-06-25 00:00:00,1370059.1162276946,1368481.733101739,-0.0011513248642136121,431871.5304761813,936610.2026255578,0.0,-661.1148470856133,0.0,0.0,0,0,0,0.0,2
2020-06-26 00:00:00,1368481.733101739,1367534.1222263235,-0.000692454164709823,431871.5304761813,935662.5917501422,0.0,-4926.27252981154,0.0,0.0,0,0,0,0.0,2
2020-06-29 00:00:00,1367534.1222263235,1371880.1638064235,0.0031780132645061847,431871.5304761813,940008.6333302422,0.0,2888.823930207058,0.0,0.0,0,0,0,0.0,2
2020-06-30 00:00:00,1371880.1638064235,1365073.0535410824,-0.004961884022328954,431871.5304761813,933201.523064901,0.0,-12124.086558402108,0.0,0.0,0,0,0,0.0,2
2020-07-01 00:00:00,1365073.0535410824,1351535.208965708,-0.009917304088785868,431871.5304761813,919663.6784895269,0.0,-17646.544990237977,0.0,0.0,0,0,0,0.0,2
2020-07-02 00:00:00,1351535.208965708,1366513.1823546935,0.011082192524194557,431871.5304761813,934641.6518785122,0.0,8775.123916639597,0.0,0.0,0,0,0,0.0,2
2020-07-03 00:00:00,1366513.1823546935,1361234.4220593928,-0.0038629413630717423,431871.5304761813,929362.8915832115,0.0,-12494.85181393195,0.0,0.0,0,0,0,0.0,2
2020-07-06 00:00:00,1361234.4220593928,1354689.6346302838,-0.004807979671280619,431871.5304761813,922818.1041541024,0.0,-7838.538460835465,0.0,0.0,0,0,0,0.0,2
2020-07-07 00:00:00,1354689.6346302838,1347995.2633765799,-0.004941627279469776,431871.5304761813,916123.7329003986,0.0,-9475.820228621538,0.0,0.0,0,0,0,0.0,2
2020-07-08 00:00:00,1347995.2633765799,1353916.364187032,0.004392523454140651,431871.5304761813,922044.8337108507,0.0,11.262865225435235,0.0,0.0,0,0,0,0.0,2
2020-07-09 00:00:00,1353916.364187032,1358472.9928541011,0.0033655170936686264,431871.5304761813,926601.4623779198,0.0,-4560.9272069817525,0.0,0.0,0,0,0,0.0,2
2020-07-10 00:00:00,1358472.9928541011,1359412.0675364973,0.0006912722500453816,431871.5304761813,927540.537060316,0.0,-119.43450374162057,0.0,0.0,0,0,0,0.0,2
2020-07-13 00:00:00,1359412.0675364973,1362682.5540602915,0.0024058095421507926,898123.2229051769,464559.33115511463,-12229.45678148671,-1928.555833673454,0.0,0.0,0,483.6432899907424,483.6432899907424,0.0,1
2020-07-14 00:00:00,1362682.5540602915,1358279.6669451608,-0.0032310438715250933,898123.2229051769,460156.4440399838,0.0,-5567.3068150472245,0.0,0.0,0,0,0,0.0,1
2020-07-15 00:00:00,1358279.6669451608,1362573.4454270836,0.00316118880847251,898123.2229051769,464450.2225219067,0.0,2765.442090672266,0.0,0.0,0,0,0,0.0,1
2020-07-16 00:00:00,1362573.4454270836,1388990.6750217653,0.019387747268479503,898123.2229051769,490867.45211658836,0.0,25143.757566484448,0.0,0.0,0,0,0,0.0,1
2020-07-17 00:00:00,1388990.6750217653,1399615.826401158,0.007649548388239698,898123.2229051769,501492.6034959811,0.0,10625.134272198891,0.0,0.0,0,0,0,0.0,1
2020-07-20 00:00:00,1399615.826401158,1388881.5663885574,-0.007669433147381342,898123.2229051769,490758.3434833805,0.0,-10661.558498892759,0.0,0.0,0,0,0,0.0,1
2020-07-21 00:00:00,1388881.5663885574,1380112.1927347328,-0.006313982319332856,898123.2229051769,481988.9698295559,0.0,-10042.94431917253,0.0,0.0,0,0,0,0.0,1
2020-07-22 00:00:00,1380112.1927347328,1360663.9211988202,-0.014091804737537466,0.0,1360663.9211988202,0.0,-22250.101444578322,0.0,0.0,0,0,0,0.0,3
2020-07-23 00:00:00,1360663.9211988202,1388723.1145425998,0.02062169276823173,0.0,1388723.1145425998,0.0,21923.95917885733,0.0,0.0,0,0,0,0.0,3
2020-07-24 00:00:00,1388723.1145425998,1371845.7418585094,-0.012153158903565348,0.0,1371845.7418585094,0.0,-14447.368700003426,0.0,0.0,0,0,0,0.0,3
2020-07-27 00:00:00,1371845.7418585094,1373250.2879701466,0.0010238367688005872,0.0,1373250.2879701466,0.0,-21103.515894520737,0.0,0.0,0,0,0,0.0,3
2020-07-28 00:00:00,1373250.2879701466,1419143.504166979,0.03341941130387017,444245.0904409859,974898.4137259931,-4816.521011602522,38999.60030886275,0.0,0.0,0,460.81582242370797,460.81582242370797,0.0,2
2020-07-29 00:00:00,1419143.504166979,1428739.3433111433,0.006761711635214,444245.0904409859,984494.2528701574,0.0,8340.069850020926,0.0,0.0,0,0,0,0.0,2
2020-07-30 00:00:00,1428739.3433111433,1425671.4483287213,-0.0021472740964157055,444245.0904409859,981426.3578877354,0.0,-6589.57046625379,0.0,0.0,0,0,0,0.0,2
2020-07-31 00:00:00,1425671.4483287213,1471909.1345295487,0.032432217293143266,444245.0904409859,1027664.0440885627,0.0,42334.02322982671,0.0,0.0,0,0,0,0.0,2
2020-08-03 00:00:00,1471909.1345295487,1488045.7874198528,0.010963076803964328,444245.0904409859,1043800.6969788669,0.0,13544.15741975099,0.0,0.0,0,0,0,0.0,2
2020-08-04 00:00:00,1488045.7874198528,1476533.3999254294,-0.0077365814894613865,444245.0904409859,1032288.3094844434,0.0,-9347.150029758981,0.0,0.0,0,0,0,0.0,2
2020-08-05 00:00:00,1476533.3999254294,1493457.3563077801,0.011461952965781532,444245.0904409859,1049212.2658667942,0.0,6842.88295805204,0.0,0.0,0,0,0,0.0,2
2020-08-06 00:00:00,1493457.3563077801,1576783.5201026604,0.05579413663399435,444245.0904409859,1132538.4296616744,0.0,73335.16297993658,0.0,0.0,0,0,0,0.0,2
2020-08-07 00:00:00,1576783.5201026604,1572489.2148513882,-0.002723458988836065,444245.0904409859,1128244.1244104023,0.0,-21873.977762142313,0.0,0.0,0,0,0,0.0,2
2020-08-10 00:00:00,1572489.2148513882,1643188.3146757192,0.044959990285855525,444245.0904409859,1198943.2242347333,0.0,44326.28412702831,0.0,0.0,0,0,0,0.0,2
2020-08-11 00:00:00,1643188.3146757192,1623891.7430474411,-0.011743371989647013,444245.0904409859,1179646.6526064551,0.0,-26648.05295444932,0.0,0.0,0,0,0,0.0,2
2020-08-12 00:00:00,1623891.7430474411,1615041.503225175,-0.0054500183649296395,444245.0904409859,1170796.412784189,0.0,-896.9553591728909,0.0,0.0,0,0,0,0.0,2
2020-08-13 00:00:00,1615041.503225175,1614537.9863824432,-0.00031176712284250083,444245.0904409859,1170292.8959414572,0.0,-10259.440049003111,0.0,0.0,0,0,0,0.0,2
2020-08-14 00:00:00,1614537.9863824432,1646334.6685803584,0.019693982096487712,444245.0904409859,1202089.5781393724,0.0,26308.491339607164,0.0,0.0,0,0,0,0.0,2
2020-08-17 00:00:00,1646334.6685803584,1638639.13624451,-0.004674342636837142,444245.0904409859,1194394.045803524,0.0,-21575.269823249313,0.0,0.0,0,0,0,0.0,2
2020-08-18 00:00:00,1638639.13624451,1723251.1753718376,0.05163555370784339,444245.0904409859,1279006.0849308516,0.0,82460.67363643262,0.0,0.0,0,0,0,0.0,2
2020-08-19 00:00:00,1723251.1753718376,1724421.2687820487,0.000679003401787131,444245.0904409859,1280176.1783410627,0.0,-17750.46487196698,0.0,0.0,0,0,0,0.0,2
2020-08-20 00:00:00,1724421.2687820487,1726111.7753607582,0.000980332711799282,444245.0904409859,1281866.6849197722,0.0,13491.551837064559,0.0,0.0,0,0,0,0.0,2
2020-08-21 00:00:00,1726111.7753607582,1727853.7535693026,0.0010091920079627272,444245.0904409859,1283608.6631283166,0.0,-6316.247340938426,0.0,0.0,0,0,0,0.0,2
2020-08-24 00:00:00,1727853.7535693026,1721605.8633487013,-0.0036159832437755836,0.0,1721605.8633487013,0.0,-7042.316734944528,0.0,0.0,0,0,0,0.0,3
2020-08-25 00:00:00,1721605.8633487013,1711312.2144167242,-0.005979097278371773,0.0,1711312.2144167242,0.0,-16136.0774294695,0.0,0.0,0,0,0,0.0,3
2020-08-26 00:00:00,1711312.2144167242,1729260.096195156,0.010487789210660837,0.0,1729260.096195156,0.0,15314.14109935757,0.0,0.0,0,0,0,0.0,3
2020-08-27 00:00:00,1729260.096195156,1721752.5110790813,-0.004341501392759475,0.0,1721752.5110790813,0.0,-15569.591894816898,0.0,0.0,0,0,0,0.0,3
2020-08-28 00:00:00,1721752.5110790813,1705388.9072419992,-0.0095040394782561,0.0,1705388.9072419992,0.0,-30328.753719208587,0.0,0.0,0,0,0,0.0,3
2020-08-31 00:00:00,1705388.9072419992,1617420.488029704,-0.05158261487378858,0.0,1617420.488029704,0.0,-100205.62849630101,0.0,0.0,0,0,0,0.0,3
2020-09-01 00:00:00,1617420.488029704,1676077.0076466035,0.03626547335773721,0.0,1676077.0076466035,0.0,61185.071359907626,0.0,0.0,0,0,0,0.0,3
2020-09-02 00:00:00,1676077.0076466035,1671492.7377565093,-0.0027351188932130243,0.0,1671492.7377565093,0.0,-13522.069762343483,0.0,0.0,0,0,0,0.0,3
2020-09-03 00:00:00,1671492.7377565093,1692548.0096408932,0.012596687624646469,0.0,1692548.0096408932,0.0,13765.645322919474,0.0,0.0,0,0,0,0.0,3
2020-09-04 00:00:00,1692548.0096408932,1662151.8054076089,-0.017958843152539872,0.0,1662151.8054076089,0.0,6333.432307012088,0.0,0.0,0,0,0,0.0,3
2020-09-07 00:00:00,1662151.8054076089,1645829.9739335978,-0.009819699633276557,0.0,1645829.9739335978,0.0,-20514.563674928213,0.0,0.0,0,0,0,0.0,3
2020-09-08 00:00:00,1645829.9739335978,1677682.2000916682,0.01935329083960132,0.0,1677682.2000916682,0.0,32026.36101991369,0.0,0.0,0,0,0,0.0,3
2020-09-09 00:00:00,1677682.2000916682,1659906.626883703,-0.010595316089658618,0.0,1659906.626883703,0.0,-10778.639431177755,0.0,0.0,0,0,0,0.0,3
2020-09-10 00:00:00,1659906.626883703,1657227.995566217,-0.0016137240939358732,0.0,1657227.995566217,0.0,-13075.006162894424,0.0,0.0,0,0,0,0.0,3
2020-09-11 00:00:00,1657227.995566217,1663786.920087607,0.0039577683571228595,0.0,1663786.920087607,0.0,1531.7101814812631,0.0,0.0,0,0,0,0.0,3
2020-09-14 00:00:00,1663786.920087607,1726456.314397199,0.03766671894877746,0.0,1726456.314397199,0.0,41622.895069259685,0.0,0.0,0,0,0,0.0,3
2020-09-15 00:00:00,1726456.314397199,1727292.2714977055,0.00048420402736821345,431924.4810848929,1295367.7904128125,-12320.609356093035,-3757.3964288199786,0.0,0.0,0,448.0356435194158,448.0356435194158,0.0,2
2020-09-16 00:00:00,1727292.2714977055,1821289.5530542852,0.054418863042255336,431924.4810848929,1389365.0719693922,0.0,94169.8658822733,0.0,0.0,0,0,0,0.0,2
2020-09-17 00:00:00,1821289.5530542852,1796465.7552480814,-0.013629792014440844,431924.4810848929,1364541.2741631884,0.0,-22395.06711946742,0.0,0.0,0,0,0,0.0,2
2020-09-18 00:00:00,1796465.7552480814,1843474.7440556046,0.026167483944625203,431924.4810848929,1411550.2629707116,0.0,19946.35506793426,0.0,0.0,0,0,0,0.0,2
2020-09-21 00:00:00,1843474.7440556046,1792320.006243432,-0.027749085240860585,431924.4810848929,1360395.525158539,0.0,-51997.77393426676,0.0,0.0,0,0,0,0.0,2
2020-09-22 00:00:00,1792320.006243432,1810541.4734971626,0.010166414027772562,0.0,1810541.4734971626,0.0,8547.243708963215,0.0,0.0,0,0,0,0.0,3
2020-09-23 00:00:00,1810541.4734971626,1798522.6691328874,-0.006638237532918918,0.0,1798522.6691328874,0.0,-36743.73829028831,0.0,0.0,0,0,0,0.0,3
2020-09-24 00:00:00,1798522.6691328874,1745318.685535335,-0.029582047816613492,555752.1439538269,1189566.541581508,77270.99474334446,-19766.60153983353,0.0,0.0,0,576.4821869513539,576.4821869513539,0.0,2
2020-09-25 00:00:00,1745318.685535335,1783101.9693168662,0.02164835803035143,555752.1439538269,1227349.8253630395,0.0,8416.098029365938,0.0,0.0,0,0,0,0.0,2
2020-09-28 00:00:00,1783101.9693168662,1816172.12715548,0.018546419895034614,555752.1439538269,1260419.9832016532,0.0,9372.51125670236,0.0,0.0,0,0,0,0.0,2
2020-09-29 00:00:00,1816172.12715548,1817030.9804372396,0.0004728920067200942,555752.1439538269,1261278.836483413,0.0,-6107.5868148196605,0.0,0.0,0,0,0,0.0,2
2020-09-30 00:00:00,1817030.9804372396,1807690.6816223362,-0.005140418031098119,555752.1439538269,1251938.5376685094,0.0,-17180.128736262326,0.0,0.0,0,0,0,0.0,2
2020-10-01 00:00:00,1807690.6816223362,1798683.6795886597,-0.00498260135168315,555752.1439538269,1242931.535634833,0.0,-26836.2778325401,0.0,0.0,0,0,0,0.0,2
2020-10-05 00:00:00,1798683.6795886597,1844755.9194041807,0.02561442033323908,555752.1439538269,1289003.7754503537,0.0,31373.130362576863,0.0,0.0,0,0,0,0.0,2
2020-10-06 00:00:00,1844755.9194041807,1842431.3865381,-0.0012600761117663385,555752.1439538269,1286679.2425842732,0.0,-8014.224969051371,0.0,0.0,0,0,0,0.0,2
2020-10-07 00:00:00,1842431.3865381,1802942.9740314344,-0.02143277236546848,555752.1439538269,1247190.8300776077,0.0,-44195.61225753988,0.0,0.0,0,0,0,0.0,2
2020-10-08 00:00:00,1802942.9740314344,1817955.4037219414,0.008326624805519371,980931.3201593433,837024.0835625981,-6745.304879376512,-16226.258607726311,0.0,0.0,0,441.03873284471814,441.03873284471814,0.0,1
2020-10-09 00:00:00,1817955.4037219414,1817112.427031972,-0.0004636949224626616,980931.3201593433,836181.1068726287,0.0,-6743.421954633319,0.0,0.0,0,0,0,0.0,1
2020-10-12 00:00:00,1817112.427031972,1794775.0248620193,-0.012292801390631627,980931.3201593433,813843.7047026762,0.0,-23180.425864229095,0.0,0.0,0,0,0,0.0,1
2020-10-13 00:00:00,1794775.0248620193,1837553.4242302147,0.02383496470343635,980931.3201593433,856622.1040708714,0.0,39828.17352652666,0.0,0.0,0,0,0,0.0,1
2020-10-14 00:00:00,1837553.4242302147,1824488.0083821765,-0.007110223667924923,980931.3201593433,843556.6882228332,0.0,-19176.545704666292,0.0,0.0,0,0,0,0.0,1
2020-10-15 00:00:00,1824488.0083821765,1799621.8826698838,-0.013629097915717302,980931.3201593433,818690.5625105404,0.0,-24655.571622019517,0.0,0.0,0,0,0,0.0,1
2020-10-16 00:00:00,1799621.8826698838,1784870.5822844293,-0.008196888761749049,980931.3201593433,803939.262125086,0.0,-20230.201371577103,0.0,0.0,0,0,0,0.0,1
2020-10-19 00:00:00,1784870.5822844293,1787399.3746692922,0.0014167931333297769,980931.3201593433,806468.0545099489,0.0,842.9759620465338,0.0,0.0,0,0,0,0.0,1
2020-10-20 00:00:00,1787399.3746692922,1799832.5407892228,0.0069560089905653984,980931.3201593433,818901.2206298794,0.0,16015.579457571032,0.0,0.0,0,0,0,0.0,1
2020-10-21 00:00:00,1799832.5407892228,1803625.5572602106,0.0021074274328458276,980931.3201593433,822694.2371008672,0.0,2950.2226655246923,0.0,0.0,0,0,0,0.0,1
2020-10-22 00:00:00,1803625.5572602106,1792116.6706638206,-0.006380973340094254,0.0,1792116.6706638206,0.0,-4765.634625879116,0.0,0.0,0,0,0,0.0,3
2020-10-23 00:00:00,1792116.6706638206,1789910.534952536,-0.0012310223700265058,0.0,1789910.534952536,0.0,-16204.488725243718,0.0,0.0,0,0,0,0.0,3
2020-10-26 00:00:00,1789910.534952536,1747517.630315863,-0.023684370703922968,0.0,1747517.630315863,0.0,-21771.701409306144,0.0,0.0,0,0,0,0.0,3
2020-10-27 00:00:00,1747517.630315863,1726075.9427822712,-0.012269797546887295,0.0,1726075.9427822712,0.0,-21119.884488231037,0.0,0.0,0,0,0,0.0,3
2020-10-28 00:00:00,1726075.9427822712,1707573.165122197,-0.010719561753609433,0.0,1707573.165122197,0.0,-27835.85364661942,0.0,0.0,0,0,0,0.0,3
2020-10-29 00:00:00,1707573.165122197,1668874.530540768,-0.022662943744878778,0.0,1668874.530540768,0.0,-18153.031631421763,0.0,0.0,0,0,0,0.0,3
2020-10-30 00:00:00,1668874.530540768,1683322.9906265805,0.008657607160635817,0.0,1683322.9906265805,0.0,10450.855739098974,0.0,0.0,0,0,0,0.0,3
2020-11-02 00:00:00,1683322.9906265805,1671016.2552893604,-0.007310976803470864,0.0,1671016.2552893604,0.0,-24896.00791836332,0.0,0.0,0,0,0,0.0,3
2020-11-03 00:00:00,1671016.2552893604,1700924.236285428,0.01789807902909277,0.0,1700924.236285428,0.0,11407.366657933802,0.0,0.0,0,0,0,0.0,3
2020-11-04 00:00:00,1700924.236285428,1723890.9302002816,0.013502479078673975,0.0,1723890.9302002816,0.0,27557.833659971657,0.0,0.0,0,0,0,0.0,3
2020-11-05 00:00:00,1723890.9302002816,1761567.5647727784,0.021855579092883562,0.0,1761567.5647727784,0.0,8338.258413060103,0.0,0.0,0,0,0,0.0,3
2020-11-06 00:00:00,1761567.5647727784,1741122.2292674223,-0.011606330585448358,0.0,1741122.2292674223,0.0,-7821.202676018293,0.0,0.0,0,0,0,0.0,3
2020-11-09 00:00:00,1741122.2292674223,1776099.2207324672,0.020088762797406522,0.0,1776099.2207324672,0.0,8913.382543537358,0.0,0.0,0,0,0,0.0,3
2020-11-10 00:00:00,1776099.2207324672,1729665.9199547954,-0.02614341599593893,0.0,1729665.9199547954,0.0,-42971.386361395766,0.0,0.0,0,0,0,0.0,3
2020-11-11 00:00:00,1729665.9199547954,1761086.6152801574,0.01816575962032206,0.0,1761086.6152801574,0.0,18176.679078345245,0.0,0.0,0,0,0,0.0,3
2020-11-12 00:00:00,1761086.6152801574,1749045.6583484348,-0.006837231529243712,0.0,1749045.6583484348,0.0,-25526.633155614196,0.0,0.0,0,0,0,0.0,3
2020-11-13 00:00:00,1749045.6583484348,1778190.2331334944,0.016663129773627404,0.0,1778190.2331334944,0.0,29614.36011777824,0.0,0.0,0,0,0,0.0,3
2020-11-17 00:00:00,1778190.2331334944,1783238.8972624522,0.0028392148572659284,0.0,1783238.8972624522,0.0,-11919.57314388483,0.0,0.0,0,0,0,0.0,3
2020-11-18 00:00:00,1783238.8972624522,1787040.8706882594,0.0021320606182625426,0.0,1787040.8706882594,0.0,2856.31515520002,0.0,0.0,0,0,0,0.0,3
2020-11-19 00:00:00,1787040.8706882594,1769699.792332945,-0.009703795050101856,993022.7199213267,776677.0724116183,12091.399761983375,-7417.107103521703,0.0,0.0,0,1030.0633393871165,1030.0633393871165,0.0,1
2020-11-20 00:00:00,1769699.792332945,1767792.6479277,-0.0010776654964346894,993022.7199213267,774769.9280063735,0.0,-8052.834298777161,0.0,0.0,0,0,0,0.0,1
2020-11-23 00:00:00,1767792.6479277,1811023.6868823837,0.02445481318488415,993022.7199213267,818000.966961057,0.0,37297.46635024948,0.0,0.0,0,0,0,0.0,1
2020-11-24 00:00:00,1811023.6868823837,1802725.1778483517,-0.004582220041703378,0.0,1802725.1778483517,0.0,-16775.169660243904,0.0,0.0,0,0,0,0.0,3
2020-11-25 00:00:00,1802725.1778483517,1761111.2010564432,-0.02308392721378474,0.0,1761111.2010564432,0.0,-53510.53799052618,0.0,0.0,0,0,0,0.0,3
2020-11-26 00:00:00,1761111.2010564432,1773670.0208463455,0.00713119068368233,0.0,1773670.0208463455,0.0,10715.08133148367,0.0,0.0,0,0,0,0.0,3
2020-11-27 00:00:00,1773670.0208463455,1819545.4608403384,0.025864698311866625,497867.59020047734,1321677.870639861,1356.2302398139957,42731.893617276335,0.0,0.0,0,516.438488512277,516.438488512277,0.0,2
2020-12-01 00:00:00,1819545.4608403384,1804354.9607137502,-0.008348513655477771,497867.59020047734,1306487.370513273,0.0,-22044.12117968267,0.0,0.0,0,0,0,0.0,2
2020-12-02 00:00:00,1804354.9607137502,1800845.016339085,-0.001945262684497911,497867.59020047734,1302977.4261386078,0.0,-13137.289526553068,0.0,0.0,0,0,0,0.0,2
2020-12-03 00:00:00,1800845.016339085,1792606.9657537085,-0.004574547232345176,497867.59020047734,1294739.3755532312,0.0,-17614.305814495485,0.0,0.0,0,0,0,0.0,2
2020-12-04 00:00:00,1792606.9657537085,1794145.3138523838,0.0008581625130684742,497867.59020047734,1296277.7236519065,0.0,-6983.896231776744,0.0,0.0,0,0,0,0.0,2
2020-12-07 00:00:00,1794145.3138523838,1807004.8056726102,0.007167475076260439,497867.59020047734,1309137.215472133,0.0,3996.6022538054967,0.0,0.0,0,0,0,0.0,2
2020-12-08 00:00:00,1807004.8056726102,1852190.3831242127,0.02500578709572574,497867.59020047734,1354322.7929237355,0.0,36484.39540513884,0.0,0.0,0,0,0,0.0,2
2020-12-09 00:00:00,1852190.3831242127,1868639.7382645835,0.0088810282626695,497867.59020047734,1370772.1480641062,0.0,-6098.611779014347,0.0,0.0,0,0,0,0.0,2
2020-12-10 00:00:00,1868639.7382645835,1860064.1304534513,-0.004589224790379568,497867.59020047734,1362196.540252974,0.0,-11010.313465975923,0.0,0.0,0,0,0,0.0,2
2020-12-11 00:00:00,1860064.1304534513,1836404.8838320184,-0.01271958650999051,497867.59020047734,1338537.293631541,0.0,-30181.743845286255,0.0,0.0,0,0,0,0.0,2
2020-12-14 00:00:00,1836404.8838320184,1821276.4176276089,-0.008238088635900913,985686.3238120148,835590.0938155942,-8692.626349125936,-20132.148458031705,0.0,0.0,0,506.01480074826924,506.01480074826924,0.0,1
2020-12-15 00:00:00,1821276.4176276089,1833143.835896321,0.006515989639931051,985686.3238120148,847457.5120843062,0.0,10383.937734737294,0.0,0.0,0,0,0,0.0,1
2020-12-16 00:00:00,1833143.835896321,1846918.4674128005,0.007514212058403085,985686.3238120148,861232.1436007859,0.0,6357.520840564859,0.0,0.0,0,0,0,0.0,1
2020-12-17 00:00:00,1846918.4674128005,1837382.1258038725,-0.00516337985524978,985686.3238120148,851695.8019918577,0.0,-12503.11049944337,0.0,0.0,0,0,0,0.0,1
2020-12-18 00:00:00,1837382.1258038725,1863659.7986007822,0.014301691753648121,985686.3238120148,877973.4747887674,0.0,26277.736059447285,0.0,0.0,0,0,0,0.0,1
2020-12-21 00:00:00,1863659.7986007822,1841408.5872691995,-0.011939524235211075,985686.3238120148,855722.2634571849,0.0,-52131.682863630704,0.0,0.0,0,0,0,0.0,1
2020-12-22 00:00:00,1841408.5872691995,1976925.396037112,0.07359410057323738,0.0,1976925.396037112,0.0,107967.53728749731,0.0,0.0,0,0,0,0.0,3
2020-12-23 00:00:00,1976925.396037112,2113756.6704711495,0.06921418213774054,0.0,2113756.6704711495,0.0,136717.3615262172,0.0,0.0,0,0,0,0.0,3
2020-12-24 00:00:00,2113756.6704711495,2092574.252631574,-0.010021218684009672,0.0,2092574.252631574,0.0,-33012.9642901062,0.0,0.0,0,0,0,0.0,3
2020-12-28 00:00:00,2092574.252631574,2092664.0663006576,4.2920182627064414e-05,0.0,2092664.0663006576,0.0,-14035.342225105269,0.0,0.0,0,0,0,0.0,3
2020-12-29 00:00:00,2092664.0663006576,2101104.9995966796,0.004033582566810931,0.0,2101104.9995966796,0.0,-7156.810797871323,0.0,0.0,0,0,0,0.0,3
2020-12-30 00:00:00,2101104.9995966796,2130872.98643312,0.01416777688033418,0.0,2130872.98643312,0.0,25197.548734558513,0.0,0.0,0,0,0,0.0,3
2020-12-31 00:00:00,2130872.98643312,2099377.251720606,-0.014780672012382578,0.0,2099377.251720606,0.0,-36385.865764791146,0.0,0.0,0,0,0,0.0,3
2021-01-01 00:00:00,2099377.251720606,2111143.1030898597,0.005604448347532954,0.0,2111143.1030898597,0.0,3882.357676820713,0.0,0.0,0,0,0,0.0,3
2021-01-04 00:00:00,2111143.1030898597,2143077.1666688607,0.015126432467918657,0.0,2143077.1666688607,0.0,16846.93602261902,0.0,0.0,0,0,0,0.0,3
2021-01-05 00:00:00,2143077.1666688607,2182476.719048649,0.018384570090413464,0.0,2182476.719048649,0.0,46929.37385041546,0.0,0.0,0,0,0,0.0,3
2021-01-06 00:00:00,2182476.719048649,2146602.3051600964,-0.016437478381987277,0.0,2146602.3051600964,0.0,-43046.741609228775,0.0,0.0,0,0,0,0.0,3
2021-01-07 00:00:00,2146602.3051600964,2167057.4640277624,0.009529086416470824,0.0,2167057.4640277624,0.0,4137.362965508131,0.0,0.0,0,0,0,0.0,3
2021-01-08 00:00:00,2167057.4640277624,2175049.604460533,0.0036880149998034274,0.0,2175049.604460533,0.0,-15239.262087164214,0.0,0.0,0,0,0,0.0,3
2021-01-11 00:00:00,2175049.604460533,2178129.87224203,0.0014161827735700901,495434.1053042547,1682695.7669377755,2590.9433982473183,-13340.72460486996,0.0,0.0,0,513.9142324924853,513.9142324924853,0.0,2
2021-01-12 00:00:00,2178129.87224203,2179249.4880105574,0.0005140261757553897,495434.1053042547,1683815.3827063027,0.0,7404.407762464136,0.0,0.0,0,0,0,0.0,2
2021-01-13 00:00:00,2179249.4880105574,2184616.2598340656,0.0024626697645378547,495434.1053042547,1689182.1545298109,0.0,-2502.016888972139,0.0,0.0,0,0,0,0.0,2
2021-01-14 00:00:00,2184616.2598340656,2175713.5515765203,-0.004075181724694049,495434.1053042547,1680279.4462722654,0.0,-15301.133734989213,0.0,0.0,0,0,0,0.0,2
2021-01-15 00:00:00,2175713.5515765203,2135778.7912763422,-0.018354787683903234,495434.1053042547,1640344.6859720876,0.0,-44916.4186958489,0.0,0.0,0,0,0,0.0,2
2021-01-18 00:00:00,2135778.7912763422,2078373.0449738777,-0.026878132949414116,495434.1053042547,1582938.939669623,0.0,-56219.72625287692,0.0,0.0,0,0,0,0.0,2
2021-01-19 00:00:00,2078373.0449738777,2126004.967195908,0.022917888748229514,495434.1053042547,1630570.8618916534,0.0,29331.701728565153,0.0,0.0,0,0,0,0.0,2
2021-01-20 00:00:00,2126004.967195908,2151035.676113442,0.011773589104332247,495434.1053042547,1655601.5708091874,0.0,16898.656921485206,0.0,0.0,0,0,0,0.0,2
2021-01-21 00:00:00,2151035.676113442,2117784.842550235,-0.015458057684699038,495434.1053042547,1622350.7372459802,0.0,-44377.95450773556,0.0,0.0,0,0,0,0.0,2
2021-01-22 00:00:00,2117784.842550235,2056077.640973241,-0.029137616030288534,0.0,2056077.640973241,0.0,-65464.31682208995,0.0,0.0,0,0,0,0.0,3
2021-01-25 00:00:00,2056077.640973241,2060329.2373363436,0.002067818976471173,539359.3934380553,1520969.8438982884,46516.23153204793,-25175.795492393197,0.0,0.0,0,559.4779724462182,559.4779724462182,0.0,2
2021-01-27 00:00:00,2060329.2373363436,2106190.325957032,0.022259106840603258,1013120.7297634454,1093069.5961935862,-21672.768978864464,46197.95350489579,0.0,0.0,0,491.4330501989893,491.4330501989893,0.0,1
2021-01-28 00:00:00,2106190.325957032,2072919.4920232927,-0.015796689180319585,1013120.7297634454,1059798.7622598473,0.0,-4026.4170270350296,0.0,0.0,0,0,0,0.0,1
2021-01-29 00:00:00,2072919.4920232927,2073555.252720056,0.00030669820955895656,1013120.7297634454,1060434.5229566107,0.0,-9324.351489891531,0.0,0.0,0,0,0,0.0,1
2021-02-01 00:00:00,2073555.252720056,1982063.0669524246,-0.044123341129981244,0.0,1982063.0669524246,0.0,-78749.85450155847,0.0,0.0,0,1086.7720304607549,1086.7720304607549,0.0,1
2021-02-02 00:00:00,1982063.0669524246,1962401.5077454196,-0.009919744499975033,0.0,1962401.5077454196,0.0,-98411.41370856343,0.0,0.0,0,0,0,0.0,1
2021-02-03 00:00:00,1962401.5077454196,1951634.5356991352,-0.0054866305410937646,0.0,1951634.5356991352,0.0,-109178.3857548479,0.0,0.0,0,0,0,0.0,1
2021-02-04 00:00:00,1951634.5356991352,1934782.0002641776,-0.008635087731177344,0.0,1934782.0002641776,0.0,-126030.9211898055,0.0,0.0,0,0,0,0.0,1
2021-02-05 00:00:00,1934782.0002641776,1925419.3615264362,-0.004839118172725922,0.0,1925419.3615264362,0.0,-135393.55992754688,0.0,0.0,0,0,0,0.0,1
2021-02-08 00:00:00,1925419.3615264362,1932441.2066466317,0.0036469172693001,0.0,1932441.2066466317,0.0,-128371.71480735135,0.0,0.0,0,0,0,0.0,1
2021-02-09 00:00:00,1932441.2066466317,1959124.6109738322,0.013808132550383899,0.0,1959124.6109738322,0.0,-101688.31048015086,0.0,0.0,0,0,0,0.0,1
2021-02-10 00:00:00,1959124.6109738322,1954911.4324707226,-0.002150541358885457,0.0,1954911.4324707226,0.0,-105901.48898326047,0.0,0.0,0,0,0,0.0,1
2021-02-11 00:00:00,1954911.4324707226,1954911.4324707226,0.0,0.0,1954911.4324707226,0.0,-105901.48898326047,0.0,0.0,0,0,0,0.0,1
2021-02-12 00:00:00,1954911.4324707226,1928696.2582980236,-0.013409903762016898,0.0,1928696.2582980236,0.0,-132116.66315595945,0.0,0.0,0,0,0,0.0,1
2021-02-15 00:00:00,1928696.2582980236,1928228.028143522,-0.00024277029236044475,0.0,1928228.028143522,0.0,-132584.89331046096,0.0,0.0,0,0,0,0.0,1
2021-02-16 00:00:00,1928228.028143522,1935718.103418219,0.003884434395400928,0.0,1935718.103418219,0.0,-125094.81803576415,0.0,0.0,0,0,0,0.0,1
2021-02-17 00:00:00,1935718.103418219,1896863.393736191,-0.020072504159265543,0.0,1896863.393736191,0.0,-163949.52771779196,0.0,0.0,0,0,0,0.0,1
2021-02-18 00:00:00,1896863.393736191,1894522.7786961258,-0.0012339396963399775,0.0,1894522.7786961258,0.0,-166290.14275785722,0.0,0.0,0,0,0,0.0,1
2021-02-19 00:00:00,1894522.7786961258,1877201.8345291861,-0.00914264233806709,0.0,1877201.8345291861,0.0,-183611.08692479692,0.0,0.0,0,0,0,0.0,1
2021-02-22 00:00:00,1877201.8345291861,1892650.2152330815,0.008229472409273403,0.0,1892650.2152330815,0.0,-168162.70622090157,0.0,0.0,0,0,0,0.0,1
2021-02-23 00:00:00,1892650.2152330815,1903885.2388563866,0.005936133117931428,0.0,1903885.2388563866,0.0,-156927.68259759643,0.0,0.0,0,0,0,0.0,1
2021-02-24 00:00:00,1903885.2388563866,1901544.6238163214,-0.001229388721702155,0.0,1901544.6238163214,0.0,-159268.2976376617,0.0,0.0,0,0,0,0.0,1
2021-02-25 00:00:00,1901544.6238163214,1887968.9851529512,-0.007139269041251536,0.0,1887968.9851529512,0.0,-172843.93630103185,0.0,0.0,0,0,0,0.0,1
2021-02-26 00:00:00,1887968.9851529512,1884223.8582268623,-0.001983680322897641,0.0,1884223.8582268623,0.0,-176589.0632271208,0.0,0.0,0,0,0,0.0,1
2021-03-01 00:00:00,1884223.8582268623,1870648.0409860113,-0.007204991690120325,0.0,1870648.0409860113,0.0,-190164.8804679718,0.0,0.0,0,0,0,0.0,1
2021-03-02 00:00:00,1870648.0409860113,1850050.3786249647,-0.011010976896642505,0.0,1850050.3786249647,0.0,-210762.54282901832,0.0,0.0,0,0,0,0.0,1
2021-03-03 00:00:00,1850050.3786249647,1841155.9700417249,-0.00480765750273816,0.0,1841155.9700417249,0.0,-219656.9514122582,0.0,0.0,0,0,0,0.0,1
2021-03-04 00:00:00,1841155.9700417249,1822430.6925662418,-0.010170391743106185,0.0,1822430.6925662418,0.0,-238382.22888774122,0.0,0.0,0,0,0,0.0,1
2021-03-05 00:00:00,1822430.6925662418,1810259.208633934,-0.006678708815625103,0.0,1810259.208633934,0.0,-250553.71282004914,0.0,0.0,0,0,0,0.0,1
2021-03-08 00:00:00,1810259.208633934,1811663.7205199576,0.0007758623070800798,0.0,1811663.7205199576,0.0,-249149.20093402546,0.0,0.0,0,0,0,0.0,1
2021-03-09 00:00:00,1811663.7205199576,1818685.5656401531,0.0038759097732443543,0.0,1818685.5656401531,0.0,-242127.35581382993,0.0,0.0,0,0,0,0.0,1
2021-03-10 00:00:00,1818685.5656401531,1823366.974297764,0.0025740615893452084,0.0,1823366.974297764,0.0,-237445.94715621904,0.0,0.0,0,0,0,0.0,1
2021-03-12 00:00:00,1823366.974297764,1808386.8237483702,-0.008215653107988958,0.0,1808386.8237483702,0.0,-252426.0977056129,0.0,0.0,0,0,0,0.0,1
2021-03-15 00:00:00,1808386.8237483702,1828516.434532396,0.011131252738449955,0.0,1828516.434532396,0.0,-232296.48692158703,0.0,0.0,0,0,0,0.0,1
2021-03-16 00:00:00,1828516.434532396,1827111.9226463723,-0.0007681155386404046,0.0,1827111.9226463723,0.0,-233700.9988076107,0.0,0.0,0,0,0,0.0,1
2021-03-17 00:00:00,1827111.9226463723,1832261.3828810041,0.0028183605890838657,0.0,1832261.3828810041,0.0,-228551.53857297893,0.0,0.0,0,0,0,0.0,1
2021-03-18 00:00:00,1832261.3828810041,1833665.716189547,0.0007664481288879786,0.0,1833665.716189547,0.0,-227147.20526443608,0.0,0.0,0,0,0,0.0,1
2021-03-19 00:00:00,1833665.716189547,1836474.5613841137,0.001531819660348828,0.0,1836474.5613841137,0.0,-224338.36006986932,0.0,0.0,0,0,0,0.0,1
2021-03-22 00:00:00,1836474.5613841137,1818685.5656401531,-0.009686491780508738,0.0,1818685.5656401531,0.0,-242127.35581382993,0.0,0.0,0,0,0,0.0,1
2021-03-23 00:00:00,1818685.5656401531,1821962.4624117403,0.0018017940173367872,0.0,1821962.4624117403,0.0,-238850.45904224273,0.0,0.0,0,0,0,0.0,1
2021-03-24 00:00:00,1821962.4624117403,1820090.0775261768,-0.0010276747870452997,0.0,1820090.0775261768,0.0,-240722.84392780624,0.0,0.0,0,0,0,0.0,1
2021-03-25 00:00:00,1820090.0775261768,1820558.1291031975,0.00025715846858350767,0.0,1820558.1291031975,0.0,-240254.79235078557,0.0,0.0,0,0,0,0.0,1
2021-03-26 00:00:00,1820558.1291031975,1815876.8990230672,-0.0025713159087297254,0.0,1815876.8990230672,0.0,-244936.02243091585,0.0,0.0,0,0,0,0.0,1
2021-03-30 00:00:00,1815876.8990230672,1796683.5699705635,-0.010569730284486576,0.0,1796683.5699705635,0.0,-264129.35148341954,0.0,0.0,0,0,0,0.0,1
2021-03-31 00:00:00,1796683.5699705635,1786852.7010783206,-0.005471675177841119,0.0,1786852.7010783206,0.0,-273960.22037566244,0.0,0.0,0,0,0,0.0,1
2021-04-01 00:00:00,1786852.7010783206,1830388.8194179595,0.024364693471020847,0.0,1830388.8194179595,0.0,-230424.1020360235,0.0,0.0,0,0,0,0.0,1
2021-04-05 00:00:00,1830388.8194179595,1841155.9700417249,0.005882439025818091,0.0,1841155.9700417249,0.0,-219656.9514122582,0.0,0.0,0,0,0,0.0,1
2021-04-06 00:00:00,1841155.9700417249,1848646.0453164217,0.004068137298833549,0.0,1848646.0453164217,0.0,-212166.8761375614,0.0,0.0,0,0,0,0.0,1
2021-04-07 00:00:00,1848646.0453164217,1877670.0646836874,0.015700149545013566,0.0,1877670.0646836874,0.0,-183142.85677029565,0.0,0.0,0,0,0,0.0,1
2021-04-08 00:00:00,1877670.0646836874,1885628.1915354053,0.004238298837159428,0.0,1885628.1915354053,0.0,-175184.7299185777,0.0,0.0,0,0,0,0.0,1
2021-04-09 00:00:00,1885628.1915354053,1893586.4969646037,0.004220506176627602,0.0,1893586.4969646037,0.0,-167226.4244893794,0.0,0.0,0,0,0,0.0,1
2021-04-12 00:00:00,1893586.4969646037,1895459.0604276482,0.0009888977694160169,0.0,1895459.0604276482,0.0,-165353.8610263348,0.0,0.0,0,0,0,0.0,1
2021-04-13 00:00:00,1895459.0604276482,1896395.1635816896,0.0004938661950473031,0.0,1896395.1635816896,0.0,-164417.75787229347,0.0,0.0,0,0,0,0.0,1
2021-04-15 00:00:00,1896395.1635816896,1906226.0324739325,0.005183976990151938,0.0,1906226.0324739325,0.0,-154586.88898005057,0.0,0.0,0,0,0,0.0,1
2021-04-16 00:00:00,1906226.0324739325,1911375.4927085643,0.0027013901535846343,0.0,1911375.4927085643,0.0,-149437.4287454188,0.0,0.0,0,0,0,0.0,1
2021-04-19 00:00:00,1911375.4927085643,1944144.4604244381,0.017144181162141895,0.0,1944144.4604244381,0.0,-116668.46102954494,0.0,0.0,0,0,0,0.0,1
2021-04-20 00:00:00,1944144.4604244381,1924014.8496404125,-0.01035396864471224,0.0,1924014.8496404125,0.0,-136798.07181357057,0.0,0.0,0,0,0,0.0,1
2021-04-22 00:00:00,1924014.8496404125,1941803.845384373,0.009245768423921089,0.0,1941803.845384373,0.0,-119009.07606960996,0.0,0.0,0,0,0,0.0,1
2021-04-23 00:00:00,1941803.845384373,1943676.4088474174,0.0009643422364701753,0.0,1943676.4088474174,0.0,-117136.51260656561,0.0,0.0,0,0,0,0.0,1
2021-04-26 00:00:00,1943676.4088474174,1930100.5916065664,-0.006984607715078117,0.0,1930100.5916065664,0.0,-130712.32984741661,0.0,0.0,0,0,0,0.0,1
2021-04-27 00:00:00,1930100.5916065664,1923078.746486371,-0.0036380721039781286,0.0,1923078.746486371,0.0,-137734.17496761214,0.0,0.0,0,0,0,0.0,1
2021-04-28 00:00:00,1923078.746486371,1902480.9055478435,-0.010710867132280144,0.0,1902480.9055478435,0.0,-158332.0159061395,0.0,0.0,0,0,0,0.0,1
2021-04-29 00:00:00,1902480.9055478435,1906226.0324739325,0.001968549022052067,0.0,1906226.0324739325,0.0,-154586.88898005057,0.0,0.0,0,0,0,0.0,1
2021-04-30 00:00:00,1906226.0324739325,1900140.2905077785,-0.00319256051616071,0.0,1900140.2905077785,0.0,-160672.63094620453,0.0,0.0,0,0,0,0.0,1
2021-05-03 00:00:00,1900140.2905077785,1904821.5205879088,0.002463623398501435,0.0,1904821.5205879088,0.0,-155991.40086607425,0.0,0.0,0,0,0,0.0,1
2021-05-04 00:00:00,1904821.5205879088,1907630.3657824756,0.0014745975747375182,0.0,1907630.3657824756,0.0,-153182.5556715075,0.0,0.0,0,0,0,0.0,1
2021-05-05 00:00:00,1907630.3657824756,1897331.4453132118,-0.00539880296203996,0.0,1897331.4453132118,0.0,-163481.4761407713,0.0,0.0,0,0,0,0.0,1
2021-05-06 00:00:00,1897331.4453132118,1910907.2625540628,0.007155216488076443,0.0,1910907.2625540628,0.0,-149905.6588999203,0.0,0.0,0,0,0,0.0,1
2021-05-07 00:00:00,1910907.2625540628,1930568.821761068,0.010289122655134047,0.0,1930568.821761068,0.0,-130244.0996929151,0.0,0.0,0,0,0,0.0,1
2021-05-10 00:00:00,1930568.821761068,1940867.563652851,0.005334563459068211,0.0,1940867.563652851,0.0,-119945.35780113214,0.0,0.0,0,0,0,0.0,1
2021-05-11 00:00:00,1940867.563652851,1938058.897035765,-0.0014471191490262293,0.0,1938058.897035765,0.0,-122754.02441821806,0.0,0.0,0,0,0,0.0,1
2021-05-12 00:00:00,1938058.897035765,1937590.6668812635,-0.00024159748458504475,0.0,1937590.6668812635,0.0,-123222.25457271957,0.0,0.0,0,0,0,0.0,1
2021-05-14 00:00:00,1937590.6668812635,1942272.0755388746,0.0024160978568018637,0.0,1942272.0755388746,0.0,-118540.84591510845,0.0,0.0,0,0,0,0.0,1
2021-05-17 00:00:00,1942272.0755388746,1958188.5078197906,0.00819474906804706,0.0,1958188.5078197906,0.0,-102624.41363419243,0.0,0.0,0,0,0,0.0,1
2021-05-18 00:00:00,1958188.5078197906,1970359.8131746182,0.006215594313940105,0.0,1970359.8131746182,0.0,-90453.10827936488,0.0,0.0,0,0,0,0.0,1
2021-05-19 00:00:00,1970359.8131746182,1963337.7894769418,-0.0035638281144003726,0.0,1963337.7894769418,0.0,-97475.13197704125,0.0,0.0,0,0,0,0.0,1
2021-05-20 00:00:00,1963337.7894769418,1972232.3766376625,0.004530339714538044,0.0,1972232.3766376625,0.0,-88580.54481632053,0.0,0.0,0,0,0,0.0,1
2021-05-21 00:00:00,1972232.3766376625,1974104.7615232263,0.0009493733637797091,0.0,1974104.7615232263,0.0,-86708.15993075678,0.0,0.0,0,0,0,0.0,1
2021-05-24 00:00:00,1974104.7615232263,1975509.27340925,0.0007114677566250117,0.0,1975509.27340925,0.0,-85303.6480447331,0.0,0.0,0,0,0,0.0,1
2021-05-25 00:00:00,1975509.27340925,1971764.146483161,-0.0018957779528039156,0.0,1971764.146483161,0.0,-89048.77497082204,0.0,0.0,0,0,0,0.0,1
2021-05-26 00:00:00,1971764.146483161,1996106.9357702965,0.01234569019350173,0.0,1996106.9357702965,0.0,-64705.985683686566,0.0,0.0,0,0,0,0.0,1
2021-05-27 00:00:00,1996106.9357702965,1984403.6819924898,-0.005863039483548695,0.0,1984403.6819924898,0.0,-76409.23946149321,0.0,0.0,0,0,0,0.0,1
2021-05-28 00:00:00,1984403.6819924898,1976445.5551407721,-0.004010336668861224,0.0,1976445.5551407721,0.0,-84367.36631321092,0.0,0.0,0,0,0,0.0,1
2021-05-31 00:00:00,1976445.5551407721,1993766.3207302312,0.008763593585670732,0.0,1993766.3207302312,0.0,-67046.60072375182,0.0,0.0,0,0,0,0.0,1
2021-06-01 00:00:00,1993766.3207302312,2005001.5229310172,0.005635165006032906,0.0,2005001.5229310172,0.0,-55811.39852296584,0.0,0.0,0,0,0,0.0,1
2021-06-02 00:00:00,2005001.5229310172,1992830.038998709,-0.0060705609412781076,0.0,1992830.038998709,0.0,-67982.882455274,0.0,0.0,0,0,0,0.0,1
2021-06-03 00:00:00,1992830.038998709,1990021.1938041423,-0.0014094755396090162,0.0,1990021.1938041423,0.0,-70791.72764984076,0.0,0.0,0,0,0,0.0,1
2021-06-04 00:00:00,1990021.1938041423,1971764.146483161,-0.009174297931008936,0.0,1971764.146483161,0.0,-89048.77497082204,0.0,0.0,0,0,0,0.0,1
2021-06-07 00:00:00,1971764.146483161,2007048.4703403204,0.01789479939580628,0.0,2007048.4703403204,0.0,16283.45364160277,0.0,0.0,0,2065.0222999914763,2065.0222999914763,0.0,3
2021-06-08 00:00:00,2007048.4703403204,1996937.0891699344,-0.005037935714961319,0.0,1996937.0891699344,0.0,-16050.526428387966,0.0,0.0,0,0,0,0.0,3
2021-06-09 00:00:00,1996937.0891699344,1966144.5272377476,-0.015419895849090747,0.0,1966144.5272377476,0.0,-35529.80724405334,0.0,0.0,0,0,0,0.0,3
2021-06-10 00:00:00,1966144.5272377476,1969002.845458081,0.0014537681135522137,0.0,1969002.845458081,0.0,-4557.409913071082,0.0,0.0,0,0,0,0.0,3
2021-06-11 00:00:00,1969002.845458081,1985931.1410777112,0.008597395203708785,0.0,1985931.1410777112,0.0,-596.9937637267867,0.0,0.0,0,0,0,0.0,3
2021-06-14 00:00:00,1985931.1410777112,1928664.2618938535,-0.028836286414633948,0.0,1928664.2618938535,0.0,11821.364452892332,0.0,0.0,0,0,0,0.0,3
2021-06-15 00:00:00,1928664.2618938535,1952540.3301719693,0.012379587650299789,634835.9803619172,1317704.3498100522,-28752.358537655342,-2550.913210608298,0.0,0.0,0,658.5159199041266,658.5159199041266,0.0,2
2021-06-16 00:00:00,1952540.3301719693,1923100.813336771,-0.015077546097398867,634835.9803619172,1288264.832974854,0.0,-24870.512269157218,0.0,0.0,0,0,0,0.0,2
2021-06-17 00:00:00,1923100.813336771,1912303.9890956385,-0.005614278859566864,1273580.474349387,638723.5147462515,-24843.844912102642,-5274.158596330322,0.0,0.0,0,662.5702245201336,662.5702245201336,0.0,1
2021-06-18 00:00:00,1912303.9890956385,1888684.924468728,-0.012351103570139157,1273580.474349387,615104.450119341,0.0,-22839.421984451474,0.0,0.0,0,0,0,0.0,1
2021-06-21 00:00:00,1888684.924468728,1890840.5585871008,0.0011413413060302633,1273580.474349387,617260.0842377137,0.0,14721.772252608673,0.0,0.0,0,0,0,0.0,1
2021-06-22 00:00:00,1890840.5585871008,1887651.7118340738,-0.0016864704633847447,0.0,1887651.7118340738,0.0,-5986.3436578734545,0.0,0.0,0,0,0,0.0,3
2021-06-23 00:00:00,1887651.7118340738,1883281.0578570247,-0.0023153921614080222,0.0,1883281.0578570247,0.0,-13077.224756447598,0.0,0.0,0,0,0,0.0,3
2021-06-24 00:00:00,1883281.0578570247,1892522.6314344048,0.004907166425756959,0.0,1892522.6314344048,0.0,3826.696397472988,0.0,0.0,0,0,0,0.0,3
2021-06-25 00:00:00,1892522.6314344048,1900183.3580735293,0.004047891693278325,0.0,1900183.3580735293,0.0,-3467.466143771424,0.0,0.0,0,0,0,0.0,3
2021-06-28 00:00:00,1900183.3580735293,1916885.2408691877,0.008789616393962826,0.0,1916885.2408691877,0.0,7990.967948389822,0.0,0.0,0,0,0,0.0,3
2021-06-29 00:00:00,1916885.2408691877,1912304.0737927617,-0.002389901585526747,0.0,1912304.0737927617,0.0,-761.5084173274226,0.0,0.0,0,0,0,0.0,3
2021-06-30 00:00:00,1912304.0737927617,1919551.622027503,0.0037899559667658065,0.0,1919551.622027503,0.0,1098.0186751092551,0.0,0.0,0,0,0,0.0,3
2021-07-01 00:00:00,1919551.622027503,1923874.4297144758,0.0022519882442165067,0.0,1923874.4297144758,0.0,-6092.997055655811,0.0,0.0,0,0,0,0.0,3
2021-07-02 00:00:00,1923874.4297144758,1900562.4979705228,-0.012117179470706235,0.0,1900562.4979705228,0.0,-30858.43357636407,0.0,0.0,0,0,0,0.0,3
2021-07-05 00:00:00,1900562.4979705228,1896317.88635336,-0.002233344929038296,0.0,1896317.88635336,0.0,-16193.884814564022,0.0,0.0,0,0,0,0.0,3
2021-07-06 00:00:00,1896317.88635336,1887780.7651323243,-0.004501946262529167,631881.223475141,1255899.5416571833,-4909.013699552537,-11380.5645857692,0.0,0.0,0,655.4509479907842,655.4509479907842,0.0,2
2021-07-07 00:00:00,1887780.7651323243,1901785.6955266176,0.0074187271387478075,631881.223475141,1269904.4720514766,0.0,17145.44493972801,0.0,0.0,0,0,0,0.0,2
2021-07-08 00:00:00,1901785.6955266176,1894171.7033214204,-0.004003601574618458,631881.223475141,1262290.4798462794,0.0,-5884.246064271778,0.0,0.0,0,0,0,0.0,2
2021-07-09 00:00:00,1894171.7033214204,1900738.0855776914,0.0034666246173760103,631881.223475141,1268856.8621025505,0.0,321.4073641743744,0.0,0.0,0,0,0,0.0,2
2021-07-12 00:00:00,1900738.0855776914,1913014.8011681573,0.006458920186646626,631881.223475141,1281133.5776930163,0.0,5712.238672230509,0.0,0.0,0,0,0,0.0,2
2021-07-13 00:00:00,1913014.8011681573,1914110.7211080214,0.000572875828872304,631881.223475141,1282229.4976328805,0.0,-5890.107627973426,0.0,0.0,0,0,0,0.0,2
2021-07-14 00:00:00,1914110.7211080214,1915155.801192934,0.0005459872688595116,1266436.079538682,648719.7216542519,-2235.3811111524833,-3334.344772510929,0.0,0.0,0,658.2243094225545,658.2243094225545,0.0,1
2021-07-15 00:00:00,1915155.801192934,1913951.747446166,-0.0006286975430500463,1266436.079538682,647515.6679074839,0.0,-833.6145472130738,0.0,0.0,0,0,0,0.0,1
2021-07-16 00:00:00,1913951.747446166,1918119.6576455731,0.0021776464349054793,1266436.079538682,651683.5781068911,0.0,92.598706406774,0.0,0.0,0,0,0,0.0,1
2021-07-19 00:00:00,1918119.6576455731,1913303.4426585007,-0.002510904347325305,1266436.079538682,646867.3631198189,0.0,1296.7211760735372,0.0,0.0,0,0,0,0.0,1
2021-07-20 00:00:00,1913303.4426585007,1898113.463952221,-0.007939137288737413,1266436.079538682,631677.384413539,0.0,-14495.258779887226,0.0,0.0,0,0,0,0.0,1
2021-07-22 00:00:00,1898113.463952221,1930114.1241928386,0.01685919248156342,1266436.079538682,663678.0446541567,0.0,24683.54739617638,0.0,0.0,0,0,0,0.0,1
2021-07-23 00:00:00,1930114.1241928386,1910054.80411944,-0.01039281554492909,0.0,1910054.80411944,0.0,-29645.715942133567,0.0,0.0,0,0,0,0.0,3
2021-07-26 00:00:00,1910054.80411944,1901811.4721057913,-0.004315756802302321,0.0,1901811.4721057913,0.0,-28295.34768690425,0.0,0.0,0,0,0,0.0,3
2021-07-27 00:00:00,1901811.4721057913,1894942.7285292284,-0.0036116847948958414,0.0,1894942.7285292284,0.0,-19717.823186850757,0.0,0.0,0,0,0,0.0,3
2021-07-28 00:00:00,1894942.7285292284,2008334.155767918,0.05983897324786127,0.0,2008334.155767918,0.0,101444.01880743052,0.0,0.0,0,0,0,0.0,3
2021-07-29 00:00:00,2008334.155767918,2009138.4458684016,0.00040047623458155235,0.0,2009138.4458684016,0.0,-4118.284731820342,0.0,0.0,0,0,0,0.0,3
2021-07-30 00:00:00,2009138.4458684016,2015754.9588611217,0.003293209089859555,0.0,2015754.9588611217,0.0,3021.8172764903866,0.0,0.0,0,0,0,0.0,3
2021-08-02 00:00:00,2015754.9588611217,2041849.0494023971,0.012945070742139369,0.0,2041849.0494023971,0.0,10350.466802611249,0.0,0.0,0,0,0,0.0,3
2021-08-03 00:00:00,2041849.0494023971,2019878.9002622464,-0.010759928186944533,0.0,2019878.9002622464,0.0,-15855.165936829406,0.0,0.0,0,0,0,0.0,3
2021-08-04 00:00:00,2019878.9002622464,1997294.8940150654,-0.011180871409790377,0.0,1997294.8940150654,0.0,-32477.365467828815,0.0,0.0,0,0,0,0.0,3
2021-08-05 00:00:00,1997294.8940150654,2012372.587936943,0.00754905746119822,0.0,2012372.587936943,0.0,7602.17937028571,0.0,0.0,0,0,0,0.0,3
2021-08-06 00:00:00,2012372.587936943,2032789.8808255668,0.01014588104161935,0.0,2032789.8808255668,0.0,16322.958568320493,0.0,0.0,0,0,0,0.0,3
2021-08-09 00:00:00,2032789.8808255668,2005400.1280487566,-0.013473971429691757,0.0,2005400.1280487566,0.0,-35166.49597872293,0.0,0.0,0,0,0,0.0,3
2021-08-10 00:00:00,2005400.1280487566,1983861.5261036614,-0.010740301470934965,0.0,1983861.5261036614,0.0,-26150.21178206394,0.0,0.0,0,0,0,0.0,3
2021-08-11 00:00:00,1983861.5261036614,2009777.0852785343,0.013063189559289224,0.0,2009777.0852785343,0.0,13000.795174854109,0.0,0.0,0,0,0,0.0,3
2021-08-12 00:00:00,2009777.0852785343,2033234.0283695834,0.011671415334003673,0.0,2033234.0283695834,0.0,12689.4815989153,0.0,0.0,0,0,0,0.0,3
2021-08-13 00:00:00,2033234.0283695834,2051810.2725543054,0.009136303999209545,0.0,2051810.2725543054,0.0,11747.636559400475,0.0,0.0,0,0,0,0.0,3
2021-08-16 00:00:00,2051810.2725543054,2096473.9727846496,0.021767948444249775,0.0,2096473.9727846496,0.0,51508.81946571346,0.0,0.0,0,0,0,0.0,3
2021-08-17 00:00:00,2096473.9727846496,2077723.342477774,-0.008943888905985305,0.0,2077723.342477774,0.0,-19661.899375248933,0.0,0.0,0,0,0,0.0,3
2021-08-18 00:00:00,2077723.342477774,2042001.0845991448,-0.017192980965420032,0.0,2042001.0845991448,0.0,-44246.33158270095,0.0,0.0,0,0,0,0.0,3
2021-08-20 00:00:00,2042001.0845991448,1961801.5616497002,-0.039274965892189116,0.0,1961801.5616497002,0.0,-47449.9034296748,0.0,0.0,0,0,0,0.0,3
2021-08-23 00:00:00,1961801.5616497002,1950308.2639796,-0.005858542420791672,643976.3383860856,1306331.9255935145,-19612.000513486913,-28759.170941329678,0.0,0.0,0,667.9972213091082,667.9972213091082,0.0,2
2021-08-24 00:00:00,1950308.2639796,2012170.9376731059,0.03171943371007163,0.0,2012170.9376731059,0.0,66549.32410620351,0.0,0.0,0,0,0,0.0,3
2021-08-25 00:00:00,2012170.9376731059,1975036.920554827,-0.01845470303890833,0.0,1975036.920554827,0.0,-37302.72638882371,0.0,0.0,0,0,0,0.0,3
2021-08-26 00:00:00,1975036.920554827,1971548.3901356182,-0.0017663114967130895,0.0,1971548.3901356182,0.0,-9166.431875102804,0.0,0.0,0,0,0,0.0,3
2021-08-27 00:00:00,1971548.3901356182,1975927.3421646473,0.002221072559486061,0.0,1975927.3421646473,0.0,186.1210683833342,0.0,0.0,0,0,0,0.0,3
2021-08-30 00:00:00,1975927.3421646473,2015080.8777530822,0.019815270912513325,0.0,2015080.8777530822,0.0,16647.982354615233,0.0,0.0,0,0,0,0.0,3
2021-08-31 00:00:00,2015080.8777530822,2058619.5428940617,0.02160641075088127,0.0,2058619.5428940617,0.0,42571.87045389274,0.0,0.0,0,0,0,0.0,3
2021-09-01 00:00:00,2058619.5428940617,2075777.873350234,0.008334872033737091,0.0,2075777.873350234,0.0,17911.40720537235,0.0,0.0,0,0,0,0.0,3
2021-09-02 00:00:00,2075777.873350234,2071512.229909835,-0.002054961417193683,0.0,2071512.229909835,0.0,-13756.379581056652,0.0,0.0,0,0,0,0.0,3
2021-09-03 00:00:00,2071512.229909835,2101682.930975401,0.01456457781418898,0.0,2101682.930975401,0.0,21066.108695050236,0.0,0.0,0,0,0,0.0,3
2021-09-06 00:00:00,2101682.930975401,2110904.1579296165,0.004387544295245362,0.0,2110904.1579296165,0.0,-2662.068336490309,0.0,0.0,0,0,0,0.0,3
2021-09-07 00:00:00,2110904.1579296165,2124755.2976409714,0.00656170942641949,0.0,2124755.2976409714,0.0,10658.871623345534,0.0,0.0,0,0,0,0.0,3
2021-09-08 00:00:00,2124755.2976409714,2089316.4933675453,-0.01667900501896492,0.0,2089316.4933675453,0.0,-40151.735874080216,0.0,0.0,0,0,0,0.0,3
2021-09-09 00:00:00,2089316.4933675453,2090219.5983396496,0.00043224900342824125,0.0,2090219.5983396496,0.0,4016.480142034241,0.0,0.0,0,0,0,0.0,3
2021-09-13 00:00:00,2090219.5983396496,2100317.633805714,0.004831088309613863,0.0,2100317.633805714,0.0,13716.600314754527,0.0,0.0,0,0,0,0.0,3
2021-09-14 00:00:00,2100317.633805714,2094154.9353915055,-0.002934174486285663,0.0,2094154.9353915055,0.0,-12713.130494327517,0.0,0.0,0,0,0,0.0,3
2021-09-15 00:00:00,2094154.9353915055,2116809.63153504,0.010818061147562324,0.0,2116809.63153504,0.0,25495.211366592674,0.0,0.0,0,0,0,0.0,3
2021-09-16 00:00:00,2116809.63153504,2101991.5560120195,-0.007000192791203015,0.0,2101991.5560120195,0.0,-30248.077328207088,0.0,0.0,0,0,0,0.0,3
2021-09-17 00:00:00,2101991.5560120195,2115611.327727105,0.006479460717209278,0.0,2115611.327727105,0.0,8354.081708151265,0.0,0.0,0,0,0,0.0,3
2021-09-20 00:00:00,2115611.327727105,2104272.323695478,-0.005359682037536151,0.0,2104272.323695478,0.0,8103.080577386776,0.0,0.0,0,0,0,0.0,3
2021-09-21 00:00:00,2104272.323695478,2124800.2404126534,0.009755351760329531,0.0,2124800.2404126534,0.0,18910.411708614556,0.0,0.0,0,0,0,0.0,3
2021-09-22 00:00:00,2124800.2404126534,2225300.5662702764,0.04729871728464462,0.0,2225300.5662702764,0.0,96524.25676066568,0.0,0.0,0,0,0,0.0,3
2021-09-23 00:00:00,2225300.5662702764,2295159.2810580195,0.03139293444068548,0.0,2295159.2810580195,0.0,48607.35921143065,0.0,0.0,0,0,0,0.0,3
2021-09-24 00:00:00,2295159.2810580195,2317431.2148469384,0.00970387283040853,0.0,2317431.2148469384,0.0,6928.615974648506,0.0,0.0,0,0,0,0.0,3
2021-09-27 00:00:00,2317431.2148469384,2267638.468784843,-0.021486180794964387,0.0,2267638.468784843,0.0,-51699.4673984641,0.0,0.0,0,0,0,0.0,3
2021-09-28 00:00:00,2267638.468784843,2207931.8884778726,-0.02632984981021486,0.0,2207931.8884778726,0.0,-63877.7492553927,0.0,0.0,0,0,0,0.0,3
2021-09-29 00:00:00,2207931.8884778726,2190508.0197523907,-0.007891488327338648,0.0,2190508.0197523907,0.0,-3571.686317231506,0.0,0.0,0,0,0,0.0,3
2021-09-30 00:00:00,2190508.0197523907,2219400.7601985307,0.013189972456437762,638783.4387294998,1580617.3214690308,5565.398960158793,20749.07020791527,0.0,0.0,0,662.6106219352401,662.6106219352401,0.0,2
2021-10-01 00:00:00,2219400.7601985307,2175615.5833953596,-0.01972837785243188,638783.4387294998,1536832.1446658596,0.0,-35593.72622132383,0.0,0.0,0,0,0,0.0,2
2021-10-04 00:00:00,2175615.5833953596,2205978.41920446,0.013955974594424842,638783.4387294998,1567194.98047496,0.0,22739.026386740967,0.0,0.0,0,0,0,0.0,2
2021-10-05 00:00:00,2205978.41920446,2217971.6069322145,0.005436675002505039,638783.4387294998,1579188.1682027145,0.0,17971.250079875346,0.0,0.0,0,0,0,0.0,2
2021-10-06 00:00:00,2217971.6069322145,2201032.9423242537,-0.007637006963939196,638783.4387294998,1562249.5035947538,0.0,-24732.583211061778,0.0,0.0,0,0,0,0.0,2
2021-10-07 00:00:00,2201032.9423242537,2202449.436331836,0.000643558749323632,638783.4387294998,1563665.9976023363,0.0,-13712.464086755179,0.0,0.0,0,0,0,0.0,2
2021-10-08 00:00:00,2202449.436331836,2209334.57971271,0.0031261300565160735,638783.4387294998,1570551.14098321,0.0,-2372.7243927357486,0.0,0.0,0,0,0,0.0,2
2021-10-11 00:00:00,2209334.57971271,2222690.9397288286,0.0060454220645274675,638783.4387294998,1583907.500999329,0.0,3092.721579920384,0.0,0.0,0,0,0,0.0,2
2021-10-12 00:00:00,2222690.9397288286,2234521.5834981864,0.005322667023963833,638783.4387294998,1595738.1447686865,0.0,13437.253860860947,0.0,0.0,0,0,0,0.0,2
2021-10-13 00:00:00,2234521.5834981864,2235625.449785197,0.0004940056498727562,638783.4387294998,1596842.0110556972,0.0,-11308.26714967133,0.0,0.0,0,0,0,0.0,2
2021-10-14 00:00:00,2235625.449785197,2271862.061759306,0.01620871330552738,638783.4387294998,1633078.6230298062,0.0,23709.537472806405,0.0,0.0,0,0,0,0.0,2
2021-10-18 00:00:00,2271862.061759306,2256166.708050852,-0.0069085856807255385,638783.4387294998,1617383.2693213522,0.0,-37726.68545683159,0.0,0.0,0,0,0,0.0,2
2021-10-19 00:00:00,2256166.708050852,2244957.6728515057,-0.004968176845863574,638783.4387294998,1606174.2341220058,0.0,-21832.223460619687,0.0,0.0,0,0,0,0.0,2
2021-10-20 00:00:00,2244957.6728515057,2191406.805218133,-0.02385384289466499,638783.4387294998,1552623.3664886332,0.0,-51689.557335655554,0.0,0.0,0,0,0,0.0,2
2021-10-21 00:00:00,2191406.805218133,2185286.831741137,-0.0027927144619718366,638783.4387294998,1546503.393011637,0.0,-21753.999475520337,0.0,0.0,0,0,0,0.0,2
2021-10-22 00:00:00,2185286.831741137,2171999.647688005,-0.006080292920881796,0.0,2171999.647688005,0.0,-14765.744113951572,0.0,0.0,0,0,0,0.0,3
2021-10-25 00:00:00,2171999.647688005,2089943.7950459705,-0.03777894380847592,0.0,2089943.7950459705,0.0,-91231.93668833107,0.0,0.0,0,0,0,0.0,3
2021-10-26 00:00:00,2089943.7950459705,2119688.973986472,0.01423252577940607,705282.1187908375,1414406.8551956348,72064.07902149645,19633.90953663329,0.0,0.0,0,731.5897611580001,731.5897611580001,0.0,2
2021-10-27 00:00:00,2119688.973986472,2105911.411584773,-0.006499803778187144,1352014.9134427237,753896.4981420492,7949.355922386388,-24569.054440166452,0.0,0.0,0,670.8564958141769,670.8564958141769,0.0,1
2021-10-28 00:00:00,2105911.411584773,2104894.316774102,-0.00048297131829765484,1352014.9134427237,752879.4033313784,0.0,-1017.0535776477773,0.0,0.0,0,0,0,0.0,1
2021-10-29 00:00:00,2104894.316774102,2097923.2975349603,-0.003311814366920417,1352014.9134427237,745908.3840922364,0.0,-6971.001342740026,0.0,0.0,0,0,0,0.0,1
2021-11-01 00:00:00,2097923.2975349603,2087231.2996987945,-0.005096467467961685,1352014.9134427237,735216.3862560708,0.0,-13992.22577707551,0.0,0.0,0,0,0,0.0,1
2021-11-02 00:00:00,2087231.2996987945,2086264.5216188077,-0.0004631868447576076,1352014.9134427237,734249.608176084,0.0,-4495.247897977475,0.0,0.0,0,0,0,0.0,1
2021-11-03 00:00:00,2086264.5216188077,2084877.071075566,-0.0006650405683767285,1352014.9134427237,732862.1576328424,0.0,-2940.34062031738,0.0,0.0,0,0,0,0.0,1
2021-11-04 00:00:00,2084877.071075566,2088415.8949092682,0.0016973776932932023,1352014.9134427237,736400.9814665444,0.0,-2343.8828353127465,0.0,0.0,0,0,0,0.0,1
2021-11-08 00:00:00,2088415.8949092682,2118792.3409227952,0.014545209164310973,1352014.9134427237,766777.4274800718,0.0,27994.877882358734,0.0,0.0,0,0,0,0.0,1
2021-11-09 00:00:00,2118792.3409227952,2112629.2075214293,-0.002908795393644725,1352014.9134427237,760614.2940787057,0.0,-6173.647455034195,0.0,0.0,0,0,0,0.0,1
2021-11-10 00:00:00,2112629.2075214293,2119060.2185888,0.003044079408007357,1352014.9134427237,767045.3051460763,0.0,7686.70976358722,0.0,0.0,0,0,0,0.0,1
2021-11-11 00:00:00,2119060.2185888,2100024.456572803,-0.008983115179555367,1352014.9134427237,748009.5431300794,0.0,-15848.48032804986,0.0,0.0,0,0,0,0.0,1
2021-11-12 00:00:00,2100024.456572803,2116869.0838085115,0.008021157650324882,1352014.9134427237,764854.170365788,0.0,5809.508471664274,0.0,0.0,0,0,0,0.0,1
2021-11-15 00:00:00,2116869.0838085115,2110871.247528517,-0.0028333524854562506,1352014.9134427237,758856.3340857935,0.0,-6048.06082495919,0.0,0.0,0,0,0,0.0,1
2021-11-16 00:00:00,2110871.247528517,2114188.3088261695,0.001571418105929504,1352014.9134427237,762173.3953834459,0.0,-847.5787718630163,0.0,0.0,0,0,0,0.0,1
2021-11-17 00:00:00,2114188.3088261695,2116098.9611382657,0.0009037285392789976,1352014.9134427237,764084.047695542,0.0,2946.6247946947115,0.0,0.0,0,0,0,0.0,1
2021-11-18 00:00:00,2116098.9611382657,2102113.0108084586,-0.006609308253846489,1352014.9134427237,750098.0973657346,0.0,-14011.02908356057,0.0,0.0,0,0,0,0.0,1
2021-11-22 00:00:00,2102113.0108084586,2066640.6892178198,-0.016874602558592366,1352014.9134427237,714625.7757750963,0.0,-44628.141645519994,0.0,0.0,0,0,0,0.0,1
2021-11-23 00:00:00,2066640.6892178198,2130659.8205077006,0.030977388388743386,0.0,2130659.8205077006,61807.93099398544,72860.63768490579,0.0,0.0,0,732.1106424051704,732.1106424051704,0.0,3
2021-11-24 00:00:00,2130659.8205077006,2084782.6891090833,-0.021531889303514223,0.0,2084782.6891090833,0.0,-70624.83020534052,0.0,0.0,0,0,0,0.0,3
2021-11-25 00:00:00,2084782.6891090833,2135209.224105821,0.024187909492997154,0.0,2135209.224105821,0.0,50628.50158274162,0.0,0.0,0,0,0,0.0,3
2021-11-26 00:00:00,2135209.224105821,2017738.2128784654,-0.0550161594944167,0.0,2017738.2128784654,0.0,-90115.20353224268,0.0,0.0,0,0,0,0.0,3
2021-11-29 00:00:00,2017738.2128784654,1992380.6856854556,-0.01256730284987531,0.0,1992380.6856854556,0.0,-9076.056216894649,0.0,0.0,0,2076.1128359340332,2076.1128359340332,0.0,1
2021-11-30 00:00:00,1992380.6856854556,1987114.8736455094,-0.0026429748480193502,0.0,1987114.8736455094,0.0,-14341.868256840855,0.0,0.0,0,0,0,0.0,1
2021-12-01 00:00:00,1987114.8736455094,1972753.6842899302,-0.007227156087474973,0.0,1972753.6842899302,0.0,-28703.05761242006,0.0,0.0,0,0,0,0.0,1
2021-12-02 00:00:00,1972753.6842899302,1961743.4330302384,-0.00558115863494372,0.0,1961743.4330302384,0.0,-39713.30887211184,0.0,0.0,0,0,0,0.0,1
2021-12-03 00:00:00,1961743.4330302384,1958871.1221141503,-0.001464162370943327,0.0,1958871.1221141503,0.0,-42585.619788199896,0.0,0.0,0,0,0,0.0,1
2021-12-06 00:00:00,1958871.1221141503,1977062.0593578469,0.009286439030283731,0.0,1977062.0593578469,0.0,-24394.68254450336,0.0,0.0,0,0,0,0.0,1
2021-12-07 00:00:00,1977062.0593578469,1973232.4940821598,-0.0019369980105383617,0.0,1973232.4940821598,0.0,-28224.247820190387,0.0,0.0,0,0,0,0.0,1
2021-12-08 00:00:00,1973232.4940821598,1985200.182313881,0.006065016802436148,0.0,1985200.182313881,0.0,-16256.5595884691,0.0,0.0,0,0,0,0.0,1
2021-12-09 00:00:00,1985200.182313881,1979455.560481705,-0.002893724211469887,0.0,1979455.560481705,0.0,-22001.18142064521,0.0,0.0,0,0,0,0.0,1
2021-12-10 00:00:00,1979455.560481705,1975625.995206018,-0.0019346558478711654,0.0,1975625.995206018,0.0,-25830.746696332237,0.0,0.0,0,0,0,0.0,1
2021-12-13 00:00:00,1975625.995206018,1989029.7475895681,0.0067845596363255095,0.0,1989029.7475895681,0.0,-12426.994312782073,0.0,0.0,0,0,0,0.0,1
2021-12-14 00:00:00,1989029.7475895681,1989029.7475895681,0.0,0.0,1989029.7475895681,0.0,-12426.994312782073,0.0,0.0,0,0,0,0.0,1
2021-12-15 00:00:00,1989029.7475895681,1985200.182313881,-0.001925343389322324,0.0,1985200.182313881,0.0,-16256.5595884691,0.0,0.0,0,0,0,0.0,1
2021-12-16 00:00:00,1985200.182313881,1997167.8705456022,0.006028454126863886,0.0,1997167.8705456022,0.0,-4288.8713567480445,0.0,0.0,0,0,0,0.0,1
2021-12-17 00:00:00,1997167.8705456022,2017273.4991209272,0.010067069910268683,0.0,2017273.4991209272,0.0,15816.757218576968,0.0,0.0,0,0,0,0.0,1
2021-12-20 00:00:00,2017273.4991209272,2003869.7467373773,-0.006644489400862561,0.0,2003869.7467373773,0.0,2413.004835027037,0.0,0.0,0,0,0,0.0,1
2021-12-21 00:00:00,2003869.7467373773,1995731.623781343,-0.0040612035633974895,0.0,1995731.623781343,0.0,-5725.1181210072245,0.0,0.0,0,0,0,0.0,1
2021-12-22 00:00:00,1995731.623781343,1987593.6834377393,-0.004077672692375664,0.0,1987593.6834377393,0.0,-13863.05846461095,0.0,0.0,0,0,0,0.0,1
2021-12-23 00:00:00,1987593.6834377393,1995731.623781343,0.0040943681857191026,0.0,1995731.623781343,0.0,-5725.1181210072245,0.0,0.0,0,0,0,0.0,1
2021-12-24 00:00:00,1995731.623781343,1996689.0607533723,0.00047974234642592073,0.0,1996689.0607533723,0.0,-4767.68114897795,0.0,0.0,0,0,0,0.0,1
2021-12-27 00:00:00,1996689.0607533723,1990944.6215336267,-0.0028769823667878142,0.0,1990944.6215336267,0.0,-10512.120368723525,0.0,0.0,0,0,0,0.0,1
2021-12-28 00:00:00,1990944.6215336267,1991902.058505656,0.00048089583289954074,0.0,1991902.058505656,0.0,-9554.68339669425,0.0,0.0,0,0,0,0.0,1
2021-12-29 00:00:00,1991902.058505656,1986636.24646571,-0.0026436099192027724,0.0,1986636.24646571,0.0,-14820.495436640223,0.0,0.0,0,0,0,0.0,1
2021-12-30 00:00:00,1986636.24646571,1973232.4940821598,-0.006746958537274184,0.0,1973232.4940821598,0.0,-28224.247820190387,0.0,0.0,0,0,0,0.0,1
2021-12-31 00:00:00,1973232.4940821598,1985678.8094936805,0.006307576754816215,0.0,1985678.8094936805,0.0,-15777.93240866973,0.0,0.0,0,0,0,0.0,1
2022-01-03 00:00:00,1985678.8094936805,1997646.4977254018,0.006027001030832814,0.0,1997646.4977254018,0.0,-3810.244176948443,0.0,0.0,0,0,0,0.0,1
2022-01-04 00:00:00,1997646.4977254018,1984721.3725216512,-0.0064701763892999154,0.0,1984721.3725216512,0.0,-16735.369380699005,0.0,0.0,0,0,0,0.0,1
2022-01-05 00:00:00,1984721.3725216512,1989508.5573817978,0.0024120185968795884,0.0,1989508.5573817978,0.0,-11948.1845205524,0.0,0.0,0,0,0,0.0,1
2022-01-06 00:00:00,1989508.5573817978,1974189.9310541893,-0.007699703663385022,0.0,1974189.9310541893,0.0,-27266.81084816088,0.0,0.0,0,0,0,0.0,1
2022-01-07 00:00:00,1974189.9310541893,1967009.2450701843,-0.0036372822447587926,0.0,1967009.2450701843,0.0,-34447.49683216587,0.0,0.0,0,0,0,0.0,1
2022-01-10 00:00:00,1967009.2450701843,1966051.808098155,-0.00048674757092720844,0.0,1966051.808098155,0.0,-35404.93380419514,0.0,0.0,0,0,0,0.0,1
2022-01-11 00:00:00,1966051.808098155,1972753.6842899302,0.0034087993837039776,0.0,1972753.6842899302,0.0,-28703.05761242006,0.0,0.0,0,0,0,0.0,1
2022-01-12 00:00:00,1972753.6842899302,1978498.306122106,0.002911981296967436,0.0,1978498.306122106,0.0,-22958.43578024418,0.0,0.0,0,0,0,0.0,1
2022-01-13 00:00:00,1978498.306122106,1982806.4985775927,0.0021775062642993945,0.0,1982806.4985775927,0.0,-18650.243324757554,0.0,0.0,0,0,0,0.0,1
2022-01-14 00:00:00,1982806.4985775927,1988072.3106175386,0.0026557367265658614,0.0,1988072.3106175386,0.0,-13384.43128481158,0.0,0.0,0,0,0,0.0,1
2022-01-17 00:00:00,1988072.3106175386,1988072.3106175386,0.0,0.0,1988072.3106175386,0.0,-13384.43128481158,0.0,0.0,0,0,0,0.0,1
2022-01-18 00:00:00,1988072.3106175386,1987593.6834377393,-0.0002407493818223828,0.0,1987593.6834377393,0.0,-13863.05846461095,0.0,0.0,0,0,0,0.0,1
2022-01-19 00:00:00,1987593.6834377393,1991423.2487134263,0.0019267344767686196,0.0,1991423.2487134263,0.0,-10033.493188923923,0.0,0.0,0,0,0,0.0,1
2022-01-20 00:00:00,1991423.2487134263,2012965.1240530103,0.01081732642897548,0.0,2012965.1240530103,0.0,11508.382150660036,0.0,0.0,0,0,0,0.0,1
2022-01-21 00:00:00,2012965.1240530103,2002912.3097653477,-0.004994033015048785,0.0,2002912.3097653477,0.0,1455.56786299753,0.0,0.0,0,0,0,0.0,1
2022-01-24 00:00:00,2002912.3097653477,2012486.4968732109,0.004780132940011141,0.0,2012486.4968732109,0.0,11029.754970860668,0.0,0.0,0,0,0,0.0,1
2022-01-25 00:00:00,2012486.4968732109,2013443.9338452402,0.00047574827136323094,0.0,2013443.9338452402,0.0,11987.191942889942,0.0,0.0,0,0,0,0.0,1
2022-01-27 00:00:00,2013443.9338452402,2001954.8727933185,-0.005706173814326221,0.0,2001954.8727933185,0.0,498.1308909682557,0.0,0.0,0,0,0,0.0,1
2022-01-28 00:00:00,2001954.8727933185,1983285.3083698223,-0.009325666965432931,0.0,1983285.3083698223,0.0,-18171.43353252788,0.0,0.0,0,0,0,0.0,1
2022-01-31 00:00:00,1983285.3083698223,1974668.5582339887,-0.004344685103786826,0.0,1974668.5582339887,0.0,-26788.18366836151,0.0,0.0,0,0,0,0.0,1
2022-02-01 00:00:00,1974668.5582339887,1989029.7475895681,0.007272708777225441,0.0,1989029.7475895681,0.0,-12426.994312782073,0.0,0.0,0,0,0,0.0,1
2022-02-02 00:00:00,1989029.7475895681,1987114.8736455094,-0.0009627175995629762,0.0,1987114.8736455094,0.0,-14341.868256840855,0.0,0.0,0,0,0,0.0,1
2022-02-03 00:00:00,1987114.8736455094,1989508.5573817978,0.0012046025964754944,0.0,1989508.5573817978,0.0,-11948.1845205524,0.0,0.0,0,0,0,0.0,1
2022-02-04 00:00:00,1989508.5573817978,1991423.2487134263,0.0009623941171422854,0.0,1991423.2487134263,0.0,-10033.493188923923,0.0,0.0,0,0,0,0.0,1
2022-02-07 00:00:00,1991423.2487134263,1992859.4954776855,0.0007212162282363018,0.0,1992859.4954776855,0.0,-8597.246424664743,0.0,0.0,0,0,0,0.0,1
2022-02-08 00:00:00,1992859.4954776855,2001954.8727933185,0.004563983229260651,0.0,2001954.8727933185,0.0,498.1308909682557,0.0,0.0,0,0,0,0.0,1
2022-02-09 00:00:00,2001954.8727933185,2010092.9957493527,0.004065088112939917,0.0,2010092.9957493527,0.0,8636.253847002517,0.0,0.0,0,0,0,0.0,1
2022-02-10 00:00:00,2010092.9957493527,2018709.563272756,0.004286651185604034,0.0,2018709.563272756,0.0,17252.821370405843,0.0,0.0,0,0,0,0.0,1
2022-02-11 00:00:00,2018709.563272756,2019667.0002447853,0.000474281684422729,0.0,2019667.0002447853,0.0,18210.258342435118,0.0,0.0,0,0,0,0.0,1
2022-02-14 00:00:00,2019667.0002447853,2056527.501911978,0.018250781768838698,0.0,2056527.501911978,0.0,55070.76000962779,0.0,0.0,0,0,0,0.0,1
2022-02-15 00:00:00,2056527.501911978,2045038.6234724869,-0.005586542571791431,0.0,2045038.6234724869,0.0,43581.88157013664,0.0,0.0,0,0,0,0.0,1
2022-02-16 00:00:00,2045038.6234724869,2041208.8755843695,-0.0018727019842854592,0.0,2041208.8755843695,0.0,39752.13368201931,0.0,0.0,0,0,0,0.0,1
2022-02-17 00:00:00,2041208.8755843695,2077111.940279533,0.017589118450645994,0.0,2077111.940279533,0.0,75655.1983771827,0.0,0.0,0,0,0,0.0,1
2022-02-18 00:00:00,2077111.940279533,2067059.1259918704,-0.004839803812552164,0.0,2067059.1259918704,0.0,65602.3840895202,0.0,0.0,0,0,0,0.0,1
2022-02-21 00:00:00,2067059.1259918704,2063229.378103753,-0.0018527519798349455,0.0,2063229.378103753,0.0,61772.63620140287,0.0,0.0,0,0,0,0.0,1
2022-02-22 00:00:00,2063229.378103753,2076633.3130997333,0.006496580137056479,0.0,2076633.3130997333,0.0,75176.5711973831,0.0,0.0,0,0,0,0.0,1
2022-02-23 00:00:00,2076633.3130997333,2062750.7509239535,-0.006685129285081976,0.0,2062750.7509239535,0.0,61294.00902160327,0.0,0.0,0,0,0,0.0,1
2022-02-24 00:00:00,2062750.7509239535,2135992.9444661094,0.03550704975351435,0.0,2135992.9444661094,0.0,134536.20256375917,0.0,0.0,0,0,0,0.0,1
2022-02-25 00:00:00,2135992.9444661094,2088122.1915392247,-0.022411475211520402,0.0,2088122.1915392247,0.0,86665.44963687449,0.0,0.0,0,0,0,0.0,1
2022-02-28 00:00:00,2088122.1915392247,2086686.1273873958,-0.0006877299411153256,0.0,2086686.1273873958,0.0,85229.38548504561,0.0,0.0,0,0,0,0.0,1
2022-03-02 00:00:00,2086686.1273873958,2124982.6932064174,0.018352815651757934,0.0,2124982.6932064174,0.0,123525.95130406716,0.0,0.0,0,0,0,0.0,1
2022-03-03 00:00:00,2124982.6932064174,2125461.5029986473,0.00022532409029055322,0.0,2125461.5029986473,0.0,124004.76109629706,0.0,0.0,0,0,0,0.0,1
2022-03-04 00:00:00,2125461.5029986473,2137429.1912303683,0.005630630437124728,0.0,2137429.1912303683,0.0,135972.44932801812,0.0,0.0,0,0,0,0.0,1
2022-03-07 00:00:00,2137429.1912303683,2202054.6346366904,0.030235127166538648,0.0,2202054.6346366904,0.0,200597.89273434016,0.0,0.0,0,0,0,0.0,1
2022-03-08 00:00:00,2202054.6346366904,2198703.696540803,-0.00152173249617853,0.0,2198703.696540803,0.0,197246.95463845297,0.0,0.0,0,0,0,0.0,1
2022-03-09 00:00:00,2198703.696540803,2185778.5713370526,-0.005878520704761411,0.0,2185778.5713370526,0.0,184321.8294347024,0.0,0.0,0,0,0,0.0,1
2022-03-10 00:00:00,2185778.5713370526,2144609.694601943,-0.018834879834111747,0.0,2144609.694601943,0.0,143152.95269959257,0.0,0.0,0,0,0,0.0,1
2022-03-11 00:00:00,2144609.694601943,2167587.634093356,0.010714275678809688,0.0,2167587.634093356,0.0,166130.89219100564,0.0,0.0,0,0,0,0.0,1
2022-03-14 00:00:00,2167587.634093356,2136950.3814381384,-0.014134262519924445,0.0,2136950.3814381384,0.0,135493.6395357882,0.0,0.0,0,0,0,0.0,1
2022-03-15 00:00:00,2136950.3814381384,2122110.5649027596,-0.006944389848393117,0.0,2122110.5649027596,0.0,120653.82300040941,0.0,0.0,0,0,0,0.0,1
2022-03-16 00:00:00,2122110.5649027596,2117323.380042613,-0.002255860245606932,0.0,2117323.380042613,0.0,115866.6381402628,0.0,0.0,0,0,0,0.0,1
2022-03-17 00:00:00,2117323.380042613,2117323.380042613,0.0,0.0,2117323.380042613,0.0,115866.6381402628,0.0,0.0,0,0,0,0.0,1
2022-03-21 00:00:00,2117323.380042613,2113015.0049746963,-0.002034821467767474,0.0,2113015.0049746963,0.0,111558.2630723461,0.0,0.0,0,0,0,0.0,1
2022-03-22 00:00:00,2113015.0049746963,2121631.75511053,0.004077940817053994,0.0,2121631.75511053,0.0,120175.01320817997,0.0,0.0,0,0,0,0.0,1
2022-03-23 00:00:00,2121631.75511053,2126418.7573582465,0.0022562832763911534,0.0,2126418.7573582465,0.0,124962.01545589627,0.0,0.0,0,0,0,0.0,1
2022-03-24 00:00:00,2126418.7573582465,2134078.253134481,0.003602063680885897,0.0,2134078.253134481,0.0,132621.51123213093,0.0,0.0,0,0,0,0.0,1
2022-03-25 00:00:00,2134078.253134481,2144131.067422143,0.0047106118404499535,0.0,2144131.067422143,0.0,142674.32551979297,0.0,0.0,0,0,0,0.0,1
2022-03-28 00:00:00,2144131.067422143,2129769.878066564,-0.006697906473061579,0.0,2129769.878066564,0.0,128313.13616421376,0.0,0.0,0,0,0,0.0,1
2022-03-29 00:00:00,2129769.878066564,2114929.878918755,-0.006967888550138138,0.0,2114929.878918755,0.0,113473.13701640465,0.0,0.0,0,0,0,0.0,1
2022-03-30 00:00:00,2114929.878918755,2111578.9408228677,-0.0015844204241893536,0.0,2111578.9408228677,0.0,110122.19892051746,0.0,0.0,0,0,0,0.0,1
2022-03-31 00:00:00,2111578.9408228677,2112057.568002667,0.00022666790738716975,0.0,2112057.568002667,0.0,110600.8261003166,0.0,0.0,0,0,0,0.0,1
2022-04-01 00:00:00,2112057.568002667,2133599.4433422512,0.01019947356830627,0.0,2133599.4433422512,0.0,132142.70143990102,0.0,0.0,0,0,0,0.0,1
2022-04-04 00:00:00,2133599.4433422512,2116844.7528628134,-0.007852781613587156,0.0,2116844.7528628134,0.0,115388.0109604632,0.0,0.0,0,0,0,0.0,1
2022-04-05 00:00:00,2116844.7528628134,2121153.1279307306,0.002035281549150231,0.0,2121153.1279307306,0.0,119696.38602838037,0.0,0.0,0,0,0,0.0,1
2022-04-06 00:00:00,2121153.1279307306,2129769.878066564,0.004062295183865099,0.0,2129769.878066564,0.0,128313.13616421376,0.0,0.0,0,0,0,0.0,1
2022-04-07 00:00:00,2129769.878066564,2136950.3814381384,0.003371492594351562,0.0,2136950.3814381384,0.0,135493.6395357882,0.0,0.0,0,0,0,0.0,1
2022-04-08 00:00:00,2136950.3814381384,2137907.818410168,0.00044803893452367627,0.0,2137907.818410168,0.0,136451.07650781772,0.0,0.0,0,0,0,0.0,1
2022-04-11 00:00:00,2137907.818410168,2164715.505789698,0.012539215745730989,0.0,2164715.505789698,0.0,163258.7638873479,0.0,0.0,0,0,0,0.0,1
2022-04-12 00:00:00,2164715.505789698,2163758.068817669,-0.0004422922871242446,0.0,2163758.068817669,0.0,162301.32691531884,0.0,0.0,0,0,0,0.0,1
2022-04-13 00:00:00,2163758.068817669,2189129.50943294,0.011725636512188414,0.0,2189129.50943294,0.0,187672.7675305896,0.0,0.0,0,0,0,0.0,1
2022-04-18 00:00:00,2189129.50943294,2211150.011952324,0.010059022284656013,0.0,2211150.011952324,0.0,209693.27004997362,0.0,0.0,0,0,0,0.0,1
2022-04-19 00:00:00,2211150.011952324,2201097.1976646613,-0.004546418937350354,0.0,2201097.1976646613,0.0,199640.45576231112,0.0,0.0,0,0,0,0.0,1
2022-04-20 00:00:00,2201097.1976646613,2164715.505789698,-0.016528889280111658,0.0,2164715.505789698,0.0,163258.7638873479,0.0,0.0,0,0,0,0.0,1
2022-04-21 00:00:00,2164715.505789698,2164236.695997468,-0.00022118832287628196,0.0,2164236.695997468,0.0,162779.95409511798,0.0,0.0,0,0,0,0.0,1
2022-04-22 00:00:00,2164236.695997468,2169981.3178296443,0.0026543408319432875,0.0,2169981.3178296443,0.0,168524.5759272941,0.0,0.0,0,0,0,0.0,1
2022-04-25 00:00:00,2169981.3178296443,2149396.8794620894,-0.009485997966168164,0.0,2149396.8794620894,0.0,147940.13755973917,0.0,0.0,0,0,0,0.0,1
2022-04-26 00:00:00,2149396.8794620894,2136950.3814381384,-0.005790693260458178,0.0,2136950.3814381384,0.0,135493.6395357882,0.0,0.0,0,0,0,0.0,1
2022-04-27 00:00:00,2136950.3814381384,2126897.567150476,-0.004704280630464194,0.0,2126897.567150476,0.0,125440.82524812571,0.0,0.0,0,0,0,0.0,1
2022-04-28 00:00:00,2126897.567150476,2122110.5649027596,-0.002250697128837152,0.0,2122110.5649027596,0.0,120653.82300040941,0.0,0.0,0,0,0,0.0,1
2022-04-29 00:00:00,2122110.5649027596,2144131.067422143,0.01037669897298334,0.0,2144131.067422143,0.0,142674.32551979297,0.0,0.0,0,0,0,0.0,1
2022-05-02 00:00:00,2144131.067422143,2113972.441946726,-0.014065663211380367,0.0,2113972.441946726,0.0,112515.70004437561,0.0,0.0,0,0,0,0.0,1
2022-05-04 00:00:00,2113972.441946726,2105355.691810892,-0.00407609388128959,0.0,2105355.691810892,0.0,103898.94990854175,0.0,0.0,0,0,0,0.0,1
2022-05-05 00:00:00,2105355.691810892,2132163.379190422,0.01273309183992179,0.0,2132163.379190422,0.0,130706.63728807191,0.0,0.0,0,0,0,0.0,1
2022-05-06 00:00:00,2132163.379190422,2132642.0063702217,0.00022447959873569124,0.0,2132642.0063702217,0.0,131185.26446787152,0.0,0.0,0,0,0,0.0,1
2022-05-09 00:00:00,2132642.0063702217,2126418.7573582465,-0.0029180936103604563,0.0,2126418.7573582465,0.0,124962.01545589627,0.0,0.0,0,0,0,0.0,1
2022-05-10 00:00:00,2126418.7573582465,2118759.444194442,-0.0036019778029610186,0.0,2118759.444194442,0.0,117302.70229209191,0.0,0.0,0,0,0,0.0,1
2022-05-11 00:00:00,2118759.444194442,2109185.4396990095,-0.004518684044885832,0.0,2109185.4396990095,0.0,107728.69779665931,0.0,0.0,0,0,0,0.0,1
2022-05-12 00:00:00,2109185.4396990095,2107270.5657549505,-0.0009078736786331484,0.0,2107270.5657549505,0.0,105813.8238526003,0.0,0.0,0,0,0,0.0,1
2022-05-13 00:00:00,2107270.5657549505,2078548.0044313618,-0.013630219958630976,0.0,2078548.0044313618,0.0,77091.26252901158,0.0,0.0,0,0,0,0.0,1
2022-05-16 00:00:00,2078548.0044313618,2065144.2520478116,-0.006448613337278727,0.0,2065144.2520478116,0.0,63687.51014546142,0.0,0.0,0,0,0,0.0,1
2022-05-17 00:00:00,2065144.2520478116,2084292.6262635377,0.009272172729211714,0.0,2084292.6262635377,0.0,82835.88436118746,0.0,0.0,0,0,0,0.0,1
2022-05-18 00:00:00,2084292.6262635377,2077111.940279533,-0.0034451429197239936,0.0,2077111.940279533,0.0,75655.1983771827,0.0,0.0,0,0,0,0.0,1
2022-05-19 00:00:00,2077111.940279533,2086686.1273873958,0.004609374642839149,0.0,2086686.1273873958,0.0,85229.38548504561,0.0,0.0,0,0,0,0.0,1
2022-05-20 00:00:00,2086686.1273873958,2102483.380894804,0.007570498169356594,0.0,2102483.380894804,0.0,101026.63899245369,0.0,0.0,0,0,0,0.0,1
2022-05-23 00:00:00,2102483.380894804,2118280.8170146425,0.0075137032061177705,0.0,2118280.8170146425,0.0,116824.07511229231,0.0,0.0,0,0,0,0.0,1
2022-05-24 00:00:00,2118280.8170146425,2109664.0668788087,-0.004067803506797418,0.0,2109664.0668788087,0.0,108207.32497645845,0.0,0.0,0,0,0,0.0,1
2022-05-25 00:00:00,2109664.0668788087,2112057.568002667,0.0011345413525477878,0.0,2112057.568002667,0.0,110600.8261003166,0.0,0.0,0,0,0,0.0,1
2022-05-26 00:00:00,2112057.568002667,2100089.8797709458,-0.0056663645977409,0.0,2100089.8797709458,0.0,98633.13786859554,0.0,0.0,0,0,0,0.0,1
2022-05-27 00:00:00,2100089.8797709458,2110142.8766710386,0.004786936500636477,0.0,2110142.8766710386,0.0,108686.13476868835,0.0,0.0,0,0,0,0.0,1
2022-05-30 00:00:00,2110142.8766710386,2105355.691810892,-0.002268654370787853,0.0,2105355.691810892,0.0,103898.94990854175,0.0,0.0,0,0,0,0.0,1
2022-05-31 00:00:00,2105355.691810892,2103919.6276590633,-0.0006821004913395098,0.0,2103919.6276590633,0.0,102462.8857567131,0.0,0.0,0,0,0,0.0,1
2022-06-01 00:00:00,2103919.6276590633,2083335.1892915084,-0.009783852052589241,0.0,2083335.1892915084,0.0,81878.44738915819,0.0,0.0,0,0,0,0.0,1
2022-06-02 00:00:00,2083335.1892915084,2105355.691810892,0.01056983179306456,0.0,2105355.691810892,0.0,103898.94990854175,0.0,0.0,0,0,0,0.0,1
2022-06-03 00:00:00,2105355.691810892,2113493.814766926,0.003865438504139113,0.0,2113493.814766926,0.0,112037.07286457601,0.0,0.0,0,0,0,0.0,1
2022-06-06 00:00:00,2113493.814766926,2106313.1287829215,-0.0033975429375915312,0.0,2106313.1287829215,0.0,104856.38688057126,0.0,0.0,0,0,0,0.0,1
2022-06-07 00:00:00,2106313.1287829215,2099611.252591146,-0.0031818043101919137,0.0,2099611.252591146,0.0,98154.51068879594,0.0,0.0,0,0,0,0.0,1
2022-06-08 00:00:00,2099611.252591146,2100568.6895631757,0.0004560067826117463,0.0,2100568.6895631757,0.0,99111.94766082545,0.0,0.0,0,0,0,0.0,1
2022-06-09 00:00:00,2100568.6895631757,2103919.6276590633,0.0015952528058411184,0.0,2103919.6276590633,0.0,102462.8857567131,0.0,0.0,0,0,0,0.0,1
2022-06-10 00:00:00,2103919.6276590633,2097217.751467288,-0.0031854240550206712,0.0,2097217.751467288,0.0,95761.00956493779,0.0,0.0,0,0,0,0.0,1
2022-06-13 00:00:00,2097217.751467288,2115408.5060985545,0.008673755797908713,0.0,2115408.5060985545,0.0,113951.76419620425,0.0,0.0,0,0,0,0.0,1
2022-06-14 00:00:00,2115408.5060985545,2085728.6904153666,-0.014030299867672541,0.0,2085728.6904153666,0.0,84271.94851301634,0.0,0.0,0,0,0,0.0,1
2022-06-15 00:00:00,2085728.6904153666,2087643.564359425,0.0009180839065301477,0.0,2087643.564359425,0.0,86186.82245707489,0.0,0.0,0,0,0,0.0,1
2022-06-16 00:00:00,2087643.564359425,2092909.3763993713,0.0025223712178865042,0.0,2092909.3763993713,0.0,91452.63449702109,0.0,0.0,0,0,0,0.0,1
2022-06-17 00:00:00,2092909.3763993713,2110142.8766710386,0.008234231479872135,0.0,2110142.8766710386,0.0,108686.13476868835,0.0,0.0,0,0,0,0.0,1
2022-06-20 00:00:00,2110142.8766710386,2097696.3786470876,-0.005898414823732958,0.0,2097696.3786470876,0.0,96239.63674473739,0.0,0.0,0,0,0,0.0,1
2022-06-21 00:00:00,2097696.3786470876,2095781.504703029,-0.0009128460932432698,0.0,2095781.504703029,0.0,94324.76280067884,0.0,0.0,0,0,0,0.0,1
2022-06-22 00:00:00,2095781.504703029,2090994.5024553128,-0.0022841132231456616,0.0,2090994.5024553128,0.0,89537.76055296254,0.0,0.0,0,0,0,0.0,1
2022-06-23 00:00:00,2090994.5024553128,2094824.0677309998,0.0018314564056434522,0.0,2094824.0677309998,0.0,93367.32582864957,0.0,0.0,0,0,0,0.0,1
2022-06-24 00:00:00,2094824.0677309998,2090037.0654832833,-0.0022851571745122995,0.0,2090037.0654832833,0.0,88580.32358093304,0.0,0.0,0,0,0,0.0,1
2022-06-27 00:00:00,2090037.0654832833,2100089.8797709458,0.0048098736877367175,0.0,2100089.8797709458,0.0,98633.13786859554,0.0,0.0,0,0,0,0.0,1
2022-06-28 00:00:00,2100089.8797709458,2096738.9416750583,-0.0015956165153526226,0.0,2096738.9416750583,0.0,95282.19977270812,0.0,0.0,0,0,0,0.0,1
2022-06-29 00:00:00,2096738.9416750583,2094824.0677309998,-0.0009132629274910018,0.0,2094824.0677309998,0.0,93367.32582864957,0.0,0.0,0,0,0,0.0,1
2022-06-30 00:00:00,2094824.0677309998,2094824.0677309998,0.0,0.0,2094824.0677309998,0.0,93367.32582864957,0.0,0.0,0,0,0,0.0,1
2022-07-01 00:00:00,2094824.0677309998,2123546.6290545887,0.01371120456654848,0.0,2123546.6290545887,0.0,122089.88715223852,0.0,0.0,0,0,0,0.0,1
2022-07-04 00:00:00,2123546.6290545887,2138865.2553821974,0.007213699062699002,0.0,2138865.2553821974,0.0,137408.51347984723,0.0,0.0,0,0,0,0.0,1
2022-07-05 00:00:00,2138865.2553821974,2144609.694601943,0.002685741518915299,0.0,2144609.694601943,0.0,143152.95269959257,0.0,0.0,0,0,0,0.0,1
2022-07-06 00:00:00,2144609.694601943,2114451.069126525,-0.014062524081341296,0.0,2114451.069126525,0.0,112994.32722417475,0.0,0.0,0,0,0,0.0,1
2022-07-07 00:00:00,2114451.069126525,2086686.1273873958,-0.01313104008152753,0.0,2086686.1273873958,0.0,85229.38548504561,0.0,0.0,0,0,0,0.0,1
2022-07-08 00:00:00,2086686.1273873958,2085728.6904153666,-0.0004588313304349318,0.0,2085728.6904153666,0.0,84271.94851301634,0.0,0.0,0,0,0,0.0,1
2022-07-11 00:00:00,2085728.6904153666,2085250.063235567,-0.00022947719998246,0.0,2085250.063235567,0.0,83793.32133321674,0.0,0.0,0,0,0,0.0,1
2022-07-12 00:00:00,2085250.063235567,2088122.1915392247,0.0013773543779210964,0.0,2088122.1915392247,0.0,86665.44963687449,0.0,0.0,0,0,0,0.0,1
2022-07-13 00:00:00,2088122.1915392247,2079505.441403391,-0.004126554552577182,0.0,2079505.441403391,0.0,78048.69950104086,0.0,0.0,0,0,0,0.0,1
2022-07-14 00:00:00,2079505.441403391,2072803.565211616,-0.0032228221471987117,0.0,2072803.565211616,0.0,71346.82330926578,0.0,0.0,0,0,0,0.0,1
2022-07-15 00:00:00,2072803.565211616,2063708.187895983,-0.004387959123711965,0.0,2063708.187895983,0.0,62251.44599363278,0.0,0.0,0,0,0,0.0,1
2022-07-18 00:00:00,2063708.187895983,2084771.2534433373,0.010206416619797763,0.0,2084771.2534433373,0.0,83314.51154098706,0.0,0.0,0,0,0,0.0,1
2022-07-19 00:00:00,2084771.2534433373,2077111.940279533,-0.0036739345629184786,0.0,2077111.940279533,0.0,75655.1983771827,0.0,0.0,0,0,0,0.0,1
2022-07-20 00:00:00,2077111.940279533,2077111.940279533,0.0,0.0,2077111.940279533,0.0,75655.1983771827,0.0,0.0,0,0,0,0.0,1
2022-07-21 00:00:00,2077111.940279533,2059878.4400078657,-0.008296856773808741,0.0,2059878.4400078657,0.0,58421.69810551545,0.0,0.0,0,0,0,0.0,1
2022-07-22 00:00:00,2059878.4400078657,2091473.1296351121,0.01533813307309815,0.0,2091473.1296351121,0.0,90016.38773276191,0.0,0.0,0,0,0,0.0,1
2022-07-25 00:00:00,2091473.1296351121,2087164.7545671954,-0.0020599715133171985,0.0,2087164.7545671954,0.0,85708.01266484521,0.0,0.0,0,0,0,0.0,1
2022-07-26 00:00:00,2087164.7545671954,2080462.8783754203,-0.0032109952877988376,0.0,2080462.8783754203,0.0,79006.13647307013,0.0,0.0,0,0,0,0.0,1
2022-07-27 00:00:00,2080462.8783754203,2085728.6904153666,0.002531077143783571,0.0,2085728.6904153666,0.0,84271.94851301634,0.0,0.0,0,0,0,0.0,1
2022-07-28 00:00:00,2085728.6904153666,2107270.5657549505,0.010328225065213999,0.0,2107270.5657549505,0.0,105813.8238526003,0.0,0.0,0,0,0,0.0,1
2022-07-29 00:00:00,2107270.5657549505,2109185.4396990095,0.0009086986622303965,0.0,2109185.4396990095,0.0,107728.69779665931,0.0,0.0,0,0,0,0.0,1
2022-08-01 00:00:00,2109185.4396990095,2119017.0810070327,0.004661345144420373,0.0,2119017.0810070327,0.0,-6154.670798896928,0.0,0.0,0,2204.4425243460846,2204.4425243460846,0.0,3
2022-08-02 00:00:00,2119017.0810070327,2138331.006297749,0.009114568006001009,0.0,2138331.006297749,0.0,26273.934575414984,0.0,0.0,0,0,0,0.0,3
2022-08-03 00:00:00,2138331.006297749,2109088.9601589865,-0.01367517285800921,0.0,2109088.9601589865,0.0,-30164.755925681093,0.0,0.0,0,0,0,0.0,3
2022-08-04 00:00:00,2109088.9601589865,2093498.3959269377,-0.007392084699392467,0.0,2093498.3959269377,0.0,-23155.9617373239,0.0,0.0,0,0,0,0.0,3
2022-08-05 00:00:00,2093498.3959269377,2090158.9634601362,-0.001595144507059863,0.0,2090158.9634601362,0.0,-9847.698372517363,0.0,0.0,0,0,0,0.0,3
2022-08-08 00:00:00,2090158.9634601362,2127960.4159420994,0.01808544380729067,0.0,2127960.4159420994,0.0,32473.851888256264,0.0,0.0,0,0,0,0.0,3
2022-08-10 00:00:00,2127960.4159420994,2164089.7841279577,0.016978402377782437,0.0,2164089.7841279577,0.0,-2076.093073165859,0.0,0.0,0,0,0,0.0,3
2022-08-11 00:00:00,2164089.7841279577,2182173.91248029,0.008356459369184435,0.0,2182173.91248029,0.0,-42215.28353017592,0.0,0.0,0,0,0,0.0,3
2022-08-12 00:00:00,2182173.91248029,2204726.900387209,0.010335101055847933,0.0,2204726.900387209,0.0,12557.11537076265,0.0,0.0,0,0,0,0.0,3
2022-08-16 00:00:00,2204726.900387209,2264218.1473460454,0.026983499384158734,0.0,2264218.1473460454,0.0,42556.93174675084,0.0,0.0,0,0,0,0.0,3
2022-08-17 00:00:00,2264218.1473460454,2271350.5540880463,0.0031500528119876832,0.0,2271350.5540880463,0.0,2027.152278445661,0.0,0.0,0,0,0,0.0,3
2022-08-18 00:00:00,2271350.5540880463,2275201.45948156,0.001695425387588399,0.0,2275201.45948156,0.0,6601.860223220778,0.0,0.0,0,0,0,0.0,3
2022-08-19 00:00:00,2275201.45948156,2262027.619033015,-0.005790186356309368,0.0,2262027.619033015,0.0,-16453.366722258623,0.0,0.0,0,0,0,0.0,3
2022-08-22 00:00:00,2262027.619033015,2247125.522653156,-0.006587937412642797,0.0,2247125.522653156,0.0,-936.7444096595282,0.0,0.0,0,0,0,0.0,3
2022-08-23 00:00:00,2247125.522653156,2285357.6213458613,0.017013779740957764,0.0,2285357.6213458613,0.0,49466.20070895704,0.0,0.0,0,0,0,0.0,3
2022-08-24 00:00:00,2285357.6213458613,2334438.3934042775,0.02147618893427812,0.0,2334438.3934042775,0.0,50920.99293514842,0.0,0.0,0,0,0,0.0,3
2022-08-25 00:00:00,2334438.3934042775,2367347.497322444,0.014097225273173947,0.0,2367347.497322444,0.0,34450.015936134965,0.0,0.0,0,0,0,0.0,3
2022-08-26 00:00:00,2367347.497322444,2362225.758928978,-0.002163492431617606,0.0,2362225.758928978,0.0,-6782.440779782599,0.0,0.0,0,0,0,0.0,3
2022-08-29 00:00:00,2362225.758928978,2356529.1219069315,-0.0024115548653695154,0.0,2356529.1219069315,0.0,46207.91122739087,0.0,0.0,0,0,0,0.0,3
2022-08-30 00:00:00,2356529.1219069315,2403182.1547936383,0.019797350456231395,0.0,2403182.1547936383,0.0,34525.132240051404,0.0,0.0,0,0,0,0.0,3
2022-09-01 00:00:00,2403182.1547936383,2436440.2120424723,0.013839174522203429,0.0,2436440.2120424723,0.0,63769.45313996391,0.0,0.0,0,0,0,0.0,3
2022-09-02 00:00:00,2436440.2120424723,2426495.981526812,-0.00408145887040831,0.0,2426495.981526812,0.0,-17798.3695394299,0.0,0.0,0,0,0,0.0,3
2022-09-05 00:00:00,2426495.981526812,2408762.051667105,-0.007308452185669188,0.0,2408762.051667105,0.0,-20456.705083706183,0.0,0.0,0,0,0,0.0,3
2022-09-06 00:00:00,2408762.051667105,2433515.8159104586,0.010276550241324806,0.0,2433515.8159104586,0.0,11006.396475723013,0.0,0.0,0,0,0,0.0,3
2022-09-07 00:00:00,2433515.8159104586,2434817.3787257276,0.0005348487183684204,0.0,2434817.3787257276,0.0,14678.322182761854,0.0,0.0,0,0,0,0.0,3
2022-09-08 00:00:00,2434817.3787257276,2438408.0100920526,0.0014747025373230453,0.0,2438408.0100920526,0.0,-12656.054410529672,0.0,0.0,0,0,0,0.0,3
2022-09-09 00:00:00,2438408.0100920526,2452217.9134375188,0.0056634916258107215,0.0,2452217.9134375188,0.0,-1382.3294382535387,0.0,0.0,0,0,0,0.0,3
2022-09-12 00:00:00,2452217.9134375188,2450550.892471598,-0.0006798013165085852,0.0,2450550.892471598,0.0,-11147.932569129043,0.0,0.0,0,0,0,0.0,3
2022-09-13 00:00:00,2450550.892471598,2453536.0956712114,0.0012181763736408393,0.0,2453536.0956712114,0.0,-12580.46034540201,0.0,0.0,0,0,0,0.0,3
2022-09-14 00:00:00,2453536.0956712114,2442163.619289987,-0.004635137180695695,0.0,2442163.619289987,0.0,21163.772623102763,0.0,0.0,0,0,0,0.0,3
2022-09-15 00:00:00,2442163.619289987,2470493.4533674642,0.011600301410481998,0.0,2470493.4533674642,0.0,13149.585009909584,0.0,0.0,0,0,0,0.0,3
2022-09-16 00:00:00,2470493.4533674642,2412797.331960328,-0.023354087956999954,0.0,2412797.331960328,0.0,-61083.74049887131,0.0,0.0,0,0,0,0.0,3
2022-09-19 00:00:00,2412797.331960328,2412599.8259071517,-8.185770539449947e-05,0.0,2412599.8259071517,0.0,-2101.7696471789386,0.0,0.0,0,0,0,0.0,3
2022-09-20 00:00:00,2412599.8259071517,2438342.8985964702,0.010670262184752923,0.0,2438342.8985964702,0.0,7343.909180465038,0.0,0.0,0,0,0,0.0,3
2022-09-21 00:00:00,2438342.8985964702,2431936.1742118127,-0.0026274911491510626,0.0,2431936.1742118127,0.0,-11462.130716323736,0.0,0.0,0,0,0,0.0,3
2022-09-22 00:00:00,2431936.1742118127,2435747.8286313023,0.0015673332466157434,0.0,2435747.8286313023,0.0,7967.510218115989,0.0,0.0,0,0,0,0.0,3
2022-09-23 00:00:00,2435747.8286313023,2402743.8883608966,-0.01354981820468309,0.0,2402743.8883608966,0.0,-36873.46688334935,0.0,0.0,0,0,0,0.0,3
2022-09-26 00:00:00,2402743.8883608966,2306759.157773322,-0.03994796576219927,0.0,2306759.157773322,0.0,-85312.27806741337,0.0,0.0,0,0,0,0.0,3
2022-09-27 00:00:00,2306759.157773322,2321831.8924362985,0.006534160539553706,0.0,2321831.8924362985,0.0,7224.374790202477,0.0,0.0,0,0,0,0.0,3
2022-09-28 00:00:00,2321831.8924362985,2318650.1976092937,-0.0013703381529772377,0.0,2318650.1976092937,0.0,15243.651322066202,0.0,0.0,0,0,0,0.0,3
2022-09-29 00:00:00,2318650.1976092937,2324671.96616204,0.002597100916280974,0.0,2324671.96616204,0.0,-11959.604913361021,0.0,0.0,0,0,0,0.0,3
2022-09-30 00:00:00,2324671.96616204,2353755.0242428565,0.012510607304664948,0.0,2353755.0242428565,0.0,27346.590210557333,0.0,0.0,0,0,0,0.0,3
2022-10-03 00:00:00,2353755.0242428565,2356156.3682356756,0.0010202183184256951,0.0,2356156.3682356756,0.0,-19202.625041911844,0.0,0.0,0,2463.961969623997,2463.961969623997,0.0,1
2022-10-04 00:00:00,2356156.3682356756,2405857.387380521,0.021094108954263526,0.0,2405857.387380521,0.0,30498.39410293335,0.0,0.0,0,0,0,0.0,1
2022-10-06 00:00:00,2405857.387380521,2418419.160533013,0.005221329085581906,0.0,2418419.160533013,0.0,43060.16725542536,0.0,0.0,0,0,0,0.0,1
2022-10-07 00:00:00,2418419.160533013,2429888.7867552587,0.0047426130297933905,0.0,2429888.7867552587,0.0,54529.79347767122,0.0,0.0,0,0,0,0.0,1
2022-10-10 00:00:00,2429888.7867552587,2388380.1196600567,-0.017082537818790645,0.0,2388380.1196600567,0.0,13021.1263824692,0.0,0.0,0,0,0,0.0,1
2022-10-11 00:00:00,2388380.1196600567,2371448.9254047154,-0.0070889864289069545,0.0,2371448.9254047154,0.0,-3910.0678728721105,0.0,0.0,0,0,0,0.0,1
2022-10-12 00:00:00,2371448.9254047154,2380733.8410755363,0.003915292280324527,0.0,2380733.8410755363,0.0,5374.847797948867,0.0,0.0,0,0,0,0.0,1
2022-10-13 00:00:00,2380733.8410755363,2386195.4091086322,0.002294069139046875,0.0,2386195.4091086322,0.0,10836.415831044782,0.0,0.0,0,0,0,0.0,1
2022-10-14 00:00:00,2386195.4091086322,2362710.291544483,-0.009842076417757467,0.0,2362710.291544483,0.0,-12648.701733104419,0.0,0.0,0,0,0,0.0,1
2022-10-17 00:00:00,2362710.291544483,2361618.1446142364,-0.0004622432695854078,0.0,2361618.1446142364,0.0,-13740.848663351033,0.0,0.0,0,0,0,0.0,1
2022-10-18 00:00:00,2361618.1446142364,2355064.012959963,-0.0027752715523549857,0.0,2355064.012959963,0.0,-20294.980317624286,0.0,0.0,0,0,0,0.0,1
2022-10-19 00:00:00,2355064.012959963,2358887.1522522233,0.001623369586228381,0.0,2358887.1522522233,0.0,-16471.84102536412,0.0,0.0,0,0,0,0.0,1
2022-10-20 00:00:00,2358887.1522522233,2350694.80020258,-0.0034729732797184735,0.0,2350694.80020258,0.0,-24664.193075007293,0.0,0.0,0,0,0,0.0,1
2022-10-21 00:00:00,2350694.80020258,2333763.605947239,-0.007202633984591364,0.0,2333763.605947239,0.0,-41595.3873303486,0.0,0.0,0,0,0,0.0,1
2022-10-24 00:00:00,2333763.605947239,2374725.991231852,0.017552071332429295,0.0,2374725.991231852,0.0,-633.0020457352512,0.0,0.0,0,0,0,0.0,1
2022-10-25 00:00:00,2374725.991231852,2357794.796976511,-0.007129746470900635,0.0,2357794.796976511,0.0,-17564.19630107656,0.0,0.0,0,0,0,0.0,1
2022-10-27 00:00:00,2357794.796976511,2373633.63595614,0.006717649474814182,0.0,2373633.63595614,0.0,-1725.3573214476928,0.0,0.0,0,0,0,0.0,1
2022-10-28 00:00:00,2373633.63595614,2363802.6468201955,-0.004141746639844946,0.0,2363802.6468201955,0.0,-11556.346457391977,0.0,0.0,0,0,0,0.0,1
2022-10-31 00:00:00,2363802.6468201955,2361071.8628036478,-0.0011552504267736544,0.0,2361071.8628036478,0.0,-14287.130473939702,0.0,0.0,0,0,0,0.0,1
2022-11-01 00:00:00,2361071.8628036478,2365441.2839064966,0.00185060911177027,0.0,2365441.2839064966,0.0,-9917.709371090867,0.0,0.0,0,0,0,0.0,1
2022-11-02 00:00:00,2365441.2839064966,2375818.346507564,0.004386945755816861,0.0,2375818.346507564,0.0,459.35322997672483,0.0,0.0,0,0,0,0.0,1
2022-11-03 00:00:00,2375818.346507564,2348510.0896511553,-0.011494252873563269,0.0,2348510.0896511553,0.0,-26848.903626432177,0.0,0.0,0,0,0,0.0,1
2022-11-04 00:00:00,2348510.0896511553,2364348.928630784,0.006744207337845225,0.0,2364348.928630784,0.0,-11010.064646803308,0.0,0.0,0,0,0,0.0,1
2022-11-07 00:00:00,2364348.928630784,2388926.4014706453,0.010395027799088104,0.0,2388926.4014706453,0.0,13567.408193057869,0.0,0.0,0,0,0,0.0,1
2022-11-09 00:00:00,2388926.4014706453,2401488.1746231373,0.005258334097173887,0.0,2401488.1746231373,0.0,26129.181345549878,0.0,0.0,0,0,0,0.0,1
2022-11-10 00:00:00,2401488.1746231373,2412957.5924999174,0.004775962670971684,0.0,2412957.5924999174,0.0,37598.59922232991,0.0,0.0,0,0,0,0.0,1
2022-11-11 00:00:00,2412957.5924999174,2444635.0621137097,0.013128067278204128,0.0,2444635.0621137097,0.0,69276.06883612229,0.0,0.0,0,0,0,0.0,1
2022-11-14 00:00:00,2444635.0621137097,2420627.0723487916,-0.009820684541830972,0.0,2420627.0723487916,0.0,-26385.196357742418,0.0,0.0,0,2538.2879751480323,2538.2879751480323,0.0,3
2022-11-15 00:00:00,2420627.0723487916,2425645.7811684636,0.0020733093821024766,0.0,2425645.7811684636,0.0,-3769.793947126949,0.0,0.0,0,0,0,0.0,3
2022-11-16 00:00:00,2425645.7811684636,2413270.180032011,-0.005101982009298587,0.0,2413270.180032011,0.0,-17997.824208010337,0.0,0.0,0,0,0,0.0,3
2022-11-17 00:00:00,2413270.180032011,2415753.327243681,0.0010289553288380692,805288.3366214947,1610464.990622186,-10382.419614016711,1802.2065449805232,0.0,0.0,0,835.3262987331759,835.3262987331759,0.0,2
2022-11-18 00:00:00,2415753.327243681,2406378.7079057014,-0.0038806194458090343,805288.3366214947,1601090.3712842064,0.0,-11623.072088653338,0.0,0.0,0,0,0,0.0,2
2022-11-21 00:00:00,2406378.7079057014,2402381.0583769595,-0.0016612719833367525,805288.3366214947,1597092.7217554646,0.0,-2154.1416537573095,0.0,0.0,0,0,0,0.0,2
2022-11-22 00:00:00,2402381.0583769595,2401316.615989307,-0.00044307808036570066,0.0,2401316.615989307,0.0,2002.0053675138624,0.0,0.0,0,0,0,0.0,3
2022-11-23 00:00:00,2401316.615989307,2375700.5458860183,-0.010667510453524758,0.0,2375700.5458860183,0.0,-35947.80193665833,0.0,0.0,0,0,0,0.0,3
2022-11-24 00:00:00,2375700.5458860183,2376978.2024188763,0.0005378020117352502,0.0,2376978.2024188763,0.0,-3190.2146522952244,0.0,0.0,0,0,0,0.0,3
2022-11-25 00:00:00,2376978.2024188763,2381371.163908677,0.0018481286388450826,0.0,2381371.163908677,0.0,-4575.070015457692,0.0,0.0,0,0,0,0.0,3
2022-11-28 00:00:00,2381371.163908677,2364137.401723304,-0.0072369072266276245,0.0,2364137.401723304,0.0,-7770.604344546446,0.0,0.0,0,0,0,0.0,3
2022-11-29 00:00:00,2364137.401723304,2354217.789871369,-0.0041958694298834115,789941.5227911818,1564276.267080187,-15346.813830312913,-11566.568667936255,0.0,0.0,0,819.4070352703453,819.4070352703453,0.0,2
2022-11-30 00:00:00,2354217.789871369,2362435.3397184554,0.0034905648417241043,789941.5227911818,1572493.8169272738,0.0,4265.2535437732,0.0,0.0,0,0,0,0.0,2
2022-12-01 00:00:00,2362435.3397184554,2357946.4307088866,-0.0019001193108226307,789941.5227911818,1568004.9079177047,0.0,-12400.246190475766,0.0,0.0,0,0,0,0.0,2
2022-12-02 00:00:00,2357946.4307088866,2358655.720989801,0.0003008084796486071,1559537.6432049344,799118.0777848666,-46074.63582175885,3565.217682915274,0.0,0.0,0,798.3027315181313,798.3027315181313,0.0,1
2022-12-05 00:00:00,2358655.720989801,2360265.1805095263,0.0006823630534132761,1559537.6432049344,800727.5373045917,0.0,305.5901017198339,0.0,0.0,0,0,0,0.0,1
2022-12-06 00:00:00,2360265.1805095263,2380923.0668156464,0.008752358199708953,1559537.6432049344,821385.4236107122,0.0,22776.65790819144,0.0,0.0,0,0,0,0.0,1
2022-12-07 00:00:00,2380923.0668156464,2374301.959631063,-0.002780899255782627,1559537.6432049344,814764.3164261286,0.0,-6458.127355276258,0.0,0.0,0,0,0,0.0,1
2022-12-08 00:00:00,2374301.959631063,2379537.6859169803,0.002205164454621764,1559537.6432049344,820000.042712046,0.0,3055.900780293392,0.0,0.0,0,0,0,0.0,1
2022-12-09 00:00:00,2379537.6859169803,2373792.6130301147,-0.0024143651604541243,1559537.6432049344,814254.9698251802,0.0,-9615.891299959738,0.0,0.0,0,0,0,0.0,1
2022-12-12 00:00:00,2373792.6130301147,2377846.806680375,0.0017078971549603812,1559537.6432049344,818309.1634754405,0.0,4013.406716939644,0.0,0.0,0,0,0,0.0,1
2022-12-13 00:00:00,2377846.806680375,2386708.9492178885,0.0037269610946408537,1559537.6432049344,827171.3060129542,0.0,6600.726530386019,0.0,0.0,0,0,0,0.0,1
2022-12-14 00:00:00,2386708.9492178885,2385812.5350767164,-0.0003755858633143465,1559537.6432049344,826274.8918717821,0.0,-4115.2700501543,0.0,0.0,0,0,0,0.0,1
2022-12-15 00:00:00,2385812.5350767164,2383357.5861102203,-0.001028978149122357,1559537.6432049344,823819.9429052861,0.0,-2454.916979929898,0.0,0.0,0,0,0,0.0,1
2022-12-16 00:00:00,2383357.5861102203,2370533.033960692,-0.0053808762160858096,1559537.6432049344,810995.3907557578,0.0,-7761.958704441087,0.0,0.0,0,0,0,0.0,1
2022-12-19 00:00:00,2370533.033960692,2389785.20935316,0.008121454169445349,1559537.6432049344,830247.5661482259,0.0,17785.353764323285,0.0,0.0,0,0,0,0.0,1
2022-12-20 00:00:00,2389785.20935316,2408120.5409325343,0.007672376374082987,1559537.6432049344,848582.8977275998,0.0,14321.949143797276,0.0,0.0,0,0,0,0.0,1
2022-12-21 00:00:00,2408120.5409325343,2354469.1829282595,-0.02227934901609972,1559537.6432049344,794931.5397233248,0.0,-55627.59606162598,0.0,0.0,0,0,0,0.0,1
2022-12-22 00:00:00,2354469.1829282595,2324235.751860626,-0.012840869307973717,0.0,2324235.751860626,0.0,-39615.03412778757,0.0,0.0,0,0,0,0.0,3
2022-12-23 00:00:00,2324235.751860626,2250539.3819606006,-0.031707786028602775,0.0,2250539.3819606006,0.0,-55743.6769581791,0.0,0.0,0,0,0,0.0,3
2022-12-26 00:00:00,2250539.3819606006,2283622.6205255445,0.014700137589293281,0.0,2283622.6205255445,0.0,37389.883555360255,0.0,0.0,0,0,0,0.0,3
2022-12-27 00:00:00,2283622.6205255445,2305336.667235709,0.00950859678608679,0.0,2305336.667235709,0.0,13763.574740032898,0.0,0.0,0,0,0,0.0,3
2022-12-28 00:00:00,2305336.667235709,2307898.573180833,0.0011112936264515516,763680.605000812,1544217.9681800208,-16088.216601655253,5615.427310338593,0.0,0.0,0,792.1665621856388,792.1665621856388,0.0,2
2022-12-29 00:00:00,2307898.573180833,2306821.398341783,-0.00046673404610040567,763680.605000812,1543140.7933409708,0.0,4650.873978706775,0.0,0.0,0,0,0,0.0,2
2022-12-30 00:00:00,2306821.398341783,2307431.3198745525,0.00026439911351963294,763680.605000812,1543750.7148737407,0.0,-4770.570501763606,0.0,0.0,0,0,0,0.0,2
2023-01-02 00:00:00,2307431.3198745525,2305263.2024466726,-0.0009396238185749416,763680.605000812,1541582.5974458605,0.0,-7120.5919292357285,0.0,0.0,0,0,0,0.0,2
2023-01-03 00:00:00,2305263.2024466726,2302993.4356213207,-0.0009846020284984662,763680.605000812,1539312.8306205089,0.0,-1885.712057077093,0.0,0.0,0,0,0,0.0,2
2023-01-04 00:00:00,2302993.4356213207,2295514.913007978,-0.0032473052235710057,763680.605000812,1531834.3080071658,0.0,-9845.129823685507,0.0,0.0,0,0,0,0.0,2
2023-01-05 00:00:00,2295514.913007978,2302177.99363557,0.0029026518581232686,763680.605000812,1538497.3886347583,0.0,3230.2941111316904,0.0,0.0,0,0,0,0.0,2
2023-01-06 00:00:00,2302177.99363557,2300756.6906188927,-0.0006173732094593587,763680.605000812,1537076.0856180806,0.0,-2293.5899081595708,0.0,0.0,0,0,0,0.0,2
2023-01-09 00:00:00,2300756.6906188927,2319851.226459963,0.00829924168814816,763680.605000812,1556170.6214591507,0.0,7482.584730280796,0.0,0.0,0,0,0,0.0,2
2023-01-10 00:00:00,2319851.226459963,2271927.3196446644,-0.020658181123290865,763680.605000812,1508246.7146438523,0.0,-52382.94167590013,0.0,0.0,0,0,0,0.0,2
2023-01-11 00:00:00,2271927.3196446644,2268673.521595342,-0.00143217523782021,1527963.875836071,740709.6457592711,-15485.550767208166,-4930.1768576874165,0.0,0.0,0,792.7917079849357,792.7917079849357,0.0,1
2023-01-12 00:00:00,2268673.521595342,2270995.9766651527,0.0010237061647272439,1527963.875836071,743032.1008290815,0.0,957.5056590769673,0.0,0.0,0,0,0,0.0,1
2023-01-13 00:00:00,2270995.9766651527,2286061.564167611,0.006633912018013002,1527963.875836071,758097.6883315399,0.0,14250.6745694126,0.0,0.0,0,0,0,0.0,1
2023-01-16 00:00:00,2286061.564167611,2265413.8926974516,-0.009031983999817313,1527963.875836071,737450.0168613805,0.0,-20413.40811217751,0.0,0.0,0,0,0,0.0,1
2023-01-17 00:00:00,2265413.8926974516,2269396.7818098566,0.001758128669221917,1527963.875836071,741432.9059737854,0.0,3942.1321805201005,0.0,0.0,0,0,0,0.0,1
2023-01-18 00:00:00,2269396.7818098566,2260707.7931990004,-0.0038287657233420052,1527963.875836071,732743.9173629294,0.0,-10451.191161215072,0.0,0.0,0,0,0,0.0,1
2023-01-19 00:00:00,2260707.7931990004,2233581.5737915,-0.011998994071283952,1527963.875836071,705617.6979554291,0.0,-1314.0274093521293,0.0,0.0,0,0,0,0.0,1
2023-01-20 00:00:00,2233581.5737915,2232074.013489045,-0.0006749519785372771,1527963.875836071,704110.1376529743,0.0,1252.8995292923646,0.0,0.0,0,0,0,0.0,1
2023-01-23 00:00:00,2232074.013489045,2228040.2495107073,-0.001807181999324713,1527963.875836071,700076.3736746364,0.0,-1364.9591534350766,0.0,0.0,0,0,0,0.0,1
2023-01-24 00:00:00,2228040.2495107073,2210208.021980944,-0.008003548200567437,0.0,2210208.021980944,0.0,-20093.565884341486,0.0,0.0,0,0,0,0.0,3
2023-01-25 00:00:00,2210208.021980944,2186807.5380832637,-0.010587457680434648,757108.4536736016,1429699.084409662,-6873.484244433903,-15673.760724729742,0.0,0.0,0,785.3492638426561,785.3492638426561,0.0,2
2023-01-27 00:00:00,2186807.5380832637,2053920.9095934783,-0.060767409191510496,757108.4536736016,1296812.4559198767,0.0,-121895.6216107019,0.0,0.0,0,0,0,0.0,2
2023-01-30 00:00:00,2053920.9095934783,2037344.379406734,-0.008070675997950336,0.0,2037344.379406734,0.0,-22913.367112512,0.0,0.0,0,1351.757905815983,1351.757905815983,0.0,1
2023-01-31 00:00:00,2037344.379406734,2033166.8297011862,-0.0020504877564019057,0.0,2033166.8297011862,0.0,-27090.916818059748,0.0,0.0,0,0,0,0.0,1
2023-02-01 00:00:00,2033166.8297011862,2064080.0600933314,0.015204473110890036,0.0,2064080.0600933314,0.0,3822.3135740854777,0.0,0.0,0,0,0,0.0,1
2023-02-02 00:00:00,2064080.0600933314,2108361.1308287755,0.021453174996245945,0.0,2108361.1308287755,0.0,48103.38430952956,0.0,0.0,0,0,0,0.0,1
2023-02-03 00:00:00,2108361.1308287755,2064497.7353852727,-0.020804498243742787,0.0,2064497.7353852727,0.0,4239.988866026746,0.0,0.0,0,0,0,0.0,1
2023-02-06 00:00:00,2064497.7353852727,2048623.5245758723,-0.007689139366596539,0.0,2048623.5245758723,0.0,-11634.221943373559,0.0,0.0,0,0,0,0.0,1
2023-02-07 00:00:00,2048623.5245758723,2049876.709808923,0.0006117206104572933,0.0,2049876.709808923,0.0,-10381.036710322835,0.0,0.0,0,0,0,0.0,1
2023-02-08 00:00:00,2049876.709808923,2055307.4447475218,0.002649298327363758,0.0,2055307.4447475218,0.0,-4950.301771724131,0.0,0.0,0,0,0,0.0,1
2023-02-09 00:00:00,2055307.4447475218,2051547.7296911422,-0.0018292713656965368,0.0,2051547.7296911422,0.0,-8710.01682810369,0.0,0.0,0,0,0,0.0,1
2023-02-10 00:00:00,2051547.7296911422,2032749.154409245,-0.009163118659065966,0.0,2032749.154409245,0.0,-27508.592110001016,0.0,0.0,0,0,0,0.0,1
2023-02-13 00:00:00,2032749.154409245,2033166.8297011862,0.00020547311065671192,0.0,2033166.8297011862,0.0,-27090.916818059748,0.0,0.0,0,0,0,0.0,1
2023-02-14 00:00:00,2033166.8297011862,2038179.8893478434,0.00246564107451722,0.0,2038179.8893478434,0.0,-22077.857171402546,0.0,0.0,0,0,0,0.0,1
2023-02-15 00:00:00,2038179.8893478434,2011861.8839531871,-0.01291250371579183,0.0,2011861.8839531871,0.0,-48395.86256605876,0.0,0.0,0,0,0,0.0,1
2023-02-16 00:00:00,2011861.8839531871,2012697.3938942968,0.0004152918984020724,0.0,2012697.3938942968,0.0,-47560.35262494907,0.0,0.0,0,0,0,0.0,1
2023-02-17 00:00:00,2012697.3938942968,2003089.2686073775,-0.004773755516386334,0.0,2003089.2686073775,0.0,-57168.477911868365,0.0,0.0,0,0,0,0.0,1
2023-02-20 00:00:00,2003089.2686073775,2021052.3339481652,0.008967680882877593,0.0,2021052.3339481652,0.0,-39205.41257108073,0.0,0.0,0,0,0,0.0,1
2023-02-21 00:00:00,2021052.3339481652,2016039.274301508,-0.002480420502948626,0.0,2016039.274301508,0.0,-44218.47221773793,0.0,0.0,0,0,0,0.0,1
2023-02-22 00:00:00,2016039.274301508,2011861.8839531871,-0.0020720778615625716,0.0,2011861.8839531871,0.0,-48395.86256605876,0.0,0.0,0,0,0,0.0,1
2023-02-23 00:00:00,2011861.8839531871,1999329.553550998,-0.006229220058368965,0.0,1999329.553550998,0.0,-60928.192968247924,0.0,0.0,0,0,0,0.0,1
2023-02-24 00:00:00,1999329.553550998,1995987.51378656,-0.0016715802347353288,0.0,1995987.51378656,0.0,-64270.23273268598,0.0,0.0,0,0,0,0.0,1
2023-02-27 00:00:00,1995987.51378656,1981784.1635021516,-0.0071159514707901834,0.0,1981784.1635021516,0.0,-78473.5830170943,0.0,0.0,0,0,0,0.0,1
2023-02-28 00:00:00,1981784.1635021516,1980530.9782691007,-0.0006323520270927812,0.0,1980530.9782691007,0.0,-79726.76825014525,0.0,0.0,0,0,0,0.0,1
2023-03-01 00:00:00,1980530.9782691007,1995569.8384946187,0.0075933476378447365,0.0,1995569.8384946187,0.0,-64687.90802462725,0.0,0.0,0,0,0,0.0,1
2023-03-02 00:00:00,1995569.8384946187,1997240.8583768376,0.0008373647716982261,0.0,1997240.8583768376,0.0,-63016.88814240834,0.0,0.0,0,0,0,0.0,1
2023-03-03 00:00:00,1997240.8583768376,1997658.5336687788,0.00020912615030353128,0.0,1997658.5336687788,0.0,-62599.21285046707,0.0,0.0,0,0,0,0.0,1
2023-03-06 00:00:00,1997658.5336687788,1998076.3683179473,0.00020916219770605678,0.0,1998076.3683179473,0.0,-62181.37820129865,0.0,0.0,0,0,0,0.0,1
2023-03-08 00:00:00,1998076.3683179473,1968416.3231588528,-0.014844300062496308,0.0,1968416.3231588528,0.0,-91841.42336039315,0.0,0.0,0,0,0,0.0,1
2023-03-09 00:00:00,1968416.3231588528,1966327.6279846923,-0.001061104375932293,0.0,1966327.6279846923,0.0,-93930.11853455356,0.0,0.0,0,0,0,0.0,1
2023-03-10 00:00:00,1966327.6279846923,1981366.4882102103,0.007648196572883162,0.0,1981366.4882102103,0.0,-78891.25830903556,0.0,0.0,0,0,0,0.0,1
2023-03-13 00:00:00,1981366.4882102103,2039433.0745808943,0.029306333137357213,0.0,2039433.0745808943,0.0,-20824.67193835159,0.0,0.0,0,0,0,0.0,1
2023-03-14 00:00:00,2039433.0745808943,2052383.2396322517,0.006349884785515027,0.0,2052383.2396322517,0.0,-7874.506886994233,0.0,0.0,0,0,0,0.0,1
2023-03-15 00:00:00,2052383.2396322517,2044028.2995783833,-0.004070847925734079,0.0,2044028.2995783833,0.0,-16229.446940862574,0.0,0.0,0,0,0,0.0,1
2023-03-16 00:00:00,2044028.2995783833,2076194.7152035793,0.015736776067058776,0.0,2076194.7152035793,0.0,15936.968684333377,0.0,0.0,0,0,0,0.0,1
2023-03-17 00:00:00,2076194.7152035793,2078283.4103777397,0.0010060208509660947,0.0,2078283.4103777397,0.0,18025.66385849379,0.0,0.0,0,0,0,0.0,1
2023-03-20 00:00:00,2078283.4103777397,2126741.8714615046,0.023316579847479663,0.0,2126741.8714615046,0.0,66484.1249422587,0.0,0.0,0,0,0,0.0,1
2023-03-21 00:00:00,2126741.8714615046,2108778.8061207165,-0.00844628376477293,0.0,2108778.8061207165,0.0,48521.059601470595,0.0,0.0,0,0,0,0.0,1
2023-03-22 00:00:00,2108778.8061207165,2090398.0654879876,-0.008716296170740587,0.0,2090398.0654879876,0.0,30140.31896874169,0.0,0.0,0,0,0,0.0,1
2023-03-23 00:00:00,2090398.0654879876,2103765.905831286,0.006394877877088928,0.0,2103765.905831286,0.0,43508.15931204031,0.0,0.0,0,0,0,0.0,1
2023-03-24 00:00:00,2103765.905831286,2126324.196169563,0.010722813919433282,0.0,2126324.196169563,0.0,66066.4496503172,0.0,0.0,0,0,0,0.0,1
2023-03-27 00:00:00,2126324.196169563,2105436.9257135056,-0.009823182416719232,0.0,2105436.9257135056,0.0,45179.17919425969,0.0,0.0,0,0,0,0.0,1
2023-03-28 00:00:00,2105436.9257135056,2105854.6010054466,0.0001983793894939364,0.0,2105854.6010054466,0.0,45596.854486200726,0.0,0.0,0,0,0,0.0,1
2023-03-29 00:00:00,2105854.6010054466,2117551.4214665266,0.005554429282769694,0.0,2117551.4214665266,0.0,57293.67494728067,0.0,0.0,0,0,0,0.0,1
2023-03-31 00:00:00,2117551.4214665266,2133425.791633154,0.007496568917147384,0.0,2133425.791633154,0.0,73168.0451139079,0.0,0.0,0,0,0,0.0,1
2023-04-03 00:00:00,2133425.791633154,2122146.6464640154,-0.0052868701659897765,0.0,2122146.6464640154,0.0,61888.89994476945,0.0,0.0,0,0,0,0.0,1
2023-04-05 00:00:00,2122146.6464640154,2166427.7171994597,0.020866169078949736,0.0,2166427.7171994597,0.0,106169.97068021377,0.0,0.0,0,0,0,0.0,1
2023-04-06 00:00:00,2166427.7171994597,2164339.0220252993,-0.0009641194846142704,0.0,2164339.0220252993,0.0,104081.27550605335,0.0,0.0,0,0,0,0.0,1
2023-04-10 00:00:00,2164339.0220252993,2146375.956684511,-0.008299561740553477,0.0,2146375.956684511,0.0,86118.21016526525,0.0,0.0,0,0,0,0.0,1
2023-04-11 00:00:00,2146375.956684511,2153477.552148102,0.00330864471411638,0.0,2153477.552148102,0.0,93219.80562885595,0.0,0.0,0,0,0,0.0,1
2023-04-12 00:00:00,2153477.552148102,2160579.3069689195,0.0032978076849389903,0.0,2160579.3069689195,0.0,100321.56044967356,0.0,0.0,0,0,0,0.0,1
2023-04-13 00:00:00,2160579.3069689195,2169769.5976066706,0.004253623372263148,0.0,2169769.5976066706,0.0,109511.85108742467,0.0,0.0,0,0,0,0.0,1
2023-04-17 00:00:00,2169769.5976066706,2159743.79702781,-0.004620675204371636,0.0,2159743.79702781,0.0,99486.0505085641,0.0,0.0,0,0,0,0.0,1
2023-04-18 00:00:00,2159743.79702781,2152224.3669150514,-0.0034816306096615342,0.0,2152224.3669150514,0.0,91966.62039580545,0.0,0.0,0,0,0,0.0,1
2023-04-19 00:00:00,2152224.3669150514,2135514.486807314,-0.007764004703509933,0.0,2135514.486807314,0.0,75256.74028806831,0.0,0.0,0,0,0,0.0,1
2023-04-20 00:00:00,2135514.486807314,2157237.2672044816,0.01017215314218913,0.0,2157237.2672044816,0.0,96979.52068523574,0.0,0.0,0,0,0,0.0,1
2023-04-21 00:00:00,2157237.2672044816,2142616.241628132,-0.006777662243568086,0.0,2142616.241628132,0.0,82358.49510888592,0.0,0.0,0,0,0,0.0,1
2023-04-24 00:00:00,2142616.241628132,2141362.897037854,-0.0005849599036575419,0.0,2141362.897037854,0.0,81105.15051860805,0.0,0.0,0,0,0,0.0,1
2023-04-25 00:00:00,2141362.897037854,2143869.426861183,0.0011705301454490106,0.0,2143869.426861183,0.0,83611.68034193688,0.0,0.0,0,0,0,0.0,1
2023-04-26 00:00:00,2143869.426861183,2150553.347032832,0.0031176899525243262,0.0,2150553.347032832,0.0,90295.60051358608,0.0,0.0,0,0,0,0.0,1
2023-04-27 00:00:00,2150553.347032832,2150135.671740891,-0.00019421759172694403,0.0,2150135.671740891,0.0,89877.92522164504,0.0,0.0,0,0,0,0.0,1
2023-04-28 00:00:00,2150135.671740891,2140945.221745913,-0.004274358179238447,0.0,2140945.221745913,0.0,80687.47522666701,0.0,0.0,0,0,0,0.0,1
2023-05-02 00:00:00,2140945.221745913,2164140.722869304,0.010834233817750583,0.0,2164140.722869304,0.0,13729.304315139656,0.0,0.0,0,2230.623652827983,2230.623652827983,0.0,3
2023-05-03 00:00:00,2164140.722869304,2147388.6784667177,-0.007740737108987889,713173.6940466125,1434214.9844201053,-3630.11213810908,-16242.084470306756,0.0,0.0,0,739.7756991007215,739.7756991007215,0.0,2
2023-05-04 00:00:00,2147388.6784667177,2146896.46303563,-0.00022921580802926785,713173.6940466125,1433722.7689890177,0.0,-580.5558142036898,0.0,0.0,0,0,0,0.0,2
2023-05-05 00:00:00,2146896.46303563,2149968.865506776,0.0014310901918399084,713173.6940466125,1436795.1714601638,0.0,2817.9430543382186,0.0,0.0,0,0,0,0.0,2
2023-05-08 00:00:00,2149968.865506776,2167415.635538036,0.00811489427180492,713173.6940466125,1454241.9414914234,0.0,17461.758411509683,0.0,0.0,0,0,0,0.0,2
2023-05-09 00:00:00,2167415.635538036,2171237.832390316,0.0017634812583286596,713173.6940466125,1458064.1383437035,0.0,3143.5173168046167,0.0,0.0,0,0,0,0.0,2
2023-05-10 00:00:00,2171237.832390316,2175882.1082159868,0.002138999125930869,713173.6940466125,1462708.4141693744,0.0,827.8798698973842,0.0,0.0,0,0,0,0.0,2
2023-05-11 00:00:00,2175882.1082159868,2139435.145973177,-0.016750430597865698,713173.6940466125,1426261.4519265648,0.0,-13188.087199357338,0.0,0.0,0,0,0,0.0,2
2023-05-12 00:00:00,2139435.145973177,2125899.872801103,-0.0063265639052204736,1383013.8995906976,742885.9732104054,-46963.60064063625,-11895.125648286543,0.0,0.0,0,694.825833424191,694.825833424191,0.0,1
2023-05-15 00:00:00,2125899.872801103,2126348.8419184648,0.00021119015204136644,1383013.8995906976,743334.942327767,0.0,448.90113797900267,0.0,0.0,0,0,0,0.0,1
2023-05-16 00:00:00,2126348.8419184648,2137121.790157611,0.005066406803422971,1383013.8995906976,754107.8905669135,0.0,-1346.6349316948326,0.0,0.0,0,0,0,0.0,1
2023-05-17 00:00:00,2137121.790157611,2133755.2786907284,-0.0015752548508872672,1383013.8995906976,750741.379100031,0.0,-3366.553269506898,0.0,0.0,0,0,0,0.0,1
2023-05-18 00:00:00,2133755.2786907284,2129715.2737102597,-0.0018933778492853232,1383013.8995906976,746701.3741195622,0.0,-5162.019784956588,0.0,0.0,0,0,0,0.0,1
2023-05-19 00:00:00,2129715.2737102597,2123206.6158225443,-0.003056116452776523,1383013.8995906976,740192.716231847,0.0,-5835.371895734337,0.0,0.0,0,0,0,0.0,1
2023-05-22 00:00:00,2123206.6158225443,2126348.8419184648,0.0014799436251300062,1383013.8995906976,743334.942327767,0.0,6733.106113502523,0.0,0.0,0,0,0,0.0,1
2023-05-23 00:00:00,2126348.8419184648,2119559.01728694,-0.0031931847200569055,0.0,2119559.01728694,0.0,-6789.757577406475,0.0,0.0,0,0,0,0.0,3
2023-05-24 00:00:00,2119559.01728694,2124398.1360204956,0.0022830780809065046,0.0,2124398.1360204956,0.0,3837.56000428705,0.0,0.0,0,0,0,0.0,3
2023-05-25 00:00:00,2124398.1360204956,2151446.6640655207,0.012732325257869758,0.0,2151446.6640655207,0.0,30047.817792817368,0.0,0.0,0,0,0,0.0,3
2023-05-26 00:00:00,2151446.6640655207,2148211.0644084755,-0.0015039181361489117,0.0,2148211.0644084755,0.0,-953.6961340359412,0.0,0.0,0,0,0,0.0,3
2023-05-29 00:00:00,2148211.0644084755,2131959.460065095,-0.007565180448344494,0.0,2131959.460065095,0.0,-9879.625806476222,0.0,0.0,0,0,0,0.0,3
2023-05-30 00:00:00,2131959.460065095,2126960.190660065,-0.0023449176678423033,0.0,2126960.190660065,0.0,-7065.102290299023,0.0,0.0,0,0,0,0.0,3
2023-05-31 00:00:00,2126960.190660065,2122536.579695533,-0.002079780798887082,0.0,2122536.579695533,0.0,-1788.7663609002484,0.0,0.0,0,0,0,0.0,3
2023-06-01 00:00:00,2122536.579695533,2100422.166866493,-0.010418860640890478,693688.0311327922,1406734.1357337008,-23115.77505192924,-24522.36311237223,0.0,0.0,0,719.5632038490805,719.5632038490805,0.0,2
2023-06-02 00:00:00,2100422.166866493,2117942.4516820475,0.008341315899218526,693688.0311327922,1424254.4205492553,0.0,7123.244674995542,0.0,0.0,0,0,0,0.0,2
2023-06-05 00:00:00,2117942.4516820475,2126209.6362484726,0.0039034037775008707,693688.0311327922,1432521.6051156805,0.0,3003.5943556310376,0.0,0.0,0,0,0,0.0,2
2023-06-06 00:00:00,2126209.6362484726,2133048.1939490777,0.0032163139438457357,693688.0311327922,1439360.1628162856,0.0,3575.8428968221415,0.0,0.0,0,0,0,0.0,2
2023-06-07 00:00:00,2133048.1939490777,2157920.102499819,0.011660265633611333,693688.0311327922,1464232.0713670268,0.0,21300.46499292215,0.0,0.0,0,0,0,0.0,2
2023-06-08 00:00:00,2157920.102499819,2154070.671155328,-0.001783861849209168,693688.0311327922,1460382.6400225358,0.0,-10262.395450714394,0.0,0.0,0,0,0,0.0,2
2023-06-09 00:00:00,2154070.671155328,2152249.350301988,-0.0008455251156467931,693688.0311327922,1458561.3191691958,0.0,-6360.82391176431,0.0,0.0,0,0,0,0.0,2
2023-06-12 00:00:00,2152249.350301988,2156291.5472098812,0.001878126671208481,693688.0311327922,1462603.5160770891,0.0,1936.3524754969403,0.0,0.0,0,0,0,0.0,2
2023-06-13 00:00:00,2156291.5472098812,2184058.3485347508,0.012877109016541929,693688.0311327922,1490370.3174019584,0.0,26968.67160004459,0.0,0.0,0,0,0,0.0,2
2023-06-14 00:00:00,2184058.3485347508,2185465.381109129,0.000644228472798071,693688.0311327922,1491777.3499763368,0.0,868.8613601519028,0.0,0.0,0,0,0,0.0,2
2023-06-15 00:00:00,2185465.381109129,2177728.474934697,-0.0035401641413809635,693688.0311327922,1484040.443801905,0.0,-7772.0111709014745,0.0,0.0,0,0,0,0.0,2
2023-06-16 00:00:00,2177728.474934697,2169728.1644228837,-0.0036736951387171452,693688.0311327922,1476040.1332900915,0.0,-1536.233098645229,0.0,0.0,0,0,0,0.0,2
2023-06-19 00:00:00,2169728.1644228837,2161294.9948525196,-0.0038867401495924995,693688.0311327922,1467606.9637197275,0.0,-14589.784268266987,0.0,0.0,0,0,0,0.0,2
2023-06-20 00:00:00,2161294.9948525196,2179715.3641524417,0.008522839012625896,693688.0311327922,1486027.3330196496,0.0,23111.873564412934,0.0,0.0,0,0,0,0.0,2
2023-06-21 00:00:00,2179715.3641524417,2176217.1125371885,-0.0016049121242091779,693688.0311327922,1482529.0814043963,0.0,-9118.194932571962,0.0,0.0,0,0,0,0.0,2
2023-06-22 00:00:00,2176217.1125371885,2141921.278263037,-0.015759380843286746,0.0,2141921.278263037,0.0,-33690.857757417834,0.0,0.0,0,0,0,0.0,3
2023-06-23 00:00:00,2141921.278263037,2135835.8239876055,-0.002841119483329703,0.0,2135835.8239876055,0.0,-5852.6790965262335,0.0,0.0,0,0,0,0.0,3
2023-06-26 00:00:00,2135835.8239876055,2146792.5907336916,0.0051299667432442375,0.0,2146792.5907336916,0.0,9993.278140415787,0.0,0.0,0,0,0,0.0,3
2023-06-27 00:00:00,2146792.5907336916,2142596.369523825,-0.001954646773041243,0.0,2142596.369523825,0.0,-12427.157146473648,0.0,0.0,0,0,0,0.0,3
2023-06-28 00:00:00,2142596.369523825,2183421.37535128,0.019053988146413167,0.0,2183421.37535128,0.0,28886.967902882723,0.0,0.0,0,0,0,0.0,3
2023-06-30 00:00:00,2183421.37535128,2208053.5287979003,0.011281447422239962,0.0,2208053.5287979003,0.0,13772.729506536969,0.0,0.0,0,0,0,0.0,3
2023-07-03 00:00:00,2208053.5287979003,2191048.6258268165,-0.007701309207092233,0.0,2191048.6258268165,0.0,-22225.522222117404,0.0,0.0,0,0,0,0.0,3
2023-07-04 00:00:00,2191048.6258268165,2184653.269806248,-0.002918856270547189,0.0,2184653.269806248,0.0,-6599.75358025101,0.0,0.0,0,0,0,0.0,3
2023-07-05 00:00:00,2184653.269806248,2232787.159346209,0.02203273636380278,686653.7500226859,1546133.4093235228,-7034.28111010642,41653.51338885876,0.0,0.0,0,712.2665378764852,712.2665378764852,0.0,2
2023-07-06 00:00:00,2232787.159346209,2238820.541996153,0.00270217545129148,686653.7500226859,1552166.7919734672,0.0,827.8943886210909,0.0,0.0,0,0,0,0.0,2
2023-07-07 00:00:00,2238820.541996153,2225611.75751134,-0.005899885335622263,686653.7500226859,1538958.0074886545,0.0,-6558.268986431765,0.0,0.0,0,0,0,0.0,2
2023-07-10 00:00:00,2225611.75751134,2230312.1097706286,0.0021119371981321825,686653.7500226859,1543658.3597479425,0.0,-331.9562284332933,0.0,0.0,0,0,0,0.0,2
2023-07-11 00:00:00,2230312.1097706286,2256385.923727655,0.011690657035309615,686653.7500226859,1569732.1737049688,0.0,17527.946439277497,0.0,0.0,0,0,0,0.0,2
2023-07-12 00:00:00,2256385.923727655,2255411.1110774092,-0.0004320239015829253,686653.7500226859,1568757.3610547232,0.0,-5903.966473931912,0.0,0.0,0,0,0,0.0,2
2023-07-13 00:00:00,2255411.1110774092,2232044.133109006,-0.010360407401398647,686653.7500226859,1545390.3830863202,0.0,-32936.136531206896,0.0,0.0,0,0,0,0.0,2
2023-07-14 00:00:00,2232044.133109006,2226801.8038561502,-0.002348667383002786,686653.7500226859,1540148.0538334642,0.0,-13031.942891718238,0.0,0.0,0,0,0,0.0,2
2023-07-17 00:00:00,2226801.8038561502,2228883.136663845,0.0009346735771860432,686653.7500226859,1542229.3866411587,0.0,-3531.5965754982317,0.0,0.0,0,0,0,0.0,2
2023-07-18 00:00:00,2228883.136663845,2245941.8257829677,0.007653469506102542,686653.7500226859,1559288.0757602819,0.0,14748.761077996343,0.0,0.0,0,0,0,0.0,2
2023-07-19 00:00:00,2245941.8257829677,2240612.007422371,-0.0023730883406736696,686653.7500226859,1553958.2573996852,0.0,-9356.463430280797,0.0,0.0,0,0,0,0.0,2
2023-07-20 00:00:00,2240612.007422371,2196346.3849921348,-0.019756040886864577,686653.7500226859,1509692.6349694491,0.0,-46100.91167001752,0.0,0.0,0,0,0,0.0,2
2023-07-21 00:00:00,2196346.3849921348,2199270.5135618476,0.0013313603854536514,686653.7500226859,1512616.763539162,0.0,7099.172448286205,0.0,0.0,0,0,0,0.0,2
2023-07-24 00:00:00,2199270.5135618476,2214845.7363510216,0.00708199500385651,0.0,2214845.7363510216,0.0,11393.911090350593,0.0,0.0,0,0,0,0.0,3
2023-07-25 00:00:00,2214845.7363510216,2202070.7821541056,-0.005767875381679093,0.0,2202070.7821541056,0.0,-15346.098040987388,0.0,0.0,0,0,0,0.0,3
2023-07-26 00:00:00,2202070.7821541056,2219266.7825309318,0.00780901345959675,0.0,2219266.7825309318,0.0,8040.724092094577,0.0,0.0,0,0,0,0.0,3
2023-07-27 00:00:00,2219266.7825309318,2257238.551979732,0.017110051728659516,0.0,2257238.551979732,0.0,25931.61593239056,0.0,0.0,0,0,0,0.0,3
2023-07-28 00:00:00,2257238.551979732,2308714.0601678616,0.022804638057852947,0.0,2308714.0601678616,0.0,40836.71733152855,0.0,0.0,0,0,0,0.0,3
2023-07-31 00:00:00,2308714.0601678616,2341502.859968053,0.01420219175942799,0.0,2341502.859968053,0.0,32249.39354618138,0.0,0.0,0,0,0,0.0,3
2023-08-01 00:00:00,2341502.859968053,2343172.5513891475,0.0007130853648058885,0.0,2343172.5513891475,0.0,-5890.832256309921,0.0,0.0,0,0,0,0.0,3
2023-08-02 00:00:00,2343172.5513891475,2309443.4512421815,-0.01439462925040232,770419.5520976132,1539023.8991445682,78912.60230226444,-28051.577144307084,0.0,0.0,0,799.1568779268881,799.1568779268881,0.0,2
2023-08-03 00:00:00,2309443.4512421815,2317638.674519554,0.003548570662323141,770419.5520976132,1547219.1224219408,0.0,14599.984023587545,0.0,0.0,0,0,0,0.0,2
2023-08-04 00:00:00,2317638.674519554,2338078.011092903,0.008819034993703833,770419.5520976132,1567658.45899529,0.0,29290.101712366915,0.0,0.0,0,0,0,0.0,2
2023-08-07 00:00:00,2338078.011092903,2371100.622982828,0.014123828090102469,770419.5520976132,1600681.0708852145,0.0,26950.72190438269,0.0,0.0,0,0,0,0.0,2
2023-08-08 00:00:00,2371100.622982828,2367606.48663658,-0.0014736347805654824,770419.5520976132,1597186.934538967,0.0,-9797.091648086556,0.0,0.0,0,0,0,0.0,2
2023-08-09 00:00:00,2367606.48663658,2380087.71400203,0.00527166462665881,770419.5520976132,1609668.161904417,0.0,11553.822558813612,0.0,0.0,0,0,0,0.0,2
2023-08-10 00:00:00,2380087.71400203,2361532.2880611615,-0.00779611013144897,770419.5520976132,1591112.7359635485,0.0,-15780.910359148402,0.0,0.0,0,0,0,0.0,2
2023-08-11 00:00:00,2361532.2880611615,2366332.1097841957,0.002032503111348452,770419.5520976132,1595912.5576865824,0.0,1524.1851192426402,0.0,0.0,0,0,0,0.0,2
2023-08-14 00:00:00,2366332.1097841957,2339932.3188682673,-0.011156418326392874,770419.5520976132,1569512.766770654,0.0,-19894.85613019427,0.0,0.0,0,0,0,0.0,2
2023-08-16 00:00:00,2339932.3188682673,2345181.150249999,0.002243155214109064,1541832.9915693551,803348.1586806441,79906.48967639315,2757.5680946088396,0.0,0.0,0,800.1878381728438,800.1878381728438,0.0,1
2023-08-17 00:00:00,2345181.150249999,2378183.3487237366,0.014072345102304571,1541832.9915693551,836350.3571543813,0.0,30778.294628690463,0.0,0.0,0,0,0,0.0,1
2023-08-18 00:00:00,2378183.3487237366,2348739.369457705,-0.012380870163704113,1541832.9915693551,806906.3778883496,0.0,-29443.97682366392,0.0,0.0,0,0,0,0.0,1
2023-08-21 00:00:00,2348739.369457705,2364840.124859576,0.006855062597085276,1541832.9915693551,823007.1332902208,0.0,13521.096311535686,0.0,0.0,0,0,0,0.0,1
2023-08-22 00:00:00,2364840.124859576,2379050.201267278,0.00600889517152687,0.0,2379050.201267278,0.0,11363.475943836616,0.0,0.0,0,0,0,0.0,3
2023-08-23 00:00:00,2379050.201267278,2381510.3415289763,0.001034085056459944,0.0,2381510.3415289763,0.0,-4768.339321582229,0.0,0.0,0,0,0,0.0,3
2023-08-24 00:00:00,2381510.3415289763,2388971.5250315154,0.0031329628817605027,0.0,2388971.5250315154,0.0,-3908.694477041601,0.0,0.0,0,0,0,0.0,3
2023-08-25 00:00:00,2388971.5250315154,2379140.756268287,-0.004115063181047598,0.0,2379140.756268287,0.0,-16626.82181123912,0.0,0.0,0,0,0,0.0,3
2023-08-28 00:00:00,2379140.756268287,2382404.2154535744,0.0013716965575446382,0.0,2382404.2154535744,0.0,1653.5699246802833,0.0,0.0,0,0,0,0.0,3
2023-08-29 00:00:00,2382404.2154535744,2399444.443808616,0.007152534504644292,0.0,2399444.443808616,0.0,12849.429735941696,0.0,0.0,0,0,0,0.0,3
2023-08-30 00:00:00,2399444.443808616,2386907.9748172997,-0.005224738177899784,0.0,2386907.9748172997,0.0,-20187.0837200518,0.0,0.0,0,0,0,0.0,3
2023-08-31 00:00:00,2386907.9748172997,2410016.3462636285,0.009681299694051874,0.0,2410016.3462636285,0.0,17739.825437919004,0.0,0.0,0,0,0,0.0,3
2023-09-01 00:00:00,2410016.3462636285,2481843.508466785,0.029803599595709676,731647.0919476558,1750196.416519129,-39269.40383702184,72615.79191263998,0.0,0.0,0,758.9381709656985,758.9381709656985,0.0,2
2023-09-04 00:00:00,2481843.508466785,2482764.1606893847,0.0003709549854610245,731647.0919476558,1751117.0687417288,0.0,-12461.715643593343,0.0,0.0,0,0,0,0.0,2
2023-09-05 00:00:00,2482764.1606893847,2489224.4379875157,0.002602050327783535,731647.0919476558,1757577.34603986,0.0,-961.1535536218435,0.0,0.0,0,0,0,0.0,2
2023-09-06 00:00:00,2489224.4379875157,2468889.7168959877,-0.008169099090143973,731647.0919476558,1737242.624948332,0.0,-22872.92404841387,0.0,0.0,0,0,0,0.0,2
2023-09-07 00:00:00,2468889.7168959877,2466208.3213219284,-0.0010860734506321014,731647.0919476558,1734561.2293742727,0.0,-10458.561050508986,0.0,0.0,0,0,0,0.0,2
2023-09-08 00:00:00,2466208.3213219284,2497859.0394558376,0.012833756929724353,731647.0919476558,1766211.947508182,0.0,21330.604176127003,0.0,0.0,0,0,0,0.0,2
2023-09-11 00:00:00,2497859.0394558376,2489899.3372669793,-0.003186609837916366,731647.0919476558,1758252.2453193236,0.0,-23638.833506917348,0.0,0.0,0,0,0,0.0,2
2023-09-12 00:00:00,2489899.3372669793,2441788.6233123867,-0.01932235301022289,731647.0919476558,1710141.5313647308,0.0,-59179.11116592644,0.0,0.0,0,0,0,0.0,2
2023-09-13 00:00:00,2441788.6233123867,2443561.924501305,0.0007262304246928386,731647.0919476558,1711914.8325536493,0.0,-3250.9034335899632,0.0,0.0,0,0,0,0.0,2
2023-09-14 00:00:00,2443561.924501305,2467097.903298996,0.009631832351657833,731647.0919476558,1735450.81135134,0.0,14766.426088264678,0.0,0.0,0,0,0,0.0,2
2023-09-15 00:00:00,2467097.903298996,2457838.4240889633,-0.003753186769625505,731647.0919476558,1726191.3321413076,0.0,-6343.520966675831,0.0,0.0,0,0,0,0.0,2
2023-09-18 00:00:00,2457838.4240889633,2448801.091555254,-0.0036769433031624403,731647.0919476558,1717153.9996075984,0.0,-6509.83566703042,0.0,0.0,0,0,0,0.0,2
2023-09-20 00:00:00,2448801.091555254,2443527.4476653445,-0.0021535615563452216,731647.0919476558,1711880.3557176888,0.0,-4459.275250165141,0.0,0.0,0,0,0,0.0,2
2023-09-21 00:00:00,2443527.4476653445,2444902.1145458897,0.0005625747653698856,731647.0919476558,1713255.022598234,0.0,14461.40724955406,0.0,0.0,0,0,0,0.0,2
2023-09-22 00:00:00,2444902.1145458897,2437202.2594432933,-0.003149351074951519,0.0,2437202.2594432933,0.0,-7004.365921557532,0.0,0.0,0,0,0,0.0,3
2023-09-25 00:00:00,2437202.2594432933,2439775.4426624244,0.0010557938756050758,0.0,2439775.4426624244,0.0,-4616.356350075337,0.0,0.0,0,0,0,0.0,3
2023-09-26 00:00:00,2439775.4426624244,2435959.2221673895,-0.0015641687461492191,0.0,2435959.2221673895,0.0,-9175.978776067728,0.0,0.0,0,0,0,0.0,3
2023-09-27 00:00:00,2435959.2221673895,2459776.4587162,0.009777354371153799,0.0,2459776.4587162,0.0,26677.519642553525,0.0,0.0,0,0,0,0.0,3
2023-09-28 00:00:00,2459776.4587162,2432834.2589231622,-0.010953109050852351,0.0,2432834.2589231622,0.0,-38282.81226829707,0.0,0.0,0,0,0,0.0,3
2023-09-29 00:00:00,2432834.2589231622,2481924.3752605673,0.020178158934317892,0.0,2481924.3752605673,0.0,27524.62620421115,0.0,0.0,0,0,0,0.0,3
2023-10-03 00:00:00,2481924.3752605673,2503151.45372222,0.008552669321128721,0.0,2503151.45372222,0.0,23584.803589373245,0.0,0.0,0,0,0,0.0,3
2023-10-04 00:00:00,2503151.45372222,2460776.5048570745,-0.01692863961632578,0.0,2460776.5048570745,0.0,-37772.57186493161,0.0,0.0,0,0,0,0.0,3
2023-10-05 00:00:00,2460776.5048570745,2512421.676899275,0.020987347668617297,0.0,2512421.676899275,0.0,36659.2271624679,0.0,0.0,0,0,0,0.0,3
2023-10-06 00:00:00,2512421.676899275,2516645.2412437545,0.0016810730393363935,0.0,2516645.2412437545,0.0,-6555.287102629081,0.0,0.0,0,0,0,0.0,3
2023-10-09 00:00:00,2516645.2412437545,2514312.576512433,-0.0009268945392432672,0.0,2514312.576512433,0.0,18476.806924712728,0.0,0.0,0,0,0,0.0,3
2023-10-10 00:00:00,2514312.576512433,2560395.3392163385,0.01832817571466237,0.0,2560395.3392163385,0.0,43636.873693852685,0.0,0.0,0,0,0,0.0,3
2023-10-11 00:00:00,2560395.3392163385,2575287.7887467993,0.005816464864765381,0.0,2575287.7887467993,0.0,3207.356553333346,0.0,0.0,0,0,0,0.0,3
2023-10-12 00:00:00,2575287.7887467993,2590131.2366809538,0.005763801622100504,0.0,2590131.2366809538,0.0,7563.421604639967,0.0,0.0,0,0,0,0.0,3
2023-10-13 00:00:00,2590131.2366809538,2593238.9571630163,0.0011998312819256386,0.0,2593238.9571630163,0.0,22054.74962077837,0.0,0.0,0,0,0,0.0,3
2023-10-16 00:00:00,2593238.9571630163,2602313.5035562404,0.0034993097601585944,0.0,2602313.5035562404,0.0,7473.891457612161,0.0,0.0,0,0,0,0.0,3
2023-10-17 00:00:00,2602313.5035562404,2620651.8315722905,0.0070469326585707575,0.0,2620651.8315722905,0.0,10700.061920664855,0.0,0.0,0,0,0,0.0,3
2023-10-18 00:00:00,2620651.8315722905,2592605.0567922094,-0.01070221325938369,770165.9603719208,1822439.0964202886,38518.86842426508,-33800.401793513796,0.0,0.0,0,798.8938270071384,798.8938270071384,0.0,2
2023-10-19 00:00:00,2592605.0567922094,2589340.215633699,-0.0012592898212386132,770165.9603719208,1819174.2552617784,0.0,11329.571529913228,0.0,0.0,0,0,0,0.0,2
2023-10-20 00:00:00,2589340.215633699,2591583.9358476633,0.000866521981320636,770165.9603719208,1821417.9754757427,0.0,7377.438920793938,0.0,0.0,0,0,0,0.0,2
2023-10-23 00:00:00,2591583.9358476633,2537527.08123699,-0.020858616177905912,770165.9603719208,1767361.120865069,0.0,-51308.332610273384,0.0,0.0,0,0,0,0.0,2
2023-10-25 00:00:00,2537527.08123699,2529318.567055021,-0.003234847912625132,0.0,2529318.567055021,0.0,-6277.034208213096,0.0,0.0,0,0,0,0.0,3
2023-10-26 00:00:00,2529318.567055021,2521627.601876136,-0.003040726177817888,0.0,2521627.601876136,0.0,9643.12012633006,0.0,0.0,0,0,0,0.0,3
2023-10-27 00:00:00,2521627.601876136,2584893.533736679,0.025089323980064256,0.0,2584893.533736679,0.0,49388.361542336876,0.0,0.0,0,0,0,0.0,3
2023-10-30 00:00:00,2584893.533736679,2578754.4999537147,-0.0023749658169052797,0.0,2578754.4999537147,0.0,-14609.276791547309,0.0,0.0,0,0,0,0.0,3
2023-10-31 00:00:00,2578754.4999537147,2592177.883298203,0.005205374666230985,0.0,2592177.883298203,0.0,862.600097557879,0.0,0.0,0,0,0,0.0,3
2023-11-01 00:00:00,2592177.883298203,2609075.0857209433,0.006518535063357979,0.0,2609075.0857209433,0.0,-8176.382069594343,0.0,0.0,0,0,0,0.0,3
2023-11-02 00:00:00,2609075.0857209433,2630137.5044825934,0.008072753013863572,0.0,2630137.5044825934,0.0,678.7008705206681,0.0,0.0,0,0,0,0.0,3
2023-11-03 00:00:00,2630137.5044825934,2660720.5989295826,0.011627945076964947,0.0,2660720.5989295826,0.0,21029.441374955233,0.0,0.0,0,0,0,0.0,3
2023-11-06 00:00:00,2660720.5989295826,2694730.8466688874,0.012782344659934317,0.0,2694730.8466688874,0.0,16507.436826466,0.0,0.0,0,0,0,0.0,3
2023-11-07 00:00:00,2694730.8466688874,2676456.516629202,-0.006781504751124049,0.0,2676456.516629202,0.0,-2931.9169629333774,0.0,0.0,0,0,0,0.0,3
2023-11-08 00:00:00,2676456.516629202,2678730.600834624,0.0008496623021120944,0.0,2678730.600834624,0.0,-16518.58040679805,0.0,0.0,0,0,0,0.0,3
2023-11-09 00:00:00,2678730.600834624,2701215.9124755776,0.008394017537242377,0.0,2701215.9124755776,0.0,14669.91062327614,0.0,0.0,0,0,0,0.0,3
2023-11-10 00:00:00,2701215.9124755776,2718576.0424630083,0.006426783548568969,0.0,2718576.0424630083,0.0,12586.54335941642,0.0,0.0,0,0,0,0.0,3
2023-11-13 00:00:00,2718576.0424630083,2793981.815850861,0.027737231627898686,0.0,2793981.815850861,0.0,28073.795500532724,0.0,0.0,0,0,0,0.0,3
2023-11-15 00:00:00,2793981.815850861,2855104.4020202877,0.021876515381261678,0.0,2855104.4020202877,0.0,9762.411228043842,0.0,0.0,0,0,0,0.0,3
2023-11-16 00:00:00,2855104.4020202877,2872682.15294397,0.006156605310560397,0.0,2872682.15294397,0.0,-132.1475540798856,0.0,0.0,0,0,0,0.0,3
2023-11-17 00:00:00,2872682.15294397,2875089.0495925127,0.000837856929655745,0.0,2875089.0495925127,0.0,-1843.6003838748438,0.0,0.0,0,0,0,0.0,3
2023-11-20 00:00:00,2875089.0495925127,2877272.0427624136,0.0007592784544222578,0.0,2877272.0427624136,0.0,265.6256572668208,0.0,0.0,0,0,0,0.0,3
2023-11-21 00:00:00,2877272.0427624136,2868164.5509533123,-0.0031653217609404014,0.0,2868164.5509533123,0.0,-29325.163042369182,0.0,0.0,0,0,0,0.0,3
2023-11-22 00:00:00,2868164.5509533123,2891662.0824486353,0.008192532568437504,0.0,2891662.0824486353,0.0,14395.418977862108,0.0,0.0,0,0,0,0.0,3
2023-11-23 00:00:00,2891662.0824486353,2889858.3119229414,-0.0006237833032573695,0.0,2889858.3119229414,0.0,-8084.693347285269,0.0,0.0,0,0,0,0.0,3
2023-11-24 00:00:00,2889858.3119229414,2874641.3904999257,-0.005265628892680955,0.0,2874641.3904999257,0.0,-23384.11403079296,0.0,0.0,0,0,0,0.0,3
2023-11-28 00:00:00,2874641.3904999257,2907781.7401873507,0.011528516147073758,0.0,2907781.7401873507,0.0,17080.959364978247,0.0,0.0,0,0,0,0.0,3
2023-11-29 00:00:00,2907781.7401873507,2941315.187819979,0.011532312473517324,0.0,2941315.187819979,0.0,17770.304258605,0.0,0.0,0,0,0,0.0,3
2023-11-30 00:00:00,2941315.187819979,2955013.515046303,0.004657211604879661,0.0,2955013.515046303,0.0,6895.729659752338,0.0,0.0,0,0,0,0.0,3
2023-12-01 00:00:00,2955013.515046303,2977392.906449911,0.007573363468443343,929301.7508615761,2048091.1555883351,158385.25507689847,11610.88953437761,0.0,0.0,0,963.9655222255212,963.9655222255212,0.0,2
2023-12-04 00:00:00,2977392.906449911,2999357.1597800045,0.007377008685186389,929301.7508615761,2070055.4089184285,0.0,-8182.852516853018,0.0,0.0,0,0,0,0.0,2
2023-12-05 00:00:00,2999357.1597800045,3005979.9651637357,0.002208074941037336,929301.7508615761,2076678.2143021598,0.0,4263.185044583282,0.0,0.0,0,0,0,0.0,2
2023-12-06 00:00:00,3005979.9651637357,3025257.5182682676,0.006413067727642657,929301.7508615761,2095955.7674066913,0.0,9305.443654275034,0.0,0.0,0,0,0,0.0,2
2023-12-07 00:00:00,3025257.5182682676,3028314.5282238396,0.0010104957799830121,929301.7508615761,2099012.7773622633,0.0,-6743.377142542275,0.0,0.0,0,0,0,0.0,2
2023-12-08 00:00:00,3028314.5282238396,3030117.0839309264,0.0005952339792604171,929301.7508615761,2100815.33306935,0.0,-1284.8146317920182,0.0,0.0,0,0,0,0.0,2
2023-12-11 00:00:00,3030117.0839309264,3041202.25841581,0.003658332063691348,929301.7508615761,2111900.507554234,0.0,5711.1007065415615,0.0,0.0,0,0,0,0.0,2
2023-12-12 00:00:00,3041202.25841581,3032024.2329667304,-0.00301789380291345,929301.7508615761,2102722.482105154,0.0,-12462.62847081048,0.0,0.0,0,0,0,0.0,2
2023-12-13 00:00:00,3032024.2329667304,3038876.749571234,0.0022600467799687297,929301.7508615761,2109574.998709658,0.0,-5396.128561098361,0.0,0.0,0,0,0,0.0,2
2023-12-14 00:00:00,3038876.749571234,3097582.283017424,0.019318168614266083,929301.7508615761,2168280.532155848,0.0,32338.492000333383,0.0,0.0,0,0,0,0.0,2
2023-12-15 00:00:00,3097582.283017424,3138284.536223528,0.013140007104655528,929301.7508615761,2208982.7853619517,0.0,27586.926367079606,0.0,0.0,0,0,0,0.0,2
2023-12-18 00:00:00,3138284.536223528,3126465.0755368927,-0.0037662170367949617,929301.7508615761,2197163.324675317,0.0,-13193.805843526032,0.0,0.0,0,0,0,0.0,2
2023-12-19 00:00:00,3126465.0755368927,3177639.927763936,0.016368278867869762,929301.7508615761,2248338.17690236,0.0,51420.77479133243,0.0,0.0,0,0,0,0.0,2
2023-12-20 00:00:00,3177639.927763936,3119572.8490672978,-0.018273649632008303,929301.7508615761,2190271.0982057215,0.0,-68649.98584574694,0.0,0.0,0,0,0,0.0,2
2023-12-21 00:00:00,3119572.8490672978,3159099.843638868,0.012670643220717941,929301.7508615761,2229798.092777292,0.0,60200.215479624574,0.0,0.0,0,0,0,0.0,2
2023-12-22 00:00:00,3159099.843638868,3207036.9831875856,0.015174303415969355,0.0,3207036.9831875856,0.0,29781.351888515404,0.0,0.0,0,0,0,0.0,3
2023-12-26 00:00:00,3207036.9831875856,3223514.9189715786,0.005138056053103258,0.0,3223514.9189715786,0.0,1738.079006483429,0.0,0.0,0,0,0,0.0,3
2023-12-27 00:00:00,3223514.9189715786,3212030.304374356,-0.0035627614222076527,0.0,3212030.304374356,0.0,-25999.546316940687,0.0,0.0,0,0,0,0.0,3
2023-12-28 00:00:00,3212030.304374356,3251712.6717899507,0.012354294217446452,0.0,3251712.6717899507,0.0,25513.71980967163,0.0,0.0,0,0,0,0.0,3
2023-12-29 00:00:00,3251712.6717899507,3229947.3022607667,-0.006693509459801964,0.0,3229947.3022607667,0.0,-25390.839790695463,0.0,0.0,0,0,0,0.0,3
2024-01-01 00:00:00,3229947.3022607667,3207418.770672358,-0.006974891377528057,0.0,3207418.770672358,0.0,-26182.785662863287,0.0,0.0,0,0,0,0.0,3
2024-01-02 00:00:00,3207418.770672358,3197705.460361263,-0.0030283885596451635,0.0,3197705.460361263,0.0,-30056.16877734894,0.0,0.0,0,0,0,0.0,3
2024-01-03 00:00:00,3197705.460361263,3174070.800811885,-0.007391130872543752,0.0,3174070.800811885,0.0,-32143.3977193397,0.0,0.0,0,0,0,0.0,3
2024-01-04 00:00:00,3174070.800811885,3211012.2302103764,0.011638502011058602,0.0,3211012.2302103764,0.0,8226.977891515824,0.0,0.0,0,0,0,0.0,3
2024-01-05 00:00:00,3211012.2302103764,3251231.3650698103,0.012525375793040446,0.0,3251231.3650698103,0.0,7448.843750718748,0.0,0.0,0,0,0,0.0,3
2024-01-08 00:00:00,3251231.3650698103,3238437.585259204,-0.00393505671360666,0.0,3238437.585259204,0.0,-33277.73226209218,0.0,0.0,0,0,0,0.0,3
2024-01-09 00:00:00,3238437.585259204,3278451.911561185,0.012356059132996535,0.0,3278451.911561185,0.0,15016.588547606138,0.0,0.0,0,0,0,0.0,3
2024-01-10 00:00:00,3278451.911561185,3285706.155695601,0.0022127041451589975,0.0,3285706.155695601,0.0,4454.198707689531,0.0,0.0,0,0,0,0.0,3
2024-01-11 00:00:00,3285706.155695601,3308986.0278195716,0.0070851960037924275,960636.5269985796,2348349.500820992,31334.776137003537,560.1548939634813,0.0,0.0,0,996.4691130287474,996.4691130287474,0.0,2
2024-01-12 00:00:00,3308986.0278195716,3382863.30295265,0.022326257805856998,1973598.1436984711,1409265.1592541789,242795.65632797056,51680.88321144576,0.0,0.0,0,1050.7459745246597,1050.7459745246597,0.0,1
2024-01-15 00:00:00,3382863.30295265,3382057.2302457825,-0.00023828119397077444,1973598.1436984711,1408459.0865473114,0.0,-21048.514170977287,0.0,0.0,0,0,0,0.0,1
2024-01-16 00:00:00,3382057.2302457825,3372025.5796817355,-0.002966138619516506,1973598.1436984711,1398427.4359832641,0.0,-9583.74739926681,0.0,0.0,0,0,0,0.0,1
2024-01-17 00:00:00,3372025.5796817355,3403911.953640162,0.009456148301649623,1973598.1436984711,1430313.809941691,0.0,59921.11424757494,0.0,0.0,0,0,0,0.0,1
2024-01-18 00:00:00,3403911.953640162,3367009.7543997117,-0.010841114500916179,1973598.1436984711,1393411.6107012406,0.0,-34304.64382757945,0.0,0.0,0,0,0,0.0,1
2024-01-19 00:00:00,3367009.7543997117,3405165.769725333,0.011332315053665144,1973598.1436984711,1431567.6260268618,0.0,18182.37616298371,0.0,0.0,0,0,0,0.0,1
2024-01-23 00:00:00,3405165.769725333,3408032.0677890433,0.0008417499345241958,1973598.1436984711,1434433.924090572,0.0,-16122.267020686995,0.0,0.0,0,0,0,0.0,1
2024-01-24 00:00:00,3408032.0677890433,3471473.1149922563,0.01861515559164626,0.0,3471473.1149922563,0.0,61918.34490672068,0.0,0.0,0,0,0,0.0,3
2024-01-25 00:00:00,3471473.1149922563,3500343.749606627,0.008316537002601895,0.0,3500343.749606627,0.0,-9416.432524685166,0.0,0.0,0,0,0,0.0,3
2024-01-29 00:00:00,3500343.749606627,3618659.146943401,0.0338010794939984,0.0,3618659.146943401,0.0,87128.43846138066,0.0,0.0,0,0,0,0.0,3
2024-01-30 00:00:00,3618659.146943401,3585113.532824581,-0.009270177918568339,0.0,3585113.532824581,0.0,-41911.179266517516,0.0,0.0,0,0,0,0.0,3
2024-01-31 00:00:00,3585113.532824581,3609200.267057011,0.006718541550189853,1035308.3240757145,2573891.9429812967,48509.25222647884,10826.24033976905,0.0,0.0,0,1073.9262337091327,1073.9262337091327,0.0,2
2024-02-01 00:00:00,3609200.267057011,3575516.981041043,-0.0093326176226385,1035308.3240757145,2540208.656965329,0.0,-40560.478967878036,0.0,0.0,0,0,0,0.0,2
2024-02-02 00:00:00,3575516.981041043,3640682.702845566,0.01822553833475274,1035308.3240757145,2605374.3787698513,0.0,37687.03020266327,0.0,0.0,0,0,0,0.0,2
2024-02-05 00:00:00,3640682.702845566,3672077.6289679296,0.008623362342954334,1035308.3240757145,2636769.304892215,0.0,22352.136986396974,0.0,0.0,0,0,0,0.0,2
2024-02-06 00:00:00,3672077.6289679296,3728360.440045692,0.01532723889978905,1035308.3240757145,2693052.1159699773,0.0,33637.2605928916,0.0,0.0,0,0,0,0.0,2
2024-02-07 00:00:00,3728360.440045692,3702555.4139225846,-0.006921279886445518,1035308.3240757145,2667247.08984687,0.0,-46137.85346804606,0.0,0.0,0,0,0,0.0,2
2024-02-08 00:00:00,3702555.4139225846,3727973.0379225044,0.006864886857423598,1035308.3240757145,2692664.7138467897,0.0,11060.429900925606,0.0,0.0,0,0,0,0.0,2
2024-02-09 00:00:00,3727973.0379225044,3712126.5131346798,-0.004250707992420307,1035308.3240757145,2676818.1890589655,0.0,-36350.51928640483,0.0,0.0,0,0,0,0.0,2
2024-02-12 00:00:00,3712126.5131346798,3635367.783195545,-0.02067783241426123,1035308.3240757145,2600059.4591198307,0.0,-48560.708890282316,0.0,0.0,0,0,0,0.0,2
2024-02-13 00:00:00,3635367.783195545,3719601.045997047,0.02317049273277642,1035308.3240757145,2684292.721921332,0.0,58284.37728724163,0.0,0.0,0,0,0,0.0,2
2024-02-14 00:00:00,3719601.045997047,3739093.783622768,0.005240545258663847,1035308.3240757145,2703785.459547053,0.0,37700.53035334381,0.0,0.0,0,0,0,0.0,2
2024-02-15 00:00:00,3739093.783622768,3785151.95161686,0.012318002879688927,1035308.3240757145,2749843.627541146,0.0,27985.04054699326,0.0,0.0,0,0,0,0.0,2
2024-02-16 00:00:00,3785151.95161686,3790370.920751634,0.0013788004290144103,1035308.3240757145,2755062.5966759194,0.0,-12408.509289885173,0.0,0.0,0,0,0,0.0,2
2024-02-19 00:00:00,3790370.920751634,3720641.8766685845,-0.018396364245328842,1035308.3240757145,2685333.55259287,0.0,-81294.48229827825,0.0,0.0,0,0,0,0.0,2
2024-02-20 00:00:00,3720641.8766685845,3652024.347216801,-0.01844239024510013,1035308.3240757145,2616716.023141086,0.0,-72243.08444094728,0.0,0.0,0,0,0,0.0,2
2024-02-21 00:00:00,3652024.347216801,3598452.2641187897,-0.014669147301506424,1035308.3240757145,2563143.940043075,0.0,-68477.9658533067,0.0,0.0,0,0,0,0.0,2
2024-02-22 00:00:00,3598452.2641187897,3662129.620940121,0.017695762552216287,0.0,3662129.620940121,0.0,44061.87460514426,0.0,0.0,0,0,0,0.0,3
2024-02-23 00:00:00,3662129.620940121,3632432.795287531,-0.008109168360066518,0.0,3632432.795287531,0.0,-48762.17898631678,0.0,0.0,0,0,0,0.0,3
2024-02-26 00:00:00,3632432.795287531,3587646.2290954916,-0.012329633806341113,0.0,3587646.2290954916,0.0,-42687.29746457911,0.0,0.0,0,0,0,0.0,3
2024-02-27 00:00:00,3587646.2290954916,3616135.7484852825,0.007941005765491447,0.0,3616135.7484852825,0.0,25078.76782000449,0.0,0.0,0,0,0,0.0,3
2024-02-28 00:00:00,3616135.7484852825,3516258.164104494,-0.02761997649635393,0.0,3516258.164104494,0.0,-103468.403877198,0.0,0.0,0,0,0,0.0,3
2024-02-29 00:00:00,3516258.164104494,3529356.3755068164,0.0037250425853354342,0.0,3529356.3755068164,0.0,-6222.588282003882,0.0,0.0,0,0,0,0.0,3
2024-03-01 00:00:00,3529356.3755068164,3584245.2757628346,0.015552099141061123,0.0,3584245.2757628346,0.0,30944.173962614266,0.0,0.0,0,0,0,0.0,3
2024-03-04 00:00:00,3584245.2757628346,3652139.643202821,0.01894244456401948,0.0,3652139.643202821,0.0,25164.436017329106,0.0,0.0,0,0,0,0.0,3
2024-03-05 00:00:00,3652139.643202821,3629318.854865298,-0.006248607820896323,0.0,3629318.854865298,0.0,-20545.45453869691,0.0,0.0,0,0,0,0.0,3
2024-03-06 00:00:00,3629318.854865298,3615817.317345419,-0.0037201298810600873,1354656.591975237,2261160.7253701817,668002.841952551,-9875.953840371454,0.0,0.0,0,1405.1864724337158,1405.1864724337158,0.0,2
2024-03-07 00:00:00,3615817.317345419,3585501.5500164675,-0.008384208788293561,1354656.591975237,2230844.95804123,0.0,-28096.318928688066,0.0,0.0,0,0,0,0.0,2
2024-03-11 00:00:00,3585501.5500164675,3575958.771242719,-0.002661490628474136,1354656.591975237,2221302.1792674824,0.0,-3183.9551351314876,0.0,0.0,0,0,0,0.0,2
2024-03-12 00:00:00,3575958.771242719,3562321.779102333,-0.0038135205165262904,1354656.591975237,2207665.1871270956,0.0,-14623.296687697875,0.0,0.0,0,0,0,0.0,2
2024-03-13 00:00:00,3562321.779102333,3432125.956338199,-0.036548024248652236,1354656.591975237,2077469.3643629616,0.0,-134388.0828666297,0.0,0.0,0,0,0,0.0,2
2024-03-14 00:00:00,3432125.956338199,3478166.4428054783,0.013414567837248308,1354656.591975237,2123509.850830241,0.0,40921.77377562178,0.0,0.0,0,0,0,0.0,2
2024-03-15 00:00:00,3478166.4428054783,3408823.5587875973,-0.019936620388399023,1354656.591975237,2054166.9668123606,0.0,-35640.716929579736,0.0,0.0,0,0,0,0.0,2
2024-03-18 00:00:00,3408823.5587875973,3419326.2097863653,0.0030810192483248875,1354656.591975237,2064669.6178111283,0.0,8533.714263974922,0.0,0.0,0,0,0,0.0,2
2024-03-19 00:00:00,3419326.2097863653,3371533.515122639,-0.013977225842606073,1354656.591975237,2016876.9231474018,0.0,-31280.06590920966,0.0,0.0,0,0,0,0.0,2
2024-03-20 00:00:00,3371533.515122639,3377184.3491066415,0.0016760426549688096,2275988.5579737704,1101195.7911328713,-113976.35807718086,-787.4738855981268,0.0,0.0,0,955.6984573885023,955.6984573885023,0.0,1
2024-03-21 00:00:00,3377184.3491066415,3410128.2564144675,0.009754844243708684,2275988.5579737704,1134139.698440697,0.0,21131.375965560088,0.0,0.0,0,0,0,0.0,1
2024-03-22 00:00:00,3410128.2564144675,3446534.189083509,0.010675825051612632,0.0,3446534.189083509,0.0,39424.570295716636,0.0,0.0,0,0,0,0.0,3
2024-03-26 00:00:00,3446534.189083509,3472638.014228456,0.007573934774135661,0.0,3472638.014228456,0.0,33598.278982001124,0.0,0.0,0,0,0,0.0,3
2024-03-27 00:00:00,3472638.014228456,3472986.3299344108,0.000100302912231971,0.0,3472986.3299344108,0.0,-19493.897310527274,0.0,0.0,0,0,0,0.0,3
2024-03-28 00:00:00,3472986.3299344108,3485280.2248605336,0.0035398627458332185,1127588.7671663812,2357691.4576941524,140789.69531714573,1019.9317245010752,0.0,0.0,0,1169.6488183622068,1169.6488183622068,0.0,2
2024-04-01 00:00:00,3485280.2248605336,3471383.560792022,-0.003987244402727409,2290044.3017678163,1181339.2590242056,24461.255614549944,-19943.347313271835,0.0,0.0,0,1205.8161468404828,1205.8161468404828,0.0,1
2024-04-02 00:00:00,3471383.560792022,3501948.4788602013,0.008804823072102634,2290044.3017678163,1211904.1770923852,0.0,16474.66605218756,0.0,0.0,0,0,0,0.0,1
2024-04-03 00:00:00,3501948.4788602013,3476387.261838669,-0.00729914137110661,2290044.3017678163,1186342.960070853,0.0,-22014.1936217139,0.0,0.0,0,0,0,0.0,1
2024-04-04 00:00:00,3476387.261838669,3484970.747616049,0.0024690821622790435,2290044.3017678163,1194926.4458482324,0.0,934.1843826137483,0.0,0.0,0,0,0,0.0,1
2024-04-05 00:00:00,3484970.747616049,3467117.696348634,-0.005122869762860274,2290044.3017678163,1177073.3945808178,0.0,-15743.087190963794,0.0,0.0,0,0,0,0.0,1
2024-04-08 00:00:00,3467117.696348634,3469861.34650558,0.0007913345889109486,2290044.3017678163,1179817.0447377637,0.0,-2416.9885751230177,0.0,0.0,0,0,0,0.0,1
2024-04-09 00:00:00,3469861.34650558,3463119.8443310093,-0.0019428736486430235,2290044.3017678163,1173075.5425631928,0.0,-14514.94379893248,0.0,0.0,0,0,0,0.0,1
2024-04-10 00:00:00,3463119.8443310093,3466601.7323074206,0.0010054194289900126,2290044.3017678163,1176557.4305396043,0.0,-3821.4551681641024,0.0,0.0,0,0,0,0.0,1
2024-04-12 00:00:00,3466601.7323074206,3474349.0835110135,0.002234854708399459,2290044.3017678163,1184304.7817431975,0.0,15129.016842651181,0.0,0.0,0,0,0,0.0,1
2024-04-15 00:00:00,3474349.0835110135,3465491.165848572,-0.0025495186147185696,2290044.3017678163,1175446.8640807557,0.0,-8106.684960079379,0.0,0.0,0,0,0,0.0,1
2024-04-16 00:00:00,3465491.165848572,3455313.7818225706,-0.0029367796768020728,2290044.3017678163,1165269.4800547543,0.0,-3769.1448001060635,0.0,0.0,0,0,0,0.0,1
2024-04-18 00:00:00,3455313.7818225706,3468659.4364904463,0.0038623567960986488,2290044.3017678163,1178615.1347226298,0.0,6976.52876658435,0.0,0.0,0,0,0,0.0,1
2024-04-19 00:00:00,3468659.4364904463,3440334.9097178625,-0.008165842536920343,2290044.3017678163,1150290.6079500462,0.0,-35346.799854023615,0.0,0.0,0,0,0,0.0,1
2024-04-22 00:00:00,3440334.9097178625,3439191.7110075736,-0.0003322928552855933,2290044.3017678163,1149147.4092397576,0.0,-11529.688641151413,0.0,0.0,0,0,0,0.0,1
2024-04-23 00:00:00,3439191.7110075736,3406603.8916666633,-0.009475429716991004,0.0,3406603.8916666633,0.0,-39022.28138766019,0.0,0.0,0,0,0,0.0,3
2024-04-24 00:00:00,3406603.8916666633,3366507.858213607,-0.011770089722242215,1123133.8909547431,2243373.967258864,-21888.259929165066,-63239.50045250356,0.0,0.0,0,1165.0277713558705,1165.0277713558705,0.0,2
2024-04-25 00:00:00,3366507.858213607,3381934.3452156065,0.004582341004896731,1123133.8909547431,2258800.4542608634,0.0,13373.73828311637,0.0,0.0,0,0,0,0.0,2
2024-04-26 00:00:00,3381934.3452156065,3418455.380409596,0.010798859902663549,1123133.8909547431,2295321.489454853,0.0,33788.684480204945,0.0,0.0,0,0,0,0.0,2
2024-04-29 00:00:00,3418455.380409596,3386338.8362427815,-0.009395045595992645,1123133.8909547431,2263204.9452880383,0.0,-27984.831922845915,0.0,0.0,0,0,0,0.0,2
2024-04-30 00:00:00,3386338.8362427815,3413992.3866148163,0.008166208908591382,1123133.8909547431,2290858.495660073,0.0,19340.721630085958,0.0,0.0,0,0,0,0.0,2
2024-05-02 00:00:00,3413992.3866148163,3435156.9649012256,0.0061993630593287176,1123133.8909547431,2312023.0739464825,0.0,2544.6654876607936,0.0,0.0,0,0,0,0.0,2
2024-05-03 00:00:00,3435156.9649012256,3428140.761304651,-0.002042469578031775,1123133.8909547431,2305006.870349908,0.0,-16518.07464925712,0.0,0.0,0,0,0,0.0,2
2024-05-06 00:00:00,3428140.761304651,3421845.4605543446,-0.001836360053054103,1123133.8909547431,2298711.5695996014,0.0,-17234.36167931324,0.0,0.0,0,0,0,0.0,2
2024-05-07 00:00:00,3421845.4605543446,3331741.065259248,-0.026332105389849928,1123133.8909547431,2208607.174304505,0.0,-77254.8124619769,0.0,0.0,0,0,0,0.0,2
2024-05-08 00:00:00,3331741.065259248,3338221.885615236,0.0019451752789449814,1123133.8909547431,2215087.994660493,0.0,16987.396423704457,0.0,0.0,0,0,0,0.0,2
2024-05-09 00:00:00,3338221.885615236,3313607.7519315784,-0.007373426490828168,2271645.242910572,1041962.5090210064,10517.072968943481,-33211.80093840894,0.0,0.0,0,1191.351833937254,1191.351833937254,0.0,1
2024-05-10 00:00:00,3313607.7519315784,3322188.748250258,0.002589623444017388,2271645.242910572,1050543.505339686,0.0,18115.501332768472,0.0,0.0,0,0,0,0.0,1
2024-05-13 00:00:00,3322188.748250258,3315037.869489691,-0.002152460110622307,2271645.242910572,1043392.6265791194,0.0,-2224.7566326209344,0.0,0.0,0,0,0,0.0,1
2024-05-14 00:00:00,3315037.869489691,3350633.393671623,0.010737592022564506,2271645.242910572,1078988.150761051,0.0,29398.057126773754,0.0,0.0,0,0,0,0.0,1
2024-05-15 00:00:00,3350633.393671623,3357943.142053091,0.0021816019607737453,2271645.242910572,1086297.899142519,0.0,-2065.8870117196348,0.0,0.0,0,0,0,0.0,1
2024-05-16 00:00:00,3357943.142053091,3355400.6461786674,-0.000757158703071136,2271645.242910572,1083755.4032680956,0.0,-5402.92497065058,0.0,0.0,0,0,0,0.0,1
2024-05-17 00:00:00,3355400.6461786674,3366365.36574087,0.0032677825149404964,2271645.242910572,1094720.122830298,0.0,3337.1349489314016,0.0,0.0,0,0,0,0.0,1
2024-05-21 00:00:00,3366365.36574087,3349203.1791235097,-0.005098135452562023,2271645.242910572,1077557.9362129376,0.0,-25266.47708333563,0.0,0.0,0,0,0,0.0,1
2024-05-22 00:00:00,3349203.1791235097,3314238.563047087,-0.010439681979990576,0.0,3314238.563047087,0.0,-45929.33563862485,0.0,0.0,0,0,0,0.0,3
2024-05-23 00:00:00,3314238.563047087,3320256.209656783,0.0018156950669729439,0.0,3320256.209656783,0.0,-14924.56047047372,0.0,0.0,0,0,0,0.0,3
2024-05-24 00:00:00,3320256.209656783,3375932.1593501624,0.01676857030835422,0.0,3375932.1593501624,0.0,40077.37327573984,0.0,0.0,0,0,0,0.0,3
2024-05-27 00:00:00,3375932.1593501624,3330475.1949237133,-0.013465011226765619,0.0,3330475.1949237133,0.0,-56927.75881481962,0.0,0.0,0,0,0,0.0,3
2024-05-28 00:00:00,3330475.1949237133,3299612.6587767536,-0.009266706503024018,0.0,3299612.6587767536,0.0,-38108.233101374004,0.0,0.0,0,0,0,0.0,3
2024-05-29 00:00:00,3299612.6587767536,3298544.6751094116,-0.0003236694054077001,0.0,3298544.6751094116,0.0,10703.709252877627,0.0,0.0,0,0,0,0.0,3
2024-05-30 00:00:00,3298544.6751094116,3264137.9734630813,-0.010430873319970736,0.0,3264137.9734630813,0.0,-8585.32077116589,0.0,0.0,0,0,0,0.0,3
2024-05-31 00:00:00,3264137.9734630813,3259297.173580949,-0.0014830255097937103,0.0,3259297.173580949,0.0,-30939.508685623296,0.0,0.0,0,0,0,0.0,3
2024-06-03 00:00:00,3259297.173580949,3413597.5563940173,0.04734161219289501,0.0,3413597.5563940173,0.0,66951.18822406256,0.0,0.0,0,0,0,0.0,3
2024-06-04 00:00:00,3413597.5563940173,3077307.036118056,-0.09851498740560516,1081905.306106953,1995401.7300111032,-53917.315348332995,-318607.49164329644,0.0,0.0,0,1122.2613240887986,1122.2613240887986,0.0,2
2024-06-05 00:00:00,3077307.036118056,3175321.1435689023,0.03185061038773966,1081905.306106953,2093415.8374619493,0.0,37641.220450678375,0.0,0.0,0,0,0,0.0,2
2024-06-06 00:00:00,3175321.1435689023,3219636.016874342,0.013956028792612846,1081905.306106953,2137730.7107673893,0.0,38550.13949292735,0.0,0.0,0,0,0,0.0,2
2024-06-07 00:00:00,3219636.016874342,3255796.994562217,0.011231386870550752,1081905.306106953,2173891.688455264,0.0,32011.12938884576,0.0,0.0,0,0,0,0.0,2
2024-06-10 00:00:00,3255796.994562217,3257476.647015404,0.0005158959406843399,1081905.306106953,2175571.340908451,0.0,-12217.755325740203,0.0,0.0,0,0,0,0.0,2
2024-06-11 00:00:00,3257476.647015404,3261256.948604919,0.0011604999817815067,1081905.306106953,2179351.642497966,0.0,-13430.370534891495,0.0,0.0,0,0,0,0.0,2
2024-06-12 00:00:00,3261256.948604919,3267455.770869865,0.001900746357197571,1081905.306106953,2185550.464762912,0.0,-1711.4515981469303,0.0,0.0,0,0,0,0.0,2
2024-06-13 00:00:00,3267455.770869865,3280993.851733163,0.004143309600084899,1081905.306106953,2199088.54562621,0.0,-1809.5559141992126,0.0,0.0,0,0,0,0.0,2
2024-06-14 00:00:00,3280993.851733163,3361004.988363838,0.02438625009565607,1081905.306106953,2279099.682256885,0.0,70458.72565000225,0.0,0.0,0,0,0,0.0,2
2024-06-18 00:00:00,3361004.988363838,3322290.2007569326,-0.011518812897017406,2146440.8673797604,1175849.3333771722,-80486.58961110079,-37521.91254507098,0.0,0.0,0,1104.2436725192758,1104.2436725192758,0.0,1
2024-06-19 00:00:00,3322290.2007569326,3279457.479524391,-0.012892528540337343,2146440.8673797604,1133016.6121446304,0.0,-47739.46399485809,0.0,0.0,0,0,0,0.0,1
2024-06-20 00:00:00,3279457.479524391,3278834.158867728,-0.00019006822334321135,2146440.8673797604,1132393.2914879676,0.0,-8049.42975841579,0.0,0.0,0,0,0,0.0,1
2024-06-21 00:00:00,3278834.158867728,3260282.067577636,-0.00565813651779773,2146440.8673797604,1113841.2001978753,0.0,-25275.33964215475,0.0,0.0,0,0,0,0.0,1
2024-06-24 00:00:00,3260282.067577636,3337053.5174137177,0.023547487071608628,0.0,3337053.5174137177,0.0,78144.10491345916,0.0,0.0,0,0,0,0.0,3
2024-06-25 00:00:00,3337053.5174137177,3299888.3663398004,-0.011137115686032211,0.0,3299888.3663398004,0.0,-43876.877295549726,0.0,0.0,0,0,0,0.0,3
2024-06-26 00:00:00,3299888.3663398004,3268626.400985209,-0.009473643312748496,0.0,3268626.400985209,0.0,-40830.41005544248,0.0,0.0,0,0,0,0.0,3
2024-06-27 00:00:00,3268626.400985209,3297817.3379012467,0.008930643437022774,0.0,3297817.3379012467,0.0,19069.547398270806,0.0,0.0,0,0,0,0.0,3
2024-06-28 00:00:00,3297817.3379012467,3306411.6503921775,0.0026060608003232403,0.0,3306411.6503921775,0.0,-18342.37295112945,0.0,0.0,0,0,0,0.0,3
2024-07-01 00:00:00,3306411.6503921775,3312570.3528889776,0.0018626544870992137,1062453.148515107,2250117.2043738705,-10767.285174773113,37936.16988621489,0.0,0.0,0,1102.083583937064,1102.083583937064,0.0,2
2024-07-02 00:00:00,3312570.3528889776,3343539.963233012,0.009349117768027104,1062453.148515107,2281086.8147179047,0.0,37000.7446822389,0.0,0.0,0,0,0,0.0,2
2024-07-03 00:00:00,3343539.963233012,3339696.7666045805,-0.0011494394177107945,1062453.148515107,2277243.6180894733,0.0,-15178.007054637885,0.0,0.0,0,0,0,0.0,2
2024-07-04 00:00:00,3339696.7666045805,3338982.259074048,-0.00021394383396632167,1062453.148515107,2276529.110558941,0.0,-21019.360425500898,0.0,0.0,0,0,0,0.0,2
2024-07-05 00:00:00,3338982.259074048,3313865.3529391,-0.007522323925708262,1062453.148515107,2251412.204423993,0.0,-35197.45822620578,0.0,0.0,0,0,0,0.0,2
2024-07-08 00:00:00,3313865.3529391,3272060.4319818337,-0.012615153756983263,1062453.148515107,2209607.2834667265,0.0,-43764.50195140485,0.0,0.0,0,0,0,0.0,2
2024-07-09 00:00:00,3272060.4319818337,3281273.5970127406,0.002815707479255401,1062453.148515107,2218820.4484976334,0.0,-14377.12414709269,0.0,0.0,0,0,0,0.0,2
2024-07-10 00:00:00,3281273.5970127406,3250521.037293735,-0.009372141276790395,1062453.148515107,2188067.888778628,0.0,-41358.562468439806,0.0,0.0,0,0,0,0.0,2
2024-07-11 00:00:00,3250521.037293735,3242091.7681254065,-0.002593205542009473,1062453.148515107,2179638.6196102994,0.0,-25535.731053695315,0.0,0.0,0,0,0,0.0,2
2024-07-12 00:00:00,3242091.7681254065,3186743.9164558286,-0.01707164868487985,1062453.148515107,2124290.7679407215,0.0,-49742.706105991965,0.0,0.0,0,0,0,0.0,2
2024-07-15 00:00:00,3186743.9164558286,3191492.7654735516,0.0014901884626501401,2097310.9727839064,1094181.7926896452,-38362.60942108097,5417.1800582257565,0.0,0.0,0,1073.4589298638177,1073.4589298638177,0.0,1
2024-07-16 00:00:00,3191492.7654735516,3188993.11707477,-0.000783222329633188,2097310.9727839064,1091682.1442908638,0.0,-7518.991323082941,0.0,0.0,0,0,0,0.0,1
2024-07-18 00:00:00,3188993.11707477,3144018.5432130955,-0.014103063948576067,2097310.9727839064,1046707.5704291892,0.0,-45292.85288583499,0.0,0.0,0,0,0,0.0,1
2024-07-19 00:00:00,3144018.5432130955,3107862.532547784,-0.011499935566016441,2097310.9727839064,1010551.5597638774,0.0,-37064.38697644556,0.0,0.0,0,0,0,0.0,1
2024-07-22 00:00:00,3107862.532547784,3120652.812541496,0.004115458730803859,2097310.9727839064,1023341.8397575899,0.0,25434.56413544179,0.0,0.0,0,0,0,0.0,1
2024-07-23 00:00:00,3120652.812541496,3121313.2302838787,0.00021162807337253358,0.0,3121313.2302838787,0.0,-5970.02161717636,0.0,0.0,0,0,0,0.0,3
2024-07-24 00:00:00,3121313.2302838787,3084861.373972057,-0.011678371769342291,0.0,3084861.373972057,0.0,-53929.789089803235,0.0,0.0,0,0,0,0.0,3
2024-07-25 00:00:00,3084861.373972057,3092291.593635407,0.002408607312484446,0.0,3092291.593635407,0.0,41624.46677736612,0.0,0.0,0,0,0,0.0,3
2024-07-26 00:00:00,3092291.593635407,3186315.3969759513,0.03040586584203942,0.0,3186315.3969759513,0.0,45581.55815051356,0.0,0.0,0,0,0,0.0,3
2024-07-29 00:00:00,3186315.3969759513,3188634.307080318,0.0007277716783993724,0.0,3188634.307080318,0.0,-19049.81491711142,0.0,0.0,0,0,0,0.0,3
2024-07-30 00:00:00,3188634.307080318,3184454.90530352,-0.0013107184375197136,1040603.421652366,2143851.483651154,-8052.06473958708,-13752.229499072884,0.0,0.0,0,1079.4188430752292,1079.4188430752292,0.0,2
2024-07-31 00:00:00,3184454.90530352,3157816.549203221,-0.008365122726635046,1040603.421652366,2117213.1275508553,0.0,-23602.19654096209,0.0,0.0,0,0,0,0.0,2
2024-08-01 00:00:00,3157816.549203221,3130099.1004205504,-0.008777409438070248,1040603.421652366,2089495.6787681845,0.0,-34510.7936185709,0.0,0.0,0,0,0,0.0,2
2024-08-02 00:00:00,3130099.1004205504,3085872.7535855547,-0.01412937591306731,1040603.421652366,2045269.3319331887,0.0,-18874.286216763314,0.0,0.0,0,0,0,0.0,2
2024-08-05 00:00:00,3085872.7535855547,3052470.824830997,-0.01082414325598724,1040603.421652366,2011867.4031786309,0.0,-2064.834447057103,0.0,0.0,0,0,0,0.0,2
2024-08-06 00:00:00,3052470.824830997,3054694.088974151,0.0007283490230499152,1040603.421652366,2014090.667321785,0.0,-6133.107863742742,0.0,0.0,0,0,0,0.0,2
2024-08-07 00:00:00,3054694.088974151,3125035.7516488805,0.023027400003367393,1040603.421652366,2084432.3299965146,0.0,44780.335930067464,0.0,0.0,0,0,0,0.0,2
2024-08-08 00:00:00,3125035.7516488805,3123948.127497225,-0.00034803574681716953,1040603.421652366,2083344.7058448591,0.0,-9163.228107564733,0.0,0.0,0,0,0,0.0,2
2024-08-09 00:00:00,3123948.127497225,3122835.7879858417,-0.00035606849601388363,1040603.421652366,2082232.3663334758,0.0,-26185.032607673784,0.0,0.0,0,0,0,0.0,2
2024-08-12 00:00:00,3122835.7879858417,3085744.4790886007,-0.011877444545735808,1040603.421652366,2045141.0574362348,0.0,-39581.91712404939,0.0,0.0,0,0,0,0.0,2
2024-08-13 00:00:00,3085744.4790886007,3042333.133519873,-0.014068353962201558,1040603.421652366,2001729.711867507,0.0,-63723.11182282632,0.0,0.0,0,0,0,0.0,2
2024-08-14 00:00:00,3042333.133519873,3043050.592632112,0.00023582529616307835,2047392.0784364473,995658.5141956647,-129033.9646712047,-12228.065869176411,0.0,0.0,0,1044.3427577832683,1044.3427577832683,0.0,1
2024-08-16 00:00:00,3043050.592632112,3064665.8072781106,0.007103140085259737,2047392.0784364473,1017273.7288416631,0.0,13216.099501815974,0.0,0.0,0,0,0,0.0,1
2024-08-19 00:00:00,3064665.8072781106,3081587.447535698,0.005521528715268364,2047392.0784364473,1034195.3690992505,0.0,12227.9904812905,0.0,0.0,0,0,0,0.0,1
2024-08-20 00:00:00,3081587.447535698,3105425.9263248504,0.0077357787812303925,2047392.0784364473,1058033.847888403,0.0,18033.23463522154,0.0,0.0,0,0,0,0.0,1
2024-08-21 00:00:00,3105425.9263248504,3097026.8865685537,-0.0027046337460821684,2047392.0784364473,1049634.8081321064,0.0,-11363.442205759231,0.0,0.0,0,0,0,0.0,1
2024-08-22 00:00:00,3097026.8865685537,3113854.419681014,0.005433447538166149,0.0,3113854.419681014,0.0,12875.021642472013,0.0,0.0,0,0,0,0.0,3
2024-08-23 00:00:00,3113854.419681014,3157827.7660144162,0.014121837570655238,0.0,3157827.7660144162,0.0,29083.013813490164,0.0,0.0,0,0,0,0.0,3
2024-08-26 00:00:00,3157827.7660144162,3169306.770779854,0.003635095266745942,0.0,3169306.770779854,0.0,7654.543817301164,0.0,0.0,0,0,0,0.0,3
2024-08-27 00:00:00,3169306.770779854,3184327.8618558096,0.004739551000378315,1017839.8765345586,2166487.9853212507,-5856.1626836651085,18418.53534593247,0.0,0.0,0,1055.8061977349535,1055.8061977349535,0.0,2
2024-08-28 00:00:00,3184327.8618558096,3216408.997614626,0.01007469618411703,1017839.8765345586,2198569.1210800675,0.0,22241.58561854204,0.0,0.0,0,0,0,0.0,2
2024-08-29 00:00:00,3216408.997614626,3237202.1640362423,0.0064647146668962855,1017839.8765345586,2219362.2875016835,0.0,34313.66001699399,0.0,0.0,0,0,0,0.0,2
2024-08-30 00:00:00,3237202.1640362423,3275367.1012358293,0.011789482171852312,1017839.8765345586,2257527.2247012705,0.0,31902.26238538674,0.0,0.0,0,0,0,0.0,2
2024-09-02 00:00:00,3275367.1012358293,3251297.147299244,-0.007348780516084254,1017839.8765345586,2233457.2707646852,0.0,-31333.515185009688,0.0,0.0,0,0,0,0.0,2
2024-09-03 00:00:00,3251297.147299244,3248833.864794733,-0.0007576306910481072,1017839.8765345586,2230993.9882601746,0.0,-2358.3882012842223,0.0,0.0,0,0,0,0.0,2
2024-09-04 00:00:00,3248833.864794733,3223284.390443283,-0.007864198483126847,1017839.8765345586,2205444.5139087248,0.0,-6347.167284404626,0.0,0.0,0,0,0,0.0,2
2024-09-05 00:00:00,3223284.390443283,3233626.973108667,0.0032087093202351437,1017839.8765345586,2215787.096574108,0.0,-4633.860141321784,0.0,0.0,0,0,0,0.0,2
2024-09-06 00:00:00,3233626.973108667,3183058.881742551,-0.015638195681396738,2137870.6018967526,1045188.2798457984,96334.68614397041,-49653.25100724213,0.0,0.0,0,1161.8088549617066,1161.8088549617066,0.0,1
2024-09-09 00:00:00,3183058.881742551,3179106.370272563,-0.001241733696055402,2137870.6018967526,1041235.76837581,0.0,1358.6404797369614,0.0,0.0,0,0,0,0.0,1
2024-09-10 00:00:00,3179106.370272563,3188740.5651514875,0.003030472641309779,2137870.6018967526,1050869.963254735,0.0,4075.996827096911,0.0,0.0,0,0,0,0.0,1
2024-09-11 00:00:00,3188740.5651514875,3195163.386866733,0.002014218963260299,2137870.6018967526,1057292.7849699804,0.0,-14451.33001233032,0.0,0.0,0,0,0,0.0,1
2024-09-12 00:00:00,3195163.386866733,3208626.6078585377,0.004213625208383207,2137870.6018967526,1070756.005961785,0.0,6299.33635813673,0.0,0.0,0,0,0,0.0,1
2024-09-13 00:00:00,3208626.6078585377,3196275.056632253,-0.0038494822663483245,2137870.6018967526,1058404.4547355003,0.0,-17662.703176010167,0.0,0.0,0,0,0,0.0,1
2024-09-16 00:00:00,3196275.056632253,3196892.634193567,0.00019321790220549003,2137870.6018967526,1059022.0322968145,0.0,617.5775613142177,0.0,0.0,0,0,0,0.0,1
2024-09-17 00:00:00,3196892.634193567,3201215.677122767,0.0013522640338187336,2137870.6018967526,1063345.0752260142,0.0,8028.5082970850635,0.0,0.0,0,0,0,0.0,1
2024-09-18 00:00:00,3201215.677122767,3195780.964428047,-0.0016977027613473972,2137870.6018967526,1057910.3625312946,0.0,617.5775613142177,0.0,0.0,0,0,0,0.0,1
2024-09-19 00:00:00,3195780.964428047,3100797.5053427625,-0.02972151725745198,2137870.6018967526,962926.90344601,0.0,-82014.33029768546,0.0,0.0,0,0,0,0.0,1
2024-09-20 00:00:00,3100797.5053427625,3096968.5546177686,-0.0012348277236409154,2137870.6018967526,959097.952721016,0.0,-11733.973664970603,0.0,0.0,0,0,0,0.0,1
2024-09-23 00:00:00,3096968.5546177686,3135134.878062143,0.012323768475939498,2137870.6018967526,997264.2761653904,0.0,9387.224164707935,0.0,0.0,0,0,0,0.0,1
2024-09-24 00:00:00,3135134.878062143,3116127.2539656926,-0.006062777148586089,0.0,3116127.2539656926,0.0,-19007.624096450163,0.0,0.0,0,0,0,0.0,3
2024-09-25 00:00:00,3116127.2539656926,3076663.6458231667,-0.01266431211764639,0.0,3076663.6458231667,0.0,-33233.74449638405,0.0,0.0,0,0,0,0.0,3
2024-09-26 00:00:00,3076663.6458231667,3080883.662422102,0.001371621043029605,963779.9063867242,2117103.7560353777,-84875.58000522897,-7017.338373176288,0.0,0.0,0,999.7297432283963,999.7297432283963,0.0,2
2024-09-27 00:00:00,3080883.662422102,3098969.5102292546,0.005870344287175742,963779.9063867242,2135189.6038425304,0.0,16606.13207697065,0.0,0.0,0,0,0,0.0,2
2024-09-30 00:00:00,3098969.5102292546,3109207.1324461936,0.0033035569350218096,963779.9063867242,2145427.2260594694,0.0,19335.22946362768,0.0,0.0,0,0,0,0.0,2
2024-10-01 00:00:00,3109207.1324461936,3108017.6769202687,-0.00038255911403017515,963779.9063867242,2144237.7705335445,0.0,-7151.599928678945,0.0,0.0,0,0,0,0.0,2
2024-10-03 00:00:00,3108017.6769202687,3062092.6066271444,-0.014776322102077424,963779.9063867242,2098312.70024042,0.0,6499.13841685385,0.0,0.0,0,0,0,0.0,2
2024-10-04 00:00:00,3062092.6066271444,3022413.4128158973,-0.012958195230729238,963779.9063867242,2058633.506429173,0.0,-26999.50471860566,0.0,0.0,0,0,0,0.0,2
2024-10-07 00:00:00,3022413.4128158973,2966008.225092019,-0.01866230062528977,963779.9063867242,2002228.318705295,0.0,-61406.34224054497,0.0,0.0,0,0,0,0.0,2
2024-10-08 00:00:00,2966008.225092019,3007794.8668096,0.014088511745878475,963779.9063867242,2044014.9604228758,0.0,37241.83145869151,0.0,0.0,0,0,0,0.0,2
2024-10-09 00:00:00,3007794.8668096,3012179.9830066217,0.001457917308593926,963779.9063867242,2048400.0766198977,0.0,-7600.1593548256205,0.0,0.0,0,0,0,0.0,2
2024-10-10 00:00:00,3012179.9830066217,3003091.3257447034,-0.0030173021908360244,963779.9063867242,2039311.4193579792,0.0,-14986.00593288918,0.0,0.0,0,0,0,0.0,2
2024-10-11 00:00:00,3003091.3257447034,3012859.365202031,0.003252661473725052,963779.9063867242,2049079.4588153067,0.0,1539.3128797021927,0.0,0.0,0,0,0,0.0,2
2024-10-14 00:00:00,3012859.365202031,3025917.8540139743,0.004334251031683173,963779.9063867242,2062137.94762725,0.0,5591.530478112865,0.0,0.0,0,0,0,0.0,2
2024-10-15 00:00:00,3025917.8540139743,3040364.545616396,0.004774317182225377,963779.9063867242,2076584.6392296716,0.0,3952.066111367545,0.0,0.0,0,0,0,0.0,2
2024-10-16 00:00:00,3040364.545616396,3073627.9681665446,0.010940603355643017,963779.9063867242,2109848.0617798204,0.0,12501.214114367845,0.0,0.0,0,0,0,0.0,2
2024-10-17 00:00:00,3073627.9681665446,3012322.957882466,-0.019945488171962445,1942407.971081224,1069914.986801242,-90307.23625387647,-26991.396022749366,0.0,0.0,0,1015.1317508798099,1015.1317508798099,0.0,1
2024-10-18 00:00:00,3012322.957882466,3086048.158111914,0.024474533859833517,1942407.971081224,1143640.18703069,0.0,73743.99859139882,0.0,0.0,0,0,0,0.0,1
2024-10-21 00:00:00,3086048.158111914,3077694.124502841,-0.0027070328073506974,1942407.971081224,1135286.1534216169,0.0,-7286.342270303983,0.0,0.0,0,0,0,0.0,1
2024-10-22 00:00:00,3077694.124502841,2948287.011313844,-0.04204677526552475,0.0,2948287.011313844,0.0,-120978.20097944641,0.0,0.0,0,0,0,0.0,3
2024-10-23 00:00:00,2948287.011313844,2982175.197667687,0.011494195179709324,0.0,2982175.197667687,0.0,38907.23370136251,0.0,0.0,0,0,0,0.0,3
2024-10-24 00:00:00,2982175.197667687,2950669.30323835,-0.010564736254924762,0.0,2950669.30323835,0.0,-45881.39586210658,0.0,0.0,0,0,0,0.0,3
2024-10-25 00:00:00,2950669.30323835,2879014.6293214615,-0.024284210310605684,0.0,2879014.6293214615,0.0,-67165.9751745587,0.0,0.0,0,0,0,0.0,3
2024-10-28 00:00:00,2879014.6293214615,2863511.232597902,-0.0053849662886963166,0.0,2863511.232597902,0.0,-8630.926079465076,0.0,0.0,0,2979.2755833382334,2979.2755833382334,0.0,1
2024-10-29 00:00:00,2863511.232597902,2886147.8714368106,0.00790520343737981,0.0,2886147.8714368106,0.0,14005.712759443559,0.0,0.0,0,0,0,0.0,1
2024-10-30 00:00:00,2886147.8714368106,2917490.373327515,0.010859631344911398,0.0,2917490.373327515,0.0,45348.21465014806,0.0,0.0,0,0,0,0.0,1
2024-10-31 00:00:00,2917490.373327515,2913137.275741589,-0.0014920692200815783,0.0,2913137.275741589,0.0,40995.11706422176,0.0,0.0,0,0,0,0.0,1
2024-11-01 00:00:00,2913137.275741589,2913137.275741589,0.0,0.0,2913137.275741589,0.0,40995.11706422176,0.0,0.0,0,0,0,0.0,1
2024-11-04 00:00:00,2913137.275741589,2873958.733228137,-0.013448917371557246,0.0,2873958.733228137,0.0,1816.5745507697575,0.0,0.0,0,0,0,0.0,1
2024-11-05 00:00:00,2873958.733228137,2870476.4544314295,-0.0012116662485253766,0.0,2870476.4544314295,0.0,-1665.7042459375225,0.0,0.0,0,0,0,0.0,1
2024-11-06 00:00:00,2870476.4544314295,2855240.114700602,-0.005307947991458284,0.0,2855240.114700602,0.0,-16902.043976765126,0.0,0.0,0,0,0,0.0,1
2024-11-07 00:00:00,2855240.114700602,2800390.487301826,-0.019210162786791534,0.0,2800390.487301826,0.0,-71751.67137554102,0.0,0.0,0,0,0,0.0,1
2024-11-08 00:00:00,2800390.487301826,2829556.6064595957,0.010415018651870672,0.0,2829556.6064595957,0.0,-42585.5522177713,0.0,0.0,0,0,0,0.0,1
2024-11-11 00:00:00,2829556.6064595957,2807355.377015297,-0.007846186711237973,0.0,2807355.377015297,0.0,-64786.78166207019,0.0,0.0,0,0,0,0.0,1
2024-11-12 00:00:00,2807355.377015297,2735528.2704873397,-0.025585327428094173,0.0,2735528.2704873397,0.0,-136613.88819002733,0.0,0.0,0,0,0,0.0,1
2024-11-13 00:00:00,2735528.2704873397,2753376.2362856837,0.0065245042396013505,0.0,2753376.2362856837,0.0,-118765.92239168333,0.0,0.0,0,0,0,0.0,1
2024-11-14 00:00:00,2753376.2362856837,2689820.081594998,-0.023082989477828577,0.0,2689820.081594998,0.0,-182322.077082369,0.0,0.0,0,0,0,0.0,1
2024-11-18 00:00:00,2689820.081594998,2738140.2286749124,0.01796408146795516,0.0,2738140.2286749124,0.0,-134001.93000245467,0.0,0.0,0,0,0,0.0,1
2024-11-19 00:00:00,2738140.2286749124,2773836.1602716004,0.013036560809729815,0.0,2773836.1602716004,0.0,-98305.99840576667,0.0,0.0,0,0,0,0.0,1
2024-11-21 00:00:00,2773836.1602716004,2810837.987932061,0.013339586595063154,0.0,2810837.987932061,0.0,-61304.17074530618,0.0,0.0,0,0,0,0.0,1
2024-11-22 00:00:00,2810837.987932061,2843922.1274012043,0.011770205046034524,0.0,2843922.1274012043,0.0,-28220.031276162714,0.0,0.0,0,0,0,0.0,1
2024-11-25 00:00:00,2843922.1274012043,2802566.870034761,-0.01454162790464106,0.0,2802566.870034761,0.0,-69575.28864260623,0.0,0.0,0,0,0,0.0,1
2024-11-26 00:00:00,2802566.870034761,2759470.6393299922,-0.015377413886375538,0.0,2759470.6393299922,0.0,-112671.5193473748,0.0,0.0,0,0,0,0.0,1
2024-11-27 00:00:00,2759470.6393299922,2784283.6609018357,0.008991949839288051,0.0,2784283.6609018357,0.0,-87858.49777553137,0.0,0.0,0,0,0,0.0,1
2024-11-28 00:00:00,2784283.6609018357,2787766.271818599,0.0012508103846127225,0.0,2787766.271818599,0.0,-84375.88685876783,0.0,0.0,0,0,0,0.0,1
2024-11-29 00:00:00,2787766.271818599,2798649.181843444,0.0039038100628662493,0.0,2798649.181843444,0.0,-73492.97683392325,0.0,0.0,0,0,0,0.0,1
2024-12-02 00:00:00,2798649.181843444,2775577.299669954,-0.008243935082385906,0.0,2775577.299669954,0.0,-96564.85900741303,0.0,0.0,0,0,0,0.0,1
2024-12-03 00:00:00,2775577.299669954,2788636.758487762,0.004705132449152423,0.0,2788636.758487762,0.0,-83505.40018960508,0.0,0.0,0,0,0,0.0,1
2024-12-04 00:00:00,2788636.758487762,2786460.375754827,-0.0007804468352898731,0.0,2786460.375754827,0.0,-85681.78292253986,0.0,0.0,0,0,0,0.0,1
2024-12-05 00:00:00,2786460.375754827,2788636.758487762,0.0007810564082919075,0.0,2788636.758487762,0.0,-83505.40018960508,0.0,0.0,0,0,0,0.0,1
2024-12-06 00:00:00,2788636.758487762,2785589.7230256363,-0.0010926612986978032,0.0,2785589.7230256363,0.0,-86552.43565173075,0.0,0.0,0,0,0,0.0,1
2024-12-09 00:00:00,2785589.7230256363,2798649.181843444,0.0046882204905691,0.0,2798649.181843444,0.0,-73492.97683392325,0.0,0.0,0,0,0,0.0,1
2024-12-10 00:00:00,2798649.181843444,2815191.085517987,0.005910674257374186,0.0,2815191.085517987,0.0,-56951.073159379885,0.0,0.0,0,0,0,0.0,1
2024-12-11 00:00:00,2815191.085517987,2831297.911917978,0.0057213972020756145,0.0,2831297.911917978,0.0,-40844.24675938906,0.0,0.0,0,0,0,0.0,1
2024-12-12 00:00:00,2831297.911917978,2850887.017114675,0.006918772169554959,0.0,2850887.017114675,0.0,-21255.14156269189,0.0,0.0,0,0,0,0.0,1
2024-12-13 00:00:00,2850887.017114675,2812579.2933904426,-0.013437124478893937,0.0,2812579.2933904426,0.0,-59562.86528692441,0.0,0.0,0,0,0,0.0,1
2024-12-16 00:00:00,2812579.2933904426,2806920.2997407443,-0.0020120299054312727,0.0,2806920.2997407443,0.0,-65221.85893662274,0.0,0.0,0,0,0,0.0,1
2024-12-17 00:00:00,2806920.2997407443,2790378.0639461437,-0.005893375667320677,0.0,2790378.0639461437,0.0,-81764.0947312233,0.0,0.0,0,0,0,0.0,1
2024-12-18 00:00:00,2790378.0639461437,2802566.870034761,0.004368155787241139,0.0,2802566.870034761,0.0,-69575.28864260623,0.0,0.0,0,0,0,0.0,1
2024-12-19 00:00:00,2802566.870034761,2776447.952399145,-0.00931964118854083,0.0,2776447.952399145,0.0,-95694.20627822215,0.0,0.0,0,0,0,0.0,1
2024-12-20 00:00:00,2776447.952399145,2756423.437807838,-0.007212278038204755,0.0,2756423.437807838,0.0,-115718.72086952906,0.0,0.0,0,0,0,0.0,1
2024-12-23 00:00:00,2756423.437807838,2784719.0702964454,0.010265343161902122,0.0,2784719.0702964454,0.0,-87423.08838092163,0.0,0.0,0,0,0,0.0,1
2024-12-24 00:00:00,2784719.0702964454,2772094.8548132186,-0.004533389244855824,0.0,2772094.8548132186,0.0,-100047.30386414845,0.0,0.0,0,0,0,0.0,1
2024-12-26 00:00:00,2772094.8548132186,2786024.9663602174,0.0050251208117254136,0.0,2786024.9663602174,0.0,-86117.1923171496,0.0,0.0,0,0,0,0.0,1
2024-12-27 00:00:00,2786024.9663602174,2795166.57092668,0.0032812356948853146,0.0,2795166.57092668,0.0,-76975.5877506868,0.0,0.0,0,0,0,0.0,1
2024-12-30 00:00:00,2795166.57092668,2786024.9663602174,-0.0032705043991106734,0.0,2786024.9663602174,0.0,-86117.1923171496,0.0,0.0,0,0,0,0.0,1
2024-12-31 00:00:00,2786024.9663602174,2789942.654551534,0.0014061927795409501,0.0,2789942.654551534,0.0,-82199.50412583305,0.0,0.0,0,0,0,0.0,1
2025-01-01 00:00:00,2789942.654551534,2801260.9739709883,0.004056828695381794,0.0,2801260.9739709883,0.0,-70881.18470637873,0.0,0.0,0,0,0,0.0,1
2025-01-02 00:00:00,2801260.9739709883,2812143.883995833,0.003885003977125798,0.0,2812143.883995833,0.0,-59998.27468153415,0.0,0.0,0,0,0,0.0,1
2025-01-03 00:00:00,2812143.883995833,2832603.80798175,0.007275560863850677,0.0,2832603.80798175,0.0,-39538.35069561703,0.0,0.0,0,0,0,0.0,1
2025-01-06 00:00:00,2832603.80798175,2812579.2933904426,-0.00706929593714519,0.0,2812579.2933904426,0.0,-59562.86528692441,0.0,0.0,0,0,0,0.0,1
2025-01-07 00:00:00,2812579.2933904426,2819544.183103914,0.002476335415623222,0.0,2819544.183103914,0.0,-52597.97557345312,0.0,0.0,0,0,0,0.0,1
2025-01-08 00:00:00,2819544.183103914,2834780.5228347415,0.005403830811423774,0.0,2834780.5228347415,0.0,-37361.63584262552,0.0,0.0,0,0,0,0.0,1
2025-01-09 00:00:00,2834780.5228347415,2846969.3289233586,0.004299735372962289,0.0,2846969.3289233586,0.0,-25172.829754008446,0.0,0.0,0,0,0,0.0,1
2025-01-10 00:00:00,2846969.3289233586,2870041.04503682,0.008103956680905551,0.0,2870041.04503682,0.0,-2101.1136405467987,0.0,0.0,0,0,0,0.0,1
2025-01-13 00:00:00,2870041.04503682,2883971.1565838186,0.004853627989428167,0.0,2883971.1565838186,0.0,11828.99790645158,0.0,0.0,0,0,0,0.0,1
2025-01-14 00:00:00,2883971.1565838186,2874829.5520173563,-0.003169797501473954,0.0,2874829.5520173563,0.0,2687.393339989241,0.0,0.0,0,0,0,0.0,1
2025-01-15 00:00:00,2874829.5520173563,2884406.5659784283,0.003331332793052581,0.0,2884406.5659784283,0.0,12264.407301061321,0.0,0.0,0,0,0,0.0,1
2025-01-16 00:00:00,2884406.5659784283,2898771.75479998,0.004980292650484588,0.0,2898771.75479998,0.0,26629.596122613177,0.0,0.0,0,0,0,0.0,1
2025-01-17 00:00:00,2898771.75479998,2901819.288442191,0.001051318937810363,0.0,2901819.288442191,0.0,29677.129764824174,0.0,0.0,0,0,0,0.0,1
2025-01-20 00:00:00,2901819.288442191,2898771.75479998,-0.0010502148270738912,0.0,2898771.75479998,0.0,26629.596122613177,0.0,0.0,0,0,0,0.0,1
2025-01-21 00:00:00,2898771.75479998,2914443.171805361,0.005406226612851058,0.0,2914443.171805361,0.0,42301.01312799379,0.0,0.0,0,0,0,0.0,1
2025-01-22 00:00:00,2914443.171805361,2943609.6230831877,0.010007555323084123,0.0,2943609.6230831877,0.0,71467.4644058207,0.0,0.0,0,0,0,0.0,1
2025-01-23 00:00:00,2943609.6230831877,2935338.5051858877,-0.0028098555706706574,0.0,2935338.5051858877,0.0,63196.346508520655,0.0,0.0,0,0,0,0.0,1
2025-01-24 00:00:00,2935338.5051858877,2950139.103402049,0.00504221172107162,0.0,2950139.103402049,0.0,77996.94472468179,0.0,0.0,0,0,0,0.0,1
2025-01-27 00:00:00,2950139.103402049,2946656.824605342,-0.0011803778312321311,0.0,2946656.824605342,0.0,74514.66592797497,0.0,0.0,0,0,0,0.0,1
2025-01-28 00:00:00,2946656.824605342,2941868.317624806,-0.0016250643578684752,0.0,2941868.317624806,0.0,69726.15894743893,0.0,0.0,0,0,0,0.0,1
2025-01-29 00:00:00,2941868.317624806,2954057.1237134226,0.0041432194689317555,0.0,2954057.1237134226,0.0,81914.96503605554,0.0,0.0,0,0,0,0.0,1
2025-01-30 00:00:00,2954057.1237134226,2964069.2149490477,0.003389267985122545,0.0,2964069.2149490477,0.0,91927.05627168063,0.0,0.0,0,0,0,0.0,1
2025-01-31 00:00:00,2964069.2149490477,3007165.7777738734,0.014539661424730456,0.0,3007165.7777738734,0.0,135023.6190965064,0.0,0.0,0,0,0,0.0,1
2025-02-01 00:00:00,3007165.7777738734,3001506.452004118,-0.0018819467192610097,0.0,3001506.452004118,0.0,129364.29332675086,0.0,0.0,0,0,0,0.0,1
2025-02-03 00:00:00,3001506.452004118,3031543.389951107,0.0100072874829016,0.0,3031543.389951107,0.0,159401.23127374006,0.0,0.0,0,0,0,0.0,1
2025-02-04 00:00:00,3031543.389951107,3050697.4178732517,0.006318243039382505,0.0,3050697.4178732517,0.0,178555.2591958847,0.0,0.0,0,0,0,0.0,1
2025-02-05 00:00:00,3050697.4178732517,3115559.4686277094,0.021261384486854593,0.0,3115559.4686277094,0.0,243417.3099503424,0.0,0.0,0,0,0,0.0,1
2025-02-06 00:00:00,3115559.4686277094,3109465.0655834014,-0.0019561183491042244,0.0,3109465.0655834014,0.0,237322.90690603433,0.0,0.0,0,0,0,0.0,1
2025-02-07 00:00:00,3109465.0655834014,3114253.5725639374,0.0015399777387875605,0.0,3114253.5725639374,0.0,242111.41388657037,0.0,0.0,0,0,0,0.0,1
2025-02-10 00:00:00,3114253.5725639374,3156914.393874096,0.013698570240392,0.0,3156914.393874096,0.0,284772.2351967292,0.0,0.0,0,0,0,0.0,1
2025-02-11 00:00:00,3156914.393874096,3133407.600486082,-0.007446129497090091,0.0,3133407.600486082,0.0,261265.441808715,0.0,0.0,0,0,0,0.0,1
2025-02-12 00:00:00,3133407.600486082,3111206.371041783,-0.007085330820304017,0.0,3111206.371041783,0.0,239064.2123644161,0.0,0.0,0,0,0,0.0,1
2025-02-13 00:00:00,3111206.371041783,3128619.093505546,0.005596775137077206,0.0,3128619.093505546,0.0,256476.93482817896,0.0,0.0,0,0,0,0.0,1
2025-02-14 00:00:00,3128619.093505546,3143855.101116317,0.0048698825761174,0.0,3143855.101116317,0.0,271712.94243894983,0.0,0.0,0,0,0,0.0,1
2025-02-17 00:00:00,3143855.101116317,3119042.0795444734,-0.007892546180971521,0.0,3119042.0795444734,0.0,246899.9208671064,0.0,0.0,0,0,0,0.0,1
2025-02-18 00:00:00,3119042.0795444734,3133407.600486082,0.004605747718449065,0.0,3133407.600486082,0.0,261265.441808715,0.0,0.0,0,0,0,0.0,1
2025-02-19 00:00:00,3133407.600486082,3166056.3305606158,0.010419560503226254,0.0,3166056.3305606158,0.0,293914.1718832487,0.0,0.0,0,0,0,0.0,1
2025-02-20 00:00:00,3166056.3305606158,3155608.497810324,-0.003299951630501015,0.0,3155608.497810324,0.0,283466.33913295716,0.0,0.0,0,0,0,0.0,1
2025-02-21 00:00:00,3155608.497810324,3137760.6980720083,-0.005655897983130813,0.0,3137760.6980720083,0.0,265618.5393946413,0.0,0.0,0,0,0,0.0,1
2025-02-24 00:00:00,3137760.6980720083,3160397.00479086,0.007214159681699355,0.0,3160397.00479086,0.0,288254.8461134932,0.0,0.0,0,0,0,0.0,1
2025-02-25 00:00:00,3160397.00479086,3166926.8172297785,0.0020661367635204392,0.0,3166926.8172297785,0.0,294784.6585524115,0.0,0.0,0,0,0,0.0,1
2025-02-27 00:00:00,3166926.8172297785,3129054.1707800985,-0.011958800640302924,0.0,3129054.1707800985,0.0,256912.0121027315,0.0,0.0,0,0,0,0.0,1
2025-02-28 00:00:00,3129054.1707800985,3095099.544641793,-0.0108514024638444,0.0,3095099.544641793,0.0,222957.38596442575,0.0,0.0,0,0,0,0.0,1
2025-03-03 00:00:00,3095099.544641793,3106417.864061247,0.0036568515022557145,0.0,3106417.864061247,0.0,234275.70538388006,0.0,0.0,0,0,0,0.0,1
2025-03-04 00:00:00,3106417.864061247,3152561.29628817,0.014854225750104382,0.0,3152561.29628817,0.0,280419.1376108029,0.0,0.0,0,0,0,0.0,1
2025-03-05 00:00:00,3152561.29628817,3146031.4838492516,-0.0020712721578503446,0.0,3146031.4838492516,0.0,273889.3251718846,0.0,0.0,0,0,0,0.0,1
2025-03-06 00:00:00,3146031.4838492516,3129489.5801747083,-0.005258022292359236,0.0,3129489.5801747083,0.0,257347.42149734125,0.0,0.0,0,0,0,0.0,1
2025-03-07 00:00:00,3129489.5801747083,3143419.691721707,0.004451240750327462,0.0,3143419.691721707,0.0,271277.5330443401,0.0,0.0,0,0,0,0.0,1
2025-03-10 00:00:00,3143419.691721707,3141678.3862633253,-0.0005539525832225184,0.0,3141678.3862633253,0.0,269536.2275859583,0.0,0.0,0,0,0,0.0,1
2025-03-11 00:00:00,3141678.3862633253,3137760.6980720083,-0.0012470048520710209,0.0,3137760.6980720083,0.0,265618.5393946413,0.0,0.0,0,0,0,0.0,1
2025-03-12 00:00:00,3137760.6980720083,3148208.1987022436,0.0033296040187687824,0.0,3148208.1987022436,0.0,276066.0400248766,0.0,0.0,0,0,0,0.0,1
2025-03-13 00:00:00,3148208.1987022436,3169974.018751933,0.006913716843333764,0.0,3169974.018751933,0.0,297831.86007456575,0.0,0.0,0,0,0,0.0,1
2025-03-17 00:00:00,3169974.018751933,3200881.4433680843,0.009750056130844951,0.0,3200881.4433680843,0.0,328739.28469071724,0.0,0.0,0,0,0,0.0,1
2025-03-18 00:00:00,3200881.4433680843,3200881.4433680843,0.0,0.0,3200881.4433680843,0.0,328739.28469071724,0.0,0.0,0,0,0,0.0,1
2025-03-19 00:00:00,3200881.4433680843,3232224.277378846,0.009791938428616595,0.0,3232224.277378846,0.0,360082.11870147893,0.0,0.0,0,0,0,0.0,1
2025-03-20 00:00:00,3232224.277378846,3242671.778009081,0.003232294461542494,0.0,3242671.778009081,0.0,370529.61933171377,0.0,0.0,0,0,0,0.0,1
2025-03-21 00:00:00,3242671.778009081,3219164.65250101,-0.007249307705913951,0.0,3219164.65250101,0.0,347022.49382364284,0.0,0.0,0,0,0,0.0,1
2025-03-24 00:00:00,3219164.65250101,3177809.727254623,-0.012846477179804278,0.0,3177809.727254623,0.0,305667.56857725605,0.0,0.0,0,0,0,0.0,1
2025-03-25 00:00:00,3177809.727254623,3187822.150610305,0.0031507309168984656,0.0,3187822.150610305,0.0,315679.9919329379,0.0,0.0,0,0,0,0.0,1
2025-03-26 00:00:00,3187822.150610305,3188692.6372794677,0.0002730662590433724,0.0,3188692.6372794677,0.0,316550.47860210063,0.0,0.0,0,0,0,0.0,1
2025-03-27 00:00:00,3188692.6372794677,3212635.1721821483,0.007508574085430819,0.0,3212635.1721821483,0.0,340493.0135047813,0.0,0.0,0,0,0,0.0,1
2025-03-28 00:00:00,3212635.1721821483,3228306.5891875294,0.004878056849118176,0.0,3228306.5891875294,0.0,356164.4305101624,0.0,0.0,0,0,0,0.0,1
2025-04-01 00:00:00,3228306.5891875294,3235656.6670087436,0.0022767595388342647,0.0,3235656.6670087436,0.0,-62361.72134013125,0.0,0.0,0,3421.0373703553355,3421.0373703553355,0.0,3
2025-04-02 00:00:00,3235656.6670087436,3233051.3383652465,-0.0008051931683795175,0.0,3233051.3383652465,0.0,-9162.436116547091,0.0,0.0,0,0,0,0.0,3
2025-04-03 00:00:00,3233051.3383652465,3206838.2886494724,-0.008107835902484754,0.0,3206838.2886494724,0.0,-2112.6063751380425,0.0,0.0,0,0,0,0.0,3
2025-04-04 00:00:00,3206838.2886494724,3216310.5079131955,0.002953756445172123,1049683.7712257684,2166626.736687427,-49655.69155718984,8387.484183930559,0.0,0.0,0,1088.8378976615354,1088.8378976615354,0.0,2
2025-04-07 00:00:00,3216310.5079131955,3149931.0233483836,-0.020638394334594336,1049683.7712257684,2100247.2521226155,0.0,38174.09159895789,0.0,0.0,0,0,0,0.0,2
2025-04-08 00:00:00,3149931.0233483836,3190452.3009225354,0.01286417933402159,1049683.7712257684,2140768.5296967668,0.0,17847.103312819032,0.0,0.0,0,0,0,0.0,2
2025-04-09 00:00:00,3190452.3009225354,3178407.7933193697,-0.003775172441751586,1049683.7712257684,2128724.0220936015,0.0,-10557.54319361772,0.0,0.0,0,0,0,0.0,2
2025-04-11 00:00:00,3178407.7933193697,3231115.586335932,0.016583080725936953,1049683.7712257684,2181431.8151101638,0.0,35338.841074032825,0.0,0.0,0,0,0,0.0,2
2025-04-15 00:00:00,3231115.586335932,3263151.188102646,0.009914718588895205,1049683.7712257684,2213467.416876877,0.0,-26838.253915448906,0.0,0.0,0,0,0,0.0,2
2025-04-16 00:00:00,3263151.188102646,3254203.5831245054,-0.002742013612719861,1049683.7712257684,2204519.811898737,0.0,-9909.282252516132,0.0,0.0,0,0,0,0.0,2
2025-04-17 00:00:00,3254203.5831245054,3300128.9513012366,0.014112629097604365,1049683.7712257684,2250445.1800754685,0.0,52230.170516816666,0.0,0.0,0,0,0,0.0,2
2025-04-21 00:00:00,3300128.9513012366,3340922.3921929095,0.012361165728262848,1049683.7712257684,2291238.6209671414,0.0,36371.212902060244,0.0,0.0,0,0,0,0.0,2
2025-04-22 00:00:00,3340922.3921929095,3338434.957316957,-0.0007445353659711463,0.0,3338434.957316957,0.0,-9013.275060486165,0.0,0.0,0,0,0,0.0,3
2025-04-23 00:00:00,3338434.957316957,3336998.6517955624,-0.00043023319003013494,0.0,3336998.6517955624,0.0,-20776.330383412656,0.0,0.0,0,0,0,0.0,3
2025-04-24 00:00:00,3336998.6517955624,3334321.2732828306,-0.0008023313138862425,0.0,3334321.2732828306,0.0,-45726.05042612809,0.0,0.0,0,0,0,0.0,3
2025-04-25 00:00:00,3334321.2732828306,3271651.170391355,-0.018795460231633022,0.0,3271651.170391355,0.0,-62342.61660911131,0.0,0.0,0,0,0,0.0,3
2025-04-28 00:00:00,3271651.170391355,3282074.9385646707,0.0031860878897027,0.0,3282074.9385646707,0.0,20901.909854948986,0.0,0.0,0,0,0,0.0,3
2025-04-29 00:00:00,3282074.9385646707,3280242.6850227504,-0.0005582607271976618,0.0,3280242.6850227504,0.0,-12088.688388923998,0.0,0.0,0,0,0,0.0,3
2025-04-30 00:00:00,3280242.6850227504,3167034.464732894,-0.03451214777697798,0.0,3167034.464732894,0.0,-61806.658839401556,0.0,0.0,0,0,0,0.0,3
2025-05-02 00:00:00,3167034.464732894,3190479.909546787,0.007402964847706539,0.0,3190479.909546787,0.0,31197.631690715323,0.0,0.0,0,0,0,0.0,3
2025-05-05 00:00:00,3190479.909546787,3179183.1967439475,-0.003540756601863129,0.0,3179183.1967439475,0.0,27158.403945928207,0.0,0.0,0,0,0,0.0,3
2025-05-06 00:00:00,3179183.1967439475,3161647.9282266814,-0.00551565211316708,0.0,3161647.9282266814,0.0,-16810.864161716774,0.0,0.0,0,0,0,0.0,3
2025-05-07 00:00:00,3161647.9282266814,3193089.651334059,0.009944726238070632,0.0,3193089.651334059,0.0,54789.93252433324,0.0,0.0,0,0,0,0.0,3
2025-05-08 00:00:00,3193089.651334059,3170667.04698659,-0.0070222282478353696,0.0,3170667.04698659,0.0,-24152.435822226806,0.0,0.0,0,0,0,0.0,3
2025-05-09 00:00:00,3170667.04698659,3125459.8840387566,-0.014257934459185344,0.0,3125459.8840387566,0.0,13063.980515065137,0.0,0.0,0,0,0,0.0,3
2025-05-12 00:00:00,3125459.8840387566,3233940.486172132,0.03470868485222586,0.0,3233940.486172132,0.0,39480.51507217961,0.0,0.0,0,0,0,0.0,3
2025-05-13 00:00:00,3233940.486172132,3205989.6939138304,-0.008642951958397302,0.0,3205989.6939138304,0.0,-19341.613339331117,0.0,0.0,0,0,0,0.0,3
2025-05-14 00:00:00,3205989.6939138304,3200252.03001044,-0.0017896701022722433,0.0,3200252.03001044,0.0,-9122.13853396196,0.0,0.0,0,0,0,0.0,3
2025-05-15 00:00:00,3200252.03001044,3231492.9425619747,0.009762016322018523,0.0,3231492.9425619747,0.0,35252.65709601669,0.0,0.0,0,0,0,0.0,3
2025-05-16 00:00:00,3231492.9425619747,3220284.1630614027,-0.003468607142210104,1059364.1418832734,2160920.021178129,-39975.32089968493,-12856.892429430853,0.0,0.0,0,1098.8793546452835,1098.8793546452835,0.0,2
2025-05-19 00:00:00,3220284.1630614027,3233705.100883309,0.004167625321967637,1059364.1418832734,2174340.9590000357,0.0,10779.787453573663,0.0,0.0,0,0,0,0.0,2
2025-05-20 00:00:00,3233705.100883309,3195066.249533821,-0.011948786343854743,1059364.1418832734,2135702.1076505473,0.0,-48294.352315881755,0.0,0.0,0,0,0,0.0,2
2025-05-21 00:00:00,3195066.249533821,3225946.1280253585,0.009664863286025198,1059364.1418832734,2166581.986142085,0.0,25061.799700133153,0.0,0.0,0,0,0,0.0,2
2025-05-22 00:00:00,3225946.1280253585,3200382.5724561303,-0.007924359104185047,0.0,3200382.5724561303,0.0,-25563.404388121096,0.0,0.0,0,0,0,0.0,3
2025-05-23 00:00:00,3200382.5724561303,3232259.2599827815,0.009960274062543548,0.0,3232259.2599827815,0.0,13549.495194054325,0.0,0.0,0,0,0,0.0,3
2025-05-26 00:00:00,3232259.2599827815,3245608.8357992596,0.004130106758994707,0.0,3245608.8357992596,0.0,5133.719624697464,0.0,0.0,0,0,0,0.0,3
2025-05-27 00:00:00,3245608.8357992596,3224315.044740708,-0.006560800187527138,0.0,3224315.044740708,0.0,-19922.82007397723,0.0,0.0,0,0,0,0.0,3
2025-05-28 00:00:00,3224315.044740708,3246609.6018922054,0.006914509544550482,0.0,3246609.6018922054,0.0,5418.141938560875,0.0,0.0,0,0,0,0.0,3
2025-05-29 00:00:00,3246609.6018922054,3222845.987748742,-0.007319516990775019,0.0,3222845.987748742,0.0,-29096.479136661976,0.0,0.0,0,0,0,0.0,3
2025-05-30 00:00:00,3222845.987748742,3222585.775403123,-8.073992570801892e-05,0.0,3222585.775403123,0.0,-1518.1229179267539,0.0,0.0,0,0,0,0.0,3
2025-06-02 00:00:00,3222585.775403123,3228579.135236221,0.0018597983888724542,0.0,3228579.135236221,0.0,11240.49691708386,0.0,0.0,0,0,0,0.0,3
2025-06-03 00:00:00,3228579.135236221,3188400.9993882,-0.012444525645824387,0.0,3188400.9993882,0.0,-43638.788365338696,0.0,0.0,0,0,0,0.0,3
2025-06-04 00:00:00,3188400.9993882,3184276.1076342044,-0.0012937179968226353,0.0,3184276.1076342044,0.0,-10420.587207020377,0.0,0.0,0,0,0,0.0,3
2025-06-05 00:00:00,3184276.1076342044,3187050.2984726066,0.0008712155430715005,976167.9610884555,2210882.337384151,-73515.81013731292,-7219.180517887464,0.0,0.0,0,1012.5798832489454,1012.5798832489454,0.0,2
2025-06-06 00:00:00,3187050.2984726066,3234346.010629139,0.014839964144650868,976167.9610884555,2258178.0495406836,0.0,42182.38359062909,0.0,0.0,0,0,0,0.0,2
2025-06-09 00:00:00,3234346.010629139,3268865.999478571,0.01067294245451415,976167.9610884555,2292698.038390116,0.0,2950.5350094193127,0.0,0.0,0,0,0,0.0,2
2025-06-10 00:00:00,3268865.999478571,3268704.7780876644,-4.9320281385788946e-05,976167.9610884555,2292536.8169992086,0.0,-22985.143080624053,0.0,0.0,0,0,0,0.0,2
2025-06-11 00:00:00,3268704.7780876644,3247153.2917883135,-0.006593280140753312,976167.9610884555,2270985.3306998583,0.0,-22956.419950545765,0.0,0.0,0,0,0,0.0,2
2025-06-12 00:00:00,3247153.2917883135,3224851.718979123,-0.006868038187660763,976167.9610884555,2248683.7578906678,0.0,-25044.25634787418,0.0,0.0,0,0,0,0.0,2
2025-06-13 00:00:00,3224851.718979123,3238920.956360695,0.004362754820251314,976167.9610884555,2262752.995272239,0.0,62964.20886992244,0.0,0.0,0,0,0,0.0,2
2025-06-16 00:00:00,3238920.956360695,3271744.401278992,0.010134067907349673,976167.9610884555,2295576.440190537,0.0,-1368.6796348546632,0.0,0.0,0,0,0,0.0,2
2025-06-17 00:00:00,3271744.401278992,3247074.9620775403,-0.007540148671701875,976167.9610884555,2270907.000989085,0.0,-34459.12900956161,0.0,0.0,0,0,0,0.0,2
2025-06-18 00:00:00,3247074.9620775403,3238590.1512747686,-0.002613062803250765,976167.9610884555,2262422.1901863134,0.0,-13239.89973989292,0.0,0.0,0,0,0,0.0,2
2025-06-19 00:00:00,3238590.1512747686,3209932.5107493475,-0.008848801233506176,976167.9610884555,2233764.5496608918,0.0,-30038.902750246227,0.0,0.0,0,0,0,0.0,2
2025-06-20 00:00:00,3209932.5107493475,3242391.026384564,0.010111899713318048,976167.9610884555,2266223.0652961084,0.0,35617.647809347836,0.0,0.0,0,0,0,0.0,2
2025-06-23 00:00:00,3242391.026384564,3290546.3762255376,0.014851802095772897,976167.9610884555,2314378.4151370823,0.0,48105.1320781582,0.0,0.0,0,0,0,0.0,2
2025-06-24 00:00:00,3290546.3762255376,3289763.0813265042,-0.00023804402353747427,0.0,3289763.0813265042,0.0,-21638.3462896914,0.0,0.0,0,0,0,0.0,3
2025-06-25 00:00:00,3289763.0813265042,3269673.3761311145,-0.006106733129027967,0.0,3269673.3761311145,0.0,-26949.361239900696,0.0,0.0,0,0,0,0.0,3
2025-06-26 00:00:00,3269673.3761311145,3320053.8506600764,0.015408412013488392,0.0,3320053.8506600764,0.0,35968.201154508744,0.0,0.0,0,0,0,0.0,3
2025-06-27 00:00:00,3320053.8506600764,3321121.3833217877,0.00032154076702674267,0.0,3321121.3833217877,0.0,8660.753736722283,0.0,0.0,0,0,0,0.0,3
2025-06-30 00:00:00,3321121.3833217877,3320707.2621960435,-0.00012469316172057098,0.0,3320707.2621960435,0.0,-15226.671749117668,0.0,0.0,0,0,0,0.0,3
2025-07-01 00:00:00,3320707.2621960435,3345700.339883974,0.007526432086459179,973361.8275254144,2372338.5123585593,-2806.133563041107,25802.144522607094,0.0,0.0,0,1009.6690784398255,1009.6690784398255,0.0,2
2025-07-02 00:00:00,3345700.339883974,3313888.349654251,-0.009508320231340938,973361.8275254144,2340526.5221288363,0.0,-23905.47022177861,0.0,0.0,0,0,0,0.0,2
2025-07-03 00:00:00,3313888.349654251,3295791.0149642536,-0.005461057458947068,973361.8275254144,2322429.187438839,0.0,-18911.461068149656,0.0,0.0,0,0,0,0.0,2
2025-07-04 00:00:00,3295791.0149642536,3318439.0135886744,0.006871794516578706,973361.8275254144,2345077.18606326,0.0,-2617.703963047592,0.0,0.0,0,0,0,0.0,2
2025-07-07 00:00:00,3318439.0135886744,3288751.3996658595,-0.008946258708159783,973361.8275254144,2315389.572140445,0.0,-29033.999998056563,0.0,0.0,0,0,0,0.0,2
2025-07-08 00:00:00,3288751.3996658595,3306062.172720061,0.005263630767579579,973361.8275254144,2332700.3451946466,0.0,22182.784304635134,0.0,0.0,0,0,0,0.0,2
2025-07-09 00:00:00,3306062.172720061,3310333.598002853,0.001291997869258886,973361.8275254144,2336971.7704774383,0.0,330.75662181247026,0.0,0.0,0,0,0,0.0,2
2025-07-10 00:00:00,3310333.598002853,3307736.393454425,-0.0007845748688273431,973361.8275254144,2334374.5659290105,0.0,-7826.261210675351,0.0,0.0,0,0,0,0.0,2
2025-07-11 00:00:00,3307736.393454425,3278334.4295074763,-0.008888847371613825,973361.8275254144,2304972.6019820618,0.0,-11237.449899845291,0.0,0.0,0,0,0,0.0,2
2025-07-14 00:00:00,3278334.4295074763,3254381.611071921,-0.007306398706599894,973361.8275254144,2281019.7835465064,0.0,-11568.014399566222,0.0,0.0,0,0,0,0.0,2
2025-07-15 00:00:00,3254381.611071921,3270952.567812266,0.005091891093523838,973361.8275254144,2297590.7402868513,0.0,13067.098604725441,0.0,0.0,0,0,0,0.0,2
2025-07-16 00:00:00,3270952.567812266,3254852.2450321494,-0.004922212244393673,973361.8275254144,2281490.417506735,0.0,-11808.890360287856,0.0,0.0,0,0,0,0.0,2
2025-07-17 00:00:00,3254852.2450321494,3251414.7231560205,-0.001056122249904128,973361.8275254144,2278052.895630606,0.0,-8720.524358900962,0.0,0.0,0,0,0,0.0,2
2025-07-18 00:00:00,3251414.7231560205,3248829.1814369475,-0.0007952051458275,973361.8275254144,2275467.353911533,0.0,798.3726767557673,0.0,0.0,0,0,0,0.0,2
2025-07-21 00:00:00,3248829.1814369475,3271308.3914722893,0.006919172655731719,973361.8275254144,2297946.563946875,0.0,26792.859097196022,0.0,0.0,0,0,0,0.0,2
2025-07-22 00:00:00,3271308.3914722893,3280607.08763176,0.002842500628712001,0.0,3280607.08763176,0.0,-7366.372739057639,0.0,0.0,0,0,0,0.0,3
2025-07-23 00:00:00,3280607.08763176,3309579.8165485524,0.008831514455364828,0.0,3309579.8165485524,0.0,25476.058022253565,0.0,0.0,0,0,0,0.0,3
2025-07-24 00:00:00,3309579.8165485524,3288031.8655071836,-0.006510781499701189,0.0,3288031.8655071836,0.0,-29751.272398038534,0.0,0.0,0,0,0,0.0,3
2025-07-25 00:00:00,3288031.8655071836,3213396.852863796,-0.022698993104762682,0.0,3213396.852863796,0.0,-12621.441822918714,0.0,0.0,0,0,0,0.0,3
2025-07-28 00:00:00,3213396.852863796,3129664.057349479,-0.02605740882570857,0.0,3129664.057349479,0.0,-78216.34294747282,0.0,0.0,0,0,0,0.0,3
2025-07-29 00:00:00,3129664.057349479,3171142.936197225,0.013253460463381094,1099544.4945201112,2071598.4416771135,205.0317371529984,45531.97210179048,0.0,0.0,0,1140.5584697194406,1140.5584697194406,0.0,2
2025-07-30 00:00:00,3171142.936197225,3180266.982094907,0.0028772105456159546,1099544.4945201112,2080722.4875747957,0.0,4830.695016314508,0.0,0.0,0,0,0,0.0,2
2025-07-31 00:00:00,3180266.982094907,3148136.920277047,-0.010102944815248026,1099544.4945201112,2048592.425756936,0.0,5714.730134003097,0.0,0.0,0,0,0,0.0,2
2025-08-01 00:00:00,3148136.920277047,3108524.5264018197,-0.012582805284003112,1099544.4945201112,2008980.0318817087,0.0,-43785.62047427602,0.0,0.0,0,0,0,0.0,2
2025-08-04 00:00:00,3108524.5264018197,3079599.065648985,-0.00930520589661114,0.0,3079599.065648985,0.0,-31811.444944391027,0.0,0.0,0,2086.9103851723203,2086.9103851723203,0.0,1
2025-08-05 00:00:00,3079599.065648985,3093659.370099011,0.00456562823611026,0.0,3093659.370099011,0.0,-17751.140494365245,0.0,0.0,0,0,0,0.0,1
2025-08-06 00:00:00,3093659.370099011,3087369.2561841905,-0.0020332276964994548,0.0,3087369.2561841905,0.0,-24041.25440918561,0.0,0.0,0,0,0,0.0,1
2025-08-07 00:00:00,3087369.2561841905,3105869.790495369,0.005992329642500941,0.0,3105869.790495369,0.0,-5540.720098007005,0.0,0.0,0,0,0,0.0,1
2025-08-08 00:00:00,3105869.790495369,3121410.1715657795,0.005003552022034949,0.0,3121410.1715657795,0.0,9999.660972403362,0.0,0.0,0,0,0,0.0,1
2025-08-11 00:00:00,3121410.1715657795,3079599.065648985,-0.013394941266504833,0.0,3079599.065648985,0.0,-31811.444944391027,0.0,0.0,0,0,0,0.0,1
2025-08-12 00:00:00,3079599.065648985,3070348.7984933956,-0.0030037244973771166,0.0,3070348.7984933956,0.0,-41061.71209998056,0.0,0.0,0,0,0,0.0,1
2025-08-13 00:00:00,3070348.7984933956,3078118.989028601,0.002530719160969011,0.0,3078118.989028601,0.0,-33291.52156477515,0.0,0.0,0,0,0,0.0,1
2025-08-14 00:00:00,3078118.989028601,3076268.8226791825,-0.0006010704446491656,0.0,3076268.8226791825,0.0,-35141.68791419361,0.0,0.0,0,0,0,0.0,1
2025-08-18 00:00:00,3076268.8226791825,3061838.4285001233,-0.004690875541394162,0.0,3061838.4285001233,0.0,-49572.0820932528,0.0,0.0,0,0,0,0.0,1
2025-08-19 00:00:00,3061838.4285001233,3045557.867971645,-0.005317250047205574,0.0,3045557.867971645,0.0,-65852.64262173092,0.0,0.0,0,0,0,0.0,1
2025-08-20 00:00:00,3045557.867971645,3037047.7802741234,-0.002794262354039439,0.0,3037047.7802741234,0.0,-74362.7303192527,0.0,0.0,0,0,0,0.0,1
2025-08-21 00:00:00,3037047.7802741234,3054438.327693952,0.005726135602074293,0.0,3054438.327693952,0.0,-56972.18289942434,0.0,0.0,0,0,0,0.0,1
2025-08-22 00:00:00,3054438.327693952,3057028.3912056866,0.0008479671985029999,0.0,3057028.3912056866,0.0,-54382.11938768951,0.0,0.0,0,0,0,0.0,1
2025-08-25 00:00:00,3057028.3912056866,3089589.2299668915,0.010651140452236009,0.0,3089589.2299668915,0.0,-21821.28062648466,0.0,0.0,0,0,0,0.0,1
2025-08-26 00:00:00,3089589.2299668915,3101799.6503632497,0.003952117737181874,0.0,3101799.6503632497,0.0,-9610.860230126418,0.0,0.0,0,0,0,0.0,1
2025-08-28 00:00:00,3101799.6503632497,3123630.145348481,0.007038009364233,0.0,3123630.145348481,0.0,12219.63475510478,0.0,0.0,0,0,0,0.0,1
2025-08-29 00:00:00,3123630.145348481,3157671.06073007,0.010897870041458212,0.0,3157671.06073007,0.0,46260.55013669375,0.0,0.0,0,0,0,0.0,1
2025-09-01 00:00:00,3157671.06073007,3204662.575966085,0.014881700573697592,0.0,3204662.575966085,0.0,93252.06537270872,0.0,0.0,0,0,0,0.0,1
2025-09-02 00:00:00,3204662.575966085,3204662.575966085,0.0,0.0,3204662.575966085,0.0,93252.06537270872,0.0,0.0,0,0,0,0.0,1
2025-09-03 00:00:00,3204662.575966085,3251653.8089063494,0.014663394921101304,0.0,3251653.8089063494,0.0,140243.29831297323,0.0,0.0,0,0,0,0.0,1
2025-09-04 00:00:00,3251653.8089063494,3262014.34524904,0.003186235974541007,0.0,3262014.34524904,0.0,150603.83465566393,0.0,0.0,0,0,0,0.0,1
2025-09-05 00:00:00,3262014.34524904,3280144.7898311852,0.005558051762878136,0.0,3280144.7898311852,0.0,168734.27923780913,0.0,0.0,0,0,0,0.0,1
2025-09-08 00:00:00,3280144.7898311852,3329356.2788499016,0.015002840475602628,0.0,3329356.2788499016,0.0,217945.7682565255,0.0,0.0,0,0,0,0.0,1
2025-09-09 00:00:00,3329356.2788499016,3373387.358549397,0.013225102996398305,0.0,3373387.358549397,0.0,261976.84795602085,0.0,0.0,0,0,0,0.0,1
2025-09-10 00:00:00,3373387.358549397,3363397.1942314906,-0.0029614637324669045,0.0,3363397.1942314906,0.0,251986.68363811448,0.0,0.0,0,0,0,0.0,1
2025-09-11 00:00:00,3363397.1942314906,3353036.940184551,-0.0030802945500187986,0.0,3353036.940184551,0.0,241626.4295911747,0.0,0.0,0,0,0,0.0,1
2025-09-12 00:00:00,3353036.940184551,3376717.6015191996,0.007062451669066714,0.0,3376717.6015191996,0.0,265307.09092582343,0.0,0.0,0,0,0,0.0,1
2025-09-15 00:00:00,3376717.6015191996,3364137.091393808,-0.003725662495356919,0.0,3364137.091393808,0.0,252726.58080043178,0.0,0.0,0,0,0,0.0,1
2025-09-16 00:00:00,3364137.091393808,3414088.4775748407,0.014848201730190849,0.0,3414088.4775748407,0.0,302677.96698146453,0.0,0.0,0,0,0,0.0,1
2025-09-17 00:00:00,3414088.4775748407,3376347.511790166,-0.011054477947063452,0.0,3376347.511790166,0.0,264937.00119679,0.0,0.0,0,0,0,0.0,1
2025-09-18 00:00:00,3376347.511790166,3389297.829348841,0.003835599716395518,0.0,3389297.829348841,0.0,277887.3187554651,0.0,0.0,0,0,0,0.0,1
2025-09-19 00:00:00,3389297.829348841,3377827.5884105503,-0.0033842528794510336,0.0,3377827.5884105503,0.0,266417.07781717414,0.0,0.0,0,0,0,0.0,1
2025-09-22 00:00:00,3377827.5884105503,3446279.5089027626,0.02026507235806627,0.0,3446279.5089027626,0.0,334868.9983093864,0.0,0.0,0,0,0,0.0,1
2025-09-23 00:00:00,3446279.5089027626,3519911.556418445,0.021365663268306877,0.0,3519911.556418445,0.0,408501.04582506884,0.0,0.0,0,0,0,0.0,1
2025-09-24 00:00:00,3519911.556418445,3501781.1118362993,-0.005150823903255575,0.0,3501781.1118362993,0.0,390370.6012429232,0.0,0.0,0,0,0,0.0,1
2025-09-25 00:00:00,3501781.1118362993,3494010.9213010943,-0.0022189252517643343,0.0,3494010.9213010943,0.0,382600.4107077182,0.0,0.0,0,0,0,0.0,1
2025-09-26 00:00:00,3494010.9213010943,3486240.7307658894,-0.002223859830498612,0.0,3486240.7307658894,0.0,374830.2201725133,0.0,0.0,0,0,0,0.0,1
2025-09-29 00:00:00,3486240.7307658894,3548402.537343281,0.017830612220440432,0.0,3548402.537343281,0.0,436992.02674990473,0.0,0.0,0,0,0,0.0,1
2025-09-30 00:00:00,3548402.537343281,3546552.3709938624,-0.0005214082477811823,0.0,3546552.3709938624,0.0,435141.8604004863,0.0,0.0,0,0,0,0.0,1
2025-10-01 00:00:00,3546552.3709938624,3612414.22797434,0.018570670919493788,0.0,3612414.22797434,0.0,501003.71738096373,0.0,0.0,0,0,0,0.0,1
2025-10-03 00:00:00,3612414.22797434,3591693.7198804594,-0.00573591697580582,0.0,3591693.7198804594,0.0,480283.20928708324,0.0,0.0,0,0,0,0.0,1
2025-10-06 00:00:00,3591693.7198804594,3671246.073877679,0.022148980453675075,0.0,3671246.073877679,0.0,559835.5632843031,0.0,0.0,0,0,0,0.0,1
2025-10-07 00:00:00,3671246.073877679,3687526.634406157,0.004434614351873625,0.0,3687526.634406157,0.0,576116.1238127807,0.0,0.0,0,0,0,0.0,1
2025-10-08 00:00:00,3687526.634406157,3762638.7585422234,0.020369242471427646,0.0,3762638.7585422234,0.0,651228.2479488472,0.0,0.0,0,0,0,0.0,1
2025-10-09 00:00:00,3762638.7585422234,3754498.4782779845,-0.0021634498517185993,0.0,3754498.4782779845,0.0,643087.9676846084,0.0,0.0,0,0,0,0.0,1
2025-10-10 00:00:00,3754498.4782779845,3724897.510461798,-0.007884133656584462,0.0,3724897.510461798,0.0,613486.9998684218,0.0,0.0,0,0,0,0.0,1
2025-10-13 00:00:00,3724897.510461798,3798159.750544197,0.019668256610184218,0.0,3798159.750544197,0.0,686749.2399508208,0.0,0.0,0,0,0,0.0,1
2025-10-14 00:00:00,3798159.750544197,3888442.16602164,0.02377004165359486,0.0,3888442.16602164,0.0,777031.6554282638,0.0,0.0,0,0,0,0.0,1
2025-10-15 00:00:00,3888442.16602164,3895842.549123562,0.00190317427544345,0.0,3895842.549123562,0.0,784432.0385301858,0.0,0.0,0,0,0,0.0,1
2025-10-16 00:00:00,3895842.549123562,3898802.702364331,0.0007598236333845444,0.0,3898802.702364331,0.0,787392.191770955,0.0,0.0,0,0,0,0.0,1
2025-10-17 00:00:00,3898802.702364331,4000185.5513467817,0.02600358538814223,0.0,4000185.5513467817,0.0,888775.0407534055,0.0,0.0,0,0,0,0.0,1
2025-10-20 00:00:00,4000185.5513467817,3933943.661577927,-0.01655970427335612,0.0,3933943.661577927,0.0,-17371.92748095421,0.0,0.0,0,4098.703130338065,4098.703130338065,0.0,3
2025-10-21 00:00:00,3933943.661577927,3936434.654770803,0.0006332051008267546,0.0,3936434.654770803,0.0,-9418.522706413874,0.0,0.0,0,0,0,0.0,3
2025-10-23 00:00:00,3936434.654770803,3914187.8505145665,-0.005651511128039278,0.0,3914187.8505145665,0.0,-70508.20360392099,0.0,0.0,0,0,0,0.0,3
2025-10-24 00:00:00,3914187.8505145665,3907134.1707099164,-0.00180208004164206,0.0,3907134.1707099164,0.0,-19328.162227815716,0.0,0.0,0,0,0,0.0,3
2025-10-27 00:00:00,3907134.1707099164,3906840.024848703,-7.528430004238007e-05,0.0,3906840.024848703,0.0,-20896.97079235944,0.0,0.0,0,0,0,0.0,3
2025-10-28 00:00:00,3906840.024848703,3913563.4879990295,0.0017209466237581618,0.0,3913563.4879990295,0.0,914.6896483011078,0.0,0.0,0,0,0,0.0,3
2025-10-29 00:00:00,3913563.4879990295,3870288.6684553046,-0.011057651083578285,0.0,3870288.6684553046,0.0,-48114.718963653315,0.0,0.0,0,0,0,0.0,3
2025-10-30 00:00:00,3870288.6684553046,3872480.792678315,0.0005663981193127713,0.0,3872480.792678315,0.0,-3848.896003655391,0.0,0.0,0,0,0,0.0,3
2025-10-31 00:00:00,3872480.792678315,3944077.0767186126,0.01848848009153827,0.0,3944077.0767186126,0.0,51972.28938865196,0.0,0.0,0,0,0,0.0,3
2025-11-03 00:00:00,3944077.0767186126,3892498.369535995,-0.013077509941953206,0.0,3892498.369535995,0.0,-48318.35079147597,0.0,0.0,0,0,0,0.0,3
2025-11-04 00:00:00,3892498.369535995,3830379.7041166117,-0.015958559136606213,0.0,3830379.7041166117,0.0,-56291.518461381085,0.0,0.0,0,0,0,0.0,3
2025-11-06 00:00:00,3830379.7041166117,3798747.577964022,-0.008258222055268835,1237240.3695044403,2561507.2084595812,-79864.82684852004,-32796.901915377704,0.0,0.0,0,1283.3905217569063,1283.3905217569063,0.0,2
2025-11-07 00:00:00,3798747.577964022,3830798.7558198255,0.008437301294175959,1237240.3695044403,2593558.3863153853,0.0,34577.98680935032,0.0,0.0,0,0,0,0.0,2
2025-11-10 00:00:00,3830798.7558198255,3835371.8110481454,0.0011937602363925994,1237240.3695044403,2598131.441543705,0.0,2189.4911866155453,0.0,0.0,0,0,0,0.0,2
2025-11-11 00:00:00,3835371.8110481454,3869591.9099132866,0.008922237673689675,1237240.3695044403,2632351.540408846,0.0,32339.37029272644,0.0,0.0,0,0,0,0.0,2
2025-11-12 00:00:00,3869591.9099132866,3862657.3538807044,-0.0017920639163052164,1237240.3695044403,2625416.9843762643,0.0,-15871.383665455738,0.0,0.0,0,0,0,0.0,2
2025-11-13 00:00:00,3862657.3538807044,3842543.2762985798,-0.005207316036437083,1237240.3695044403,2605302.906794139,0.0,-14313.78128405055,0.0,0.0,0,0,0,0.0,2
2025-11-14 00:00:00,3842543.2762985798,3834950.7284894697,-0.0019759173191209243,1237240.3695044403,2597710.358985029,0.0,6017.172889359761,0.0,0.0,0,0,0,0.0,2
2025-11-17 00:00:00,3834950.7284894697,3847095.3599235164,0.0031668285445821762,1237240.3695044403,2609854.990419076,0.0,2138.1497010218445,0.0,0.0,0,0,0,0.0,2
2025-11-18 00:00:00,3847095.3599235164,3848598.5502305925,0.0003907338307064928,2576820.072168709,1271778.478061884,22474.506311308214,-3825.879932536278,0.0,0.0,0,1389.5472019118329,1389.5472019118329,0.0,1
2025-11-19 00:00:00,3848598.5502305925,3863902.0699607376,0.003976387646154517,2576820.072168709,1287081.997792029,0.0,18009.629926329246,0.0,0.0,0,0,0,0.0,1
2025-11-20 00:00:00,3863902.0699607376,3906639.948231509,0.011060807830257879,2576820.072168709,1329819.8760628004,0.0,40964.909521547146,0.0,0.0,0,0,0,0.0,1
2025-11-21 00:00:00,3906639.948231509,3908319.6028360375,0.00042994865838325475,2576820.072168709,1331499.5306673287,0.0,1679.6546045283321,0.0,0.0,0,0,0,0.0,1
2025-11-24 00:00:00,3908319.6028360375,4021919.308496722,0.029066124883505403,0.0,4021919.308496722,0.0,110427.02474102052,0.0,0.0,0,0,0,0.0,3
2025-11-25 00:00:00,4021919.308496722,3999555.993422701,-0.005560358962641586,0.0,3999555.993422701,0.0,-14980.94561681617,0.0,0.0,0,0,0,0.0,3
2025-11-26 00:00:00,3999555.993422701,4023205.5496937605,0.00591304542553006,0.0,4023205.5496937605,0.0,12662.182963389903,0.0,0.0,0,0,0,0.0,3
2025-11-27 00:00:00,4023205.5496937605,3997721.8667504983,-0.006334173739942751,0.0,3997721.8667504983,0.0,-36395.88432710455,0.0,0.0,0,0,0,0.0,3
2025-11-28 00:00:00,3997721.8667504983,3978492.921705317,-0.00480997570268967,0.0,3978492.921705317,0.0,-24148.47611782304,0.0,0.0,0,0,0,0.0,3
2025-12-01 00:00:00,3978492.921705317,4003836.355852412,0.006370109145809862,1345720.5314042233,2658115.8244481888,57310.49531986895,2117.1323926912155,0.0,0.0,0,1395.9170889562934,1395.9170889562934,0.0,2
2025-12-02 00:00:00,4003836.355852412,3988697.4061356364,-0.0037811110073584947,1345720.5314042233,2642976.874731413,0.0,-21597.045597922523,0.0,0.0,0,0,0,0.0,2
2025-12-03 00:00:00,3988697.4061356364,3959046.0454584844,-0.00743384560371528,1345720.5314042233,2613325.514054261,0.0,-25452.22390444507,0.0,0.0,0,0,0,0.0,2
2025-12-04 00:00:00,3959046.0454584844,3962576.700694725,0.0008917944362608701,1345720.5314042233,2616856.1692905016,0.0,-3214.3946522991173,0.0,0.0,0,0,0,0.0,2
2025-12-05 00:00:00,3962576.700694725,4024458.7407486765,0.015616616340348012,1345720.5314042233,2678738.209344453,0.0,58149.45520567964,0.0,0.0,0,0,0,0.0,2
2025-12-08 00:00:00,4024458.7407486765,3979930.1912807375,-0.011064481545574309,1345720.5314042233,2634209.659876514,0.0,-54249.81342596933,0.0,0.0,0,0,0,0.0,2
2025-12-09 00:00:00,3979930.1912807375,3995804.426568546,0.003988571287653675,1345720.5314042233,2650083.8951643226,0.0,22503.686517482623,0.0,0.0,0,0,0,0.0,2
2025-12-10 00:00:00,3995804.426568546,4000753.057646432,0.0012384567785605565,1345720.5314042233,2655032.5262422087,0.0,4827.455420480808,0.0,0.0,0,0,0,0.0,2
2025-12-11 00:00:00,4000753.057646432,4021327.988766157,0.005142764580383513,1345720.5314042233,2675607.457361934,0.0,9465.059876903659,0.0,0.0,0,0,0,0.0,2
2025-12-12 00:00:00,4021327.988766157,4017614.8967423905,-0.0009233497078923593,1345720.5314042233,2671894.365338167,0.0,-7359.1964407074265,0.0,0.0,0,0,0,0.0,2
2025-12-15 00:00:00,4017614.8967423905,4009017.2019354585,-0.0021399997331509523,1345720.5314042233,2663296.670531235,0.0,-9424.839178357972,0.0,0.0,0,0,0,0.0,2
2025-12-16 00:00:00,4009017.2019354585,3986978.626095213,-0.005497251503337468,1345720.5314042233,2641258.0946909897,0.0,-21758.682557478547,0.0,0.0,0,0,0,0.0,2
2025-12-17 00:00:00,3986978.626095213,4025248.2150285095,0.009598644116830183,1345720.5314042233,2679527.683624286,0.0,18483.00655884575,0.0,0.0,0,0,0,0.0,2
2025-12-18 00:00:00,4025248.2150285095,4028211.8535672636,0.0007362623074247085,1345720.5314042233,2682491.3221630403,0.0,-3837.0233887184877,0.0,0.0,0,0,0,0.0,2
2025-12-19 00:00:00,4028211.8535672636,4099139.6629095855,0.017607765410726946,1345720.5314042233,2753419.131505362,0.0,77508.54882984841,0.0,0.0,0,0,0,0.0,2
2025-12-22 00:00:00,4099139.6629095855,4164752.66176146,0.016006529234796067,1345720.5314042233,2819032.1303572366,0.0,34708.30342266313,0.0,0.0,0,0,0,0.0,2
2025-12-23 00:00:00,4164752.66176146,4162066.375386744,-0.0006450050201972709,0.0,4162066.375386744,0.0,-17370.007558874786,0.0,0.0,0,0,0,0.0,3
2025-12-24 00:00:00,4162066.375386744,4166940.415065359,0.0011710624576865742,0.0,4166940.415065359,0.0,225.98553471197374,0.0,0.0,0,0,0,0.0,3
2025-12-26 00:00:00,4166940.415065359,4181980.8329003192,0.003609463140049359,0.0,4181980.8329003192,0.0,8825.825952521525,0.0,0.0,0,0,0,0.0,3
2025-12-29 00:00:00,4181980.8329003192,4123053.2300208136,-0.014090835236716684,0.0,4123053.2300208136,0.0,-53293.10266821901,0.0,0.0,0,0,0,0.0,3
2025-12-30 00:00:00,4123053.2300208136,4243017.9072442185,0.029096077719762855,0.0,4243017.9072442185,0.0,106170.61171474773,0.0,0.0,0,0,0,0.0,3
2025-12-31 00:00:00,4243017.9072442185,4261714.216893699,0.004406370667811652,0.0,4261714.216893699,0.0,22334.952874264447,0.0,0.0,0,0,0,0.0,3
2026-01-01 00:00:00,4261714.216893699,4281972.108175393,0.004753460755625199,0.0,4281972.108175393,0.0,28680.61428111489,0.0,0.0,0,0,0,0.0,3
2026-01-02 00:00:00,4281972.108175393,4257590.245222848,-0.005694073276655398,0.0,4257590.245222848,0.0,-34111.68791796337,0.0,0.0,0,0,0,0.0,3
2026-01-05 00:00:00,4257590.245222848,4247827.878264947,-0.0022929324795533655,0.0,4247827.878264947,0.0,-16448.912524540443,0.0,0.0,0,0,0,0.0,3
2026-01-06 00:00:00,4247827.878264947,4250760.900804458,0.0006904758440234483,0.0,4250760.900804458,0.0,-12073.425489626592,0.0,0.0,0,0,0,0.0,3
2026-01-07 00:00:00,4250760.900804458,4255970.408290594,0.0012255470509173539,1287478.2299155195,2968492.1783750746,-58242.30148870389,10792.392854185542,0.0,0.0,0,1335.502298477181,1335.502298477181,0.0,2
2026-01-08 00:00:00,4255970.408290594,4245490.129723948,-0.002462488589260387,1287478.2299155195,2958011.899808429,0.0,-20537.284646424232,0.0,0.0,0,0,0,0.0,2
2026-01-09 00:00:00,4245490.129723948,4209981.017603385,-0.008363960587719479,1287478.2299155195,2922502.787687866,0.0,-32091.420818210114,0.0,0.0,0,0,0,0.0,2
2026-01-12 00:00:00,4209981.017603385,4192674.66605997,-0.004110790873177695,1287478.2299155195,2905196.43614445,0.0,-17322.889793064445,0.0,0.0,0,0,0,0.0,2
2026-01-13 00:00:00,4192674.66605997,4196451.663133797,0.0009008562253595298,1287478.2299155195,2908973.433218278,0.0,-9359.37614756939,0.0,0.0,0,0,0,0.0,2
2026-01-14 00:00:00,4196451.663133797,4191064.537089538,-0.0012837336103703493,1287478.2299155195,2903586.3071740186,0.0,-4256.300991437864,0.0,0.0,0,0,0,0.0,2
2026-01-16 00:00:00,4191064.537089538,4205423.468796886,0.0034260822233291655,1287478.2299155195,2917945.2388813663,0.0,19740.523012606893,0.0,0.0,0,0,0,0.0,2
2026-01-19 00:00:00,4205423.468796886,4230251.629392091,0.005903843163339888,1287478.2299155195,2942773.399476572,0.0,17410.52969510597,0.0,0.0,0,0,0,0.0,2
2026-01-20 00:00:00,4230251.629392091,4166614.7199339084,-0.015043291755040988,1287478.2299155195,2879136.4900183887,0.0,-57624.58865266689,0.0,0.0,0,0,0,0.0,2
2026-01-21 00:00:00,4166614.7199339084,4158022.8647003127,-0.0020620709643468047,1287478.2299155195,2870544.6347847935,0.0,12753.341885402566,0.0,0.0,0,0,0,0.0,2
2026-01-22 00:00:00,4158022.8647003127,4155014.241983937,-0.000723570507973258,0.0,4155014.241983937,0.0,-23657.3026076362,0.0,0.0,0,0,0,0.0,3
2026-01-23 00:00:00,4155014.241983937,4113924.110081683,-0.00988928786021067,0.0,4113924.110081683,0.0,-59835.0223008336,0.0,0.0,0,0,0,0.0,3
2026-01-27 00:00:00,4113924.110081683,4140195.969159464,0.006386082575854647,0.0,4140195.969159464,0.0,23463.15313303424,0.0,0.0,0,4270.290565130947,4270.290565130947,0.0,1
2026-01-28 00:00:00,4140195.969159464,4277835.373981414,0.033244659394684115,0.0,4277835.373981414,0.0,161102.55795498472,0.0,0.0,0,0,0,0.0,1
2026-01-29 00:00:00,4277835.373981414,4615161.083235755,0.0788542989068765,0.0,4615161.083235755,0.0,498428.267209325,0.0,0.0,0,0,0,0.0,1
2026-01-30 00:00:00,4615161.083235755,4129802.1138344933,-0.10516620344288596,0.0,4129802.1138344933,0.0,13069.297808063682,0.0,0.0,0,0,0,0.0,1
2026-02-02 00:00:00,4129802.1138344933,3737672.5712111057,-0.09495117001121829,0.0,3737672.5712111057,0.0,-379060.24481532397,0.0,0.0,0,0,0,0.0,1
2026-02-03 00:00:00,3737672.5712111057,3943343.740875006,0.05502653476071007,0.0,3943343.740875006,0.0,-173389.07515142346,0.0,0.0,0,0,0,0.0,1
2026-02-04 00:00:00,3943343.740875006,4081927.997945021,0.03514384394987175,0.0,4081927.997945021,0.0,-34804.81808140874,0.0,0.0,0,0,0,0.0,1
2026-02-05 00:00:00,4081927.997945021,3943973.802572469,-0.03379633238067953,0.0,3943973.802572469,0.0,-172759.01345396042,0.0,0.0,0,0,0,0.0,1
2026-02-06 00:00:00,3943973.802572469,3938304.448785952,-0.0014374724758109566,0.0,3938304.448785952,0.0,-178428.36724047782,0.0,0.0,0,0,0,0.0,1
2026-02-09 00:00:00,3938304.448785952,4030903.8138663624,0.023512495360523973,0.0,4030903.8138663624,0.0,-85829.0021600672,0.0,0.0,0,0,0,0.0,1
2026-02-10 00:00:00,4030903.8138663624,4042242.281141267,0.0028128846031751586,0.0,4042242.281141267,0.0,-74490.53488516249,0.0,0.0,0,0,0,0.0,1
2026-02-11 00:00:00,4042242.281141267,4053580.9887143024,0.0028050539241388445,0.0,4053580.9887143024,0.0,-63151.82731212722,0.0,0.0,0,0,0,0.0,1
2026-02-12 00:00:00,4053580.9887143024,4047911.875225915,-0.0013985445225273324,0.0,4047911.875225915,0.0,-68820.94080051454,0.0,0.0,0,0,0,0.0,1
2026-02-13 00:00:00,4047911.875225915,3971690.509807594,-0.018829798614147707,0.0,3971690.509807594,0.0,-145042.30621883553,0.0,0.0,0,0,0,0.0,1
2026-02-16 00:00:00,3971690.509807594,3997517.51254659,0.006502773233518418,0.0,3997517.51254659,0.0,-119215.30347983958,0.0,0.0,0,0,0,0.0,1
2026-02-17 00:00:00,3997517.51254659,3923816.153619991,-0.018436782001649814,0.0,3923816.153619991,0.0,-192916.6624064385,0.0,0.0,0,0,0,0.0,1
2026-02-18 00:00:00,3923816.153619991,3925705.8581161206,0.0004815986331026323,0.0,3925705.8581161206,0.0,-191026.95791030908,0.0,0.0,0,0,0,0.0,1
2026-02-19 00:00:00,3925705.8581161206,4002871.8354843757,0.019656586651473115,0.0,4002871.8354843757,0.0,-113860.98054205393,0.0,0.0,0,0,0,0.0,1
2026-02-20 00:00:00,4002871.8354843757,4017045.3400997347,0.0035408339806722576,0.0,4017045.3400997347,0.0,-99687.47592669493,0.0,0.0,0,0,0,0.0,1
2026-02-23 00:00:00,4017045.3400997347,4094526.348316722,0.019288059172133633,0.0,4094526.348316722,0.0,-22206.467709707562,0.0,0.0,0,0,0,0.0,1
2026-02-24 00:00:00,4094526.348316722,4132951.941725549,0.009384624774639359,0.0,4132951.941725549,0.0,16219.125699119177,0.0,0.0,0,0,0,0.0,1
2026-02-25 00:00:00,4132951.941725549,4147755.267740241,0.003581780340884251,0.0,4147755.267740241,0.0,31022.45171381114,0.0,0.0,0,0,0,0.0,1
2026-02-26 00:00:00,4147755.267740241,4109644.4648820153,-0.009188295933137075,0.0,4109644.4648820153,0.0,-7088.351144414395,0.0,0.0,0,0,0,0.0,1
2026-02-27 00:00:00,4109644.4648820153,4144920.710996047,0.008583770789779167,0.0,4144920.710996047,0.0,28187.894969617482,0.0,0.0,0,0,0,0.0,1
2026-03-02 00:00:00,4144920.710996047,4356576.265295197,0.051063836694788825,0.0,4356576.265295197,0.0,239843.4492687676,0.0,0.0,0,0,0,0.0,1
2026-03-04 00:00:00,4356576.265295197,4219252.131620109,-0.031521113212001406,0.0,4219252.131620109,0.0,102519.31559367944,0.0,0.0,0,0,0,0.0,1
2026-03-05 00:00:00,4219252.131620109,4165078.359948525,-0.012839662096889722,0.0,4165078.359948525,0.0,48345.54392209556,0.0,0.0,0,0,0,0.0,1
2026-03-06 00:00:00,4165078.359948525,4120353.5913538476,-0.010738037734116076,0.0,4120353.5913538476,0.0,3620.7753274179995,0.0,0.0,0,0,0,0.0,1
2026-03-09 00:00:00,4120353.5913538476,4137046.621864669,0.004051358734320774,0.0,4137046.621864669,0.0,20313.80583823938,0.0,0.0,0,0,0,0.0,1
2026-03-10 00:00:00,4137046.621864669,4163818.236553599,0.006471189990327804,0.0,4163818.236553599,0.0,47085.42052716948,0.0,0.0,0,0,0,0.0,1
2026-03-11 00:00:00,4163818.236553599,4179881.685963217,0.0038578651845556527,0.0,4179881.685963217,0.0,63148.86993678752,0.0,0.0,0,0,0,0.0,1
2026-03-12 00:00:00,4179881.685963217,4171062.263987514,-0.002109969285810208,0.0,4171062.263987514,0.0,54329.447961084545,0.0,0.0,0,0,0,0.0,1
2026-03-13 00:00:00,4171062.263987514,4104605.413091091,-0.015932835975670814,0.0,4104605.413091091,0.0,-12127.402935338672,0.0,0.0,0,0,0,0.0,1
2026-03-16 00:00:00,4104605.413091091,4006966.515623496,-0.023787645252376474,0.0,4006966.515623496,0.0,-109766.30040293373,0.0,0.0,0,0,0,0.0,1
2026-03-17 00:00:00,4006966.515623496,4038462.8721490093,0.007860399232862672,0.0,4038462.8721490093,0.0,-78269.94387742039,0.0,0.0,0,0,0,0.0,1
2026-03-18 00:00:00,4038462.8721490093,4028699.0785215017,-0.0024177004807554065,0.0,4028699.0785215017,0.0,-88033.7375049279,0.0,0.0,0,0,0,0.0,1
2026-03-19 00:00:00,4028699.0785215017,3821137.9640633417,-0.05152062996334121,0.0,3821137.9640633417,0.0,-295594.8519630879,0.0,0.0,0,0,0,0.0,1
2026-03-20 00:00:00,3821137.9640633417,3812948.844083232,-0.002143110261164626,0.0,3812948.844083232,0.0,-303783.9719431978,0.0,0.0,0,0,0,0.0,1
2026-03-23 00:00:00,3812948.844083232,3487276.632952527,-0.0854121637734712,0.0,3487276.632952527,0.0,-629456.1830739025,0.0,0.0,0,0,0,0.0,1
2026-03-24 00:00:00,3487276.632952527,3637514.1478480482,0.043081616604737624,0.0,3637514.1478480482,0.0,-479218.6681783814,0.0,0.0,0,0,0,0.0,1
2026-03-25 00:00:00,3637514.1478480482,3757200.398764251,0.03290330870245794,0.0,3757200.398764251,0.0,-359532.41726217885,0.0,0.0,0,0,0,0.0,1
2026-03-27 00:00:00,3757200.398764251,3701766.743995871,-0.014753978730176885,0.0,3701766.743995871,0.0,-414966.0720305587,0.0,0.0,0,0,0,0.0,1
2026-03-30 00:00:00,3701766.743995871,3817043.524222352,0.031141016762727104,0.0,3817043.524222352,0.0,-299689.29180407757,0.0,0.0,0,0,0,0.0,1
2026-04-01 00:00:00,3817043.524222352,3885705.591059896,0.017988285017403002,0.0,3885705.591059896,0.0,-231027.22496653348,0.0,0.0,0,0,0,0.0,1
2026-04-02 00:00:00,3885705.591059896,3797830.7275179382,-0.022614905190999936,0.0,3797830.7275179382,0.0,-318902.0885084914,0.0,0.0,0,0,0,0.0,1
2026-04-06 00:00:00,3797830.7275179382,3868067.46800288,0.018493910214593682,0.0,3868067.46800288,0.0,-248665.34802354965,0.0,0.0,0,0,0,0.0,1
2026-04-07 00:00:00,3868067.46800288,3835626.2592293024,-0.00838692940129281,0.0,3835626.2592293024,0.0,-281106.55679712724,0.0,0.0,0,0,0,0.0,1
2026-04-08 00:00:00,3835626.2592293024,3917831.768984742,0.021432095882031335,0.0,3917831.768984742,0.0,-198901.04704168765,0.0,0.0,0,0,0,0.0,1
2026-04-09 00:00:00,3917831.768984742,3880666.0586727113,-0.009486295610304315,0.0,3880666.0586727113,0.0,-236066.7573537184,0.0,0.0,0,0,0,0.0,1
2026-04-10 00:00:00,3880666.0586727113,3889485.000052154,0.0022725329224692727,0.0,3889485.000052154,0.0,-227247.81597427558,0.0,0.0,0,0,0,0.0,1
2026-04-13 00:00:00,3889485.000052154,3897989.1508809957,0.0021864464906607367,0.0,3897989.1508809957,0.0,-218743.66514543397,0.0,0.0,0,0,0,0.0,1
2026-04-15 00:00:00,3897989.1508809957,3938934.270185285,0.010504164511344262,0.0,3938934.270185285,0.0,-177798.54584114486,0.0,0.0,0,0,0,0.0,1
2026-04-16 00:00:00,3938934.270185285,3956257.362393569,0.0043979135014785495,0.0,3956257.362393569,0.0,-160475.45363286044,0.0,0.0,0,0,0,0.0,1
2026-04-17 00:00:00,3956257.362393569,3930745.390503305,-0.006448511700166349,0.0,3930745.390503305,0.0,-185987.42552312464,0.0,0.0,0,0,0,0.0,1
2026-04-20 00:00:00,3930745.390503305,3937044.565689156,0.001602539610189368,0.0,3937044.565689156,0.0,-179688.2503372738,0.0,0.0,0,0,0,0.0,1
2026-04-21 00:00:00,3937044.565689156,3943973.802572469,0.0017600097656249095,0.0,3943973.802572469,0.0,-172759.01345396042,0.0,0.0,0,0,0,0.0,1
2026-04-22 00:00:00,3943973.802572469,3936729.534840424,-0.0018367940799505441,0.0,3936729.534840424,0.0,-180003.28118600557,0.0,0.0,0,0,0,0.0,1
2026-04-23 00:00:00,3936729.534840424,3908067.975357235,-0.007280550830208592,0.0,3908067.975357235,0.0,-208664.8406691947,0.0,0.0,0,0,0,0.0,1
2026-04-24 00:00:00,3908067.975357235,3903658.504667513,-0.001128299384126962,0.0,3903658.504667513,0.0,-213074.31135891657,0.0,0.0,0,0,0,0.0,1
2026-04-27 00:00:00,3903658.504667513,3913422.2982950206,0.002501190515469829,0.0,3913422.2982950206,0.0,-203310.51773140905,0.0,0.0,0,0,0,0.0,1
2026-04-28 00:00:00,3913422.2982950206,3863973.0281618903,-0.012635812433192823,0.0,3863973.0281618903,0.0,-252759.7878645393,0.0,0.0,0,0,0,0.0,1
2026-04-29 00:00:00,3863973.0281618903,3829327.0840434516,-0.008966404233654806,0.0,3829327.0840434516,0.0,-287405.73198297806,0.0,0.0,0,0,0,0.0,1
2026-04-30 00:00:00,3829327.0840434516,3887595.295556025,0.01521630569385761,0.0,3887595.295556025,0.0,-229137.52047040453,0.0,0.0,0,0,0,0.0,1
2026-05-04 00:00:00,3887595.295556025,3854524.025084984,-0.008506870689149513,0.0,3854524.025084984,0.0,-262208.7909414456,0.0,0.0,0,0,0,0.0,1
2026-05-05 00:00:00,3854524.025084984,3847595.0284998007,-0.001797627032570005,0.0,3847595.0284998007,0.0,-269137.78752662893,0.0,0.0,0,0,0,0.0,1
2026-05-06 00:00:00,3847595.0284998007,3906178.0305629754,0.01522587528813202,0.0,3906178.0305629754,0.0,-210554.7854634542,0.0,0.0,0,0,0,0.0,1
2026-05-07 00:00:00,3906178.0305629754,3920351.5351783345,0.003628484033359908,0.0,3920351.5351783345,0.0,-196381.2808480952,0.0,0.0,0,0,0,0.0,1
2026-05-08 00:00:00,3920351.5351783345,3915312.00279115,-0.0012854797183271473,0.0,3915312.00279115,0.0,-201420.81323527964,0.0,0.0,0,0,0,0.0,1
2026-05-11 00:00:00,3915312.00279115,3881296.1203701743,-0.008687911051974006,0.0,3881296.1203701743,0.0,-235436.69565625535,0.0,0.0,0,0,0,0.0,1
2026-05-12 00:00:00,3881296.1203701743,3924761.005868056,0.011198549183033257,0.0,3924761.005868056,0.0,-191971.8101583738,0.0,0.0,0,0,0,0.0,1
2026-05-13 00:00:00,3924761.005868056,4149330.1816857685,0.05721856069247298,0.0,4149330.1816857685,0.0,32597.365659338888,0.0,0.0,0,0,0,0.0,1
2026-05-14 00:00:00,4149330.1816857685,4150589.8244844344,0.0003035773832185487,0.0,4150589.8244844344,0.0,33857.0084580048,0.0,0.0,0,0,0,0.0,1
2026-05-15 00:00:00,4150589.8244844344,4075943.6133097718,-0.01798448276780394,0.0,4075943.6133097718,0.0,-40789.20271665789,0.0,0.0,0,0,0,0.0,1
2026-05-18 00:00:00,4075943.6133097718,4085077.345239816,0.002240887705172935,0.0,4085077.345239816,0.0,-31655.470786613878,0.0,0.0,0,0,0,0.0,1
2026-05-19 00:00:00,4085077.345239816,4114683.9972692,0.007247513211441123,0.0,4114683.9972692,0.0,-2048.8187572294846,0.0,0.0,0,0,0,0.0,1
2026-05-20 00:00:00,4114683.9972692,4100825.5235025724,-0.0033680529964938257,0.0,4100825.5235025724,0.0,-15907.292523857206,0.0,0.0,0,0,0,0.0,1
2026-05-21 00:00:00,4100825.5235025724,4117833.8251602557,0.0041475311642023205,0.0,4117833.8251602557,0.0,1101.00913382601,0.0,0.0,0,0,0,0.0,1
2026-05-22 00:00:00,4117833.8251602557,4110274.5265794783,-0.0018357463903932978,0.0,4110274.5265794783,0.0,-6458.289446951356,0.0,0.0,0,0,0,0.0,1
2026-05-25 00:00:00,4110274.5265794783,4110589.31713008,7.6586259279288e-05,0.0,4110589.31713008,0.0,-6143.498896349687,0.0,0.0,0,0,0,0.0,1
2026-05-26 00:00:00,4110589.31713008,4081297.9362475574,-0.0071258349162871696,0.0,4081297.9362475574,0.0,-35434.879778872244,0.0,0.0,0,0,0,0.0,1
2026-05-27 00:00:00,4081297.9362475574,4064289.6345898747,-0.004167375654353866,0.0,4064289.6345898747,0.0,-52443.181436554994,0.0,0.0,0,0,0,0.0,1
2026-05-29 00:00:00,4064289.6345898747,4052006.0747687747,-0.0030223140881886243,0.0,4052006.0747687747,0.0,-64726.74125765497,0.0,0.0,0,0,0,0.0,1
2026-06-01 00:00:00,4052006.0747687747,4015470.426154207,-0.009016681599287235,0.0,4015470.426154207,0.0,-101262.38987222267,0.0,0.0,0,0,0,0.0,1
2026-06-02 00:00:00,4015470.426154207,4052636.136466238,0.009255630441195019,0.0,4052636.136466238,0.0,-64096.679560191464,0.0,0.0,0,0,0,0.0,1
2026-06-03 00:00:00,4052636.136466238,4020194.92769266,-0.00800496459123658,0.0,4020194.92769266,0.0,-96537.88833376952,0.0,0.0,0,0,0,0.0,1
2026-06-04 00:00:00,4020194.92769266,4047281.813528452,0.006737704594672008,0.0,4047281.813528452,0.0,-69451.00249797758,0.0,0.0,0,0,0,0.0,1
2026-06-05 00:00:00,4047281.813528452,4024604.3983823815,-0.005603122340102179,0.0,4024604.3983823815,0.0,-92128.41764404811,0.0,0.0,0,0,0,0.0,1
2026-06-08 00:00:00,4024604.3983823815,3910587.741550827,-0.02832990414595322,0.0,3910587.741550827,0.0,-206145.0744756027,0.0,0.0,0,0,0,0.0,1
2026-06-09 00:00:00,3910587.741550827,3949328.1255102553,0.009906537461825389,0.0,3949328.1255102553,0.0,-167404.6905161743,0.0,0.0,0,0,0,0.0,1
2026-06-10 00:00:00,3949328.1255102553,3815783.6411255556,-0.03381448189176373,0.0,3815783.6411255556,0.0,-300949.17490087403,0.0,0.0,0,0,0,0.0,1
2026-06-11 00:00:00,3815783.6411255556,3756885.367915519,-0.015435433124469062,0.0,3756885.367915519,0.0,-359847.4481109106,0.0,0.0,0,0,0,0.0,1
2026-06-12 00:00:00,3756885.367915519,3840035.729919024,0.022132791890224785,0.0,3840035.729919024,0.0,-276697.08610740583,0.0,0.0,0,0,0,0.0,1
2026-06-15 00:00:00,3840035.729919024,3909012.827605299,0.0179626187196258,0.0,3909012.827605299,0.0,-207719.98842113046,0.0,0.0,0,0,0,0.0,1
2026-06-16 00:00:00,3909012.827605299,3909957.679853364,0.00024171121706027606,0.0,3909957.679853364,0.0,-206775.13617306575,0.0,0.0,0,0,0,0.0,1
2026-06-17 00:00:00,3909957.679853364,3897674.120032264,-0.003141609405235467,0.0,3897674.120032264,0.0,-219058.69599416573,0.0,0.0,0,0,0,0.0,1
2026-06-18 00:00:00,3897674.120032264,3846335.1454030043,-0.01317169497711489,0.0,3846335.1454030043,0.0,-270397.6706234254,0.0,0.0,0,0,0,0.0,1
2026-06-19 00:00:00,3846335.1454030043,3772948.5770270075,-0.019079608406902777,0.0,3772948.5770270075,0.0,-343784.2389994222,0.0,0.0,0,0,0,0.0,1
2026-06-22 00:00:00,3772948.5770270075,3814838.7888774914,0.01110277836956166,0.0,3814838.7888774914,0.0,-301894.0271489383,0.0,0.0,0,0,0,0.0,1
2026-06-23 00:00:00,3814838.7888774914,3744916.838943151,-0.01832893964961359,0.0,3744916.838943151,0.0,-371815.9770832788,0.0,0.0,0,0,0,0.0,1
2026-06-24 00:00:00,3744916.838943151,3702711.5962439356,-0.01127000799065164,0.0,3702711.5962439356,0.0,-414021.219782494,0.0,0.0,0,0,0,0.0,1
2026-06-25 00:00:00,3702711.5962439356,3620821.117337227,-0.022116353590644008,0.0,3620821.117337227,0.0,-495911.6986892028,0.0,0.0,0,0,0,0.0,1
2026-06-29 00:00:00,3620821.117337227,3667120.799877432,0.01278706708776996,0.0,3667120.799877432,0.0,-449612.01614899747,0.0,0.0,0,0,0,0.0,1
2026-06-30 00:00:00,3667120.799877432,3652632.504711472,-0.003950863894760287,0.0,3652632.504711472,0.0,-464100.3113149577,0.0,0.0,0,0,0,0.0,1
2026-07-01 00:00:00,3652632.504711472,3636569.2955999835,-0.004397707431768389,0.0,3636569.2955999835,0.0,-480163.5204264461,0.0,0.0,0,0,0,0.0,1
2026-07-02 00:00:00,3636569.2955999835,3706806.2763830554,0.0193140773827833,0.0,3706806.2763830554,0.0,-409926.5396433743,0.0,0.0,0,0,0,0.0,1
2026-07-03 00:00:00,3706806.2763830554,3789326.576689097,0.022261832465267525,0.0,3789326.576689097,0.0,-327406.23933733255,0.0,0.0,0,0,0,0.0,1
2026-07-06 00:00:00,3789326.576689097,3764129.635647564,-0.006649450906801649,0.0,3764129.635647564,0.0,-352603.18037886545,0.0,0.0,0,0,0,0.0,1
2026-07-07 00:00:00,3764129.635647564,3734838.014466912,-0.007781777998093037,0.0,3734838.014466912,0.0,-381894.8015595176,0.0,0.0,0,0,0,0.0,1
2026-07-08 00:00:00,3734838.014466912,3683813.8303882536,-0.013661685963625747,0.0,3683813.8303882536,0.0,-432918.9856381761,0.0,0.0,0,0,0,0.0,1
2026-07-09 00:00:00,3683813.8303882536,3729798.482079727,0.012482892406814985,0.0,3729798.482079727,0.0,-386934.33394670254,0.0,0.0,0,0,0,0.0,1
2026-07-10 00:00:00,3729798.482079727,3720979.5407002843,-0.0023644551902239474,0.0,3720979.5407002843,0.0,-395753.27532614535,0.0,0.0,0,0,0,0.0,1
2026-07-13 00:00:00,3720979.5407002843,3683498.799539522,-0.010072815706400971,0.0,3683498.799539522,0.0,-433234.01648690784,0.0,0.0,0,0,0,0.0,1
2026-07-14 00:00:00,3683498.799539522,3652947.5355602037,-0.008294088213938696,0.0,3652947.5355602037,0.0,-463785.28046622593,0.0,0.0,0,0,0,0.0,1
2026-07-15 00:00:00,3652947.5355602037,3665860.916780636,0.003535057948334895,0.0,3665860.916780636,0.0,-450871.89924579347,0.0,0.0,0,0,0,0.0,1
2026-07-16 00:00:00,3665860.916780636,3668380.6829742286,0.0006873600092295146,0.0,3668380.6829742286,0.0,-448352.133052201,0.0,0.0,0,0,0,0.0,1
2026-07-17 00:00:00,3668380.6829742286,3646963.150924954,-0.005838415884337761,0.0,3646963.150924954,0.0,-469769.66510147555,0.0,0.0,0,0,0,0.0,1
2026-07-20 00:00:00,3646963.150924954,3680034.181097865,0.009068100993705799,0.0,3680034.181097865,0.0,-436698.63492856454,0.0,0.0,0,0,0,0.0,1
2026-07-21 00:00:00,3680034.181097865,3708066.159479852,0.0076173146776652885,0.0,3708066.159479852,0.0,-408666.6565465778,0.0,0.0,0,0,0,0.0,1
2026-07-22 00:00:00,3708066.159479852,3752475.8972257976,0.011976522487984781,0.0,3752475.8972257976,0.0,-364256.918800632,0.0,0.0,0,0,0,0.0,1
2026-07-23 00:00:00,3752475.8972257976,3738302.6329085687,-0.0037770433989215515,0.0,3738302.6329085687,0.0,-378430.1831178609,0.0,0.0,0,0,0,0.0,1
2026-07-24 00:00:00,3738302.6329085687,3713735.5132663692,-0.006571731091520846,0.0,3713735.5132663692,0.0,-402997.3027600604,0.0,0.0,0,0,0,0.0,1
2026-07-27 00:00:00,3713735.5132663692,3736097.897563708,0.006021533902308036,0.0,3736097.897563708,0.0,-380634.91846272163,0.0,0.0,0,0,0,0.0,1
2026-07-28 00:00:00,3736097.897563708,3679719.390547264,-0.015090211381561568,0.0,3679719.390547264,0.0,-437013.42547916574,0.0,0.0,0,0,0,0.0,1
2026-07-29 00:00:00,3679719.390547264,3680349.211946597,0.0001711601707866332,0.0,3680349.211946597,0.0,-436383.6040798328,0.0,0.0,0,0,0,0.0,1
2026-07-30 00:00:00,3680349.211946597,3696727.4519068166,0.0044501863864046184,0.0,3696727.4519068166,0.0,-420005.3641196131,0.0,0.0,0,0,0,0.0,1
2026-07-31 00:00:00,3696727.4519068166,3688538.3319267067,-0.002215234984631017,0.0,3688538.3319267067,0.0,-428194.48409972293,0.0,0.0,0,0,0,0.0,1
2026-08-03 00:00:00,3688538.3319267067,3693262.8334651594,0.0012808600896347065,0.0,3693262.8334651594,0.0,-423469.98256127024,0.0,0.0,0,0,0,0.0,1
2026-08-04 00:00:00,3693262.8334651594,3689798.2150235027,-0.0009380914919629647,0.0,3689798.2150235027,0.0,-426934.60100292694,0.0,0.0,0,0,0,0.0,1
2026-08-05 00:00:00,3689798.2150235027,3837515.9637254314,0.04003409945304766,0.0,3837515.9637254314,0.0,-279216.8523009983,0.0,0.0,0,0,0,0.0,1
2026-08-06 00:00:00,3837515.9637254314,3837515.9637254314,0.0,0.0,3837515.9637254314,0.0,-279216.8523009983,0.0,0.0,0,0,0,0.0,1
2026-08-07 00:00:00,3837515.9637254314,3847909.819050402,0.0027084852345162056,0.0,3847909.819050402,0.0,-268822.99697602773,0.0,0.0,0,0,0,0.0,1
