rebalance_date,date,universe,symbol,rank,score,entry_date,entry_rank,entry_price,current_price,quantity,cost_value,market_value,unrealized_pnl,unrealized_return_pct,holding_days,sleeve_weight,weight
2026-06-02,2026-06-02,NIFTY_AUTO,BHARATFORG,1,0.8564557541528095,2026-06-02,1,1908.1107696516624,1908.1107696516624,31.080254236013992,59375.0,59304.56783125,-70.4321687499978,-0.001186225999999963,0,0.5,0.03125
2026-06-02,2026-06-02,NIFTY_AUTO,BAJAJ-AUTO,2,0.6261051955090912,2026-06-02,2,10305.0,10305.0,5.754931376152354,59375.0,59304.56783125,-70.4321687499978,-0.001186225999999963,0,0.5,0.03125
2026-06-02,2026-06-02,NIFTY_CHEMICALS,SOLARINDS,1,0.8848867917525354,2026-06-02,1,18171.0,18171.0,3.2636931281299875,59375.0,59304.56783125,-70.4321687499978,-0.001186225999999963,0,0.5,0.03125
2026-06-02,2026-06-02,NIFTY_CHEMICALS,HSCL,2,0.8446175832445371,2026-06-02,2,600.0,600.0,98.84094638541667,59375.0,59304.56783125,-70.4321687499978,-0.001186225999999963,0,0.5,0.03125
2026-06-02,2026-06-02,NIFTY_CONSUMER_DURABLES,TITAN,1,0.8599047429415093,2026-06-02,1,4017.39990234375,4017.39990234375,14.7619279317082,59375.0,59304.56783125,-70.4321687499978,-0.001186225999999963,0,0.5,0.03125
2026-06-02,2026-06-02,NIFTY_CONSUMER_DURABLES,KAJARIACER,2,0.7741750850872857,2026-06-02,2,1101.0,1101.0,53.86427595935513,59375.0,59304.56783125,-70.4321687499978,-0.001186225999999963,0,0.5,0.03125
2026-06-02,2026-06-02,NIFTY_FINANCIAL_SERVICES,PFC,1,0.8356898292300341,2026-06-02,1,416.1000061035156,416.1000061035156,142.52479442765608,59375.0,59304.56783125,-70.4321687499978,-0.001186225999999963,0,0.5,0.03125
2026-06-02,2026-06-02,NIFTY_FINANCIAL_SERVICES,AXISBANK,2,0.7197906180454919,2026-06-02,2,1263.0,1263.0,46.955318947941414,59375.0,59304.56783125,-70.4321687499978,-0.001186225999999963,0,0.5,0.03125
2026-06-02,2026-06-02,NIFTY_FINANCIAL_SERVICES_EX_BANK,BSE,1,0.8941141814364123,2026-06-02,1,4020.0,4020.0,14.752380057524876,59375.0,59304.56783125,-70.4321687499978,-0.001186225999999963,0,0.5,0.03125
2026-06-02,2026-06-02,NIFTY_FINANCIAL_SERVICES_EX_BANK,MCX,2,0.8284667227852593,2026-06-02,2,2890.0,2890.0,20.52061170631488,59375.0,59304.56783125,-70.4321687499978,-0.001186225999999963,0,0.5,0.03125
2026-06-02,2026-06-02,NIFTY_FMCG,NESTLEIND,1,0.9802558844614458,2026-06-02,1,1385.0,1385.0,42.81918254963899,59375.0,59304.56783125,-70.4321687499978,-0.001186225999999963,0,0.5,0.03125
2026-06-02,2026-06-02,NIFTY_FMCG,MARICO,2,0.8990584519692728,2026-06-02,2,794.9000244140625,794.9000244140625,74.60632282023722,59375.0,59304.56783125,-70.4321687499978,-0.001186225999999963,0,0.5,0.03125
2026-06-02,2026-06-02,NIFTY_HEALTHCARE,LAURUSLABS,1,0.9088315904586102,2026-06-02,1,1388.0,1388.0,42.72663388418588,59375.0,59304.56783125,-70.4321687499978,-0.001186225999999963,0,0.5,0.03125
2026-06-02,2026-06-02,NIFTY_HEALTHCARE,AUROPHARMA,2,0.7401880365445063,2026-06-02,2,1436.9000244140625,1436.9000244140625,41.27257764884036,59375.0,59304.56783125,-70.4321687499978,-0.001186225999999963,0,0.5,0.03125
2026-06-02,2026-06-02,NIFTY_MEDIA,ZEEL,1,0.5416666666666667,2026-06-02,1,94.38999938964844,94.38999938964844,628.292914659705,59375.0,59304.56783125,-70.4321687499978,-0.001186225999999963,0,0.5,0.03125
2026-06-02,2026-06-02,NIFTY_MEDIA,SUNTV,2,0.45833333333333337,2026-06-02,2,508.0,508.0,116.74127525836614,59375.0,59304.56783125,-70.4321687499978,-0.001186225999999963,0,0.5,0.03125
2026-06-02,2026-06-02,NIFTY_METAL,NATIONALUM,1,0.901042840404258,2026-06-02,1,436.0,436.0,136.01965098910551,59375.0,59304.56783125,-70.4321687499978,-0.001186225999999963,0,0.5,0.03125
2026-06-02,2026-06-02,NIFTY_METAL,HINDCOPPER,2,0.808735255558458,2026-06-02,2,542.5499877929688,542.5499877929688,109.30710379792689,59375.0,59304.56783125,-70.4321687499978,-0.001186225999999963,0,0.5,0.03125
2026-06-02,2026-06-02,NIFTY_OIL_GAS,CHENNPETRO,1,0.8080651096030992,2026-06-02,1,1094.0,1094.0,54.208928547760515,59375.0,59304.56783125,-70.4321687499978,-0.001186225999999963,0,0.5,0.03125
2026-06-02,2026-06-02,NIFTY_OIL_GAS,ATGL,2,0.644658987488155,2026-06-02,2,732.7441074595766,732.7441074595766,80.9348955897563,59375.0,59304.56783125,-70.4321687499978,-0.001186225999999963,0,0.5,0.03125
2026-06-02,2026-06-02,NIFTY_PHARMA,BIOCON,2,0.5363465549606199,2026-06-02,2,424.4918746213675,424.4918746213675,139.70719200255053,59375.0,59304.56783125,-70.4321687499978,-0.001186225999999963,0,0.5,0.03125
2026-06-02,2026-06-02,NIFTY_PHARMA,LUPIN,3,0.5276168439878708,2026-06-02,3,2242.0,2242.0,26.45163596398305,59375.0,59304.56783125,-70.4321687499978,-0.001186225999999963,0,0.5,0.03125
2026-06-02,2026-06-02,NIFTY_PRIVATE_BANK,FEDERALBNK,1,0.7345089167210644,2026-06-02,1,286.5,286.5,206.99674635689354,59375.0,59304.56783125,-70.4321687499978,-0.001186225999999963,0,0.5,0.03125
2026-06-02,2026-06-02,NIFTY_PRIVATE_BANK,BANDHANBNK,2,0.724318810378795,2026-06-02,2,205.08999633789062,205.08999633789062,289.1636300658191,59375.0,59304.56783125,-70.4321687499978,-0.001186225999999963,0,0.5,0.03125
2026-06-02,2026-06-02,NIFTY_REALTY,OBEROIRLTY,1,0.895627594362427,2026-06-02,1,1639.0,1639.0,36.183384887888955,59375.0,59304.56783125,-70.4321687499978,-0.001186225999999963,0,0.5,0.03125
2026-06-02,2026-06-02,NIFTY_REALTY,PHOENIXLTD,2,0.8632667214656441,2026-06-02,2,1719.4000244140625,1719.4000244140625,34.49143130695245,59375.0,59304.56783125,-70.4321687499978,-0.001186225999999963,0,0.5,0.03125
2026-06-02,2026-06-02,NIFTY_MIDSMALL_FINANCIAL_SERVICES,ANGELONE,3,0.6087133910621486,2026-06-02,3,334.6000061035156,334.6000061035156,177.24018753574939,59375.0,59304.56783125,-70.4321687499978,-0.001186225999999963,0,0.5,0.03125
2026-06-02,2026-06-02,NIFTY_MIDSMALL_FINANCIAL_SERVICES,PNBHOUSING,6,0.512655307478676,2026-06-02,6,997.2000122070312,997.2000122070312,59.471086146494784,59375.0,59304.56783125,-70.4321687499978,-0.001186225999999963,0,0.5,0.03125
2026-06-02,2026-06-02,NIFTY_MIDSMALL_HEALTHCARE,WOCKPHARMA,1,0.8309178746829944,2026-06-02,1,2140.0,2140.0,27.712414874415888,59375.0,59304.56783125,-70.4321687499978,-0.001186225999999963,0,0.5,0.03125
2026-06-02,2026-06-02,NIFTY_MIDSMALL_HEALTHCARE,GRANULES,2,0.8048275264799125,2026-06-02,2,779.5,779.5,76.08026662123156,59375.0,59304.56783125,-70.4321687499978,-0.001186225999999963,0,0.5,0.03125
2026-06-02,2026-06-02,NIFTY_MIDSMALL_IT_TELECOM,HFCL,1,0.8333333333333334,2026-06-02,1,180.0,180.0,329.46982128472223,59375.0,59304.56783125,-70.4321687499978,-0.001186225999999963,0,0.5,0.03125
2026-06-02,2026-06-02,NIFTY_MIDSMALL_IT_TELECOM,IDEA,2,0.4515636294912481,2026-06-02,2,14.0,14.0,4236.040559375,59375.0,59304.56783125,-70.4321687499978,-0.001186225999999963,0,0.5,0.03125
2026-06-03,2026-06-03,NIFTY_AUTO,BHARATFORG,1,0.8389356687784165,2026-06-02,1,1908.1107696516624,1930.6424560546875,31.080254236013992,59375.0,60004.85837302216,629.858373022158,0.010608141019320557,1,1.0,0.04339399932241057
2026-06-03,2026-06-03,NIFTY_CHEMICALS,SOLARINDS,1,0.8896242494983824,2026-06-02,1,18171.0,18577.0,3.2636931281299875,59375.0,60629.62724127078,1254.6272412707767,0.021130564063507818,1,0.5046714932898306,0.043845816401569496
2026-06-03,2026-06-03,NIFTY_CHEMICALS,HSCL,2,0.8698991706684205,2026-06-02,2,600.0,602.0499877929688,98.84094638541667,59375.0,59507.19056478559,132.19056478558923,0.0022263674069151872,1,0.4953285067101694,0.04303409852239281
2026-06-03,2026-06-03,NIFTY_CONSUMER_DURABLES,TITAN,1,0.8525223051281011,2026-06-02,1,4017.39990234375,4088.800048828125,14.7619279317082,59375.0,60358.57164796575,983.5716479657494,0.01656541722889683,1,1.0,0.04364979583671633
2026-06-03,2026-06-03,NIFTY_FINANCIAL_SERVICES,PFC,1,0.8315327039531243,2026-06-02,1,416.1000061035156,416.6000061035156,142.52479442765608,59375.0,59375.830228463834,0.8302284638339188,1.3982795180360737e-05,1,1.0,0.04293910204210946
2026-06-03,2026-06-03,NIFTY_FINANCIAL_SERVICES_EX_BANK,BSE,1,0.8543127450338328,2026-06-02,1,4020.0,3966.10009765625,14.752380057524876,59375.0,58509.415986811524,-865.5840131884761,-0.014578257064226966,1,0.5015524564380394,0.04231253312694824
2026-06-03,2026-06-03,NIFTY_FINANCIAL_SERVICES_EX_BANK,MCX,2,0.840459603289643,2026-06-02,2,2890.0,2833.60009765625,20.52061170631488,59375.0,58147.20733497983,-1227.7926650201698,-0.02067861330560286,1,0.49844754356196064,0.04205059297046214
2026-06-03,2026-06-03,NIFTY_FMCG,NESTLEIND,1,0.9810724996227277,2026-06-02,1,1385.0,1391.5,42.81918254963899,59375.0,59582.89251782265,207.8925178226491,0.003501347668591985,1,1.0,0.04308884426445213
2026-06-03,2026-06-03,NIFTY_HEALTHCARE,LAURUSLABS,1,0.9085822898263045,2026-06-02,1,1388.0,1394.300048828125,42.72663388418588,59375.0,59573.74771098179,198.7477109817919,0.0033473298691670214,1,0.5005239579721499,0.04308223097091865
2026-06-03,2026-06-03,NIFTY_HEALTHCARE,AUROPHARMA,2,0.7318973460768242,2026-06-02,2,1436.9000244140625,1440.4000244140625,41.27257764884036,59375.0,59449.021853020946,74.02185302094585,0.0012466838403527723,1,0.49947604202785006,0.042992032377961495
2026-06-03,2026-06-03,NIFTY_MEDIA,ZEEL,1,0.5416666666666667,2026-06-03,1,94.19999694824219,94.19999694824219,633.0102736672264,59700.38399536397,59629.56584765868,-70.81814770528581,-0.00118622600000002,0,0.5,0.04312259723876446
2026-06-03,2026-06-03,NIFTY_MEDIA,SUNTV,2,0.45833333333333337,2026-06-03,2,514.9000244140625,514.9000244140625,115.80804626201943,59700.38399536397,59629.56584765868,-70.81814770528581,-0.00118622600000002,0,0.5,0.04312259723876446
2026-06-03,2026-06-03,NIFTY_METAL,NATIONALUM,1,0.9056562528369235,2026-06-02,1,436.0,436.8999938964844,136.01965098910551,59375.0,59426.98468694213,51.98468694213079,0.0008755315695516765,1,1.0,0.04297609565557233
2026-06-03,2026-06-03,NIFTY_OIL_GAS,CHENNPETRO,1,0.822094383710287,2026-06-02,1,1094.0,1189.800048828125,54.208928547760515,59375.0,64497.7858330458,5122.785833045797,0.08627849824077131,1,1.0,0.04664317108020213
2026-06-03,2026-06-03,NIFTY_PHARMA,LUPIN,2,0.5613447622960271,2026-06-03,2,2248.60009765625,2248.60009765625,26.03955262585651,58622.07961243635,58552.54057742601,-69.53903501034074,-0.00118622599999998,0,0.5,0.042343719742609774
2026-06-03,2026-06-03,NIFTY_PHARMA,BIOCON,3,0.5134006165070673,2026-06-03,3,414.5038176382939,414.5038176382939,141.2593517498562,58622.07961243635,58552.54057742601,-69.53903501034074,-0.00118622599999998,0,0.5,0.042343719742609774
2026-06-03,2026-06-03,NIFTY_PRIVATE_BANK,FEDERALBNK,1,0.7573400045283173,2026-06-02,1,286.5,301.04998779296875,206.99674635689354,59375.0,62316.36796392705,2941.3679639270485,0.049538828866139764,1,1.0,0.04506562472643901
2026-06-03,2026-06-03,NIFTY_REALTY,OBEROIRLTY,1,0.953640062338713,2026-06-02,1,1639.0,1637.4000244140625,36.183384887888955,59375.0,59246.6752988128,-128.32470118720084,-0.0021612581252581195,1,1.0,0.04284570045627583
2026-06-03,2026-06-03,NIFTY_MIDSMALL_FINANCIAL_SERVICES,ANGELONE,3,0.6746922007433281,2026-06-02,3,334.6000061035156,334.75,177.24018753574939,59375.0,59331.152777592106,-43.84722240789415,-0.0007384795352908489,1,1.0,0.04290679243709711
2026-06-03,2026-06-03,NIFTY_MIDSMALL_HEALTHCARE,WOCKPHARMA,3,0.785769525946826,2026-06-02,1,2140.0,2073.89990234375,27.712414874415888,59375.0,57472.77450176059,-1902.225498239408,-0.03203748207561108,1,0.48761407945945884,0.04156286016513175
2026-06-03,2026-06-03,NIFTY_MIDSMALL_HEALTHCARE,GRANULES,1,0.8811016550237172,2026-06-02,2,779.5,793.7999877929688,76.08026662123156,59375.0,60392.51471521942,1017.5147152194186,0.017137089940537576,1,0.5123859205405411,0.04367434260638371
2026-06-03,2026-06-03,NIFTY_MIDSMALL_IT_TELECOM,HFCL,1,0.8333333333333334,2026-06-02,1,180.0,199.41000366210938,329.46982128472223,59375.0,65699.57826894098,6324.5782689409825,0.10651921295058497,1,0.5108641929898775,0.04751227704200139
2026-06-03,2026-06-03,NIFTY_MIDSMALL_IT_TELECOM,IDEA,2,0.4569320992843031,2026-06-02,2,14.0,14.850000381469727,4236.040559375,59375.0,62905.20392263999,3530.2039226399866,0.05945606606551556,1,0.48913580701012244,0.04549145603220688
2026-06-04,2026-06-04,NIFTY_AUTO,BHARATFORG,1,0.8452862893095902,2026-06-02,1,1908.1107696516624,1931.639404296875,31.080254236013992,59375.0,60035.84377784949,660.8437778494917,0.011130000469044072,2,1.0,0.043022429773639674
2026-06-04,2026-06-04,NIFTY_CHEMICALS,SOLARINDS,1,0.8915176295558771,2026-06-02,1,18171.0,18293.0,3.2636931281299875,59375.0,59702.73839288186,327.7383928818599,0.0055198045116944825,2,0.484762946334757,0.04278372232605186
2026-06-04,2026-06-04,NIFTY_CHEMICALS,HSCL,2,0.8253695742866237,2026-06-02,2,600.0,642.0,98.84094638541667,59375.0,63455.887579437505,4080.8875794375053,0.06873073818000008,2,0.515237053665243,0.04547327555205579
2026-06-04,2026-06-04,NIFTY_CONSUMER_DURABLES,TITAN,1,0.8810903877217954,2026-06-02,1,4017.39990234375,4231.0,14.7619279317082,59375.0,62457.717079057395,3082.7170790573946,0.05191944554201928,2,1.0,0.044757974199523355
2026-06-04,2026-06-04,NIFTY_FINANCIAL_SERVICES,PFC,1,0.8356201622528642,2026-06-02,1,416.1000061035156,424.45001220703125,142.52479442765608,59375.0,60494.65073462324,1119.6507346232393,0.01885727553049666,2,1.0,0.043351216525608985
2026-06-04,2026-06-04,NIFTY_FINANCIAL_SERVICES_EX_BANK,BSE,1,0.8558049893353286,2026-06-02,1,4020.0,4033.39990234375,14.752380057524876,59375.0,59502.24828335872,127.24828335872007,0.0021431289828837065,2,0.500529356295561,0.042640048628565644
2026-06-04,2026-06-04,NIFTY_FINANCIAL_SERVICES_EX_BANK,MCX,2,0.818853342186382,2026-06-02,2,2890.0,2893.5,20.52061170631488,59375.0,59376.38997222211,1.389972222110373,2.3410058477648387e-05,2,0.49947064370443905,0.04254985700283719
2026-06-04,2026-06-04,NIFTY_FMCG,NESTLEIND,1,0.9687020516188715,2026-06-02,1,1385.0,1382.9000244140625,42.81918254963899,59375.0,59214.64859328596,-160.35140671404224,-0.002700655270973343,2,1.0,0.04243395112596602
2026-06-04,2026-06-04,NIFTY_HEALTHCARE,LAURUSLABS,1,0.9068334955205395,2026-06-02,1,1388.0,1427.199951171875,42.72663388418588,59375.0,60979.44979324867,1604.4497932486702,0.027022312307346023,2,0.5023598528044175,0.04369862953992785
2026-06-04,2026-06-04,NIFTY_HEALTHCARE,AUROPHARMA,2,0.7357044590216976,2026-06-02,2,1436.9000244140625,1463.5999755859375,41.27257764884036,59375.0,60406.543639211464,1031.5436392114643,0.017373366555140452,2,0.4976401471955824,0.04328807788898153
2026-06-04,2026-06-04,NIFTY_MEDIA,SUNTV,1,0.7916666666666666,2026-06-04,1,510.6000061035156,510.6000061035156,122.50545339344488,62625.57333376032,62551.28525040691,-74.28808335341455,-0.001186226000000022,0,0.5,0.044825026310855845
2026-06-04,2026-06-04,NIFTY_MEDIA,ZEEL,2,0.20833333333333334,2026-06-04,2,94.0,94.0,665.4392047915628,62625.57333376032,62551.28525040691,-74.28808335341455,-0.001186226000000022,0,0.5,0.044825026310855845
2026-06-04,2026-06-04,NIFTY_METAL,NATIONALUM,1,0.9072655441567816,2026-06-02,1,436.0,414.0,136.01965098910551,59375.0,56312.135509489686,-3062.8644905103138,-0.05158508615596318,2,1.0,0.04035397427452435
2026-06-04,2026-06-04,NIFTY_OIL_GAS,CHENNPETRO,1,0.8282350043163862,2026-06-02,1,1094.0,1190.5999755859375,54.208928547760515,59375.0,64541.149005503496,5166.149005503496,0.08700882535584835,2,1.0,0.046250987341395065
2026-06-04,2026-06-04,NIFTY_PHARMA,LUPIN,2,0.5572560582291621,2026-06-04,2,2261.60009765625,2261.60009765625,25.871938182159706,58581.46878071473,58511.977919328856,-69.49086138587154,-0.0011862259999999903,0,0.5,0.041930408611661106
2026-06-04,2026-06-04,NIFTY_PHARMA,BIOCON,3,0.48476939061244223,2026-06-04,3,412.905725751342,412.905725751342,141.70783854560943,58581.46878071473,58511.977919328856,-69.49086138587154,-0.0011862259999999903,0,0.5,0.041930408611661106
2026-06-04,2026-06-04,NIFTY_PRIVATE_BANK,FEDERALBNK,1,0.7610146621006014,2026-06-02,1,286.5,300.1000061035156,206.99674635689354,59375.0,62119.724845111625,2744.7248451116247,0.046226944759774735,2,1.0,0.044515764775387094
2026-06-04,2026-06-04,NIFTY_REALTY,OBEROIRLTY,1,0.9538452508331648,2026-06-02,1,1639.0,1631.9000244140625,36.183384887888955,59375.0,59047.666681929404,-327.33331807059585,-0.00551298219908372,2,1.0,0.0423142898186079
2026-06-04,2026-06-04,NIFTY_MIDSMALL_FINANCIAL_SERVICES,ANGELONE,3,0.657877942643835,2026-06-02,3,334.6000061035156,337.70001220703125,177.24018753574939,59375.0,59854.01349439908,479.0134943990779,0.008067595695142364,2,1.0,0.04289212793879892
2026-06-04,2026-06-04,NIFTY_MIDSMALL_HEALTHCARE,WOCKPHARMA,2,0.8110685582913457,2026-06-02,1,2140.0,2072.89990234375,27.712414874415888,59375.0,57445.06208688618,-1929.9379131138194,-0.03250421748402222,2,0.48826592701960914,0.04116584350209926
2026-06-04,2026-06-04,NIFTY_MIDSMALL_HEALTHCARE,GRANULES,1,0.84102535230417,2026-06-02,2,779.5,791.3499755859375,76.08026662123156,59375.0,60206.11713328321,831.1171332832091,0.013997762244769838,2,0.5117340729803909,0.04314444977061974
2026-06-04,2026-06-04,NIFTY_MIDSMALL_IT_TELECOM,HFCL,1,0.8333333333333334,2026-06-02,1,180.0,197.0800018310547,329.46982128472223,59375.0,64931.91298207032,5556.9129820703165,0.09359011338223691,2,0.5065840178354457,0.046531013650380114
2026-06-04,2026-06-04,NIFTY_MIDSMALL_IT_TELECOM,IDEA,2,0.4634201567834968,2026-06-02,2,14.0,14.930000305175781,4236.040559375,59375.0,63244.08684420574,3869.08684420574,0.06516356790241246,2,0.49341598216455423,0.04532149651999569
2026-06-05,2026-06-05,NIFTY_AUTO,BHARATFORG,1,0.8390224680422955,2026-06-02,1,1908.1107696516624,1923.9627685546875,31.080254236013992,59375.0,59797.25198730503,422.25198730503325,0.0071116124177689815,3,1.0,0.04271530298710215
2026-06-05,2026-06-05,NIFTY_CHEMICALS,SOLARINDS,2,0.8105728749918111,2026-06-02,1,18171.0,18441.0,3.2636931281299875,59375.0,60185.7649758451,810.7649758451007,0.013654989066864853,3,0.4705808634768083,0.04299283162710448
2026-06-05,2026-06-05,NIFTY_CHEMICALS,HSCL,1,0.9011435874182966,2026-06-02,2,600.0,685.0499877929688,98.84094638541667,59375.0,67710.98911477518,8335.989114775177,0.14039560614358193,3,0.5294191365231917,0.048368366763877915
2026-06-05,2026-06-05,NIFTY_CONSUMER_DURABLES,TITAN,1,0.8837098490550851,2026-06-02,1,4017.39990234375,4260.2001953125,14.7619279317082,59375.0,62888.76825785232,3513.7682578523236,0.059179254869091764,3,1.0,0.04492368296774104
2026-06-05,2026-06-05,NIFTY_FINANCIAL_SERVICES,PFC,1,0.8459781133651314,2026-06-02,1,416.1000061035156,431.75,142.52479442765608,59375.0,61535.07999414051,2160.079994140513,0.03638029463815601,3,1.0,0.04395669531508419
2026-06-05,2026-06-05,NIFTY_FINANCIAL_SERVICES_EX_BANK,BSE,1,0.881089277435098,2026-06-02,1,4020.0,3880.0,14.752380057524876,59375.0,57239.23462319652,-2135.7653768034797,-0.03597078529353229,3,0.49949441180270027,0.04088802024211312
2026-06-05,2026-06-05,NIFTY_FINANCIAL_SERVICES_EX_BANK,MCX,2,0.807143993616529,2026-06-02,2,2890.0,2795.0,20.52061170631488,59375.0,57355.109719150096,-2019.8902808499042,-0.03401920473010365,3,0.5005055881972996,0.04097079394270671
2026-06-05,2026-06-05,NIFTY_FMCG,NESTLEIND,1,0.9531171582858494,2026-06-02,1,1385.0,1386.199951171875,42.81918254963899,59375.0,59355.948759529165,-19.051240470835182,-0.0003208629974035399,3,1.0,0.042400064402432165
2026-06-05,2026-06-05,NIFTY_HEALTHCARE,LAURUSLABS,1,0.9051762355683423,2026-06-02,1,1388.0,1446.800048828125,42.72663388418588,59375.0,61816.89598990155,2441.8959899015535,0.04112666930360511,3,0.5059916764164801,0.04415800649988747
2026-06-05,2026-06-05,NIFTY_HEALTHCARE,AUROPHARMA,2,0.7376037863008045,2026-06-02,2,1436.9000244140625,1462.300048828125,41.27257764884036,59375.0,60352.89231116184,977.8923111618424,0.016469765240620503,3,0.4940083235835198,0.043112216624378225
2026-06-05,2026-06-05,NIFTY_MEDIA,ZEEL,1,0.5416666666666667,2026-06-05,1,107.0,107.0,643.3763706720896,68923.02995204148,68841.27166191359,-81.75829012789472,-0.0011862260000000634,0,0.5,0.04917576777073858
2026-06-05,2026-06-05,NIFTY_MEDIA,SUNTV,2,0.45833333333333337,2026-06-05,2,516.0,516.0,133.41331717425115,68923.02995204148,68841.27166191359,-81.75829012789472,-0.0011862260000000634,0,0.5,0.04917576777073858
2026-06-05,2026-06-05,NIFTY_METAL,NATIONALUM,1,0.8722593092130129,2026-06-02,1,436.0,395.70001220703125,136.01965098910551,59375.0,53822.97755678518,-5552.022443214817,-0.09350774641203903,3,1.0,0.03844766636590875
2026-06-05,2026-06-05,NIFTY_OIL_GAS,CHENNPETRO,1,0.811254555033815,2026-06-02,1,1094.0,1181.4000244140625,54.208928547760515,59375.0,64042.429509784444,4667.429509784444,0.07860933911215906,3,1.0,0.04574778421458801
2026-06-05,2026-06-05,NIFTY_PHARMA,LUPIN,2,0.49990465394083167,2026-06-05,2,2275.39990234375,2275.39990234375,25.658377017653223,58452.406324411844,58383.06856026726,-69.33776414458407,-0.0011862260000000395,0,0.5,0.041705101488577076
2026-06-05,2026-06-05,NIFTY_PHARMA,BIOCON,3,0.48275557017880094,2026-06-05,3,415.8022549091397,415.8022549091397,140.41065884316816,58452.406324411844,58383.06856026726,-69.33776414458407,-0.0011862260000000395,0,0.5,0.041705101488577076
2026-06-05,2026-06-05,NIFTY_PRIVATE_BANK,FEDERALBNK,1,0.7678382779709335,2026-06-02,1,286.5,304.1499938964844,206.99674635689354,59375.0,62958.059141041296,3583.0591410412962,0.06034625921753762,3,1.0,0.04497317990901
2026-06-05,2026-06-05,NIFTY_REALTY,OBEROIRLTY,1,0.940562807904649,2026-06-02,1,1639.0,1633.4000244140625,36.183384887888955,59375.0,59101.94175926124,-273.05824073876283,-0.004598875633494953,3,1.0,0.04221861817176603
2026-06-05,2026-06-05,NIFTY_MIDSMALL_FINANCIAL_SERVICES,ANGELONE,3,0.6520273736419379,2026-06-02,3,334.6000061035156,332.6000061035156,177.24018753574939,59375.0,58950.0874561785,-424.9125438214978,-0.007156421790677858,3,1.0,0.04211014324439895
2026-06-05,2026-06-05,NIFTY_MIDSMALL_HEALTHCARE,WOCKPHARMA,3,0.8052654683593884,2026-06-02,1,2140.0,1920.9000244140625,27.712414874415888,59375.0,53232.77840883811,-6142.221591161891,-0.10344794258798976,3,0.4697364573814202,0.03802606613196086
2026-06-05,2026-06-05,NIFTY_MIDSMALL_HEALTHCARE,GRANULES,1,0.9093672302338279,2026-06-02,2,779.5,789.8499755859375,76.08026662123156,59375.0,60091.99673335136,716.9967333513632,0.012075734456444012,3,0.5302635426185799,0.042925849637872965
2026-06-05,2026-06-05,NIFTY_MIDSMALL_IT_TELECOM,HFCL,1,0.8333333333333334,2026-06-02,1,180.0,187.22999572753906,329.46982128472223,59375.0,61686.6332314916,2311.6332314916,0.03893277021459537,3,0.4934321219077084,0.04406495518049577
2026-06-05,2026-06-05,NIFTY_MIDSMALL_IT_TELECOM,IDEA,2,0.49474482541267734,2026-06-02,2,14.0,14.949999809265137,4236.040559375,59375.0,63328.80555469564,3953.8055546956384,0.06659040934224233,3,0.5065678780922915,0.04523801725293993
2026-06-08,2026-06-08,NIFTY_AUTO,BHARATFORG,1,0.8329904763550714,2026-06-08,1,1904.122888649752,1904.122888649752,33.46309309210857,63793.51500783502,63717.84148170133,-75.67352613368712,-0.0011862260000000473,0,0.5,0.03333333333333333
2026-06-08,2026-06-08,NIFTY_AUTO,BAJAJ-AUTO,2,0.5893867431713282,2026-06-08,2,10251.0,10251.0,6.2157683622769815,63793.51500783502,63717.84148170133,-75.67352613368712,-0.0011862260000000473,0,0.5,0.03333333333333333
2026-06-08,2026-06-08,NIFTY_CHEMICALS,HSCL,1,0.917650513228749,2026-06-08,1,680.0,680.0,93.7027080613255,63793.51500783502,63717.84148170133,-75.67352613368712,-0.0011862260000000473,0,0.5,0.03333333333333333
2026-06-08,2026-06-08,NIFTY_CHEMICALS,SOLARINDS,2,0.7364993616568705,2026-06-08,2,18250.0,18250.0,3.491388574339799,63793.51500783502,63717.84148170133,-75.67352613368712,-0.0011862260000000473,0,0.5,0.03333333333333333
2026-06-08,2026-06-08,NIFTY_CONSUMER_DURABLES,TITAN,1,0.8840451046245368,2026-06-08,1,4196.7998046875,4196.7998046875,15.182482950588552,63793.51500783502,63717.84148170133,-75.67352613368712,-0.0011862260000000473,0,0.5,0.03333333333333333
2026-06-08,2026-06-08,NIFTY_CONSUMER_DURABLES,KAJARIACER,2,0.7116012899145512,2026-06-08,2,1078.0999755859375,1078.0999755859375,59.10197841074179,63793.51500783502,63717.84148170133,-75.67352613368712,-0.0011862260000000473,0,0.5,0.03333333333333333
2026-06-08,2026-06-08,NIFTY_FINANCIAL_SERVICES,PFC,1,0.8459209328310728,2026-06-08,1,426.20001220703125,426.20001220703125,149.5022047318706,63793.51500783502,63717.84148170133,-75.67352613368712,-0.0011862260000000473,0,0.5,0.03333333333333333
2026-06-08,2026-06-08,NIFTY_FINANCIAL_SERVICES,AXISBANK,2,0.6582938738921918,2026-06-08,2,1262.0,1262.0,50.48957328185526,63793.51500783502,63717.84148170133,-75.67352613368712,-0.0011862260000000473,0,0.5,0.03333333333333333
2026-06-08,2026-06-08,NIFTY_FINANCIAL_SERVICES_EX_BANK,BSE,1,0.8765414820086403,2026-06-08,1,3812.5,3812.5,16.712876454216744,63793.51500783502,63717.84148170133,-75.67352613368712,-0.0011862260000000473,0,0.5,0.03333333333333333
2026-06-08,2026-06-08,NIFTY_FINANCIAL_SERVICES_EX_BANK,MCX,2,0.7905223325247417,2026-06-08,2,2721.0,2721.0,23.417067799228715,63793.51500783502,63717.84148170133,-75.67352613368712,-0.0011862260000000473,0,0.5,0.03333333333333333
2026-06-08,2026-06-08,NIFTY_HEALTHCARE,LAURUSLABS,1,0.9120357534545487,2026-06-08,1,1432.0,1432.0,44.49569935872998,63793.51500783502,63717.84148170133,-75.67352613368712,-0.0011862260000000473,0,0.5,0.03333333333333333
2026-06-08,2026-06-08,NIFTY_HEALTHCARE,AUROPHARMA,2,0.7103004242691586,2026-06-08,2,1451.300048828125,1451.300048828125,43.90397528970753,63793.51500783502,63717.84148170133,-75.67352613368712,-0.0011862260000000473,0,0.5,0.03333333333333333
2026-06-08,2026-06-08,NIFTY_MEDIA,ZEEL,1,0.8333333333333334,2026-06-08,1,113.0,113.0,563.874703377888,63793.51500783502,63717.84148170133,-75.67352613368712,-0.0011862260000000473,0,0.5,0.03333333333333333
2026-06-08,2026-06-08,NIFTY_MEDIA,SUNTV,2,0.16666666666666669,2026-06-08,2,509.25,509.25,125.12094547216756,63793.51500783502,63717.84148170133,-75.67352613368712,-0.0011862260000000473,0,0.5,0.03333333333333333
2026-06-08,2026-06-08,NIFTY_METAL,WELCORP,1,0.8674005018545377,2026-06-08,1,1355.4991099455035,1355.4991099455035,47.00692240532939,63793.51500783502,63717.84148170133,-75.67352613368712,-0.0011862260000000473,0,0.5,0.03333333333333333
2026-06-08,2026-06-08,NIFTY_METAL,HINDCOPPER,2,0.82609686101835,2026-06-08,2,512.0,512.0,124.44890914394792,63793.51500783502,63717.84148170133,-75.67352613368712,-0.0011862260000000473,0,0.5,0.03333333333333333
2026-06-08,2026-06-08,NIFTY_OIL_GAS,CHENNPETRO,1,0.7734467262342584,2026-06-08,1,1169.300048828125,1169.300048828125,54.49229352684924,63793.51500783502,63717.84148170133,-75.67352613368712,-0.0011862260000000473,0,0.5,0.03333333333333333
2026-06-08,2026-06-08,NIFTY_OIL_GAS,ATGL,2,0.6853063050324324,2026-06-08,2,744.8398841231957,744.8398841231957,85.54568953662861,63793.51500783502,63717.84148170133,-75.67352613368712,-0.0011862260000000473,0,0.5,0.03333333333333333
2026-06-08,2026-06-08,NIFTY_PHARMA,LUPIN,2,0.49635822986809364,2026-06-08,2,2232.199951171875,2232.199951171875,28.544862859731865,63793.51500783502,63717.84148170133,-75.67352613368712,-0.0011862260000000473,0,0.5,0.03333333333333333
2026-06-08,2026-06-08,NIFTY_PHARMA,DIVISLAB,3,0.4360951839509998,2026-06-08,3,6571.0,6571.0,9.696825670628723,63793.51500783502,63717.84148170133,-75.67352613368712,-0.0011862260000000473,0,0.5,0.03333333333333333
2026-06-08,2026-06-08,NIFTY_PRIVATE_BANK,FEDERALBNK,1,0.7981631047746139,2026-06-08,1,302.5,302.5,210.637492501492,63793.51500783502,63717.84148170133,-75.67352613368712,-0.0011862260000000473,0,0.5,0.03333333333333333
2026-06-08,2026-06-08,NIFTY_PRIVATE_BANK,BANDHANBNK,2,0.720964948166767,2026-06-08,2,203.0,203.0,313.8809925206962,63793.51500783502,63717.84148170133,-75.67352613368712,-0.0011862260000000473,0,0.5,0.03333333333333333
2026-06-08,2026-06-08,NIFTY_REALTY,OBEROIRLTY,1,0.9086073398939924,2026-06-08,1,1617.0,1617.0,39.40497308701381,63793.51500783502,63717.84148170133,-75.67352613368712,-0.0011862260000000473,0,0.5,0.03333333333333333
2026-06-08,2026-06-08,NIFTY_REALTY,PHOENIXLTD,2,0.8631656799088069,2026-06-08,2,1750.0,1750.0,36.41019513240076,63793.51500783502,63717.84148170133,-75.67352613368712,-0.0011862260000000473,0,0.5,0.03333333333333333
2026-06-08,2026-06-08,NIFTY_MIDSMALL_FINANCIAL_SERVICES,ANGELONE,4,0.6684012212533443,2026-06-08,4,325.8999938964844,325.8999938964844,195.5134785977935,63793.51500783502,63717.84148170133,-75.67352613368712,-0.0011862260000000473,0,0.5,0.03333333333333333
2026-06-08,2026-06-08,NIFTY_MIDSMALL_FINANCIAL_SERVICES,RBLBANK,6,0.5934093353505769,2026-06-08,6,348.45001220703125,348.45001220703125,182.8607813158676,63793.51500783502,63717.84148170133,-75.67352613368712,-0.0011862260000000473,0,0.5,0.03333333333333333
2026-06-08,2026-06-08,NIFTY_MIDSMALL_HEALTHCARE,GRANULES,2,0.9166359852114625,2026-06-08,2,775.0,775.0,82.21656965380816,63793.51500783502,63717.84148170133,-75.67352613368712,-0.0011862260000000473,0,0.5,0.03333333333333333
2026-06-08,2026-06-08,NIFTY_MIDSMALL_HEALTHCARE,SAILIFE,3,0.7483539090250532,2026-06-08,3,1174.300048828125,1174.300048828125,54.26027321150807,63793.51500783502,63717.84148170133,-75.67352613368712,-0.0011862260000000473,0,0.5,0.03333333333333333
2026-06-08,2026-06-08,NIFTY_MIDSMALL_IT_TELECOM,HFCL,1,0.8333333333333334,2026-06-08,1,177.8699951171875,177.8699951171875,358.22703789766,63793.51500783502,63717.84148170133,-75.67352613368712,-0.0011862260000000473,0,0.5,0.03333333333333333
2026-06-08,2026-06-08,NIFTY_MIDSMALL_IT_TELECOM,IDEA,2,0.5290774955943599,2026-06-08,2,14.819999694824219,14.819999694824219,4299.449581227343,63793.51500783502,63717.84148170133,-75.67352613368712,-0.0011862260000000473,0,0.5,0.03333333333333333
2026-06-09,2026-06-09,NIFTY_AUTO,BHARATFORG,1,0.8309070776134949,2026-06-08,1,1904.122888649752,1919.5760498046875,33.46309309210857,63793.51500783502,64234.9520519963,441.4370441612773,0.006919779292723731,1,1.0,0.04332279345695063
2026-06-09,2026-06-09,NIFTY_CHEMICALS,HSCL,1,0.9099729943345002,2026-06-08,1,680.0,679.5,93.7027080613255,63793.51500783502,63670.99012767067,-122.52488016434654,-0.0019206478926470539,1,0.4995833406351956,0.04294243346313657
2026-06-09,2026-06-09,NIFTY_CHEMICALS,SOLARINDS,2,0.7610593384632016,2026-06-08,2,18250.0,18267.0,3.491388574339799,63793.51500783502,63777.19508746511,-16.319920369911415,-0.00025582412832882823,1,0.5004166593648045,0.04301406262125525
2026-06-09,2026-06-09,NIFTY_CONSUMER_DURABLES,TITAN,1,0.887534497282188,2026-06-08,1,4196.7998046875,4104.89990234375,15.182482950588552,63793.51500783502,62322.572781206596,-1470.9422266284237,-0.023057864525065985,1,1.0,0.042033003249078875
2026-06-09,2026-06-09,NIFTY_FINANCIAL_SERVICES,PFC,1,0.8429759620323395,2026-06-08,1,426.20001220703125,435.6000061035156,149.5022047318706,63793.51500783502,65123.161293691875,1329.6462858568557,0.020842969472579628,1,1.0,0.04392183968171287
2026-06-09,2026-06-09,NIFTY_FINANCIAL_SERVICES_EX_BANK,BSE,1,0.8699460009738547,2026-06-08,1,3812.5,3996.300048828125,16.712876454216744,63793.51500783502,66789.6689900448,2996.1539822097766,0.0469664350967617,1,0.5024114013567388,0.045045803605046605
2026-06-09,2026-06-09,NIFTY_FINANCIAL_SERVICES_EX_BANK,MCX,2,0.783161221863883,2026-06-08,2,2721.0,2824.800048828125,23.417067799228715,63793.51500783502,66148.53426267278,2355.01925483776,0.03691627988438198,1,0.4975885986432613,0.04461339497882809
2026-06-09,2026-06-09,NIFTY_HEALTHCARE,LAURUSLABS,1,0.907302128068746,2026-06-08,1,1432.0,1424.4000244140625,44.49569935872998,63793.51500783502,63379.675252895766,-413.8397549392539,-0.006487175928280904,1,0.4990661755415046,0.04274595827715691
2026-06-09,2026-06-09,NIFTY_HEALTHCARE,AUROPHARMA,2,0.7240162291480777,2026-06-08,2,1451.300048828125,1449.0,43.90397528970753,63793.51500783502,63616.86019478621,-176.65481304880814,-0.002769165690699308,1,0.5009338244584954,0.04290592592592702
2026-06-09,2026-06-09,NIFTY_MEDIA,ZEEL,1,0.8333333333333334,2026-06-09,1,111.11000061035156,111.11000061035156,561.2117586841283,62430.29528938992,62356.23884992997,-74.05643945994962,-0.0011862259999999643,0,0.5,0.042055709082822315
2026-06-09,2026-06-09,NIFTY_MEDIA,SUNTV,2,0.16666666666666669,2026-06-09,2,505.5,505.5,123.3555664687042,62430.29528938992,62356.23884992997,-74.05643945994962,-0.0011862259999999643,0,0.5,0.042055709082822315
2026-06-09,2026-06-09,NIFTY_METAL,WELCORP,1,0.8841016576579577,2026-06-08,1,1355.4991099455035,1406.9283447265625,47.00692240532939,63793.51500783502,66135.37153042005,2341.8565225850252,0.0367099464937369,1,1.0,0.044604517470361156
2026-06-09,2026-06-09,NIFTY_OIL_GAS,CHENNPETRO,1,0.7942025195759062,2026-06-08,1,1169.300048828125,1226.4000244140625,54.49229352684924,63793.51500783502,66829.35011170617,3035.835103871148,0.047588459477398155,1,1.0,0.045072566247236864
2026-06-09,2026-06-09,NIFTY_PHARMA,LUPIN,2,0.49878374730143865,2026-06-09,2,2261.699951171875,2261.699951171875,28.700740946530686,64989.55669925021,64912.46439736509,-77.09230188512447,-0.001186225999999995,0,0.5,0.043779736701481844
2026-06-09,2026-06-09,NIFTY_PHARMA,DIVISLAB,3,0.43789599023157455,2026-06-09,3,6535.0,6535.0,9.933047344661835,64989.55669925021,64912.46439736509,-77.09230188512447,-0.001186225999999995,0,0.5,0.043779736701481844
2026-06-09,2026-06-09,NIFTY_PRIVATE_BANK,FEDERALBNK,1,0.8087556403173373,2026-06-08,1,302.5,315.1000061035156,210.637492501492,63793.51500783502,66371.87517284935,2578.360165014332,0.04041727697082786,1,1.0,0.044764025621694216
2026-06-09,2026-06-09,NIFTY_REALTY,PHOENIXLTD,1,0.9594719593510287,2026-06-08,2,1750.0,1754.0999755859375,36.41019513240076,63793.51500783502,63867.12239282339,73.60738498836872,0.001153838050455887,1,1.0,0.04307471343442972
2026-06-09,2026-06-09,NIFTY_MIDSMALL_FINANCIAL_SERVICES,ANGELONE,4,0.6501672724882801,2026-06-09,4,327.8999938964844,327.8999938964844,200.84644242591082,65935.76196075442,65857.54724558676,-78.21471516766178,-0.0011862260000000593,0,0.5,0.04441714091406802
2026-06-09,2026-06-09,NIFTY_MIDSMALL_FINANCIAL_SERVICES,BANDHANBNK,5,0.5609986045639531,2026-06-09,5,203.9199981689453,203.9199981689453,322.9577669524328,65935.76196075442,65857.54724558676,-78.21471516766178,-0.0011862260000000593,0,0.5,0.04441714091406802
2026-06-09,2026-06-09,NIFTY_MIDSMALL_HEALTHCARE,GRANULES,2,0.8732254751110021,2026-06-08,2,775.0,765.0499877929688,82.21656965380816,63793.51500783502,62899.785610025705,-893.7293978093148,-0.014009721798517425,1,0.48524933537841614,0.04242230021848255
2026-06-09,2026-06-09,NIFTY_MIDSMALL_HEALTHCARE,SAILIFE,3,0.7887774175318626,2026-06-08,3,1174.300048828125,1229.699951171875,54.26027321150807,63793.51500783502,66723.85531876408,2930.3403109290593,0.04593476798651336,1,0.5147506646215838,0.04500141605595604
2026-06-09,2026-06-09,NIFTY_MIDSMALL_IT_TELECOM,HFCL,1,0.8333333333333334,2026-06-08,1,177.8699951171875,178.00999450683594,358.22703789766,63793.51500783502,63767.993048362565,-25.52195947245491,-0.0004000713782477787,1,0.5119369046817609,0.04300785637330632
2026-06-09,2026-06-09,NIFTY_MIDSMALL_IT_TELECOM,IDEA,2,0.5175354913305968,2026-06-08,2,14.819999694824219,14.140000343322754,4299.449581227343,63793.51500783502,60794.2185546535,-2999.2964531815232,-0.04701569513473516,1,0.48806309531823905,0.04100221592269588
2026-06-10,2026-06-10,NIFTY_AUTO,BHARATFORG,1,0.8138600529517945,2026-06-08,1,1904.122888649752,1943.303955078125,33.46309309210857,63793.51500783502,65028.961155042074,1235.4461472070543,0.01936632817701484,2,1.0,0.046610591486734285
2026-06-10,2026-06-10,NIFTY_CHEMICALS,HSCL,1,0.9179558554310518,2026-06-08,1,680.0,693.0,93.7027080613255,63793.51500783502,64935.976686498565,1142.4616786635452,0.017908743208823494,2,0.512424228795914,0.0465439433195037
2026-06-10,2026-06-10,NIFTY_CHEMICALS,SOLARINDS,2,0.7738766291830667,2026-06-08,2,18250.0,17697.0,3.491388574339799,63793.51500783502,61787.103600091425,-2006.4114077435952,-0.031451651590246606,2,0.487575771204086,0.044286936065087254
2026-06-10,2026-06-10,NIFTY_CONSUMER_DURABLES,TITAN,1,0.8248772816922882,2026-06-08,1,4196.7998046875,4042.10009765625,15.182482950588552,63793.51500783502,61369.11581723834,-2424.399190596683,-0.03800385023930602,2,1.0,0.043987336356788656
2026-06-10,2026-06-10,NIFTY_FINANCIAL_SERVICES,PFC,1,0.8474459784579241,2026-06-08,1,426.20001220703125,431.29998779296875,149.5022047318706,63793.51500783502,64480.2990758777,686.7840680426816,0.010765734854997908,2,1.0,0.04621732879912621
2026-06-10,2026-06-10,NIFTY_FINANCIAL_SERVICES_EX_BANK,BSE,1,0.865930104069412,2026-06-08,1,3812.5,3929.5,16.712876454216744,63793.51500783502,65673.2480268447,1879.7330190096764,0.029465895064393465,2,0.5054704493289279,0.04707239483786362
2026-06-10,2026-06-10,NIFTY_FINANCIAL_SERVICES_EX_BANK,MCX,2,0.7649299677954914,2026-06-08,2,2721.0,2743.800048828125,23.417067799228715,63793.51500783502,64251.75177093526,458.23676310024166,0.007183124539288386,2,0.4945295506710722,0.046053513710020484
2026-06-10,2026-06-10,NIFTY_HEALTHCARE,LAURUSLABS,1,0.9140045188476933,2026-06-08,1,1432.0,1385.699951171875,44.49569935872998,63793.51500783502,61657.68842875056,-2135.82657908446,-0.033480308755868694,2,0.4913883122339883,0.04419417558458114
2026-06-10,2026-06-10,NIFTY_HEALTHCARE,AUROPHARMA,2,0.7088232533683585,2026-06-08,2,1451.300048828125,1453.5999755859375,43.90397528970753,63793.51500783502,63818.81740924447,25.302401409448066,0.00039662967946413466,2,0.5086116877660116,0.04574320079228483
2026-06-10,2026-06-10,NIFTY_MEDIA,ZEEL,1,0.5416666666666667,2026-06-10,1,108.25,108.25,553.9152032211357,60032.53290005984,59961.32074868794,-71.21215137190302,-0.001186225999999944,0,0.5,0.042978275783288264
2026-06-10,2026-06-10,NIFTY_MEDIA,SUNTV,2,0.45833333333333337,2026-06-10,2,514.0,514.0,116.65626604803101,60032.53290005984,59961.32074868794,-71.21215137190302,-0.001186225999999944,0,0.5,0.042978275783288264
2026-06-10,2026-06-10,NIFTY_METAL,WELCORP,1,0.8931359897534826,2026-06-08,1,1355.4991099455035,1365.86474609375,47.00692240532939,63793.51500783502,64205.09813580383,411.58312796881364,0.006451802003985259,2,1.0,0.046020073939649596
2026-06-10,2026-06-10,NIFTY_OIL_GAS,CHENNPETRO,1,0.7884231499119918,2026-06-08,1,1169.300048828125,1184.300048828125,54.49229352684924,63793.51500783502,64535.22588460407,741.7108767690515,0.011626744139713194,2,1.0,0.04625669850452733
2026-06-10,2026-06-10,NIFTY_PHARMA,DIVISLAB,2,0.5370434273440163,2026-06-10,2,6750.0,6750.0,9.640526605290262,65150.83820390853,65073.554585709266,-77.28361819926795,-0.0011862259999999745,0,0.5,0.04664255457122621
2026-06-10,2026-06-10,NIFTY_PHARMA,LUPIN,3,0.49832705955809725,2026-06-10,3,2264.199951171875,2264.199951171875,28.74019785753875,65150.83820390853,65073.554585709266,-77.28361819926795,-0.0011862259999999745,0,0.5,0.04664255457122621
2026-06-10,2026-06-10,NIFTY_PRIVATE_BANK,FEDERALBNK,1,0.814830579621188,2026-06-08,1,302.5,311.1000061035156,210.637492501492,63793.51500783502,65529.32520284339,1735.8101950083728,0.027209822108018086,2,1.0,0.046969235755571846
2026-06-10,2026-06-10,NIFTY_REALTY,PHOENIXLTD,1,0.946486014205255,2026-06-08,2,1750.0,1765.699951171875,36.41019513240076,63793.51500783502,64289.47976743846,495.96475960344105,0.007774532560911989,2,1.0,0.0460805558801765
2026-06-10,2026-06-10,NIFTY_MIDSMALL_FINANCIAL_SERVICES,ANGELONE,3,0.6864317486758785,2026-06-09,4,327.8999938964844,329.8500061035156,200.84644242591082,65935.76196075442,66249.20026005608,313.4382993016625,0.0047536919265181755,1,1.0,0.047485218198121265
2026-06-10,2026-06-10,NIFTY_MIDSMALL_HEALTHCARE,GRANULES,2,0.8411084077587572,2026-06-08,2,775.0,760.7999877929688,82.21656965380816,63793.51500783502,62550.36518899701,-1243.1498188380065,-0.01948708765593689,2,0.49245666260280724,0.04483401652717819
2026-06-10,2026-06-10,NIFTY_MIDSMALL_HEALTHCARE,SAILIFE,3,0.808797227481976,2026-06-08,3,1174.300048828125,1188.0999755859375,54.26027321150807,63793.51500783502,64466.62927787904,673.1142700440178,0.010551452917453238,2,0.5075433373971927,0.04620753074363056
2026-06-10,2026-06-10,NIFTY_MIDSMALL_IT_TELECOM,HFCL,1,0.8333333333333334,2026-06-08,1,177.8699951171875,169.11000061035156,358.22703789766,63793.51500783502,60579.77459751772,-3213.740410317303,-0.05037722737056575,2,0.5037562071821466,0.04342156288474565
2026-06-10,2026-06-10,NIFTY_MIDSMALL_IT_TELECOM,IDEA,2,0.5135517564471221,2026-06-08,2,14.819999694824219,13.880000114440918,4299.449581227343,63793.51500783502,59676.360679468475,-4117.154328366545,-0.06453875958803779,2,0.49624379281785325,0.04277402590537998
2026-06-11,2026-06-11,NIFTY_AUTO,BHARATFORG,1,0.828048975389212,2026-06-08,1,1904.122888649752,1937.0230712890625,33.46309309210857,63793.51500783502,64818.78335610796,1025.2683482729408,0.01607167042209571,3,1.0,0.04669700279862842
2026-06-11,2026-06-11,NIFTY_CHEMICALS,HSCL,1,0.9144837279675055,2026-06-08,1,680.0,680.0499877929688,93.7027080613255,63793.51500783502,63722.525473272515,-70.98953456250456,-0.0011128017409573017,3,1.0,0.04590723238375436
2026-06-11,2026-06-11,NIFTY_CONSUMER_DURABLES,TITAN,1,0.7806961025059052,2026-06-08,1,4196.7998046875,4025.199951171875,15.182482950588552,63793.51500783502,61112.52963137686,-2680.9853764581567,-0.04202598612302336,3,1.0,0.044026928915794794
2026-06-11,2026-06-11,NIFTY_FINANCIAL_SERVICES,PFC,1,0.8524511781977281,2026-06-08,1,426.20001220703125,413.54998779296875,149.5022047318706,63793.51500783502,61826.634941887,-1966.8800659480185,-0.03083197509506177,3,1.0,0.044541387471738435
2026-06-11,2026-06-11,NIFTY_FINANCIAL_SERVICES_EX_BANK,BSE,1,0.8656074397733909,2026-06-08,1,3812.5,3888.300048828125,16.712876454216744,63793.51500783502,64984.67833298939,1191.163325154368,0.018672169498860053,3,0.4996667943324108,0.04681651751023833
2026-06-11,2026-06-11,NIFTY_FINANCIAL_SERVICES_EX_BANK,MCX,2,0.7453808298105751,2026-06-08,2,2721.0,2778.800048828125,23.417067799228715,63793.51500783502,65071.349143908265,1277.8341360732447,0.020030784256304158,3,0.5003332056675892,0.04687895723666459
2026-06-11,2026-06-11,NIFTY_HEALTHCARE,LAURUSLABS,1,0.9121229234547881,2026-06-08,1,1432.0,1390.800048828125,44.49569935872998,63793.51500783502,61884.62084076322,-1908.8941670717977,-0.029923012814662277,3,0.49050767197536344,0.04458316190103045
2026-06-11,2026-06-11,NIFTY_HEALTHCARE,AUROPHARMA,2,0.7285104641725303,2026-06-08,2,1451.300048828125,1464.0999755859375,43.90397528970753,63793.51500783502,64279.8091497864,486.2941419513809,0.007622940073009851,3,0.5094923280246365,0.04630871288144943
2026-06-11,2026-06-11,NIFTY_MEDIA,ZEEL,1,0.5416666666666667,2026-06-11,1,103.0,103.0,582.3216097962154,60050.359106291406,59979.125809010184,-71.2332972812219,-0.0011862260000000378,0,0.5,0.04321039767709104
2026-06-11,2026-06-11,NIFTY_MEDIA,SUNTV,2,0.45833333333333337,2026-06-11,2,509.1000061035156,509.1000061035156,117.81403474745704,60050.359106291406,59979.125809010184,-71.2332972812219,-0.0011862260000000378,0,0.5,0.04321039767709104
2026-06-11,2026-06-11,NIFTY_METAL,WELCORP,1,0.886179057096034,2026-06-08,1,1355.4991099455035,1384.8018798828125,47.00692240532939,63793.51500783502,65095.27451440564,1301.7595065706191,0.02040582818505516,3,1.0,0.046896193646162376
2026-06-11,2026-06-11,NIFTY_OIL_GAS,CHENNPETRO,1,0.8023502693512884,2026-06-08,1,1169.300048828125,1140.0999755859375,54.49229352684924,63793.51500783502,62126.662519582555,-1666.8524882524653,-0.026128870435305925,3,1.0,0.044757534519089565
2026-06-11,2026-06-11,NIFTY_PHARMA,LUPIN,2,0.500207258627305,2026-06-11,2,2247.199951171875,2247.199951171875,28.749105055180358,64681.71460782879,64604.987476236405,-76.72713159238629,-0.0011862259999999994,0,0.5,0.046542979130120975
2026-06-11,2026-06-11,NIFTY_PHARMA,BIOCON,3,0.49366251981267467,2026-06-11,3,414.1542337596863,414.1542337596863,155.99258008243268,64681.71460782879,64604.987476236405,-76.72713159238629,-0.0011862259999999994,0,0.5,0.046542979130120975
2026-06-11,2026-06-11,NIFTY_PRIVATE_BANK,FEDERALBNK,1,0.824347957567425,2026-06-08,1,302.5,309.75,210.637492501492,63793.51500783502,65244.96330233715,1451.44829450213,0.022752285938842928,3,1.0,0.04700403303139981
2026-06-11,2026-06-11,NIFTY_REALTY,PHOENIXLTD,1,0.9907997826368159,2026-06-08,2,1750.0,1732.800048828125,36.41019513240076,63793.51500783502,63091.587903265594,-701.9271045694259,-0.011003110652912233,3,1.0,0.04545268985847266
2026-06-11,2026-06-11,NIFTY_MIDSMALL_FINANCIAL_SERVICES,ANGELONE,4,0.6798158655430316,2026-06-11,4,328.0,328.0,197.02796426270191,64701.92338193189,64625.17227816623,-76.75110376565863,-0.0011862260000000478,0,0.5,0.04655752074450192
2026-06-11,2026-06-11,NIFTY_MIDSMALL_FINANCIAL_SERVICES,RBLBANK,5,0.5981309662159772,2026-06-11,5,355.0,355.0,182.04273881173586,64701.92338193189,64625.17227816623,-76.75110376565863,-0.0011862260000000478,0,0.5,0.04655752074450192
2026-06-11,2026-06-11,NIFTY_MIDSMALL_HEALTHCARE,GRANULES,2,0.8842969744874456,2026-06-08,2,775.0,763.1500244140625,82.21656965380816,63793.51500783502,62743.57713854417,-1049.9378692908504,-0.01645837933780414,3,0.49468346148497583,0.04520197457483539
2026-06-11,2026-06-11,NIFTY_MIDSMALL_HEALTHCARE,SAILIFE,3,0.8003360900739556,2026-06-08,3,1174.300048828125,1181.199951171875,54.26027321150807,63793.51500783502,64092.23206800593,298.71706017090764,0.004682561544605587,3,0.5053165385150241,0.04617357786256549
2026-06-11,2026-06-11,NIFTY_MIDSMALL_IT_TELECOM,HFCL,1,0.8333333333333334,2026-06-08,1,177.8699951171875,163.67999267578125,358.22703789766,63793.51500783502,58634.598939355805,-5158.916068479215,-0.0808689734034189,3,0.4904288889648049,0.04224176834244054
2026-06-11,2026-06-11,NIFTY_MIDSMALL_IT_TELECOM,IDEA,2,0.5189742065749643,2026-06-08,2,14.819999694824219,14.170000076293945,4299.449581227343,63793.51500783502,60923.20089401342,-2870.3141138216015,-0.04499382285909585,3,0.5095711110351951,0.043890531962307563
2026-06-12,2026-06-12,NIFTY_AUTO,BHARATFORG,1,0.8451190843170577,2026-06-08,1,1904.122888649752,1939.2164306640625,33.46309309210857,63793.51500783502,64892.17994505803,1098.6649372230095,0.01722220412353941,4,1.0,0.04795985477956045
2026-06-12,2026-06-12,NIFTY_CHEMICALS,HSCL,1,0.9129166887347137,2026-06-08,1,680.0,680.5,93.7027080613255,63793.51500783502,63764.692835732,-28.82217210302042,-0.0004518041073529265,4,1.0,0.04712656303200495
2026-06-12,2026-06-12,NIFTY_CONSUMER_DURABLES,TITAN,1,0.8116962180324838,2026-06-08,1,4196.7998046875,4184.0,15.182482950588552,63793.51500783502,63523.5086652625,-270.0063425725166,-0.004232504550648367,4,1.0,0.04694831107929448
2026-06-12,2026-06-12,NIFTY_FINANCIAL_SERVICES,PFC,1,0.8163734179768539,2026-06-08,1,426.20001220703125,421.04998779296875,149.5022047318706,63793.51500783502,62947.90147737603,-845.6135304589916,-0.013255477933064743,4,1.0,0.04652289715169212
2026-06-12,2026-06-12,NIFTY_FINANCIAL_SERVICES_EX_BANK,BSE,1,0.8353346157042818,2026-06-08,1,3812.5,4041.10009765625,16.712876454216744,63793.51500783502,67538.40667125213,3744.891663417111,0.058703328433261114,4,0.5027150238005015,0.04991560121325266
2026-06-12,2026-06-12,NIFTY_FINANCIAL_SERVICES_EX_BANK,MCX,2,0.779377289746221,2026-06-08,2,2721.0,2853.0,23.417067799228715,63793.51500783502,66808.89443119953,3015.3794233645094,0.047267804932745364,4,0.49728497619949846,0.04937644069926689
2026-06-12,2026-06-12,NIFTY_HEALTHCARE,LAURUSLABS,1,0.9122092948106297,2026-06-08,1,1432.0,1394.300048828125,44.49569935872998,63793.51500783502,62040.355788518784,-1753.159219316236,-0.027481778031840945,4,0.4896551813878606,0.04585215748043649
2026-06-12,2026-06-12,NIFTY_HEALTHCARE,AUROPHARMA,2,0.729538579214574,2026-06-08,2,1451.300048828125,1472.800048828125,43.90397528970753,63793.51500783502,64661.776950430045,868.2619425950252,0.013610504805831543,4,0.5103448186121393,0.04778957086904165
2026-06-12,2026-06-12,NIFTY_MEDIA,ZEEL,1,0.8333333333333334,2026-06-12,1,113.19000244140625,113.19000244140625,556.2680361907,63038.758588947516,62963.98037450158,-74.77821444593428,-0.0011862260000000226,0,0.5,0.046534780580046814
2026-06-12,2026-06-12,NIFTY_MEDIA,SUNTV,2,0.16666666666666669,2026-06-12,2,510.3999938964844,510.3999938964844,123.36203198950562,63038.758588947516,62963.98037450158,-74.77821444593428,-0.0011862260000000226,0,0.5,0.046534780580046814
2026-06-12,2026-06-12,NIFTY_METAL,WELCORP,1,0.8986654897993794,2026-06-08,1,1355.4991099455035,1397.6591796875,47.00692240532939,63793.51500783502,65699.65660866664,1906.1416008316228,0.02987986475737406,4,1.0,0.04855663644966833
2026-06-12,2026-06-12,NIFTY_OIL_GAS,CHENNPETRO,1,0.7875169382393145,2026-06-08,1,1169.300048828125,1137.699951171875,54.49229352684924,63793.51500783502,61995.879684739855,-1797.6353230951645,-0.028178966512103647,4,1.0,0.04581928653234684
2026-06-12,2026-06-12,NIFTY_PHARMA,LUPIN,2,0.523312586144115,2026-06-12,2,2282.0,2282.0,28.685718174768883,65538.55240969334,65460.80887482259,-77.74353487074404,-0.0011862260000000482,0,0.5,0.0483801112868631
2026-06-12,2026-06-12,NIFTY_PHARMA,DIVISLAB,3,0.4951061919066178,2026-06-12,3,6719.5,6719.5,9.741916641836832,65538.55240969334,65460.80887482259,-77.74353487074404,-0.0011862260000000482,0,0.5,0.0483801112868631
2026-06-12,2026-06-12,NIFTY_PRIVATE_BANK,FEDERALBNK,1,0.8337647369484557,2026-06-08,1,302.5,315.70001220703125,210.637492501492,63793.51500783502,66498.25895397949,2704.7439461444665,0.042398415353226325,4,1.0,0.04914685937853662
2026-06-12,2026-06-12,NIFTY_REALTY,PHOENIXLTD,1,0.9906688564754192,2026-06-08,2,1750.0,1757.5999755859375,36.41019513240076,63793.51500783502,63994.558075786794,201.043067951774,0.0031514655984559276,4,1.0,0.047296449504323046
2026-06-12,2026-06-12,NIFTY_MIDSMALL_FINANCIAL_SERVICES,ANGELONE,4,0.6702946612647793,2026-06-12,4,329.0,329.0,202.42373401879294,66676.50189231659,66597.40849218288,-79.09340013371548,-0.001186226000000005,0,0.5,0.049220137814516444
2026-06-12,2026-06-12,NIFTY_MIDSMALL_FINANCIAL_SERVICES,RBLBANK,5,0.602577012985641,2026-06-12,5,363.0,363.0,183.4639352401732,66676.50189231659,66597.40849218288,-79.09340013371548,-0.001186226000000005,0,0.5,0.049220137814516444
2026-06-12,2026-06-12,NIFTY_MIDSMALL_HEALTHCARE,GRANULES,2,0.8638803386313445,2026-06-08,2,775.0,766.4500122070312,82.21656965380816,63793.51500783502,63014.8908147815,-778.624193053518,-0.012205381580837622,4,1.0,0.04657240695235632
2026-06-12,2026-06-12,NIFTY_MIDSMALL_IT_TELECOM,HFCL,1,0.8333333333333334,2026-06-08,1,177.8699951171875,171.86000061035156,358.22703789766,63793.51500783502,61564.89895173628,-2228.616056098741,-0.03493483711980796,4,0.49006223101253915,0.04550076165947093
2026-06-12,2026-06-12,NIFTY_MIDSMALL_IT_TELECOM,IDEA,2,0.5332470660157739,2026-06-08,2,14.819999694824219,14.899999618530273,4299.449581227343,63793.51500783502,64061.79712017755,268.28211234253104,0.0042054762511452935,4,0.5099377689874609,0.04734614385589557
2026-06-15,2026-06-15,NIFTY_AUTO,BHARATFORG,1,0.8401730322339517,2026-06-15,1,1965.5365229481313,1965.5365229481313,32.89816608303444,64739.342465473106,64662.54697421766,-76.79549125544872,-0.0011862260000000066,0,0.5,0.03333333333333333
2026-06-15,2026-06-15,NIFTY_AUTO,BAJAJ-AUTO,2,0.5391323816808616,2026-06-15,2,10164.0,10164.0,6.361919222178046,64739.342465473106,64662.54697421766,-76.79549125544872,-0.0011862260000000066,0,0.5,0.03333333333333333
2026-06-15,2026-06-15,NIFTY_BANK,FEDERALBNK,1,0.8201948108008738,2026-06-15,1,320.70001220703125,320.70001220703125,201.62938731812108,64739.342465473106,64662.54697421766,-76.79549125544872,-0.0011862260000000066,0,0.5,0.03333333333333333
2026-06-15,2026-06-15,NIFTY_BANK,RBLBANK,2,0.7017535811865584,2026-06-15,2,370.0,370.0,174.76364047085855,64739.342465473106,64662.54697421766,-76.79549125544872,-0.0011862260000000066,0,0.5,0.03333333333333333
2026-06-15,2026-06-15,NIFTY_CHEMICALS,HSCL,1,0.8964019821266225,2026-06-15,1,690.0,690.0,93.71383619451835,64739.342465473106,64662.54697421766,-76.79549125544872,-0.0011862260000000066,0,0.5,0.03333333333333333
2026-06-15,2026-06-15,NIFTY_CHEMICALS,NAVINFLUOR,2,0.7874507421512094,2026-06-15,2,7400.0,7400.0,8.738182023542926,64739.342465473106,64662.54697421766,-76.79549125544872,-0.0011862260000000066,0,0.5,0.03333333333333333
2026-06-15,2026-06-15,NIFTY_CONSUMER_DURABLES,TITAN,1,0.8802849368202972,2026-06-15,1,4221.0,4221.0,15.319248276289423,64739.342465473106,64662.54697421766,-76.79549125544872,-0.0011862260000000066,0,0.5,0.03333333333333333
2026-06-15,2026-06-15,NIFTY_CONSUMER_DURABLES,KAJARIACER,2,0.7517818617415793,2026-06-15,2,1098.0,1098.0,58.89120853753885,64739.342465473106,64662.54697421766,-76.79549125544872,-0.0011862260000000066,0,0.5,0.03333333333333333
2026-06-15,2026-06-15,NIFTY_FINANCIAL_SERVICES,AXISBANK,1,0.8292335613039934,2026-06-15,1,1372.0,1372.0,47.130136278584295,64739.342465473106,64662.54697421766,-76.79549125544872,-0.0011862260000000066,0,0.5,0.03333333333333333
2026-06-15,2026-06-15,NIFTY_FINANCIAL_SERVICES,PFC,2,0.7984061798859569,2026-06-15,2,426.5,426.5,151.61206793485968,64739.342465473106,64662.54697421766,-76.79549125544872,-0.0011862260000000066,0,0.5,0.03333333333333333
2026-06-15,2026-06-15,NIFTY_FINANCIAL_SERVICES_EX_BANK,BSE,1,0.8241483677308339,2026-06-15,1,4149.89990234375,4149.89990234375,15.58171244990705,64739.342465473106,64662.54697421766,-76.79549125544872,-0.0011862260000000066,0,0.5,0.03333333333333333
2026-06-15,2026-06-15,NIFTY_FINANCIAL_SERVICES_EX_BANK,MCX,2,0.7408838244628256,2026-06-15,2,2909.0,2909.0,22.22844516129861,64739.342465473106,64662.54697421766,-76.79549125544872,-0.0011862260000000066,0,0.5,0.03333333333333333
2026-06-15,2026-06-15,NIFTY_HEALTHCARE,LAURUSLABS,1,0.9125146346512347,2026-06-15,1,1414.0,1414.0,45.73023124060655,64739.342465473106,64662.54697421766,-76.79549125544872,-0.0011862260000000066,0,0.5,0.03333333333333333
2026-06-15,2026-06-15,NIFTY_HEALTHCARE,AUROPHARMA,2,0.7560047332644658,2026-06-15,2,1462.5,1462.5,44.2137073327984,64739.342465473106,64662.54697421766,-76.79549125544872,-0.0011862260000000066,0,0.5,0.03333333333333333
2026-06-15,2026-06-15,NIFTY_MEDIA,ZEEL,1,0.8333333333333334,2026-06-15,1,113.0,113.0,572.2349289753774,64739.342465473106,64662.54697421766,-76.79549125544872,-0.0011862260000000066,0,0.5,0.03333333333333333
2026-06-15,2026-06-15,NIFTY_MEDIA,SUNTV,2,0.16666666666666669,2026-06-15,2,520.0,520.0,124.35105187349549,64739.342465473106,64662.54697421766,-76.79549125544872,-0.0011862260000000066,0,0.5,0.03333333333333333
2026-06-15,2026-06-15,NIFTY_METAL,WELCORP,1,0.8913860739285527,2026-06-15,1,1415.300589196976,1415.300589196976,45.68820748594924,64739.342465473106,64662.54697421766,-76.79549125544872,-0.0011862260000000066,0,0.5,0.03333333333333333
2026-06-15,2026-06-15,NIFTY_METAL,HINDCOPPER,2,0.7576054908363954,2026-06-15,2,522.0,522.0,123.87461106171965,64739.342465473106,64662.54697421766,-76.79549125544872,-0.0011862260000000066,0,0.5,0.03333333333333333
2026-06-15,2026-06-15,NIFTY_PHARMA,LUPIN,2,0.5257804423059264,2026-06-15,2,2296.89990234375,2296.89990234375,28.152096183310462,64739.342465473106,64662.54697421766,-76.79549125544872,-0.0011862260000000066,0,0.5,0.03333333333333333
2026-06-15,2026-06-15,NIFTY_PHARMA,DIVISLAB,3,0.4993874538924196,2026-06-15,3,6651.0,6651.0,9.722229284952286,64739.342465473106,64662.54697421766,-76.79549125544872,-0.0011862260000000066,0,0.5,0.03333333333333333
2026-06-15,2026-06-15,NIFTY_PRIVATE_BANK,BANDHANBNK,3,0.6187063493153646,2026-06-15,3,208.0,208.0,310.87762968373875,64739.342465473106,64662.54697421766,-76.79549125544872,-0.0011862260000000066,0,0.5,0.03333333333333333
2026-06-15,2026-06-15,NIFTY_PRIVATE_BANK,YESBANK,5,0.5204350482611908,2026-06-15,5,23.299999237060547,23.299999237060547,2775.216699207724,64739.342465473106,64662.54697421766,-76.79549125544872,-0.0011862260000000066,0,0.5,0.03333333333333333
2026-06-15,2026-06-15,NIFTY_REALTY,PHOENIXLTD,1,0.9605263008581985,2026-06-15,1,1788.0,1788.0,36.16473544419332,64739.342465473106,64662.54697421766,-76.79549125544872,-0.0011862260000000066,0,0.5,0.03333333333333333
2026-06-15,2026-06-15,NIFTY_REALTY,OBEROIRLTY,2,0.856230110292819,2026-06-15,2,1671.0,1671.0,38.696916202404346,64739.342465473106,64662.54697421766,-76.79549125544872,-0.0011862260000000066,0,0.5,0.03333333333333333
2026-06-15,2026-06-15,NIFTY_MIDSMALL_FINANCIAL_SERVICES,ANGELONE,4,0.6792071042364116,2026-06-15,4,344.0,344.0,187.97252027388853,64739.342465473106,64662.54697421766,-76.79549125544872,-0.0011862260000000066,0,0.5,0.03333333333333333
2026-06-15,2026-06-15,NIFTY_MIDSMALL_FINANCIAL_SERVICES,PNBHOUSING,7,0.5100026950845821,2026-06-15,7,999.7999877929688,999.7999877929688,64.67548286028536,64739.342465473106,64662.54697421766,-76.79549125544872,-0.0011862260000000066,0,0.5,0.03333333333333333
2026-06-15,2026-06-15,NIFTY_MIDSMALL_HEALTHCARE,GRANULES,1,0.877993778432767,2026-06-15,1,769.9500122070312,769.9500122070312,83.9827858289982,64739.342465473106,64662.54697421766,-76.79549125544872,-0.0011862260000000066,0,0.5,0.03333333333333333
2026-06-15,2026-06-15,NIFTY_MIDSMALL_HEALTHCARE,WOCKPHARMA,3,0.7991431401926207,2026-06-15,3,1951.0,1951.0,33.14328394373022,64739.342465473106,64662.54697421766,-76.79549125544872,-0.0011862260000000066,0,0.5,0.03333333333333333
2026-06-15,2026-06-15,NIFTY_MIDSMALL_IT_TELECOM,HFCL,1,0.8333333333333334,2026-06-15,1,180.4499969482422,180.4499969482422,358.34052683727435,64739.342465473106,64662.54697421766,-76.79549125544872,-0.0011862260000000066,0,0.5,0.03333333333333333
2026-06-15,2026-06-15,NIFTY_MIDSMALL_IT_TELECOM,IDEA,2,0.5408326366132302,2026-06-15,2,15.34000015258789,15.34000015258789,4215.289852087058,64739.342465473106,64662.54697421766,-76.79549125544872,-0.0011862260000000066,0,0.5,0.03333333333333333
2026-06-16,2026-06-16,NIFTY_AUTO,BHARATFORG,1,0.8483399652267856,2026-06-15,1,1965.5365229481313,2006.2132568359375,32.89816608303444,64739.342465473106,66000.7369213741,1261.3944559009979,0.019484202462725458,1,1.0,0.046416902350357156
2026-06-16,2026-06-16,NIFTY_BANK,FEDERALBNK,1,0.8015814371769083,2026-06-15,1,320.70001220703125,320.6000061035156,201.62938731812108,64739.342465473106,64642.38280483773,-96.95966063537344,-0.0014976930092715126,1,1.0,0.04546160104122805
2026-06-16,2026-06-16,NIFTY_CHEMICALS,HSCL,1,0.8915821795372252,2026-06-15,1,690.0,689.2000122070312,93.71383619451835,64739.342465473106,64587.577049229774,-151.76541624333186,-0.002344253284998556,1,0.5025811121090938,0.045423057329067346
2026-06-16,2026-06-16,NIFTY_CHEMICALS,NAVINFLUOR,2,0.7980855583539092,2026-06-15,2,7400.0,7315.5,8.738182023542926,64739.342465473106,63924.17059322827,-815.171872244835,-0.01259159950040555,1,0.49741888789090627,0.044956497800747196
2026-06-16,2026-06-16,NIFTY_CONSUMER_DURABLES,TITAN,1,0.8594686809834051,2026-06-15,1,4221.0,4338.0,15.319248276289423,64739.342465473106,66454.89902254351,1715.5565570704057,0.026499443641790913,1,1.0,0.046736304812883094
2026-06-16,2026-06-16,NIFTY_FINANCIAL_SERVICES,AXISBANK,1,0.8308686369748683,2026-06-15,1,1372.0,1365.699951171875,47.130136278584295,64739.342465473106,64365.624814386385,-373.71765108672116,-0.0057726513253673045,1,1.0,0.045266963083885774
2026-06-16,2026-06-16,NIFTY_FINANCIAL_SERVICES_EX_BANK,BSE,1,0.8083374156373632,2026-06-15,1,4149.89990234375,4162.39990234375,15.58171244990705,64739.342465473106,64857.3183798415,117.97591436839139,0.0018223217888150547,1,0.5027883381759147,0.04561276062007416
2026-06-16,2026-06-16,NIFTY_FINANCIAL_SERVICES_EX_BANK,MCX,2,0.7274679193023426,2026-06-15,2,2909.0,2885.39990234375,22.22844516129861,64739.342465473106,64137.953497664406,-601.3889678086998,-0.009289389494949436,1,0.4972116618240853,0.04510684673111155
2026-06-16,2026-06-16,NIFTY_HEALTHCARE,LAURUSLABS,1,0.9077588867393854,2026-06-15,1,1414.0,1376.4000244140625,45.73023124060655,64739.342465473106,62943.09139603158,-1796.251069441525,-0.027745896097098988,1,0.5047708224483693,0.04426652584863861
2026-06-16,2026-06-16,NIFTY_HEALTHCARE,AUROPHARMA,2,0.6780862949834605,2026-06-15,2,1462.5,1396.699951171875,44.2137073327984,64739.342465473106,61753.2828728471,-2986.0595926260066,-0.046124342307284585,1,0.49522917755163054,0.04342975903947301
2026-06-16,2026-06-16,NIFTY_MEDIA,ZEEL,1,0.8333333333333334,2026-06-16,1,109.5,109.5,584.409938991251,64068.888500872825,63992.88831954199,-76.00018133083358,-0.0011862259999999565,0,0.5,0.0450048255034491
2026-06-16,2026-06-16,NIFTY_MEDIA,SUNTV,2,0.16666666666666669,2026-06-16,2,524.2000122070312,524.2000122070312,122.07723546230706,64068.888500872825,63992.88831954199,-76.00018133083358,-0.0011862259999999565,0,0.5,0.0450048255034491
2026-06-16,2026-06-16,NIFTY_METAL,WELCORP,1,0.8701635949813169,2026-06-15,1,1415.300589196976,1369.25341796875,45.68820748594924,64739.342465473106,62558.73426100143,-2180.608204471675,-0.03368289082692863,1,1.0,0.04399621572125911
2026-06-16,2026-06-16,NIFTY_PHARMA,BIOCON,2,0.5945451245294134,2026-06-16,2,417.50022196600173,417.50022196600173,154.60820107734477,64625.61885690983,64548.958267555674,-76.6605893541564,-0.001186225999999995,0,0.5,0.045395897568412065
2026-06-16,2026-06-16,NIFTY_PHARMA,DIVISLAB,3,0.5820662185066589,2026-06-16,3,6620.0,6620.0,9.75059792561264,64625.61885690983,64548.958267555674,-76.6605893541564,-0.001186225999999995,0,0.5,0.045395897568412065
2026-06-16,2026-06-16,NIFTY_PRIVATE_BANK,RBLBANK,2,0.707298198261778,2026-06-16,2,374.0,374.0,178.31900048580619,66770.51109798923,66691.30618169151,-79.20491629772005,-0.0011862259999999502,0,0.5,0.04690256489622384
2026-06-16,2026-06-16,NIFTY_PRIVATE_BANK,BANDHANBNK,3,0.6688406817185533,2026-06-16,3,213.0800018310547,213.0800018310547,312.98716730145907,66770.51109798923,66691.30618169151,-79.20491629772005,-0.0011862259999999502,0,0.5,0.04690256489622384
2026-06-16,2026-06-16,NIFTY_REALTY,PHOENIXLTD,1,0.9845924440544128,2026-06-15,1,1788.0,1868.199951171875,36.16473544419332,64739.342465473106,67562.95699098574,2823.614525512632,0.043615125177067206,1,1.0,0.04751557821070877
2026-06-16,2026-06-16,NIFTY_MIDSMALL_FINANCIAL_SERVICES,ANGELONE,3,0.684063572970857,2026-06-15,4,344.0,348.25,187.97252027388853,64739.342465473106,65461.43018538168,722.0877199085735,0.011153769754360396,1,1.0,0.04603761949278434
2026-06-16,2026-06-16,NIFTY_MIDSMALL_HEALTHCARE,GRANULES,2,0.8409690764445703,2026-06-15,1,769.9500122070312,748.3499755859375,83.9827858289982,64739.342465473106,62848.51572476982,-1890.8267407032836,-0.02920676467654429,1,1.0,0.0442000128079902
2026-06-16,2026-06-16,NIFTY_MIDSMALL_IT_TELECOM,HFCL,1,0.8333333333333334,2026-06-15,1,180.4499969482422,188.97999572753906,358.34052683727435,64739.342465473106,67719.19123071221,2979.848765239105,0.04602840640261867,1,0.5235477702127513,0.04762545439978535
2026-06-16,2026-06-16,NIFTY_MIDSMALL_IT_TELECOM,IDEA,2,0.5178664147862337,2026-06-15,2,15.34000015258789,14.619999885559082,4215.289852087058,64739.342465473106,61627.537155111146,-3111.8053103619604,-0.04806668081347217,1,0.47645222978724866,0.043341324773836266
2026-06-17,2026-06-17,NIFTY_AUTO,BHARATFORG,1,0.8738522401878905,2026-06-15,1,1965.5365229481313,2028.3460693359375,32.89816608303444,64739.342465473106,66728.86586288376,1989.5233974106523,0.03073128829616563,2,1.0,0.04486327328550739
2026-06-17,2026-06-17,NIFTY_BANK,FEDERALBNK,1,0.8283143598066495,2026-06-15,1,320.70001220703125,322.70001220703125,201.62938731812108,64739.342465473106,65065.805748853905,326.4632833807991,0.005042733999884368,2,1.0,0.043745161664379896
2026-06-17,2026-06-17,NIFTY_CHEMICALS,HSCL,1,0.8900421511926215,2026-06-15,1,690.0,701.0999755859375,93.71383619451835,64739.342465473106,65702.76826804136,963.4258025682502,0.014881612414924758,2,0.5058885389041798,0.04417340547163493
2026-06-17,2026-06-17,NIFTY_CHEMICALS,NAVINFLUOR,2,0.7461741794039536,2026-06-15,2,7400.0,7344.0,8.738182023542926,64739.342465473106,64173.20878089925,-566.1336845738551,-0.008744816722162208,2,0.49411146109582016,0.043145049236432295
2026-06-17,2026-06-17,NIFTY_CONSUMER_DURABLES,TITAN,1,0.8178841804848493,2026-06-15,1,4221.0,4380.5,15.319248276289423,64739.342465473106,67105.96707428581,2366.624608812708,0.036556203981757775,2,1.0,0.04511680666247486
2026-06-17,2026-06-17,NIFTY_FINANCIAL_SERVICES,AXISBANK,1,0.834904052978809,2026-06-15,1,1372.0,1350.9000244140625,47.130136278584295,64739.342465473106,63668.10224937762,-1071.240216095488,-0.016546973992928697,2,1.0,0.0428054550882489
2026-06-17,2026-06-17,NIFTY_FINANCIAL_SERVICES_EX_BANK,BSE,1,0.8524547286595024,2026-06-15,1,4149.89990234375,3999.199951171875,15.58171244990705,64739.342465473106,62314.38366884247,-2424.9587966306353,-0.03745726638981418,2,0.4952357327729597,0.04189532053336209
2026-06-17,2026-06-17,NIFTY_FINANCIAL_SERVICES_EX_BANK,MCX,2,0.7447893787871263,2026-06-15,2,2909.0,2857.300048828125,22.22844516129861,64739.342465473106,63513.337444751814,-1226.0050207212917,-0.018937557504158258,2,0.5047642672270404,0.042701403331409926
2026-06-17,2026-06-17,NIFTY_HEALTHCARE,LAURUSLABS,1,0.9151594649836314,2026-06-15,1,1414.0,1369.800048828125,45.73023124060655,64739.342465473106,62641.2729863043,-2098.0694791688074,-0.032407951629841676,2,0.49901097857386156,0.042115095357851656
2026-06-17,2026-06-17,NIFTY_HEALTHCARE,AUROPHARMA,2,0.6617749526599509,2026-06-15,2,1462.5,1422.4000244140625,44.2137073327984,64739.342465473106,62889.57838960866,-1849.7640758644484,-0.028572487847725172,2,0.5009890214261384,0.04228203650127828
2026-06-17,2026-06-17,NIFTY_MEDIA,ZEEL,1,0.8333333333333334,2026-06-17,1,111.80000305175781,111.80000305175781,569.6994078148159,63768.038837919594,63692.39553228104,-75.64330563855037,-0.0011862260000000057,0,0.5,0.042821787992694454
2026-06-17,2026-06-17,NIFTY_MEDIA,SUNTV,2,0.16666666666666669,2026-06-17,2,518.0,518.0,122.95829253336109,63768.038837919594,63692.39553228104,-75.64330563855037,-0.0011862260000000057,0,0.5,0.042821787992694454
2026-06-17,2026-06-17,NIFTY_METAL,WELCORP,1,0.8748054812928321,2026-06-15,1,1415.300589196976,1389.6856689453125,45.68820748594924,64739.342465473106,63492.24718302361,-1247.0952824494962,-0.019263329452482453,2,1.0,0.04268722388802601
2026-06-17,2026-06-17,NIFTY_PHARMA,DIVISLAB,2,0.6714308010032864,2026-06-17,2,6730.0,6730.0,9.530964391237774,64219.56927581399,64143.39035303022,-76.17892278377258,-0.0011862260000000133,0,0.5,0.04312500165640626
2026-06-17,2026-06-17,NIFTY_PHARMA,BIOCON,3,0.6399014834601908,2026-06-17,3,415.95211139201444,415.95211139201444,154.20859420179315,64219.56927581399,64143.39035303022,-76.17892278377258,-0.0011862260000000133,0,0.5,0.04312500165640626
2026-06-17,2026-06-17,NIFTY_PRIVATE_BANK,BANDHANBNK,2,0.6902718065511367,2026-06-17,2,217.82000732421875,217.82000732421875,304.0231930820183,66300.98209264141,66222.33414385759,-78.64794878382236,-0.0011862259999999504,0,0.5,0.04452272095265126
2026-06-17,2026-06-17,NIFTY_PRIVATE_BANK,RBLBANK,3,0.6761096255698725,2026-06-17,3,370.20001220703125,370.20001220703125,178.88258228047627,66300.98209264141,66222.33414385759,-78.64794878382236,-0.0011862259999999504,0,0.5,0.04452272095265126
2026-06-17,2026-06-17,NIFTY_REALTY,PHOENIXLTD,1,0.9100893881542321,2026-06-15,1,1788.0,1869.0999755859375,36.16473544419332,64739.342465473106,67595.50613581362,2856.1636703405093,0.04411789742634107,2,1.0,0.045445934460726096
2026-06-17,2026-06-17,NIFTY_MIDSMALL_FINANCIAL_SERVICES,ANGELONE,4,0.6701362285932523,2026-06-17,4,349.95001220703125,349.95001220703125,187.29442585910692,65621.52857906361,65543.68661570338,-77.8419633602316,-0.0011862260000000502,0,0.5,0.044066451403837435
2026-06-17,2026-06-17,NIFTY_MIDSMALL_FINANCIAL_SERVICES,PNBHOUSING,7,0.5019665658287167,2026-06-17,7,1020.2000122070312,1020.2000122070312,64.24591828215198,65621.52857906361,65543.68661570338,-77.8419633602316,-0.0011862260000000502,0,0.5,0.044066451403837435
2026-06-17,2026-06-17,NIFTY_MIDSMALL_HEALTHCARE,GRANULES,2,0.8353110554495876,2026-06-15,1,769.9500122070312,741.4000244140625,83.9827858289982,64739.342465473106,62264.83946398025,-2474.503001492856,-0.03822255381744975,2,1.0,0.041862010882827726
2026-06-17,2026-06-17,NIFTY_MIDSMALL_IT_TELECOM,HFCL,1,0.8333333333333334,2026-06-15,1,180.4499969482422,190.1300048828125,358.34052683727435,64739.342465473106,68131.28611728057,3391.9436518074654,0.05239385391682751,2,0.5199932254902911,0.0458061510389435
2026-06-17,2026-06-17,NIFTY_MIDSMALL_IT_TELECOM,IDEA,2,0.46823708425120153,2026-06-15,2,15.34000015258789,14.920000076293945,4215.289852087058,64739.342465473106,62892.124914739994,-1847.2175507331121,-0.02853315279991102,2,0.48000677450970886,0.042283748585717575
2026-06-18,2026-06-18,NIFTY_AUTO,BHARATFORG,1,0.8700757908112959,2026-06-15,1,1965.5365229481313,2013.7901611328125,32.89816608303444,64739.342465473106,66250.00317732795,1510.6607118548418,0.02333450811089887,3,1.0,0.04643895278497248
2026-06-18,2026-06-18,NIFTY_BANK,FEDERALBNK,1,0.8321408289094638,2026-06-15,1,320.70001220703125,320.45001220703125,201.62938731812108,64739.342465473106,64612.13962738813,-127.20283808497334,-0.001964845999985455,3,1.0,0.04529086728435304
2026-06-18,2026-06-18,NIFTY_CHEMICALS,HSCL,1,0.8888550723790716,2026-06-15,1,690.0,690.2999877929688,93.71383619451835,64739.342465473106,64690.65998110829,-48.68248436481372,-0.0007519768121027355,3,0.5033901943793039,0.045345907326982314
2026-06-18,2026-06-18,NIFTY_CHEMICALS,NAVINFLUOR,2,0.7299191810791779,2026-06-15,2,7400.0,7303.5,8.738182023542926,64739.342465473106,63819.312408945756,-920.0300565273501,-0.014211297512297442,3,0.496609805620696,0.044735122922117496
2026-06-18,2026-06-18,NIFTY_CONSUMER_DURABLES,TITAN,1,0.8029019863699405,2026-06-15,1,4221.0,4387.89990234375,15.319248276289423,64739.342465473106,67219.32801551002,2479.985550036916,0.038307240320822625,3,1.0,0.047118415852666996
2026-06-18,2026-06-18,NIFTY_FINANCIAL_SERVICES,PFC,1,0.7989339332666942,2026-06-18,1,432.1000061035156,432.1000061035156,148.84228603065804,64391.135140982304,64314.75270230856,-76.38243867374695,-0.0011862260000000012,0,0.5,0.04508240937174474
2026-06-18,2026-06-18,NIFTY_FINANCIAL_SERVICES,AXISBANK,2,0.7887449545056322,2026-06-18,2,1347.5999755859375,1347.5999755859375,47.72540358227927,64391.135140982304,64314.75270230856,-76.38243867374695,-0.0011862260000000012,0,0.5,0.04508240937174474
2026-06-18,2026-06-18,NIFTY_FINANCIAL_SERVICES_EX_BANK,BSE,1,0.8262941945926383,2026-06-15,1,4149.89990234375,4014.5,15.58171244990705,64739.342465473106,62552.78463015185,-2186.557835321255,-0.03377479214416479,3,0.4997236264191835,0.043847330908540746
2026-06-18,2026-06-18,NIFTY_FINANCIAL_SERVICES_EX_BANK,MCX,2,0.7436937597620136,2026-06-15,2,2909.0,2817.199951171875,22.22844516129861,64739.342465473106,62621.974623037146,-2117.3678424359605,-0.03270604491488616,3,0.5002763735808164,0.04389583069206819
2026-06-18,2026-06-18,NIFTY_HEALTHCARE,LAURUSLABS,1,0.9221341125079854,2026-06-15,1,1414.0,1368.800048828125,45.73023124060655,64739.342465473106,62595.542755063696,-2143.79971040941,-0.03311432629320795,3,0.49511265143370753,0.04387730287003092
2026-06-18,2026-06-18,NIFTY_HEALTHCARE,AUROPHARMA,2,0.6827075964133033,2026-06-15,2,1462.5,1443.699951171875,44.2137073327984,64739.342465473106,63831.327117488625,-908.0153479844812,-0.014025711621472607,3,0.5048873485662925,0.0447435448157928
2026-06-18,2026-06-18,NIFTY_MEDIA,ZEEL,1,0.8493075373680111,2026-06-17,1,111.80000305175781,111.77999877929688,569.6994078148159,63768.038837919594,63680.99911010628,-87.03972781331686,-0.0013649428365602922,1,1.0,0.044638170100286714
2026-06-18,2026-06-18,NIFTY_METAL,WELCORP,1,0.8863243646084148,2026-06-15,1,1415.300589196976,1392.775390625,45.68820748594924,64739.342465473106,63633.41102819901,-1105.9314372740992,-0.017082833948520813,3,1.0,0.0446048125065836
2026-06-18,2026-06-18,NIFTY_PHARMA,DIVISLAB,2,0.6385737603678989,2026-06-18,2,6661.5,6661.5,9.604001510295442,64053.03743922246,63977.056060833085,-75.98137838937691,-0.0011862259999999658,0,0.5,0.044845695747035216
2026-06-18,2026-06-18,NIFTY_PHARMA,BIOCON,3,0.5619028375138687,2026-06-18,3,411.357585354353,411.357585354353,155.52662291549032,64053.03743922246,63977.056060833085,-75.98137838937691,-0.0011862259999999658,0,0.5,0.044845695747035216
2026-06-18,2026-06-18,NIFTY_PRIVATE_BANK,BANDHANBNK,2,0.6876780302291506,2026-06-18,2,213.75999450683594,213.75999450683594,306.2010321194274,65531.265835182894,65453.53094383629,-77.73489134660485,-0.0011862259999999877,0,0.5,0.04588065339370063
2026-06-18,2026-06-18,NIFTY_PRIVATE_BANK,RBLBANK,3,0.652052640623702,2026-06-18,3,370.0,370.0,176.90143498334132,65531.265835182894,65453.53094383629,-77.73489134660485,-0.0011862259999999877,0,0.5,0.04588065339370063
2026-06-18,2026-06-18,NIFTY_REALTY,PHOENIXLTD,1,0.8614249450023137,2026-06-15,1,1788.0,1853.699951171875,36.16473544419332,64739.342465473106,67038.56832704494,2299.225861571831,0.03551512533198894,3,1.0,0.0469917095849618
2026-06-18,2026-06-18,NIFTY_MIDSMALL_FINANCIAL_SERVICES,ANGELONE,3,0.7169493514789989,2026-06-17,4,349.95001220703125,352.79998779296875,187.29442585910692,65621.52857906361,66077.47115678401,455.94257772040146,0.0069480639600015175,1,1.0,0.0463180138269095
2026-06-18,2026-06-18,NIFTY_MIDSMALL_HEALTHCARE,GRANULES,3,0.7662467129909902,2026-06-15,1,769.9500122070312,782.0999755859375,83.9827858289982,64739.342465473106,65682.93474649852,943.5922810254124,0.014575252776604127,3,1.0,0.04604145749709077
2026-06-18,2026-06-18,NIFTY_MIDSMALL_IT_TELECOM,HFCL,1,0.8333333333333334,2026-06-15,1,180.4499969482422,199.6300048828125,358.34052683727435,64739.342465473106,71535.52112223468,6796.178656761578,0.10497756693136213,3,0.5306512943761709,0.05014391741162548
2026-06-18,2026-06-18,NIFTY_MIDSMALL_IT_TELECOM,IDEA,2,0.46331030391149425,2026-06-15,2,15.34000015258789,15.010000228881836,4215.289852087058,64739.342465473106,63271.501644630014,-1467.840820843092,-0.02267308818630531,3,0.4693487056238292,0.044351126590055974
2026-06-19,2026-06-19,NIFTY_AUTO,BHARATFORG,1,0.8531404138583386,2026-06-15,1,1965.5365229481313,2035.2252197265625,32.89816608303444,64739.342465473106,66955.17729494472,2215.8348294716125,0.03422702092863185,4,1.0,0.0510833901745926
2026-06-19,2026-06-19,NIFTY_BANK,FEDERALBNK,1,0.7949674935802592,2026-06-15,1,320.70001220703125,323.95001220703125,201.62938731812108,64739.342465473106,65317.84248300156,578.5000175284513,0.00893583399981206,4,1.0,0.04983418710435816
2026-06-19,2026-06-19,NIFTY_CHEMICALS,HSCL,1,0.8865379189310241,2026-06-15,1,690.0,671.0499877929688,93.71383619451835,64739.342465473106,62886.668634363814,-1852.6738311092922,-0.02861743355050854,4,1.0,0.047979325280228476
2026-06-19,2026-06-19,NIFTY_CONSUMER_DURABLES,TITAN,1,0.8229151639633462,2026-06-15,1,4221.0,4419.89990234375,15.319248276289423,64739.342465473106,67709.54396035128,2970.2014948781725,0.04587938928267993,4,1.0,0.05165893351956675
2026-06-19,2026-06-19,NIFTY_FINANCIAL_SERVICES,AXISBANK,1,0.774639934368932,2026-06-18,2,1347.5999755859375,1357.9000244140625,47.72540358227927,64391.135140982304,64806.326689548005,415.19154856570094,0.006447961317293949,1,1.0,0.04944392660601987
2026-06-19,2026-06-19,NIFTY_FINANCIAL_SERVICES_EX_BANK,BSE,1,0.8231749216652456,2026-06-15,1,4149.89990234375,4020.199951171875,15.58171244990705,64739.342465473106,62641.59963029052,-2097.7428351825874,-0.032402906104604924,4,0.5012702844176516,0.047792350111756775
2026-06-19,2026-06-19,NIFTY_FINANCIAL_SERVICES_EX_BANK,MCX,3,0.697626548331941,2026-06-15,2,2909.0,2803.800048828125,22.22844516129861,64739.342465473106,62324.11562862234,-2415.226836850765,-0.03730694110986465,4,0.4987297155823484,0.04755012598829633
2026-06-19,2026-06-19,NIFTY_HEALTHCARE,LAURUSLABS,1,0.9234200839484737,2026-06-15,1,1414.0,1412.9000244140625,45.73023124060655,64739.342465473106,64612.244836313715,-127.09762915939064,-0.0019632208842277716,4,0.4938432317692772,0.04929585203680618
2026-06-19,2026-06-19,NIFTY_HEALTHCARE,AUROPHARMA,2,0.6665704416971188,2026-06-15,2,1462.5,1497.800048828125,44.2137073327984,64739.342465473106,66223.29300193787,1483.950536464763,0.022921927840959862,4,0.5061567682307228,0.05052499973470726
2026-06-19,2026-06-19,NIFTY_MEDIA,ZEEL,1,0.855431594276348,2026-06-17,1,111.80000305175781,113.36000061035156,569.6994078148159,63768.038837919594,64581.12521760446,813.0863796848644,0.012750688189603903,2,1.0,0.049272109352687714
2026-06-19,2026-06-19,NIFTY_METAL,WELCORP,1,0.9268475613221432,2026-06-15,1,1415.300589196976,1418.6893310546875,45.68820748594924,64739.342465473106,64817.372515329094,78.03004985598818,0.0012052956808698404,4,1.0,0.04945235400851468
2026-06-19,2026-06-19,NIFTY_PHARMA,DIVISLAB,2,0.696772076043527,2026-06-19,2,6790.0,6790.0,9.500487568278052,64584.922903363935,64508.31058860797,-76.61231475596287,-0.0011862259999999548,0,0.5,0.04921655549929322
2026-06-19,2026-06-19,NIFTY_PHARMA,LUPIN,3,0.586852761278802,2026-06-19,3,2303.199951171875,2303.199951171875,28.008124329711777,64584.922903363935,64508.31058860797,-76.61231475596287,-0.0011862259999999548,0,0.5,0.04921655549929322
2026-06-19,2026-06-19,NIFTY_PRIVATE_BANK,BANDHANBNK,2,0.6976481489746887,2026-06-19,2,214.0,214.0,304.7805759862011,65300.50441719983,65223.04326104703,-77.46115615279996,-0.0011862260000000408,0,0.5,0.049761860126236394
2026-06-19,2026-06-19,NIFTY_PRIVATE_BANK,RBLBANK,3,0.6442709242887608,2026-06-19,3,370.20001220703125,370.20001220703125,176.18325529544174,65300.50441719983,65223.04326104703,-77.46115615279996,-0.0011862260000000408,0,0.5,0.049761860126236394
2026-06-19,2026-06-19,NIFTY_REALTY,PHOENIXLTD,1,0.9256852099075438,2026-06-15,1,1788.0,1881.0999755859375,36.16473544419332,64739.342465473106,68029.48296114393,3290.1404956708284,0.050821345573992066,4,1.0,0.05190303068232334
2026-06-19,2026-06-19,NIFTY_MIDSMALL_FINANCIAL_SERVICES,ANGELONE,2,0.7236390310519866,2026-06-17,4,349.95001220703125,353.70001220703125,187.29442585910692,65621.52857906361,66246.04071267502,624.5121336114098,0.009516878791675372,2,1.0,0.05054235507943357
2026-06-19,2026-06-19,NIFTY_MIDSMALL_HEALTHCARE,GRANULES,2,0.8276869315063061,2026-06-15,1,769.9500122070312,786.9000244140625,83.9827858289982,64739.342465473106,66086.05621919967,1346.7137537265662,0.02080209193420211,4,1.0,0.0504202950590996
2026-06-19,2026-06-19,NIFTY_MIDSMALL_IT_TELECOM,HFCL,1,0.8333333333333334,2026-06-15,1,180.4499969482422,209.61000061035156,358.34052683727435,64739.342465473106,75111.75804907478,10372.415583601673,0.16021811758643528,4,0.5442727873734495,0.057306445866288275
2026-06-19,2026-06-19,NIFTY_MIDSMALL_IT_TELECOM,IDEA,2,0.45102666180909257,2026-06-15,2,15.34000015258789,14.920000076293945,4215.289852087058,64739.342465473106,62892.124914739994,-1847.2175507331121,-0.02853315279991102,4,0.4557272126265504,0.047983488144261094
2026-06-22,2026-06-22,NIFTY_AUTO,BHARATFORG,1,0.8505031518772836,2026-06-22,1,2053.768959976976,2053.768959976976,29.74180897626117,61155.34815302797,61082.80408900979,-72.54406401817687,-0.001186226000000051,0,0.5,0.03125
2026-06-22,2026-06-22,NIFTY_AUTO,BAJAJ-AUTO,2,0.5102567148262437,2026-06-22,2,10116.0,10116.0,6.038236861309786,61155.34815302797,61082.80408900979,-72.54406401817687,-0.001186226000000051,0,0.5,0.03125
2026-06-22,2026-06-22,NIFTY_BANK,FEDERALBNK,1,0.8411566528582369,2026-06-22,1,323.95001220703125,323.95001220703125,188.55626419909734,61155.34815302797,61082.80408900979,-72.54406401817687,-0.001186226000000051,0,0.5,0.03125
2026-06-22,2026-06-22,NIFTY_BANK,RBLBANK,2,0.7461046955054813,2026-06-22,2,380.3500061035156,380.3500061035156,160.59630106167413,61155.34815302797,61082.80408900979,-72.54406401817687,-0.001186226000000051,0,0.5,0.03125
2026-06-22,2026-06-22,NIFTY_CHEMICALS,HSCL,1,0.8414589455079935,2026-06-22,1,676.9500122070312,676.9500122070312,90.23237017141655,61155.34815302797,61082.80408900979,-72.54406401817687,-0.001186226000000051,0,0.5,0.03125
2026-06-22,2026-06-22,NIFTY_CHEMICALS,SOLARINDS,2,0.7765106966722485,2026-06-22,2,18140.0,18140.0,3.367299012624575,61155.34815302797,61082.80408900979,-72.54406401817687,-0.001186226000000051,0,0.5,0.03125
2026-06-22,2026-06-22,NIFTY_CONSUMER_DURABLES,TITAN,1,0.838811437193283,2026-06-22,1,4405.2998046875,4405.2998046875,13.86575415911854,61155.34815302797,61082.80408900979,-72.54406401817687,-0.001186226000000051,0,0.5,0.03125
2026-06-22,2026-06-22,NIFTY_CONSUMER_DURABLES,KAJARIACER,2,0.7302295898510668,2026-06-22,2,1170.4000244140625,1170.4000244140625,52.189681147340785,61155.34815302797,61082.80408900979,-72.54406401817687,-0.001186226000000051,0,0.5,0.03125
2026-06-22,2026-06-22,NIFTY_FINANCIAL_SERVICES,AXISBANK,1,0.7797544051849407,2026-06-22,1,1361.0,1361.0,44.88082592873607,61155.34815302797,61082.80408900979,-72.54406401817687,-0.001186226000000051,0,0.5,0.03125
2026-06-22,2026-06-22,NIFTY_FINANCIAL_SERVICES,PFC,2,0.7506029662919759,2026-06-22,2,433.0,433.0,141.06883161434132,61155.34815302797,61082.80408900979,-72.54406401817687,-0.001186226000000051,0,0.5,0.03125
2026-06-22,2026-06-22,NIFTY_FINANCIAL_SERVICES_EX_BANK,BSE,1,0.8391873229125846,2026-06-22,1,4035.0,4035.0,15.138241409915686,61155.34815302797,61082.80408900979,-72.54406401817687,-0.001186226000000051,0,0.5,0.03125
2026-06-22,2026-06-22,NIFTY_FINANCIAL_SERVICES_EX_BANK,ANGELONE,2,0.727607307900427,2026-06-22,2,354.8999938964844,354.8999938964844,172.1127222865666,61155.34815302797,61082.80408900979,-72.54406401817687,-0.001186226000000051,0,0.5,0.03125
2026-06-22,2026-06-22,NIFTY_HEALTHCARE,LAURUSLABS,1,0.9196489602243811,2026-06-22,1,1415.0,1415.0,43.168059426862044,61155.34815302797,61082.80408900979,-72.54406401817687,-0.001186226000000051,0,0.5,0.03125
2026-06-22,2026-06-22,NIFTY_HEALTHCARE,AUROPHARMA,2,0.7001720363659313,2026-06-22,2,1498.199951171875,1498.199951171875,40.77079567465712,61155.34815302797,61082.80408900979,-72.54406401817687,-0.001186226000000051,0,0.5,0.03125
2026-06-22,2026-06-22,NIFTY_MEDIA,ZEEL,1,0.8333333333333334,2026-06-22,1,114.0,114.0,535.8140709562263,61155.34815302797,61082.80408900979,-72.54406401817687,-0.001186226000000051,0,0.5,0.03125
2026-06-22,2026-06-22,NIFTY_MEDIA,SUNTV,2,0.16666666666666669,2026-06-22,2,522.2999877929688,522.2999877929688,116.94965635959774,61155.34815302797,61082.80408900979,-72.54406401817687,-0.001186226000000051,0,0.5,0.03125
2026-06-22,2026-06-22,NIFTY_METAL,WELCORP,1,0.9151445428225086,2026-06-22,1,1421.579744090501,1421.579744090501,42.9682572102836,61155.34815302797,61082.80408900979,-72.54406401817687,-0.001186226000000051,0,0.5,0.03125
2026-06-22,2026-06-22,NIFTY_METAL,HINDCOPPER,2,0.764730212384282,2026-06-22,2,510.0,510.0,119.77020409609763,61155.34815302797,61082.80408900979,-72.54406401817687,-0.001186226000000051,0,0.5,0.03125
2026-06-22,2026-06-22,NIFTY_PHARMA,DIVISLAB,2,0.5849781220514193,2026-06-22,2,6755.0,6755.0,9.042606082754965,61155.34815302797,61082.80408900979,-72.54406401817687,-0.001186226000000051,0,0.5,0.03125
2026-06-22,2026-06-22,NIFTY_PHARMA,LUPIN,3,0.5431913548524172,2026-06-22,3,2360.0,2360.0,25.882544105512622,61155.34815302797,61082.80408900979,-72.54406401817687,-0.001186226000000051,0,0.5,0.03125
2026-06-22,2026-06-22,NIFTY_PRIVATE_BANK,BANDHANBNK,3,0.6686903997126931,2026-06-22,3,209.0,209.0,292.26222052157794,61155.34815302797,61082.80408900979,-72.54406401817687,-0.001186226000000051,0,0.5,0.03125
2026-06-22,2026-06-22,NIFTY_PRIVATE_BANK,YESBANK,4,0.6404136614670717,2026-06-22,4,25.5,25.5,2395.4040819219526,61155.34815302797,61082.80408900979,-72.54406401817687,-0.001186226000000051,0,0.5,0.03125
2026-06-22,2026-06-22,NIFTY_PSU_BANK,MAHABANK,1,0.8864404793669195,2026-06-22,1,90.63999938964844,90.63999938964844,673.9056101095447,61155.34815302797,61082.80408900979,-72.54406401817687,-0.001186226000000051,0,0.5,0.03125
2026-06-22,2026-06-22,NIFTY_PSU_BANK,J&KBANK,2,0.752950121757499,2026-06-22,2,164.9499969482422,164.9499969482422,370.3110349748978,61155.34815302797,61082.80408900979,-72.54406401817687,-0.001186226000000051,0,0.5,0.03125
2026-06-22,2026-06-22,NIFTY_REALTY,PHOENIXLTD,1,0.9490227894659619,2026-06-22,1,1890.4000244140625,1890.4000244140625,32.31210500430599,61155.34815302797,61082.80408900979,-72.54406401817687,-0.001186226000000051,0,0.5,0.03125
2026-06-22,2026-06-22,NIFTY_REALTY,OBEROIRLTY,2,0.7933919614302423,2026-06-22,2,1690.0,1690.0,36.143671058585674,61155.34815302797,61082.80408900979,-72.54406401817687,-0.001186226000000051,0,0.5,0.03125
2026-06-22,2026-06-22,NIFTY_MIDSMALL_FINANCIAL_SERVICES,MCX,4,0.7049565137798823,2026-06-22,4,2822.0,2822.0,21.645217607728487,61155.34815302797,61082.80408900979,-72.54406401817687,-0.001186226000000051,0,0.5,0.03125
2026-06-22,2026-06-22,NIFTY_MIDSMALL_FINANCIAL_SERVICES,AUBANK,8,0.5035579928483991,2026-06-22,8,1034.050048828125,1034.050048828125,59.071419374946224,61155.34815302797,61082.80408900979,-72.54406401817687,-0.001186226000000051,0,0.5,0.03125
2026-06-22,2026-06-22,NIFTY_MIDSMALL_HEALTHCARE,GRANULES,2,0.8156307248631808,2026-06-22,2,790.0,790.0,77.32000517596175,61155.34815302797,61082.80408900979,-72.54406401817687,-0.001186226000000051,0,0.5,0.03125
2026-06-22,2026-06-22,NIFTY_MIDSMALL_HEALTHCARE,WOCKPHARMA,3,0.8010982082803538,2026-06-22,3,2014.0,2014.0,30.329098356012807,61155.34815302797,61082.80408900979,-72.54406401817687,-0.001186226000000051,0,0.5,0.03125
2026-06-22,2026-06-22,NIFTY_MIDSMALL_IT_TELECOM,HFCL,1,0.8333333333333334,2026-06-22,1,218.99000549316406,218.99000549316406,278.9296431654573,61155.34815302797,61082.80408900979,-72.54406401817687,-0.001186226000000051,0,0.5,0.03125
2026-06-22,2026-06-22,NIFTY_MIDSMALL_IT_TELECOM,IDEA,2,0.4157344107867497,2026-06-22,2,14.979999542236328,14.979999542236328,4077.6238955672816,61155.34815302797,61082.80408900979,-72.54406401817687,-0.001186226000000051,0,0.5,0.03125
2026-06-23,2026-06-23,NIFTY_AUTO,BHARATFORG,1,0.9036419496248853,2026-06-23,1,2108.6025708779703,2108.6025708779703,28.621851455985794,60423.78582914799,60352.109563379025,-71.67626576896873,-0.0011862260000000302,0,0.5,0.03125
2026-06-23,2026-06-23,NIFTY_AUTO,BAJAJ-AUTO,2,0.5524816218114509,2026-06-23,2,10249.0,10249.0,5.8885851852257804,60423.78582914799,60352.109563379025,-71.67626576896873,-0.0011862260000000302,0,0.5,0.03125
2026-06-23,2026-06-23,NIFTY_BANK,FEDERALBNK,1,0.8085246898932442,2026-06-23,1,323.3999938964844,323.3999938964844,186.61753463946215,60423.78582914799,60352.109563379025,-71.67626576896873,-0.0011862260000000302,0,0.5,0.03125
2026-06-23,2026-06-23,NIFTY_BANK,RBLBANK,2,0.7480991798838185,2026-06-23,2,378.5,378.5,159.45075181870283,60423.78582914799,60352.109563379025,-71.67626576896873,-0.0011862260000000302,0,0.5,0.03125
2026-06-23,2026-06-23,NIFTY_CHEMICALS,SOLARINDS,1,0.8191851874479911,2026-06-23,1,18499.0,18499.0,3.262452541401104,60423.78582914799,60352.109563379025,-71.67626576896873,-0.0011862260000000302,0,0.5,0.03125
2026-06-23,2026-06-23,NIFTY_CHEMICALS,HSCL,2,0.7883339197590904,2026-06-23,2,660.0,660.0,91.44259024754398,60423.78582914799,60352.109563379025,-71.67626576896873,-0.0011862260000000302,0,0.5,0.03125
2026-06-23,2026-06-23,NIFTY_CONSUMER_DURABLES,TITAN,1,0.7921800747431084,2026-06-23,1,4375.0,4375.0,13.79476790020092,60423.78582914799,60352.109563379025,-71.67626576896873,-0.0011862260000000302,0,0.5,0.03125
2026-06-23,2026-06-23,NIFTY_CONSUMER_DURABLES,KAJARIACER,2,0.7109619697617537,2026-06-23,2,1171.199951171875,1171.199951171875,51.53015034110284,60423.78582914799,60352.109563379025,-71.67626576896873,-0.0011862260000000302,0,0.5,0.03125
2026-06-23,2026-06-23,NIFTY_FINANCIAL_SERVICES,PFC,1,0.7641211136485953,2026-06-23,1,443.0,443.0,136.23501030108133,60423.78582914799,60352.109563379025,-71.67626576896873,-0.0011862260000000302,0,0.5,0.03125
2026-06-23,2026-06-23,NIFTY_FINANCIAL_SERVICES,AXISBANK,2,0.7207709601457963,2026-06-23,2,1358.5999755859375,1358.5999755859375,44.422280765425704,60423.78582914799,60352.109563379025,-71.67626576896873,-0.0011862260000000302,0,0.5,0.03125
2026-06-23,2026-06-23,NIFTY_FINANCIAL_SERVICES_EX_BANK,BSE,1,0.8381809552762325,2026-06-23,1,4051.199951171875,4051.199951171875,14.897341600214327,60423.78582914799,60352.109563379025,-71.67626576896873,-0.0011862260000000302,0,0.5,0.03125
2026-06-23,2026-06-23,NIFTY_FINANCIAL_SERVICES_EX_BANK,MCX,2,0.732865617791098,2026-06-23,2,2859.89990234375,2859.89990234375,21.10287479429583,60423.78582914799,60352.109563379025,-71.67626576896873,-0.0011862260000000302,0,0.5,0.03125
2026-06-23,2026-06-23,NIFTY_HEALTHCARE,LAURUSLABS,1,0.9277299891053783,2026-06-23,1,1443.4000244140625,1443.4000244140625,41.812462617823854,60423.78582914799,60352.109563379025,-71.67626576896873,-0.0011862260000000302,0,0.5,0.03125
2026-06-23,2026-06-23,NIFTY_HEALTHCARE,AUROPHARMA,2,0.6776132294914019,2026-06-23,2,1492.199951171875,1492.199951171875,40.445055313118374,60423.78582914799,60352.109563379025,-71.67626576896873,-0.0011862260000000302,0,0.5,0.03125
2026-06-23,2026-06-23,NIFTY_MEDIA,ZEEL,1,0.8333333333333334,2026-06-23,1,116.48999786376953,116.48999786376953,518.0883395152813,60423.78582914799,60352.109563379025,-71.67626576896873,-0.0011862260000000302,0,0.5,0.03125
2026-06-23,2026-06-23,NIFTY_MEDIA,SUNTV,2,0.16666666666666669,2026-06-23,2,524.0,524.0,115.17578160950195,60423.78582914799,60352.109563379025,-71.67626576896873,-0.0011862260000000302,0,0.5,0.03125
2026-06-23,2026-06-23,NIFTY_METAL,WELCORP,1,0.9191949094867023,2026-06-23,1,1414.1046060759031,1414.1046060759031,42.678674055701066,60423.78582914799,60352.109563379025,-71.67626576896873,-0.0011862260000000302,0,0.5,0.03125
2026-06-23,2026-06-23,NIFTY_METAL,NATIONALUM,2,0.7552850421664785,2026-06-23,2,372.0,372.0,162.23685366499737,60423.78582914799,60352.109563379025,-71.67626576896873,-0.0011862260000000302,0,0.5,0.03125
2026-06-23,2026-06-23,NIFTY_PHARMA,DIVISLAB,2,0.5323072118358357,2026-06-23,2,6790.0,6790.0,8.888381378995438,60423.78582914799,60352.109563379025,-71.67626576896873,-0.0011862260000000302,0,0.5,0.03125
2026-06-23,2026-06-23,NIFTY_PHARMA,BIOCON,3,0.519671152886249,2026-06-23,3,422.94373185964486,422.94373185964486,142.69536351328892,60423.78582914799,60352.109563379025,-71.67626576896873,-0.0011862260000000302,0,0.5,0.03125
2026-06-23,2026-06-23,NIFTY_PRIVATE_BANK,BANDHANBNK,3,0.680191830426398,2026-06-23,3,209.89999389648438,209.89999389648438,287.5279243368757,60423.78582914799,60352.109563379025,-71.67626576896873,-0.0011862260000000302,0,0.5,0.03125
2026-06-23,2026-06-23,NIFTY_PRIVATE_BANK,YESBANK,4,0.6076768914122345,2026-06-23,4,24.959999084472656,24.959999084472656,2417.953196197167,60423.78582914799,60352.109563379025,-71.67626576896873,-0.0011862260000000302,0,0.5,0.03125
2026-06-23,2026-06-23,NIFTY_PSU_BANK,MAHABANK,1,0.8812799073784946,2026-06-23,1,89.47000122070312,89.47000122070312,674.5513439136257,60423.78582914799,60352.109563379025,-71.67626576896873,-0.0011862260000000302,0,0.5,0.03125
2026-06-23,2026-06-23,NIFTY_PSU_BANK,J&KBANK,2,0.7636822316377729,2026-06-23,2,162.89999389648438,162.89999389648438,370.4856465601225,60423.78582914799,60352.109563379025,-71.67626576896873,-0.0011862260000000302,0,0.5,0.03125
2026-06-23,2026-06-23,NIFTY_REALTY,PHOENIXLTD,1,0.8641134249156411,2026-06-23,1,1879.800048828125,1879.800048828125,32.105600593532685,60423.78582914799,60352.109563379025,-71.67626576896873,-0.0011862260000000302,0,0.5,0.03125
2026-06-23,2026-06-23,NIFTY_REALTY,OBEROIRLTY,2,0.8047920605940353,2026-06-23,2,1690.0,1690.0,35.711307433952086,60423.78582914799,60352.109563379025,-71.67626576896873,-0.0011862260000000302,0,0.5,0.03125
2026-06-23,2026-06-23,NIFTY_MIDSMALL_FINANCIAL_SERVICES,ANGELONE,3,0.7284977124915654,2026-06-23,3,354.79998779296875,354.79998779296875,170.10178027005855,60423.78582914799,60352.109563379025,-71.67626576896873,-0.0011862260000000302,0,0.5,0.03125
2026-06-23,2026-06-23,NIFTY_MIDSMALL_FINANCIAL_SERVICES,AUBANK,8,0.4962488659355696,2026-06-23,8,1045.050048828125,1045.050048828125,57.75044901538958,60423.78582914799,60352.109563379025,-71.67626576896873,-0.0011862260000000302,0,0.5,0.03125
2026-06-23,2026-06-23,NIFTY_MIDSMALL_HEALTHCARE,WOCKPHARMA,2,0.7896089466499006,2026-06-23,2,2024.0,2024.0,29.81823595028608,60423.78582914799,60352.109563379025,-71.67626576896873,-0.0011862260000000302,0,0.5,0.03125
2026-06-23,2026-06-23,NIFTY_MIDSMALL_HEALTHCARE,GRANULES,3,0.7895195928488238,2026-06-23,3,789.0,789.0,76.49190058729914,60423.78582914799,60352.109563379025,-71.67626576896873,-0.0011862260000000302,0,0.5,0.03125
2026-06-23,2026-06-23,NIFTY_MIDSMALL_IT_TELECOM,HFCL,1,0.8333333333333334,2026-06-23,1,208.0500030517578,208.0500030517578,290.0846367609275,60423.78582914799,60352.109563379025,-71.67626576896873,-0.0011862260000000302,0,0.5,0.03125
2026-06-23,2026-06-23,NIFTY_MIDSMALL_IT_TELECOM,IDEA,2,0.43600661289617704,2026-06-23,2,14.84000015258789,14.84000015258789,4066.853702346792,60423.78582914799,60352.109563379025,-71.67626576896873,-0.0011862260000000302,0,0.5,0.03125
2026-06-24,2026-06-24,NIFTY_AUTO,BHARATFORG,1,0.9057507358181923,2026-06-23,1,2108.6025708779703,2116.37890625,28.621851455985794,60423.78582914799,60574.682679269186,150.89685012119298,0.0024973087675747956,1,1.0,0.0459450552050603
2026-06-24,2026-06-24,NIFTY_BANK,FEDERALBNK,1,0.7880701888619218,2026-06-23,1,323.3999938964844,325.20001220703125,186.61753463946215,60423.78582914799,60688.02454279917,264.2387136511752,0.0043730909943035775,1,1.0,0.04603102343380864
2026-06-24,2026-06-24,NIFTY_CHEMICALS,SOLARINDS,1,0.8361282168394576,2026-06-23,1,18499.0,17864.0,3.262452541401104,60423.78582914799,58280.45219958932,-2143.3336295586705,-0.035471687186550666,1,1.0,0.044204913261599525
2026-06-24,2026-06-24,NIFTY_CONSUMER_DURABLES,KAJARIACER,1,0.7698322448125097,2026-06-23,2,1171.199951171875,1207.699951171875,51.53015034110284,60423.78582914799,62232.96005082928,1809.1742216812854,0.029941424504529357,1,1.0,0.047202835551761246
2026-06-24,2026-06-24,NIFTY_FINANCIAL_SERVICES,AXISBANK,1,0.7820936597801751,2026-06-23,2,1358.5999755859375,1384.5,44.422280765425704,60423.78582914799,61502.64771973189,1078.8618905838957,0.01785492047178978,1,1.0,0.04664890379537271
2026-06-24,2026-06-24,NIFTY_FINANCIAL_SERVICES_EX_BANK,BSE,1,0.8719521512304936,2026-06-23,1,4051.199951171875,3886.60009765625,14.897341600214327,60423.78582914799,57900.009318211516,-2523.7765109364773,-0.04176793089517118,1,0.4913241049572888,0.043916352621838094
2026-06-24,2026-06-24,NIFTY_FINANCIAL_SERVICES_EX_BANK,MCX,2,0.7772376887525921,2026-06-23,2,2859.89990234375,2840.60009765625,21.10287479429583,60423.78582914799,59944.82820150435,-478.9576276436419,-0.007926640495481769,1,0.5086758950427113,0.04546731933469208
2026-06-24,2026-06-24,NIFTY_HEALTHCARE,LAURUSLABS,1,0.9298610436906178,2026-06-23,1,1443.4000244140625,1454.199951171875,41.812462617823854,60423.78582914799,60803.681097215296,379.8952680673028,0.0062871808320895395,1,0.4955116550582628,0.046118747323434475
2026-06-24,2026-06-24,NIFTY_HEALTHCARE,AUROPHARMA,2,0.6847502406213057,2026-06-23,2,1492.199951171875,1530.5999755859375,40.445055313118374,60423.78582914799,61905.20067483088,1481.4148456828843,0.024517080903730143,1,0.5044883449417371,0.04695423461886067
2026-06-24,2026-06-24,NIFTY_MEDIA,ZEEL,1,0.8582969275132284,2026-06-23,1,116.48999786376953,115.4800033569336,518.0883395152813,60423.78582914799,59828.843186412836,-594.9426427351573,-0.009846166283214934,1,1.0,0.0453793463122075
2026-06-24,2026-06-24,NIFTY_METAL,WELCORP,1,0.9428149848766393,2026-06-23,1,1414.1046060759031,1401.3468017578125,42.678674055701066,60423.78582914799,59807.62339122082,-616.1624379271743,-0.01019734909807558,1,1.0,0.04536325139237607
2026-06-24,2026-06-24,NIFTY_PHARMA,DIVISLAB,2,0.5306988492922325,2026-06-24,2,6750.0,6750.0,8.867719835894484,59928.197278032094,59857.10889228776,-71.08838574433321,-0.0011862260000000385,0,0.5,0.04540078545739807
2026-06-24,2026-06-24,NIFTY_PHARMA,BIOCON,3,0.4605200715826006,2026-06-24,3,425.9401480099895,425.9401480099895,140.52938933308522,59928.197278032094,59857.10889228776,-71.08838574433321,-0.0011862260000000385,0,0.5,0.04540078545739807
2026-06-24,2026-06-24,NIFTY_PRIVATE_BANK,RBLBANK,2,0.6978382403873272,2026-06-24,2,371.75,371.75,162.6381630297857,60532.54238194239,60460.73710632283,-71.80527561956114,-0.001186225999999986,0,0.5,0.04585862907110741
2026-06-24,2026-06-24,NIFTY_PRIVATE_BANK,BANDHANBNK,3,0.6963242599177945,2026-06-24,3,206.6999969482422,206.6999969482422,292.50477986926256,60532.54238194239,60460.73710632283,-71.80527561956114,-0.001186225999999986,0,0.5,0.04585862907110741
2026-06-24,2026-06-24,NIFTY_PSU_BANK,MAHABANK,1,0.8795923626938856,2026-06-23,1,89.47000122070312,88.52999877929688,674.5513439136257,60423.78582914799,59718.029653246354,-705.7561759016389,-0.011680105213817757,1,1.0,0.045295295786911986
2026-06-24,2026-06-24,NIFTY_REALTY,PHOENIXLTD,1,0.8602805569989199,2026-06-23,1,1879.800048828125,1912.300048828125,32.105600593532685,60423.78582914799,61395.54158266883,971.7557535208398,0.016082338108845736,1,1.0,0.046567665278512145
2026-06-24,2026-06-24,NIFTY_MIDSMALL_FINANCIAL_SERVICES,ANGELONE,3,0.7398636099265953,2026-06-23,3,354.79998779296875,340.6499938964844,170.10178027005855,60423.78582914799,57945.170410776576,-2478.615418371417,-0.04102052501939975,1,1.0,0.0439506066830935
2026-06-24,2026-06-24,NIFTY_MIDSMALL_HEALTHCARE,WOCKPHARMA,2,0.7842590041245926,2026-06-23,2,2024.0,1968.300048828125,29.81823595028608,60423.78582914799,58691.23527691665,-1732.550552231347,-0.028673320091697683,1,0.4988417645292138,0.044516486518450735
2026-06-24,2026-06-24,NIFTY_MIDSMALL_HEALTHCARE,GRANULES,3,0.7838251307338846,2026-06-23,3,789.0,770.8499755859375,76.49190058729914,60423.78582914799,58963.7797002415,-1460.0061289064906,-0.024162771479343394,1,0.5011582354707862,0.04472320767688905
2026-06-24,2026-06-24,NIFTY_MIDSMALL_IT_TELECOM,HFCL,1,0.8333333333333334,2026-06-23,1,208.0500030517578,204.77000427246094,290.0846367609275,60423.78582914799,59400.6323089104,-1023.1535202375962,-0.016932959532370687,1,0.5051189696291944,0.04505455431106029
2026-06-24,2026-06-24,NIFTY_MIDSMALL_IT_TELECOM,IDEA,2,0.4354962376649274,2026-06-23,2,14.84000015258789,14.3100004196167,4066.853702346792,60423.78582914799,58196.67818710232,-2227.107642045674,-0.036858128160704114,1,0.4948810303708056,0.044141371837060094
2026-06-25,2026-06-25,NIFTY_AUTO,BHARATFORG,1,0.9025985542551039,2026-06-23,1,2108.6025708779703,2138.810791015625,28.621851455985794,60423.78582914799,61216.724752908696,792.9389237607029,0.01312295998802172,2,1.0,0.044530588393569125
2026-06-25,2026-06-25,NIFTY_BANK,FEDERALBNK,1,0.8000797427265416,2026-06-23,1,323.3999938964844,324.04998779296875,186.61753463946215,60423.78582914799,60473.40982187163,49.623992723638366,0.0008212658648028657,2,1.0,0.04398988237941352
2026-06-25,2026-06-25,NIFTY_CHEMICALS,SOLARINDS,2,0.7927323515223955,2026-06-23,1,18499.0,17428.0,3.262452541401104,60423.78582914799,56858.02289153844,-3565.76293760955,-0.059012570772906656,2,1.0,0.04135995880986635
2026-06-25,2026-06-25,NIFTY_CONSUMER_DURABLES,KAJARIACER,1,0.8211892574589307,2026-06-23,2,1171.199951171875,1196.5999755859375,51.53015034110284,60423.78582914799,61660.97664010335,1237.1908109553551,0.020475228322395903,2,1.0,0.04485374841252769
2026-06-25,2026-06-25,NIFTY_FINANCIAL_SERVICES,AXISBANK,1,0.7799891250525014,2026-06-23,2,1358.5999755859375,1377.199951171875,44.422280765425704,60423.78582914799,61178.3629010876,754.5770719396096,0.012488080009968643,2,1.0,0.044502683015743776
2026-06-25,2026-06-25,NIFTY_FINANCIAL_SERVICES_EX_BANK,BSE,1,0.8563775592435052,2026-06-23,1,4051.199951171875,3872.10009765625,14.897341600214327,60423.78582914799,57683.99786500841,-2739.787964139585,-0.04534287162817811,2,0.49117424268718923,0.04196079382211899
2026-06-25,2026-06-25,NIFTY_FINANCIAL_SERVICES_EX_BANK,MCX,2,0.7816845665016927,2026-06-23,2,2859.89990234375,2831.699951171875,21.10287479429583,60423.78582914799,59757.00952459369,-666.7763045543034,-0.011034997152274682,2,0.5088257573128107,0.04346875474816764
2026-06-25,2026-06-25,NIFTY_HEALTHCARE,LAURUSLABS,1,0.9265796192978248,2026-06-23,1,1443.4000244140625,1450.0,41.812462617823854,60423.78582914799,60628.070795844586,204.28496669659216,0.0033808700314512004,2,0.49080340802480465,0.044102386669708976
2026-06-25,2026-06-25,NIFTY_HEALTHCARE,AUROPHARMA,2,0.700286835333445,2026-06-23,2,1492.199951171875,1555.199951171875,40.445055313118374,60423.78582914799,62900.148048105475,2476.3622189574817,0.04098323507831088,2,0.5091965919751953,0.0457551529248003
2026-06-25,2026-06-25,NIFTY_MEDIA,ZEEL,1,0.8599002016406048,2026-06-23,1,116.48999786376953,111.36000061035156,518.0883395152813,60423.78582914799,57694.31780463775,-2729.4680245102427,-0.04517207895956706,2,1.0,0.0419683008062926
2026-06-25,2026-06-25,NIFTY_METAL,WELCORP,1,0.9316404852341278,2026-06-23,1,1414.1046060759031,1450.2843017578125,42.678674055701066,60423.78582914799,61896.211002821685,1472.4251736736915,0.024368303863598766,2,1.0,0.0450248638164392
2026-06-25,2026-06-25,NIFTY_PHARMA,DIVISLAB,2,0.49217403706493157,2026-06-25,2,6760.0,6760.0,8.704351945457615,58911.30126855207,58841.419151293485,-69.88211725858855,-0.0011862259999999847,0,0.5,0.042802731235555454
2026-06-25,2026-06-25,NIFTY_PHARMA,LUPIN,3,0.4502459143248251,2026-06-25,3,2374.89990234375,2374.89990234375,24.776378614199214,58911.30126855207,58841.419151293485,-69.88211725858855,-0.0011862259999999847,0,0.5,0.042802731235555454
2026-06-25,2026-06-25,NIFTY_PRIVATE_BANK,BANDHANBNK,2,0.7006162875310958,2026-06-25,2,212.64999389648438,212.64999389648438,280.0317977013388,59619.48225196506,59548.760072011246,-70.72217995381652,-0.00118622599999995,0,0.5,0.04331726884797344
2026-06-25,2026-06-25,NIFTY_PRIVATE_BANK,RBLBANK,3,0.6605381045138841,2026-06-25,3,381.0,381.0,156.29595819425523,59619.48225196506,59548.760072011246,-70.72217995381652,-0.00118622599999995,0,0.5,0.04331726884797344
2026-06-25,2026-06-25,NIFTY_PSU_BANK,MAHABANK,1,0.8407826700088082,2026-06-23,1,89.47000122070312,88.70999908447266,674.5513439136257,60423.78582914799,59839.449101007536,-584.3367281404571,-0.009670640793556125,2,1.0,0.043528723373726146
2026-06-25,2026-06-25,NIFTY_REALTY,PHOENIXLTD,1,0.8744565126955702,2026-06-23,1,1879.800048828125,1904.5999755859375,32.105600593532685,60423.78582914799,61148.326106614215,724.5402774662216,0.011990977849598902,2,1.0,0.044480833494444566
2026-06-25,2026-06-25,NIFTY_MIDSMALL_FINANCIAL_SERVICES,ANGELONE,4,0.7346004968921154,2026-06-25,4,341.5,341.5,173.34455721202204,59267.470902844725,59197.16628790553,-70.30461493919574,-0.0011862259999999639,0,0.5,0.04306151066840822
2026-06-25,2026-06-25,NIFTY_MIDSMALL_FINANCIAL_SERVICES,YESBANK,7,0.5946054838893605,2026-06-25,7,25.059999465942383,25.059999465942383,2362.2173802659904,59267.470902844725,59197.16628790553,-70.30461493919574,-0.0011862259999999639,0,0.5,0.04306151066840822
2026-06-25,2026-06-25,NIFTY_MIDSMALL_HEALTHCARE,WOCKPHARMA,2,0.7998225701593693,2026-06-23,2,2024.0,1965.199951171875,29.81823595028608,60423.78582914799,58598.79583353365,-1824.9899956143418,-0.030203171988835893,2,0.5006137534167908,0.04262624091952737
2026-06-25,2026-06-25,NIFTY_MIDSMALL_HEALTHCARE,GRANULES,3,0.782150718254221,2026-06-23,3,789.0,764.2000122070312,76.49190058729914,60423.78582914799,58455.11136255303,-1968.6744665949664,-0.03258111751159577,2,0.4993862465832092,0.04252172121414274
2026-06-25,2026-06-25,NIFTY_MIDSMALL_IT_TELECOM,HFCL,1,0.8333333333333334,2026-06-23,1,208.0500030517578,215.0,290.0846367609275,60423.78582914799,62368.19690359941,1944.4110744514182,0.03217956385502493,2,0.5216993388682017,0.04536819825584176
2026-06-25,2026-06-25,NIFTY_MIDSMALL_IT_TELECOM,IDEA,2,0.4312706465197956,2026-06-23,2,14.84000015258789,14.0600004196167,4066.853702346792,60423.78582914799,57179.96476151562,-3243.8210676323724,-0.05368450558203152,2,0.47830066113179825,0.04159414743979511
2026-06-29,2026-06-29,NIFTY_AUTO,BHARATFORG,1,0.8889596812809913,2026-06-23,1,2108.6025708779703,2164.333251953125,28.621851455985794,60423.78582914799,61947.22483865302,1523.4390095050258,0.02521257131773643,6,1.0,0.041408533456709105
2026-06-29,2026-06-29,NIFTY_BANK,FEDERALBNK,1,0.8206753099916374,2026-06-23,1,323.3999938964844,324.04998779296875,186.61753463946215,60423.78582914799,60473.40982187163,49.623992723638366,0.0008212658648028657,6,1.0,0.04042336392586496
2026-06-29,2026-06-29,NIFTY_CHEMICALS,HSCL,1,0.82458603231916,2026-06-29,1,677.9500122070312,677.9500122070312,87.34266916226183,59284.288188791135,59213.9636247501,-70.32456404103868,-0.0011862260000000291,0,0.5,0.039581488924583366
2026-06-29,2026-06-29,NIFTY_CHEMICALS,NAVINFLUOR,2,0.8055150421382313,2026-06-29,2,7625.0,7625.0,7.765765721278701,59284.288188791135,59213.9636247501,-70.32456404103868,-0.0011862260000000291,0,0.5,0.039581488924583366
2026-06-29,2026-06-29,NIFTY_CONSUMER_DURABLES,KAJARIACER,1,0.8411577905589418,2026-06-23,2,1171.199951171875,1205.9000244140625,51.53015034110284,60423.78582914799,62140.20955439623,1716.4237252482344,0.02840642474970915,6,1.0,0.041537533812726665
2026-06-29,2026-06-29,NIFTY_FINANCIAL_SERVICES,AXISBANK,1,0.7803465982629395,2026-06-23,2,1358.5999755859375,1356.800048828125,44.422280765425704,60423.78582914799,60272.15271158627,-151.63311756172334,-0.002509493827322826,6,1.0,0.040288833899598926
2026-06-29,2026-06-29,NIFTY_FINANCIAL_SERVICES_EX_BANK,BSE,1,0.8679097376857124,2026-06-23,1,4051.199951171875,3859.89990234375,14.897341600214327,60423.78582914799,57502.247387848765,-2921.538441299228,-0.04835080095047436,6,0.48318546194901263,0.038437294664893235
2026-06-29,2026-06-29,NIFTY_FINANCIAL_SERVICES_EX_BANK,MCX,2,0.7689796606595664,2026-06-23,2,2859.89990234375,2914.5,21.10287479429583,60423.78582914799,61504.32858797519,1080.5427588271996,0.01788273846134867,6,0.5168145380509874,0.0411124800941604
2026-06-29,2026-06-29,NIFTY_HEALTHCARE,LAURUSLABS,1,0.9250338688169496,2026-06-23,1,1443.4000244140625,1500.300048828125,41.812462617823854,60423.78582914799,62731.23970714528,2307.4538779972863,0.03818784020785714,6,0.5005686109655062,0.041932607069321726
2026-06-29,2026-06-29,NIFTY_HEALTHCARE,AUROPHARMA,2,0.7347669878036722,2026-06-23,2,1492.199951171875,1547.5,40.445055313118374,60423.78582914799,62588.723097050686,2164.937267902693,0.035829222518830375,6,0.4994313890344938,0.04183734204602795
2026-06-29,2026-06-29,NIFTY_MEDIA,ZEEL,1,0.8333333333333334,2026-06-29,1,111.98999786376953,111.98999786376953,512.8766564707822,57505.26990884305,57437.055662540166,-68.21424630288675,-0.0011862259999999912,0,0.5,0.038393717349758084
2026-06-29,2026-06-29,NIFTY_MEDIA,SUNTV,2,0.16666666666666669,2026-06-29,2,512.0,512.0,112.18174934089876,57505.26990884305,57437.055662540166,-68.21424630288675,-0.0011862259999999912,0,0.5,0.038393717349758084
2026-06-29,2026-06-29,NIFTY_METAL,WELCORP,1,0.9539333778800745,2026-06-23,1,1414.1046060759031,1505.800048828125,42.678674055701066,60423.78582914799,64265.549476994296,3841.763647846303,0.06358032015254933,6,1.0,0.042958214230953695
2026-06-29,2026-06-29,NIFTY_PHARMA,DIVISLAB,2,0.47223512734245654,2026-06-29,2,6700.0,6700.0,8.69501047071016,58325.757683992524,58256.570153758075,-69.18753023444879,-0.0011862259999999498,0,0.5,0.038941520634186745
2026-06-29,2026-06-29,NIFTY_PHARMA,LUPIN,3,0.4272526983949046,2026-06-29,3,2350.0,2350.0,24.79002985266301,58325.757683992524,58256.570153758075,-69.18753023444879,-0.0011862259999999498,0,0.5,0.038941520634186745
2026-06-29,2026-06-29,NIFTY_PRIVATE_BANK,BANDHANBNK,2,0.6562763050712285,2026-06-29,2,203.9199981689453,203.9199981689453,277.7244781782762,56700.83508638655,56633.57508158537,-67.26000480118091,-0.001186225999999946,0,0.5,0.03785663190961222
2026-06-29,2026-06-29,NIFTY_PRIVATE_BANK,RBLBANK,3,0.6542733160022463,2026-06-29,3,371.5,371.5,152.44569335554607,56700.83508638655,56633.57508158537,-67.26000480118091,-0.001186225999999946,0,0.5,0.03785663190961222
2026-06-29,2026-06-29,NIFTY_PSU_BANK,MAHABANK,1,0.8613206234606073,2026-06-23,1,89.47000122070312,93.8499984741211,674.5513439136257,60423.78582914799,63306.642597010105,2882.856767862111,0.04771062799695418,6,1.0,0.04231723430449026
2026-06-29,2026-06-29,NIFTY_REALTY,PHOENIXLTD,1,0.8935068204259626,2026-06-23,1,1879.800048828125,1912.0,32.105600593532685,60423.78582914799,61385.908334834494,962.1225056865005,0.015922910034253095,6,1.0,0.04103332224605823
2026-06-29,2026-06-29,NIFTY_MIDSMALL_FINANCIAL_SERVICES,ANGELONE,4,0.7211493098660275,2026-06-29,4,332.5,332.5,174.4313221503397,58067.29555071989,57998.414614987945,-68.88093573194783,-0.0011862259999999927,0,0.5,0.0387689569351342
2026-06-29,2026-06-29,NIFTY_MIDSMALL_FINANCIAL_SERVICES,YESBANK,7,0.6060886662969782,2026-06-29,7,24.8700008392334,24.8700008392334,2332.063235136413,58067.29555071989,57998.414614987945,-68.88093573194783,-0.0011862259999999927,0,0.5,0.0387689569351342
2026-06-29,2026-06-29,NIFTY_MIDSMALL_HEALTHCARE,WOCKPHARMA,2,0.7979956109892238,2026-06-23,2,2024.0,1949.699951171875,29.81823595028608,60423.78582914799,58136.61317630422,-2287.172652843772,-0.037852190515021596,6,0.4888207543128707,0.038861335564924944
2026-06-29,2026-06-29,NIFTY_MIDSMALL_HEALTHCARE,GRANULES,3,0.7750201682417757,2026-06-23,3,789.0,794.7999877929688,76.49190058729914,60423.78582914799,60795.761653046335,371.97582389834133,0.006156115820847871,6,0.5111792456871292,0.04063883954435789
2026-06-29,2026-06-29,NIFTY_MIDSMALL_IT_TELECOM,HFCL,1,0.8334975664852068,2026-06-23,1,208.0500030517578,210.92999267578125,290.0846367609275,60423.78582914799,61187.5503073391,763.7644781911076,0.012640129507123224,6,0.5104396560984185,0.04090073010751865
2026-06-29,2026-06-29,NIFTY_MIDSMALL_IT_TELECOM,IDEA,2,0.3847332744710383,2026-06-23,2,14.84000015258789,14.430000305175781,4066.853702346792,60423.78582914799,58684.700165969465,-1739.0856631785282,-0.02878147470097125,6,0.48956034390158154,0.03922770352584414
2026-06-30,2026-06-30,NIFTY_AUTO,BHARATFORG,1,0.9189145557889304,2026-06-23,1,2108.6025708779703,2137.614501953125,28.621851455985794,60423.78582914799,61182.4847450634,758.6989159154036,0.012556295596251979,7,1.0,0.042642713942037565
2026-06-30,2026-06-30,NIFTY_BANK,FEDERALBNK,1,0.8130576815465423,2026-06-23,1,323.3999938964844,330.04998779296875,186.61753463946215,60423.78582914799,61593.1150297084,1169.329200560409,0.01935213400674297,7,1.0,0.04292891333124212
2026-06-30,2026-06-30,NIFTY_CHEMICALS,HSCL,1,0.817932547262158,2026-06-29,1,677.9500122070312,679.2000122070312,87.34266916226183,59284.288188791135,59323.14196120293,38.853772411792306,0.0006553806008104923,1,0.49843596214686636,0.04134679693600666
2026-06-30,2026-06-30,NIFTY_CHEMICALS,NAVINFLUOR,2,0.8026945879073082,2026-06-29,2,7625.0,7687.0,7.765765721278701,59284.288188791135,59695.441099469375,411.15291067824,0.0069352761623606134,1,0.5015640378531336,0.04160628044211327
2026-06-30,2026-06-30,NIFTY_CONSUMER_DURABLES,KAJARIACER,1,0.8549398430444988,2026-06-23,2,1171.199951171875,1210.4000244140625,51.53015034110284,60423.78582914799,62372.09523093119,1948.3094017831972,0.032244080291363456,7,1.0,0.043471843714433765
2026-06-30,2026-06-30,NIFTY_FINANCIAL_SERVICES,AXISBANK,1,0.7722084414167282,2026-06-23,2,1358.5999755859375,1345.699951171875,44.422280765425704,60423.78582914799,59779.061056976694,-644.7247721712993,-0.010670049274871632,7,1.0,0.04166456153257058
2026-06-30,2026-06-30,NIFTY_FINANCIAL_SERVICES_EX_BANK,BSE,1,0.9034178171847222,2026-06-23,1,4051.199951171875,3865.60009765625,14.897341600214327,60423.78582914799,57587.16514460702,-2836.620684540976,-0.04694543126711221,7,0.49026942997050377,0.04013686302912849
2026-06-30,2026-06-30,NIFTY_FINANCIAL_SERVICES_EX_BANK,MCX,2,0.8068471386187748,2026-06-23,2,2859.89990234375,2837.199951171875,21.10287479429583,60423.78582914799,59873.07533596232,-550.7104931856738,-0.00911413420441483,7,0.5097305700294963,0.04173008721401284
2026-06-30,2026-06-30,NIFTY_HEALTHCARE,LAURUSLABS,1,0.9222774194433597,2026-06-23,1,1443.4000244140625,1517.4000244140625,41.812462617823854,60423.78582914799,63446.23179709799,3022.4459679499996,0.05002079771194995,7,0.49841168462952457,0.04422049095418859
2026-06-30,2026-06-30,NIFTY_HEALTHCARE,AUROPHARMA,2,0.6809386500644881,2026-06-23,2,1492.199951171875,1578.699951171875,40.445055313118374,60423.78582914799,63850.60684796376,3426.821018815768,0.05671311341704602,7,0.5015883153704754,0.04450233059655057
2026-06-30,2026-06-30,NIFTY_MEDIA,ZEEL,1,0.5416666666666667,2026-06-30,1,107.5,107.5,514.7757127935711,55404.110922191685,55338.389125308895,-65.72179688278993,-0.0011862260000000393,0,0.5,0.03856952046515424
2026-06-30,2026-06-30,NIFTY_MEDIA,SUNTV,2,0.45833333333333337,2026-06-30,2,513.6500244140625,513.6500244140625,107.7355913463359,55404.110922191685,55338.389125308895,-65.72179688278993,-0.0011862260000000393,0,0.5,0.03856952046515424
2026-06-30,2026-06-30,NIFTY_METAL,WELCORP,1,0.9853091354644783,2026-06-23,1,1414.1046060759031,1521.9000244140625,42.678674055701066,60423.78582914799,64952.67508733127,4528.889258183277,0.07495209371668622,7,1.0,0.045270445537808256
2026-06-30,2026-06-30,NIFTY_PHARMA,LUPIN,2,0.5121479362710858,2026-06-30,2,2409.39990234375,2409.39990234375,24.261495954768304,58525.069943751136,58455.64598413204,-69.42395961909642,-0.0011862260000000048,0,0.5,0.040742173195237666
2026-06-30,2026-06-30,NIFTY_PHARMA,BIOCON,3,0.41477431812766263,2026-06-30,3,415.6524423722633,415.6524423722633,140.6358775387117,58525.069943751136,58455.64598413204,-69.42395961909642,-0.0011862260000000048,0,0.5,0.040742173195237666
2026-06-30,2026-06-30,NIFTY_PRIVATE_BANK,BANDHANBNK,2,0.6678604058802762,2026-06-30,2,199.85000610351562,199.85000610351562,281.99884262888855,56424.40251386413,56357.47042056772,-66.93209329641104,-0.001186226000000001,0,0.5,0.03927979551100238
2026-06-30,2026-06-30,NIFTY_PRIVATE_BANK,YESBANK,3,0.6130987074502372,2026-06-30,3,25.25,25.25,2231.9790265571373,56424.40251386413,56357.47042056772,-66.93209329641104,-0.001186226000000001,0,0.5,0.03927979551100238
2026-06-30,2026-06-30,NIFTY_PSU_BANK,MAHABANK,1,0.8354831740191728,2026-06-23,1,89.47000122070312,91.44000244140625,674.5513439136257,60423.78582914799,61680.9765343158,1257.1907051678063,0.020806222051736233,7,1.0,0.04299015067756929
2026-06-30,2026-06-30,NIFTY_REALTY,PHOENIXLTD,1,0.8600283411206165,2026-06-23,1,1879.800048828125,1948.5999755859375,32.105600593532685,60423.78582914799,62560.97253272965,2137.186703581654,0.03536995695080547,7,1.0,0.04360348663126357
2026-06-30,2026-06-30,NIFTY_MIDSMALL_FINANCIAL_SERVICES,ANGELONE,4,0.696438302589906,2026-06-30,4,329.75,329.75,172.5726179695277,56973.40410871402,56905.82077545176,-67.5833332622642,-0.0011862260000000142,0,0.5,0.03966198246239489
2026-06-30,2026-06-30,NIFTY_MIDSMALL_FINANCIAL_SERVICES,RBLBANK,7,0.6232740439635508,2026-06-30,7,365.95001220703125,365.95001220703125,155.50162283710503,56973.40410871402,56905.82077545176,-67.5833332622642,-0.0011862260000000142,0,0.5,0.03966198246239489
2026-06-30,2026-06-30,NIFTY_MIDSMALL_HEALTHCARE,GRANULES,3,0.779336610178894,2026-06-23,3,789.0,813.25,76.49190058729914,60423.78582914799,62207.038152621026,1783.2523234730324,0.029512422947401692,7,1.0,0.04335680291797352
2026-06-30,2026-06-30,NIFTY_MIDSMALL_IT_TELECOM,HFCL,1,0.8333333333333334,2026-06-23,1,208.0500030517578,212.85000610351562,290.0846367609275,60423.78582914799,61744.51670509953,1320.7308759515363,0.021857797518447204,7,0.5121849118573926,0.04303443664172797
2026-06-30,2026-06-30,NIFTY_MIDSMALL_IT_TELECOM,IDEA,2,0.3935388305324843,2026-06-23,2,14.84000015258789,14.460000038146973,4066.853702346792,60423.78582914799,58806.70469107277,-1617.0811380752202,-0.026762327382921978,7,0.48781508814260743,0.04098685263379452
2026-07-01,2026-07-01,NIFTY_AUTO,BHARATFORG,1,0.9262767454474868,2026-06-23,1,2108.6025708779703,2102.42138671875,28.621851455985794,60423.78582914799,60175.192628551726,-248.5932005962677,-0.004114161289052302,8,1.0,0.04369556024793643
2026-07-01,2026-07-01,NIFTY_BANK,FEDERALBNK,1,0.8206382495675196,2026-06-23,1,323.3999938964844,331.3999938964844,186.61753463946215,60423.78582914799,61845.04984049472,1421.2640113467278,0.023521598189253486,8,1.0,0.044908108861786415
2026-07-01,2026-07-01,NIFTY_CHEMICALS,NAVINFLUOR,1,0.7996460290027764,2026-06-29,2,7625.0,7585.0,7.765765721278701,59284.288188791135,58903.33299589895,-380.95519289218646,-0.006425904814426254,2,1.0,0.04277201323831491
2026-07-01,2026-07-01,NIFTY_CONSUMER_DURABLES,KAJARIACER,1,0.835986469241283,2026-06-23,2,1171.199951171875,1203.5999755859375,51.53015034110284,60423.78582914799,62021.68769249107,1597.901863343075,0.026444914720524824,8,1.0,0.04503637251274996
2026-07-01,2026-07-01,NIFTY_FINANCIAL_SERVICES,AXISBANK,1,0.7622920587301338,2026-06-23,2,1358.5999755859375,1368.699951171875,44.422280765425704,60423.78582914799,60800.77351458148,376.98768543348706,0.006239060996598975,8,1.0,0.044149818989810415
2026-07-01,2026-07-01,NIFTY_FINANCIAL_SERVICES_EX_BANK,BSE,1,0.9031697539374441,2026-06-23,1,4051.199951171875,3944.10009765625,14.897341600214327,60423.78582914799,58756.60646022384,-1667.179368924153,-0.027591441781523028,8,0.48453733317308495,0.04266546936367976
2026-07-01,2026-07-01,NIFTY_FINANCIAL_SERVICES_EX_BANK,MCX,2,0.7165170282728579,2026-06-23,2,2859.89990234375,2962.0,21.10287479429583,60423.78582914799,62506.71514070425,2082.929311556254,0.03447200937468344,8,0.5154626668269151,0.0453885699077151
2026-07-01,2026-07-01,NIFTY_HEALTHCARE,LAURUSLABS,1,0.9196597814235412,2026-06-23,1,1443.4000244140625,1493.300048828125,41.812462617823854,60423.78582914799,62438.55246882051,2014.766639672518,0.033343932559429426,8,0.4985769011620688,0.045339074326465514
2026-07-01,2026-07-01,NIFTY_HEALTHCARE,AUROPHARMA,2,0.6929082333423133,2026-06-23,2,1492.199951171875,1552.5999755859375,40.445055313118374,60423.78582914799,62794.99189171948,2371.2060625714876,0.039242924454886356,8,0.5014230988379311,0.04559789892839345
2026-07-01,2026-07-01,NIFTY_MEDIA,SUNTV,1,1.0,2026-07-01,1,514.0999755859375,514.0999755859375,215.04910586494634,110688.04110719703,110556.7400749466,-131.30103225042694,-0.0011862260000000094,0,1.0,0.0802795717926486
2026-07-01,2026-07-01,NIFTY_METAL,WELCORP,1,0.9874420038189484,2026-06-23,1,1414.1046060759031,1477.5999755859375,42.678674055701066,60423.78582914799,63062.00774274408,2638.221913596084,0.04366197644510095,8,1.0,0.04579178957827669
2026-07-01,2026-07-01,NIFTY_PHARMA,LUPIN,2,0.47445182726902735,2026-07-01,2,2428.0,2428.0,24.022005755646642,58394.6992852644,58325.429974710045,-69.26931055435853,-0.0011862259999999396,0,0.5,0.0423523752583304
2026-07-01,2026-07-01,NIFTY_PHARMA,BIOCON,3,0.43703742359383596,2026-07-01,3,420.94612650652294,420.94612650652294,138.55794435919637,58394.6992852644,58325.429974710045,-69.26931055435853,-0.0011862259999999396,0,0.5,0.0423523752583304
2026-07-01,2026-07-01,NIFTY_PRIVATE_BANK,BANDHANBNK,2,0.6907543495252569,2026-07-01,2,204.1999969482422,204.1999969482422,275.300667346013,56283.15997963489,56216.395431904886,-66.76454773000296,-0.0011862260000000103,0,0.5,0.040820922812486525
2026-07-01,2026-07-01,NIFTY_PRIVATE_BANK,RBLBANK,3,0.5800871314330406,2026-07-01,3,369.1499938964844,369.1499938964844,152.2860527194506,56283.15997963489,56216.395431904886,-66.76454773000296,-0.0011862260000000103,0,0.5,0.040820922812486525
2026-07-01,2026-07-01,NIFTY_PSU_BANK,MAHABANK,1,0.844649761131275,2026-06-23,1,89.47000122070312,91.19999694824219,674.5513439136257,60423.78582914799,61519.080506355334,1095.294677207341,0.01812687937668048,8,1.0,0.044671409782702634
2026-07-01,2026-07-01,NIFTY_REALTY,PHOENIXLTD,1,0.888547221253449,2026-06-23,1,1879.800048828125,2018.5,32.105600593532685,60423.78582914799,64805.154798045725,4381.368968897732,0.07251066626785559,8,1.0,0.04705755681305919
2026-07-01,2026-07-01,NIFTY_MIDSMALL_FINANCIAL_SERVICES,ANGELONE,4,0.7019934491305796,2026-07-01,4,330.0,330.0,173.861747559095,57442.51650108036,57374.37669450135,-68.13980657901266,-0.0011862260000000367,0,0.5,0.04166177828490852
2026-07-01,2026-07-01,NIFTY_MIDSMALL_FINANCIAL_SERVICES,YESBANK,7,0.5839912480396098,2026-07-01,7,24.25,24.25,2365.953678123767,57442.51650108036,57374.37669450135,-68.13980657901266,-0.0011862260000000367,0,0.5,0.04166177828490852
2026-07-01,2026-07-01,NIFTY_MIDSMALL_HEALTHCARE,GRANULES,3,0.7654028435674436,2026-06-23,3,789.0,811.4000244140625,76.49190058729914,60423.78582914799,62065.530004012566,1641.7441748645724,0.027170495068063197,8,1.0,0.04506820812940218
2026-07-01,2026-07-01,NIFTY_MIDSMALL_IT_TELECOM,HFCL,1,0.8341710443529848,2026-06-23,1,208.0500030517578,212.08999633789062,290.0846367609275,60423.78582914799,61524.04954830344,1100.2637191554459,0.01820911589794307,8,0.5081995052472065,0.044675017998353196
2026-07-01,2026-07-01,NIFTY_MIDSMALL_IT_TELECOM,IDEA,2,0.402709233603734,2026-06-23,2,14.84000015258789,14.640000343322754,4066.853702346792,60423.78582914799,59538.73959860045,-885.0462305475448,-0.014647315099554801,8,0.49180049475279347,0.043233406817254724
2026-07-02,2026-07-02,NIFTY_AUTO,BHARATFORG,1,0.904734756530657,2026-06-23,1,2108.6025708779703,2142.39990234375,28.621851455985794,60423.78582914799,61319.45176420129,895.6659350532937,0.014823068809125014,9,1.0,0.04457037903336987
2026-07-02,2026-07-02,NIFTY_BANK,FEDERALBNK,1,0.8269815055462693,2026-06-23,1,323.3999938964844,331.0,186.61753463946215,60423.78582914799,61770.40396566197,1346.6181365139782,0.022286225830364628,9,1.0,0.044898156108454046
2026-07-02,2026-07-02,NIFTY_CHEMICALS,NAVINFLUOR,1,0.8067627180318897,2026-06-29,2,7625.0,7646.5,7.765765721278701,59284.288188791135,59380.927587757586,96.63939896645024,0.001630101362754016,3,1.0,0.04316135212879653
2026-07-02,2026-07-02,NIFTY_CONSUMER_DURABLES,KAJARIACER,1,0.8572546366457309,2026-06-23,2,1171.199951171875,1204.0,51.53015034110284,60423.78582914799,62042.30101068782,1618.5151815398276,0.0267860604781746,9,1.0,0.04509578596335647
2026-07-02,2026-07-02,NIFTY_FINANCIAL_SERVICES,AXISBANK,1,0.7459818307218836,2026-06-23,2,1358.5999755859375,1362.5999755859375,44.422280765425704,60423.78582914799,60529.79868644073,106.01285729273513,0.001754488829820976,9,1.0,0.04399641537309458
2026-07-02,2026-07-02,NIFTY_FINANCIAL_SERVICES_EX_BANK,BSE,1,0.905041711328478,2026-06-23,1,4051.199951171875,3834.699951171875,14.897341600214327,60423.78582914799,57126.83510693262,-3296.9507222153698,-0.054563789358344786,9,0.48080588829795257,0.041522952675504446
2026-07-02,2026-07-02,NIFTY_FINANCIAL_SERVICES_EX_BANK,MCX,2,0.743190176063545,2026-06-23,2,2859.89990234375,2923.199951171875,21.10287479429583,60423.78582914799,61687.92256827176,1264.1367391237654,0.020921177343938537,9,0.5191941117020474,0.04483820405345166
2026-07-02,2026-07-02,NIFTY_HEALTHCARE,LAURUSLABS,1,0.921171730965534,2026-06-23,1,1443.4000244140625,1528.0,41.812462617823854,60423.78582914799,63889.44288003485,3465.6570508868535,0.05735584097107411,9,0.5029707397858273,0.046438391138004624
2026-07-02,2026-07-02,NIFTY_HEALTHCARE,AUROPHARMA,2,0.6896703165241954,2026-06-23,2,1492.199951171875,1561.0,40.445055313118374,60423.78582914799,63134.731343777785,2710.9455146297914,0.04486553560703989,9,0.49702926021417276,0.045889824928359024
2026-07-02,2026-07-02,NIFTY_MEDIA,SUNTV,1,1.0,2026-07-02,1,514.5999755859375,514.5999755859375,214.6965444789111,110614.04980908163,110482.8365472328,-131.2132618488249,-0.0011862259999999751,0,1.0,0.08030505426773618
2026-07-02,2026-07-02,NIFTY_METAL,WELCORP,1,0.9865965614345481,2026-06-23,1,1414.1046060759031,1498.800048828125,42.678674055701066,60423.78582914799,63966.79875860439,3543.012929456396,0.058636063279359635,9,1.0,0.04649461768160717
2026-07-02,2026-07-02,NIFTY_PHARMA,LUPIN,2,0.5051398827166874,2026-07-02,2,2420.0,2420.0,23.84022594855453,57761.86542207412,57693.34679550196,-68.51862657216407,-0.0011862259999999786,0,0.5,0.04193472479609458
2026-07-02,2026-07-02,NIFTY_PHARMA,BIOCON,3,0.4305670274887546,2026-07-02,3,420.5,420.5,137.20177597027813,57761.86542207412,57693.34679550196,-68.51862657216407,-0.0011862259999999786,0,0.5,0.04193472479609458
2026-07-02,2026-07-02,NIFTY_PRIVATE_BANK,BANDHANBNK,2,0.6944818705622742,2026-07-02,2,205.0399932861328,205.0399932861328,269.10893614478044,55243.62588572405,55178.094460364126,-65.53142535992083,-0.001186226000000035,0,0.5,0.04010649987371995
2026-07-02,2026-07-02,NIFTY_PRIVATE_BANK,YESBANK,3,0.5700755125079258,2026-07-02,3,24.600000381469727,24.600000381469727,2243.0119351513404,55243.62588572405,55178.094460364126,-65.53142535992083,-0.001186226000000035,0,0.5,0.04010649987371995
2026-07-02,2026-07-02,NIFTY_PSU_BANK,MAHABANK,1,0.8531178133439493,2026-06-23,1,89.47000122070312,91.04000091552734,674.5513439136257,60423.78582914799,61411.15496746668,987.3691383186888,0.01634073609870352,9,1.0,0.04463703400843113
2026-07-02,2026-07-02,NIFTY_REALTY,PHOENIXLTD,1,0.9189287594396228,2026-06-23,1,1879.800048828125,2012.5,32.105600593532685,60423.78582914799,64612.52119448453,4188.735365336535,0.06932262366314558,9,1.0,0.04696396456729362
2026-07-02,2026-07-02,NIFTY_MIDSMALL_FINANCIAL_SERVICES,ANGELONE,4,0.7236487530085811,2026-07-02,4,340.3999938964844,340.3999938964844,172.29069067306952,58717.40216263171,58647.75005353394,-69.65210909776943,-0.0011862259999999908,0,0.5,0.04262843802635543
2026-07-02,2026-07-02,NIFTY_MIDSMALL_FINANCIAL_SERVICES,ABCAPITAL,7,0.5546749883409035,2026-07-02,7,392.5,392.5,149.42101924467246,58717.40216263171,58647.75005353394,-69.65210909776943,-0.0011862259999999908,0,0.5,0.04262843802635543
2026-07-02,2026-07-02,NIFTY_MIDSMALL_HEALTHCARE,GRANULES,2,0.7971462818005186,2026-06-23,3,789.0,825.7000122070312,76.49190058729914,60423.78582914799,63159.36324867192,2735.5774195239283,0.045273188066350945,9,1.0,0.045907728763208484
2026-07-02,2026-07-02,NIFTY_MIDSMALL_IT_TELECOM,HFCL,1,0.8338434126949337,2026-06-23,1,208.0500030517578,204.58999633789062,290.0846367609275,60423.78582914799,59348.41477259649,-1075.3710565515066,-0.017797147957464714,9,0.5019468404483973,0.04313772001119795
2026-07-02,2026-07-02,NIFTY_MIDSMALL_IT_TELECOM,IDEA,2,0.4332565041391452,2026-06-23,2,14.84000015258789,14.479999542236328,4066.853702346792,60423.78582914799,58888.03974832367,-1535.7460808243268,-0.0254162505667345,9,0.4980531595516028,0.042803093905794384
2026-07-03,2026-07-03,NIFTY_AUTO,BHARATFORG,1,0.899856490499058,2026-06-23,1,2108.6025708779703,2136.699951171875,28.621851455985794,60423.78582914799,61156.30860845351,732.5227793055165,0.012123086451033872,10,1.0,0.04445413444839711
2026-07-03,2026-07-03,NIFTY_BANK,FEDERALBNK,1,0.8119675190778058,2026-06-23,1,323.3999938964844,327.3999938964844,186.61753463946215,60423.78582914799,61098.57970193687,674.7938727888759,0.011167686094626667,10,1.0,0.04441217167088089
2026-07-03,2026-07-03,NIFTY_CHEMICALS,NAVINFLUOR,1,0.8275291372835344,2026-06-29,2,7625.0,7552.5,7.765765721278701,59284.288188791135,58650.94560995739,-633.3425788337481,-0.01068314385114763,4,1.0,0.04263300190931199
2026-07-03,2026-07-03,NIFTY_CONSUMER_DURABLES,KAJARIACER,1,0.839115581100488,2026-06-23,2,1171.199951171875,1202.300048828125,51.53015034110284,60423.78582914799,61954.70227122857,1530.9164420805755,0.02533632113699954,10,1.0,0.0450344817590071
2026-07-03,2026-07-03,NIFTY_FINANCIAL_SERVICES,PFC,1,0.7243783647367957,2026-07-03,1,433.0,433.0,137.30111809778035,59521.9906692425,59451.384136338886,-70.6065329036137,-0.0011862260000000142,0,0.5,0.04321483561836162
2026-07-03,2026-07-03,NIFTY_FINANCIAL_SERVICES,AXISBANK,2,0.7142818943531425,2026-07-03,2,1373.0,1373.0,43.3003526120458,59521.9906692425,59451.384136338886,-70.6065329036137,-0.0011862260000000142,0,0.5,0.04321483561836162
2026-07-03,2026-07-03,NIFTY_FINANCIAL_SERVICES_EX_BANK,BSE,1,0.8724909235621019,2026-06-23,1,4051.199951171875,3816.60009765625,14.897341600214327,60423.78582914799,56857.195406196515,-3566.590422951478,-0.059026265468308026,10,0.48913334748814075,0.04132913621598917
2026-07-03,2026-07-03,NIFTY_FINANCIAL_SERVICES_EX_BANK,MCX,3,0.736759202134651,2026-06-23,2,2859.89990234375,2814.0,21.10287479429583,60423.78582914799,59383.48967114846,-1040.2961579995317,-0.0172166663131806,10,0.5108666525118593,0.04316548356045373
2026-07-03,2026-07-03,NIFTY_HEALTHCARE,LAURUSLABS,1,0.9179668805574067,2026-06-23,1,1443.4000244140625,1542.300048828125,41.812462617823854,60423.78582914799,64487.36313709388,4063.5773079458886,0.06725128609842332,10,0.49594762537538406,0.04687545694546248
2026-07-03,2026-07-03,NIFTY_HEALTHCARE,AUROPHARMA,2,0.6467573441359241,2026-06-23,2,1492.199951171875,1620.5,40.445055313118374,60423.78582914799,65541.21213490833,5117.426305760338,0.08469224884766703,10,0.5040523746246159,0.04764149312559054
2026-07-03,2026-07-03,NIFTY_MEDIA,SUNTV,1,1.0,2026-07-03,1,519.0,519.0,212.69245843045923,110518.48582677668,110387.38592540834,-131.09990136834676,-0.0011862259999999346,0,1.0,0.0802398935938539
2026-07-03,2026-07-03,NIFTY_METAL,WELCORP,1,0.9866931797042147,2026-06-23,1,1414.1046060759031,1439.300048828125,42.678674055701066,60423.78582914799,61427.417652290176,1003.6318231421828,0.01660987985724718,10,1.0,0.04465120189996703
2026-07-03,2026-07-03,NIFTY_PHARMA,BIOCON,2,0.530478226703484,2026-07-03,2,418.6000061035156,418.6000061035156,140.13966684869354,58732.134983761,58662.46539820776,-69.66958555324527,-0.0011862259999999725,0,0.5,0.04264137557062922
2026-07-03,2026-07-03,NIFTY_PHARMA,LUPIN,3,0.5011221832351509,2026-07-03,3,2420.0,2420.0,24.240688181077587,58732.134983761,58662.46539820776,-69.66958555324527,-0.0011862259999999725,0,0.5,0.04264137557062922
2026-07-03,2026-07-03,NIFTY_PRIVATE_BANK,BANDHANBNK,2,0.6983061963424385,2026-07-03,2,206.1199951171875,206.1199951171875,263.0722179502906,54288.843116596414,54224.44427938158,-64.39883721483056,-0.0011862260000000528,0,0.5,0.03941540605104553
2026-07-03,2026-07-03,NIFTY_PRIVATE_BANK,YESBANK,3,0.540021494508289,2026-07-03,3,24.3799991607666,24.3799991607666,2224.136429284297,54288.843116596414,54224.44427938158,-64.39883721483056,-0.0011862260000000528,0,0.5,0.03941540605104553
2026-07-03,2026-07-03,NIFTY_PSU_BANK,MAHABANK,1,0.8192379824115035,2026-06-23,1,89.47000122070312,88.52999877929688,674.5513439136257,60423.78582914799,59718.029653246354,-705.7561759016389,-0.011680105213817757,10,1.0,0.04340865856039949
2026-07-03,2026-07-03,NIFTY_REALTY,PHOENIXLTD,1,0.9035917336572497,2026-06-23,1,1879.800048828125,2047.5999755859375,32.105600593532685,60423.78582914799,65739.42699148938,5315.641162341388,0.08797265992852042,10,1.0,0.047785574252862915
2026-07-03,2026-07-03,NIFTY_MIDSMALL_FINANCIAL_SERVICES,ANGELONE,2,0.7765133741366731,2026-07-02,4,340.3999938964844,352.25,172.29069067306952,58717.40216263171,60689.395789588736,1971.9936269570244,0.03358448354876332,1,1.0,0.04411473846950662
2026-07-03,2026-07-03,NIFTY_MIDSMALL_HEALTHCARE,GRANULES,2,0.7772287770288749,2026-06-23,3,789.0,833.7999877929688,76.49190058729914,60423.78582914799,63778.945775951004,3355.159946803011,0.055527138870277576,10,1.0,0.046360512840195295
2026-07-03,2026-07-03,NIFTY_MIDSMALL_IT_TELECOM,HFCL,1,0.8333333333333334,2026-06-23,1,208.0500030517578,214.47999572753906,290.0846367609275,60423.78582914799,62217.351653108446,1793.5658239604527,0.02968310904966914,10,0.5177443862631959,0.04522539993573405
2026-07-03,2026-07-03,NIFTY_MIDSMALL_IT_TELECOM,IDEA,2,0.44153348465875286,2026-06-23,2,14.84000015258789,14.25,4066.853702346792,60423.78582914799,57952.66525844179,-2471.1205707062036,-0.040896486984338426,10,0.48225561373680415,0.04212542633231489
2026-07-06,2026-07-06,NIFTY_AUTO,BHARATFORG,1,0.9065868133741855,2026-06-23,1,2108.6025708779703,2138.699951171875,28.621851455985794,60423.78582914799,61213.55231136548,789.7664822174847,0.013070456797437329,13,1.0,0.04241746450510483
2026-07-06,2026-07-06,NIFTY_BANK,FEDERALBNK,1,0.8361472874533492,2026-06-23,1,323.3999938964844,330.29998779296875,186.61753463946215,60423.78582914799,61639.769413368274,1215.983584220281,0.02012425351265725,13,1.0,0.042712808397315366
2026-07-06,2026-07-06,NIFTY_CHEMICALS,NAVINFLUOR,2,0.7891278360448787,2026-06-29,2,7625.0,7729.0,7.765765721278701,59284.288188791135,60021.60325976308,737.3150709719412,0.012436938917508081,7,1.0,0.041591512494820154
2026-07-06,2026-07-06,NIFTY_CONSUMER_DURABLES,KAJARIACER,1,0.8384662901773748,2026-06-23,2,1171.199951171875,1215.5,51.53015034110284,60423.78582914799,62634.897739610504,2211.1119104625104,0.03659340241795783,13,1.0,0.04340237498612722
2026-07-06,2026-07-06,NIFTY_FINANCIAL_SERVICES,PFC,1,0.7257493697712821,2026-07-03,1,433.0,421.1000061035156,137.30111809778035,59521.9906692425,57817.501668994824,-1704.489000247675,-0.028636290236315226,3,1.0,0.04006419709713658
2026-07-06,2026-07-06,NIFTY_FINANCIAL_SERVICES_EX_BANK,BSE,1,0.8241515820055773,2026-06-23,1,4051.199951171875,3802.699951171875,14.897341600214327,60423.78582914799,56650.120175725766,-3773.6656534222275,-0.06245331373463592,13,0.49642852533943577,0.039255268989145324
2026-07-06,2026-07-06,NIFTY_FINANCIAL_SERVICES_EX_BANK,MCX,3,0.650475195960634,2026-06-23,2,2859.89990234375,2723.10009765625,21.10287479429583,60423.78582914799,57465.240413174586,-2958.545415973407,-0.04896325801794145,13,0.5035714746605643,0.03982010034484756
2026-07-06,2026-07-06,NIFTY_HEALTHCARE,LAURUSLABS,1,0.9235512826759684,2026-06-23,1,1443.4000244140625,1529.199951171875,41.812462617823854,60423.78582914799,63939.61579355209,3515.8299644040962,0.05818619135095778,13,0.49784297210582446,0.04430646941705867
2026-07-06,2026-07-06,NIFTY_HEALTHCARE,AUROPHARMA,2,0.7088252694110506,2026-06-23,2,1492.199951171875,1594.5999755859375,40.445055313118374,60423.78582914799,64493.68421487045,4069.8983857224594,0.06735589850709371,13,0.5021570278941755,0.04469040690650752
2026-07-06,2026-07-06,NIFTY_MEDIA,SUNTV,1,1.0,2026-07-06,1,515.2999877929688,515.2999877929688,211.2727991446221,108998.16728019022,108868.87082021011,-129.29645998010528,-0.0011862259999999483,0,1.0,0.07543985423746916
2026-07-06,2026-07-06,NIFTY_METAL,WELCORP,1,0.9715717543112886,2026-06-23,1,1414.1046060759031,1543.5999755859375,42.678674055701066,60423.78582914799,65878.80023042035,5455.014401272361,0.09027925553517539,13,1.0,0.04565021249214303
2026-07-06,2026-07-06,NIFTY_PHARMA,BIOCON,2,0.5381045625491795,2026-07-06,2,431.0,431.0,138.7391248597005,59867.5792936461,59796.56281453092,-71.01647911518376,-0.0011862259999999853,0,0.5,0.04143557243355245
2026-07-06,2026-07-06,NIFTY_PHARMA,LUPIN,3,0.506979038028092,2026-07-06,3,2489.89990234375,2489.89990234375,24.01564928704332,59867.5792936461,59796.56281453092,-71.01647911518376,-0.0011862259999999853,0,0.5,0.04143557243355245
2026-07-06,2026-07-06,NIFTY_PRIVATE_BANK,BANDHANBNK,2,0.6486574527650373,2026-07-06,2,200.64999389648438,200.64999389648438,269.8107706636466,54201.82510104876,54137.52948686644,-64.29561418231606,-0.0011862259999999888,0,0.5,0.037514188422240226
2026-07-06,2026-07-06,NIFTY_PRIVATE_BANK,YESBANK,3,0.573740762281583,2026-07-06,3,24.639999389648438,24.639999389648438,2197.140049833373,54201.82510104876,54137.52948686644,-64.29561418231606,-0.0011862259999999888,0,0.5,0.037514188422240226
2026-07-06,2026-07-06,NIFTY_PSU_BANK,J&KBANK,1,0.8269083271882105,2026-07-06,1,165.00999450683594,165.00999450683594,355.1466851828762,58672.35123966902,58602.75257114739,-69.59866852162668,-0.0011862259999999838,0,0.5,0.04060833072460904
2026-07-06,2026-07-06,NIFTY_PSU_BANK,MAHABANK,2,0.7612932960219424,2026-07-06,2,89.58999633789062,89.58999633789062,654.1216091819653,58672.35123966902,58602.75257114739,-69.59866852162668,-0.0011862259999999838,0,0.5,0.04060833072460904
2026-07-06,2026-07-06,NIFTY_REALTY,OBEROIRLTY,1,0.8825523463737311,2026-07-06,1,1960.5,1960.5,33.13548440832381,65039.26845377969,64962.117182518836,-77.15127126085281,-0.001186225999999993,0,0.5,0.04501500396104828
2026-07-06,2026-07-06,NIFTY_REALTY,PHOENIXLTD,2,0.8617793475415368,2026-07-06,2,2070.0,2070.0,31.382665305564654,65039.26845377969,64962.117182518836,-77.15127126085281,-0.001186225999999993,0,0.5,0.04501500396104828
2026-07-06,2026-07-06,NIFTY_MIDSMALL_FINANCIAL_SERVICES,ANGELONE,2,0.7980653169199431,2026-07-02,4,340.3999938964844,345.95001220703125,172.29069067306952,58717.40216263171,59603.96654150625,886.5643788745365,0.01509883520423787,4,1.0,0.04130211431412679
2026-07-06,2026-07-06,NIFTY_MIDSMALL_HEALTHCARE,GRANULES,2,0.8220325166030426,2026-06-23,3,789.0,854.2000122070312,76.49190058729914,60423.78582914799,65339.38241540995,4915.596586261956,0.08135201260247266,13,1.0,0.04527642702866851
2026-07-06,2026-07-06,NIFTY_MIDSMALL_IT_TELECOM,HFCL,1,0.8333333333333334,2026-06-23,1,208.0500030517578,224.9499969482422,290.0846367609275,60423.78582914799,65254.53815410258,4830.752324954585,0.07994785925221298,13,0.5324444985972294,0.04521763484447765
2026-07-06,2026-07-06,NIFTY_MIDSMALL_IT_TELECOM,IDEA,2,0.4358758628747136,2026-06-23,2,14.84000015258789,14.09000015258789,4066.853702346792,60423.78582914799,57301.96928661893,-3121.8165425290645,-0.05166535826398224,13,0.46755550140277063,0.03970696286215163
2026-07-07,2026-07-07,NIFTY_AUTO,BHARATFORG,1,0.9023037822908764,2026-06-23,1,2108.6025708779703,2111.60009765625,28.621851455985794,60423.78582914799,60437.90432956228,14.118500414289883,0.0002336579911462486,14,1.0,0.0444421607546662
2026-07-07,2026-07-07,NIFTY_BANK,FEDERALBNK,1,0.7863294135373715,2026-06-23,1,323.3999938964844,331.54998779296875,186.61753463946215,60423.78582914799,61873.0413316676,1449.2555025196052,0.02398485104222806,14,1.0,0.045497468513266574
2026-07-07,2026-07-07,NIFTY_CHEMICALS,NAVINFLUOR,1,0.8184470356329248,2026-06-29,2,7625.0,7547.0,7.765765721278701,59284.288188791135,58608.233898490354,-676.0542903007808,-0.011403599688131235,8,1.0,0.0430967384021247
2026-07-07,2026-07-07,NIFTY_CONSUMER_DURABLES,KAJARIACER,1,0.8058438232218434,2026-06-23,2,1171.199951171875,1211.199951171875,51.53015034110284,60423.78582914799,62413.31557702314,1989.5297478751454,0.03292626770359382,14,1.0,0.04589475156154646
2026-07-07,2026-07-07,NIFTY_FINANCIAL_SERVICES,AXISBANK,1,0.7411413112391184,2026-07-07,1,1346.800048828125,1346.800048828125,42.49935398866444,57306.11002476727,57238.13202709703,-67.97799767024117,-0.0011862260000000276,0,0.5,0.04208925330987692
2026-07-07,2026-07-07,NIFTY_FINANCIAL_SERVICES,CHOLAFIN,2,0.7351475879994226,2026-07-07,2,1862.0,1862.0,30.740135352898513,57306.11002476727,57238.13202709703,-67.97799767024117,-0.0011862260000000276,0,0.5,0.04208925330987692
2026-07-07,2026-07-07,NIFTY_FINANCIAL_SERVICES_EX_BANK,BSE,1,0.8507974090702302,2026-06-23,1,4051.199951171875,3683.39990234375,14.897341600214327,60423.78582914799,54872.86659541094,-5550.919233737055,-0.09186645883845518,14,0.49590494903080234,0.04034998872569723
2026-07-07,2026-07-07,NIFTY_FINANCIAL_SERVICES_EX_BANK,MCX,3,0.6180449555193628,2026-06-23,2,2859.89990234375,2643.199951171875,21.10287479429583,60423.78582914799,55779.11762586893,-4644.668203279063,-0.07686820909256085,14,0.5040950509691977,0.04101638764251069
2026-07-07,2026-07-07,NIFTY_HEALTHCARE,LAURUSLABS,1,0.9225495213983397,2026-06-23,1,1443.4000244140625,1477.4000244140625,41.812462617823854,60423.78582914799,61773.73329238504,1349.9474632370475,0.022341325435220293,14,0.4910381892952047,0.045424443746855746
2026-07-07,2026-07-07,NIFTY_HEALTHCARE,AUROPHARMA,2,0.6892890509850839,2026-06-23,2,1492.199951171875,1583.0999755859375,40.445055313118374,60423.78582914799,64028.56607876959,3604.7802496215954,0.05965829846898927,14,0.5089618107047953,0.04708250324244911
2026-07-07,2026-07-07,NIFTY_MEDIA,SUNTV,1,1.0,2026-07-07,1,515.0,515.0,207.71309971709218,107099.29031705811,106972.24635430246,-127.04396275564795,-0.0011862260000000502,0,1.0,0.07866053301322495
2026-07-07,2026-07-07,NIFTY_METAL,WELCORP,1,0.983699608682752,2026-06-23,1,1414.1046060759031,1541.0,42.678674055701066,60423.78582914799,65767.83671983534,5344.050890687344,0.08844283451218994,14,1.0,0.048361451384075965
2026-07-07,2026-07-07,NIFTY_PHARMA,BIOCON,2,0.6053097212036638,2026-07-07,2,425.0,425.0,136.46880666854912,58068.12475348721,57999.24283413338,-68.88191935382929,-0.0011862259999999858,0,0.5,0.042648925409921566
2026-07-07,2026-07-07,NIFTY_PHARMA,LUPIN,3,0.513906643546664,2026-07-07,3,2497.800048828125,2497.800048828125,23.220130394882677,58068.12475348721,57999.24283413338,-68.88191935382929,-0.0011862259999999858,0,0.5,0.042648925409921566
2026-07-07,2026-07-07,NIFTY_PRIVATE_BANK,BANDHANBNK,2,0.6800747721039891,2026-07-07,2,208.75,208.75,258.326774735159,53989.75828097105,53925.714225964446,-64.04405500660505,-0.0011862260000000348,0,0.5,0.03965351358598074
2026-07-07,2026-07-07,NIFTY_PRIVATE_BANK,INDUSINDBK,3,0.5547812410960995,2026-07-07,3,1009.7000122070312,1009.7000122070312,53.407659279009096,53989.75828097105,53925.714225964446,-64.04405500660505,-0.0011862260000000348,0,0.5,0.03965351358598074
2026-07-07,2026-07-07,NIFTY_PSU_BANK,J&KBANK,1,0.8202655284628935,2026-07-06,1,165.00999450683594,163.7100067138672,355.1466851828762,58672.35123966902,58141.06621569634,-531.2850239726831,-0.009055117320975463,1,1.0,0.042753213233798146
2026-07-07,2026-07-07,NIFTY_REALTY,PHOENIXLTD,1,0.9353895684334467,2026-07-06,2,2070.0,2075.10009765625,31.382665305564654,65039.26845377969,65122.17184029062,82.90338651093043,0.0012746666511147173,1,1.0,0.04788667081898723
2026-07-07,2026-07-07,NIFTY_MIDSMALL_FINANCIAL_SERVICES,ANGELONE,2,0.7797890882646308,2026-07-02,4,340.3999938964844,335.79998779296875,172.29069067306952,58717.40216263171,57855.2118248589,-862.1903377728086,-0.014683727583600665,5,1.0,0.04254301423813558
2026-07-07,2026-07-07,NIFTY_MIDSMALL_HEALTHCARE,GRANULES,2,0.882619060938496,2026-06-23,3,789.0,863.5499877929688,76.49190058729914,60423.78582914799,66054.57981842315,5630.79398927516,0.09318836799131686,14,1.0,0.04857230387845171
2026-07-07,2026-07-07,NIFTY_MIDSMALL_IT_TELECOM,HFCL,1,0.8333333333333334,2026-06-23,1,208.0500030517578,226.0399932861328,290.0846367609275,60423.78582914799,65570.72934585033,5146.943516702333,0.08518075201801548,14,0.5379206633751936,0.048216511255894066
2026-07-07,2026-07-07,NIFTY_MIDSMALL_IT_TELECOM,IDEA,2,0.4022626758704264,2026-06-23,2,14.84000015258789,13.850000381469727,4066.853702346792,60423.78582914799,56325.92532888464,-4097.860500263356,-0.06781866518344797,14,0.4620793366248064,0.04141847497675711
2026-07-08,2026-07-08,NIFTY_AUTO,BHARATFORG,1,0.8864057568048397,2026-06-23,1,2108.6025708779703,2100.5,28.621851455985794,60423.78582914799,60120.19898329816,-303.58684584982984,-0.005024293689710878,15,1.0,0.04907135140798846
2026-07-08,2026-07-08,NIFTY_BANK,FEDERALBNK,1,0.8459973994012192,2026-06-23,1,323.3999938964844,326.54998779296875,186.61753463946215,60423.78582914799,60939.95365847029,516.167829322294,0.008542460923944596,15,1.0,0.04974045214973564
2026-07-08,2026-07-08,NIFTY_CHEMICALS,NAVINFLUOR,2,0.8244841568955437,2026-06-29,2,7625.0,7363.0,7.765765721278701,59284.288188791135,57179.33300577507,-2104.9551830160635,-0.03550612223449192,9,1.0,0.04667095569627559
2026-07-08,2026-07-08,NIFTY_CONSUMER_DURABLES,TITAN,1,0.8134829561935718,2026-07-08,1,4590.39990234375,4590.39990234375,13.165826164861885,60508.183521963314,60436.40714145679,-71.77638050652604,-0.001186226000000026,0,0.5,0.049329447054867234
2026-07-08,2026-07-08,NIFTY_CONSUMER_DURABLES,KAJARIACER,2,0.7849859149320442,2026-07-08,2,1210.0,1210.0,49.94744391855933,60508.183521963314,60436.40714145679,-71.77638050652604,-0.001186226000000026,0,0.5,0.049329447054867234
2026-07-08,2026-07-08,NIFTY_FINANCIAL_SERVICES,AXISBANK,1,0.7737479547064043,2026-07-07,1,1346.800048828125,1309.5,42.49935398866444,57306.11002476727,55652.90404815608,-1653.2059766111925,-0.02884868604581063,1,1.0,0.04542505277104642
2026-07-08,2026-07-08,NIFTY_FINANCIAL_SERVICES_EX_BANK,BSE,1,0.8440686544690211,2026-06-23,1,4051.199951171875,3739.10009765625,14.897341600214327,60423.78582914799,55702.651432179904,-4721.134396968089,-0.07813370731713816,15,1.0,0.04546565761607928
2026-07-08,2026-07-08,NIFTY_HEALTHCARE,LAURUSLABS,1,0.9153992686601367,2026-06-23,1,1443.4000244140625,1469.199951171875,41.812462617823854,60423.78582914799,61430.86803648266,1007.0822073346644,0.016666982935863234,15,0.4937378953603387,0.050141146631158956
2026-07-08,2026-07-08,NIFTY_HEALTHCARE,AUROPHARMA,2,0.7391067366010298,2026-06-23,2,1492.199951171875,1557.4000244140625,40.445055313118374,60423.78582914799,62989.130132078666,2565.3443029306727,0.04245586845856271,15,0.5062621046396614,0.051413032422820804
2026-07-08,2026-07-08,NIFTY_MEDIA,SUNTV,1,1.0,2026-07-08,1,507.45001220703125,507.45001220703125,202.82038477490772,103043.43953696989,102921.2067298617,-122.23280710818653,-0.0011862260000000473,0,1.0,0.0840064202744627
2026-07-08,2026-07-08,NIFTY_METAL,WELCORP,1,0.9840172449822104,2026-06-23,1,1414.1046060759031,1529.199951171875,42.678674055701066,60423.78582914799,65264.22628205844,4840.440452910443,0.08010819558041413,15,1.0,0.05327001301421296
2026-07-08,2026-07-08,NIFTY_PHARMA,LUPIN,2,0.553652456963907,2026-07-08,2,2492.5,2492.5,22.27403285771542,55583.96203880913,55518.02689785568,-65.93514095345017,-0.001186226000000032,0,0.5,0.04531496324787073
2026-07-08,2026-07-08,NIFTY_PHARMA,DIVISLAB,3,0.5367892567117609,2026-07-08,3,6784.0,6784.0,8.183671417726368,55583.96203880913,55518.02689785568,-65.93514095345017,-0.001186226000000032,0,0.5,0.04531496324787073
2026-07-08,2026-07-08,NIFTY_PRIVATE_BANK,BANDHANBNK,2,0.6611632472630711,2026-07-08,2,204.94000244140625,204.94000244140625,252.5954521040329,51828.39275791626,51766.91257088861,-61.48018702764966,-0.0011862259999999554,0,0.5,0.042253226054331544
2026-07-08,2026-07-08,NIFTY_PRIVATE_BANK,INDUSINDBK,3,0.5914975889895173,2026-07-08,3,1015.9000244140625,1015.9000244140625,50.95669980000842,51828.39275791626,51766.91257088861,-61.48018702764966,-0.0011862259999999554,0,0.5,0.042253226054331544
2026-07-08,2026-07-08,NIFTY_PSU_BANK,J&KBANK,1,0.8333333333333334,2026-07-06,1,165.00999450683594,165.9600067138672,355.1466851828762,58672.35123966902,58940.14625735781,267.7950176887898,0.004564245543780605,2,1.0,0.04810816793597998
2026-07-08,2026-07-08,NIFTY_REALTY,PHOENIXLTD,1,0.9765204580875927,2026-07-06,2,2070.0,2022.5,31.382665305564654,65039.26845377969,63471.44058050451,-1567.8278732751787,-0.02410586574154596,2,1.0,0.05180670419874131
2026-07-08,2026-07-08,NIFTY_MIDSMALL_FINANCIAL_SERVICES,ANGELONE,3,0.7713052842404119,2026-07-02,4,340.3999938964844,331.20001220703125,172.29069067306952,58717.40216263171,57062.67885407847,-1654.7233085532425,-0.028181139621437874,6,1.0,0.04657574016193089
2026-07-08,2026-07-08,NIFTY_MIDSMALL_HEALTHCARE,GRANULES,1,0.9138374362158338,2026-06-23,3,789.0,859.5499877929688,76.49190058729914,60423.78582914799,65748.61221607396,5324.826386925968,0.08812467331958056,15,1.0,0.05366537884445191
2026-07-08,2026-07-08,NIFTY_MIDSMALL_IT_TELECOM,HFCL,1,0.8333333333333334,2026-06-23,1,208.0500030517578,214.74000549316406,290.0846367609275,60423.78582914799,62292.77649152407,1868.9906623760762,0.030931373079812696,15,1.0,0.05084465416097607
2026-07-09,2026-07-09,NIFTY_AUTO,BHARATFORG,1,0.9009916954323987,2026-06-23,1,2108.6025708779703,2130.60009765625,28.621851455985794,60423.78582914799,60981.719507226015,557.9336780780213,0.00923367628197964,16,1.0,0.05223907891829617
2026-07-09,2026-07-09,NIFTY_BANK,FEDERALBNK,1,0.894080097900812,2026-06-23,1,323.3999938964844,327.75,186.61753463946215,60423.78582914799,61163.89697808372,740.1111489357281,0.012248672253480416,16,1.0,0.05239513852688336
2026-07-09,2026-07-09,NIFTY_CHEMICALS,NAVINFLUOR,2,0.7981092578835847,2026-06-29,2,7625.0,7689.0,7.765765721278701,59284.288188791135,59710.97263091193,426.6844421207934,0.007197260103081857,10,1.0,0.051150512592299344
2026-07-09,2026-07-09,NIFTY_CONSUMER_DURABLES,TITAN,1,0.8216220101678927,2026-07-08,1,4590.39990234375,4555.7998046875,13.165826164861885,60508.183521963314,59980.86827042735,-527.3152515359616,-0.008714775768215818,1,1.0,0.0513817146595136
2026-07-09,2026-07-09,NIFTY_FINANCIAL_SERVICES,SBIN,1,0.7763524909595901,2026-07-09,1,1019.7999877929688,1019.7999877929688,53.58670732775574,54712.62501703415,54647.72347871069,-64.90153832345823,-0.0011862260000000341,0,0.5,0.046813155853555784
2026-07-09,2026-07-09,NIFTY_FINANCIAL_SERVICES,BAJFINANCE,2,0.7716758069827508,2026-07-09,2,1000.0,1000.0,54.647723478710695,54712.62501703415,54647.72347871069,-64.90153832345823,-0.0011862260000000341,0,0.5,0.046813155853555784
2026-07-09,2026-07-09,NIFTY_FINANCIAL_SERVICES_EX_BANK,BSE,1,0.8721582742268724,2026-06-23,1,4051.199951171875,3805.699951171875,14.897341600214327,60423.78582914799,56694.81220052641,-3728.973628621585,-0.06171367082435863,16,1.0,0.048566763822563835
2026-07-09,2026-07-09,NIFTY_HEALTHCARE,LAURUSLABS,1,0.9190137946849438,2026-06-23,1,1443.4000244140625,1507.4000244140625,41.812462617823854,60423.78582914799,63028.10717091976,2604.3213417717634,0.043100929642767564,16,1.0,0.053992086336338195
2026-07-09,2026-07-09,NIFTY_MEDIA,SUNTV,1,1.0,2026-07-09,1,495.0,495.0,204.10739464476077,101153.15084667283,101033.16034915658,-119.99049751624989,-0.0011862260000000452,0,1.0,0.08654854732686015
2026-07-09,2026-07-09,NIFTY_METAL,WELCORP,1,0.9842034262420909,2026-06-23,1,1414.1046060759031,1601.9000244140625,42.678674055701066,60423.78582914799,68366.96901178735,7943.183182639361,0.13145788655313992,16,1.0,0.05856554256703556
2026-07-09,2026-07-09,NIFTY_PHARMA,AUROPHARMA,1,0.8544985020252287,2026-07-09,1,1555.0,1555.0,35.7769272029017,55699.193632177674,55633.12180051215,-66.07183166552568,-0.0011862260000000374,0,0.5,0.04765728260358032
2026-07-09,2026-07-09,NIFTY_PHARMA,LUPIN,2,0.5974466240584605,2026-07-09,2,2459.0,2459.0,22.62428702745512,55699.193632177674,55633.12180051215,-66.07183166552568,-0.0011862260000000374,0,0.5,0.04765728260358032
2026-07-09,2026-07-09,NIFTY_PRIVATE_BANK,INDUSINDBK,2,0.6173143004052627,2026-07-09,2,995.9000244140625,995.9000244140625,51.20262234895617,51053.25354412811,50992.69284738947,-60.56069673863385,-0.0011862259999999402,0,0.5,0.043682128471230916
2026-07-09,2026-07-09,NIFTY_PRIVATE_BANK,BANDHANBNK,3,0.6072998646065357,2026-07-09,3,197.0,197.0,258.84615658573335,51053.25354412811,50992.69284738947,-60.56069673863385,-0.0011862259999999402,0,0.5,0.043682128471230916
2026-07-09,2026-07-09,NIFTY_PSU_BANK,J&KBANK,1,0.8333333333333334,2026-07-06,1,165.00999450683594,168.41000366210938,355.1466851828762,58672.35123966902,59810.25455223418,1137.9033125651622,0.01939419996851623,3,1.0,0.0512355609668782
2026-07-09,2026-07-09,NIFTY_REALTY,PHOENIXLTD,1,0.9460889740663642,2026-07-06,2,2070.0,2088.0,31.382665305564654,65039.26845377969,65527.005158019,487.7367042393089,0.007499111165217366,3,1.0,0.05613272996219365
2026-07-09,2026-07-09,NIFTY_MIDSMALL_FINANCIAL_SERVICES,ANGELONE,3,0.722442671289036,2026-07-02,4,340.3999938964844,341.1000061035156,172.29069067306952,58717.40216263171,58768.35564016294,50.95347753122769,0.0008677747252867217,7,1.0,0.05034303383034629
2026-07-09,2026-07-09,NIFTY_MIDSMALL_HEALTHCARE,GRANULES,1,0.9082331851552979,2026-06-23,3,789.0,882.0499877929688,76.49190058729914,60423.78582914799,67469.6799792882,7045.8941501402005,0.1166079558480977,16,1.0,0.057796893323294726
2026-07-09,2026-07-09,NIFTY_MIDSMALL_IT_TELECOM,HFCL,1,0.8333333333333334,2026-06-23,1,208.0500030517578,214.67999267578125,290.0846367609275,60423.78582914799,62275.36769519257,1851.5818660445802,0.030643261434827054,16,1.0,0.05334726331076297
2026-07-10,2026-07-10,NIFTY_AUTO,BHARATFORG,1,0.9084128037666321,2026-06-23,1,2108.6025708779703,2117.0,28.621851455985794,60423.78582914799,60592.459532321926,168.67370317393215,0.002791511668118041,17,1.0,0.05621095456490063
2026-07-10,2026-07-10,NIFTY_BANK,FEDERALBNK,1,0.8839832069130142,2026-06-23,1,323.3999938964844,329.8500061035156,186.61753463946215,60423.78582914799,61555.79493984963,1132.0091107016342,0.01873449495373329,17,1.0,0.05710463016812341
2026-07-10,2026-07-10,NIFTY_CHEMICALS,NAVINFLUOR,1,0.853165893854233,2026-06-29,2,7625.0,7712.0,7.765765721278701,59284.288188791135,59889.58524250134,605.2970537102083,0.010210075421377019,11,1.0,0.055558905859915055
2026-07-10,2026-07-10,NIFTY_CONSUMER_DURABLES,TITAN,1,0.7549253302676553,2026-07-08,1,4590.39990234375,4584.39990234375,13.165826164861885,60508.183521963314,60357.41218446761,-150.77133749570203,-0.0024917511767804912,2,1.0,0.05599290373988351
2026-07-10,2026-07-10,NIFTY_FINANCIAL_SERVICES,SBIN,1,0.7573797328081562,2026-07-09,1,1019.7999877929688,1036.0,53.58670732775574,54712.62501703415,55515.828791554944,803.2037745207926,0.014680410129667957,1,1.0,0.051501420373442214
2026-07-10,2026-07-10,NIFTY_FINANCIAL_SERVICES_EX_BANK,BSE,1,0.8640625691787839,2026-06-23,1,4051.199951171875,3811.60009765625,14.897341600214327,60423.78582914799,56782.70869819544,-3641.0771309525517,-0.06025900365210355,17,1.0,0.0526766908513367
2026-07-10,2026-07-10,NIFTY_HEALTHCARE,LAURUSLABS,1,0.9172019508462258,2026-06-23,1,1443.4000244140625,1537.800048828125,41.812462617823854,60423.78582914799,64299.20705531367,3875.4212261656794,0.0641373454672912,17,1.0,0.059649663245925556
2026-07-10,2026-07-10,NIFTY_MEDIA,SUNTV,1,1.0,2026-07-10,1,503.79998779296875,503.79998779296875,201.99666944557217,101886.78034880565,101765.91960089961,-120.86074790604471,-0.0011862260000000233,0,1.0,0.09440711809841748
2026-07-10,2026-07-10,NIFTY_METAL,WELCORP,1,0.9835252067780709,2026-06-23,1,1414.1046060759031,1612.5999755859375,42.678674055701066,60423.78582914799,68823.62874026372,8399.842911115731,0.13901550185661668,17,1.0,0.06384691920364939
2026-07-10,2026-07-10,NIFTY_PHARMA,AUROPHARMA,1,0.8692299729950687,2026-07-09,1,1555.0,1564.699951171875,35.7769272029017,55699.193632177674,55980.15624746002,280.96261528234754,0.005044285149579512,1,1.0,0.05193217181889548
2026-07-10,2026-07-10,NIFTY_PRIVATE_BANK,BANDHANBNK,2,0.6292414174199468,2026-07-10,2,201.0,201.0,264.01255246229874,53129.546694579374,53066.52304492205,-63.02364965732704,-0.0011862260000000552,0,0.5,0.04922922652123375
2026-07-10,2026-07-10,NIFTY_PRIVATE_BANK,INDUSINDBK,3,0.6199531993604162,2026-07-10,3,1019.7000122070312,1019.7000122070312,52.0413086296481,53129.546694579374,53066.52304492205,-63.02364965732704,-0.0011862260000000552,0,0.5,0.04922922652123375
2026-07-10,2026-07-10,NIFTY_PSU_BANK,J&KBANK,1,0.8333333333333334,2026-07-06,1,165.00999450683594,192.64999389648438,355.1466851828762,58672.35123966902,68419.00673283775,9746.655493168728,0.16612007678633658,4,1.0,0.06347155584241716
2026-07-10,2026-07-10,NIFTY_REALTY,PHOENIXLTD,1,0.9580211689718227,2026-07-06,2,2070.0,2138.89990234375,31.382665305564654,65039.26845377969,67124.37975735882,2085.111303579135,0.03205926747255659,4,1.0,0.06227054471563955
2026-07-10,2026-07-10,NIFTY_MIDSMALL_FINANCIAL_SERVICES,ANGELONE,3,0.7625019955719674,2026-07-02,4,340.3999938964844,346.04998779296875,172.29069067306952,58717.40216263171,59621.191404257865,903.789241626153,0.015392187125767166,8,1.0,0.055309919864570935
2026-07-10,2026-07-10,NIFTY_MIDSMALL_HEALTHCARE,GRANULES,1,0.9251705161042523,2026-06-23,3,789.0,889.8499755859375,76.49190058729914,60423.78582914799,68066.3158701301,7642.530040982107,0.12648214500481375,17,1.0,0.06314436842978968
2026-07-10,2026-07-10,NIFTY_MIDSMALL_IT_TELECOM,HFCL,1,0.8333333333333334,2026-06-23,1,208.0500030517578,217.25,290.0846367609275,60423.78582914799,63020.8873363115,2597.1015071635047,0.042981443011647275,17,1.0,0.058463780180625695
2026-07-13,2026-07-13,NIFTY_AUTO,BHARATFORG,1,0.8949599651655976,2026-06-23,1,2108.6025708779703,2145.60009765625,28.621851455985794,60423.78582914799,61411.0472790658,987.2614499178089,0.016338953880005995,20,1.0,0.054004119958275434
2026-07-13,2026-07-13,NIFTY_BANK,FEDERALBNK,1,0.8411307870515748,2026-06-23,1,323.3999938964844,332.5,186.61753463946215,60423.78582914799,62050.33026762117,1626.5444384731745,0.026918942865849716,20,1.0,0.05456629755873785
2026-07-13,2026-07-13,NIFTY_CHEMICALS,NAVINFLUOR,1,0.8573587053521428,2026-06-29,2,7625.0,7637.0,7.765765721278701,59284.288188791135,59307.15281340544,22.864624614303466,0.0003856776443278014,14,1.0,0.05215398103153212
2026-07-13,2026-07-13,NIFTY_CONSUMER_DURABLES,KAJARIACER,1,0.7252482911604989,2026-07-13,1,1210.0999755859375,1210.0999755859375,49.995591733245384,60571.515842756824,60499.66433580474,-71.85150695208722,-0.0011862259999999532,0,0.5,0.053202661002981336
2026-07-13,2026-07-13,NIFTY_CONSUMER_DURABLES,TITAN,2,0.7219543280301888,2026-07-13,2,4578.0,4578.0,13.215304573133407,60571.515842756824,60499.66433580474,-71.85150695208722,-0.0011862259999999532,0,0.5,0.053202661002981336
2026-07-13,2026-07-13,NIFTY_FINANCIAL_SERVICES,SBIN,1,0.7570545603566229,2026-07-09,1,1019.7999877929688,1037.0,53.58670732775574,54712.62501703415,55569.4154988827,856.7904818485476,0.015659831374966852,4,1.0,0.048867060790801796
2026-07-13,2026-07-13,NIFTY_FINANCIAL_SERVICES_EX_BANK,BSE,1,0.8342156581036031,2026-06-23,1,4051.199951171875,3804.199951171875,14.897341600214327,60423.78582914799,56672.46618812608,-3751.31964102191,-0.06208349227949733,20,1.0,0.0498370700054511
2026-07-13,2026-07-13,NIFTY_HEALTHCARE,LAURUSLABS,1,0.9185994208234851,2026-06-23,1,1443.4000244140625,1558.5999755859375,41.812462617823854,60423.78582914799,65168.90321532818,4745.117386180187,0.07853062036856316,20,1.0,0.05730873226761494
2026-07-13,2026-07-13,NIFTY_MEDIA,SUNTV,1,1.0,2026-07-13,1,499.70001220703125,499.70001220703125,201.46731731943513,100792.78394476724,100673.22092383957,-119.56302092767146,-0.0011862260000000595,0,1.0,0.08853079275217503
2026-07-13,2026-07-13,NIFTY_METAL,WELCORP,1,0.9842800985074478,2026-06-23,1,1414.1046060759031,1619.9000244140625,42.678674055701066,60423.78582914799,69135.18514478997,8711.399315641975,0.14417168994134194,20,1.0,0.06079663183287786
2026-07-13,2026-07-13,NIFTY_PHARMA,AUROPHARMA,1,0.8254357195503184,2026-07-09,1,1555.0,1549.300048828125,35.7769272029017,55699.193632177674,55429.19506237588,-269.99856980179175,-0.004847441267907555,4,1.0,0.04874375266287971
2026-07-13,2026-07-13,NIFTY_PRIVATE_BANK,BANDHANBNK,2,0.6894004844192009,2026-07-13,2,208.0,208.0,261.4058473627745,54436.99082533587,54372.4162514571,-64.57457387877366,-0.0011862259999999777,0,0.5,0.04781443436913884
2026-07-13,2026-07-13,NIFTY_PRIVATE_BANK,RBLBANK,3,0.6078095098698134,2026-07-13,3,378.1000061035156,378.1000061035156,143.80432524132544,54436.99082533587,54372.4162514571,-64.57457387877366,-0.0011862259999999777,0,0.5,0.04781443436913884
2026-07-13,2026-07-13,NIFTY_PSU_BANK,J&KBANK,1,0.8333333333333334,2026-07-06,1,165.00999450683594,182.60000610351562,355.1466851828762,58672.35123966902,64849.78688203653,6177.435642367513,0.10528699654686552,7,1.0,0.05702810528749826
2026-07-13,2026-07-13,NIFTY_REALTY,PHOENIXLTD,1,0.9050989648083826,2026-07-06,2,2070.0,2154.0,31.382665305564654,65039.26845377969,67598.26106818627,2558.992614406583,0.03934534743768124,7,1.0,0.05944507969564601
2026-07-13,2026-07-13,NIFTY_MIDSMALL_FINANCIAL_SERVICES,ANGELONE,3,0.7515114928834131,2026-07-02,4,340.3999938964844,340.25,172.29069067306952,58717.40216263171,58621.9075015119,-95.49466111981019,-0.0016263434280575828,11,1.0,0.05155138472901051
2026-07-13,2026-07-13,NIFTY_MIDSMALL_HEALTHCARE,GRANULES,1,0.9184239123464204,2026-06-23,3,789.0,897.6500244140625,76.49190058729914,60423.78582914799,68662.95642966712,8239.170600519123,0.13635641142737875,20,1.0,0.06038135970662103
2026-07-13,2026-07-13,NIFTY_MIDSMALL_IT_TELECOM,HFCL,1,0.8333333333333334,2026-06-23,1,208.0500030517578,214.6300048828125,290.0846367609275,60423.78582914799,62260.86700442676,1837.081175278763,0.030403278279736132,20,1.0,0.05475144097663798
2026-07-14,2026-07-14,NIFTY_AUTO,BHARATFORG,1,0.9029701338960557,2026-06-23,1,2108.6025708779703,2119.699951171875,28.621851455985794,60423.78582914799,60669.73713370175,245.9513045537533,0.004070438506603937,21,1.0,0.05364307367973839
2026-07-14,2026-07-14,NIFTY_BANK,FEDERALBNK,1,0.8595392666136872,2026-06-23,1,323.3999938964844,327.5,186.61753463946215,60423.78582914799,61117.24259442386,693.4567652758633,0.011476552747566255,21,1.0,0.05403874983618355
2026-07-14,2026-07-14,NIFTY_CHEMICALS,NAVINFLUOR,1,0.8605301054190494,2026-06-29,2,7625.0,7586.0,7.765765721278701,59284.288188791135,58911.098761620226,-373.18942717090977,-0.006294912844065632,15,1.0,0.05208811774574969
2026-07-14,2026-07-14,NIFTY_CONSUMER_DURABLES,KAJARIACER,1,0.7714270786182972,2026-07-13,1,1210.0999755859375,1234.5,49.995591733245384,60571.515842756824,61719.55799469143,1148.0421519346055,0.018953498785054576,1,1.0,0.05457130611418078
2026-07-14,2026-07-14,NIFTY_FINANCIAL_SERVICES,SBIN,1,0.7474190030306224,2026-07-09,1,1019.7999877929688,1015.4000244140625,53.58670732775574,54712.62501703415,54411.9439288724,-300.68108816174936,-0.005495643611837958,5,1.0,0.04811004720198307
2026-07-14,2026-07-14,NIFTY_FINANCIAL_SERVICES_EX_BANK,BSE,1,0.8261452182336273,2026-06-23,1,4051.199951171875,3792.699951171875,14.897341600214327,60423.78582914799,56501.14675972362,-3922.6390694243746,-0.06491879010222697,21,1.0,0.04995728219395759
2026-07-14,2026-07-14,NIFTY_HEALTHCARE,LAURUSLABS,1,0.9218063987498212,2026-06-23,1,1443.4000244140625,1560.699951171875,41.812462617823854,60423.78582914799,65256.70836601354,4832.922536865546,0.07998377576888238,21,1.0,0.05769878988037868
2026-07-14,2026-07-14,NIFTY_MEDIA,SUNTV,1,1.0,2026-07-14,1,500.0,500.0,198.54727226794668,99391.53695929442,99273.63613397334,-117.90082532107772,-0.0011862260000000174,0,1.0,0.08777593622755403
2026-07-14,2026-07-14,NIFTY_METAL,WELCORP,1,0.9849033450562635,2026-06-23,1,1414.1046060759031,1683.4000244140625,42.678674055701066,60423.78582914799,71845.28094732699,11421.495118178995,0.1890231630052771,21,1.0,0.06352428544243827
2026-07-14,2026-07-14,NIFTY_PHARMA,AUROPHARMA,1,0.8108997904505808,2026-07-09,1,1555.0,1552.800048828125,35.7769272029017,55699.193632177674,55554.41430758604,-144.77932459163276,-0.002599307371444478,5,1.0,0.04912019864811833
2026-07-14,2026-07-14,NIFTY_PRIVATE_BANK,BANDHANBNK,2,0.7158702891365043,2026-07-14,2,208.0,208.0,260.69196055562594,54288.32601939087,54223.92779557019,-64.39822382068087,-0.0011862260000000536,0,0.5,0.047943806770291676
2026-07-14,2026-07-14,NIFTY_PRIVATE_BANK,INDUSINDBK,3,0.6130690905360308,2026-07-14,3,1008.9000244140625,1008.9000244140625,53.74559072596093,54288.32601939087,54223.92779557019,-64.39822382068087,-0.0011862260000000536,0,0.5,0.047943806770291676
2026-07-14,2026-07-14,NIFTY_PSU_BANK,J&KBANK,1,0.8333333333333334,2026-07-06,1,165.00999450683594,177.39999389648438,355.1466851828762,58672.35123966902,63003.019783798896,4330.668544129876,0.07381106181410135,8,1.0,0.05570611959073325
2026-07-14,2026-07-14,NIFTY_REALTY,PHOENIXLTD,1,0.890416899838523,2026-07-06,2,2070.0,2132.5,31.382665305564654,65039.26845377969,66923.53376411663,1884.2653103369375,0.028971194712560384,8,1.0,0.059172566459378136
2026-07-14,2026-07-14,NIFTY_MIDSMALL_FINANCIAL_SERVICES,ANGELONE,4,0.6961212134842487,2026-07-14,4,340.0,340.0,172.29694069318106,58650.532622392086,58580.959835681555,-69.57278671053064,-0.0011862260000000163,0,0.5,0.05179621493612238
2026-07-14,2026-07-14,NIFTY_MIDSMALL_FINANCIAL_SERVICES,PNBHOUSING,5,0.6432262264059345,2026-07-14,5,1116.4000244140625,1116.4000244140625,52.47309078699412,58650.532622392086,58580.959835681555,-69.57278671053064,-0.0011862260000000163,0,0.5,0.05179621493612238
2026-07-14,2026-07-14,NIFTY_MIDSMALL_HEALTHCARE,GRANULES,2,0.9278087583437008,2026-06-23,3,789.0,895.0999755859375,76.49190058729914,60423.78582914799,68467.89834821342,8044.1125190654275,0.13312824426146774,21,1.0,0.060538065422897844
2026-07-14,2026-07-14,NIFTY_MIDSMALL_IT_TELECOM,HFCL,1,0.83548318362532,2026-06-23,1,208.0500030517578,212.77999877929688,290.0846367609275,60423.78582914799,61724.208655882925,1300.4228267349317,0.021521703893429618,21,1.0,0.05457541814388028
2026-07-15,2026-07-15,NIFTY_AUTO,BHARATFORG,1,0.8957456508114291,2026-06-23,1,2108.6025708779703,2100.39990234375,28.621851455985794,60423.78582914799,60117.33400304988,-306.4518260981131,-0.005071708465348806,22,1.0,0.05315034295563274
2026-07-15,2026-07-15,NIFTY_BANK,FEDERALBNK,1,0.8772312353087788,2026-06-23,1,323.3999938964844,327.54998779296875,186.61753463946215,60423.78582914799,61126.57119310975,702.7853639617533,0.011630938947601241,22,1.0,0.054042619761728965
2026-07-15,2026-07-15,NIFTY_CHEMICALS,NAVINFLUOR,1,0.843146585440532,2026-06-29,2,7625.0,7586.0,7.765765721278701,59284.288188791135,58911.098761620226,-373.18942717090977,-0.006294912844065632,16,1.0,0.05208389818008924
2026-07-15,2026-07-15,NIFTY_CONSUMER_DURABLES,KAJARIACER,1,0.7702770899432192,2026-07-13,1,1210.0999755859375,1237.0,49.995591733245384,60571.515842756824,61844.54697402454,1273.031131267715,0.021016993112282244,2,1.0,0.05467738941048823
2026-07-15,2026-07-15,NIFTY_FINANCIAL_SERVICES,BAJFINANCE,1,0.729144741314923,2026-07-15,1,1006.5999755859375,1006.5999755859375,54.997609026279825,55426.34006881267,55360.59190313821,-65.74816567446396,-0.0011862259999999383,0,0.5,0.04894485916041029
2026-07-15,2026-07-15,NIFTY_FINANCIAL_SERVICES,SBIN,2,0.7229829772737494,2026-07-15,2,1015.5,1015.5,54.51560010156397,55426.34006881267,55360.59190313821,-65.74816567446396,-0.0011862259999999383,0,0.5,0.04894485916041029
2026-07-15,2026-07-15,NIFTY_FINANCIAL_SERVICES_EX_BANK,BSE,1,0.8272332817479903,2026-06-23,1,4051.199951171875,3754.39990234375,14.897341600214327,60423.78582914799,55930.57784902615,-4493.207980121842,-0.07436157662855927,22,1.0,0.04944878949940865
2026-07-15,2026-07-15,NIFTY_HEALTHCARE,LAURUSLABS,1,0.9215667677414062,2026-06-23,1,1443.4000244140625,1554.300048828125,41.812462617823854,60423.78582914799,64989.11268850777,4565.326859359775,0.07555512778144223,22,1.0,0.057457531759495736
2026-07-15,2026-07-15,NIFTY_MEDIA,SUNTV,1,1.0,2026-07-16,1,494.6499938964844,494.6499938964844,197.78586115575195,97950.96699728092,97834.7750135036,-116.19198377731664,-0.0011862260000000007,-1,1.0,0.08649671398753446
2026-07-15,2026-07-15,NIFTY_METAL,WELCORP,1,0.9845865296700567,2026-06-23,1,1414.1046060759031,1680.0999755859375,42.678674055701066,60423.78582914799,71704.43923902354,11280.653409875551,0.18669226456237448,22,1.0,0.06339461987456206
2026-07-15,2026-07-15,NIFTY_PHARMA,AUROPHARMA,1,0.7595987381497915,2026-07-09,1,1555.0,1552.800048828125,35.7769272029017,55699.193632177674,55554.41430758604,-144.77932459163276,-0.002599307371444478,6,1.0,0.049116219508298725
2026-07-15,2026-07-15,NIFTY_PRIVATE_BANK,BANDHANBNK,2,0.7092320011304033,2026-07-16,2,217.1300048828125,217.1300048828125,249.1964506824088,54172.28712892276,54108.02655345097,-64.26057547179516,-0.0011862260000000302,-1,0.5,0.04783745346762223
2026-07-15,2026-07-15,NIFTY_PRIVATE_BANK,RBLBANK,3,0.6644132470179073,2026-07-15,3,378.0,378.0,143.14292739008192,54172.28712892276,54108.02655345097,-64.26057547179516,-0.0011862260000000302,0,0.5,0.04783745346762223
2026-07-15,2026-07-15,NIFTY_PSU_BANK,J&KBANK,1,0.8333333333333334,2026-07-06,1,165.00999450683594,182.6300048828125,355.1466851828762,58672.35123966902,64860.44084906335,6188.08960939433,0.10546858066275168,9,1.0,0.05734377168499117
2026-07-15,2026-07-15,NIFTY_REALTY,PHOENIXLTD,1,0.9025796725520724,2026-07-06,2,2070.0,2132.5,31.382665305564654,65039.26845377969,66923.53376411663,1884.2653103369375,0.028971194712560384,9,1.0,0.05916777299514332
2026-07-15,2026-07-15,NIFTY_MIDSMALL_FINANCIAL_SERVICES,ANGELONE,3,0.7314626340534387,2026-07-14,4,340.0,343.3999938964844,172.29694069318106,58650.532622392086,59166.7683824213,516.2357600292162,0.00880189380977801,1,1.0,0.05230993827741332
2026-07-15,2026-07-15,NIFTY_MIDSMALL_HEALTHCARE,GRANULES,2,0.9058537719062287,2026-06-23,3,789.0,895.0999755859375,76.49190058729914,60423.78582914799,68467.89834821342,8044.1125190654275,0.13312824426146774,22,1.0,0.06053316134202367
2026-07-15,2026-07-15,NIFTY_MIDSMALL_IT_TELECOM,HFCL,1,0.8333333333333334,2026-06-23,1,208.0500030517578,223.0800018310547,290.0846367609275,60423.78582914799,64712.08129978854,4288.2954706405435,0.0709703209058427,22,1.0,0.057212605507124745
2026-07-16,2026-07-16,NIFTY_AUTO,BHARATFORG,1,0.8806232638383373,2026-06-23,1,2108.6025708779703,2100.89990234375,28.621851455985794,60423.78582914799,60131.644928777874,-292.1409003701192,-0.004834865878747911,23,1.0,0.050491791359759904
2026-07-16,2026-07-16,NIFTY_BANK,FEDERALBNK,1,0.8588117429710426,2026-06-23,1,323.3999938964844,327.25,186.61753463946215,60423.78582914799,61070.58821076399,646.8023816159985,0.010704433241652093,23,1.0,0.05128021030869842
2026-07-16,2026-07-16,NIFTY_CHEMICALS,NAVINFLUOR,1,0.8322229680339644,2026-06-29,2,7625.0,7639.0,7.765765721278701,59284.288188791135,59322.68434484799,38.39615605685685,0.0006476615850490451,17,1.0,0.049812517259235356
2026-07-16,2026-07-16,NIFTY_CONSUMER_DURABLES,TITAN,1,0.7030102596031422,2026-07-16,1,4585.2998046875,4585.2998046875,13.308365347025275,61095.317880973555,61022.84502642488,-72.47285454867233,-0.0011862259999999443,0,0.5,0.05124012095299634
2026-07-16,2026-07-16,NIFTY_CONSUMER_DURABLES,KAJARIACER,2,0.6899638264700168,2026-07-16,2,1221.0,1221.0,49.97776005440203,61095.317880973555,61022.84502642488,-72.47285454867233,-0.0011862259999999443,0,0.5,0.05124012095299634
2026-07-16,2026-07-16,NIFTY_FINANCIAL_SERVICES,CHOLAFIN,1,0.7743337419289378,2026-07-16,1,1810.5,1810.5,31.165547260081862,56492.23587336934,56425.223314378214,-67.01255899112584,-0.001186226000000043,0,0.5,0.04737955541365811
2026-07-16,2026-07-16,NIFTY_FINANCIAL_SERVICES,BAJFINANCE,2,0.7737747154340446,2026-07-16,2,1024.0,1024.0,55.102757142947475,56492.23587336934,56425.223314378214,-67.01255899112584,-0.001186226000000043,0,0.5,0.04737955541365811
2026-07-16,2026-07-16,NIFTY_FINANCIAL_SERVICES_EX_BANK,BSE,1,0.7404222059927366,2026-06-23,1,4051.199951171875,3700.10009765625,14.897341600214327,60423.78582914799,55121.65510977155,-5302.130719376444,-0.08774906515074292,23,1.0,0.04628496547040651
2026-07-16,2026-07-16,NIFTY_HEALTHCARE,LAURUSLABS,1,0.9210811960462214,2026-06-23,1,1443.4000244140625,1562.0,41.812462617823854,60423.78582914799,65311.06660904086,4887.28077989287,0.08088339240629443,23,1.0,0.05484088706724983
2026-07-16,2026-07-16,NIFTY_MEDIA,SUNTV,1,1.0,2026-07-16,1,494.6499938964844,494.6499938964844,200.33874944585205,99215.25290321038,99097.56119062002,-117.69171259035647,-0.0011862259999999279,0,1.0,0.0832109846624733
2026-07-16,2026-07-16,NIFTY_METAL,WELCORP,1,0.9844507881843721,2026-06-23,1,1414.1046060759031,1671.5999755859375,42.678674055701066,60423.78582914799,71341.67050955008,10917.884680402087,0.1806885240735012,23,1.0,0.05990470985604135
2026-07-16,2026-07-16,NIFTY_PHARMA,AUROPHARMA,1,0.7873253320454842,2026-07-09,1,1555.0,1557.9000244140625,35.7769272029017,55699.193632177674,55736.8757628607,37.6821306830243,0.0006765291959497088,7,1.0,0.04680155857030899
2026-07-16,2026-07-16,NIFTY_PRIVATE_BANK,BANDHANBNK,2,0.7132212034866356,2026-07-16,2,217.1300048828125,217.1300048828125,243.54428743525241,52943.57536562912,52880.77231999745,-62.8030456316701,-0.0011862260000000252,0,0.5,0.04440332417459687
2026-07-16,2026-07-16,NIFTY_PRIVATE_BANK,RBLBANK,3,0.625488266949853,2026-07-16,3,373.20001220703125,373.20001220703125,141.69552676933475,52943.57536562912,52880.77231999745,-62.8030456316701,-0.0011862260000000252,0,0.5,0.04440332417459687
2026-07-16,2026-07-16,NIFTY_PSU_BANK,J&KBANK,1,0.8333333333333334,2026-07-06,1,165.00999450683594,180.6300048828125,355.1466851828762,58672.35123966902,64150.147478697596,5477.796239028576,0.09336248033852404,10,1.0,0.05386607777034345
2026-07-16,2026-07-16,NIFTY_REALTY,PHOENIXLTD,1,0.9208299435191372,2026-07-06,2,2070.0,2093.800048828125,31.382665305564654,65039.26845377969,65709.02614914798,669.7576953682874,0.010297743367827888,10,1.0,0.055175048723604216
2026-07-16,2026-07-16,NIFTY_MIDSMALL_FINANCIAL_SERVICES,ANGELONE,3,0.7135988734474173,2026-07-14,4,340.0,337.95001220703125,172.29694069318106,58650.532622392086,58227.75321049468,-422.7794118974052,-0.007208449659261798,2,1.0,0.048893117258544304
2026-07-16,2026-07-16,NIFTY_MIDSMALL_HEALTHCARE,GRANULES,2,0.9033248802186299,2026-06-23,3,789.0,903.5,76.49190058729914,60423.78582914799,69110.43218062478,8686.646351476782,0.1437620339784537,23,1.0,0.058031166893572364
2026-07-16,2026-07-16,NIFTY_MIDSMALL_IT_TELECOM,HFCL,1,0.8333333333333334,2026-06-23,1,208.0500030517578,227.27999877929688,290.0846367609275,60423.78582914799,65930.43588891637,5506.650059768377,0.09113381401388473,23,1.0,0.055360963717259314
2026-07-17,2026-07-17,NIFTY_AUTO,BHARATFORG,1,0.8785898841193773,2026-06-23,1,2108.6025708779703,2190.5,28.621851455985794,60423.78582914799,62696.16561433688,2272.3797851888885,0.03760737189844714,24,1.0,0.05582875598089358
2026-07-17,2026-07-17,NIFTY_BANK,FEDERALBNK,1,0.8238904604154383,2026-06-23,1,323.3999938964844,349.0,186.61753463946215,60423.78582914799,65129.51958917229,4705.733760024297,0.07787883025618507,24,1.0,0.0579955731051159
2026-07-17,2026-07-17,NIFTY_CHEMICALS,NAVINFLUOR,2,0.782326566367526,2026-06-29,2,7625.0,7579.0,7.765765721278701,59284.288188791135,58856.738401571274,-427.5497872198612,-0.007211856636590231,18,1.0,0.052409879517436024
2026-07-17,2026-07-17,NIFTY_CONSUMER_DURABLES,TITAN,1,0.7201043908576226,2026-07-16,1,4585.2998046875,4638.10009765625,13.308365347025275,61095.317880973555,61725.530615682976,630.212734709421,0.010315237837655696,1,1.0,0.05496443925665084
2026-07-17,2026-07-17,NIFTY_FINANCIAL_SERVICES,BAJFINANCE,1,0.795015409961327,2026-07-16,2,1024.0,1056.300048828125,55.102757142947475,56492.23587336934,58205.04506065973,1712.8091872903897,0.03031937328750365,1,1.0,0.05182956925208538
2026-07-17,2026-07-17,NIFTY_FINANCIAL_SERVICES_EX_BANK,BSE,1,0.7437844398776985,2026-06-23,1,4051.199951171875,3581.800048828125,14.897341600214327,60423.78582914799,53359.29887105693,-7064.48695809106,-0.11691566261780312,24,1.0,0.04751460072229037
2026-07-17,2026-07-17,NIFTY_HEALTHCARE,LAURUSLABS,1,0.9216110388901727,2026-06-23,1,1443.4000244140625,1529.800048828125,41.812462617823854,60423.78582914799,63964.70735437109,3540.9215252230933,0.05860145101194534,24,1.0,0.056958348302242064
2026-07-17,2026-07-17,NIFTY_MEDIA,SUNTV,1,1.0,2026-07-17,1,504.5,504.5,197.63528499644286,99825.41678555729,99707.00128070543,-118.41550485185871,-0.0011862259999999422,0,1.0,0.0887856185389149
2026-07-17,2026-07-17,NIFTY_METAL,WELCORP,1,0.9837397056259327,2026-06-23,1,1414.1046060759031,1581.5,42.678674055701066,60423.78582914799,67496.32301909123,7072.537189943236,0.11704889213564462,24,1.0,0.060103129282578056
2026-07-17,2026-07-17,NIFTY_PHARMA,AUROPHARMA,1,0.7825367288241418,2026-07-09,1,1555.0,1533.4000244140625,35.7769272029017,55699.193632177674,54860.34104638961,-838.8525857880668,-0.015060408079291437,8,1.0,0.048851226598889665
2026-07-17,2026-07-17,NIFTY_PRIVATE_BANK,BANDHANBNK,2,0.7229936050425713,2026-07-17,2,213.86000061035156,213.86000061035156,242.828783846458,51993.0393567184,51931.36386161444,-61.67549510396202,-0.0011862259999999882,0,0.5,0.04624307423550136
2026-07-17,2026-07-17,NIFTY_PRIVATE_BANK,INDUSINDBK,3,0.5851056297722906,2026-07-17,3,1013.7999877929688,1013.7999877929688,51.22446684445956,51993.0393567184,51931.36386161444,-61.67549510396202,-0.0011862259999999882,0,0.5,0.04624307423550136
2026-07-17,2026-07-17,NIFTY_PSU_BANK,J&KBANK,1,0.8333333333333334,2026-07-06,1,165.00999450683594,182.69000244140625,355.1466851828762,58672.35123966902,64881.748783116986,6209.397543447965,0.105831748894524,11,1.0,0.05777494181554804
2026-07-17,2026-07-17,NIFTY_REALTY,PHOENIXLTD,1,0.8801416104429104,2026-07-06,2,2070.0,2075.800048828125,31.382665305564654,65039.26845377969,65144.138173647814,104.86971986812569,0.001612406202610529,11,1.0,0.058008590446407396
2026-07-17,2026-07-17,NIFTY_MIDSMALL_FINANCIAL_SERVICES,ANGELONE,4,0.6734535467605614,2026-07-17,4,337.04998779296875,337.04998779296875,168.97756717008775,57021.52737028999,56953.886951963636,-67.64041832635121,-0.001186226000000028,0,0.5,0.05071545645013856
2026-07-17,2026-07-17,NIFTY_MIDSMALL_FINANCIAL_SERVICES,MCX,6,0.6191428121509914,2026-07-17,6,2810.0,2810.0,20.268287171517308,57021.52737028999,56953.886951963636,-67.64041832635121,-0.001186226000000028,0,0.5,0.05071545645013856
2026-07-17,2026-07-17,NIFTY_MIDSMALL_HEALTHCARE,GRANULES,2,0.923744508296424,2026-06-23,3,789.0,880.7999877929688,76.49190058729914,60423.78582914799,67374.06510355406,6950.279274406072,0.11502555126318,24,1.0,0.05999426285882828
2026-07-17,2026-07-17,NIFTY_MIDSMALL_IT_TELECOM,HFCL,1,0.8333333333333334,2026-06-23,1,208.0500030517578,213.1699981689453,290.0846367609275,60423.78582914799,61837.34148716608,1413.5556580180855,0.02339402668371363,24,1.0,0.05506400295083973
2026-07-20,2026-07-20,NIFTY_AUTO,BHARATFORG,1,0.8754029435265694,2026-06-23,1,2108.6025708779703,2208.800048828125,28.621851455985794,60423.78582914799,63219.94689353276,2796.161064384767,0.046275833697198086,27,1.0,0.05325437566284713
2026-07-20,2026-07-20,NIFTY_BANK,FEDERALBNK,1,0.9153482274374353,2026-06-23,1,323.3999938964844,351.25,186.61753463946215,60423.78582914799,65549.40904211107,5125.623212963081,0.08482790580941252,27,1.0,0.05521663691817038
2026-07-20,2026-07-20,NIFTY_CHEMICALS,NAVINFLUOR,2,0.7483218041309009,2026-06-29,2,7625.0,7890.0,7.765765721278701,59284.288188791135,61271.89154088895,1987.6033520978162,0.03352664614557373,21,1.0,0.05161339877723817
2026-07-20,2026-07-20,NIFTY_CONSUMER_DURABLES,KALYANKJIL,1,0.7325785816910113,2026-07-20,1,573.9000244140625,573.9000244140625,107.57675326023535,61811.62387778069,61738.30132243464,-73.32255534604337,-0.0011862259999999855,0,0.5,0.05200628682823717
2026-07-20,2026-07-20,NIFTY_CONSUMER_DURABLES,TITAN,2,0.7137409147825468,2026-07-20,2,4638.10009765625,4638.10009765625,13.311118781941031,61811.62387778069,61738.30132243464,-73.32255534604337,-0.0011862259999999855,0,0.5,0.05200628682823717
2026-07-20,2026-07-20,NIFTY_FINANCIAL_SERVICES,BAJFINANCE,1,0.8399427796058795,2026-07-16,2,1024.0,1065.0,55.102757142947475,56492.23587336934,58684.43635723906,2192.2004838697176,0.038805341123046774,4,1.0,0.049433812790034996
2026-07-20,2026-07-20,NIFTY_FINANCIAL_SERVICES_EX_BANK,BSE,1,0.7382956598685805,2026-06-23,1,4051.199951171875,3650.0,14.897341600214327,60423.78582914799,54375.29684078229,-6048.4889883657015,-0.10010112582929145,27,1.0,0.0458039373176707
2026-07-20,2026-07-20,NIFTY_HEALTHCARE,LAURUSLABS,1,0.9193671738013517,2026-06-23,1,1443.4000244140625,1559.0,41.812462617823854,60423.78582914799,65185.62922118739,4761.8433920393945,0.07880743198553965,27,1.0,0.05491020092456446
2026-07-20,2026-07-20,NIFTY_MEDIA,SUNTV,1,1.0,2026-07-20,1,495.0,495.0,195.06497709373315,96671.8383094684,96557.1636613979,-114.67464807048964,-0.0011862260000000226,0,1.0,0.08133653568584567
2026-07-20,2026-07-20,NIFTY_METAL,WELCORP,1,0.9821692717158464,2026-06-23,1,1414.1046060759031,1628.0999755859375,42.678674055701066,60423.78582914799,69485.14818812709,9061.362358979095,0.14996349921867955,27,1.0,0.05853197236674145
2026-07-20,2026-07-20,NIFTY_PHARMA,AUROPHARMA,1,0.795564591042179,2026-07-09,1,1555.0,1561.0,35.7769272029017,55699.193632177674,55847.783363729555,148.5897315518814,0.002667717822507945,11,1.0,0.04704431087545891
2026-07-20,2026-07-20,NIFTY_PRIVATE_BANK,BANDHANBNK,2,0.6986904907464767,2026-07-20,2,213.60000610351562,213.60000610351562,243.49974413934424,52073.31755756146,52011.546834368426,-61.77072319303261,-0.0011862259999999368,0,0.5,0.04381279311398111
2026-07-20,2026-07-20,NIFTY_PRIVATE_BANK,INDUSINDBK,3,0.5816653041470605,2026-07-20,3,1029.0,1029.0,50.54572092747175,52073.31755756146,52011.546834368426,-61.77072319303261,-0.0011862259999999368,0,0.5,0.04381279311398111
2026-07-20,2026-07-20,NIFTY_PSU_BANK,J&KBANK,1,0.8333333333333334,2026-07-06,1,165.00999450683594,182.52000427246094,355.1466851828762,58672.35123966902,64821.374496928904,6149.023257259883,0.1048027414504306,14,1.0,0.054603364888221435
2026-07-20,2026-07-20,NIFTY_REALTY,PHOENIXLTD,1,0.8263120637104848,2026-07-06,2,2070.0,2075.0,31.382665305564654,65039.26845377969,65119.03050904666,79.76205526696867,0.0012263676570048103,14,1.0,0.054854100389697236
2026-07-20,2026-07-20,NIFTY_MIDSMALL_FINANCIAL_SERVICES,PNBHOUSING,4,0.6531627268380212,2026-07-20,4,1101.800048828125,1101.800048828125,50.67108384727087,55895.707598739085,55829.40265709706,-66.30494164202537,-0.0011862260000000625,0,0.5,0.04702882758096004
2026-07-20,2026-07-20,NIFTY_MIDSMALL_FINANCIAL_SERVICES,ABCAPITAL,6,0.6105695853106408,2026-07-20,6,400.95001220703125,400.95001220703125,139.24280074162823,55895.707598739085,55829.40265709706,-66.30494164202537,-0.0011862260000000625,0,0.5,0.04702882758096004
2026-07-20,2026-07-20,NIFTY_MIDSMALL_HEALTHCARE,GRANULES,2,0.9148026942059481,2026-06-23,3,789.0,878.4000244140625,76.49190058729914,60423.78582914799,67190.4873433616,6766.701514213608,0.11198738081964736,27,1.0,0.05659902656955876
2026-07-20,2026-07-20,NIFTY_MIDSMALL_IT_TELECOM,HFCL,1,0.8333333333333334,2026-06-23,1,208.0500030517578,209.1300048828125,290.0846367609275,60423.78582914799,60665.40150224166,241.61567309366364,0.003998684785770408,27,1.0,0.051102511787594056
2026-07-21,2026-07-21,NIFTY_AUTO,BHARATFORG,1,0.9107600649252364,2026-06-23,1,2108.6025708779703,2201.800048828125,28.621851455985794,60423.78582914799,63019.59393334086,2595.808104192867,0.04296003748478581,28,1.0,0.05556327795192547
2026-07-21,2026-07-21,NIFTY_BANK,FEDERALBNK,1,0.9463025092956849,2026-06-23,1,323.3999938964844,356.04998779296875,186.61753463946215,60423.78582914799,66445.17093033443,6021.385101186432,0.09965256262181704,28,1.0,0.05858354950478575
2026-07-21,2026-07-21,NIFTY_CHEMICALS,NAVINFLUOR,2,0.7512089449899522,2026-06-29,2,7625.0,7882.0,7.765765721278701,59284.288188791135,61209.765415118716,1925.4772263275809,0.03247871038268838,22,1.0,0.05396758368087596
2026-07-21,2026-07-21,NIFTY_CONSUMER_DURABLES,TITAN,1,0.7224899387795546,2026-07-20,2,4638.10009765625,4688.7001953125,13.311118781941031,61811.62387778069,62411.845232714804,600.2213549341177,0.009710493225690486,1,1.0,0.05502743651166602
2026-07-21,2026-07-21,NIFTY_FINANCIAL_SERVICES,BAJFINANCE,1,0.8057463540460419,2026-07-16,2,1024.0,1069.199951171875,55.102757142947475,56492.23587336934,58915.86524667512,2423.629373305783,0.04290199061581648,5,1.0,0.05194509187002714
2026-07-21,2026-07-21,NIFTY_FINANCIAL_SERVICES_EX_BANK,BSE,1,0.8014307074078146,2026-06-23,1,4051.199951171875,3664.0,14.897341600214327,60423.78582914799,54583.85962318529,-5839.9262059627,-0.09664945891466407,28,1.0,0.048125637990304095
2026-07-21,2026-07-21,NIFTY_HEALTHCARE,LAURUSLABS,1,0.9202915774729603,2026-06-23,1,1443.4000244140625,1593.199951171875,41.812462617823854,60423.78582914799,66615.6134010928,6191.827571944814,0.10247334699372514,28,1.0,0.05873382566155658
2026-07-21,2026-07-21,NIFTY_MEDIA,SUNTV,1,1.0,2026-07-21,1,490.1000061035156,490.1000061035156,196.3194818938781,96330.44895757383,96216.17927442868,-114.2696831451467,-0.0011862259999999973,0,1.0,0.08483212884792955
2026-07-21,2026-07-21,NIFTY_METAL,WELCORP,1,0.9824389389620652,2026-06-23,1,1414.1046060759031,1628.9000244140625,42.678674055701066,60423.78582914799,69519.29321129128,9095.507382143289,0.15052859163544305,28,1.0,0.061293949558072124
2026-07-21,2026-07-21,NIFTY_PHARMA,AUROPHARMA,1,0.7856149574474202,2026-07-09,1,1555.0,1579.699951171875,35.7769272029017,55699.193632177674,56516.81015550355,817.6165233258725,0.014679144705849597,12,1.0,0.04982988679597119
2026-07-21,2026-07-21,NIFTY_PRIVATE_BANK,BANDHANBNK,2,0.7176769918782426,2026-07-21,2,211.89999389648438,211.89999389648438,246.27313151073056,52247.252112876755,52185.2750639919,-61.97704888485168,-0.0011862260000000447,0,0.5,0.046010847776095015
2026-07-21,2026-07-21,NIFTY_PRIVATE_BANK,INDUSINDBK,3,0.6278128555638309,2026-07-21,3,1037.800048828125,1037.800048828125,50.284517834547295,52247.252112876755,52185.2750639919,-61.97704888485168,-0.0011862260000000447,0,0.5,0.046010847776095015
2026-07-21,2026-07-21,NIFTY_PSU_BANK,J&KBANK,1,0.8333333333333334,2026-07-06,1,165.00999450683594,186.92999267578125,355.1466851828762,58672.35123966902,66387.56726006304,7715.216020394015,0.13149662247006855,15,1.0,0.05853276135236246
2026-07-21,2026-07-21,NIFTY_REALTY,PHOENIXLTD,1,0.8532196043587659,2026-07-06,2,2070.0,2091.199951171875,31.382665305564654,65039.26845377969,65627.4281546401,588.1597008604149,0.009043147545215579,15,1.0,0.057862559947361066
2026-07-21,2026-07-21,NIFTY_MIDSMALL_FINANCIAL_SERVICES,PNBHOUSING,5,0.6473795789984815,2026-07-21,5,1095.9000244140625,1095.9000244140625,51.164240698752984,56137.484374429914,56070.89263089037,-66.59174353954586,-0.00118622600000006,0,0.5,0.04943672908394397
2026-07-21,2026-07-21,NIFTY_MIDSMALL_FINANCIAL_SERVICES,RBLBANK,6,0.6226179346429045,2026-07-21,6,369.04998779296875,369.04998779296875,151.93305645723328,56137.484374429914,56070.89263089037,-66.59174353954586,-0.00118622600000006,0,0.5,0.04943672908394397
2026-07-21,2026-07-21,NIFTY_MIDSMALL_HEALTHCARE,GRANULES,2,0.8783479886973671,2026-06-23,3,789.0,875.7000122070312,76.49190058729914,60423.78582914799,66983.95827803688,6560.172448888887,0.10856937146305565,28,1.0,0.05905858892171753
2026-07-21,2026-07-21,NIFTY_MIDSMALL_IT_TELECOM,HFCL,1,0.8333333333333334,2026-06-23,1,208.0500030517578,217.97000122070312,290.0846367609275,60423.78582914799,63229.748628886584,2805.9627997385905,0.04643805020216086,28,1.0,0.05574856768536711
2026-07-22,2026-07-22,NIFTY_AUTO,BHARATFORG,1,0.8858777758948777,2026-07-22,1,2188.0,2188.0,26.683517211230736,58452.87397705916,58383.53565817285,-69.33831888630812,-0.001186225999999951,0,0.5,0.03125
2026-07-22,2026-07-22,NIFTY_AUTO,EXIDEIND,2,0.5510121013687251,2026-07-22,2,442.95001220703125,442.95001220703125,131.80614978939172,58452.87397705916,58383.53565817285,-69.33831888630812,-0.001186225999999951,0,0.5,0.03125
2026-07-22,2026-07-22,NIFTY_BANK,FEDERALBNK,1,0.8855387538205245,2026-07-22,1,354.1000061035156,354.1000061035156,164.87866323590328,58452.87397705916,58383.53565817285,-69.33831888630812,-0.001186225999999951,0,0.5,0.03125
2026-07-22,2026-07-22,NIFTY_BANK,BANDHANBNK,2,0.6715992820526994,2026-07-22,2,187.9499969482422,187.9499969482422,310.6333418789602,58452.87397705916,58383.53565817285,-69.33831888630812,-0.001186225999999951,0,0.5,0.03125
2026-07-22,2026-07-22,NIFTY_CHEMICALS,HSCL,1,0.8558086277517918,2026-07-22,1,819.0,819.0,71.28636832499737,58452.87397705916,58383.53565817285,-69.33831888630812,-0.001186225999999951,0,0.5,0.03125
2026-07-22,2026-07-22,NIFTY_CHEMICALS,NAVINFLUOR,2,0.7090678820906892,2026-07-22,2,7882.0,7882.0,7.407198129684452,58452.87397705916,58383.53565817285,-69.33831888630812,-0.001186225999999951,0,0.5,0.03125
2026-07-22,2026-07-22,NIFTY_CONSUMER_DURABLES,KALYANKJIL,1,0.7435919983610227,2026-07-22,1,577.0,577.0,101.1846371892077,58452.87397705916,58383.53565817285,-69.33831888630812,-0.001186225999999951,0,0.5,0.03125
2026-07-22,2026-07-22,NIFTY_CONSUMER_DURABLES,TITAN,2,0.7248190556815169,2026-07-22,2,4685.7001953125,4685.7001953125,12.459938370913873,58452.87397705916,58383.53565817285,-69.33831888630812,-0.001186225999999951,0,0.5,0.03125
2026-07-22,2026-07-22,NIFTY_FINANCIAL_SERVICES,BAJFINANCE,1,0.8288304182674915,2026-07-22,1,1064.0,1064.0,54.871744039636134,58452.87397705916,58383.53565817285,-69.33831888630812,-0.001186225999999951,0,0.5,0.03125
2026-07-22,2026-07-22,NIFTY_FINANCIAL_SERVICES,ICICIBANK,2,0.7447455181456397,2026-07-22,2,1466.4000244140625,1466.4000244140625,39.814194412265834,58452.87397705916,58383.53565817285,-69.33831888630812,-0.001186225999999951,0,0.5,0.03125
2026-07-22,2026-07-22,NIFTY_FINANCIAL_SERVICES_EX_BANK,BSE,1,0.7939354718756702,2026-07-22,1,3664.0,3664.0,15.934371085745864,58452.87397705916,58383.53565817285,-69.33831888630812,-0.001186225999999951,0,0.5,0.03125
2026-07-22,2026-07-22,NIFTY_FINANCIAL_SERVICES_EX_BANK,ABCAPITAL,2,0.7069825641399066,2026-07-22,2,408.3999938964844,408.3999938964844,142.95674958548383,58452.87397705916,58383.53565817285,-69.33831888630812,-0.001186225999999951,0,0.5,0.03125
2026-07-22,2026-07-22,NIFTY_HEALTHCARE,LAURUSLABS,1,0.916306982013182,2026-07-22,1,1591.0,1591.0,36.696125492251944,58452.87397705916,58383.53565817285,-69.33831888630812,-0.001186225999999951,0,0.5,0.03125
2026-07-22,2026-07-22,NIFTY_HEALTHCARE,TORNTPHARM,2,0.6732147799390902,2026-07-22,2,5065.89990234375,5065.89990234375,11.524810356233367,58452.87397705916,58383.53565817285,-69.33831888630812,-0.001186225999999951,0,0.5,0.03125
2026-07-22,2026-07-22,NIFTY_MEDIA,SUNTV,1,1.0,2026-07-22,1,496.0,496.0,235.41748249263244,116905.74795411831,116767.0713163457,-138.67663777261623,-0.001186225999999951,0,1.0,0.0625
2026-07-22,2026-07-22,NIFTY_METAL,WELCORP,1,0.9836084709436294,2026-07-22,1,1632.5999755859375,1632.5999755859375,35.76107836043492,58452.87397705916,58383.53565817285,-69.33831888630812,-0.001186225999999951,0,0.5,0.03125
2026-07-22,2026-07-22,NIFTY_METAL,NATIONALUM,2,0.5492191348378191,2026-07-22,2,344.20001220703125,344.20001220703125,169.62095754678825,58452.87397705916,58383.53565817285,-69.33831888630812,-0.001186225999999951,0,0.5,0.03125
2026-07-22,2026-07-22,NIFTY_PHARMA,AUROPHARMA,1,0.8079164597243542,2026-07-22,1,1564.0,1564.0,37.32962637990591,58452.87397705916,58383.53565817285,-69.33831888630812,-0.001186225999999951,0,0.5,0.03125
2026-07-22,2026-07-22,NIFTY_PHARMA,SUNPHARMA,2,0.6417058437685718,2026-07-22,2,1938.0,1938.0,30.125663394310035,58452.87397705916,58383.53565817285,-69.33831888630812,-0.001186225999999951,0,0.5,0.03125
2026-07-22,2026-07-22,NIFTY_PRIVATE_BANK,INDUSINDBK,3,0.662696213033848,2026-07-22,3,1058.0,1058.0,55.18292595290439,58452.87397705916,58383.53565817285,-69.33831888630812,-0.001186225999999951,0,0.5,0.03125
2026-07-22,2026-07-22,NIFTY_PRIVATE_BANK,RBLBANK,4,0.5288027459521578,2026-07-22,4,367.0,367.0,159.0832034282639,58452.87397705916,58383.53565817285,-69.33831888630812,-0.001186225999999951,0,0.5,0.03125
2026-07-22,2026-07-22,NIFTY_PSU_BANK,J&KBANK,1,0.8333333333333334,2026-07-22,1,187.0,187.0,312.21142063194037,58452.87397705916,58383.53565817285,-69.33831888630812,-0.001186225999999951,0,0.5,0.03125
2026-07-22,2026-07-22,NIFTY_PSU_BANK,MAHABANK,2,0.47412247114617245,2026-07-22,2,81.19999694824219,81.19999694824219,719.0090868523947,58452.87397705916,58383.53565817285,-69.33831888630812,-0.001186225999999951,0,0.5,0.03125
2026-07-22,2026-07-22,NIFTY_REALTY,PHOENIXLTD,1,0.8547984650782419,2026-07-22,1,2093.199951171875,2093.199951171875,27.89200125171363,58452.87397705916,58383.53565817285,-69.33831888630812,-0.001186225999999951,0,0.5,0.03125
2026-07-22,2026-07-22,NIFTY_REALTY,OBEROIRLTY,2,0.8104240973382845,2026-07-22,2,1878.199951171875,1878.199951171875,31.084835042054657,58452.87397705916,58383.53565817285,-69.33831888630812,-0.001186225999999951,0,0.5,0.03125
2026-07-22,2026-07-22,NIFTY_MIDSMALL_FINANCIAL_SERVICES,PNBHOUSING,6,0.6092033019815324,2026-07-22,6,1090.0,1090.0,53.56287675061729,58452.87397705916,58383.53565817285,-69.33831888630812,-0.001186225999999951,0,0.5,0.03125
2026-07-22,2026-07-22,NIFTY_MIDSMALL_FINANCIAL_SERVICES,IDFCFIRSTB,8,0.5713910545692731,2026-07-22,8,81.3499984741211,81.3499984741211,717.6833036665109,58452.87397705916,58383.53565817285,-69.33831888630812,-0.001186225999999951,0,0.5,0.03125
2026-07-22,2026-07-22,NIFTY_MIDSMALL_HEALTHCARE,GRANULES,2,0.871593538406242,2026-07-22,2,882.25,882.25,66.17572758081366,58452.87397705916,58383.53565817285,-69.33831888630812,-0.001186225999999951,0,0.5,0.03125
2026-07-22,2026-07-22,NIFTY_MIDSMALL_HEALTHCARE,SAILIFE,3,0.8148901176884512,2026-07-22,3,1285.0,1285.0,45.434658099745405,58452.87397705916,58383.53565817285,-69.33831888630812,-0.001186225999999951,0,0.5,0.03125
2026-07-22,2026-07-22,NIFTY_MIDSMALL_IT_TELECOM,HFCL,1,0.8333333333333334,2026-07-22,1,222.0,222.0,262.988899361139,58452.87397705916,58383.53565817285,-69.33831888630812,-0.001186225999999951,0,0.5,0.03125
2026-07-22,2026-07-22,NIFTY_MIDSMALL_IT_TELECOM,OFSS,2,0.4474474619789739,2026-07-22,2,11632.0,11632.0,5.019217302112521,58452.87397705916,58383.53565817285,-69.33831888630812,-0.001186225999999951,0,0.5,0.03125
2026-07-23,2026-07-23,NIFTY_AUTO,BHARATFORG,1,0.8767740881095698,2026-07-22,1,2188.0,2175.300048828125,26.683517211230736,58452.87397705916,58044.65629249634,-408.21768456282007,-0.006983705963252246,1,1.0,0.0425494548156512
2026-07-23,2026-07-23,NIFTY_BANK,FEDERALBNK,1,0.9500527075749196,2026-07-22,1,354.1000061035156,354.3999938964844,164.87866323590328,58452.87397705916,58432.99724446463,-19.87673259453004,-0.0003400471395526422,1,1.0,0.04283412694301424
2026-07-23,2026-07-23,NIFTY_CHEMICALS,HSCL,1,0.8568281677256028,2026-07-22,1,819.0,777.6500244140625,71.28636832499737,58452.87397705916,55435.846068324056,-3017.027908735101,-0.051614706060803546,1,0.4937506612410215,0.04063707459245437
2026-07-23,2026-07-23,NIFTY_CHEMICALS,NAVINFLUOR,2,0.7323997599969564,2026-07-22,2,7882.0,7673.5,7.407198129684452,58452.87397705916,56839.13484813364,-1613.7391289255174,-0.027607524132326793,1,0.5062493387589786,0.04166575106921623
2026-07-23,2026-07-23,NIFTY_CONSUMER_DURABLES,KALYANKJIL,1,0.8005864489311336,2026-07-22,1,577.0,585.5999755859375,101.1846371892077,58452.87397705916,59253.72106767198,800.8470906128205,0.013700730796010592,1,1.0,0.04343575598972124
2026-07-23,2026-07-23,NIFTY_FINANCIAL_SERVICES,M&MFIN,1,0.7767610767152504,2026-07-23,1,373.95001220703125,373.95001220703125,152.31912941064323,57027.38767244354,56959.740302474405,-67.64736996913416,-0.0011862260000000378,0,0.5,0.041754160522519464
2026-07-23,2026-07-23,NIFTY_FINANCIAL_SERVICES,BAJFINANCE,2,0.7170439624503653,2026-07-23,2,1053.300048828125,1053.300048828125,54.07741162249672,57027.38767244354,56959.740302474405,-67.64736996913416,-0.0011862260000000378,0,0.5,0.041754160522519464
2026-07-23,2026-07-23,NIFTY_FINANCIAL_SERVICES_EX_BANK,BSE,1,0.7919057920151668,2026-07-22,1,3664.0,3579.0,15.934371085745864,58452.87397705916,57029.11411588445,-1423.759861174709,-0.02435739706713973,1,0.5042188160542126,0.041805014780734125
2026-07-23,2026-07-23,NIFTY_FINANCIAL_SERVICES_EX_BANK,ABCAPITAL,2,0.6836376686961921,2026-07-22,2,408.3999938964844,392.25,142.95674958548383,58452.87397705916,56074.785024906036,-2378.0889521531208,-0.04068386702570763,1,0.4957811839457874,0.04110544680790944
2026-07-23,2026-07-23,NIFTY_HEALTHCARE,LAURUSLABS,1,0.9197449351531528,2026-07-22,1,1591.0,1568.300048828125,36.696125492251944,58452.87397705916,57550.53540130173,-902.3385757574288,-0.015437026691135275,1,0.4964419706721088,0.04218724103274226
2026-07-23,2026-07-23,NIFTY_HEALTHCARE,TORNTPHARM,2,0.6769597437422825,2026-07-22,2,5065.89990234375,5065.2001953125,11.524810356233367,58452.87397705916,58375.47166733277,-77.40230972638528,-0.0013241831318125293,1,0.5035580293278912,0.042791957997563315
2026-07-23,2026-07-23,NIFTY_MEDIA,SUNTV,1,1.0,2026-07-23,1,493.20001220703125,493.20001220703125,232.72754721618722,114917.54731041181,114781.22912793598,-136.31818247583578,-0.0011862259999999584,0,1.0,0.08414002312036048
2026-07-23,2026-07-23,NIFTY_METAL,WELCORP,1,0.9835004646303214,2026-07-22,1,1632.5999755859375,1612.800048828125,35.76107836043492,58452.87397705916,57675.46892585585,-777.4050512033064,-0.013299689105251051,1,1.0,0.042278823164458024
2026-07-23,2026-07-23,NIFTY_PHARMA,AUROPHARMA,1,0.7463123916770431,2026-07-22,1,1564.0,1523.4000244140625,37.32962637990591,58452.87397705916,56867.953738516495,-1584.9202385426615,-0.027114496357607515,1,1.0,0.04168687666720416
2026-07-23,2026-07-23,NIFTY_PRIVATE_BANK,INDUSINDBK,2,0.7687583733912882,2026-07-23,2,1036.5999755859375,1036.5999755859375,53.795940227470034,55831.09862721816,55764.87032641799,-66.22830080016865,-0.0011862259999999671,0,0.5,0.04087826480180756
2026-07-23,2026-07-23,NIFTY_PRIVATE_BANK,RBLBANK,3,0.6201510419729858,2026-07-23,3,356.20001220703125,356.20001220703125,156.5549365955839,55831.09862721816,55764.87032641799,-66.22830080016865,-0.0011862259999999671,0,0.5,0.04087826480180756
2026-07-23,2026-07-23,NIFTY_PSU_BANK,J&KBANK,1,0.8333333333333334,2026-07-22,1,187.0,173.41000366210938,312.21142063194037,58452.87397705916,54140.58359513715,-4312.290381922008,-0.07377379568392893,1,1.0,0.039687586463873624
2026-07-23,2026-07-23,NIFTY_REALTY,PHOENIXLTD,1,0.852551504022927,2026-07-22,1,2093.199951171875,2035.5999755859375,27.89200125171363,58452.87397705916,56776.9570670312,-1675.9169100279541,-0.02867124909351244,1,1.0,0.04162017184010987
2026-07-23,2026-07-23,NIFTY_MIDSMALL_FINANCIAL_SERVICES,MANAPPURAM,5,0.6547890451759013,2026-07-23,5,348.3999938964844,348.3999938964844,163.9343923896961,57182.57276255182,57114.74130799399,-67.83145455783233,-0.001186226000000027,0,0.5,0.04186778352766746
2026-07-23,2026-07-23,NIFTY_MIDSMALL_FINANCIAL_SERVICES,PNBHOUSING,6,0.6442704145040894,2026-07-23,6,1080.0,1080.0,52.884019729624065,57182.57276255182,57114.74130799399,-67.83145455783233,-0.001186226000000027,0,0.5,0.04186778352766746
2026-07-23,2026-07-23,NIFTY_MIDSMALL_HEALTHCARE,GRANULES,2,0.8306584892765917,2026-07-22,2,882.25,852.5499877929688,66.17572758081366,58452.87397705916,56418.11574121351,-2034.7582358456493,-0.03481023425202712,1,0.5002904436499729,0.041357124321972666
2026-07-23,2026-07-23,NIFTY_MIDSMALL_HEALTHCARE,SAILIFE,3,0.7841150423548531,2026-07-22,3,1285.0,1240.300048828125,45.434658099745405,58452.87397705916,56352.60865960339,-2100.2653174557636,-0.03593091621602813,1,0.4997095563500272,0.04130910455948102
2026-07-23,2026-07-23,NIFTY_MIDSMALL_IT_TELECOM,HFCL,1,0.8333333333333334,2026-07-22,1,222.0,207.00999450683594,262.988899361139,58452.87397705916,54441.330612108206,-4011.5433649509505,-0.06862867626535096,1,1.0,0.03990804812954476
2026-07-24,2026-07-24,NIFTY_AUTO,BHARATFORG,1,0.8923780276048948,2026-07-22,1,2188.0,2151.60009765625,26.683517211230736,58452.87397705916,57412.25823749628,-1040.6157395628761,-0.017802644570928776,2,1.0,0.04865568646314777
2026-07-24,2026-07-24,NIFTY_BANK,FEDERALBNK,1,0.9836018129427417,2026-07-22,1,354.1000061035156,354.29998779296875,164.87866323590328,58452.87397705916,58416.50837180154,-36.36560525761888,-0.0006221354534576212,2,1.0,0.04950676741981737
2026-07-24,2026-07-24,NIFTY_CHEMICALS,HSCL,1,0.8553044370956208,2026-07-22,1,819.0,789.5499877929688,71.28636832499737,58452.87397705916,56284.15124080675,-2168.7227362524063,-0.037102071954640915,2,1.0,0.047699639409559465
2026-07-24,2026-07-24,NIFTY_CONSUMER_DURABLES,KALYANKJIL,1,0.7949391936267368,2026-07-22,1,577.0,573.5499877929688,101.1846371892077,58452.87397705916,58034.44742470605,-418.4265523531067,-0.007158357218112584,2,1.0,0.049182978768710965
2026-07-24,2026-07-24,NIFTY_FINANCIAL_SERVICES,M&MFIN,1,0.7250679214402319,2026-07-23,1,373.95001220703125,356.5,152.31912941064323,57027.38767244354,54301.769634894314,-2725.618037549226,-0.047794895554479064,1,1.0,0.046019612515849996
2026-07-24,2026-07-24,NIFTY_FINANCIAL_SERVICES_EX_BANK,BSE,1,0.8006947036073564,2026-07-22,1,3664.0,3549.699951171875,15.934371085745864,58452.87397705916,56562.23626502663,-1890.637712032527,-0.03234464934563423,2,0.5011461384939886,0.0479353106436114
2026-07-24,2026-07-24,NIFTY_FINANCIAL_SERVICES_EX_BANK,ABCAPITAL,2,0.6706827879657891,2026-07-22,2,408.3999938964844,393.8500061035156,142.95674958548383,58452.87397705916,56303.51669678156,-2149.357280277596,-0.036770771632565896,2,0.4988538615060114,0.047716051227924605
2026-07-24,2026-07-24,NIFTY_HEALTHCARE,LAURUSLABS,1,0.9184174478389312,2026-07-22,1,1591.0,1601.199951171875,36.696125492251944,58452.87397705916,58757.83434639081,304.96036933165306,0.005217200602511692,2,0.506803141774784,0.049796034034843104
2026-07-24,2026-07-24,NIFTY_HEALTHCARE,TORNTPHARM,2,0.7008259007853281,2026-07-22,2,5065.89990234375,4961.5,11.524810356233367,58452.87397705916,57180.34658245185,-1272.5273946073066,-0.02177014247591542,2,0.493196858225216,0.04845914619245655
2026-07-24,2026-07-24,NIFTY_MEDIA,SUNTV,1,1.0,2026-07-24,1,486.79998779296875,486.79998779296875,232.25831183386916,113197.6213270994,113063.34336554304,-134.27796155636315,-0.0011862260000000294,0,1.0,0.09581881560053723
2026-07-24,2026-07-24,NIFTY_METAL,WELCORP,1,0.9832968277606989,2026-07-22,1,1632.5999755859375,1596.9000244140625,35.76107836043492,58452.87397705916,57106.86690685173,-1346.00707020743,-0.023027217972818474,2,1.0,0.0483968737062808
2026-07-24,2026-07-24,NIFTY_PHARMA,AUROPHARMA,1,0.7671891667062144,2026-07-22,1,1564.0,1532.0,37.32962637990591,58452.87397705916,57188.98761401585,-1263.8863630433043,-0.021622313447570405,2,1.0,0.04846646928573668
2026-07-24,2026-07-24,NIFTY_PRIVATE_BANK,INDUSINDBK,2,0.6697926096752892,2026-07-24,2,1000.0,1000.0,54.294971181406225,54359.45377882446,54294.971181406225,-64.48259741823858,-0.001186225999999977,0,0.5,0.04601385096889982
2026-07-24,2026-07-24,NIFTY_PRIVATE_BANK,RBLBANK,3,0.6455244214532101,2026-07-24,3,348.0,348.0,156.02003213047766,54359.45377882446,54294.971181406225,-64.48259741823858,-0.001186225999999977,0,0.5,0.04601385096889982
2026-07-24,2026-07-24,NIFTY_PSU_BANK,J&KBANK,1,0.8333333333333334,2026-07-22,1,187.0,172.57000732421875,312.21142063194037,58452.87397705916,53878.32714515869,-4574.546831900465,-0.07826042623149419,2,1.0,0.04566075387401564
2026-07-24,2026-07-24,NIFTY_REALTY,PHOENIXLTD,1,0.8490067555570171,2026-07-22,1,2093.199951171875,2010.699951171875,27.89200125171363,58452.87397705916,56082.44555490647,-2370.428422152683,-0.04055281222071303,2,1.0,0.04752869806510999
2026-07-24,2026-07-24,NIFTY_MIDSMALL_FINANCIAL_SERVICES,MANAPPURAM,3,0.7219611474073823,2026-07-23,5,348.3999938964844,352.95001220703125,163.9343923896961,57182.57276255182,57860.64579509549,678.0730325436671,0.011858036457354521,1,1.0,0.04903568552756839
2026-07-24,2026-07-24,NIFTY_MIDSMALL_HEALTHCARE,GRANULES,2,0.8356200919915862,2026-07-22,2,882.25,833.5499877929688,66.17572758081366,58452.87397705916,55160.776917178046,-3292.097059881111,-0.056320533720431804,2,0.49615202393327235,0.04674760319727316
2026-07-24,2026-07-24,NIFTY_MIDSMALL_HEALTHCARE,SAILIFE,3,0.79537688201124,2026-07-22,3,1285.0,1232.9000244140625,45.434658099745405,58452.87397705916,56016.39108042069,-2436.4828966384666,-0.04168285887182736,2,0.5038479760667277,0.04747271828137159
2026-07-24,2026-07-24,NIFTY_MIDSMALL_IT_TELECOM,HFCL,1,0.8333333333333334,2026-07-22,1,222.0,196.85000610351562,262.988899361139,58452.87397705916,51769.36644439706,-6683.507532662094,-0.1143401013145248,2,1.0,0.043873453848385556
2026-07-27,2026-07-27,NIFTY_AUTO,BHARATFORG,1,0.892619929135639,2026-07-22,1,2188.0,2151.60009765625,26.683517211230736,58452.87397705916,57412.25823749628,-1040.6157395628761,-0.017802644570928776,5,1.0,0.04634651410028593
2026-07-27,2026-07-27,NIFTY_BANK,FEDERALBNK,1,0.9826761396837862,2026-07-22,1,354.1000061035156,356.5,164.87866323590328,58452.87397705916,58779.24344359952,326.36946654036,0.005583463127381031,5,1.0,0.047450024066179736
2026-07-27,2026-07-27,NIFTY_CHEMICALS,HSCL,1,0.855332825813396,2026-07-22,1,819.0,790.4500122070312,71.28636832499737,58452.87397705916,56348.3107126891,-2104.563264370059,-0.0360044446265556,5,1.0,0.04548763377621891
2026-07-27,2026-07-27,NIFTY_CONSUMER_DURABLES,KALYANKJIL,1,0.7966455302547507,2026-07-22,1,577.0,564.5999755859375,101.1846371892077,58452.87397705916,57128.843686698616,-1324.0302903605407,-0.022651243647663574,5,1.0,0.04611772539073137
2026-07-27,2026-07-27,NIFTY_FINANCIAL_SERVICES,ICICIBANK,1,0.792706455494467,2026-07-27,1,1435.699951171875,1435.699951171875,37.90105988367635,54479.17443753279,54414.54982435645,-64.62461317634006,-0.0011862260000000604,0,0.5,0.043926589514435156
2026-07-27,2026-07-27,NIFTY_FINANCIAL_SERVICES,M&MFIN,2,0.7015570421205696,2026-07-28,2,361.8999938964844,361.8999938964844,150.35797386589857,54479.17443753279,54414.54982435645,-64.62461317634006,-0.0011862260000000604,-1,0.5,0.043926589514435156
2026-07-27,2026-07-27,NIFTY_FINANCIAL_SERVICES_EX_BANK,BSE,1,0.7720005675547371,2026-07-22,1,3664.0,3536.800048828125,15.934371085745864,58452.87397705916,56356.684434111434,-2096.1895429477227,-0.035861188686298104,5,0.500235965038213,0.04549439353118912
2026-07-27,2026-07-27,NIFTY_FINANCIAL_SERVICES_EX_BANK,ABCAPITAL,2,0.6918413184514692,2026-07-22,2,408.3999938964844,393.8500061035156,142.95674958548383,58452.87397705916,56303.51669678156,-2149.357280277596,-0.036770771632565896,5,0.499764034961787,0.04545147344123819
2026-07-27,2026-07-27,NIFTY_HEALTHCARE,LAURUSLABS,1,0.9228131504075465,2026-07-22,1,1591.0,1713.4000244140625,36.696125492251944,58452.87397705916,62875.14231432598,4422.268337266825,0.07565527640270385,5,0.5237173484702996,0.05075647186309795
2026-07-27,2026-07-27,NIFTY_HEALTHCARE,TORNTPHARM,2,0.6250513300633025,2026-07-22,2,5065.89990234375,4961.5,11.524810356233367,58452.87397705916,57180.34658245185,-1272.5273946073066,-0.02177014247591542,5,0.4762826515297004,0.046159301523729976
2026-07-27,2026-07-27,NIFTY_MEDIA,SUNTV,1,1.0,2026-07-28,1,489.0,489.0,230.74719866072675,112969.38736959726,112835.38014509538,-134.00722450188186,-0.0011862259999999467,-1,1.0,0.09108728166157296
2026-07-27,2026-07-27,NIFTY_METAL,WELCORP,1,0.9832422416953587,2026-07-22,1,1632.5999755859375,1599.800048828125,35.76107836043492,58452.87397705916,57210.574907170194,-1242.2990698889625,-0.021253002382338366,5,1.0,0.04618370358560309
2026-07-27,2026-07-27,NIFTY_PHARMA,AUROPHARMA,1,0.7763767060491088,2026-07-22,1,1564.0,1549.4000244140625,37.32962637990591,58452.87397705916,57838.52402439405,-614.3499526651067,-0.0105101753064566,5,1.0,0.04669062063623167
2026-07-27,2026-07-27,NIFTY_PRIVATE_BANK,INDUSINDBK,2,0.6628212734536647,2026-07-28,2,1001.0,1001.0,54.39438040495155,54513.440045287665,54448.7747853565,-64.66525993116375,-0.001186226000000043,-1,0.5,0.04395421789356996
2026-07-27,2026-07-27,NIFTY_PRIVATE_BANK,RBLBANK,3,0.6163418881095074,2026-07-28,3,363.0,363.0,149.99662475304822,54513.440045287665,54448.7747853565,-64.66525993116375,-0.001186226000000043,-1,0.5,0.04395421789356996
2026-07-27,2026-07-27,NIFTY_PSU_BANK,J&KBANK,1,0.8333333333333334,2026-07-22,1,187.0,172.57000732421875,312.21142063194037,58452.87397705916,53878.32714515869,-4574.546831900465,-0.07826042623149419,5,1.0,0.043493719379636996
2026-07-27,2026-07-27,NIFTY_REALTY,PHOENIXLTD,1,0.7822229801603936,2026-07-22,1,2093.199951171875,2010.699951171875,27.89200125171363,58452.87397705916,56082.44555490647,-2370.428422152683,-0.04055281222071303,5,1.0,0.04527301195742587
2026-07-27,2026-07-27,NIFTY_MIDSMALL_FINANCIAL_SERVICES,MANAPPURAM,3,0.7235288907602702,2026-07-23,5,348.3999938964844,359.8500061035156,163.9343923896961,57182.57276255182,58991.792102008265,1809.2193394564456,0.0316393483547715,4,1.0,0.04762160570564753
2026-07-27,2026-07-27,NIFTY_MIDSMALL_HEALTHCARE,GRANULES,2,0.7515433305178312,2026-07-22,2,882.25,833.5499877929688,66.17572758081366,58452.87397705916,55160.776917178046,-3292.097059881111,-0.056320533720431804,5,0.49615202393327235,0.04452898742633063
2026-07-27,2026-07-27,NIFTY_MIDSMALL_HEALTHCARE,SAILIFE,3,0.7364485737011778,2026-07-22,3,1285.0,1232.9000244140625,45.434658099745405,58452.87397705916,56016.39108042069,-2436.4828966384666,-0.04168285887182736,5,0.5038479760667277,0.04521968894371548
2026-07-27,2026-07-27,NIFTY_MIDSMALL_IT_TELECOM,HFCL,1,0.8333333333333334,2026-07-22,1,222.0,192.5399932861328,262.988899361139,58452.87397705916,50635.880917321156,-7816.993059738001,-0.13373154351325678,5,1.0,0.04087622819515428
2026-07-28,2026-07-28,NIFTY_AUTO,BHARATFORG,1,0.9217136733759634,2026-07-22,1,2188.0,2155.5,26.683517211230736,58452.87397705916,57516.321348807855,-936.5526282513019,-0.016022353813071162,6,1.0,0.04849194706086971
2026-07-28,2026-07-28,NIFTY_BANK,FEDERALBNK,1,0.9848024410977443,2026-07-22,1,354.1000061035156,357.75,164.87866323590328,58452.87397705916,58985.341772644395,532.4677955852385,0.009109351848024012,6,1.0,0.04973047655916654
2026-07-28,2026-07-28,NIFTY_CHEMICALS,HSCL,1,0.8458642266127291,2026-07-22,1,819.0,752.7999877929688,71.28636832499737,58452.87397705916,53664.37720486309,-4788.496772196064,-0.08192063873669227,6,1.0,0.0452443772036666
2026-07-28,2026-07-28,NIFTY_CONSUMER_DURABLES,KALYANKJIL,1,0.7799900794629708,2026-07-22,1,577.0,574.2000122070312,101.1846371892077,58452.87397705916,58100.219909207095,-352.6540678520614,-0.006033134794885648,6,1.0,0.0489842312928199
2026-07-28,2026-07-28,NIFTY_FINANCIAL_SERVICES,ICICIBANK,1,0.812064014945752,2026-07-27,1,1435.699951171875,1434.5999755859375,37.90105988367635,54479.17443753279,54372.85958380325,-106.31485372954194,-0.0019514769602730537,1,1.0,0.04584169791555245
2026-07-28,2026-07-28,NIFTY_FINANCIAL_SERVICES_EX_BANK,BSE,1,0.7595183600025252,2026-07-22,1,3664.0,3511.5,15.934371085745864,58452.87397705916,55953.5440675966,-2499.3299094625545,-0.04275803291457422,6,0.4983460089962783,0.04717437125957941
2026-07-28,2026-07-28,NIFTY_FINANCIAL_SERVICES_EX_BANK,ABCAPITAL,2,0.7068492995137066,2026-07-22,2,408.3999938964844,394.0,142.95674958548383,58452.87397705916,56324.95933668063,-2127.914640378527,-0.03640393526610281,6,0.5016539910037218,0.04748751106309355
2026-07-28,2026-07-28,NIFTY_HEALTHCARE,LAURUSLABS,1,0.9083104260024087,2026-07-22,1,1591.0,1746.5,36.696125492251944,58452.87397705916,64089.78317221802,5636.909195158863,0.09643510766247637,6,0.530555048480509,0.05403402547048033
2026-07-28,2026-07-28,NIFTY_HEALTHCARE,TORNTPHARM,2,0.5777825256039755,2026-07-22,2,5065.89990234375,4920.5,11.524810356233367,58452.87397705916,56707.82935784628,-1745.044619212873,-0.029853872025141927,6,0.4694449515194909,0.04781030835544757
2026-07-28,2026-07-28,NIFTY_MEDIA,SUNTV,1,1.0,2026-07-28,1,489.0,489.0,230.70548524251848,112948.96528288319,112814.98228359154,-133.98299929164932,-0.0011862259999999639,0,1.0,0.09511418707382728
2026-07-28,2026-07-28,NIFTY_METAL,WELCORP,1,0.9835990257240851,2026-07-22,1,1632.5999755859375,1619.4000244140625,35.76107836043492,58452.87397705916,57911.49116996152,-541.3828070976379,-0.009261868070167309,6,1.0,0.048825114301021
2026-07-28,2026-07-28,NIFTY_PHARMA,AUROPHARMA,1,0.7650107288763213,2026-07-22,1,1564.0,1552.699951171875,37.32962637990591,58452.87397705916,57961.70905734425,-491.16491971490905,-0.008402750562918006,6,1.0,0.04886745294645877
2026-07-28,2026-07-28,NIFTY_PRIVATE_BANK,INDUSINDBK,2,0.6479684618988937,2026-07-28,2,1001.0,1001.0,54.37940963471101,54498.43650668931,54433.78904434572,-64.64746234358608,-0.0011862260000000376,0,0.5,0.045893067476501154
2026-07-28,2026-07-28,NIFTY_PRIVATE_BANK,RBLBANK,3,0.6049154831350505,2026-07-28,3,363.0,363.0,149.95534171996067,54498.43650668931,54433.78904434572,-64.64746234358608,-0.0011862260000000376,0,0.5,0.045893067476501154
2026-07-28,2026-07-28,NIFTY_PSU_BANK,J&KBANK,1,0.8333333333333334,2026-07-22,1,187.0,175.1999969482422,312.21142063194037,58452.87397705916,54699.43994192231,-3753.4340351368446,-0.06421299381464023,6,1.0,0.0461170374551066
2026-07-28,2026-07-28,NIFTY_REALTY,PHOENIXLTD,1,0.7199719757339933,2026-07-22,1,2093.199951171875,2034.800048828125,27.89200125171363,58452.87397705916,56754.64550890102,-1698.2284681581368,-0.02905295073813883,6,1.0,0.047849779000740965
2026-07-28,2026-07-28,NIFTY_MIDSMALL_FINANCIAL_SERVICES,MANAPPURAM,2,0.7531596756804064,2026-07-23,5,348.3999938964844,358.3500061035156,163.9343923896961,57182.57276255182,58745.89051342372,1563.3177508719018,0.027339059355785053,5,1.0,0.0495285954667481
2026-07-28,2026-07-28,NIFTY_MIDSMALL_HEALTHCARE,GRANULES,2,0.6964490237107334,2026-07-22,2,882.25,842.4000244140625,66.17572758081366,58452.87397705916,55746.434529695776,-2706.43944736338,-0.04630122119274356,6,0.4868576569902931,0.04699975743671718
2026-07-28,2026-07-28,NIFTY_MIDSMALL_HEALTHCARE,SAILIFE,3,0.6831726971570486,2026-07-22,3,1285.0,1293.199951171875,45.434658099745405,58452.87397705916,58756.09763610159,303.22365904243634,0.005187489312526219,6,0.513142343009707,0.04953720108061442
2026-07-28,2026-07-28,NIFTY_MIDSMALL_IT_TELECOM,HFCL,1,0.8333333333333334,2026-07-22,1,222.0,183.0,262.988899361139,58452.87397705916,48126.968583088434,-10325.905393970723,-0.1766535106216215,6,1.0,0.0405757941050873
2026-07-29,2026-07-29,NIFTY_AUTO,BHARATFORG,1,0.9035841890829776,2026-07-22,1,2188.0,2164.0,26.683517211230736,58452.87397705916,57743.131245103315,-709.742731955841,-0.01214213576965252,7,1.0,0.05289004127213744
2026-07-29,2026-07-29,NIFTY_BANK,FEDERALBNK,1,0.9820674691370768,2026-07-22,1,354.1000061035156,359.5,164.87866323590328,58452.87397705916,59273.87943330723,821.0054562480727,0.01404559605692426,7,1.0,0.05429213591275706
2026-07-29,2026-07-29,NIFTY_CHEMICALS,HSCL,1,0.8133913565977134,2026-07-22,1,819.0,754.0,71.28636832499737,58452.87397705916,53749.92171704802,-4702.952260011138,-0.08045716044444441,7,1.0,0.04923244577648189
2026-07-29,2026-07-29,NIFTY_CONSUMER_DURABLES,KALYANKJIL,1,0.7897965921968391,2026-07-22,1,577.0,626.7000122070312,101.1846371892077,58452.87397705916,63412.413361640494,4959.539384581338,0.08484680131429971,7,1.0,0.058082841847053784
2026-07-29,2026-07-29,NIFTY_FINANCIAL_SERVICES,ICICIBANK,1,0.7641175458737514,2026-07-27,1,1435.699951171875,1437.9000244140625,37.90105988367635,54479.17443753279,54497.93493205708,18.760494524285605,0.00034436084463425315,2,1.0,0.049917591333379426
2026-07-29,2026-07-29,NIFTY_FINANCIAL_SERVICES_EX_BANK,BSE,1,0.7437026809405731,2026-07-22,1,3664.0,3548.0,15.934371085745864,58452.87397705916,56535.14861222632,-1917.7253648328333,-0.03280805945633191,7,1.0,0.05178358497281254
2026-07-29,2026-07-29,NIFTY_HEALTHCARE,LAURUSLABS,1,0.9092778385194755,2026-07-22,1,1591.0,1787.4000244140625,36.696125492251944,58452.87397705916,65590.65560075262,7137.781623693467,0.12211173100735496,7,1.0,0.060078011132874656
2026-07-29,2026-07-29,NIFTY_MEDIA,SUNTV,1,1.0,2026-07-29,1,494.0,494.0,238.48743624541413,117952.7120790733,117812.79350523459,-139.91857383871684,-0.001186226000000051,0,1.0,0.10791107749990732
2026-07-29,2026-07-29,NIFTY_METAL,WELCORP,1,0.8697401406026894,2026-07-22,1,1632.5999755859375,1697.5,35.76107836043492,58452.87397705916,60704.43051683828,2251.5565397791215,0.03851917598889635,7,1.0,0.05560245463324166
2026-07-29,2026-07-29,NIFTY_PHARMA,AUROPHARMA,1,0.7800856521070493,2026-07-22,1,1564.0,1578.0,37.32962637990591,58452.87397705916,58906.15042749153,453.27645043237135,0.007754562258312013,7,1.0,0.053955313127515336
2026-07-29,2026-07-29,NIFTY_PRIVATE_BANK,RBLBANK,2,0.6553491806894383,2026-07-29,2,366.20001220703125,366.20001220703125,148.96347474613762,54615.21225521004,54550.42627043739,-64.78598477265041,-0.0011862260000000298,0,0.5,0.04996567097494891
2026-07-29,2026-07-29,NIFTY_PRIVATE_BANK,INDUSINDBK,3,0.6430421235935246,2026-07-29,3,995.0499877929688,995.0499877929688,54.82179482402769,54615.21225521004,54550.42627043739,-64.78598477265041,-0.0011862260000000298,0,0.5,0.04996567097494891
2026-07-29,2026-07-29,NIFTY_PSU_BANK,J&KBANK,1,0.8333333333333334,2026-07-22,1,187.0,179.77999877929688,312.21142063194037,58452.87397705916,56129.368820092786,-2323.50515696637,-0.03975005844671162,7,1.0,0.05141190942473318
2026-07-29,2026-07-29,NIFTY_REALTY,PHOENIXLTD,1,0.7306779284655761,2026-07-22,1,2093.199951171875,1915.800048828125,27.89200125171363,58452.87397705916,53435.4973599471,-5017.376617112059,-0.08583626904437949,7,1.0,0.04894444758751213
2026-07-29,2026-07-29,NIFTY_MIDSMALL_FINANCIAL_SERVICES,MANAPPURAM,2,0.7488544210736764,2026-07-23,5,348.3999938964844,364.5,163.9343923896961,57182.57276255182,59754.08602604422,2571.513263492401,0.04497022675370868,6,1.0,0.05473198297268189
2026-07-29,2026-07-29,NIFTY_MIDSMALL_HEALTHCARE,GRANULES,3,0.705328831337629,2026-07-22,2,882.25,861.3499755859375,66.17572758081366,58452.87397705916,57000.46133611549,-1452.4126409436649,-0.024847583054918555,7,0.4892481795146692,0.052209789936767205
2026-07-29,2026-07-29,NIFTY_MIDSMALL_HEALTHCARE,SAILIFE,2,0.7273967306183903,2026-07-22,3,1285.0,1309.699951171875,45.434658099745405,58452.87397705916,59505.769494747394,1052.8955176882373,0.018012724542876446,7,0.5107518204853309,0.054504536498865025
2026-07-29,2026-07-29,NIFTY_MIDSMALL_IT_TELECOM,HFCL,1,0.8333333333333334,2026-07-22,1,222.0,184.82000732421875,262.988899361139,58452.87397705916,48605.61030611394,-9847.26367094522,-0.16846500438643872,7,1.0,0.04452049412138172
2026-07-30,2026-07-30,NIFTY_AUTO,BHARATFORG,1,0.9139357970051609,2026-07-22,1,2188.0,2164.699951171875,26.683517211230736,58452.87397705916,57761.80840424506,-691.0655728140991,-0.011822610691226573,8,1.0,0.05055147373992362
2026-07-30,2026-07-30,NIFTY_BANK,FEDERALBNK,1,0.9785987297554577,2026-07-22,1,354.1000061035156,354.1499938964844,164.87866323590328,58452.87397705916,58391.777578655645,-61.09639840351156,-0.001045224883681338,8,1.0,0.051102804646226026
2026-07-30,2026-07-30,NIFTY_CHEMICALS,HSCL,1,0.8495766858629383,2026-07-22,1,819.0,760.5,71.28636832499737,58452.87397705916,54213.2831111605,-4239.590865898659,-0.07253006700000003,8,1.0,0.047445906443390785
2026-07-30,2026-07-30,NIFTY_CONSUMER_DURABLES,KALYANKJIL,1,0.8081463109284258,2026-07-22,1,577.0,634.5999755859375,101.1846371892077,58452.87397705916,64211.76828994315,5758.8943128839965,0.09852200449791698,8,1.0,0.05619629315941855
2026-07-30,2026-07-30,NIFTY_FINANCIAL_SERVICES,ICICIBANK,1,0.7262492712970147,2026-07-27,1,1435.699951171875,1433.9000244140625,37.90105988367635,54479.17443753279,54346.330692522366,-132.84374501042475,-0.0024384316829680814,3,1.0,0.04756234586073563
2026-07-30,2026-07-30,NIFTY_FINANCIAL_SERVICES_EX_BANK,BSE,1,0.7291601588440826,2026-07-22,1,3664.0,3530.300048828125,15.934371085745864,58452.87397705916,56253.11102205409,-2199.7629550050697,-0.03763310176790289,8,1.0,0.04923110517452889
2026-07-30,2026-07-30,NIFTY_HEALTHCARE,LAURUSLABS,1,0.9111751050060837,2026-07-22,1,1591.0,1781.300048828125,36.696125492251944,58452.87397705916,65366.81013115139,6913.936154092233,0.11828222777900924,8,1.0,0.05720715256492255
2026-07-30,2026-07-30,NIFTY_MEDIA,SUNTV,1,1.0,2026-07-30,1,512.0,512.0,237.72532194522705,121859.91823932962,121715.36483595625,-144.5534033733711,-0.0011862260000000335,0,1.0,0.10652178730605454
2026-07-30,2026-07-30,NIFTY_METAL,WELCORP,1,0.862926801363556,2026-07-22,1,1632.5999755859375,1655.0,35.76107836043492,58452.87397705916,59184.5846865198,731.7107094606399,0.012517959506111068,8,1.0,0.05179664662938447
2026-07-30,2026-07-30,NIFTY_PHARMA,AUROPHARMA,1,0.7963815886031634,2026-07-22,1,1564.0,1576.300048828125,37.32962637990591,58452.87397705916,58842.69188538135,389.8179083221912,0.006668926295654547,8,1.0,0.051497431881160814
2026-07-30,2026-07-30,NIFTY_PRIVATE_BANK,RBLBANK,2,0.7084675012762568,2026-07-30,2,371.1499938964844,371.1499938964844,150.23156594239387,55824.66545217945,55758.44478257877,-66.22066960067605,-0.0011862259999999825,0,0.5,0.04879818750616473
2026-07-30,2026-07-30,NIFTY_PRIVATE_BANK,INDUSINDBK,3,0.6773977403144897,2026-07-30,3,1012.2999877929688,1012.2999877929688,55.08094977274884,55824.66545217945,55758.44478257877,-66.22066960067605,-0.0011862259999999825,0,0.5,0.04879818750616473
2026-07-30,2026-07-30,NIFTY_PSU_BANK,J&KBANK,1,0.8333333333333334,2026-07-22,1,187.0,153.74000549316406,312.21142063194037,58452.87397705916,47999.385522983066,-10453.48845407609,-0.17883617592829984,8,1.0,0.04200768195857288
2026-07-30,2026-07-30,NIFTY_REALTY,GODREJPROP,1,0.7521817647228278,2026-07-30,1,2154.0,2154.0,25.285550348368933,54529.76006955495,54465.07545038668,-64.68461916827073,-0.0011862260000000521,0,0.5,0.04766626785824169
2026-07-30,2026-07-30,NIFTY_REALTY,OBEROIRLTY,2,0.6862700427989132,2026-07-30,2,1844.0,1844.0,29.536374973094727,54529.76006955495,54465.07545038668,-64.68461916827073,-0.0011862260000000521,0,0.5,0.04766626785824169
2026-07-30,2026-07-30,NIFTY_MIDSMALL_FINANCIAL_SERVICES,MANAPPURAM,2,0.8049907460811421,2026-07-23,5,348.3999938964844,368.3500061035156,163.9343923896961,57182.57276255182,60385.23443732068,3202.6616747688604,0.05600765268236138,7,1.0,0.052847420765881135
2026-07-30,2026-07-30,NIFTY_MIDSMALL_HEALTHCARE,GRANULES,2,0.7104401248165392,2026-07-22,2,882.25,833.9500122070312,66.17572758081366,58452.87397705916,55187.248823828726,-3265.6251532304304,-0.0558676576708971,8,0.4801274766200388,0.04829829322814934
2026-07-30,2026-07-30,NIFTY_MIDSMALL_HEALTHCARE,SAILIFE,3,0.6933995444986123,2026-07-22,3,1285.0,1315.199951171875,45.434658099745405,58452.87397705916,59755.66011429599,1302.7861372368352,0.022287802952993145,8,0.5198725233799611,0.052296435422157485
2026-07-30,2026-07-30,NIFTY_MIDSMALL_IT_TELECOM,HFCL,1,0.8333333333333334,2026-07-22,1,222.0,184.69000244140625,262.988899361139,58452.87397705916,48571.420465071504,-9881.453511987653,-0.16904991730373772,8,1.0,0.04250831049068056
2026-07-31,2026-07-31,NIFTY_AUTO,BHARATFORG,1,0.8808655665802128,2026-07-22,1,2188.0,2199.800048828125,26.683517211230736,58452.87397705916,58698.402464171486,245.52848711232946,0.004200451926601442,9,1.0,0.05122805531435413
2026-07-31,2026-07-31,NIFTY_BANK,FEDERALBNK,1,0.9556122059944028,2026-07-22,1,354.1000061035156,358.8500061035156,164.87866323590328,58452.87397705916,59166.70930854339,713.8353314842316,0.0122121511384434,9,1.0,0.05163676233056667
2026-07-31,2026-07-31,NIFTY_CHEMICALS,HSCL,1,0.8586578616586593,2026-07-22,1,819.0,750.6500244140625,71.28636832499737,58452.87397705916,53511.11412354912,-4941.759853510033,-0.08454263267618821,9,1.0,0.046700935616214016
2026-07-31,2026-07-31,NIFTY_CONSUMER_DURABLES,KALYANKJIL,1,0.8168875472005415,2026-07-22,1,577.0,612.5999755859375,101.1846371892077,58452.87397705916,61985.70627178058,3532.8322947214256,0.060438983652163054,9,1.0,0.05409699508480317
2026-07-31,2026-07-31,NIFTY_FINANCIAL_SERVICES,M&MFIN,1,0.7940655344540658,2026-07-31,1,393.8999938964844,393.8999938964844,138.22172717949283,54510.19890757308,54445.53749236375,-64.66141520933161,-0.0011862259999999417,0,0.5,0.04751643808331914
2026-07-31,2026-07-31,NIFTY_FINANCIAL_SERVICES,ICICIBANK,2,0.7091135089407369,2026-07-31,2,1434.300048828125,1434.300048828125,37.95965672374321,54510.19890757308,54445.53749236375,-64.66141520933161,-0.0011862259999999417,0,0.5,0.04751643808331914
2026-07-31,2026-07-31,NIFTY_FINANCIAL_SERVICES_EX_BANK,BSE,1,0.7457244356698146,2026-07-22,1,3664.0,3646.199951171875,15.934371085745864,58452.87397705916,58099.90307480111,-352.97090225805005,-0.006038555134116752,9,1.0,0.05070572491800327
2026-07-31,2026-07-31,NIFTY_HEALTHCARE,LAURUSLABS,1,0.9218854584007463,2026-07-22,1,1591.0,1816.199951171875,36.696125492251944,58452.87397705916,66647.50132722498,8194.627350165822,0.14019203492683602,9,1.0,0.058165499250828076
2026-07-31,2026-07-31,NIFTY_MEDIA,SUNTV,1,1.0,2026-07-31,1,511.5,511.5,235.8756511300805,120793.68416182473,120650.39555303619,-143.28860878854175,-0.0011862259999999756,0,1.0,0.10529562777900521
2026-07-31,2026-07-31,NIFTY_METAL,WELCORP,1,0.8455886566622645,2026-07-22,1,1632.5999755859375,1650.5999755859375,35.76107836043492,58452.87397705916,59027.23506866068,574.3610916015241,0.009826053922120956,9,1.0,0.05151503850545917
2026-07-31,2026-07-31,NIFTY_PHARMA,AUROPHARMA,1,0.7921428578362545,2026-07-22,1,1564.0,1580.199951171875,37.32962637990591,58452.87397705916,58988.27378279166,535.3998057325007,0.009159512087337701,9,1.0,0.05148103569066646
2026-07-31,2026-07-31,NIFTY_PRIVATE_BANK,RBLBANK,2,0.7455024512628118,2026-07-31,2,380.0,380.0,147.27564142217474,56031.2094178493,55964.7437404264,-66.46567742290063,-0.0011862260000000521,0,0.5,0.04884230009050356
2026-07-31,2026-07-31,NIFTY_PRIVATE_BANK,INDUSINDBK,3,0.6905537327427206,2026-07-31,3,1011.4500122070312,1011.4500122070312,55.331200815657425,56031.2094178493,55964.7437404264,-66.46567742290063,-0.0011862260000000521,0,0.5,0.04884230009050356
2026-07-31,2026-07-31,NIFTY_PSU_BANK,J&KBANK,1,0.8333333333333334,2026-07-22,1,187.0,156.0,312.21142063194037,58452.87397705916,48704.9816185827,-9747.892358476456,-0.16676497997860953,9,1.0,0.042506463339684566
2026-07-31,2026-07-31,NIFTY_REALTY,GODREJPROP,1,0.7443694704748814,2026-07-30,1,2154.0,2105.699951171875,25.285550348368933,54529.76006955495,53243.78213391445,-1285.977935640498,-0.02358304775227656,1,1.0,0.04646762606472051
2026-07-31,2026-07-31,NIFTY_MIDSMALL_FINANCIAL_SERVICES,MANAPPURAM,2,0.8405437240179402,2026-07-23,5,348.3999938964844,371.8500061035156,163.9343923896961,57182.57276255182,60959.004810684615,3776.432048132796,0.0660416603466631,8,1.0,0.05320095844611516
2026-07-31,2026-07-31,NIFTY_MIDSMALL_HEALTHCARE,GRANULES,3,0.655686535816482,2026-07-22,2,882.25,824.6500244140625,66.17572758081366,58452.87397705916,54571.81536513633,-3881.0586119228246,-0.06639636938033215,9,0.4773479290151352,0.047626644998325404
2026-07-31,2026-07-31,NIFTY_MIDSMALL_HEALTHCARE,SAILIFE,2,0.7364196446687141,2026-07-22,3,1285.0,1315.0999755859375,45.434658099745405,58452.87397705916,59751.1177577306,1298.2437806714443,0.022210093231360403,9,0.5226520709848648,0.052146795093032605
2026-07-31,2026-07-31,NIFTY_MIDSMALL_IT_TELECOM,HFCL,1,0.8333333333333334,2026-07-22,1,222.0,193.9199981689453,262.988899361139,58452.87397705916,50998.80688256501,-7454.067094494145,-0.12752267916577759,9,1.0,0.0445083612205762
2026-08-03,2026-08-03,NIFTY_AUTO,BHARATFORG,1,0.9243414075416331,2026-08-04,1,2213.199951171875,2213.199951171875,24.100658042837612,53402.92313952236,53339.57520361826,-63.34793590410118,-0.001186225999999965,-1,0.5,0.029411764705882353
2026-08-03,2026-08-03,NIFTY_AUTO,EXIDEIND,2,0.6382807847418198,2026-08-04,2,449.1499938964844,449.1499938964844,118.75670918056704,53402.92313952236,53339.57520361826,-63.34793590410118,-0.001186225999999965,-1,0.5,0.029411764705882353
2026-08-03,2026-08-03,NIFTY_BANK,FEDERALBNK,1,0.9646582484268901,2026-08-04,1,364.54998779296875,364.54998779296875,146.31621722590836,53402.92313952236,53339.57520361826,-63.34793590410118,-0.001186225999999965,-1,0.5,0.029411764705882353
2026-08-03,2026-08-03,NIFTY_BANK,RBLBANK,2,0.7418503186354171,2026-08-04,2,379.95001220703125,379.95001220703125,140.38577046960066,53402.92313952236,53339.57520361826,-63.34793590410118,-0.001186225999999965,-1,0.5,0.029411764705882353
2026-08-03,2026-08-03,NIFTY_CHEMICALS,HSCL,1,0.8490448013133605,2026-08-04,1,752.0,752.0,70.93028617502428,53402.92313952236,53339.57520361826,-63.34793590410118,-0.001186225999999965,-1,0.5,0.029411764705882353
2026-08-03,2026-08-03,NIFTY_CHEMICALS,SOLARINDS,2,0.7443373860201014,2026-08-04,2,18659.0,18659.0,2.8586513319909033,53402.92313952236,53339.57520361826,-63.34793590410118,-0.001186225999999965,-1,0.5,0.029411764705882353
2026-08-03,2026-08-03,NIFTY_CONSUMER_DURABLES,KALYANKJIL,1,0.7865102070061638,2026-08-04,1,610.0,610.0,87.44192656330863,53402.92313952236,53339.57520361826,-63.34793590410118,-0.001186225999999965,-1,0.5,0.029411764705882353
2026-08-03,2026-08-03,NIFTY_CONSUMER_DURABLES,TITAN,2,0.6450891865078413,2026-08-04,2,4935.0,4935.0,10.8084245600037,53402.92313952236,53339.57520361826,-63.34793590410118,-0.001186225999999965,-1,0.5,0.029411764705882353
2026-08-03,2026-08-03,NIFTY_FINANCIAL_SERVICES,BAJFINANCE,1,0.7771665042269488,2026-08-04,1,1164.0,1164.0,45.8243773226961,53402.92313952236,53339.57520361826,-63.34793590410118,-0.001186225999999965,-1,0.5,0.029411764705882353
2026-08-03,2026-08-03,NIFTY_FINANCIAL_SERVICES,M&MFIN,2,0.7141148464850836,2026-08-04,2,399.6499938964844,399.6499938964844,133.46572255280466,53402.92313952236,53339.57520361826,-63.34793590410118,-0.001186225999999965,-1,0.5,0.029411764705882353
2026-08-03,2026-08-03,NIFTY_FINANCIAL_SERVICES_EX_BANK,BSE,1,0.7728533682365392,2026-08-04,1,3575.0,3575.0,14.920160896116997,53402.92313952236,53339.57520361826,-63.34793590410118,-0.001186225999999965,-1,0.5,0.029411764705882353
2026-08-03,2026-08-03,NIFTY_FINANCIAL_SERVICES_EX_BANK,ABCAPITAL,2,0.7141633984395144,2026-08-04,2,424.3500061035156,424.3500061035156,125.6971236866358,53402.92313952236,53339.57520361826,-63.34793590410118,-0.001186225999999965,-1,0.5,0.029411764705882353
2026-08-03,2026-08-03,NIFTY_HEALTHCARE,LAURUSLABS,1,0.9211123898775047,2026-08-04,1,1811.0,1811.0,29.453106131208315,53402.92313952236,53339.57520361826,-63.34793590410118,-0.001186225999999965,-1,0.5,0.029411764705882353
2026-08-03,2026-08-03,NIFTY_HEALTHCARE,AUROPHARMA,2,0.5602569602616944,2026-08-04,2,1555.0,1555.0,34.30197762290563,53402.92313952236,53339.57520361826,-63.34793590410118,-0.001186225999999965,-1,0.5,0.029411764705882353
2026-08-03,2026-08-03,NIFTY_IT,TECHM,1,0.8652775653054894,2026-08-04,1,1652.9000244140625,1652.9000244140625,32.2702973052025,53402.92313952236,53339.57520361826,-63.34793590410118,-0.001186225999999965,-1,0.5,0.029411764705882353
2026-08-03,2026-08-03,NIFTY_IT,HCLTECH,2,0.5032101177078635,2026-08-04,2,1375.699951171875,1375.699951171875,38.7726808874141,53402.92313952236,53339.57520361826,-63.34793590410118,-0.001186225999999965,-1,0.5,0.029411764705882353
2026-08-03,2026-08-03,NIFTY_MEDIA,SUNTV,1,1.0,2026-08-04,1,505.0,505.0,211.24584239056736,106805.84627904472,106679.15040723652,-126.69587180820236,-0.001186225999999965,-1,1.0,0.058823529411764705
2026-08-03,2026-08-03,NIFTY_METAL,WELCORP,1,0.8453971551226319,2026-08-04,1,1706.0,1706.0,31.265870576564044,53402.92313952236,53339.57520361826,-63.34793590410118,-0.001186225999999965,-1,0.5,0.029411764705882353
2026-08-03,2026-08-03,NIFTY_METAL,JSWSTEEL,2,0.4801525827566659,2026-08-04,2,1280.5,1280.5,41.655271537382475,53402.92313952236,53339.57520361826,-63.34793590410118,-0.001186225999999965,-1,0.5,0.029411764705882353
2026-08-03,2026-08-03,NIFTY_PHARMA,DIVISLAB,2,0.7653790226419449,2026-08-04,2,8451.0,8451.0,6.311628825419271,53402.92313952236,53339.57520361826,-63.34793590410118,-0.001186225999999965,-1,0.5,0.029411764705882353
2026-08-03,2026-08-03,NIFTY_PHARMA,SUNPHARMA,3,0.6785219391079782,2026-08-04,3,1951.0999755859375,1951.0999755859375,27.338207099100487,53402.92313952236,53339.57520361826,-63.34793590410118,-0.001186225999999965,-1,0.5,0.029411764705882353
2026-08-03,2026-08-03,NIFTY_PRIVATE_BANK,INDUSINDBK,3,0.6727980963253792,2026-08-04,3,1028.9000244140625,1028.9000244140625,51.84135867232976,53402.92313952236,53339.57520361826,-63.34793590410118,-0.001186225999999965,-1,0.5,0.029411764705882353
2026-08-03,2026-08-03,NIFTY_PRIVATE_BANK,IDFCFIRSTB,4,0.6071241724997318,2026-08-04,4,85.87000274658203,85.87000274658203,621.1665715329372,53402.92313952236,53339.57520361826,-63.34793590410118,-0.001186225999999965,-1,0.5,0.029411764705882353
2026-08-03,2026-08-03,NIFTY_PSU_BANK,J&KBANK,1,0.8333333333333334,2026-08-04,1,156.1199951171875,156.1199951171875,341.65755106243927,53402.92313952236,53339.57520361826,-63.34793590410118,-0.001186225999999965,-1,0.5,0.029411764705882353
2026-08-03,2026-08-03,NIFTY_PSU_BANK,MAHABANK,2,0.6856334055385659,2026-08-04,2,79.5999984741211,79.5999984741211,670.0951787198788,53402.92313952236,53339.57520361826,-63.34793590410118,-0.001186225999999965,-1,0.5,0.029411764705882353
2026-08-03,2026-08-03,NIFTY_REALTY,OBEROIRLTY,1,0.8126907041849071,2026-08-04,1,1847.0999755859375,1847.0999755859375,28.877470580171423,53402.92313952236,53339.57520361826,-63.34793590410118,-0.001186225999999965,-1,0.5,0.029411764705882353
2026-08-03,2026-08-03,NIFTY_REALTY,GODREJPROP,2,0.7073170189220155,2026-08-04,2,2088.0,2088.0,25.545773564951276,53402.92313952236,53339.57520361826,-63.34793590410118,-0.001186225999999965,-1,0.5,0.029411764705882353
2026-08-03,2026-08-03,NIFTY_MIDSMALL_FINANCIAL_SERVICES,MANAPPURAM,2,0.8302613878112787,2026-08-04,2,365.0,365.0,146.13582247566646,53402.92313952236,53339.57520361826,-63.34793590410118,-0.001186225999999965,-1,0.5,0.029411764705882353
2026-08-03,2026-08-03,NIFTY_MIDSMALL_FINANCIAL_SERVICES,PNBHOUSING,6,0.7011491131518087,2026-08-04,6,1091.9000244140625,1091.9000244140625,48.85023721126982,53402.92313952236,53339.57520361826,-63.34793590410118,-0.001186225999999965,-1,0.5,0.029411764705882353
2026-08-03,2026-08-03,NIFTY_MIDSMALL_HEALTHCARE,SAILIFE,2,0.697723097735639,2026-08-04,2,1339.0,1339.0,39.83538103332208,53402.92313952236,53339.57520361826,-63.34793590410118,-0.001186225999999965,-1,0.5,0.029411764705882353
2026-08-03,2026-08-03,NIFTY_MIDSMALL_HEALTHCARE,GRANULES,3,0.6360418173701435,2026-08-04,3,839.7000122070312,839.7000122070312,63.52217985971302,53402.92313952236,53339.57520361826,-63.34793590410118,-0.001186225999999965,-1,0.5,0.029411764705882353
2026-08-03,2026-08-03,NIFTY_MIDSMALL_IT_TELECOM,HFCL,1,0.8333333333333334,2026-08-04,1,202.39999389648438,202.39999389648438,263.5354585578609,53402.92313952236,53339.57520361826,-63.34793590410118,-0.001186225999999965,-1,0.5,0.029411764705882353
2026-08-03,2026-08-03,NIFTY_MIDSMALL_IT_TELECOM,OFSS,2,0.4648349586009847,2026-08-04,2,11425.0,11425.0,4.668671790251051,53402.92313952236,53339.57520361826,-63.34793590410118,-0.001186225999999965,-1,0.5,0.029411764705882353
2026-08-04,2026-08-04,NIFTY_AUTO,BHARATFORG,1,0.9243414075416331,2026-08-04,1,2213.199951171875,2184.39990234375,24.100658042837612,53402.92313952236,52645.47507519459,-757.4480643277711,-0.014183644261360668,0,1.0,0.039659887545988495
2026-08-04,2026-08-04,NIFTY_BANK,FEDERALBNK,1,0.9646582484268901,2026-08-04,1,364.54998779296875,359.1499938964844,146.31621722590836,53402.92313952236,52549.46852364167,-853.4546158806916,-0.015981421347496763,0,1.0,0.039587562070098524
2026-08-04,2026-08-04,NIFTY_CHEMICALS,HSCL,1,0.8490448013133605,2026-08-04,1,752.0,754.5,70.93028617502428,53402.92313952236,53516.90091905582,113.9777795334594,0.002134298514627692,0,0.5000671961668969,0.04031636658664376
2026-08-04,2026-08-04,NIFTY_CHEMICALS,SOLARINDS,2,0.7443373860201014,2026-08-04,2,18659.0,18716.0,2.8586513319909033,53402.92313952236,53502.518329541745,99.59519001938315,0.0018649763751541698,0,0.4999328038331031,0.04030553162158867
2026-08-04,2026-08-04,NIFTY_CONSUMER_DURABLES,KALYANKJIL,1,0.7865102070061638,2026-08-04,1,610.0,598.9000244140625,87.44192656330863,53402.92313952236,52368.9719535782,-1033.9511859441627,-0.019361321911963984,0,1.0,0.03945158697136631
2026-08-04,2026-08-04,NIFTY_FINANCIAL_SERVICES,BAJFINANCE,1,0.7771665042269488,2026-08-04,1,1164.0,1141.5999755859375,45.8243773226961,53402.92313952236,52313.108032830656,-1089.8151066917053,-0.020407405486857263,0,1.0,0.03940950250329833
2026-08-04,2026-08-04,NIFTY_FINANCIAL_SERVICES_EX_BANK,BSE,1,0.7728533682365392,2026-08-04,1,3575.0,3597.699951171875,14.920160896116997,53402.92313952236,53678.26212743664,275.3389879142778,0.005155878587299752,0,0.5052617953078672,0.040437926271868894
2026-08-04,2026-08-04,NIFTY_FINANCIAL_SERVICES_EX_BANK,ABCAPITAL,2,0.7141633984395144,2026-08-04,2,424.3500061035156,418.1499938964844,125.6971236866358,53402.92313952236,52560.251502372405,-842.671637149957,-0.015779503959893044,0,0.49473820469213275,0.03959568530810257
2026-08-04,2026-08-04,NIFTY_HEALTHCARE,LAURUSLABS,1,0.9211123898775047,2026-08-04,1,1811.0,1831.800048828125,29.453106131208315,53402.92313952236,53952.20124928734,549.2781097649786,0.010285543889234588,0,0.5039828428080546,0.04064429528556908
2026-08-04,2026-08-04,NIFTY_HEALTHCARE,AUROPHARMA,2,0.5602569602616944,2026-08-04,2,1555.0,1548.0,34.30197762290563,53402.92313952236,53099.46136025792,-303.46177926444216,-0.005682493792926039,0,0.4960171571919455,0.040001893102730376
2026-08-04,2026-08-04,NIFTY_IT,TECHM,1,0.7823118371360023,2026-08-04,1,1652.9000244140625,1647.4000244140625,32.2702973052025,53402.92313952236,53162.08856843965,-240.8345710827125,-0.004509763827974352,0,1.0,0.04004907261873358
2026-08-04,2026-08-04,NIFTY_MEDIA,SUNTV,1,1.0,2026-08-04,1,505.0,505.0,209.6079609654857,105977.73383086151,105852.02028757027,-125.71354329124733,-0.0011862259999999981,0,1.0,0.07974245108671787
2026-08-04,2026-08-04,NIFTY_METAL,WELCORP,1,0.8453971551226319,2026-08-04,1,1706.0,1739.300048828125,31.265870576564044,53402.92313952236,54380.730220471676,977.8070809493147,0.018309991728255426,0,1.0,0.04096712285589861
2026-08-04,2026-08-04,NIFTY_PHARMA,DIVISLAB,2,0.7653790226419449,2026-08-04,2,8451.0,8451.0,6.277507611509243,53114.22229632229,53051.21682486461,-63.00547145767632,-0.0011862259999999834,0,0.5,0.03996554861451607
2026-08-04,2026-08-04,NIFTY_PHARMA,SUNPHARMA,3,0.6785219391079782,2026-08-04,3,1951.0999755859375,1951.0999755859375,27.19041437583573,53114.22229632229,53051.21682486461,-63.00547145767632,-0.0011862259999999834,0,0.5,0.03996554861451607
2026-08-04,2026-08-04,NIFTY_PRIVATE_BANK,RBLBANK,2,0.7418503186354171,2026-08-04,2,379.95001220703125,379.95001220703125,139.11182365187844,52918.31217244866,52855.539094673586,-62.77307777507667,-0.00118622600000003,0,0.5,0.039818136956371736
2026-08-04,2026-08-04,NIFTY_PRIVATE_BANK,INDUSINDBK,3,0.6727980963253792,2026-08-04,3,1028.9000244140625,1028.9000244140625,51.37091830158497,52918.31217244866,52855.539094673586,-62.77307777507667,-0.00118622600000003,0,0.5,0.039818136956371736
2026-08-04,2026-08-04,NIFTY_PSU_BANK,J&KBANK,1,0.8333333333333334,2026-08-04,1,156.1199951171875,156.3000030517578,341.65755106243927,53402.92313952236,53401.07627371536,-1.8468658070050878,-3.4583608881856546e-05,0,1.0,0.0402291113685515
2026-08-04,2026-08-04,NIFTY_REALTY,OBEROIRLTY,1,0.8419019796081608,2026-08-04,1,1847.0999755859375,1803.4000244140625,28.877470580171423,53402.92313952236,52077.631149297515,-1325.2919902248468,-0.02481684357918652,0,1.0,0.03923210859228765
2026-08-04,2026-08-04,NIFTY_MIDSMALL_FINANCIAL_SERVICES,MANAPPURAM,2,0.8302613878112787,2026-08-04,2,365.0,352.3999938964844,146.13582247566646,53402.92313952236,51498.26294848258,-1904.6601910397803,-0.035665841475823294,0,1.0,0.038795647953282636
2026-08-04,2026-08-04,NIFTY_MIDSMALL_HEALTHCARE,SAILIFE,2,0.697723097735639,2026-08-04,2,1339.0,1358.199951171875,39.83538103332208,53402.92313952236,54104.41257437108,701.4894348487214,0.013135787211797104,0,0.5062379222149712,0.040758962007208965
2026-08-04,2026-08-04,NIFTY_MIDSMALL_HEALTHCARE,GRANULES,3,0.6360418173701435,2026-08-04,3,839.7000122070312,830.75,63.52217985971302,53402.92313952236,52771.05091845659,-631.8722210657725,-0.011832165430624852,0,0.4937620777850289,0.039754488721401006
2026-08-04,2026-08-04,NIFTY_MIDSMALL_IT_TELECOM,HFCL,1,0.8333333333333334,2026-08-04,1,202.39999389648438,205.52999877929688,263.5354585578609,53402.92313952236,54164.4424756986,761.5193361762358,0.014259881133972077,0,0.5007052308372217,0.040804184870762684
2026-08-04,2026-08-04,NIFTY_MIDSMALL_IT_TELECOM,OFSS,2,0.4648349586009847,2026-08-04,2,11425.0,11569.0,4.668671790251051,53402.92313952236,54011.86394141441,608.9408018920512,0.011402761611028501,0,0.4992947691627783,0.0406892415161249
2026-08-05,2026-08-05,NIFTY_AUTO,BHARATFORG,1,0.8819659329113971,2026-08-04,1,2213.199951171875,2197.10009765625,24.100658042837612,53402.92313952236,52951.558139498404,-451.3650000239577,-0.008452065420552084,1,1.0,0.04331639705139025
2026-08-05,2026-08-05,NIFTY_BANK,FEDERALBNK,1,0.9424583157012055,2026-08-04,1,364.54998779296875,356.45001220703125,146.31621722590836,53402.92313952236,52154.41741626167,-1248.5057232606923,-0.0233789772143896,1,1.0,0.04266430549286446
2026-08-05,2026-08-05,NIFTY_CHEMICALS,HSCL,1,0.8251574357912265,2026-08-04,1,752.0,748.9500122070312,70.93028617502428,53402.92313952236,53123.23869663265,-279.6844428897093,-0.005237249694347178,1,1.0,0.04345683830449256
2026-08-05,2026-08-05,NIFTY_CONSUMER_DURABLES,KALYANKJIL,1,0.7768017807872648,2026-08-04,1,610.0,569.5,87.44192656330863,53402.92313952236,49798.17717780426,-3604.745961718101,-0.06750091099508194,1,1.0,0.04073681098083138
2026-08-05,2026-08-05,NIFTY_FINANCIAL_SERVICES,M&MFIN,1,0.7299695273053054,2026-08-05,1,398.6000061035156,398.6000061035156,133.2301759654628,53168.61895118992,53105.54895300593,-63.06999818399345,-0.0011862259999999855,0,0.5,0.0434423674185433
2026-08-05,2026-08-05,NIFTY_FINANCIAL_SERVICES,BAJFINANCE,2,0.7298888292414155,2026-08-05,2,1152.0,1152.0,46.09856679948431,53168.61895118992,53105.54895300593,-63.06999818399345,-0.0011862259999999855,0,0.5,0.0434423674185433
2026-08-05,2026-08-05,NIFTY_FINANCIAL_SERVICES_EX_BANK,BSE,1,0.7538420204247308,2026-08-04,1,3575.0,3534.60009765625,14.920160896116997,53402.92313952236,52736.8021604621,-666.1209790602588,-0.012473492833340372,1,0.4969526689800821,0.043140718457899394
2026-08-05,2026-08-05,NIFTY_FINANCIAL_SERVICES_EX_BANK,ABCAPITAL,2,0.7357099713839897,2026-08-04,2,424.3500061035156,424.70001220703125,125.6971236866358,53402.92313952236,53383.56996410294,-19.35317541941913,-0.00036239917745431915,1,0.5030473310199179,0.0436697992246779
2026-08-05,2026-08-05,NIFTY_HEALTHCARE,LAURUSLABS,1,0.9209437570745701,2026-08-04,1,1811.0,1835.0,29.453106131208315,53402.92313952236,54046.44975076726,643.5266112448953,0.01205040049144117,1,1.0,0.04421206020896938
2026-08-05,2026-08-05,NIFTY_IT,TECHM,1,0.7732147431503651,2026-08-04,1,1652.9000244140625,1650.0,32.2702973052025,53402.92313952236,53245.99055358412,-156.9325859382443,-0.0029386516076701772,1,1.0,0.04355725401200578
2026-08-05,2026-08-05,NIFTY_MEDIA,SUNTV,1,1.0,2026-08-05,1,505.75,505.75,204.01461586642284,103302.9325989685,103180.39197444335,-122.54062452515063,-0.001186226000000064,0,1.0,0.08440550162676301
2026-08-05,2026-08-05,NIFTY_METAL,WELCORP,1,0.8406997313853156,2026-08-04,1,1706.0,1788.0999755859375,31.265870576564044,53402.92313952236,55906.50241462725,2503.5792751048866,0.04688094074108915,1,1.0,0.04573365433301755
2026-08-05,2026-08-05,NIFTY_PHARMA,DIVISLAB,1,0.8335625020372641,2026-08-04,2,8451.0,8388.0,6.277507611509243,53114.22229632229,52655.733845339535,-458.4884509827534,-0.008632122078807127,1,1.0,0.043074401479711796
2026-08-05,2026-08-05,NIFTY_PRIVATE_BANK,RBLBANK,2,0.7596847246144915,2026-08-05,2,382.6000061035156,382.6000061035156,138.9650148791314,53231.15972660866,53168.015540930806,-63.14418567785469,-0.0011862259999999738,0,0.5,0.043493467473387226
2026-08-05,2026-08-05,NIFTY_PRIVATE_BANK,INDUSINDBK,3,0.6691646156344709,2026-08-05,3,1025.0,1025.0,51.871234674078835,53231.15972660866,53168.015540930806,-63.14418567785469,-0.0011862259999999738,0,0.5,0.043493467473387226
2026-08-05,2026-08-05,NIFTY_PSU_BANK,J&KBANK,1,0.8333333333333334,2026-08-04,1,156.1199951171875,156.4600067138672,341.65755106243927,53402.92313952236,53455.74273307267,52.819593550309946,0.000989076822860644,1,1.0,0.043728839306345656
2026-08-05,2026-08-05,NIFTY_REALTY,OBEROIRLTY,1,0.7913485452030773,2026-08-04,1,1847.0999755859375,1806.5,28.877470580171423,53402.92313952236,52167.15060307967,-1235.7725364426879,-0.02314054107514049,1,1.0,0.0426747217260277
2026-08-05,2026-08-05,NIFTY_MIDSMALL_FINANCIAL_SERVICES,MANAPPURAM,5,0.7168921585358139,2026-08-05,5,362.20001220703125,362.20001220703125,144.55057339618662,52418.399517017635,52356.21944863216,-62.18006838547444,-0.001186226000000013,0,0.5,0.04282938726320461
2026-08-05,2026-08-05,NIFTY_MIDSMALL_FINANCIAL_SERVICES,PNBHOUSING,7,0.6704051859131043,2026-08-05,7,1070.199951171875,1070.199951171875,48.921904165013096,52418.399517017635,52356.21944863216,-62.18006838547444,-0.001186226000000013,0,0.5,0.04282938726320461
2026-08-05,2026-08-05,NIFTY_MIDSMALL_HEALTHCARE,SAILIFE,2,0.690404064076126,2026-08-04,2,1339.0,1394.300048828125,39.83538103332208,53402.92313952236,55542.47371984794,2139.55058032558,0.04006429713099627,1,1.0,0.04543586495655352
2026-08-05,2026-08-05,NIFTY_MIDSMALL_IT_TELECOM,HFCL,1,0.8278890651614179,2026-08-04,1,202.39999389648438,212.22999572753906,263.5354585578609,53402.92313952236,55930.129243789874,2527.2061042675123,0.04732336650682668,1,0.504652289934787,0.04575298198170311
2026-08-05,2026-08-05,NIFTY_MIDSMALL_IT_TELECOM,OFSS,2,0.46723112494602925,2026-08-04,2,11425.0,11759.0,4.668671790251051,53402.92313952236,54898.91158156211,1495.9884420397502,0.02801323137557991,1,0.495347710065213,0.04490940654647632
2026-08-06,2026-08-06,NIFTY_AUTO,BHARATFORG,1,0.878196495226159,2026-08-04,1,2213.199951171875,2186.60009765625,24.100658042837612,53402.92313952236,52698.50123004861,-704.4219094737491,-0.013190699461026722,2,1.0,0.049550363818361136
2026-08-06,2026-08-06,NIFTY_BANK,FEDERALBNK,1,0.9453620651886071,2026-08-04,1,364.54998779296875,354.3999938964844,146.31621722590836,53402.92313952236,51854.4664918186,-1548.4566477037588,-0.02899572826113294,2,1.0,0.04875675057740647
2026-08-06,2026-08-06,NIFTY_CHEMICALS,HSCL,1,0.8426573141766708,2026-08-04,1,752.0,752.7999877929688,70.93028617502428,53402.92313952236,53396.318566710055,-6.604572812306287,-0.000123674368817807,2,1.0,0.05020649448817644
2026-08-06,2026-08-06,NIFTY_CONSUMER_DURABLES,KALYANKJIL,1,0.7571845917592241,2026-08-04,1,610.0,575.4500122070312,87.44192656330863,53402.92313952236,50318.45770826228,-3084.4654312600833,-0.057758363211719704,2,1.0,0.04731250088762561
2026-08-06,2026-08-06,NIFTY_FINANCIAL_SERVICES,BAJFINANCE,1,0.7846325088365648,2026-08-05,2,1152.0,1154.4000244140625,46.09856679948431,53168.61895118992,53216.18663877798,47.567687588059925,0.0008946571967898624,1,1.0,0.050037123398752596
2026-08-06,2026-08-06,NIFTY_FINANCIAL_SERVICES_EX_BANK,ABCAPITAL,2,0.6934138940567444,2026-08-04,2,424.3500061035156,421.3999938964844,125.6971236866358,53402.92313952236,52968.76715435397,-434.15598516839236,-0.008129816864782872,2,1.0,0.04980448442073986
2026-08-06,2026-08-06,NIFTY_HEALTHCARE,LAURUSLABS,1,0.9029312853931142,2026-08-04,1,1811.0,1844.699951171875,29.453106131208315,53402.92313952236,54332.14344210003,929.2203025776689,0.017400176768413128,2,1.0,0.051086414447255
2026-08-06,2026-08-06,NIFTY_IT,TECHM,1,0.8358829913733451,2026-08-04,1,1652.9000244140625,1653.300048828125,32.2702973052025,53402.92313952236,53352.4841103894,-50.43902913296188,-0.0009444994050453585,2,1.0,0.05016527864317571
2026-08-06,2026-08-06,NIFTY_MEDIA,SUNTV,1,1.0,2026-08-06,1,493.3500061035156,493.3500061035156,201.3333590976535,99445.77910843735,99327.81393966866,-117.96516876868554,-0.0011862260000000035,0,1.0,0.09339410425560075
2026-08-06,2026-08-06,NIFTY_METAL,WELCORP,1,0.8405733765746742,2026-08-04,1,1706.0,1812.0,31.265870576564044,53402.92313952236,56653.75748473405,3250.8343452116897,0.060873715409144276,2,1.0,0.053269338397144074
2026-08-06,2026-08-06,NIFTY_PHARMA,DIVISLAB,1,0.8030107785829449,2026-08-04,2,8451.0,8398.0,6.277507611509243,53114.22229632229,52718.508921454624,-395.71337486766424,-0.007450233812329849,2,1.0,0.04956917627725832
2026-08-06,2026-08-06,NIFTY_PRIVATE_BANK,RBLBANK,2,0.7837509283090774,2026-08-06,2,390.0,390.0,137.03778773301036,53508.21004584388,53444.73721587404,-63.47282996983995,-0.0011862259999999767,0,0.5,0.05025202067252077
2026-08-06,2026-08-06,NIFTY_PRIVATE_BANK,INDUSINDBK,3,0.6706272613669403,2026-08-06,3,1016.0,1016.0,52.603087810899645,53508.21004584388,53444.73721587404,-63.47282996983995,-0.0011862259999999767,0,0.5,0.05025202067252077
2026-08-06,2026-08-06,NIFTY_PSU_BANK,J&KBANK,1,0.8333333333333334,2026-08-04,1,156.1199951171875,158.72000122070312,341.65755106243927,53402.92313952236,54227.8869216928,824.9637821704382,0.015447914340102857,2,1.0,0.05098838607081098
2026-08-06,2026-08-06,NIFTY_REALTY,OBEROIRLTY,1,0.8191177606689156,2026-08-04,1,1847.0999755859375,1778.4000244140625,28.877470580171423,53402.92313952236,51355.69438479323,-2047.2287547291344,-0.038335518626582896,2,1.0,0.048287774443575446
2026-08-06,2026-08-06,NIFTY_MIDSMALL_FINANCIAL_SERVICES,MANAPPURAM,2,0.772577330245169,2026-08-05,5,362.20001220703125,371.3500061035156,144.55057339618662,52418.399517017635,53678.85631294059,1260.4567959229535,0.024046075567678217,1,1.0,0.05047215381038426
2026-08-06,2026-08-06,NIFTY_MIDSMALL_HEALTHCARE,SAILIFE,2,0.7122609988262498,2026-08-04,2,1339.0,1408.0,39.83538103332208,53402.92313952236,56088.21649491749,2685.2933553951298,0.050283639874533416,2,1.0,0.05273758206355734
2026-08-06,2026-08-06,NIFTY_MIDSMALL_IT_TELECOM,HFCL,1,0.841559148289086,2026-08-04,1,202.39999389648438,210.47999572753906,263.5354585578609,53402.92313952236,55468.94219131362,2066.019051791256,0.03868737758780548,2,0.5021788015673873,0.05215530237190194
2026-08-06,2026-08-06,NIFTY_MIDSMALL_IT_TELECOM,OFSS,2,0.4687088186639163,2026-08-04,2,11425.0,11778.0,4.668671790251051,53402.92313952236,54987.61634557688,1584.693206054515,0.029674278352034955,2,0.49782119843261285,0.05170273028323243
2026-08-07,2026-08-07,NIFTY_AUTO,BHARATFORG,1,0.8479251543133809,2026-08-04,1,2213.199951171875,2217.10009765625,24.100658042837612,53402.92313952236,53433.57130035516,30.64816083279584,0.0005739041803521386,3,1.0,0.045872274187991606
2026-08-07,2026-08-07,NIFTY_BANK,FEDERALBNK,1,0.929256360468475,2026-08-04,1,364.54998779296875,351.8500061035156,146.31621722590836,53402.92313952236,51481.36192397917,-1921.5612155431882,-0.035982322737705755,3,1.0,0.044196318761353444
2026-08-07,2026-08-07,NIFTY_CHEMICALS,HSCL,1,0.8220323634834663,2026-08-04,1,752.0,764.7999877929688,70.93028617502428,53402.92313952236,54247.48200081035,844.5588612879874,0.015814843301395,3,1.0,0.04657100971899237
2026-08-07,2026-08-07,NIFTY_CONSUMER_DURABLES,TITAN,1,0.7570462378287811,2026-08-07,1,4978.10009765625,4978.10009765625,10.759448548186477,53625.22350282936,53561.61186845449,-63.61163437486539,-0.0011862259999999652,0,0.5,0.045982195945121096
2026-08-07,2026-08-07,NIFTY_CONSUMER_DURABLES,KALYANKJIL,2,0.7521487166186904,2026-08-07,2,607.0,607.0,88.23988775692668,53625.22350282936,53561.61186845449,-63.61163437486539,-0.0011862259999999652,0,0.5,0.045982195945121096
2026-08-07,2026-08-07,NIFTY_FINANCIAL_SERVICES,BAJFINANCE,1,0.8242263682552033,2026-08-05,2,1152.0,1099.300048828125,46.09856679948431,53168.61895118992,50676.156733579686,-2492.462217610235,-0.046878445721871685,2,1.0,0.04350505683794625
2026-08-07,2026-08-07,NIFTY_FINANCIAL_SERVICES_EX_BANK,ABCAPITAL,3,0.6908545423989179,2026-08-04,2,424.3500061035156,410.0,125.6971236866358,53402.92313952236,51535.82071152068,-1867.102428001679,-0.034962551078404853,3,1.0,0.04424307117511234
2026-08-07,2026-08-07,NIFTY_HEALTHCARE,LAURUSLABS,1,0.9029194550738616,2026-08-04,1,1811.0,1842.699951171875,29.453106131208315,53402.92313952236,54273.237229837614,870.3140903152525,0.016297124560793033,3,1.0,0.046593120367765445
2026-08-07,2026-08-07,NIFTY_IT,TECHM,1,0.8917459369224962,2026-08-04,1,1652.9000244140625,1678.0999755859375,32.2702973052025,53402.92313952236,54152.78512001126,749.8619804888949,0.014041590542333778,3,1.0,0.04648971323861403
2026-08-07,2026-08-07,NIFTY_MEDIA,SUNTV,1,1.0,2026-08-07,1,491.6000061035156,491.6000061035156,199.0881507433765,97987.97200065598,97871.73612058153,-116.23588007445505,-0.0011862260000000502,0,1.0,0.0840220671259575
2026-08-07,2026-08-07,NIFTY_METAL,WELCORP,1,0.8406269891010815,2026-08-04,1,1706.0,1846.699951171875,31.265870576564044,53402.92313952236,57738.68166708698,4335.75852756462,0.08118953556600009,3,1.0,0.04956817544157251
2026-08-07,2026-08-07,NIFTY_PHARMA,DIVISLAB,1,0.7787144425267014,2026-08-04,2,8451.0,8324.5,6.277507611509243,53114.22229632229,52257.1121120087,-857.1101843135912,-0.01613711257093825,3,1.0,0.04486229381150773
2026-08-07,2026-08-07,NIFTY_PRIVATE_BANK,RBLBANK,2,0.7759231938913805,2026-08-07,2,390.0,390.0,135.97888411885822,53094.74717591821,53031.76480635471,-62.98236956349865,-0.0011862259999999604,0,0.5,0.04552732667251117
2026-08-07,2026-08-07,NIFTY_PRIVATE_BANK,INDUSINDBK,3,0.6715576182558395,2026-08-07,3,1010.2999877929688,1010.2999877929688,52.491107044556365,53094.74717591821,53031.76480635471,-62.98236956349865,-0.0011862259999999604,0,0.5,0.04552732667251117
2026-08-07,2026-08-07,NIFTY_PSU_BANK,J&KBANK,1,0.8333333333333334,2026-08-04,1,156.1199951171875,160.67999267578125,341.65755106243927,53402.92313952236,54897.5328023381,1494.6096628157393,0.027987412953236087,3,1.0,0.04712907289684338
2026-08-07,2026-08-07,NIFTY_REALTY,GODREJPROP,1,0.7507483705770309,2026-08-07,1,2081.0,2081.0,24.89679735165296,51871.76692738501,51810.23528878981,-61.53163859520282,-0.0011862259999999732,0,0.5,0.044478653795239166
2026-08-07,2026-08-07,NIFTY_REALTY,OBEROIRLTY,2,0.74575632120078,2026-08-07,2,1780.0,1780.0,29.106873757747085,51871.76692738501,51810.23528878981,-61.53163859520282,-0.0011862259999999732,0,0.5,0.044478653795239166
2026-08-07,2026-08-07,NIFTY_MIDSMALL_FINANCIAL_SERVICES,MANAPPURAM,2,0.7969284329795427,2026-08-05,5,362.20001220703125,360.8999938964844,144.55057339618662,52418.399517017635,52168.30105641707,-250.0984606005659,-0.004771196047665885,2,1.0,0.04478605026285693
2026-08-07,2026-08-07,NIFTY_MIDSMALL_HEALTHCARE,SAILIFE,2,0.7335483650250229,2026-08-04,2,1339.0,1373.5,39.83538103332208,53402.92313952236,54713.89584926788,1310.972709745518,0.024548706937266792,3,1.0,0.046971422108073646
2026-08-07,2026-08-07,NIFTY_MIDSMALL_IT_TELECOM,HFCL,1,0.8333333333333334,2026-08-04,1,202.39999389648438,204.39999389648438,263.5354585578609,53402.92313952236,53866.64612073398,463.7229812116202,0.008683475621738554,3,0.49610642913313646,0.04624406530022446
2026-08-07,2026-08-07,NIFTY_MIDSMALL_IT_TELECOM,OFSS,2,0.4693499195151818,2026-08-04,2,11425.0,11719.0,4.668671790251051,53402.92313952236,54712.16470995207,1309.241570429709,0.02451629037251647,3,0.5038935708668635,0.046969935939445574
