rebalance_date,decision_date,action,symbol,reason,rank_before,rank_after,score,weight_before,weight_after,quantity,entry_price,exit_price,trade_value,transaction_cost,portfolio_value,cash_after,notes
2021-08-10 00:00:00,2021-08-10 00:00:00,BUY,ADANIENT,NEW_POSITION,,1,0.7562821582152158,,0.1,67.27442247962723,1484.685764939077,,100000.0,118.62260000000242,981915.7154290952,0.0,
2021-08-10 00:00:00,2021-08-10 00:00:00,BUY,BASF,NEW_POSITION,,2,0.6524805830800822,,0.1,27.417342135602524,3643.0,,100000.0,118.62260000000242,981915.7154290952,0.0,
2021-08-10 00:00:00,2021-08-10 00:00:00,BUY,ABREL,NEW_POSITION,,3,0.5622390281322708,,0.1,129.96053119222316,768.5516247411038,,100000.0,118.62260000000242,981915.7154290952,0.0,
2021-08-10 00:00:00,2021-08-10 00:00:00,BUY,ARVIND,NEW_POSITION,,4,0.5487575663612739,,0.1,1028.6444796043966,97.0999984741211,,100000.0,118.62260000000242,981915.7154290952,0.0,
2021-08-10 00:00:00,2021-08-10 00:00:00,BUY,BSOFT,NEW_POSITION,,5,0.5273134134675415,,0.1,263.80986072394154,378.6112358571723,,100000.0,118.62260000000242,981915.7154290952,0.0,
2021-08-10 00:00:00,2021-08-10 00:00:00,BUY,BALRAMCHIN,NEW_POSITION,,6,0.5256226780733189,,0.1,299.02891459795046,334.01912833176095,,100000.0,118.62260000000242,981915.7154290952,0.0,
2021-08-10 00:00:00,2021-08-10 00:00:00,BUY,APARINDS,NEW_POSITION,,7,0.501347198335206,,0.1,156.11110543580835,639.8095582064175,,100000.0,118.62260000000242,981915.7154290952,0.0,
2021-08-10 00:00:00,2021-08-10 00:00:00,BUY,BAJAJFINSV,NEW_POSITION,,8,0.4939765874188838,,0.1,70.19427188511105,1422.9277506215703,,100000.0,118.62260000000242,981915.7154290952,0.0,
2021-08-10 00:00:00,2021-08-10 00:00:00,BUY,JSWSTEEL,NEW_POSITION,,9,0.4866514211292748,,0.1,139.52727518072226,715.8555721139753,,100000.0,118.62260000000242,981915.7154290952,0.0,
2021-08-10 00:00:00,2021-08-10 00:00:00,BUY,AMBUJACEM,NEW_POSITION,,10,0.45202961614737563,,0.1,254.938772290135,391.78574723161074,,100000.0,118.62260000000242,981915.7154290952,0.0,
2021-08-11 00:00:00,2021-08-11 00:00:00,SELL,AMBUJACEM,SellReason.RANK_EXIT,,,,,,254.938772290135,391.78574723161074,384.8093789430067,98102.83063345947,101.65670377598718,988501.8878387344,98001.17392968349,
2021-08-12 00:00:00,2021-08-12 00:00:00,SELL,APARINDS,SellReason.RANK_EXIT,,,,,,156.11110543580835,639.8095582064175,601.3448161838012,93876.60400254618,97.27737785914242,1000913.9932715166,191780.50055437052,
2021-08-18 00:00:00,2021-08-18 00:00:00,SELL,ARVIND,SellReason.RANK_EXIT,,,,,,1028.6444796043966,97.0999984741211,95.80000305175781,98544.14428527502,102.1140044561534,997957.2459027965,290222.5308351894,
2021-08-23 00:00:00,2021-08-23 00:00:00,SELL,JSWSTEEL,SellReason.RANK_EXIT,,,,,,139.52727518072226,715.8555721139753,665.2897011962516,92826.05921370989,96.18877603478573,979786.2693182477,382952.4012728645,
2021-08-24 00:00:00,2021-08-24 00:00:00,BUY,TECHM,NEW_POSITION,,7,0.586705460177492,,0.09751753711674976,80.14888952075148,1193.086190790825,,95738.10031821612,113.56702378806949,998765.506740086,0.0,
2021-08-24 00:00:00,2021-08-24 00:00:00,BUY,APOLLOHOSP,NEW_POSITION,,8,0.5807530269822809,,0.09751753711674976,20.08625796480888,4760.694274760496,,95738.10031821612,113.56702378806949,998765.506740086,0.0,
2021-08-24 00:00:00,2021-08-24 00:00:00,BUY,WIPRO,NEW_POSITION,,9,0.5312454983408477,,0.09751753711674975,325.4749313934663,293.79999524088583,,95738.10031821611,113.56702378806949,998765.506740086,0.0,
2021-08-24 00:00:00,2021-08-24 00:00:00,BUY,TATACONSUM,NEW_POSITION,,10,0.5246650883254111,,0.09751753711674975,119.57754178760152,799.6863948272178,,95738.10031821611,113.56702378806949,998765.506740086,0.0,
2021-08-25 00:00:00,2021-08-25 00:00:00,SELL,TATACONSUM,SellReason.RANK_EXIT,,,,,,119.57754178760152,799.6863948272178,802.1808806910184,95922.81778204524,99.39771777901761,995601.355748024,95823.42006426622,
2021-08-26 00:00:00,2021-08-26 00:00:00,SELL,WIPRO,SellReason.RANK_EXIT,,,,,,325.4749313934663,293.79999524088583,292.0445491233425,95053.1795897557,98.49657607357419,991114.6819164727,190778.10307794833,
2021-08-30 00:00:00,2021-08-30 00:00:00,SELL,ABREL,SellReason.RANK_EXIT,,,,,,129.96053119222316,768.5516247411038,743.8868878565797,96675.93509277084,100.17811751744156,1003479.6313917614,287353.86005320173,
2021-08-31 00:00:00,2021-08-31 00:00:00,SELL,TECHM,SellReason.RANK_EXIT,,,,,,80.14888952075148,1193.086190790825,1195.5192134171562,95819.53735610736,99.2906959163697,1017454.1327601185,383074.1067133927,
2021-09-08 00:00:00,2021-09-08 00:00:00,SELL,BASF,SellReason.RANK_EXIT,,,,,,27.417342135602524,3643.0,3529.35009765625,96765.39914376359,100.27082249314556,998006.3320158895,479739.2350346632,
2021-09-09 00:00:00,2021-09-09 00:00:00,SELL,BALRAMCHIN,SellReason.RANK_EXIT,,,,,,299.02891459795046,334.01912833176095,345.1982802782698,103224.26707269011,106.96366937166538,998118.6148071826,582856.5384379816,
2021-09-15 00:00:00,2021-09-15 00:00:00,SELL,BSOFT,SellReason.RANK_EXIT,,,,,,263.80986072394154,378.6112358571723,384.33126453742824,101390.37736947527,105.06334518006189,998818.5667112477,684141.8524622768,
2021-09-22 00:00:00,2021-09-22 00:00:00,BUY,ADANIENSOL,NEW_POSITION,,1,0.7837199817872963,,0.0975723215671402,62.54395952916709,1560.800048828125,,97734.55035175383,115.93526472555823,1014494.7490403105,0.0,
2021-09-22 00:00:00,2021-09-22 00:00:00,BUY,ABREL,NEW_POSITION,,4,0.6171248410559923,,0.0975723215671402,117.35943272233501,831.7918110424727,,97734.55035175383,115.93526472555823,1014494.7490403105,0.0,
2021-09-22 00:00:00,2021-09-22 00:00:00,BUY,WIPRO,NEW_POSITION,,6,0.5750884470979551,,0.0975723215671402,315.8725754249163,309.0442877344142,,97734.55035175383,115.93526472554368,1014494.7490403105,0.0,
2021-09-22 00:00:00,2021-09-22 00:00:00,BUY,DMART,NEW_POSITION,,7,0.5696194549860671,,0.0975723215671402,22.32303111983267,4373.0,,97734.55035175383,115.93526472555823,1014494.7490403105,0.0,
2021-09-22 00:00:00,2021-09-22 00:00:00,BUY,BSOFT,NEW_POSITION,,8,0.560509308917851,,0.0975723215671402,250.18021126496836,390.19319151361424,,97734.55035175383,115.93526472555823,1014494.7490403105,0.0,
2021-09-22 00:00:00,2021-09-22 00:00:00,BUY,TECHM,NEW_POSITION,,9,0.5580910359895724,,0.0975723215671402,79.467365002821,1228.4113747015888,,97734.55035175383,115.93526472555823,1014494.7490403105,0.0,
2021-09-22 00:00:00,2021-09-22 00:00:00,BUY,GODREJCP,NEW_POSITION,,10,0.5511470144192837,,0.0975723215671402,94.52124983404892,1032.7689832542144,,97734.55035175383,115.93526472555823,1014494.7490403105,0.0,
2021-09-23 00:00:00,2021-09-23 00:00:00,SELL,GODREJCP,SellReason.RANK_EXIT,,,,,,94.52124983404892,1032.7689832542144,1018.2028060768296,96241.80181491766,99.72825732746486,1033384.3604735155,96142.07355759019,
2021-09-28 00:00:00,2021-09-28 00:00:00,SELL,APOLLOHOSP,SellReason.RANK_EXIT,,,,,,20.08625796480888,4760.694274760496,4523.6472968829385,90863.14654700109,94.15475489381275,999635.2440013943,284455.1579418747,
2021-09-28 00:00:00,2021-09-28 00:00:00,SELL,TECHM,SellReason.RANK_EXIT,,,,,,79.467365002821,1228.4113747015888,1228.7468593128026,97645.27516508043,101.18257290321064,999635.2440013943,284455.1579418747,
2021-09-30 00:00:00,2021-09-30 00:00:00,SELL,BSOFT,SellReason.RANK_EXIT,,,,,,250.18021126496836,390.19319151361424,389.814953604282,97523.9874469631,101.0568914162168,998266.0984633996,381878.0884974216,
2021-10-01 00:00:00,2021-10-01 00:00:00,SELL,WIPRO,SellReason.RANK_EXIT,,,,,,315.8725754249163,309.0442877344142,293.2456032256217,92628.24392291027,95.98379468726164,991889.7169926637,474410.3486256446,
2021-10-08 00:00:00,2021-10-08 00:00:00,SELL,ADANIENT,SellReason.RANK_EXIT,,,,,,67.27442247962723,1484.685764939077,1518.6100551899126,102163.6144346562,105.86459353116607,1011145.3329825415,576468.0984667696,
2021-10-21 00:00:00,2021-10-21 00:00:00,SELL,DMART,SellReason.RANK_EXIT,,,,,,22.32303111983267,4373.0,4650.0,103802.09470722191,107.56242939008573,1021874.7798196272,680162.6307446014,
2021-10-22 00:00:00,2021-10-22 00:00:00,BUY,ARVIND,NEW_POSITION,,3,0.5722931499134889,,0.09511839488286872,724.2599191340979,134.0,,97166.09010637163,115.26094240251405,1011781.8089150293,0.0,
2021-10-22 00:00:00,2021-10-22 00:00:00,BUY,ADANIENT,NEW_POSITION,,4,0.5255490311721864,,0.0951183948828687,60.98082993545065,1591.49734870285,,97166.09010637162,115.26094240251405,1011781.8089150293,0.0,
2021-10-22 00:00:00,2021-10-22 00:00:00,BUY,BAJFINANCE,NEW_POSITION,,6,0.518484658782024,,0.0951183948828687,128.31849721904413,756.3276633321224,,97166.09010637162,115.2609424025286,1011781.8089150293,0.0,
2021-10-22 00:00:00,2021-10-22 00:00:00,BUY,BASF,NEW_POSITION,,7,0.4962676666986665,,0.0951183948828687,28.089965025750825,3455.0,,97166.09010637162,115.26094240251405,1011781.8089150293,0.0,
2021-10-22 00:00:00,2021-10-22 00:00:00,BUY,TECHM,NEW_POSITION,,8,0.48810660465531325,,0.0951183948828687,75.5477155404592,1284.6295678125969,,97166.09010637162,115.26094240251405,1011781.8089150293,0.0,
2021-10-22 00:00:00,2021-10-22 00:00:00,BUY,DMART,NEW_POSITION,,9,0.4792496897020948,,0.0951183948828687,21.287744936163435,4559.0,,97166.09010637162,115.26094240251405,1011781.8089150293,0.0,
2021-10-22 00:00:00,2021-10-22 00:00:00,BUY,GODREJPROP,NEW_POSITION,,10,0.47526822592464224,,0.0951183948828687,42.2999215608418,2294.35009765625,,97166.09010637162,115.26094240251405,1011781.8089150293,0.0,
2021-10-25 00:00:00,2021-10-25 00:00:00,SELL,BASF,SellReason.RANK_EXIT,,,,,,28.089965025750825,3455.0,3345.5,93974.97799364939,97.37931554644734,994671.1645214545,93877.59867810294,
2021-10-26 00:00:00,2021-10-26 00:00:00,SELL,ABREL,SellReason.RANK_EXIT,,,,,,117.35943272233501,831.7918110424727,780.3906332190586,91586.20201641253,94.9040037706591,1016563.4236886576,185368.8966907448,
2021-10-28 00:00:00,2021-10-28 00:00:00,SELL,BAJFINANCE,SellReason.RANK_EXIT,,,,,,128.31849721904413,756.3276633321224,735.2644248440022,94348.02605460718,97.76587764646139,990370.6637302163,279619.1568677055,
2021-10-29 00:00:00,2021-10-29 00:00:00,SELL,ADANIENT,SellReason.RANK_EXIT,,,,,,60.98082993545065,1591.49734870285,1396.881547634819,85182.99609628801,88.26883531287216,981951.2385966674,364713.8841286807,
2021-11-22 00:00:00,2021-11-22 00:00:00,SELL,ARVIND,SellReason.RANK_EXIT,,,,,,724.2599191340979,134.0,125.25,90713.55487154577,93.99974411032238,985488.980341384,455333.43925611617,
2021-11-23 00:00:00,2021-11-23 00:00:00,BUY,ASAHIINDIA,NEW_POSITION,,2,0.6427648709885718,,0.09275629581069196,180.41219825022765,504.17135349242085,,91066.68785122324,108.02567286300473,1007678.4354567818,0.0,
2021-11-23 00:00:00,2021-11-23 00:00:00,BUY,BSOFT,NEW_POSITION,,3,0.6381680229621779,,0.09275629581069196,212.0698302727038,428.90901577746877,,91066.68785122324,108.02567286300473,1007678.4354567818,0.0,
2021-11-23 00:00:00,2021-11-23 00:00:00,BUY,APOLLOHOSP,NEW_POSITION,,4,0.6322984462500547,,0.09275629581069196,17.134943841124436,5308.372354279704,,91066.68785122324,108.02567286299018,1007678.4354567818,0.0,
2021-11-23 00:00:00,2021-11-23 00:00:00,BUY,ABREL,NEW_POSITION,,8,0.5727901461638311,,0.09275629581069197,114.52823763590021,794.2029324464886,,91066.68785122325,108.02567286300473,1007678.4354567818,0.0,
2021-11-23 00:00:00,2021-11-23 00:00:00,BUY,ARVIND,NEW_POSITION,,10,0.5585413355239981,,0.09275629581069197,721.8941442727004,126.0,,91066.68785122325,108.02567286300473,1007678.4354567818,0.0,
2021-11-24 00:00:00,2021-11-24 00:00:00,SELL,ABREL,SellReason.RANK_EXIT,,,,,,114.52823763590021,794.2029324464886,809.0016279493177,92653.53069360959,96.0099974965163,1000085.8598799126,92557.52069611308,
2021-11-25 00:00:00,2021-11-25 00:00:00,SELL,BAJAJFINSV,SellReason.RANK_EXIT,,,,,,70.19427188511105,1422.9277506215703,1729.9492679222058,121432.52925998013,125.83154406495217,1015340.2059393076,306574.0782974438,
2021-11-25 00:00:00,2021-11-25 00:00:00,SELL,GODREJPROP,SellReason.RANK_EXIT,,,,,,42.2999215608418,2294.35009765625,2194.0,92806.02790448691,96.16801907135486,1015340.2059393076,306574.0782974438,
2021-11-26 00:00:00,2021-11-26 00:00:00,SELL,ARVIND,SellReason.RANK_EXIT,,,,,,721.8941442727004,126.0,123.0,88792.97974554215,92.00959422980418,994748.1940779758,395275.04844875616,
2021-11-29 00:00:00,2021-11-29 00:00:00,SELL,ADANIENSOL,SellReason.MARKET_EXIT,,,,,,62.54395952916709,1560.800048828125,1924.5999755859375,120372.10298288285,124.73270278554077,983449.0513477153,0.0,
2021-11-29 00:00:00,2021-11-29 00:00:00,SELL,TECHM,SellReason.MARKET_EXIT,,,,,,75.5477155404592,1284.6295678125969,1283.8562477017235,96992.40659621113,100.50605351756549,983449.0513477153,0.0,
2021-11-29 00:00:00,2021-11-29 00:00:00,SELL,DMART,SellReason.MARKET_EXIT,,,,,,21.287744936163435,4559.0,4687.0,99775.66051579802,103.39013359364333,983449.0513477153,0.0,
2021-11-29 00:00:00,2021-11-29 00:00:00,SELL,ASAHIINDIA,SellReason.MARKET_EXIT,,,,,,180.41219825022765,504.17135349242085,470.3754405615648,84861.4672346312,87.93565874667296,983449.0513477153,0.0,
2021-11-29 00:00:00,2021-11-29 00:00:00,SELL,BSOFT,SellReason.MARKET_EXIT,,,,,,212.0698302727038,428.90901577746877,441.4346688812784,93614.97530613991,97.00627140158014,983449.0513477153,0.0,
2021-11-29 00:00:00,2021-11-29 00:00:00,SELL,APOLLOHOSP,SellReason.MARKET_EXIT,,,,,,17.134943841124436,5308.372354279704,5699.005396456242,97652.13741854281,101.18968374866697,983449.0513477153,0.0,
2021-11-29 00:00:00,2021-11-29 00:00:00,BUY,GOLDBEES,NEW_POSITION,,0,0.0,,1.0,23629.24258977581,41.7599983215332,,987929.0379991684,1171.9071110296063,983449.0513477153,0.0,
2022-07-25 00:00:00,2022-07-25 00:00:00,SELL,GOLDBEES,SellReason.MARKET_EXIT,,,,,,23629.24258977581,41.7599983215332,44.290000915527344,1046539.1759343884,1084.4511041217875,1054056.3096677524,0.0,
2022-07-25 00:00:00,2022-07-25 00:00:00,BUY,ADANIENSOL,NEW_POSITION,,1,0.7734128023879792,,0.1,34.9259001337945,2989.800048828125,,104545.47248302666,124.01455764165439,1054056.3096677524,0.0,
2022-07-25 00:00:00,2022-07-25 00:00:00,BUY,ADANIENT,NEW_POSITION,,2,0.7443106818411009,,0.1,41.76105793900511,2500.450493325617,,104545.47248302666,124.01455764165439,1054056.3096677524,0.0,
2022-07-25 00:00:00,2022-07-25 00:00:00,BUY,ABB,NEW_POSITION,,3,0.6933623376101976,,0.1,39.26249793225593,2659.5724527144266,,104545.47248302666,124.01455764165439,1054056.3096677524,0.0,
2022-07-25 00:00:00,2022-07-25 00:00:00,BUY,SHRIRAMFIN,NEW_POSITION,,4,0.6580164281386066,,0.1,381.08637733317863,274.00994665860424,,104545.47248302666,124.01455764165439,1054056.3096677524,0.0,
2022-07-25 00:00:00,2022-07-25 00:00:00,BUY,APARINDS,NEW_POSITION,,5,0.6498001256864296,,0.1,109.82925328488336,950.7617943511715,,104545.47248302666,124.01455764165439,1054056.3096677524,0.0,
2022-07-25 00:00:00,2022-07-25 00:00:00,BUY,EICHERMOT,NEW_POSITION,,6,0.6226981080223697,,0.1,34.66480164644475,3012.319498908616,,104545.47248302666,124.01455764163984,1054056.3096677524,0.0,
2022-07-25 00:00:00,2022-07-25 00:00:00,BUY,BAJAJ-AUTO,NEW_POSITION,,7,0.6216516568228707,,0.1,27.822340972571354,3753.1513983071686,,104545.47248302666,124.01455764165439,1054056.3096677524,0.0,
2022-07-25 00:00:00,2022-07-25 00:00:00,BUY,BANKBARODA,NEW_POSITION,,8,0.6191132364183634,,0.1,1020.2588264492211,102.34800740592478,,104545.47248302666,124.01455764165439,1054056.3096677524,0.0,
2022-07-25 00:00:00,2022-07-25 00:00:00,BUY,ASAHIINDIA,NEW_POSITION,,9,0.6115279872832123,,0.1,179.4059168930933,582.040212127502,,104545.47248302666,124.01455764165439,1054056.3096677524,0.0,
2022-07-25 00:00:00,2022-07-25 00:00:00,BUY,COALINDIA,NEW_POSITION,,10,0.596020115701254,,0.1,715.7771784381413,145.885425060963,,104545.47248302666,124.01455764166894,1054056.3096677524,0.0,
2022-07-26 00:00:00,2022-07-26 00:00:00,SELL,EICHERMOT,SellReason.RANK_EXIT,,,,,,34.66480164644475,3012.319498908616,2964.352751986383,102758.70015770059,106.48123682961345,1049704.0505263018,102652.21892087098,
2022-07-28 00:00:00,2022-07-28 00:00:00,SELL,BAJAJ-AUTO,SellReason.RANK_EXIT,,,,,,27.822340972571354,3753.1513983071686,3595.3236932931864,100030.32170156758,103.65402013552855,1050464.7605892806,202578.886602303,
2022-08-01 00:00:00,2022-08-01 00:00:00,SELL,SHRIRAMFIN,SellReason.RANK_EXIT,,,,,,381.08637733317863,274.00994665860424,256.7099331791898,97828.65846069981,101.37259944209713,1081510.734635641,406242.2691836067,
2022-08-01 00:00:00,2022-08-01 00:00:00,SELL,BANKBARODA,SellReason.RANK_EXIT,,,,,,1020.2588264492211,102.34800740592478,103.94027630740463,106045.98432620043,109.88760615440135,1081510.734635641,406242.2691836067,
2022-08-02 00:00:00,2022-08-02 00:00:00,SELL,ASAHIINDIA,SellReason.RANK_EXIT,,,,,,179.4059168930933,582.040212127502,572.1584191810203,102648.60580127378,106.36715419503072,1090203.3910415373,508784.50783068547,
2022-08-23 00:00:00,2022-08-23 00:00:00,BUY,EICHERMOT,NEW_POSITION,,6,0.4930073373726556,,0.09152981572594089,31.313223992306362,3245.791455673547,,101756.9015661371,120.70668231719173,1145933.6026774184,0.0,
2022-08-23 00:00:00,2022-08-23 00:00:00,BUY,POWERGRID,NEW_POSITION,,7,0.45241632202067766,,0.09152981572594089,712.9304043410638,142.561173243493,,101756.9015661371,120.70668231719173,1145933.6026774184,0.0,
2022-08-23 00:00:00,2022-08-23 00:00:00,BUY,BAJAJ-AUTO,NEW_POSITION,,8,0.4409645446657645,,0.09152981572594089,27.278705846192924,3725.8437206252024,,101756.9015661371,120.70668231719173,1145933.6026774184,0.0,
2022-08-23 00:00:00,2022-08-23 00:00:00,BUY,NTPC,NEW_POSITION,,9,0.4350850866537561,,0.09152981572594089,722.8886171408199,140.59730983981038,,101756.9015661371,120.70668231717718,1145933.6026774184,0.0,
2022-08-23 00:00:00,2022-08-23 00:00:00,BUY,BANKBARODA,NEW_POSITION,,10,0.4330178027115772,,0.09152981572594089,982.0113779583502,103.49798094511546,,101756.9015661371,120.70668231719173,1145933.6026774184,0.0,
2022-08-24 00:00:00,2022-08-24 00:00:00,SELL,BAJAJ-AUTO,SellReason.RANK_EXIT,,,,,,27.278705846192924,3725.8437206252024,3749.402305117262,102278.84258033149,105.98399593164658,1170431.4648115032,102172.85858439984,
2022-08-25 00:00:00,2022-08-25 00:00:00,SELL,POWERGRID,SellReason.RANK_EXIT,,,,,,712.9304043410638,142.561173243493,146.07847651796288,104143.78732947787,107.91650016927554,1165020.1116304663,206208.72941370844,
2022-09-02 00:00:00,2022-09-02 00:00:00,SELL,NTPC,SellReason.RANK_EXIT,,,,,,722.8886171408199,140.59730983981038,146.48360128162508,105891.32796428118,109.72734721111524,1195697.0107166083,311990.33003077854,
2022-09-07 00:00:00,2022-09-07 00:00:00,SELL,COALINDIA,SellReason.RANK_EXIT,,,,,,715.7771784381413,145.885425060963,174.45140273376936,124868.33282335328,129.3918130482121,1194984.4992145353,436729.2710410836,
2022-09-22 00:00:00,2022-09-22 00:00:00,BUY,AMBUJACEM,NEW_POSITION,,3,0.697895224600254,,0.08967298718562822,211.57058659406576,515.4440634294775,,109182.3177602709,129.51490406750236,1231552.3951096644,0.0,
2022-09-22 00:00:00,2022-09-22 00:00:00,BUY,APOLLOTYRE,NEW_POSITION,,5,0.6236188616707583,,0.08967298718562822,398.0520018244539,273.96622138907645,,109182.3177602709,129.51490406750236,1231552.3951096644,0.0,
2022-09-22 00:00:00,2022-09-22 00:00:00,BUY,COALINDIA,NEW_POSITION,,9,0.5753432830890159,,0.08967298718562822,633.2738438036689,172.20481143069688,,109182.3177602709,129.5149040675169,1231552.3951096644,0.0,
2022-09-22 00:00:00,2022-09-22 00:00:00,BUY,INDUSINDBK,NEW_POSITION,,10,0.5699287865902718,,0.08967298718562822,91.5944877703131,1190.604429490011,,109182.3177602709,129.51490406750236,1231552.3951096644,0.0,
2022-09-23 00:00:00,2022-09-23 00:00:00,SELL,INDUSINDBK,SellReason.RANK_EXIT,,,,,,91.5944877703131,1190.604429490011,1181.814023577257,108247.65012933158,112.16902950291676,1211596.8908917462,108135.48109982867,
2022-09-26 00:00:00,2022-09-26 00:00:00,SELL,COALINDIA,SellReason.RANK_EXIT,,,,,,633.2738438036689,172.20481143069688,165.50235119883808,104808.31010223295,108.60509594399643,1172307.9875816205,212835.18610611762,
2022-09-28 00:00:00,2022-09-28 00:00:00,SELL,BANKBARODA,SellReason.RANK_EXIT,,,,,,982.0113779583502,103.49798094511546,111.85742950439453,109845.26848248948,113.82452317853614,1160938.8832018021,322566.63006542856,
2022-10-04 00:00:00,2022-10-04 00:00:00,SELL,APOLLOTYRE,SellReason.RANK_EXIT,,,,,,398.0520018244539,273.96622138907645,258.34811062429014,102835.98260156416,106.56131890728842,1158658.224056372,425296.0513480854,
2022-10-10 00:00:00,2022-10-10 00:00:00,SELL,EICHERMOT,SellReason.RANK_EXIT,,,,,,31.313223992306362,3245.791455673547,3342.36387708796,104660.18874704883,108.45160874459943,1160422.7014941173,529847.7884863897,
2022-10-14 00:00:00,2022-10-14 00:00:00,SELL,ADANIENSOL,SellReason.RANK_EXIT,,,,,,34.9259001337945,2989.800048828125,3204.0,111902.58402867758,115.95636703770046,1153584.4438527874,641634.4161480295,
2022-10-19 00:00:00,2022-10-19 00:00:00,SELL,AMBUJACEM,SellReason.RANK_EXIT,,,,,,211.57058659406576,515.4440634294775,502.177132456803,106245.91048801166,110.09477484135037,1173535.9200566865,747770.2318611998,
2022-10-24 00:00:00,2022-10-24 00:00:00,BUY,BANKBARODA,NEW_POSITION,,3,0.6185939919347367,,0.09202618116809828,833.5661885835164,128.00135431859223,,106824.31883731426,126.7177844371181,1158126.1419415215,0.0,
2022-10-24 00:00:00,2022-10-24 00:00:00,BUY,COALINDIA,NEW_POSITION,,4,0.5971722901444682,,0.09202618116809828,591.4336221991404,180.4050311785474,,106824.31883731426,126.7177844371181,1158126.1419415215,0.0,
2022-10-24 00:00:00,2022-10-24 00:00:00,BUY,AMBUJACEM,NEW_POSITION,,5,0.5735899420074264,,0.09202618116809828,209.5988119969904,509.05632544524724,,106824.31883731426,126.7177844371181,1158126.1419415215,0.0,
2022-10-24 00:00:00,2022-10-24 00:00:00,BUY,EICHERMOT,NEW_POSITION,,6,0.569166680376991,,0.09202618116809828,29.983122362060893,3558.588720829383,,106824.31883731426,126.7177844371181,1158126.1419415215,0.0,
2022-10-24 00:00:00,2022-10-24 00:00:00,BUY,APOLLOTYRE,NEW_POSITION,,7,0.5561848860401668,,0.09202618116809828,389.5235867927193,273.91820334016154,,106824.31883731426,126.7177844371181,1158126.1419415215,0.0,
2022-10-24 00:00:00,2022-10-24 00:00:00,BUY,BAJAJHLDNG,NEW_POSITION,,9,0.5337139345991393,,0.09202618116809828,17.34612632463865,6151.090973050425,,106824.31883731426,126.71778443710355,1158126.1419415215,0.0,
2022-10-24 00:00:00,2022-10-24 00:00:00,BUY,AXISBANK,NEW_POSITION,,10,0.5312764737037478,,0.09202618116809828,116.79068223787083,913.5797394826685,,106824.31883731426,126.7177844371181,1158126.1419415215,0.0,
2022-10-25 00:00:00,2022-10-25 00:00:00,SELL,AXISBANK,SellReason.RANK_EXIT,,,,,,116.79068223787083,913.5797394826685,903.3069838317773,105497.83891194662,109.31960362437079,1169757.722969969,105388.51930832224,
2022-10-31 00:00:00,2022-10-31 00:00:00,SELL,ABB,SellReason.RANK_EXIT,,,,,,39.26249793225593,2659.5724527144266,2903.668988941204,114005.2976742597,118.13525358780743,1178526.1811382612,219275.68172899412,
2022-11-03 00:00:00,2022-11-03 00:00:00,SELL,BAJAJHLDNG,SellReason.RANK_EXIT,,,,,,17.34612632463865,6151.090973050425,6413.936425837978,111256.95148078688,115.28734580512987,1177010.5150936483,330417.3458639759,
2022-11-07 00:00:00,2022-11-07 00:00:00,SELL,BANKBARODA,SellReason.RANK_EXIT,,,,,,833.5661885835164,128.00135431859223,140.65110951194424,117242.00927591413,121.4892183039434,1213780.1983309542,447537.86592158605,
2022-11-15 00:00:00,2022-11-15 00:00:00,SELL,APOLLOTYRE,SellReason.RANK_EXIT,,,,,,389.5235867927193,273.91820334016154,279.6848974590965,108943.86443002116,112.8904648628631,1229063.6528775187,556368.8398867444,
2022-11-16 00:00:00,2022-11-16 00:00:00,SELL,EICHERMOT,SellReason.RANK_EXIT,,,,,,29.983122362060893,3558.588720829383,3394.5610758108523,101779.54010152585,105.46660572124374,1218379.8862968888,658042.913382549,
2022-11-22 00:00:00,2022-11-22 00:00:00,BUY,BANKINDIA,NEW_POSITION,,3,0.6124883875611953,,0.0903772920055438,1569.0918918871405,69.81345167098446,,109673.81889709149,130.097935495025,1215514.6944681595,0.0,
2022-11-22 00:00:00,2022-11-22 00:00:00,BUY,BANKBARODA,NEW_POSITION,,4,0.5587034337174484,,0.09037729200554381,761.1214365756829,143.92410421973958,,109673.8188970915,130.097935495025,1215514.6944681595,0.0,
2022-11-22 00:00:00,2022-11-22 00:00:00,BUY,ACCELYA,NEW_POSITION,,5,0.5529973758956667,,0.09037729200554381,70.67565044843768,1549.949951171875,,109673.8188970915,130.097935495025,1215514.6944681595,0.0,
2022-11-22 00:00:00,2022-11-22 00:00:00,BUY,BHARTIARTL,NEW_POSITION,,8,0.45734669322319493,,0.09037729200554381,130.7537779894668,837.7862777350957,,109673.8188970915,130.097935495025,1215514.6944681595,0.0,
2022-11-22 00:00:00,2022-11-22 00:00:00,BUY,BAJAJHLDNG,NEW_POSITION,,9,0.43562544993862384,,0.09037729200554381,17.55558626257752,6239.821292388628,,109673.81889709152,130.097935495025,1215514.6944681595,0.0,
2022-11-22 00:00:00,2022-11-22 00:00:00,BUY,TORNTPHARM,NEW_POSITION,,10,0.43472861964716847,,0.09037729200554381,70.11087480643745,1562.4355175145868,,109673.81889709152,130.097935495025,1215514.6944681595,0.0,
2022-11-23 00:00:00,2022-11-23 00:00:00,SELL,BAJAJHLDNG,SellReason.RANK_EXIT,,,,,,17.55558626257752,6239.821292388628,6324.9188689160355,111037.6588070597,115.06010903500427,1205864.2769539545,110922.5986980247,
2022-11-24 00:00:00,2022-11-24 00:00:00,SELL,TORNTPHARM,SellReason.RANK_EXIT,,,,,,70.11087480643745,1562.4355175145868,1557.6425456267232,109207.68150961572,113.16383897998307,1209667.1991210154,220017.11636866044,
2022-11-28 00:00:00,2022-11-28 00:00:00,SELL,BHARTIARTL,SellReason.RANK_EXIT,,,,,,130.7537779894668,837.7862777350957,824.8768120130362,107855.75954661169,111.76294229194725,1211125.6351153667,327761.1129729802,
2022-12-05 00:00:00,2022-12-05 00:00:00,SELL,COALINDIA,SellReason.RANK_EXIT,,,,,,591.4336221991404,180.4050311785474,180.65833212007945,106847.41174623389,110.71806608415295,1239889.7348306305,434497.8066531299,
2022-12-22 00:00:00,2022-12-22 00:00:00,BUY,DHANBANK,NEW_POSITION,,5,0.6316863575362562,,0.08799909873544959,5166.457072118274,21.0,,108624.45166328248,128.85314879873476,1195889.5444898831,0.0,
2022-12-22 00:00:00,2022-12-22 00:00:00,BUY,APOLLOTYRE,NEW_POSITION,,6,0.6170168332547008,,0.08799909873544959,353.87132462318937,306.59618614198945,,108624.45166328248,128.85314879873476,1195889.5444898831,0.0,
2022-12-22 00:00:00,2022-12-22 00:00:00,BUY,PFC,NEW_POSITION,,9,0.5243154387615236,,0.0879990987354496,1137.3805285997028,95.39076481998437,,108624.4516632825,128.85314879874932,1195889.5444898831,0.0,
2022-12-22 00:00:00,2022-12-22 00:00:00,BUY,LT,NEW_POSITION,,10,0.5228823373472162,,0.0879990987354496,52.571984624889076,2063.7531432115434,,108624.4516632825,128.85314879873476,1195889.5444898831,0.0,
2022-12-23 00:00:00,2022-12-23 00:00:00,SELL,ACCELYA,SellReason.RANK_EXIT,,,,,,70.67565044843768,1549.949951171875,1350.199951171875,95426.25978452105,98.88317147147511,1155881.629041022,201208.2245984695,
2022-12-23 00:00:00,2022-12-23 00:00:00,SELL,LT,SellReason.RANK_EXIT,,,,,,52.571984624889076,2063.7531432115434,2016.105707978815,105990.67828201337,109.83029659345758,1155881.629041022,201208.2245984695,
2022-12-27 00:00:00,2022-12-27 00:00:00,SELL,ADANIENT,SellReason.MARKET_EXIT,,,,,,41.76105793900511,2500.450493325617,3725.671078150604,155587.965756323,161.2242954038116,1201476.4530008573,0.0,
2022-12-27 00:00:00,2022-12-27 00:00:00,SELL,APARINDS,SellReason.MARKET_EXIT,,,,,,109.82925328488336,950.7617943511715,1631.2402738270494,179157.9012026535,185.64807533162082,1201476.4530008573,0.0,
2022-12-27 00:00:00,2022-12-27 00:00:00,SELL,AMBUJACEM,SellReason.MARKET_EXIT,,,,,,209.5988119969904,509.05632544524724,511.02182044793255,107109.566470426,110.98971762538366,1201476.4530008573,0.0,
2022-12-27 00:00:00,2022-12-27 00:00:00,SELL,BANKINDIA,SellReason.MARKET_EXIT,,,,,,1569.0918918871405,69.81345167098446,79.3738908735708,124544.92859725465,129.05669318061882,1201476.4530008573,0.0,
2022-12-27 00:00:00,2022-12-27 00:00:00,SELL,BANKBARODA,SellReason.MARKET_EXIT,,,,,,761.1214365756829,143.92410421973958,157.8122972053003,120114.32235820679,124.46558379995518,1201476.4530008573,0.0,
2022-12-27 00:00:00,2022-12-27 00:00:00,SELL,DHANBANK,SellReason.MARKET_EXIT,,,,,,5166.457072118274,21.0,19.700000762939453,101779.20826242393,105.46626186093852,1201476.4530008573,0.0,
2022-12-27 00:00:00,2022-12-27 00:00:00,SELL,APOLLOTYRE,SellReason.MARKET_EXIT,,,,,,353.87132462318937,306.59618614198945,309.09508803630195,109379.8882379275,113.34228406923467,1201476.4530008573,0.0,
2022-12-27 00:00:00,2022-12-27 00:00:00,SELL,PFC,SellReason.MARKET_EXIT,,,,,,1137.3805285997028,95.39076481998437,93.9516743951518,106858.8050863849,110.72987215944428,1201476.4530008573,0.0,
2022-12-27 00:00:00,2022-12-27 00:00:00,BUY,GOLDBEES,NEW_POSITION,,0,0.0,,1.0,25634.23256627206,46.939998626708984,,1204699.887786639,1429.0463290896732,1201476.4530008573,0.0,
2023-05-02 00:00:00,2023-05-02 00:00:00,SELL,GOLDBEES,SellReason.MARKET_EXIT,,,,,,25634.23256627206,46.939998626708984,51.529998779296875,1320931.9728482114,1368.784054496611,1321170.5595587338,0.0,
2023-05-02 00:00:00,2023-05-02 00:00:00,BUY,APARINDS,NEW_POSITION,,1,0.9213769708791535,,0.09999999999999999,47.48974765071309,2775.3314216878853,,131956.31887937148,156.53001631901134,1321170.5595587338,0.0,
2023-05-02 00:00:00,2023-05-02 00:00:00,BUY,PFC,NEW_POSITION,,2,0.6486624966861743,,0.09999999999999999,1097.4166602403416,120.10004371009587,,131956.31887937148,156.53001631901134,1321170.5595587338,0.0,
2023-05-02 00:00:00,2023-05-02 00:00:00,BUY,BANKINDIA,NEW_POSITION,,3,0.5995671555952574,,0.09999999999999999,1747.629433738892,75.4163247188387,,131956.31887937148,156.53001631901134,1321170.5595587338,0.0,
2023-05-02 00:00:00,2023-05-02 00:00:00,BUY,IGL,NEW_POSITION,,4,0.5482991750825034,,0.09999999999999999,563.4167590154593,233.9294789408919,,131956.31887937148,156.53001631901134,1321170.5595587338,0.0,
2023-05-02 00:00:00,2023-05-02 00:00:00,BUY,ZYDUSLIFE,NEW_POSITION,,5,0.5461832487825982,,0.09999999999999999,259.45021522946615,507.9964522152524,,131956.31887937148,156.53001631901134,1321170.5595587338,0.0,
2023-05-02 00:00:00,2023-05-02 00:00:00,BUY,APOLLOTYRE,NEW_POSITION,,6,0.5432057561043951,,0.09999999999999999,394.05734055242044,334.4685539375696,,131956.31887937148,156.53001631901134,1321170.5595587338,0.0,
2023-05-02 00:00:00,2023-05-02 00:00:00,BUY,BANKBARODA,NEW_POSITION,,7,0.5304991314688003,,0.09999999999999999,788.3278924987579,167.1890467369961,,131956.31887937148,156.53001631901134,1321170.5595587338,0.0,
2023-05-02 00:00:00,2023-05-02 00:00:00,BUY,ONGC,NEW_POSITION,,8,0.5160090797425199,,0.09999999999999999,961.2411803187739,137.1141723447013,,131956.31887937148,156.53001631901134,1321170.5595587338,0.0,
2023-05-02 00:00:00,2023-05-02 00:00:00,BUY,HINDZINC,NEW_POSITION,,9,0.5120631755112014,,0.09999999999999999,475.4160546309446,277.2304123498014,,131956.31887937148,156.53001631901134,1321170.5595587338,0.0,
2023-05-02 00:00:00,2023-05-02 00:00:00,BUY,LT,NEW_POSITION,,10,0.5077815288626973,,0.09999999999999999,57.69622199213825,2284.374683683997,,131956.31887937148,156.53001631901134,1321170.5595587338,0.0,
2023-05-03 00:00:00,2023-05-03 00:00:00,SELL,HINDZINC,SellReason.RANK_EXIT,,,,,,475.4160546309446,277.2304123498014,277.18660873813735,131778.96392281656,136.5527886698845,1321937.2334610173,263910.33446748287,
2023-05-03 00:00:00,2023-05-03 00:00:00,SELL,LT,SellReason.RANK_EXIT,,,,,,57.69622199213825,2284.374683683997,2294.866464296418,132405.12496635955,137.20163302339088,1321937.2334610173,263910.33446748287,
2023-05-05 00:00:00,2023-05-05 00:00:00,SELL,IGL,SellReason.RANK_EXIT,,,,,,563.4167590154593,233.9294789408919,228.741525395091,128876.80889035456,133.54550016921658,1324586.6840460156,525596.300835538,
2023-05-05 00:00:00,2023-05-05 00:00:00,SELL,ONGC,SellReason.RANK_EXIT,,,,,,961.2411803187739,137.1141723447013,138.4466326299897,133080.60456041098,137.9015825412164,1324586.6840460156,525596.300835538,
2023-05-09 00:00:00,2023-05-09 00:00:00,SELL,BANKINDIA,SellReason.RANK_EXIT,,,,,,1747.629433738892,75.4163247188387,72.92615730816827,127447.89900122747,132.06482659044593,1307717.7580727064,781092.1893028968,
2023-05-09 00:00:00,2023-05-09 00:00:00,SELL,BANKBARODA,SellReason.RANK_EXIT,,,,,,788.3278924987579,167.1890467369961,162.76604798149006,128313.01557559977,132.96128287784143,1307717.7580727064,781092.1893028968,
2023-05-16 00:00:00,2023-05-16 00:00:00,SELL,ZYDUSLIFE,SellReason.RANK_EXIT,,,,,,259.45021522946615,507.9964522152524,506.1399078169234,131318.10801932294,136.07523780043093,1307608.9269990958,912274.2220844193,
2023-05-18 00:00:00,2023-05-18 00:00:00,SELL,PFC,SellReason.RANK_EXIT,,,,,,1097.4166602403416,120.10004371009587,116.27452475603468,127601.6006288005,132.2240962131794,1305500.9603751856,1039743.5986170067,
2023-05-19 00:00:00,2023-05-19 00:00:00,SELL,APARINDS,SellReason.RANK_EXIT,,,,,,47.48974765071309,2775.3314216878853,2667.6900675871407,126687.92812002706,131.27732500410318,1305371.753000006,1166300.2494120295,
2023-05-23 00:00:00,2023-05-23 00:00:00,BUY,WSI,NEW_POSITION,,1,0.9059208001112434,,0.09918035516699998,1609.8904527693333,80.4000015258789,,129588.91660133662,153.72174218433793,1321380.2936060752,0.0,
2023-05-23 00:00:00,2023-05-23 00:00:00,BUY,APARINDS,NEW_POSITION,,3,0.26956428045250397,,0.09918035516699998,46.90197528299294,2759.6960272606384,,129588.91660133662,153.72174218433793,1321380.2936060752,0.0,
2023-05-23 00:00:00,2023-05-23 00:00:00,BUY,IOC,NEW_POSITION,,4,0.25578715921468625,,0.09918035516699998,1782.2396302221455,72.62502340553328,,129588.91660133663,153.72174218433793,1321380.2936060752,0.0,
2023-05-23 00:00:00,2023-05-23 00:00:00,BUY,OFSS,NEW_POSITION,,5,0.25569735344794475,,0.09918035516699998,40.183331483864386,3221.1165694692827,,129588.91660133662,153.72174218435248,1321380.2936060752,0.0,
2023-05-23 00:00:00,2023-05-23 00:00:00,BUY,ABB,NEW_POSITION,,6,0.2527740122495758,,0.09918035516699997,33.844289077623856,3824.432375054033,,129588.9166013366,153.72174218433793,1321380.2936060752,0.0,
2023-05-23 00:00:00,2023-05-23 00:00:00,BUY,ZYDUSLIFE,NEW_POSITION,,7,0.25240096001639867,,0.09918035516699997,259.76697952319444,498.27424215630566,,129588.9166013366,153.72174218432338,1321380.2936060752,0.0,
2023-05-23 00:00:00,2023-05-23 00:00:00,BUY,IDFCFIRSTB,NEW_POSITION,,8,0.24898768854226438,,0.09918035516699997,1952.7646985405154,66.28304728976889,,129588.9166013366,153.72174218433793,1321380.2936060752,0.0,
2023-05-23 00:00:00,2023-05-23 00:00:00,BUY,PFC,NEW_POSITION,,9,0.24742792300860184,,0.09918035516699995,1106.1744774552485,117.01155423231023,,129588.91660133659,153.72174218435248,1321380.2936060752,0.0,
2023-05-23 00:00:00,2023-05-23 00:00:00,BUY,ONGC,NEW_POSITION,,10,0.2460132426630146,,0.09918035516699995,909.222871118758,142.35804990242715,,129588.91660133659,153.72174218433793,1321380.2936060752,0.0,
2023-05-24 00:00:00,2023-05-24 00:00:00,SELL,PFC,SellReason.RANK_EXIT,,,,,,1106.1744774552485,117.01155423231023,116.3447313529137,128697.57240898057,133.3597706670683,1326435.6885041918,128564.2126383135,
2023-05-29 00:00:00,2023-05-29 00:00:00,SELL,ONGC,SellReason.RANK_EXIT,,,,,,909.222871118758,142.35804990242715,137.54400673152514,125058.15670561507,129.5885134904327,1331694.1887884783,253492.78083043813,
2023-05-31 00:00:00,2023-05-31 00:00:00,SELL,APARINDS,SellReason.RANK_EXIT,,,,,,46.90197528299294,2759.6960272606384,2655.5723372556113,124551.58812416247,129.06359395554836,1327634.6983363056,377915.30536064506,
2023-06-02 00:00:00,2023-06-02 00:00:00,SELL,ABB,SellReason.RANK_EXIT,,,,,,33.844289077623856,3824.432375054033,3904.996760312741,132161.83920320903,136.9495339901845,1328060.613988751,509940.1950298639,
2023-06-12 00:00:00,2023-06-12 00:00:00,SELL,IDFCFIRSTB,SellReason.RANK_EXIT,,,,,,1952.7646985405154,66.28304728976889,71.56576240442035,139751.09444749006,144.81371759494482,1336510.4206407047,649546.4757597591,
2023-06-15 00:00:00,2023-06-15 00:00:00,SELL,WSI,SellReason.RANK_EXIT,,,,,,1609.8904527693333,80.4000015258789,84.9000015258789,136679.70189661428,141.63106077752104,1353153.6358920906,1059687.9211670842,
2023-06-15 00:00:00,2023-06-15 00:00:00,SELL,IOC,SellReason.RANK_EXIT,,,,,,1782.2396302221455,72.62502340553328,77.48330662720456,138093.81975165816,143.09640646598172,1353153.6358920906,1059687.9211670842,
2023-06-15 00:00:00,2023-06-15 00:00:00,SELL,ZYDUSLIFE,SellReason.RANK_EXIT,,,,,,259.76697952319444,498.27424215630566,522.7506748155052,135793.36384053543,140.71261423902266,1353153.6358920906,1059687.9211670842,
2023-06-22 00:00:00,2023-06-22 00:00:00,BUY,APARINDS,NEW_POSITION,,1,0.7844068705355379,,0.09732729701294335,42.44429683581238,3117.117524344457,,132460.99014588553,157.1286704967788,1341212.5227174615,0.0,
2023-06-22 00:00:00,2023-06-22 00:00:00,BUY,PFC,NEW_POSITION,,2,0.6834090503376544,,0.09732729701294335,881.8579136094434,150.0285470409504,,132460.99014588553,157.1286704967788,1341212.5227174615,0.0,
2023-06-22 00:00:00,2023-06-22 00:00:00,BUY,IDFCFIRSTB,NEW_POSITION,,3,0.6423042923588279,,0.09732729701294335,1620.7190913528916,81.63281482971142,,132460.99014588553,157.1286704967788,1341212.5227174615,0.0,
2023-06-22 00:00:00,2023-06-22 00:00:00,BUY,PAYTM,NEW_POSITION,,4,0.6389263542573047,,0.09732729701294338,151.37741587573086,874.0,,132460.99014588556,157.1286704967788,1341212.5227174615,0.0,
2023-06-22 00:00:00,2023-06-22 00:00:00,BUY,ABB,NEW_POSITION,,5,0.5968466790800256,,0.09732729701294338,30.967656733767285,4272.323947944179,,132460.99014588556,157.1286704967788,1341212.5227174615,0.0,
2023-06-22 00:00:00,2023-06-22 00:00:00,BUY,TMPV,NEW_POSITION,,7,0.5815839947671945,,0.09732729701294338,232.53982332372993,568.9514147914449,,132460.99014588556,157.1286704967788,1341212.5227174615,0.0,
2023-06-22 00:00:00,2023-06-22 00:00:00,BUY,ARVIND,NEW_POSITION,,9,0.5704708598674858,,0.09732729701294338,1013.8226932979983,130.5,,132460.99014588556,157.1286704967788,1341212.5227174615,0.0,
2023-06-22 00:00:00,2023-06-22 00:00:00,BUY,ZYDUSLIFE,NEW_POSITION,,10,0.565999340878599,,0.09732729701294338,241.4480585789735,547.9599308193007,,132460.99014588556,157.1286704967788,1341212.5227174615,0.0,
2023-06-23 00:00:00,2023-06-23 00:00:00,SELL,ZYDUSLIFE,SellReason.RANK_EXIT,,,,,,241.4480585789735,547.9599308193007,539.459145069774,130251.36325976974,134.96984914521815,1330106.7437982224,130116.39341062453,
2023-06-26 00:00:00,2023-06-26 00:00:00,SELL,ABB,SellReason.RANK_EXIT,,,,,,30.967656733767285,4272.323947944179,4160.288954567574,128834.4002583322,133.50155524209057,1334199.6602805043,258817.29211371462,
2023-06-27 00:00:00,2023-06-27 00:00:00,SELL,APARINDS,SellReason.RANK_EXIT,,,,,,42.44429683581238,3117.117524344457,3274.598209916426,138988.01843971264,144.02299839570966,1337957.374417937,917684.6552226918,
2023-06-27 00:00:00,2023-06-27 00:00:00,SELL,IDFCFIRSTB,SellReason.RANK_EXIT,,,,,,1620.7190913528916,81.63281482971142,77.84520829183619,126165.21524892133,130.7356763365288,1337957.374417937,917684.6552226918,
2023-06-27 00:00:00,2023-06-27 00:00:00,SELL,PAYTM,SellReason.RANK_EXIT,,,,,,151.37741587573086,874.0,839.5,127081.34062767607,131.68498927325427,1337957.374417937,917684.6552226918,
2023-06-27 00:00:00,2023-06-27 00:00:00,SELL,TMPV,SellReason.RANK_EXIT,,,,,,232.53982332372993,568.9514147914449,555.3121803002662,129132.19629653916,133.81013923957758,1337957.374417937,917684.6552226918,
2023-06-27 00:00:00,2023-06-27 00:00:00,SELL,ARVIND,SellReason.RANK_EXIT,,,,,,1013.8226932979983,130.5,136.3000030517578,138184.0361904585,143.18989108549405,1337957.374417937,917684.6552226918,
2023-06-28 00:00:00,2023-06-28 00:00:00,SELL,APOLLOTYRE,SellReason.RANK_EXIT,,,,,,394.05734055242044,334.4685539375696,386.32080083218216,152232.547376011,157.74732363725437,1346253.365976496,1069759.4552750655,
2023-06-30 00:00:00,2023-06-30 00:00:00,SELL,OFSS,SellReason.RANK_EXIT,,,,,,40.183331483864386,3221.1165694692827,3462.1158548892345,139119.34903255664,144.15908657061007,1345439.1459015282,1208734.6452210515,
2023-07-24 00:00:00,2023-07-24 00:00:00,BUY,APARINDS,NEW_POSITION,,1,0.7891042017293475,,0.09915089161390188,36.42135405596292,3683.1287091838167,,134303.8494690057,159.31471814023098,1357114.6762184184,0.0,
2023-07-24 00:00:00,2023-07-24 00:00:00,BUY,TMPV,NEW_POSITION,,3,0.6104177176817004,,0.09915089161390188,219.27321308678043,611.7689108599686,,134303.8494690057,159.31471814023098,1357114.6762184184,0.0,
2023-07-24 00:00:00,2023-07-24 00:00:00,BUY,IDFCFIRSTB,NEW_POSITION,,4,0.5840761223325107,,0.09915089161390188,1613.712219423641,83.127916574107,,134303.8494690057,159.31471814023098,1357114.6762184184,0.0,
2023-07-24 00:00:00,2023-07-24 00:00:00,BUY,ARVIND,NEW_POSITION,,5,0.5610215461973871,,0.09915089161390188,983.4643750253348,136.39999389648438,,134303.8494690057,159.31471814023098,1357114.6762184184,0.0,
2023-07-24 00:00:00,2023-07-24 00:00:00,BUY,INDIGO,NEW_POSITION,,6,0.559483429843624,,0.09915089161390188,50.36308467681045,2663.548819769413,,134303.8494690057,159.31471814023098,1357114.6762184184,0.0,
2023-07-24 00:00:00,2023-07-24 00:00:00,BUY,SHRIRAMFIN,NEW_POSITION,,7,0.5589372174569984,,0.09915089161390188,382.02390789754935,351.14172693830506,,134303.8494690057,159.31471814023098,1357114.6762184184,0.0,
2023-07-24 00:00:00,2023-07-24 00:00:00,BUY,BSOFT,NEW_POSITION,,8,0.5516974619072789,,0.09915089161390188,359.51585490017084,373.12550454308695,,134303.8494690057,159.31471814023098,1357114.6762184184,0.0,
2023-07-24 00:00:00,2023-07-24 00:00:00,BUY,APOLLOTYRE,NEW_POSITION,,9,0.5455830072516603,,0.09915089161390188,329.9299582087001,406.5848869232153,,134303.8494690057,159.31471814023098,1357114.6762184184,0.0,
2023-07-24 00:00:00,2023-07-24 00:00:00,BUY,ABB,NEW_POSITION,,10,0.5405874766765395,,0.09915089161390188,32.1454109447461,4173.053969707931,,134303.8494690057,159.31471814023098,1357114.6762184184,0.0,
2023-07-25 00:00:00,2023-07-25 00:00:00,SELL,ARVIND,SellReason.RANK_EXIT,,,,,,983.4643750253348,136.39999389648438,135.5500030517578,133308.59903597922,138.13783634465662,1357862.1294864595,399713.4446317101,
2023-07-25 00:00:00,2023-07-25 00:00:00,SELL,SHRIRAMFIN,SellReason.RANK_EXIT,,,,,,382.02390789754935,351.14172693830506,349.2532122128888,133423.07697533988,138.25646136184855,1357862.1294864595,399713.4446317101,
2023-07-25 00:00:00,2023-07-25 00:00:00,SELL,BSOFT,SellReason.RANK_EXIT,,,,,,359.51585490017084,373.12550454308695,371.0445308859961,133396.39172751174,138.22880941423256,1357862.1294864595,399713.4446317101,
2023-07-26 00:00:00,2023-07-26 00:00:00,SELL,INDIGO,SellReason.RANK_EXIT,,,,,,50.36308467681045,2663.548819769413,2585.6304813526112,130220.32687530373,134.93768843668846,1363582.4272022736,529798.8338185771,
2023-07-28 00:00:00,2023-07-28 00:00:00,SELL,APOLLOTYRE,SellReason.RANK_EXIT,,,,,,329.9299582087001,406.5848869232153,408.77055639320616,134865.6525877576,139.75129571840168,1374532.9390765824,804046.5685259575,
2023-07-28 00:00:00,2023-07-28 00:00:00,SELL,ABB,SellReason.RANK_EXIT,,,,,,32.1454109447461,4173.053969707931,4344.836647934965,139666.55953566259,144.7261203214015,1374532.9390765824,804046.5685259575,
2023-07-31 00:00:00,2023-07-31 00:00:00,SELL,IDFCFIRSTB,SellReason.RANK_EXIT,,,,,,1613.712219423641,83.127916574107,85.22106127681421,137522.26793464596,142.50414961284645,1379626.6528186635,941426.3323109907,
2023-08-09 00:00:00,2023-08-09 00:00:00,SELL,TMPV,SellReason.RANK_EXIT,,,,,,219.27321308678043,611.7689108599686,596.7199483287636,130844.7003830256,135.5846804991011,1386296.457790235,1072135.448013517,
2023-08-22 00:00:00,2023-08-22 00:00:00,BUY,LUPIN,NEW_POSITION,,3,0.5334849515953234,,0.0940487232359325,123.9574954327054,1079.8698067142268,,134016.93100168963,158.97436799440766,1427993.353039868,0.0,
2023-08-22 00:00:00,2023-08-22 00:00:00,BUY,ARVIND,NEW_POSITION,,4,0.5133807760143132,,0.0940487232359325,818.9535584762505,163.4499969482422,,134016.93100168963,158.97436799440766,1427993.353039868,0.0,
2023-08-22 00:00:00,2023-08-22 00:00:00,BUY,BSOFT,NEW_POSITION,,5,0.49861264779708975,,0.0940487232359325,297.9260219926683,449.29931174991265,,134016.93100168963,158.97436799440766,1427993.353039868,0.0,
2023-08-22 00:00:00,2023-08-22 00:00:00,BUY,ZYDUSLIFE,NEW_POSITION,,6,0.48403839733945403,,0.0940487232359325,207.71142335787462,644.4419592805245,,134016.93100168963,158.97436799440766,1427993.353039868,0.0,
2023-08-22 00:00:00,2023-08-22 00:00:00,BUY,IDFCFIRSTB,NEW_POSITION,,7,0.4821856577665233,,0.0940487232359325,1492.1787536947284,89.70638155935039,,134016.93100168963,158.97436799440766,1427993.353039868,0.0,
2023-08-22 00:00:00,2023-08-22 00:00:00,BUY,DRREDDY,NEW_POSITION,,8,0.46394804456883987,,0.0940487232359325,114.46579391403253,1169.414477955107,,134016.93100168963,158.97436799440766,1427993.353039868,0.0,
2023-08-22 00:00:00,2023-08-22 00:00:00,BUY,TMPV,NEW_POSITION,,9,0.4389497010256218,,0.0940487232359325,220.28233626526102,607.6654120487685,,134016.93100168963,158.97436799440766,1427993.353039868,0.0,
2023-08-22 00:00:00,2023-08-22 00:00:00,BUY,SHRIRAMFIN,NEW_POSITION,,10,0.43385140587410026,,0.0940487232359325,378.50389730537273,353.6501409540312,,134016.93100168963,158.97436799440766,1427993.353039868,0.0,
2023-08-23 00:00:00,2023-08-23 00:00:00,SELL,TMPV,SellReason.RANK_EXIT,,,,,,220.28233626526102,607.6654120487685,608.5937456316468,134062.45212416517,138.91899851481517,1429781.181138472,267285.7484184285,
2023-08-23 00:00:00,2023-08-23 00:00:00,SELL,SHRIRAMFIN,SellReason.RANK_EXIT,,,,,,378.50389730537273,353.6501409540312,352.7058848963589,133500.55203581206,138.33674303386138,1429781.181138472,267285.7484184285,
2023-08-30 00:00:00,2023-08-30 00:00:00,SELL,DRREDDY,SellReason.RANK_EXIT,,,,,,114.46579391403253,1169.414477955107,1133.614982599895,129760.13897613916,134.46082977068878,1434130.2626876999,396911.426564797,
2023-09-04 00:00:00,2023-09-04 00:00:00,SELL,ZYDUSLIFE,SellReason.RANK_EXIT,,,,,,207.71142335787462,644.4419592805245,607.4589025445349,126176.1532789378,130.7470106076206,1440749.9153651514,522956.8328331272,
2023-09-13 00:00:00,2023-09-13 00:00:00,SELL,ARVIND,SellReason.RANK_EXIT,,,,,,818.9535584762505,163.4499969482422,159.4499969482422,130582.14239979022,135.31261109036504,1426402.2941751997,653403.662621827,
2023-09-22 00:00:00,2023-09-22 00:00:00,BUY,ARVIND,NEW_POSITION,,5,0.4793104073053963,,0.09036139991534133,791.0649432833088,165.0,,130680.73252436539,155.01688261944219,1447205.3242795356,0.0,
2023-09-22 00:00:00,2023-09-22 00:00:00,BUY,GICRE,NEW_POSITION,,7,0.43335239211604454,,0.09036139991534133,614.1339486708506,212.53623240375873,,130680.73252436539,155.01688261945674,1447205.3242795356,0.0,
2023-09-22 00:00:00,2023-09-22 00:00:00,BUY,TMPV,NEW_POSITION,,8,0.42816682461482414,,0.09036139991534133,212.67805021558254,613.7244323494486,,130680.73252436538,155.01688261944219,1447205.3242795356,0.0,
2023-09-22 00:00:00,2023-09-22 00:00:00,BUY,NTPC,NEW_POSITION,,9,0.4252963706510645,,0.09036139991534133,585.042192796615,223.1047901311318,,130680.73252436539,155.01688261944219,1447205.3242795356,0.0,
2023-09-22 00:00:00,2023-09-22 00:00:00,BUY,BANKINDIA,NEW_POSITION,,10,0.4199780421560546,,0.09036139991534133,1316.6860629064915,99.13199457251005,,130680.73252436539,155.01688261944219,1447205.3242795356,0.0,
2023-09-25 00:00:00,2023-09-25 00:00:00,SELL,NTPC,SellReason.RANK_EXIT,,,,,,585.042192796615,223.1047901311318,223.61906473300988,130826.5879825283,135.5659119587834,1452727.1735413037,130691.02207056952,
2023-09-26 00:00:00,2023-09-26 00:00:00,SELL,BANKINDIA,SellReason.RANK_EXIT,,,,,,1316.6860629064915,99.13199457251005,97.76150604318526,128721.21249581079,133.38426713968403,1465150.747330318,259278.8502992406,
2023-09-27 00:00:00,2023-09-27 00:00:00,SELL,GICRE,SellReason.RANK_EXIT,,,,,,614.1339486708506,212.53623240375873,210.63901756017057,129360.57159837619,134.04678766509895,1481925.327627845,388505.3751099517,
2023-09-28 00:00:00,2023-09-28 00:00:00,SELL,TMPV,SellReason.RANK_EXIT,,,,,,212.67805021558254,613.7244323494486,608.7404506917394,129465.7321404741,134.1557577529949,1463368.4176020236,517836.9514926728,
2023-10-23 00:00:00,2023-10-23 00:00:00,SELL,IDFCFIRSTB,SellReason.RANK_EXIT,,,,,,1492.1787536947284,89.70638155935039,88.659805081346,132296.2774491004,137.0888423959715,1460925.093463407,649996.1400993771,
2023-10-25 00:00:00,2023-10-25 00:00:00,BUY,RECLTD,NEW_POSITION,,1,0.7547168076752255,,0.08856272623950226,523.3015699370293,248.12656222537808,,129999.22801987543,154.20846425709897,1438333.7016133643,0.0,
2023-10-25 00:00:00,2023-10-25 00:00:00,BUY,NTPC,NEW_POSITION,,7,0.4363615667466007,,0.08856272623950226,588.4029471925559,220.67363900053059,,129999.22801987543,154.20846425709897,1438333.7016133643,0.0,
2023-10-25 00:00:00,2023-10-25 00:00:00,BUY,COALINDIA,NEW_POSITION,,8,0.4349392918506535,,0.08856272623950226,510.4070230390315,254.39504884259577,,129999.22801987543,154.20846425709897,1438333.7016133643,0.0,
2023-10-25 00:00:00,2023-10-25 00:00:00,BUY,HDFCAMC,NEW_POSITION,,9,0.43076235541542923,,0.08856272623950226,97.92610685779229,1325.9489601090597,,129999.22801987545,154.20846425709897,1438333.7016133643,0.0,
2023-10-25 00:00:00,2023-10-25 00:00:00,BUY,LT,NEW_POSITION,,10,0.4280867114193853,,0.08856272623950226,45.074802898699055,2880.6564023681162,,129999.22801987545,154.20846425708442,1438333.7016133643,0.0,
2023-10-26 00:00:00,2023-10-26 00:00:00,SELL,LT,SellReason.RANK_EXIT,,,,,,45.074802898699055,2880.6564023681162,2829.0593945387704,127519.29459754797,132.13880856363878,1428570.1567564048,127387.15578898432,
2023-10-30 00:00:00,2023-10-30 00:00:00,SELL,PFC,SellReason.MARKET_EXIT,,,,,,881.8579136094434,150.0285470409504,213.74310615408152,188491.0496414401,195.3193264057509,1442138.2309796265,0.0,
2023-10-30 00:00:00,2023-10-30 00:00:00,SELL,APARINDS,SellReason.MARKET_EXIT,,,,,,36.42135405596292,3683.1287091838167,4960.264948557905,180659.56590281017,187.20413933720536,1442138.2309796265,0.0,
2023-10-30 00:00:00,2023-10-30 00:00:00,SELL,LUPIN,SellReason.MARKET_EXIT,,,,,,123.9574954327054,1079.8698067142268,1127.0187171628604,139702.41748528878,144.76327726111086,1442138.2309796265,0.0,
2023-10-30 00:00:00,2023-10-30 00:00:00,SELL,BSOFT,SellReason.MARKET_EXIT,,,,,,297.9260219926683,449.29931174991265,526.5376856769892,156869.27812297136,162.5520245922541,1442138.2309796265,0.0,
2023-10-30 00:00:00,2023-10-30 00:00:00,SELL,ARVIND,SellReason.MARKET_EXIT,,,,,,791.0649432833088,165.0,176.10000610351562,139306.54134046793,144.3530601070677,1442138.2309796265,0.0,
2023-10-30 00:00:00,2023-10-30 00:00:00,SELL,RECLTD,SellReason.MARKET_EXIT,,,,,,523.3015699370293,248.12656222537808,245.7210432720417,128586.20771082412,133.2443716713564,1442138.2309796265,0.0,
2023-10-30 00:00:00,2023-10-30 00:00:00,SELL,NTPC,SellReason.MARKET_EXIT,,,,,,588.4029471925559,220.67363900053059,222.0294536818423,130642.78490994908,135.3754504360969,1442138.2309796265,0.0,
2023-10-30 00:00:00,2023-10-30 00:00:00,SELL,COALINDIA,SellReason.MARKET_EXIT,,,,,,510.4070230390315,254.39504884259577,261.7917229300679,133620.33395699493,138.46086417492103,1442138.2309796265,0.0,
2023-10-30 00:00:00,2023-10-30 00:00:00,SELL,HDFCAMC,SellReason.MARKET_EXIT,,,,,,97.92610685779229,1325.9489601090597,1304.3592089512097,127730.81927670159,132.3579959358194,1442138.2309796265,0.0,
2023-10-30 00:00:00,2023-10-30 00:00:00,BUY,GOLDBEES,NEW_POSITION,,0,0.0,,1.0,27722.76467299408,52.29999923706055,,1451622.5236265108,1721.952379711438,1442138.2309796265,0.0,
2023-12-04 00:00:00,2023-12-04 00:00:00,SELL,GOLDBEES,SellReason.MARKET_EXIT,,,,,,27722.76467299408,52.29999923706055,54.349998474121094,1506732.2176756463,1561.3150989931642,1495255.428567039,0.0,
2023-12-04 00:00:00,2023-12-04 00:00:00,BUY,RECLTD,NEW_POSITION,,1,0.8326770709636354,,0.09999999999999999,433.0177638183098,347.18793438422995,,150517.09025766532,178.54728590798914,1495255.428567039,0.0,
2023-12-04 00:00:00,2023-12-04 00:00:00,BUY,PFC,NEW_POSITION,,2,0.8004348721821675,,0.09999999999999999,432.3438512821509,347.7291108128776,,150517.09025766532,178.54728590798914,1495255.428567039,0.0,
2023-12-04 00:00:00,2023-12-04 00:00:00,BUY,BSOFT,NEW_POSITION,,3,0.5519077622403423,,0.09999999999999999,239.16322892804402,628.6022464472957,,150517.09025766532,178.54728590798914,1495255.428567039,0.0,
2023-12-04 00:00:00,2023-12-04 00:00:00,BUY,ARVIND,NEW_POSITION,,4,0.5249831233654979,,0.09999999999999999,655.784265961864,229.25,,150517.09025766532,178.54728590798914,1495255.428567039,0.0,
2023-12-04 00:00:00,2023-12-04 00:00:00,BUY,APARINDS,NEW_POSITION,,5,0.5083278510093511,,0.09999999999999999,27.66511093265933,5434.228813963621,,150517.09025766532,178.54728590798914,1495255.428567039,0.0,
2023-12-04 00:00:00,2023-12-04 00:00:00,BUY,COALINDIA,NEW_POSITION,,6,0.4909113343827101,,0.09999999999999999,492.62748766788536,305.1769272629607,,150517.09025766532,178.54728590798914,1495255.428567039,0.0,
2023-12-04 00:00:00,2023-12-04 00:00:00,BUY,LUPIN,NEW_POSITION,,7,0.47882497817442665,,0.09999999999999999,116.07533217463066,1295.1808119366744,,150517.09025766532,178.54728590798914,1495255.428567039,0.0,
2023-12-04 00:00:00,2023-12-04 00:00:00,BUY,GICRE,NEW_POSITION,,8,0.4547810423575239,,0.09999999999999999,504.72244834918376,297.8637931866825,,150517.09025766532,178.54728590798914,1495255.428567039,0.0,
2023-12-04 00:00:00,2023-12-04 00:00:00,BUY,NTPC,NEW_POSITION,,9,0.43614907012976684,,0.09999999999999999,576.9645045840733,260.5680969579481,,150517.09025766532,178.54728590798914,1495255.428567039,0.0,
2023-12-04 00:00:00,2023-12-04 00:00:00,BUY,ABREL,NEW_POSITION,,10,0.4265140230540537,,0.09999999999999999,116.81826552630652,1286.9438036460344,,150517.09025766532,178.54728590798914,1495255.428567039,0.0,
2023-12-05 00:00:00,2023-12-05 00:00:00,SELL,ARVIND,SellReason.RANK_EXIT,,,,,,655.784265961864,229.25,226.39999389648438,148469.5538111765,153.84801186754015,1504863.3934919229,451085.78678283043,
2023-12-05 00:00:00,2023-12-05 00:00:00,SELL,GICRE,SellReason.RANK_EXIT,,,,,,504.72244834918376,297.8637931866825,295.4922538346561,149141.5738236461,154.5443764769815,1504863.3934919229,451085.78678283043,
2023-12-05 00:00:00,2023-12-05 00:00:00,SELL,ABREL,SellReason.RANK_EXIT,,,,,,116.81826552630652,1286.9438036460344,1317.795381888181,153942.57083075403,159.51929440166896,1504863.3934919229,451085.78678283043,
2023-12-06 00:00:00,2023-12-06 00:00:00,SELL,LUPIN,SellReason.RANK_EXIT,,,,,,116.07533217463066,1295.1808119366744,1244.9646302209258,144509.6829985602,149.74469077486606,1505644.737575241,595445.7250906158,
2023-12-14 00:00:00,2023-12-14 00:00:00,SELL,APARINDS,SellReason.RANK_EXIT,,,,,,27.66511093265933,5434.228813963621,5261.32119994049,145555.03464870597,150.82791133389,1552772.242747729,740849.9318279879,
2023-12-22 00:00:00,2023-12-22 00:00:00,BUY,ARVIND,NEW_POSITION,,4,0.563341871216448,,0.0957334261015445,599.8955213055813,246.6999969482422,,148169.98636559758,175.76309024653165,1558520.4630505973,0.0,
2023-12-22 00:00:00,2023-12-22 00:00:00,BUY,HDFCAMC,NEW_POSITION,,5,0.4871698267181691,,0.0957334261015445,98.7738293034545,1498.3141214529699,,148169.98636559758,175.76309024653165,1558520.4630505973,0.0,
2023-12-22 00:00:00,2023-12-22 00:00:00,BUY,DLF,NEW_POSITION,,7,0.47082504471331527,,0.0957334261015445,215.41476846128006,687.0198563101416,,148169.98636559758,175.76309024653165,1558520.4630505973,0.0,
2023-12-22 00:00:00,2023-12-22 00:00:00,BUY,IOC,NEW_POSITION,,9,0.45790234978350464,,0.0957334261015445,1323.0642839585914,111.85716753879427,,148169.98636559758,175.76309024653165,1558520.4630505973,0.0,
2023-12-22 00:00:00,2023-12-22 00:00:00,BUY,GICRE,NEW_POSITION,,10,0.4577379852031646,,0.0957334261015445,500.5182131781932,295.68199393907474,,148169.98636559758,175.76309024653165,1558520.4630505973,0.0,
2023-12-26 00:00:00,2023-12-26 00:00:00,SELL,HDFCAMC,SellReason.RANK_EXIT,,,,,,98.7738293034545,1498.3141214529699,1520.257876628626,150161.69200334811,155.60144945786138,1571920.10871065,297430.49521012115,
2023-12-26 00:00:00,2023-12-26 00:00:00,SELL,IOC,SellReason.RANK_EXIT,,,,,,1323.0642839585914,111.85716753879427,111.54206935364516,147577.32812064007,152.92346440913838,1571920.10871065,297430.49521012115,
2023-12-29 00:00:00,2023-12-29 00:00:00,SELL,DLF,SellReason.RANK_EXIT,,,,,,215.41476846128006,687.0198563101416,716.4353542765083,154330.7559589492,159.9215419243181,1564834.4660239855,451601.329627146,
2024-01-02 00:00:00,2024-01-02 00:00:00,SELL,GICRE,SellReason.RANK_EXIT,,,,,,500.5182131781932,295.68199393907474,295.91915206930213,148112.92523893312,153.47846406863871,1561800.7538090528,599560.7764020105,
2024-01-03 00:00:00,2024-01-03 00:00:00,SELL,NTPC,SellReason.RANK_EXIT,,,,,,576.9645045840733,260.5680969579481,290.0236160629507,167333.33195944183,173.39514924300457,1565846.4694383182,766720.7132122093,
2024-01-12 00:00:00,2024-01-12 00:00:00,SELL,COALINDIA,SellReason.RANK_EXIT,,,,,,492.62748766788536,305.1769272629607,335.3382254800395,165196.8275372387,171.18124781160273,1616950.2476628663,931746.3595016364,
2024-01-24 00:00:00,2024-01-24 00:00:00,BUY,BALMLAWRIE,NEW_POSITION,,5,0.5603152489182,,0.09577556968810792,600.2587201539737,258.3999938964844,,155291.05991693938,184.21029284104588,1672149.1949858062,0.0,
2024-01-24 00:00:00,2024-01-24 00:00:00,BUY,IOC,NEW_POSITION,,6,0.5125588670987622,,0.09577556968810794,1239.9525498223845,125.09095581626609,,155291.0599169394,184.21029284104588,1672149.1949858062,0.0,
2024-01-24 00:00:00,2024-01-24 00:00:00,BUY,GICRE,NEW_POSITION,,7,0.49702450340838555,,0.09577556968810794,488.08797704239447,317.78461449507506,,155291.0599169394,184.21029284104588,1672149.1949858062,0.0,
2024-01-24 00:00:00,2024-01-24 00:00:00,BUY,NTPC,NEW_POSITION,,8,0.4737765827619447,,0.09577556968810794,542.3103653040578,286.01122078338744,,155291.0599169394,184.21029284104588,1672149.1949858062,0.0,
2024-01-24 00:00:00,2024-01-24 00:00:00,BUY,LUPIN,NEW_POSITION,,9,0.47241637039810447,,0.09577556968810794,108.33157628334905,1431.7787569009909,,155291.0599169394,184.21029284104588,1672149.1949858062,0.0,
2024-01-24 00:00:00,2024-01-24 00:00:00,BUY,COALINDIA,NEW_POSITION,,10,0.4699094631998102,,0.09577556968810794,469.8456165772236,330.12301094567107,,155291.0599169394,184.21029284104588,1672149.1949858062,0.0,
2024-01-25 00:00:00,2024-01-25 00:00:00,SELL,NTPC,SellReason.RANK_EXIT,,,,,,542.3103653040578,286.01122078338744,292.6670744080123,158716.388034679,164.46604790762328,1678245.0544556386,313144.6728365286,
2024-01-25 00:00:00,2024-01-25 00:00:00,SELL,LUPIN,SellReason.RANK_EXIT,,,,,,108.33157628334905,1431.7787569009909,1428.5134155271571,154753.1100459677,160.3591962104929,1678245.0544556386,313144.6728365286,
2024-01-31 00:00:00,2024-01-31 00:00:00,SELL,COALINDIA,SellReason.RANK_EXIT,,,,,,469.8456165772236,330.12301094567107,352.07036147565805,165418.71606609656,171.41117447430696,1743611.4776085406,478391.9777281509,
2024-02-12 00:00:00,2024-02-12 00:00:00,SELL,BALMLAWRIE,SellReason.RANK_EXIT,,,,,,600.2587201539737,258.3999938964844,264.3999938964844,158708.40194502217,164.45777251388256,1692319.556557998,636935.9219006592,
2024-02-13 00:00:00,2024-02-13 00:00:00,SELL,GICRE,SellReason.RANK_EXIT,,,,,,488.08797704239447,317.78461449507506,330.11652936364356,161125.909005357,166.96285618498507,1703532.5062678256,797894.8680498312,
2024-02-22 00:00:00,2024-02-22 00:00:00,SELL,ARVIND,SellReason.RANK_EXIT,,,,,,599.8955213055813,246.6999969482422,289.29998779296875,173549.76699076127,179.8367808497686,1708611.6225089342,0.0,
2024-02-22 00:00:00,2024-02-22 00:00:00,BUY,HINDPETRO,NEW_POSITION,,4,0.7737331719205786,,0.09510424253564878,476.5996405274571,339.2479334190328,,161877.4663766238,192.023259430076,1708611.6225089342,0.0,
2024-02-22 00:00:00,2024-02-22 00:00:00,BUY,GICRE,NEW_POSITION,,5,0.7294635800297893,,0.09510424253564877,391.8263263271614,412.6456857372875,,161877.46637662378,192.023259430076,1708611.6225089342,0.0,
2024-02-22 00:00:00,2024-02-22 00:00:00,BUY,OFSS,NEW_POSITION,,6,0.7088066177916009,,0.09510424253564877,23.143725798164894,6986.145814517644,,161877.46637662378,192.023259430076,1708611.6225089342,0.0,
2024-02-22 00:00:00,2024-02-22 00:00:00,BUY,COALINDIA,NEW_POSITION,,8,0.688784210765951,,0.09510424253564877,419.8572951553064,385.09618621104534,,161877.46637662378,192.023259430076,1708611.6225089342,0.0,
2024-02-22 00:00:00,2024-02-22 00:00:00,BUY,DLF,NEW_POSITION,,9,0.6820269297850312,,0.09510424253564877,183.22020156022992,882.465152534192,,161877.46637662378,192.023259430076,1708611.6225089342,0.0,
2024-02-22 00:00:00,2024-02-22 00:00:00,BUY,ARVIND,NEW_POSITION,,10,0.6784790116161853,,0.09510424253564877,558.8850671950265,289.29998779296875,,161877.46637662378,192.023259430076,1708611.6225089342,0.0,
2024-02-23 00:00:00,2024-02-23 00:00:00,SELL,DLF,SellReason.RANK_EXIT,,,,,,183.22020156022992,882.465152534192,886.413528064837,162408.86527775397,168.29228883130585,1696285.3703207436,324679.6918709825,
2024-02-23 00:00:00,2024-02-23 00:00:00,SELL,ARVIND,SellReason.RANK_EXIT,,,,,,558.8850671950265,289.29998779296875,290.95001220703125,162607.61712272046,168.49824066060813,1696285.3703207436,324679.6918709825,
2024-02-27 00:00:00,2024-02-27 00:00:00,SELL,BSOFT,SellReason.RANK_EXIT,,,,,,239.16322892804402,628.6022464472957,761.1446725875304,182037.81757741264,188.632319556972,1666157.7358103744,656536.2983292802,
2024-02-27 00:00:00,2024-02-27 00:00:00,SELL,GICRE,SellReason.RANK_EXIT,,,,,,391.8263263271614,412.6456857372875,383.2387308881327,150163.02403018068,155.602829738698,1666157.7358103744,656536.2983292802,
2024-03-18 00:00:00,2024-03-18 00:00:00,SELL,PFC,SellReason.RANK_EXIT,,,,,,432.3438512821509,347.7291108128776,346.03218504103216,149604.88754821772,155.02447420453947,1625609.3781668143,959391.295722585,
2024-03-18 00:00:00,2024-03-18 00:00:00,SELL,COALINDIA,SellReason.RANK_EXIT,,,,,,419.8572951553064,385.09618621104534,365.75346759910036,153564.26159983227,159.12728054054776,1625609.3781668143,959391.295722585,
2024-03-19 00:00:00,2024-03-19 00:00:00,SELL,HINDPETRO,SellReason.RANK_EXIT,,,,,,476.5996405274571,339.2479334190328,285.4555900462398,136048.03160259107,140.97650759542654,1608137.10142345,1095298.3508175807,
2024-03-22 00:00:00,2024-03-22 00:00:00,BUY,BAJAJ-AUTO,NEW_POSITION,,3,0.7128751717723391,,0.0961027212689356,18.83005046652385,8299.796277998757,,156471.1929739401,185.61019735669834,1643654.9959275639,0.0,
2024-03-22 00:00:00,2024-03-22 00:00:00,BUY,ZYDUSLIFE,NEW_POSITION,,4,0.6690129913835907,,0.09610272126893557,159.5872728168804,979.3110692223837,,156471.19297394008,185.61019735669834,1643654.9959275639,0.0,
2024-03-22 00:00:00,2024-03-22 00:00:00,BUY,PFC,NEW_POSITION,,6,0.6627345746232,,0.0961027212689356,439.63521698212344,355.4892254751701,,156471.1929739401,185.61019735669834,1643654.9959275639,0.0,
2024-03-22 00:00:00,2024-03-22 00:00:00,BUY,HINDPETRO,NEW_POSITION,,7,0.6474321736108665,,0.0961027212689356,527.5213147357716,296.26401514195646,,156471.1929739401,185.61019735666923,1643654.9959275639,0.0,
2024-03-22 00:00:00,2024-03-22 00:00:00,BUY,COALINDIA,NEW_POSITION,,8,0.6411905797907129,,0.0961027212689356,412.5221621834091,378.853785574551,,156471.1929739401,185.61019735669834,1643654.9959275639,0.0,
2024-03-22 00:00:00,2024-03-22 00:00:00,BUY,ARVIND,NEW_POSITION,,9,0.6371175727081203,,0.0961027212689356,562.1783553114511,278.0,,156471.1929739401,185.61019735669834,1643654.9959275639,0.0,
2024-03-22 00:00:00,2024-03-22 00:00:00,BUY,TMPV,NEW_POSITION,,10,0.6245687955227613,,0.0961027212689356,165.738275750763,942.9661438713497,,156471.1929739401,185.61019735669834,1643654.9959275639,0.0,
2024-03-26 00:00:00,2024-03-26 00:00:00,SELL,ARVIND,SellReason.RANK_EXIT,,,,,,562.1783553114511,278.0,280.29998779296875,157578.586131271,163.28702799246244,1660265.7528938402,315496.7520845621,
2024-03-26 00:00:00,2024-03-26 00:00:00,SELL,TMPV,SellReason.RANK_EXIT,,,,,,165.738275750763,942.9661438713497,954.7911023839049,158245.43101127862,163.97802999509318,1660265.7528938402,315496.7520845621,
2024-03-28 00:00:00,2024-03-28 00:00:00,SELL,COALINDIA,SellReason.RANK_EXIT,,,,,,412.5221621834091,378.853785574551,378.0624494669055,155959.1390944437,161.60891486727905,1657160.8461583832,471294.2822641385,
2024-04-01 00:00:00,2024-04-01 00:00:00,SELL,HINDPETRO,SellReason.RANK_EXIT,,,,,,527.5213147357716,296.26401514195646,297.41985228001266,156895.31150327125,162.57900105778876,1667580.4772453727,628027.014766352,
2024-04-03 00:00:00,2024-04-03 00:00:00,SELL,ZYDUSLIFE,SellReason.RANK_EXIT,,,,,,159.5872728168804,979.3110692223837,983.256012784693,156915.14556110883,162.59955362420556,1682160.0041337386,784779.5607738367,
2024-04-10 00:00:00,2024-04-10 00:00:00,SELL,PFC,SellReason.RANK_EXIT,,,,,,439.63521698212344,355.4892254751701,372.738799095572,163869.1028180379,169.80542493672417,1653474.1477527265,948478.8581669378,
2024-04-23 00:00:00,2024-04-23 00:00:00,BUY,TRENT,NEW_POSITION,,1,0.8634923756713879,,0.09680190879113933,37.55380052010483,4204.429089131089,,158079.80969448964,187.518380334659,1628017.6351876513,0.0,
2024-04-23 00:00:00,2024-04-23 00:00:00,BUY,PNB,NEW_POSITION,,2,0.7984438304792646,,0.09680190879113933,1253.0862005419206,126.00273727846617,,158079.80969448964,187.518380334659,1628017.6351876513,0.0,
2024-04-23 00:00:00,2024-04-23 00:00:00,BUY,ZYDUSLIFE,NEW_POSITION,,6,0.7290736154767143,,0.09680190879113933,166.7614423415607,946.8153375092551,,158079.80969448964,187.518380334659,1628017.6351876513,0.0,
2024-04-23 00:00:00,2024-04-23 00:00:00,BUY,ABREL,NEW_POSITION,,8,0.724205436114645,,0.09680190879113933,84.47790739815608,1869.0364874923657,,158079.80969448964,187.518380334659,1628017.6351876513,0.0,
2024-04-23 00:00:00,2024-04-23 00:00:00,BUY,CANBK,NEW_POSITION,,9,0.724196534243434,,0.09680190879113933,1433.994017582091,110.10665970586325,,158079.80969448964,187.518380334659,1628017.6351876513,0.0,
2024-04-23 00:00:00,2024-04-23 00:00:00,BUY,ARVIND,NEW_POSITION,,10,0.7155738769381557,,0.09680190879113933,521.0966710038118,303.0,,158079.80969448964,187.518380334659,1628017.6351876513,0.0,
2024-04-24 00:00:00,2024-04-24 00:00:00,SELL,RECLTD,SellReason.RANK_EXIT,,,,,,433.0177638183098,347.18793438422995,398.9041093851152,172732.56542387704,178.98997533892242,1620149.885299457,329945.45713695744,
2024-04-24 00:00:00,2024-04-24 00:00:00,SELL,ZYDUSLIFE,SellReason.RANK_EXIT,,,,,,166.7614423415607,946.8153375092551,944.7936058432646,157555.1444255068,163.2627370874652,1620149.885299457,329945.45713695744,
2024-04-25 00:00:00,2024-04-25 00:00:00,SELL,ABREL,SellReason.RANK_EXIT,,,,,,84.47790739815608,1869.0364874923657,1872.9739117328108,158224.91667452655,163.95677250597794,1632649.8399869115,488006.417038978,
2024-04-26 00:00:00,2024-04-26 00:00:00,SELL,OFSS,SellReason.RANK_EXIT,,,,,,23.143725798164894,6986.145814517644,6429.643774238141,148805.91249084557,154.19655547673895,1634979.6367645226,636658.1329743469,
2024-04-29 00:00:00,2024-04-29 00:00:00,SELL,ARVIND,SellReason.RANK_EXIT,,,,,,521.0966710038118,303.0,316.3999938964844,164874.9835250844,170.8477446782641,1640172.5365454257,801362.268754753,
2024-04-30 00:00:00,2024-04-30 00:00:00,SELL,BAJAJ-AUTO,SellReason.RANK_EXIT,,,,,,18.83005046652385,8299.796277998757,8394.576384621489,158070.29696751197,163.79655154545705,1640216.241752545,959268.7691707195,
2024-05-06 00:00:00,2024-05-06 00:00:00,SELL,IOC,SellReason.RANK_EXIT,,,,,,1239.9525498223845,125.09095581626609,154.70950047701206,191832.4395982185,198.78176155510357,1622896.9855849992,1150902.427007383,
2024-05-07 00:00:00,2024-05-07 00:00:00,SELL,PNB,SellReason.RANK_EXIT,,,,,,1253.0862005419206,126.00273727846617,119.37592571938261,149588.3251958757,155.0073118644215,1624252.0312183662,1455535.7512740972,
2024-05-07 00:00:00,2024-05-07 00:00:00,SELL,CANBK,SellReason.RANK_EXIT,,,,,,1433.994017582091,110.10665970586325,108.3414530191492,155360.9954856111,160.98910290807288,1624252.0312183662,1455535.7512740972,
2024-05-22 00:00:00,2024-05-22 00:00:00,BUY,HINDZINC,NEW_POSITION,,1,0.7932120730403468,,0.09914878581001364,226.51705028207655,713.122259750234,,161726.1945860108,191.843816898996,1618759.2371776595,0.0,
2024-05-22 00:00:00,2024-05-22 00:00:00,BUY,ABB,NEW_POSITION,,3,0.6631258053559044,,0.09914878581001364,19.13723369512969,8440.841207380005,,161726.1945860108,191.843816898996,1618759.2371776595,0.0,
2024-05-22 00:00:00,2024-05-22 00:00:00,BUY,ARVIND,NEW_POSITION,,4,0.6525718395176107,,0.09914878581001364,442.8631960770714,364.75,,161726.1945860108,191.843816898996,1618759.2371776595,0.0,
2024-05-22 00:00:00,2024-05-22 00:00:00,BUY,BALMLAWRIE,NEW_POSITION,,5,0.6203402707665157,,0.09914878581001364,523.6970153228269,308.45001220703125,,161726.1945860108,191.843816898996,1618759.2371776595,0.0,
2024-05-22 00:00:00,2024-05-22 00:00:00,BUY,ABREL,NEW_POSITION,,6,0.6139911759120209,,0.09914878581001364,74.26831884630641,2175.010196519958,,161726.1945860108,191.843816898996,1618759.2371776595,0.0,
2024-05-22 00:00:00,2024-05-22 00:00:00,BUY,RECLTD,NEW_POSITION,,7,0.6117280295136234,,0.09914878581001364,323.9932801762964,498.57315152096714,,161726.1945860108,191.843816898996,1618759.2371776595,0.0,
2024-05-22 00:00:00,2024-05-22 00:00:00,BUY,OFSS,NEW_POSITION,,8,0.5988428422001328,,0.09914878581001364,22.70517085567659,7114.430091536884,,161726.1945860108,191.843816898996,1618759.2371776595,0.0,
2024-05-22 00:00:00,2024-05-22 00:00:00,BUY,COALINDIA,NEW_POSITION,,9,0.5808695293958208,,0.09914878581001367,371.5382311027337,434.77181416747965,,161726.19458601082,191.843816898996,1618759.2371776595,0.0,
2024-05-22 00:00:00,2024-05-22 00:00:00,BUY,PFC,NEW_POSITION,,10,0.5642286697707125,,0.09914878581001367,370.4894178595941,436.002603535438,,161726.19458601082,191.843816898996,1618759.2371776595,0.0,
2024-05-23 00:00:00,2024-05-23 00:00:00,SELL,PFC,SellReason.RANK_EXIT,,,,,,370.4894178595941,436.002603535438,430.08322824444474,159341.28486345927,165.11358224892294,1613479.82293462,159176.17128121035,
2024-05-24 00:00:00,2024-05-24 00:00:00,SELL,COALINDIA,SellReason.RANK_EXIT,,,,,,371.5382311027337,434.77181416747965,436.046699736799,162008.01949839515,167.87692201274402,1622203.3871366465,321016.31385759276,
2024-05-28 00:00:00,2024-05-28 00:00:00,SELL,BALMLAWRIE,SellReason.RANK_EXIT,,,,,,523.6970153228269,308.45001220703125,293.04998779296875,153469.4039475686,159.02898657497323,1604782.406843022,474326.6888185864,
2024-06-03 00:00:00,2024-06-03 00:00:00,SELL,RECLTD,SellReason.RANK_EXIT,,,,,,323.9932801762964,498.57315152096714,525.8673965037609,170377.50273102257,176.5495981449566,1608566.1004743795,644527.641951464,
2024-06-04 00:00:00,2024-06-04 00:00:00,SELL,ARVIND,SellReason.RANK_EXIT,,,,,,442.8631960770714,364.75,368.79998779296875,163327.94130717905,169.24465930897296,1570522.8288947581,1121209.94812389,
2024-06-04 00:00:00,2024-06-04 00:00:00,SELL,ABREL,SellReason.RANK_EXIT,,,,,,74.26831884630641,2175.010196519958,2076.374907067599,154208.8736425663,159.7952442991419,1570522.8288947581,1121209.94812389,
2024-06-04 00:00:00,2024-06-04 00:00:00,SELL,OFSS,SellReason.RANK_EXIT,,,,,,22.70517085567659,7114.430091536884,7030.995503720468,159639.95419746713,165.42307117822457,1570522.8288947581,1121209.94812389,
2024-06-24 00:00:00,2024-06-24 00:00:00,BUY,OFSS,NEW_POSITION,,1,0.7475544457484938,,0.09906630543770771,17.85445158513476,8960.38994926825,,160172.8497319843,190.00119884617743,1634995.648969987,0.0,
2024-06-24 00:00:00,2024-06-24 00:00:00,BUY,ARVIND,NEW_POSITION,,4,0.5791205844379556,,0.09906630543770771,438.3091740633921,365.0,,160172.8497319843,190.00119884617743,1634995.648969987,0.0,
2024-06-24 00:00:00,2024-06-24 00:00:00,BUY,ABREL,NEW_POSITION,,5,0.5768668273826992,,0.0990663054377077,72.24384240851093,2214.484213457212,,160172.84973198426,190.00119884617743,1634995.648969987,0.0,
2024-06-24 00:00:00,2024-06-24 00:00:00,BUY,BASF,NEW_POSITION,,6,0.574044701752605,,0.0990663054377077,30.784285158347462,5196.89990234375,,160172.84973198426,190.00119884617743,1634995.648969987,0.0,
2024-06-24 00:00:00,2024-06-24 00:00:00,BUY,BAJAJ-AUTO,NEW_POSITION,,8,0.5694108848166328,,0.0990663054377077,17.363881342164923,9213.541913849054,,160172.84973198426,190.00119884617743,1634995.648969987,0.0,
2024-06-24 00:00:00,2024-06-24 00:00:00,BUY,ZYDUSLIFE,NEW_POSITION,,9,0.5240739712453846,,0.0990663054377077,150.1889722553837,1065.2103555319675,,160172.84973198426,190.00119884617743,1634995.648969987,0.0,
2024-06-24 00:00:00,2024-06-24 00:00:00,BUY,HEROMOTOCO,NEW_POSITION,,10,0.5174066733858877,,0.0990663054377077,31.71940403635764,5043.690239254224,,160172.84973198426,190.00119884617743,1634995.648969987,0.0,
2024-06-25 00:00:00,2024-06-25 00:00:00,SELL,ZYDUSLIFE,SellReason.RANK_EXIT,,,,,,150.1889722553837,1065.2103555319675,1065.4568850794037,160019.8745524981,165.8167545280369,1626432.4264554854,159854.05779797008,
2024-06-26 00:00:00,2024-06-26 00:00:00,SELL,HEROMOTOCO,SellReason.RANK_EXIT,,,,,,31.71940403635764,5043.690239254224,5173.7590527684015,164108.55378152392,170.0535502508134,1614728.7534103505,323792.5580292432,
2024-07-01 00:00:00,2024-07-01 00:00:00,SELL,BAJAJ-AUTO,SellReason.RANK_EXIT,,,,,,17.363881342164923,9213.541913849054,9141.41043683457,158730.3661252235,164.48053236847582,1647280.2357993638,482358.4436220982,
2024-07-15 00:00:00,2024-07-15 00:00:00,SELL,ABREL,SellReason.RANK_EXIT,,,,,,72.24384240851093,2214.484213457212,2140.080358625154,154607.62817006517,160.20844410815394,1661000.560827486,636805.8633480552,
2024-07-19 00:00:00,2024-07-19 00:00:00,SELL,ABB,SellReason.RANK_EXIT,,,,,,19.13723369512969,8440.841207380005,7794.581350007791,149166.72485079858,154.5704386252436,1625302.7984394238,785818.0177602285,
2024-07-23 00:00:00,2024-07-23 00:00:00,SELL,ARVIND,SellReason.RANK_EXIT,,,,,,438.3091740633921,365.0,375.0,164365.94027377205,170.32026082612973,1612557.65810576,0.0,
2024-07-23 00:00:00,2024-07-23 00:00:00,BUY,ZYDUSLIFE,NEW_POSITION,,5,0.5875001296232526,,0.09697251294634462,138.71832027389945,1140.0641542541216,,158335.60629552908,187.82181291354937,1612557.65810576,0.0,
2024-07-23 00:00:00,2024-07-23 00:00:00,BUY,HEROMOTOCO,NEW_POSITION,,6,0.5519886210957251,,0.09697251294634462,30.812494037118526,5132.586290876082,,158335.60629552908,187.82181291352026,1612557.65810576,0.0,
2024-07-23 00:00:00,2024-07-23 00:00:00,BUY,RECLTD,NEW_POSITION,,7,0.5404553293343705,,0.09697251294634462,276.6228041699557,571.709136407461,,158335.60629552908,187.82181291352026,1612557.65810576,0.0,
2024-07-23 00:00:00,2024-07-23 00:00:00,BUY,ABB,NEW_POSITION,,8,0.5211077533313823,,0.09697251294634462,20.637015131375545,7663.307095325774,,158335.60629552908,187.82181291352026,1612557.65810576,0.0,
2024-07-23 00:00:00,2024-07-23 00:00:00,BUY,PFC,NEW_POSITION,,9,0.5203128429772571,,0.09697251294634465,312.876830531134,505.4633934195345,,158335.6062955291,187.82181291352026,1612557.65810576,0.0,
2024-07-23 00:00:00,2024-07-23 00:00:00,BUY,ARVIND,NEW_POSITION,,10,0.5194302439640514,,0.09697251294634465,421.7274252869749,375.0,,158335.6062955291,187.82181291352026,1612557.65810576,0.0,
2024-07-24 00:00:00,2024-07-24 00:00:00,SELL,RECLTD,SellReason.RANK_EXIT,,,,,,276.6228041699557,571.709136407461,549.2963372746972,151947.8931372125,157.45235751400116,1627868.941300413,460028.4267071911,
2024-07-24 00:00:00,2024-07-24 00:00:00,SELL,PFC,SellReason.RANK_EXIT,,,,,,312.876830531134,505.4633934195345,484.2366582432043,151506.4308581217,156.994902822388,1627868.941300413,460028.4267071911,
2024-07-24 00:00:00,2024-07-24 00:00:00,SELL,ARVIND,SellReason.RANK_EXIT,,,,,,421.7274252869749,375.0,372.3999938964844,157051.29060284953,162.74063065622838,1627868.941300413,460028.4267071911,
2024-07-25 00:00:00,2024-07-25 00:00:00,SELL,ABB,SellReason.RANK_EXIT,,,,,,20.637015131375545,7663.307095325774,7350.5858183876535,151694.1507585405,157.1894230639194,1633518.8691708806,611565.3880426676,
2024-07-29 00:00:00,2024-07-29 00:00:00,SELL,HEROMOTOCO,SellReason.RANK_EXIT,,,,,,30.812494037118526,5132.586290876082,5151.535548275918,158731.65836325585,164.48187141912317,1651143.9863852393,770132.5645345044,
2024-08-19 00:00:00,2024-08-19 00:00:00,SELL,HINDZINC,SellReason.RANK_EXIT,,,,,,226.51705028207655,713.122259750234,454.98685595568037,103062.28052819677,106.79581470261124,1664540.3977281484,873088.0492479986,
2024-08-22 00:00:00,2024-08-22 00:00:00,BUY,COLPAL,NEW_POSITION,,4,0.6234626239958918,,0.08640565679730196,42.09749476444633,3452.510948625332,,145514.67487466644,172.6132907178835,1696338.3411357254,0.0,
2024-08-22 00:00:00,2024-08-22 00:00:00,BUY,ABB,NEW_POSITION,,5,0.5858641610518283,,0.08640565679730196,18.529278702374633,7843.913620087227,,145514.67487466644,172.6132907178835,1696338.3411357254,0.0,
2024-08-22 00:00:00,2024-08-22 00:00:00,BUY,ARVIND,NEW_POSITION,,6,0.5837735235435514,,0.08640565679730196,353.71638778988086,410.8999938964844,,145514.67487466644,172.6132907178835,1696338.3411357254,0.0,
2024-08-22 00:00:00,2024-08-22 00:00:00,BUY,ABREL,NEW_POSITION,,7,0.5829765430651983,,0.08640565679730196,62.7306764850553,2316.9216359172256,,145514.67487466644,172.6132907178835,1696338.3411357254,0.0,
2024-08-22 00:00:00,2024-08-22 00:00:00,BUY,PETRONET,NEW_POSITION,,8,0.5825858016473395,,0.08640565679730196,409.5395680948168,354.8913777979541,,145514.67487466644,172.6132907178835,1696338.3411357254,0.0,
2024-08-22 00:00:00,2024-08-22 00:00:00,BUY,BALRAMCHIN,NEW_POSITION,,10,0.5794486977861036,,0.08640565679730196,261.6344445763034,555.5157762935943,,145514.67487466644,172.6132907178835,1696338.3411357254,0.0,
2024-08-23 00:00:00,2024-08-23 00:00:00,SELL,ARVIND,SellReason.RANK_EXIT,,,,,,353.71638778988086,410.8999938964844,407.3999938964844,144104.05422668395,149.32436769509982,1673808.9419536765,143954.72985898884,
2024-08-26 00:00:00,2024-08-26 00:00:00,SELL,ZYDUSLIFE,SellReason.RANK_EXIT,,,,,,138.71832027389945,1140.0641542541216,1117.202100298863,154976.3987599308,160.59057378140807,1670103.0695674159,589432.5931261274,
2024-08-26 00:00:00,2024-08-26 00:00:00,SELL,ABREL,SellReason.RANK_EXIT,,,,,,62.7306764850553,2316.9216359172256,2362.880533064572,148225.09429250867,153.5946965583491,1670103.0695674159,589432.5931261274,
2024-08-26 00:00:00,2024-08-26 00:00:00,SELL,PETRONET,SellReason.RANK_EXIT,,,,,,409.5395680948168,354.8913777979541,348.53400236143,142738.46479345788,147.90930841906572,1670103.0695674159,589432.5931261274,
2024-08-27 00:00:00,2024-08-27 00:00:00,SELL,ABB,SellReason.RANK_EXIT,,,,,,18.529278702374633,7843.913620087227,7734.723502440167,143318.8474625211,148.51071603069843,1677566.0329715814,732602.9298726178,
2024-09-06 00:00:00,2024-09-06 00:00:00,SELL,BALRAMCHIN,SellReason.RANK_EXIT,,,,,,261.6344445763034,555.5157762935943,578.7033425411664,151408.72760020834,156.89366016625348,1686038.8081448579,883854.7638126599,
2024-09-19 00:00:00,2024-09-19 00:00:00,SELL,COLPAL,SellReason.RANK_EXIT,,,,,,42.09749476444633,3452.510948625332,3499.5360162615298,147321.6991225611,152.658574994975,1699484.6984806731,1031023.804360226,
2024-09-24 00:00:00,2024-09-24 00:00:00,BUY,ABREL,NEW_POSITION,,2,0.711366704750977,,0.08592112488014605,51.66538777710076,2847.4459025774795,,147289.11490860372,174.71817762157298,1716053.240328535,0.0,
2024-09-24 00:00:00,2024-09-24 00:00:00,BUY,BAJAJ-AUTO,NEW_POSITION,,5,0.5935787594926005,,0.08592112488014605,12.506854628892052,11762.701422237176,,147289.11490860372,174.71817762157298,1716053.240328535,0.0,
2024-09-24 00:00:00,2024-09-24 00:00:00,BUY,BALRAMCHIN,NEW_POSITION,,6,0.5712907645751564,,0.08592112488014605,248.92963875172163,590.9878689765491,,147289.11490860372,174.71817762157298,1716053.240328535,0.0,
2024-09-24 00:00:00,2024-09-24 00:00:00,BUY,LUPIN,NEW_POSITION,,7,0.55266444165438,,0.08592112488014605,67.59332559436632,2176.46336287445,,147289.11490860372,174.71817762157298,1716053.240328535,0.0,
2024-09-24 00:00:00,2024-09-24 00:00:00,BUY,BHARTIARTL,NEW_POSITION,,8,0.5508755881578338,,0.08592112488014605,84.6713829262396,1737.4748308899004,,147289.11490860372,174.71817762157298,1716053.240328535,0.0,
2024-09-24 00:00:00,2024-09-24 00:00:00,BUY,NAUKRI,NEW_POSITION,,9,0.5432154173619006,,0.08592112488014605,90.46784452950499,1626.151230816631,,147289.11490860372,174.71817762157298,1716053.240328535,0.0,
2024-09-24 00:00:00,2024-09-24 00:00:00,BUY,COLPAL,NEW_POSITION,,10,0.5411282646447438,,0.08592112488014605,41.76907449946113,3522.088973574938,,147289.11490860372,174.71817762157298,1716053.240328535,0.0,
2024-09-25 00:00:00,2024-09-25 00:00:00,SELL,NAUKRI,SellReason.RANK_EXIT,,,,,,90.46784452950499,1626.151230816631,1615.0010473813384,146105.66366948263,151.3984874415733,1708315.8876493247,145954.26518204107,
2024-09-27 00:00:00,2024-09-27 00:00:00,SELL,LUPIN,SellReason.RANK_EXIT,,,,,,67.59332559436632,2176.46336287445,2156.5868953544064,145770.880190234,151.0515760960054,1749069.5795936068,291574.09379617905,
2024-09-30 00:00:00,2024-09-30 00:00:00,SELL,BHARTIARTL,SellReason.RANK_EXIT,,,,,,84.6713829262396,1737.4748308899004,1699.7898894037503,143923.56061985542,149.1373355268703,1743850.7978767208,435348.5170805076,
2024-10-15 00:00:00,2024-10-15 00:00:00,SELL,COLPAL,SellReason.RANK_EXIT,,,,,,41.76907449946113,3522.088973574938,3381.013620013148,141221.8097780219,146.33771105904052,1789812.700846984,576423.9891474704,
2024-10-16 00:00:00,2024-10-16 00:00:00,SELL,BAJAJ-AUTO,SellReason.RANK_EXIT,,,,,,12.506854628892052,11762.701422237176,11096.547287199066,138782.90380362517,143.81045327681528,1765610.8035613673,715063.0824978189,
2024-10-22 00:00:00,2024-10-22 00:00:00,BUY,BHARTIARTL,NEW_POSITION,,6,0.5216654990595869,,0.08229911364282658,85.12832558675875,1677.9722874963065,,143012.61649956377,169.64528401981806,1673919.8078796093,0.0,
2024-10-22 00:00:00,2024-10-22 00:00:00,BUY,PAYTM,NEW_POSITION,,7,0.5214103645496493,,0.08229911364282658,196.48276645879497,727.0,,143012.61649956377,169.64528401981806,1673919.8078796093,0.0,
2024-10-22 00:00:00,2024-10-22 00:00:00,BUY,LUPIN,NEW_POSITION,,8,0.5038724605318122,,0.08229911364282658,66.7261157315387,2140.7355972922,,143012.61649956377,169.64528401981806,1673919.8078796093,0.0,
2024-10-22 00:00:00,2024-10-22 00:00:00,BUY,TECHM,NEW_POSITION,,9,0.4992866684169253,,0.08229911364282655,89.42209772162632,1597.4012560096544,,143012.61649956374,169.64528401981806,1673919.8078796093,0.0,
2024-10-22 00:00:00,2024-10-22 00:00:00,BUY,NAUKRI,NEW_POSITION,,10,0.49891766985499764,,0.08229911364282655,90.45961440919874,1579.0800364169845,,143012.61649956374,169.64528401981806,1673919.8078796093,0.0,
2024-10-23 00:00:00,2024-10-23 00:00:00,SELL,PAYTM,SellReason.RANK_EXIT,,,,,,196.48276645879497,727.0,720.0,141467.5918503324,146.59239683270252,1701556.4933921646,277939.8142708249,
2024-10-23 00:00:00,2024-10-23 00:00:00,SELL,NAUKRI,SellReason.RANK_EXIT,,,,,,90.45961440919874,1579.0800364169845,1511.8407316580226,136760.52963390562,141.7148165804235,1701556.4933921646,277939.8142708249,
2024-10-24 00:00:00,2024-10-24 00:00:00,SELL,LUPIN,SellReason.RANK_EXIT,,,,,,66.7261157315387,2140.7355972922,2057.205153141815,137269.30913205855,142.24202712467653,1681310.7768026171,415066.8813757588,
2024-10-28 00:00:00,2024-10-28 00:00:00,SELL,TRENT,SellReason.MARKET_EXIT,,,,,,37.55380052010483,4204.429089131089,7347.145226278034,275913.22621988575,285.9084587529273,1648373.5650177698,0.0,
2024-10-28 00:00:00,2024-10-28 00:00:00,SELL,OFSS,SellReason.MARKET_EXIT,,,,,,17.85445158513476,8960.38994926825,10081.964377327646,180007.94485804977,186.5289126684775,1648373.5650177698,0.0,
2024-10-28 00:00:00,2024-10-28 00:00:00,SELL,BASF,SellReason.MARKET_EXIT,,,,,,30.784285158347462,5196.89990234375,6978.2001953125,214818.90470453596,222.60093434636246,1648373.5650177698,0.0,
2024-10-28 00:00:00,2024-10-28 00:00:00,SELL,ABREL,SellReason.MARKET_EXIT,,,,,,51.66538777710076,2847.4459025774795,2637.8338544119174,136284.70897975608,141.22175884725672,1648373.5650177698,0.0,
2024-10-28 00:00:00,2024-10-28 00:00:00,SELL,BALRAMCHIN,SellReason.MARKET_EXIT,,,,,,248.92963875172163,590.9878689765491,599.177499516558,149153.03850281663,154.55625647561968,1648373.5650177698,0.0,
2024-10-28 00:00:00,2024-10-28 00:00:00,SELL,BHARTIARTL,SellReason.MARKET_EXIT,,,,,,85.12832558675875,1677.9722874963065,1644.4029739708797,139985.27176402742,145.0563782189511,1648373.5650177698,0.0,
2024-10-28 00:00:00,2024-10-28 00:00:00,SELL,TECHM,SellReason.MARKET_EXIT,,,,,,89.42209772162632,1597.4012560096544,1603.5904831691319,143396.42489142006,148.59110377953664,1648373.5650177698,0.0,
2024-10-28 00:00:00,2024-10-28 00:00:00,BUY,GOLDBEES,NEW_POSITION,,0,0.0,,1.0,25058.88713297707,65.9000015258789,,1653341.937493161,1961.2371931448579,1648373.5650177698,0.0,
2025-04-01 00:00:00,2025-04-01 00:00:00,SELL,GOLDBEES,SellReason.MARKET_EXIT,,,,,,25058.88713297707,65.9000015258789,75.83999633789062,1900465.9083965954,1969.3121863941706,1872487.7055525668,0.0,
2025-04-01 00:00:00,2025-04-01 00:00:00,BUY,NH,NEW_POSITION,,1,0.8321304161068415,,0.09999999999999999,112.21244491385455,1689.8700956410062,,189849.65962102014,225.20460233360063,1872487.7055525668,0.0,
2025-04-01 00:00:00,2025-04-01 00:00:00,BUY,BAJFINANCE,NEW_POSITION,,2,0.7482668988122875,,0.09999999999999999,218.5595227355653,867.6101258150749,,189849.65962102014,225.20460233360063,1872487.7055525668,0.0,
2025-04-01 00:00:00,2025-04-01 00:00:00,BUY,SBICARD,NEW_POSITION,,3,0.7465207312856658,,0.09999999999999999,215.99180273838422,877.9243129349932,,189849.65962102014,225.20460233360063,1872487.7055525668,0.0,
2025-04-01 00:00:00,2025-04-01 00:00:00,BUY,MUTHOOTFIN,NEW_POSITION,,4,0.7122212199838314,,0.09999999999999999,81.2321591618217,2334.352022342995,,189849.65962102014,225.20460233360063,1872487.7055525668,0.0,
2025-04-01 00:00:00,2025-04-01 00:00:00,BUY,JSWSTEEL,NEW_POSITION,,5,0.6903390338006854,,0.09999999999999999,178.86649358675797,1060.1452022466717,,189849.65962102014,225.20460233360063,1872487.7055525668,0.0,
2025-04-01 00:00:00,2025-04-01 00:00:00,BUY,BAJAJFINSV,NEW_POSITION,,6,0.6868363440371099,,0.09999999999999999,95.03439636017283,1995.3244538958807,,189849.65962102014,225.20460233360063,1872487.7055525668,0.0,
2025-04-01 00:00:00,2025-04-01 00:00:00,BUY,BAJAJHLDNG,NEW_POSITION,,7,0.6767966223973028,,0.09999999999999999,15.466884429985457,12260.02921771782,,189849.65962102014,225.20460233360063,1872487.7055525668,0.0,
2025-04-01 00:00:00,2025-04-01 00:00:00,BUY,INDIGO,NEW_POSITION,,8,0.6533702215787913,,0.09999999999999999,37.24409785986717,5091.396111463306,,189849.65962102014,225.20460233360063,1872487.7055525668,0.0,
2025-04-01 00:00:00,2025-04-01 00:00:00,BUY,PAYTM,NEW_POSITION,,9,0.6438346256745359,,0.09999999999999999,243.10827566498273,780.0,,189849.65962102014,225.20460233360063,1872487.7055525668,0.0,
2025-04-01 00:00:00,2025-04-01 00:00:00,BUY,BHARTIARTL,NEW_POSITION,,10,0.635117998412725,,0.09999999999999999,111.49253218174269,1700.781669480624,,189849.65962102014,225.20460233360063,1872487.7055525668,0.0,
2025-04-02 00:00:00,2025-04-02 00:00:00,SELL,INDIGO,SellReason.RANK_EXIT,,,,,,37.24409785986717,5091.396111463306,5019.517610013935,186947.40507668557,193.71976177299356,1872863.4412793766,186753.68531491258,
2025-04-03 00:00:00,2025-04-03 00:00:00,SELL,BAJAJHLDNG,SellReason.RANK_EXIT,,,,,,15.466884429985457,12260.02921771782,11280.08010812525,174467.6953933511,180.78796212667066,1869343.1114136754,361040.59274613706,
2025-04-07 00:00:00,2025-04-07 00:00:00,SELL,JSWSTEEL,SellReason.RANK_EXIT,,,,,,178.86649358675797,1060.1452022466717,903.5668469466184,161617.83363458444,167.4726012758309,1800138.5497110302,522490.95377944567,
2025-04-15 00:00:00,2025-04-15 00:00:00,SELL,MUTHOOTFIN,SellReason.RANK_EXIT,,,,,,81.2321591618217,2334.352022342995,2003.3363518605634,162735.33738900052,168.63058772125444,1856543.4048600423,685057.660580725,
2025-04-22 00:00:00,2025-04-22 00:00:00,BUY,INDIGO,NEW_POSITION,,4,0.7356874108545541,,0.08963030360403165,31.143280135732798,5492.718046959704,,171264.41514518124,203.15830212002038,1904426.2144602714,0.0,
2025-04-22 00:00:00,2025-04-22 00:00:00,BUY,EICHERMOT,NEW_POSITION,,7,0.6925849390779458,,0.08963030360403165,29.819193494528232,5736.615810030229,,171264.41514518124,203.15830212002038,1904426.2144602714,0.0,
2025-04-22 00:00:00,2025-04-22 00:00:00,BUY,SHRIRAMFIN,NEW_POSITION,,9,0.6473999095358479,,0.08963030360403165,247.30242398774422,691.7087753718849,,171264.41514518124,203.15830212002038,1904426.2144602714,0.0,
2025-04-22 00:00:00,2025-04-22 00:00:00,BUY,BAJAJHLDNG,NEW_POSITION,,10,0.636534861276536,,0.08963030360403165,14.236373406594685,12015.788849976418,,171264.41514518124,203.15830212002038,1904426.2144602714,0.0,
2025-04-23 00:00:00,2025-04-23 00:00:00,SELL,SHRIRAMFIN,SellReason.RANK_EXIT,,,,,,247.30242398774422,691.7087753718849,698.1043921379022,172642.90837219395,178.89707037088502,1910061.6221575076,172464.01130182308,
2025-04-24 00:00:00,2025-04-24 00:00:00,SELL,BAJAJHLDNG,SellReason.RANK_EXIT,,,,,,14.236373406594685,12015.788849976418,12319.863655182164,175390.17931350775,181.7438639493189,1911064.217460008,347672.4467513815,
2025-04-25 00:00:00,2025-04-25 00:00:00,SELL,BHARTIARTL,SellReason.RANK_EXIT,,,,,,111.49253218174269,1700.781669480624,1831.3897047100984,204186.27558970288,211.58312760921547,1871601.5698468236,551647.1392134752,
2025-05-05 00:00:00,2025-05-05 00:00:00,SELL,EICHERMOT,SellReason.RANK_EXIT,,,,,,29.819193494528232,5736.615810030229,5399.487334017461,161008.35758432106,166.84104634617066,1873986.3924756423,712488.65575145,
2025-05-19 00:00:00,2025-05-19 00:00:00,SELL,PAYTM,SellReason.RANK_EXIT,,,,,,243.10827566498273,780.0,855.0,207857.57569356024,215.38742423063516,1880021.6216929788,920130.8440207796,
2025-05-22 00:00:00,2025-05-22 00:00:00,BUY,BEL,NEW_POSITION,,1,0.855980440317435,,0.09829686308117462,483.07729957849455,380.49370636629004,,184026.16880415592,218.2966261158872,1862045.4438259806,0.0,
2025-05-22 00:00:00,2025-05-22 00:00:00,BUY,BAJAJHLDNG,NEW_POSITION,,7,0.6869761429544452,,0.09829686308117462,14.258912467597389,12890.735713241353,,184026.16880415592,218.2966261158872,1862045.4438259806,0.0,
2025-05-22 00:00:00,2025-05-22 00:00:00,BUY,HAL,NEW_POSITION,,8,0.6795156295425894,,0.09829686308117462,37.18367200298788,4943.241543311543,,184026.16880415592,218.2966261158872,1862045.4438259806,0.0,
2025-05-22 00:00:00,2025-05-22 00:00:00,BUY,PAYTM,NEW_POSITION,,9,0.668451819343901,,0.09829686308117463,218.8188954500477,840.0,,184026.16880415595,218.2966261158872,1862045.4438259806,0.0,
2025-05-22 00:00:00,2025-05-22 00:00:00,BUY,BHARTIARTL,NEW_POSITION,,10,0.6458229988351841,,0.09829686308117463,101.84322273579231,1804.812016356604,,184026.16880415595,218.2966261158872,1862045.4438259806,0.0,
2025-05-23 00:00:00,2025-05-23 00:00:00,SELL,PAYTM,SellReason.RANK_EXIT,,,,,,218.8188954500477,840.0,830.0999755859375,181641.55977082642,188.22170691508438,1876309.5173792571,181453.33806391133,
2025-06-02 00:00:00,2025-06-02 00:00:00,SELL,BAJAJFINSV,SellReason.RANK_EXIT,,,,,,95.03439636017283,1995.3244538958807,2014.6985169664254,191465.65740763966,198.40169231288883,1874254.6957785562,555196.1543463913,
2025-06-02 00:00:00,2025-06-02 00:00:00,SELL,HAL,SellReason.RANK_EXIT,,,,,,37.18367200298788,4943.241543311543,4912.501449875382,182664.84262636863,189.28205921535147,1874254.6957785562,555196.1543463913,
2025-06-04 00:00:00,2025-06-04 00:00:00,SELL,BHARTIARTL,SellReason.RANK_EXIT,,,,,,101.84322273579231,1804.812016356604,1839.6209109553906,187352.922183851,194.13996914288322,1878573.5666239336,742354.9365610995,
2025-06-16 00:00:00,2025-06-16 00:00:00,SELL,INDIGO,SellReason.RANK_EXIT,,,,,,31.143280135732798,5492.718046959704,5271.092356595448,164159.105882772,170.10593365248133,1933045.2466781149,906343.936510219,
2025-06-23 00:00:00,2025-06-23 00:00:00,SELL,BAJAJHLDNG,SellReason.RANK_EXIT,,,,,,14.258912467597389,12890.735713241353,13291.914855852729,189528.25045636142,196.39410085739357,1924538.948553499,1095675.792865723,
2025-06-24 00:00:00,2025-06-24 00:00:00,BUY,BHARTIARTL,NEW_POSITION,,4,0.621739311093904,,0.0944962375284454,94.27485664300441,1934.7259575561889,,182612.63214428714,216.61985217800247,1918144.2692477028,0.0,
2025-06-24 00:00:00,2025-06-24 00:00:00,BUY,SBILIFE,NEW_POSITION,,5,0.6195950077673278,,0.09449623752844541,99.68866563766812,1829.6564722317785,,182612.63214428717,216.61985217800247,1918144.2692477028,0.0,
2025-06-24 00:00:00,2025-06-24 00:00:00,BUY,HDFCLIFE,NEW_POSITION,,6,0.6172825155805823,,0.09449623752844541,234.82501652241768,776.7316063392958,,182612.63214428717,216.61985217800247,1918144.2692477028,0.0,
2025-06-24 00:00:00,2025-06-24 00:00:00,BUY,HAL,NEW_POSITION,,8,0.5820271158371916,,0.0944962375284454,36.540768339966846,4991.575727010962,,182612.63214428714,216.61985217800247,1918144.2692477028,0.0,
2025-06-24 00:00:00,2025-06-24 00:00:00,BUY,NYKAA,NEW_POSITION,,9,0.5681866733192867,,0.09449623752844541,893.6600041040733,204.10000610351562,,182612.63214428717,216.61985217800247,1918144.2692477028,0.0,
2025-06-24 00:00:00,2025-06-24 00:00:00,BUY,EICHERMOT,NEW_POSITION,,10,0.5650898489626182,,0.09449623752844541,33.057980354961735,5517.457822093872,,182612.63214428717,216.61985217800247,1918144.2692477028,0.0,
2025-06-25 00:00:00,2025-06-25 00:00:00,SELL,HAL,SellReason.RANK_EXIT,,,,,,36.540768339966846,4991.575727010962,4843.310872145445,176978.30057750948,183.38951649423035,1924547.070591691,537968.5374162479,
2025-06-25 00:00:00,2025-06-25 00:00:00,SELL,NYKAA,SellReason.RANK_EXIT,,,,,,893.6600041040733,204.10000610351562,198.89999389648438,177748.9693618324,184.1881035259341,1924547.070591691,537968.5374162479,
2025-06-25 00:00:00,2025-06-25 00:00:00,SELL,EICHERMOT,SellReason.RANK_EXIT,,,,,,33.057980354961735,5517.457822093872,5559.907191535151,183799.3027131795,190.45761625326713,1924547.070591691,537968.5374162479,
2025-07-01 00:00:00,2025-07-01 00:00:00,SELL,SBILIFE,SellReason.RANK_EXIT,,,,,,99.68866563766812,1829.6564722317785,1828.4582778418624,182276.5658922039,188.87971676821485,1944251.9538182188,720056.2235916835,
2025-07-03 00:00:00,2025-07-03 00:00:00,SELL,SBICARD,SellReason.RANK_EXIT,,,,,,215.99180273838422,877.9243129349932,909.8624649574467,196522.83405014887,203.64207023644957,1915877.122039798,916375.415571596,
2025-07-14 00:00:00,2025-07-14 00:00:00,SELL,HDFCLIFE,SellReason.RANK_EXIT,,,,,,234.82501652241768,776.7316063392958,752.5179254931975,176710.03428735558,183.1115319894493,1893674.014969767,1092902.3383269622,
2025-07-15 00:00:00,2025-07-15 00:00:00,SELL,BAJFINANCE,SellReason.RANK_EXIT,,,,,,218.5595227355653,867.6101258150749,913.3852504906677,199629.04442094508,206.86080618413828,1890517.9487733848,1472093.8845069036,
2025-07-15 00:00:00,2025-07-15 00:00:00,SELL,BHARTIARTL,SellReason.RANK_EXIT,,,,,,94.27485664300441,1934.7259575561889,1908.8423349640334,179955.83748283205,186.47491765148513,1890517.9487733848,1472093.8845069036,
2025-07-22 00:00:00,2025-07-22 00:00:00,BUY,HDFCAMC,NEW_POSITION,,3,0.686864875400099,,0.09780180163849293,66.48262201004528,2764.5338060006425,,184011.73556336295,218.27950503039756,1884962.0150042216,0.0,
2025-07-22 00:00:00,2025-07-22 00:00:00,BUY,BAJFINANCE,NEW_POSITION,,4,0.669796332242284,,0.09780180163849293,193.63693789008641,949.165268057785,,184011.73556336295,218.27950503039756,1884962.0150042216,0.0,
2025-07-22 00:00:00,2025-07-22 00:00:00,BUY,INDIGO,NEW_POSITION,,5,0.6631751807504669,,0.09780180163849293,31.20407656371414,5890.046311194415,,184011.73556336295,218.27950503039756,1884962.0150042216,0.0,
2025-07-22 00:00:00,2025-07-22 00:00:00,BUY,MUTHOOTFIN,NEW_POSITION,,6,0.6423747097046202,,0.09780180163849293,69.07704171884224,2660.7024777698166,,184011.73556336295,218.27950503042666,1884962.0150042216,0.0,
2025-07-22 00:00:00,2025-07-22 00:00:00,BUY,ABBOTINDIA,NEW_POSITION,,7,0.6065420832219648,,0.09780180163849293,5.44097053726589,33779.535250100715,,184011.73556336295,218.27950503039756,1884962.0150042216,0.0,
2025-07-22 00:00:00,2025-07-22 00:00:00,BUY,BAJAJHLDNG,NEW_POSITION,,8,0.604840321391063,,0.09780180163849293,13.262245837133914,13858.396105410447,,184011.73556336295,218.27950503039756,1884962.0150042216,0.0,
2025-07-22 00:00:00,2025-07-22 00:00:00,BUY,ASHOKLEY,NEW_POSITION,,9,0.5899798239764869,,0.09780180163849293,1500.7697664709017,122.46612382825884,,184011.73556336295,218.27950503039756,1884962.0150042216,0.0,
2025-07-22 00:00:00,2025-07-22 00:00:00,BUY,NYKAA,NEW_POSITION,,10,0.5712770628850785,,0.09780180163849293,850.8956298996877,216.0,,184011.73556336295,218.27950503039756,1884962.0150042216,0.0,
2025-07-23 00:00:00,2025-07-23 00:00:00,SELL,ASHOKLEY,SellReason.RANK_EXIT,,,,,,1500.7697664709017,122.46612382825884,121.14770969822406,181814.8199922883,188.40124366132895,1890085.9883656153,369828.0016136166,
2025-07-23 00:00:00,2025-07-23 00:00:00,SELL,NYKAA,SellReason.RANK_EXIT,,,,,,850.8956298996877,216.0,221.41000366210938,188396.80453216273,195.22166717314485,1890085.9883656153,369828.0016136166,
2025-07-28 00:00:00,2025-07-28 00:00:00,SELL,BAJAJHLDNG,SellReason.RANK_EXIT,,,,,,13.262245837133914,13858.396105410447,13661.82271760886,181186.45146426966,187.7501118550143,1850850.5632173442,550826.7029660313,
2025-07-29 00:00:00,2025-07-29 00:00:00,SELL,BAJFINANCE,SellReason.RANK_EXIT,,,,,,193.63693789008641,949.165268057785,869.7037447809487,168406.77001092414,174.50747366133987,1857827.1012659937,719058.965503294,
2025-08-04 00:00:00,2025-08-04 00:00:00,SELL,NH,SellReason.MARKET_EXIT,,,,,,112.21244491385455,1689.8700956410062,1915.5,214942.9382324884,222.72946111289855,1819586.0261295978,0.0,
2025-08-04 00:00:00,2025-08-04 00:00:00,SELL,BEL,SellReason.MARKET_EXIT,,,,,,483.07729957849455,380.49370636629004,376.5199036034637,181888.21827031634,188.47730086537683,1819586.0261295978,0.0,
2025-08-04 00:00:00,2025-08-04 00:00:00,SELL,HDFCAMC,SellReason.MARKET_EXIT,,,,,,66.48262201004528,2764.5338060006425,2747.1636700713225,182638.64387708047,189.2549113901716,1819586.0261295978,0.0,
2025-08-04 00:00:00,2025-08-04 00:00:00,SELL,INDIGO,SellReason.MARKET_EXIT,,,,,,31.20407656371414,5890.046311194415,5790.215149532913,180678.3168464025,187.22356955248028,1819586.0261295978,0.0,
2025-08-04 00:00:00,2025-08-04 00:00:00,SELL,MUTHOOTFIN,SellReason.MARKET_EXIT,,,,,,69.07704171884224,2660.7024777698166,2570.2672184939497,177546.45588047916,183.97825379120542,1819586.0261295978,0.0,
2025-08-04 00:00:00,2025-08-04 00:00:00,SELL,ABBOTINDIA,SellReason.MARKET_EXIT,,,,,,5.44097053726589,33779.535250100715,33595.0,182789.40519944756,189.41113419220275,1819586.0261295978,0.0,
2025-08-04 00:00:00,2025-08-04 00:00:00,BUY,GOLDBEES,NEW_POSITION,,0,0.0,,1.0,21862.14048708211,83.98999786376953,,1838381.8691786039,2180.736371148145,1819586.0261295978,0.0,
2025-10-20 00:00:00,2025-10-20 00:00:00,SELL,GOLDBEES,SellReason.MARKET_EXIT,,,,,,21862.14048708211,83.98999786376953,106.9000015258789,2337062.8514280566,2421.7252902838895,2326716.0962759997,0.0,
2025-10-20 00:00:00,2025-10-20 00:00:00,BUY,MUTHOOTFIN,NEW_POSITION,,1,0.8966715736146197,,0.1,70.55895178410123,3304.855946936998,,233464.11261377725,276.94120044942247,2326716.0962759997,0.0,
2025-10-20 00:00:00,2025-10-20 00:00:00,BUY,PAYTM,NEW_POSITION,,2,0.8695941639652901,,0.1,181.2006892450718,1286.9000244140625,,233464.11261377725,276.94120044939336,2326716.0962759997,0.0,
2025-10-20 00:00:00,2025-10-20 00:00:00,BUY,MARUTI,NEW_POSITION,,3,0.8275327746285281,,0.1,14.13255584323199,16500.0,,233464.11261377725,276.94120044939336,2326716.0962759997,0.0,
2025-10-20 00:00:00,2025-10-20 00:00:00,BUY,NYKAA,NEW_POSITION,,4,0.8142601561780445,,0.1,891.7632801329062,261.489990234375,,233464.11261377725,276.94120044939336,2326716.0962759997,0.0,
2025-10-20 00:00:00,2025-10-20 00:00:00,BUY,BEL,NEW_POSITION,,5,0.7729301983460384,,0.1,562.2566353575515,414.7344055175781,,233464.11261377725,276.94120044942247,2326716.0962759997,0.0,
2025-10-20 00:00:00,2025-10-20 00:00:00,BUY,EICHERMOT,NEW_POSITION,,6,0.7707744811560421,,0.1,33.08088685108921,7049.0,,233464.11261377725,276.94120044939336,2326716.0962759997,0.0,
2025-10-20 00:00:00,2025-10-20 00:00:00,BUY,HDFCAMC,NEW_POSITION,,7,0.7615778195287438,,0.1,82.98362335630044,2810.038438694222,,233464.11261377725,276.94120044939336,2326716.0962759997,0.0,
2025-10-20 00:00:00,2025-10-20 00:00:00,BUY,ASAHIINDIA,NEW_POSITION,,8,0.7531360239350997,,0.1,248.07145895034878,940.0,,233464.11261377725,276.94120044939336,2326716.0962759997,0.0,
2025-10-20 00:00:00,2025-10-20 00:00:00,BUY,CANBK,NEW_POSITION,,9,0.7294675402121287,,0.1,1908.7123816005617,122.16988460974274,,233464.11261377725,276.94120044939336,2326716.0962759997,0.0,
2025-10-20 00:00:00,2025-10-20 00:00:00,BUY,BAJFINANCE,NEW_POSITION,,10,0.7161594735497138,,0.1,216.9400024730473,1074.8924530057527,,233464.11261377725,276.94120044939336,2326716.0962759997,0.0,
2025-10-21 00:00:00,2025-10-21 00:00:00,SELL,HDFCAMC,SellReason.RANK_EXIT,,,,,,82.98362335630044,2810.038438694222,2808.3259937154376,233045.06652419004,241.48735710409537,2327851.9230662556,232803.57916708593,
2025-10-23 00:00:00,2025-10-23 00:00:00,BUY,HDFCAMC,NEW_POSITION,,10,0.7477703903372245,,0.09956926925380513,82.72003197956606,2811.0170649598517,,232803.57916708593,276.15765850106254,2303696.389564361,0.0,
2025-10-24 00:00:00,2025-10-24 00:00:00,SELL,HDFCAMC,SellReason.RANK_EXIT,,,,,,82.72003197956606,2811.0170649598517,2748.142339577567,227326.4222142558,235.56154918538942,2299220.15338839,227090.86066507042,
2025-10-28 00:00:00,2025-10-28 00:00:00,SELL,BAJFINANCE,SellReason.RANK_EXIT,,,,,,216.9400024730473,1074.8924530057527,1071.4138474332178,232432.5227118194,240.85262327957778,2313655.615710794,459282.5307536102,
2025-10-30 00:00:00,2025-10-30 00:00:00,SELL,ASAHIINDIA,SellReason.RANK_EXIT,,,,,,248.07145895034878,940.0,939.75,233125.15354859026,241.5703453610415,2313741.7199928584,692166.1139568394,
2025-11-03 00:00:00,2025-11-03 00:00:00,SELL,NYKAA,SellReason.RANK_EXIT,,,,,,891.7632801329062,261.489990234375,249.0,222049.05675309364,230.09300588303122,2316131.344461645,913985.07770405,
2025-11-06 00:00:00,2025-11-06 00:00:00,SELL,MARUTI,SellReason.RANK_EXIT,,,,,,14.13255584323199,16500.0,15534.0,219535.12246876574,227.48800181531922,2311015.163538641,1362801.4017865362,
2025-11-06 00:00:00,2025-11-06 00:00:00,SELL,EICHERMOT,SellReason.RANK_EXIT,,,,,,33.08088685108921,7049.0,6945.0,229746.75918081458,238.06956527889878,2311015.163538641,1362801.4017865362,
2025-11-14 00:00:00,2025-11-14 00:00:00,SELL,BEL,SellReason.RANK_EXIT,,,,,,562.2566353575515,414.7344055175781,417.02463422223997,234474.8676990103,242.96895425627469,2363021.7470881576,1597033.3005312902,
2025-11-24 00:00:00,2025-11-24 00:00:00,BUY,SHRIRAMFIN,NEW_POSITION,,4,0.8009612803234838,,0.09695773301197676,277.77697721747137,820.3594913167137,,228147.61436161288,270.6346319936856,2364255.4402057882,0.0,
2025-11-24 00:00:00,2025-11-24 00:00:00,BUY,EICHERMOT,NEW_POSITION,,5,0.7907167091604423,,0.09695773301197677,31.86422145418712,7151.5,,228147.6143616129,270.6346319937147,2364255.4402057882,0.0,
2025-11-24 00:00:00,2025-11-24 00:00:00,BUY,NYKAA,NEW_POSITION,,6,0.7886774999185424,,0.09695773301197677,848.7038351196246,268.5,,228147.6143616129,270.6346319937147,2364255.4402057882,0.0,
2025-11-24 00:00:00,2025-11-24 00:00:00,BUY,BANKINDIA,NEW_POSITION,,7,0.7763983979907049,,0.09695773301197677,1617.769700460058,140.8587264706565,,228147.6143616129,270.6346319936856,2364255.4402057882,0.0,
2025-11-24 00:00:00,2025-11-24 00:00:00,BUY,ASAHIINDIA,NEW_POSITION,,8,0.7697041736689438,,0.09695773301197677,231.3706712162871,984.9000244140625,,228147.6143616129,270.6346319937147,2364255.4402057882,0.0,
2025-11-24 00:00:00,2025-11-24 00:00:00,BUY,HINDPETRO,NEW_POSITION,,9,0.763204695087411,,0.09695773301197676,482.8925252743404,471.8999938964844,,228147.61436161288,270.6346319937147,2364255.4402057882,0.0,
2025-11-24 00:00:00,2025-11-24 00:00:00,BUY,IOC,NEW_POSITION,,10,0.7258570929586757,,0.09695773301197676,1424.0798092730338,160.01700062438644,,228147.61436161288,270.6346319937147,2364255.4402057882,0.0,
2025-11-25 00:00:00,2025-11-25 00:00:00,SELL,IOC,SellReason.RANK_EXIT,,,,,,1424.0798092730338,160.01700062438644,158.00479936876974,225011.44454930158,233.16270913954457,2361716.1318539986,224778.28184016203,
2025-11-26 00:00:00,2025-11-26 00:00:00,SELL,HINDPETRO,SellReason.RANK_EXIT,,,,,,482.8925252743404,471.8999938964844,457.1000061035156,220730.17625024306,228.72634761508436,2378050.142945054,445279.73174278997,
2025-12-01 00:00:00,2025-12-01 00:00:00,SELL,ASAHIINDIA,SellReason.RANK_EXIT,,,,,,231.3706712162871,984.9000244140625,1031.0,238543.162023992,247.18462661147313,2393908.420237106,683575.7091401705,
2025-12-04 00:00:00,2025-12-04 00:00:00,SELL,BANKINDIA,SellReason.RANK_EXIT,,,,,,1617.769700460058,140.8587264706565,135.57142772426576,219323.3480204278,227.26855562581582,2346602.1799036297,902671.7886049724,
2025-12-08 00:00:00,2025-12-08 00:00:00,SELL,NYKAA,SellReason.RANK_EXIT,,,,,,848.7038351196246,268.5,255.89999389648438,217183.30622703483,225.05098867841542,2345111.98459741,1119630.043843329,
2025-12-22 00:00:00,2025-12-22 00:00:00,SELL,EICHERMOT,SellReason.RANK_EXIT,,,,,,31.86422145418712,7151.5,7238.0,230633.2348854064,238.9881544523651,2391963.424713763,1350024.2905742829,
2025-12-23 00:00:00,2025-12-23 00:00:00,BUY,ASHOKLEY,NEW_POSITION,,1,0.902984782411362,,0.09389172020862602,1290.777743322471,174.10986820877494,,225004.04842904714,266.90565235179383,2388115.808343636,0.0,
2025-12-23 00:00:00,2025-12-23 00:00:00,BUY,ASAHIINDIA,NEW_POSITION,,6,0.8217657411503808,,0.09389172020862602,221.24152931423274,1015.7999877929688,,225004.04842904714,266.90565235179383,2388115.808343636,0.0,
2025-12-23 00:00:00,2025-12-23 00:00:00,BUY,HINDZINC,NEW_POSITION,,7,0.7775043834800914,,0.09389172020862602,375.1529582810732,599.0546997321479,,225004.04842904714,266.90565235179383,2388115.808343636,0.0,
2025-12-23 00:00:00,2025-12-23 00:00:00,BUY,IDFCFIRSTB,NEW_POSITION,,8,0.7485938509200609,,0.09389172020862602,2622.06446362463,85.70999908447266,,225004.04842904714,266.90565235179383,2388115.808343636,0.0,
2025-12-23 00:00:00,2025-12-23 00:00:00,BUY,BANKINDIA,NEW_POSITION,,9,0.7426060499613842,,0.09389172020862602,1622.8124597812912,138.48620733845212,,225004.04842904716,266.90565235179383,2388115.808343636,0.0,
2025-12-23 00:00:00,2025-12-23 00:00:00,BUY,EICHERMOT,NEW_POSITION,,10,0.7360424959486377,,0.09389172020862602,30.62648443400046,7338.0,,225004.04842904716,266.90565235179383,2388115.808343636,0.0,
2025-12-24 00:00:00,2025-12-24 00:00:00,SELL,IDFCFIRSTB,SellReason.RANK_EXIT,,,,,,2622.06446362463,85.70999908447266,84.76000213623047,222246.18953815766,230.29728000036698,2386677.2138065323,443694.4424669268,
2025-12-24 00:00:00,2025-12-24 00:00:00,SELL,BANKINDIA,SellReason.RANK_EXIT,,,,,,1622.8124597812912,138.48620733845212,136.74315613368705,221908.49756356585,229.94735479630359,2386677.2138065323,443694.4424669268,
2025-12-26 00:00:00,2025-12-26 00:00:00,SELL,EICHERMOT,SellReason.RANK_EXIT,,,,,,30.62648443400046,7338.0,7300.0,223573.33636820337,231.6725040514779,2390129.997473732,667036.1063310787,
2026-01-06 00:00:00,2026-01-06 00:00:00,SELL,ASAHIINDIA,SellReason.RANK_EXIT,,,,,,221.24152931423274,1015.7999877929688,980.0,216816.69872794807,224.67110045606674,2435185.578635033,883628.1339585707,
2026-01-22 00:00:00,2026-01-22 00:00:00,SELL,PAYTM,SellReason.RANK_EXIT,,,,,,181.2006892450718,1286.9000244140625,1246.5,225866.659143982,234.04890473813188,2429165.7719570226,0.0,
2026-01-22 00:00:00,2026-01-22 00:00:00,BUY,BANKINDIA,NEW_POSITION,,6,0.7719450853003025,,0.09120325458578613,1421.2882564332458,155.907136395073,,221852.1488395629,263.16678710936685,2429165.7719570226,0.0,
2026-01-22 00:00:00,2026-01-22 00:00:00,BUY,MARUTI,NEW_POSITION,,7,0.7078375560343821,,0.09120325458578613,13.892726147489249,15950.0,,221852.1488395629,263.16678710936685,2429165.7719570226,0.0,
2026-01-22 00:00:00,2026-01-22 00:00:00,BUY,EICHERMOT,NEW_POSITION,,8,0.6987436404325369,,0.09120325458578613,30.883481819157286,7175.0,,221852.1488395629,263.16678710936685,2429165.7719570226,0.0,
2026-01-22 00:00:00,2026-01-22 00:00:00,BUY,SBILIFE,NEW_POSITION,,9,0.6852798183429891,,0.09120325458578613,107.92130871156427,2053.2458760733066,,221852.1488395629,263.16678710936685,2429165.7719570226,0.0,
2026-01-22 00:00:00,2026-01-22 00:00:00,BUY,BANKBARODA,NEW_POSITION,,10,0.6830697168854065,,0.09120325458578613,757.5957887818394,292.489722532319,,221852.1488395629,263.16678710936685,2429165.7719570226,0.0,
2026-01-23 00:00:00,2026-01-23 00:00:00,SELL,SBILIFE,SellReason.RANK_EXIT,,,,,,107.92130871156427,2053.2458760733066,2019.1930393953808,217913.95535283064,225.8081062994423,2411116.371633686,217688.1472465312,
2026-01-27 00:00:00,2026-01-27 00:00:00,SELL,MUTHOOTFIN,SellReason.MARKET_EXIT,,,,,,70.55895178410123,3304.855946936998,3796.895453280028,267904.9632172587,277.61008841476706,2440824.9453964224,0.0,
2026-01-27 00:00:00,2026-01-27 00:00:00,SELL,CANBK,SellReason.MARKET_EXIT,,,,,,1908.7123816005617,122.16988460974274,148.0172423317335,282522.34312895057,292.7569975311399,2440824.9453964224,0.0,
2026-01-27 00:00:00,2026-01-27 00:00:00,SELL,SHRIRAMFIN,SellReason.MARKET_EXIT,,,,,,277.77697721747137,820.3594913167137,1005.5121827273188,279308.13467333635,289.4263511600126,2440824.9453964224,0.0,
2026-01-27 00:00:00,2026-01-27 00:00:00,SELL,ASHOKLEY,SellReason.MARKET_EXIT,,,,,,1290.777743322471,174.10986820877494,189.03523917759557,244002.47943408036,252.84171325405936,2440824.9453964224,0.0,
2026-01-27 00:00:00,2026-01-27 00:00:00,SELL,HINDZINC,SellReason.MARKET_EXIT,,,,,,375.1529582810732,599.0546997321479,719.8477125036038,270052.9988575905,279.8359387942055,2440824.9453964224,0.0,
2026-01-27 00:00:00,2026-01-27 00:00:00,SELL,BANKINDIA,SellReason.MARKET_EXIT,,,,,,1421.2882564332458,155.907136395073,155.1324469262896,220487.92500808917,228.4753205794322,2440824.9453964224,0.0,
2026-01-27 00:00:00,2026-01-27 00:00:00,SELL,MARUTI,SellReason.MARKET_EXIT,,,,,,13.892726147489249,15950.0,15300.0,212558.71005658552,220.2588618870954,2440824.9453964224,0.0,
2026-01-27 00:00:00,2026-01-27 00:00:00,SELL,EICHERMOT,SellReason.MARKET_EXIT,,,,,,30.883481819157286,7175.0,7020.0,216802.04237048415,224.65591315739732,2440824.9453964224,0.0,
2026-01-27 00:00:00,2026-01-27 00:00:00,SELL,BANKBARODA,SellReason.MARKET_EXIT,,,,,,757.5957887818394,292.489722532319,287.6948001684732,217956.3690620681,225.8520564877106,2440824.9453964224,0.0,
2026-01-27 00:00:00,2026-01-27 00:00:00,BUY,GOLDBEES,NEW_POSITION,,0,0.0,,1.0,18568.467113449122,130.5500030517578,,2426992.399813709,2878.9614864615723,2440824.9453964224,0.0,
2026-04-20 00:00:00,2026-04-20 00:00:00,SELL,GOLDBEES,SellReason.MARKET_EXIT,,,,,,18568.467113449122,130.5500030517578,125.18000030517578,2324400.7189282076,2408.6044593721012,2335503.7789835655,0.0,
2026-04-20 00:00:00,2026-04-20 00:00:00,BUY,SHRIRAMFIN,NEW_POSITION,,1,0.748175246165874,,0.1,224.26507710267208,1034.1501837974863,,232199.21144688356,275.4407417977927,2335503.7789835655,0.0,
2026-04-20 00:00:00,2026-04-20 00:00:00,BUY,ABB,NEW_POSITION,,2,0.7329180083659519,,0.1,33.0104636009496,7025.765330312238,,232199.21144688356,275.4407417977927,2335503.7789835655,0.0,
2026-04-20 00:00:00,2026-04-20 00:00:00,BUY,ADANIENSOL,NEW_POSITION,,3,0.7020917925138436,,0.1,185.0800217250347,1253.0999755859375,,232199.21144688356,275.4407417977927,2335503.7789835655,0.0,
2026-04-20 00:00:00,2026-04-20 00:00:00,BUY,APARINDS,NEW_POSITION,,4,0.6968792218526462,,0.1,20.13227176259425,11520.0,,232199.21144688356,275.4407417977927,2335503.7789835655,0.0,
2026-04-20 00:00:00,2026-04-20 00:00:00,BUY,ARVIND,NEW_POSITION,,5,0.6691687913832366,,0.1,599.906277919163,386.6000061035156,,232199.21144688356,275.4407417977927,2335503.7789835655,0.0,
2026-04-20 00:00:00,2026-04-20 00:00:00,BUY,ONGC,NEW_POSITION,,6,0.66624241687028,,0.1,816.6329954404429,284.0,,232199.21144688356,275.4407417977927,2335503.7789835655,0.0,
2026-04-20 00:00:00,2026-04-20 00:00:00,BUY,LUPIN,NEW_POSITION,,7,0.663448421756247,,0.1,99.8380416293955,2323.0,,232199.21144688356,275.4407417977927,2335503.7789835655,0.0,
2026-04-20 00:00:00,2026-04-20 00:00:00,BUY,NTPC,NEW_POSITION,,8,0.6572191544812848,,0.1,590.1368211325338,393.0,,232199.21144688356,275.4407417977927,2335503.7789835655,0.0,
2026-04-20 00:00:00,2026-04-20 00:00:00,BUY,TORNTPHARM,NEW_POSITION,,9,0.65486603374515,,0.1,55.132779204528994,4206.640297321233,,232199.21144688356,275.4407417977927,2335503.7789835655,0.0,
2026-04-20 00:00:00,2026-04-20 00:00:00,BUY,POWERGRID,NEW_POSITION,,10,0.6321874837752003,,0.1,727.0337639657861,319.0,,232199.21144688356,275.4407417977927,2335503.7789835655,0.0,
2026-04-21 00:00:00,2026-04-21 00:00:00,SELL,POWERGRID,SellReason.RANK_EXIT,,,,,,727.0337639657861,319.0,318.95001220703125,231887.42789181136,240.28778185462014,2330399.977037593,231647.14010995673,
2026-04-22 00:00:00,2026-04-22 00:00:00,SELL,TORNTPHARM,SellReason.RANK_EXIT,,,,,,55.132779204528994,4206.640297321233,4130.691134167863,227736.48226218225,235.98646406861207,2370148.6052157013,0.0,
2026-04-22 00:00:00,2026-04-22 00:00:00,BUY,TORNTPOWER,NEW_POSITION,,9,0.605931240103543,,0.09833896418463815,141.94675679128167,1615.4049356648807,,229573.81795403518,272.3264317763387,2370148.6052157013,0.0,
2026-04-22 00:00:00,2026-04-22 00:00:00,BUY,TORNTPHARM,NEW_POSITION,,10,0.6054591936721861,,0.09833896418463815,55.51165266885831,4130.691134167863,,229573.81795403518,272.3264317763387,2370148.6052157013,0.0,
2026-04-23 00:00:00,2026-04-23 00:00:00,SELL,TORNTPHARM,SellReason.RANK_EXIT,,,,,,55.51165266885831,4130.691134167863,4060.5308867304607,225406.78023535258,233.57236625615846,2373427.5049676085,225173.20786909643,
2026-04-24 00:00:00,2026-04-24 00:00:00,SELL,ARVIND,SellReason.RANK_EXIT,,,,,,599.906277919163,386.6000061035156,388.79998779296875,233243.5535318959,241.69303450214235,2357487.0431067576,458175.0683664902,
2026-04-29 00:00:00,2026-04-29 00:00:00,SELL,SHRIRAMFIN,SellReason.RANK_EXIT,,,,,,224.26507710267208,1034.1501837974863,959.5720161918424,215198.49219683005,222.9942727751524,2378275.8207930964,673150.566290545,
2026-05-06 00:00:00,2026-05-06 00:00:00,SELL,ONGC,SellReason.RANK_EXIT,,,,,,816.6329954404429,284.0,289.95001220703125,236782.7469966209,245.3604387893205,2378762.7640421474,909687.9528483766,
2026-05-07 00:00:00,2026-05-07 00:00:00,SELL,NTPC,SellReason.RANK_EXIT,,,,,,590.1368211325338,393.0,396.75,234136.78378433277,242.618622913704,2383155.400313258,1143582.1180097957,
2026-05-12 00:00:00,2026-05-12 00:00:00,SELL,ABB,SellReason.RANK_EXIT,,,,,,33.0104636009496,7025.765330312238,6360.0,209946.54850203946,217.55207216807437,2292829.9979191506,1578312.3423842539,
2026-05-12 00:00:00,2026-05-12 00:00:00,SELL,LUPIN,SellReason.RANK_EXIT,,,,,,99.8380416293955,2323.0,2256.0,225234.62191591627,233.39397132944228,2292829.9979191506,1578312.3423842539,
2026-05-13 00:00:00,2026-05-13 00:00:00,SELL,TORNTPOWER,SellReason.RANK_EXIT,,,,,,141.94675679128167,1615.4049356648807,1532.890731257543,217588.86781742435,225.47124214297835,2289771.5589388367,1795675.7389595353,
2026-05-22 00:00:00,2026-05-22 00:00:00,BUY,ARVIND,NEW_POSITION,,1,0.8121042861264774,,0.09721799618918349,456.1872055043444,491.45001220703125,,224459.4673699419,266.25965614037705,2290315.756112747,0.0,
2026-05-22 00:00:00,2026-05-22 00:00:00,BUY,OFSS,NEW_POSITION,,4,0.6748972079402548,,0.09721799618918349,22.94710416722636,9770.0,,224459.4673699419,266.25965614037705,2290315.756112747,0.0,
2026-05-22 00:00:00,2026-05-22 00:00:00,BUY,ONGC,NEW_POSITION,,5,0.6651371673109403,,0.09721799618918348,757.9216259830104,295.79998779296875,,224459.46736994188,266.25965614037705,2290315.756112747,0.0,
2026-05-22 00:00:00,2026-05-22 00:00:00,BUY,HINDZINC,NEW_POSITION,,6,0.6604474967069272,,0.09721799618918349,354.84838880254335,631.7999877929688,,224459.4673699419,266.25965614037705,2290315.756112747,0.0,
2026-05-22 00:00:00,2026-05-22 00:00:00,BUY,ABB,NEW_POSITION,,7,0.6388489216596842,,0.09721799618918349,33.966094646436105,6600.5,,224459.4673699419,266.25965614040615,2290315.756112747,0.0,
2026-05-22 00:00:00,2026-05-22 00:00:00,BUY,COALINDIA,NEW_POSITION,,8,0.6365363908483028,,0.09721799618918349,487.3765385082642,460.0,,224459.4673699419,266.25965614037705,2290315.756112747,0.0,
2026-05-22 00:00:00,2026-05-22 00:00:00,BUY,TORNTPHARM,NEW_POSITION,,9,0.6357770579864479,,0.0972179961891835,50.2064552044772,4465.425945741912,,224459.46736994194,266.25965614037705,2290315.756112747,0.0,
2026-05-22 00:00:00,2026-05-22 00:00:00,BUY,NTPC,NEW_POSITION,,10,0.622462257551266,,0.0972179961891835,574.9280694848998,389.95001220703125,,224459.46736994194,266.25965614034794,2290315.756112747,0.0,
2026-05-25 00:00:00,2026-05-25 00:00:00,SELL,NTPC,SellReason.RANK_EXIT,,,,,,574.9280694848998,389.95001220703125,391.95001220703125,225343.06385277136,233.50634168390184,2301819.454764771,225109.55751108745,
2026-05-26 00:00:00,2026-05-26 00:00:00,SELL,ONGC,SellReason.RANK_EXIT,,,,,,757.9216259830104,295.79998779296875,285.1000061035156,216083.46019374274,223.91129962272126,2322520.392128883,440969.1064052074,
2026-05-27 00:00:00,2026-05-27 00:00:00,SELL,TORNTPHARM,SellReason.RANK_EXIT,,,,,,50.2064552044772,4465.425945741912,4459.138436746711,223877.53417508624,231.98772172811292,2378625.448889078,664614.6528585656,
2026-05-29 00:00:00,2026-05-29 00:00:00,SELL,COALINDIA,SellReason.RANK_EXIT,,,,,,487.3765385082642,460.0,458.8999938964844,223657.09054673213,231.75929230887806,2347755.2699351925,888039.9841129888,
2026-06-04 00:00:00,2026-06-04 00:00:00,SELL,HINDZINC,SellReason.RANK_EXIT,,,,,,354.84838880254335,631.7999877929688,609.0,216102.6687807489,223.93120406000028,2364587.493224944,1103918.7216896778,
2026-06-12 00:00:00,2026-06-12 00:00:00,SELL,OFSS,SellReason.RANK_EXIT,,,,,,22.94710416722636,9770.0,9350.0,214555.42396356646,222.32790875207058,2356118.1769933673,1548405.0995299653,
2026-06-12 00:00:00,2026-06-12 00:00:00,SELL,ABB,SellReason.RANK_EXIT,,,,,,33.966094646436105,6600.5,6783.0,230392.0199867761,238.73820130281706,2356118.1769933673,1548405.0995299653,
2026-06-23 00:00:00,2026-06-23 00:00:00,BUY,POLYCAB,NEW_POSITION,,4,0.6300620087194948,,0.09223649252312201,22.044233918574214,10022.5,,221200.72850428076,262.39405537070706,2379404.127584204,0.0,
2026-06-23 00:00:00,2026-06-23 00:00:00,BUY,ADANIENT,NEW_POSITION,,5,0.59897276215866,,0.09223649252312201,71.92003074508791,3072.0,,221200.72850428076,262.39405537067796,2379404.127584204,0.0,
2026-06-23 00:00:00,2026-06-23 00:00:00,BUY,ADANIPORTS,NEW_POSITION,,6,0.5609535728630501,,0.092236492523122,120.56004441354932,1832.5999755859375,,221200.72850428073,262.39405537070706,2379404.127584204,0.0,
2026-06-23 00:00:00,2026-06-23 00:00:00,BUY,OFSS,NEW_POSITION,,7,0.5604943000339591,,0.092236492523122,22.730281321904325,9720.0,,221200.72850428073,262.39405537070706,2379404.127584204,0.0,
2026-06-23 00:00:00,2026-06-23 00:00:00,BUY,ABB,NEW_POSITION,,8,0.5418687368658495,,0.09223649252312198,30.45954841785483,7253.5,,221200.7285042807,262.39405537070706,2379404.127584204,0.0,
2026-06-23 00:00:00,2026-06-23 00:00:00,BUY,NYKAA,NEW_POSITION,,9,0.5362974018188623,,0.092236492523122,725.9350419522068,304.3500061035156,,221200.72850428073,262.39405537073617,2379404.127584204,0.0,
2026-06-23 00:00:00,2026-06-23 00:00:00,BUY,APOLLOHOSP,NEW_POSITION,,10,0.5217590127519083,,0.092236492523122,25.998862608720877,8498.0,,221200.72850428073,262.39405537070706,2379404.127584204,0.0,
2026-06-24 00:00:00,2026-06-24 00:00:00,SELL,APOLLOHOSP,SellReason.RANK_EXIT,,,,,,25.998862608720877,8498.0,8500.0,220990.33217412746,228.9959279474674,2412538.6785526075,220761.33624618,
2026-06-25 00:00:00,2026-06-25 00:00:00,SELL,ABB,SellReason.RANK_EXIT,,,,,,30.45954841785483,7253.5,7040.0,214435.220861698,222.2033511726339,2399582.2142818957,434974.35375670536,
2026-06-30 00:00:00,2026-06-30 00:00:00,SELL,NYKAA,SellReason.RANK_EXIT,,,,,,725.9350419522068,304.3500061035156,304.29998779296875,220902.0244045448,228.90442114062384,2416579.0854873867,655647.4737401095,
2026-07-08 00:00:00,2026-07-08 00:00:00,SELL,POLYCAB,SellReason.RANK_EXIT,,,,,,22.044233918574214,10022.5,9348.0,206069.49867083176,213.5345723296813,2363487.0350478888,861503.4378386115,
2026-07-22 00:00:00,2026-07-22 00:00:00,BUY,TORNTPHARM,NEW_POSITION,,6,0.6344089896395579,,0.08882396951999973,42.464395104977015,5065.89990234375,,215375.8594596529,255.4844442634203,2383043.6806468056,0.0,
2026-07-22 00:00:00,2026-07-22 00:00:00,BUY,BALRAMCHIN,NEW_POSITION,,7,0.6017138106768157,,0.08882396951999973,349.2780751552082,615.9000244140625,,215375.8594596529,255.4844442633912,2383043.6806468056,0.0,
2026-07-22 00:00:00,2026-07-22 00:00:00,BUY,NYKAA,NEW_POSITION,,8,0.6016368589897834,,0.08882396951999971,647.4653875557245,332.25,,215375.85945965286,255.4844442633912,2383043.6806468056,0.0,
2026-07-22 00:00:00,2026-07-22 00:00:00,BUY,APOLLOHOSP,NEW_POSITION,,10,0.5830787097038476,,0.08882396951999971,24.100422923525596,8926.0,,215375.85945965286,255.4844442633912,2383043.6806468056,0.0,
2026-07-23 00:00:00,2026-07-23 00:00:00,SELL,ADANIPORTS,SellReason.RANK_EXIT,,,,,,120.56004441354932,1832.5999755859375,1818.300048828125,219214.33464387764,227.15559313068675,2351036.4321825667,218987.17905074696,
2026-07-31 00:00:00,2026-07-31 00:00:00,SELL,OFSS,SellReason.RANK_EXIT,,,,,,22.730281321904325,9720.0,11100.0,252306.12267313802,261.44616427309506,2368994.826289967,471031.85555961187,
2026-08-06 00:00:00,2026-08-06 00:00:00,SELL,APOLLOHOSP,SellReason.RANK_EXIT,,,,,,24.100422923525596,8926.0,8947.0,215626.4838967835,223.4377689024284,2422704.3115532976,686434.901687493,
2026-08-07 00:00:00,2026-08-07 00:00:00,SELL,ADANIENT,SellReason.RANK_EXIT,,,,,,71.92003074508791,3072.0,3025.89990234375,217622.81400812103,225.5064180683792,2434854.418897651,903832.2092775456,
