rebalance_date,beginning_value,ending_value,monthly_return,cash,invested_value,realized_pnl,unrealized_pnl,buy_value,sell_value,buy_transaction_costs,sell_transaction_costs,transaction_costs,turnover,holdings
2020-05-05,1000000.0,998813.774,-0.001186226000000068,0.0,998813.774,0.0,-1186.225999999966,1000000.0,0.0,1186.2259999999997,0.0,1186.2259999999997,1.0,3
2020-05-06,998813.774,989239.6698374909,-0.009585474701822694,0.0,989239.6698374909,-9585.474701822619,-1174.8554606863763,990414.5252981773,991441.8831549913,1174.8554606863554,1027.3578568141643,2202.21331750052,1.9842101300989554,3
2020-05-07,989239.6698374909,987363.562249934,-0.0018965147120162396,0.0,987363.562249934,-1878.335718222661,-1172.6273300206522,988536.1895799546,989561.5990374787,1172.6273300206713,1025.4094575242107,2198.036787544882,1.9996142986687835,3
2020-05-08,987363.562249934,987200.168615063,-0.00016548477290234676,0.0,987200.168615063,-163.58768683840754,-1172.433278053184,988372.6018931163,989397.8416609892,1172.4332780532636,1025.2397678730001,2197.673045926264,2.0030822679412053,3
2020-05-11,987200.168615063,1008361.143860077,0.02143534403433156,0.0,1008361.143860077,21186.1067556864,-1197.5647887256346,1009558.7086488027,1010605.9247838176,1197.5647887256343,1047.2161350150361,2244.7809237406705,2.046357666517315,3
2020-05-12,1008361.143860077,1033191.4633823412,0.024624431111270217,0.0,1033191.4633823412,24859.808873905335,-1227.054140366963,1034418.517522708,1035491.5207592982,1227.054140366892,1073.0032365903248,2300.057376957217,2.0527467275843714,3
2020-05-13,1033191.4633823412,1075556.6814015955,0.041004227697124085,0.0,1075556.6814015955,42415.53242662264,-1277.3685477351537,1076834.0499493307,1077951.050854954,1277.368547735195,1117.0009056232254,2394.3694533584203,2.085562238145292,3
2020-05-14,1075556.6814015955,1066354.3776791561,-0.008555851943058412,0.0,1066354.3776791561,-9213.232698610576,-1266.4395715640858,1067620.8172507202,1068728.2612619745,1266.4395715640528,1107.444011254451,2373.883582818504,1.9862728905451488,3
2020-05-15,1066354.3776791561,1078749.3269108108,0.011623667976710772,0.0,1078749.3269108108,12409.669904747047,-1281.1602446564357,1080030.4871554673,1081150.8037282114,1281.1602446564812,1120.3165727440696,2401.4768174005508,2.0267008192786102,3
2020-05-18,1078749.3269108108,1003077.562356621,-0.0701476818260357,0.0,1003077.562356621,-75761.63497539988,-1191.2898234460736,1004268.8521800672,1005310.5811423222,1191.2898234461522,1041.7289622547837,2233.0187857009364,1.862878968441329,3
2020-05-19,1003077.562356621,956323.5001092704,-0.04661061517267617,0.0,956323.5001092704,-46809.588998870284,-1135.7630719263107,957459.2631811968,958452.4365156777,1135.7630719263784,993.1733344808947,2128.936406407273,1.9100334526431333,3
2020-05-20,956323.5001092704,954248.0606200146,-0.0021702274272448197,0.0,954248.0606200146,-2077.9043534254306,-1133.2982077568304,955381.3588277714,956372.3767502417,1133.2982077568322,991.0179224703959,2124.316130227228,1.9990659388371972,3
2020-05-21,954248.0606200146,984765.3125911544,0.03198041812242347,0.0,984765.3125911544,30553.49532168114,-1169.5415582983405,985934.8541494526,986957.5652394503,1169.5415582982885,1022.7110899978147,2192.2526482961034,2.0674838134929328,3
2020-05-22,984765.3125911544,979684.7684474704,-0.005159142060270017,0.0,979684.7684474704,-5086.577974728541,-1163.5077272536,980848.2761747241,981865.7109529219,1163.5077272536382,1017.4347781979026,2180.942505451541,1.9930779060071413,3
2020-05-26,979684.7684474704,985611.041613566,0.006049163319633122,0.0,985611.041613566,5933.311414361524,-1170.5459755195188,986781.5875890856,987805.1769964239,1170.5459755194506,1023.5894073382963,2194.1353828577467,2.01553277970697,3
2020-05-27,985611.041613566,987555.6809764495,0.0019730291979074277,0.0,987555.6809764495,1946.948884270736,-1172.8554969066172,988728.5364733562,989754.145452482,1172.855496906643,1025.6089791256436,2198.4644760322867,2.007366596346993,3
2020-05-28,987555.6809764495,989081.8439253346,0.0015453943289316374,0.0,989081.8439253346,1527.9754731187131,-1174.6680211401545,990256.5119464748,991283.7058959005,1174.668021140219,1027.1939494256853,2201.8619705659044,2.0065098667480905,3
2020-05-29,989081.8439253346,1033483.9996724215,0.044892296850652436,0.0,1033483.9996724215,44454.889292593056,-1227.4015666462365,1034711.4012390678,1035784.7082841943,1227.4015666462142,1073.3070451264975,2300.708611772712,2.0933516495522313,3
2020-06-01,1033483.9996724215,1077681.9809590694,0.04276600440902545,0.0,1077681.9809590694,44250.472347458766,-1279.8926274570404,1078961.8735865266,1080081.0816854772,1279.8926274570513,1119.208098950615,2399.100726407666,2.0890918059266963,3
2020-06-02,1077681.9809590694,1096745.1203234054,0.017689021159443374,0.0,1096745.1203234054,19085.779412104865,-1302.532675225928,1098047.6529986314,1099186.6587933262,1302.5326752259543,1139.0057946947732,2441.5384699207275,2.038852231561445,3
2020-06-03,1096745.1203234054,1083409.7663930536,-0.012159027364917252,0.0,1083409.7663930536,-13351.191460793663,-1286.6951447842293,1084696.4615378377,1085821.618129906,1286.6951447841832,1125.15659206828,2411.851736852463,1.9790542391724588,3
2020-06-04,1083409.7663930536,1067523.187487333,-0.014663499811904956,0.0,1067523.187487333,-15905.44635973411,-1267.8276907706168,1068791.0151781037,1069899.673036696,1267.827690770661,1108.657858592123,2376.485549362784,1.9740367445043847,3
2020-06-05,1067523.187487333,1081595.6726311534,0.013182369534233018,0.0,1081595.6726311534,14089.198116945685,-1284.5406638961285,1082880.2132950495,1084003.4858912204,1284.5406638961333,1123.2725961711158,2407.813260067249,2.0298235434928023,3
2020-06-08,1081595.6726311534,1060035.743950334,-0.019933445765709767,0.0,1060035.743950334,-21585.534002477012,-1258.9353422385757,1061294.6792925724,1062395.5611953675,1258.9353422385109,1100.8819027952313,2359.8172450337424,1.963478862042528,3
2020-06-09,1060035.743950334,1062424.319634692,0.002253297304350088,0.0,1062424.319634692,2391.412439971289,-1261.7720978516154,1063686.0917325437,1064789.454249563,1261.7720978515285,1103.3625170192076,2365.1346148707357,2.007928089339818,3
2020-06-10,1062424.319634692,1028867.0831491724,-0.031585531190643445,0.0,1028867.0831491724,-33597.0902274719,-1221.9183558993973,1030089.0015050718,1031157.513730895,1221.9183558993554,1068.5122258233105,2290.430581722666,1.9401349132752475,3
2020-06-11,1028867.0831491724,1000839.3802405479,-0.027241325305924602,0.0,1000839.3802405479,-28060.98958405474,-1188.6316804689704,1002028.011921017,1003067.4164577033,1188.6316804690202,1039.4045366863002,2228.0362171553206,1.948838155305244,3
2020-06-12,1000839.3802405479,1019064.0170269769,0.01820935221598563,0.0,1019064.0170269769,18246.280999353854,-1210.2758933938458,1020274.2929203708,1021332.6243403605,1210.2758933937598,1058.3314199897145,2268.6073133834743,2.0398946699819493,3
2020-06-15,1019064.0170269769,1059285.6188530936,0.03946916106748555,0.0,1059285.6188530936,40269.370400289015,-1258.0444675661274,1060543.66332066,1061643.766193928,1258.044467566213,1100.1028732680693,2358.1473408342827,2.082486864471841,3
2020-06-16,1059285.6188530936,1045775.6242175314,-0.01275387336060474,0.0,1045775.6242175314,-13526.039575383591,-1241.9995277448907,1047017.6237452762,1048103.696045815,1241.999527744864,1086.0723005387706,2328.0718282836347,1.977862516494385,3
2020-06-17,1045775.6242175314,1023765.5295150867,-0.0210466702347486,0.0,1023765.5295150867,-22036.23465693684,-1215.859573252732,1024981.3890883394,1026044.6031833177,1215.8595732527046,1063.2140949782365,2279.073668230941,1.9612486127760653,3
2020-06-18,1023765.5295150867,1022241.9569794608,-0.0014882045660861154,0.0,1022241.9569794608,-1525.38198339456,-1214.050125484122,1023456.0071049449,1024517.6389198522,1214.0501254840706,1061.6318149073627,2275.681940391433,2.000432312850808,3
2020-06-19,1022241.9569794608,1021824.2466312636,-0.00040862179970713175,0.0,1021824.2466312636,-418.2064355442999,-1213.5540381369065,1023037.8006694005,1024098.9986784051,1213.5540381368603,1061.198009004529,2274.752047141389,2.0025951638658257,3
2020-06-22,1021824.2466312636,1028618.7327118269,0.006649368619861207,0.0,1028618.7327118269,6802.555448702944,-1221.6234062765725,1029840.3561181035,1030908.6104238485,1221.6234062765534,1068.254305745063,2289.8777120216164,2.016735239289732,3
2020-06-23,1028618.7327118269,1050418.9168679062,0.021193648786276498,0.0,1050418.9168679062,21826.07481350092,-1247.5140636982396,1051666.4309316045,1052757.32544392,1247.5140636982733,1090.8945123154513,2338.408576013725,2.0458734509213823,3
2020-06-24,1050418.9168679062,1041532.0959070234,-0.008460263632133702,0.0,1041532.0959070234,-8897.375258746557,-1236.9597658346174,1042769.0556728579,1043850.7209300043,1236.9597658345915,1081.6652571464147,2318.625022981006,1.9864643934866055,3
2020-06-25,1041532.0959070234,1044062.2915450197,0.0024293016489260744,0.0,1044062.2915450197,2533.200586395338,-1239.9647142334725,1045302.2562592532,1046386.5492075926,1239.9647142333888,1084.2929483391868,2324.257662572576,2.008280698873027,3
2020-06-26,1044062.2915450197,1057868.6173049628,0.013223660955623995,0.0,1057868.6173049628,13822.722632921243,-1256.3615872113733,1059124.9788921743,1060223.610162839,1256.3615872113483,1098.631270664598,2354.992857875947,2.0299062672963393,3
2020-06-29,1057868.6173049628,1041016.7195164774,-0.015930047940563186,0.0,1041016.7195164774,-16871.911688800377,-1236.3476868963917,1042253.0672033739,1043334.1972252277,1236.3476868963894,1081.1300218539088,2317.477708750298,1.9714993245020023,3
2020-06-30,1041016.7195164774,1045712.6682205157,0.004510925344426209,0.0,1045712.6682205157,4701.525776153605,-1241.9247590116574,1046954.5929795273,1048040.5998981976,1241.924759011733,1086.0069186701098,2327.9316776818428,2.012451052516035,3
2020-07-01,1045712.6682205157,1032581.6525806499,-0.012557001592235384,0.0,1032581.6525806499,-13146.610491042142,-1226.329907835403,1033807.9824884853,1034880.3524165484,1226.329907835386,1072.3699280631904,2298.6998358985766,1.9782569321124426,3
2020-07-02,1032581.6525806499,1052820.1353433272,0.019599886083678575,0.0,1052820.1353433272,20262.518689171586,-1250.3658343299176,1054070.501177657,1055163.8894341497,1250.3658343299676,1093.3882564927912,2343.754090822759,2.0426804847252162,3
2020-07-03,1052820.1353433272,1084089.7694957964,0.029700832177067094,0.0,1084089.7694957964,31306.771058274957,-1287.5027401353582,1085377.2722359318,1086503.135033535,1287.5027401353407,1125.86279760326,2413.365537738601,2.0629168595462053,3
2020-07-06,1084089.7694957964,1126096.8680159114,0.038748726998551364,0.0,1126096.8680159114,42056.98761230218,-1337.3918323226972,1127434.259848234,1128603.7483960195,1337.3918323227313,1169.4885477854136,2506.880380108145,2.0810435369144047,3
2020-07-07,1126096.8680159114,1143402.3935547576,0.015367705949965949,0.0,1143402.3935547576,17326.078183265403,-1357.9444767418317,1144760.3380314994,1145947.7989353992,1357.9444767417533,1187.4609038996327,2545.405380641386,2.034201676631012,3
2020-07-08,1143402.3935547576,1114157.4763998948,-0.025577099820424887,0.0,1114157.4763998948,-29279.649436295324,-1323.2121953095193,1115480.6885952041,1116637.7776930318,1323.2121953095348,1157.0890978277396,2480.301293137274,1.952172287613232,3
2020-07-09,1114157.4763998948,1090844.0363913206,-0.020924726084417977,0.0,1090844.0363913206,-23341.127861312358,-1295.524342571036,1092139.5607338918,1093272.4380592923,1295.5243425711215,1132.8773254004282,2428.40166797155,1.9614929173699616,3
2020-07-10,1090844.0363913206,1080888.3170447093,-0.009126620318287038,0.0,1080888.3170447093,-9967.543105399061,-1283.7005837833858,1082172.0176284928,1083294.555612677,1283.7005837833765,1122.5379841843019,2406.238567967678,1.9851294053042312,3
2020-07-13,1080888.3170447093,1081660.9159352046,0.0007147814240491268,0.0,1081660.9159352046,773.5164558265824,-1284.6181491147727,1082945.5340843194,1084068.8744378025,1284.618149114706,1123.3403534831864,2407.958502597892,2.004845805389982,3
2020-07-14,1081660.9159352046,1043814.3813636308,-0.03498927807597796,0.0,1043814.3813636308,-37891.48243321467,-1239.6702874739422,1045054.0516511048,1046138.087136586,1239.6702874738833,1084.0354854811958,2323.7057729550793,1.9333157997852264,3
2020-07-15,1043814.3813636308,1017299.0016892921,-0.02540238968512687,0.0,1017299.0016892921,-26546.870262062293,-1208.179699750326,1018507.1813890424,1019563.6797826891,1208.1796997503984,1056.4983936464967,2264.678093396895,1.9525223043097109,3
2020-07-16,1017299.0016892921,1036915.3960234586,0.01928282078483523,0.0,1036915.3960234586,19639.6914467928,-1231.4768123765825,1038146.8728358352,1039223.743498666,1231.4768123765614,1076.8706628306486,2308.3474752072098,2.0420452717292457,3
2020-07-17,1036915.3960234586,1081782.8951153643,0.043270163857120236,0.0,1081782.8951153643,44920.785295363516,-1284.7630158343236,1083067.6581311987,1084191.125164063,1284.7630158343393,1123.4670328642562,2408.2300486985955,2.090101845923629,3
2020-07-20,1081782.8951153643,1118853.4947035806,0.03426805855001347,0.0,1118853.4947035806,37114.62592246581,-1328.7893500837963,1120182.2840536644,1121344.25012059,1328.789350083842,1161.9660669254586,2490.755417009301,2.072066903900539,3
2020-07-21,1118853.4947035806,1130547.9444868683,0.010452172548637284,0.0,1130547.9444868683,11708.338518855802,-1342.6780856517144,1131890.62257252,1133064.733709273,1342.6780856517103,1174.111136752625,2516.7892224043353,2.024353829168537,3
2020-07-22,1130547.9444868683,1111685.0792951887,-0.016684710527903435,0.0,1111685.0792951887,-18885.267386871157,-1320.2758904604125,1113005.355185649,1114159.8766179571,1320.2758904604516,1154.5214323083192,2474.7973227687708,1.9699874230583554,3
2020-07-23,1111685.0792951887,1118737.4309710353,0.0063438394624473204,0.0,1118737.4309710353,7060.727294142009,-1328.651508755749,1120066.082479791,1121227.9280107217,1328.6515087556725,1161.8455309308383,2490.497039686511,2.016123137958728,3
2020-07-24,1118737.4309710353,1119105.4772192794,0.0003289835827917642,0.0,1119105.4772192794,368.48335277772276,-1329.088613289292,1120434.5658325688,1121596.793591605,1329.0886132893047,1162.2277590362546,2491.3163723255593,2.004072892669863,3
2020-07-27,1119105.4772192794,1121759.3748438365,0.0023714454790726425,0.0,1121759.3748438365,2657.0494857403683,-1332.2404744725209,1123091.615318309,1124256.5992371102,1332.2404744725764,1164.9839188010737,2497.22439327365,2.0081647890237875,3
2020-07-28,1121759.3748438365,1148773.1794012906,0.024081639220723927,0.0,1148773.1794012906,27045.887091915705,-1364.3230089341523,1150137.5024102246,1151330.5410514562,1364.3230089340711,1193.0386412315863,2557.361650165657,2.051659290819009,3
2020-07-29,1148773.1794012906,1174215.5661916903,0.02214744150247272,0.0,1174215.5661916903,25472.603054430452,-1394.539272964932,1175610.1054646552,1176829.5668594036,1394.539272964916,1219.4613947484522,2614.0006677133683,2.0477842924136573,3
2020-07-30,1174215.5661916903,1130355.564031771,-0.03735259812827185,0.0,1130355.564031771,-43912.09182495676,-1342.4496079277596,1131698.0136396985,1132871.924983036,1342.449607927765,1173.9113433374714,2516.3609512652365,1.928581091772926,3
2020-07-31,1130355.564031771,1100821.5018184837,-0.026128116809497226,0.0,1100821.5018184837,-29569.137893454055,-1307.3739277609857,1102128.8757462446,1103272.1149968794,1307.3739277609648,1143.2392506347562,2450.613178395721,1.951068372571957,3
2020-08-03,1100821.5018184837,1075466.4305532586,-0.023032863387334124,0.0,1075466.4305532586,-25385.18383029924,-1277.2613626867533,1076743.6919159454,1077860.5990931012,1277.2613626866844,1116.9071771558479,2394.1685398425325,1.9572694459999047,3
2020-08-04,1075466.4305532586,1067147.9137253547,-0.007734799145357352,0.0,1067147.9137253547,-8328.396188000392,-1267.3820025902241,1068415.295727945,1069523.5638524215,1267.382002590177,1108.2681244765395,2375.650127066717,1.9879177990525783,3
2020-08-05,1067147.9137253547,1094615.389009345,0.025739145371238115,0.0,1094615.389009345,27500.096613595786,-1300.003332195687,1095915.3923415407,1097052.1863403835,1300.0033321957367,1136.7939988427502,2436.7973310384864,2.0549799615185442,3
2020-08-06,1094615.389009345,1100537.1216445896,0.005409875189680946,0.0,1100537.1216445896,5928.765491018072,-1307.03618796909,1101844.1578325587,1102987.1017450518,1307.036187969085,1142.9439124928679,2449.9801004619526,2.0142520210437014,3
2020-08-07,1100537.1216445896,1083706.1992304274,-0.015293370921474092,0.0,1083706.1992304274,-16850.911403392733,-1287.0471987386118,1084993.246429166,1086118.7108764625,1287.047198738684,1125.4644472966734,2412.5116460353574,1.9727748520297288,3
2020-08-10,1083706.1992304274,1085599.69843595,0.001747244047203278,0.0,1085599.69843595,1895.747991079057,-1289.2959842951386,1086888.9944202453,1088016.4253285977,1289.29598429515,1127.4309083525513,2416.726892647701,2.0069142552596904,3
2020-08-11,1085599.69843595,1089647.5540855727,0.0037286816268045087,0.0,1089647.5540855727,4052.663023870962,-1294.1033585433033,1090941.6574441162,1092073.2921833822,1294.1033585433042,1131.6347392660173,2425.7380978093215,2.010883894655296,3
2020-08-12,1089647.5540855727,1105603.8510427822,0.014643539461344446,0.0,1105603.8510427822,15975.247210807283,-1313.0536121412297,1106916.9046549234,1108065.1105321497,1313.053612141191,1148.2058772262874,2461.2594893674786,2.032750871492458,3
2020-08-13,1105603.8510427822,1116690.6047211387,0.0100277813503451,0.0,1116690.6047211387,11099.920692880347,-1326.2206266650464,1118016.8253478038,1119176.5451825121,1326.220626665024,1159.7198347082938,2485.9404613733177,2.023503597984253,3
2020-08-14,1116690.6047211387,1070818.9644984317,-0.04107820020045949,0.0,1070818.9644984317,-45926.11897911923,-1271.741870252823,1072090.7063686845,1073202.7869998463,1271.741870252899,1112.0806311617027,2383.822501414602,1.9211171691591833,3
2020-08-17,1070818.9644984317,1078710.9952057102,0.007370088660108021,0.0,1078710.9952057102,7901.40355761518,-1281.114720589423,1079992.1099262997,1081112.3866903102,1281.1147205894347,1120.2767640105535,2401.391484599988,2.018179139766043,3
2020-08-18,1078710.9952057102,1089338.2660702579,0.009851823993433095,0.0,1089338.2660702579,10639.892181290372,-1293.736037332099,1090632.00210759,1091763.3156411035,1293.7360373320778,1131.3135335135182,2425.049570845596,2.0231510825867782,3
2020-08-19,1089338.2660702579,1081963.315664623,-0.00677011965460439,0.0,1081963.315664623,-7383.709153409,-1284.9772895579226,1083248.2929541809,1084371.9473597058,1284.9772895578662,1123.6544055247584,2408.6316950826244,1.9898504512592639,3
2020-08-20,1081963.315664623,1065412.3521525809,-0.015297157743167311,0.0,1065412.3521525809,-16570.62001233705,-1265.3207892631763,1066677.672941844,1067784.1386286784,1265.3207892631117,1106.465686834641,2371.786476097753,1.972767265458881,3
2020-08-21,1065412.3521525809,1076315.3231592914,0.010233569175992718,0.0,1076315.3231592914,10915.919754537521,-1278.2695370899164,1077593.5926963815,1078711.3814763632,1278.2695370898575,1117.788779981726,2396.0583170715836,2.0239158761545255,3
2020-08-24,1076315.3231592914,1068935.5718489808,-0.006856495630526593,0.0,1068935.5718489808,-7388.515759806207,-1269.5050875942106,1070205.0769365751,1071315.2016026713,1269.5050875941656,1110.1246660959296,2379.629753690095,1.9896774044369039,3
2020-08-25,1068935.5718489808,1059448.925247172,-0.008874853500664748,0.0,1059448.925247172,-9497.913273479906,-1258.2384159234934,1060707.1636630953,1061807.436135412,1258.2384159234189,1100.2724723168535,2358.5108882402724,1.9856337984216468,3
2020-08-26,1059448.925247172,1081020.1234106976,0.02036077214245413,0.0,1081020.1234106976,21596.816869213362,-1283.8571216108976,1082303.9805323086,1083426.655401729,1283.857121610918,1122.6748694203122,2406.53199103123,2.0442048543574365,3
2020-08-27,1081020.1234106976,1089328.460516965,0.007685645184896339,0.0,1089328.460516965,8318.204376572394,-1293.724391915719,1090622.1849088809,1091753.4882590056,1293.7243919157222,1131.3033501246764,2425.0277420403986,2.0188113300632473,3
2020-08-28,1089328.460516965,1076820.7705131266,-0.011482018929260818,0.0,1076820.7705131266,-12522.544571795675,-1278.869823958492,1078099.6403370851,1079217.954040729,1278.8698239584992,1118.3137036438084,2397.1835276023075,1.980410567216807,3
2020-08-31,1076820.7705131266,1020609.4902115157,-0.052201147898387146,0.0,1020609.4902115157,-56278.038774434186,-1212.111351135245,1021821.601562651,1022881.538007254,1212.111351135257,1059.9364446031047,2272.047795738362,1.898833302217567,3
2020-09-01,1020609.4902115157,980097.2722225628,-0.0396941419587985,0.0,980097.2722225628,-40560.33170899475,-1163.997631093429,981261.2698536562,982279.13303056,1163.997631093423,1017.8631769037252,2181.8608079971486,1.9238900105438794,3
2020-09-02,980097.2722225628,990488.4096273503,0.01060214909202184,0.0,990488.4096273503,10403.478281214891,-1176.3385075209662,991664.7481348712,992693.4028489316,1176.3385075210356,1028.6547140605371,2204.993221581573,2.024654294245592,3
2020-09-03,990488.4096273503,1013457.7121706484,0.02318987513638837,0.0,1013457.7121706484,22996.581686405698,-1203.6176506284974,1014661.329821277,1015713.838909715,1203.617650628574,1052.5090884380584,2256.126739066632,2.0498727183439494,3
2020-09-04,1013457.7121706484,1000864.5824061184,-0.01242590550478695,0.0,1000864.5824061184,-12608.085803720576,-1188.661611437914,1002053.2440175563,1003092.6747275186,1188.66161143797,1039.4307099621979,2228.0923214001677,1.97851957182348,3
2020-09-07,1000864.5824061184,986108.6527288901,-0.014743182980613057,0.0,986108.6527288901,-14773.45433286787,-1171.136955798429,987279.7896846884,988303.895877498,1171.1369557985092,1024.1061928095562,2195.2431486080654,1.973877106144374,3
2020-09-08,986108.6527288901,957677.370098212,-0.02883179510898648,0.0,957677.370098212,-28465.048611431965,-1137.3709750443231,958814.7410732564,959809.3204461453,1137.3709750443645,994.5793728886272,2131.950347932992,1.9456517861494593,3
2020-09-09,957677.370098212,956828.1770437486,-0.00088672143769708,0.0,956828.1770437486,-850.201585689676,-1136.3624438181287,957964.5394875667,958958.236945604,1136.3624438181785,993.6974580371955,2130.059901855374,2.0016373324521446,3
2020-09-10,956828.1770437486,972011.7203395759,0.01586862057379923,0.0,972011.7203395759,15201.57580028259,-1154.3949482733733,973166.1152878492,974175.5813538132,1154.3949482734445,1009.4660659639362,2163.8610142373805,2.0352052159022334,3
2020-09-11,972011.7203395759,971978.8445378665,-3.382243343519331e-05,0.0,971978.8445378665,-32.91484615567606,-1154.3559038271778,973133.2004416937,974142.6323650586,1154.3559038271487,1009.4319233651153,2163.787827192264,2.003346042089353,3
2020-09-14,971978.8445378665,972018.4501715032,4.074742352599969e-05,0.0,972018.4501715032,39.65267066570232,-1154.4029408560018,973172.8531123593,974182.3261674747,1154.4029408560614,1009.4730551152176,2163.8759959712793,2.0034954363700335,3
2020-09-15,972018.4501715032,963982.2013114549,-0.00826758880824785,0.0,963982.2013114549,-8045.7929888824,-1144.858812022023,965127.0601234769,966128.1872704593,1144.8588120220315,1001.127146982519,2145.9859590045503,1.9868504008881567,3
2020-09-16,963982.2013114549,970485.8079401561,0.006746604470345252,0.0,970485.8079401561,6511.330538280483,-1152.5827216010657,971638.3906617572,972646.272017625,1152.5827216011335,1007.8813558677355,2160.4640774688687,2.0169300429346824,3
2020-09-17,970485.8079401561,982749.5930721229,0.012636748555856281,0.0,982749.5930721229,12278.350030009635,-1167.147619643889,983916.7406917668,984937.3583909029,1167.1476196438318,1020.6176991359716,2187.7653187798032,2.0287304388938336,3
2020-09-18,982749.5930721229,996132.0034975179,0.013617314644273737,0.0,996132.0034975179,13398.303841767949,-1183.0410360168898,997315.0445335349,998349.5603050113,1183.041036016837,1034.5157714766206,2217.556807493457,2.0306949185295533,3
2020-09-21,996132.0034975179,958032.505350214,-0.038247439108002546,0.0,958032.505350214,-38144.74643729144,-1137.792746029445,959170.2980962433,960165.2462887442,1137.7927460295143,994.9481925008001,2132.7409385303145,1.926788355003163,3
2020-09-22,958032.505350214,917199.8991399908,-0.04262131606411057,0.0,917199.8991399908,-40881.10043446696,-1089.298521785473,918289.1976617763,919241.7398528972,1089.298521785538,952.5421911208083,2041.8407129063467,1.9180256695392126,3
2020-09-23,917199.8991399908,897892.2873688359,-0.02105060389698976,0.0,897892.2873688359,-19330.54216286243,-1066.368130077899,898958.6554989137,899891.1461016743,1066.3681300778544,932.4906027603535,1998.858732838208,1.9612407320228376,3
2020-09-24,897892.2873688359,830689.1624719359,-0.07484541948102774,0.0,830689.1624719359,-67282.93766691699,-986.5553600609419,831675.7178319967,832538.4157844314,986.5553600609784,862.6979524346382,1849.2533124956167,1.853467455983173,3
2020-09-25,830689.1624719359,848147.090541346,0.021016198185924928,0.0,848147.090541346,17478.66171237873,-1007.2890030294657,849154.3795443755,850035.2081279531,1007.2890030294063,880.8285835775964,1888.1175866070027,2.045517943939391,3
2020-09-28,848147.090541346,909142.3225392755,0.07191586539428929,0.0,909142.3225392755,61067.67205828446,-1079.7290633844095,910222.05160266,911166.2257360896,1079.7290633844168,944.1741334296053,2023.9031968140223,2.1474910397631786,3
2020-09-29,909142.3225392755,920637.3124157954,0.012643773798159508,0.0,920637.3124157954,11508.641726560716,-1093.3809134251205,921730.6933292206,922686.8053868195,1093.380913425148,956.1120575987625,2049.4929710239103,2.028744513361229,3
2020-09-30,920637.3124157954,907047.7953464696,-0.014760988812919429,0.0,907047.7953464696,-13605.656452757015,-1077.2415299938875,908125.0368764636,909067.0357746761,1077.24152999382,941.9988982126497,2019.2404282064697,1.9738414336941685,3
2020-10-01,907047.7953464696,905240.7365421695,-0.0019922420996678625,0.0,905240.7365421695,-1809.2049302278901,-1075.0954040662036,906315.8319462356,907255.9541545855,1075.0954040662555,940.1222083497895,2015.217612416045,1.9994225170990931,3
2020-10-05,905240.7365421695,896403.1392839168,-0.009762703888040236,0.0,896403.1392839168,-8848.09309633373,-1064.5995659849723,897467.7388499018,898398.682923513,1064.5995659849636,930.9440736111003,1995.5436395960637,1.9838550667010957,3
2020-10-06,896403.1392839168,884636.2579810878,-0.01312677386675476,0.0,884636.2579810878,-3557.6062929125037,-9273.874575901486,594754.219607022,595371.1586812977,705.5129189075594,616.9390742756864,1322.4519931832458,1.3276675706859307,3
2020-10-07,884636.2579810878,901318.8368969571,0.01885812249425789,601716.3782423516,299602.4586546055,6962.158635329572,446.5457046382362,0.0,602340.5391698935,0.0,624.1609275418621,624.1609275418621,0.6808906301721703,1
2020-10-08,901318.8368969571,905534.469057916,0.004677181912088102,601716.3782423516,303818.0908155643,0.0,4662.17786559707,0.0,0.0,0.0,0.0,0.0,0.0,1
2020-10-09,905534.469057916,910004.9362967459,0.004936827245771047,601716.3782423516,308288.55805439426,0.0,9132.645104427007,0.0,0.0,0.0,0.0,0.0,0.0,1
2020-10-12,910004.9362967459,905334.9446562274,-0.005131831107997087,0.0,905334.9446562274,0.0,4462.653463908529,601716.3782423515,0.0,713.7716124969116,0.0,713.7716124969116,0.6612232024707789,15
2020-10-13,905334.9446562274,899176.1816973877,-0.006802745210700123,516287.417651939,382888.76404544886,-5200.110158099145,3504.0006631680735,0.0,516822.96304364176,0.0,535.5453917028608,535.5453917028608,0.5708638179650617,3
2020-10-14,899176.1816973877,901971.3486482649,0.0031085865126017076,555426.6011702761,346544.7474779889,-975.2416978196488,7274.409311864867,0.0,39179.782627770364,0.0,40.59910943324397,40.59910943324397,0.043572976492560256,2
2020-10-15,901971.3486482649,901777.1379304071,-0.00021531805655339298,555426.6011702761,346350.53676013096,0.0,7080.19859400695,0.0,0.0,0.0,0.0,0.0,0.0,2
2020-10-16,901777.1379304071,904944.624347461,0.003512493590515531,555426.6011702761,349518.023177185,0.0,10247.685011060967,0.0,0.0,0.0,0.0,0.0,0.0,2
2020-10-19,904944.624347461,895055.089093114,-0.010928331953436565,0.0,895055.089093114,0.0,358.1497567139377,555426.601170276,0.0,658.8614753998115,0.0,658.8614753998115,0.613768606637985,15
2020-10-20,895055.089093114,890909.691296327,-0.004631444306950061,475847.23925017053,415062.4520461566,-5522.481764068667,1735.2337239957633,0.0,476340.83600930515,0.0,493.5967591345782,493.5967591345782,0.5321916402843341,4
2020-10-21,890909.691296327,890402.2432006054,-0.0005695842133934814,475847.23925017053,414555.00395043485,0.0,1227.785628274054,0.0,0.0,0.0,0.0,0.0,0.0,4
2020-10-22,890402.2432006054,880452.7005457347,-0.011174211128564093,0.0,880452.7005457347,0.0,-8721.757026596548,475847.23925017053,0.0,564.4623672267728,0.0,564.4623672267728,0.5344182844145905,15
2020-10-23,880452.7005457347,892502.622188804,0.013686052226996814,484490.5805156727,408012.0416731313,8643.341265502171,-5315.176649029549,0.0,484993.143020292,0.0,502.5625046193452,502.5625046193452,0.5508451989751143,4
2020-10-26,892502.622188804,870614.4746992881,-0.02452446294873245,484490.5805156727,386123.89418361546,0.0,-27203.324138545402,0.0,0.0,0.0,0.0,0.0,0.0,4
2020-10-27,870614.4746992881,873451.7992052383,0.003258990734021694,484490.5805156727,388961.21868956566,0.0,-24365.999632595158,0.0,0.0,0.0,0.0,0.0,0.0,4
2020-10-28,873451.7992052383,873682.0301959163,0.00026358751666366587,484490.5805156727,389191.4496802436,0.0,-24135.768641917202,0.0,0.0,0.0,0.0,0.0,0.0,4
2020-10-29,873682.0301959163,867962.3961121617,-0.006546585469397903,522838.641125915,345123.7549862467,-1766.364605914452,-28089.038119757366,0.0,38387.83908718828,0.0,39.77847694596076,39.77847694596076,0.04393799776170297,3
2020-10-30,867962.3961121617,860918.0891525518,-0.008115912614605425,522838.641125915,338079.44802663685,0.0,-35133.345079367195,0.0,0.0,0.0,0.0,0.0,0.0,3
2020-11-02,860918.0891525518,869635.3558876535,0.010125547186123907,559193.9970892653,310441.35879838833,-673.0841146681341,-25742.994229597323,0.0,36393.06740601613,0.0,37.71144266586648,37.71144266586648,0.04227239253601907,2
2020-11-03,869635.3558876535,874386.3875994321,0.00546324580712243,831066.4459479388,43319.94165149336,-27283.464091293747,6291.501573474961,0.0,272154.46238861664,0.0,282.0135299431067,282.0135299431067,0.3129523892353978,1
2020-11-04,874386.3875994321,871952.0960109405,-0.0027839998689536127,831066.4459479388,40885.650063001725,0.0,3857.209984983325,0.0,0.0,0.0,0.0,0.0,0.0,1
2020-11-05,871952.0960109405,869146.0726451703,-0.003218093492300067,869146.0726451701,0.0,1051.186619213062,0.0,0.0,38119.126727443734,0.0,39.500030212272115,39.500030212272115,0.043716996497667054,0
2020-11-06,869146.0726451703,869146.0726451703,0.0,869146.0726451701,0.0,0.0,0.0,0.0,0.0,0.0,0.0,0.0,0.0,0
2020-11-09,869146.0726451703,868115.0689760006,-0.001186226000000068,0.0,868115.0689760006,0.0,-1031.0036691695495,869146.0726451703,0.0,1031.00366916959,0.0,1031.00366916959,1.0,15
2020-11-10,868115.0689760006,880566.9999274903,0.01434364106382513,701129.7726827094,179437.22724478098,5812.914566573163,5608.012715746954,0.0,701857.055211603,0.0,727.2825288936986,727.2825288936986,0.8084838983839895,3
2020-11-11,880566.9999274903,880683.526704917,0.0001323315289312177,701129.7726827094,179553.7540222077,0.0,5724.539493173645,0.0,0.0,0.0,0.0,0.0,0.0,3
2020-11-12,880683.526704917,880702.3605820534,2.1385522228412057e-05,701129.7726827094,179572.58789934416,0.0,5743.373370310132,0.0,0.0,0.0,0.0,0.0,0.0,3
2020-11-13,880702.3605820534,881497.18105322,0.0009024847743581699,763526.5789476796,117970.60210554035,4453.734755292244,2084.4590861843317,0.0,62461.530526902025,0.0,64.72426193176958,64.72426193176958,0.07092240616412268,2
2020-11-17,881497.18105322,882408.7771790161,0.0010341452535411744,0.0,882408.7771790163,4044.0345864799674,-1047.9793744994095,883456.7565535156,120054.58128438197,1047.9793744994506,124.40367854599,1172.3830530454406,1.1384169562957582,15
2020-11-18,882408.7771790161,897026.5674994483,0.0165657807339179,773789.7173160014,123236.85018344672,8127.194969621371,5442.615976311317,0.0,774592.3700692689,0.0,802.6527532673982,802.6527532673982,0.8778158038563182,2
2020-11-19,897026.5674994483,895139.1877124298,-0.002104040008848118,773789.7173160014,121349.47039642825,0.0,3555.236189292853,0.0,0.0,0.0,0.0,0.0,0.0,2
2020-11-20,895139.1877124298,897278.6341929213,0.002390071298251417,773789.7173160014,123488.9168769198,0.0,5694.682669784386,0.0,0.0,0.0,0.0,0.0,0.0,2
2020-11-23,897278.6341929213,898904.5702090568,0.0018120748162002709,0.0,898904.5702090568,0.0,7320.618685919893,773789.7173160017,0.0,917.8894812128913,0.0,917.8894812128913,0.8623739469869416,15
2020-11-24,898904.5702090568,913995.0177100525,0.01678759681629627,0.0,913995.0177100524,10443.849387928189,11967.216798987458,732647.5855495295,733407.5615333869,869.0856148160763,759.9759838574955,1629.0615986735718,1.6309352468215381,15
2020-11-25,913995.0177100525,899722.3340080914,-0.015615712805218895,722445.68565328,177276.64835481133,-10201.899896249539,7896.432993275834,0.0,723195.0791974164,0.0,749.393544136422,749.393544136422,0.7912461941087258,3
2020-11-26,899722.3340080914,900904.9465455273,0.001314419452240978,722445.68565328,178459.26089224726,0.0,9079.045530711759,0.0,0.0,0.0,0.0,0.0,0.0,3
2020-11-27,900904.9465455273,906424.5243880481,0.006126703892220142,722445.68565328,183978.83873476798,0.0,14598.62337323249,0.0,0.0,0.0,0.0,0.0,0.0,3
2020-12-01,906424.5243880481,902397.1407008744,-0.004443153929327703,0.0,902397.1407008745,238.6841444811289,10332.555541577764,833167.4680557289,110836.6342045642,988.3249129618753,114.85180211525875,1103.1767150771338,1.041459136266879,15
2020-12-02,902397.1407008744,906942.5148227469,0.005036999694327582,783078.2246540729,123864.29016867408,1549.606648159417,13328.323015290756,0.0,783890.5123841586,0.0,812.2877300857871,812.2877300857871,0.8686757493217742,2
2020-12-03,906942.5148227469,906092.9108569411,-0.0009367781881652881,783078.2246540729,123014.68620286837,0.0,12478.719049485037,0.0,0.0,0.0,0.0,0.0,0.0,2
2020-12-04,906092.9108569411,906954.8362753359,0.0009512550071488768,783078.2246540729,123876.611621263,0.0,13340.644467879669,0.0,0.0,0.0,0.0,0.0,0.0,2
2020-12-07,906954.8362753359,906051.4869118464,-0.0009960246391090832,0.0,906051.4869118464,13513.353383812479,-1076.0582794220536,907127.5451912687,124177.99700632168,1076.058279422058,128.6764691258727,1204.7347485479306,1.137107936303571,15
2020-12-08,906051.4869118464,905255.5873230952,-0.0008784264473357117,848516.2453897363,56739.34193335892,-1858.247450046525,-13.71041812688054,0.0,849396.4120361949,0.0,880.1666464586181,880.1666464586181,0.9374703582588307,1
2020-12-09,905255.5873230952,906529.4584558264,0.0014071949961647068,848516.2453897363,58013.21306609022,0.0,1260.160714604419,0.0,0.0,0.0,0.0,0.0,0.0,1
2020-12-10,906529.4584558264,905590.0803182103,-0.0010362356444723053,905590.0803182104,0.0,320.7825769882693,0.0,0.0,57133.037667564175,0.0,59.202739090109354,59.202739090109354,0.06302391735276208,0
2020-12-11,905590.0803182103,905590.0803182103,0.0,905590.0803182104,0.0,0.0,0.0,0.0,0.0,0.0,0.0,0.0,0.0,0
2020-12-14,905590.0803182103,905590.0803182103,0.0,905590.0803182104,0.0,0.0,0.0,0.0,0.0,0.0,0.0,0.0,0.0,0
2020-12-15,905590.0803182103,905590.0803182103,0.0,905590.0803182104,0.0,0.0,0.0,0.0,0.0,0.0,0.0,0.0,0.0,0
2020-12-16,905590.0803182103,905590.0803182103,0.0,905590.0803182104,0.0,0.0,0.0,0.0,0.0,0.0,0.0,0.0,0.0,0
2020-12-17,905590.0803182103,905590.0803182103,0.0,905590.0803182104,0.0,0.0,0.0,0.0,0.0,0.0,0.0,0.0,0.0,0
2020-12-18,905590.0803182103,905590.0803182103,0.0,905590.0803182104,0.0,0.0,0.0,0.0,0.0,0.0,0.0,0.0,0.0,0
2020-12-21,905590.0803182103,904515.8458195947,-0.001186226000000068,0.0,904515.8458195947,0.0,-1074.2344986155877,905590.0803182103,0.0,1074.2344986155497,0.0,1074.2344986155497,1.0,15
2020-12-22,904515.8458195947,883877.8405273648,-0.022816632110551405,0.0,883877.8405273648,-14440.861551812071,-7271.378239033322,770403.8747239702,771203.0153397436,913.8731066983163,799.140615773441,1713.013722471757,1.7043448129610619,15
2020-12-23,883877.8405273648,911974.3109871247,0.03178773035309512,794110.4652063989,117863.84578072574,23706.5904824288,-2881.498261702298,0.0,794934.1966892973,0.0,823.731482898564,823.731482898564,0.8993711124322347,2
2020-12-24,911974.3109871247,911820.6215388658,-0.0001685238788058374,794110.4652063989,117710.15633246687,0.0,-3035.187709961152,0.0,0.0,0.0,0.0,0.0,0.0,2
2020-12-28,911820.6215388658,914381.403354827,0.0028084271790642656,794110.4652063989,120270.93814842807,0.0,-474.4058939999595,0.0,0.0,0.0,0.0,0.0,0.0,2
2020-12-29,914381.403354827,915844.9037147391,0.0016005360066846386,0.0,915844.9037147391,1563.2203620930304,-574.1258961809945,856046.357589706,62000.138538864616,1015.4644465782065,64.24615555757353,1079.7106021357802,1.004008275715469,15
2020-12-30,915844.9037147391,925097.9192658577,0.010103256035588037,865206.5498730079,59891.36939284976,9160.192283301803,-481.3026283642539,0.0,866104.0293869633,0.0,897.4795139555356,897.4795139555356,0.945688539483025,1
2020-12-31,925097.9192658577,924824.7954128047,-0.00029523777685036556,865206.5498730079,59618.2455397968,0.0,-754.4264814172129,0.0,0.0,0.0,0.0,0.0,0.0,1
2021-01-04,924824.7954128047,925017.9831485935,0.00020889117241118527,865206.5498730079,59811.433275585514,0.0,-561.2387456284996,0.0,0.0,0.0,0.0,0.0,0.0,1
2021-01-05,925017.9831485935,926603.4509849593,0.0017139859605421748,865206.5498730079,61396.90111195134,0.0,1024.2290907373244,0.0,0.0,0.0,0.0,0.0,0.0,1
2021-01-06,926603.4509849593,926650.0800352674,5.032255195969171e-05,865206.5498730079,61443.53016225948,0.0,1070.8581410454644,0.0,0.0,0.0,0.0,0.0,0.0,1
2021-01-07,926650.0800352674,928628.5822263106,0.002135112523778071,865206.5498730079,63422.03235330272,0.0,3049.360332088705,0.0,0.0,0.0,0.0,0.0,0.0,1
2021-01-08,928628.5822263106,927812.5337829737,-0.0008787673123097361,865206.5498730079,62605.98390996573,0.0,2233.3118887517194,0.0,0.0,0.0,0.0,0.0,0.0,1
2021-01-11,927812.5337829737,927099.738090631,-0.0007682540021705098,865206.5498730079,61893.1882176231,0.0,1520.5161964090876,0.0,0.0,0.0,0.0,0.0,0.0,1
2021-01-12,927099.738090631,927003.1484398886,-0.00010418474601370242,865206.5498730079,61796.5985668808,0.0,1423.9265456667854,0.0,0.0,0.0,0.0,0.0,0.0,1
2021-01-13,927003.1484398886,928009.0488517364,0.001085110027447822,865206.5498730079,62802.498978728414,0.0,2429.8269575144004,0.0,0.0,0.0,0.0,0.0,0.0,1
2021-01-14,928009.0488517364,929804.362174521,0.0019345860097010892,865206.5498730079,64597.81230151306,0.0,4225.140280299049,0.0,0.0,0.0,0.0,0.0,0.0,1
2021-01-15,929804.362174521,929551.223405072,-0.0002722494965037292,865206.5498730079,64344.67353206418,0.0,3972.0015108501684,0.0,0.0,0.0,0.0,0.0,0.0,1
2021-01-18,929551.223405072,926319.8832549981,-0.0034762367782563697,0.0,926319.8832549981,0.0,740.6613607762556,865206.5498730082,0.0,1026.3305048296586,0.0,1026.3305048296586,0.9307787759168767,15
2021-01-19,926319.8832549981,924129.4249357339,-0.0023646888713725334,744182.5958712265,179946.82906450744,-5663.08068538033,4213.283726892361,0.0,744954.53713142,0.0,771.9412601935428,771.9412601935428,0.8042087302646707,3
2021-01-20,924129.4249357339,926363.760845093,0.0024177737977713054,804312.3417427957,122051.41910229744,2449.3092133686296,3998.3104228829034,0.0,60192.118509764055,0.0,62.37263819489877,62.37263819489877,0.06513386208208873,2
2021-01-21,926363.760845093,923843.107837168,-0.0027210185830515154,804312.3417427957,119530.76609437237,0.0,1477.6574149578373,0.0,0.0,0.0,0.0,0.0,0.0,2
2021-01-22,923843.107837168,922052.0201540288,-0.001938735774445921,0.0,922052.0201540287,0.0,-313.43026818145154,804312.3417427957,0.0,954.0962118961899,0.0,954.0962118961899,0.8706157300083033,15
2021-01-25,922052.0201540288,886992.0510010119,-0.0380238515687652,0.0,886992.0510010119,-33544.43899655211,-1828.9604246461968,831140.5747674577,832002.7176155214,985.9205594441021,862.1428480638615,1848.0634075079636,1.803741281435673,15
2021-01-27,886992.0510010119,849998.1030393622,-0.04170719221203867,780962.4484790375,69035.65456032469,-36080.79399002255,-2742.1143962733404,0.0,781772.541512639,0.0,810.0930336014758,810.0930336014758,0.8813749126955223,2
2021-01-28,849998.1030393622,848666.2449558702,-0.001566895359801035,780962.4484790375,67703.7964768327,0.0,-4073.9724797653435,0.0,0.0,0.0,0.0,0.0,0.0,2
2021-01-29,848666.2449558702,847482.6553253157,-0.0013946467620096215,780962.4484790375,66520.20684627813,0.0,-5257.5621103198955,0.0,0.0,0.0,0.0,0.0,0.0,2
2021-02-01,847482.6553253157,853462.6189185864,0.007056148648818317,0.0,853462.6189185863,0.0,722.4014829507923,780962.4484790375,0.0,926.3979614094951,0.0,926.3979614094951,0.9215084740339097,15
2021-02-02,853462.6189185864,922091.0172227274,0.08041172136056685,784762.4931918628,137328.5240308646,55864.20794476111,13486.591842330738,0.0,785576.5280151819,0.0,814.03482331906,814.03482331906,0.9204580383503823,3
2021-02-03,922091.0172227274,928216.8222456832,0.006643384339006131,784762.4931918628,143454.32905382034,0.0,19612.396865286464,0.0,0.0,0.0,0.0,0.0,0.0,3
2021-02-04,928216.8222456832,928073.2483611515,-0.00015467709816363584,784762.4931918628,143310.75516928878,0.0,19468.82298075491,0.0,0.0,0.0,0.0,0.0,0.0,3
2021-02-05,928073.2483611515,925158.3752327114,-0.003140779171889041,784762.4931918628,140395.88204084866,0.0,16553.949852314785,0.0,0.0,0.0,0.0,0.0,0.0,3
2021-02-08,925158.3752327114,927001.4122423236,0.0019921313571296118,0.0,927001.4122423236,11330.575551032562,7066.411310894437,862254.5642732285,77572.45367474748,1022.828782759575,80.3825933815689,1103.2113761411438,1.0158552774400114,15
2021-02-09,927001.4122423236,921242.0450463829,-0.006212900131413401,730789.6308849934,190452.41416138946,-3978.0060183734386,5285.050133327168,0.0,731547.6796108459,0.0,758.0487258524282,758.0487258524282,0.789154870693568,3
2021-02-10,921242.0450463829,921042.7710574721,-0.00021631013258927023,783199.0312087507,137843.73984872134,-901.0199166475213,5986.796061063826,0.0,52463.7646407359,0.0,54.3643169786112,54.3643169786112,0.05694894726401077,2
2021-02-11,921042.7710574721,921208.610677453,0.00018005637218188042,783199.0312087507,138009.57946870232,0.0,6152.635681044798,0.0,0.0,0.0,0.0,0.0,0.0,2
2021-02-12,921208.610677453,918474.9653063577,-0.0029674552966726386,783199.0312087507,135275.93409760692,0.0,3418.990309949433,0.0,0.0,0.0,0.0,0.0,0.0,2
2021-02-15,918474.9653063577,921015.4644915464,0.0027659972031368607,0.0,921015.4644915463,5385.290421687823,574.1990734502033,846264.7582886391,63131.14521396884,1003.8612591656993,65.41813408049008,1069.2793932461893,0.9901150688405302,15
2021-02-16,921015.4644915464,937338.889320804,0.01772329071398282,805283.6032408865,132055.2860799175,15436.495504823339,1461.1283978845895,0.0,806118.9246296799,0.0,835.3213887933147,835.3213887933147,0.8752501512824261,2
2021-02-17,937338.889320804,938295.6352096286,0.0010207043575434227,861647.5386246725,76648.09658495609,-53.715168789924064,2471.58945549911,0.0,56422.40174345503,0.0,58.46635966901343,58.46635966901343,0.06019423965684249,1
2021-02-18,938295.6352096286,938937.8672971874,0.0006844666685625889,861647.5386246725,77290.3286725149,0.0,3113.821543057915,0.0,0.0,0.0,0.0,0.0,0.0,1
2021-02-19,938937.8672971874,936024.5728819093,-0.0031027552692749483,861647.5386246725,74377.03425723684,0.0,200.52712777986017,0.0,0.0,0.0,0.0,0.0,0.0,1
2021-02-22,936024.5728819093,932970.598219845,-0.003262707786251262,0.0,932970.598219845,-1745.419181399775,-1108.0283528848813,934078.6265727294,72506.22077919033,1108.028352884863,75.13283113313729,1183.1611840180003,1.0753829295878035,15
2021-02-23,932970.598219845,910554.6290724775,-0.024026447553801122,0.0,910554.6290724773,-18586.178048481095,-4937.81945177124,776462.4140582733,777267.8392022186,921.059903578689,805.425143945158,1726.4850475238472,1.6653582183887543,15
2021-02-24,910554.6290724775,932393.1985363041,0.023983810269650796,795703.4769523916,136689.7215839126,19241.062894118237,-2340.3128820628335,0.0,796528.8608677733,0.0,825.3839153815691,825.3839153815691,0.8747732815099136,2
2021-02-25,932393.1985363041,935871.0243642611,0.0037299991392221177,795703.4769523916,140167.54741186954,0.0,1137.51294589413,0.0,0.0,0.0,0.0,0.0,0.0,2
2021-02-26,935871.0243642611,933486.5113745537,-0.0025479077005586825,795703.4769523916,137783.03442216208,0.0,-1247.0000438133284,0.0,0.0,0.0,0.0,0.0,0.0,2
2021-03-01,933486.5113745537,932783.1120306028,-0.0007535184872838885,0.0,932783.1120306028,-1425.3564186052026,-525.0429691591271,851721.2897754314,56075.92014947245,1010.3339386851505,58.10732643280724,1068.4412651179578,0.9724802649672759,15
2021-03-02,932783.1120306028,927900.3817532388,-0.005234582631684415,786309.3981013747,141590.98365186408,-8630.472355694379,3222.69910917143,0.0,787125.0375305149,0.0,815.6394291400953,815.6394291400953,0.8438457208096312,2
2021-03-03,927900.3817532388,933167.0460333577,0.005675894076223598,846373.6440887722,86793.4019445855,3282.826669035392,5206.536720254924,0.0,60126.550682505,0.0,62.30469510752943,62.30469510752943,0.06479849762417142,1
2021-03-04,933167.0460333577,934589.8904735902,0.001524747842608365,846373.6440887722,88216.24638481795,0.0,6629.381160487377,0.0,0.0,0.0,0.0,0.0,0.0,1
2021-03-05,934589.8904735902,932779.0110508474,-0.0019376193143125775,846373.6440887722,86405.36696207507,0.0,4818.501737744504,0.0,0.0,0.0,0.0,0.0,0.0,1
2021-03-08,932779.0110508474,933361.0734254852,0.0006240088678475253,846373.6440887722,86987.4293367129,0.0,5400.56411238233,0.0,0.0,0.0,0.0,0.0,0.0,1
2021-03-09,933361.0734254852,932584.9836587199,-0.0008315000366545533,846373.6440887722,86211.33956994768,0.0,4624.474345617113,0.0,0.0,0.0,0.0,0.0,0.0,1
2021-03-10,932584.9836587199,932843.6736470602,0.00027739025705231235,846373.6440887722,86470.02955828796,0.0,4883.164333957393,0.0,0.0,0.0,0.0,0.0,0.0,1
2021-03-12,932843.6736470602,932973.0285421025,0.00013866728016354024,846373.6440887722,86599.38445333029,0.0,5012.519228999721,0.0,0.0,0.0,0.0,0.0,0.0,1
2021-03-15,932973.0285421025,929770.0940118998,-0.003433040862079184,0.0,929770.0940118999,0.0,1809.5846987969853,846373.644088772,0.0,1003.9904223328481,0.0,1003.9904223328481,0.907179112574504,15
2021-03-16,929770.0940118998,923296.900056337,-0.006962144725080721,786110.4801452612,137186.4199110759,-3838.254337593069,-825.3549191728016,0.0,786925.9132366306,0.0,815.4330913695408,815.4330913695408,0.8463661267497802,2
2021-03-17,923296.900056337,917641.2936781638,-0.006125447164209152,838867.5437452397,78773.749932924,-3667.8460059394492,-2813.115291406575,0.0,52811.78854837904,0.0,54.72494840033263,54.72494840033263,0.057199139892223846,1
2021-03-18,917641.2936781638,915701.0544099425,-0.0021143765887478017,838867.5437452397,76833.51066470271,0.0,-4753.354559627856,0.0,0.0,0.0,0.0,0.0,0.0,1
2021-03-19,915701.0544099425,916929.8714580475,0.0013419412833339806,838867.5437452397,78062.32771280776,0.0,-3524.537511522809,0.0,0.0,0.0,0.0,0.0,0.0,1
2021-03-22,916929.8714580475,914770.6404160807,-0.0023548486194842067,0.0,914770.6404160807,0.0,-5683.768553489528,838867.5437452397,0.0,995.0864909467405,0.0,995.0864909467405,0.9148655419103342,15
2021-03-23,914770.6404160807,920887.2095696953,0.006686451098640855,0.0,920887.2095696953,3663.280536021637,-3230.479935896561,842530.8242812614,843404.7822451481,999.4319695638636,873.9579638867609,1873.3899334506245,1.8430145569162195,15
2021-03-24,920887.2095696953,902080.2992727875,-0.020422599099509386,826087.5607728073,75992.73849998025,-16443.263508453943,-5594.126724350324,0.0,826944.4621250173,0.0,856.9013522099581,856.9013522099581,0.8979866953645986,1
2021-03-25,902080.2992727875,900075.3825570452,-0.0022225479454086594,826087.5607728073,73987.8217842378,0.0,-7599.0434400927625,0.0,0.0,0.0,0.0,0.0,0.0,1
2021-03-26,900075.3825570452,900722.1322800763,0.0007185506187201707,826087.5607728073,74634.57150726896,0.0,-6952.293717061606,0.0,0.0,0.0,0.0,0.0,0.0,1
2021-03-30,900722.1322800763,900286.2677180374,-0.0004839056868022329,0.0,900286.2677180375,-6318.946974641542,-1069.211304458986,901355.4790224964,75345.99372738518,1069.21130445894,78.07547769615343,1147.2867821550933,1.0843538065146376,15
2021-03-31,900286.2677180374,904677.982524273,0.004878131505179351,786665.590507338,118012.3920169349,5490.842021174431,-2168.338519397963,0.0,787481.5994151736,0.0,816.0089078355877,816.0089078355877,0.8747013340670067,2
2021-04-01,904677.982524273,907124.9728677829,0.002704819163037664,786665.590507338,120459.38236044487,0.0,278.65182411201386,0.0,0.0,0.0,0.0,0.0,0.0,2
2021-04-05,907124.9728677829,901446.1952230756,-0.006260193263949554,786665.590507338,114780.60471573753,0.0,-5400.1258205953345,0.0,0.0,0.0,0.0,0.0,0.0,2
2021-04-06,901446.1952230756,901974.7805543361,0.0005863747986976087,786665.590507338,115309.19004699812,0.0,-4871.540489334751,0.0,0.0,0.0,0.0,0.0,0.0,2
2021-04-07,901974.7805543361,905879.6804854932,0.0043292783959625325,786665.590507338,119214.08997815511,0.0,-966.6405581777508,0.0,0.0,0.0,0.0,0.0,0.0,2
2021-04-08,905879.6804854932,905027.984768384,-0.0009401863574781677,786665.590507338,118362.394261046,0.0,-1818.336275286856,0.0,0.0,0.0,0.0,0.0,0.0,2
2021-04-09,905027.984768384,902897.4319404066,-0.0023541292245484735,786665.590507338,116231.84143306846,0.0,-3948.8891032644024,0.0,0.0,0.0,0.0,0.0,0.0,2
2021-04-12,902897.4319404066,892301.6998404621,-0.011735255550758716,0.0,892301.699840462,-13484.892649450536,-1059.7285537583957,893361.4283942203,106806.51357321625,1059.7285537583625,110.67568633391959,1170.404240092282,1.107731516987469,15
2021-04-13,892301.6998404621,879460.7031899062,-0.01439086875308182,824022.6974090526,55438.00578085348,-13431.552394855826,-469.17280945845414,0.0,824877.4568766822,0.0,854.7594676294967,854.7594676294967,0.9244378409501687,1
2021-04-15,879460.7031899062,880900.2426391996,0.0016368434019531364,824022.6974090526,56877.545230146876,0.0,970.3666398349451,0.0,0.0,0.0,0.0,0.0,0.0,1
2021-04-16,880900.2426391996,882414.9595358165,0.0017195101366742627,824022.6974090526,58392.26212676381,0.0,2485.083536451879,0.0,0.0,0.0,0.0,0.0,0.0,1
2021-04-19,882414.9595358165,879949.6166286258,-0.002793858921529946,0.0,879949.6166286258,0.0,19.74062926127226,824022.6974090529,0.0,977.477148256751,0.0,977.477148256751,0.9338267540732988,12
2021-04-20,879949.6166286258,882618.1061031471,0.0030325480278579064,759072.0953432779,123546.0107598692,3717.9560516462807,-1029.7259478637861,0.0,759859.4814943488,0.0,787.3861510709631,787.3861510709631,0.8635261236951481,2
2021-04-22,882618.1061031471,881238.1868593646,-0.001563438631318137,759072.0953432779,122166.09151608677,0.0,-2409.64519164621,0.0,0.0,0.0,0.0,0.0,0.0,2
2021-04-23,881238.1868593646,880456.2920422219,-0.000887268423908516,0.0,880456.2920422219,0.0,-3191.540008788994,759072.0953432779,0.0,900.4310553706753,0.0,900.4310553706753,0.8613699527122478,12
2021-04-26,880456.2920422219,881464.1388624287,0.0011446869416642524,759977.6442852358,121486.49457719288,905.5489419579535,-3089.242130540115,0.0,760765.9697630195,0.0,788.3254777836547,788.3254777836547,0.8640587575317564,2
2021-04-27,881464.1388624287,884973.6358672198,0.003981440480744114,759977.6442852358,124995.99158198392,0.0,420.2548742509389,0.0,0.0,0.0,0.0,0.0,0.0,2
2021-04-28,884973.6358672198,883473.605457832,-0.001695000109147693,759977.6442852358,123495.96117259617,0.0,-1079.7755351368178,0.0,0.0,0.0,0.0,0.0,0.0,2
2021-04-29,883473.605457832,883674.1072073842,0.0002269470738158752,813308.4576206891,70365.64958669512,-2576.3652548587124,1697.0914692740625,0.0,53386.13343495799,0.0,55.32009950477278,55.32009950477278,0.060427536380435874,1
2021-04-30,883674.1072073842,886399.9644141279,0.0030846860675346477,813308.4576206891,73091.50679343878,0.0,4422.948676017724,0.0,0.0,0.0,0.0,0.0,0.0,1
2021-05-03,886399.9644141279,886609.5687555514,0.00023646700117141428,813308.4576206891,73301.11113486227,0.0,4632.553017441212,0.0,0.0,0.0,0.0,0.0,0.0,1
2021-05-04,886609.5687555514,885014.543431387,-0.0017990165912635803,813308.4576206891,71706.085810698,0.0,3037.5276932769484,0.0,0.0,0.0,0.0,0.0,0.0,1
2021-05-05,885014.543431387,885915.9593841116,0.0010185323613209896,813308.4576206891,72607.50176342246,0.0,3938.9436460014113,0.0,0.0,0.0,0.0,0.0,0.0,1
2021-05-06,885915.9593841116,886412.5577918256,0.0005605479870340879,813308.4576206891,73104.1001711366,0.0,4435.542053715544,0.0,0.0,0.0,0.0,0.0,0.0,1
2021-05-07,886412.5577918256,885801.7178405803,-0.000689114730918372,813308.4576206891,72493.2602198912,0.0,3824.7021024701535,0.0,0.0,0.0,0.0,0.0,0.0,1
2021-05-10,885801.7178405803,887784.4751958916,0.0022383760556989873,813308.4576206891,74476.01757520248,0.0,5807.459457781428,0.0,0.0,0.0,0.0,0.0,0.0,1
2021-05-11,887784.4751958916,886602.373186633,-0.001331519126866576,813308.4576206891,73293.91556594394,0.0,4625.357448522889,0.0,0.0,0.0,0.0,0.0,0.0,1
2021-05-12,886602.373186633,886308.0439244496,-0.0003319743676362119,886308.0439244495,0.0,4331.028186339434,0.0,0.0,73075.30883873721,0.0,75.72253497672932,75.72253497672932,0.08242173836743678,0
2021-05-14,886308.0439244496,886308.0439244496,0.0,886308.0439244495,0.0,0.0,0.0,0.0,0.0,0.0,0.0,0.0,0.0,0
2021-05-17,886308.0439244496,886308.0439244496,0.0,886308.0439244495,0.0,0.0,0.0,0.0,0.0,0.0,0.0,0.0,0.0,0
2021-05-18,886308.0439244496,886308.0439244496,0.0,886308.0439244495,0.0,0.0,0.0,0.0,0.0,0.0,0.0,0.0,0.0,0
2021-05-19,886308.0439244496,886308.0439244496,0.0,886308.0439244495,0.0,0.0,0.0,0.0,0.0,0.0,0.0,0.0,0.0,0
2021-05-20,886308.0439244496,886308.0439244496,0.0,886308.0439244495,0.0,0.0,0.0,0.0,0.0,0.0,0.0,0.0,0.0,0
2021-05-21,886308.0439244496,886308.0439244496,0.0,886308.0439244495,0.0,0.0,0.0,0.0,0.0,0.0,0.0,0.0,0.0,0
2021-05-24,886308.0439244496,885256.6822787373,-0.001186225999999957,0.0,885256.6822787372,0.0,-1051.3616457123135,886308.0439244496,0.0,1051.361645712324,0.0,1051.361645712324,1.0,15
2021-05-25,885256.6822787373,884804.2199940174,-0.0005111085787630198,765932.0101168634,118872.20987715389,-2201.6279509928645,697.8040205606158,0.0,766726.512063553,0.0,794.5019466895671,794.5019466895671,0.8661064382930428,2
2021-05-26,884804.2199940174,885359.9231938492,0.000628052158064385,765932.0101168634,119427.91307698571,0.0,1253.5072203924283,0.0,0.0,0.0,0.0,0.0,0.0,2
2021-05-27,885359.9231938492,882476.3884298316,-0.003256906810978677,765932.0101168634,116544.37831296814,0.0,-1630.0275436251395,0.0,0.0,0.0,0.0,0.0,0.0,2
2021-05-28,882476.3884298316,879742.6555840918,-0.003097797155348081,822540.4455672048,57202.210016886944,-2478.7674779552544,-1884.9929114096958,0.0,56667.15543014414,0.0,58.71997980275654,58.71997980275654,0.06421379220238471,1
2021-05-31,879742.6555840918,879618.8011721027,-0.00014078482065515985,822540.4455672048,57078.35560489781,0.0,-2008.8473233988261,0.0,0.0,0.0,0.0,0.0,0.0,1
2021-06-01,879618.8011721027,879794.2717657149,0.00019948481476106394,879794.2717657149,0.0,-1833.3767297865925,0.0,0.0,57313.21564270262,0.0,59.38944419257516,59.38944419257516,0.06515687882788779,0
2021-06-02,879794.2717657149,879794.2717657149,0.0,879794.2717657149,0.0,0.0,0.0,0.0,0.0,0.0,0.0,0.0,0.0,0
2021-06-03,879794.2717657149,879794.2717657149,0.0,879794.2717657149,0.0,0.0,0.0,0.0,0.0,0.0,0.0,0.0,0.0,0
2021-06-04,879794.2717657149,879794.2717657149,0.0,879794.2717657149,0.0,0.0,0.0,0.0,0.0,0.0,0.0,0.0,0.0,0
2021-06-07,879794.2717657149,878750.6369258952,-0.001186226000000068,0.0,878750.6369258952,0.0,-1043.634839819606,879794.2717657149,0.0,1043.6348398195566,0.0,1043.6348398195566,1.0,15
2021-06-08,878750.6369258952,879819.113728562,0.001215904441793203,821551.0389218275,58268.07480673454,409.7186071603646,-384.87664431310986,0.0,822403.2345359378,0.0,852.1956141102365,852.1956141102365,0.9358778246954383,1
2021-06-09,879819.113728562,880119.0044590998,0.0003408549846877218,880119.0044591,0.0,-84.98591377519915,0.0,0.0,58628.71813935512,0.0,60.752602082671395,60.752602082671395,0.06663724079702478,0
2021-06-10,880119.0044590998,880119.0044590998,0.0,880119.0044591,0.0,0.0,0.0,0.0,0.0,0.0,0.0,0.0,0.0,0
2021-06-11,880119.0044590998,880119.0044590998,0.0,880119.0044591,0.0,0.0,0.0,0.0,0.0,0.0,0.0,0.0,0.0,0
2021-06-14,880119.0044590998,880119.0044590998,0.0,880119.0044591,0.0,0.0,0.0,0.0,0.0,0.0,0.0,0.0,0.0,0
2021-06-15,880119.0044590998,880119.0044590998,0.0,880119.0044591,0.0,0.0,0.0,0.0,0.0,0.0,0.0,0.0,0.0,0
2021-06-16,880119.0044590998,880119.0044590998,0.0,880119.0044591,0.0,0.0,0.0,0.0,0.0,0.0,0.0,0.0,0.0,0
2021-06-17,880119.0044590998,880119.0044590998,0.0,880119.0044591,0.0,0.0,0.0,0.0,0.0,0.0,0.0,0.0,0.0,0
2021-06-18,880119.0044590998,880119.0044590998,0.0,880119.0044591,0.0,0.0,0.0,0.0,0.0,0.0,0.0,0.0,0.0,0
2021-06-21,880119.0044590998,880119.0044590998,0.0,880119.0044591,0.0,0.0,0.0,0.0,0.0,0.0,0.0,0.0,0.0,0
2021-06-22,880119.0044590998,879074.9844129162,-0.001186226000000068,0.0,879074.9844129162,0.0,-1044.0200461835047,880119.0044591001,0.0,1044.0200461835,0.0,1044.0200461835,1.0000000000000002,15
2021-06-23,879074.9844129162,858562.3015595681,-0.023334394923144486,749728.1047322645,108834.19682730369,-13041.699132288624,-8515.003767242946,0.0,750505.7983536694,0.0,777.6936214048294,777.6936214048294,0.8537449155772406,2
2021-06-24,858562.3015595681,857895.2078263749,-0.0007769893133922068,808487.3422351512,49407.865591223686,84.63720561339869,-9266.734706049632,0.0,58820.18851154728,0.0,60.9510086605666,60.9510086605666,0.06851009927258757,1
2021-06-25,857895.2078263749,861531.2820071201,0.004238366350078904,808487.3422351512,53043.93977196885,0.0,-5630.660525304469,0.0,0.0,0.0,0.0,0.0,0.0,1
2021-06-28,861531.2820071201,864101.3697629807,0.0029831624336067453,0.0,864101.3697629807,0.0,-3060.572769443759,808487.3422351512,0.0,959.0487060302344,0.0,959.0487060302344,0.9384306282548537,15
2021-06-29,864101.3697629807,861001.5451053479,-0.00358733913184639,644676.1869560564,216325.35814929137,-2113.6868320645226,-4046.7105950121986,0.0,645344.9101309017,0.0,668.7231748453038,668.7231748453038,0.7468393555583843,4
2021-06-30,861001.5451053479,866755.6196374503,0.00668300140088407,644676.1869560564,222079.43268139393,0.0,1707.3639370903693,0.0,0.0,0.0,0.0,0.0,0.0,4
2021-07-01,866755.6196374503,864105.2881181452,-0.0030577609873631006,644676.1869560564,219429.10116208874,0.0,-942.9675822147983,0.0,0.0,0.0,0.0,0.0,0.0,4
2021-07-02,864105.2881181452,864456.5163032319,0.00040646457082993415,699557.0583819172,164899.45792131472,981.7152768506494,-1573.4546739787547,0.0,54937.79940198385,0.0,56.92797612312012,56.92797612312012,0.06357766832052121,3
2021-07-05,864456.5163032319,864247.3879120322,-0.00024191892507685608,699557.0583819172,164690.32953011498,0.0,-1782.5830651785072,0.0,0.0,0.0,0.0,0.0,0.0,3
2021-07-06,864247.3879120322,860896.5782679,-0.0038771417663494567,749239.9766288593,111656.60163904082,-4216.237902067995,-917.1548072425794,0.0,49734.45438166818,0.0,51.5361347260985,51.5361347260985,0.057546548681880916,2
2021-07-07,860896.5782679,864789.1467610836,0.004521528591756363,749239.9766288593,115549.17013222436,0.0,2975.4136859409628,0.0,0.0,0.0,0.0,0.0,0.0,2
2021-07-08,864789.1467610836,864232.6223751463,-0.0006435376623559197,749239.9766288593,114992.64574628705,0.0,2418.889300003655,0.0,0.0,0.0,0.0,0.0,0.0,2
2021-07-09,864232.6223751463,863735.9923337556,-0.0005746485709203775,749239.9766288593,114496.01570489633,0.0,1922.259258612925,0.0,0.0,0.0,0.0,0.0,0.0,2
2021-07-12,863735.9923337556,862483.6395415505,-0.001449925444025224,0.0,862483.6395415505,4478.051859946347,-3808.145393538478,807617.1846378157,58437.76273808746,958.0165024641772,60.55472913103742,1018.5712315952146,1.002684796121419,14
2021-07-13,862483.6395415505,865599.2916821133,0.003612418830598152,701939.491632385,163659.8000497284,2004.598279611324,-2697.0915325870155,0.0,702667.614083456,0.0,728.1224510712434,728.1224510712434,0.8147025425977424,3
2021-07-14,865599.2916821133,863862.9163978784,-0.002005980481870062,755390.5041913721,108472.41220650631,-390.1330835337649,-4043.3337332880474,0.0,53506.45734125217,0.0,55.44478226489637,55.44478226489637,0.06181434972904545,2
2021-07-15,863862.9163978784,863249.6532168797,-0.0007099079834980149,755390.5041913721,107859.14902550752,0.0,-4656.596914286842,0.0,0.0,0.0,0.0,0.0,0.0,2
2021-07-16,863249.6532168797,864896.0232383225,0.0019071771593623943,755390.5041913721,109505.51904695033,0.0,-3010.226892844039,0.0,0.0,0.0,0.0,0.0,0.0,2
2021-07-19,864896.0232383225,863173.5829572169,-0.0019914998275243345,0.0,863173.5829572169,2181.342013857655,-6914.009187807234,811412.991847751,56080.599832020234,962.5191876675899,58.112175641534996,1020.6313633091249,1.0030033303098365,14
2021-07-20,863173.5829572169,844506.4746294352,-0.021626134877562486,687923.6192525339,156582.85537690137,-15300.973682183525,-10280.14383340539,0.0,688637.2030268775,0.0,713.5837743437291,713.5837743437291,0.7977968934911319,3
2021-07-22,844506.4746294352,848814.5032478733,0.005101238117005913,687923.6192525339,160890.88399533945,0.0,-5972.1152149673,0.0,0.0,0.0,0.0,0.0,0.0,3
2021-07-23,848814.5032478733,851906.6747828746,0.00364292966622215,0.0,851906.6747828746,0.0,-2879.943679965967,687923.6192525338,0.0,816.0328831714562,0.0,816.0328831714562,0.8104522444188779,14
2021-07-26,851906.6747828746,852881.3392559658,0.0011440977068757352,0.0,852881.3392559658,4461.154354162216,-6366.433561037047,800573.1725197295,801403.6077745993,949.6607121453887,830.435254869842,1780.0959670152308,1.8804604162804857,15
2021-07-27,852881.3392559658,849466.2901448658,-0.00400413158772972,686295.168452403,163171.1216924627,-6008.8481086723405,-3772.634563464737,0.0,687007.0630333018,0.0,711.8945808987464,711.8945808987464,0.8055130666038856,3
2021-07-28,849466.2901448658,851785.8807297011,0.002730644655057235,686295.168452403,165490.71227729804,0.0,-1453.0439786294264,0.0,0.0,0.0,0.0,0.0,0.0,3
2021-07-29,851785.8807297011,857820.8516549026,0.007085079785581039,686295.168452403,171525.6832024994,0.0,4581.926946571981,0.0,0.0,0.0,0.0,0.0,0.0,3
2021-07-30,857820.8516549026,856804.4250697044,-0.0011848937726767206,686295.168452403,170509.25661730138,0.0,3565.500361373928,0.0,0.0,0.0,0.0,0.0,0.0,3
2021-08-02,856804.4250697044,854434.4194546661,-0.0027660987101525425,686295.168452403,168139.25100226304,0.0,1195.494746335593,0.0,0.0,0.0,0.0,0.0,0.0,3
2021-08-03,854434.4194546661,853103.4620505689,-0.0015577057452187404,686295.168452403,166808.29359816574,0.0,-135.46265776169457,0.0,0.0,0.0,0.0,0.0,0.0,3
2021-08-04,853103.4620505689,853723.2549106448,0.0007265154669355844,686295.168452403,167428.08645824168,0.0,484.3302023142387,0.0,0.0,0.0,0.0,0.0,0.0,3
2021-08-05,853723.2549106448,853106.9379761991,-0.0007219165354822588,686295.168452403,166811.76952379599,0.0,-131.98673213144866,0.0,0.0,0.0,0.0,0.0,0.0,3
2021-08-06,853106.9379761991,850603.9788471337,-0.0029339336226746893,686295.168452403,164308.81039473062,0.0,-2634.9458611968257,0.0,0.0,0.0,0.0,0.0,0.0,3
2021-08-09,850603.9788471337,846442.3744611995,-0.004892528708335675,0.0,846442.3744611995,320.9920445008138,-7117.5422916318275,708723.6360491496,22451.73266587986,840.7064038960385,23.265069133434025,863.9714730294723,0.8595955190640281,15
2021-08-10,846442.3744611995,822011.9696287528,-0.028862454869414855,640239.2582625827,181772.7113661701,-21236.13538329013,-10311.811740788376,0.0,640903.3790073982,0.0,664.12074481532,664.12074481532,0.757173079166037,3
2021-08-11,822011.9696287528,823446.1787201879,0.0017447545101840767,640239.2582625827,183206.92045760513,0.0,-8877.60264935335,0.0,0.0,0.0,0.0,0.0,0.0,3
2021-08-12,823446.1787201879,829099.6305564616,0.006865599698404612,640239.2582625827,188860.37229387896,0.0,-3224.150813079512,0.0,0.0,0.0,0.0,0.0,0.0,3
2021-08-13,829099.6305564616,830727.1646556963,0.001963013899960675,640239.2582625827,190487.90639311352,0.0,-1596.61671384496,0.0,0.0,0.0,0.0,0.0,0.0,3
2021-08-16,830727.1646556963,831840.3447043626,0.0013400067988960096,0.0,831840.3447043626,307.6707074674123,-791.1073726459217,687795.1713733266,47605.24290117456,815.8805149574961,49.32979043051252,865.2103053880086,0.8852490270729207,15
2021-08-17,831840.3447043626,820970.4474424922,-0.013067287888919976,630708.7231011197,190261.72434137238,-11233.436847318517,-427.56778719789145,0.0,631362.9578134429,0.0,654.2347123231929,654.2347123231929,0.7589953550976544,3
2021-08-18,820970.4474424922,820369.4432465059,-0.0007320655668648923,630708.7231011197,189660.72014538618,0.0,-1028.5719831841052,0.0,0.0,0.0,0.0,0.0,0.0,3
2021-08-20,820369.4432465059,810540.8739242074,-0.0119806623749944,630708.7231011197,179832.1508230876,0.0,-10857.141305482677,0.0,0.0,0.0,0.0,0.0,0.0,3
2021-08-23,810540.8739242074,806181.7332685827,-0.0053780639519387385,0.0,806181.7332685827,-18291.873516793406,3075.5915556860564,671091.4498815998,40424.61581843098,796.0661262272506,41.88903795106947,837.95516417832,0.8778287296669551,15
2021-08-24,806181.7332685827,802805.857353018,-0.004187487481113639,0.0,802805.857353018,-5606.487625385322,5306.203265506614,510010.538716623,510539.5730962942,604.9877612996647,529.0343796712807,1134.0221409709454,1.2659057749611857,15
2021-08-25,802805.857353018,797730.1111377769,-0.006322507700649682,507296.8183059872,290433.29283178976,-2713.720410635746,2944.1774609013373,0.0,507823.0377410935,0.0,526.2194351063023,526.2194351063023,0.6325602050481657,5
2021-08-26,797730.1111377769,796071.1787602686,-0.0020795659513743736,507296.8183059872,288774.3604542814,0.0,1285.2450833929688,0.0,0.0,0.0,0.0,0.0,0.0,5
2021-08-27,796071.1787602686,796604.3473012442,0.0006697498354428788,571901.4221725613,224702.92512868287,-2504.541121585811,4322.954745954383,0.0,64671.61827889683,0.0,67.01441232266815,67.01441232266815,0.08123848721619432,4
2021-08-30,796604.3473012442,800346.8497034332,0.004698069267219163,571901.4221725613,228445.42753087182,0.0,8065.457148143367,0.0,0.0,0.0,0.0,0.0,0.0,4
2021-08-31,800346.8497034332,804299.8587513497,0.00493911989455742,617345.3290898617,186954.52966148805,704.4769251937323,11313.989270866237,0.0,45491.0459218518,0.0,47.139004551416804,47.139004551416804,0.05683916409330331,3
2021-09-01,804299.8587513497,802086.9428509247,-0.002751356818414097,617345.3290898617,184741.613761063,0.0,9101.073370441183,0.0,0.0,0.0,0.0,0.0,0.0,3
2021-09-02,802086.9428509247,802644.1276526726,0.000694668834487544,664446.1885187537,138197.9391339188,2361.429436785431,7296.8287354036365,0.0,47149.717191738804,0.0,48.85776284672673,48.85776284672673,0.05878379845475432,2
2021-09-03,802644.1276526726,803564.8655087779,0.0011471308695647497,664446.1885187537,139118.6769900241,0.0,8217.566591508941,0.0,0.0,0.0,0.0,0.0,0.0,2
2021-09-06,803564.8655087779,803623.068818106,7.243137651524734e-05,707682.4451433398,95940.62367476618,-1503.173367520656,9778.94326835766,0.0,43281.10563155015,0.0,44.84900696415868,44.84900696415868,0.05386137135817489,1
2021-09-07,803623.068818106,803068.915864409,-0.0006895682505879686,707682.4451433398,95386.47072106913,0.0,9224.790314660611,0.0,0.0,0.0,0.0,0.0,0.0,1
2021-09-08,803068.915864409,803145.7035297367,9.561777801492255e-05,707682.4451433398,95463.25838639696,0.0,9301.577979988448,0.0,0.0,0.0,0.0,0.0,0.0,1
2021-09-09,803145.7035297367,804290.7139411576,0.001425657145881054,707682.4451433398,96608.26879781776,0.0,10446.588391409241,0.0,0.0,0.0,0.0,0.0,0.0,1
2021-09-13,804290.7139411576,805388.9961048546,0.0013655288375957753,707682.4451433398,97706.55096151482,0.0,11544.870555106303,0.0,0.0,0.0,0.0,0.0,0.0,1
2021-09-14,805388.9961048546,803805.0920003026,-0.001966632412675473,0.0,803805.0920003026,0.0,9960.96645055429,707682.4451433398,0.0,839.4713161726033,0.0,839.4713161726033,0.87868402544105,15
2021-09-15,803805.0920003026,807486.9292772189,0.00458051001860893,615911.874523157,191575.05475406183,2587.0887322624767,11055.714995208,0.0,616550.7604514566,0.0,638.885928299571,638.885928299571,0.7670401277468202,3
2021-09-16,807486.9292772189,805392.2120726998,-0.0025941190235662104,615911.874523157,189480.33754954275,0.0,8960.997790688903,0.0,0.0,0.0,0.0,0.0,0.0,3
2021-09-17,805392.2120726998,802016.5883140964,-0.004191279364269107,615911.874523157,186104.7137909395,0.0,5585.374032085674,0.0,0.0,0.0,0.0,0.0,0.0,3
2021-09-20,802016.5883140964,789757.483930142,-0.015285350156814204,0.0,789757.483930142,-1934.02473667101,-4739.705615197854,661156.6794627088,45291.73741544671,784.2812432523313,46.93247589505868,831.2137191473898,0.8808401561408687,15
2021-09-21,789757.483930142,792692.5492091285,0.003716413378421546,660098.7324450116,132593.8167641168,934.596504255569,-2739.236840467005,0.0,660783.4534398358,0.0,684.7209948241473,684.7209948241473,0.8366916007576389,3
2021-09-22,792692.5492091285,792018.7170767332,-0.0008500548328195245,0.0,792018.7170767332,-1872.0292960892257,-1541.0396767728016,702303.8151131028,42248.86203740493,833.0910453863556,43.77936931357196,876.8704146999276,0.9392704370608121,15
2021-09-23,792018.7170767332,827635.6919869839,0.04496986515888102,602175.4175802198,225460.27440676413,30990.599208664455,3085.3360248132813,0.0,602800.05466967,0.0,624.6370894501334,624.6370894501334,0.7610931934721801,4
2021-09-24,827635.6919869839,818830.1374270348,-0.010639408915302795,602175.4175802198,216654.719846815,0.0,-5720.218535135835,0.0,0.0,0.0,0.0,0.0,0.0,4
2021-09-27,818830.1374270348,813402.4352522406,-0.006628605771459961,0.0,813402.4352522405,-7194.383185728599,-3953.5375242013542,726170.5609372186,124123.76362808808,861.4023998183131,128.6202710892792,990.0226709075924,1.0384257805130868,14
2021-09-28,813402.4352522406,798776.3594352135,-0.017981352382466786,710937.1899474938,87839.16948771966,-15233.370989724717,-3346.2423515037663,0.0,711674.6457189285,0.0,737.4557714347425,737.4557714347425,0.8749354745885833,2
2021-09-29,798776.3594352135,799159.1790008419,0.00047925750569177694,755335.0380584871,43824.14094235487,-2780.981565229391,-182.44122064590192,0.0,44443.902037826316,0.0,46.053926833048614,46.053926833048614,0.05563998172060453,1
2021-09-30,799159.1790008419,798889.0549005662,-0.00033801038312974985,798889.0549005663,0.0,-452.5653209215816,0.0,0.0,43599.195461995994,0.0,45.17861991680226,45.17861991680226,0.054556334467066245,0
2021-10-01,798889.0549005662,798889.0549005662,0.0,798889.0549005663,0.0,0.0,0.0,0.0,0.0,0.0,0.0,0.0,0.0,0
2021-10-04,798889.0549005662,797941.3919325278,-0.001186225999999957,0.0,797941.3919325278,0.0,-947.6629680384576,798889.054900566,0.0,947.6629680384794,0.0,947.6629680384794,0.9999999999999997,15
2021-10-05,797941.3919325278,810264.2288117216,0.015443285689628494,756264.0421568683,54000.18665485327,10634.25758300646,740.9163281488509,0.0,757048.5155119032,0.0,784.4733550348374,784.4733550348374,0.9487520301189208,1
2021-10-06,810264.2288117216,809155.9796242941,-0.001367762697673025,756264.0421568683,52891.937467425756,0.0,-367.3328592786638,0.0,0.0,0.0,0.0,0.0,0.0,1
2021-10-07,809155.9796242941,814763.7392746735,0.006930381522958218,756264.0421568683,58499.69711780522,0.0,5240.426791100799,0.0,0.0,0.0,0.0,0.0,0.0,1
2021-10-08,814763.7392746735,814341.3689719854,-0.0005183960482385563,756264.0421568683,58077.32681511706,0.0,4818.056488412643,0.0,0.0,0.0,0.0,0.0,0.0,1
2021-10-11,814341.3689719854,814444.8036135137,0.00012701631707456862,756264.0421568683,58180.76145664532,0.0,4921.4911299409,0.0,0.0,0.0,0.0,0.0,0.0,1
2021-10-12,814444.8036135137,817651.344508019,0.003937088038721059,756264.0421568683,61387.30235115073,0.0,8128.032024446307,0.0,0.0,0.0,0.0,0.0,0.0,1
2021-10-13,817651.344508019,818749.7497389854,0.0013433662628259402,756264.0421568683,62485.70758211713,0.0,9226.437255412711,0.0,0.0,0.0,0.0,0.0,0.0,1
2021-10-14,818749.7497389854,819411.0065494576,0.0008076421527858368,756264.0421568683,63146.96439258928,0.0,9887.694065884862,0.0,0.0,0.0,0.0,0.0,0.0,1
2021-10-18,819411.0065494576,820020.5521307229,0.0007438825893151257,756264.0421568683,63756.50997385452,0.0,10497.239647150098,0.0,0.0,0.0,0.0,0.0,0.0,1
2021-10-19,820020.5521307229,816564.6081706552,-0.004214460175525958,0.0,816564.6081706551,0.0,7041.295687082369,756264.0421568686,0.0,897.1000696715731,0.0,897.1000696715731,0.9222501072586646,14
2021-10-20,816564.6081706552,777589.5281406604,-0.04773055265928128,623266.2399517974,154323.2881888631,-32162.59658415531,228.8122412429002,0.0,623912.7545698141,0.0,646.5146180168601,646.5146180168601,0.7640702870622351,3
2021-10-21,777589.5281406604,774196.8288895383,-0.004363097917785219,669521.8220748451,104675.00681469319,-4162.020687410128,998.133677530881,0.0,46303.563079002866,0.0,47.98095595510282,47.98095595510282,0.059547565139826425,2
2021-10-22,774196.8288895383,775060.0769159561,0.0011150239760810976,0.0,775060.0769159561,-3431.7215106946896,5293.103214643394,716507.7033746082,47034.61979569562,849.9400669432481,48.738495932414494,898.6785628756626,0.9862379884266426,14
2021-10-25,775060.0769159561,762099.6908656713,-0.0167217825253696,0.0,762099.6908656713,-12165.779425616602,4498.496589975184,704341.9239489918,705072.5384452146,835.5087030783168,730.614496222931,1566.123199301248,1.8184583419680338,14
2021-10-26,762099.6908656713,769794.5145317769,0.01009687283479277,709339.3727236098,60455.14180816711,4997.448774618153,7195.871481462687,0.0,710075.171077835,0.0,735.7983542253008,735.7983542253008,0.9317352829145732,1
2021-10-27,769794.5145317769,769926.2749143597,0.00017116305727760128,709339.3727236098,60586.90219074993,0.0,7327.6318640455065,0.0,0.0,0.0,0.0,0.0,0.0,1
2021-10-28,769926.2749143597,767834.1417716272,-0.00271731620402893,709339.3727236098,58494.76904801744,0.0,5235.4987213130225,0.0,0.0,0.0,0.0,0.0,0.0,1
2021-10-29,767834.1417716272,768041.017146241,0.00026942716318467674,709339.3727236098,58701.64442263118,0.0,5442.37409592676,0.0,0.0,0.0,0.0,0.0,0.0,1
2021-11-01,768041.017146241,767759.8634975518,-0.00036606592930921167,0.0,767759.8634975518,0.0,5161.220447237538,709339.3727236097,0.0,841.4368067484365,0.0,841.4368067484365,0.9235696491305306,14
2021-11-02,767759.8634975518,788733.8131975286,0.027318372185320294,679839.0580212681,108894.75517626049,17788.976812565605,8346.193334648735,0.0,680544.2556731473,0.0,705.1976518791628,705.1976518791628,0.8864024912332727,2
2021-11-03,788733.8131975286,788399.8850899453,-0.0004233723748060525,679839.0580212681,108560.8270686772,0.0,8012.265227065465,0.0,0.0,0.0,0.0,0.0,0.0,2
2021-11-04,788399.8850899453,788999.8314886286,0.0007609671310579991,679839.0580212681,109160.7734673605,0.0,8612.21162574875,0.0,0.0,0.0,0.0,0.0,0.0,2
2021-11-08,788999.8314886286,790916.9666920323,0.0024298296740907777,679839.0580212681,111077.9086707641,0.0,10529.346829152346,0.0,0.0,0.0,0.0,0.0,0.0,2
2021-11-09,790916.9666920323,790806.993852622,-0.00013904473420300878,728939.4453136736,61867.548538948424,1811.095777498158,8608.278212244004,0.0,49151.319167260895,0.0,50.93187485541408,50.93187485541408,0.062144727243409185,1
2021-11-10,790806.993852622,790129.7345213434,-0.0008564154547738845,728939.4453136736,61190.28920766975,0.0,7931.018880965334,0.0,0.0,0.0,0.0,0.0,0.0,1
2021-11-11,790129.7345213434,791201.05059737,0.0013558736359613466,728939.4453136736,62261.60528369645,0.0,9002.334956992032,0.0,0.0,0.0,0.0,0.0,0.0,1
2021-11-12,791201.05059737,791481.7982863426,0.0003548373561443885,728939.4453136736,62542.35297266903,0.0,9283.082645964612,0.0,0.0,0.0,0.0,0.0,0.0,1
2021-11-15,791481.7982863426,791479.3312056701,-3.117040313305175e-06,728939.4453136736,62539.88589199654,0.0,9280.615565292122,0.0,0.0,0.0,0.0,0.0,0.0,1
2021-11-16,791479.3312056701,791290.9376156499,-0.00023802717593812694,728939.4453136736,62351.49230197626,0.0,9092.221975271837,0.0,0.0,0.0,0.0,0.0,0.0,1
2021-11-17,791290.9376156499,790492.9923528072,-0.0010084094546148892,728939.4453136736,61553.54703913352,0.0,8294.276712429099,0.0,0.0,0.0,0.0,0.0,0.0,1
2021-11-18,790492.9923528072,789972.1154783785,-0.0006589266185376141,728939.4453136736,61032.67016470487,0.0,7773.399838000449,0.0,0.0,0.0,0.0,0.0,0.0,1
2021-11-22,789972.1154783785,787831.9564985548,-0.0027091576245418247,728939.4453136736,58892.51118488118,0.0,5633.2408581767595,0.0,0.0,0.0,0.0,0.0,0.0,1
2021-11-23,787831.9564985548,786878.6069608189,-0.0012100924948170722,0.0,786878.6069608189,0.0,4679.891320440736,728939.4453136736,0.0,864.6869224566577,0.0,864.6869224566577,0.9252473694433221,14
2021-11-24,786878.6069608189,805909.6961756091,0.024185546596945162,698050.3888583697,107859.30731723935,17706.906565607664,6004.073969623358,0.0,698774.4771397184,0.0,724.0882813485819,724.0882813485819,0.8880333903581553,2
2021-11-25,805909.6961756091,806808.5334803464,0.001115307718721592,698050.3888583697,108758.14462197675,0.0,6902.911274360755,0.0,0.0,0.0,0.0,0.0,0.0,2
2021-11-26,806808.5334803464,801344.218024044,-0.00677275367023078,698050.3888583697,103293.82916567421,0.0,1438.5958180582093,0.0,0.0,0.0,0.0,0.0,0.0,2
2021-11-29,801344.218024044,800388.8030604374,-0.001192265373752055,0.0,800388.8030604374,3921.397476571634,-3438.2166221198495,755231.0566616456,57239.98136020101,895.8747154195173,59.31355692495565,955.188272344473,1.0138851940870544,11
2021-11-30,800388.8030604374,792082.8459582297,-0.010377402920241141,746052.3414384283,46030.504519801536,-9178.715223217616,-2565.4585011100426,0.0,746826.2221873404,0.0,773.880748912299,773.880748912299,0.9330792976259907,1
2021-12-01,792082.8459582297,793827.9144407709,0.002203138840142449,746052.3414384283,47775.57300234262,0.0,-820.3900185689563,0.0,0.0,0.0,0.0,0.0,0.0,1
2021-12-02,793827.9144407709,793931.9286980415,0.00013102872219339368,746052.3414384283,47879.587259613334,0.0,-716.3757612982445,0.0,0.0,0.0,0.0,0.0,0.0,1
2021-12-03,793931.9286980415,793781.6916695244,-0.00018923162438300167,746052.3414384283,47729.35023109617,0.0,-866.6127898154082,0.0,0.0,0.0,0.0,0.0,0.0,1
2021-12-06,793781.6916695244,792868.7059924301,-0.0011501722534996706,746052.3414384283,46816.36455400189,0.0,-1779.598466909687,0.0,0.0,0.0,0.0,0.0,0.0,1
2021-12-07,792868.7059924301,794394.1980807978,0.001924016015310226,746052.3414384283,48341.85664236966,0.0,-254.10637854191737,0.0,0.0,0.0,0.0,0.0,0.0,1
2021-12-08,794394.1980807978,795676.9867630096,0.0016148011721521804,746052.3414384283,49624.64532458145,0.0,1028.6823036698697,0.0,0.0,0.0,0.0,0.0,0.0,1
2021-12-09,795676.9867630096,795746.3313374523,8.71516653069282e-05,746052.3414384283,49693.98989902408,0.0,1098.026878112505,0.0,0.0,0.0,0.0,0.0,0.0,1
2021-12-10,795746.3313374523,797398.9438599275,0.0020768082206519267,746052.3414384283,51346.6024214993,0.0,2750.639400587723,0.0,0.0,0.0,0.0,0.0,0.0,1
2021-12-13,797398.9438599275,795369.8472242528,-0.0025446442477745634,0.0,795369.8472242529,0.0,721.5427649130725,746052.341438428,0.0,884.9866847751412,0.0,884.9866847751412,0.9356073859679966,14
2021-12-14,795369.8472242528,783457.9423999793,-0.014976560735668554,733625.26335207,49832.679047909354,-12427.078086358146,1236.7160269977758,0.0,734386.2534819706,0.0,760.9901299006084,760.9901299006084,0.9233267467265603,1
2021-12-15,783457.9423999793,782452.5007628192,-0.0012833383679539123,733625.26335207,48827.23741074921,0.0,231.2743898376284,0.0,0.0,0.0,0.0,0.0,0.0,1
2021-12-16,782452.5007628192,782672.0771569925,0.00028062584496724163,733625.26335207,49046.813804922516,0.0,450.8507840109378,0.0,0.0,0.0,0.0,0.0,0.0,1
2021-12-17,782672.0771569925,780337.6084400148,-0.0029826906888739124,733625.26335207,46712.3450879447,0.0,-1883.6179329668812,0.0,0.0,0.0,0.0,0.0,0.0,1
2021-12-20,780337.6084400148,776867.105613545,-0.004447437607688398,0.0,776867.105613545,0.0,-5354.120759436599,733625.26335207,0.0,870.2453616450725,0.0,870.2453616450725,0.9401382881169495,11
2021-12-21,776867.105613545,769894.7384466296,-0.008974980555276457,664484.2650419225,105410.47340470713,-8005.559697475015,-4320.928228876954,0.0,665173.5351535606,0.0,689.2701116380333,689.2701116380333,0.8562256405852422,2
2021-12-22,769894.7384466296,771378.6626019718,0.0019274377148441602,0.0,771378.6626019719,0.0,-2837.0040735346774,664484.2650419225,0.0,788.2285117836194,0.0,788.2285117836194,0.8630845644985345,11
2021-12-23,771378.6626019718,780662.7956175031,0.012035765915814345,671434.7925652583,109228.0030522448,6950.527523335935,-503.3985813392792,0.0,672131.2724651999,0.0,696.4798999415243,696.4798999415243,0.8713376517286646,2
2021-12-24,780662.7956175031,780642.7569093888,-2.566883964083555e-05,671434.7925652583,109207.96434413045,0.0,-523.4372894536209,0.0,0.0,0.0,0.0,0.0,0.0,2
2021-12-27,780642.7569093888,782412.8904125702,0.002267533372357855,0.0,782412.8904125703,-3432.8359694884493,4679.532183216303,716597.9196166814,45209.97480277311,850.0470837952178,46.847751349978374,896.894835145196,0.9758726224982827,8
2021-12-28,782412.8904125702,789225.1664733443,0.008706753357785146,721772.1208107695,67453.04566257485,5174.201194087975,6317.607049902348,0.0,722520.8156655033,0.0,748.6948547338018,748.6948547338018,0.923452085873118,1
2021-12-29,789225.1664733443,788506.2422266002,-0.0009109241282264646,721772.1208107695,66734.12141583073,0.0,5598.682803158226,0.0,0.0,0.0,0.0,0.0,0.0,1
2021-12-30,788506.2422266002,788995.4920346385,0.0006204767722026716,721772.1208107695,67223.37122386912,0.0,6087.932611196622,0.0,0.0,0.0,0.0,0.0,0.0,1
2021-12-31,788995.4920346385,788644.4223998915,-0.0004449577193929022,721772.1208107695,66872.30158912213,0.0,5736.862976449629,0.0,0.0,0.0,0.0,0.0,0.0,1
2022-01-03,788644.4223998915,788429.6661476969,-0.00027231062072452517,721772.1208107695,66657.54533692749,0.0,5522.106724254991,0.0,0.0,0.0,0.0,0.0,0.0,1
2022-01-04,788429.6661476969,788616.4097792052,0.00023685515592131168,721772.1208107695,66844.2889684358,0.0,5708.850355763294,0.0,0.0,0.0,0.0,0.0,0.0,1
2022-01-05,788616.4097792052,786665.0109192687,-0.002474458856978168,721772.1208107695,64892.89010849931,0.0,3757.451495826812,0.0,0.0,0.0,0.0,0.0,0.0,1
2022-01-06,786665.0109192687,784967.5709170466,-0.0021577672562791417,721772.1208107695,63195.4501062772,0.0,2060.011493604703,0.0,0.0,0.0,0.0,0.0,0.0,1
2022-01-07,784967.5709170466,785406.4066155304,0.0005590494623504139,721772.1208107695,63634.28580476085,0.0,2498.847192088353,0.0,0.0,0.0,0.0,0.0,0.0,1
2022-01-10,785406.4066155304,785860.1712601258,0.0005777450257260508,721772.1208107695,64088.050449356386,0.0,2952.6118366838855,0.0,0.0,0.0,0.0,0.0,0.0,1
2022-01-11,785860.1712601258,786650.0712135561,0.0010051405864781593,721772.1208107695,64877.950402786635,0.0,3742.511790114135,0.0,0.0,0.0,0.0,0.0,0.0,1
2022-01-12,786650.0712135561,786399.8459373198,-0.0003180896886595397,721772.1208107695,64627.72512655033,0.0,3492.286513877829,0.0,0.0,0.0,0.0,0.0,0.0,1
2022-01-13,786399.8459373198,785964.7492001145,-0.0005532767325083787,721772.1208107695,64192.628389345155,0.0,3057.1897766726543,0.0,0.0,0.0,0.0,0.0,0.0,1
2022-01-14,785964.7492001145,786672.4727024245,0.0009004519643283082,721772.1208107695,64900.35189165505,0.0,3764.9132789825526,0.0,0.0,0.0,0.0,0.0,0.0,1
2022-01-17,786672.4727024245,785243.0109361472,-0.0018170990035620838,0.0,785243.0109361472,0.0,2335.451512705069,721772.1208107695,0.0,856.1848557808761,0.0,856.1848557808761,0.9175001615746062,14
2022-01-18,785243.0109361472,771316.720825683,-0.01773500676416284,616989.5447008392,154327.17612484383,-8546.293335161106,-3044.545262597945,0.0,617629.5484973604,0.0,640.0037965212258,640.0037965212258,0.7865457443053684,3
2022-01-19,771316.720825683,773671.213426855,0.003052562634259459,616989.5447008392,156681.66872601578,0.0,-690.052661425987,0.0,0.0,0.0,0.0,0.0,0.0,3
2022-01-20,773671.213426855,774109.583197141,0.0005666099018266646,679179.3322441911,94930.25095294985,1054.3489306793708,-1306.0318218194298,0.0,62254.297064581915,0.0,64.50952123004348,64.50952123004348,0.08046608945011188,2
2022-01-21,774109.583197141,770383.4338077165,-0.004813465005865436,679179.3322441911,91204.10156352539,0.0,-5032.1812112439,0.0,0.0,0.0,0.0,0.0,0.0,2
2022-01-24,770383.4338077165,765145.9133580847,-0.006798589143778178,0.0,765145.9133580846,0.0,-10269.701660875544,679179.3322441911,0.0,805.6601825706978,0.0,805.6601825706978,0.8816120680156144,14
2022-01-25,765145.9133580847,762628.0913966921,-0.00329064289233727,624293.5795034261,138334.51189326594,-9607.130591152112,-3180.3930311160875,0.0,624941.159781662,0.0,647.5802782359126,647.5802782359126,0.8167607627137551,3
2022-01-27,762628.0913966921,767589.9780179097,0.00650629930524893,624293.5795034261,143296.39851448347,0.0,1781.4935901014687,0.0,0.0,0.0,0.0,0.0,0.0,3
2022-01-28,767589.9780179097,767720.8414029949,0.00017048605223224378,671364.537594615,96356.30380837985,1792.3359415761515,120.02103361056652,0.0,47119.784837351755,0.0,48.82674616286966,48.82674616286966,0.06138665978811456,2
2022-01-31,767720.8414029949,770708.7984595902,0.003891983772558172,671364.537594615,99344.26086497518,0.0,3107.978090205899,0.0,0.0,0.0,0.0,0.0,0.0,2
2022-02-01,770708.7984595902,773874.5527271597,0.004107588072040702,671364.537594615,102510.01513254465,0.0,6273.7323577753705,0.0,0.0,0.0,0.0,0.0,0.0,2
2022-02-02,773874.5527271597,777222.6036803646,0.00432634842611912,720282.0676077974,56940.53607256692,799.3886257978738,8822.394685182284,0.0,48968.27221002161,0.0,50.74219683910186,50.74219683910186,0.06327675724373645,1
2022-02-03,777222.6036803646,776219.5654086741,-0.0012905418176734074,720282.0676077974,55937.497800876576,0.0,7819.356413491936,0.0,0.0,0.0,0.0,0.0,0.0,1
2022-02-04,776219.5654086741,775396.0269121414,-0.0010609607554779021,720282.0676077974,55113.95930434378,0.0,6995.8179169591385,0.0,0.0,0.0,0.0,0.0,0.0,1
2022-02-07,775396.0269121414,774783.6481060397,-0.0007897626307685757,720282.0676077974,54501.58049824223,0.0,6383.439110857587,0.0,0.0,0.0,0.0,0.0,0.0,1
2022-02-08,774783.6481060397,775332.6785291377,0.0007086241745553057,720282.0676077974,55050.610921340136,0.0,6932.469533955496,0.0,0.0,0.0,0.0,0.0,0.0,1
2022-02-09,775332.6785291377,775237.6511958896,-0.0001225633020246475,720282.0676077974,54955.583588091955,0.0,6837.442200707315,0.0,0.0,0.0,0.0,0.0,0.0,1
2022-02-10,775237.6511958896,774931.4594134674,-0.0003949650561344553,720282.0676077974,54649.391805669824,0.0,6531.250418285184,0.0,0.0,0.0,0.0,0.0,0.0,1
2022-02-11,774931.4594134674,773389.9598862461,-0.0019892075724839975,720282.0676077974,53107.8922784485,0.0,4989.750891063857,0.0,0.0,0.0,0.0,0.0,0.0,1
2022-02-14,773389.9598862461,769852.9577419537,-0.004573374788590101,720282.0676077974,49570.89013415612,0.0,1452.7487467714818,0.0,0.0,0.0,0.0,0.0,0.0,1
2022-02-15,769852.9577419537,772640.3294227985,0.003620654636465215,720282.0676077974,52358.261815000864,0.0,4240.120427616224,0.0,0.0,0.0,0.0,0.0,0.0,1
2022-02-16,772640.3294227985,771869.5796591877,-0.0009975531101082957,720282.0676077974,51587.5120513902,0.0,3469.3706640055607,0.0,0.0,0.0,0.0,0.0,0.0,1
2022-02-17,771869.5796591877,770834.876713481,-0.0013405152540970633,720282.0676077974,50552.80910568345,0.0,2434.6677182988133,0.0,0.0,0.0,0.0,0.0,0.0,1
2022-02-18,770834.876713481,770592.0333140625,-0.0003150394549529256,720282.0676077974,50309.965706264964,0.0,2191.8243188803244,0.0,0.0,0.0,0.0,0.0,0.0,1
2022-02-21,770592.0333140625,769472.8626851891,-0.0014523516731158592,720282.0676077974,49190.79507739154,0.0,1072.653690006904,0.0,0.0,0.0,0.0,0.0,0.0,1
2022-02-22,769472.8626851891,768090.534246324,-0.0017964615854564325,0.0,768090.534246324,0.0,-309.6747488581459,720282.0676077974,0.0,854.4173159301273,0.0,854.4173159301273,0.9360720858878205,14
2022-02-23,768090.534246324,775451.888457419,0.009583966840990055,578931.9458891348,196519.94256828423,2706.2918028967542,4345.387659340107,0.0,579532.4725049887,0.0,600.5266158539544,600.5266158539544,0.7545106294971402,4
2022-02-24,775451.888457419,764661.3646501321,-0.013915142857865881,578931.9458891348,185729.41876099742,0.0,-6445.136147946723,0.0,0.0,0.0,0.0,0.0,0.0,4
2022-02-25,764661.3646501321,772858.976439262,0.01072057798144499,625013.0469694023,147845.9294698597,-2037.0403071170658,3789.5159483001844,0.0,46128.90104688378,0.0,47.7999666162082,47.7999666162082,0.06032592096239867,3
2022-02-28,772858.976439262,773976.4088179452,0.001445842531106134,0.0,773976.4088179453,-1790.0599637125706,6697.008290695929,671241.7915128763,46276.69766078417,796.2444653791532,47.95311731024374,844.1975826893968,0.9283951031783729,9
2022-03-02,773976.4088179452,797232.5694092733,0.03004763494903684,693303.7610978535,103928.8083114197,22061.96958497727,7891.199297046718,0.0,694022.9256980579,0.0,719.1646002043958,719.1646002043958,0.8966977775950611,2
2022-03-03,797232.5694092733,798329.0994220864,0.0013754204919469437,693303.7610978535,105025.33832423286,0.0,8987.72930985986,0.0,0.0,0.0,0.0,0.0,0.0,2
2022-03-04,798329.0994220864,794646.8449188152,-0.004612451814592244,693303.7610978535,101343.08382096162,0.0,5305.474806588631,0.0,0.0,0.0,0.0,0.0,0.0,2
2022-03-07,794646.8449188152,791933.7740493589,-0.003414184410099108,0.0,791933.7740493589,-4083.548867698126,6675.952804830566,737239.0167373419,43980.829718744506,874.5320898682702,45.57407925613574,920.1061691244059,0.9831031878518305,3
2022-03-08,791933.7740493589,797341.9439232856,0.006829068352866674,743936.8456643131,53405.09825897255,6697.82892697124,5386.2937517860555,0.0,744708.5320076012,0.0,771.6863432881086,771.6863432881086,0.9403671827250365,1
2022-03-09,797341.9439232856,797429.3798089571,0.00010965920749295144,743936.8456643131,53492.53414464402,0.0,5473.7296374575235,0.0,0.0,0.0,0.0,0.0,0.0,1
2022-03-10,797429.3798089571,797363.8069202967,-8.223033953935754e-05,743936.8456643131,53426.96125598368,0.0,5408.156748797184,0.0,0.0,0.0,0.0,0.0,0.0,1
2022-03-11,797363.8069202967,797232.6490661963,-0.00016448934973234408,743936.8456643131,53295.80340188322,0.0,5276.9988946967205,0.0,0.0,0.0,0.0,0.0,0.0,1
2022-03-14,797232.6490661963,795418.2256195289,-0.0022759020830276366,743936.8456643131,51481.37995521583,0.0,3462.5754480293326,0.0,0.0,0.0,0.0,0.0,0.0,1
2022-03-15,795418.2256195289,793574.1803446135,-0.002318334198941896,793574.1803446135,0.0,1618.530173113948,0.0,0.0,49688.82353115284,0.0,51.48885085239238,51.48885085239238,0.06246880185886062,0
2022-03-16,793574.1803446135,793574.1803446135,0.0,793574.1803446135,0.0,0.0,0.0,0.0,0.0,0.0,0.0,0.0,0.0,0
2022-03-17,793574.1803446135,793574.1803446135,0.0,793574.1803446135,0.0,0.0,0.0,0.0,0.0,0.0,0.0,0.0,0.0,0
2022-03-21,793574.1803446135,793574.1803446135,0.0,793574.1803446135,0.0,0.0,0.0,0.0,0.0,0.0,0.0,0.0,0.0,0
2022-03-22,793574.1803446135,792632.82201896,-0.001186225999999957,0.0,792632.82201896,0.0,-941.3583256534184,793574.1803446135,0.0,941.3583256534694,0.0,941.3583256534694,1.0,3
2022-03-23,792632.82201896,796661.1248826969,0.005082180237598655,529871.4335582318,266789.69132446503,821.9799951561727,2264.9645429272205,0.0,530421.0696615629,0.0,549.6361033311227,549.6361033311227,0.6691888790455299,1
2022-03-24,796661.1248826969,798293.3012689446,0.002048771221876855,529871.4335582318,268421.86771071283,0.0,3897.140929175017,0.0,0.0,0.0,0.0,0.0,0.0,1
2022-03-25,798293.3012689446,797901.5658565987,-0.0004907161462125442,529871.4335582318,268030.13229836687,0.0,3505.4055168290506,0.0,0.0,0.0,0.0,0.0,0.0,1
2022-03-28,797901.5658565987,799133.6709632196,0.001544181838142089,0.0,799133.6709632196,0.0,4737.510623449969,529871.4335582318,0.0,628.5472711440472,0.0,628.5472711440472,0.664081205291759,6
2022-03-29,799133.6709632196,795167.7722038643,-0.004962747664699285,527268.2002101038,267899.57199376053,-2603.233348128022,3374.8452122227172,0.0,527815.1359771969,0.0,546.9357670931068,546.9357670931068,0.6604841657353838,1
2022-03-30,795167.7722038643,787562.0486013814,-0.009564929400248667,527268.2002101038,260293.84839127754,0.0,-4230.878390260274,0.0,0.0,0.0,0.0,0.0,0.0,1
2022-03-31,787562.0486013814,790597.7982191301,0.003854616437066749,527268.2002101038,263329.59800902626,0.0,-1195.1287725115544,0.0,0.0,0.0,0.0,0.0,0.0,1
2022-04-01,790597.7982191301,792197.2754891553,0.0020231238609924596,527268.2002101038,264929.0752790515,0.0,404.34849751368165,0.0,0.0,0.0,0.0,0.0,0.0,1
2022-04-04,792197.2754891553,801789.0184283372,0.012107770672727058,0.0,801789.0184283373,0.0,9996.09143669557,527268.2002101038,0.0,625.4592480624307,0.0,625.4592480624307,0.6655768916707436,8
2022-04-05,801789.0184283372,804691.9876748603,0.0036206148747379707,531210.5493786834,273481.43829617684,3942.349168579647,8956.711514639028,0.0,531761.5745480311,0.0,551.025169347608,551.025169347608,0.6632188297993747,1
2022-04-06,804691.9876748603,813636.1406028587,0.011115001845417138,531210.5493786834,282425.59122417524,0.0,17900.864442637423,0.0,0.0,0.0,0.0,0.0,0.0,1
2022-04-07,813636.1406028587,809000.9137150848,-0.005696928462813222,531210.5493786834,277790.3643364013,0.0,13265.637554863468,0.0,0.0,0.0,0.0,0.0,0.0,1
2022-04-08,809000.9137150848,812134.5971859199,0.003873522783113703,531210.5493786834,280924.04780723643,0.0,16399.32102569862,0.0,0.0,0.0,0.0,0.0,0.0,1
2022-04-11,812134.5971859199,816368.2369647664,0.00521297798852105,0.0,816368.2369647664,0.0,20632.96080454513,531210.5493786834,0.0,630.1357651472781,0.0,630.1357651472781,0.6540917616603825,11
2022-04-12,816368.2369647664,793008.4945828045,-0.02861422250921075,476772.08933074516,316236.4052520593,-10170.91426638134,7444.132688964528,0.0,477266.6454376805,0.0,494.55610693530593,494.55610693530593,0.5846217721700493,2
2022-04-13,793008.4945828045,798497.2824250313,0.006921474208311462,476772.08933074516,321725.19309428614,0.0,12932.92053119139,0.0,0.0,0.0,0.0,0.0,0.0,2
2022-04-18,798497.2824250313,795387.8405092469,-0.003894117092472782,476772.08933074516,318615.7511785017,0.0,9823.478615406944,0.0,0.0,0.0,0.0,0.0,0.0,2
2022-04-19,795387.8405092469,797296.3187532343,0.002399431003075936,476772.08933074516,320524.2294224891,0.0,11731.956859394348,0.0,0.0,0.0,0.0,0.0,0.0,2
2022-04-20,797296.3187532343,793442.9021457491,-0.004833104727626214,476772.08933074516,316670.81281500385,0.0,7878.5402519091,0.0,0.0,0.0,0.0,0.0,0.0,2
2022-04-21,793442.9021457491,795910.1180600235,0.0031095065663857557,476772.08933074516,319138.0287292783,0.0,10345.75616618355,0.0,0.0,0.0,0.0,0.0,0.0,2
2022-04-22,795910.1180600235,788473.8015625221,-0.009343161154461765,0.0,788473.8015625221,0.0,2909.4396686821638,476772.08933074516,0.0,565.5594484384525,0.0,565.5594484384525,0.599027551619578,11
2022-04-25,788473.8015625221,760291.4655504845,-0.03574289463541913,457078.1431413585,303213.322409126,-19693.946189386632,-5578.950153968806,0.0,457552.2707006176,0.0,474.12755925901814,474.12755925901814,0.5803011714452455,2
2022-04-26,760291.4655504845,768086.4398385553,0.010252613163856727,457078.1431413585,311008.2966971968,0.0,2216.0241341020082,0.0,0.0,0.0,0.0,0.0,0.0,2
2022-04-27,768086.4398385553,768991.6389078444,0.0011785119777396602,457078.1431413585,311913.495766486,0.0,3121.2232033911932,0.0,0.0,0.0,0.0,0.0,0.0,2
2022-04-28,768991.6389078444,768192.3354324382,-0.0010394176411872014,457078.1431413585,311114.1922910797,0.0,2321.9197279848886,0.0,0.0,0.0,0.0,0.0,0.0,2
2022-04-29,768192.3354324382,765012.6058892444,-0.004139236225786935,457078.1431413585,307934.46274788585,0.0,-857.8098152089369,0.0,0.0,0.0,0.0,0.0,0.0,2
2022-05-02,765012.6058892444,763997.3481692671,-0.0013271124059415218,0.0,763997.3481692671,-3024.6513223637157,1151.5837871775584,498321.03760055173,41285.675749832786,591.1213711487521,42.78129063954623,633.9026617882984,0.7053566296769059,9
2022-05-04,763997.3481692671,744720.2478167084,-0.025231894323653803,423529.47705375607,321190.77076295234,-10257.468711358037,-7868.047854023047,0.0,423968.8045522221,0.0,439.3274984659309,439.3274984659309,0.5549349164210579,2
2022-05-05,744720.2478167084,751773.2780157177,0.009470710941036797,423529.47705375607,328243.8009619617,0.0,-815.0176550137185,0.0,0.0,0.0,0.0,0.0,0.0,2
2022-05-06,751773.2780157177,740763.277019082,-0.014645374235296438,485640.77569222247,255122.5013268595,-2422.7931969711935,-9402.225454678322,0.0,62175.72674308647,0.0,64.42810462008153,64.42810462008153,0.08270542271361037,1
2022-05-09,740763.277019082,733507.4521263557,-0.009795065600342046,485640.77569222247,247866.67643413326,0.0,-16658.050347404554,0.0,0.0,0.0,0.0,0.0,0.0,1
2022-05-10,733507.4521263557,719491.2302840261,-0.01910849276540838,485640.77569222247,233850.4545918036,0.0,-30674.272189734213,0.0,0.0,0.0,0.0,0.0,0.0,1
2022-05-11,719491.2302840261,716341.1245903769,-0.00437824056925018,485640.77569222247,230700.34889815442,0.0,-33824.37788338339,0.0,0.0,0.0,0.0,0.0,0.0,1
2022-05-12,716341.1245903769,708094.2439834727,-0.011512504760382125,485640.77569222247,222453.46829125023,0.0,-42071.25849028758,0.0,0.0,0.0,0.0,0.0,0.0,1
2022-05-13,708094.2439834727,692980.8396286473,-0.02134377518704722,485640.77569222247,207340.0639364248,0.0,-57184.662845113024,0.0,0.0,0.0,0.0,0.0,0.0,1
2022-05-16,692980.8396286473,687882.939186208,-0.007356481089969558,0.0,687882.939186208,-61465.60956839082,-816.9537191615673,688699.8929053695,203269.75061374647,816.9537191615649,210.63340059948007,1027.587119761045,1.2871490703799289,1
2022-05-17,687882.939186208,685725.0110617572,-0.0031370571961032434,0.0,685725.0110617572,-2160.4909549943404,-814.3908886179561,686539.4019503752,687251.5498748958,814.3908886179859,712.1479245206638,1526.5388131386496,1.9971289787336761,1
2022-05-18,685725.0110617572,678106.8809295938,-0.011109599342698173,0.0,678106.8809295938,-7627.177688644268,-805.3433321370976,678912.2242617309,679616.4605081374,805.343332137096,704.2362464065052,1509.5795785436012,1.9811566777568184,1
2022-05-19,678106.8809295938,677688.9320103257,-0.0006163466719215638,0.0,677688.9320103257,-418.445289950585,-804.8469614546048,678493.7789717803,679197.5811645201,804.8469614545791,703.802192739786,1508.649154194365,2.0021790049897255,1
2022-05-20,677688.9320103257,680366.1609322266,0.003950527735430143,0.0,680366.1609322266,2680.4084921447793,-808.0265316985315,681174.1874639251,681880.7700467475,808.0265316985821,706.5825828224611,1514.609114521043,2.0113283442113294,1
2022-05-23,680366.1609322266,692948.8141838469,0.018493943370698762,0.0,692948.8141838469,12597.596848539659,-822.9701286178606,693771.7843124648,694491.4343935606,822.9701286178378,719.6500810959018,1542.6202097137393,2.0404648238293475,3
2022-05-24,692948.8141838469,677720.8829761328,-0.021975549847285003,0.0,677720.8829761328,-7688.8705680786225,-8362.030768253375,454825.6523068979,455297.4433554363,539.5260142334023,471.79104853843035,1011.3170627718326,1.3134059500978792,3
2022-05-25,677720.8829761328,670102.6554340338,-0.011240951449871806,445141.7672473687,224960.88818666514,-9683.885059529188,-6296.373250823119,0.0,445603.5131934311,0.0,461.74594606237633,461.74594606237633,0.6575029992238322,1
2022-05-26,670102.6554340338,670517.3588031115,0.0006188654316092723,445141.7672473687,225375.59155574275,0.0,-5881.6698817455035,0.0,0.0,0.0,0.0,0.0,0.0,1
2022-05-27,670517.3588031115,672629.966795773,0.0031507133483203997,445141.7672473687,227488.19954840426,0.0,-3769.061889083998,0.0,0.0,0.0,0.0,0.0,0.0,1
2022-05-30,672629.966795773,672503.2327967453,-0.00018841563011451345,445141.7672473687,227361.46554937653,0.0,-3895.795888111723,0.0,0.0,0.0,0.0,0.0,0.0,1
2022-05-31,672503.2327967453,673855.280680435,0.002010470459847369,445141.7672473687,228713.51343306634,0.0,-2543.748004421912,0.0,0.0,0.0,0.0,0.0,0.0,1
2022-06-01,673855.280680435,674869.3712333844,0.0015049085197127443,445141.7672473687,229727.6039860156,0.0,-1529.6574514726526,0.0,0.0,0.0,0.0,0.0,0.0,1
2022-06-02,674869.3712333844,676263.7106178583,0.0020660878147806816,445141.7672473687,231121.9433704896,0.0,-135.31806699864683,0.0,0.0,0.0,0.0,0.0,0.0,1
2022-06-03,676263.7106178583,675587.6554530524,-0.0009996916205784467,445141.7672473687,230445.88820568362,0.0,-811.3732318046386,0.0,0.0,0.0,0.0,0.0,0.0,1
2022-06-06,675587.6554530524,677362.2592805317,0.0026267558519690315,445141.7672473687,232220.4920331629,0.0,963.2305956746568,0.0,0.0,0.0,0.0,0.0,0.0,1
2022-06-07,677362.2592805317,676601.730394521,-0.0011227801307064356,445141.7672473687,231459.96314715233,0.0,202.7017096640775,0.0,0.0,0.0,0.0,0.0,0.0,1
2022-06-08,676601.730394521,671531.4025216191,-0.007493814522090303,445141.7672473687,226389.63527425038,0.0,-4867.626163237874,0.0,0.0,0.0,0.0,0.0,0.0,1
2022-06-09,671531.4025216191,674024.3217917276,0.0037122899401986764,445141.7672473687,228882.5545443588,0.0,-2374.706893129449,0.0,0.0,0.0,0.0,0.0,0.0,1
2022-06-10,674024.3217917276,673432.7715710872,-0.0008776392802383182,445141.7672473687,228291.0043237185,0.0,-2966.257113769767,0.0,0.0,0.0,0.0,0.0,0.0,1
2022-06-13,673432.7715710872,668784.9996419747,-0.006901612343975239,445141.7672473687,223643.23239460602,0.0,-7614.029042882234,0.0,0.0,0.0,0.0,0.0,0.0,1
2022-06-14,668784.9996419747,669461.0235838196,0.0010108240199866447,445141.7672473687,224319.25633645093,0.0,-6938.005101037328,0.0,0.0,0.0,0.0,0.0,0.0,1
2022-06-15,669461.0235838196,667728.6488112024,-0.002587715657206391,445141.7672473687,222586.88156383365,0.0,-8670.379873654601,0.0,0.0,0.0,0.0,0.0,0.0,1
2022-06-16,667728.6488112024,665446.9997072484,-0.003417030417994127,445141.7672473687,220305.23245987974,0.0,-10952.028977608512,0.0,0.0,0.0,0.0,0.0,0.0,1
2022-06-17,665446.9997072484,667644.1594785172,0.003301780265348553,445141.7672473687,222502.39223114852,0.0,-8754.869206339732,0.0,0.0,0.0,0.0,0.0,0.0,1
2022-06-20,667644.1594785172,667296.4312723033,-0.0005208286499286396,0.0,667296.4312723033,-8310.092946668592,-792.5044658849947,668088.9357381883,223178.43178447397,792.5044658849681,231.26329365429834,1023.7677595392664,1.334943704470975,1
2022-06-21,667296.4312723033,661582.9484508064,-0.008562136036908363,0.0,661582.9484508064,-5720.268352543702,-785.7189348381944,662368.6673856446,663055.742985976,785.7189348382037,687.075600331386,1472.7945351695898,1.9862603009047943,1
2022-06-22,661582.9484508064,654123.2627430131,-0.011275510841476932,0.0,654123.2627430131,-7468.545090161497,-776.8595524700359,654900.1222954831,655579.4507674341,776.8595524700818,679.3284719509351,1456.188024421017,1.9808242883701848,1
2022-06-23,654123.2627430131,652372.1432860312,-0.0026770481294897674,0.0,652372.1432860312,-1753.1991473936941,-774.7798620582325,653146.9231480894,653824.4330250252,774.7798620582655,677.5098769357899,1452.2897389940554,1.9980505672469677,1
2022-06-24,652372.1432860312,646186.94505114,-0.0094810888210769,0.0,646186.94505114,-6192.54399158014,-767.4341053692624,646954.3791565093,647625.4655021247,767.4341053693093,671.0863456154046,1438.520450984714,1.9844192582132194,1
2022-06-27,646186.94505114,634951.7128883982,-0.01738696866098499,634951.7128883982,0.0,-12002.66626811109,0.0,0.0,635610.3488577537,0.0,658.6359693554747,658.6359693554747,0.9836322966992945,0
2022-06-28,634951.7128883982,634951.7128883982,0.0,634951.7128883982,0.0,0.0,0.0,0.0,0.0,0.0,0.0,0.0,0.0,0
2022-06-29,634951.7128883982,634951.7128883982,0.0,634951.7128883982,0.0,0.0,0.0,0.0,0.0,0.0,0.0,0.0,0.0,0
2022-06-30,634951.7128883982,634951.7128883982,0.0,634951.7128883982,0.0,0.0,0.0,0.0,0.0,0.0,0.0,0.0,0.0,0
2022-07-01,634951.7128883982,634951.7128883982,0.0,634951.7128883982,0.0,0.0,0.0,0.0,0.0,0.0,0.0,0.0,0.0,0
2022-07-04,634951.7128883982,634951.7128883982,0.0,634951.7128883982,0.0,0.0,0.0,0.0,0.0,0.0,0.0,0.0,0.0,0
2022-07-05,634951.7128883982,634951.7128883982,0.0,634951.7128883982,0.0,0.0,0.0,0.0,0.0,0.0,0.0,0.0,0.0,0
2022-07-06,634951.7128883982,634951.7128883982,0.0,634951.7128883982,0.0,0.0,0.0,0.0,0.0,0.0,0.0,0.0,0.0,0
2022-07-07,634951.7128883982,634951.7128883982,0.0,634951.7128883982,0.0,0.0,0.0,0.0,0.0,0.0,0.0,0.0,0.0,0
2022-07-08,634951.7128883982,634951.7128883982,0.0,634951.7128883982,0.0,0.0,0.0,0.0,0.0,0.0,0.0,0.0,0.0,0
2022-07-11,634951.7128883982,634198.5166578253,-0.001186226000000179,0.0,634198.5166578253,0.0,-753.1962305727939,634951.7128883982,0.0,753.196230572753,0.0,753.196230572753,1.0,6
2022-07-12,634198.5166578253,631858.8580609654,-0.0036891581033485776,419167.06866087817,212691.78940008726,-4134.073264720631,1041.2184372878546,0.0,419601.8710292874,0.0,434.80236840919434,434.80236840919434,0.6616254374743025,2
2022-07-13,631858.8580609654,633367.8350157021,0.0023881551005984214,419167.06866087817,214200.7663548239,0.0,2550.1953920244996,0.0,0.0,0.0,0.0,0.0,0.0,2
2022-07-14,633367.8350157021,629626.9430652303,-0.0059063497444246105,419167.06866087817,210459.87440435216,0.0,-1190.6965584472491,0.0,0.0,0.0,0.0,0.0,0.0,2
2022-07-15,629626.9430652303,635042.1853995915,0.008600715699995432,419167.06866087817,215875.11673871323,0.0,4224.545775913837,0.0,0.0,0.0,0.0,0.0,0.0,2
2022-07-18,635042.1853995915,636002.7011284612,0.0015125227125900587,0.0,636002.7011284612,0.0,5185.061504783662,419167.0686608781,0.0,497.2268751893188,0.0,497.2268751893188,0.6600617695927131,12
2022-07-19,636002.7011284612,641455.6127494532,0.008573723997267413,388324.82481385046,253130.7879356027,4088.3452080454736,6549.627917730111,0.0,388727.6344956333,0.0,402.8096817828721,402.8096817828721,0.6112043766573836,3
2022-07-20,641455.6127494532,641144.0556250019,-0.0004857033257777976,388324.82481385046,252819.23081115144,0.0,6238.07079327885,0.0,0.0,0.0,0.0,0.0,0.0,3
2022-07-21,641144.0556250019,642071.8748940302,0.0014471307358903118,388324.82481385046,253747.0500801797,0.0,7165.890062307131,0.0,0.0,0.0,0.0,0.0,0.0,3
2022-07-22,642071.8748940302,643727.476244158,0.0025785296239630995,0.0,643727.476244158,0.0,8821.491412434989,388324.82481385046,0.0,460.64100363963456,0.0,460.64100363963456,0.6047996182326799,12
2022-07-25,643727.476244158,635894.4359871222,-0.012168255272771322,0.0,635894.4359871221,-5382.041577453783,6370.492732852967,417873.37229146995,418306.83270749904,495.69225891982103,433.46041602916085,929.1526749489818,1.2989661554881582,15
2022-07-26,635894.4359871222,624015.6095078897,-0.018680500735617556,376122.090582803,247893.51892508674,-11613.98916090317,6105.65541452371,0.0,376512.24235765234,0.0,390.15177484930064,390.15177484930064,0.5920986582830822,4
2022-07-27,624015.6095078897,623273.305759285,-0.001189559583597788,390942.29724621354,232331.0085130714,-248.4396104712432,5611.791276390204,0.0,14835.579676796742,0.0,15.373013386168381,15.373013386168381,0.023774372709196096,3
2022-07-28,623273.305759285,625495.7421587018,0.0035657493733176615,390942.29724621354,234553.4449124882,0.0,7834.227675806978,0.0,0.0,0.0,0.0,0.0,0.0,3
2022-07-29,625495.7421587018,629959.4726698247,0.0071363083875164435,390942.29724621354,239017.1754236112,0.0,12297.958186929985,0.0,0.0,0.0,0.0,0.0,0.0,3
2022-08-01,629959.4726698247,633454.3549492368,0.005547789073796272,0.0,633454.3549492368,0.0,15792.840466342086,390942.29724621365,0.0,463.7459174931869,0.0,463.7459174931869,0.6205832505214425,15
2022-08-02,633454.3549492368,643660.1531409705,0.016111339533771973,370715.28720342595,272944.86593754456,5835.8097736266245,20162.82888444909,0.0,371099.83049638185,0.0,384.5432929559438,384.5432929559438,0.5858351554408694,4
2022-08-03,643660.1531409705,641757.010446531,-0.002956750833731814,370715.28720342595,271041.723243105,0.0,18259.686190009554,0.0,0.0,0.0,0.0,0.0,0.0,4
2022-08-04,641757.010446531,643386.425784116,0.0025389910995303744,370715.28720342595,272671.13858069014,0.0,19889.1015275947,0.0,0.0,0.0,0.0,0.0,0.0,4
2022-08-05,643386.425784116,645561.6909747978,0.0033809622079463697,370715.28720342595,274846.4037713719,0.0,22064.366718276444,0.0,0.0,0.0,0.0,0.0,0.0,4
2022-08-08,645561.6909747978,647636.1696022435,0.003213447539480274,370715.28720342595,276920.88239881746,0.0,24138.84534572203,0.0,0.0,0.0,0.0,0.0,0.0,4
2022-08-10,647636.1696022435,648121.2328848795,0.000748974972991201,370715.28720342595,277405.94568145357,0.0,24623.908628358084,0.0,0.0,0.0,0.0,0.0,0.0,4
2022-08-11,648121.2328848795,645864.7336230564,-0.0034816005823155027,386725.0835190426,259139.6501040138,941.1500417348634,21426.25932480019,0.0,16026.403291393708,0.0,16.606975777027742,16.606975777027742,0.024727477635716262,3
2022-08-12,645864.7336230564,646580.5386300593,0.0011082893518392645,386725.0835190426,259855.45511101675,0.0,22142.06433180312,0.0,0.0,0.0,0.0,0.0,0.0,3
2022-08-16,646580.5386300593,651184.244828933,0.007120081604416573,386725.0835190426,264459.1613098904,0.0,26745.77053067676,0.0,0.0,0.0,0.0,0.0,0.0,3
2022-08-17,651184.244828933,650679.2096400302,-0.0007755642015502273,386725.0835190426,263954.1261209876,0.0,26240.735341773958,0.0,0.0,0.0,0.0,0.0,0.0,3
2022-08-18,650679.2096400302,652162.0489112721,0.002278909867217349,386725.0835190426,265436.9653922295,0.0,27723.574613015866,0.0,0.0,0.0,0.0,0.0,0.0,3
2022-08-19,652162.0489112721,648321.7411781759,-0.005888578980496106,386725.0835190426,261596.65765913329,0.0,23883.266879919654,0.0,0.0,0.0,0.0,0.0,0.0,3
2022-08-22,648321.7411781759,646216.7487429712,-0.0032468330174757476,386725.0835190426,259491.6652239286,0.0,21778.274444714985,0.0,0.0,0.0,0.0,0.0,0.0,3
2022-08-23,646216.7487429712,649147.3224804128,0.004534970260585469,0.0,649147.3224804128,0.0,24708.848182156533,386725.08351904264,0.0,458.7433489224598,0.0,458.7433489224598,0.5984448472920348,15
2022-08-24,649147.3224804128,659806.0130072231,0.016419524748377823,343028.2336236868,316777.7793835363,7866.494573849912,27501.04413511697,0.0,343384.0571116514,0.0,355.8234879645781,355.8234879645781,0.5289770830442154,5
2022-08-25,659806.0130072231,659526.9060631294,-0.0004230136412695096,343028.2336236868,316498.6724394426,0.0,27221.937191023277,0.0,0.0,0.0,0.0,0.0,0.0,5
2022-08-26,659526.9060631294,661367.6826581164,0.0027910561010695556,463327.3500231777,198040.33263493876,14473.830918091175,14588.882867919165,0.0,120423.9027785715,0.0,124.78637908062804,124.78637908062804,0.18259134187172132,4
2022-08-29,661367.6826581164,659863.2266174862,-0.0022747649757902666,0.0,659863.2266174862,1987.4943788682904,11096.932448420637,491096.51663664874,27797.971594384493,582.5514565438255,28.804980913362666,611.3564374571882,0.7845779312129886,15
2022-08-30,659863.2266174862,682417.7476899005,0.03418060010410118,440100.4501221172,242317.29756778327,14483.469037021532,19167.984483813343,0.0,440556.9667054985,0.0,456.51658338137196,456.51658338137196,0.6676489140997145,5
2022-09-01,682417.7476899005,681693.5630423725,-0.001061204298949514,440100.4501221172,241593.11292025525,0.0,18443.799836285318,0.0,0.0,0.0,0.0,0.0,0.0,5
2022-09-02,681693.5630423725,683327.3520738974,0.0023966619608866147,473786.1429593185,209541.20911457884,945.9250614247467,19131.663806385488,0.0,33720.635035962114,0.0,34.94219876077487,34.94219876077487,0.04946597248985043,4
2022-09-05,683327.3520738974,684208.952455884,0.001290158193303581,0.0,684208.9524558841,3139.788784734439,16873.475403637643,502988.75156046724,29232.900492694618,596.6583348085668,30.29189154594297,626.9502263545097,0.7788677717024935,15
2022-09-06,684208.952455884,684198.924790064,-1.4655852987544016e-05,495243.24929591804,188955.6754941459,5.408938212542125,16858.03879960514,0.0,495756.9655533056,0.0,513.7162573874396,513.7162573874396,0.7245695394277536,3
2022-09-07,684198.924790064,683551.6476298821,-0.0009460365059481557,495243.24929591804,188308.39833396403,0.0,16210.76163942325,0.0,0.0,0.0,0.0,0.0,0.0,3
2022-09-08,683551.6476298821,686100.3970562373,0.003728685952543165,495243.24929591804,190857.14776031923,0.0,18759.511065778457,0.0,0.0,0.0,0.0,0.0,0.0,3
2022-09-09,686100.3970562373,686555.0620756214,0.0006626800120432819,495243.24929591804,191311.8127797034,0.0,19214.176085162635,0.0,0.0,0.0,0.0,0.0,0.0,3
2022-09-12,686555.0620756214,686788.0993104955,0.00033942978174184013,495243.24929591804,191544.85001457747,0.0,19447.213320036713,0.0,0.0,0.0,0.0,0.0,0.0,3
2022-09-13,686788.0993104955,687586.9812435554,0.0011632145837441321,495243.24929591804,192343.73194763734,0.0,20246.095253096548,0.0,0.0,0.0,0.0,0.0,0.0,3
2022-09-14,687586.9812435554,688359.3033951471,0.0011232355653314485,495243.24929591804,193116.05409922896,0.0,21018.417404688185,0.0,0.0,0.0,0.0,0.0,0.0,3
2022-09-15,688359.3033951471,687935.6743963644,-0.0006154184256583761,495243.24929591804,192692.4251004463,0.0,20594.788405905532,0.0,0.0,0.0,0.0,0.0,0.0,3
2022-09-16,687935.6743963644,685628.7562385919,-0.0033533922481876477,495243.24929591804,190385.5069426738,0.0,18287.870248133022,0.0,0.0,0.0,0.0,0.0,0.0,3
2022-09-19,685628.7562385919,688230.1155799553,0.003794122282202217,495243.24929591804,192986.86628403718,0.0,20889.2295894964,0.0,0.0,0.0,0.0,0.0,0.0,3
2022-09-20,688230.1155799553,690436.607232521,0.0032060376356917164,495243.24929591804,195193.35793660302,0.0,23095.72124206225,0.0,0.0,0.0,0.0,0.0,0.0,3
2022-09-21,690436.607232521,691679.3578281197,0.0017999488766680116,495243.24929591804,196436.10853220156,0.0,24338.47183766078,0.0,0.0,0.0,0.0,0.0,0.0,3
2022-09-22,691679.3578281197,691761.0064409657,0.00011804402129689251,0.0,691761.0064409657,0.0,24420.120450506784,495243.24929591815,0.0,587.4704186392996,0.0,587.4704186392996,0.7160011986637668,15
2022-09-23,691761.0064409657,677903.0713519405,-0.020032836427602008,451440.4460152555,226462.62533668496,-10786.586660934645,21348.77202241632,0.0,451908.7255863349,0.0,468.2795710794255,468.2795710794255,0.6532729098324804,4
2022-09-26,677903.0713519405,670880.3174985702,-0.010359525056236829,451440.4460152555,219439.87148331458,0.0,14326.018169045961,0.0,0.0,0.0,0.0,0.0,0.0,4
2022-09-27,670880.3174985702,671600.9959402813,0.0010742280298194906,451440.4460152555,220160.5499250258,0.0,15046.696610757164,0.0,0.0,0.0,0.0,0.0,0.0,4
2022-09-28,671600.9959402813,667112.5618397546,-0.00668318559331893,514169.360360895,152943.2014788596,-3819.8857114529455,14378.148221683328,0.0,62793.983103574894,0.0,65.068757935485,65.068757935485,0.09349894279960021,2
2022-09-29,667112.5618397546,669707.6100071619,0.0038899704725252615,514169.360360895,155538.24964626698,0.0,16973.19638909068,0.0,0.0,0.0,0.0,0.0,0.0,2
2022-09-30,669707.6100071619,670112.6903504577,0.0006048614906608574,514169.360360895,155943.32998956277,0.0,17378.276732386494,0.0,0.0,0.0,0.0,0.0,0.0,2
2022-10-03,670112.6903504577,666013.5440229942,-0.006117099984063401,514169.360360895,151844.1836620993,0.0,13279.130404923013,0.0,0.0,0.0,0.0,0.0,0.0,2
2022-10-04,666013.5440229942,670439.8504191417,0.006645970544999491,514169.360360895,156270.4900582468,0.0,17705.43680107052,0.0,0.0,0.0,0.0,0.0,0.0,2
2022-10-06,670439.8504191417,673206.1750054748,0.004126133887482508,514169.360360895,159036.81464457983,0.0,20471.761387403556,0.0,0.0,0.0,0.0,0.0,0.0,2
2022-10-07,673206.1750054748,672637.7466766041,-0.0008443599449545758,514169.360360895,158468.38631570915,0.0,19903.333058532862,0.0,0.0,0.0,0.0,0.0,0.0,2
2022-10-10,672637.7466766041,669746.5450872551,-0.004298304107424933,514169.360360895,155577.18472636017,0.0,17012.13146918388,0.0,0.0,0.0,0.0,0.0,0.0,2
2022-10-11,669746.5450872551,668786.9389174944,-0.001432790026017483,514169.360360895,154617.57855659942,0.0,16052.525299423138,0.0,0.0,0.0,0.0,0.0,0.0,2
2022-10-12,668786.9389174944,671294.4588554045,0.0037493554254646178,514169.360360895,157125.09849450953,0.0,18560.045237333255,0.0,0.0,0.0,0.0,0.0,0.0,2
2022-10-13,671294.4588554045,670418.1216181226,-0.0013054438714958927,514169.360360895,156248.76125722763,0.0,17683.708000051356,0.0,0.0,0.0,0.0,0.0,0.0,2
2022-10-14,670418.1216181226,671688.9205614752,0.0018955319111682023,514169.360360895,157519.56020058025,0.0,18954.506943403965,0.0,0.0,0.0,0.0,0.0,0.0,2
2022-10-17,671688.9205614752,671627.6535745448,-9.121333560058176e-05,514169.360360895,157458.29321364983,0.0,18893.239956473542,0.0,0.0,0.0,0.0,0.0,0.0,2
2022-10-18,671627.6535745448,676420.2825182101,0.007135842186005714,514169.360360895,162250.92215731522,0.0,23685.868900138925,0.0,0.0,0.0,0.0,0.0,0.0,2
2022-10-19,676420.2825182101,680085.7109707181,0.00541886242509193,514169.360360895,165916.35060982313,0.0,27351.297352646845,0.0,0.0,0.0,0.0,0.0,0.0,2
2022-10-20,680085.7109707181,680272.9914701902,0.00027537778908026667,514169.360360895,166103.6311092953,0.0,27538.57785211901,0.0,0.0,0.0,0.0,0.0,0.0,2
2022-10-21,680272.9914701902,678778.1685298278,-0.0021973868713085487,514169.360360895,164608.80816893285,0.0,26043.75491175657,0.0,0.0,0.0,0.0,0.0,0.0,2
2022-10-24,678778.1685298278,679076.2231362383,0.0004391045856055875,0.0,679076.2231362383,0.0,26341.809518167076,514169.36036089493,0.0,609.9210636634631,0.0,609.9210636634631,0.7574924831105563,15
2022-10-25,679076.2231362383,678934.8000172455,-0.00020825809264779505,444020.9414325142,234913.8585847312,-1592.5042135946715,27792.890612768937,0.0,444481.52474497457,0.0,460.5833124603861,460.5833124603861,0.6545384886135255,4
2022-10-27,678934.8000172455,678523.627323552,-0.0006056144031547639,444020.9414325142,234502.68589103775,0.0,27381.71791907545,0.0,0.0,0.0,0.0,0.0,0.0,4
2022-10-28,678523.627323552,679067.7618597106,0.0008019389660827159,444020.9414325142,235046.82042719633,0.0,27925.85245523405,0.0,0.0,0.0,0.0,0.0,0.0,4
2022-10-31,679067.7618597106,682313.0324585822,0.004779008489497416,444020.9414325142,238292.09102606797,0.0,31171.123054105698,0.0,0.0,0.0,0.0,0.0,0.0,4
2022-11-01,682313.0324585822,681715.0141499813,-0.0008764574032039674,444020.9414325142,237694.07271746706,0.0,30573.104745504777,0.0,0.0,0.0,0.0,0.0,0.0,4
2022-11-02,681715.0141499813,681854.6802708737,0.0002048746440865834,444020.9414325142,237833.7388383595,0.0,30712.77086639722,0.0,0.0,0.0,0.0,0.0,0.0,4
2022-11-03,681854.6802708737,683456.1667421827,0.002348721095047468,479038.21153079433,204417.95521138835,739.3127408870932,31574.944596819067,0.0,35053.59354330309,0.0,36.32344502300279,36.32344502300279,0.05140918520846362,3
2022-11-04,683456.1667421827,682415.3563410582,-0.0015228634282220543,479038.21153079433,203377.14481026382,0.0,30534.134195694514,0.0,0.0,0.0,0.0,0.0,0.0,3
2022-11-07,682415.3563410582,683835.5896536265,0.0020811860392229153,479038.21153079433,204797.3781228322,0.0,31954.367508262894,0.0,0.0,0.0,0.0,0.0,0.0,3
2022-11-09,683835.5896536265,688666.3234987659,0.00706417436914375,479038.21153079433,209628.11196797158,0.0,36785.10135340228,0.0,0.0,0.0,0.0,0.0,0.0,3
2022-11-10,688666.3234987659,685540.02525758,-0.004539641528139238,479038.21153079433,206501.81372678565,0.0,33658.80311221638,0.0,0.0,0.0,0.0,0.0,0.0,3
2022-11-11,685540.02525758,684771.288887826,-0.0011213588432931187,517485.7751086075,167285.5137792186,4169.606220420137,28720.460522042307,0.0,38487.44526927473,0.0,39.88169146159948,39.88169146159948,0.05614179165514621,2
2022-11-14,684771.288887826,680536.7294805411,-0.006183903262303114,0.0,680536.7294805411,5718.254042163342,18767.647072594,555943.7969265473,38497.9143577432,659.4749864529905,39.8925398032668,699.3675262562573,0.8680879600687631,15
2022-11-15,680536.7294805411,677294.8435109593,-0.004763719324975102,440636.4401708046,236658.40334015462,-4118.597370433243,19644.358473445463,0.0,441093.5127371342,0.0,457.0725663295497,457.0725663295497,0.6481553362649863,4
2022-11-16,677294.8435109593,676812.5596332751,-0.0007120737479472394,440636.4401708046,236176.11946247047,0.0,19162.07459576129,0.0,0.0,0.0,0.0,0.0,0.0,4
2022-11-17,676812.5596332751,677073.0649737964,0.00038490027528803594,440636.4401708046,236436.62480299163,0.0,19422.57993628247,0.0,0.0,0.0,0.0,0.0,0.0,4
2022-11-18,677073.0649737964,675928.5250236642,-0.0016904231010524962,479508.57267995924,196419.95234370496,1809.212714051413,16468.82727209894,0.0,38912.45460634148,0.0,40.32209718691081,40.32209718691081,0.05747157377741418,3
2022-11-21,675928.5250236642,674069.5555817822,-0.0027502455852368435,479508.57267995924,194560.982901823,0.0,14609.857830217006,0.0,0.0,0.0,0.0,0.0,0.0,3
2022-11-22,674069.5555817822,675945.1272522074,0.0027824601406398752,0.0,675945.1272522074,0.0,16485.429500642065,479508.57267995924,0.0,568.8055361358573,0.0,568.8055361358573,0.7113636400120467,15
2022-11-23,675945.1272522074,677544.9619294523,0.0023668114655228667,449282.03249917907,228262.92943027316,1740.6979978838099,16344.566180003188,0.0,449748.0731460229,0.0,466.04064684381075,466.04064684381075,0.6653618097289926,4
2022-11-24,677544.9619294523,679626.8114213172,0.0030726366644899805,485102.5318090355,194524.27961228168,-1242.4204852467228,19668.836157114885,0.0,35857.655945245955,0.0,37.156635389518435,37.156635389518435,0.05292291723804382,3
2022-11-25,679626.8114213172,678008.4851616389,-0.0023811983760525512,485102.5318090355,192905.95335260336,0.0,18050.50989743656,0.0,0.0,0.0,0.0,0.0,0.0,3
2022-11-28,678008.4851616389,679146.3428395349,0.001678235158996122,485102.5318090355,194043.81103049932,0.0,19188.36757533249,0.0,0.0,0.0,0.0,0.0,0.0,3
2022-11-29,679146.3428395349,681091.3862377933,0.002863953283067211,485102.5318090355,195988.8544287577,0.0,21133.410973590897,0.0,0.0,0.0,0.0,0.0,0.0,3
2022-11-30,681091.3862377933,679679.0827286728,-0.002073588857028019,485102.5318090355,194576.5509196373,0.0,19721.10746447046,0.0,0.0,0.0,0.0,0.0,0.0,3
2022-12-01,679679.0827286728,680709.1968976235,0.0015155890406619577,485102.5318090355,195606.6650885879,0.0,20751.221633421108,0.0,0.0,0.0,0.0,0.0,0.0,3
2022-12-02,680709.1968976235,679946.8667080343,-0.0011199058174379273,485102.5318090355,194844.3348989988,0.0,19988.891443831988,0.0,0.0,0.0,0.0,0.0,0.0,3
2022-12-05,679946.8667080343,680286.8561831242,0.000500023592631571,524293.9842445032,155992.87193862093,2128.5326403645595,18200.34827855728,0.0,39232.105763494605,0.0,40.65332802688297,40.65332802688297,0.05769878160250523,2
2022-12-06,680286.8561831242,682670.7811167637,0.003504293684306825,524293.9842445032,158376.79687226043,0.0,20584.27321219679,0.0,0.0,0.0,0.0,0.0,0.0,2
2022-12-07,682670.7811167637,683098.0919617902,0.0006259398480883416,524293.9842445032,158804.10771728697,0.0,21011.584057223332,0.0,0.0,0.0,0.0,0.0,0.0,2
2022-12-08,683098.0919617902,683213.3135743836,0.00016867506138473765,524293.9842445032,158919.32932988033,0.0,21126.805669816695,0.0,0.0,0.0,0.0,0.0,0.0,2
2022-12-09,683213.3135743836,682169.7507186361,-0.0015274334311313753,647326.4149201069,34843.33579852916,17207.14519420397,2876.0976198652097,0.0,123160.05232398314,0.0,127.62164837947175,127.62164837947175,0.18026588457365345,1
2022-12-12,682169.7507186361,683793.281251702,0.0023799509306232647,647326.4149201069,36466.86633159514,0.0,4499.628152931193,0.0,0.0,0.0,0.0,0.0,0.0,1
2022-12-13,683793.281251702,686353.4511869964,0.0037440700362074697,647326.4149201069,39027.036266889554,0.0,7059.798088225605,0.0,0.0,0.0,0.0,0.0,0.0,1
2022-12-14,686353.4511869964,686541.7380036814,0.0002743292342441972,686541.7380036813,0.0,7248.084904910556,0.0,0.0,39256.00117264563,0.0,40.67808907112589,40.67808907112589,0.057195022629747606,0
2022-12-15,686541.7380036814,686541.7380036814,0.0,686541.7380036813,0.0,0.0,0.0,0.0,0.0,0.0,0.0,0.0,0.0,0
2022-12-16,686541.7380036814,686541.7380036814,0.0,686541.7380036813,0.0,0.0,0.0,0.0,0.0,0.0,0.0,0.0,0.0,0
2022-12-19,686541.7380036814,686541.7380036814,0.0,686541.7380036813,0.0,0.0,0.0,0.0,0.0,0.0,0.0,0.0,0.0,0
2022-12-20,686541.7380036814,686541.7380036814,0.0,686541.7380036813,0.0,0.0,0.0,0.0,0.0,0.0,0.0,0.0,0.0,0
2022-12-21,686541.7380036814,686541.7380036814,0.0,686541.7380036813,0.0,0.0,0.0,0.0,0.0,0.0,0.0,0.0,0.0,0
2022-12-22,686541.7380036814,685727.3443439764,-0.001186225999999846,0.0,685727.3443439764,0.0,-814.3936597051652,686541.7380036814,0.0,814.393659705155,0.0,814.393659705155,1.0,15
2022-12-23,685727.3443439764,636681.6542876579,-0.0715236025817807,464600.2660165095,172081.3882711485,-38863.67518619018,-10996.408529833236,0.0,465082.1962804324,0.0,481.93026392288743,481.93026392288743,0.6782319534382409,4
2022-12-27,636681.6542876579,644493.5921136895,0.01226977057281764,0.0,644493.5921136895,655.3701609999916,-3839.8408648017503,511025.0853777549,46472.975867136316,606.1912429273127,48.156505890899204,654.3477488182119,0.8756307920771484,15
2022-12-28,644493.5921136895,641082.5521572082,-0.005292589403867343,402804.2410399642,238278.31111724404,-6015.827262239742,-1235.053559043241,0.0,403222.07023291336,0.0,417.8291929491709,417.8291929491709,0.6256417056227062,6
2022-12-29,641082.5521572082,641847.9965003124,0.0011939871714312655,402804.2410399642,239043.75546034818,0.0,-469.60921593909734,0.0,0.0,0.0,0.0,0.0,0.0,6
2022-12-30,641847.9965003124,642541.2402701055,0.0010800746805679218,402804.2410399642,239736.9992301413,0.0,223.63455385401176,0.0,0.0,0.0,0.0,0.0,0.0,6
2023-01-02,642541.2402701055,642646.3050890829,0.00016351451454421628,450468.1517759814,192178.15331310144,1894.4615357718285,-1565.762162940402,0.0,47713.3525524793,0.0,49.441816462045416,49.441816462045416,0.07425726095405488,5
2023-01-03,642646.3050890829,645995.0963658202,0.005210939906163503,450468.1517759814,195526.94458983865,0.0,1783.0291137968015,0.0,0.0,0.0,0.0,0.0,0.0,5
2023-01-04,645995.0963658202,644062.6287981095,-0.002991458570788197,450468.1517759814,193594.47702212806,0.0,-149.43845391378272,0.0,0.0,0.0,0.0,0.0,0.0,5
2023-01-05,644062.6287981095,646742.2875974511,0.004160556255751402,450468.1517759814,196274.13582146968,0.0,2530.220345427835,0.0,0.0,0.0,0.0,0.0,0.0,5
2023-01-06,646742.2875974511,645305.1160630357,-0.0022221703481835053,450468.1517759814,194836.96428705423,0.0,1093.0488110123988,0.0,0.0,0.0,0.0,0.0,0.0,5
2023-01-09,645305.1160630357,645714.3021971015,0.0006340971485896407,495316.9113826103,150397.39081449117,-920.6895936165529,2422.9245386947514,0.0,44895.28126435231,0.0,46.52165772343473,46.52165772343473,0.0695721762416134,4
2023-01-10,645714.3021971015,642380.92799817,-0.005162305043560855,529703.7945801001,112677.13341806983,318.5441723061376,-1228.9938325429248,0.0,34422.55274162704,0.0,35.66954413724522,35.66954413724522,0.05330926173464206,3
2023-01-11,642380.92799817,643333.7872977817,0.0014833243922434125,529703.7945801001,113629.99271768154,0.0,-276.1345329312171,0.0,0.0,0.0,0.0,0.0,0.0,3
2023-01-12,643333.7872977817,642243.4833905009,-0.0016947717169658594,529703.7945801001,112539.68881040078,0.0,-1366.4384402119686,0.0,0.0,0.0,0.0,0.0,0.0,3
2023-01-13,642243.4833905009,642430.7756002556,0.00029162181415354205,529703.7945801001,112726.98102015542,0.0,-1179.1462304573215,0.0,0.0,0.0,0.0,0.0,0.0,3
2023-01-16,642430.7756002556,644435.3772656643,0.003120338784417198,0.0,644435.3772656643,348.17831334668153,477.2771216046676,564120.3119186305,34452.21762218811,669.1741811259894,35.70028365776949,704.874464783759,0.9317307829494033,15
2023-01-17,644435.3772656643,637813.4681343776,-0.010275520812316974,445725.374436057,192088.09369832065,-5570.87509884742,-573.7569108345269,0.0,446187.7257583687,0.0,462.35132231169126,462.35132231169126,0.6923700055877452,5
2023-01-18,637813.4681343776,638145.4543363681,0.0005205067289681953,445725.374436057,192420.07990031116,0.0,-241.7707088440293,0.0,0.0,0.0,0.0,0.0,0.0,5
2023-01-19,638145.4543363681,639434.9466250988,0.0020206871019268213,445725.374436057,193709.57218904182,0.0,1047.7215798866164,0.0,0.0,0.0,0.0,0.0,0.0,5
2023-01-20,639434.9466250988,635906.7495065486,-0.005517679534363551,445725.374436057,190181.37507049172,0.0,-2480.4755386634642,0.0,0.0,0.0,0.0,0.0,0.0,5
2023-01-23,635906.7495065486,634227.0901022712,-0.002641361183193691,482684.0580242722,151543.03207799903,-649.337206360171,-3510.7977365807965,0.0,36997.02086315614,0.0,38.33727494094483,38.33727494094483,0.058179946811171786,4
2023-01-24,634227.0901022712,630479.5730236222,-0.005908793769822562,0.0,630479.5730236222,0.0,-7258.314815229842,482684.05802427215,0.0,572.5723794139003,0.0,572.5723794139003,0.7610587210118032,15
2023-01-25,630479.5730236222,617456.9003391672,-0.02065518573742442,438239.6045376438,179217.29580152343,-12265.51628501026,-8015.471214674548,0.0,438694.19086426625,0.0,454.5863266225151,454.5863266225151,0.6958103158844604,5
2023-01-27,617456.9003391672,611027.0201635741,-0.010413488248428582,469447.6762837017,141579.34387987244,-970.8654555602407,-13474.48593470739,0.0,31240.443906285138,0.0,32.372160227234225,32.372160227234225,0.05059534339825963,4
2023-01-30,611027.0201635741,610070.7368487853,-0.0015650425975153315,0.0,610070.7368487853,-13706.228009950573,-724.5412395456224,610795.278088331,141494.22179610413,724.5412395456085,146.61999147488982,871.1612310204982,1.231188597327569,12
2023-01-31,610070.7368487853,606614.4956164472,-0.005665312272132184,404549.55817564216,202064.93744080508,-2647.293883245162,-1533.4885886385673,0.0,404969.1977875887,0.0,419.63961194664193,419.63961194664193,0.6638069543859568,4
2023-02-01,606614.4956164472,606746.920725083,0.00021830191924654407,464498.4812184177,142248.43950666534,-484.6563955727397,-916.4070844300222,0.0,60011.10811329133,0.0,62.18507051580343,62.18507051580343,0.09892791640646091,3
2023-02-02,606746.920725083,608730.068189042,0.0032684920124343986,513518.74992328894,95211.31826575314,1298.6531745060784,-231.9127949771064,0.0,49071.11747264541,0.0,50.84876777420946,50.84876777420946,0.08087575856833978,2
2023-02-03,608730.068189042,609522.7465736539,0.001302183719904093,513518.74992328894,96003.996650365,0.0,560.7655896347569,0.0,0.0,0.0,0.0,0.0,0.0,2
2023-02-06,609522.7465736539,608570.7942462384,-0.0015617995107922722,0.0,608570.7942462384,-955.9916621199882,564.8049243393689,560284.373791534,46814.13389095042,664.6238915852364,48.51002270528399,713.1339142905204,0.9960227261331968,9
2023-02-07,608570.7942462384,602997.0063749327,-0.009158815907702733,430802.03990416264,172194.96647076998,-4974.695267030438,-34.2876799360165,0.0,431248.91123845964,0.0,446.8713342969841,446.8713342969841,0.7086257101322032,3
2023-02-08,602997.0063749327,604406.7543095727,0.0023379020455094324,430802.03990416264,173604.71440541002,0.0,1375.4602547040122,0.0,0.0,0.0,0.0,0.0,0.0,3
2023-02-09,604406.7543095727,605189.6384169755,0.0012952934457144405,430802.03990416264,174387.59851281287,0.0,2158.3443621068654,0.0,0.0,0.0,0.0,0.0,0.0,3
2023-02-10,605189.6384169755,603058.7042004366,-0.003521101620498457,430802.03990416264,172256.66429627387,0.0,27.410145567868312,0.0,0.0,0.0,0.0,0.0,0.0,3
2023-02-13,603058.7042004366,602615.970744617,-0.0007341465312344919,478306.68032787216,124309.29041674477,-216.9751066555982,-198.34820359612058,0.0,47553.917028936754,0.0,49.276605227227016,49.276605227227016,0.07885454052435237,2
2023-02-14,602615.970744617,602126.3159976476,-0.0008125485727907833,478306.68032787216,123819.63566977535,0.0,-688.0029505655402,0.0,0.0,0.0,0.0,0.0,0.0,2
2023-02-15,602126.3159976476,601927.0042457167,-0.0003310131888201173,540198.9772335337,61728.02701218294,-361.522404508818,-525.7922979875075,0.0,61956.49783959195,0.0,64.200933930329,64.200933930329,0.10289618007633138,1
2023-02-16,601927.0042457167,603122.7726585446,0.0019865671491616776,540198.9772335337,62923.7954250108,0.0,669.9761148403559,0.0,0.0,0.0,0.0,0.0,0.0,1
2023-02-17,603122.7726585446,602520.1887532894,-0.0009991065377933372,540198.9772335337,62321.21151975554,0.0,67.39220958509395,0.0,0.0,0.0,0.0,0.0,0.0,1
2023-02-20,602520.1887532894,602407.2046447578,-0.00018751920788806498,540198.9772335337,62208.22741122396,0.0,-45.591898946484434,0.0,0.0,0.0,0.0,0.0,0.0,1
2023-02-21,602407.2046447578,602200.0531608418,-0.00034387285264647627,540198.9772335337,62001.07592730798,0.0,-252.74338286246348,0.0,0.0,0.0,0.0,0.0,0.0,1
2023-02-22,602200.0531608418,601446.2650010819,-0.0012517238346351212,0.0,601446.2650010819,0.0,-1006.531542622477,540198.9772335339,0.0,640.798071967826,0.0,640.798071967826,0.8970423937994106,9
2023-02-23,601446.2650010819,598822.2543740014,-0.004362834686612804,416324.3276889222,182497.92668507923,-3830.4323816042015,199.89021190127096,0.0,416756.1812796248,0.0,431.85359070266054,431.85359070266054,0.6929233840680267,3
2023-02-24,598822.2543740014,596463.099032193,-0.003939658762807108,416324.3276889222,180138.77134327084,0.0,-2159.2651299071294,0.0,0.0,0.0,0.0,0.0,0.0,3
2023-02-27,596463.099032193,593993.9388668516,-0.004139669611326724,416324.3276889222,177669.61117792953,0.0,-4628.425295248446,0.0,0.0,0.0,0.0,0.0,0.0,3
2023-02-28,593993.9388668516,592548.6380949714,-0.002433191110733146,474422.5645962349,118126.0734987365,-1923.8716741910757,-4149.854392937712,0.0,58158.50225947502,0.0,60.265352162326764,60.265352162326764,0.09791093553988554,2
2023-03-01,592548.6380949714,593399.2076237609,0.0014354425512208557,474422.5645962349,118976.643027526,0.0,-3299.284864148205,0.0,0.0,0.0,0.0,0.0,0.0,2
2023-03-02,593399.2076237609,592481.1531281677,-0.0015471110911480235,474422.5645962349,118058.58853193291,0.0,-4217.339359741301,0.0,0.0,0.0,0.0,0.0,0.0,2
2023-03-03,592481.1531281677,594314.1699436341,0.0030937976774254583,474422.5645962349,119891.60534739918,0.0,-2384.3225442750336,0.0,0.0,0.0,0.0,0.0,0.0,2
2023-03-06,594314.1699436341,595466.0431446256,0.0019381553717636724,474422.5645962349,121043.47854839073,0.0,-1232.4493432834788,0.0,0.0,0.0,0.0,0.0,0.0,2
2023-03-08,595466.0431446256,596641.471972236,0.001973964495780356,474422.5645962349,122218.90737600108,0.0,-57.02051567313174,0.0,0.0,0.0,0.0,0.0,0.0,2
2023-03-09,596641.471972236,594342.3484476905,-0.003853442364550319,533528.268221691,60814.080225999474,-3148.1156847143357,791.9716444957085,0.0,59167.01402372986,0.0,61.3103982737535,61.3103982737535,0.09916678072704127,1
2023-03-10,594342.3484476905,594420.8106537301,0.00013201516978300631,533528.268221691,60892.54243203904,0.0,870.4338505352716,0.0,0.0,0.0,0.0,0.0,0.0,1
2023-03-13,594420.8106537301,593738.1272756229,-0.0011484849888689919,533528.268221691,60209.85905393198,0.0,187.75047242821165,0.0,0.0,0.0,0.0,0.0,0.0,1
2023-03-14,593738.1272756229,593118.2170854061,-0.001044080145334969,533528.268221691,59589.94886371507,0.0,-432.15971778869425,0.0,0.0,0.0,0.0,0.0,0.0,1
2023-03-15,593118.2170854061,593071.1329156653,-7.938412340824375e-05,533528.268221691,59542.86469397432,0.0,-479.2438875294465,0.0,0.0,0.0,0.0,0.0,0.0,1
2023-03-16,593071.1329156653,593392.8604794833,0.0005424771936484163,533528.268221691,59864.59225779234,0.0,-157.51632371142477,0.0,0.0,0.0,0.0,0.0,0.0,1
2023-03-17,593392.8604794833,592466.9174486953,-0.0015604215899055474,533528.268221691,58938.64922700433,0.0,-1083.459354499435,0.0,0.0,0.0,0.0,0.0,0.0,1
2023-03-20,592466.9174486953,592344.0737675868,-0.00020734268444466686,0.0,592344.0737675868,0.0,-1206.303035607998,533528.268221691,0.0,632.8851034995437,0.0,632.8851034995437,0.9005199320144183,6
2023-03-21,592344.0737675868,580286.105082937,-0.02035635911397815,434007.7519341067,146278.3531488303,-10599.13825063585,-2665.1334696219565,0.0,434457.9485563074,0.0,450.1966222007082,450.1966222007082,0.7334553814186923,2
2023-03-22,580286.105082937,579699.8803682525,-0.0010102339338294852,0.0,579699.8803682525,0.0,-3251.3581843065185,434007.7519341067,0.0,514.8312795457877,0.0,514.8312795457877,0.7479202898923047,6
2023-03-23,579699.8803682525,578066.4618651748,-0.0028176968089764776,432654.2298659468,145412.23199922792,-1353.522068159873,-3531.2546192243535,0.0,433103.02247851767,0.0,448.7926125708245,448.7926125708245,0.7471159424828419,2
2023-03-24,578066.4618651748,576623.0972705123,-0.0024968834725429545,432654.2298659468,143968.8674045655,0.0,-4974.6192138867555,0.0,0.0,0.0,0.0,0.0,0.0,2
2023-03-27,576623.0972705123,576137.4430725639,-0.000842238544115359,0.0,576137.4430725639,-4493.199302862195,-967.0741089731091,517082.40860003314,84515.75615802691,613.376597223983,87.5774239406076,700.9540211645906,1.0433126380225994,3
2023-03-28,576137.4430725639,576384.4374504391,0.00042870738717826207,516786.64407764934,59597.793372789776,-295.76452238377533,-424.3152087139897,0.0,517322.707317362,0.0,536.0632397126408,536.0632397126408,0.8979154428124988,1
2023-03-29,576384.4374504391,576855.2563274566,0.0008168486975466127,516786.64407764934,60068.61224980724,0.0,46.50366830347048,0.0,0.0,0.0,0.0,0.0,0.0,1
2023-03-31,576855.2563274566,576972.9524890647,0.0002040306650881174,516786.64407764934,60186.30841141534,0.0,164.19982991157303,0.0,0.0,0.0,0.0,0.0,0.0,1
2023-04-03,576972.9524890647,576251.0351553891,-0.0012512152095885964,516786.64407764934,59464.39107773974,0.0,-557.7175037640263,0.0,0.0,0.0,0.0,0.0,0.0,1
2023-04-05,576251.0351553891,577428.0880530302,0.0020426043960575235,516786.64407764934,60641.4439753809,0.0,619.3353938771324,0.0,0.0,0.0,0.0,0.0,0.0,1
2023-04-06,577428.0880530302,577577.1793662297,0.0002581989277699037,516786.64407764934,60790.535288580344,0.0,768.4267070765782,0.0,0.0,0.0,0.0,0.0,0.0,1
2023-04-10,577577.1793662297,577765.5046349977,0.00032606078546004724,516786.64407764934,60978.86055734832,0.0,956.751975844556,0.0,0.0,0.0,0.0,0.0,0.0,1
2023-04-11,577765.5046349977,578321.6815648089,0.0009626343652389124,0.0,578321.6815648089,0.0,1512.9289056558555,516786.64407764934,0.0,613.0257536576537,0.0,613.0257536576537,0.8944574224868762,6
2023-04-12,578321.6815648089,581145.8812769743,0.004883440829200447,432922.35530252533,148223.52597444906,2266.818571150856,2070.3100466704054,0.0,433371.4260418469,0.0,449.0707393216389,449.0707393216389,0.74936050273827,2
2023-04-13,581145.8812769743,581256.4835342008,0.00019031754468157303,432922.35530252533,148334.12823167557,0.0,2180.9123038969046,0.0,0.0,0.0,0.0,0.0,0.0,2
2023-04-17,581256.4835342008,581979.3512070102,0.0012436294360351763,432922.35530252533,149056.99590448494,0.0,2903.7799767062897,0.0,0.0,0.0,0.0,0.0,0.0,2
2023-04-18,581979.3512070102,583586.8975762249,0.0027622051639473177,0.0,583586.8975762249,2611.833658504387,1899.4926874164885,521665.2963073047,88834.99413541224,618.8129377774287,92.05313063296168,710.8660684103904,1.0490067889463002,12
2023-04-19,583586.8975762249,591498.0461711424,0.013556076443412834,417115.4740592552,174382.57211188716,3680.7665775819623,6129.874704752096,0.0,417548.1483067826,0.0,432.6742475273441,432.6742475273441,0.7154858171781432,4
2023-04-20,591498.0461711424,591751.3103813543,0.00042817421266461153,417115.4740592552,174635.836322099,0.0,6383.138914963914,0.0,0.0,0.0,0.0,0.0,0.0,4
2023-04-21,591751.3103813543,593244.2057293993,0.0025228424878060984,417115.4740592552,176128.7316701441,0.0,7876.034263009031,0.0,0.0,0.0,0.0,0.0,0.0,4
2023-04-24,593244.2057293993,592867.7106787796,-0.000634637552265338,0.0,592867.7106787796,0.0,7499.539212389391,417115.4740592552,0.0,494.7932203314141,0.0,494.7932203314141,0.703109225561517,12
2023-04-25,592867.7106787796,592944.3818600946,0.00012932257893960575,416264.2963658911,176680.0854942035,-851.177693364094,8427.388087068386,0.0,416696.08768604975,0.0,431.79132015856453,431.79132015856453,0.7028483423544363,4
2023-04-26,592944.3818600946,593641.2658316074,0.0011752939952422992,453295.0306818766,140346.23514973078,953.8713741083338,8170.400684472799,0.0,37069.14632920957,0.0,38.41201322413152,38.41201322413152,0.06251707152182116,3
2023-04-27,593641.2658316074,596289.2126534849,0.0044605167704574455,453295.0306818766,142994.1819716084,0.0,10818.347506350408,0.0,0.0,0.0,0.0,0.0,0.0,3
2023-04-28,596289.2126534849,599073.5575959012,0.004669453820950409,453295.0306818766,145778.5269140247,0.0,13602.69244876672,0.0,0.0,0.0,0.0,0.0,0.0,3
2023-05-02,599073.5575959012,596536.2095484552,-0.004235453251564714,0.0,596536.2095484551,5103.815880315728,5961.528521004875,530552.5724459464,77337.68107998473,629.3552558022654,80.13931591478827,709.4945717170535,1.0147172176408714,15
2023-05-03,596536.2095484552,594020.451453257,-0.004217276428370553,422555.3361373823,171465.11531587478,-1886.7218193748995,5332.492245181704,0.0,422993.65315862023,0.0,438.3170212379444,438.3170212379444,0.7090829464967482,4
2023-05-04,594020.451453257,594183.569270239,0.0002745996650164173,422555.3361373823,171628.2331328567,0.0,5495.610062163607,0.0,0.0,0.0,0.0,0.0,0.0,4
2023-05-05,594183.569270239,592679.5148054473,-0.0025312959539405266,490528.04260602745,102151.47219941986,-2767.6365241477397,6759.192121519671,0.0,68043.21461675459,0.0,70.50814810946116,70.50814810946116,0.11451547658970698,2
2023-05-08,592679.5148054473,593495.5520350697,0.0013768608653366154,490528.04260602745,102967.50942904223,0.0,7575.229351142036,0.0,0.0,0.0,0.0,0.0,0.0,2
2023-05-09,593495.5520350697,591417.4365529013,-0.0035014845099388126,490528.04260602745,100889.39394687388,0.0,5497.113868973684,0.0,0.0,0.0,0.0,0.0,0.0,2
2023-05-10,591417.4365529013,591412.9225055798,-7.632590861450517e-06,490528.04260602745,100884.87989955232,0.0,5492.599821652133,0.0,0.0,0.0,0.0,0.0,0.0,2
2023-05-11,591412.9225055798,590491.5476707455,-0.0015579213773867506,490528.04260602745,99963.50506471813,0.0,4571.224986817928,0.0,0.0,0.0,0.0,0.0,0.0,2
2023-05-12,590491.5476707455,590509.7156671304,3.0767580766477565e-05,490528.04260602745,99981.67306110307,0.0,4589.392983202859,0.0,0.0,0.0,0.0,0.0,0.0,2
2023-05-15,590509.7156671304,592344.952227096,0.0031078854611090723,0.0,592344.9522270958,-68.25432470189116,6492.883867870303,525829.9597777218,35338.53588137676,623.7531698672879,36.61870968221552,660.3718795495033,0.9503120452897484,15
2023-05-16,592344.952227096,595050.1062706893,0.004566855906212197,422044.24809683143,173005.85817385788,1380.2802746539019,7817.757636809743,0.0,422482.0349659961,0.0,437.7868691646743,437.7868691646743,0.7132364906251839,4
2023-05-17,595050.1062706893,595357.9436525432,0.0005173301854919377,422044.24809683143,173313.6955557118,0.0,8125.595018663684,0.0,0.0,0.0,0.0,0.0,0.0,4
2023-05-18,595357.9436525432,593875.571184469,-0.0024898844197488446,422044.24809683143,171831.3230876376,0.0,6643.222550589446,0.0,0.0,0.0,0.0,0.0,0.0,4
2023-05-19,593875.571184469,592240.668645242,-0.002752937851890902,422044.24809683143,170196.42054841053,0.0,5008.32001136239,0.0,0.0,0.0,0.0,0.0,0.0,4
2023-05-22,592240.668645242,592824.678730899,0.000986102637957842,455819.3622742202,137005.31645667876,-1280.2164744593538,6872.546571478742,0.0,33810.14913298425,0.0,35.034955595475736,35.034955595475736,0.057088529922008545,3
2023-05-23,592824.678730899,593687.3717871712,0.001455224600499072,0.0,593687.3717871713,0.0,7735.239627751078,455819.3622742201,0.0,540.704778833099,0.0,540.704778833099,0.7688940400558633,15
2023-05-24,593687.3717871712,591970.2138763441,-0.0028923605123315488,422397.153592536,169573.06028380812,-3034.251196736157,9052.332913660088,0.0,422835.3065308813,0.0,438.152938345269,438.152938345269,0.7122187983517729,4
2023-05-25,591970.2138763441,594946.4218609633,0.005027631314640679,452659.9723265831,142286.44953438017,-125.13875090090369,12153.679649180165,0.0,30294.21038249492,0.0,31.39164844781118,31.39164844781118,0.051175227523902134,3
2023-05-26,594946.4218609633,596628.4626099432,0.002827213824933228,452659.9723265831,143968.49028336012,0.0,13835.720398160083,0.0,0.0,0.0,0.0,0.0,0.0,3
2023-05-29,596628.4626099432,597095.5133153814,0.000782816668509323,0.0,597095.5133153814,0.0,14302.771103598243,452659.9723265831,0.0,536.9570283330734,0.0,536.9570283330734,0.7586965770061121,15
2023-05-30,597095.5133153814,594339.3035971401,-0.004616028184397769,388361.9697401541,205977.33385698605,-3943.3396095512726,15489.900994908287,0.0,388764.8179524016,0.0,402.84821224754523,402.84821224754523,0.651093182385142,5
2023-05-31,594339.3035971401,594367.9839054993,4.825578282585674e-05,388361.9697401541,206006.01416534532,0.0,15518.58130326755,0.0,0.0,0.0,0.0,0.0,0.0,5
2023-06-01,594367.9839054993,595294.409832886,0.001558674007471339,388361.9697401541,206932.44009273185,0.0,16445.00723065411,0.0,0.0,0.0,0.0,0.0,0.0,5
2023-06-02,595294.409832886,596580.3171953411,0.0021601200031697854,388361.9697401541,208218.34745518703,0.0,17730.914593109275,0.0,0.0,0.0,0.0,0.0,0.0,5
2023-06-05,596580.3171953411,595521.4007577993,-0.0017749771606948572,0.0,595521.4007577993,-340.75988895512637,17012.758044522587,418198.5413396377,29867.521101404567,496.07798289915314,30.949501920824048,527.0274848199772,0.7510574008668306,15
2023-06-06,595521.4007577993,596686.906554345,0.00195711824136402,361381.39164500614,235305.51490933885,-1057.3441826799426,19235.60802374825,0.0,361756.2528799029,0.0,374.86123489673025,374.86123489673025,0.6074613816053782,6
2023-06-07,596686.906554345,598858.6562207825,0.0036396804464482457,361381.39164500614,237477.2645757764,0.0,21407.35769018582,0.0,0.0,0.0,0.0,0.0,0.0,6
2023-06-08,598858.6562207825,596623.4546659817,-0.0037324359121841955,361381.39164500614,235242.0630209755,0.0,19172.15613538493,0.0,0.0,0.0,0.0,0.0,0.0,6
2023-06-09,596623.4546659817,596006.673826276,-0.0010337857737272582,361381.39164500614,234625.28218126984,0.0,18555.375295679245,0.0,0.0,0.0,0.0,0.0,0.0,6
2023-06-12,596006.673826276,596193.8916700502,0.00031412038152578425,0.0,596193.8916700502,3672.571511426606,15070.021628026796,400109.29380828096,38768.07465019721,474.6200471570219,40.17248692247526,514.7925340794972,0.7363631780177048,15
2023-06-13,596193.8916700502,606426.8928587777,0.017163881300532813,378542.7420059762,227884.15085280148,5107.401118247304,20195.621698506948,0.0,378935.4047246723,0.0,392.66271869622835,392.66271869622835,0.6355908874933348,6
2023-06-14,606426.8928587777,605954.1096849714,-0.000779621054695534,378542.7420059762,227411.36767899524,0.0,19722.838524700706,0.0,0.0,0.0,0.0,0.0,0.0,6
2023-06-15,605954.1096849714,607298.8620737725,0.0022192314026885374,409398.721255273,197900.1408184996,678.6477608578825,20388.94315264394,0.0,30887.986183667912,0.0,32.00693437115747,32.00693437115747,0.050974134327971175,5
2023-06-16,607298.8620737725,609387.7500634043,0.003439637582225652,409398.721255273,199989.02880813135,0.0,22477.83114227569,0.0,0.0,0.0,0.0,0.0,0.0,5
2023-06-19,609387.7500634043,608046.7799860421,-0.0022005202389163703,0.0,608046.779986042,3462.1943005642606,17674.666764349153,439534.86847638927,30167.407473092535,521.3876888932734,31.260251976212786,552.6479408694861,0.7707773513671897,15
2023-06-20,608046.7799860421,608372.8567945814,0.0005362692793913215,380537.44947689376,227835.40731768758,-392.76986931023566,18393.51344219875,0.0,380932.1813074012,0.0,394.73183050744314,394.73183050744314,0.6264849907044088,6
2023-06-21,608372.8567945814,608448.6657185135,0.0001246093133273618,380537.44947689376,227911.21624161978,0.0,18469.32236613095,0.0,0.0,0.0,0.0,0.0,0.0,6
2023-06-22,608448.6657185135,606154.4544476615,-0.0037705913417408476,0.0,606154.4544476615,-991.6172193811071,17166.72831466005,408848.1568226053,28340.07406730197,484.98631367505175,29.366721590464053,514.3530352655157,0.7185293608518873,15
2023-06-23,606154.4544476615,598756.6358371733,-0.012204510840771121,365452.61171117576,233304.02412599762,-8589.479364399449,18358.38906857133,0.0,365831.6960262222,0.0,379.0843150464681,379.0843150464681,0.603528842099452,6
2023-06-26,598756.6358371733,598749.7614072992,-1.148117525995307e-05,0.0,598749.7614072992,4124.666778219766,14226.847860477392,454639.40856643976,89279.31039796054,539.3050870661336,92.51354269643704,631.8186297625708,0.9084136799651504,15
2023-06-27,598749.7614072992,602627.1033375767,0.0064757302302120845,396242.8518285058,206384.25150907095,2222.0310709246332,15882.158719830328,0.0,396653.87488666415,0.0,411.02305815830846,411.02305815830846,0.662470201164457,5
2023-06-28,602627.1033375767,605883.9333766811,0.005404386926951554,396242.8518285058,209641.0815481753,0.0,19138.98875893471,0.0,0.0,0.0,0.0,0.0,0.0,5
2023-06-30,605883.9333766811,605366.8041921299,-0.0008535119617203435,430908.28185905755,174458.5223330723,-140.6357164783185,18762.49529086174,0.0,34701.38851156355,0.0,35.958481011783455,35.958481011783455,0.05727398697992792,4
2023-07-03,605366.8041921299,607225.67949704,0.0030706594614000604,0.0,607225.67949704,3989.633371361382,16631.737224410466,500262.5397866964,69426.19916028989,593.424431521014,71.94123265107055,665.3656641720845,0.9410637236827737,15
2023-07-04,607225.67949704,605828.8319672773,-0.002300376247130531,363770.54880054283,242058.28316673456,-585.9791955553592,15820.868890203197,0.0,364147.888310255,0.0,377.3395097121823,377.3395097121823,0.5996911866637058,6
2023-07-05,605828.8319672773,610244.2449492549,0.007288218633701549,363770.54880054283,246473.69614871213,0.0,20236.28187218079,0.0,0.0,0.0,0.0,0.0,0.0,6
2023-07-06,610244.2449492549,612625.5374455268,0.0039021957453608813,395015.3390517894,217610.1983937374,396.62211294601,22220.952255506607,0.0,31277.200499611467,0.0,32.41024836491039,32.41024836491039,0.05125357716763447,5
2023-07-07,612625.5374455268,611607.8644611228,-0.0016611664421425365,395015.3390517894,216592.5254093334,0.0,21203.279271102583,0.0,0.0,0.0,0.0,0.0,0.0,5
2023-07-10,611607.8644611228,610132.0647508029,-0.0024129835407203926,0.0,610132.0647508029,3594.939202357058,16132.54035842574,428919.5721585757,33939.4019975607,508.7955484033786,35.16889077432433,543.964439177703,0.756790422510269,15
2023-07-11,610132.0647508029,612091.7037275886,0.003211827553410318,400251.6746650536,211840.029062535,-73.2593496170739,18165.438684828445,0.0,400666.8560786606,0.0,415.18141360696615,415.18141360696615,0.6566887387606902,5
2023-07-12,612091.7037275886,612087.7273192938,-6.496425732693822e-06,428156.57960456377,183931.14771472994,-689.7332043948736,18851.195480928433,0.0,27933.850721908337,0.0,28.94578239816019,28.94578239816019,0.045636708603945225,4
2023-07-13,612087.7273192938,611390.4381687957,-0.0011391980583436156,428156.57960456377,183233.85856423184,0.0,18153.906330430375,0.0,0.0,0.0,0.0,0.0,0.0,4
2023-07-14,611390.4381687957,613472.7203603161,0.00340581412715113,428156.57960456377,185316.14075575228,0.0,20236.188521950797,0.0,0.0,0.0,0.0,0.0,0.0,4
2023-07-17,613472.7203603161,612274.4121460031,-0.001953319478670834,428156.57960456377,184117.83254143925,0.0,19037.88030763775,0.0,0.0,0.0,0.0,0.0,0.0,4
2023-07-18,612274.4121460031,613677.3513591534,0.0022913569231695075,428156.57960456377,185520.77175458954,0.0,20440.81952078807,0.0,0.0,0.0,0.0,0.0,0.0,4
2023-07-19,613677.3513591534,614754.4392347327,0.0017551370817152634,428156.57960456377,186597.8596301688,0.0,21517.907396367278,0.0,0.0,0.0,0.0,0.0,0.0,4
2023-07-20,614754.4392347327,619152.6882624538,0.007154481118015532,428156.57960456377,190996.10865789,0.0,25916.156424088495,0.0,0.0,0.0,0.0,0.0,0.0,4
2023-07-21,619152.6882624538,619888.9891484469,0.0011892072827131006,428156.57960456377,191732.40954388308,0.0,26652.45731008159,0.0,0.0,0.0,0.0,0.0,0.0,4
2023-07-24,619888.9891484469,618107.1944648882,-0.0028743770493592224,0.0,618107.1944648882,0.0,24870.662626522935,428156.57960456377,0.0,507.8904667980032,0.0,507.8904667980032,0.6906987978488381,15
2023-07-25,618107.1944648882,613828.6146189794,-0.006922067699944634,396194.65570555377,217633.95891342557,-3418.151925372469,24010.234705986455,0.0,396605.6287698314,0.0,410.97306427764727,410.97306427764727,0.6416453850099308,5
2023-07-26,613828.6146189794,617177.0508093196,0.00545500178811098,396194.65570555377,220982.39510376577,0.0,27358.670896326654,0.0,0.0,0.0,0.0,0.0,0.0,5
2023-07-27,617177.0508093196,619944.8573006542,0.004484623152635203,442579.3667486475,177365.49055200667,3023.203667397065,27103.27372026422,0.0,46432.825944590964,0.0,48.11490149725972,48.11490149725972,0.07523420691631752,4
2023-07-28,619944.8573006542,620262.5842275681,0.0005125083677561815,442579.3667486475,177683.21747892068,0.0,27421.00064717823,0.0,0.0,0.0,0.0,0.0,0.0,4
2023-07-31,620262.5842275681,618422.3204687387,-0.002966910798143929,517230.32212001795,101191.99834872066,14628.84678986673,10951.890098481992,0.0,74728.3908729312,0.0,77.43550156069402,77.43550156069402,0.12047863723070244,3
2023-08-01,618422.3204687387,617430.0598395355,-0.0016045032599261155,517230.32212001795,100199.73771951756,0.0,9959.629469278887,0.0,0.0,0.0,0.0,0.0,0.0,3
2023-08-02,617430.0598395355,616424.5886204444,-0.0016284779191871879,517230.32212001795,99194.2665004265,0.0,8954.15825018783,0.0,0.0,0.0,0.0,0.0,0.0,3
2023-08-03,616424.5886204444,616450.3351607607,4.1767542683368575e-05,517230.32212001795,99220.01304074268,0.0,8979.904790504002,0.0,0.0,0.0,0.0,0.0,0.0,3
2023-08-04,616450.3351607607,616342.994288091,-0.00017412736525113104,544105.2646219074,72237.72966618364,-1668.8294717482313,10541.393389582547,0.0,26902.81990334652,0.0,27.87740145716515,27.87740145716515,0.0436415042200126,2
2023-08-07,616342.994288091,617394.9133960006,0.001706710577808579,0.0,617394.9133960005,0.0,11593.312497492232,544105.2646219073,0.0,645.4318116313864,0.0,645.4318116313864,0.8827962184438842,15
2023-08-08,617394.9133960006,619984.8045516704,0.00419486960367732,435261.3251930744,184723.47935859603,-22.886504451438668,14206.090157613515,0.0,435712.8221479174,0.0,451.4969548430479,451.4969548430479,0.7057279104410903,5
2023-08-09,619984.8045516704,619945.2389571505,-6.381703911040315e-05,435261.3251930744,184683.91376407613,0.0,14166.524563093568,0.0,0.0,0.0,0.0,0.0,0.0,5
2023-08-10,619945.2389571505,616793.2588100453,-0.005084288012933702,435261.3251930744,181531.93361697093,0.0,11014.5444159884,0.0,0.0,0.0,0.0,0.0,0.0,5
2023-08-11,616793.2588100453,616758.1832381941,-5.686763165813069e-05,470298.3720034575,146459.81123473658,-1236.6374977439991,12216.106341881183,0.0,35073.39076980699,0.0,36.34395942383402,36.34395942383402,0.05686409549525993,4
2023-08-14,616758.1832381941,615700.8151944893,-0.001714396456246825,0.0,615700.8151944893,-678.0497474649528,11836.788045641406,505894.0065641197,35632.55794364992,600.1046238305295,36.923382987716586,637.028006818246,0.8780208827786726,15
2023-08-16,615700.8151944893,621042.6133935513,0.008675964148877391,475796.05068316835,145246.56271038298,3628.3112233233333,13550.275021380083,0.0,476289.59434435744,0.0,493.54366118907615,493.54366118907615,0.7735731098454137,4
2023-08-17,621042.6133935513,619780.1597314823,-0.002032797162131339,510174.85098560713,109605.30874587518,652.533198164092,11635.288161146942,0.0,34414.46146218185,0.0,35.661159743110844,35.661159743110844,0.0554140097957716,3
2023-08-18,619780.1597314823,618990.4098839754,-0.0012742418986904092,510174.85098560713,108815.5588983683,0.0,10845.538313640056,0.0,0.0,0.0,0.0,0.0,0.0,3
2023-08-21,618990.4098839754,618146.1085192107,-0.00136399748894811,0.0,618146.1085192107,0.0,10001.236948875434,510174.8509856071,0.0,605.1826727852529,0.0,605.1826727852529,0.8242047741599665,14
2023-08-22,618146.1085192107,620292.3882609871,0.003472123681111494,0.0,620292.3882609871,2957.1683868717228,9190.348303780105,513132.0193724788,513664.2916667755,608.690542812138,532.2722942966961,1140.962837108834,1.6610899864741984,14
2023-08-23,620292.3882609871,623015.9282268279,0.004390735752015651,480796.1157015957,142219.81252523218,2148.402594257088,9765.48567536383,0.0,481294.84593461914,0.0,498.7302330234468,498.7302330234468,0.7759160922221652,4
2023-08-24,623015.9282268279,621866.1749912995,-0.0018454636285153425,515207.7377430825,106658.43724821703,-72.68422365331207,8688.416663488773,0.0,34447.31724724864,0.0,35.69520576184747,35.69520576184747,0.05529123042694833,3
2023-08-25,621866.1749912995,620300.7009496149,-0.0025173809167327033,548876.3870751853,71424.31387442967,2820.4811938021558,4302.461428001985,0.0,33703.57385162067,0.0,34.92451951796947,34.92451951796947,0.05419747078556285,2
2023-08-28,620300.7009496149,620614.5886616295,0.0005060250803103905,548876.3870751853,71738.20158644428,0.0,4616.349140016577,0.0,0.0,0.0,0.0,0.0,0.0,2
2023-08-29,620614.5886616295,620509.9547912885,-0.00016859718133055424,548876.3870751853,71633.56771610316,0.0,4511.715269675475,0.0,0.0,0.0,0.0,0.0,0.0,2
2023-08-30,620509.9547912885,620938.7028865936,0.000690960865324719,548876.3870751853,72062.31581140845,0.0,4940.463364980747,0.0,0.0,0.0,0.0,0.0,0.0,2
2023-08-31,620938.7028865936,621459.3110603339,0.000838421202157269,548876.3870751853,72582.92398514859,0.0,5461.071538720895,0.0,0.0,0.0,0.0,0.0,0.0,2
2023-09-01,621459.3110603339,621123.5764899118,-0.0005402358037717159,548876.3870751853,72247.18941472648,0.0,5125.3369682987795,0.0,0.0,0.0,0.0,0.0,0.0,2
2023-09-04,621123.5764899118,621861.6103427097,0.00118822385871864,548876.3870751853,72985.2232675245,0.0,5863.370821096807,0.0,0.0,0.0,0.0,0.0,0.0,2
2023-09-05,621861.6103427097,623110.4824045985,0.002008279721915196,548876.3870751853,74234.09532941328,0.0,7112.242882985582,0.0,0.0,0.0,0.0,0.0,0.0,2
2023-09-06,623110.4824045985,623729.8449207984,0.000993985069565495,548876.3870751853,74853.45784561327,0.0,7731.60539918557,0.0,0.0,0.0,0.0,0.0,0.0,2
2023-09-07,623729.8449207984,623811.681489469,0.00013120515129583232,548876.3870751853,74935.2944142838,0.0,7813.441967856092,0.0,0.0,0.0,0.0,0.0,0.0,2
2023-09-08,623811.681489469,623599.0395160454,-0.00034087526690096404,548876.3870751853,74722.65244086008,0.0,7600.799994432386,0.0,0.0,0.0,0.0,0.0,0.0,2
2023-09-11,623599.0395160454,624554.2033768775,0.0015316955291870826,548876.3870751853,75677.81630169226,0.0,8555.963855264567,0.0,0.0,0.0,0.0,0.0,0.0,2
2023-09-12,624554.2033768775,623153.666836645,-0.002242457952664423,548876.3870751853,74277.2797614598,0.0,7155.427315032091,0.0,0.0,0.0,0.0,0.0,0.0,2
2023-09-13,623153.666836645,624646.6925584717,0.002395919018507664,548876.3870751853,75770.30548328644,0.0,8648.453036858755,0.0,0.0,0.0,0.0,0.0,0.0,2
2023-09-14,624646.6925584717,624515.4914155478,-0.00021004056290852002,548876.3870751853,75639.10434036254,0.0,8517.251893934834,0.0,0.0,0.0,0.0,0.0,0.0,2
2023-09-15,624515.4914155478,624576.4662300728,9.763539153651024e-05,548876.3870751853,75700.07915488754,0.0,8578.226708459846,0.0,0.0,0.0,0.0,0.0,0.0,2
2023-09-18,624576.4662300728,623422.6093515066,-0.001847422919295738,0.0,623422.6093515065,0.0,7424.36982989364,548876.3870751852,0.0,651.0914411346488,0.0,651.0914411346488,0.8787977401521205,15
2023-09-20,623422.6093515066,625160.1269149989,0.002787062158845499,441783.60785491846,183376.51906008043,3000.5730249888147,6161.314368397161,0.0,442241.87037929415,0.0,458.2625243756544,458.2625243756544,0.7093773368908143,4
2023-09-21,625160.1269149989,621846.2313708588,-0.005300874770265973,477307.8780253068,144538.35334555208,-1067.488967957368,3914.9077922144825,0.0,35561.11952703133,0.0,36.84935664301757,36.84935664301757,0.05688321758861385,3
2023-09-22,621846.2313708588,619087.3541525591,-0.00443659071828395,0.0,619087.3541525591,0.0,1156.0305739148607,477307.87802530674,0.0,566.1950149184476,0.0,566.1950149184476,0.7675657645670416,15
2023-09-25,619087.3541525591,614986.1624924064,-0.006624576697688456,0.0,614986.1624924066,-1750.7494727740414,-1194.411613463748,529472.4101966646,530021.6323927124,628.0739392579487,549.2221960477708,1177.2961353057192,1.7113805272919373,14
2023-09-26,614986.1624924064,614492.2668291485,-0.0008031004490511862,466131.5591994601,148360.70762968846,-2209.24742321733,520.9401464956172,0.0,466615.07787514623,0.0,483.5186756862514,483.5186756862514,0.7587407755388443,3
2023-09-27,614492.2668291485,616332.3464866218,0.0029944716260925652,466131.5591994601,150200.7872871617,0.0,2361.0198039688403,0.0,0.0,0.0,0.0,0.0,0.0,3
2023-09-28,616332.3464866218,615014.6215963094,-0.0021380102761505704,466131.5591994601,148883.06239684933,0.0,1043.294913656464,0.0,0.0,0.0,0.0,0.0,0.0,3
2023-09-29,615014.6215963094,617998.9881129997,0.004852513114150359,466131.5591994601,151867.42891353968,0.0,4027.661430346823,0.0,0.0,0.0,0.0,0.0,0.0,3
2023-10-03,617998.9881129997,618772.672167991,0.0012519179964254334,466131.5591994601,152641.11296853103,0.0,4801.345485338177,0.0,0.0,0.0,0.0,0.0,0.0,3
2023-10-04,618772.672167991,614978.2871282093,-0.0061321147659728625,466131.5591994601,148846.7279287492,0.0,1006.9604455563531,0.0,0.0,0.0,0.0,0.0,0.0,3
2023-10-05,614978.2871282093,614675.6946313363,-0.0004920376917468827,520548.58006721875,94127.11456411752,-470.6178397598196,1174.9857884431913,0.0,54473.46769129058,0.0,56.44682353187527,56.44682353187527,0.08857787149798034,2
2023-10-06,614675.6946313363,618031.2731907275,0.005459104026235728,618031.2731907275,0.0,4530.564347834348,0.0,0.0,97583.81200668913,0.0,101.11888318044345,101.11888318044345,0.15875658149329774,0
2023-10-09,618031.2731907275,618031.2731907275,0.0,618031.2731907275,0.0,0.0,0.0,0.0,0.0,0.0,0.0,0.0,0.0,0
2023-10-10,618031.2731907275,618031.2731907275,0.0,618031.2731907275,0.0,0.0,0.0,0.0,0.0,0.0,0.0,0.0,0.0,0
2023-10-11,618031.2731907275,618031.2731907275,0.0,618031.2731907275,0.0,0.0,0.0,0.0,0.0,0.0,0.0,0.0,0.0,0
2023-10-12,618031.2731907275,618031.2731907275,0.0,618031.2731907275,0.0,0.0,0.0,0.0,0.0,0.0,0.0,0.0,0.0,0
2023-10-13,618031.2731907275,618031.2731907275,0.0,618031.2731907275,0.0,0.0,0.0,0.0,0.0,0.0,0.0,0.0,0.0,0
2023-10-16,618031.2731907275,617298.1484256556,-0.001186225999999957,0.0,617298.1484256554,0.0,-733.1247650719451,618031.2731907273,0.0,733.1247650719438,0.0,733.1247650719438,0.9999999999999998,14
2023-10-17,617298.1484256556,617796.896538732,0.0008079533598932542,493496.4561420718,124300.44039666023,-928.5624105101597,694.1857585147372,0.0,494008.3604493868,0.0,511.90430731502624,511.90430731502624,0.8002751372400768,3
2023-10-18,617796.896538732,618584.9547153171,0.001275594262451385,535006.399625974,83578.5550893431,307.8586045203265,1174.3853305794546,0.0,41553.00178472954,0.0,43.05830082738315,43.05830082738315,0.06725997171163262,2
2023-10-19,618584.9547153171,618751.3752067928,0.00026903417260171203,535006.399625974,83744.9755808189,0.0,1340.8058220552339,0.0,0.0,0.0,0.0,0.0,0.0,2
2023-10-20,618751.3752067928,618833.3462795243,0.00013247820694384238,535006.399625974,83826.9466535503,0.0,1422.7768947866425,0.0,0.0,0.0,0.0,0.0,0.0,2
2023-10-23,618833.3462795243,617746.1578538758,-0.0017568355554605786,535006.399625974,82739.75822790185,0.0,335.58846913818707,0.0,0.0,0.0,0.0,0.0,0.0,2
2023-10-25,617746.1578538758,617059.844324455,-0.0011109960308051114,0.0,617059.8443244551,0.0,-350.72506028258067,535006.399625974,0.0,634.6385014027207,0.0,634.6385014027207,0.8660618812825164,14
2023-10-26,617059.844324455,607797.6538997877,-0.01501019797327341,488261.06940530485,119536.58449448296,-11078.236912270928,1465.321427321025,0.0,488767.54304136045,0.0,506.4736360555768,506.4736360555768,0.7920909900991103,3
2023-10-27,607797.6538997877,606702.777224325,-0.0018013835170926917,488261.06940530485,118441.7078190202,0.0,370.44475185828196,0.0,0.0,0.0,0.0,0.0,0.0,3
2023-10-30,606702.777224325,604604.0645145901,-0.003459210652267952,0.0,604604.0645145901,0.0,-1728.267957876691,488261.06940530485,0.0,579.187975316377,0.0,579.187975316377,0.8047780358598441,15
2023-10-31,604604.0645145901,602651.1740041012,-0.003230032057519816,453314.61584027606,149336.55816382507,-2395.715604675119,-1285.442863690536,0.0,453784.8394893608,0.0,470.22364908470234,470.22364908470234,0.7505487741861024,4
2023-11-01,602651.1740041012,601875.3770584078,-0.001287306785679898,453314.61584027606,148560.76121813164,0.0,-2061.2398093839583,0.0,0.0,0.0,0.0,0.0,0.0,4
2023-11-02,601875.3770584078,604176.1760475887,0.0038227165903110816,453314.61584027606,150861.56020731266,0.0,239.55917979708101,0.0,0.0,0.0,0.0,0.0,0.0,4
2023-11-03,604176.1760475887,606566.0431132186,0.003955579780162699,453314.61584027606,153251.4272729425,0.0,2629.42624542693,0.0,0.0,0.0,0.0,0.0,0.0,4
2023-11-06,606566.0431132186,608262.2767808954,0.002796453390253806,453314.61584027606,154947.6609406193,0.0,4325.659913103704,0.0,0.0,0.0,0.0,0.0,0.0,4
2023-11-07,608262.2767808954,607303.6385099019,-0.0015760278215293244,453314.61584027606,153989.02266962582,0.0,3367.0216421102486,0.0,0.0,0.0,0.0,0.0,0.0,4
2023-11-08,607303.6385099019,611660.638237135,0.0071743349635176035,453314.61584027606,158346.02239685896,0.0,7724.021369343387,0.0,0.0,0.0,0.0,0.0,0.0,4
2023-11-09,611660.638237135,612748.3015051868,0.0017782136041752938,487662.20342469704,125086.09808048976,1796.849624067294,7014.835013327829,0.0,34383.21636718425,0.0,35.62878276330187,35.62878276330187,0.05621289685450415,3
2023-11-10,612748.3015051868,612350.058943856,-0.0006499284622291102,487662.20342469704,124687.85551915906,0.0,6616.592451997123,0.0,0.0,0.0,0.0,0.0,0.0,3
2023-11-13,612350.058943856,610328.1946980149,-0.003301811139413191,0.0,610328.1946980149,-535.957914216895,5130.686120372891,528328.330389862,40708.30997437644,626.7168020450445,42.1830092115082,668.8998112565528,0.9292668989787933,15
2023-11-15,610328.1946980149,620946.2703302001,0.01739732118624948,466524.53105527343,154421.73927492666,8639.978050726437,7108.783701831642,0.0,467008.4573610107,0.0,483.92630573737074,483.92630573737074,0.7651759519189221,4
2023-11-16,620946.2703302001,624180.3676524633,0.005208336818809389,466524.53105527343,157655.83659718986,0.0,10342.88102409483,0.0,0.0,0.0,0.0,0.0,0.0,4
2023-11-17,624180.3676524633,625308.5830013196,0.0018075149545306868,502180.8380659576,123127.74493536196,434.41831802669185,11036.6780549244,0.0,35693.29332925756,0.0,36.98631857340325,36.98631857340325,0.05718426143952543,3
2023-11-20,625308.5830013196,625028.0795606575,-0.00044858402441194656,502180.8380659576,122847.24149469985,0.0,10756.17461426228,0.0,0.0,0.0,0.0,0.0,0.0,3
2023-11-21,625028.0795606575,626828.027954661,0.0028797880493125483,502180.8380659576,124647.18988870343,0.0,12556.123008265866,0.0,0.0,0.0,0.0,0.0,0.0,3
2023-11-22,626828.027954661,627682.312334844,0.001362868828585162,0.0,627682.3123348441,0.0,13410.407388448832,502180.83806595765,0.0,595.6999668156287,0.0,595.6999668156287,0.8011461129212314,15
2023-11-23,627682.312334844,623101.7605507551,-0.007297563901474735,447513.5302089404,175588.23034181466,-4449.224050421497,13279.079654781337,0.0,447977.73638680554,0.0,464.20617786515396,464.20617786515396,0.7137013861684649,4
2023-11-24,623101.7605507551,626100.2653574145,0.004812223294007545,447513.5302089404,178586.73514847405,0.0,16277.58446144074,0.0,0.0,0.0,0.0,0.0,0.0,4
2023-11-28,626100.2653574145,627706.552334525,0.0025655427189343882,447513.5302089404,180193.02212558474,0.0,17883.871438551403,0.0,0.0,0.0,0.0,0.0,0.0,4
2023-11-29,627706.552334525,628902.3628434156,0.0019050470390076235,447513.5302089404,181388.83263447517,0.0,19079.68194744185,0.0,0.0,0.0,0.0,0.0,0.0,4
2023-11-30,628902.3628434156,633343.7436682866,0.007062115023372506,447513.5302089404,185830.2134593462,0.0,23521.0627723129,0.0,0.0,0.0,0.0,0.0,0.0,4
2023-12-01,633343.7436682866,636539.621297992,0.005046039629593713,447513.5302089404,189026.09108905157,0.0,26716.94040201824,0.0,0.0,0.0,0.0,0.0,0.0,4
2023-12-04,636539.621297992,638452.2586675455,0.0030047420546319703,447513.5302089404,190938.72845860507,0.0,28629.577771571734,0.0,0.0,0.0,0.0,0.0,0.0,4
2023-12-05,638452.2586675455,636551.6147949961,-0.0029769553584414465,447513.5302089404,189038.08458605566,0.0,26728.933899022348,0.0,0.0,0.0,0.0,0.0,0.0,4
2023-12-06,636551.6147949961,634861.3202831541,-0.0026553927011658818,447513.5302089404,187347.7900742138,0.0,25038.63938718046,0.0,0.0,0.0,0.0,0.0,0.0,4
2023-12-07,634861.3202831541,638742.0589624619,0.006112734474950976,447513.5302089404,191228.52875352144,0.0,28919.37806648812,0.0,0.0,0.0,0.0,0.0,0.0,4
2023-12-08,638742.0589624619,640551.5358492193,0.002832875745957031,447513.5302089404,193038.0056402789,0.0,30728.854953245565,0.0,0.0,0.0,0.0,0.0,0.0,4
2023-12-11,640551.5358492193,640016.3117564014,-0.0008355675739787349,447513.5302089404,192502.7815474611,0.0,30193.63086042778,0.0,0.0,0.0,0.0,0.0,0.0,4
2023-12-12,640016.3117564014,637223.3248847611,-0.004363930762913637,447513.5302089404,189709.79467582068,0.0,27400.643988787357,0.0,0.0,0.0,0.0,0.0,0.0,4
2023-12-13,637223.3248847611,643815.9159813157,0.010345809450315935,447513.5302089404,196302.38577237527,0.0,33993.23508534193,0.0,0.0,0.0,0.0,0.0,0.0,4
2023-12-14,643815.9159813157,644948.8386912885,0.0017596997555520133,447513.5302089404,197435.3084823481,0.0,35126.157795314786,0.0,0.0,0.0,0.0,0.0,0.0,4
2023-12-15,644948.8386912885,640640.9765507857,-0.006679385839726715,447513.5302089404,193127.44634184524,0.0,30818.29565481192,0.0,0.0,0.0,0.0,0.0,0.0,4
2023-12-18,640640.9765507857,640973.0141057902,0.0005182895992574821,0.0,640973.0141057902,2814.729488539444,28335.60372127712,535768.232196733,88346.24866766456,635.5422070058016,91.54667987189939,727.088886877701,0.9742031866656938,14
2023-12-19,640973.0141057902,647560.758060094,0.010277724349275763,542724.0357750547,104836.72228503923,6955.803578321771,27967.54409725914,0.0,543287.0038939518,0.0,562.968118897014,562.968118897014,0.847597312114429,2
2023-12-20,647560.758060094,645788.3571631284,-0.0027370418526828644,542724.0357750547,103064.32138807376,0.0,26195.143200293656,0.0,0.0,0.0,0.0,0.0,0.0,2
2023-12-21,645788.3571631284,643577.0529591464,-0.0034241933590998253,542724.0357750547,100853.01718409166,0.0,23983.838996311562,0.0,0.0,0.0,0.0,0.0,0.0,2
2023-12-22,643577.0529591464,645924.8858311501,0.003648099106716707,0.0,645924.8858311501,0.0,26331.67186831533,542724.0357750547,0.0,643.7933620613002,0.0,643.7933620613002,0.8432930187296567,14
2023-12-26,645924.8858311501,653865.140635894,0.012292845466894686,548978.618699816,104886.52193607792,6254.582924761366,28017.34374829782,0.0,549548.0747030734,0.0,569.4560032572668,569.4560032572668,0.8507925406774459,2
2023-12-27,653865.140635894,655300.8719446335,0.0021957605926861135,548978.618699816,106322.25324481742,0.0,29453.07505703732,0.0,0.0,0.0,0.0,0.0,0.0,2
2023-12-28,655300.8719446335,655493.4363298283,0.00029385644585411264,548978.618699816,106514.8176300122,0.0,29645.639442232095,0.0,0.0,0.0,0.0,0.0,0.0,2
2023-12-29,655493.4363298283,657384.9710458962,0.0028856653800513055,548978.618699816,108406.35234608004,0.0,31537.17415829994,0.0,0.0,0.0,0.0,0.0,0.0,2
2024-01-02,657384.9710458962,657022.5504867507,-0.0005513064263834577,548978.618699816,108043.93178693453,0.0,31174.753599154436,0.0,0.0,0.0,0.0,0.0,0.0,2
2024-01-03,657022.5504867507,660475.0503567975,0.00525476616820697,548978.618699816,111496.43165698144,0.0,34627.253469201336,0.0,0.0,0.0,0.0,0.0,0.0,2
2024-01-04,660475.0503567975,664738.8889490641,0.0064557148524584385,548978.618699816,115760.27024924799,0.0,38891.09206146788,0.0,0.0,0.0,0.0,0.0,0.0,2
2024-01-05,664738.8889490641,663422.1350087964,-0.0019808588938575733,548978.618699816,114443.51630898021,0.0,37574.33812120012,0.0,0.0,0.0,0.0,0.0,0.0,2
2024-01-08,663422.1350087964,664134.0274429524,0.0010730610219187309,0.0,664134.0274429524,10932.531239413314,27353.699315942875,601113.2348186114,52188.69540187665,713.0561480859421,54.07928308150503,767.1354311674472,0.9847454520217749,15
2024-01-09,664134.0274429524,661342.9004496939,-0.0042026562078213425,478462.88739984715,182880.01304984663,-2427.700455041784,26990.27277772611,0.0,478959.1973731045,0.0,496.3099732571425,496.3099732571425,0.72117852358385,4
2024-01-10,661342.9004496939,662646.3555444573,0.001970921731944353,517418.6210996907,145227.7344447666,-1118.4819547306324,29412.20982722014,0.0,38996.14251661888,0.0,40.40881677542591,40.40881677542591,0.05896508829247677,3
2024-01-11,662646.3555444573,662655.3487341075,1.3571627724084934e-05,517418.6210996907,145236.72763441678,0.0,29421.20301687035,0.0,0.0,0.0,0.0,0.0,0.0,3
2024-01-12,662655.3487341075,662226.3219984933,-0.0006474357091265093,517418.6210996907,144807.70089880255,0.0,28992.1762812561,0.0,0.0,0.0,0.0,0.0,0.0,3
2024-01-15,662226.3219984933,662526.5591187647,0.0004533753949333974,0.0,662526.5591187647,753.5046628349082,28538.908738692546,598320.5570716739,80985.85562121002,709.7434011329033,83.91964922694399,793.6630503598474,1.025791923587159,15
2024-01-16,662526.5591187647,661774.458543834,-0.0011352006415125127,478167.02422135754,183607.4343224765,-489.4214359815378,28276.22959974344,0.0,478663.0272954799,0.0,496.0030741222859,496.0030741222859,0.7224812661580781,4
2024-01-17,661774.458543834,657994.9045474717,-0.005711241870347883,517667.41574763245,140327.48879983922,-387.64561183664773,24884.32121521778,0.0,39541.365317092015,0.0,40.973790817068995,40.973790817068995,0.059750515914589214,3
2024-01-18,657994.9045474717,659380.8938867379,0.002106383088512631,620731.531983281,38649.36190345686,27508.98578913865,-1238.6752346547291,0.0,103171.02473392444,0.0,106.90849827593559,106.90849827593559,0.15679608462147454,1
2024-01-19,659380.8938867379,659629.4476980612,0.0003769502780983647,659629.4476980614,0.0,-990.1214233313294,0.0,0.0,38938.26455690901,0.0,40.3488421287476,40.3488421287476,0.0590527643702055,0
2024-01-23,659629.4476980612,658846.9780968361,-0.001186226000000068,0.0,658846.9780968361,0.0,-782.4696012251297,659629.4476980615,0.0,782.4696012250804,0.0,782.4696012250804,1.0000000000000004,15
2024-01-24,658846.9780968361,645696.4403420726,-0.019959927254657117,0.0,645696.4403420726,-11089.320359326666,-2843.6869966619633,472638.9412859183,473129.2100747571,560.6566007658297,490.26878883892533,1050.925389604755,1.4354898524277184,15
2024-01-25,645696.4403420726,651510.8654472048,0.009004889514416137,477033.840093586,174477.02535361872,2462.110940622377,508.6271678477642,0.0,477528.6677148174,0.0,494.8276212314545,494.8276212314545,0.7395559861873104,4
2024-01-29,651510.8654472048,654934.6441830155,0.005255136817189587,477033.840093586,177900.80408942944,0.0,3932.4059036584804,0.0,0.0,0.0,0.0,0.0,0.0,4
2024-01-30,654934.6441830155,655315.3642831196,0.0005813100642722002,477033.840093586,178281.52418953355,0.0,4313.126003762569,0.0,0.0,0.0,0.0,0.0,0.0,4
2024-01-31,655315.3642831196,658215.7875009249,0.0044259960560795175,477033.840093586,181181.94740733883,0.0,7213.549221567824,0.0,0.0,0.0,0.0,0.0,0.0,4
2024-02-01,658215.7875009249,658156.2395632812,-9.04687167559981e-05,477033.840093586,181122.3994696951,0.0,7154.001283924132,0.0,0.0,0.0,0.0,0.0,0.0,4
2024-02-02,658156.2395632812,664208.8739344466,0.009196348841396196,517387.703669972,146821.17026447467,-3621.4329368181134,16828.06859190776,0.0,40395.722674510085,0.0,41.85909812411688,41.85909812411688,0.06137710204086893,3
2024-02-05,664208.8739344466,667388.1459613745,0.004786554578976698,0.0,667388.1459613745,0.0,20007.340618835668,517387.70366997214,0.0,613.7387461736164,0.0,613.7387461736164,0.7789533141965146,15
2024-02-06,667388.1459613745,697010.2472416109,0.044385117505444605,445759.7499930406,251250.49724857026,24299.591988902357,25329.849910169563,0.0,446222.1369731477,0.0,462.386980107137,462.386980107137,0.6686096234603679,5
2024-02-07,697010.2472416109,709906.3430943999,0.01850201758700787,445759.7499930406,264146.5931013593,0.0,38225.945762958654,0.0,0.0,0.0,0.0,0.0,0.0,5
2024-02-08,709906.3430943999,706884.1297417749,-0.004257200096919211,445759.7499930406,261124.37974873424,0.0,35203.73241033352,0.0,0.0,0.0,0.0,0.0,0.0,5
2024-02-09,706884.1297417749,702762.787827626,-0.005830293453687241,498931.3084517593,203831.4793758667,1432.7880917214643,29649.6024044632,0.0,53226.71336299996,0.0,55.154904281288,55.154904281288,0.07529764939332236,4
2024-02-12,702762.787827626,691128.7431160982,-0.01655472502676303,0.0,691128.7431160982,-313.58947568005533,18329.14716861558,533110.2325540773,34214.377930303286,632.3892187216928,35.45382798520645,667.8430467068993,0.8072775341991136,15
2024-02-13,691128.7431160982,679201.8992824403,-0.017257050806313234,465113.231410329,214088.6678721114,-14685.97788834061,21088.281223298298,0.0,465595.69377370534,0.0,482.4623633763516,482.4623633763516,0.6736743311737694,4
2024-02-14,679201.8992824403,682585.178120079,0.0049812564440898655,465113.231410329,217471.94670975,0.0,24471.560060936892,0.0,0.0,0.0,0.0,0.0,0.0,4
2024-02-15,682585.178120079,685225.0650508903,0.0038674835250334105,465113.231410329,220111.83364056135,0.0,27111.446991748257,0.0,0.0,0.0,0.0,0.0,0.0,4
2024-02-16,685225.0650508903,684185.3822040944,-0.001517286654887151,465113.231410329,219072.15079376553,0.0,26071.76414495243,0.0,0.0,0.0,0.0,0.0,0.0,4
2024-02-20,684185.3822040944,684716.9742501023,0.0007769707740543641,580903.9749442947,103812.99930580768,10740.949911560798,15862.40627939951,0.0,115910.85337391397,0.0,120.10983994823737,120.10983994823737,0.1694143961399886,2
2024-02-21,684716.9742501023,683172.6663271573,-0.002255395997209364,633701.9228241286,49470.743503028694,8822.651366629885,5495.44698982461,0.0,52852.715237533695,0.0,54.76735769972859,54.76735769972859,0.07718914124396822,1
2024-02-22,683172.6663271573,682247.7332451424,-0.0013538789351562608,0.0,682247.7332451425,0.0,4570.5139078096545,633701.9228241285,0.0,751.7136971039747,0.0,751.7136971039747,0.9275867640182515,15
2024-02-23,682247.7332451424,681577.0904288811,-0.0009829901714313305,482715.57461546967,198861.51581341142,-3122.56621636232,7022.437307910666,0.0,483216.29590491,0.0,500.72128944036126,500.72128944036126,0.7082710170489973,4
2024-02-26,681577.0904288811,680303.4251225526,-0.001868703224058077,523455.24120319006,156848.18391936255,-1507.128267221553,7255.900268803685,0.0,40781.92587964692,0.0,42.25929192656301,42.25929192656301,0.05983464886412918,3
2024-02-27,680303.4251225526,681184.7803300959,0.00129553251533987,523455.24120319006,157729.53912690585,0.0,8137.255476346974,0.0,0.0,0.0,0.0,0.0,0.0,3
2024-02-28,681184.7803300959,679757.7566694339,-0.002094914187557806,523455.24120319006,156302.51546624393,0.0,6710.231815685074,0.0,0.0,0.0,0.0,0.0,0.0,3
2024-02-29,679757.7566694339,679091.7751720524,-0.0009797335754497816,523455.24120319006,155636.53396886238,0.0,6044.250318303515,0.0,0.0,0.0,0.0,0.0,0.0,3
2024-03-01,679091.7751720524,681067.3675834008,0.0029091685153275204,523455.24120319006,157612.1263802108,0.0,8019.842729651929,0.0,0.0,0.0,0.0,0.0,0.0,3
2024-03-04,681067.3675834008,685609.0338992015,0.0066684538592940434,0.0,685609.0338992015,11027.926011138028,1533.5830343147463,641828.656009945,118496.20365388243,761.3538393040529,122.78884712744798,884.142686431501,1.1163724704086941,15
2024-03-05,685609.0338992015,695749.3593312108,0.014790244776004657,518861.7631189577,176887.5962122532,5398.838311001695,6275.070155322319,0.0,519399.9788814741,0.0,538.2157625164344,538.2157625164344,0.7575745843480768,4
2024-03-06,695749.3593312108,697088.2024644506,0.0019243181690122846,562872.0628997709,134216.13956467985,1221.7227134835266,6392.190575078603,0.0,44055.95170342302,0.0,45.65192260983123,45.65192260983123,0.06332158429261338,3
2024-03-07,697088.2024644506,698381.7392967253,0.0018556286388171639,562872.0628997709,135509.67639695437,0.0,7685.727407353137,0.0,0.0,0.0,0.0,0.0,0.0,3
2024-03-11,698381.7392967253,696346.9975932296,-0.0029135093159002867,562872.0628997709,133474.9346934588,0.0,5650.985703857572,0.0,0.0,0.0,0.0,0.0,0.0,3
2024-03-12,696346.9975932296,694662.1178818807,-0.0024195978688388298,562872.0628997709,131790.05498210987,0.0,3966.10599250863,0.0,0.0,0.0,0.0,0.0,0.0,3
2024-03-13,694662.1178818807,690022.8005948584,-0.00667852351178766,562872.0628997709,127150.73769508758,0.0,-673.2112945136541,0.0,0.0,0.0,0.0,0.0,0.0,3
2024-03-14,690022.8005948584,691174.7720809297,0.0016694687263643093,562872.0628997709,128302.70918115883,0.0,478.76019155758695,0.0,0.0,0.0,0.0,0.0,0.0,3
2024-03-15,691174.7720809297,689416.8215027236,-0.002543424108078174,562872.0628997709,126544.75860295276,0.0,-1279.1903866484718,0.0,0.0,0.0,0.0,0.0,0.0,3
2024-03-18,689416.8215027236,688836.2195085136,-0.0008421639508947587,0.0,688836.2195085136,-708.8748184572469,-1150.9175624012132,604951.7651486432,42123.351560967036,717.6095125652145,43.64931209461463,761.2588246598292,0.9385833018973613,15
2024-03-19,688836.2195085136,676911.995342954,-0.017310681157369445,481427.4764581832,195484.5188847707,-10949.87611050588,-2125.2656174550502,0.0,481926.8616022738,0.0,499.38514409067784,499.38514409067784,0.6996247409088475,5
2024-03-20,676911.995342954,678221.4919106503,0.001934515234927714,481427.4764581832,196794.01545246714,0.0,-815.76904975863,0.0,0.0,0.0,0.0,0.0,0.0,5
2024-03-21,678221.4919106503,684046.3375850823,0.008588412110065224,481427.4764581832,202618.86112689914,0.0,5009.0766246733765,0.0,0.0,0.0,0.0,0.0,0.0,5
2024-03-22,684046.3375850823,684553.4580800647,0.0007413540093976767,0.0,684553.4580800647,0.0,5516.197119655819,481427.47645818326,0.0,571.081789689085,0.0,571.081789689085,0.703793661344328,15
2024-03-26,684553.4580800647,693544.5269348924,0.013134209971043642,486422.76178175636,207121.7651531361,4995.2853235730945,9511.980650910336,0.0,486927.32853969967,0.0,504.56675794337883,504.56675794337883,0.7113065061498076,5
2024-03-27,693544.5269348924,692311.2511264334,-0.00177822152805307,486422.76178175636,205888.48934467704,0.0,8278.704842451305,0.0,0.0,0.0,0.0,0.0,0.0,5
2024-03-28,692311.2511264334,693544.8150147889,0.0017818053460034733,486422.76178175636,207122.0532330326,0.0,9512.26873080687,0.0,0.0,0.0,0.0,0.0,0.0,5
2024-04-01,693544.8150147889,692567.9123810164,-0.0014085645406369807,486422.76178175636,206145.15059926006,0.0,8535.366097034326,0.0,0.0,0.0,0.0,0.0,0.0,5
2024-04-02,692567.9123810164,696406.2984967604,0.0055422523150803205,486422.76178175636,209983.5367150041,0.0,12373.752212778352,0.0,0.0,0.0,0.0,0.0,0.0,5
2024-04-03,696406.2984967604,698152.9949627352,0.0025081571917788814,486422.76178175636,211730.2331809789,0.0,14120.44867875312,0.0,0.0,0.0,0.0,0.0,0.0,5
2024-04-04,698152.9949627352,696888.6391340594,-0.0018110010811359656,486422.76178175636,210465.87735230304,0.0,12856.092850077293,0.0,0.0,0.0,0.0,0.0,0.0,5
2024-04-05,696888.6391340594,698233.2465333394,0.0019294437070329629,523293.60027453495,174939.64625880442,-653.9657005394183,14854.66594989672,0.0,36909.084645924944,0.0,38.246153146308224,38.246153146308224,0.05296267233138923,4
2024-04-08,698233.2465333394,696686.7278834899,-0.0022149026239122183,523293.60027453495,173393.1276089549,0.0,13308.147300047218,0.0,0.0,0.0,0.0,0.0,0.0,4
2024-04-09,696686.7278834899,696221.0159606313,-0.0006684667645003861,523293.60027453495,172927.4156860963,0.0,12842.435377188602,0.0,0.0,0.0,0.0,0.0,0.0,4
2024-04-10,696221.0159606313,697917.6877569798,0.0024369729690039144,523293.60027453495,174624.08748244483,0.0,14539.107173537137,0.0,0.0,0.0,0.0,0.0,0.0,4
2024-04-12,697917.6877569798,695040.8795320446,-0.0041219878438399915,523293.60027453495,171747.27925750962,0.0,11662.298948601921,0.0,0.0,0.0,0.0,0.0,0.0,4
2024-04-15,695040.8795320446,693178.7338285904,-0.002679188747441774,0.0,693178.7338285904,0.0,9800.153245147638,523293.600274535,0.0,620.7444742792605,0.0,620.7444742792605,0.7528961470969259,15
2024-04-16,693178.7338285904,703007.4159015553,0.01417914542570986,447169.63516873476,255837.78073282057,11091.63493995562,8537.200378157053,0.0,447633.48462397273,0.0,463.84945523796074,463.84945523796074,0.6457692118619781,6
2024-04-18,703007.4159015553,701383.0656463493,-0.00231057342847929,447169.63516873476,254213.43047761457,0.0,6912.850122951058,0.0,0.0,0.0,0.0,0.0,0.0,6
2024-04-19,701383.0656463493,698347.1363937961,-0.0043284895248441035,447169.63516873476,251177.50122506125,0.0,3876.9208703977565,0.0,0.0,0.0,0.0,0.0,0.0,6
2024-04-22,698347.1363937961,703584.3898506499,0.0074994987219372256,0.0,703584.3898506499,-1575.575792152682,10689.750119404263,535448.2235973537,88370.15988591682,635.1626044849944,91.57145729794405,726.7340617829384,0.8932783582454628,15
2024-04-23,703584.3898506499,698334.4896498511,-0.00746164962800433,0.0,698334.4896498511,-3919.431593222791,9359.281511828369,495832.24376430723,496346.570986174,588.1690991915592,514.3272218667191,1102.4963210582782,1.4101774130621223,15
2024-04-24,698334.4896498511,690872.4443013722,-0.010685488772322338,486248.68105376797,204623.7632476042,-9583.562710539256,11480.798873888663,0.0,486753.06723761937,0.0,504.38618385136937,504.38618385136937,0.6970199445278439,5
2024-04-25,690872.4443013722,692729.5410431254,0.002688045755872004,486248.68105376797,206480.85998935753,0.0,13337.89561564198,0.0,0.0,0.0,0.0,0.0,0.0,5
2024-04-26,692729.5410431254,696791.2887701163,0.005863396154399014,486248.68105376797,210542.60771634828,0.0,17399.643342632757,0.0,0.0,0.0,0.0,0.0,0.0,5
2024-04-29,696791.2887701163,695003.9597294934,-0.002565085226277297,0.0,695003.9597294934,1069.1797964701764,14543.134505539667,523014.4090900618,36803.86515827125,620.4132904372676,38.137121977494786,658.5504124147625,0.8034231817628633,15
2024-04-30,695003.9597294934,693207.1148315384,-0.0025853736123379045,513511.469136322,179695.64569521634,9.923887936776737,12736.365719647867,0.0,514044.13503419195,0.0,532.6658978699406,532.6658978699406,0.7396276349767361,4
2024-05-02,693207.1148315384,692591.1792262073,-0.0008885304148685824,513511.469136322,179079.71008988525,0.0,12120.430114316783,0.0,0.0,0.0,0.0,0.0,0.0,4
2024-05-03,692591.1792262073,692069.4541325407,-0.0007532944532292474,513511.469136322,178557.9849962187,0.0,11598.705020650224,0.0,0.0,0.0,0.0,0.0,0.0,4
2024-05-06,692069.4541325407,687608.0404794295,-0.006446482540835796,513511.469136322,174096.57134310756,0.0,7137.29136753911,0.0,0.0,0.0,0.0,0.0,0.0,4
2024-05-07,687608.0404794295,684361.6361114817,-0.004721300765599401,552333.7654292618,132027.87068221986,1297.4920996217843,2593.3948999694258,0.0,38862.56669497591,0.0,40.270402036068106,40.270402036068106,0.056518487869745206,3
2024-05-08,684361.6361114817,685785.7073954383,0.002080875386364589,552333.7654292618,133451.9419661765,0.0,4017.466183926059,0.0,0.0,0.0,0.0,0.0,0.0,3
2024-05-09,685785.7073954383,681623.417145236,-0.0060693744493601764,552333.7654292618,129289.6517159742,0.0,-144.82406627620367,0.0,0.0,0.0,0.0,0.0,0.0,3
2024-05-10,681623.417145236,683572.7944803968,0.0028599037036096675,602660.637636961,80912.1568434359,-1974.5687013071001,3779.1219701916634,0.0,50379.07631643415,0.0,52.20410873507329,52.20410873507329,0.0739104248023505,2
2024-05-13,683572.7944803968,681906.2200458674,-0.002438035053452081,602660.637636961,79245.58240890647,0.0,2112.5475356622264,0.0,0.0,0.0,0.0,0.0,0.0,2
2024-05-14,681906.2200458674,684218.7680492,0.0033912991777329538,602660.637636961,81558.13041223904,0.0,4425.095538994799,0.0,0.0,0.0,0.0,0.0,0.0,2
2024-05-15,684218.7680492,685617.0216048008,0.002043576734364505,602660.637636961,82956.38396783985,0.0,5823.349094595615,0.0,0.0,0.0,0.0,0.0,0.0,2
2024-05-16,685617.0216048008,685399.4520146418,-0.0003173339974111844,602660.637636961,82738.81437768086,0.0,5605.779504436621,0.0,0.0,0.0,0.0,0.0,0.0,2
2024-05-17,685399.4520146418,686103.3038151277,0.0010269220356349251,602660.637636961,83442.66617816681,0.0,6309.631304922565,0.0,0.0,0.0,0.0,0.0,0.0,2
2024-05-21,686103.3038151277,689358.8339302959,0.004744956185264826,602660.637636961,86698.19629333496,0.0,9565.161420090713,0.0,0.0,0.0,0.0,0.0,0.0,2
2024-05-22,689358.8339302959,686534.2474799174,-0.0040974109728521,0.0,686534.2474799172,0.0,6740.574969712172,602660.6376369608,0.0,714.8917175415418,0.0,714.8917175415418,0.8742335746986286,15
2024-05-23,686534.2474799174,683651.7093225104,-0.004198680791217657,496175.8896158304,187475.8197066801,-750.1725908087465,4608.209403113964,0.0,496690.5733018405,0.0,514.683686010273,514.683686010273,0.7234753038541895,4
2024-05-24,683651.7093225104,683300.3941428915,-0.0005138803499329381,496175.8896158304,187124.50452706113,0.0,4256.894223495008,0.0,0.0,0.0,0.0,0.0,0.0,4
2024-05-27,683300.3941428915,684767.9394764769,0.0021477308460009503,540421.3104153115,144346.62906116538,4068.0449570170895,1656.3946000633005,0.0,44291.31661333011,0.0,45.895813848964615,45.895813848964615,0.06481968544579521,3
2024-05-28,684767.9394764769,684346.924791251,-0.0006148282665625615,628204.5099470755,56142.41484417544,5359.028834358018,-4123.64891952066,0.0,87874.2571217242,0.0,91.05758996021578,91.05758996021578,0.1283270609732494,1
2024-05-29,684346.924791251,683994.2208504532,-0.0005153876316538186,628204.5099470755,55789.71090337777,0.0,-4476.3528603183295,0.0,0.0,0.0,0.0,0.0,0.0,1
2024-05-30,683994.2208504532,680443.6781503656,-0.005190895758845793,628204.5099470755,52239.1682032901,0.0,-8026.895560405996,0.0,0.0,0.0,0.0,0.0,0.0,1
2024-05-31,680443.6781503656,682070.031776063,0.002390137020771954,628204.5099470755,53865.521828987505,0.0,-6400.541934708592,0.0,0.0,0.0,0.0,0.0,0.0,1
2024-06-03,682070.031776063,682787.196455685,0.0010514531444145714,628204.5099470755,54582.686508609426,0.0,-5683.377255086671,0.0,0.0,0.0,0.0,0.0,0.0,1
2024-06-04,682787.196455685,678315.7080114952,-0.006548875648812791,628204.5099470755,50111.19806441969,0.0,-10154.865699276408,0.0,0.0,0.0,0.0,0.0,0.0,1
2024-06-05,678315.7080114952,681254.8920622291,0.0043330620476860204,628204.5099470755,53050.38211515365,0.0,-7215.68164854245,0.0,0.0,0.0,0.0,0.0,0.0,1
2024-06-06,681254.8920622291,682113.1383181701,0.0012598019712459774,628204.5099470755,53908.62837109463,0.0,-6357.435392601466,0.0,0.0,0.0,0.0,0.0,0.0,1
2024-06-07,682113.1383181701,682140.5725642225,4.021949514121381e-05,628204.5099470755,53936.062617147036,0.0,-6330.001146549061,0.0,0.0,0.0,0.0,0.0,0.0,1
2024-06-10,682140.5725642225,679945.3835378786,-0.003218088931570162,0.0,679945.3835378786,0.0,-8525.190172893017,628204.5099470756,0.0,745.1925230164798,0.0,745.1925230164798,0.9209311617187689,15
2024-06-11,679945.3835378786,684240.1908672582,0.006316400454155602,545738.0333317632,138502.15753549506,1294.1247109644391,-5524.507554477765,0.0,546304.1278729726,0.0,566.0945412092989,566.0945412092989,0.8034529553395209,3
2024-06-12,684240.1908672582,685216.4876785618,0.0014268334779723446,588597.4657367389,96619.02194182292,979.1317418372564,-5527.342485011541,0.0,42903.89053184588,0.0,44.458126870252535,44.458126870252535,0.06270296761940601,2
2024-06-13,685216.4876785618,684100.468646032,-0.0016287101267962178,588597.4657367389,95503.00290929317,0.0,-6643.3615175413,0.0,0.0,0.0,0.0,0.0,0.0,2
2024-06-14,684100.468646032,683273.5550637548,-0.0012087604382348127,588597.4657367389,94676.08932701594,0.0,-7470.275099818529,0.0,0.0,0.0,0.0,0.0,0.0,2
2024-06-18,683273.5550637548,683721.6139269802,0.0006557532629571927,633108.7941974164,50612.81972956379,2631.0277975392237,-9653.244034132309,0.0,44557.50010077702,0.0,46.17164009942777,46.17164009942777,0.06521180246266,1
2024-06-19,683721.6139269802,682757.5564888,-0.001410014571051943,633108.7941974164,49648.76229138349,0.0,-10617.301472312603,0.0,0.0,0.0,0.0,0.0,0.0,1
2024-06-20,682757.5564888,683810.1029911647,0.001541610916439451,683810.1029911647,0.0,-9564.754969947833,0.0,0.0,50753.90130588285,0.0,52.592512134589754,52.592512134589754,0.07433663798156062,0
2024-06-21,683810.1029911647,683810.1029911647,0.0,683810.1029911647,0.0,0.0,0.0,0.0,0.0,0.0,0.0,0.0,0.0,0
2024-06-24,683810.1029911647,682998.9496679337,-0.001186226000000179,0.0,682998.9496679337,0.0,-811.153323230792,683810.1029911644,0.0,811.1533232307972,0.0,811.1533232307972,0.9999999999999997,15
2024-06-25,682998.9496679337,686350.1729448441,0.004906630205712137,458281.5371763749,228068.63576846928,2408.1351822651413,131.9347714144169,0.0,458756.9130173232,0.0,475.3758409482888,475.3758409482888,0.671680261353792,5
2024-06-26,686350.1729448441,681947.3293037595,-0.006414864911002849,546494.9972917902,135452.3320119692,-2961.2202834065174,-1309.688586263721,0.0,88304.9640150569,0.0,91.50389964146635,91.50389964146635,0.1286587626782068,3
2024-06-27,681947.3293037595,684833.9674771726,0.00423293420088644,546494.9972917902,138338.97018538232,0.0,1576.9495871493928,0.0,0.0,0.0,0.0,0.0,0.0,3
2024-06-28,684833.9674771726,685279.3187256808,0.0006503054311817191,546494.9972917902,138784.3214338905,0.0,2022.3008356575592,0.0,0.0,0.0,0.0,0.0,0.0,3
2024-07-01,685279.3187256808,686666.9815422144,0.0020249594269297067,546494.9972917902,140171.98425042414,0.0,3409.9636521912253,0.0,0.0,0.0,0.0,0.0,0.0,3
2024-07-02,686666.9815422144,686262.131302904,-0.0005895874567918291,546494.9972917902,139767.1340111137,0.0,3005.1134128807607,0.0,0.0,0.0,0.0,0.0,0.0,3
2024-07-03,686262.131302904,688556.061483237,0.0033426442691479874,546494.9972917902,142061.06419144664,0.0,5299.043593213726,0.0,0.0,0.0,0.0,0.0,0.0,3
2024-07-04,688556.061483237,689264.3866064253,0.0010287108963393798,546494.9972917902,142769.38931463496,0.0,6007.368716402052,0.0,0.0,0.0,0.0,0.0,0.0,3
2024-07-05,689264.3866064253,689289.385360988,3.6268745416734305e-05,546494.9972917902,142794.3880691977,0.0,6032.367470964797,0.0,0.0,0.0,0.0,0.0,0.0,3
2024-07-08,689289.385360988,688996.2084020489,-0.0004253321829198464,546494.9972917902,142501.21111025865,0.0,5739.190512025729,0.0,0.0,0.0,0.0,0.0,0.0,3
2024-07-09,688996.2084020489,688859.727718167,-0.0001980862626203006,546494.9972917902,142364.73042637674,0.0,5602.709828143845,0.0,0.0,0.0,0.0,0.0,0.0,3
2024-07-10,688859.727718167,686542.869541048,-0.0033633235967990283,546494.9972917902,140047.8722492577,0.0,3285.851651024772,0.0,0.0,0.0,0.0,0.0,0.0,3
2024-07-11,686542.869541048,687871.0412670745,0.00193457944864317,546494.9972917902,141376.0439752842,0.0,4614.023377051286,0.0,0.0,0.0,0.0,0.0,0.0,3
2024-07-12,687871.0412670745,686234.7885604701,-0.002378720150204905,546494.9972917902,139739.79126867972,0.0,2977.7706704468073,0.0,0.0,0.0,0.0,0.0,0.0,3
2024-07-15,686234.7885604701,686501.8889727603,0.00038922598612423087,0.0,686501.8889727602,-266.13572255218605,3511.0068052892384,591816.201768649,45368.21620206098,702.0277657592173,47.01172520219685,749.0394909614141,0.9285224657691079,15
2024-07-16,686501.8889727603,696023.5247693544,0.013869788196565258,479589.27586208074,216434.24890727364,6136.3144471614505,6896.328154721858,0.0,480086.75423907884,0.0,497.4783769981437,497.4783769981437,0.6993232822089558,5
2024-07-18,696023.5247693544,691600.856870472,-0.006354193129245123,479589.27586208074,212011.58100839122,0.0,2473.660255839466,0.0,0.0,0.0,0.0,0.0,0.0,5
2024-07-19,691600.856870472,685343.7219371351,-0.009047320967256578,560545.3924142418,124798.32952289321,-4085.63709849312,302.16242099568626,0.0,81040.09240295147,0.0,83.97585079034079,83.97585079034079,0.11717754771106255,3
2024-07-22,685343.7219371351,682899.1814098662,-0.0035668824985503056,0.0,682899.1814098661,565.2144171608015,-2707.592523433923,646152.3604820567,85695.76825096668,766.4827299651884,88.80018315162619,855.2829131168146,1.06785559611525,15
2024-07-23,682899.1814098662,689543.0973523264,0.009728985073233831,0.0,689543.0973523264,4021.250225662254,-84.92680663602368,529083.2466866694,529632.0652030666,627.6123033841412,548.8185163971128,1176.4308197812538,1.5503244705960635,15
2024-07-24,689543.0973523264,692486.7905834604,0.004269048943332132,532700.2187902902,159786.57179317018,3616.9721036207193,-758.205679122766,0.0,533252.7891950265,0.0,552.5704047364055,552.5704047364055,0.7733422192790912,4
2024-07-25,692486.7905834604,692785.7019349398,0.00043164917445959183,567932.5261227537,124853.17581218615,-4222.106118779753,3762.811791136497,0.0,35268.85383579837,0.0,36.546503334854,36.546503334854,0.050930724333502896,3
2024-07-26,692785.7019349398,694416.4968399499,0.0023539673241743664,567932.5261227537,126483.97071719619,0.0,5393.606696146533,0.0,0.0,0.0,0.0,0.0,0.0,3
2024-07-29,694416.4968399499,696197.6805557213,0.0025650077782959357,567932.5261227537,128265.15443296754,0.0,7174.790411917878,0.0,0.0,0.0,0.0,0.0,0.0,3
2024-07-30,696197.6805557213,695231.1821105252,-0.0013882528945292627,567932.5261227537,127298.65598777153,0.0,6208.291966721867,0.0,0.0,0.0,0.0,0.0,0.0,3
2024-07-31,695231.1821105252,697044.5884675554,0.002608350148399774,567932.5261227537,129112.06234480161,0.0,8021.698323751945,0.0,0.0,0.0,0.0,0.0,0.0,3
2024-08-01,697044.5884675554,694784.7191486668,-0.0032420728261541853,567932.5261227537,126852.19302591316,0.0,5761.829004863503,0.0,0.0,0.0,0.0,0.0,0.0,3
2024-08-02,694784.7191486668,694086.6538292875,-0.0010047217506952144,567932.5261227537,126154.12770653382,0.0,5063.763685484155,0.0,0.0,0.0,0.0,0.0,0.0,3
2024-08-05,694086.6538292875,690857.4692765524,-0.0046524227701535414,0.0,690857.4692765523,0.0,1834.5791327489787,567932.5261227539,0.0,673.6963287324897,0.0,673.6963287324897,0.8182444122638878,15
2024-08-06,690857.4692765524,685125.0321870734,-0.008297568376125275,527887.62770115,157237.40448592335,-4684.016278919757,786.1583221897308,0.0,528435.2060009235,0.0,547.5782997735131,547.5782997735131,0.7648975794591709,4
2024-08-07,685125.0321870734,692123.8675065993,0.01021541323221542,527887.62770115,164236.23980544918,0.0,7784.9936417155695,0.0,0.0,0.0,0.0,0.0,0.0,4
2024-08-08,692123.8675065993,691542.1645617905,-0.00084046075004518,527887.62770115,163654.5368606405,0.0,7203.290696906894,0.0,0.0,0.0,0.0,0.0,0.0,4
2024-08-09,691542.1645617905,696258.4225850304,0.006819913903917119,527887.62770115,168370.79488388036,0.0,11919.548720146733,0.0,0.0,0.0,0.0,0.0,0.0,4
2024-08-12,696258.4225850304,695226.5809778732,-0.0014819807900151583,527887.62770115,167338.95327672313,0.0,10887.70711298952,0.0,0.0,0.0,0.0,0.0,0.0,4
2024-08-13,695226.5809778732,694918.2853408954,-0.00044344627408254844,569700.7635154126,125217.52182548295,1449.6811405792469,9129.730335432563,0.0,41856.50861676038,0.0,43.37280249791114,43.37280249791114,0.06020556428939609,3
2024-08-14,694918.2853408954,693246.5846111003,-0.002405607630507345,569700.7635154126,123545.82109568772,0.0,7458.029605637319,0.0,0.0,0.0,0.0,0.0,0.0,3
2024-08-16,693246.5846111003,697437.0106736785,0.00604464003948757,569700.7635154126,127736.24715826602,0.0,11648.455668215625,0.0,0.0,0.0,0.0,0.0,0.0,3
2024-08-19,697437.0106736785,698490.7963078701,0.0015109402255175652,569700.7635154126,128790.03279245755,0.0,12702.241302407165,0.0,0.0,0.0,0.0,0.0,0.0,3
2024-08-20,698490.7963078701,697142.4894614962,-0.001930314405717004,569700.7635154126,127441.7259460837,0.0,11353.934456033305,0.0,0.0,0.0,0.0,0.0,0.0,3
2024-08-21,697142.4894614962,697233.99215238,0.00013125392909896227,569700.7635154126,127533.22863696737,0.0,11445.437146916986,0.0,0.0,0.0,0.0,0.0,0.0,3
2024-08-22,697233.99215238,697081.1215700065,-0.00021925291092239618,0.0,697081.1215700065,0.0,11292.56656454358,569700.7635154126,0.0,675.7938579018339,0.0,675.7938579018339,0.8170869032887096,15
2024-08-23,697081.1215700065,693912.6713346643,-0.004545310635017619,525949.4572105159,167963.21412414845,-5771.255403869218,13895.371733070555,0.0,526495.0250443374,0.0,545.5678338215936,545.5678338215936,0.7552851580007428,4
2024-08-26,693912.6713346643,696292.2578094186,0.0034292304681184937,566838.8501251754,129453.40768424317,525.9382409763712,15749.019966848486,0.0,40931.80751783657,0.0,42.414603176977714,42.414603176977714,0.0589869722930823,3
2024-08-27,696292.2578094186,697042.7368862805,0.001077821946811497,566838.8501251754,130203.88676110501,0.0,16499.499043710333,0.0,0.0,0.0,0.0,0.0,0.0,3
2024-08-28,697042.7368862805,697618.4489502654,0.0008259351019948014,566838.8501251754,130779.59882508995,0.0,17075.211107695286,0.0,0.0,0.0,0.0,0.0,0.0,3
2024-08-29,697618.4489502654,697575.4191839107,-6.168094668290713e-05,566838.8501251754,130736.56905873529,0.0,17032.18134134062,0.0,0.0,0.0,0.0,0.0,0.0,3
2024-08-30,697575.4191839107,698997.9974523652,0.0020393182290150413,566838.8501251754,132159.1473271898,0.0,18454.75960979511,0.0,0.0,0.0,0.0,0.0,0.0,3
2024-09-02,698997.9974523652,695139.1304202063,-0.005520569509817275,566838.8501251754,128300.28029503085,0.0,14595.89257763618,0.0,0.0,0.0,0.0,0.0,0.0,3
2024-09-03,695139.1304202063,696618.0181880773,0.002127470175613544,611661.0317566146,84956.98643146266,6960.013223255548,9114.767122251578,0.0,44868.675719805564,0.0,46.49408836643124,46.49408836643124,0.06454632426271671,2
2024-09-04,696618.0181880773,693539.7832740189,-0.004418827583680507,611661.0317566146,81878.75151740428,0.0,6036.532208193195,0.0,0.0,0.0,0.0,0.0,0.0,2
2024-09-05,693539.7832740189,692300.2786133962,-0.0017872149377953228,611661.0317566146,80639.24685678165,0.0,4797.027547570571,0.0,0.0,0.0,0.0,0.0,0.0,2
2024-09-06,692300.2786133962,690353.030802821,-0.002812721402445928,611661.0317566146,78691.99904620645,0.0,2849.7797369953623,0.0,0.0,0.0,0.0,0.0,0.0,2
2024-09-09,690353.030802821,690026.8270826847,-0.00047251725650709897,0.0,690026.8270826847,2813.1724009032405,-289.59638404412544,652336.3725657015,40717.53337582672,773.8183658831217,42.19256673989942,816.0109326230211,1.0039123101054055,15
2024-09-10,690026.8270826847,696730.3771758755,0.009714912275994081,503978.58302959305,192751.79414628242,3854.0307292220023,2559.922979924595,0.0,504501.36045633326,0.0,522.7774267402245,522.7774267402245,0.731132965640305,4
2024-09-11,696730.3771758755,697930.6031158817,0.0017226548164459565,568699.6913441126,129230.91177176902,-512.5289420505433,4272.677861981334,0.0,64788.24357700843,0.0,67.13526248882914,67.13526248882914,0.09298897493119343,3
2024-09-12,697930.6031158817,700237.9859564088,0.0033060347693967262,568699.6913441126,131538.29461229613,0.0,6580.060702508454,0.0,0.0,0.0,0.0,0.0,0.0,3
2024-09-13,700237.9859564088,702099.2019665322,0.002657976355826097,615385.4931152792,86713.70885125292,3196.7102667865256,5244.5664458453175,0.0,46734.228994340505,0.0,48.42722317388948,48.42722317388948,0.06674049384868676,2
2024-09-16,702099.2019665322,700896.6060041927,-0.0017128576118176086,0.0,700896.6060041928,0.0,4041.9704835059383,615385.4931152791,0.0,729.9862719561651,0.0,729.9862719561651,0.8764936513125584,15
2024-09-17,700896.6060041927,697933.82734061,-0.00422712656646107,467824.73727726325,230109.09006334672,-3970.8074444508384,5049.999264373982,0.0,468310.0122880564,0.0,485.27501079320353,485.27501079320353,0.668158481973381,5
2024-09-18,697933.82734061,692715.8920647374,-0.0074762607448830565,467824.73727726325,224891.15478747417,0.0,-167.93601149858296,0.0,0.0,0.0,0.0,0.0,0.0,5
2024-09-19,692715.8920647374,692413.1678806432,-0.0004370105949091929,467824.73727726325,224588.43060338,0.0,-470.66019559275446,0.0,0.0,0.0,0.0,0.0,0.0,5
2024-09-20,692413.1678806432,693162.8632102602,0.0010827282963317142,467824.73727726325,225338.12593299698,0.0,279.03513402423414,0.0,0.0,0.0,0.0,0.0,0.0,5
2024-09-23,693162.8632102602,700618.04135637,0.010755305198524967,467824.73727726325,232793.30407910678,0.0,7734.213280134019,0.0,0.0,0.0,0.0,0.0,0.0,5
2024-09-24,700618.04135637,701045.9893947721,0.0006108150420642833,0.0,701045.9893947721,0.0,8162.161318536157,467824.7372772633,0.0,554.9458668014588,0.0,554.9458668014588,0.6677315022770073,15
2024-09-25,701045.9893947721,700288.9250255751,-0.001079906854399959,467728.3289891878,232560.59603638743,-96.4082880755268,7501.505237414662,0.0,468213.503995579,0.0,485.1750063913229,485.1750063913229,0.6678784431814491,5
2024-09-26,700288.9250255751,698059.2663144533,-0.003183912570144276,467728.3289891878,230330.93732526555,0.0,5271.846526292815,0.0,0.0,0.0,0.0,0.0,0.0,5
2024-09-27,698059.2663144533,698585.3550909337,0.000753644857775404,467728.3289891878,230857.026101746,0.0,5797.935302773272,0.0,0.0,0.0,0.0,0.0,0.0,5
2024-09-30,698585.3550909337,697646.9422449283,-0.0013433044926675075,467728.3289891878,229918.6132557406,0.0,4859.522456767867,0.0,0.0,0.0,0.0,0.0,0.0,5
2024-10-01,697646.9422449283,696491.6073331626,-0.0016560452598675113,467728.3289891878,228763.2783439748,0.0,3704.1875450020525,0.0,0.0,0.0,0.0,0.0,0.0,5
2024-10-03,696491.6073331626,690566.8863821407,-0.008506521670386569,505501.2030677546,185065.683314386,-3252.8254624517285,1032.2920564318702,0.0,37812.05591401844,0.0,39.18183545155967,39.18183545155967,0.05428932023861599,4
2024-10-04,690566.8863821407,690252.7217717492,-0.0004549372647121297,505501.2030677546,184751.51870399454,0.0,718.1274460403947,0.0,0.0,0.0,0.0,0.0,0.0,4
2024-10-07,690252.7217717492,687957.1171290259,-0.003325745151472881,0.0,687957.1171290259,3056.443775297368,-4633.920971980224,552046.7383474321,46593.81700429656,654.8521942429211,48.2817246190942,703.1339188620153,0.867277355770696,15
2024-10-08,687957.1171290259,695634.4165919228,0.011159561071096613,482345.4209571365,213288.99563478617,3904.9143893620276,-861.5358984454651,0.0,482845.75828586204,0.0,500.3373287255257,500.3373287255257,0.7018544415978543,5
2024-10-09,695634.4165919228,699025.3998000165,0.004874662793004081,560472.1887488735,138553.211051143,297.952360889627,2231.4949487587583,0.0,78207.80875657364,0.0,81.04096483658927,81.04096483658927,0.11242659490560021,3
2024-10-10,699025.3998000165,694138.6017013919,-0.0069908734361050495,618779.5972522451,75359.00444914687,-3231.140808156444,575.8376582905621,0.0,58367.89082941408,0.0,60.48232604260044,60.48232604260044,0.08349895561178819,2
2024-10-11,694138.6017013919,695281.0428607888,0.0016458401198213846,618779.5972522451,76501.44560854367,0.0,1718.2788176873582,0.0,0.0,0.0,0.0,0.0,0.0,2
2024-10-14,695281.0428607888,693459.5554353783,-0.0026197858320942125,0.0,693459.5554353783,-2443.3194357753528,2340.1108280524422,653139.3937062984,34395.43790108794,774.7709304386476,35.64144703449276,810.4123774731404,0.9888588775245043,15
2024-10-15,693459.5554353783,693809.3912286509,0.0005044790147177292,500292.8637535623,193516.52747508854,-447.33808793315256,3137.2847092580632,0.0,500811.81798046094,0.0,518.9542268986212,518.9542268986212,0.7221932613878738,4
2024-10-16,693809.3912286509,691999.3893850049,-0.0026087883308133497,500292.8637535623,191706.52563144258,0.0,1327.2828656121055,0.0,0.0,0.0,0.0,0.0,0.0,4
2024-10-17,691999.3893850049,688499.4616519568,-0.005057703499071864,500292.8637535623,188206.59789839442,0.0,-2172.6448674360436,0.0,0.0,0.0,0.0,0.0,0.0,4
2024-10-18,688499.4616519568,688701.2414102072,0.0002930717734568322,500292.8637535623,188408.37765664488,0.0,-1970.8651091856009,0.0,0.0,0.0,0.0,0.0,0.0,4
2024-10-21,688701.2414102072,687672.3752086712,-0.001493922385604085,500292.8637535623,187379.51145510882,0.0,-2999.7313107216323,0.0,0.0,0.0,0.0,0.0,0.0,4
2024-10-22,687672.3752086712,682241.4234049214,-0.007897586117374233,0.0,682241.4234049215,0.0,-8430.683114471365,500292.8637535624,0.0,593.4604025989331,0.0,593.4604025989331,0.7275163025150613,15
2024-10-23,682241.4234049214,670863.3934506288,-0.016677424682757125,455460.0949660825,215403.29848454637,-11479.911203909029,-8328.801864854948,0.0,455932.5441225485,0.0,472.4491564659319,472.4491564659319,0.6682862231482316,5
2024-10-24,670863.3934506288,670493.7886892548,-0.0005509389318039126,455460.0949660825,215033.6937231722,0.0,-8698.406626229087,0.0,0.0,0.0,0.0,0.0,0.0,5
2024-10-25,670493.7886892548,665671.7265739624,-0.0071918072868639715,455460.0949660825,210211.63160787988,0.0,-13520.468741521428,0.0,0.0,0.0,0.0,0.0,0.0,5
2024-10-28,665671.7265739624,667855.0256861516,0.003279843540037408,0.0,667855.0256861516,-7859.317169495545,-3477.852459836715,534686.0302907601,79308.11645696132,634.2584709676872,82.1811322837312,716.4396032514184,0.9223677711351631,9
2024-10-29,667855.0256861516,669411.4060421494,0.0023304164768376268,536672.7004774464,132738.705564703,1986.6701866863004,-3908.1422905251675,0.0,537229.3915409253,0.0,556.6910634788868,556.6910634788868,0.8044101951452381,3
2024-10-30,669411.4060421494,669881.5043758638,0.0007022562350615935,569591.017331626,100290.48704423779,-434.5407293911412,-3003.5032274195546,0.0,32952.46305315941,0.0,34.14619897972315,34.14619897972315,0.049226025663334096,2
2024-10-31,669881.5043758638,670468.8022902682,0.0008767191071377134,569591.017331626,100877.78495864212,0.0,-2416.20531301522,0.0,0.0,0.0,0.0,0.0,0.0,2
2024-11-01,670468.8022902682,670520.4277380347,7.699903051450185e-05,569591.017331626,100929.41040640869,0.0,-2364.57986524867,0.0,0.0,0.0,0.0,0.0,0.0,2
2024-11-04,670520.4277380347,670703.5972145473,0.000273175087492028,569591.017331626,101112.57988292127,0.0,-2181.4103887360834,0.0,0.0,0.0,0.0,0.0,0.0,2
2024-11-05,670703.5972145473,670327.4579186388,-0.0005608129991707678,569591.017331626,100736.44058701274,0.0,-2557.5496846446185,0.0,0.0,0.0,0.0,0.0,0.0,2
2024-11-06,670327.4579186388,672835.7381076778,0.003741872959862169,569591.017331626,103244.72077605169,0.0,-49.269495605665725,0.0,0.0,0.0,0.0,0.0,0.0,2
2024-11-07,672835.7381076778,670374.9139858518,-0.003657392112890623,569591.017331626,100783.89665422571,0.0,-2510.093617431645,0.0,0.0,0.0,0.0,0.0,0.0,2
2024-11-08,670374.9139858518,670474.4161853943,0.0001484276894414549,569591.017331626,100883.39885376822,0.0,-2410.5914178891326,0.0,0.0,0.0,0.0,0.0,0.0,2
2024-11-11,670474.4161853943,669214.1731833813,-0.0018796287697046,569591.017331626,99623.1558517552,0.0,-3670.834419902145,0.0,0.0,0.0,0.0,0.0,0.0,2
2024-11-12,669214.1731833813,666974.1711854622,-0.003347212428666424,569591.017331626,97383.15385383609,0.0,-5910.8364178212505,0.0,0.0,0.0,0.0,0.0,0.0,2
2024-11-13,666974.1711854622,665691.8119351825,-0.0019226520391342206,569591.017331626,96100.79460355642,0.0,-7193.195668100925,0.0,0.0,0.0,0.0,0.0,0.0,2
2024-11-14,665691.8119351825,665350.4774038326,-0.0005127515844872699,569591.017331626,95759.46007220651,0.0,-7534.530199450834,0.0,0.0,0.0,0.0,0.0,0.0,2
2024-11-18,665350.4774038326,664234.1658570592,-0.0016777797336664513,393942.0338022558,270292.1320548034,0.0,-8650.8417462242,175648.98352937028,0.0,208.35939113611076,0.0,208.35939113611076,0.2639946757305182,3
2024-11-19,664234.1658570592,667664.948799314,0.00516502028742849,0.0,667664.948799314,2319.0281714960583,-7539.086975465601,571910.0455031221,178152.61807568444,678.4145656369866,184.60637481809417,863.0209404550808,1.129214217114236,6
2024-11-21,667664.948799314,672720.1784592503,0.007571506740060574,478728.95728952094,193991.2211697293,2137.252703585822,-4621.110019115091,0.0,479225.5432573083,0.0,496.5859677873475,496.5859677873475,0.7177635191410257,3
2024-11-22,672720.1784592503,675229.4853788145,0.0037300901621701854,0.0,675229.4853788145,0.0,-2111.8030995507725,478728.95728952094,0.0,567.8807360897193,0.0,567.8807360897193,0.711631630235869,6
2024-11-25,675229.4853788145,685974.8956976735,0.015913716079549944,487991.367258203,197983.5284394705,9262.409968682055,-628.8027493738628,0.0,488497.5611319846,0.0,506.1938737815519,506.1938737815519,0.7234541318318315,3
2024-11-26,685974.8956976735,686707.9564322052,0.001068640760951034,487991.367258203,198716.58917400215,0.0,104.25798515776842,0.0,0.0,0.0,0.0,0.0,0.0,3
2024-11-27,686707.9564322052,686607.0420998628,-0.00014695378347828747,487991.367258203,198615.67484165973,0.0,3.3436528153470135,0.0,0.0,0.0,0.0,0.0,0.0,3
2024-11-28,686607.0420998628,682998.3429046008,-0.005255843552413153,487991.367258203,195006.9756463978,0.0,-3605.355542446574,0.0,0.0,0.0,0.0,0.0,0.0,3
2024-11-29,682998.3429046008,686042.517366674,0.004457074447834275,487991.367258203,198051.150108471,0.0,-561.1810803733679,0.0,0.0,0.0,0.0,0.0,0.0,3
2024-12-02,686042.517366674,689235.8345175432,0.004654692777827485,522933.7887330354,166302.04578450776,-3037.629426195126,5669.765496690903,0.0,34978.667279312554,0.0,36.24580448017293,36.24580448017293,0.05098615084904025,2
2024-12-03,689235.8345175432,688962.842849629,-0.0003960787501788854,522933.7887330354,166029.05411659364,0.0,5396.773828776772,0.0,0.0,0.0,0.0,0.0,0.0,2
2024-12-04,688962.842849629,690028.606302461,0.001546909915234096,522933.7887330354,167094.81756942568,0.0,6462.537281608791,0.0,0.0,0.0,0.0,0.0,0.0,2
2024-12-05,690028.606302461,689889.4219147786,-0.0002017081413887567,522933.7887330354,166955.63318174327,0.0,6323.352893926378,0.0,0.0,0.0,0.0,0.0,0.0,2
2024-12-06,689889.4219147786,690019.2034731403,0.00018811936266738272,522933.7887330354,167085.4147401048,0.0,6453.134452287937,0.0,0.0,0.0,0.0,0.0,0.0,2
2024-12-09,690019.2034731403,687297.9192505853,-0.003943780417787979,0.0,687297.9192505853,0.0,3731.850229733027,522933.7887330353,0.0,620.3176564736336,0.0,620.3176564736336,0.7578539642098397,12
2024-12-10,687297.9192505853,688467.0321522024,0.00170102784959969,437123.7017953675,251343.33035683498,1345.5445178380687,3555.418613512222,0.0,437577.1305950956,0.0,453.4287997280335,453.4287997280335,0.636662964253144,4
2024-12-11,688467.0321522024,687407.7574321985,-0.0015385990476444178,437123.7017953675,250284.05563683092,0.0,2496.1438935081533,0.0,0.0,0.0,0.0,0.0,0.0,4
2024-12-12,687407.7574321985,689211.6092521172,0.0026241365483814505,437123.7017953675,252087.90745674964,0.0,4299.995713426892,0.0,0.0,0.0,0.0,0.0,0.0,4
2024-12-13,689211.6092521172,689094.3445936117,-0.00017014318524433136,437123.7017953675,251970.64279824408,0.0,4182.731054921336,0.0,0.0,0.0,0.0,0.0,0.0,4
2024-12-16,689094.3445936117,689961.4805462577,0.0012583704386044392,0.0,689961.4805462577,-978.275082541295,6028.142090108686,479723.24244057917,42643.72918613128,569.0601829873185,44.18854091962807,613.2487239069466,0.7580485542001836,15
2024-12-17,689961.4805462577,687461.8525947211,-0.0036228514518774624,389207.8128347474,298254.03975997376,-3461.6324248666097,6990.14656343883,0.0,389611.5384407798,0.0,403.7256060323354,403.7256060323354,0.564685927295993,5
2024-12-18,687461.8525947211,686697.0635426387,-0.001112482167840878,389207.8128347474,297489.25070789125,0.0,6225.357511356306,0.0,0.0,0.0,0.0,0.0,0.0,5
2024-12-19,686697.0635426387,682964.6882145797,-0.005435257446425923,389207.8128347474,293756.87537983235,0.0,2492.9821832973685,0.0,0.0,0.0,0.0,0.0,0.0,5
2024-12-20,682964.6882145797,676530.2577912483,-0.00942132226506831,430048.78635087225,246481.47144037596,-2500.4534853035875,-1440.9947547306074,0.0,40883.33789381715,0.0,42.36437769235857,42.36437769235857,0.059861569125477354,4
2024-12-23,676530.2577912483,677206.3812952231,0.0009993987647829439,527868.8096359101,149337.57165931308,2501.6823678508517,-3266.5536186064783,0.0,97921.4920810911,0.0,101.4687960532207,101.4687960532207,0.1447407428616533,3
2024-12-24,677206.3812952231,675434.3690155374,-0.00261665029838698,0.0,675434.3690155374,-1612.4725726973556,-3426.093325594884,569968.7072427495,42143.56786759657,676.1116997177376,43.67026075716812,719.7819604749056,0.9038784807957979,15
2024-12-26,675434.3690155374,677100.127577415,0.002466203436324088,425499.7349839877,251600.39259342727,-249.63454029637796,-1510.7002234208776,0.0,425941.10623273486,0.0,441.3712487471219,441.3712487471219,0.6306180522817557,5
2024-12-27,677100.127577415,678218.9653925707,0.0016523964028167804,470356.6171377646,207862.34825480613,1279.0664260239355,-1670.9288342891014,0.0,44903.41223702561,0.0,46.5300832487241,46.5300832487241,0.06631724084543414,4
2024-12-30,678218.9653925707,680213.735098224,0.0029411883291978747,503938.2322930348,176275.50280518923,-1609.6388204571413,1933.4796918213324,0.0,33616.44939416011,0.0,34.83423888991296,34.83423888991296,0.04956577611288419,3
2024-12-31,680213.735098224,682565.8573526226,0.003457916435719799,503938.2322930348,178627.6250595878,0.0,4285.601946219911,0.0,0.0,0.0,0.0,0.0,0.0,3
2025-01-02,682565.8573526226,685418.1638391141,0.004178800412834027,503938.2322930348,181479.93154607932,0.0,7137.908432711425,0.0,0.0,0.0,0.0,0.0,0.0,3
2025-01-03,685418.1638391141,683746.9855379738,-0.00243818794030759,503938.2322930348,179808.75324493897,0.0,5466.730131571079,0.0,0.0,0.0,0.0,0.0,0.0,3
2025-01-06,683746.9855379738,680013.3135890136,-0.005460604621199905,0.0,680013.3135890136,0.0,1733.058182610941,503938.2322930349,0.0,597.7846335400375,0.0,597.7846335400375,0.7370244300185617,15
2025-01-07,680013.3135890136,676714.8146047898,-0.00485063883060588,463967.85884606757,212746.95575872232,-6374.491294098323,4809.0504924854395,0.0,464449.13311347715,0.0,481.2742674096459,481.2742674096459,0.6830000587226456,4
2025-01-08,676714.8146047898,675188.8448678012,-0.002254967238865424,526254.0058491013,148934.83901869986,-3027.7923675960483,6310.873123092839,0.0,62350.75647801598,0.0,64.60947498218857,64.60947498218857,0.09213741909053613,3
2025-01-09,675188.8448678012,675112.6656373428,-0.00011282655369293515,526254.0058491013,148858.6597882415,0.0,6234.6938926344665,0.0,0.0,0.0,0.0,0.0,0.0,3
2025-01-10,675112.6656373428,672950.3968713183,-0.0032028265444897785,526254.0058491013,146696.39102221705,0.0,4072.4251266100036,0.0,0.0,0.0,0.0,0.0,0.0,3
2025-01-13,672950.3968713183,665588.8367822004,-0.010939231365853064,0.0,665588.8367822004,-1081.5077789612114,-2207.627183546807,599009.3278371508,72830.79114743703,710.5604389229524,75.4691593875441,786.0295983104965,0.9983501341378318,15
2025-01-14,665588.8367822004,652765.5665536703,-0.01926605363534095,368568.09863271785,284197.4679209525,-6519.679262699559,-8511.218149377291,0.0,368950.41464508383,0.0,382.3160123660167,382.3160123660167,0.55432181890066,7
2025-01-15,652765.5665536703,648498.6427483476,-0.006536686406193759,456968.0211376722,191530.6216106754,-6126.70585672959,-6651.436097970447,0.0,88491.61982219621,0.0,91.69731724187508,91.69731724187508,0.13556416630459694,5
2025-01-16,648498.6427483476,648719.9773370675,0.00034130308705337953,456968.0211376722,191751.95619939527,0.0,-6430.101509250577,0.0,0.0,0.0,0.0,0.0,0.0,5
2025-01-17,648719.9773370675,647421.1763845525,-0.0020020979743007317,486200.16752778064,161221.0088567718,-4363.7357627605015,-3365.1666990050544,0.0,29262.468921228854,0.0,30.32253112036929,30.32253112036929,0.04510801261485495,4
2025-01-20,647421.1763845525,648606.3532472479,0.0018306118272402028,0.0,648606.3532472479,-3208.897087303514,1028.9072509937978,588242.0716102974,102147.7522392286,697.7880396379967,105.8481567118469,803.6361963498437,1.0663689249476314,9
2025-01-21,648606.3532472479,645833.8471012285,-0.004274559032822922,423198.7356970906,222635.111404138,-1642.7604659020071,-100.83842912342516,0.0,423637.72011725686,0.0,438.98442016622465,438.98442016622465,0.6531507408096059,3
2025-01-22,645833.8471012285,645787.0746434571,-7.242181248534596e-05,0.0,645787.0746434571,676.3696967953219,-823.9805836902669,489235.33557280793,66105.09969875771,580.3436751751896,68.49982304044491,648.8434982156346,0.8598812802459409,9
2025-01-23,645787.0746434571,660670.0500786479,0.02304625784498371,427513.0088061721,233157.04127247576,7311.954936057817,6747.039915442649,0.0,427956.46842562297,0.0,443.45961945080956,443.45961945080956,0.6626897397441723,3
2025-01-24,660670.0500786479,663327.6257615346,0.0040225460236471555,427513.0088061721,235814.61695536238,0.0,9404.615598329277,0.0,0.0,0.0,0.0,0.0,0.0,3
2025-01-27,663327.6257615346,646965.8405070313,-0.02466622015888309,427513.0088061721,219452.83170085913,0.0,-6957.169656173988,0.0,0.0,0.0,0.0,0.0,0.0,3
2025-01-28,646965.8405070313,641556.3157692205,-0.008361376133199427,427513.0088061721,214043.3069630483,0.0,-12366.694393984792,0.0,0.0,0.0,0.0,0.0,0.0,3
2025-01-29,641556.3157692205,651347.951372484,0.015262316592618008,520757.3830933936,130590.56827909041,-4795.970981161445,2220.9121904402127,0.0,93341.0967585512,0.0,96.72247132972649,96.72247132972649,0.14549166528995358,2
2025-01-30,651347.951372484,651715.3515630753,0.0005640613282305029,520757.3830933936,130957.96846968168,0.0,2588.312381031479,0.0,0.0,0.0,0.0,0.0,0.0,2
2025-01-31,651715.3515630753,650786.7778366848,-0.0014248148737994182,520757.3830933936,130029.39474329124,0.0,1659.7386546410416,0.0,0.0,0.0,0.0,0.0,0.0,2
2025-02-03,650786.7778366848,653553.3293739671,0.004251087501314643,0.0,653553.3293739671,479.14396990215755,3947.146222021198,580571.9014492524,59876.564008274785,688.689484368541,62.04565241603855,750.7351367845795,0.9841141327217438,3
2025-02-04,653553.3293739671,668644.1119801245,0.02309036145621457,594351.4696784539,74292.64230167061,13779.56822920154,5258.360598977,0.0,594967.990979875,0.0,616.521301421112,616.521301421112,0.9103587484586598,1
2025-02-05,668644.1119801245,668843.7914737138,0.00029863344342917486,594351.4696784539,74492.32179525995,0.0,5458.040092566342,0.0,0.0,0.0,0.0,0.0,0.0,1
2025-02-06,668843.7914737138,669043.4784661576,0.0002985554997883,594351.4696784539,74692.00878770364,0.0,5657.727085010032,0.0,0.0,0.0,0.0,0.0,0.0,1
2025-02-07,669043.4784661576,669055.2141732128,1.7541023016987012e-05,594351.4696784539,74703.7444947589,0.0,5669.462792065286,0.0,0.0,0.0,0.0,0.0,0.0,1
2025-02-10,669055.2141732128,669301.8814881493,0.0003686800576561122,594351.4696784539,74950.41180969536,0.0,5916.130107001751,0.0,0.0,0.0,0.0,0.0,0.0,1
2025-02-11,669301.8814881493,667880.6311223502,-0.0021234818026194535,594351.4696784539,73529.16144389637,0.0,4494.879741202763,0.0,0.0,0.0,0.0,0.0,0.0,1
2025-02-12,667880.6311223502,667222.8691131799,-0.000984849655042419,594351.4696784539,72871.39943472597,0.0,3837.1177320323623,0.0,0.0,0.0,0.0,0.0,0.0,1
2025-02-13,667222.8691131799,666835.2458330564,-0.0005809502312752457,594351.4696784539,72483.77615460253,0.0,3449.4944519089186,0.0,0.0,0.0,0.0,0.0,0.0,1
2025-02-14,666835.2458330564,666729.5344833069,-0.0001585269381155774,594351.4696784539,72378.06480485306,0.0,3343.7831021594466,0.0,0.0,0.0,0.0,0.0,0.0,1
2025-02-17,666729.5344833069,666083.5081811917,-0.0009689480796974959,594351.4696784539,71732.03850273791,0.0,2697.756800044299,0.0,0.0,0.0,0.0,0.0,0.0,1
2025-02-18,666083.5081811917,667692.6948346705,0.0024158932531941346,594351.4696784539,73341.22515621663,0.0,4306.943453523025,0.0,0.0,0.0,0.0,0.0,0.0,1
2025-02-19,667692.6948346705,668139.0416431963,0.0006684913763153055,594351.4696784539,73787.57196474244,0.0,4753.290262048831,0.0,0.0,0.0,0.0,0.0,0.0,1
2025-02-20,668139.0416431963,667951.1053555165,-0.0002812832000020915,594351.4696784539,73599.63567706269,0.0,4565.353974369078,0.0,0.0,0.0,0.0,0.0,0.0,1
2025-02-21,667951.1053555165,666318.4322902187,-0.002444300267201327,594351.4696784539,71966.96261176476,0.0,2932.6809090711467,0.0,0.0,0.0,0.0,0.0,0.0,1
2025-02-24,666318.4322902187,662804.8669183756,-0.005273102471091029,0.0,662804.8669183756,206.28566496520943,-787.170127737103,663592.0370461127,69312.39066899219,787.1701277370622,71.82330133336711,858.9934290704293,1.0999311923520139,1
2025-02-25,662804.8669183756,660152.999713221,-0.004000977267237249,0.0,660152.999713221,-2655.016654941137,-784.0206779505825,660937.0203911716,661622.6109428183,784.0206779505379,685.5905516468329,1469.6112295973708,1.9953981893389796,1
2025-02-27,660152.999713221,646985.44134938,-0.019946222117541268,0.0,646985.44134938,-13183.19661442819,-768.3824273634236,647753.8237767434,648425.7393869654,768.3824273633912,671.9156102219977,1440.298037585389,1.963453265722925,1
2025-02-28,646985.44134938,631514.6667097016,-0.023912090830686683,0.0,631514.6667097016,-15489.148270074162,-750.008796967566,632264.6755066692,632920.524209789,750.0087969675743,655.8487031198129,1405.857500087387,1.9555079896044258,1
2025-03-03,631514.6667097016,627649.1936120732,-0.006120955381397897,0.0,627649.1936120732,-3870.0638680103,-745.418026585714,628394.6116386589,629046.44592113,745.4180265856799,651.834282471069,1397.2523090567488,1.9911509959242433,1
2025-03-04,627649.1936120732,633427.2370437391,0.009205848570303488,0.0,633427.2370437391,5784.905637140153,-752.2802320600022,634179.5172757991,634837.3522459675,752.280232060002,657.8349701684299,1410.1152022284318,2.0218569265080566,1
2025-03-05,633427.2370437391,630275.9882310971,-0.004974918393703898,0.0,630275.9882310971,-3154.991345405695,-748.5376992962556,631024.5259303934,631679.0882252686,748.5376992963068,654.5622948753172,1403.099994171624,1.993446982243472,1
2025-03-06,630275.9882310971,622897.4161362159,-0.011706890683856663,0.0,622897.4161362159,-7387.335143899545,-739.7746502779191,623637.1907864938,624284.0901921373,739.7746502778995,646.8994056434377,1386.6740559213372,1.979960056039876,1
2025-03-07,622897.4161362159,616053.7195815834,-0.010986875811884733,0.0,616053.7195815834,-6851.82436684391,-731.6468380665174,616785.3664196499,617425.1584218608,731.6468380665156,639.7920022108511,1371.4388402773666,1.9814025437723315,1
2025-03-10,616053.7195815834,611297.2180174299,-0.0077209201291472684,0.0,611297.2180174299,-4762.15055095288,-725.9978512671078,612023.215868697,612658.0680879595,725.9978512670612,634.852219262514,1360.850070529575,1.987945604465218,1
2025-03-11,611297.2180174299,610701.9544791228,-0.0009737710572897962,0.0,610701.9544791228,-595.970494002453,-725.2908955718158,611427.2453746946,612061.4793932403,725.2908955718424,634.2340185457399,1359.5249141175823,2.0014629360427576,1
2025-03-12,610701.9544791228,610611.9416758104,-0.00014739236161309677,0.0,610611.9416758104,-90.11970565037336,-725.1839932338335,611337.1256690442,611971.2662063402,725.1839932338876,634.140537295931,1359.3245305298187,2.0031185145277015,1
2025-03-13,610611.9416758104,615681.331774981,0.008302146999054516,0.0,615681.331774981,5075.410683283815,-731.2045773470309,616412.536352328,617051.9416175827,731.2045773470766,639.4052652546212,1370.609842601698,2.0200464383069483,1
2025-03-17,615681.331774981,622011.687996595,0.010281871310543034,0.0,622011.687996595,6337.874372980092,-738.7227287130663,622750.4107253081,623396.3902732154,738.7227287130394,645.9795479072529,1384.7022766202922,2.0240126453175695,1
2025-03-18,622011.687996595,617689.8938483284,-0.006948091541794876,0.0,617689.8938483284,-4326.926861409796,-733.5900155699346,618423.4838638983,619064.9750867726,733.5900155699367,641.4912228742661,1375.0812384442029,1.9894938999240237,1
2025-03-19,617689.8938483284,622352.8135775283,0.007548965549928344,0.0,622352.8135775283,4668.457574955304,-739.1278613252798,623091.9414388536,623738.27525687,739.1278613252455,646.3338180163254,1385.4616793415707,2.018537504196043,1
2025-03-20,622352.8135775283,618562.2721100246,-0.006090663342090852,0.0,618562.2721100246,-3795.043246473884,-734.6260823551565,619296.8981923797,619939.295408704,734.6260823551538,642.3972163241797,1377.0232986793335,1.9912116834138942,1
2025-03-21,618562.2721100246,620207.5788342794,0.002659888581051817,0.0,620207.5788342794,1647.2607477826532,-736.5801058829529,620944.1589401624,621588.2648615068,736.5801058829531,644.1059213443798,1380.686027227333,2.008742659915505,1
2025-03-24,620207.5788342794,604099.8634603537,-0.02597149071315974,0.0,604099.8634603537,-16126.8454573052,-717.4500225034717,604817.3134828571,605444.6910132471,717.4500225035158,627.3775303898932,1344.827552893409,1.9513821594551788,15
2025-03-25,604099.8634603537,607955.6715641184,0.006382732950274361,404390.98932935606,203564.68223476224,1179.4470074512938,1958.9110738098607,0.0,404810.4644576992,0.0,419.47512834314387,419.47512834314387,0.6701052076702984,5
2025-03-26,607955.6715641184,604473.6297925588,-0.005727459968588033,404390.98932935606,200082.64046320276,0.0,-1523.1306977496351,0.0,0.0,0.0,0.0,0.0,0.0,5
2025-03-27,604473.6297925588,606646.3188930806,0.0035943488573146887,404390.98932935606,202255.3295637246,0.0,649.5584027722216,0.0,0.0,0.0,0.0,0.0,0.0,5
2025-03-28,606646.3188930806,608503.6756490977,0.0030616797599729573,404390.98932935606,204112.68631974165,0.0,2506.9151587892484,0.0,0.0,0.0,0.0,0.0,0.0,5
2025-04-01,608503.6756490977,603723.6466440491,-0.007855382303072589,0.0,603723.6466440491,0.0,-2273.1138462594354,404390.9893293561,0.0,479.6991057082047,0.0,479.6991057082047,0.6645662228711893,15
2025-04-02,603723.6466440491,597386.07764356,-0.010497466905127983,277531.4096961665,319854.6679473935,-5542.282834382753,-3068.4000123657243,0.0,277819.29327115574,0.0,287.88357498919663,287.88357498919663,0.46017626577240217,7
2025-04-03,597386.07764356,598104.7179515063,0.0012029746504655936,394678.99256071285,203425.7253907934,-3933.8245327702316,1584.0648283507617,0.0,117269.10015512368,0.0,121.51729057734318,121.51729057734318,0.19630370466232086,4
2025-04-04,598104.7179515063,594693.1139810701,-0.005704024509488592,394678.99256071285,200014.12142035732,0.0,-1827.539142085312,0.0,0.0,0.0,0.0,0.0,0.0,4
2025-04-07,594693.1139810701,590082.2926864806,-0.007753278432506505,394678.99256071285,195403.3001257677,0.0,-6438.36043667495,0.0,0.0,0.0,0.0,0.0,0.0,4
2025-04-08,590082.2926864806,593409.2900852907,0.005638192231905759,394678.99256071285,198730.29752457782,0.0,-3111.3630378648522,0.0,0.0,0.0,0.0,0.0,0.0,4
2025-04-09,593409.2900852907,594530.2113642537,0.0018889513489110943,394678.99256071285,199851.2188035408,0.0,-1990.441758901834,0.0,0.0,0.0,0.0,0.0,0.0,4
2025-04-11,594530.2113642537,599875.0395677901,0.00899000269687189,394678.99256071285,205196.04700707732,0.0,3354.386444634656,0.0,0.0,0.0,0.0,0.0,0.0,4
2025-04-15,599875.0395677901,600333.598067394,0.000764423370464451,394678.99256071285,205654.60550668123,0.0,3812.944944238574,0.0,0.0,0.0,0.0,0.0,0.0,4
2025-04-16,600333.598067394,603732.2309557667,0.005661240515796084,394678.99256071285,209053.23839505395,0.0,7211.577832611307,0.0,0.0,0.0,0.0,0.0,0.0,4
2025-04-17,603732.2309557667,606390.725669648,0.004403433471942719,394678.99256071285,211711.73310893524,0.0,9870.0725464926,0.0,0.0,0.0,0.0,0.0,0.0,4
2025-04-21,606390.725669648,608072.2193222316,0.002772954105995984,394678.99256071285,213393.22676151874,0.0,11551.566199076078,0.0,0.0,0.0,0.0,0.0,0.0,4
2025-04-22,608072.2193222316,610718.0254388817,0.004351137961210005,0.0,610718.0254388817,0.0,14197.372315726214,394678.99256071285,0.0,468.1784826293242,0.0,468.1784826293242,0.649065982656845,15
2025-04-23,610718.0254388817,608596.4849201347,-0.003473846243890466,246855.3938666607,361741.091053474,-3107.9680884574227,15183.799885436594,0.0,247111.45718349214,0.0,256.06331683142133,256.06331683142133,0.4046244697066373,7
2025-04-24,608596.4849201347,605080.0859712486,-0.005777882449234828,285146.5064369971,319933.57953425136,-1176.7866857348854,12844.187622285306,0.0,38330.83197503056,0.0,39.71940469415802,39.71940469415802,0.06298234203580828,6
2025-04-25,605080.0859712486,602966.4038566523,-0.003493227034903068,285146.5064369971,317819.89741965523,0.0,10730.505507689188,0.0,0.0,0.0,0.0,0.0,0.0,6
2025-04-28,602966.4038566523,604111.4085006465,0.0018989526392689804,0.0,604111.4085006465,270.0248188431433,11605.485332840122,325737.68548803066,40633.284316707985,386.3985117057247,42.10526567436504,428.5037773800897,0.6076142343277864,41
2025-04-29,604111.4085006465,607848.1177700467,0.006185463834683214,307643.7694430081,300204.34832703864,3621.9296541794215,11720.26494806098,0.0,307962.8885952056,0.0,319.1191521974554,319.1191521974554,0.5097783029119471,6
2025-04-30,607848.1177700467,602277.7836661199,-0.00916402295422436,329151.7212069124,273126.0624592075,-207.89393529776498,6357.824779431925,0.0,21530.261981155967,0.0,22.310217251685323,22.310217251685323,0.03542046335545456,5
2025-05-02,602277.7836661199,603889.1244061474,0.0026754112200837454,354200.5693640928,249688.55504205465,-1263.084680200478,9232.250199659917,0.0,25074.83134937021,0.0,25.983192189832497,25.983192189832497,0.04163333270694035,4
2025-05-05,603889.1244061474,604062.0593131707,0.0002863686395966347,0.0,604062.0593131707,10412.516563402132,-1007.3314567189009,564748.2365376991,210766.06845365587,669.9190416351685,218.40128004945802,888.3203216846266,1.284199820213653,15
2025-05-06,604062.0593131707,599308.4184110296,-0.007869457829458915,430851.15849887877,168457.2599121508,-4793.761309701069,-967.2110491589337,0.0,431298.08078393724,0.0,446.92228505841615,446.92228505841615,0.71399630904535,4
2025-05-07,599308.4184110296,600171.926637695,0.001440841143121041,430851.15849887877,169320.76813881623,0.0,-103.70282249350566,0.0,0.0,0.0,0.0,0.0,0.0,4
2025-05-08,600171.926637695,596410.7685049481,-0.006266801171154079,486895.40031332354,109515.36819162454,-430.58183932515385,-3434.279115915291,0.0,56102.37655569356,0.0,58.13474124880012,58.13474124880012,0.09347717556532897,3
2025-05-09,596410.7685049481,595929.6710558531,-0.0008066545315755791,486895.40031332354,109034.27074252961,0.0,-3915.3765650102214,0.0,0.0,0.0,0.0,0.0,0.0,3
2025-05-12,595929.6710558531,597895.3580465897,0.0032985217655865373,0.0,597895.3580465898,0.0,-1949.6895742737324,486895.40031332365,0.0,577.5679831320725,0.0,577.5679831320725,0.8170350025543361,15
2025-05-13,597895.3580465897,597271.6509131434,-0.0010431710583671538,421824.49303488026,175447.1578782631,-151.5205700002116,-2421.876137719879,0.0,422262.0519519262,0.0,437.5589170459367,437.5589170459367,0.7062474164902655,5
2025-05-14,597271.6509131434,598894.2547882979,0.002716693271267445,453665.6462510444,145228.60853725346,-618.5401380573749,-180.73212450794017,0.0,31874.182072356307,0.0,33.028856192109494,33.028856192109494,0.05336630664392863,4
2025-05-15,598894.2547882979,599844.0590339017,0.001585929799809982,453665.6462510444,146178.4127828572,0.0,769.0721210958,0.0,0.0,0.0,0.0,0.0,0.0,4
2025-05-16,599844.0590339017,599705.7780175558,-0.00023052827524627784,522127.2961455687,77578.481871987,-1647.9258955438563,2278.717000293771,0.0,68532.66522407881,0.0,71.01532955448629,71.01532955448629,0.11425080267437561,2
2025-05-19,599705.7780175558,598592.7256175124,-0.0018559974588253647,0.0,598592.7256175124,220.0591695892581,945.6054306610458,559997.2377510048,37909.22412911829,664.2832833484234,39.28252368241972,703.5658070308432,0.9969996684984747,15
2025-05-20,598592.7256175124,587194.1673462614,-0.01904225992638331,402411.44723298075,184782.7201132807,-8253.193784422605,-2199.759056167175,0.0,402828.86898056907,0.0,417.4217475882591,417.4217475882591,0.6729598468892318,5
2025-05-21,587194.1673462614,586450.0088020233,-0.0012673125613650305,476278.09585009946,110171.91295192382,-799.649749682023,-2144.267850723416,0.0,73943.27055659438,0.0,76.62193947577757,76.62193947577757,0.1259264391040705,3
2025-05-22,586450.0088020233,586391.1381482239,-0.00010038477775731192,0.0,586391.1381482237,0.0,-2203.1385045228635,476278.0958500996,0.0,564.97346052788,0.0,564.97346052788,0.8121375883735112,15
2025-05-23,586391.1381482239,588990.6046495328,0.004432990767080591,318372.1278244901,270618.4768250428,853.3972577570748,-457.0692609709258,0.0,318702.3755122577,0.0,330.2476877675647,330.2476877675647,0.5434979398199881,6
2025-05-26,588990.6046495328,590162.2209283338,0.001989193494008612,350482.1621020043,239680.05882632956,358.1612208408842,356.3857969891251,0.0,32143.342044267345,0.0,33.307766753162966,33.307766753162966,0.054573607440467756,5
2025-05-27,590162.2209283338,586596.653452305,-0.0060416735426068735,350482.1621020043,236114.4913503008,0.0,-3209.1816790396115,0.0,0.0,0.0,0.0,0.0,0.0,5
2025-05-28,586596.653452305,586264.4646949568,-0.0005662984188422593,443963.040314919,142301.42438003773,-1774.7409571051394,-1766.6294792827975,0.0,93577.8460099743,0.0,96.96779705953163,96.96779705953163,0.15952673009509918,4
2025-05-29,586264.4646949568,586479.0252471049,0.0003659791187580197,443963.040314919,142515.9849321859,0.0,-1552.0689271346018,0.0,0.0,0.0,0.0,0.0,0.0,4
2025-05-30,586479.0252471049,586981.5270973739,0.0008568112901516933,443963.040314919,143018.48678245483,0.0,-1049.5670768657037,0.0,0.0,0.0,0.0,0.0,0.0,4
2025-06-02,586981.5270973739,585554.8985833836,-0.0024304487417941,0.0,585554.8985833838,179.79536392882437,-2655.9909547846473,475894.7087355211,31964.79116829528,564.5186767645023,33.12274769315794,597.6414244576604,0.8652052517141107,15
2025-06-03,585554.8985833836,581036.7091149569,-0.0077160817531498616,314145.3323738292,266891.3767411277,-3117.8067831848784,-4056.373640026606,0.0,314471.1956029641,0.0,325.8632291348771,325.8632291348771,0.5370481851723132,6
2025-06-04,581036.7091149569,588187.0634380071,0.012306200642540732,412625.9085913121,175561.15484669502,3301.634470378718,-207.65378735504055,0.0,98582.73020567304,0.0,102.15398819010376,102.15398819010376,0.16966695676738844,5
2025-06-05,588187.0634380071,587330.8515832707,-0.0014556795073522588,412625.9085913121,174704.94299195858,0.0,-1063.8656420914886,0.0,0.0,0.0,0.0,0.0,0.0,5
2025-06-06,587330.8515832707,590485.4792449313,0.0053711254110977436,484856.0566079782,105629.42263695307,2853.9516651180274,-763.1896455489587,0.0,72305.0724126319,0.0,74.9243959658519,74.9243959658519,0.12310790794952922,3
2025-06-09,590485.4792449313,590501.4354190243,2.7022127814912977e-05,0.0,590501.4354190243,-1406.5430954750555,659.3096240191371,558115.8118793039,73335.74767980081,662.0514870623392,75.99240847524928,738.0438955375884,1.069376947874413,15
2025-06-10,590501.4354190243,587260.3956395802,-0.005488623032972373,443245.05611307645,144015.33952650373,-3247.5933903665937,665.8632349415493,0.0,443704.8345990137,0.0,459.77848593719756,459.77848593719756,0.751403481829231,4
2025-06-11,587260.3956395802,586609.881518095,-0.0011077098444153277,480471.2238736264,106138.65764446858,18.446968596355873,-3.097855140003958,0.0,37264.78249705774,0.0,38.61473650779616,38.61473650779616,0.06345529644728211,3
2025-06-12,586609.881518095,585657.357299709,-0.0016237779969219268,518104.35238786915,67553.00491183979,425.40772228917194,-1381.029795815215,0.0,37672.16539149773,0.0,39.03687725497012,39.03687725497012,0.06422013433187566,2
2025-06-13,585657.357299709,584893.9036577743,-0.0013035841391196845,518104.35238786915,66789.55126990522,0.0,-2144.483437749779,0.0,0.0,0.0,0.0,0.0,0.0,2
2025-06-16,584893.9036577743,584610.0560180384,-0.00048529765477256515,0.0,584610.0560180384,-1734.0278286098037,-694.3032488757672,585304.3592669143,67269.71350519183,694.3032488757544,69.7066261466309,764.0098750223855,1.115713582738814,15
2025-06-17,584610.0560180384,583187.270073387,-0.0024337349828404964,353108.6609694959,230078.60910389113,-155.59163354183693,-1961.4975599854442,0.0,353474.94089359825,0.0,366.2799241024098,366.2799241024098,0.6046336994290287,6
2025-06-18,583187.270073387,584763.4649519782,0.0027027251098825644,353108.6609694959,231654.80398248235,0.0,-385.3026813941906,0.0,0.0,0.0,0.0,0.0,0.0,6
2025-06-19,584763.4649519782,580811.8729288125,-0.006757590478895903,353108.6609694959,227703.2119593167,0.0,-4336.894704559876,0.0,0.0,0.0,0.0,0.0,0.0,6
2025-06-20,580811.8729288125,581602.0830498287,0.0013605268036815943,387999.06522035744,193603.01782947115,-2048.249324043565,-1498.4352595002638,0.0,34926.59609782964,0.0,36.19184696806962,36.19184696806962,0.060134094576455806,5
2025-06-23,581602.0830498287,584053.1572933401,0.004214349148576657,0.0,584053.15729334,-121.10730756444536,1073.746291575706,498693.91863750835,110809.67728580613,591.563692329697,114.82386865516172,706.3875609848587,1.0479735435732533,15
2025-06-24,584053.1572933401,595636.5696051273,0.01983280488623307,0.0,595636.5696051272,10109.500839308625,2547.657764054282,442310.8969918158,442769.7064736764,524.6806860950137,458.8094818603917,983.4901679554055,1.515411041637365,15
2025-06-25,595636.5696051273,595711.5522810715,0.0001258866224314037,441869.1588044175,153842.3934766541,-441.7381873983977,3064.3786273969963,0.0,442327.5100708681,0.0,458.35126645069545,458.35126645069545,0.7426130842908214,4
2025-06-26,595711.5522810715,598085.573706138,0.003985186145838426,475972.600221276,122112.97348486193,857.1801743579417,4581.219878105381,0.0,34138.816946587795,0.0,35.37552972929489,35.37552972929489,0.0573076295328922,3
2025-06-27,598085.573706138,598182.9361075388,0.00016279008503339298,475972.600221276,122210.33588626281,0.0,4678.582279506263,0.0,0.0,0.0,0.0,0.0,0.0,3
2025-06-30,598182.9361075388,600630.7967485018,0.004092160597043426,475972.600221276,124658.19652722587,0.0,7126.442920469322,0.0,0.0,0.0,0.0,0.0,0.0,3
2025-07-01,600630.7967485018,603619.7497325751,0.004976356524263981,525081.4148321906,78538.33490038448,1761.9758215638503,8353.420082978788,0.0,49159.75522743501,0.0,50.940616520304076,50.940616520304076,0.08184687747208431,2
2025-07-02,603619.7497325751,601597.4570399724,-0.0033502758872595573,525081.4148321906,76516.04220778169,0.0,6331.127390375987,0.0,0.0,0.0,0.0,0.0,0.0,2
2025-07-03,601597.4570399724,602143.1469838365,0.0009070682355425408,525081.4148321906,77061.73215164585,0.0,6876.817334240157,0.0,0.0,0.0,0.0,0.0,0.0,2
2025-07-04,602143.1469838365,602558.159396217,0.0006892255013766224,525081.4148321906,77476.74456402627,0.0,7291.829746620577,0.0,0.0,0.0,0.0,0.0,0.0,2
2025-07-07,602558.159396217,603013.4970938261,0.0007556742706220643,525081.4148321906,77932.08226163537,0.0,7747.167444229672,0.0,0.0,0.0,0.0,0.0,0.0,2
2025-07-08,603013.4970938261,602141.1527515324,-0.001446641487293232,525081.4148321906,77059.73791934166,0.0,6874.823101935952,0.0,0.0,0.0,0.0,0.0,0.0,2
2025-07-09,602141.1527515324,603503.8702946356,0.002263119763324939,525081.4148321906,78422.45546244492,0.0,8237.540645039226,0.0,0.0,0.0,0.0,0.0,0.0,2
2025-07-10,603503.8702946356,602463.1747304793,-0.0017244223531629466,525081.4148321906,77381.75989828858,0.0,7196.845080882878,0.0,0.0,0.0,0.0,0.0,0.0,2
2025-07-11,602463.1747304793,603555.3275321508,0.0018128125460283862,525081.4148321906,78473.91269996007,0.0,8288.997882554373,0.0,0.0,0.0,0.0,0.0,0.0,2
2025-07-14,603555.3275321508,603161.6873054826,-0.0006522023892618911,525081.4148321906,78080.27247329187,0.0,7895.357655886182,0.0,0.0,0.0,0.0,0.0,0.0,2
2025-07-15,603161.6873054826,603180.4207382397,3.105872463615711e-05,525081.4148321906,78099.00590604896,0.0,7914.091088643254,0.0,0.0,0.0,0.0,0.0,0.0,2
2025-07-16,603180.4207382397,604171.1298515042,0.0016424755830968252,525081.4148321906,79089.71501931355,0.0,8904.800201907849,0.0,0.0,0.0,0.0,0.0,0.0,2
2025-07-17,604171.1298515042,603830.0586098578,-0.0005645275399541738,525081.4148321906,78748.64377766717,0.0,8563.728960261476,0.0,0.0,0.0,0.0,0.0,0.0,2
2025-07-18,603830.0586098578,602910.5144707053,-0.0015228525411098426,558778.9273569896,44131.58711371579,451.25128229829716,7192.933538810648,0.0,33732.466984131956,0.0,34.954459333099116,34.954459333099116,0.0558641732109049,1
2025-07-21,602910.5144707053,601908.89692389,-0.0016613038299633232,0.0,601908.89692389,0.0,6191.315991995245,558778.9273569896,0.0,662.8380918829721,0.0,662.8380918829721,0.9268024258086479,15
2025-07-22,601908.89692389,599479.2997911824,-0.0040364864934282485,0.0,599479.2997911824,-1096.4582794002854,4858.1771386879045,371422.8266252595,371808.103849479,440.591413936375,385.27722421953024,825.8686381559053,1.2347897402299375,15
2025-07-23,599479.2997911824,598241.6853527958,-0.0020644823579691884,368946.72615228646,229294.9592005094,-2476.100472973005,6096.663173274392,0.0,369329.43491531094,0.0,382.7087630245531,382.7087630245531,0.6160837163918088,6
2025-07-24,598241.6853527958,599549.1169688659,0.002185457229211707,368946.72615228646,230602.39081657946,0.0,7404.094789344454,0.0,0.0,0.0,0.0,0.0,0.0,6
2025-07-25,599549.1169688659,596860.3582499761,-0.004484634607558657,368946.72615228646,227913.6320976896,0.0,4715.336070454614,0.0,0.0,0.0,0.0,0.0,0.0,6
2025-07-28,596860.3582499761,596994.842339747,0.00022531918548795993,368946.72615228646,228048.11618746055,0.0,4849.820160225536,0.0,0.0,0.0,0.0,0.0,0.0,6
2025-07-29,596994.842339747,598827.456129001,0.0030697313599421516,404043.47553858435,194783.98059041658,-2155.1791041680553,8837.613053647561,0.0,35133.15527525618,0.0,36.405888958257606,36.405888958257606,0.058850014746462516,5
2025-07-30,598827.456129001,596692.3914731126,-0.0035654087567895676,404043.47553858435,192648.91593452822,0.0,6702.548397759194,0.0,0.0,0.0,0.0,0.0,0.0,5
2025-07-31,596692.3914731126,596848.8051680763,0.00026213455575918587,440515.66246401577,156333.14270406053,-779.7415650345501,7638.703657757484,0.0,36510.01955695685,0.0,37.832631525427175,37.832631525427175,0.06118733886788972,4
2025-08-01,596848.8051680763,593291.1753925572,-0.005960688443562012,440515.66246401577,152775.51292854134,0.0,4081.0738822382846,0.0,0.0,0.0,0.0,0.0,0.0,4
2025-08-04,593291.1753925572,595220.1376007579,0.003251290914489724,0.0,595220.1376007579,-899.4833155001106,6909.519405939234,551371.9646199135,110971.29349547146,654.0517601032216,114.9913395736384,769.0430996768599,1.1163881843972123,15
2025-08-05,595220.1376007579,592284.4488440411,-0.004932105907152429,420332.2978061226,171952.15103791846,-3557.4208265427587,7531.25147576513,0.0,420768.3088677474,0.0,436.01106162479044,436.01106162479044,0.706912085608865,5
2025-08-06,592284.4488440411,589451.9102379538,-0.004782395708034515,451152.28180637816,138299.62843157558,-1050.5774965564233,5749.290366234291,0.0,30851.953596723346,0.0,31.96959646771825,31.96959646771825,0.05208975798189023,4
2025-08-07,589451.9102379538,592036.335621818,0.004384455014864397,483102.76147326187,108933.57414855604,79.91817007163627,8253.79758002681,0.0,31983.62192749913,0.0,33.14226061544472,33.14226061544472,0.05425993430844558,3
2025-08-08,592036.335621818,591010.1866208552,-0.001733253415746816,483102.76147326187,107907.42514759334,0.0,7227.648579064098,0.0,0.0,0.0,0.0,0.0,0.0,3
2025-08-11,591010.1866208552,590883.3450776424,-0.00021461820131751796,0.0,590883.3450776424,7802.560661145257,-701.7536252940408,591585.0987029363,108594.8660533455,701.7536252939894,112.52882367099397,814.2824489649834,1.1847172529455252,15
2025-08-12,590883.3450776424,596877.5073385612,0.010144408893655976,316493.95942130504,280383.54791725613,981.9067797389434,4310.501855885828,0.0,316822.25888333865,0.0,328.2994620336465,328.2994620336465,0.5361841072736753,7
2025-08-13,596877.5073385612,598816.8405261801,0.003249130958655533,316493.95942130504,282322.88110487506,0.0,6249.83504350474,0.0,0.0,0.0,0.0,0.0,0.0,7
2025-08-14,598816.8405261801,597484.8090988259,-0.002224438822034047,356721.86141325714,240762.9476855688,788.8954117563335,4128.908204394225,0.0,40269.63043001407,0.0,41.72843806197176,41.72843806197176,0.06724866053304239,6
2025-08-18,597484.8090988259,598541.5560349168,0.0017686590855501283,396075.7568079702,202465.79922694666,-85.1111854827177,5270.766325967845,0.0,39394.717224964195,0.0,40.82183025115575,40.82183025115575,0.06593425744895914,5
2025-08-19,598541.5560349168,598852.64733531,0.000519748875005499,0.0,598852.64733531,3681.8821132699813,1899.9755130910853,518074.65866182745,122125.45142188235,614.5536300457849,126.54956802509147,741.1031980708764,1.069600103165373,15
2025-08-20,598852.64733531,595396.3328935365,-0.005771560762322547,368409.2256957849,226987.10719775164,-3378.930532631377,1822.591603948993,0.0,368791.37690911395,0.0,382.1512133290235,382.1512133290235,0.6158299183448713,6
2025-08-21,595396.3328935365,594420.1641829055,-0.001639527583058964,368409.2256957849,226010.93848712058,0.0,846.4228933179256,0.0,0.0,0.0,0.0,0.0,0.0,6
2025-08-22,594420.1641829055,592098.438295438,-0.0039058666367063344,0.0,592098.438295438,-1844.2654185240608,368.9624243744511,473075.31792927365,104774.66246287405,561.1742420859706,108.57022938525412,669.7444714712249,0.9721237858518222,15
2025-08-25,592098.438295438,588485.8969279088,-0.006101251301944277,431980.7357892382,156505.1611386705,-3149.656828623425,-93.92211453138225,0.0,432428.8297858119,0.0,448.0939965736327,448.0939965736327,0.7303326639920031,5
2025-08-26,588485.8969279088,587066.0083156355,-0.0024127827356366094,431980.7357892382,155085.27252639725,0.0,-1513.810726804597,0.0,0.0,0.0,0.0,0.0,0.0,5
2025-08-28,587066.0083156355,586365.9618610569,-0.0011924493066582942,431980.7357892382,154385.22607181864,0.0,-2213.8571813832023,0.0,0.0,0.0,0.0,0.0,0.0,5
2025-08-29,586365.9618610569,586307.4326230953,-9.981690918026143e-05,431980.7357892382,154326.69683385704,0.0,-2272.3864193448026,0.0,0.0,0.0,0.0,0.0,0.0,5
2025-09-01,586307.4326230953,588111.5080243736,0.003077012674403523,0.0,588111.5080243736,-838.44733756184,370.13631949540286,457547.33890554105,25593.12337616643,542.7545496405644,26.520259863591434,569.2748095041558,0.8240394635970645,15
2025-09-02,588111.5080243736,596458.7961415187,0.014193376601634666,433395.03629806306,163063.7598434557,6350.853319558111,2366.5711170824543,0.0,433844.5973497965,0.0,449.56105173339023,449.56105173339023,0.737691052513491,5
2025-09-03,596458.7961415187,598375.1039832841,0.0032128084188913775,433395.03629806306,164980.06768522097,0.0,4282.878958847723,0.0,0.0,0.0,0.0,0.0,0.0,5
2025-09-04,598375.1039832841,598401.7758321003,4.457379432842856e-05,433395.03629806306,165006.73953403716,0.0,4309.550807663909,0.0,0.0,0.0,0.0,0.0,0.0,5
2025-09-05,598401.7758321003,599449.0199985119,0.001750068613943112,433395.03629806306,166053.98370044882,0.0,5356.794974075579,0.0,0.0,0.0,0.0,0.0,0.0,5
2025-09-08,599449.0199985119,600113.9876208395,0.0011092980389380003,433395.03629806306,166718.95132277644,0.0,6021.762596403187,0.0,0.0,0.0,0.0,0.0,0.0,5
2025-09-09,600113.9876208395,601636.4951536525,0.002537030571223564,433395.03629806306,168241.45885558944,0.0,7544.270129216202,0.0,0.0,0.0,0.0,0.0,0.0,5
2025-09-10,601636.4951536525,602700.1446616438,0.0017679271729014179,433395.03629806306,169305.10836358066,0.0,8607.919637207386,0.0,0.0,0.0,0.0,0.0,0.0,5
2025-09-11,602700.1446616438,603122.2217603911,0.0007003102662008764,473922.4249646037,129199.7967957875,2582.463355128508,6447.533380826306,0.0,40569.42776239309,0.0,42.03909585251354,42.03909585251354,0.06731278915681825,4
2025-09-12,603122.2217603911,603524.6420215475,0.0006672283769977305,473922.4249646037,129602.21705694383,0.0,6849.953641982644,0.0,0.0,0.0,0.0,0.0,0.0,4
2025-09-15,603524.6420215475,603597.8082638892,0.00012123157406884744,0.0,603597.8082638893,3198.0973417378664,3725.022542586492,507623.6782333775,33736.211608384045,602.1564053360665,34.95833961010937,637.1147449461758,0.8969971599310993,15
2025-09-16,603597.8082638892,601424.4406658023,-0.0036006883529581257,437499.6850388433,163924.75562695903,-2440.8360967505505,3992.491041250236,0.0,437953.50384632003,0.0,453.8188074766568,453.8188074766568,0.7255717264878628,5
2025-09-17,601424.4406658023,601345.4038426033,-0.00013141604805999574,470907.5616438915,130437.84219871173,-433.7019438436546,4347.156161894771,0.0,33442.53062478739,0.0,34.65401973920094,34.65401973920094,0.055605539721274196,4
2025-09-18,601345.4038426033,602255.0714796998,0.0015127206947682659,504917.08865067584,97337.98282902397,167.94845789246756,5088.875341098839,0.0,34044.80511901357,0.0,35.27811222925496,35.27811222925496,0.05661439316151235,3
2025-09-19,602255.0714796998,602256.2700001529,1.9900545629170097e-06,504917.08865067584,97339.181349477,0.0,5090.073861551893,0.0,0.0,0.0,0.0,0.0,0.0,3
2025-09-22,602256.2700001529,601926.1931403554,-0.0005480671206584686,504917.08865067584,97009.10448967955,0.0,4759.997001754429,0.0,0.0,0.0,0.0,0.0,0.0,3
2025-09-23,601926.1931403554,600985.2342094282,-0.0015632463608504787,0.0,600985.2342094281,0.0,3819.0380708271623,504917.08865067596,0.0,598.9457784017368,0.0,598.9457784017368,0.8388355489506683,15
2025-09-24,600985.2342094282,601479.2790593207,0.0008220582166920121,402781.1912744427,198698.08778487786,-1152.4796460979378,5465.562566817549,0.0,403198.99655784987,0.0,417.80528340715455,417.80528340715455,0.6708966770011278,6
2025-09-25,601479.2790593207,603482.4771445601,0.003330452361338665,402781.1912744427,200701.28587011737,0.0,7468.760652057081,0.0,0.0,0.0,0.0,0.0,0.0,6
2025-09-26,603482.4771445601,598356.290684539,-0.008494341847796738,436520.77101501415,161835.51966952483,78.44049719299073,2264.1336948429453,0.0,33774.57783626434,0.0,34.99809569296085,34.99809569296085,0.05596612845508333,5
2025-09-29,598356.290684539,600946.9238563179,0.004329582912573793,0.0,600946.9238563179,-1151.7267699776894,6006.493636599545,469030.18348841474,32543.13451550717,556.3757984387283,33.72204210646593,590.0978405451942,0.8382519341947684,15
2025-09-30,600946.9238563179,605164.4403090813,0.007018118048927491,439274.451531395,165889.9887776863,1512.9469422078255,8711.06314715512,0.0,439730.1113057129,0.0,455.65977431787366,455.65977431787366,0.7317286999056996,5
2025-10-01,605164.4403090813,606346.1173583723,0.0019526544697296977,439274.451531395,167071.6658269773,0.0,9892.74019644611,0.0,0.0,0.0,0.0,0.0,0.0,5
2025-10-03,606346.1173583723,607651.696488253,0.002153191209615768,439274.451531395,168377.24495685796,0.0,11198.31932632679,0.0,0.0,0.0,0.0,0.0,0.0,5
2025-10-06,607651.696488253,609499.5289153927,0.0030409401270805603,439274.451531395,170225.07738399773,0.0,13046.151753466547,0.0,0.0,0.0,0.0,0.0,0.0,5
2025-10-07,609499.5289153927,608733.7980260646,-0.0012563272865701025,470106.17566391313,138627.6223621515,-436.9547667095612,12717.375630848011,0.0,30863.705907035317,0.0,31.981774517223577,31.981774517223577,0.0506377846787797,4
2025-10-08,608733.7980260646,610075.0574580698,0.002203359557748197,470106.17566391313,139968.8817941567,0.0,14058.635062853205,0.0,0.0,0.0,0.0,0.0,0.0,4
2025-10-09,610075.0574580698,613607.446445477,0.005790089177100999,470106.17566391313,143501.27078156386,0.0,17591.024050260352,0.0,0.0,0.0,0.0,0.0,0.0,4
2025-10-10,613607.446445477,612119.7005954158,-0.0024245889757033012,470106.17566391313,142013.52493150264,0.0,16103.278200199118,0.0,0.0,0.0,0.0,0.0,0.0,4
2025-10-13,612119.7005954158,612349.4809778986,0.0003753847201115601,0.0,612349.4809778986,4200.5865762919275,12132.472006389995,527116.8631479344,57069.82472021181,625.2797281045216,59.13723619052621,684.4169642950479,0.9543667477127451,15
2025-10-14,612349.4809778986,605897.4287346499,-0.010536552154735257,451217.0601701548,154680.368564495,-5617.554558055024,11297.974321196278,0.0,451685.10802290094,0.0,468.04785274613863,468.04785274613863,0.7376263425610767,4
2025-10-15,605897.4287346499,608415.9349842181,0.004156654460190978,451217.0601701548,157198.87481406328,0.0,13816.480570764543,0.0,0.0,0.0,0.0,0.0,0.0,4
2025-10-16,608415.9349842181,609297.97920259,0.001449738850766158,486786.9478154054,122511.03138718459,428.76343538824585,14269.76135374813,0.0,35606.78432094029,0.0,36.89667568975068,36.89667568975068,0.05852375369140177,3
2025-10-17,609297.97920259,609073.3350019256,-0.0003686934937128239,486786.9478154054,122286.38718652022,0.0,14045.117153083775,0.0,0.0,0.0,0.0,0.0,0.0,3
2025-10-20,609073.3350019256,613991.5780333406,0.008074960351694749,0.0,613991.5780333406,4482.994155212909,14480.366029285913,526411.0661804806,39665.22049785081,624.4424933910067,41.10213277560596,665.5446261666126,0.9294057942571756,15
2025-10-21,613991.5780333406,617636.4049292168,0.005936281581501168,387677.78225227154,229958.6226769453,1643.0003865857943,16482.19253857634,0.0,388079.9207562371,0.0,402.1385039655525,402.1385039655525,0.632060657899063,6
2025-10-23,617636.4049292168,613666.2371426276,-0.0064280015797388845,0.0,613666.2371426276,-1661.2845397214478,14173.309291708501,421110.56879124884,33467.466397812794,499.53230557496806,34.67985883553996,534.212164410508,0.7359961808617123,15
2025-10-24,613666.2371426276,611696.7094295758,-0.0032094444729798832,358742.31377056654,252954.3956590093,-3210.3763794380575,15414.157958094787,0.0,359114.4374876666,0.0,372.12371710009484,372.12371710009484,0.585195038853346,6
2025-10-27,611696.7094295758,614875.6073486268,0.005196853064675544,396960.3416133967,217915.26573523023,-549.7503823970328,19142.806259542864,0.0,38257.67143667226,0.0,39.64359384213716,39.64359384213716,0.06254352990119662,5
2025-10-28,614875.6073486268,616682.4048446042,0.0029384764566744437,396960.3416133967,219722.06323120752,0.0,20949.60375552017,0.0,0.0,0.0,0.0,0.0,0.0,5
2025-10-29,616682.4048446042,617289.3304375712,0.0009841785466861985,396960.3416133967,220328.98882417454,0.0,21556.52934848718,0.0,0.0,0.0,0.0,0.0,0.0,5
2025-10-30,617289.3304375712,619980.3226634376,0.004359369412652692,396960.3416133967,223019.98105004095,0.0,24247.52157435361,0.0,0.0,0.0,0.0,0.0,0.0,5
2025-10-31,619980.3226634376,619334.2693616643,-0.0010420545268240433,396960.3416133967,222373.9277482676,0.0,23601.46827258024,0.0,0.0,0.0,0.0,0.0,0.0,5
2025-11-03,619334.2693616643,624119.3424106071,0.0077261557863974595,396960.3416133967,227159.00079721055,0.0,28386.54132152319,0.0,0.0,0.0,0.0,0.0,0.0,5
2025-11-04,624119.3424106071,621506.8372371156,-0.004185906438023523,434472.6502999568,187034.18693715878,2418.237607861389,23355.79854017015,0.0,37551.22023730171,0.0,38.911550741618214,38.911550741618214,0.060166730440148454,4
2025-11-06,621506.8372371156,618542.7627122364,-0.004769174443930324,434472.6502999568,184070.1124122796,0.0,20391.72401529092,0.0,0.0,0.0,0.0,0.0,0.0,4
2025-11-07,618542.7627122364,625931.4417018839,0.011945300204061926,434472.6502999568,191458.79140192713,0.0,27780.403004938482,0.0,0.0,0.0,0.0,0.0,0.0,4
2025-11-10,625931.4417018839,625478.6113837338,-0.0007234503461255315,434472.6502999568,191005.961083777,0.0,27327.572686788342,0.0,0.0,0.0,0.0,0.0,0.0,4
2025-11-11,625478.6113837338,625852.1900780884,0.0005972685357349405,474999.3808689049,150852.8092091836,6865.591325569694,20835.560055573318,0.0,40568.76898215539,0.0,42.03841320730295,42.03841320730295,0.06486036171949335,3
2025-11-12,625852.1900780884,625853.854436597,2.6593475823677437e-06,474999.3808689049,150854.47356769216,0.0,20837.22441408191,0.0,0.0,0.0,0.0,0.0,0.0,3
2025-11-13,625853.854436597,626019.6303496485,0.0002648795910999979,474999.3808689049,151020.2494807437,0.0,21003.000327133443,0.0,0.0,0.0,0.0,0.0,0.0,3
2025-11-14,626019.6303496485,626140.6690151377,0.0001933464377492644,474999.3808689049,151141.2881462329,0.0,21124.038992622627,0.0,0.0,0.0,0.0,0.0,0.0,3
2025-11-17,626140.6690151377,628756.4667123706,0.004177651806817284,474999.3808689049,153757.08584346576,0.0,23739.83668985551,0.0,0.0,0.0,0.0,0.0,0.0,3
2025-11-18,628756.4667123706,627872.7029916767,-0.0014055739662048872,474999.3808689049,152873.32212277193,0.0,22856.072969161658,0.0,0.0,0.0,0.0,0.0,0.0,3
2025-11-19,627872.7029916767,627495.6991126807,-0.0006004463599065257,474999.3808689049,152496.3182437759,0.0,22479.069090165634,0.0,0.0,0.0,0.0,0.0,0.0,3
2025-11-20,627495.6991126807,626095.5988743679,-0.002231250732543155,474999.3808689049,151096.21800546304,0.0,21078.96885185279,0.0,0.0,0.0,0.0,0.0,0.0,3
2025-11-21,626095.5988743679,623377.3779210611,-0.004341542981924351,474999.3808689049,148377.99705215622,0.0,18360.747898545953,0.0,0.0,0.0,0.0,0.0,0.0,3
2025-11-24,623377.3779210611,624621.1897350656,0.0019952790365163064,0.0,624621.1897350657,0.0,19604.559712550472,474999.3808689048,0.0,563.4566155705975,0.0,563.4566155705975,0.7619772511684799,15
2025-11-25,624621.1897350656,630242.0033350924,0.008998755873797615,321922.9809824175,308319.0223526749,13317.658576508988,11907.714736068323,0.0,322256.9119732839,0.0,333.93099086642815,333.93099086642815,0.5159237587024064,6
2025-11-26,630242.0033350924,634642.2939996249,0.0069819063807983195,384944.90880445275,249697.38519517213,-311.32296048539865,16619.32836108617,0.0,63087.30052310711,0.0,65.37270107185718,65.37270107185718,0.10010012057156449,4
2025-11-27,634642.2939996249,636461.0087204643,0.0028657319848282015,434209.142710572,202251.86600989228,1764.2958192287842,16673.74726269683,0.0,49315.33573921097,0.0,51.101833091699625,51.101833091699625,0.07770571896243668,3
2025-11-28,636461.0087204643,637715.1226002707,0.001970448876872366,434209.142710572,203505.9798896987,0.0,17927.861142503236,0.0,0.0,0.0,0.0,0.0,0.0,3
2025-12-01,637715.1226002707,638174.2977796479,0.0007200318184472643,0.0,638174.2977796479,0.0,18387.03632188042,434209.1427105721,0.0,515.0701745209909,0.0,515.0701745209909,0.6808826187782611,42
2025-12-02,638174.2977796479,635814.517503604,-0.003697704975355709,347218.66685877496,288595.85064482904,-148.6473096826153,16175.90335551916,0.0,347578.8370868141,0.0,360.17022803912096,360.17022803912096,0.5446456215741047,6
2025-12-03,635814.517503604,632261.3116417159,-0.0055884314750140884,374048.4772457724,258212.8343959436,-2117.4657937073825,14740.163287338546,0.0,26857.64097287217,0.0,27.83058587475544,27.83058587475544,0.042241314461209885,5
2025-12-04,632261.3116417159,630299.938552354,-0.0031021557910432263,374048.4772457724,256251.46130658162,0.0,12778.790197976577,0.0,0.0,0.0,0.0,0.0,0.0,5
2025-12-05,630299.938552354,636479.3717569988,0.009803956539861769,374048.4772457724,262430.89451122645,0.0,18958.223402621417,0.0,0.0,0.0,0.0,0.0,0.0,5
2025-12-08,636479.3717569988,632812.8059290872,-0.005760698603302861,374048.4772457724,258764.3286833149,0.0,15291.657574709832,0.0,0.0,0.0,0.0,0.0,0.0,5
2025-12-09,632812.8059290872,633748.9332795832,0.0014793116411757623,471603.3162763809,162145.61700320244,2554.9628568275075,13672.822068378351,0.0,97656.0327508017,0.0,101.19372019323225,101.19372019323225,0.1543205697416702,4
2025-12-10,633748.9332795832,631933.9182737669,-0.0028639338237996803,471603.3162763809,160330.60199738597,0.0,11857.807062561882,0.0,0.0,0.0,0.0,0.0,0.0,4
2025-12-11,631933.9182737669,631829.7119839867,-0.00016490061186280602,471603.3162763809,160226.3957076058,0.0,11753.600772781734,0.0,0.0,0.0,0.0,0.0,0.0,4
2025-12-12,631829.7119839867,633753.527735361,0.003044832673875675,471603.3162763809,162150.21145898016,0.0,13677.416524156066,0.0,0.0,0.0,0.0,0.0,0.0,4
2025-12-15,633753.527735361,630439.942422143,-0.005228507879173061,0.0,630439.942422143,-889.5274134648789,11253.358624402877,499661.0650436208,28086.8530946748,592.7109465424339,29.10432743488249,621.8152739773165,0.8327336970006887,15
2025-12-16,630439.942422143,631076.0064512495,0.0010089208920722736,311974.10526039253,319101.90119085694,-114.44111169730968,12003.863765206788,0.0,312297.71627373603,0.0,323.6110133434684,323.6110133434684,0.49536473700237305,6
2025-12-17,631076.0064512495,629690.9372262867,-0.0021947740221521794,344010.15594275045,285680.7812835363,-1274.6869872168136,11893.48152746084,0.0,32069.281705862843,0.0,33.23102350493943,33.23102350493943,0.050816829316961507,5
2025-12-18,629690.9372262867,631972.0045325954,0.0036225188762546434,344010.15594275045,287961.8485898449,0.0,14174.548833769477,0.0,0.0,0.0,0.0,0.0,0.0,5
2025-12-19,631972.0045325954,634487.0416942021,0.003979665465508653,344010.15594275045,290476.88575145166,0.0,16689.58599537625,0.0,0.0,0.0,0.0,0.0,0.0,5
2025-12-22,634487.0416942021,640915.876137479,0.010132333713405162,344010.15594275045,296905.7201947286,0.0,23118.420438653113,0.0,0.0,0.0,0.0,0.0,0.0,5
2025-12-23,640915.876137479,640842.3842971154,-0.0001146669057513483,0.0,640842.3842971154,7474.243521843804,15570.685076445749,406968.57095931,63023.72183574256,482.7567000547785,65.30681918296419,548.0635192377426,0.7333135444038171,15
2025-12-24,640842.3842971154,640085.4900870234,-0.0011810926190879423,359226.8814364355,280858.6086505878,-1873.668730507794,16687.45959686144,0.0,359599.50779600086,0.0,372.6263595654189,372.6263595654189,0.5611356498999586,6
2025-12-26,640085.4900870234,644159.0207804635,0.006364041610888993,382108.7770815772,262050.24369888633,-52.114751041659474,20813.1050413433,0.0,22905.63105558791,0.0,23.735410446207634,23.735410446207634,0.035785268390436026,5
2025-12-29,644159.0207804635,643794.7294597861,-0.0005655301081338715,382108.7770815772,261685.95237820884,0.0,20448.8137206658,0.0,0.0,0.0,0.0,0.0,0.0,5
2025-12-30,643794.7294597861,648460.2480458189,0.007246903978147978,382108.7770815772,266351.47096424166,0.0,25114.332306698667,0.0,0.0,0.0,0.0,0.0,0.0,5
2025-12-31,648460.2480458189,651777.9313506631,0.005116247780557526,382108.7770815772,269669.1542690859,0.0,28432.015611542884,0.0,0.0,0.0,0.0,0.0,0.0,5
2026-01-02,651777.9313506631,655966.6944565155,0.006426672190591232,382108.7770815772,273857.91737493826,0.0,32620.778717395282,0.0,0.0,0.0,0.0,0.0,0.0,5
2026-01-05,655966.6944565155,655350.2506356054,-0.0009397486581552705,382108.7770815772,273241.4735540282,0.0,32004.334896485205,0.0,0.0,0.0,0.0,0.0,0.0,5
2026-01-06,655350.2506356054,657563.2743117918,0.0033768563818201702,492298.30634077097,165264.96797102084,10257.316250469565,23960.04232220199,0.0,110303.82895465608,0.0,114.29969546236745,114.29969546236745,0.16831278976039998,4
2026-01-07,657563.2743117918,655851.2369358725,-0.002603608569397564,492298.30634077097,163552.93059510156,0.0,22248.004946282716,0.0,0.0,0.0,0.0,0.0,0.0,4
2026-01-08,655851.2369358725,652207.813724688,-0.005555258579989064,492298.30634077097,159909.5073839171,0.0,18604.581735098247,0.0,0.0,0.0,0.0,0.0,0.0,4
2026-01-09,652207.813724688,652225.0558926194,2.6436616625158393e-05,492298.30634077097,159926.74955184842,0.0,18621.82390302955,0.0,0.0,0.0,0.0,0.0,0.0,4
2026-01-12,652225.0558926194,652787.216359289,0.0008619117919355102,523032.47010222374,129754.74625706524,7800.153365269416,11383.831004429747,0.0,30766.044336511426,0.0,31.880575058645892,31.880575058645892,0.047170902219335564,3
2026-01-13,652787.216359289,651562.4439757825,-0.001876219927126166,560630.2215781686,90932.22239761389,2503.680397246113,7655.3782236771,0.0,37636.75165656689,0.0,39.00018062207768,39.00018062207768,0.057655466763693354,2
2026-01-14,651562.4439757825,652614.9889814305,0.0016154169341398017,560630.2215781686,91984.76740326198,0.0,8707.923229325192,0.0,0.0,0.0,0.0,0.0,0.0,2
2026-01-16,652614.9889814305,652548.4225990269,-0.00010199946910116608,560630.2215781686,91918.20102085832,0.0,8641.356846921532,0.0,0.0,0.0,0.0,0.0,0.0,2
2026-01-19,652548.4225990269,652958.3611490865,0.0006282116941249694,0.0,652958.3611490866,0.0,9051.295396981142,560630.2215781686,0.0,665.0341452217845,0.0,665.0341452217845,0.8591396472084654,15
2026-01-20,652958.3611490865,642865.6375648495,-0.015456917599578235,368845.2527770314,274020.38478781807,-4908.2282750810045,3866.8000878250677,0.0,369227.85628163465,0.0,382.6035046032932,382.6035046032932,0.5654692217002346,7
2026-01-21,642865.6375648495,640811.4548583608,-0.003195353097841469,368845.2527770314,271966.2020813295,0.0,1812.6173813364658,0.0,0.0,0.0,0.0,0.0,0.0,7
2026-01-22,640811.4548583608,644610.1686348858,0.005927974207896591,0.0,644610.1686348858,-855.6501038149727,6466.981261676316,405364.95077842765,36557.579916202514,480.8544441020912,37.88191480624687,518.736358908338,0.6896295741035229,15
2026-01-23,644610.1686348858,636554.2859418461,-0.012497293845208701,396780.58015587146,239773.70578597466,-8584.370622556256,6995.469191192897,0.0,397192.1610000959,0.0,411.5808442244853,411.5808442244853,0.616174209353917,6
2026-01-27,636554.2859418461,641708.0910361179,0.008096410955188649,0.0,641708.0910361179,8776.493675821155,3372.780609643527,455523.18033605465,58803.53393093435,540.3534401173168,60.93375075111638,601.2871908684332,0.807985627660948,15
2026-01-28,641708.0910361179,662743.3531698369,0.03278011050126395,347278.2215311689,315465.131638668,13227.889284728844,11180.153458633798,0.0,347638.45353532204,0.0,360.2320041530926,360.2320041530926,0.5417392399930884,7
2026-01-29,662743.3531698369,665465.1025037214,0.0041067923516193705,391335.56352591154,274129.53897780983,6681.993889531375,7219.90890298679,0.0,44103.04271428227,0.0,45.70071953964985,45.70071953964985,0.06654618639831197,6
2026-01-30,665465.1025037214,658201.4997982329,-0.010915076805921409,391335.56352591154,266865.9362723214,0.0,-43.693802501624305,0.0,0.0,0.0,0.0,0.0,0.0,6
2026-02-02,658201.4997982329,649048.8465431574,-0.013905549072557921,511601.358604916,137447.4879382414,-4149.578657781181,-5046.76839979599,0.0,120390.54689385009,0.0,124.75181484562671,124.75181484562671,0.18290834483171942,4
2026-02-03,649048.8465431574,651855.6564551058,0.0043244971883049654,545887.2166720256,105968.4397830801,-3089.4900381015686,849.5315502539634,0.0,34321.42281779046,0.0,35.56475068078774,35.56475068078774,0.052879568310747034,3
2026-02-04,651855.6564551058,652149.9633834234,0.00045149094803931256,545887.2166720256,106262.74671139769,0.0,1143.838478571568,0.0,0.0,0.0,0.0,0.0,0.0,3
2026-02-05,652149.9633834234,650170.6938467659,-0.0030349914096273745,545887.2166720256,104283.47717474027,0.0,-835.431058085851,0.0,0.0,0.0,0.0,0.0,0.0,3
2026-02-06,650170.6938467659,649046.5835517119,-0.0017289464223666506,545887.2166720256,103159.36687968622,0.0,-1959.5413531399136,0.0,0.0,0.0,0.0,0.0,0.0,3
2026-02-09,649046.5835517119,649171.6560227934,0.0001927018402856362,0.0,649171.6560227934,-1590.1587551810226,-244.3101268774044,581672.4060220558,35822.3093583674,689.9949315059192,37.12000833718361,727.1149398431029,0.9513873595965477,15
2026-02-10,649171.6560227934,656094.0501650424,0.010663426349603267,488907.3403240112,167186.70984103114,4180.335305631343,2497.748709740292,0.0,489414.4843374583,0.0,507.144013447067,507.144013447067,0.7539061198942337,4
2026-02-11,656094.0501650424,654289.8776751431,-0.002749868695571145,520457.05373396707,133832.82394117597,1181.5013875522272,-487.9251677112479,0.0,31582.439955381076,0.0,32.72654542520471,32.72654542520471,0.04813706197676449,3
2026-02-12,654289.8776751431,656130.1631200726,0.002812645446187423,578281.5167797706,77848.6463403019,-342.7775564020558,1695.1378336202688,0.0,57884.44441209891,0.0,59.9813662953716,59.9813662953716,0.08846911191378497,2
2026-02-13,656130.1631200726,652497.4761425582,-0.0055365340319670775,578281.5167797706,74215.95936278747,0.0,-1937.5491438941608,0.0,0.0,0.0,0.0,0.0,0.0,2
2026-02-16,652497.4761425582,650671.6888608241,-0.0027981522511439927,0.0,650671.6888608241,0.0,-3763.336425628113,578281.5167797706,0.0,685.9725705236001,0.0,685.9725705236001,0.8862586261612255,15
2026-02-17,650671.6888608241,659551.4848094938,0.013647122044323279,452483.5868193639,207067.8979901299,9134.423954873077,-4017.964431831526,0.0,452952.94844131544,0.0,469.36162195155055,469.36162195155055,0.6961313304322976,5
2026-02-18,659551.4848094938,663241.093778589,0.005594118206194265,547616.4297468504,115624.66403173858,-70.65685570170899,-257.6986070345665,0.0,95231.5243089952,0.0,98.68138150861286,98.68138150861286,0.14438831009000316,3
2026-02-19,663241.093778589,661528.7930794498,-0.0025817168375137367,547616.4297468504,113912.36333259937,0.0,-1969.9993061737769,0.0,0.0,0.0,0.0,0.0,0.0,3
2026-02-20,661528.7930794498,663223.7639520189,0.0025622027193690222,547616.4297468504,115607.33420516847,0.0,-275.02843360466795,0.0,0.0,0.0,0.0,0.0,0.0,3
2026-02-23,663223.7639520189,663587.8285397806,0.0005489317596103493,547616.4297468504,115971.39879293018,0.0,89.0361541570528,0.0,0.0,0.0,0.0,0.0,0.0,3
2026-02-24,663587.8285397806,662690.6685332922,-0.0013519838187244781,0.0,662690.6685332922,0.0,-808.1238523313223,547616.4297468505,0.0,649.5968469928872,0.0,649.5968469928872,0.8252357957677974,15
2026-02-25,662690.6685332922,676767.4825276292,0.02124190766936951,560054.3136752532,116713.16885237618,12437.883928402727,830.8062136030494,0.0,560635.2585066343,0.0,580.9448313812958,580.9448313812958,0.8459984199678965,3
2026-02-26,676767.4825276292,676985.2534622641,0.00032178102562130384,560054.3136752532,116930.93978701092,0.0,1048.5771482377895,0.0,0.0,0.0,0.0,0.0,0.0,3
2026-02-27,676985.2534622641,675440.454317108,-0.0022818800516785087,560054.3136752532,115386.14064185486,0.0,-496.221996918277,0.0,0.0,0.0,0.0,0.0,0.0,3
2026-03-02,675440.454317108,675300.4796821642,-0.00020723460380445147,560054.3136752532,115246.16600691104,0.0,-636.196631862098,0.0,0.0,0.0,0.0,0.0,0.0,3
2026-03-04,675300.4796821642,671291.1833372626,-0.0059370553783533175,560054.3136752532,111236.8696620095,0.0,-4645.492976763628,0.0,0.0,0.0,0.0,0.0,0.0,3
2026-03-05,671291.1833372626,672345.8366936609,0.00157108179367893,560054.3136752532,112291.52301840781,0.0,-3590.8396203653247,0.0,0.0,0.0,0.0,0.0,0.0,3
2026-03-06,672345.8366936609,669919.9115683449,-0.003608150735707416,596591.3608069327,73328.55076141216,-2015.0539869717759,-4001.7107587096107,0.0,36574.94704275392,0.0,37.89991107432472,37.89991107432472,0.05439900873427801,2
2026-03-09,669919.9115683449,666441.6746122353,-0.005192019069812037,0.0,666441.6746122353,-6688.458387692044,-791.4893271271649,667233.1639393625,70715.07993685236,791.4893271271342,73.27680442264479,864.766131549779,1.1015469627535166,15
2026-03-10,666441.6746122353,674126.4447578229,0.011531046809248435,452746.70100344525,221379.7437543776,7924.591710536974,-1031.310892076559,0.0,453216.335553971,0.0,469.6345505257492,469.6345505257492,0.680054013455374,5
2026-03-11,674126.4447578229,673667.63164473,-0.0006806039381198614,506747.3483948376,166920.28324989235,117.90087653096998,-1608.024881700454,0.0,54056.66231035151,0.0,56.014918959206305,56.014918959206305,0.08018771957502889,4
2026-03-12,673667.63164473,673435.5931524003,-0.0003444406134863742,506747.3483948376,166688.24475756282,0.0,-1840.0633740300036,0.0,0.0,0.0,0.0,0.0,0.0,4
2026-03-13,673435.5931524003,668369.3912206688,-0.0075229197613632115,506747.3483948376,161622.04282583127,0.0,-6906.265305761539,0.0,0.0,0.0,0.0,0.0,0.0,4
2026-03-16,668369.3912206688,667166.6103649434,-0.0017995750127466348,0.0,667166.6103649434,-6680.6190661448345,-1428.4270953421146,584330.8833944891,77664.01246863589,693.1484864855113,80.4774689843247,773.625955469836,0.9904626162698716,12
2026-03-17,667166.6103649434,663574.036404947,-0.0053848227776734925,432951.79254956014,230622.24385538686,-5296.369996306596,275.36894096818287,0.0,433400.89382416406,0.0,449.10127460383825,449.10127460383825,0.6496141849591238,5
2026-03-18,663574.036404947,663441.0532702653,-0.00020040436693724573,432951.79254956014,230489.26072070518,0.0,142.38580628651107,0.0,0.0,0.0,0.0,0.0,0.0,5
2026-03-19,663441.0532702653,657827.9289484685,-0.008460622528751127,432951.79254956014,224876.13639890827,0.0,-5470.738515510406,0.0,0.0,0.0,0.0,0.0,0.0,5
2026-03-20,657827.9289484685,659218.9174443258,0.0021145172386960454,432951.79254956014,226267.1248947656,0.0,-4079.7500196530746,0.0,0.0,0.0,0.0,0.0,0.0,5
2026-03-23,659218.9174443258,652712.1320057125,-0.009870447079763589,477947.0076458525,174765.12435985997,-3699.025186581697,-6887.510271684609,0.0,45041.88867242386,0.0,46.673576131471094,46.673576131471094,0.06832614702114927,4
2026-03-24,652712.1320057125,653743.5054658134,0.001580135268715921,0.0,653743.5054658134,0.0,-5856.136811583696,477947.0076458526,0.0,566.953167091709,0.0,566.953167091709,0.7322477769444458,12
2026-03-25,653743.5054658134,665813.7992034709,0.018463347837095467,486967.0583399494,178846.7408635215,9020.050694096848,-2805.8937680230956,0.0,487472.18969719065,0.0,505.13135724116097,505.13135724116097,0.7456627647105281,4
2026-03-27,665813.7992034709,665085.1719343927,-0.0010943408952321931,486967.0583399494,178118.11359444325,0.0,-3534.5210371013163,0.0,0.0,0.0,0.0,0.0,0.0,4
2026-03-30,665085.1719343927,666346.209694447,0.0018960545404833606,486967.0583399494,179379.1513544976,0.0,-2273.4832770470093,0.0,0.0,0.0,0.0,0.0,0.0,4
2026-04-01,666346.209694447,664992.5105722944,-0.0020315252078546564,486967.0583399494,178025.45223234492,0.0,-3627.1823991996644,0.0,0.0,0.0,0.0,0.0,0.0,4
2026-04-02,664992.5105722944,662980.6287706206,-0.0030254202411127418,486967.0583399494,176013.57043067113,0.0,-5639.064200873458,0.0,0.0,0.0,0.0,0.0,0.0,4
2026-04-06,662980.6287706206,663789.8630742187,0.0012206002234165236,570632.457426221,93157.40564799776,-7160.918229500727,2331.0883322254667,0.0,83752.18527821367,0.0,86.78619194210223,86.78619194210223,0.1263267456750843,2
2026-04-07,663789.8630742187,664618.7049992587,0.001248651073400442,570632.457426221,93986.24757303772,0.0,3159.930257265434,0.0,0.0,0.0,0.0,0.0,0.0,2
2026-04-08,664618.7049992587,663073.9209968451,-0.002324316169246776,570632.457426221,92441.46357062421,0.0,1615.146254851912,0.0,0.0,0.0,0.0,0.0,0.0,2
2026-04-09,663073.9209968451,664636.357919683,0.002356354055500942,570632.457426221,94003.90049346205,0.0,3177.583177689761,0.0,0.0,0.0,0.0,0.0,0.0,2
2026-04-10,664636.357919683,665929.9431445337,0.0019463052380999102,570632.457426221,95297.4857183127,0.0,4471.168402540403,0.0,0.0,0.0,0.0,0.0,0.0,2
2026-04-13,665929.9431445337,665045.2808661753,-0.0013284614807692607,0.0,665045.2808661752,0.0,3586.506124182066,570632.4574262211,0.0,676.8990574428766,0.0,676.8990574428766,0.8568956288880538,15
2026-04-15,665045.2808661753,682554.7378507319,0.026328217774512774,451907.9845927943,230646.7532579376,14423.100566024877,6672.862542713752,0.0,452376.74914205086,0.0,468.76454925647073,468.76454925647073,0.6802194710003228,5
2026-04-16,682554.7378507319,683194.6749325384,0.0009375615556073136,546888.1030009475,136306.57193159102,-125.29116288373189,7438.090787403984,0.0,95078.6413683837,0.0,98.52296023059478,98.52296023059478,0.13929819265158552,3
2026-04-17,683194.6749325384,684161.4949246226,0.001415145678908658,546888.1030009475,137273.3919236751,0.0,8404.910779488091,0.0,0.0,0.0,0.0,0.0,0.0,3
2026-04-20,684161.4949246226,681408.6012826598,-0.004023748285141515,0.0,681408.6012826598,747.0584801160439,4904.958657409319,585677.3253094781,38829.458402893775,694.745670892561,40.23609436299701,734.9817652555579,0.912806096726003,15
2026-04-21,681408.6012826598,672558.0295985949,-0.01298864098193786,366193.77247983846,306364.2571187564,-4735.200216164369,789.5871895087839,0.0,366573.6256016011,0.0,379.8531217626447,379.8531217626447,0.5379644825609416,7
2026-04-22,672558.0295985949,672422.5805929021,-0.000201393782739534,0.0,672422.580592902,-3928.0688718343954,4582.207055650424,459878.59115958377,93781.99802443016,545.5199416768684,97.17934468486317,642.6992863617317,0.8232160866690671,42
2026-04-23,672422.5805929021,682768.516692442,0.015386062869003236,402197.73333649285,280570.7833559491,7137.28472934419,7790.858425846163,0.0,402614.93339846865,0.0,417.20006197576157,417.20006197576157,0.5987528453364354,6
2026-04-24,682768.516692442,679736.6058594736,-0.004440613119737868,402197.73333649285,277538.8725229806,0.0,4758.947592877645,0.0,0.0,0.0,0.0,0.0,0.0,6
2026-04-27,679736.6058594736,682902.3662808671,0.004657334023361548,444500.10362118605,238402.26265968106,170.29325179498846,7754.4147624762845,0.0,42346.2505705369,0.0,43.88028584370517,43.88028584370517,0.06229802868567507,5
2026-04-28,682902.3662808671,684716.7531305242,0.002656875915569401,444500.10362118605,240216.6495093381,0.0,9568.801612133328,0.0,0.0,0.0,0.0,0.0,0.0,5
2026-04-29,684716.7531305242,682763.1118008556,-0.0028532109382989335,444500.10362118605,238263.00817966953,0.0,7615.160282464756,0.0,0.0,0.0,0.0,0.0,0.0,5
2026-04-30,682763.1118008556,678508.2402696931,-0.006231841553272943,444500.10362118605,234008.13664850694,0.0,3360.288751302178,0.0,0.0,0.0,0.0,0.0,0.0,5
2026-05-04,678508.2402696931,679228.9085871826,0.0010621364262328736,444500.10362118605,234728.80496599653,0.0,4080.957068791766,0.0,0.0,0.0,0.0,0.0,0.0,5
2026-05-05,679228.9085871826,682871.404916034,0.005362693317084943,444500.10362118605,238371.30129484792,0.0,7723.453397643141,0.0,0.0,0.0,0.0,0.0,0.0,5
2026-05-06,682871.404916034,686987.1404103662,0.00602710183015831,444500.10362118605,242487.03678918022,0.0,11839.18889197545,0.0,0.0,0.0,0.0,0.0,0.0,5
2026-05-07,686987.1404103662,689066.3121268661,0.003026507476192153,444500.10362118605,244566.2085056799,0.0,13918.360608475152,0.0,0.0,0.0,0.0,0.0,0.0,5
2026-05-08,689066.3121268661,689683.8808576445,0.000896239911761576,444500.10362118605,245183.77723645847,0.0,14535.9293392537,0.0,0.0,0.0,0.0,0.0,0.0,5
2026-05-11,689683.8808576445,689225.8469716624,-0.0006641214891270897,444500.10362118605,244725.74335047626,0.0,14077.895453271492,0.0,0.0,0.0,0.0,0.0,0.0,5
2026-05-12,689225.8469716624,687260.4838607685,-0.002851551664130647,444500.10362118605,242760.38023958245,0.0,12112.532342377694,0.0,0.0,0.0,0.0,0.0,0.0,5
2026-05-13,687260.4838607685,689920.0129176705,0.0038697540733927394,444500.10362118605,245419.90929648455,0.0,14772.061399279773,0.0,0.0,0.0,0.0,0.0,0.0,5
2026-05-14,689920.0129176705,695052.9207657587,0.007439859334390286,481699.76009722805,213353.16066853068,-1845.4985445899074,21750.467791957795,0.0,37238.24371237107,0.0,38.58723632909543,38.58723632909543,0.05397472607714422,4
2026-05-15,695052.9207657587,693706.6584094409,-0.0019369206517895199,532986.7392350767,160719.9191743641,2592.7388549745956,17811.466580665307,0.0,51340.17916634551,0.0,53.20002849682554,53.20002849682554,0.07386513693055578,3
2026-05-18,693706.6584094409,693922.7630359003,0.00031152162638159453,532986.7392350767,160936.02380082358,0.0,18027.57120712477,0.0,0.0,0.0,0.0,0.0,0.0,3
2026-05-19,693922.7630359003,696171.5554063246,0.0032406954926593734,532986.7392350767,163184.81617124786,0.0,20276.363577549047,0.0,0.0,0.0,0.0,0.0,0.0,3
2026-05-20,696171.5554063246,697064.7200444633,0.0012829662907118955,532986.7392350767,164077.98080938653,0.0,21169.528215687707,0.0,0.0,0.0,0.0,0.0,0.0,3
2026-05-21,697064.7200444633,696455.8291858669,-0.0008735069227970849,532986.7392350767,163469.08995079008,0.0,20560.637357091276,0.0,0.0,0.0,0.0,0.0,0.0,3
2026-05-22,696455.8291858669,691302.2079031144,-0.007399781962880381,0.0,691302.2079031144,0.0,15407.016074338942,532986.7392350767,0.0,632.2427277358679,0.0,632.2427277358679,0.7652843395081064,15
2026-05-25,691302.2079031144,691285.9520472239,-2.3514832882987058e-05,263766.54095979175,427519.4110874322,-2726.8286577465406,18117.588876195005,0.0,264040.1462243533,0.0,273.6052645614767,273.6052645614767,0.38194604791622244,8
2026-05-26,691285.9520472239,695241.3317025473,0.005721770627060474,263766.54095979175,431474.7907427555,0.0,22072.968531518345,0.0,0.0,0.0,0.0,0.0,0.0,8
2026-05-27,695241.3317025473,692516.8417079404,-0.003918768735936551,263766.54095979175,428750.30074814864,0.0,19348.478536911512,0.0,0.0,0.0,0.0,0.0,0.0,8
2026-05-29,692516.8417079404,681427.983773025,-0.01601240181764707,263766.54095979175,417661.44281323324,0.0,8259.620601996063,0.0,0.0,0.0,0.0,0.0,0.0,8
2026-06-01,681427.983773025,679228.4002659746,-0.0032279031085155063,399803.738369023,279424.6618969516,-6092.599720122533,12152.636815068247,0.0,136178.30891356352,0.0,141.1115043322663,141.1115043322663,0.19984255439518725,6
2026-06-02,679228.4002659746,677096.5682612254,-0.003138608462064374,399803.738369023,277292.82989220234,0.0,10020.804810318943,0.0,0.0,0.0,0.0,0.0,0.0,6
2026-06-03,677096.5682612254,678810.1817915764,0.0025308258979241938,399803.738369023,279006.4434225534,0.0,11734.418340670098,0.0,0.0,0.0,0.0,0.0,0.0,6
2026-06-04,678810.1817915764,680630.4197482511,0.002681512454439705,399803.738369023,280826.6813792281,0.0,13554.65629734475,0.0,0.0,0.0,0.0,0.0,0.0,6
2026-06-05,680630.4197482511,676642.1743742665,-0.0058596343305662435,399803.738369023,276838.43600524357,0.0,9566.410923360185,0.0,0.0,0.0,0.0,0.0,0.0,6
2026-06-08,676642.1743742665,672649.7835600091,-0.005900298511468671,432748.51264998096,239901.27091002814,-2587.6750013805213,8161.695110483219,0.0,32978.947924249675,0.0,34.17364329175354,34.17364329175354,0.04873912560172203,5
2026-06-09,672649.7835600091,674122.1798677428,0.0021889493518321146,432748.51264998096,241373.66721776192,0.0,9634.091418216994,0.0,0.0,0.0,0.0,0.0,0.0,5
2026-06-10,674122.1798677428,670780.4809649772,-0.0049571116372720825,432748.51264998096,238031.9683149962,0.0,6292.392515451305,0.0,0.0,0.0,0.0,0.0,0.0,5
2026-06-11,670780.4809649772,671601.788568942,0.001224405937965356,432748.51264998096,238853.27591896104,0.0,7113.700119416106,0.0,0.0,0.0,0.0,0.0,0.0,5
2026-06-12,671601.788568942,674991.7464263398,0.00504757121719579,432748.51264998096,242243.23377635886,0.0,10503.65797681397,0.0,0.0,0.0,0.0,0.0,0.0,5
2026-06-15,674991.7464263398,672467.2943429528,-0.0037399747430282293,432748.51264998096,239718.78169297188,0.0,7979.205893426981,0.0,0.0,0.0,0.0,0.0,0.0,5
2026-06-16,672467.2943429528,671683.1766425899,-0.0011660309831559301,432748.51264998096,238934.66399260893,0.0,7195.08819306401,0.0,0.0,0.0,0.0,0.0,0.0,5
2026-06-17,671683.1766425899,670118.9765955565,-0.0023287765741759614,432748.51264998096,237370.46394557558,0.0,5630.888146030658,0.0,0.0,0.0,0.0,0.0,0.0,5
2026-06-18,670118.9765955565,672578.0163924494,0.003669557023121106,432748.51264998096,239829.5037424684,0.0,8089.927942923467,0.0,0.0,0.0,0.0,0.0,0.0,5
2026-06-19,672578.0163924494,676932.7904169626,0.0064747492757364355,432748.51264998096,244184.2777669817,0.0,12444.701967436777,0.0,0.0,0.0,0.0,0.0,0.0,5
2026-06-22,676932.7904169626,678172.3351006042,0.0018311192797708653,471821.28174436325,206351.0533562409,27.614073750432,13656.632577327873,0.0,39113.299312075265,0.0,40.5302176929545,40.5302176929545,0.05778018123185182,4
2026-06-23,678172.3351006042,680797.4295261414,0.003870836791282084,0.0,680797.4295261414,0.0,16281.727002865118,471821.28174436325,0.0,559.686671758489,0.0,559.686671758489,0.6957247550865819,15
2026-06-24,680797.4295261414,672169.904527118,-0.01267267563719865,296237.9860664284,375931.9184606896,-2582.159038334972,10236.361042176668,0.0,296545.27398951346,0.0,307.2879230850575,307.2879230850575,0.4355851845620499,8
2026-06-25,672169.904527118,672788.666456876,0.0009205439362736101,340721.2840840159,332067.3823728602,-2698.830156848897,13553.953128783633,0.0,44529.44058168362,0.0,46.1425640961957,46.1425640961957,0.0662472989072767,7
2026-06-29,672788.666456876,677923.8579858483,0.0076326962462311965,340721.2840840159,337202.57390183245,0.0,18689.14465775594,0.0,0.0,0.0,0.0,0.0,0.0,7
2026-06-30,677923.8579858483,679809.6071202208,0.0027816532965443397,385877.3721016218,293932.235018599,-2026.040156830415,22600.933948958773,0.0,45202.928467359925,0.0,46.84044975401851,46.84044975401851,0.06667847418980133,6
2026-07-01,679809.6071202208,679498.6162538457,-0.0004574675955116847,385877.3721016218,293621.2441522239,0.0,22289.943082583704,0.0,0.0,0.0,0.0,0.0,0.0,6
2026-07-02,679498.6162538457,680540.878180468,0.00153386909360953,385877.3721016218,294663.5060788462,0.0,23332.20500920603,0.0,0.0,0.0,0.0,0.0,0.0,6
2026-07-03,680540.878180468,680880.8059039515,0.0004994964070230701,432199.1317174067,248681.67418654484,-860.3685586514184,24532.50129134092,0.0,46369.809217711336,0.0,48.049601926432146,48.049601926432146,0.06813669935844006,5
2026-07-06,680880.8059039515,682267.9347393382,0.0020372564821313777,432199.1317174067,250068.80302193156,0.0,25919.630126727636,0.0,0.0,0.0,0.0,0.0,0.0,5
2026-07-07,682267.9347393382,678758.7434890324,-0.0051434210397803826,432199.1317174067,246559.61177162573,0.0,22410.438876421853,0.0,0.0,0.0,0.0,0.0,0.0,5
2026-07-08,678758.7434890324,677405.6304298657,-0.0019935110555059365,432199.1317174067,245206.498712459,0.0,21057.325817255092,0.0,0.0,0.0,0.0,0.0,0.0,5
2026-07-09,677405.6304298657,683617.0997978399,0.009169497696723594,506084.53963429807,177532.56016354178,9067.265364456405,18201.5298207729,0.0,73962.04931540535,0.0,76.64139851390523,76.64139851390523,0.10918428485525103,4
2026-07-10,683617.0997978399,685474.5784830527,0.002717133152114082,506084.53963429807,179390.03884875457,0.0,20059.008505985716,0.0,0.0,0.0,0.0,0.0,0.0,4
2026-07-13,685474.5784830527,686733.0240191078,0.0018358748457747431,506084.53963429807,180648.48438480968,0.0,21317.45404204081,0.0,0.0,0.0,0.0,0.0,0.0,4
2026-07-14,686733.0240191078,687981.5608533669,0.001818081831789664,506084.53963429807,181897.02121906873,0.0,22565.990876299846,0.0,0.0,0.0,0.0,0.0,0.0,4
2026-07-15,687981.5608533669,687234.9953609083,-0.0010851533455816798,506084.53963429807,181150.4557266102,0.0,21819.42538384132,0.0,0.0,0.0,0.0,0.0,0.0,4
2026-07-16,687234.9953609083,687139.0932643324,-0.00013954774891167254,506084.53963429807,181054.55363003432,0.0,21723.52328726546,0.0,0.0,0.0,0.0,0.0,0.0,4
2026-07-17,687139.0932643324,681518.9947566962,-0.008178982338113427,506084.53963429807,175434.455122398,0.0,16103.424779629124,0.0,0.0,0.0,0.0,0.0,0.0,4
2026-07-20,681518.9947566962,684299.522078895,0.00407989702941669,546253.5392576891,138045.98282120586,1123.8446027591126,17760.107499068887,0.0,40210.66696197433,0.0,41.66733858333882,41.66733858333882,0.05900153520494265,3
2026-07-21,684299.522078895,685535.28975146,0.0018058870899262391,546253.5392576891,139281.75049377084,0.0,18995.875171633852,0.0,0.0,0.0,0.0,0.0,0.0,3
2026-07-22,685535.28975146,682889.0617261424,-0.0038600901585634784,0.0,682889.0617261424,0.0,16349.64714631634,546253.5392576891,0.0,647.9801508594916,0.0,647.9801508594916,0.7968277453021168,15
2026-07-23,682889.0617261424,668408.4541838799,-0.021204919442785908,353344.70905902865,315063.74512485135,-10824.317112764104,12693.356716817943,0.0,353711.23383602157,0.0,366.52477699296537,366.52477699296537,0.5179629513202976,7
2026-07-24,668408.4541838799,666666.0047541102,-0.002606863241873758,387553.10685632384,279112.89789778634,-2208.5048198840523,13159.412106932221,0.0,34243.882198370105,0.0,35.48440107488826,35.48440107488826,0.05123197048753901,6
2026-07-27,666666.0047541102,670821.214479631,0.006232820776654657,0.0,670821.214479631,165.3855932913575,17149.236239161728,339308.31605343556,36620.235050155716,402.4963465188027,37.94683968508266,440.4431862038853,0.5638933865275565,15
2026-07-28,670821.214479631,674905.8222797435,0.00608896634743572,368853.56011422933,306052.2621655141,1269.5510563408789,19964.292982933373,84827.07901335889,369236.1722360409,100.62408662970066,382.6121218114636,483.23620844116437,0.6768767019415529,7
2026-07-29,674905.8222797435,679667.7305201638,0.007055663298821679,449444.5021859802,230223.2283341836,-2310.1048584710697,27036.306081824743,0.0,80674.53912673194,0.0,83.59705498113692,83.59705498113692,0.11953451350326762,5
2026-07-30,679667.7305201638,677680.7587450249,-0.0029234458043464473,449444.5021859802,228236.25655904468,0.0,25049.334306685796,0.0,0.0,0.0,0.0,0.0,0.0,5
2026-07-31,677680.7587450249,678168.0534273892,0.0007190622960384641,449444.5021859802,228723.55124140903,0.0,25536.628989050147,0.0,0.0,0.0,0.0,0.0,0.0,5
2026-08-03,678168.0534273892,677494.0877047149,-0.0009938034079727265,0.0,677494.0877047149,3602.7081721972863,21259.955094178564,0.0,63398.84882846726,0.0,65.69553552612732,65.69553552612732,0.09348545468642502,13
2026-08-04,677494.0877047149,676187.7070387378,-0.0019282539725223868,423451.39958188555,252736.3074568523,-3863.313317215565,23816.88774541708,512777.65547892125,423890.64609052136,608.2701871481389,439.24650863579654,1047.5166957839353,1.3825483034734447,5
2026-08-05,676187.7070387378,680764.7411656897,0.006768881006423921,515610.56804885186,165154.1731168378,5348.953636735816,23044.96823563314,0.0,92254.7652533458,0.0,95.59678637941352,95.59678637941352,0.13643366227014336,3
2026-08-06,680764.7411656897,681565.3406712281,0.001176029628337627,515610.56804885186,165954.77262237624,0.0,23845.567741171573,0.0,0.0,0.0,0.0,0.0,0.0,3
2026-08-07,681565.3406712281,680492.49495102,-0.0015740907821861772,515610.56804885186,164881.9269021681,0.0,22772.722020963432,0.0,0.0,0.0,0.0,0.0,0.0,3
