rebalance_date,universe,buy_value,sell_value,brokerage,stt,exchange_charge,sebi_charge,gst,stamp_duty,total_transaction_cost,transaction_cost_pct
2020-05-05,NIFTY_AUTO,1000000.0,0.0,0.0,1000.0,29.700000000000003,1.0,5.526,149.99999999999997,1186.2259999999997,0.0011862259999999996
2020-05-06,NIFTY_AUTO,990414.5252981773,991441.8831549914,0.0,1981.8564084531686,58.86113533105911,1.9818564084531687,10.95173851311221,148.56217879472658,2202.2133175005197,0.0011111871213814821
2020-05-07,NIFTY_AUTO,988536.1895799546,989561.5990374788,0.0,1978.0977886174335,58.74950432193777,1.9780977886174331,10.930968379899936,148.2804284369932,2198.036787544882,0.0011111871213814824
2020-05-08,NIFTY_AUTO,988372.6018931163,989397.8416609892,0.0,1977.7704435541054,58.73978217355693,1.9777704435541053,10.929159471079986,148.2558902839674,2197.673045926264,0.0011111871213814824
2020-05-11,NIFTY_AUTO,1009558.7086488027,1010605.9247838176,0.0,2020.1646334326203,59.99888961294882,2.0201646334326204,11.16342976434866,151.4338062973204,2244.7809237406705,0.0011111871213814821
2020-05-12,NIFTY_AUTO,1034418.517522708,1035491.5207592983,0.0,2069.9100382820066,61.476328136975596,2.069910038282006,11.438322871546367,155.16277762840622,2300.0573769572165,0.0011111871213814821
2020-05-13,NIFTY_AUTO,1076834.0499493307,1077951.050854954,0.0,2154.785100804285,63.99711749388725,2.1547851008042844,11.907342467044476,161.5251074923996,2394.3694533584203,0.0011111871213814824
2020-05-14,NIFTY_AUTO,1067620.8172507202,1068728.2612619747,0.0,2136.349078512695,63.44956763182704,2.1363490785126946,11.805465007861152,160.14312258760805,2373.883582818504,0.0011111871213814824
2020-05-15,NIFTY_AUTO,1080030.4871554673,1081150.8037282114,0.0,2161.1812908836787,64.18708433924526,2.1611812908836785,11.942687813423207,162.00457307332007,2401.4768174005508,0.0011111871213814821
2020-05-18,NIFTY_AUTO,1004268.8521800672,1005310.5811423222,0.0,2009.5794333223891,59.68450916967496,2.009579433322389,11.104935948539522,150.64032782701005,2233.018785700936,0.0011111871213814821
2020-05-19,NIFTY_AUTO,957459.2631811968,958452.4365156777,0.0,1915.9116996968746,56.90257748099718,1.9159116996968746,10.587328052524928,143.6188894771795,2128.9364064072734,0.0011111871213814826
2020-05-20,NIFTY_AUTO,955381.3588277714,956372.3767502417,0.0,1911.7537355780132,56.77908594666699,1.9117537355780132,10.5643511428041,143.3072038241657,2124.3161302272283,0.0011111871213814826
2020-05-21,NIFTY_AUTO,985934.8541494526,986957.5652394503,0.0,1972.8924193889031,58.594904855850416,1.972892419388903,10.902203509543078,147.89022812241788,2192.2526482961034,0.0011111871213814826
2020-05-22,NIFTY_AUTO,980848.2761747241,981865.710952922,0.0,1962.7139871276459,58.292605417691085,1.962713987127646,10.845957492867372,147.1272414262086,2180.942505451541,0.0011111871213814824
2020-05-26,NIFTY_AUTO,986781.5875890856,987805.1769964239,0.0,1974.5867645855094,58.64522690818963,1.9745867645855093,10.911566461099525,148.0172381383628,2194.1353828577467,0.0011111871213814821
2020-05-27,NIFTY_AUTO,988728.5364733562,989754.1454524819,0.0,1978.482681925838,58.76093565319739,1.978482681925838,10.933095300322181,148.3092804710034,2198.4644760322867,0.0011111871213814821
2020-05-28,NIFTY_AUTO,990256.5119464748,991283.7058959005,0.0,1981.5402178423753,58.85174446991855,1.9815402178423753,10.949991243796966,148.5384767919712,2201.8619705659044,0.0011111871213814821
2020-05-29,NIFTY_AUTO,1034711.4012390678,1035784.7082841943,0.0,2070.496109523262,61.49373445284088,2.070496109523262,11.441561501225546,155.20671018586015,2300.7086117727117,0.0011111871213814821
2020-06-01,NIFTY_AUTO,1078961.8735865266,1080081.0816854772,0.0,2159.042955272004,64.12357577157852,2.1590429552720036,11.930871370833092,161.844281037979,2399.1007264076666,0.0011111871213814824
2020-06-02,NIFTY_AUTO,1098047.6529986314,1099186.6587933262,0.0,2197.2343117919577,65.25785906022114,2.1972343117919575,12.141916806962357,164.7071479497947,2441.5384699207275,0.0011111871213814824
2020-06-03,NIFTY_AUTO,1084696.4615378377,1085821.618129906,0.0,2170.5180796677437,64.464386966132,2.170518079667744,11.994282908243951,162.70446923067567,2411.851736852463,0.0011111871213814824
2020-06-04,NIFTY_AUTO,1068791.0151781037,1069899.673036696,0.0,2138.6906882147996,63.51911343997954,2.1386906882147994,11.818404743074982,160.31865227671554,2376.4855493627842,0.0011111871213814824
2020-06-05,NIFTY_AUTO,1082880.2132950495,1084003.4858912204,0.0,2166.88369918627,64.35644586583221,2.1668836991862697,11.974199321703328,162.4320319942574,2407.8132600672493,0.0011111871213814824
2020-06-08,NIFTY_AUTO,1061294.6792925724,1062395.5611953677,0.0,2123.69024048794,63.07360014249182,2.12369024048794,11.735512268936358,159.19420189388586,2359.817245033742,0.0011111871213814821
2020-06-09,NIFTY_AUTO,1063686.0917325437,1064789.454249563,0.0,2128.4755459821067,63.21572371566856,2.1284755459821065,11.76195586709712,159.55291375988153,2365.134614870736,0.0011111871213814824
2020-06-10,NIFTY_AUTO,1030089.0015050718,1031157.513730895,0.0,2061.246515235967,61.21902150250821,2.061246515235967,11.390448243193953,154.51335022576075,2290.430581722666,0.0011111871213814824
2020-06-11,NIFTY_AUTO,1002028.011921017,1003067.4164577033,0.0,2005.0954283787203,59.551334222848,2.0050954283787203,11.080157337220808,150.30420178815254,2228.0362171553206,0.0011111871213814824
2020-06-12,NIFTY_AUTO,1020274.2929203708,1021332.6243403605,0.0,2041.6069172607315,60.63572544264372,2.041606917260731,11.2819198247828,153.0411439380556,2268.6073133834743,0.0011111871213814824
2020-06-15,NIFTY_AUTO,1060543.66332066,1061643.766193928,0.0,2122.187429514588,63.02896665658326,2.1221874295145877,11.727207735497611,159.08154949809895,2358.147340834282,0.0011111871213814824
2020-06-16,NIFTY_AUTO,1047017.6237452762,1048103.696045815,0.0,2095.121319791091,62.22510319779541,2.095121319791091,11.57764041316557,157.05264356179143,2328.0718282836347,0.0011111871213814824
2020-06-17,NIFTY_AUTO,1024981.3890883394,1026044.6031833177,0.0,2051.0259922716573,60.91547197046822,2.051025992271657,11.333969633293178,153.7472083632509,2279.073668230941,0.0011111871213814824
2020-06-18,NIFTY_AUTO,1023456.0071049449,1024517.6389198522,0.0,2047.9736460247973,60.82481728693648,2.047973646024797,11.317102367933028,153.51840106574173,2275.6819403914333,0.0011111871213814824
2020-06-19,NIFTY_AUTO,1023037.8006694005,1024098.9986784051,0.0,2047.1367993478057,60.799962940629825,2.0471367993478053,11.312477953195973,153.4556701004101,2274.752047141389,0.0011111871213814821
2020-06-22,NIFTY_AUTO,1029840.3561181035,1030908.6104238485,0.0,2060.748966541952,61.204244306295976,2.060748966541952,11.387698789110827,154.47605341771552,2289.8777120216164,0.0011111871213814824
2020-06-23,NIFTY_AUTO,1051666.4309316045,1052757.3254439197,0.0,2104.423756375524,62.50138556435307,2.104423756375524,11.629045677731146,157.74996463974065,2338.4085760137245,0.0011111871213814824
2020-06-24,NIFTY_AUTO,1042769.0556728579,1043850.7209300043,0.0,2086.619776602862,61.972607365105006,2.0866197766028622,11.530660885507416,156.4153583509287,2318.625022981006,0.0011111871213814824
2020-06-25,NIFTY_AUTO,1045302.2562592532,1046386.5492075925,0.0,2091.6888054668457,62.12315752236532,2.0916888054668457,11.558672339009789,156.79533843888797,2324.2576625725756,0.0011111871213814824
2020-06-26,NIFTY_AUTO,1059124.9788921743,1060223.610162839,0.0,2119.3485890550132,62.9446530949339,2.119348589055013,11.711520303118004,158.86874683382612,2354.9928578759464,0.0011111871213814824
2020-06-29,NIFTY_AUTO,1042253.0672033739,1043334.1972252277,0.0,2085.587264428602,61.94194175352947,2.0855872644286015,11.524955223232453,156.33796008050606,2317.477708750298,0.0011111871213814821
2020-06-30,NIFTY_AUTO,1046954.5929795273,1048040.5998981976,0.0,2094.995192877725,62.221357228468435,2.094995192877725,11.576943435842308,157.0431889469291,2327.9316776818428,0.0011111871213814826
2020-07-01,NIFTY_AUTO,1033807.9824884853,1034880.3524165484,0.0,2068.688334905034,61.440043546679505,2.068688334905034,11.431571738685216,155.07119737327278,2298.699835898576,0.0011111871213814824
2020-07-02,NIFTY_AUTO,1054070.501177657,1055163.8894341497,0.0,2109.2343906118067,62.64426140117066,2.1092343906118067,11.655629242520844,158.11057517664852,2343.754090822759,0.0011111871213814824
2020-07-03,NIFTY_AUTO,1085377.2722359318,1086503.1350335353,0.0,2171.880407269467,64.50484809590317,2.171880407269467,12.001811130571074,162.80659083538978,2413.365537738601,0.0011111871213814824
2020-07-06,NIFTY_AUTO,1127434.259848234,1128603.7483960195,0.0,2256.0380082442534,67.00432884485433,2.2560380082442535,12.466866033557745,169.11513897723512,2506.880380108145,0.0011111871213814821
2020-07-07,NIFTY_AUTO,1144760.3380314994,1145947.7989353992,0.0,2290.7081369668986,68.03403166791689,2.2907081369668982,12.65845316487908,171.7140507047249,2545.4053806413863,0.0011111871213814824
2020-07-08,NIFTY_AUTO,1115480.6885952041,1116637.7776930318,0.0,2232.118466288236,66.2939184487606,2.232118466288236,12.334686644708793,167.32210328928062,2480.301293137274,0.0011111871213814824
2020-07-09,NIFTY_AUTO,1092139.5607338918,1093272.4380592923,0.0,2185.411998793184,64.90673636415757,2.185411998793184,12.076586705331133,163.82093411008375,2428.4016679715496,0.0011111871213814824
2020-07-10,NIFTY_AUTO,1082172.0176284928,1083294.555612677,0.0,2165.46657324117,64.31435722526274,2.1654665732411695,11.966368283730704,162.3258026442739,2406.238567967678,0.0011111871213814824
2020-07-13,NIFTY_AUTO,1082945.5340843194,1084068.8744378025,0.0,2167.014408522122,64.36032793310702,2.167014408522122,11.974921621493245,162.4418301126479,2407.958502597892,0.0011111871213814826
2020-07-14,NIFTY_AUTO,1045054.0516511048,1046138.087136586,0.0,2091.192138787691,62.10840652199442,2.0911921387876906,11.55592775894078,156.7581077476657,2323.7057729550793,0.0011111871213814824
2020-07-15,NIFTY_AUTO,1018507.1813890424,1019563.6797826891,0.0,2038.0708611717316,60.530704576800424,2.0380708611717315,11.262379578834988,152.77607720835636,2264.6780933968953,0.0011111871213814824
2020-07-16,NIFTY_AUTO,1038146.8728358352,1039223.743498666,0.0,2077.3706163345014,61.697907305134684,2.077370616334501,11.479550025864453,155.72203092537526,2308.3474752072098,0.0011111871213814821
2020-07-17,NIFTY_AUTO,1083067.6581311987,1084191.125164063,0.0,2167.2587832952618,64.36758586386927,2.1672587832952614,11.976272036489616,162.46014871967978,2408.2300486985955,0.0011111871213814824
2020-07-20,NIFTY_AUTO,1120182.2840536644,1121344.25012059,0.0,2241.5265341742543,66.57333806497536,2.241526534174254,12.386675627846929,168.02734260804965,2490.7554170093003,0.0011111871213814824
2020-07-21,NIFTY_AUTO,1131890.62257252,1133064.733709273,0.0,2264.955356281793,67.26917408156925,2.2649553562817926,12.516143298813187,169.783593385878,2516.7892224043353,0.0011111871213814824
2020-07-22,NIFTY_AUTO,1113005.355185649,1114159.8766179571,0.0,2227.1652318036063,66.1468073845671,2.227165231803606,12.307315070946727,166.95080327784734,2474.7973227687708,0.0011111871213814821
2020-07-23,NIFTY_AUTO,1120066.082479791,1121227.9280107217,0.0,2241.294010490513,66.56643211156823,2.241294010490513,12.385390701970573,168.00991237196865,2490.4970396865106,0.0011111871213814824
2020-07-24,NIFTY_AUTO,1120434.5658325688,1121596.793591605,0.0,2242.031359424174,66.58833137489796,2.242031359424174,12.389465292177984,168.0651848748853,2491.3163723255593,0.0011111871213814824
2020-07-27,NIFTY_AUTO,1123091.615318309,1124256.5992371102,0.0,2247.3482145554194,66.74624197229595,2.2473482145554193,12.418846233633246,168.46374229774634,2497.22439327365,0.0011111871213814824
2020-07-28,NIFTY_AUTO,1150137.5024102246,1151330.5410514562,0.0,2301.468043461681,68.35360089081192,2.3014680434616808,12.717912408169248,172.5206253615337,2557.3616501656575,0.0011111871213814824
2020-07-29,NIFTY_AUTO,1175610.1054646552,1176829.5668594036,0.0,2352.439672324059,69.86745826802455,2.3524396723240586,12.999581629262748,176.34151581969826,2614.0006677133683,0.0011111871213814824
2020-07-30,NIFTY_AUTO,1131698.0136396985,1132871.924983036,0.0,2264.5699386227343,67.25772717709522,2.2645699386227345,12.514013480829231,169.7547020459548,2516.3609512652365,0.0011111871213814824
2020-07-31,NIFTY_AUTO,1102128.8757462446,1103272.1149968794,0.0,2205.4009907431237,65.50040942507077,2.2054009907431236,12.1870458748465,165.31933136193666,2450.613178395721,0.0011111871213814824
2020-08-03,NIFTY_AUTO,1076743.6919159454,1077860.5990931012,0.0,2154.604291009047,63.99174744296869,2.1546042910090466,11.906343312115991,161.5115537873918,2394.1685398425325,0.0011111871213814826
2020-08-04,NIFTY_AUTO,1068415.295727945,1069523.5638524215,0.0,2137.9388595803666,63.49678412953689,2.1379388595803666,11.814250138041107,160.26229435919174,2375.650127066717,0.0011111871213814824
2020-08-05,NIFTY_AUTO,1095915.3923415407,1097052.1863403835,0.0,2192.9675786819244,65.13113708685314,2.192967578681924,12.118338839796312,164.38730885123107,2436.797331038487,0.0011111871213814824
2020-08-06,NIFTY_AUTO,1101844.1578325587,1102987.1017450516,0.0,2204.8312595776106,65.48348840945503,2.2048312595776105,12.183897540425876,165.27662367488378,2449.9801004619526,0.0011111871213814821
2020-08-07,NIFTY_AUTO,1084993.246429166,1086118.7108764627,0.0,2171.111957305629,64.48202513197718,2.171111957305629,11.997564676070905,162.74898696437492,2412.5116460353574,0.0011111871213814824
2020-08-10,NIFTY_AUTO,1086888.9944202453,1088016.4253285977,0.0,2174.905419748843,64.59469096654064,2.1749054197488427,12.018527349532107,163.03334916303675,2416.7268926477013,0.0011111871213814824
2020-08-11,NIFTY_AUTO,1090941.6574441162,1092073.2921833822,0.0,2183.0149496274985,64.8355440039367,2.1830149496274984,12.063340611641555,163.6412486166174,2425.7380978093215,0.0011111871213814824
2020-08-12,NIFTY_AUTO,1106916.9046549234,1108065.1105321497,0.0,2214.982015187073,65.78496585105607,2.214982015187073,12.239990615923766,166.0375356982385,2461.2594893674786,0.0011111871213814824
2020-08-13,NIFTY_AUTO,1118016.8253478038,1119176.5451825121,0.0,2237.193370530316,66.44464310475038,2.2371933705303158,12.362730565550526,167.70252380217056,2485.9404613733177,0.0011111871213814824
2020-08-14,NIFTY_AUTO,1072090.7063686845,1073202.7869998463,0.0,2145.293493368531,63.71521675304537,2.1452934933685306,11.854891844354501,160.81360595530268,2383.822501414602,0.0011111871213814824
2020-08-17,NIFTY_AUTO,1079992.1099262997,1081112.3866903102,0.0,2161.10449661661,64.18480354951332,2.16110449661661,11.942263448303386,161.99881648894493,2401.391484599988,0.0011111871213814821
2020-08-18,NIFTY_AUTO,1090632.00210759,1091763.3156411035,0.0,2182.3953177486933,64.8171409371362,2.182395317748693,12.05991652587928,163.59480031613847,2425.049570845596,0.0011111871213814821
2020-08-19,NIFTY_AUTO,1083248.2929541809,1084371.9473597058,0.0,2167.620240313887,64.37832113732243,2.1676202403138864,11.978269447974538,162.4872439431271,2408.6316950826244,0.0011111871213814821
2020-08-20,NIFTY_AUTO,1066677.672941844,1067784.1386286784,0.0,2134.4618115705225,63.39351580364452,2.1344618115705223,11.795035970738708,160.0016509412766,2371.7864760977527,0.0011111871213814824
2020-08-21,NIFTY_AUTO,1077593.5926963815,1078711.3814763632,0.0,2156.3049741727446,64.04225773293052,2.1563049741727447,11.915741287278587,161.6390389044572,2396.0583170715836,0.0011111871213814821
2020-08-24,NIFTY_AUTO,1070205.0769365751,1071315.2016026713,0.0,2141.520278539246,63.60315227261562,2.141520278539246,11.834041059207875,160.53076154048625,2379.629753690095,0.0011111871213814821
2020-08-25,NIFTY_AUTO,1060707.1636630953,1061807.436135412,0.0,2122.5145997985073,63.03868361401567,2.122514599798507,11.729015678486551,159.1060745494643,2358.5108882402724,0.0011111871213814826
2020-08-26,NIFTY_AUTO,1082303.9805323086,1083426.655401729,0.0,2165.7306359340373,64.32219988724091,2.1657306359340374,11.967827494171491,162.34559707984627,2406.53199103123,0.0011111871213814821
2020-08-27,NIFTY_AUTO,1090622.1849088809,1091753.4882590056,0.0,2182.3756731678864,64.81655749308624,2.1823756731678863,12.05980796992574,163.5933277363321,2425.0277420403986,0.0011111871213814826
2020-08-28,NIFTY_AUTO,1078099.6403370851,1079217.954040729,0.0,2157.317594377814,64.07233255302108,2.157317594377814,11.9213370265318,161.71494605056273,2397.1835276023075,0.0011111871213814824
2020-08-31,NIFTY_AUTO,1021821.601562651,1022881.538007254,0.0,2044.703139569905,60.72768324522618,2.044703139569905,11.299029549263295,153.27324023439763,2272.047795738362,0.0011111871213814821
2020-09-01,NIFTY_AUTO,981261.2698536562,982279.13303056,0.0,1963.5404028842163,58.31714996566122,1.963540402884216,10.850524266338178,147.18919047804843,2181.860807997148,0.0011111871213814824
2020-09-02,NIFTY_AUTO,991664.7481348712,992693.4028489317,0.0,1984.358150983803,58.93543708421895,1.9843581509838029,10.965563142336494,148.74971222023066,2204.9932215815725,0.0011111871213814821
2020-09-03,NIFTY_AUTO,1014661.329821277,1015713.838909715,0.0,2030.3751687309918,60.302142511310464,2.0303751687309917,11.21985318240746,152.19919947319153,2256.126739066632,0.0011111871213814821
2020-09-04,NIFTY_AUTO,1002053.2440175563,1003092.6747275186,0.0,2005.145918745075,59.55283378672872,2.005145918745075,11.080436346985282,150.30798660263343,2228.0923214001677,0.0011111871213814826
2020-09-07,NIFTY_AUTO,987279.7896846884,988303.895877498,0.0,1975.5836855621865,58.674835461196935,1.9755836855621864,10.917075446416641,148.09196845270324,2195.2431486080654,0.0011111871213814824
2020-09-08,NIFTY_AUTO,958814.7410732564,959809.3204461451,0.0,1918.6240615194015,56.98313462712623,1.9186240615194015,10.602316563956213,143.82221116098845,2131.950347932992,0.0011111871213814824
2020-09-09,NIFTY_AUTO,957964.5394875667,958958.236945604,0.0,1916.9227764331706,56.932606460065166,1.9169227764331704,10.5929152625697,143.694680923135,2130.059901855374,0.0011111871213814824
2020-09-10,NIFTY_AUTO,973166.1152878492,974175.5813538132,0.0,1947.3416966416626,57.836048390257375,1.9473416966416623,10.761010215641827,145.97491729317738,2163.861014237381,0.0011111871213814824
2020-09-11,NIFTY_AUTO,973133.2004416937,974142.6323650586,0.0,1947.2758328067525,57.83409223436055,1.9472758328067523,10.760646252090114,145.96998006625404,2163.787827192264,0.0011111871213814826
2020-09-14,NIFTY_AUTO,973172.8531123593,974182.3261674746,0.0,1947.355179279834,57.83644882461107,1.9473551792798338,10.761084720700362,145.97592796685387,2163.875995971279,0.0011111871213814821
2020-09-15,NIFTY_AUTO,965127.0601234769,966128.1872704594,0.0,1931.2552473939363,57.35828084759991,1.9312552473939362,10.67211649709889,144.76905901852152,2145.9859590045503,0.0011111871213814821
2020-09-16,NIFTY_AUTO,971638.3906617572,972646.272017625,0.0,1944.284662679382,57.74525448157765,1.9442846626793822,10.744117045966265,145.74575859926358,2160.4640774688687,0.0011111871213814821
2020-09-17,NIFTY_AUTO,983916.7406917668,984937.3583909028,0.0,1968.8540990826696,58.474966742755285,1.9688540990826695,10.87988775153083,147.587511103765,2187.7653187798032,0.0011111871213814821
2020-09-18,NIFTY_AUTO,997315.0445335349,998349.5603050113,0.0,1995.6646048385462,59.27123876370482,1.9956646048385462,11.028042606337806,149.59725668003023,2217.5568074934577,0.0011111871213814824
2020-09-21,NIFTY_AUTO,959170.2980962433,960165.2462887443,0.0,1919.3355443849875,57.00426566823413,1.9193355443849875,10.60624821827144,143.8755447144365,2132.7409385303145,0.0011111871213814821
2020-09-22,NIFTY_AUTO,918289.1976617763,919241.7398528971,0.0,1837.5309375146735,54.5746688441858,1.8375309375146736,10.154195960706085,137.74337964926644,2041.8407129063464,0.0011111871213814824
2020-09-23,NIFTY_AUTO,898958.6554989137,899891.1461016743,0.0,1798.849801600588,53.42583910753746,1.7988498016005878,9.94044400364485,134.84379832483705,1998.858732838208,0.0011111871213814824
2020-09-24,NIFTY_AUTO,831675.7178319967,832538.4157844314,0.0,1664.2141336164282,49.42715976840792,1.664214133616428,9.196447302364382,124.75135767479952,1849.2533124956167,0.0011111871213814826
2020-09-25,NIFTY_AUTO,849154.3795443755,850035.2081279531,0.0,1699.1895876723288,50.465930753868165,1.6991895876723286,9.389721661477287,127.37315693165633,1888.1175866070027,0.0011111871213814824
2020-09-28,NIFTY_AUTO,910222.05160266,911166.2257360895,0.0,1821.3882773387495,54.09523183696086,1.8213882773387495,10.06499162057393,136.53330774039898,2023.903196814022,0.0011111871213814824
2020-09-29,NIFTY_AUTO,921730.6933292206,922686.8053868194,0.0,1844.41749871604,54.77919971186639,1.84441749871604,10.192251097904837,138.25960399938307,2049.4929710239103,0.0011111871213814821
2020-09-30,NIFTY_AUTO,908125.0368764636,909067.0357746762,0.0,1817.1920726511398,53.97060455773885,1.8171920726511397,10.041803393470198,136.21875553146953,2019.2404282064697,0.0011111871213814824
2020-10-01,NIFTY_AUTO,906315.8319462356,907255.9541545855,0.0,1813.571786100821,53.86308204719439,1.813571786100821,10.021797689993138,135.94737479193535,2015.217612416045,0.0011111871213814826
2020-10-05,NIFTY_AUTO,897467.7388499018,898398.682923513,0.0,1795.866421773415,53.33723272667042,1.7958664217734148,9.92395784671989,134.62016082748525,1995.543639596064,0.0011111871213814824
2020-10-06,NIFTY_AUTO,594754.219607022,595371.1586812977,0.0,1190.1253782883198,35.346723735163096,1.1901253782883197,6.576632840421254,89.21313294105329,1322.4519931832458,0.0011111871213814824
2020-10-07,NIFTY_AUTO,0.0,602340.5391698935,0.0,602.3405391698935,17.88951401334584,0.6023405391698935,3.328533819452831,0.0,624.1609275418621,0.0010362260000000001
2020-10-12,NIFTY_AUTO,120343.27564847031,0.0,0.0,120.34327564847031,3.5741952867595685,0.1203432756484703,0.665016941233447,18.051491347270545,142.75432249938234,0.0011862259999999999
2020-10-12,NIFTY_FINANCIAL_SERVICES,120343.27564847031,0.0,0.0,120.34327564847032,3.574195286759568,0.1203432756484703,0.6650169412334469,18.051491347270545,142.75432249938237,0.0011862260000000003
2020-10-12,NIFTY_IT,120343.27564847031,0.0,0.0,120.34327564847032,3.574195286759568,0.1203432756484703,0.6650169412334469,18.051491347270545,142.75432249938237,0.0011862260000000003
2020-10-12,NIFTY_PHARMA,120343.27564847031,0.0,0.0,120.34327564847032,3.574195286759568,0.1203432756484703,0.6650169412334469,18.051491347270545,142.75432249938237,0.0011862260000000003
2020-10-12,NIFTY_PRIVATE_BANK,120343.27564847031,0.0,0.0,120.34327564847032,3.574195286759568,0.1203432756484703,0.6650169412334469,18.051491347270545,142.75432249938237,0.0011862260000000003
2020-10-13,NIFTY_AUTO,0.0,117974.15747432201,0.0,117.974157474322,3.5038324769873634,0.117974157474322,0.6519251942031034,0.0,122.2478893029868,0.0010362260000000001
2020-10-13,NIFTY_FINANCIAL_SERVICES,0.0,78379.14332693547,0.0,78.37914332693548,2.3278605568099833,0.07837914332693546,0.4331231460246454,0.0,81.21850617309704,0.0010362260000000001
2020-10-13,NIFTY_IT,0.0,123173.77295093075,0.0,123.17377295093075,3.658261056642643,0.12317377295093074,0.6806582693268433,0.0,127.63586604985116,0.001036226
2020-10-13,NIFTY_PHARMA,0.0,79332.31132612261,0.0,79.33231132612262,2.3561696463858417,0.07933231132612262,0.4383903523881536,0.0,82.20620363622274,0.0010362260000000001
2020-10-13,NIFTY_PRIVATE_BANK,0.0,117963.57796533091,0.0,117.96357796533091,3.503518265570328,0.11796357796533091,0.6518667318364186,0.0,122.236926540703,0.0010362260000000001
2020-10-14,NIFTY_FINANCIAL_SERVICES,0.0,39179.782627770364,0.0,39.179782627770365,1.1636395440447798,0.03917978262777036,0.21650747880105903,0.0,40.59910943324397,0.001036226
2020-10-19,NIFTY_AUTO,111085.32023405521,0.0,0.0,111.08532023405522,3.2992340109514395,0.11108532023405521,0.6138574796133891,16.66279803510828,131.77229507996236,0.0011862259999999999
2020-10-19,NIFTY_FINANCIAL_SERVICES,111085.3202340552,0.0,0.0,111.08532023405519,3.2992340109514395,0.11108532023405521,0.613857479613389,16.66279803510828,131.77229507996233,0.0011862259999999999
2020-10-19,NIFTY_IT,111085.3202340552,0.0,0.0,111.08532023405519,3.2992340109514395,0.11108532023405521,0.613857479613389,16.66279803510828,131.77229507996233,0.0011862259999999999
2020-10-19,NIFTY_PHARMA,111085.32023405521,0.0,0.0,111.08532023405522,3.2992340109514395,0.11108532023405521,0.6138574796133891,16.66279803510828,131.77229507996236,0.0011862259999999999
2020-10-19,NIFTY_REALTY,111085.3202340552,0.0,0.0,111.08532023405519,3.2992340109514395,0.11108532023405521,0.613857479613389,16.66279803510828,131.77229507996233,0.0011862259999999999
2020-10-20,NIFTY_AUTO,0.0,107925.76717331208,0.0,107.92576717331208,3.205395285047369,0.10792576717331206,0.5963977893997225,0.0,111.83548601493248,0.0010362260000000001
2020-10-20,NIFTY_FINANCIAL_SERVICES,0.0,74667.74822133646,0.0,74.66774822133647,2.217632122173693,0.07466774822133646,0.4126139766711053,0.0,77.37266206840259,0.001036226
2020-10-20,NIFTY_IT,0.0,113254.39912267143,0.0,113.25439912267143,3.363655653943341,0.1132543991226714,0.6258438095518821,0.0,117.35715298528932,0.001036226
2020-10-20,NIFTY_PHARMA,0.0,107168.49633122736,0.0,107.16849633122735,3.1829043410374522,0.10716849633122735,0.5922131107263624,0.0,111.05078227932239,0.001036226
2020-10-20,NIFTY_REALTY,0.0,73324.42516075782,0.0,73.32442516075781,2.177735427274507,0.07332442516075781,0.4051907734383477,0.0,75.98067578663142,0.001036226
2020-10-22,NIFTY_AUTO,95169.4478500341,0.0,0.0,95.1694478500341,2.826532601146013,0.0951694478500341,0.5259063688192884,14.275417177505116,112.89247344535457,0.001186226
2020-10-22,NIFTY_FINANCIAL_SERVICES,95169.4478500341,0.0,0.0,95.1694478500341,2.826532601146013,0.0951694478500341,0.5259063688192884,14.275417177505116,112.89247344535457,0.001186226
2020-10-22,NIFTY_IT,95169.4478500341,0.0,0.0,95.1694478500341,2.826532601146013,0.0951694478500341,0.5259063688192884,14.275417177505112,112.89247344535453,0.0011862259999999996
2020-10-22,NIFTY_PHARMA,95169.4478500341,0.0,0.0,95.1694478500341,2.826532601146013,0.0951694478500341,0.5259063688192884,14.275417177505116,112.89247344535457,0.001186226
2020-10-22,NIFTY_REALTY,95169.4478500341,0.0,0.0,95.1694478500341,2.826532601146013,0.0951694478500341,0.5259063688192884,14.275417177505116,112.89247344535457,0.001186226
2020-10-23,NIFTY_AUTO,0.0,101470.9188291766,0.0,101.47091882917661,3.0136862892265457,0.10147091882917661,0.56072829745003,0.0,105.14680433468237,0.0010362260000000001
2020-10-23,NIFTY_FINANCIAL_SERVICES,0.0,99170.2046543339,0.0,99.1702046543339,2.9453550782337166,0.09917020465433389,0.5480145509198491,0.0,102.7627444881418,0.0010362260000000001
2020-10-23,NIFTY_IT,0.0,94742.21576614113,0.0,94.74221576614113,2.8138438082543917,0.09474221576614113,0.5235454843236959,0.0,98.17434727448537,0.0010362260000000001
2020-10-23,NIFTY_PHARMA,0.0,94671.67619017801,0.0,94.671676190178,2.811748782848287,0.09467167619017801,0.5231556826269237,0.0,98.1012523318434,0.001036226
2020-10-23,NIFTY_REALTY,0.0,94938.1275804624,0.0,94.9381275804624,2.8196623891397334,0.0949381275804624,0.5246280930096352,0.0,98.37735619019224,0.0010362260000000001
2020-10-29,NIFTY_PHARMA,0.0,38387.83908718828,0.0,38.38783908718828,1.140118820889492,0.03838783908718828,0.21213119879580244,0.0,39.77847694596076,0.001036226
2020-11-02,NIFTY_FINANCIAL_SERVICES,0.0,36393.06740601613,0.0,36.39306740601614,1.0808741019586792,0.03639306740601613,0.20110809048564515,0.0,37.71144266586648,0.0010362260000000001
2020-11-03,NIFTY_AUTO,0.0,272154.46238861664,0.0,272.15446238861665,8.082987532941914,0.2721544623886166,1.5039255591594956,0.0,282.0135299431067,0.0010362260000000001
2020-11-05,NIFTY_REALTY,0.0,38119.126727443734,0.0,38.119126727443735,1.1321380638050789,0.03811912672744373,0.21064629429585405,0.0,39.500030212272115,0.0010362260000000001
2020-11-09,NIFTY_AUTO,173829.21452903404,0.0,0.0,173.82921452903403,5.162727671512311,0.17382921452903402,0.9605802394874421,26.074382179355105,206.20073383391792,0.0011862259999999999
2020-11-09,NIFTY_BANK,173829.21452903404,0.0,0.0,173.82921452903403,5.162727671512311,0.17382921452903402,0.9605802394874421,26.074382179355105,206.20073383391792,0.0011862259999999999
2020-11-09,NIFTY_IT,173829.21452903404,0.0,0.0,173.82921452903403,5.162727671512311,0.17382921452903402,0.9605802394874421,26.074382179355105,206.20073383391792,0.0011862259999999999
2020-11-09,NIFTY_PHARMA,173829.21452903404,0.0,0.0,173.82921452903403,5.162727671512311,0.17382921452903402,0.9605802394874421,26.074382179355105,206.20073383391792,0.0011862259999999999
2020-11-09,NIFTY_PRIVATE_BANK,173829.21452903404,0.0,0.0,173.82921452903403,5.162727671512311,0.17382921452903402,0.9605802394874421,26.074382179355105,206.20073383391792,0.0011862259999999999
2020-11-10,NIFTY_AUTO,0.0,117583.50914111864,0.0,117.58350914111864,3.4922302214912238,0.11758350914111863,0.6497664715138216,0.0,121.84308934326481,0.001036226
2020-11-10,NIFTY_BANK,0.0,120676.14451752404,0.0,120.67614451752405,3.584081492170464,0.12067614451752404,0.6668563746038378,0.0,125.04775852881588,0.0010362260000000001
2020-11-10,NIFTY_IT,0.0,166577.08632371557,0.0,166.5770863237156,4.9473394638143535,0.1665770863237156,0.9205049790248523,0.0,172.6115078528785,0.0010362260000000001
2020-11-10,NIFTY_PHARMA,0.0,107824.63554485433,0.0,107.82463554485435,3.2023916756821738,0.10782463554485433,0.5958389360208651,0.0,111.73069079210224,0.0010362260000000001
2020-11-10,NIFTY_PRIVATE_BANK,0.0,189195.6796843904,0.0,189.1956796843904,5.619111686626395,0.18919567968439038,1.0454953259359414,0.0,196.04948237663714,0.0010362260000000001
2020-11-13,NIFTY_AUTO,0.0,62461.530526902025,0.0,62.461530526902024,1.8551074566489902,0.06246153052690202,0.3451624176916606,0.0,64.72426193176958,0.001036226
2020-11-17,NIFTY_AUTO,176691.35131070312,0.0,0.0,176.6913513107031,5.247733133927882,0.1766913513107031,0.9763964073429454,26.503702696605465,209.59587489989013,0.001186226
2020-11-17,NIFTY_BANK,0.0,61977.72990458598,0.0,61.977729904585985,1.8407385781662038,0.06197772990458598,0.34248893545274217,0.0,64.22293514810951,0.001036226
2020-11-17,NIFTY_FINANCIAL_SERVICES,176691.35131070312,0.0,0.0,176.6913513107031,5.247733133927882,0.1766913513107031,0.9763964073429454,26.503702696605465,209.59587489989013,0.001186226
2020-11-17,NIFTY_IT,176691.35131070312,0.0,0.0,176.6913513107031,5.247733133927882,0.1766913513107031,0.9763964073429454,26.503702696605465,209.59587489989013,0.001186226
2020-11-17,NIFTY_METAL,176691.35131070312,0.0,0.0,176.6913513107031,5.247733133927882,0.1766913513107031,0.9763964073429454,26.503702696605465,209.59587489989013,0.001186226
2020-11-17,NIFTY_PHARMA,0.0,58076.851379796,0.0,58.076851379796,1.7248824859799412,0.05807685137979599,0.3209326807247527,0.0,60.180743397880484,0.001036226
2020-11-17,NIFTY_PRIVATE_BANK,176691.35131070312,0.0,0.0,176.6913513107031,5.247733133927882,0.1766913513107031,0.9763964073429454,26.503702696605465,209.59587489989013,0.001186226
2020-11-18,NIFTY_AUTO,0.0,117147.3644522865,0.0,117.14736445228651,3.4792767242329097,0.1171473644522865,0.6473563359633352,0.0,121.39114487693503,0.001036226
2020-11-18,NIFTY_FINANCIAL_SERVICES,0.0,122037.58848589317,0.0,122.03758848589317,3.6245163780310268,0.12203758848589316,0.6743797139730456,0.0,126.45852216638315,0.0010362260000000001
2020-11-18,NIFTY_IT,0.0,173572.93956490577,0.0,173.5729395649058,5.155116305077701,0.17357293956490577,0.9591640640356693,0.0,179.86079287358405,0.001036226
2020-11-18,NIFTY_METAL,0.0,177367.9698429548,0.0,177.3679698429548,5.2678287043357575,0.17736796984295478,0.9801354013521681,0.0,183.79330191848567,0.001036226
2020-11-18,NIFTY_PRIVATE_BANK,0.0,184466.50772322866,0.0,184.46650772322866,5.4786552793798915,0.18446650772322865,1.0193619216785617,0.0,191.14899143201035,0.0010362260000000001
2020-11-23,NIFTY_AUTO,154757.9434632003,0.0,0.0,154.7579434632003,4.596310920857049,0.1547579434632003,0.8551923955776448,23.213691519480044,183.57789624257822,0.0011862259999999999
2020-11-23,NIFTY_BANK,154757.9434632003,0.0,0.0,154.75794346320032,4.596310920857048,0.15475794346320026,0.8551923955776448,23.21369151948004,183.57789624257825,0.001186226
2020-11-23,NIFTY_FINANCIAL_SERVICES,154757.9434632003,0.0,0.0,154.7579434632003,4.596310920857049,0.1547579434632003,0.8551923955776448,23.213691519480044,183.57789624257822,0.0011862259999999999
2020-11-23,NIFTY_IT,154757.9434632003,0.0,0.0,154.75794346320032,4.596310920857048,0.15475794346320026,0.8551923955776448,23.21369151948004,183.57789624257825,0.001186226
2020-11-23,NIFTY_PRIVATE_BANK,154757.9434632003,0.0,0.0,154.75794346320032,4.596310920857048,0.15475794346320026,0.8551923955776448,23.21369151948004,183.57789624257825,0.001186226
2020-11-24,NIFTY_AUTO,155305.74834120765,155466.84713034215,0.0,310.77259547154983,9.229946085505029,0.3107725954715498,1.7173293625757844,23.295862251181145,345.32650576628333,0.0011111871213814824
2020-11-24,NIFTY_BANK,104916.52441450083,105025.35441740736,0.0,209.94187883190818,6.235273801307673,0.20994187883190818,1.1601388224251246,15.737478662175123,233.284711996648,0.0011111871213814824
2020-11-24,NIFTY_FINANCIAL_SERVICES,154735.55223940988,154896.05956362726,0.0,309.6316118030371,9.196058870550203,0.3096316118030371,1.7110242868235834,23.21033283591148,344.05865940812544,0.0011111871213814824
2020-11-24,NIFTY_IT,158123.19019330747,158287.21151734923,0.0,316.41040171065674,9.397388930806505,0.3164104017106567,1.748483879853089,23.71847852899612,351.59116345202307,0.0011111871213814824
2020-11-24,NIFTY_PRIVATE_BANK,159566.57036110375,159732.08890466107,0.0,319.2986592657648,9.483170180193214,0.3192986592657648,1.7644443911026162,23.93498555416556,354.80055805049193,0.0011111871213814821
2020-11-25,NIFTY_AUTO,0.0,154267.3310609816,0.0,154.2673310609816,4.581739732511153,0.1542673310609816,0.8524812714429841,0.0,159.85581939599672,0.001036226
2020-11-25,NIFTY_BANK,0.0,104052.47989506376,0.0,104.05247989506377,3.0903586528833937,0.10405247989506376,0.5749940039001225,0.0,107.82188503174235,0.0010362260000000001
2020-11-25,NIFTY_FINANCIAL_SERVICES,0.0,152184.07712844756,0.0,152.18407712844757,4.519867090714893,0.15218407712844756,0.8409692102118012,0.0,157.6970975065027,0.001036226
2020-11-25,NIFTY_IT,0.0,154068.60057597508,0.0,154.0686005759751,4.57583743710646,0.1540686005759751,0.8513830867828382,0.0,159.64988970044035,0.001036226
2020-11-25,NIFTY_PRIVATE_BANK,0.0,158622.59053694844,0.0,158.62259053694845,4.711090938947368,0.15862259053694844,0.876548435307177,0.0,164.36885250173992,0.001036226
2020-12-01,NIFTY_AUTO,213501.26745794146,58645.48728720426,0.0,272.1467547451457,8.082758615930828,0.2721467547451457,1.503882966721675,32.025190118691214,314.0307332012346,0.0011539021786069487
2020-12-01,NIFTY_BANK,0.0,52191.14691735993,0.0,52.19114691735994,1.55007706344559,0.05219114691735993,0.28840827786533096,0.0,54.08182340558822,0.0010362260000000001
2020-12-01,NIFTY_FINANCIAL_SERVICES,154916.55014944688,0.0,0.0,154.9165501494469,4.601021539438572,0.15491655014944686,0.8560688561258434,23.23748252241703,183.76603961757775,0.0011862259999999999
2020-12-01,NIFTY_IT,154916.55014944688,0.0,0.0,154.9165501494469,4.601021539438572,0.15491655014944689,0.8560688561258436,23.237482522417032,183.76603961757775,0.0011862259999999999
2020-12-01,NIFTY_METAL,154916.55014944688,0.0,0.0,154.9165501494469,4.601021539438572,0.15491655014944689,0.8560688561258436,23.237482522417032,183.76603961757775,0.0011862259999999999
2020-12-01,NIFTY_PRIVATE_BANK,154916.55014944688,0.0,0.0,154.9165501494469,4.601021539438572,0.15491655014944689,0.8560688561258436,23.237482522417032,183.76603961757775,0.0011862259999999999
2020-12-02,NIFTY_AUTO,0.0,214336.82369574765,0.0,214.33682369574765,6.365803663763705,0.2143368236957476,1.1844252877427013,0.0,222.1013894709498,0.0010362260000000001
2020-12-02,NIFTY_FINANCIAL_SERVICES,0.0,150923.3657609119,0.0,150.9233657609119,4.482423963099084,0.15092336576091192,0.8340025191947993,0.0,156.3907156089667,0.0010362260000000001
2020-12-02,NIFTY_IT,0.0,157811.32029406444,0.0,157.81132029406444,4.686996212733714,0.15781132029406442,0.872065355945,0.0,163.52819318303722,0.001036226
2020-12-02,NIFTY_METAL,0.0,160577.7478367612,0.0,160.5777478367612,4.769159110751808,0.16057774783676118,0.8873526345459424,0.0,166.39483732989572,0.0010362260000000001
2020-12-02,NIFTY_PRIVATE_BANK,0.0,100241.25479667338,0.0,100.24125479667339,2.9771652674611992,0.10024125479667338,0.5539331740064171,0.0,103.87259449293768,0.0010362260000000001
2020-12-07,NIFTY_AUTO,170259.1570544574,0.0,0.0,170.2591570544574,5.056696964517385,0.17025915705445738,0.9408521018829314,25.538873558168603,201.96583883608082,0.001186226
2020-12-07,NIFTY_BANK,170259.1570544574,0.0,0.0,170.2591570544574,5.056696964517385,0.17025915705445738,0.9408521018829314,25.538873558168603,201.96583883608082,0.001186226
2020-12-07,NIFTY_FINANCIAL_SERVICES,0.0,68288.32275374807,0.0,68.28832275374808,2.0281631857863176,0.06828832275374806,0.37736127153721183,0.0,70.76213553382534,0.001036226
2020-12-07,NIFTY_IT,170259.1570544574,0.0,0.0,170.2591570544574,5.056696964517385,0.17025915705445738,0.9408521018829314,25.538873558168603,201.96583883608082,0.001186226
2020-12-07,NIFTY_METAL,170259.1570544574,0.0,0.0,170.2591570544574,5.056696964517385,0.17025915705445738,0.9408521018829314,25.538873558168603,201.96583883608082,0.001186226
2020-12-07,NIFTY_PRIVATE_BANK,226090.91697343896,55889.674252573604,0.0,281.98059122601256,8.374823559412574,0.28198059122601254,1.5582247471149455,33.913637546015835,326.1092576697819,0.0011564954036442864
2020-12-08,NIFTY_AUTO,0.0,169854.0025236181,0.0,169.8540025236181,5.044663874951457,0.1698540025236181,0.9386132179455136,0.0,176.0071336190387,0.0010362260000000001
2020-12-08,NIFTY_BANK,0.0,112997.10112717567,0.0,112.99710112717568,3.356013903477118,0.11299710112717568,0.6244219808287728,0.0,117.09053411260874,0.001036226
2020-12-08,NIFTY_IT,0.0,171662.51395931307,0.0,171.66251395931306,5.098376664591598,0.17166251395931306,0.9486070521391639,0.0,177.88116019000313,0.001036226
2020-12-08,NIFTY_METAL,0.0,166405.76992879895,0.0,166.40576992879897,4.942251366885329,0.16640576992879896,0.9195582846265431,0.0,172.43398535023965,0.0010362260000000001
2020-12-08,NIFTY_PRIVATE_BANK,0.0,228477.02449728904,0.0,228.47702449728905,6.785767627569484,0.22847702449728904,1.262564037372019,0.0,236.75383318672783,0.0010362260000000001
2020-12-10,NIFTY_BANK,0.0,57133.037667564175,0.0,57.133037667564174,1.696851218726656,0.057133037667564175,0.3157171661509596,0.0,59.202739090109354,0.001036226
2020-12-21,NIFTY_BANK,181118.01606364205,0.0,0.0,181.11801606364205,5.379205077090169,0.18111801606364203,1.000858156767686,27.167702409546305,214.84689972310986,0.001186226
2020-12-21,NIFTY_FINANCIAL_SERVICES,181118.01606364205,0.0,0.0,181.11801606364205,5.379205077090169,0.18111801606364203,1.000858156767686,27.167702409546305,214.84689972310986,0.001186226
2020-12-21,NIFTY_IT,181118.01606364205,0.0,0.0,181.11801606364205,5.379205077090169,0.18111801606364203,1.000858156767686,27.167702409546305,214.84689972310986,0.001186226
2020-12-21,NIFTY_METAL,181118.01606364205,0.0,0.0,181.11801606364205,5.379205077090169,0.18111801606364203,1.000858156767686,27.167702409546305,214.84689972310986,0.001186226
2020-12-21,NIFTY_PRIVATE_BANK,181118.01606364205,0.0,0.0,181.11801606364205,5.379205077090169,0.18111801606364203,1.000858156767686,27.167702409546305,214.84689972310986,0.001186226
2020-12-22,NIFTY_BANK,117592.57088619773,117714.5497632407,0.0,235.30712064943845,6.988621483288322,0.23530712064943843,1.3003071487087967,17.638885632929657,261.4702420350147,0.0011111871213814824
2020-12-22,NIFTY_FINANCIAL_SERVICES,116341.56064816541,116462.2418511899,0.0,232.80380249935533,6.914272934230853,0.2328038024993553,1.2864738126114375,17.45123409722481,258.6885871459218,0.0011111871213814826
2020-12-22,NIFTY_IT,183717.02197832215,183907.5918065495,0.0,367.62461378487166,10.918451029410688,0.36762461378487166,2.031493615775201,27.55755329674832,408.49973634059074,0.0011111871213814824
2020-12-22,NIFTY_METAL,176480.84941324437,176663.9131533156,0.0,353.14476256655996,10.488399448226831,0.35314476256655997,1.9514779579428103,26.47212741198665,392.40991214728285,0.0011111871213814824
2020-12-22,NIFTY_PRIVATE_BANK,176271.8717980404,176454.71876544785,0.0,352.72659056348823,10.475979739735601,0.3527265905634882,1.949167139453836,26.44078076970606,391.94524480294723,0.0011111871213814824
2020-12-23,NIFTY_BANK,0.0,117915.59242616137,0.0,117.91559242616137,3.5020930950569924,0.11791559242616136,0.6516015637469676,0.0,122.18720267739147,0.001036226
2020-12-23,NIFTY_FINANCIAL_SERVICES,0.0,117491.90937588502,0.0,117.49190937588503,3.4895097084637854,0.11749190937588502,0.6492602912111407,0.0,121.74817128493584,0.0010362260000000001
2020-12-23,NIFTY_IT,0.0,195191.49367969122,0.0,195.19149367969123,5.79718736228683,0.1951914936796912,1.078628194073974,0.0,202.26250072973173,0.0010362260000000001
2020-12-23,NIFTY_METAL,0.0,184693.77852977856,0.0,184.69377852977857,5.485405222334424,0.18469377852977856,1.0206178201555565,0.0,191.38449535079832,0.001036226
2020-12-23,NIFTY_PRIVATE_BANK,0.0,179641.42267778126,0.0,179.64142267778126,5.335350253530104,0.17964142267778127,0.9926985017174191,0.0,186.14911285570656,0.001036226
2020-12-29,NIFTY_BANK,171209.2715179412,0.0,0.0,171.2092715179412,5.084915364082854,0.1712092715179412,0.946102434408143,25.681390727691177,203.09288931564132,0.0011862259999999999
2020-12-29,NIFTY_FINANCIAL_SERVICES,0.0,62000.138538864616,0.0,62.00013853886462,1.841404114604279,0.062000138538864616,0.34261276556576586,0.0,64.24615555757353,0.0010362260000000001
2020-12-29,NIFTY_IT,171209.2715179412,0.0,0.0,171.2092715179412,5.084915364082854,0.17120927151794121,0.9461024344081431,25.68139072769118,203.09288931564134,0.001186226
2020-12-29,NIFTY_METAL,171209.2715179412,0.0,0.0,171.2092715179412,5.084915364082854,0.17120927151794121,0.9461024344081431,25.68139072769118,203.09288931564134,0.001186226
2020-12-29,NIFTY_PRIVATE_BANK,171209.2715179412,0.0,0.0,171.2092715179412,5.084915364082854,0.17120927151794121,0.9461024344081431,25.68139072769118,203.09288931564134,0.001186226
2020-12-29,NIFTY_REALTY,171209.2715179412,0.0,0.0,171.2092715179412,5.084915364082854,0.17120927151794121,0.9461024344081431,25.68139072769118,203.09288931564134,0.001186226
2020-12-30,NIFTY_BANK,0.0,171214.10184735514,0.0,171.21410184735515,5.085058824866447,0.17121410184735514,0.9461291268084846,0.0,177.4165039008774,0.0010362259999999997
2020-12-30,NIFTY_IT,0.0,173729.72831154894,0.0,173.72972831154894,5.159772930853003,0.17372972831154893,0.9600304786496193,0.0,180.0232614493631,0.001036226
2020-12-30,NIFTY_METAL,0.0,175120.90228046087,0.0,175.12090228046088,5.201090797729688,0.17512090228046087,0.9677181060018267,0.0,181.46483208647288,0.0010362260000000001
2020-12-30,NIFTY_PRIVATE_BANK,0.0,173146.43426195253,0.0,173.14643426195255,5.14244909757999,0.17314643426195253,0.9568071957315497,0.0,179.41883698952603,0.0010362260000000001
2020-12-30,NIFTY_REALTY,0.0,172892.8626856459,0.0,172.89286268564592,5.134918021763683,0.1728928626856459,0.9554059592008792,0.0,179.1560795292961,0.001036226
2021-01-18,NIFTY_AUTO,173041.30997460158,0.0,0.0,173.04130997460157,5.1393269062456675,0.17304130997460157,0.9562262789196483,25.956196496190234,205.26610096593174,0.001186226
2021-01-18,NIFTY_BANK,173041.30997460158,0.0,0.0,173.04130997460157,5.139326906245667,0.17304130997460157,0.9562262789196483,25.956196496190234,205.2661009659317,0.0011862259999999999
2021-01-18,NIFTY_IT,173041.30997460158,0.0,0.0,173.04130997460157,5.1393269062456675,0.17304130997460157,0.9562262789196483,25.956196496190234,205.26610096593174,0.001186226
2021-01-18,NIFTY_METAL,173041.30997460158,0.0,0.0,173.04130997460157,5.1393269062456675,0.17304130997460157,0.9562262789196483,25.956196496190234,205.26610096593174,0.001186226
2021-01-18,NIFTY_REALTY,173041.30997460158,0.0,0.0,173.04130997460157,5.1393269062456675,0.17304130997460157,0.9562262789196483,25.956196496190234,205.26610096593174,0.001186226
2021-01-19,NIFTY_AUTO,0.0,113274.60162444966,0.0,113.27460162444964,3.3642556682461544,0.11327460162444963,0.6259554485767087,0.0,117.37808734289696,0.001036226
2021-01-19,NIFTY_BANK,0.0,176358.6984664659,0.0,176.3586984664659,5.237853344454037,0.1763586984664659,0.9745581677256905,0.0,182.74746867711207,0.001036226
2021-01-19,NIFTY_IT,0.0,170183.70723039965,0.0,170.18370723039965,5.0544561047428695,0.17018370723039963,0.9404351661551884,0.0,176.3487822085281,0.001036226
2021-01-19,NIFTY_METAL,0.0,167105.16032458248,0.0,167.10516032458247,4.9630232616400995,0.16710516032458247,0.9234231159536428,0.0,173.1587118625008,0.0010362260000000001
2021-01-19,NIFTY_REALTY,0.0,118032.36948552237,0.0,118.03236948552237,3.5055613737200146,0.11803236948552237,0.6522468737769966,0.0,122.30821010250492,0.0010362260000000001
2021-01-20,NIFTY_REALTY,0.0,60192.118509764055,0.0,60.19211850976406,1.7877059197399925,0.06019211850976405,0.33262164688495616,0.0,62.37263819489877,0.0010362260000000001
2021-01-22,NIFTY_AUTO,160862.46834855914,0.0,0.0,160.86246834855913,4.777615309952206,0.16086246834855913,0.8889260000941377,24.12937025228387,190.81924237923792,0.001186226
2021-01-22,NIFTY_BANK,160862.46834855914,0.0,0.0,160.86246834855913,4.777615309952206,0.16086246834855913,0.8889260000941377,24.12937025228387,190.81924237923792,0.001186226
2021-01-22,NIFTY_IT,160862.46834855914,0.0,0.0,160.86246834855913,4.777615309952206,0.1608624683485591,0.8889260000941377,24.12937025228387,190.81924237923792,0.001186226
2021-01-22,NIFTY_METAL,160862.46834855914,0.0,0.0,160.86246834855913,4.777615309952206,0.1608624683485591,0.8889260000941377,24.12937025228387,190.81924237923792,0.001186226
2021-01-22,NIFTY_REALTY,160862.46834855914,0.0,0.0,160.86246834855913,4.777615309952206,0.1608624683485591,0.8889260000941377,24.12937025228387,190.81924237923792,0.001186226
2021-01-25,NIFTY_AUTO,200612.29280895222,158484.52169573837,0.0,359.0968145046906,10.665175390789312,0.35909681450469055,1.9843689969529201,30.09184392134283,402.19729962828035,0.0011200246935719525
2021-01-25,NIFTY_BANK,0.0,211679.33210355096,0.0,211.67933210355096,6.286876163475464,0.21167933210355094,1.1697399892042226,0.0,219.3476275883342,0.0010362260000000001
2021-01-25,NIFTY_FINANCIAL_SERVICES,42291.996895192526,0.0,0.0,42.291996895192526,1.256072307787218,0.04229199689519253,0.23370557484283389,6.343799534278878,50.16786630899665,0.001186226
2021-01-25,NIFTY_IT,200654.1450049802,158526.4173050861,0.0,359.1805623100663,10.667662700608968,0.35918056231006623,1.9848317873254264,30.098121750747026,402.2903591110578,0.001120022632972484
2021-01-25,NIFTY_METAL,191496.16900669824,149358.9417302591,0.0,340.85511073695733,10.123396788887634,0.3408551107369573,1.8835653419324263,28.724425351004733,381.92735332951906,0.0011204976580922025
2021-01-25,NIFTY_REALTY,196085.97105163438,153953.50478088693,0.0,350.03947583252136,10.396172432225883,0.3500394758325213,1.9343181434505126,29.412895657745153,392.13290154177537,0.001120253367449887
2021-01-27,NIFTY_AUTO,0.0,187153.95125604206,0.0,187.15395125604203,5.558472352304449,0.18715395125604206,1.0342127346408883,0.0,193.9337902942434,0.001036226
2021-01-27,NIFTY_FINANCIAL_SERVICES,0.0,27564.742348075786,0.0,27.56474234807579,0.8186728477378509,0.027564742348075787,0.15232276621546678,0.0,28.56330270437718,0.001036226
2021-01-27,NIFTY_IT,0.0,200406.49846227583,0.0,200.40649846227586,5.952073004329593,0.20040649846227584,1.1074463105025363,0.0,207.66642427557025,0.0010362260000000001
2021-01-27,NIFTY_METAL,0.0,184365.7806082623,0.0,184.36578060826233,5.475663684065391,0.1843657806082623,1.0188053036412577,0.0,191.04461537657724,0.0010362260000000001
2021-01-27,NIFTY_REALTY,0.0,182281.56883798295,0.0,182.28156883798295,5.413762594488093,0.18228156883798294,1.0072879493986937,0.0,188.88490095070773,0.0010362260000000001
2021-02-01,NIFTY_AUTO,156192.4896958075,0.0,0.0,156.19248969580752,4.638916943965483,0.1561924896958075,0.8631196980590322,23.428873454371125,185.27959228189894,0.0011862259999999999
2021-02-01,NIFTY_BANK,156192.4896958075,0.0,0.0,156.19248969580752,4.638916943965484,0.1561924896958075,0.8631196980590323,23.428873454371125,185.279592281899,0.0011862260000000003
2021-02-01,NIFTY_FINANCIAL_SERVICES,156192.4896958075,0.0,0.0,156.19248969580752,4.638916943965483,0.1561924896958075,0.8631196980590322,23.428873454371125,185.27959228189894,0.0011862259999999999
2021-02-01,NIFTY_IT,156192.4896958075,0.0,0.0,156.19248969580752,4.638916943965484,0.1561924896958075,0.8631196980590323,23.428873454371125,185.279592281899,0.0011862260000000003
2021-02-01,NIFTY_REALTY,156192.4896958075,0.0,0.0,156.19248969580752,4.638916943965484,0.1561924896958075,0.8631196980590323,23.428873454371125,185.279592281899,0.0011862260000000003
2021-02-02,NIFTY_AUTO,0.0,172548.9872969273,0.0,172.5489872969273,5.124704922718741,0.1725489872969273,0.9535057038028203,0.0,178.7997469107458,0.001036226
2021-02-02,NIFTY_BANK,0.0,114917.33358678673,0.0,114.91733358678673,3.4130448075275654,0.11491733358678671,0.6350331854005833,0.0,119.08032891330166,0.001036226
2021-02-02,NIFTY_FINANCIAL_SERVICES,0.0,168986.86866618146,0.0,168.98686866618146,5.01890999938559,0.16898686866618146,0.9338214362493188,0.0,175.10858697048258,0.0010362260000000001
2021-02-02,NIFTY_IT,0.0,159019.43451931843,0.0,159.01943451931842,4.7228772052237575,0.1590194345193184,0.8787413951537537,0.0,164.78007255421525,0.001036226
2021-02-02,NIFTY_REALTY,0.0,170103.90394596796,0.0,170.10390394596797,5.052085947195248,0.17010390394596797,0.939994173205419,0.0,176.2660879703146,0.0010362260000000001
2021-02-08,NIFTY_AUTO,159931.26072121444,0.0,0.0,159.93126072121444,4.749958443420069,0.15993126072121444,0.883780146745431,23.989689108182162,189.7146196802833,0.0011862259999999999
2021-02-08,NIFTY_BANK,222529.52138837095,62663.19389791659,0.0,285.1927152862875,8.47022364400274,0.28519271528628753,1.575974944672025,33.37942820825564,328.9035347985042,0.0011532676578654474
2021-02-08,NIFTY_FINANCIAL_SERVICES,0.0,14909.259776830886,0.0,14.909259776830886,0.44280501537187733,0.014909259776830885,0.08238856952676747,0.0,15.449362621506362,0.001036226
2021-02-08,NIFTY_PRIVATE_BANK,159931.26072121444,0.0,0.0,159.93126072121441,4.749958443420068,0.15993126072121444,0.8837801467454309,23.989689108182162,189.7146196802833,0.0011862259999999999
2021-02-08,NIFTY_PSU_BANK,159931.26072121444,0.0,0.0,159.93126072121441,4.749958443420068,0.15993126072121444,0.8837801467454309,23.989689108182162,189.7146196802833,0.0011862259999999999
2021-02-08,NIFTY_REALTY,159931.26072121444,0.0,0.0,159.93126072121441,4.749958443420068,0.15993126072121444,0.8837801467454309,23.989689108182162,189.7146196802833,0.0011862259999999999
2021-02-09,NIFTY_AUTO,0.0,160471.6997442251,0.0,160.4716997442251,4.7660094824034855,0.1604716997442251,0.8867666127865879,0.0,166.2849475391594,0.001036226
2021-02-09,NIFTY_BANK,0.0,149033.2837264731,0.0,149.03328372647314,4.426288526676252,0.14903328372647312,0.8235579258724903,0.0,154.43216346274835,0.0010362260000000001
2021-02-09,NIFTY_PRIVATE_BANK,0.0,161258.58235191705,0.0,161.25858235191708,4.789379895851937,0.16125858235191706,0.8911149260766937,0.0,167.1003357561976,0.0010362260000000001
2021-02-09,NIFTY_PSU_BANK,0.0,154453.46516084764,0.0,154.45346516084763,4.587267915277175,0.15445346516084763,0.8535098484788439,0.0,160.04869638976447,0.0010362259999999997
2021-02-09,NIFTY_REALTY,0.0,106330.64862738294,0.0,106.33064862738294,3.158020264233273,0.10633064862738294,0.5875831643149181,0.0,110.18258270455851,0.0010362260000000001
2021-02-10,NIFTY_REALTY,0.0,52463.7646407359,0.0,52.4637646407359,1.5581738098298563,0.0524637646407359,0.2899147634047066,0.0,54.3643169786112,0.0010362260000000001
2021-02-15,NIFTY_AUTO,0.0,63131.14521396884,0.0,63.13114521396884,1.8749950128548747,0.06313114521396884,0.3488627084523918,0.0,65.41813408049008,0.0010362260000000001
2021-02-15,NIFTY_BANK,169252.95165772783,0.0,0.0,169.25295165772783,5.026812664234517,0.16925295165772783,0.935291810860604,25.38794274865917,200.77225183313988,0.001186226
2021-02-15,NIFTY_IT,169252.95165772783,0.0,0.0,169.25295165772783,5.026812664234516,0.1692529516577278,0.935291810860604,25.38794274865917,200.77225183313982,0.0011862259999999999
2021-02-15,NIFTY_PRIVATE_BANK,169252.95165772783,0.0,0.0,169.25295165772783,5.026812664234516,0.1692529516577278,0.935291810860604,25.38794274865917,200.77225183313982,0.0011862259999999999
2021-02-15,NIFTY_PSU_BANK,169252.95165772783,0.0,0.0,169.25295165772783,5.026812664234516,0.1692529516577278,0.935291810860604,25.38794274865917,200.77225183313982,0.0011862259999999999
2021-02-15,NIFTY_REALTY,169252.95165772783,0.0,0.0,169.25295165772783,5.026812664234516,0.1692529516577278,0.935291810860604,25.38794274865917,200.77225183313982,0.0011862259999999999
2021-02-16,NIFTY_BANK,0.0,172140.81114749174,0.0,172.14081114749172,5.112582091080505,0.17214081114749175,0.9512501224010395,0.0,178.37678417212078,0.0010362260000000001
2021-02-16,NIFTY_IT,0.0,165878.57249878952,0.0,165.87857249878954,4.926593603214049,0.1658785724987895,0.9166449916283108,0.0,171.88768966613065,0.001036226
2021-02-16,NIFTY_PRIVATE_BANK,0.0,171642.7327834493,0.0,171.64273278344928,5.097789163668444,0.17164273278344927,0.9484977413613407,0.0,177.86066242126253,0.0010362260000000001
2021-02-16,NIFTY_PSU_BANK,0.0,181661.22504309283,0.0,181.66122504309283,5.3953383837798565,0.18166122504309282,1.003859929588131,0.0,188.2420845815039,0.001036226
2021-02-16,NIFTY_REALTY,0.0,114795.58315685648,0.0,114.79558315685648,3.4094288197586375,0.11479558315685648,0.6343603925247889,0.0,118.95416795229676,0.001036226
2021-02-17,NIFTY_REALTY,0.0,56422.40174345503,0.0,56.42240174345503,1.6757453317806146,0.05642240174345503,0.3117901920343325,0.0,58.46635966901343,0.001036226
2021-02-22,NIFTY_BANK,244760.5956729917,72506.22077919033,0.0,317.26681645218207,9.422824448629807,0.317266816452182,1.753216427714758,36.714089350948754,365.47421349592753,0.0011519459160047748
2021-02-22,NIFTY_FINANCIAL_SERVICES,172329.50772493452,0.0,0.0,172.32950772493453,5.118186379430556,0.17232950772493452,0.9522928596879883,25.849426158740172,204.42174263051817,0.0011862259999999999
2021-02-22,NIFTY_PRIVATE_BANK,172329.50772493452,0.0,0.0,172.32950772493453,5.118186379430556,0.17232950772493452,0.9522928596879883,25.849426158740172,204.42174263051817,0.0011862259999999999
2021-02-22,NIFTY_PSU_BANK,172329.50772493452,0.0,0.0,172.32950772493453,5.118186379430556,0.17232950772493452,0.9522928596879883,25.849426158740172,204.42174263051817,0.0011862259999999999
2021-02-22,NIFTY_REALTY,172329.50772493452,0.0,0.0,172.32950772493453,5.118186379430556,0.17232950772493452,0.9522928596879883,25.849426158740172,204.42174263051817,0.0011862259999999999
2021-02-23,NIFTY_BANK,160522.5038324335,160689.01396662006,0.0,321.2115177990536,9.53998207863189,0.32121151779905355,1.7750148473575698,24.07837557486502,356.9261018177071,0.0011111871213814824
2021-02-23,NIFTY_FINANCIAL_SERVICES,112383.79272620939,112500.36853309296,0.0,224.88416125930235,6.679059589401279,0.22488416125930233,1.2427098751189047,16.857568908931405,249.8883837940132,0.0011111871213814821
2021-02-23,NIFTY_PRIVATE_BANK,167133.98176902038,167307.34999507637,0.0,334.44133176409673,9.932907553393674,0.33444133176409674,1.8481227993283986,25.070097265353056,371.6269007139359,0.0011111871213814821
2021-02-23,NIFTY_PSU_BANK,164977.02845561574,165148.15927210567,0.0,330.1251877277214,9.804718075513325,0.33012518772772137,1.8242717873833882,24.746554268342358,366.83085704668815,0.0011111871213814821
2021-02-23,NIFTY_REALTY,171445.1072749943,171622.94743532344,0.0,343.06805471031777,10.189121224896438,0.3430680547103177,1.8957940703292158,25.716766091249145,381.21280415150284,0.0011111871213814821
2021-02-24,NIFTY_BANK,0.0,166105.60980166757,0.0,166.10560980166758,4.933336611109527,0.16610560980166755,0.9178995997640151,0.0,172.12295162234278,0.0010362260000000001
2021-02-24,NIFTY_FINANCIAL_SERVICES,0.0,114560.01295348923,0.0,114.56001295348923,3.4024323847186304,0.11456001295348922,0.6330586315809814,0.0,118.71006398274233,0.001036226
2021-02-24,NIFTY_PRIVATE_BANK,0.0,173811.9452856333,0.0,173.8119452856333,5.162214774983309,0.1738119452856333,0.9604848096484095,0.0,180.10845681555062,0.001036226
2021-02-24,NIFTY_PSU_BANK,0.0,166376.96643111148,0.0,166.37696643111147,4.94139590300401,0.16637696643111147,0.919399116498322,0.0,172.40413841704492,0.001036226
2021-02-24,NIFTY_REALTY,0.0,175674.32639587153,0.0,175.67432639587153,5.217527493957385,0.17567432639587152,0.9707763276635861,0.0,182.0383045438884,0.0010362260000000001
2021-03-01,NIFTY_BANK,170344.25795508624,0.0,0.0,170.34425795508625,5.059224461266061,0.17034425795508623,0.9413223694598064,25.551638693262934,202.06678773703015,0.001186226
2021-03-01,NIFTY_FINANCIAL_SERVICES,0.0,56075.92014947245,0.0,56.07592014947245,1.6654548284393318,0.05607592014947244,0.3098755347459848,0.0,58.10732643280724,0.0010362260000000001
2021-03-01,NIFTY_METAL,170344.25795508624,0.0,0.0,170.34425795508625,5.059224461266062,0.17034425795508623,0.9413223694598065,25.55163869326293,202.06678773703013,0.0011862259999999999
2021-03-01,NIFTY_PRIVATE_BANK,170344.25795508624,0.0,0.0,170.34425795508625,5.059224461266062,0.17034425795508623,0.9413223694598065,25.55163869326293,202.06678773703013,0.0011862259999999999
2021-03-01,NIFTY_PSU_BANK,170344.25795508624,0.0,0.0,170.34425795508625,5.059224461266062,0.17034425795508623,0.9413223694598065,25.55163869326293,202.06678773703013,0.0011862259999999999
2021-03-01,NIFTY_REALTY,170344.25795508624,0.0,0.0,170.34425795508625,5.059224461266062,0.17034425795508623,0.9413223694598065,25.55163869326293,202.06678773703013,0.0011862259999999999
2021-03-02,NIFTY_BANK,0.0,169817.8332684617,0.0,169.8178332684617,5.043589648073311,0.16981783326846167,0.9384133466415192,0.0,175.96965409644497,0.001036226
2021-03-02,NIFTY_METAL,0.0,173123.16814339362,0.0,173.12316814339363,5.14175809385879,0.17312316814339362,0.9566786271603931,0.0,179.3947280325562,0.0010362260000000001
2021-03-02,NIFTY_PRIVATE_BANK,0.0,168994.35759177717,0.0,168.99435759177717,5.019132420475781,0.16899435759177717,0.9338628200521606,0.0,175.11634718989689,0.001036226
2021-03-02,NIFTY_PSU_BANK,0.0,161671.88558418205,0.0,161.67188558418204,4.801655001850206,0.16167188558418202,0.8933988397381899,0.0,167.5286113113546,0.001036226
2021-03-02,NIFTY_REALTY,0.0,113517.79294270035,0.0,113.51779294270037,3.3714784503982007,0.11351779294270035,0.6272993238013622,0.0,117.63008850984264,0.0010362260000000001
2021-03-03,NIFTY_REALTY,0.0,60126.550682505,0.0,60.126550682505005,1.7857585552703985,0.060126550682505,0.3322593190715226,0.0,62.30469510752943,0.0010362260000000001
2021-03-15,NIFTY_BANK,169274.72881775445,0.0,0.0,169.27472881775446,5.027459445887307,0.16927472881775443,0.935412151446911,25.391209322663165,200.7980844665696,0.001186226
2021-03-15,NIFTY_IT,169274.72881775445,0.0,0.0,169.27472881775446,5.027459445887308,0.16927472881775446,0.9354121514469113,25.391209322663165,200.79808446656958,0.0011862259999999999
2021-03-15,NIFTY_METAL,169274.72881775445,0.0,0.0,169.27472881775446,5.027459445887308,0.16927472881775446,0.9354121514469113,25.391209322663165,200.79808446656958,0.0011862259999999999
2021-03-15,NIFTY_PSU_BANK,169274.72881775445,0.0,0.0,169.27472881775446,5.027459445887308,0.16927472881775446,0.9354121514469113,25.391209322663165,200.79808446656958,0.0011862259999999999
2021-03-15,NIFTY_REALTY,169274.72881775445,0.0,0.0,169.27472881775446,5.027459445887308,0.16927472881775446,0.9354121514469113,25.391209322663165,200.79808446656958,0.0011862259999999999
2021-03-16,NIFTY_BANK,0.0,166379.01006917754,0.0,166.37901006917758,4.941456599054574,0.16637901006917755,0.9194104096422752,0.0,172.4062560879436,0.0010362260000000001
2021-03-16,NIFTY_IT,0.0,171455.33502468443,0.0,171.45533502468444,5.092223450233128,0.17145533502468444,0.9474621813464061,0.0,177.66647599128868,0.0010362260000000001
2021-03-16,NIFTY_METAL,0.0,172152.39962549735,0.0,172.15239962549737,5.112926268877272,0.17215239962549736,0.9513141603304984,0.0,178.38879245433063,0.0010362260000000001
2021-03-16,NIFTY_PSU_BANK,0.0,163117.5135376289,0.0,163.1175135376289,4.844590152067578,0.16311751353762888,0.9013873798089374,0.0,169.02660858304304,0.0010362260000000001
2021-03-16,NIFTY_REALTY,0.0,113821.65497964236,0.0,113.82165497964235,3.380503152895378,0.11382165497964235,0.6289784654175037,0.0,117.94495825293487,0.001036226
2021-03-17,NIFTY_REALTY,0.0,52811.78854837904,0.0,52.81178854837904,1.5685101198868574,0.052811788548379035,0.2918379435183425,0.0,54.72494840033263,0.0010362260000000001
2021-03-22,NIFTY_BANK,167773.50874904793,0.0,0.0,167.77350874904795,4.982873209846724,0.16777350874904792,0.9271164093472388,25.16602631235719,199.01729818934814,0.001186226
2021-03-22,NIFTY_IT,167773.50874904793,0.0,0.0,167.77350874904795,4.982873209846724,0.16777350874904792,0.9271164093472388,25.166026312357186,199.0172981893481,0.0011862259999999999
2021-03-22,NIFTY_METAL,167773.50874904793,0.0,0.0,167.77350874904795,4.982873209846724,0.16777350874904792,0.9271164093472388,25.166026312357186,199.0172981893481,0.0011862259999999999
2021-03-22,NIFTY_PRIVATE_BANK,167773.50874904793,0.0,0.0,167.77350874904795,4.982873209846724,0.16777350874904792,0.9271164093472388,25.166026312357186,199.0172981893481,0.0011862259999999999
2021-03-22,NIFTY_PSU_BANK,167773.50874904793,0.0,0.0,167.77350874904795,4.982873209846724,0.16777350874904792,0.9271164093472388,25.166026312357186,199.0172981893481,0.0011862259999999999
2021-03-23,NIFTY_BANK,166231.28678913863,166403.71864889932,0.0,332.635005438038,9.879259661509728,0.3326350054380379,1.8381410400505978,24.93469301837079,369.6197341634071,0.0011111871213814824
2021-03-23,NIFTY_IT,170241.5268685529,170418.1185538695,0.0,340.6596454224224,10.117591469045946,0.34065964542242244,1.8824852006043062,25.536229030282932,378.53661076777803,0.0011111871213814821
2021-03-23,NIFTY_METAL,166525.00499410322,166697.74152801585,0.0,333.22274652211905,9.896715571706936,0.33322274652211903,1.8413888972812298,24.978750749115477,370.27282448674487,0.0011111871213814826
2021-03-23,NIFTY_PRIVATE_BANK,168450.39983150118,168625.1335791694,0.0,337.0755334106706,10.011143342296917,0.3370755334106706,1.8626793976273655,25.26755997472518,374.55399165873075,0.0011111871213814824
2021-03-23,NIFTY_PSU_BANK,171082.6057979653,171260.06993519398,0.0,342.3426757331593,10.16757746927483,0.3423426757331593,1.891785626101438,25.662390869694793,380.4067723739635,0.0011111871213814824
2021-03-24,NIFTY_BANK,0.0,162700.1974442845,0.0,162.7001974442845,4.832195864095249,0.1627001974442845,0.8990812910771161,0.0,168.59417479690114,0.001036226
2021-03-24,NIFTY_IT,0.0,167161.4023863423,0.0,167.1614023863423,4.964693650874366,0.1671614023863423,0.9237339095869276,0.0,173.21699134918993,0.001036226
2021-03-24,NIFTY_METAL,0.0,159076.8746378141,0.0,159.0768746378141,4.724583176743079,0.1590768746378141,0.8790588092485606,0.0,164.83959349844355,0.0010362260000000001
2021-03-24,NIFTY_PRIVATE_BANK,0.0,166708.20955941055,0.0,166.70820955941056,4.951233823914494,0.16670820955941054,0.9212295660253027,0.0,172.74738115890977,0.0010362260000000001
2021-03-24,NIFTY_PSU_BANK,0.0,171297.77809716584,0.0,171.29777809716583,5.087544009485825,0.17129777809716581,0.9465915217649383,0.0,177.50321140651374,0.001036226
2021-03-30,NIFTY_BANK,0.0,75345.99372738518,0.0,75.34599372738518,2.23777601370334,0.07534599372738518,0.4163619613375305,0.0,78.07547769615343,0.001036226
2021-03-30,NIFTY_IT,180271.0958044993,0.0,0.0,180.27109580449928,5.354051545393629,0.1802710958044993,0.9961780754156631,27.04066437067489,213.842260891788,0.001186226
2021-03-30,NIFTY_METAL,180271.0958044993,0.0,0.0,180.27109580449928,5.354051545393629,0.1802710958044993,0.9961780754156631,27.04066437067489,213.842260891788,0.001186226
2021-03-30,NIFTY_PRIVATE_BANK,180271.0958044993,0.0,0.0,180.27109580449928,5.354051545393629,0.1802710958044993,0.9961780754156631,27.04066437067489,213.842260891788,0.001186226
2021-03-30,NIFTY_PSU_BANK,180271.0958044993,0.0,0.0,180.27109580449928,5.354051545393629,0.1802710958044993,0.9961780754156631,27.04066437067489,213.842260891788,0.001186226
2021-03-30,NIFTY_REALTY,180271.0958044993,0.0,0.0,180.27109580449928,5.354051545393629,0.1802710958044993,0.9961780754156631,27.04066437067489,213.842260891788,0.001186226
2021-03-31,NIFTY_IT,0.0,182352.68243915538,0.0,182.3526824391554,5.415874668442915,0.18235268243915537,1.0076809231587727,0.0,188.9585907131962,0.001036226
2021-03-31,NIFTY_METAL,0.0,182736.49622521372,0.0,182.73649622521373,5.427273937888847,0.1827364962252137,1.009801878140531,0.0,189.3563085374683,0.001036226
2021-03-31,NIFTY_PRIVATE_BANK,0.0,119330.85888275556,0.0,119.33085888275556,3.5441265088178406,0.11933085888275555,0.6594223261861072,0.0,123.65373857664227,0.001036226
2021-03-31,NIFTY_PSU_BANK,0.0,119856.4357108036,0.0,119.8564357108036,3.559736140610867,0.1198564357108036,0.6623266637379006,0.0,124.19835495086318,0.001036226
2021-03-31,NIFTY_REALTY,0.0,183205.12615724537,0.0,183.20512615724536,5.441192246870187,0.18320512615724535,1.0123915271449377,0.0,189.84191505741774,0.001036226
2021-04-12,NIFTY_FMCG,167721.5357709358,0.0,0.0,167.7215357709358,4.981329612396793,0.1677215357709358,0.9268292066701912,25.15823036564037,198.9556464914141,0.001186226
2021-04-12,NIFTY_IT,167721.5357709358,0.0,0.0,167.7215357709358,4.981329612396793,0.1677215357709358,0.9268292066701912,25.15823036564037,198.9556464914141,0.001186226
2021-04-12,NIFTY_METAL,167721.5357709358,0.0,0.0,167.7215357709358,4.981329612396793,0.1677215357709358,0.9268292066701912,25.15823036564037,198.9556464914141,0.001186226
2021-04-12,NIFTY_PRIVATE_BANK,0.0,51995.967921196025,0.0,51.995967921196026,1.5442802472595218,0.05199596792119602,0.2873297187325292,0.0,53.87957385510927,0.001036226
2021-04-12,NIFTY_PSU_BANK,222475.2853104772,54810.54565202023,0.0,277.28583096249747,8.235389179586173,0.2772858309624974,1.5322815018987608,33.37129279657158,320.7020802715165,0.0011565757945810476
2021-04-12,NIFTY_REALTY,167721.5357709358,0.0,0.0,167.7215357709358,4.981329612396793,0.1677215357709358,0.9268292066701912,25.15823036564037,198.9556464914141,0.001186226
2021-04-13,NIFTY_FMCG,0.0,110226.37406368575,0.0,110.22637406368575,3.273723309691467,0.11022637406368574,0.6091109430759275,0.0,114.21943469051683,0.001036226
2021-04-13,NIFTY_IT,0.0,158146.7911901817,0.0,158.14679119018172,4.696959698348397,0.1581467911901817,0.8739191681169441,0.0,163.87581684783723,0.001036226
2021-04-13,NIFTY_METAL,0.0,168907.1481828722,0.0,168.9071481828722,5.016542301031304,0.16890714818287217,0.9333809008585516,0.0,175.02597853294492,0.0010362260000000001
2021-04-13,NIFTY_PSU_BANK,0.0,225427.26780148112,0.0,225.42726780148115,6.69518985370399,0.22542726780148112,1.2457110818709847,0.0,233.59359600485757,0.001036226
2021-04-13,NIFTY_REALTY,0.0,162169.87563846135,0.0,162.16987563846135,4.816445306462302,0.16216987563846133,0.8961507327781373,0.0,168.04464155334026,0.0010362260000000001
2021-04-19,NIFTY_FMCG,206005.67435226316,0.0,0.0,206.00567435226316,6.1183685282622156,0.20600567435226316,1.1383873564706062,30.900851152839472,244.36928706418772,0.001186226
2021-04-19,NIFTY_IT,206005.67435226316,0.0,0.0,206.00567435226316,6.118368528262216,0.20600567435226314,1.1383873564706062,30.900851152839472,244.36928706418772,0.001186226
2021-04-19,NIFTY_METAL,206005.67435226316,0.0,0.0,206.00567435226316,6.118368528262216,0.20600567435226314,1.1383873564706062,30.900851152839472,244.36928706418772,0.001186226
2021-04-19,NIFTY_PHARMA,206005.67435226316,0.0,0.0,206.00567435226316,6.118368528262216,0.20600567435226314,1.1383873564706062,30.900851152839472,244.36928706418772,0.001186226
2021-04-20,NIFTY_FMCG,0.0,205837.1945018878,0.0,205.8371945018878,6.113364676706068,0.20583719450188778,1.137456336817432,0.0,213.2938527099132,0.0010362260000000001
2021-04-20,NIFTY_IT,0.0,206316.23366911733,0.0,206.31623366911734,6.127592139972785,0.20631623366911733,1.1401035072555423,0.0,213.7902455500148,0.0010362260000000001
2021-04-20,NIFTY_METAL,0.0,210115.50742094958,0.0,210.1155074209496,6.240430570402204,0.2101155074209496,1.1610982940081676,0.0,217.72715179278092,0.0010362260000000001
2021-04-20,NIFTY_PHARMA,0.0,137590.5459023941,0.0,137.59054590239413,4.086439213301105,0.1375905459023941,0.7603253566566299,0.0,142.57490101825425,0.0010362260000000001
2021-04-23,NIFTY_FMCG,189768.02383581948,0.0,0.0,189.7680238358195,5.636110307923839,0.18976802383581948,1.0486580997167385,28.465203575372918,225.10776384266882,0.001186226
2021-04-23,NIFTY_IT,189768.02383581948,0.0,0.0,189.7680238358195,5.636110307923839,0.18976802383581948,1.0486580997167385,28.46520357537292,225.10776384266876,0.0011862259999999999
2021-04-23,NIFTY_METAL,189768.02383581948,0.0,0.0,189.7680238358195,5.636110307923839,0.18976802383581948,1.0486580997167385,28.46520357537292,225.10776384266876,0.0011862259999999999
2021-04-23,NIFTY_PHARMA,189768.02383581948,0.0,0.0,189.7680238358195,5.636110307923839,0.18976802383581948,1.0486580997167385,28.465203575372918,225.10776384266882,0.001186226
2021-04-26,NIFTY_FMCG,0.0,189451.55562614277,0.0,189.45155562614278,5.626711202096441,0.1894515556261428,1.046909296390065,0.0,196.31462768025543,0.0010362260000000001
2021-04-26,NIFTY_IT,0.0,188863.0598356201,0.0,188.8630598356201,5.609232877117917,0.1888630598356201,1.0436572686516368,0.0,195.7048130412253,0.0010362260000000001
2021-04-26,NIFTY_METAL,0.0,197085.32967468738,0.0,197.0853296746874,5.853434291338216,0.19708532967468737,1.0890935317823225,0.0,204.2249428274826,0.001036226
2021-04-26,NIFTY_PHARMA,0.0,185366.02462656924,0.0,185.36602462656924,5.505370931409107,0.18536602462656926,1.0243326520864215,0.0,192.08109423469136,0.0010362260000000001
2021-04-29,NIFTY_FMCG,0.0,53386.13343495799,0.0,53.38613343495799,1.5855681630182523,0.05338613343495799,0.29501177336157786,0.0,55.32009950477278,0.001036226
2021-05-12,NIFTY_PHARMA,0.0,73075.30883873721,0.0,73.07530883873721,2.170336672510495,0.07307530883873721,0.40381415664286174,0.0,75.72253497672932,0.0010362260000000001
2021-05-24,NIFTY_FMCG,177261.60878488992,0.0,0.0,177.26160878488992,5.26466978091123,0.17726160878488992,0.9795476501453018,26.589241317733485,210.27232914246483,0.001186226
2021-05-24,NIFTY_IT,177261.60878488992,0.0,0.0,177.26160878488992,5.26466978091123,0.17726160878488992,0.9795476501453018,26.589241317733485,210.27232914246483,0.001186226
2021-05-24,NIFTY_METAL,177261.60878488992,0.0,0.0,177.26160878488992,5.26466978091123,0.17726160878488992,0.9795476501453018,26.589241317733485,210.27232914246483,0.001186226
2021-05-24,NIFTY_PHARMA,177261.60878488992,0.0,0.0,177.26160878488992,5.26466978091123,0.17726160878488992,0.9795476501453018,26.589241317733485,210.27232914246483,0.001186226
2021-05-24,NIFTY_PSU_BANK,177261.60878488992,0.0,0.0,177.26160878488992,5.26466978091123,0.17726160878488992,0.9795476501453018,26.589241317733485,210.27232914246483,0.001186226
2021-05-25,NIFTY_FMCG,0.0,118733.8279003469,0.0,118.73382790034691,3.5263946886403033,0.11873382790034691,0.656123132977317,0.0,123.03507954986486,0.001036226
2021-05-25,NIFTY_IT,0.0,178692.08089456262,0.0,178.69208089456262,5.30715480256851,0.17869208089456262,0.987452439023353,0.0,185.16538021704906,0.0010362260000000001
2021-05-25,NIFTY_METAL,0.0,178110.66444796376,0.0,178.11066444796379,5.289886734104524,0.17811066444796378,0.9842395317394478,0.0,184.5629013782557,0.0010362260000000001
2021-05-25,NIFTY_PHARMA,0.0,117298.8948251972,0.0,117.29889482519721,3.483777176308357,0.1172988948251972,0.6481936928040397,0.0,121.54816458913481,0.0010362260000000001
2021-05-25,NIFTY_PSU_BANK,0.0,173891.0439954825,0.0,173.8910439954825,5.16456400666583,0.1738910439954825,0.9609219091190363,0.0,180.19042095526282,0.001036226
2021-05-28,NIFTY_FMCG,0.0,56667.15543014414,0.0,56.66715543014414,1.683014516275281,0.05666715543014414,0.3131427009069765,0.0,58.71997980275654,0.001036226
2021-06-01,NIFTY_PHARMA,0.0,57313.21564270262,0.0,57.31321564270262,1.7022025045882678,0.05731321564270262,0.31671282964157466,0.0,59.38944419257516,0.001036226
2021-06-07,NIFTY_IT,175958.85435314296,0.0,0.0,175.95885435314295,5.225977974288345,0.17595885435314293,0.9723486291554679,26.39382815297144,208.72696796391136,0.001186226
2021-06-07,NIFTY_METAL,175958.85435314296,0.0,0.0,175.95885435314295,5.225977974288345,0.17595885435314293,0.9723486291554679,26.39382815297144,208.72696796391136,0.001186226
2021-06-07,NIFTY_PHARMA,175958.85435314296,0.0,0.0,175.95885435314295,5.225977974288345,0.17595885435314293,0.9723486291554679,26.39382815297144,208.72696796391136,0.001186226
2021-06-07,NIFTY_PSU_BANK,175958.85435314296,0.0,0.0,175.95885435314295,5.225977974288345,0.17595885435314293,0.9723486291554679,26.39382815297144,208.72696796391136,0.001186226
2021-06-07,NIFTY_REALTY,175958.85435314296,0.0,0.0,175.95885435314295,5.225977974288345,0.17595885435314293,0.9723486291554679,26.39382815297144,208.72696796391136,0.001186226
2021-06-08,NIFTY_IT,0.0,178336.4193833868,0.0,178.33641938338678,5.296591655686587,0.17833641938338676,0.9854870535125954,0.0,184.79683451196937,0.0010362260000000001
2021-06-08,NIFTY_METAL,0.0,171103.67652579656,0.0,171.10367652579657,5.081779192816158,0.17110367652579656,0.9455189164815518,0.0,177.30207831162008,0.0010362260000000001
2021-06-08,NIFTY_PHARMA,0.0,117501.47405256791,0.0,117.50147405256791,3.489793779361267,0.1175014740525679,0.6493131456144903,0.0,121.75808245159624,0.0010362260000000001
2021-06-08,NIFTY_PSU_BANK,0.0,179892.1310847405,0.0,179.89213108474053,5.342796293216793,0.1798921310847405,0.9940839163742761,0.0,186.40890342541633,0.0010362260000000001
2021-06-08,NIFTY_REALTY,0.0,175569.53348944595,0.0,175.56953348944597,5.214415144636545,0.17556953348944596,0.9701972420626783,0.0,181.9297154096346,0.001036226
2021-06-09,NIFTY_PHARMA,0.0,58628.71813935512,0.0,58.62871813935512,1.741272928738847,0.05862871813935512,0.3239822964380764,0.0,60.752602082671395,0.001036226
2021-06-22,NIFTY_IT,176023.80089181996,0.0,0.0,176.02380089181997,5.2279068864870535,0.17602380089181996,0.972707523728197,26.403570133772995,208.80400923670004,0.001186226
2021-06-22,NIFTY_METAL,176023.80089181996,0.0,0.0,176.02380089181997,5.2279068864870535,0.17602380089181996,0.972707523728197,26.403570133772995,208.80400923670004,0.001186226
2021-06-22,NIFTY_PHARMA,176023.80089181996,0.0,0.0,176.02380089181997,5.2279068864870535,0.17602380089181996,0.972707523728197,26.403570133772995,208.80400923670004,0.001186226
2021-06-22,NIFTY_PSU_BANK,176023.80089181996,0.0,0.0,176.02380089181997,5.2279068864870535,0.17602380089181996,0.972707523728197,26.403570133772995,208.80400923670004,0.001186226
2021-06-22,NIFTY_REALTY,176023.80089181996,0.0,0.0,176.02380089181997,5.2279068864870535,0.17602380089181996,0.972707523728197,26.403570133772995,208.80400923670004,0.001186226
2021-06-23,NIFTY_IT,0.0,174256.94592900708,0.0,174.2569459290071,5.17543129409151,0.17425694592900706,0.962943883203693,0.0,180.5695780522313,0.0010362260000000001
2021-06-23,NIFTY_METAL,0.0,172377.4545279122,0.0,172.3774545279122,5.119610399478992,0.1723774545279122,0.9525578137212427,0.0,178.62200019564034,0.001036226
2021-06-23,NIFTY_PHARMA,0.0,116665.43440762474,0.0,116.66543440762473,3.4649634019064544,0.11666543440762472,0.6446931905365342,0.0,120.89175643447535,0.0010362260000000001
2021-06-23,NIFTY_PSU_BANK,0.0,115389.67505703666,0.0,115.38967505703665,3.4270733491939884,0.11538967505703665,0.6376433443651846,0.0,119.56978142565288,0.0010362260000000001
2021-06-23,NIFTY_REALTY,0.0,171816.2884320887,0.0,171.81628843208873,5.102943766433035,0.1718162884320887,0.9494568098757223,0.0,178.04050529682956,0.0010362260000000001
2021-06-24,NIFTY_PHARMA,0.0,58820.18851154728,0.0,58.820188511547286,1.7469595987929543,0.05882018851154728,0.32504036171481027,0.0,60.9510086605666,0.0010362260000000001
2021-06-28,NIFTY_AUTO,161697.46844703023,0.0,0.0,161.69746844703025,4.802414812876798,0.16169746844703023,0.893540210638289,24.254620267054534,191.80974120604688,0.001186226
2021-06-28,NIFTY_IT,161697.46844703023,0.0,0.0,161.69746844703025,4.802414812876798,0.16169746844703023,0.893540210638289,24.254620267054534,191.80974120604688,0.001186226
2021-06-28,NIFTY_METAL,161697.46844703023,0.0,0.0,161.69746844703025,4.802414812876798,0.16169746844703023,0.893540210638289,24.254620267054534,191.80974120604688,0.001186226
2021-06-28,NIFTY_PHARMA,161697.46844703023,0.0,0.0,161.69746844703025,4.802414812876798,0.16169746844703023,0.893540210638289,24.254620267054534,191.80974120604688,0.001186226
2021-06-28,NIFTY_PSU_BANK,161697.46844703023,0.0,0.0,161.69746844703025,4.802414812876798,0.16169746844703023,0.8935402106382889,24.254620267054534,191.8097412060469,0.001186226
2021-06-29,NIFTY_AUTO,0.0,106235.2715610555,0.0,106.23527156105551,3.1551875653633488,0.1062352715610555,0.5870561106463927,0.0,110.08375050862631,0.0010362260000000001
2021-06-29,NIFTY_IT,0.0,160327.70312107075,0.0,160.32770312107075,4.761732782695801,0.16032770312107075,0.8859708874470369,0.0,166.13573449433466,0.001036226
2021-06-29,NIFTY_METAL,0.0,107060.08802096258,0.0,107.06008802096258,3.1796846142225883,0.10706008802096256,0.5916140464038392,0.0,110.93844676960995,0.001036226
2021-06-29,NIFTY_PHARMA,0.0,109209.428349047,0.0,109.20942834904702,3.243520021966696,0.109209428349047,0.6034913010568337,0.0,113.16564910041959,0.0010362260000000001
2021-06-29,NIFTY_PSU_BANK,0.0,162512.4190787659,0.0,162.5124190787659,4.826618846639347,0.16251241907876587,0.8980436278292603,0.0,168.39959397231326,0.001036226
2021-07-02,NIFTY_PHARMA,0.0,54937.79940198385,0.0,54.93779940198385,1.6316526422389204,0.05493779940198385,0.30358627949536277,0.0,56.92797612312012,0.001036226
2021-07-06,NIFTY_METAL,0.0,49734.45438166818,0.0,49.734454381668186,1.477113295135545,0.04973445438166818,0.27483259491309836,0.0,51.5361347260985,0.0010362260000000001
2021-07-12,NIFTY_AUTO,0.0,58437.76273808746,0.0,58.437762738087464,1.7356015533211977,0.058437762738087456,0.3229270768906713,0.0,60.55472913103742,0.0010362260000000001
2021-07-12,NIFTY_MEDIA,161523.43692756313,0.0,0.0,161.52343692756313,4.797246076748625,0.16152343692756313,0.8925785124617138,24.228515539134467,191.60330049283547,0.0011862259999999999
2021-07-12,NIFTY_METAL,161523.43692756313,0.0,0.0,161.52343692756313,4.797246076748625,0.1615234369275631,0.8925785124617138,24.228515539134467,191.60330049283547,0.0011862259999999999
2021-07-12,NIFTY_PHARMA,161523.43692756313,0.0,0.0,161.52343692756313,4.797246076748625,0.1615234369275631,0.8925785124617138,24.228515539134467,191.60330049283547,0.0011862259999999999
2021-07-12,NIFTY_PSU_BANK,161523.43692756313,0.0,0.0,161.52343692756313,4.797246076748625,0.16152343692756313,0.8925785124617138,24.228515539134467,191.60330049283547,0.0011862259999999999
2021-07-12,NIFTY_REALTY,161523.43692756313,0.0,0.0,161.52343692756313,4.797246076748625,0.1615234369275631,0.8925785124617138,24.228515539134467,191.60330049283547,0.0011862259999999999
2021-07-13,NIFTY_MEDIA,0.0,158985.19917636647,0.0,158.98519917636648,4.721860415538084,0.15898519917636647,0.8785522106486011,0.0,164.74459700172955,0.0010362260000000001
2021-07-13,NIFTY_METAL,0.0,108416.45995641888,0.0,108.41645995641889,3.2199688607056407,0.10841645995641888,0.5991093577191708,0.0,112.34395463480013,0.0010362260000000001
2021-07-13,NIFTY_PHARMA,0.0,106867.75792647817,0.0,106.86775792647816,3.1739724104164013,0.10686775792647815,0.5905512303017183,0.0,110.73914932512277,0.0010362260000000001
2021-07-13,NIFTY_PSU_BANK,0.0,162248.69110904753,0.0,162.24869110904754,4.818786125938711,0.16224869110904752,0.8965862670685967,0.0,168.12631219316393,0.0010362260000000003
2021-07-13,NIFTY_REALTY,0.0,166149.50591514504,0.0,166.14950591514506,4.934640325679808,0.16614950591514505,0.9181421696870915,0.0,172.1684379164271,0.0010362260000000001
2021-07-14,NIFTY_METAL,0.0,53506.45734125217,0.0,53.50645734125217,1.5891417830351895,0.053506457341252166,0.2956766832677595,0.0,55.44478226489637,0.001036226
2021-07-19,NIFTY_BANK,162282.59836955016,0.0,0.0,162.28259836955016,4.81979317157564,0.16228259836955014,0.8967736385901341,24.34238975543252,192.50383753351798,0.0011862259999999999
2021-07-19,NIFTY_MEDIA,162282.59836955016,0.0,0.0,162.28259836955016,4.81979317157564,0.16228259836955017,0.8967736385901343,24.34238975543252,192.503837533518,0.001186226
2021-07-19,NIFTY_METAL,162282.59836955016,0.0,0.0,162.28259836955016,4.81979317157564,0.16228259836955014,0.8967736385901341,24.34238975543252,192.50383753351798,0.0011862259999999999
2021-07-19,NIFTY_PHARMA,0.0,56080.599832020234,0.0,56.08059983202023,1.665593815011001,0.05608059983202023,0.3099013946717438,0.0,58.112175641534996,0.001036226
2021-07-19,NIFTY_PSU_BANK,162282.59836955016,0.0,0.0,162.28259836955016,4.81979317157564,0.16228259836955017,0.8967736385901343,24.34238975543252,192.503837533518,0.001186226
2021-07-19,NIFTY_REALTY,162282.59836955016,0.0,0.0,162.28259836955016,4.81979317157564,0.16228259836955014,0.8967736385901341,24.34238975543252,192.50383753351798,0.0011862259999999999
2021-07-20,NIFTY_BANK,0.0,107275.8227089066,0.0,107.27582270890662,3.1860919344545264,0.1072758227089066,0.592806196289418,0.0,111.16199666235946,0.001036226
2021-07-20,NIFTY_MEDIA,0.0,159411.54864334347,0.0,159.41154864334345,4.7345229947073015,0.15941154864334345,0.880908217803116,0.0,165.18639140449721,0.001036226
2021-07-20,NIFTY_METAL,0.0,105588.38166409405,0.0,105.58838166409404,3.135974935423593,0.10558838166409404,0.5834813970757836,0.0,109.41342637825753,0.0010362260000000001
2021-07-20,NIFTY_PSU_BANK,0.0,155870.4480562179,0.0,155.87044805621792,4.629352307269672,0.15587044805621791,0.8613400959586601,0.0,161.51701090750242,0.001036226
2021-07-20,NIFTY_REALTY,0.0,160491.00195431552,0.0,160.49100195431555,4.766582758043171,0.16049100195431554,0.8868732767995475,0.0,166.30494899111255,0.001036226
2021-07-23,NIFTY_BANK,137584.72385050677,0.0,0.0,137.58472385050678,4.086266298360051,0.13758472385050677,0.7602931839979004,20.637708577576014,163.20657663429122,0.0011862259999999999
2021-07-23,NIFTY_MEDIA,137584.72385050677,0.0,0.0,137.58472385050678,4.086266298360051,0.13758472385050677,0.7602931839979004,20.637708577576014,163.20657663429122,0.0011862259999999999
2021-07-23,NIFTY_METAL,137584.72385050677,0.0,0.0,137.58472385050678,4.086266298360051,0.13758472385050677,0.7602931839979004,20.637708577576014,163.20657663429122,0.0011862259999999999
2021-07-23,NIFTY_PSU_BANK,137584.72385050677,0.0,0.0,137.58472385050678,4.086266298360051,0.13758472385050677,0.7602931839979004,20.637708577576014,163.20657663429122,0.0011862259999999999
2021-07-23,NIFTY_REALTY,137584.72385050677,0.0,0.0,137.58472385050678,4.0862662983600515,0.13758472385050677,0.7602931839979005,20.637708577576014,163.20657663429125,0.001186226
2021-07-26,NIFTY_BANK,0.0,193317.35734170745,0.0,193.3173573417074,5.74152551304871,0.1933173573417074,1.0682717166702753,0.0,200.32047192876814,0.001036226
2021-07-26,NIFTY_IT,66322.42665673683,0.0,0.0,66.32242665673684,1.969776071705084,0.06632242665673682,0.36649772970512773,9.948363998510525,78.67338688331432,0.0011862260000000003
2021-07-26,NIFTY_MEDIA,0.0,138638.75749903367,0.0,138.63875749903366,4.1175710977213,0.13863875749903365,0.7661177739396601,0.0,143.66108512819363,0.0010362259999999997
2021-07-26,NIFTY_METAL,258485.04121922556,192361.94501132,0.0,450.84698623054555,13.390155491047203,0.45084698623054553,2.4913804459099946,38.772756182883825,505.9521253366171,0.0011222258122801179
2021-07-26,NIFTY_PHARMA,66322.42665673683,0.0,0.0,66.32242665673684,1.969776071705084,0.06632242665673682,0.36649772970512773,9.948363998510525,78.67338688331432,0.0011862260000000003
2021-07-26,NIFTY_PSU_BANK,204430.40487081336,138251.23774115607,0.0,342.68164261196944,10.177644785575493,0.34268164261196943,1.893658757073743,30.664560730622,385.7601885278526,0.001125710106872175
2021-07-26,NIFTY_REALTY,205012.87311621697,138834.31018138214,0.0,343.84718329759914,10.212261343938696,0.3438471832975991,1.900099534902533,30.751930967432543,387.05532232717053,0.0011256608782284974
2021-07-27,NIFTY_IT,0.0,65844.35036573518,0.0,65.84435036573518,1.955577205862335,0.06584435036573517,0.36385588012105263,0.0,68.22962780208431,0.0010362260000000001
2021-07-27,NIFTY_METAL,0.0,172800.42403871793,0.0,172.80042403871795,5.132172593949923,0.17280042403871793,0.9548951432379552,0.0,179.06029219994454,0.0010362260000000001
2021-07-27,NIFTY_PHARMA,0.0,41861.074952407915,0.0,41.86107495240791,1.2432739260865149,0.04186107495240791,0.23132430018700612,0.0,43.37753425363384,0.001036226
2021-07-27,NIFTY_PSU_BANK,0.0,201830.04738464567,0.0,201.83004738464567,5.9943524073239765,0.20183004738464566,1.115312841847552,0.0,209.14154268120183,0.001036226
2021-07-27,NIFTY_REALTY,0.0,204671.16629179515,0.0,204.67116629179515,6.078733638866316,0.20467116629179513,1.1310128649284599,0.0,212.08558396188175,0.0010362260000000001
2021-08-09,NIFTY_FMCG,141744.7272098299,0.0,0.0,141.7447272098299,4.209818398131949,0.1417447272098299,0.7832813625615201,21.261709081474482,168.1412807792077,0.001186226
2021-08-09,NIFTY_IT,141744.7272098299,0.0,0.0,141.7447272098299,4.209818398131949,0.1417447272098299,0.7832813625615201,21.261709081474482,168.1412807792077,0.001186226
2021-08-09,NIFTY_METAL,141744.7272098299,0.0,0.0,141.7447272098299,4.209818398131948,0.1417447272098299,0.78328136256152,21.261709081474482,168.1412807792077,0.001186226
2021-08-09,NIFTY_PHARMA,0.0,22451.73266587986,0.0,22.45173266587986,0.6668164601766319,0.022451732665879857,0.1240682747116521,0.0,23.265069133434025,0.0010362260000000001
2021-08-09,NIFTY_PSU_BANK,141744.7272098299,0.0,0.0,141.7447272098299,4.209818398131948,0.1417447272098299,0.78328136256152,21.261709081474482,168.1412807792077,0.001186226
2021-08-09,NIFTY_REALTY,141744.7272098299,0.0,0.0,141.7447272098299,4.209818398131949,0.1417447272098299,0.7832813625615201,21.261709081474482,168.1412807792077,0.001186226
2021-08-10,NIFTY_FMCG,0.0,92917.69754547137,0.0,92.91769754547137,2.7596556171004996,0.09291769754547137,0.5134631966362747,0.0,96.28373405675362,0.0010362260000000001
2021-08-10,NIFTY_IT,0.0,143535.16101104097,0.0,143.53516101104094,4.2629942820279165,0.14353516101104094,0.7931752997470123,0.0,148.73486575382694,0.001036226
2021-08-10,NIFTY_METAL,0.0,131757.4705595548,0.0,131.7574705595548,3.9131968756187776,0.13175747055955478,0.7280917823120997,0.0,136.5305166880452,0.001036226
2021-08-10,NIFTY_PSU_BANK,0.0,133788.5635458835,0.0,133.78856354588348,3.9735203373127392,0.13378856354588348,0.739315602154552,0.0,138.63518804889662,0.0010362259999999997
2021-08-10,NIFTY_REALTY,0.0,138904.48634544748,0.0,138.90448634544748,4.12546324445979,0.1389044863454475,0.7675861915449427,0.0,143.93644026779768,0.0010362260000000001
2021-08-16,NIFTY_CONSUMER_DURABLES,137559.03427466535,0.0,0.0,137.55903427466535,4.085503317957561,0.13755903427466534,0.7601512234018007,20.6338551411998,163.1761029914992,0.001186226
2021-08-16,NIFTY_FMCG,0.0,47605.24290117456,0.0,47.60524290117456,1.4138757141648846,0.04760524290117456,0.2630665722718906,0.0,49.32979043051252,0.0010362260000000001
2021-08-16,NIFTY_IT,137559.03427466535,0.0,0.0,137.55903427466535,4.085503317957561,0.13755903427466534,0.7601512234018007,20.6338551411998,163.1761029914992,0.001186226
2021-08-16,NIFTY_METAL,137559.03427466535,0.0,0.0,137.55903427466535,4.085503317957561,0.13755903427466534,0.7601512234018006,20.6338551411998,163.1761029914992,0.001186226
2021-08-16,NIFTY_PSU_BANK,137559.03427466535,0.0,0.0,137.55903427466535,4.085503317957561,0.13755903427466534,0.7601512234018006,20.6338551411998,163.1761029914992,0.001186226
2021-08-16,NIFTY_REALTY,137559.03427466535,0.0,0.0,137.55903427466535,4.085503317957561,0.13755903427466534,0.7601512234018007,20.6338551411998,163.1761029914992,0.001186226
2021-08-17,NIFTY_CONSUMER_DURABLES,0.0,91631.55435512963,0.0,91.63155435512962,2.72145716434735,0.09163155435512962,0.5063559693664463,0.0,94.95099904319855,0.001036226
2021-08-17,NIFTY_IT,0.0,140756.08937302674,0.0,140.75608937302673,4.180455854378894,0.14075608937302672,0.7778181498753457,0.0,145.855119466654,0.001036226
2021-08-17,NIFTY_METAL,0.0,129300.2370794763,0.0,129.30023707947632,3.8402170412604466,0.1293002370794763,0.7145131101011861,0.0,133.98426746791742,0.0010362260000000001
2021-08-17,NIFTY_PSU_BANK,0.0,133658.73425214604,0.0,133.65873425214608,3.9696644072887377,0.13365873425214606,0.738598165477359,0.0,138.50065555916433,0.0010362260000000003
2021-08-17,NIFTY_REALTY,0.0,136016.34275366424,0.0,136.01634275366425,4.039685379783828,0.13601634275366425,0.7516263100567486,0.0,140.9436707862585,0.0010362260000000001
2021-08-23,NIFTY_CONSUMER_DURABLES,134218.28997631994,0.0,0.0,134.21828997631994,3.9862832122967022,0.13421828997631993,0.7416902704091439,20.13274349644799,159.21322524545013,0.0011862260000000003
2021-08-23,NIFTY_FMCG,134218.28997631994,0.0,0.0,134.21828997631997,3.9862832122967022,0.13421828997631993,0.741690270409144,20.13274349644799,159.2132252454501,0.001186226
2021-08-23,NIFTY_HEALTHCARE,134218.28997631994,0.0,0.0,134.21828997631997,3.9862832122967022,0.13421828997631993,0.741690270409144,20.13274349644799,159.2132252454501,0.001186226
2021-08-23,NIFTY_IT,134218.28997631994,0.0,0.0,134.21828997631997,3.9862832122967022,0.13421828997631993,0.741690270409144,20.13274349644799,159.2132252454501,0.001186226
2021-08-23,NIFTY_METAL,134218.28997631994,0.0,0.0,134.21828997631994,3.9862832122967022,0.13421828997631993,0.7416902704091439,20.13274349644799,159.21322524545013,0.0011862260000000003
2021-08-23,NIFTY_PSU_BANK,0.0,40424.61581843098,0.0,40.424615818430986,1.2006110898074003,0.04042461581843098,0.2233864270126496,0.0,41.88903795106947,0.0010362260000000001
2021-08-24,NIFTY_CONSUMER_DURABLES,113835.41080766675,113953.49237926095,0.0,227.78890318692768,6.7653304246517525,0.22778890318692768,1.2587614790109622,17.07531162115001,253.11609561492733,0.0011111871213814821
2021-08-24,NIFTY_FMCG,84609.14603650433,84696.91117798665,0.0,169.30605721449098,5.028389899270382,0.16930605721449096,0.935585272167277,12.691371905475648,188.13071034861878,0.0011111871213814824
2021-08-24,NIFTY_HEALTHCARE,44015.07611401357,44060.73299111803,0.0,88.07580910513161,2.6158515304224084,0.0880758091051316,0.4867069211149572,6.602261417102035,97.86870478287614,0.0011111871213814824
2021-08-24,NIFTY_IT,135586.02844395622,135726.6719503246,0.0,271.3127003942808,8.05798720171014,0.27131270039428085,1.499273982378796,20.33790426659343,301.47917854535746,0.0011111871213814821
2021-08-24,NIFTY_METAL,131964.87731448206,132101.764597604,0.0,264.0666419120861,7.842779264788955,0.26406664191208606,1.4592322632061874,19.79473159717231,293.4274516791656,0.0011111871213814824
2021-08-25,NIFTY_CONSUMER_DURABLES,0.0,110298.49304226512,0.0,110.29849304226512,3.275865243355274,0.1102984930422651,0.6095094725515571,0.0,114.29416625121422,0.0010362260000000001
2021-08-25,NIFTY_FMCG,0.0,84949.39013291839,0.0,84.94939013291838,2.522996886947676,0.08494939013291838,0.469430329874507,0.0,88.0267667398735,0.0010362260000000001
2021-08-25,NIFTY_HEALTHCARE,0.0,43757.66694226635,0.0,43.75766694226635,1.2996027081853105,0.04375766694226634,0.24180486752296382,0.0,45.342832184916894,0.0010362260000000001
2021-08-25,NIFTY_IT,0.0,136051.6718814711,0.0,136.0516718814711,4.040734654879691,0.13605167188147108,0.7518215388170093,0.0,140.98027974704925,0.001036226
2021-08-25,NIFTY_METAL,0.0,132765.81574217256,0.0,132.76581574217255,3.943144727542525,0.13276581574217255,0.7336638977912455,0.0,137.5753901832485,0.001036226
2021-08-27,NIFTY_CONSUMER_DURABLES,0.0,64671.61827889683,0.0,64.67161827889683,1.920747062883236,0.06467161827889682,0.3573753626091839,0.0,67.01441232266815,0.0010362260000000001
2021-08-31,NIFTY_FMCG,0.0,45491.0459218518,0.0,45.4910459218518,1.3510840638789985,0.0454910459218518,0.2513835197641531,0.0,47.139004551416804,0.001036226
2021-09-02,NIFTY_HEALTHCARE,0.0,47149.717191738804,0.0,47.1497171917388,1.4003466005946426,0.0471497171917388,0.2605493372015486,0.0,48.85776284672673,0.001036226
2021-09-06,NIFTY_HEALTHCARE,0.0,43281.10563155015,0.0,43.28110563155015,1.2854488372570394,0.043281105631550146,0.2391713897199461,0.0,44.84900696415868,0.001036226
2021-09-14,NIFTY_CONSUMER_DURABLES,141536.48902866797,0.0,0.0,141.53648902866797,4.203633724151439,0.14153648902866797,0.7821306383724191,21.230473354300194,167.89426323452068,0.0011862259999999999
2021-09-14,NIFTY_FMCG,141536.48902866797,0.0,0.0,141.53648902866797,4.203633724151439,0.14153648902866797,0.7821306383724191,21.230473354300194,167.89426323452068,0.0011862259999999999
2021-09-14,NIFTY_IT,141536.48902866797,0.0,0.0,141.53648902866797,4.203633724151439,0.14153648902866797,0.7821306383724191,21.230473354300194,167.89426323452068,0.0011862259999999999
2021-09-14,NIFTY_METAL,141536.48902866797,0.0,0.0,141.53648902866797,4.203633724151439,0.14153648902866797,0.7821306383724193,21.230473354300194,167.8942632345207,0.001186226
2021-09-14,NIFTY_REALTY,141536.48902866797,0.0,0.0,141.53648902866797,4.203633724151439,0.14153648902866797,0.7821306383724191,21.230473354300194,167.89426323452068,0.0011862259999999999
2021-09-15,NIFTY_CONSUMER_DURABLES,0.0,95672.67237316136,0.0,95.67267237316136,2.8414783694828927,0.09567267237316136,0.5286871875340897,0.0,99.13851060255152,0.0010362260000000001
2021-09-15,NIFTY_FMCG,0.0,93884.88037449683,0.0,93.88488037449684,2.788380947122556,0.09388488037449683,0.5188078489494695,0.0,97.28595405094336,0.0010362260000000001
2021-09-15,NIFTY_IT,0.0,142993.68011125212,0.0,142.99368011125213,4.246912299304189,0.1429936801112521,0.7901830762947792,0.0,148.17376916696236,0.0010362260000000001
2021-09-15,NIFTY_METAL,0.0,140925.42084432166,0.0,140.92542084432165,4.185484999076353,0.14092542084432164,0.7787538755857215,0.0,146.03058513982805,0.001036226
2021-09-15,NIFTY_REALTY,0.0,143074.10674822464,0.0,143.07410674822466,4.249300970422272,0.14307410674822463,0.7906275138906893,0.0,148.25710933928585,0.0010362260000000001
2021-09-20,NIFTY_CONSUMER_DURABLES,132231.33589254174,0.0,0.0,132.23133589254175,3.9272706760084897,0.13223133589254174,0.7307103621421857,19.83470038388126,156.85624865046623,0.001186226
2021-09-20,NIFTY_FMCG,0.0,45291.73741544671,0.0,45.29173741544671,1.3451646012387672,0.04529173741544671,0.25028214095775847,0.0,46.93247589505868,0.001036226
2021-09-20,NIFTY_HEALTHCARE,132231.33589254174,0.0,0.0,132.23133589254175,3.9272706760084892,0.13223133589254174,0.7307103621421855,19.834700383881255,156.85624865046623,0.001186226
2021-09-20,NIFTY_IT,132231.33589254174,0.0,0.0,132.23133589254175,3.9272706760084892,0.13223133589254174,0.7307103621421855,19.834700383881255,156.85624865046623,0.001186226
2021-09-20,NIFTY_METAL,132231.33589254174,0.0,0.0,132.23133589254175,3.9272706760084897,0.13223133589254174,0.7307103621421857,19.83470038388126,156.85624865046623,0.001186226
2021-09-20,NIFTY_REALTY,132231.33589254174,0.0,0.0,132.23133589254175,3.9272706760084892,0.13223133589254174,0.7307103621421855,19.834700383881255,156.85624865046623,0.001186226
2021-09-21,NIFTY_CONSUMER_DURABLES,0.0,130834.676091829,0.0,130.834676091829,3.885789879927321,0.13083467609182897,0.722992420083447,0.0,135.5742930679316,0.001036226
2021-09-21,NIFTY_HEALTHCARE,0.0,43856.48373803286,0.0,43.856483738032864,1.302537567019576,0.04385648373803286,0.24235092913636958,0.0,45.445228717926845,0.0010362260000000001
2021-09-21,NIFTY_IT,0.0,134849.53925158936,0.0,134.84953925158936,4.005031315772204,0.13484953925158935,0.7451785539042828,0.0,139.73459866051743,0.001036226
2021-09-21,NIFTY_METAL,0.0,216681.63817672036,0.0,216.68163817672036,6.435444653848594,0.21668163817672034,1.1973827325645567,0.0,224.5311472013102,0.001036226
2021-09-21,NIFTY_REALTY,0.0,134561.1161816642,0.0,134.5611161816642,3.9964651505954265,0.1345611161816642,0.7435847280198762,0.0,139.43572717646117,0.0010362260000000001
2021-09-22,NIFTY_CONSUMER_DURABLES,132019.7464890023,0.0,0.0,132.0197464890023,3.920986470723369,0.1320197464890023,0.7295411190982268,19.802961973350346,156.60525579866322,0.0011862259999999996
2021-09-22,NIFTY_HEALTHCARE,174224.82915709366,42248.86203740493,0.0,216.4736911944986,6.429268628476608,0.21647369119449855,1.1962336175407993,26.133724373564046,250.44939150527455,0.0011569507136100399
2021-09-22,NIFTY_IT,132019.7464890023,0.0,0.0,132.01974648900233,3.920986470723369,0.1320197464890023,0.7295411190982267,19.802961973350342,156.60525579866325,0.0011862259999999999
2021-09-22,NIFTY_METAL,132019.7464890023,0.0,0.0,132.01974648900233,3.920986470723369,0.1320197464890023,0.7295411190982267,19.802961973350342,156.60525579866325,0.0011862259999999999
2021-09-22,NIFTY_REALTY,132019.7464890023,0.0,0.0,132.01974648900233,3.920986470723369,0.1320197464890023,0.7295411190982267,19.802961973350342,156.60525579866325,0.0011862259999999999
2021-09-23,NIFTY_CONSUMER_DURABLES,0.0,132513.3812351526,0.0,132.5133812351526,3.9356474226840317,0.13251338123515258,0.7322689447054531,0.0,137.31381098377724,0.0010362260000000001
2021-09-23,NIFTY_HEALTHCARE,0.0,86612.33259104603,0.0,86.61233259104603,2.572386277954067,0.08661233259104602,0.47861974989812034,0.0,89.74995095148925,0.001036226
2021-09-23,NIFTY_IT,0.0,134894.55681167927,0.0,134.89455681167928,4.006368337306874,0.13489455681167928,0.7454273209413396,0.0,139.78124702673915,0.001036226
2021-09-23,NIFTY_METAL,0.0,89102.57525563214,0.0,89.10257525563216,2.646346485092275,0.08910257525563214,0.4923808308626233,0.0,92.33040514684268,0.0010362260000000001
2021-09-23,NIFTY_REALTY,0.0,159677.20877615985,0.0,159.67720877615986,4.742413100651948,0.15967720877615985,0.8823762556970594,0.0,165.46167534128503,0.0010362260000000001
2021-09-27,NIFTY_CONSUMER_DURABLES,145234.1121874437,0.0,0.0,145.2341121874437,4.313453131967078,0.1452341121874437,0.8025637039478138,21.785116828116553,172.28047996366257,0.0011862259999999999
2021-09-27,NIFTY_HEALTHCARE,0.0,124123.76362808808,0.0,124.12376362808808,3.6864757797542165,0.12412376362808808,0.6859079178088147,0.0,128.6202710892792,0.0010362260000000001
2021-09-27,NIFTY_IT,145234.1121874437,0.0,0.0,145.2341121874437,4.313453131967078,0.1452341121874437,0.8025637039478137,21.785116828116553,172.28047996366263,0.0011862260000000003
2021-09-27,NIFTY_MEDIA,145234.1121874437,0.0,0.0,145.2341121874437,4.313453131967078,0.1452341121874437,0.8025637039478138,21.785116828116553,172.28047996366257,0.0011862259999999999
2021-09-27,NIFTY_METAL,145234.1121874437,0.0,0.0,145.2341121874437,4.313453131967078,0.1452341121874437,0.8025637039478138,21.785116828116553,172.28047996366257,0.0011862259999999999
2021-09-27,NIFTY_REALTY,145234.1121874437,0.0,0.0,145.2341121874437,4.313453131967078,0.1452341121874437,0.8025637039478137,21.785116828116553,172.28047996366263,0.0011862260000000003
2021-09-28,NIFTY_CONSUMER_DURABLES,0.0,144767.46211925207,0.0,144.76746211925206,4.299593624941787,0.14476746211925207,0.7999849956709869,0.0,150.01180820198408,0.001036226
2021-09-28,NIFTY_IT,0.0,135427.1422339316,0.0,135.4271422339316,4.022186124347769,0.1354271422339316,0.748370387984706,0.0,140.333125888498,0.001036226
2021-09-28,NIFTY_MEDIA,0.0,143773.10695702513,0.0,143.77310695702513,4.270061276623647,0.1437731069570251,0.7944901890445208,0.0,148.9814315296503,0.001036226
2021-09-28,NIFTY_METAL,0.0,144756.15568695308,0.0,144.7561556869531,4.299257823902506,0.14475615568695308,0.7999225163261026,0.0,150.00009218286863,0.001036226
2021-09-28,NIFTY_REALTY,0.0,142950.7787217667,0.0,142.9507787217667,4.245638128036471,0.1429507787217667,0.7899460032164827,0.0,148.12931363174144,0.0010362260000000001
2021-09-29,NIFTY_CONSUMER_DURABLES,0.0,44443.902037826316,0.0,44.44390203782632,1.3199838905234416,0.04444390203782631,0.24559700266102819,0.0,46.053926833048614,0.0010362260000000001
2021-09-30,NIFTY_METAL,0.0,43599.195461995994,0.0,43.599195461996,1.294896105221281,0.04359919546199599,0.24092915412298987,0.0,45.17861991680226,0.0010362260000000001
2021-10-04,NIFTY_CONSUMER_DURABLES,159777.81098011325,0.0,0.0,159.77781098011326,4.745400986109364,0.15977781098011326,0.8829321834761059,23.966671647016987,189.53259360769584,0.001186226
2021-10-04,NIFTY_IT,159777.81098011325,0.0,0.0,159.77781098011326,4.745400986109364,0.15977781098011326,0.8829321834761059,23.966671647016987,189.53259360769584,0.001186226
2021-10-04,NIFTY_METAL,159777.81098011325,0.0,0.0,159.77781098011326,4.745400986109364,0.15977781098011326,0.8829321834761059,23.966671647016987,189.53259360769584,0.001186226
2021-10-04,NIFTY_OIL_GAS,159777.81098011325,0.0,0.0,159.77781098011326,4.745400986109364,0.15977781098011326,0.8829321834761059,23.966671647016987,189.53259360769584,0.001186226
2021-10-04,NIFTY_REALTY,159777.81098011325,0.0,0.0,159.77781098011326,4.745400986109364,0.15977781098011326,0.8829321834761059,23.966671647016987,189.53259360769584,0.001186226
2021-10-05,NIFTY_CONSUMER_DURABLES,0.0,108808.69136957423,0.0,108.80869136957422,3.2316181336763545,0.10880869136957422,0.6012768285082671,0.0,112.75039502312842,0.001036226
2021-10-05,NIFTY_IT,0.0,162236.90330787902,0.0,162.23690330787903,4.818436028244006,0.16223690330787902,0.8965211276793394,0.0,168.11409736711025,0.001036226
2021-10-05,NIFTY_METAL,0.0,162891.05850146976,0.0,162.89105850146976,4.837864437493652,0.16289105850146973,0.9001359892791219,0.0,168.79194998674402,0.0010362260000000001
2021-10-05,NIFTY_OIL_GAS,0.0,164677.3257130332,0.0,164.6773257130332,4.890916573677087,0.16467732571303323,0.9100069018902215,0.0,170.64292651431356,0.0010362260000000001
2021-10-05,NIFTY_REALTY,0.0,158434.53661994697,0.0,158.43453661994698,4.705505737612425,0.15843453661994697,0.8755092493618268,0.0,164.17398614354116,0.001036226
2021-10-19,NIFTY_CONSUMER_DURABLES,151252.80843137368,0.0,0.0,151.25280843137367,4.4922084104117985,0.15125280843137368,0.835823019391771,22.68792126470605,179.42001393431462,0.0011862259999999996
2021-10-19,NIFTY_MEDIA,151252.80843137368,0.0,0.0,151.25280843137367,4.4922084104117985,0.15125280843137368,0.835823019391771,22.68792126470605,179.42001393431462,0.0011862259999999996
2021-10-19,NIFTY_METAL,151252.80843137368,0.0,0.0,151.2528084313737,4.4922084104117985,0.15125280843137368,0.835823019391771,22.68792126470605,179.42001393431465,0.0011862259999999999
2021-10-19,NIFTY_OIL_GAS,151252.80843137368,0.0,0.0,151.2528084313737,4.4922084104117985,0.15125280843137368,0.835823019391771,22.68792126470605,179.42001393431465,0.0011862259999999999
2021-10-19,NIFTY_REALTY,151252.80843137368,0.0,0.0,151.2528084313737,4.4922084104117985,0.15125280843137368,0.835823019391771,22.68792126470605,179.42001393431465,0.0011862259999999999
2021-10-20,NIFTY_CONSUMER_DURABLES,0.0,141590.84693842853,0.0,141.59084693842854,4.205248154071327,0.14159084693842855,0.7824310201817561,0.0,146.72011695962004,0.0010362260000000001
2021-10-20,NIFTY_MEDIA,0.0,151912.2841046503,0.0,151.9122841046503,4.511794837908114,0.1519122841046503,0.8394672819622975,0.0,157.41545850862536,0.0010362260000000001
2021-10-20,NIFTY_METAL,0.0,142114.48484699652,0.0,142.11448484699653,4.220800199955797,0.1421144848469965,0.7853246432645028,0.0,147.26272417506382,0.0010362260000000001
2021-10-20,NIFTY_OIL_GAS,0.0,95818.85077067147,0.0,95.81885077067147,2.8458198678889426,0.09581885077067147,0.5294949693587305,0.0,99.28998445868982,0.001036226
2021-10-20,NIFTY_REALTY,0.0,92476.28790906731,0.0,92.47628790906731,2.746545750899299,0.09247628790906731,0.5110239669855059,0.0,95.82633391486118,0.001036226
2021-10-21,NIFTY_OIL_GAS,0.0,46303.563079002866,0.0,46.30356307900287,1.3752158234463852,0.046303563079002866,0.25587348957456985,0.0,47.98095595510282,0.001036226
2021-10-22,NIFTY_CONSUMER_DURABLES,133904.36441496902,0.0,0.0,133.90436441496902,3.97695962312458,0.13390436441496903,0.7399555177571188,20.08565466224535,158.84083858251105,0.001186226
2021-10-22,NIFTY_MEDIA,133904.36441496902,0.0,0.0,133.90436441496902,3.97695962312458,0.13390436441496903,0.7399555177571188,20.08565466224535,158.84083858251105,0.001186226
2021-10-22,NIFTY_METAL,133904.36441496902,0.0,0.0,133.904364414969,3.97695962312458,0.133904364414969,0.7399555177571188,20.08565466224535,158.84083858251103,0.0011862259999999999
2021-10-22,NIFTY_OIL_GAS,133904.36441496902,0.0,0.0,133.904364414969,3.97695962312458,0.133904364414969,0.7399555177571188,20.08565466224535,158.84083858251103,0.0011862259999999999
2021-10-22,NIFTY_REALTY,180890.2457147322,47034.61979569562,0.0,227.92486551042782,6.769368505659706,0.22792486551042782,1.259512806810624,27.133536857209826,263.3152085456185,0.0011552719706818101
2021-10-25,NIFTY_CONSUMER_DURABLES,155135.0022226199,129543.92821111929,0.0,284.6789304337392,8.454964233882054,0.28467893043373915,1.5731357695768429,23.270250333392983,318.2619597010248,0.0011179680885273745
2021-10-25,NIFTY_MEDIA,157424.7336136183,131836.03474250025,0.0,289.26076835611855,8.591044820176721,0.2892607683561186,1.5984550059359113,23.613710042042744,323.35323899263005,0.001117860679241988
2021-10-25,NIFTY_METAL,0.0,128759.97842768184,0.0,128.75997842768186,3.8241713593021505,0.12875997842768183,0.7115276407913698,0.0,133.42443740620305,0.0010362260000000001
2021-10-25,NIFTY_OIL_GAS,160721.17375300688,135135.8942821402,0.0,295.85706803514705,8.786954920643868,0.29585706803514705,1.6349061579622226,24.10817606295103,330.6829622447394,0.0011177118885172454
2021-10-25,NIFTY_PSU_BANK,25725.31079805513,0.0,0.0,25.72531079805513,0.7640417307022372,0.025725310798055123,0.1421580674700526,3.8587966197082686,30.516032526733746,0.001186226
2021-10-25,NIFTY_REALTY,205335.70356169145,179796.70278177306,0.0,385.13240634346454,11.438432468400896,0.38513240634346446,2.128241677453985,30.800355534253715,429.8845684299166,0.0011161994196004937
2021-10-26,NIFTY_CONSUMER_DURABLES,0.0,151455.0712231232,0.0,151.4550712231232,4.498215615326759,0.15145507122312318,0.8369407235789789,0.0,156.94168263325207,0.0010362260000000001
2021-10-26,NIFTY_MEDIA,0.0,162053.9460051597,0.0,162.05394600515967,4.813002196353242,0.16205394600515968,0.8955101056245124,0.0,167.9245122531426,0.001036226
2021-10-26,NIFTY_OIL_GAS,0.0,164398.4426938353,0.0,164.3984426938353,4.882633748006908,0.1643984426938353,0.9084657943261338,0.0,170.35394067886216,0.001036226
2021-10-26,NIFTY_PSU_BANK,0.0,25295.790324020625,0.0,25.295790324020626,0.7512849726234125,0.02529579032402062,0.13978453733053797,0.0,26.212155624298596,0.001036226
2021-10-26,NIFTY_REALTY,0.0,206871.9208316963,0.0,206.87192083169634,6.14409604870138,0.2068719208316963,1.1431742345159537,0.0,214.36606303574536,0.0010362260000000001
2021-11-01,NIFTY_CONSUMER_DURABLES,141867.87454472197,0.0,0.0,141.86787454472199,4.2134758739782425,0.14186787454472197,0.7839618747341337,21.280181181708294,168.28736134968736,0.0011862259999999999
2021-11-01,NIFTY_IT,141867.87454472197,0.0,0.0,141.86787454472199,4.2134758739782425,0.14186787454472197,0.7839618747341336,21.280181181708294,168.28736134968736,0.0011862259999999999
2021-11-01,NIFTY_MEDIA,141867.87454472197,0.0,0.0,141.86787454472199,4.2134758739782425,0.14186787454472197,0.7839618747341337,21.280181181708294,168.28736134968736,0.0011862259999999999
2021-11-01,NIFTY_PSU_BANK,141867.87454472197,0.0,0.0,141.86787454472199,4.2134758739782425,0.14186787454472197,0.7839618747341336,21.280181181708294,168.28736134968736,0.0011862259999999999
2021-11-01,NIFTY_REALTY,141867.87454472197,0.0,0.0,141.86787454472199,4.2134758739782425,0.14186787454472197,0.7839618747341336,21.280181181708294,168.28736134968736,0.0011862259999999999
2021-11-02,NIFTY_CONSUMER_DURABLES,0.0,143683.15238799894,0.0,143.68315238799892,4.267389625923569,0.14368315238799892,0.793993100096082,0.0,148.88821826640657,0.001036226
2021-11-02,NIFTY_IT,0.0,142959.16120580697,0.0,142.959161205807,4.245887087812467,0.14295916120580698,0.7899923248232894,0.0,148.13799977964857,0.0010362260000000001
2021-11-02,NIFTY_MEDIA,0.0,146853.27273532323,0.0,146.85327273532323,4.3615422002391,0.14685327273532323,0.8115111851353962,0.0,152.1731793934331,0.0010362260000000003
2021-11-02,NIFTY_PSU_BANK,0.0,98370.56408299867,0.0,98.37056408299865,2.92160575326506,0.09837056408299866,0.5435957371226505,0.0,101.93413613746935,0.0010362259999999997
2021-11-02,NIFTY_REALTY,0.0,148678.1052610195,0.0,148.67810526101948,4.415739726252278,0.1486781052610195,0.8215952096723937,0.0,154.06411830220517,0.001036226
2021-11-09,NIFTY_PSU_BANK,0.0,49151.319167260895,0.0,49.151319167260894,1.4597941792676485,0.04915131916726089,0.27161018971828366,0.0,50.93187485541408,0.001036226
2021-11-23,NIFTY_CONSUMER_DURABLES,145787.88906273473,0.0,0.0,145.78788906273473,4.329900305163221,0.1457878890627347,0.8056238749606721,21.868183359410207,172.93738449133158,0.001186226
2021-11-23,NIFTY_IT,145787.88906273473,0.0,0.0,145.78788906273473,4.329900305163221,0.14578788906273474,0.8056238749606721,21.868183359410207,172.93738449133156,0.0011862259999999999
2021-11-23,NIFTY_MEDIA,145787.88906273473,0.0,0.0,145.78788906273473,4.329900305163221,0.1457878890627347,0.8056238749606721,21.868183359410207,172.93738449133158,0.001186226
2021-11-23,NIFTY_PSU_BANK,145787.88906273473,0.0,0.0,145.78788906273473,4.329900305163221,0.14578788906273474,0.8056238749606721,21.868183359410207,172.93738449133156,0.0011862259999999999
2021-11-23,NIFTY_REALTY,145787.88906273473,0.0,0.0,145.78788906273473,4.329900305163221,0.14578788906273474,0.8056238749606721,21.868183359410207,172.93738449133156,0.0011862259999999999
2021-11-24,NIFTY_CONSUMER_DURABLES,0.0,148037.4699269593,0.0,148.03746992695932,4.396712856830693,0.14803746992695932,0.8180550588163772,0.0,153.40027531253335,0.0010362260000000001
2021-11-24,NIFTY_IT,0.0,144566.36042471734,0.0,144.56636042471735,4.293620904614105,0.14456636042471732,0.798873707706988,0.0,149.80342139746315,0.0010362260000000001
2021-11-24,NIFTY_MEDIA,0.0,154330.1177065476,0.0,154.33011770654758,4.5836044958844635,0.1543301177065476,0.852828230446382,0.0,159.92088055058497,0.0010362259999999997
2021-11-24,NIFTY_PSU_BANK,0.0,104765.69019269926,0.0,104.76569019269925,3.111540998723168,0.10476569019269925,0.5789352040048561,0.0,108.56093208561998,0.001036226
2021-11-24,NIFTY_REALTY,0.0,147074.83888879482,0.0,147.07483888879483,4.368122714997206,0.1470748388887948,0.8127355596994801,0.0,152.40277200238032,0.0010362260000000001
2021-11-29,NIFTY_CONSUMER_DURABLES,0.0,57239.98136020101,0.0,57.239981360201014,1.70002744639797,0.05723998136020101,0.31630813699647076,0.0,59.31355692495565,0.001036226
2021-11-29,NIFTY_IT,188807.76416541144,0.0,0.0,188.80776416541144,5.60759059571272,0.18880776416541145,1.0433517047780636,28.321164624811715,223.96867885487939,0.001186226
2021-11-29,NIFTY_MEDIA,188807.76416541144,0.0,0.0,188.80776416541144,5.60759059571272,0.18880776416541142,1.0433517047780636,28.321164624811715,223.96867885487933,0.0011862259999999999
2021-11-29,NIFTY_PSU_BANK,188807.76416541144,0.0,0.0,188.80776416541144,5.60759059571272,0.18880776416541142,1.0433517047780636,28.321164624811715,223.96867885487933,0.0011862259999999999
2021-11-29,NIFTY_REALTY,188807.76416541144,0.0,0.0,188.80776416541144,5.60759059571272,0.18880776416541145,1.0433517047780636,28.321164624811715,223.96867885487939,0.001186226
2021-11-30,NIFTY_IT,0.0,192596.58021254046,0.0,192.59658021254046,5.720118432312451,0.19259658021254045,1.0642887022544985,0.0,199.57358392731993,0.001036226
2021-11-30,NIFTY_MEDIA,0.0,183684.30972831557,0.0,183.68430972831555,5.455423998930972,0.18368430972831556,1.0150394955586717,0.0,190.33845753253354,0.0010362260000000001
2021-11-30,NIFTY_PSU_BANK,0.0,183837.2420207502,0.0,183.83724202075018,5.45996608801628,0.1838372420207502,1.0158845994066654,0.0,190.4969299501939,0.0010362260000000001
2021-11-30,NIFTY_REALTY,0.0,186708.09022573422,0.0,186.70809022573425,5.545230279704307,0.18670809022573423,1.0317489065874073,0.0,193.47177750225165,0.001036226
2021-12-13,NIFTY_IT,149210.46828768562,0.0,0.0,149.21046828768564,4.4315509081442634,0.14921046828768564,0.8245370477577507,22.381570243152844,176.9973369550282,0.0011862260000000003
2021-12-13,NIFTY_MEDIA,149210.46828768562,0.0,0.0,149.21046828768561,4.4315509081442634,0.1492104682876856,0.8245370477577508,22.38157024315284,176.99733695502817,0.001186226
2021-12-13,NIFTY_OIL_GAS,149210.46828768562,0.0,0.0,149.21046828768564,4.4315509081442634,0.14921046828768564,0.8245370477577507,22.381570243152844,176.9973369550282,0.0011862260000000003
2021-12-13,NIFTY_PSU_BANK,149210.46828768562,0.0,0.0,149.21046828768561,4.4315509081442634,0.1492104682876856,0.8245370477577508,22.38157024315284,176.99733695502817,0.001186226
2021-12-13,NIFTY_REALTY,149210.46828768562,0.0,0.0,149.21046828768564,4.4315509081442634,0.14921046828768564,0.8245370477577507,22.381570243152844,176.9973369550282,0.0011862260000000003
2021-12-14,NIFTY_IT,0.0,150043.9327798587,0.0,150.04393277985872,4.456304803561803,0.1500439327798587,0.829142772541499,0.0,155.47942428874188,0.0010362260000000001
2021-12-14,NIFTY_MEDIA,0.0,147154.93284127396,0.0,147.154932841274,4.370501505385837,0.14715493284127396,0.81317815888088,0.0,152.48576743838197,0.0010362260000000001
2021-12-14,NIFTY_OIL_GAS,0.0,145278.82170511817,0.0,145.27882170511816,4.314781004642009,0.14527882170511816,0.802810768742483,0.0,150.54169230020776,0.001036226
2021-12-14,NIFTY_PSU_BANK,0.0,144940.97713213324,0.0,144.94097713213324,4.304747020824357,0.14494097713213322,0.8009438396321683,0.0,150.19160896972193,0.0010362260000000001
2021-12-14,NIFTY_REALTY,0.0,146967.58902358654,0.0,146.96758902358653,4.36493739400052,0.1469675890235865,0.8121428969443392,0.0,152.29163690355497,0.001036226
2021-12-20,NIFTY_IT,183406.3158380175,0.0,0.0,183.40631583801752,5.44716758038912,0.18340631583801748,1.0135033013208847,27.51094737570262,217.56134041126813,0.0011862259999999999
2021-12-20,NIFTY_MEDIA,183406.3158380175,0.0,0.0,183.4063158380175,5.44716758038912,0.1834063158380175,1.0135033013208847,27.510947375702624,217.56134041126813,0.0011862259999999999
2021-12-20,NIFTY_OIL_GAS,183406.3158380175,0.0,0.0,183.40631583801752,5.44716758038912,0.18340631583801748,1.0135033013208847,27.51094737570262,217.56134041126813,0.0011862259999999999
2021-12-20,NIFTY_PSU_BANK,183406.3158380175,0.0,0.0,183.4063158380175,5.44716758038912,0.1834063158380175,1.0135033013208847,27.510947375702624,217.56134041126813,0.0011862259999999999
2021-12-21,NIFTY_IT,0.0,124588.10899000213,0.0,124.58810899000213,3.7002668370030634,0.12458810899000211,0.6884738902787517,0.0,129.10143782627392,0.0010362259999999997
2021-12-21,NIFTY_MEDIA,0.0,182827.98514329045,0.0,182.82798514329045,5.429991158755726,0.18282798514329046,1.010307445901823,0.0,189.4511117330913,0.001036226
2021-12-21,NIFTY_OIL_GAS,0.0,179683.7932890865,0.0,179.6837932890865,5.336608660685869,0.17968379328908649,0.9929326417154919,0.0,186.19301838477693,0.001036226
2021-12-21,NIFTY_PSU_BANK,0.0,178073.64773118147,0.0,178.07364773118144,5.288787337616089,0.17807364773118145,0.9840349773625087,0.0,184.52454369389125,0.001036226
2021-12-22,NIFTY_IT,166121.0662604806,0.0,0.0,166.1210662604806,4.933795667936274,0.1661210662604806,0.9179850121554157,24.91815993907209,197.05712794590485,0.0011862259999999999
2021-12-22,NIFTY_MEDIA,166121.0662604806,0.0,0.0,166.1210662604806,4.933795667936274,0.1661210662604806,0.9179850121554157,24.91815993907209,197.05712794590485,0.0011862259999999999
2021-12-22,NIFTY_OIL_GAS,166121.0662604806,0.0,0.0,166.12106626048063,4.933795667936274,0.16612106626048062,0.9179850121554158,24.91815993907209,197.05712794590488,0.001186226
2021-12-22,NIFTY_PSU_BANK,166121.0662604806,0.0,0.0,166.1210662604806,4.933795667936274,0.1661210662604806,0.9179850121554157,24.91815993907209,197.05712794590485,0.0011862259999999999
2021-12-23,NIFTY_IT,0.0,167245.01075093768,0.0,167.2450107509377,4.967176819302849,0.16724501075093767,0.9241959294096815,0.0,173.30362851040115,0.0010362260000000001
2021-12-23,NIFTY_MEDIA,0.0,165758.0780097919,0.0,165.75807800979192,4.9230149168908195,0.16575807800979192,0.9159791390821101,0.0,171.76283014377466,0.0010362260000000003
2021-12-23,NIFTY_OIL_GAS,0.0,167934.5854892016,0.0,167.9345854892016,4.987657189029288,0.1679345854892016,0.928006519413328,0.0,174.01818378313342,0.0010362260000000001
2021-12-23,NIFTY_PSU_BANK,0.0,171193.59821526872,0.0,171.1935982152687,5.084449866993481,0.1711935982152687,0.9460158237375749,0.0,177.39525750421507,0.0010362260000000001
2021-12-27,NIFTY_IT,238865.9732055605,0.0,0.0,238.8659732055605,7.094319404205147,0.2388659732055605,1.3199733679339274,35.829895980834074,283.3490279317392,0.001186226
2021-12-27,NIFTY_MEDIA,238865.9732055605,0.0,0.0,238.8659732055605,7.094319404205147,0.2388659732055605,1.3199733679339274,35.829895980834074,283.3490279317392,0.001186226
2021-12-27,NIFTY_OIL_GAS,238865.97320556047,0.0,0.0,238.86597320556046,7.094319404205146,0.23886597320556047,1.3199733679339272,35.82989598083407,283.34902793173916,0.0011862259999999999
2021-12-27,NIFTY_PSU_BANK,0.0,45209.97480277311,0.0,45.20997480277311,1.3427362516423613,0.04520997480277311,0.2498303207601242,0.0,46.847751349978374,0.0010362260000000001
2021-12-28,NIFTY_IT,0.0,241332.94574604847,0.0,241.33294574604847,7.167588488657639,0.24133294574604847,1.3336058581926638,0.0,250.07547303864482,0.001036226
2021-12-28,NIFTY_MEDIA,0.0,235028.49119348693,0.0,235.02849119348696,6.980346188446562,0.23502849119348693,1.2987674423352087,0.0,243.5426333154622,0.0010362260000000001
2021-12-28,NIFTY_OIL_GAS,0.0,246159.37872596784,0.0,246.15937872596783,7.310933548161245,0.24615937872596783,1.3602767268396982,0.0,255.07674837969475,0.0010362260000000001
2022-01-17,NIFTY_IT,144354.4241621539,0.0,0.0,144.35442416215392,4.2873263976159715,0.1443544241621539,0.7977025479200626,21.653163624323085,171.23697115617517,0.0011862259999999999
2022-01-17,NIFTY_MEDIA,144354.4241621539,0.0,0.0,144.35442416215392,4.2873263976159715,0.1443544241621539,0.7977025479200626,21.653163624323085,171.23697115617517,0.0011862259999999999
2022-01-17,NIFTY_METAL,144354.4241621539,0.0,0.0,144.35442416215392,4.2873263976159715,0.1443544241621539,0.7977025479200626,21.653163624323085,171.2369711561752,0.001186226
2022-01-17,NIFTY_OIL_GAS,144354.4241621539,0.0,0.0,144.35442416215392,4.2873263976159715,0.1443544241621539,0.7977025479200626,21.653163624323085,171.2369711561752,0.001186226
2022-01-17,NIFTY_PSU_BANK,144354.4241621539,0.0,0.0,144.35442416215392,4.2873263976159715,0.1443544241621539,0.7977025479200626,21.653163624323085,171.2369711561752,0.001186226
2022-01-18,NIFTY_IT,0.0,141466.15692839195,0.0,141.46615692839197,4.201544860773241,0.14146615692839198,0.781741983186294,0.0,146.5909099292799,0.0010362260000000001
2022-01-18,NIFTY_MEDIA,0.0,141135.11815802346,0.0,141.1351181580235,4.191713009293297,0.14113511815802346,0.7799126629412376,0.0,146.24787894841603,0.0010362260000000001
2022-01-18,NIFTY_METAL,0.0,94861.47449213808,0.0,94.86147449213809,2.817385792416501,0.09486147449213808,0.524204508043555,0.0,98.29792626709028,0.0010362260000000001
2022-01-18,NIFTY_OIL_GAS,0.0,144622.56520657556,0.0,144.6225652065756,4.295290186635294,0.14462256520657557,0.7991842953315366,0.0,149.861662253749,0.0010362260000000001
2022-01-18,NIFTY_PSU_BANK,0.0,95544.23371223133,0.0,95.54423371223133,2.8376637412532704,0.09554423371223134,0.5279774354937903,0.0,99.00541912269063,0.001036226
2022-01-20,NIFTY_IT,0.0,62254.297064581915,0.0,62.25429706458192,1.8489526228180828,0.06225429706458191,0.34401724557887964,0.0,64.50952123004348,0.0010362260000000003
2022-01-24,NIFTY_BANK,135835.8664488382,0.0,0.0,135.8358664488382,4.034325233530494,0.1358358664488382,0.7506289979962798,20.375379967325728,161.13203651413954,0.0011862259999999999
2022-01-24,NIFTY_MEDIA,135835.8664488382,0.0,0.0,135.8358664488382,4.034325233530494,0.1358358664488382,0.7506289979962798,20.375379967325728,161.13203651413954,0.0011862259999999999
2022-01-24,NIFTY_METAL,135835.8664488382,0.0,0.0,135.8358664488382,4.034325233530494,0.1358358664488382,0.7506289979962798,20.375379967325728,161.13203651413954,0.0011862259999999999
2022-01-24,NIFTY_OIL_GAS,135835.8664488382,0.0,0.0,135.8358664488382,4.034325233530494,0.1358358664488382,0.7506289979962798,20.375379967325728,161.13203651413954,0.0011862259999999999
2022-01-24,NIFTY_PSU_BANK,135835.8664488382,0.0,0.0,135.8358664488382,4.034325233530494,0.1358358664488382,0.7506289979962798,20.375379967325728,161.13203651413954,0.0011862259999999999
2022-01-25,NIFTY_BANK,0.0,92856.3150115851,0.0,92.85631501158511,2.757832555844078,0.0928563150115851,0.5131239967540193,0.0,96.22012787919479,0.0010362260000000001
2022-01-25,NIFTY_MEDIA,0.0,133277.8652676877,0.0,133.27786526768773,3.958352598450325,0.1332778652676877,0.7364934834692423,0.0,138.10598921487497,0.0010362260000000001
2022-01-25,NIFTY_METAL,0.0,128210.71650348033,0.0,128.21071650348034,3.8078582801533662,0.12821071650348034,0.7084924193982324,0.0,132.8552779195354,0.001036226
2022-01-25,NIFTY_OIL_GAS,0.0,136399.63985511297,0.0,136.39963985511298,4.051069303696855,0.13639963985511297,0.7537444098393542,0.0,141.3408532085043,0.0010362260000000001
2022-01-25,NIFTY_PSU_BANK,0.0,134196.62314379594,0.0,134.19662314379593,3.9856397073707397,0.13419662314379593,0.7415705394926164,0.0,139.0580300138031,0.0010362260000000001
2022-01-28,NIFTY_BANK,0.0,47119.784837351755,0.0,47.11978483735176,1.3994576096693472,0.047119784837351755,0.26038393101120577,0.0,48.82674616286966,0.0010362260000000001
2022-02-02,NIFTY_METAL,0.0,48968.27221002161,0.0,48.96827221002162,1.4543576846376418,0.04896827221002161,0.2705986722325794,0.0,50.74219683910186,0.0010362260000000001
2022-02-22,NIFTY_BANK,144056.4135215595,0.0,0.0,144.0564135215595,4.278475481590317,0.14405641352155948,0.7960557411201379,21.608462028233923,170.88346318602544,0.001186226
2022-02-22,NIFTY_MEDIA,144056.4135215595,0.0,0.0,144.0564135215595,4.278475481590317,0.14405641352155948,0.7960557411201378,21.608462028233923,170.88346318602544,0.001186226
2022-02-22,NIFTY_METAL,144056.4135215595,0.0,0.0,144.0564135215595,4.278475481590317,0.14405641352155948,0.7960557411201379,21.608462028233923,170.88346318602544,0.001186226
2022-02-22,NIFTY_OIL_GAS,144056.4135215595,0.0,0.0,144.0564135215595,4.278475481590317,0.14405641352155948,0.7960557411201379,21.608462028233923,170.88346318602544,0.001186226
2022-02-22,NIFTY_PSU_BANK,144056.4135215595,0.0,0.0,144.0564135215595,4.278475481590317,0.14405641352155948,0.7960557411201378,21.608462028233923,170.88346318602544,0.001186226
2022-02-23,NIFTY_BANK,0.0,96964.21533871329,0.0,96.9642153387133,2.8798371955597846,0.09696421533871329,0.5358242539617297,0.0,100.47684100357353,0.0010362260000000001
2022-02-23,NIFTY_MEDIA,0.0,142421.82373865478,0.0,142.42182373865478,4.2299281650380465,0.14242182373865475,0.7870229979798062,0.0,147.58119672541127,0.001036226
2022-02-23,NIFTY_METAL,0.0,96482.4417449529,0.0,96.48244174495291,2.8655285198251015,0.09648244174495291,0.5331619730826097,0.0,99.97761467960558,0.0010362260000000001
2022-02-23,NIFTY_OIL_GAS,0.0,95714.82446816191,0.0,95.71482446816192,2.842730286704409,0.0957148244681619,0.5289201200110627,0.0,99.18218969934554,0.001036226
2022-02-23,NIFTY_PSU_BANK,0.0,147949.1672145058,0.0,147.9491672145058,4.3940902662708226,0.1479491672145058,0.817567098027359,0.0,153.3087737460185,0.001036226
2022-02-25,NIFTY_PSU_BANK,0.0,46128.90104688378,0.0,46.12890104688378,1.3700283610924482,0.04612890104688378,0.25490830718507973,0.0,47.7999666162082,0.0010362260000000001
2022-02-28,NIFTY_BANK,223747.26383762542,0.0,0.0,223.7472638376254,6.645293735977475,0.22374726383762542,1.236427379966718,33.56208957564381,265.41482179305103,0.0011862259999999999
2022-02-28,NIFTY_METAL,223747.26383762542,0.0,0.0,223.7472638376254,6.645293735977475,0.22374726383762542,1.236427379966718,33.56208957564381,265.41482179305103,0.0011862259999999999
2022-02-28,NIFTY_OIL_GAS,0.0,46276.69766078417,0.0,46.27669766078417,1.37441792052529,0.04627669766078417,0.25572503127349333,0.0,47.95311731024374,0.0010362260000000001
2022-02-28,NIFTY_PSU_BANK,223747.26383762542,0.0,0.0,223.74726383762544,6.645293735977475,0.22374726383762542,1.236427379966718,33.56208957564381,265.41482179305103,0.0011862259999999999
2022-03-02,NIFTY_BANK,0.0,222802.80265872204,0.0,222.80280265872204,6.617243238964045,0.22280280265872204,1.2312082874920978,0.0,230.8740569878369,0.001036226
2022-03-02,NIFTY_METAL,0.0,244785.80143573138,0.0,244.7858014357314,7.270138302641222,0.24478580143573136,1.3526863387338515,0.0,253.65341187854222,0.0010362260000000001
2022-03-02,NIFTY_PSU_BANK,0.0,226434.32160360448,0.0,226.43432160360447,6.725099351627053,0.2264343216036045,1.2512760611815184,0.0,234.63713133801667,0.0010362260000000001
2022-03-07,NIFTY_BANK,0.0,43980.829718744506,0.0,43.98082971874451,1.3062306426467118,0.04398082971874451,0.24303806502578212,0.0,45.57407925613574,0.001036226
2022-03-07,NIFTY_METAL,737239.0167373419,0.0,0.0,737.2390167373419,21.895998797099054,0.7372390167373418,4.073982806490551,110.58585251060127,874.5320898682702,0.001186226
2022-03-08,NIFTY_METAL,0.0,744708.5320076012,0.0,744.7085320076012,22.117843400625755,0.7447085320076012,4.115259347874003,0.0,771.6863432881086,0.001036226
2022-03-15,NIFTY_METAL,0.0,49688.82353115284,0.0,49.68882353115284,1.4757580588752395,0.04968882353115284,0.2745804388331506,0.0,51.48885085239238,0.001036226
2022-03-22,NIFTY_METAL,793574.1803446135,0.0,0.0,793.5741803446135,23.56915315623502,0.7935741803446135,4.385290920584334,119.036127051692,941.3583256534694,0.0011862259999999999
2022-03-23,NIFTY_METAL,0.0,530421.0696615629,0.0,530.421069661563,15.753505768948418,0.5304210696615629,2.9311068309497967,0.0,549.6361033311227,0.0010362260000000001
2022-03-28,NIFTY_METAL,264935.7167791159,0.0,0.0,264.9357167791159,7.868590788339742,0.26493571677911587,1.4640347709213946,39.740357516867384,314.2736355720236,0.001186226
2022-03-28,NIFTY_OIL_GAS,264935.7167791159,0.0,0.0,264.9357167791159,7.868590788339742,0.26493571677911587,1.4640347709213946,39.740357516867384,314.27363557202364,0.0011862260000000003
2022-03-29,NIFTY_METAL,0.0,266435.25646838534,0.0,266.4352564683854,7.9131271171110455,0.2664352564683854,1.4723212272442976,0.0,276.0871400692091,0.0010362260000000001
2022-03-29,NIFTY_OIL_GAS,0.0,261379.87950881151,0.0,261.37987950881154,7.762982421411702,0.2613798795088115,1.4443852141656923,0.0,270.84862702389773,0.0010362260000000001
2022-04-04,NIFTY_MEDIA,175756.06673670126,0.0,0.0,175.75606673670126,5.219955182080027,0.17575606673670124,0.9712280247870111,26.363410010505188,208.4864160208102,0.001186226
2022-04-04,NIFTY_METAL,175756.06673670126,0.0,0.0,175.75606673670126,5.219955182080027,0.17575606673670124,0.9712280247870111,26.363410010505188,208.4864160208102,0.001186226
2022-04-04,NIFTY_OIL_GAS,175756.06673670126,0.0,0.0,175.75606673670129,5.219955182080028,0.17575606673670124,0.9712280247870113,26.36341001050519,208.48641602081022,0.001186226
2022-04-05,NIFTY_MEDIA,0.0,175342.8550555262,0.0,175.34285505552617,5.207682795149128,0.1753428550555262,0.9689446170368377,0.0,181.69482532276766,0.001036226
2022-04-05,NIFTY_METAL,0.0,180034.30594207544,0.0,180.03430594207543,5.34701888647964,0.18003430594207542,0.9948695746359089,0.0,186.55622870913308,0.0010362260000000001
2022-04-05,NIFTY_OIL_GAS,0.0,176384.41355042942,0.0,176.38441355042943,5.238617082447754,0.17638441355042941,0.9747002692796729,0.0,182.7741153157073,0.0010362260000000001
2022-04-11,NIFTY_MEDIA,132802.63734467086,0.0,0.0,132.80263734467087,3.9442383291367245,0.13280263734467085,0.7338673739666511,19.920395601700626,157.53394128681956,0.001186226
2022-04-11,NIFTY_METAL,132802.63734467086,0.0,0.0,132.80263734467087,3.9442383291367245,0.13280263734467085,0.7338673739666511,19.920395601700626,157.53394128681956,0.001186226
2022-04-11,NIFTY_OIL_GAS,132802.63734467086,0.0,0.0,132.80263734467087,3.9442383291367245,0.13280263734467085,0.7338673739666511,19.920395601700626,157.53394128681953,0.0011862259999999999
2022-04-11,NIFTY_PSU_BANK,132802.63734467086,0.0,0.0,132.80263734467087,3.9442383291367245,0.13280263734467085,0.7338673739666511,19.920395601700626,157.53394128681953,0.0011862259999999999
2022-04-12,NIFTY_MEDIA,0.0,132166.3348465804,0.0,132.1663348465804,3.9253401449434384,0.1321663348465804,0.7303511663622033,0.0,136.95419249273266,0.0010362260000000003
2022-04-12,NIFTY_METAL,0.0,127118.60301354401,0.0,127.118603013544,3.775422509502257,0.127118603013544,0.7024574002528442,0.0,131.72360152631265,0.001036226
2022-04-12,NIFTY_OIL_GAS,0.0,130931.040936353,0.0,130.931040936353,3.8886519158096844,0.130931040936353,0.7235249322142867,0.0,135.67414882531332,0.001036226
2022-04-12,NIFTY_PSU_BANK,0.0,87050.66664120302,0.0,87.05066664120304,2.58540479924373,0.08705066664120302,0.48104198385928787,0.0,90.20416409094724,0.0010362260000000001
2022-04-22,NIFTY_MEDIA,119193.02233268629,0.0,0.0,119.1930223326863,3.5400327632807826,0.11919302233268629,0.6586606414104245,17.878953349902943,141.38986210961312,0.0011862259999999999
2022-04-22,NIFTY_METAL,119193.02233268629,0.0,0.0,119.1930223326863,3.5400327632807826,0.11919302233268629,0.6586606414104245,17.878953349902943,141.38986210961312,0.0011862259999999999
2022-04-22,NIFTY_OIL_GAS,119193.02233268629,0.0,0.0,119.1930223326863,3.5400327632807826,0.11919302233268629,0.6586606414104244,17.878953349902943,141.38986210961315,0.001186226
2022-04-22,NIFTY_PSU_BANK,119193.02233268629,0.0,0.0,119.1930223326863,3.5400327632807826,0.11919302233268629,0.6586606414104245,17.878953349902943,141.38986210961312,0.0011862259999999999
2022-04-25,NIFTY_MEDIA,0.0,116592.22894865018,0.0,116.59222894865019,3.4627891997749103,0.11659222894865018,0.6442886571702409,0.0,120.81589903454397,0.001036226
2022-04-25,NIFTY_METAL,0.0,110759.61092907724,0.0,110.75961092907724,3.289560444593594,0.11075961092907724,0.6120576099940809,0.0,114.771988594594,0.0010362260000000001
2022-04-25,NIFTY_OIL_GAS,0.0,115015.68222843463,0.0,115.01568222843463,3.4159657621845083,0.11501568222843461,0.6355766599943297,0.0,119.18224033284189,0.001036226
2022-04-25,NIFTY_PSU_BANK,0.0,115184.74859445551,0.0,115.18474859445551,3.420987033255329,0.11518474859445552,0.6365109207329611,0.0,119.35743129703826,0.0010362260000000001
2022-05-02,NIFTY_METAL,152359.3810471195,0.0,0.0,152.3593810471195,4.52507361709945,0.1523593810471195,0.8419379396663824,22.853907157067923,180.7326591420004,0.001186226
2022-05-02,NIFTY_OIL_GAS,152359.3810471195,0.0,0.0,152.3593810471195,4.52507361709945,0.15235938104711952,0.8419379396663824,22.853907157067926,180.7326591420004,0.001186226
2022-05-02,NIFTY_PSU_BANK,193602.27550631273,41285.675749832786,0.0,234.88795125614553,6.976172152307521,0.23488795125614548,1.2979908186414602,29.04034132594691,272.4373435042976,0.0011598608700333225
2022-05-04,NIFTY_METAL,0.0,149380.8301143338,0.0,149.3808301143338,4.4366106543957144,0.14938083011433378,0.8254784672118086,0.0,154.79230006605565,0.001036226
2022-05-04,NIFTY_OIL_GAS,0.0,149254.2901689218,0.0,149.2542901689218,4.432852418016978,0.1492542901689218,0.8247792074734619,0.0,154.6611760845812,0.0010362260000000001
2022-05-04,NIFTY_PSU_BANK,0.0,125333.68426896643,0.0,125.33368426896644,3.722410422788303,0.1253336842689664,0.6925939392703084,0.0,129.874022315294,0.0010362260000000001
2022-05-06,NIFTY_PSU_BANK,0.0,62175.72674308647,0.0,62.17572674308647,1.8466190842696681,0.06217572674308646,0.3435830659822958,0.0,64.42810462008153,0.0010362260000000001
2022-05-16,NIFTY_AUTO,688699.8929053695,0.0,0.0,688.6998929053696,20.454386819289475,0.6886998929053695,3.8057556081950716,103.30498393580542,816.9537191615649,0.001186226
2022-05-16,NIFTY_METAL,0.0,203269.75061374647,0.0,203.26975061374648,6.03711159322827,0.20326975061374647,1.1232686418915632,0.0,210.63340059948007,0.0010362260000000001
2022-05-17,NIFTY_AUTO,686539.4019503752,687251.5498748958,0.0,1373.7909518252711,40.80159126921055,1.373790951825271,7.591568799786448,102.98091029255627,1526.5388131386496,0.0011111871213814824
2022-05-18,NIFTY_AUTO,678912.2242617309,679616.4605081374,0.0,1358.5286847698683,40.348301937665084,1.358528684769868,7.5072295120382915,101.83683363925962,1509.5795785436012,0.0011111871213814824
2022-05-19,NIFTY_AUTO,678493.7789717803,679197.5811645201,0.0,1357.6913601363003,40.323433396048124,1.3576913601363003,7.5026024561131965,101.77406684576704,1508.649154194365,0.0011111871213814824
2022-05-20,NIFTY_AUTO,681174.1874639251,681880.7700467475,0.0,1363.0549575106727,40.48273223806697,1.3630549575106725,7.532241695203976,102.17612811958875,1514.609114521043,0.0011111871213814824
2022-05-23,NIFTY_AUTO,0.0,694491.4343935606,0.0,694.4914343935607,20.626395601488753,0.6944914343935606,3.8377596664588167,0.0,719.6500810959018,0.0010362260000000001
2022-05-23,NIFTY_FMCG,693771.7843124648,0.0,0.0,693.7717843124648,20.605021994080204,0.6937717843124647,3.8337828801106797,104.06576764686969,822.9701286178378,0.0011862259999999999
2022-05-24,NIFTY_FMCG,454825.6523068979,455297.4433554363,0.0,910.1230956623342,27.030655941171325,0.9101230956623343,5.029340226630059,68.22384784603469,1011.3170627718326,0.0011111871213814824
2022-05-25,NIFTY_FMCG,0.0,445603.5131934311,0.0,445.6035131934311,13.234424341844903,0.44560351319343106,2.4624050139069,0.0,461.74594606237633,0.0010362260000000001
2022-06-20,NIFTY_AUTO,668088.9357381883,0.0,0.0,668.0889357381883,19.842241391424192,0.6680889357381883,3.691859458889228,100.21334036072824,792.5044658849681,0.0011862259999999999
2022-06-20,NIFTY_FMCG,0.0,223178.43178447397,0.0,223.178431784474,6.628399423998877,0.22317843178447397,1.233284014041003,0.0,231.26329365429834,0.0010362260000000001
2022-06-21,NIFTY_AUTO,662368.6673856446,663055.742985976,0.0,1325.4244103716208,39.36510498803713,1.3254244103716206,7.324295291713575,99.35530010784669,1472.7945351695898,0.0011111871213814824
2022-06-22,NIFTY_AUTO,654900.1222954831,655579.4507674341,0.0,1310.479573062917,38.92124331996864,1.310479573062917,7.2417101207456795,98.23501834432246,1456.188024421017,0.0011111871213814824
2022-06-23,NIFTY_AUTO,653146.9231480894,653824.4330250252,0.0,1306.9713561731146,38.8170492783415,1.3069713561731144,7.2223237142126315,97.97203847221341,1452.2897389940554,0.0011111871213814824
2022-06-24,NIFTY_AUTO,646954.3791565093,647625.4655021247,0.0,1294.579844658634,38.44902138636143,1.2945798446586338,7.15384822158361,97.04315687347639,1438.520450984714,0.0011111871213814821
2022-06-27,NIFTY_AUTO,0.0,635610.3488577537,0.0,635.6103488577537,18.877627361075284,0.6356103488577537,3.5123827877879465,0.0,658.6359693554747,0.0010362260000000001
2022-07-11,NIFTY_AUTO,317475.8564441991,0.0,0.0,317.4758564441991,9.429032936392712,0.31747585644419907,1.754371582710644,47.621378466629864,376.5981152863766,0.001186226
2022-07-11,NIFTY_FMCG,317475.8564441991,0.0,0.0,317.4758564441991,9.429032936392712,0.31747585644419907,1.754371582710644,47.621378466629864,376.5981152863766,0.001186226
2022-07-12,NIFTY_AUTO,0.0,212656.51075964462,0.0,212.65651075964462,6.315898369561445,0.2126565107596446,1.175139878457796,0.0,220.3602055184235,0.001036226
2022-07-12,NIFTY_FMCG,0.0,206945.36026964276,0.0,206.94536026964278,6.14627720000839,0.20694536026964275,1.143580060850046,0.0,214.44216289077085,0.0010362260000000001
2022-07-18,NIFTY_AUTO,104791.76716521954,0.0,0.0,104.79176716521954,3.1123154848070205,0.10479176716521954,0.5790793053550032,15.71876507478293,124.30671879732972,0.001186226
2022-07-18,NIFTY_CONSUMER_DURABLES,104791.76716521953,0.0,0.0,104.79176716521954,3.11231548480702,0.10479176716521954,0.5790793053550031,15.718765074782928,124.3067187973297,0.0011862259999999999
2022-07-18,NIFTY_FMCG,104791.76716521954,0.0,0.0,104.79176716521954,3.1123154848070205,0.10479176716521954,0.5790793053550032,15.71876507478293,124.30671879732972,0.001186226
2022-07-18,NIFTY_REALTY,104791.76716521953,0.0,0.0,104.79176716521954,3.11231548480702,0.10479176716521954,0.5790793053550031,15.718765074782928,124.3067187973297,0.0011862259999999999
2022-07-19,NIFTY_AUTO,0.0,104454.71531722552,0.0,104.45471531722552,3.1023050449215983,0.10445471531722551,0.5772167568429882,0.0,108.23869183430733,0.001036226
2022-07-19,NIFTY_CONSUMER_DURABLES,0.0,107293.02457844313,0.0,107.29302457844312,3.186602829979761,0.10729302457844311,0.5929012538204768,0.0,111.17982168682181,0.001036226
2022-07-19,NIFTY_FMCG,0.0,103419.22148912722,0.0,103.41922148912721,3.0715508782270784,0.10341922148912722,0.571494617948917,0.0,107.16568620679234,0.0010362260000000001
2022-07-19,NIFTY_REALTY,0.0,73560.67311083745,0.0,73.56067311083746,2.184751991391872,0.07356067311083744,0.40649627961048773,0.0,76.22548205495065,0.001036226
2022-07-22,NIFTY_AUTO,97081.20620346261,0.0,0.0,97.08120620346261,2.8833118242428397,0.09708120620346261,0.5364707454803344,14.562180930519391,115.16025090990864,0.001186226
2022-07-22,NIFTY_CONSUMER_DURABLES,97081.20620346261,0.0,0.0,97.08120620346261,2.8833118242428397,0.09708120620346261,0.5364707454803344,14.562180930519391,115.16025090990865,0.001186226
2022-07-22,NIFTY_FMCG,97081.20620346261,0.0,0.0,97.08120620346261,2.8833118242428397,0.09708120620346261,0.5364707454803344,14.562180930519391,115.16025090990864,0.001186226
2022-07-22,NIFTY_REALTY,97081.20620346261,0.0,0.0,97.08120620346261,2.8833118242428397,0.09708120620346261,0.5364707454803344,14.562180930519391,115.16025090990864,0.001186226
2022-07-25,NIFTY_AUTO,139736.92827686312,94629.046533591,0.0,234.36597481045413,6.960669451870487,0.23436597481045413,1.2951063768025692,20.960539241529467,263.8166558554671,0.0011256610780162586
2022-07-25,NIFTY_BANK,45205.93882164545,0.0,0.0,45.205938821645454,1.34261638300287,0.04520593882164545,0.24980801792841276,6.780890823246818,53.6244599846452,0.001186226
2022-07-25,NIFTY_CONSUMER_DURABLES,0.0,96129.27985360904,0.0,96.12927985360903,2.8550396116521886,0.09612927985360903,0.5312104004710436,0.0,99.61165914558589,0.0010362260000000001
2022-07-25,NIFTY_FMCG,142518.62754967035,97413.63126549663,0.0,239.93225881516696,7.125988086810459,0.23993225881516694,1.3258656622126126,21.37779413245055,270.0018389554558,0.0011253252909332759
2022-07-25,NIFTY_PRIVATE_BANK,45205.93882164545,0.0,0.0,45.205938821645454,1.34261638300287,0.04520593882164545,0.24980801792841276,6.780890823246818,53.6244599846452,0.001186226
2022-07-25,NIFTY_PSU_BANK,45205.93882164545,0.0,0.0,45.205938821645454,1.34261638300287,0.04520593882164545,0.24980801792841276,6.780890823246818,53.6244599846452,0.001186226
2022-07-25,NIFTY_REALTY,0.0,130134.87505480235,0.0,130.13487505480236,3.86500578912763,0.13013487505480234,0.7191253195528378,0.0,134.8491410385376,0.001036226
2022-07-26,NIFTY_AUTO,0.0,134466.89885218313,0.0,134.46689885218314,3.993666895909839,0.1344668988521831,0.743064083057164,0.0,139.33809673000232,0.001036226
2022-07-26,NIFTY_BANK,0.0,29765.364944905476,0.0,29.765364944905475,0.8840313388636927,0.029765364944905476,0.16448340668554767,0.0,30.84364505539962,0.001036226
2022-07-26,NIFTY_FMCG,0.0,138520.0820630056,0.0,138.5200820630056,4.114046437271266,0.1385200820630056,0.7654619734801689,0.0,143.53811055582003,0.001036226
2022-07-26,NIFTY_PRIVATE_BANK,0.0,44137.14012413658,0.0,44.13714012413658,1.3108730616868565,0.044137140124136574,0.24390183632597873,0.0,45.73605216227355,0.001036226
2022-07-26,NIFTY_PSU_BANK,0.0,29622.75637342155,0.0,29.622756373421552,0.8797958642906201,0.02962275637342155,0.16369535171952748,0.0,30.69587034580512,0.001036226
2022-07-27,NIFTY_PSU_BANK,0.0,14835.579676796742,0.0,14.835579676796742,0.44061671640086325,0.014835579676796742,0.08198141329397879,0.0,15.373013386168381,0.001036226
2022-08-01,NIFTY_AUTO,78188.45944924271,0.0,0.0,78.18845944924271,2.3221972456425086,0.07818845944924271,0.4320694269165152,11.728268917386407,92.74918349863738,0.0011862259999999999
2022-08-01,NIFTY_BANK,78188.45944924271,0.0,0.0,78.18845944924271,2.3221972456425086,0.07818845944924271,0.4320694269165152,11.728268917386407,92.74918349863738,0.0011862259999999999
2022-08-01,NIFTY_FMCG,78188.45944924271,0.0,0.0,78.18845944924271,2.3221972456425086,0.07818845944924271,0.4320694269165152,11.728268917386407,92.74918349863738,0.0011862259999999999
2022-08-01,NIFTY_OIL_GAS,78188.45944924271,0.0,0.0,78.18845944924271,2.3221972456425086,0.07818845944924271,0.4320694269165153,11.728268917386407,92.7491834986374,0.001186226
2022-08-01,NIFTY_PRIVATE_BANK,78188.45944924271,0.0,0.0,78.18845944924271,2.3221972456425086,0.07818845944924271,0.4320694269165153,11.728268917386407,92.7491834986374,0.001186226
2022-08-02,NIFTY_AUTO,0.0,82172.84627716971,0.0,82.1728462771697,2.44053353443194,0.0821728462771697,0.4540871485276397,0.0,85.14963980640644,0.0010362259999999997
2022-08-02,NIFTY_BANK,0.0,80558.63131311085,0.0,80.55863131311085,2.3925913499993925,0.08055863131311085,0.4451669966362506,0.0,83.47694829105961,0.0010362260000000001
2022-08-02,NIFTY_FMCG,0.0,76938.6391577005,0.0,76.9386391577005,2.285077582983705,0.0769386391577005,0.42516291998545297,0.0,79.72581829982737,0.0010362260000000001
2022-08-02,NIFTY_OIL_GAS,0.0,52381.68250291697,0.0,52.38168250291697,1.555735970336634,0.05238168250291697,0.28946117751111916,0.0,54.27926133326764,0.001036226
2022-08-02,NIFTY_PRIVATE_BANK,0.0,79048.03124548387,0.0,79.04803124548388,2.3477265279908712,0.07904803124548387,0.43681942066254387,0.0,81.91162522538278,0.0010362260000000001
2022-08-11,NIFTY_BANK,0.0,16026.403291393708,0.0,16.02640329139371,0.4759841777543931,0.016026403291393706,0.08856190458824162,0.0,16.606975777027742,0.0010362260000000003
2022-08-23,NIFTY_AUTO,77345.01670380852,0.0,0.0,77.34501670380853,2.297146996103113,0.07734501670380851,0.4274085623052458,11.601752505571277,91.74866978449197,0.001186226
2022-08-23,NIFTY_BANK,77345.01670380852,0.0,0.0,77.34501670380853,2.297146996103113,0.07734501670380851,0.4274085623052458,11.601752505571277,91.74866978449197,0.001186226
2022-08-23,NIFTY_FMCG,77345.01670380852,0.0,0.0,77.34501670380853,2.297146996103113,0.07734501670380851,0.4274085623052458,11.601752505571277,91.74866978449197,0.001186226
2022-08-23,NIFTY_OIL_GAS,77345.01670380852,0.0,0.0,77.34501670380853,2.297146996103113,0.07734501670380851,0.4274085623052458,11.601752505571277,91.74866978449197,0.001186226
2022-08-23,NIFTY_PRIVATE_BANK,77345.01670380852,0.0,0.0,77.34501670380853,2.297146996103113,0.07734501670380851,0.4274085623052458,11.601752505571277,91.74866978449197,0.001186226
2022-08-24,NIFTY_AUTO,0.0,79815.03517381591,0.0,79.81503517381591,2.370506544662332,0.0798150351738159,0.44105788437050664,0.0,82.70641463802257,0.0010362260000000001
2022-08-24,NIFTY_BANK,0.0,54415.145291089546,0.0,54.41514529108955,1.6161298151453596,0.054415145291089546,0.30069809287856086,0.0,56.386388344404565,0.0010362260000000001
2022-08-24,NIFTY_FMCG,0.0,77791.02910443686,0.0,77.79102910443686,2.3103935644017746,0.07779102910443686,0.42987322683111806,0.0,80.60908692477418,0.0010362259999999997
2022-08-24,NIFTY_OIL_GAS,0.0,77849.77043571221,0.0,77.84977043571222,2.312138181940653,0.07784977043571221,0.4301978314277457,0.0,80.66995621951632,0.001036226
2022-08-24,NIFTY_PRIVATE_BANK,0.0,53513.07710659689,0.0,53.51307710659689,1.5893383900659277,0.05351307710659688,0.29571326409105436,0.0,55.451641837860464,0.001036226
2022-08-26,NIFTY_AUTO,0.0,120423.9027785715,0.0,120.4239027785715,3.5765899125235734,0.1204239027785715,0.6654624867543861,0.0,124.78637908062804,0.0010362260000000001
2022-08-29,NIFTY_AUTO,98219.30332732976,0.0,0.0,98.21930332732978,2.917113308821694,0.09821930332732975,0.5427598701868244,14.732895499099463,116.51029130876509,0.001186226
2022-08-29,NIFTY_BANK,0.0,27797.971594384493,0.0,27.797971594384492,0.8255997563532195,0.02779797159438449,0.1536115910305687,0.0,28.804980913362666,0.0010362260000000001
2022-08-29,NIFTY_FMCG,98219.30332732976,0.0,0.0,98.21930332732977,2.917113308821694,0.09821930332732975,0.5427598701868243,14.732895499099463,116.51029130876509,0.001186226
2022-08-29,NIFTY_OIL_GAS,98219.30332732976,0.0,0.0,98.21930332732977,2.917113308821694,0.09821930332732975,0.5427598701868243,14.732895499099463,116.51029130876509,0.001186226
2022-08-29,NIFTY_PRIVATE_BANK,98219.30332732976,0.0,0.0,98.21930332732977,2.917113308821694,0.09821930332732975,0.5427598701868243,14.732895499099463,116.51029130876509,0.001186226
2022-08-29,NIFTY_PSU_BANK,98219.30332732976,0.0,0.0,98.21930332732978,2.917113308821694,0.09821930332732975,0.5427598701868244,14.732895499099463,116.51029130876509,0.001186226
2022-08-30,NIFTY_AUTO,0.0,67658.39674669519,0.0,67.65839674669519,2.0094543833768475,0.06765839674669519,0.37388030042223763,0.0,70.10938982724096,0.001036226
2022-08-30,NIFTY_FMCG,0.0,101545.41249272454,0.0,101.54541249272455,3.015898751033919,0.10154541249272453,0.5611399494347958,0.0,105.22399660568598,0.001036226
2022-08-30,NIFTY_OIL_GAS,0.0,99749.41373558494,0.0,99.74941373558495,2.962557587946873,0.09974941373558494,0.5512152603028424,0.0,103.36293599757025,0.0010362260000000001
2022-08-30,NIFTY_PRIVATE_BANK,0.0,103373.72570866552,0.0,103.37372570866552,3.070199653547366,0.10337372570866551,0.5712432082660857,0.0,107.11854229618766,0.0010362260000000001
2022-08-30,NIFTY_PSU_BANK,0.0,68230.01802182835,0.0,68.23001802182836,2.026431535248302,0.06823001802182835,0.3770390795886235,0.0,70.70171865468711,0.0010362260000000001
2022-09-02,NIFTY_PSU_BANK,0.0,33720.635035962114,0.0,33.72063503596211,1.0015028605680747,0.033720635035962114,0.1863402292087266,0.0,34.94219876077487,0.001036226
2022-09-05,NIFTY_AUTO,100597.75031209344,0.0,0.0,100.59775031209344,2.987753184269175,0.10059775031209343,0.5559031682246283,15.089662546814015,119.33166696171335,0.001186226
2022-09-05,NIFTY_BANK,100597.75031209344,0.0,0.0,100.59775031209347,2.9877531842691756,0.10059775031209345,0.5559031682246284,15.089662546814017,119.33166696171335,0.001186226
2022-09-05,NIFTY_FMCG,100597.75031209344,0.0,0.0,100.59775031209344,2.987753184269175,0.10059775031209343,0.5559031682246283,15.089662546814015,119.33166696171335,0.001186226
2022-09-05,NIFTY_OIL_GAS,0.0,29232.900492694618,0.0,29.23290049269462,0.8682171446330301,0.029232900492694617,0.16154100812263045,0.0,30.29189154594297,0.001036226
2022-09-05,NIFTY_PRIVATE_BANK,100597.75031209344,0.0,0.0,100.59775031209344,2.987753184269175,0.10059775031209343,0.5559031682246283,15.089662546814015,119.33166696171335,0.001186226
2022-09-05,NIFTY_PSU_BANK,100597.75031209344,0.0,0.0,100.59775031209347,2.9877531842691756,0.10059775031209345,0.5559031682246284,15.089662546814017,119.33166696171335,0.001186226
2022-09-06,NIFTY_AUTO,0.0,99493.91162539841,0.0,99.49391162539843,2.954969175274333,0.09949391162539842,0.5498033556419517,0.0,103.0981780679401,0.0010362260000000001
2022-09-06,NIFTY_BANK,0.0,67673.14638516068,0.0,67.67314638516069,2.0098924476392726,0.0676731463851607,0.37396180692439795,0.0,70.12467378610953,0.0010362260000000001
2022-09-06,NIFTY_FMCG,0.0,99170.33419547958,0.0,99.17033419547958,2.9453589256057437,0.09917033419547958,0.5480152667642202,0.0,102.76287872204503,0.0010362260000000001
2022-09-06,NIFTY_PRIVATE_BANK,0.0,128848.62738705898,0.0,128.84862738705897,3.826804233395652,0.128848627387059,0.7120175149408878,0.0,133.51629776278256,0.001036226
2022-09-06,NIFTY_PSU_BANK,0.0,100570.9459602079,0.0,100.5709459602079,2.9869570950181745,0.1005709459602079,0.5557550473761088,0.0,104.21422904856239,0.001036226
2022-09-22,NIFTY_AUTO,99048.64985918361,0.0,0.0,99.04864985918361,2.941744900817753,0.09904864985918362,0.5473428391218486,14.857297478877541,117.49408372785994,0.001186226
2022-09-22,NIFTY_BANK,99048.64985918361,0.0,0.0,99.04864985918361,2.941744900817753,0.09904864985918362,0.5473428391218486,14.857297478877541,117.49408372785994,0.001186226
2022-09-22,NIFTY_FMCG,99048.64985918361,0.0,0.0,99.04864985918361,2.941744900817753,0.09904864985918362,0.5473428391218486,14.857297478877541,117.49408372785994,0.001186226
2022-09-22,NIFTY_PRIVATE_BANK,99048.64985918361,0.0,0.0,99.04864985918361,2.941744900817753,0.0990486498591836,0.5473428391218487,14.857297478877541,117.49408372785993,0.0011862259999999999
2022-09-22,NIFTY_PSU_BANK,99048.64985918361,0.0,0.0,99.04864985918361,2.941744900817753,0.0990486498591836,0.5473428391218487,14.857297478877541,117.49408372785993,0.0011862259999999999
2022-09-23,NIFTY_AUTO,0.0,98102.71856865304,0.0,98.10271856865305,2.913650741488995,0.09810271856865305,0.5421156228103767,0.0,101.65658765152108,0.0010362260000000001
2022-09-23,NIFTY_BANK,0.0,95394.70917859013,0.0,95.39470917859015,2.833222862604127,0.09539470917859014,0.527151162920889,0.0,98.85047791329376,0.0010362260000000003
2022-09-23,NIFTY_FMCG,0.0,98220.96237716929,0.0,98.22096237716929,2.917162582601928,0.09822096237716926,0.5427690380962373,0.0,101.77911496024461,0.001036226
2022-09-23,NIFTY_PRIVATE_BANK,0.0,64200.15058790294,0.0,64.20015058790294,1.9067444724607174,0.06420015058790293,0.35477003214875164,0.0,66.5258652431003,0.0010362259999999997
2022-09-23,NIFTY_PSU_BANK,0.0,95990.18487401959,0.0,95.99018487401959,2.850908490758382,0.09599018487401959,0.5304417616138322,0.0,99.46752531126583,0.0010362260000000001
2022-09-28,NIFTY_BANK,0.0,32267.92731366887,0.0,32.26792731366887,0.9583574412159654,0.03226792731366887,0.17831256633533418,0.0,33.43686524853384,0.0010362260000000001
2022-09-28,NIFTY_PRIVATE_BANK,0.0,30526.055789906022,0.0,30.526055789906025,0.9066238569602089,0.030526055789906022,0.16868698429502066,0.0,31.63189268695116,0.0010362260000000001
2022-10-24,NIFTY_AUTO,102833.87207217899,0.0,0.0,102.83387207217899,3.054166000543716,0.10283387207217898,0.5682599770708611,15.425080810826847,121.9842127326926,0.001186226
2022-10-24,NIFTY_BANK,102833.87207217899,0.0,0.0,102.83387207217899,3.0541660005437157,0.10283387207217898,0.568259977070861,15.425080810826845,121.98421273269261,0.0011862260000000003
2022-10-24,NIFTY_FMCG,102833.87207217899,0.0,0.0,102.83387207217899,3.054166000543716,0.10283387207217898,0.5682599770708611,15.425080810826847,121.9842127326926,0.001186226
2022-10-24,NIFTY_PRIVATE_BANK,102833.87207217899,0.0,0.0,102.83387207217899,3.0541660005437157,0.10283387207217898,0.568259977070861,15.425080810826845,121.98421273269261,0.0011862260000000003
2022-10-24,NIFTY_PSU_BANK,102833.87207217899,0.0,0.0,102.83387207217899,3.0541660005437157,0.10283387207217898,0.568259977070861,15.425080810826845,121.98421273269261,0.0011862260000000003
2022-10-25,NIFTY_AUTO,0.0,103901.57857991694,0.0,103.90157857991694,3.0858768838235333,0.10390157857991693,0.574160123232621,0.0,107.66551716555301,0.0010362260000000001
2022-10-25,NIFTY_BANK,0.0,67781.09544317824,0.0,67.78109544317824,2.0130985346623937,0.06778109544317823,0.374558333419003,0.0,70.23653340670282,0.001036226
2022-10-25,NIFTY_FMCG,0.0,100468.64926741048,0.0,100.46864926741048,2.9839188832420915,0.10046864926741048,0.5551897558517103,0.0,104.1082265557717,0.001036226
2022-10-25,NIFTY_PRIVATE_BANK,0.0,101040.17492020488,0.0,101.04017492020488,3.000893195130085,0.10104017492020487,0.5583480066090521,0.0,104.70045629686422,0.001036226
2022-10-25,NIFTY_PSU_BANK,0.0,71290.0265342641,0.0,71.29002653426411,2.1173137880676443,0.07129002653426411,0.3939486866283435,0.0,73.87257903549437,0.0010362260000000001
2022-11-03,NIFTY_BANK,0.0,35053.59354330309,0.0,35.05359354330309,1.0410917282361019,0.03505359354330309,0.1937061579202929,0.0,36.32344502300279,0.0010362260000000001
2022-11-11,NIFTY_PSU_BANK,0.0,38487.44526927473,0.0,38.48744526927473,1.1430771244974596,0.03848744526927473,0.21268162255801218,0.0,39.88169146159948,0.0010362260000000001
2022-11-14,NIFTY_AUTO,0.0,38497.9143577432,0.0,38.4979143577432,1.143388056424973,0.0384979143577432,0.21273947474088892,0.0,39.8925398032668,0.001036226
2022-11-14,NIFTY_BANK,111188.75938530947,0.0,0.0,111.18875938530948,3.3023061537436913,0.11118875938530948,0.6144290843632201,16.67831390779642,131.89499729059813,0.001186226
2022-11-14,NIFTY_FINANCIAL_SERVICES,111188.75938530947,0.0,0.0,111.18875938530948,3.3023061537436913,0.11118875938530948,0.6144290843632201,16.67831390779642,131.89499729059813,0.001186226
2022-11-14,NIFTY_FMCG,111188.75938530949,0.0,0.0,111.1887593853095,3.3023061537436917,0.11118875938530948,0.6144290843632202,16.678313907796422,131.89499729059816,0.0011862260000000003
2022-11-14,NIFTY_PRIVATE_BANK,111188.75938530947,0.0,0.0,111.18875938530948,3.3023061537436913,0.11118875938530948,0.6144290843632201,16.67831390779642,131.89499729059813,0.001186226
2022-11-14,NIFTY_PSU_BANK,111188.75938530947,0.0,0.0,111.18875938530948,3.3023061537436913,0.11118875938530948,0.6144290843632201,16.67831390779642,131.89499729059813,0.001186226
2022-11-15,NIFTY_BANK,0.0,73844.68339590533,0.0,73.84468339590535,2.193187096858389,0.07384468339590533,0.40806572044577294,0.0,76.51978089660541,0.0010362260000000001
2022-11-15,NIFTY_FINANCIAL_SERVICES,0.0,72355.46108133,0.0,72.35546108133,2.1489571941155012,0.07235546108133001,0.39983627793542964,0.0,74.97661001446227,0.0010362260000000001
2022-11-15,NIFTY_FMCG,0.0,110859.05340814061,0.0,110.85905340814062,3.2925138862217764,0.11085905340814062,0.612607129133385,0.0,114.87503347690392,0.0010362260000000001
2022-11-15,NIFTY_PRIVATE_BANK,0.0,111945.72698096745,0.0,111.94572698096746,3.3247880913347334,0.11194572698096744,0.6186120872968262,0.0,116.00107288657999,0.0010362260000000001
2022-11-15,NIFTY_PSU_BANK,0.0,72088.58787079083,0.0,72.08858787079083,2.1410310597624873,0.07208858787079081,0.3983615365739901,0.0,74.7000690549981,0.001036226
2022-11-18,NIFTY_PSU_BANK,0.0,38912.45460634148,0.0,38.912454606341484,1.155699901808342,0.03891245460634148,0.21503022415464304,0.0,40.32209718691081,0.0010362260000000001
2022-11-22,NIFTY_BANK,95901.71453599185,0.0,0.0,95.90171453599186,2.848280921718958,0.09590171453599185,0.5299528745258909,14.385257180398776,113.76110722717148,0.001186226
2022-11-22,NIFTY_FINANCIAL_SERVICES,95901.71453599185,0.0,0.0,95.90171453599186,2.848280921718958,0.09590171453599185,0.5299528745258909,14.385257180398776,113.76110722717148,0.001186226
2022-11-22,NIFTY_FMCG,95901.71453599185,0.0,0.0,95.90171453599186,2.848280921718958,0.09590171453599185,0.5299528745258909,14.385257180398776,113.76110722717148,0.001186226
2022-11-22,NIFTY_PRIVATE_BANK,95901.71453599185,0.0,0.0,95.90171453599186,2.848280921718958,0.09590171453599183,0.5299528745258909,14.385257180398778,113.76110722717146,0.0011862259999999999
2022-11-22,NIFTY_PSU_BANK,95901.71453599185,0.0,0.0,95.90171453599186,2.848280921718958,0.09590171453599183,0.5299528745258909,14.385257180398778,113.76110722717146,0.0011862259999999999
2022-11-23,NIFTY_BANK,0.0,98812.79065771578,0.0,98.8127906577158,2.934739882534159,0.09881279065771578,0.5460394811745375,0.0,102.3923828120822,0.0010362260000000001
2022-11-23,NIFTY_FINANCIAL_SERVICES,0.0,96740.45041514283,0.0,96.74045041514282,2.873191377329742,0.09674045041514281,0.5345877289940792,0.0,100.24496997188177,0.001036226
2022-11-23,NIFTY_FMCG,0.0,95557.09192011066,0.0,95.55709192011065,2.8380456300272865,0.09555709192011064,0.5280484899505314,0.0,99.01874313200858,0.001036226
2022-11-23,NIFTY_PRIVATE_BANK,0.0,96225.01809111815,0.0,96.22501809111816,2.857883037306209,0.09622501809111814,0.5317394499715189,0.0,99.71086559648698,0.001036226
2022-11-23,NIFTY_PSU_BANK,0.0,62412.72206193549,0.0,62.4127220619355,1.8536578452394843,0.06241272206193549,0.34489270211425554,0.0,64.67368533135118,0.0010362260000000001
2022-11-24,NIFTY_FINANCIAL_SERVICES,0.0,35857.655945245955,0.0,35.85765594524596,1.0649723815738048,0.03585765594524595,0.19814940675342912,0.0,37.156635389518435,0.001036226
2022-12-05,NIFTY_BANK,0.0,39232.105763494605,0.0,39.23210576349461,1.1651935411757897,0.039232105763494604,0.21679661644907114,0.0,40.65332802688297,0.0010362260000000001
2022-12-09,NIFTY_FMCG,0.0,123160.05232398314,0.0,123.16005232398314,3.6578535540222994,0.12316005232398314,0.6805824491423309,0.0,127.62164837947175,0.001036226
2022-12-14,NIFTY_PSU_BANK,0.0,39256.00117264563,0.0,39.25600117264563,1.165903234827575,0.039256001172645626,0.21692866248003972,0.0,40.67808907112589,0.001036226
2022-12-22,NIFTY_BANK,137308.34760073628,0.0,0.0,137.30834760073628,4.078057923741867,0.1373083476007363,0.7587659288416687,20.59625214011044,162.878731941031,0.001186226
2022-12-22,NIFTY_FINANCIAL_SERVICES,137308.34760073628,0.0,0.0,137.30834760073628,4.078057923741867,0.1373083476007363,0.7587659288416687,20.59625214011044,162.878731941031,0.001186226
2022-12-22,NIFTY_FMCG,137308.34760073628,0.0,0.0,137.30834760073628,4.078057923741867,0.1373083476007363,0.7587659288416687,20.59625214011044,162.878731941031,0.001186226
2022-12-22,NIFTY_PRIVATE_BANK,137308.34760073628,0.0,0.0,137.30834760073628,4.078057923741867,0.1373083476007363,0.7587659288416687,20.59625214011044,162.878731941031,0.001186226
2022-12-22,NIFTY_PSU_BANK,137308.34760073628,0.0,0.0,137.30834760073628,4.078057923741867,0.1373083476007363,0.7587659288416687,20.59625214011044,162.878731941031,0.001186226
2022-12-23,NIFTY_BANK,0.0,82942.55607268517,0.0,82.94255607268518,2.4633939153587496,0.08294255607268518,0.4583405648576583,0.0,85.94723310897427,0.0010362260000000001
2022-12-23,NIFTY_FINANCIAL_SERVICES,0.0,87564.12785145576,0.0,87.56412785145577,2.600654597188236,0.08756412785145576,0.4838793705071446,0.0,90.73622594700262,0.0010362260000000003
2022-12-23,NIFTY_FMCG,0.0,89265.09286474626,0.0,89.26509286474626,2.651173258082964,0.08926509286474626,0.49327890317058787,0.0,92.49881011886458,0.0010362260000000003
2022-12-23,NIFTY_PRIVATE_BANK,0.0,127143.44743725928,0.0,127.14344743725928,3.776160388886601,0.12714344743725928,0.7025946905382948,0.0,131.74934596412146,0.0010362260000000001
2022-12-23,NIFTY_PSU_BANK,0.0,78166.97205428593,0.0,78.16697205428592,2.3215590700122917,0.07816697205428591,0.43195068757198396,0.0,80.9986487839245,0.0010362260000000001
2022-12-27,NIFTY_BANK,102205.01707555099,0.0,0.0,102.205017075551,3.0354890071438643,0.10220501707555099,0.5647849243594947,15.330752561332647,121.23824858546256,0.001186226
2022-12-27,NIFTY_FINANCIAL_SERVICES,0.0,46472.975867136316,0.0,46.47297586713632,1.3802473832539486,0.046472975867136314,0.2568096646417953,0.0,48.156505890899204,0.0010362260000000001
2022-12-27,NIFTY_FMCG,102205.01707555099,0.0,0.0,102.205017075551,3.0354890071438643,0.10220501707555099,0.5647849243594947,15.330752561332647,121.23824858546256,0.001186226
2022-12-27,NIFTY_HEALTHCARE,102205.01707555098,0.0,0.0,102.20501707555098,3.0354890071438643,0.10220501707555096,0.5647849243594947,15.330752561332647,121.23824858546254,0.001186226
2022-12-27,NIFTY_PRIVATE_BANK,102205.01707555098,0.0,0.0,102.20501707555098,3.0354890071438643,0.10220501707555096,0.5647849243594947,15.330752561332647,121.23824858546254,0.001186226
2022-12-27,NIFTY_PSU_BANK,102205.01707555099,0.0,0.0,102.205017075551,3.0354890071438643,0.10220501707555099,0.5647849243594947,15.330752561332647,121.23824858546256,0.001186226
2022-12-28,NIFTY_BANK,0.0,102046.35333254625,0.0,102.04635333254625,3.0307766939766236,0.10204635333254625,0.5639081485156505,0.0,105.74308452837107,0.0010362260000000001
2022-12-28,NIFTY_FMCG,0.0,101756.60053985479,0.0,101.75660053985479,3.0221710360336873,0.10175660053985477,0.5623069745832375,0.0,105.44283515101156,0.001036226
2022-12-28,NIFTY_HEALTHCARE,0.0,33771.330497408555,0.0,33.771330497408556,1.0030085157730342,0.033771330497408554,0.18662037232867967,0.0,34.99473071600768,0.0010362260000000001
2022-12-28,NIFTY_PRIVATE_BANK,0.0,68127.00227442858,0.0,68.12700227442858,2.0233719675505286,0.06812700227442858,0.37646981456849227,0.0,70.59497105882201,0.0010362259999999997
2022-12-28,NIFTY_PSU_BANK,0.0,97520.78358867521,0.0,97.52078358867522,2.896367272583654,0.0975207835886752,0.5388998501110193,0.0,101.05357149495856,0.001036226
2023-01-02,NIFTY_BANK,0.0,47713.3525524793,0.0,47.7133525524793,1.4170865708086353,0.0477133525524793,0.26366398620500064,0.0,49.441816462045416,0.0010362260000000001
2023-01-09,NIFTY_FMCG,0.0,44895.28126435231,0.0,44.895281264352306,1.3333898535512636,0.044895281264352306,0.24809132426681088,0.0,46.52165772343473,0.001036226
2023-01-10,NIFTY_HEALTHCARE,0.0,34422.55274162704,0.0,34.422552741627044,1.0223498164263232,0.03442255274162704,0.19021902645023103,0.0,35.66954413724522,0.001036226
2023-01-16,NIFTY_BANK,112824.0623837261,0.0,0.0,112.8240623837261,3.350874652796665,0.11282406238372608,0.6234657687324703,16.923609357558913,133.83483622519785,0.0011862259999999999
2023-01-16,NIFTY_FMCG,112824.0623837261,0.0,0.0,112.8240623837261,3.350874652796665,0.11282406238372608,0.6234657687324703,16.923609357558913,133.83483622519785,0.0011862259999999999
2023-01-16,NIFTY_HEALTHCARE,0.0,34452.21762218811,0.0,34.45221762218811,1.0232308633789868,0.03445221762218811,0.1903829545802115,0.0,35.70028365776949,0.001036226
2023-01-16,NIFTY_METAL,112824.0623837261,0.0,0.0,112.8240623837261,3.350874652796665,0.11282406238372608,0.6234657687324703,16.923609357558913,133.83483622519785,0.0011862259999999999
2023-01-16,NIFTY_PRIVATE_BANK,112824.0623837261,0.0,0.0,112.8240623837261,3.350874652796665,0.1128240623837261,0.6234657687324703,16.923609357558913,133.83483622519788,0.001186226
2023-01-16,NIFTY_PSU_BANK,112824.0623837261,0.0,0.0,112.8240623837261,3.350874652796665,0.1128240623837261,0.6234657687324703,16.923609357558913,133.83483622519788,0.001186226
2023-01-17,NIFTY_BANK,0.0,73600.82942195536,0.0,73.60082942195538,2.1859446338320745,0.07360082942195537,0.4067181833857254,0.0,76.26709306859513,0.0010362260000000001
2023-01-17,NIFTY_FMCG,0.0,75908.89709920654,0.0,75.90889709920656,2.254494243846435,0.07590889709920655,0.4194725653702154,0.0,78.6587728055224,0.0010362260000000001
2023-01-17,NIFTY_METAL,0.0,72482.98599746771,0.0,72.48298599746772,2.152744684124791,0.0724829859974677,0.40054098062200655,0.0,75.10875464821197,0.001036226
2023-01-17,NIFTY_PRIVATE_BANK,0.0,111745.94678655601,0.0,111.74594678655602,3.318854619560714,0.111745946786556,0.6175081019425085,0.0,115.7940554548458,0.0010362260000000001
2023-01-17,NIFTY_PSU_BANK,0.0,112449.06645318298,0.0,112.44906645318298,3.3397372736595345,0.11244906645318298,0.6213935412202891,0.0,116.522646334516,0.0010362260000000001
2023-01-23,NIFTY_METAL,0.0,36997.02086315614,0.0,36.99702086315614,1.0988115196357373,0.036997020863156135,0.2044455372898008,0.0,38.33727494094483,0.001036226
2023-01-24,NIFTY_BANK,96536.81160485443,0.0,0.0,96.53681160485444,2.8671433046641766,0.09653681160485443,0.5334624209284256,14.480521740728163,114.51447588278006,0.001186226
2023-01-24,NIFTY_FMCG,96536.81160485443,0.0,0.0,96.53681160485444,2.8671433046641766,0.09653681160485443,0.5334624209284256,14.480521740728163,114.51447588278006,0.001186226
2023-01-24,NIFTY_METAL,96536.81160485443,0.0,0.0,96.53681160485445,2.8671433046641766,0.09653681160485443,0.5334624209284256,14.480521740728165,114.51447588278009,0.0011862260000000003
2023-01-24,NIFTY_PRIVATE_BANK,96536.81160485443,0.0,0.0,96.53681160485444,2.8671433046641766,0.09653681160485443,0.5334624209284256,14.480521740728163,114.51447588278006,0.001186226
2023-01-24,NIFTY_PSU_BANK,96536.81160485443,0.0,0.0,96.53681160485444,2.8671433046641766,0.09653681160485443,0.5334624209284256,14.480521740728163,114.51447588278006,0.001186226
2023-01-25,NIFTY_BANK,0.0,91474.53364695984,0.0,91.47453364695983,2.716793649314707,0.09147453364695983,0.5054882729331001,0.0,94.7882901028546,0.001036226
2023-01-25,NIFTY_FMCG,0.0,95912.31286996661,0.0,95.91231286996661,2.8485956922380082,0.0959123128699666,0.5300114409194354,0.0,99.38683231599401,0.001036226
2023-01-25,NIFTY_METAL,0.0,64644.146549193814,0.0,64.6441465491938,1.9199311525110563,0.06464414654919381,0.3572235538308449,0.0,66.98594540208491,0.001036226
2023-01-25,NIFTY_PRIVATE_BANK,0.0,93658.1480028807,0.0,93.6581480028807,2.7816469956855565,0.09365814800288069,0.5175549258639187,0.0,97.05100807243304,0.001036226
2023-01-25,NIFTY_PSU_BANK,0.0,93005.04979526531,0.0,93.00504979526531,2.76224997891938,0.0930050497952653,0.5139459051686361,0.0,96.3742507291486,0.0010362260000000001
2023-01-27,NIFTY_METAL,0.0,31240.443906285138,0.0,31.24044390628514,0.9278411840166686,0.031240443906285137,0.17263469302613166,0.0,32.372160227234225,0.0010362260000000001
2023-01-30,NIFTY_BANK,0.0,33440.999363160234,0.0,33.44099936316024,0.9931976810858589,0.03344099936316023,0.18479496248082342,0.0,34.65243300609008,0.0010362260000000001
2023-01-30,NIFTY_FMCG,181300.7383150448,38175.45011792329,0.0,219.4761884329681,6.518442796459152,0.21947618843296807,1.2128254172805815,27.19511074725672,254.62204358239754,0.0011601351627270656
2023-01-30,NIFTY_IT,143164.84659109538,0.0,0.0,143.1648465910954,4.251995943755532,0.14316484659109535,0.7911289422623928,21.474726988664305,169.82586331236868,0.0011862259999999999
2023-01-30,NIFTY_METAL,143164.84659109538,0.0,0.0,143.1648465910954,4.251995943755532,0.14316484659109535,0.7911289422623928,21.474726988664305,169.82586331236868,0.0011862259999999999
2023-01-30,NIFTY_PHARMA,143164.84659109538,0.0,0.0,143.1648465910954,4.251995943755532,0.14316484659109535,0.7911289422623928,21.474726988664305,169.82586331236868,0.0011862259999999999
2023-01-30,NIFTY_PRIVATE_BANK,0.0,31759.4014542847,0.0,31.7594014542847,0.9432542231922556,0.0317594014542847,0.17550245243637724,0.0,32.90991753136762,0.0010362260000000001
2023-01-30,NIFTY_PSU_BANK,0.0,38118.370860735915,0.0,38.118370860735915,1.1321156145638567,0.03811837086073591,0.21064211737642669,0.0,39.49924696353693,0.001036226
2023-01-31,NIFTY_FMCG,0.0,121981.0153574573,0.0,121.98101535745732,3.622836156116482,0.12198101535745731,0.674067090865309,0.0,126.39989961979657,0.0010362260000000001
2023-01-31,NIFTY_IT,0.0,94629.99280967878,0.0,94.62999280967878,2.81051078644746,0.09462999280967878,0.522925340266285,0.0,98.0580589292022,0.0010362260000000001
2023-01-31,NIFTY_METAL,0.0,94814.96556636007,0.0,94.81496556636007,2.8160044773208943,0.09481496556636007,0.5239474997197058,0.0,98.24973250896704,0.0010362260000000001
2023-01-31,NIFTY_PHARMA,0.0,93543.22405409257,0.0,93.54322405409258,2.77823375440655,0.09354322405409257,0.5169198561229156,0.0,96.93192088867613,0.0010362260000000001
2023-02-01,NIFTY_FMCG,0.0,60011.10811329133,0.0,60.011108113291336,1.7823299109647526,0.06001110811329133,0.3316213834340479,0.0,62.18507051580343,0.0010362260000000001
2023-02-02,NIFTY_METAL,0.0,49071.11747264541,0.0,49.07111747264541,1.4574121889375689,0.049071117472645406,0.2711669951538386,0.0,50.84876777420946,0.001036226
2023-02-06,NIFTY_AUTO,186761.45793051133,0.0,0.0,186.76145793051134,5.546815300536187,0.18676145793051133,1.0320438165240056,28.014218689576694,221.54129719507876,0.001186226
2023-02-06,NIFTY_FMCG,186761.45793051133,0.0,0.0,186.76145793051134,5.546815300536187,0.18676145793051133,1.0320438165240056,28.014218689576694,221.54129719507876,0.001186226
2023-02-06,NIFTY_IT,186761.45793051133,0.0,0.0,186.76145793051134,5.546815300536187,0.18676145793051133,1.0320438165240056,28.014218689576698,221.54129719507876,0.001186226
2023-02-06,NIFTY_PHARMA,0.0,46814.13389095042,0.0,46.81413389095042,1.3903797765612274,0.04681413389095042,0.258694903881392,0.0,48.51002270528399,0.001036226
2023-02-07,NIFTY_AUTO,0.0,124137.82784468652,0.0,124.13782784468651,3.6868934869871897,0.12413782784468652,0.6859856366697377,0.0,128.63484479618813,0.0010362260000000001
2023-02-07,NIFTY_FMCG,0.0,122665.11713697884,0.0,122.66511713697884,3.643153978968271,0.12266511713697882,0.6778474372989449,0.0,127.10878367038302,0.001036226
2023-02-07,NIFTY_IT,0.0,184445.96625679432,0.0,184.44596625679432,5.478045197826791,0.18444596625679432,1.0192484095350454,0.0,191.12770583041294,0.001036226
2023-02-13,NIFTY_IT,0.0,47553.917028936754,0.0,47.55391702893675,1.4123513357594215,0.04755391702893675,0.26278294550190445,0.0,49.276605227227016,0.001036226
2023-02-15,NIFTY_FMCG,0.0,61956.49783959195,0.0,61.956497839591954,1.840107985835881,0.06195649783959195,0.34237160706158515,0.0,64.200933930329,0.001036226
2023-02-22,NIFTY_AUTO,180066.3257445113,0.0,0.0,180.0663257445113,5.3479698746119855,0.18006632574451129,0.9950465160641694,27.00994886167669,213.59935732260865,0.001186226
2023-02-22,NIFTY_FMCG,180066.3257445113,0.0,0.0,180.0663257445113,5.3479698746119855,0.1800663257445113,0.9950465160641695,27.00994886167669,213.59935732260863,0.0011862259999999999
2023-02-22,NIFTY_IT,180066.3257445113,0.0,0.0,180.0663257445113,5.3479698746119855,0.1800663257445113,0.9950465160641695,27.00994886167669,213.59935732260863,0.0011862259999999999
2023-02-23,NIFTY_AUTO,0.0,177436.03548508987,0.0,177.43603548508986,5.269850253907169,0.17743603548508985,0.9805115320906066,0.0,183.86383330657273,0.001036226
2023-02-23,NIFTY_FMCG,0.0,119090.56889164801,0.0,119.09056889164802,3.536989896081946,0.11909056889164801,0.6580944836952469,0.0,123.40474384031685,0.001036226
2023-02-23,NIFTY_IT,0.0,120229.57690288695,0.0,120.22957690288696,3.5708184340157425,0.12022957690288695,0.6643886419653533,0.0,124.58501355577096,0.0010362260000000001
2023-02-28,NIFTY_IT,0.0,58158.50225947502,0.0,58.15850225947502,1.727307517106408,0.05815850225947502,0.32138388348585895,0.0,60.265352162326764,0.0010362260000000001
2023-03-09,NIFTY_AUTO,0.0,59167.01402372986,0.0,59.16701402372986,1.7572603165047769,0.05916701402372986,0.3269569194951312,0.0,61.3103982737535,0.001036226
2023-03-20,NIFTY_FMCG,266764.1341108455,0.0,0.0,266.76413411084553,7.9228947830921115,0.2667641341108455,1.4741386050965322,40.01462011662682,316.44255174977184,0.001186226
2023-03-20,NIFTY_IT,266764.1341108455,0.0,0.0,266.76413411084553,7.9228947830921115,0.2667641341108455,1.474138605096532,40.01462011662682,316.44255174977184,0.001186226
2023-03-21,NIFTY_FMCG,0.0,261821.83983041224,0.0,261.8218398304122,7.776108642963243,0.2618218398304122,1.446827486902858,0.0,271.30659780010876,0.0010362260000000001
2023-03-21,NIFTY_IT,0.0,172636.10872589512,0.0,172.63610872589516,5.127292429159086,0.17263610872589513,0.9539871368192965,0.0,178.89002440059943,0.0010362260000000001
2023-03-22,NIFTY_FMCG,217003.87596705335,0.0,0.0,217.00387596705335,6.445015116221485,0.21700387596705334,1.1991634185939368,32.550581395057996,257.4156397728938,0.001186226
2023-03-22,NIFTY_IT,217003.87596705335,0.0,0.0,217.00387596705335,6.445015116221485,0.21700387596705334,1.1991634185939368,32.550581395057996,257.4156397728938,0.001186226
2023-03-23,NIFTY_FMCG,0.0,216301.49717302303,0.0,216.30149717302305,6.424154466038784,0.21630149717302302,1.195282073378125,0.0,224.13723520961298,0.0010362260000000001
2023-03-23,NIFTY_IT,0.0,216801.5253054946,0.0,216.80152530549464,6.43900530157319,0.21680152530549462,1.1980452288381631,0.0,224.6553773612115,0.0010362260000000001
2023-03-27,NIFTY_FMCG,517082.40860003314,0.0,0.0,517.0824086000332,15.357347535420985,0.5170824086000331,2.857397389923783,77.56236129000496,613.376597223983,0.0011862260000000003
2023-03-27,NIFTY_IT,0.0,84515.75615802691,0.0,84.51575615802692,2.5101179578933994,0.08451575615802691,0.4670340685292567,0.0,87.5774239406076,0.0010362260000000001
2023-03-28,NIFTY_FMCG,0.0,517322.707317362,0.0,517.3227073173621,15.364484407325651,0.5173227073173621,2.858725280635742,0.0,536.0632397126408,0.0010362260000000001
2023-04-11,NIFTY_FMCG,258393.32203882467,0.0,0.0,258.3933220388247,7.674281664553093,0.25839332203882465,1.4278814975865453,38.758998305823695,306.5128768288269,0.0011862260000000003
2023-04-11,NIFTY_PHARMA,258393.32203882467,0.0,0.0,258.39332203882464,7.674281664553092,0.25839332203882465,1.427881497586545,38.758998305823695,306.5128768288268,0.0011862259999999999
2023-04-12,NIFTY_FMCG,0.0,258676.05289136939,0.0,258.67605289136935,7.68267877087367,0.25867605289136936,1.429443868277707,0.0,268.0468515834121,0.001036226
2023-04-12,NIFTY_PHARMA,0.0,174695.3731504776,0.0,174.6953731504776,5.188452582569184,0.17469537315047756,0.9653666320295391,0.0,181.0238877382268,0.001036226
2023-04-18,NIFTY_AUTO,108230.58882563133,0.0,0.0,108.23058882563133,3.2144484881212505,0.10823058882563132,0.5980822338504387,16.234588323844697,128.38593846027334,0.0011862259999999999
2023-04-18,NIFTY_FMCG,108230.58882563133,0.0,0.0,108.23058882563133,3.2144484881212505,0.10823058882563133,0.5980822338504387,16.234588323844697,128.38593846027334,0.0011862259999999999
2023-04-18,NIFTY_HEALTHCARE,108230.58882563133,0.0,0.0,108.23058882563133,3.2144484881212505,0.10823058882563132,0.5980822338504387,16.234588323844697,128.38593846027334,0.0011862259999999999
2023-04-18,NIFTY_PHARMA,196973.5298304106,88834.99413541224,0.0,285.80852396582287,8.488513161784939,0.28580852396582285,1.5793779034351372,29.546029474561593,325.7082530295704,0.0011396030059219605
2023-04-19,NIFTY_AUTO,0.0,71631.05464346142,0.0,71.63105464346143,2.127442322910804,0.07163105464346142,0.39583320795976784,0.0,74.22596122897545,0.001036226
2023-04-19,NIFTY_FMCG,0.0,106911.32467592915,0.0,106.91132467592917,3.175266342875096,0.10691132467592915,0.5907919801591845,0.0,110.78429432363939,0.0010362260000000003
2023-04-19,NIFTY_HEALTHCARE,0.0,36389.48284307695,0.0,36.38948284307695,1.0807676404393853,0.03638948284307695,0.20108828219084318,0.0,37.707728248550254,0.001036226
2023-04-19,NIFTY_PHARMA,0.0,202616.28614431506,0.0,202.61628614431507,6.017703698486157,0.20261628614431504,1.119657597233485,0.0,209.95626372617903,0.0010362260000000001
2023-04-24,NIFTY_AUTO,104278.8685148138,0.0,0.0,104.27886851481381,3.09708239488997,0.1042788685148138,0.576245027412861,15.64183027722207,123.69830508285352,0.001186226
2023-04-24,NIFTY_FMCG,104278.8685148138,0.0,0.0,104.27886851481381,3.09708239488997,0.1042788685148138,0.576245027412861,15.64183027722207,123.69830508285352,0.001186226
2023-04-24,NIFTY_HEALTHCARE,104278.8685148138,0.0,0.0,104.27886851481381,3.09708239488997,0.1042788685148138,0.576245027412861,15.64183027722207,123.69830508285352,0.001186226
2023-04-24,NIFTY_PHARMA,104278.8685148138,0.0,0.0,104.27886851481378,3.0970823948899695,0.10427886851481379,0.576245027412861,15.641830277222068,123.69830508285351,0.0011862259999999999
2023-04-25,NIFTY_AUTO,0.0,105032.42032856692,0.0,105.03242032856693,3.1194628837584375,0.10503242032856691,0.5804091547356608,0.0,108.83732478738958,0.001036226
2023-04-25,NIFTY_FMCG,0.0,103616.7528635357,0.0,103.61675286353571,3.07741756004701,0.1036167528635357,0.5725861763238983,0.0,107.37037335277014,0.001036226
2023-04-25,NIFTY_HEALTHCARE,0.0,103513.94685475715,0.0,103.51394685475715,3.074364221586287,0.10351394685475714,0.572018070319388,0.0,107.2638430935176,0.0010362260000000001
2023-04-25,NIFTY_PHARMA,0.0,104532.96763918991,0.0,104.53296763918992,3.104629138883941,0.10453296763918991,0.5776491791741635,0.0,108.31977892488722,0.0010362260000000001
2023-04-26,NIFTY_AUTO,0.0,37069.14632920957,0.0,37.06914632920957,1.1009536459775242,0.037069146329209574,0.20484410261521208,0.0,38.41201322413152,0.0010362260000000001
2023-05-02,NIFTY_BANK,106110.5144891893,0.0,0.0,106.11051448918928,3.1514822803289224,0.10611051448918929,0.58636670306726,15.916577173378393,125.87105116045305,0.0011862259999999999
2023-05-02,NIFTY_FINANCIAL_SERVICES,106110.5144891893,0.0,0.0,106.11051448918928,3.1514822803289224,0.10611051448918929,0.58636670306726,15.916577173378393,125.87105116045305,0.0011862259999999999
2023-05-02,NIFTY_FMCG,106110.5144891893,0.0,0.0,106.1105144891893,3.1514822803289224,0.10611051448918929,0.58636670306726,15.916577173378393,125.87105116045305,0.0011862259999999999
2023-05-02,NIFTY_HEALTHCARE,0.0,77337.68107998473,0.0,77.33768107998475,2.2969291280755466,0.07733768107998473,0.4273680256479956,0.0,80.13931591478827,0.0010362260000000001
2023-05-02,NIFTY_PRIVATE_BANK,106110.5144891893,0.0,0.0,106.11051448918928,3.1514822803289224,0.10611051448918929,0.58636670306726,15.916577173378393,125.87105116045305,0.0011862259999999999
2023-05-02,NIFTY_PSU_BANK,106110.5144891893,0.0,0.0,106.11051448918928,3.1514822803289224,0.10611051448918929,0.58636670306726,15.916577173378393,125.87105116045305,0.0011862259999999999
2023-05-03,NIFTY_BANK,0.0,69917.72617009727,0.0,69.91772617009727,2.076556467251889,0.06991772617009726,0.38636535481595746,0.0,72.45056571833521,0.001036226
2023-05-03,NIFTY_FINANCIAL_SERVICES,0.0,71584.86604604841,0.0,71.5848660460484,2.1260705215676374,0.0715848660460484,0.39557796977046344,0.0,74.17809940343255,0.001036226
2023-05-03,NIFTY_FMCG,0.0,105725.8091587408,0.0,105.72580915874079,3.1400565320146017,0.10572580915874077,0.5842408214112016,0.0,109.55583232132534,0.001036226
2023-05-03,NIFTY_PRIVATE_BANK,0.0,106739.55642174114,0.0,106.73955642174116,3.1701648257257125,0.10673955642174116,0.5898427887865416,0.0,110.60630359267515,0.0010362260000000001
2023-05-03,NIFTY_PSU_BANK,0.0,69025.69536199264,0.0,69.02569536199263,2.050063152251181,0.06902569536199263,0.3814359925703713,0.0,71.52622020217618,0.001036226
2023-05-05,NIFTY_BANK,0.0,35189.12673839224,0.0,35.18912673839224,1.0451170641302494,0.03518912673839224,0.19445511435635549,0.0,36.463888043617246,0.0010362260000000003
2023-05-05,NIFTY_PSU_BANK,0.0,32854.08787836235,0.0,32.85408787836235,0.9757664099873617,0.032854087878362345,0.18155168961583032,0.0,34.04426006584391,0.0010362260000000001
2023-05-15,NIFTY_AUTO,105165.99195554438,0.0,0.0,105.16599195554437,3.123429961079668,0.10516599195554438,0.5811472715463383,15.774898793331655,124.75063397345757,0.0011862259999999999
2023-05-15,NIFTY_BANK,105165.99195554438,0.0,0.0,105.16599195554437,3.123429961079668,0.10516599195554438,0.5811472715463383,15.774898793331655,124.75063397345757,0.0011862259999999999
2023-05-15,NIFTY_FINANCIAL_SERVICES,0.0,35338.53588137676,0.0,35.338535881376764,1.0495545156768897,0.03533853588137676,0.19528074928048794,0.0,36.61870968221552,0.0010362260000000001
2023-05-15,NIFTY_FMCG,105165.99195554438,0.0,0.0,105.16599195554438,3.123429961079668,0.10516599195554437,0.5811472715463382,15.774898793331655,124.7506339734576,0.001186226
2023-05-15,NIFTY_PRIVATE_BANK,105165.99195554438,0.0,0.0,105.16599195554437,3.123429961079668,0.10516599195554438,0.5811472715463383,15.774898793331655,124.75063397345757,0.0011862259999999999
2023-05-15,NIFTY_PSU_BANK,105165.99195554438,0.0,0.0,105.16599195554437,3.123429961079668,0.10516599195554438,0.5811472715463383,15.774898793331655,124.75063397345757,0.0011862259999999999
2023-05-16,NIFTY_AUTO,0.0,69993.58147427783,0.0,69.99358147427785,2.0788093697860517,0.06999358147427784,0.3867845312268593,0.0,72.52916895676503,0.0010362260000000001
2023-05-16,NIFTY_BANK,0.0,71611.40502166215,0.0,71.61140502166216,2.1268587291433665,0.07161140502166216,0.3957246241497051,0.0,74.2055997799769,0.0010362260000000001
2023-05-16,NIFTY_FMCG,0.0,105089.30499555994,0.0,105.08930499555994,3.12115235836813,0.10508930499555993,0.5807234994054642,0.0,108.8962701583291,0.0010362260000000001
2023-05-16,NIFTY_PRIVATE_BANK,0.0,105015.59314921149,0.0,105.0155931492115,3.1189631165315816,0.1050155931492115,0.5803161677425427,0.0,108.81988802663483,0.0010362260000000001
2023-05-16,NIFTY_PSU_BANK,0.0,70772.15032528466,0.0,70.77215032528466,2.101932864660954,0.07077215032528464,0.39108690269752294,0.0,73.33594224296843,0.0010362260000000001
2023-05-22,NIFTY_PSU_BANK,0.0,33810.14913298425,0.0,33.81014913298425,1.0041614292496321,0.033810149132984246,0.18683488410887095,0.0,35.034955595475736,0.0010362260000000001
2023-05-23,NIFTY_AUTO,91163.87245484404,0.0,0.0,91.16387245484404,2.7075670119088677,0.09116387245484403,0.5037715591854681,13.674580868226604,108.14095576661981,0.0011862259999999999
2023-05-23,NIFTY_BANK,91163.87245484404,0.0,0.0,91.16387245484404,2.7075670119088677,0.09116387245484403,0.5037715591854681,13.674580868226604,108.14095576661981,0.0011862259999999999
2023-05-23,NIFTY_FMCG,91163.87245484404,0.0,0.0,91.16387245484404,2.7075670119088677,0.09116387245484403,0.5037715591854681,13.674580868226604,108.14095576661981,0.0011862259999999999
2023-05-23,NIFTY_PRIVATE_BANK,91163.87245484404,0.0,0.0,91.16387245484404,2.7075670119088677,0.09116387245484403,0.5037715591854681,13.674580868226602,108.14095576661981,0.0011862259999999999
2023-05-23,NIFTY_PSU_BANK,91163.87245484404,0.0,0.0,91.16387245484404,2.7075670119088677,0.09116387245484403,0.5037715591854681,13.674580868226602,108.14095576661981,0.0011862259999999999
2023-05-24,NIFTY_AUTO,0.0,91940.3370119202,0.0,91.94033701192019,2.73062800925403,0.0919403370119202,0.508062302327871,0.0,95.27096766051402,0.001036226
2023-05-24,NIFTY_BANK,0.0,90644.8654553966,0.0,90.6448654553966,2.6921525040252794,0.0906448654553966,0.5009035265065216,0.0,93.92856635138381,0.0010362260000000001
2023-05-24,NIFTY_FMCG,0.0,90363.79126210921,0.0,90.3637912621092,2.6838046004846436,0.0903637912621092,0.4993503105144155,0.0,93.63730996437036,0.0010362259999999997
2023-05-24,NIFTY_PRIVATE_BANK,0.0,90231.86726116334,0.0,90.23186726116334,2.679886457656551,0.09023186726116333,0.4986212984851886,0.0,93.50060688456624,0.001036226
2023-05-24,NIFTY_PSU_BANK,0.0,59654.44554029195,0.0,59.65444554029195,1.7717370325466708,0.059654445540291944,0.3296504660556533,0.0,61.81548748443457,0.0010362260000000001
2023-05-25,NIFTY_PSU_BANK,0.0,30294.21038249492,0.0,30.29421038249492,0.8997380483600991,0.030294210382494916,0.1674058065736669,0.0,31.39164844781118,0.001036226
2023-05-29,NIFTY_AUTO,90531.99446531662,0.0,0.0,90.53199446531661,2.6888002356199037,0.09053199446531661,0.5002798014153397,13.579799169797491,107.39140566661469,0.0011862260000000003
2023-05-29,NIFTY_BANK,90531.99446531662,0.0,0.0,90.53199446531661,2.6888002356199037,0.09053199446531661,0.5002798014153397,13.579799169797491,107.39140566661469,0.0011862260000000003
2023-05-29,NIFTY_FMCG,90531.99446531662,0.0,0.0,90.53199446531661,2.6888002356199037,0.09053199446531661,0.5002798014153397,13.579799169797491,107.39140566661469,0.0011862260000000003
2023-05-29,NIFTY_PSU_BANK,90531.99446531662,0.0,0.0,90.53199446531661,2.6888002356199037,0.09053199446531661,0.5002798014153396,13.579799169797491,107.39140566661466,0.0011862259999999999
2023-05-29,NIFTY_REALTY,90531.99446531662,0.0,0.0,90.53199446531661,2.6888002356199037,0.09053199446531661,0.5002798014153396,13.579799169797491,107.39140566661466,0.0011862259999999999
2023-05-30,NIFTY_AUTO,0.0,89288.29679337406,0.0,89.28829679337406,2.651862414763209,0.08928829679337405,0.493407128080185,0.0,92.52285463301081,0.001036226
2023-05-30,NIFTY_BANK,0.0,90407.91317495919,0.0,90.40791317495919,2.685115021296288,0.09040791317495919,0.4995941282048246,0.0,93.68303023763528,0.0010362260000000001
2023-05-30,NIFTY_FMCG,0.0,89609.69696091511,0.0,89.6096969609151,2.6614079997391786,0.0896096969609151,0.49518318540601686,0.0,92.85589784302121,0.001036226
2023-05-30,NIFTY_PSU_BANK,0.0,59672.284044187116,0.0,59.67228404418712,1.7722668361123572,0.05967228404418712,0.329749041628178,0.0,61.83397220597184,0.0010362260000000001
2023-05-30,NIFTY_REALTY,0.0,59786.62697896613,0.0,59.78662697896614,1.775662821275294,0.05978662697896613,0.33038090068576687,0.0,61.95245732790616,0.0010362260000000001
2023-06-05,NIFTY_AUTO,83639.70826792756,0.0,0.0,83.63970826792756,2.4840993355574486,0.08363970826792756,0.4621930278885677,12.545956240189133,99.21559657983063,0.0011862259999999999
2023-06-05,NIFTY_BANK,83639.70826792756,0.0,0.0,83.63970826792756,2.4840993355574486,0.08363970826792756,0.4621930278885677,12.545956240189133,99.21559657983063,0.0011862259999999999
2023-06-05,NIFTY_FMCG,83639.70826792756,0.0,0.0,83.63970826792756,2.4840993355574486,0.08363970826792756,0.4621930278885677,12.545956240189133,99.21559657983063,0.0011862259999999999
2023-06-05,NIFTY_HEALTHCARE,83639.70826792756,0.0,0.0,83.63970826792757,2.4840993355574486,0.08363970826792756,0.4621930278885677,12.545956240189133,99.21559657983065,0.001186226
2023-06-05,NIFTY_PSU_BANK,0.0,29867.521101404567,0.0,29.867521101404567,0.8870653767117157,0.029867521101404566,0.16504792160636164,0.0,30.949501920824048,0.001036226
2023-06-05,NIFTY_REALTY,83639.70826792756,0.0,0.0,83.63970826792756,2.4840993355574486,0.08363970826792756,0.4621930278885677,12.545956240189133,99.21559657983063,0.0011862259999999999
2023-06-06,NIFTY_AUTO,0.0,84584.40890986033,0.0,84.58440890986034,2.512156944622852,0.08458440890986033,0.4674134436358882,0.0,87.64856370702894,0.0010362260000000001
2023-06-06,NIFTY_BANK,0.0,83449.27595777152,0.0,83.4492759577715,2.4784434959458137,0.0834492759577715,0.4611406989426453,0.0,86.47230942861775,0.001036226
2023-06-06,NIFTY_FMCG,0.0,82688.12936003691,0.0,82.68812936003691,2.455837441993096,0.0826881293600369,0.456934602843564,0.0,85.6835895342336,0.001036226
2023-06-06,NIFTY_HEALTHCARE,0.0,27423.860391566064,0.0,27.423860391566066,0.8144886536295121,0.027423860391566062,0.15154425252379405,0.0,28.417317158110937,0.001036226
2023-06-06,NIFTY_REALTY,0.0,83610.57826066806,0.0,83.61057826066806,2.483234174341842,0.08361057826066806,0.4620320554684517,0.0,86.63945506873901,0.001036226
2023-06-12,NIFTY_AUTO,80021.85876165619,0.0,0.0,80.02185876165619,2.376649205221189,0.08002185876165618,0.44220079151691216,12.003278814248427,94.92400943140437,0.001186226
2023-06-12,NIFTY_BANK,0.0,38768.07465019721,0.0,38.768074650197214,1.1514118171108572,0.03876807465019721,0.21423238051698978,0.0,40.17248692247526,0.0010362260000000001
2023-06-12,NIFTY_FMCG,80021.85876165619,0.0,0.0,80.02185876165619,2.376649205221189,0.08002185876165618,0.44220079151691216,12.003278814248427,94.92400943140437,0.001186226
2023-06-12,NIFTY_HEALTHCARE,80021.85876165619,0.0,0.0,80.02185876165619,2.376649205221189,0.08002185876165618,0.44220079151691216,12.003278814248427,94.92400943140437,0.001186226
2023-06-12,NIFTY_PRIVATE_BANK,80021.85876165619,0.0,0.0,80.02185876165619,2.376649205221189,0.08002185876165618,0.4422007915169121,12.003278814248429,94.92400943140439,0.0011862260000000003
2023-06-12,NIFTY_REALTY,80021.85876165619,0.0,0.0,80.02185876165619,2.376649205221189,0.08002185876165618,0.44220079151691216,12.003278814248427,94.92400943140437,0.001186226
2023-06-13,NIFTY_AUTO,0.0,79337.64619083356,0.0,79.33764619083357,2.3563280918677574,0.07933764619083356,0.4384198328505463,0.0,82.2117317617427,0.001036226
2023-06-13,NIFTY_FMCG,0.0,81064.37086658376,0.0,81.06437086658377,2.4076118147375376,0.08106437086658375,0.44796171340874186,0.0,84.00100876559662,0.001036226
2023-06-13,NIFTY_HEALTHCARE,0.0,80576.78906215559,0.0,80.57678906215558,2.393130635146021,0.08057678906215558,0.44526733635747173,0.0,83.49576382272123,0.001036226
2023-06-13,NIFTY_PRIVATE_BANK,0.0,53622.5256897512,0.0,53.6225256897512,1.5925890129856108,0.053622525689751205,0.29631807696156515,0.0,55.56505530538813,0.001036226
2023-06-13,NIFTY_REALTY,0.0,84334.07291534825,0.0,84.33407291534826,2.5047219655858433,0.08433407291534825,0.4660300869302145,0.0,87.38915904077967,0.0010362260000000001
2023-06-15,NIFTY_REALTY,0.0,30887.986183667912,0.0,30.887986183667913,0.917373189654937,0.03088798618366791,0.17068701165094888,0.0,32.00693437115747,0.0010362260000000001
2023-06-19,NIFTY_AUTO,87906.97369527785,0.0,0.0,87.90697369527786,2.610837118749752,0.08790697369527785,0.4857739366401054,13.186046054291676,104.27753777865468,0.001186226
2023-06-19,NIFTY_CONSUMER_DURABLES,87906.97369527785,0.0,0.0,87.90697369527784,2.6108371187497523,0.08790697369527783,0.4857739366401054,13.186046054291676,104.27753777865468,0.001186226
2023-06-19,NIFTY_FMCG,87906.97369527785,0.0,0.0,87.90697369527786,2.610837118749752,0.08790697369527785,0.4857739366401054,13.186046054291676,104.27753777865468,0.001186226
2023-06-19,NIFTY_HEALTHCARE,87906.97369527785,0.0,0.0,87.90697369527786,2.610837118749752,0.08790697369527785,0.4857739366401054,13.186046054291676,104.27753777865468,0.001186226
2023-06-19,NIFTY_PRIVATE_BANK,0.0,30167.407473092535,0.0,30.167407473092535,0.8959720019508483,0.030167407473092534,0.16670509369630934,0.0,31.260251976212786,0.0010362260000000001
2023-06-19,NIFTY_REALTY,87906.97369527785,0.0,0.0,87.90697369527784,2.6108371187497523,0.08790697369527783,0.4857739366401054,13.186046054291676,104.27753777865468,0.001186226
2023-06-20,NIFTY_AUTO,0.0,87693.87981562254,0.0,87.69387981562254,2.6045082305239893,0.08769387981562253,0.48459637986113013,0.0,90.87067830582328,0.001036226
2023-06-20,NIFTY_CONSUMER_DURABLES,0.0,58439.196693742444,0.0,58.439196693742446,1.7356441418041504,0.05843919669374244,0.3229350009296207,0.0,60.556215033169956,0.001036226
2023-06-20,NIFTY_FMCG,0.0,87726.35265926244,0.0,87.72635265926243,2.6054726739800946,0.08772635265926243,0.4847758247950843,0.0,90.90432751069687,0.001036226
2023-06-20,NIFTY_HEALTHCARE,0.0,88599.38881290692,0.0,88.59938881290692,2.631401847743336,0.08859938881290692,0.4896002225801237,0.0,91.80899027204329,0.001036226
2023-06-20,NIFTY_REALTY,0.0,58473.363325866856,0.0,58.473363325866856,1.7366588907782456,0.058473363325866855,0.3231238057387403,0.0,60.59161938570972,0.0010362260000000001
2023-06-22,NIFTY_AUTO,76107.48989537875,0.0,0.0,76.10748989537875,2.260392449892749,0.07610748989537874,0.42056998916186294,11.41612348430681,90.28068330863555,0.0011862259999999999
2023-06-22,NIFTY_CONSUMER_DURABLES,76107.48989537875,0.0,0.0,76.10748989537875,2.260392449892749,0.07610748989537874,0.42056998916186294,11.41612348430681,90.28068330863555,0.0011862259999999999
2023-06-22,NIFTY_FMCG,76107.48989537875,0.0,0.0,76.10748989537875,2.260392449892749,0.07610748989537874,0.42056998916186294,11.41612348430681,90.28068330863555,0.0011862259999999999
2023-06-22,NIFTY_HEALTHCARE,76107.48989537875,0.0,0.0,76.10748989537875,2.260392449892749,0.07610748989537874,0.42056998916186294,11.41612348430681,90.28068330863555,0.0011862259999999999
2023-06-22,NIFTY_REALTY,104418.19724109027,28340.07406730197,0.0,132.75827130839224,3.942920657859249,0.13275827130839224,0.7336222072501755,15.66272958616354,153.2303020309736,0.0011542053125641089
2023-06-23,NIFTY_AUTO,0.0,74418.4981532564,0.0,74.4184981532564,2.210229395151715,0.0744184981532564,0.41123662079489487,0.0,77.11438266735627,0.0010362260000000001
2023-06-23,NIFTY_CONSUMER_DURABLES,0.0,73296.85066899518,0.0,73.29685066899518,2.1769164648691564,0.07329685066899516,0.40503839679686726,0.0,75.95210238133019,0.001036226
2023-06-23,NIFTY_FMCG,0.0,74871.63557885913,0.0,74.87163557885913,2.2236875766921163,0.07487163557885912,0.4137406582087756,0.0,77.5839354493389,0.0010362260000000001
2023-06-23,NIFTY_HEALTHCARE,0.0,75515.67185030552,0.0,75.51567185030552,2.2428154539540737,0.07551567185030551,0.4172996026447882,0.0,78.2513025787547,0.0010362260000000003
2023-06-23,NIFTY_REALTY,0.0,67729.03977480595,0.0,67.72903977480595,2.011552481311737,0.06772903977480596,0.37427067379557766,0.0,70.18259196968808,0.0010362260000000001
2023-06-26,NIFTY_AUTO,90927.88171328796,0.0,0.0,90.92788171328796,2.7005580868846524,0.09092788171328796,0.5024674743476293,13.639182256993193,107.86101741322672,0.0011862259999999999
2023-06-26,NIFTY_CONSUMER_DURABLES,0.0,29511.462672872516,0.0,29.51146267287252,0.8764904413843138,0.029511462672872513,0.16308034273029354,0.0,30.580544919659996,0.001036226
2023-06-26,NIFTY_FINANCIAL_SERVICES,90927.88171328796,0.0,0.0,90.92788171328796,2.7005580868846524,0.09092788171328794,0.5024674743476292,13.639182256993193,107.86101741322673,0.001186226
2023-06-26,NIFTY_FMCG,90927.88171328796,0.0,0.0,90.92788171328796,2.7005580868846524,0.09092788171328796,0.5024674743476293,13.639182256993193,107.86101741322672,0.0011862259999999999
2023-06-26,NIFTY_HEALTHCARE,0.0,59767.84772508801,0.0,59.76784772508801,1.7751050774351138,0.059767847725088,0.33027712652883634,0.0,61.93299777677704,0.001036226
2023-06-26,NIFTY_PRIVATE_BANK,90927.88171328796,0.0,0.0,90.92788171328796,2.7005580868846524,0.09092788171328794,0.5024674743476292,13.639182256993193,107.86101741322673,0.001186226
2023-06-26,NIFTY_REALTY,90927.88171328796,0.0,0.0,90.92788171328796,2.7005580868846524,0.09092788171328796,0.5024674743476293,13.639182256993193,107.86101741322672,0.0011862259999999999
2023-06-27,NIFTY_AUTO,0.0,90329.02433785147,0.0,90.32902433785148,2.6827720228341887,0.09032902433785148,0.49915818849096727,0.0,93.60128357351448,0.001036226
2023-06-27,NIFTY_FINANCIAL_SERVICES,0.0,61424.90524752214,0.0,61.42490524752213,1.8243196858514072,0.06142490524752213,0.3394340263978073,0.0,63.65008386501887,0.001036226
2023-06-27,NIFTY_FMCG,0.0,90831.07634828542,0.0,90.83107634828542,2.697682967544077,0.09083107634828541,0.5019325279006253,0.0,94.1215229200784,0.001036226
2023-06-27,NIFTY_PRIVATE_BANK,0.0,61006.98430047241,0.0,61.00698430047241,1.8119074337240306,0.061006984300472404,0.3371245952444105,0.0,63.21702331374132,0.001036226
2023-06-27,NIFTY_REALTY,0.0,93061.8846525327,0.0,93.06188465253268,2.763937974180221,0.09306188465253268,0.5142599745898956,0.0,96.43314448595532,0.0010362259999999997
2023-06-30,NIFTY_REALTY,0.0,34701.38851156355,0.0,34.70138851156355,1.0306312387934373,0.03470138851156355,0.19175987291490013,0.0,35.958481011783455,0.0010362260000000001
2023-07-03,NIFTY_AUTO,130084.5221270899,37578.95800552651,0.0,167.66348013261643,4.979605359938708,0.1676634801326164,0.9265083912128383,19.512678319063486,193.24993568296406,0.0011526060149181538
2023-07-03,NIFTY_FINANCIAL_SERVICES,92544.50441490163,0.0,0.0,92.54450441490164,2.7485717811225787,0.09254450441490163,0.5114009313967465,13.881675662235244,109.77869729407111,0.001186226
2023-07-03,NIFTY_FMCG,92544.50441490163,0.0,0.0,92.54450441490164,2.7485717811225787,0.09254450441490163,0.5114009313967465,13.881675662235244,109.77869729407111,0.001186226
2023-07-03,NIFTY_HEALTHCARE,92544.50441490163,0.0,0.0,92.54450441490164,2.7485717811225787,0.09254450441490163,0.5114009313967464,13.881675662235242,109.77869729407112,0.0011862260000000003
2023-07-03,NIFTY_PRIVATE_BANK,0.0,31847.24115476339,0.0,31.84724115476339,0.9458630622964727,0.03184724115476339,0.17598785462122246,0.0,33.00093931283585,0.001036226
2023-07-03,NIFTY_REALTY,92544.50441490163,0.0,0.0,92.54450441490164,2.7485717811225787,0.09254450441490163,0.5114009313967464,13.881675662235242,109.77869729407112,0.0011862260000000003
2023-07-04,NIFTY_AUTO,0.0,86105.53343298804,0.0,86.10553343298805,2.557334342959745,0.08610553343298805,0.47581917775069194,0.0,89.22479248713148,0.0010362260000000001
2023-07-04,NIFTY_FINANCIAL_SERVICES,0.0,94905.16847817625,0.0,94.90516847817625,2.8186835038018345,0.09490516847817625,0.524445961010402,0.0,98.34320311146666,0.0010362260000000001
2023-07-04,NIFTY_FMCG,0.0,91550.213888973,0.0,91.55021388897299,2.719041352502498,0.091550213888973,0.5059064819504647,0.0,94.86671193731492,0.001036226
2023-07-04,NIFTY_HEALTHCARE,0.0,30137.020372082872,0.0,30.137020372082873,0.8950695050508614,0.030137020372082872,0.16653717457612996,0.0,31.22876407208195,0.0010362260000000001
2023-07-04,NIFTY_REALTY,0.0,61449.952138034845,0.0,61.449952138034845,1.825063578499635,0.06144995213803484,0.33957243551478056,0.0,63.6760381041873,0.0010362260000000001
2023-07-06,NIFTY_REALTY,0.0,31277.200499611467,0.0,31.277200499611467,0.9289328548384606,0.03127720049961147,0.17283780996085296,0.0,32.41024836491039,0.001036226
2023-07-10,NIFTY_AUTO,85783.91443171515,0.0,0.0,85.78391443171515,2.54778225862194,0.08578391443171515,0.4740419111496579,12.867587164757271,101.75910968067572,0.0011862259999999999
2023-07-10,NIFTY_FINANCIAL_SERVICES,0.0,33939.4019975607,0.0,33.9394019975607,1.008000239327553,0.0339394019975607,0.18754913543852045,0.0,35.16889077432433,0.001036226
2023-07-10,NIFTY_FMCG,85783.91443171515,0.0,0.0,85.78391443171515,2.54778225862194,0.08578391443171515,0.4740419111496579,12.867587164757271,101.75910968067572,0.0011862259999999999
2023-07-10,NIFTY_HEALTHCARE,85783.91443171515,0.0,0.0,85.78391443171515,2.54778225862194,0.08578391443171515,0.4740419111496579,12.867587164757271,101.75910968067572,0.0011862259999999999
2023-07-10,NIFTY_PSU_BANK,85783.91443171515,0.0,0.0,85.78391443171515,2.5477822586219396,0.08578391443171514,0.4740419111496579,12.867587164757271,101.75910968067573,0.001186226
2023-07-10,NIFTY_REALTY,85783.91443171515,0.0,0.0,85.78391443171515,2.5477822586219396,0.08578391443171514,0.4740419111496579,12.867587164757271,101.75910968067573,0.001186226
2023-07-11,NIFTY_AUTO,0.0,87440.91700352613,0.0,87.44091700352612,2.596995235004726,0.08744091700352613,0.4831985073614854,0.0,90.60855166289588,0.0010362260000000001
2023-07-11,NIFTY_FMCG,0.0,85742.92371680301,0.0,85.742923716803,2.5465648343890495,0.085742923716803,0.47381539645905346,0.0,88.84904687136792,0.0010362260000000001
2023-07-11,NIFTY_HEALTHCARE,0.0,85630.90614896391,0.0,85.63090614896392,2.543237912624228,0.0856309061489639,0.4731963873791746,0.0,88.73297135511629,0.0010362260000000001
2023-07-11,NIFTY_PSU_BANK,0.0,84313.9424617932,0.0,84.31394246179319,2.5041240911152576,0.08431394246179319,0.46591884604386913,0.0,87.36829934141412,0.001036226
2023-07-11,NIFTY_REALTY,0.0,57538.166747574345,0.0,57.53816674757435,1.7088835524029582,0.057538166747574344,0.31795590944709584,0.0,59.62254437617198,0.0010362260000000001
2023-07-12,NIFTY_REALTY,0.0,27933.850721908337,0.0,27.93385072190834,0.8296353664406776,0.027933850721908335,0.15436245908926546,0.0,28.94578239816019,0.0010362260000000001
2023-07-24,NIFTY_AUTO,85631.31592091276,0.0,0.0,85.63131592091277,2.543250082851109,0.08563131592091276,0.4731986517789639,12.844697388136913,101.57809335960064,0.0011862259999999999
2023-07-24,NIFTY_FMCG,85631.31592091276,0.0,0.0,85.63131592091277,2.543250082851109,0.08563131592091276,0.4731986517789639,12.844697388136913,101.57809335960064,0.0011862259999999999
2023-07-24,NIFTY_HEALTHCARE,85631.31592091276,0.0,0.0,85.63131592091277,2.543250082851109,0.08563131592091276,0.4731986517789639,12.844697388136913,101.57809335960064,0.0011862259999999999
2023-07-24,NIFTY_PSU_BANK,85631.31592091276,0.0,0.0,85.63131592091277,2.543250082851109,0.08563131592091276,0.47319865177896386,12.844697388136915,101.57809335960067,0.001186226
2023-07-24,NIFTY_REALTY,85631.31592091276,0.0,0.0,85.63131592091277,2.543250082851109,0.08563131592091276,0.47319865177896386,12.844697388136915,101.57809335960067,0.001186226
2023-07-25,NIFTY_AUTO,0.0,85573.32950851537,0.0,85.57332950851537,2.5415278864029065,0.08557332950851537,0.4728782188640559,0.0,88.67330894329085,0.0010362260000000001
2023-07-25,NIFTY_FMCG,0.0,85678.96908438468,0.0,85.67896908438468,2.544665381806225,0.08567896908438467,0.47346198316030974,0.0,88.7827754184356,0.0010362260000000001
2023-07-25,NIFTY_HEALTHCARE,0.0,86722.30080061838,0.0,86.72230080061838,2.575652333778366,0.08672230080061838,0.4792274342242172,0.0,89.86390286942158,0.001036226
2023-07-25,NIFTY_PSU_BANK,0.0,82637.78963473227,0.0,82.63778963473227,2.4543423521515484,0.08263778963473227,0.4566564255215305,0.0,85.63142620204009,0.0010362260000000001
2023-07-25,NIFTY_REALTY,0.0,55993.2397415807,0.0,55.9932397415807,1.6629992203249468,0.0559932397415807,0.30941864281197495,0.0,58.0216508444592,0.0010362260000000001
2023-07-27,NIFTY_AUTO,0.0,46432.825944590964,0.0,46.43282594459097,1.3790549305543516,0.046432825944590965,0.25658779616980965,0.0,48.11490149725972,0.0010362260000000001
2023-07-31,NIFTY_FMCG,0.0,74728.3908729312,0.0,74.7283908729312,2.2194332089260564,0.07472839087293119,0.4129490879638178,0.0,77.43550156069402,0.0010362260000000003
2023-08-04,NIFTY_REALTY,0.0,26902.81990334652,0.0,26.902819903346522,0.7990137511293917,0.02690281990334652,0.14866498278589288,0.0,27.87740145716515,0.001036226
2023-08-07,NIFTY_AUTO,108821.05292438145,0.0,0.0,108.82105292438146,3.231985271854129,0.10882105292438145,0.6013451384601318,16.323157938657218,129.0863623262773,0.001186226
2023-08-07,NIFTY_FMCG,108821.05292438145,0.0,0.0,108.82105292438146,3.231985271854129,0.10882105292438145,0.6013451384601318,16.323157938657218,129.0863623262773,0.001186226
2023-08-07,NIFTY_HEALTHCARE,108821.05292438145,0.0,0.0,108.82105292438146,3.2319852718541293,0.10882105292438145,0.6013451384601319,16.323157938657218,129.0863623262773,0.001186226
2023-08-07,NIFTY_PHARMA,108821.05292438145,0.0,0.0,108.82105292438146,3.231985271854129,0.10882105292438145,0.6013451384601318,16.323157938657218,129.0863623262773,0.001186226
2023-08-07,NIFTY_REALTY,108821.05292438145,0.0,0.0,108.82105292438146,3.231985271854129,0.10882105292438145,0.6013451384601318,16.323157938657218,129.0863623262773,0.001186226
2023-08-08,NIFTY_AUTO,0.0,70988.15229947091,0.0,70.9881522994709,2.1083481232942862,0.0709881522994709,0.3922805296068762,0.0,73.55976910467155,0.0010362260000000001
2023-08-08,NIFTY_FMCG,0.0,71210.96951651502,0.0,71.21096951651502,2.1149657946404963,0.07121096951651501,0.393511817548262,0.0,73.79065809822029,0.001036226
2023-08-08,NIFTY_HEALTHCARE,0.0,110382.79261292273,0.0,110.38279261292273,3.278368940603805,0.11038279261292272,0.609975311979011,0.0,114.38151965811848,0.0010362260000000001
2023-08-08,NIFTY_PHARMA,0.0,111153.66096300705,0.0,111.15366096300706,3.3012637306013097,0.11115366096300705,0.614235130481577,0.0,115.18031348505295,0.0010362260000000001
2023-08-08,NIFTY_REALTY,0.0,71977.24675600171,0.0,71.9772467560017,2.1377242286532505,0.0719772467560017,0.39774626557366544,0.0,74.58469449698464,0.0010362260000000001
2023-08-11,NIFTY_REALTY,0.0,35073.39076980699,0.0,35.07339076980699,1.0416797058632676,0.035073390769806985,0.19381555739395345,0.0,36.34395942383402,0.0010362260000000001
2023-08-14,NIFTY_AUTO,101178.80131282394,0.0,0.0,101.17880131282394,3.005010398990871,0.10117880131282393,0.5591140560546651,15.17682019692359,120.02092476610589,0.001186226
2023-08-14,NIFTY_FMCG,0.0,35632.55794364992,0.0,35.63255794364992,1.0582869709264024,0.03563255794364992,0.1969055151966094,0.0,36.923382987716586,0.0010362260000000001
2023-08-14,NIFTY_HEALTHCARE,101178.80131282394,0.0,0.0,101.17880131282394,3.005010398990871,0.10117880131282393,0.5591140560546651,15.17682019692359,120.02092476610589,0.001186226
2023-08-14,NIFTY_PHARMA,101178.80131282393,0.0,0.0,101.17880131282394,3.0050103989908705,0.10117880131282392,0.559114056054665,15.17682019692359,120.02092476610589,0.001186226
2023-08-14,NIFTY_PSU_BANK,101178.80131282393,0.0,0.0,101.17880131282394,3.0050103989908705,0.10117880131282392,0.559114056054665,15.17682019692359,120.02092476610589,0.001186226
2023-08-14,NIFTY_REALTY,101178.80131282393,0.0,0.0,101.17880131282394,3.0050103989908705,0.10117880131282392,0.559114056054665,15.17682019692359,120.02092476610589,0.001186226
2023-08-16,NIFTY_AUTO,0.0,101837.26163378805,0.0,101.83726163378805,3.0245666705235053,0.10183726163378803,0.5627527077883128,0.0,105.52641827373365,0.0010362260000000001
2023-08-16,NIFTY_HEALTHCARE,0.0,104132.64275621454,0.0,104.13264275621454,3.092739489859572,0.10413264275621453,0.5754369838708415,0.0,107.90495187270116,0.001036226
2023-08-16,NIFTY_PHARMA,0.0,101417.57902730689,0.0,101.41757902730689,3.0121020971110144,0.10141757902730689,0.5604335417048978,0.0,105.09153224515012,0.0010362260000000001
2023-08-16,NIFTY_PSU_BANK,0.0,102093.75094720544,0.0,102.09375094720544,3.0321844031320015,0.10209375094720544,0.5641700677342572,0.0,105.79219916901889,0.001036226
2023-08-16,NIFTY_REALTY,0.0,66808.35997984253,0.0,66.80835997984252,1.984208291401323,0.06680835997984252,0.36918299724860976,0.0,69.2285596284723,0.001036226
2023-08-17,NIFTY_REALTY,0.0,34414.46146218185,0.0,34.41446146218185,1.0221095054268008,0.03441446146218185,0.19017431404001686,0.0,35.661159743110844,0.001036226
2023-08-21,NIFTY_AUTO,102034.97019712141,0.0,0.0,102.03497019712141,3.0304386148545057,0.1020349701971214,0.5638452453092929,15.30524552956821,121.03653455705054,0.001186226
2023-08-21,NIFTY_HEALTHCARE,102034.97019712141,0.0,0.0,102.03497019712141,3.0304386148545057,0.1020349701971214,0.5638452453092929,15.30524552956821,121.03653455705054,0.001186226
2023-08-21,NIFTY_MEDIA,102034.97019712141,0.0,0.0,102.03497019712141,3.0304386148545057,0.1020349701971214,0.5638452453092929,15.30524552956821,121.03653455705054,0.001186226
2023-08-21,NIFTY_PHARMA,102034.97019712141,0.0,0.0,102.03497019712142,3.030438614854506,0.1020349701971214,0.5638452453092929,15.30524552956821,121.03653455705057,0.0011862260000000003
2023-08-21,NIFTY_REALTY,102034.97019712141,0.0,0.0,102.03497019712142,3.030438614854506,0.1020349701971214,0.5638452453092929,15.30524552956821,121.03653455705057,0.0011862260000000003
2023-08-22,NIFTY_AUTO,101943.63698157965,102049.38320574141,0.0,203.99302018732106,6.058592699563436,0.20399302018732104,1.127265429555136,15.291545547236947,226.67441688386393,0.0011111871213814824
2023-08-22,NIFTY_HEALTHCARE,104205.49291795249,104313.58536726327,0.0,208.51907828521576,6.193016625070908,0.20851907828521576,1.1522764266041023,15.630823937692872,231.70371435286887,0.0011111871213814824
2023-08-22,NIFTY_MEDIA,101624.82912627255,101730.24465076605,0.0,203.3550737770386,6.0396456911780465,0.2033550737770386,1.1237401376919152,15.243724368940882,225.96553904862648,0.0011111871213814824
2023-08-22,NIFTY_PHARMA,101905.14155125374,102010.84784407182,0.0,203.91598939532557,6.05630488504117,0.20391598939532554,1.1268397573985691,15.285771232688061,226.5888212598487,0.0011111871213814824
2023-08-22,NIFTY_REALTY,103452.91879542032,103560.23059893295,0.0,207.01314939435326,6.148290537012292,0.20701314939435325,1.143954663553196,15.517937819313044,230.03034556362616,0.0011111871213814824
2023-08-23,NIFTY_AUTO,0.0,101958.58465060167,0.0,101.95858465060167,3.0281699641228697,0.10195858465060167,0.5634231387792248,0.0,105.65213633815435,0.001036226
2023-08-23,NIFTY_HEALTHCARE,0.0,104344.15486293839,0.0,104.3441548629384,3.09902139942927,0.10434415486293838,0.5766057997725975,0.0,108.12412621700321,0.0010362260000000001
2023-08-23,NIFTY_MEDIA,0.0,103854.26862527546,0.0,103.85426862527547,3.084471778170681,0.10385426862527544,0.5738986884232722,0.0,107.61649336049469,0.001036226
2023-08-23,NIFTY_PHARMA,0.0,101556.74634857854,0.0,101.55674634857854,3.016235366552783,0.10155674634857853,0.5612025803222451,0.0,105.23574104180217,0.0010362260000000003
2023-08-23,NIFTY_REALTY,0.0,69581.09144722513,0.0,69.58109144722513,2.0665584159825863,0.06958109144722513,0.38450511133736603,0.0,72.10173606599231,0.0010362260000000001
2023-08-24,NIFTY_REALTY,0.0,34447.31724724864,0.0,34.44731724724864,1.0230853222432845,0.034447317247248636,0.19035587510829596,0.0,35.69520576184747,0.001036226
2023-08-25,NIFTY_HEALTHCARE,0.0,33703.57385162067,0.0,33.70357385162067,1.0009961433931338,0.03370357385162067,0.1862459491040558,0.0,34.92451951796947,0.0010362259999999997
2023-09-18,NIFTY_AUTO,109775.27741503704,0.0,0.0,109.77527741503704,3.2603257392266003,0.10977527741503704,0.6066181829954947,16.466291612255553,130.21828822692973,0.001186226
2023-09-18,NIFTY_HEALTHCARE,109775.27741503704,0.0,0.0,109.77527741503704,3.2603257392266003,0.10977527741503704,0.6066181829954947,16.466291612255553,130.21828822692973,0.001186226
2023-09-18,NIFTY_PHARMA,109775.27741503704,0.0,0.0,109.77527741503704,3.2603257392266,0.10977527741503705,0.6066181829954947,16.466291612255553,130.21828822692976,0.0011862260000000003
2023-09-18,NIFTY_PSU_BANK,109775.27741503704,0.0,0.0,109.77527741503704,3.2603257392266,0.10977527741503705,0.6066181829954947,16.466291612255553,130.21828822692976,0.0011862260000000003
2023-09-18,NIFTY_REALTY,109775.27741503704,0.0,0.0,109.77527741503704,3.2603257392266,0.10977527741503705,0.6066181829954947,16.466291612255553,130.21828822692976,0.0011862260000000003
2023-09-20,NIFTY_AUTO,0.0,92217.42865329835,0.0,92.21742865329836,2.7388576310029613,0.09221742865329835,0.5095935107381268,0.0,95.55809722369273,0.001036226
2023-09-20,NIFTY_HEALTHCARE,0.0,55016.36534840442,0.0,55.01636534840442,1.6339860508476112,0.055016365348404414,0.3040204349152828,0.0,57.00938819951572,0.0010362260000000001
2023-09-20,NIFTY_PHARMA,0.0,108447.14579382801,0.0,108.44714579382801,3.220880230076692,0.108447145793828,0.5992789276566935,0.0,112.37575209735522,0.001036226
2023-09-20,NIFTY_PSU_BANK,0.0,115165.53598726445,0.0,115.16553598726443,3.4204164188217536,0.11516553598726444,0.6364047518656233,0.0,119.33752269393906,0.0010362259999999997
2023-09-20,NIFTY_REALTY,0.0,71395.39459649888,0.0,71.39539459649887,2.1204432195160168,0.07139539459649888,0.3945309505402528,0.0,73.98176416115164,0.001036226
2023-09-21,NIFTY_REALTY,0.0,35561.11952703133,0.0,35.56111952703133,1.0561652499528307,0.03556111952703133,0.19651074650637515,0.0,36.84935664301757,0.0010362260000000001
2023-09-22,NIFTY_AUTO,95461.57560506134,0.0,0.0,95.46157560506134,2.835208795470322,0.09546157560506134,0.5275206667935689,14.3192363407592,113.23900298368949,0.0011862259999999999
2023-09-22,NIFTY_HEALTHCARE,95461.57560506134,0.0,0.0,95.46157560506134,2.835208795470322,0.09546157560506134,0.5275206667935689,14.3192363407592,113.23900298368949,0.0011862259999999999
2023-09-22,NIFTY_PHARMA,95461.57560506134,0.0,0.0,95.46157560506134,2.835208795470322,0.09546157560506134,0.5275206667935689,14.3192363407592,113.23900298368949,0.0011862259999999999
2023-09-22,NIFTY_PSU_BANK,95461.57560506134,0.0,0.0,95.46157560506134,2.835208795470322,0.09546157560506134,0.5275206667935689,14.3192363407592,113.23900298368949,0.0011862259999999999
2023-09-22,NIFTY_REALTY,95461.57560506134,0.0,0.0,95.46157560506134,2.835208795470322,0.09546157560506134,0.5275206667935689,14.3192363407592,113.23900298368949,0.0011862259999999999
2023-09-25,NIFTY_AUTO,131124.84151975682,95029.1484549905,0.0,226.15398997474733,6.716773502249996,0.22615398997474734,1.2497269486004536,19.66872622796352,254.01537064353602,0.0011231965028425973
2023-09-25,NIFTY_HEALTHCARE,0.0,181158.54489010354,0.0,181.15854489010354,5.380408783236076,0.18115854489010355,1.0010821190627124,0.0,187.72119433729245,0.0010362260000000001
2023-09-25,NIFTY_MEDIA,36194.164739153246,0.0,0.0,36.194164739153244,1.0749666927528514,0.036194164739153246,0.20000895434856084,5.429124710872986,42.93445926186679,0.0011862259999999999
2023-09-25,NIFTY_PHARMA,128906.52042426815,92808.5262930815,0.0,221.71504671734965,6.584936887505284,0.22171504671734962,1.225197348160074,19.335978063640223,249.08287406337257,0.0011234369419271413
2023-09-25,NIFTY_PSU_BANK,133280.30624498313,97186.84904566906,0.0,230.46715529065222,6.84487451213237,0.2304671552906522,1.273561500136144,19.99204593674747,258.80810439495883,0.0011229717487013047
2023-09-25,NIFTY_REALTY,99966.57726850323,63838.56370886777,0.0,163.805140977371,4.865012687027918,0.16380514097737098,0.9051872090409521,14.994986590275483,184.73413260469272,0.0011277676115807194
2023-09-26,NIFTY_AUTO,0.0,132028.96452581265,0.0,132.02896452581265,3.9212602464166357,0.13202896452581264,0.7295920579696407,0.0,136.81184579472475,0.0010362260000000001
2023-09-26,NIFTY_MEDIA,0.0,35868.851926892676,0.0,35.86885192689268,1.0653049022287124,0.03586885192689268,0.19821127574800895,0.0,37.16823695679629,0.0010362260000000001
2023-09-26,NIFTY_PHARMA,0.0,84118.97439829366,0.0,84.11897439829366,2.498333539629322,0.08411897439829366,0.4648414525249708,0.0,87.16626836484625,0.001036226
2023-09-26,NIFTY_PSU_BANK,0.0,132598.7400049063,0.0,132.5987400049063,3.9381825781457174,0.1325987400049063,0.7327406372671122,0.0,137.40226196032404,0.001036226
2023-09-26,NIFTY_REALTY,0.0,81999.547019241,0.0,81.99954701924099,2.4353865464714577,0.081999547019241,0.4531294968283257,0.0,84.97006260956002,0.001036226
2023-10-05,NIFTY_AUTO,0.0,54473.46769129058,0.0,54.47346769129058,1.6178619904313303,0.05447346769129058,0.30102038246207174,0.0,56.44682353187527,0.001036226
2023-10-06,NIFTY_PHARMA,0.0,44614.080091688,0.0,44.614080091688,1.3250381787231338,0.044614080091688005,0.24653740658666792,0.0,46.230269757089495,0.0010362260000000001
2023-10-06,NIFTY_REALTY,0.0,52969.731915001124,0.0,52.96973191500113,1.5732010378755334,0.05296973191500112,0.2927107385622962,0.0,54.88861342335396,0.0010362260000000001
2023-10-16,NIFTY_AUTO,123606.25463814549,0.0,0.0,123.60625463814549,3.671105762752921,0.12360625463814548,0.683048163130392,18.54093819572182,146.62495301438875,0.0011862259999999999
2023-10-16,NIFTY_CONSUMER_DURABLES,123606.25463814549,0.0,0.0,123.60625463814549,3.671105762752921,0.12360625463814548,0.683048163130392,18.54093819572182,146.62495301438875,0.0011862259999999999
2023-10-16,NIFTY_MEDIA,123606.25463814549,0.0,0.0,123.60625463814549,3.671105762752921,0.12360625463814548,0.683048163130392,18.54093819572182,146.62495301438875,0.0011862259999999999
2023-10-16,NIFTY_PSU_BANK,123606.25463814549,0.0,0.0,123.60625463814549,3.671105762752921,0.12360625463814548,0.683048163130392,18.54093819572182,146.62495301438875,0.0011862259999999999
2023-10-16,NIFTY_REALTY,123606.25463814549,0.0,0.0,123.60625463814549,3.671105762752921,0.12360625463814548,0.683048163130392,18.54093819572182,146.62495301438875,0.0011862259999999999
2023-10-17,NIFTY_AUTO,0.0,83324.500388175,0.0,83.32450038817501,2.4747376615287977,0.083324500388175,0.4604511891450551,0.0,86.34301373923702,0.001036226
2023-10-17,NIFTY_CONSUMER_DURABLES,0.0,81807.80172857133,0.0,81.80780172857133,2.4296917113385685,0.08180780172857133,0.45206991235208516,0.0,84.77137115399056,0.0010362260000000001
2023-10-17,NIFTY_MEDIA,0.0,123796.28608273927,0.0,123.79628608273927,3.6767496966573567,0.12379628608273927,0.6840982768932173,0.0,128.28093034237259,0.001036226
2023-10-17,NIFTY_PSU_BANK,0.0,125035.67537509467,0.0,125.03567537509467,3.713559558640312,0.12503567537509466,0.6909471421227731,0.0,129.56521775123284,0.001036226
2023-10-17,NIFTY_REALTY,0.0,80044.09687480654,0.0,80.04409687480654,2.377309677181754,0.08004409687480654,0.4423236793301809,0.0,82.94377432819329,0.0010362260000000001
2023-10-18,NIFTY_REALTY,0.0,41553.00178472954,0.0,41.55300178472954,1.2341241530064673,0.04155300178472954,0.22962188786241539,0.0,43.05830082738315,0.001036226
2023-10-25,NIFTY_AUTO,107001.2799251948,0.0,0.0,107.00127992519481,3.1779380137782858,0.1070012799251948,0.5912890728666265,16.05019198877922,126.92770028054414,0.001186226
2023-10-25,NIFTY_CONSUMER_DURABLES,107001.2799251948,0.0,0.0,107.00127992519481,3.1779380137782858,0.1070012799251948,0.5912890728666265,16.05019198877922,126.92770028054414,0.001186226
2023-10-25,NIFTY_MEDIA,107001.2799251948,0.0,0.0,107.00127992519481,3.1779380137782858,0.1070012799251948,0.5912890728666265,16.05019198877922,126.92770028054414,0.001186226
2023-10-25,NIFTY_PSU_BANK,107001.2799251948,0.0,0.0,107.0012799251948,3.1779380137782853,0.10700127992519479,0.5912890728666265,16.05019198877922,126.92770028054412,0.0011862259999999999
2023-10-25,NIFTY_REALTY,107001.2799251948,0.0,0.0,107.0012799251948,3.1779380137782853,0.10700127992519479,0.5912890728666265,16.05019198877922,126.92770028054412,0.0011862259999999999
2023-10-26,NIFTY_AUTO,0.0,104027.93407764623,0.0,104.02793407764624,3.089629642106093,0.10402793407764623,0.5748583637130731,0.0,107.79645001754305,0.0010362260000000001
2023-10-26,NIFTY_CONSUMER_DURABLES,0.0,104085.06450498161,0.0,104.0850645049816,3.091326415797954,0.1040850645049816,0.5751740664545284,0.0,107.85565005173908,0.0010362260000000001
2023-10-26,NIFTY_MEDIA,0.0,104107.66859433021,0.0,104.10766859433022,3.0919977572516073,0.10410766859433021,0.5752989766522687,0.0,107.87907299682843,0.0010362260000000001
2023-10-26,NIFTY_PSU_BANK,0.0,106712.95742881362,0.0,106.71295742881362,3.1693748356357645,0.10671295742881362,0.589695802751624,0.0,110.57874102462984,0.0010362260000000001
2023-10-26,NIFTY_REALTY,0.0,69833.91843558871,0.0,69.83391843558871,2.074067377536985,0.06983391843558871,0.38590223327506323,0.0,72.36372196483634,0.001036226
2023-10-30,NIFTY_AUTO,97652.21388106098,0.0,0.0,97.65221388106097,2.900270752267511,0.09765221388106098,0.5396261339067429,14.647832082159145,115.83759506327543,0.0011862259999999999
2023-10-30,NIFTY_CONSUMER_DURABLES,97652.21388106098,0.0,0.0,97.65221388106097,2.900270752267511,0.09765221388106098,0.5396261339067429,14.647832082159145,115.83759506327543,0.0011862259999999999
2023-10-30,NIFTY_PHARMA,97652.21388106098,0.0,0.0,97.65221388106097,2.900270752267511,0.09765221388106096,0.539626133906743,14.647832082159145,115.83759506327543,0.0011862259999999999
2023-10-30,NIFTY_PSU_BANK,97652.21388106098,0.0,0.0,97.65221388106097,2.900270752267511,0.09765221388106096,0.539626133906743,14.647832082159145,115.83759506327543,0.0011862259999999999
2023-10-30,NIFTY_REALTY,97652.21388106098,0.0,0.0,97.65221388106097,2.900270752267511,0.09765221388106098,0.5396261339067429,14.647832082159145,115.83759506327543,0.0011862259999999999
2023-10-31,NIFTY_AUTO,0.0,95464.60956391292,0.0,95.46460956391292,2.835298904048214,0.09546460956391292,0.5275374324501828,0.0,98.92291050997522,0.001036226
2023-10-31,NIFTY_CONSUMER_DURABLES,0.0,98490.2008343426,0.0,98.4902008343426,2.9251589647799756,0.0984902008343426,0.5442568498105773,0.0,102.05810684976748,0.001036226
2023-10-31,NIFTY_PHARMA,0.0,64877.63479926533,0.0,64.87763479926534,1.9268657535381806,0.06487763479926534,0.3585138099007402,0.0,67.22789199750352,0.0010362260000000001
2023-10-31,NIFTY_PSU_BANK,0.0,94593.51487562468,0.0,94.59351487562468,2.8094273918060533,0.09459351487562467,0.522723763202702,0.0,98.02025954550905,0.001036226
2023-10-31,NIFTY_REALTY,0.0,100358.87941621526,0.0,100.35887941621527,2.9806587186615934,0.10035887941621527,0.5545831676540056,0.0,103.99448018194708,0.0010362260000000001
2023-11-09,NIFTY_PHARMA,0.0,34383.21636718425,0.0,34.383216367184254,1.0211815261053723,0.03438321636718425,0.19000165364506016,0.0,35.62878276330187,0.0010362260000000001
2023-11-13,NIFTY_AUTO,105665.66607797239,0.0,0.0,105.66566607797239,3.13827028251578,0.10566566607797238,0.5839084707468755,15.849849911695857,125.34336040900887,0.0011862259999999999
2023-11-13,NIFTY_CONSUMER_DURABLES,0.0,40708.30997437644,0.0,40.70830997437644,1.2090368062389802,0.04070830997437644,0.2249541209184042,0.0,42.1830092115082,0.001036226
2023-11-13,NIFTY_HEALTHCARE,105665.66607797239,0.0,0.0,105.66566607797239,3.13827028251578,0.10566566607797237,0.5839084707468754,15.849849911695857,125.3433604090089,0.001186226
2023-11-13,NIFTY_PHARMA,105665.66607797239,0.0,0.0,105.66566607797239,3.13827028251578,0.10566566607797237,0.5839084707468754,15.849849911695857,125.3433604090089,0.001186226
2023-11-13,NIFTY_PSU_BANK,105665.66607797239,0.0,0.0,105.66566607797239,3.13827028251578,0.10566566607797237,0.5839084707468754,15.849849911695857,125.3433604090089,0.001186226
2023-11-13,NIFTY_REALTY,105665.66607797239,0.0,0.0,105.66566607797239,3.13827028251578,0.10566566607797238,0.5839084707468755,15.849849911695857,125.34336040900887,0.0011862259999999999
2023-11-15,NIFTY_AUTO,0.0,107076.02495593537,0.0,107.07602495593537,3.180157941191281,0.10707602495593536,0.5917021139064988,0.0,110.9549610359891,0.0010362260000000001
2023-11-15,NIFTY_HEALTHCARE,0.0,36009.37711022264,0.0,36.00937711022264,1.0694785001736125,0.03600937711022264,0.1989878179110903,0.0,37.31385280541756,0.001036226
2023-11-15,NIFTY_PHARMA,0.0,105252.27527320661,0.0,105.2522752732066,3.1259925756142364,0.10525227527320662,0.5816240731597397,0.0,109.0651441972538,0.0010362260000000001
2023-11-15,NIFTY_PSU_BANK,0.0,111233.71993431168,0.0,111.2337199343117,3.3036414820490574,0.11123371993431168,0.6146775363570064,0.0,115.26327267265206,0.0010362260000000001
2023-11-15,NIFTY_REALTY,0.0,107437.06008733454,0.0,107.43706008733453,3.190880684593836,0.10743706008733453,0.5936971940426107,0.0,111.32907502605832,0.001036226
2023-11-17,NIFTY_HEALTHCARE,0.0,35693.29332925756,0.0,35.693293329257564,1.0600908118789496,0.03569329332925756,0.19724113893747727,0.0,36.98631857340325,0.0010362260000000001
2023-11-22,NIFTY_AUTO,100436.16761319153,0.0,0.0,100.43616761319153,2.9829541781117883,0.10043616761319153,0.5550102622304963,15.065425141978729,119.13999336312574,0.001186226
2023-11-22,NIFTY_HEALTHCARE,100436.16761319153,0.0,0.0,100.43616761319153,2.9829541781117883,0.10043616761319153,0.5550102622304963,15.065425141978729,119.13999336312574,0.001186226
2023-11-22,NIFTY_PHARMA,100436.16761319153,0.0,0.0,100.43616761319151,2.982954178111788,0.10043616761319152,0.5550102622304963,15.065425141978729,119.13999336312574,0.001186226
2023-11-22,NIFTY_PSU_BANK,100436.16761319153,0.0,0.0,100.43616761319151,2.982954178111788,0.10043616761319152,0.5550102622304963,15.065425141978729,119.13999336312574,0.001186226
2023-11-22,NIFTY_REALTY,100436.16761319153,0.0,0.0,100.43616761319153,2.9829541781117883,0.10043616761319153,0.5550102622304963,15.065425141978729,119.13999336312574,0.001186226
2023-11-23,NIFTY_AUTO,0.0,101810.9576602743,0.0,101.81095766027431,3.023785442510147,0.1018109576602743,0.5626073520306758,0.0,105.49916141247539,0.001036226
2023-11-23,NIFTY_HEALTHCARE,0.0,49524.56469831006,0.0,49.52456469831006,1.4708795715398089,0.049524564698310056,0.2736727445228614,0.0,51.31864157907104,0.0010362260000000001
2023-11-23,NIFTY_PHARMA,0.0,97655.33471119004,0.0,97.65533471119004,2.900363440922344,0.09765533471119003,0.5396433796140361,0.0,101.1929968664376,0.001036226
2023-11-23,NIFTY_PSU_BANK,0.0,98247.50625085123,0.0,98.24750625085125,2.917950935650282,0.09824750625085123,0.5429157195422039,0.0,101.80662041229459,0.0010362260000000001
2023-11-23,NIFTY_REALTY,0.0,100739.37306617989,0.0,100.7393730661799,2.991959380065543,0.10073937306617989,0.55668577556371,0.0,104.38875759487532,0.001036226
2023-12-18,NIFTY_AUTO,107153.6464393466,0.0,0.0,107.1536464393466,3.182463299248594,0.10715364643934659,0.5921310502238294,16.073046965901987,127.10844140116035,0.0011862259999999999
2023-12-18,NIFTY_HEALTHCARE,0.0,88346.24866766456,0.0,88.34624866766457,2.623883585429638,0.08834624866766456,0.4882013701375144,0.0,91.54667987189939,0.0010362260000000001
2023-12-18,NIFTY_MEDIA,107153.6464393466,0.0,0.0,107.1536464393466,3.182463299248594,0.10715364643934659,0.5921310502238294,16.073046965901987,127.10844140116035,0.0011862259999999999
2023-12-18,NIFTY_METAL,107153.6464393466,0.0,0.0,107.1536464393466,3.182463299248594,0.1071536464393466,0.5921310502238293,16.073046965901987,127.10844140116038,0.001186226
2023-12-18,NIFTY_PSU_BANK,107153.6464393466,0.0,0.0,107.1536464393466,3.182463299248594,0.1071536464393466,0.5921310502238293,16.073046965901987,127.10844140116038,0.001186226
2023-12-18,NIFTY_REALTY,107153.6464393466,0.0,0.0,107.1536464393466,3.182463299248594,0.10715364643934659,0.5921310502238294,16.073046965901987,127.10844140116035,0.0011862259999999999
2023-12-19,NIFTY_AUTO,0.0,109981.98040739386,0.0,109.98198040739385,3.266464818099597,0.10998198040739385,0.6077604237312584,0.0,113.96618762963212,0.0010362260000000001
2023-12-19,NIFTY_MEDIA,0.0,106956.02498685141,0.0,106.95602498685142,3.176593942109487,0.1069560249868514,0.5910389940773408,0.0,110.83061394802507,0.001036226
2023-12-19,NIFTY_METAL,0.0,112253.60419907857,0.0,112.25360419907858,3.3339320447126335,0.11225360419907857,0.6203134168041082,0.0,116.32010326479438,0.001036226
2023-12-19,NIFTY_PSU_BANK,0.0,107210.48200048054,0.0,107.21048200048054,3.184151315414272,0.10721048200048053,0.5924451235346555,0.0,111.09428892142995,0.0010362260000000001
2023-12-19,NIFTY_REALTY,0.0,106884.9123001474,0.0,106.8849123001474,3.174481895314378,0.10688491230014739,0.5906460253706145,0.0,110.75692513313254,0.001036226
2023-12-22,NIFTY_AUTO,108544.80715501095,0.0,0.0,108.54480715501094,3.223780772503825,0.10854480715501094,0.5998186043385905,16.28172107325164,128.75867241226,0.001186226
2023-12-22,NIFTY_MEDIA,108544.80715501095,0.0,0.0,108.54480715501094,3.223780772503825,0.10854480715501094,0.5998186043385905,16.28172107325164,128.75867241226,0.001186226
2023-12-22,NIFTY_METAL,108544.80715501096,0.0,0.0,108.54480715501094,3.2237807725038254,0.10854480715501094,0.5998186043385906,16.28172107325164,128.75867241226004,0.001186226
2023-12-22,NIFTY_PSU_BANK,108544.80715501096,0.0,0.0,108.54480715501094,3.2237807725038254,0.10854480715501094,0.5998186043385906,16.28172107325164,128.75867241226004,0.001186226
2023-12-22,NIFTY_REALTY,108544.80715501095,0.0,0.0,108.54480715501094,3.223780772503825,0.10854480715501094,0.5998186043385905,16.28172107325164,128.75867241226,0.001186226
2023-12-26,NIFTY_AUTO,0.0,112703.78564028314,0.0,112.70378564028313,3.347302433516409,0.11270378564028313,0.6228011194482046,0.0,116.78659297888802,0.001036226
2023-12-26,NIFTY_MEDIA,0.0,109122.76888378238,0.0,109.12276888378238,3.2409462358483365,0.10912276888378238,0.6030124208517814,0.0,113.07585030936627,0.001036226
2023-12-26,NIFTY_METAL,0.0,112647.17109789193,0.0,112.64717109789193,3.3456209816073903,0.11264717109789193,0.6224882674869507,0.0,116.72792751808416,0.001036226
2023-12-26,NIFTY_PSU_BANK,0.0,106452.9771444819,0.0,106.4529771444819,3.161653421191113,0.1064529771444819,0.588259151700407,0.0,110.30934269451791,0.0010362260000000001
2023-12-26,NIFTY_REALTY,0.0,108621.37193663401,0.0,108.621371936634,3.22605474651803,0.10862137193663401,0.6002417013218395,0.0,112.55628975641051,0.001036226
2024-01-08,NIFTY_AUTO,0.0,52188.69540187665,0.0,52.18869540187665,1.5500042534357366,0.05218869540187664,0.2883947307907704,0.0,54.07928308150503,0.0010362260000000001
2024-01-08,NIFTY_HEALTHCARE,120222.64696372226,0.0,0.0,120.22264696372227,3.5706126148225508,0.12022264696372226,0.6643503471215292,18.03339704455834,142.61122961718843,0.0011862260000000003
2024-01-08,NIFTY_OIL_GAS,120222.64696372226,0.0,0.0,120.22264696372227,3.5706126148225508,0.12022264696372226,0.6643503471215292,18.03339704455834,142.61122961718843,0.0011862260000000003
2024-01-08,NIFTY_PHARMA,120222.64696372226,0.0,0.0,120.22264696372227,3.5706126148225508,0.12022264696372226,0.6643503471215292,18.03339704455834,142.61122961718843,0.0011862260000000003
2024-01-08,NIFTY_PSU_BANK,120222.64696372226,0.0,0.0,120.22264696372227,3.5706126148225508,0.12022264696372226,0.6643503471215292,18.03339704455834,142.61122961718843,0.0011862260000000003
2024-01-08,NIFTY_REALTY,120222.64696372226,0.0,0.0,120.22264696372227,3.570612614822551,0.12022264696372226,0.6643503471215292,18.03339704455834,142.6112296171884,0.0011862259999999999
2024-01-09,NIFTY_HEALTHCARE,0.0,39632.91600843034,0.0,39.632916008430335,1.177097605450381,0.03963291600843034,0.21901149386258603,0.0,41.06865802375173,0.001036226
2024-01-09,NIFTY_OIL_GAS,0.0,79638.26891449612,0.0,79.63826891449612,2.365256586760535,0.07963826891449613,0.44008107402150565,0.0,82.52324484419267,0.0010362260000000003
2024-01-09,NIFTY_PHARMA,0.0,120135.89786647321,0.0,120.13589786647321,3.568036166634255,0.12013589786647322,0.663870971610131,0.0,124.48794090258409,0.0010362260000000001
2024-01-09,NIFTY_PSU_BANK,0.0,116893.88769074724,0.0,116.89388769074725,3.4717484644151932,0.11689388769074724,0.6459556233790693,0.0,121.12848566623225,0.001036226
2024-01-09,NIFTY_REALTY,0.0,122658.2268929575,0.0,122.65822689295749,3.6429493387208374,0.12265822689295748,0.677809361810483,0.0,127.10164382038177,0.001036226
2024-01-10,NIFTY_OIL_GAS,0.0,38996.14251661888,0.0,38.99614251661888,1.1581854327435808,0.03899614251661888,0.21549268354683596,0.0,40.40881677542591,0.001036226
2024-01-15,NIFTY_AUTO,119664.11141433477,0.0,0.0,119.66411141433477,3.5540241090057427,0.11966411141433475,0.661263879675614,17.949616712150213,141.94868022658068,0.001186226
2024-01-15,NIFTY_HEALTHCARE,0.0,80985.85562121002,0.0,80.98585562121002,2.405279911949938,0.08098585562121002,0.44752783816280656,0.0,83.91964922694399,0.0010362260000000001
2024-01-15,NIFTY_OIL_GAS,119664.11141433477,0.0,0.0,119.66411141433477,3.5540241090057427,0.11966411141433475,0.661263879675614,17.949616712150213,141.94868022658068,0.001186226
2024-01-15,NIFTY_PHARMA,119664.11141433477,0.0,0.0,119.66411141433477,3.5540241090057427,0.11966411141433475,0.661263879675614,17.949616712150213,141.94868022658068,0.001186226
2024-01-15,NIFTY_PSU_BANK,119664.11141433477,0.0,0.0,119.66411141433477,3.5540241090057427,0.11966411141433475,0.661263879675614,17.949616712150213,141.94868022658068,0.001186226
2024-01-15,NIFTY_REALTY,119664.11141433477,0.0,0.0,119.66411141433477,3.5540241090057427,0.11966411141433476,0.661263879675614,17.949616712150213,141.94868022658068,0.001186226
2024-01-16,NIFTY_AUTO,0.0,78467.55097029178,0.0,78.46755097029177,2.3304862638176655,0.07846755097029176,0.4336116866618323,0.0,81.31011647174155,0.001036226
2024-01-16,NIFTY_OIL_GAS,0.0,82547.91488700392,0.0,82.54791488700391,2.4516730721440165,0.08254791488700391,0.4561597776655837,0.0,85.53829565170052,0.001036226
2024-01-16,NIFTY_PHARMA,0.0,78301.72100642361,0.0,78.3017210064236,2.325561113890781,0.0783017210064236,0.4326953102814968,0.0,81.13827915160232,0.0010362260000000001
2024-01-16,NIFTY_PSU_BANK,0.0,121105.53303432712,0.0,121.10553303432712,3.5968343311195157,0.12110553303432711,0.6692291755476917,0.0,125.49270207402867,0.0010362260000000001
2024-01-16,NIFTY_REALTY,0.0,118240.30739743341,0.0,118.24030739743341,3.5117371297037723,0.11824030739743341,0.6533959386782171,0.0,122.52368077321285,0.0010362260000000001
2024-01-17,NIFTY_OIL_GAS,0.0,39541.365317092015,0.0,39.541365317092016,1.174378549917633,0.039541365317092014,0.21850558474225046,0.0,40.973790817068995,0.0010362260000000001
2024-01-18,NIFTY_PHARMA,0.0,40738.94740223979,0.0,40.738947402239795,1.2099467378465218,0.04073894740223979,0.22512342334477708,0.0,42.21475651083333,0.0010362260000000001
2024-01-18,NIFTY_REALTY,0.0,62432.077331684646,0.0,62.432077331684646,1.854232696751034,0.06243207733168464,0.34499965933488935,0.0,64.69374176510225,0.001036226
2024-01-19,NIFTY_AUTO,0.0,38938.26455690901,0.0,38.93826455690901,1.1564664573401975,0.038938264556909005,0.21517284994147914,0.0,40.3488421287476,0.0010362260000000001
2024-01-23,NIFTY_HEALTHCARE,131925.88953961225,0.0,0.0,131.92588953961226,3.918198919326484,0.13192588953961223,0.7290224655958973,19.788883430941837,156.49392024501608,0.001186226
2024-01-23,NIFTY_OIL_GAS,131925.88953961225,0.0,0.0,131.92588953961226,3.918198919326484,0.13192588953961223,0.7290224655958973,19.788883430941837,156.49392024501608,0.001186226
2024-01-23,NIFTY_PHARMA,131925.88953961225,0.0,0.0,131.92588953961226,3.918198919326484,0.13192588953961223,0.7290224655958973,19.788883430941837,156.49392024501608,0.001186226
2024-01-23,NIFTY_PSU_BANK,131925.88953961225,0.0,0.0,131.92588953961226,3.918198919326484,0.13192588953961223,0.7290224655958973,19.788883430941837,156.49392024501608,0.001186226
2024-01-23,NIFTY_REALTY,131925.88953961225,0.0,0.0,131.92588953961226,3.918198919326484,0.13192588953961223,0.7290224655958973,19.788883430941837,156.49392024501608,0.001186226
2024-01-24,NIFTY_HEALTHCARE,44964.95130113375,45011.59348460392,0.0,89.97654478573767,2.672303380136409,0.08997654478573766,0.49721038648598637,6.7447426951700615,99.98077779231586,0.0011111871213814824
2024-01-24,NIFTY_OIL_GAS,83407.97145415212,83494.49061618536,0.0,166.9024620703375,4.957003123489024,0.1669024620703375,0.9223030054006849,12.511195718122817,185.45986637942036,0.0011111871213814824
2024-01-24,NIFTY_PHARMA,135611.06801432124,135751.73749425795,0.0,271.3628055085792,8.059475323604802,0.27136280550857916,1.4995508632404086,20.341660202148184,301.5348547030811,0.0011111871213814821
2024-01-24,NIFTY_PSU_BANK,84085.01729231745,84172.23875459317,0.0,168.25725604691064,4.997240504593245,0.1682572560469106,0.9297895969152281,12.612752593847617,186.96529599831365,0.0011111871213814824
2024-01-24,NIFTY_REALTY,124569.93322399372,124699.14972511676,0.0,249.2690829491105,7.403291763588582,0.2492690829491105,1.3774609523767845,18.68548998359906,276.98459473162404,0.0011111871213814824
2024-01-25,NIFTY_HEALTHCARE,0.0,44552.26390565176,0.0,44.552263905651756,1.3232022379978572,0.04455226390565176,0.2461958103426316,0.0,46.166214217897895,0.001036226
2024-01-25,NIFTY_OIL_GAS,0.0,82452.51809993316,0.0,82.45251809993316,2.448839787568015,0.08245251809993315,0.4556326150202306,0.0,85.43944302062133,0.0010362259999999997
2024-01-25,NIFTY_PHARMA,0.0,135657.83515718576,0.0,135.65783515718576,4.029037704168417,0.13565783515718577,0.7496451970786085,0.0,140.57217589358999,0.0010362260000000001
2024-01-25,NIFTY_PSU_BANK,0.0,85414.93314475927,0.0,85.41493314475929,2.5368235143993507,0.08541493314475927,0.47200292055793974,0.0,88.50917451286134,0.0010362260000000001
2024-01-25,NIFTY_REALTY,0.0,129451.11740728753,0.0,129.45111740728754,3.8446981869964394,0.1294511174072875,0.7153468747926708,0.0,134.1406135864839,0.001036226
2024-02-02,NIFTY_HEALTHCARE,0.0,40395.722674510085,0.0,40.39572267451008,1.1997529634329496,0.04039572267451008,0.22322676349934276,0.0,41.85909812411688,0.001036226
2024-02-05,NIFTY_AUTO,103477.5407339944,0.0,0.0,103.47754073399442,3.073282959799634,0.1034775407339944,0.5718168900960531,15.52163111009916,122.74774923472327,0.0011862260000000003
2024-02-05,NIFTY_HEALTHCARE,103477.5407339944,0.0,0.0,103.4775407339944,3.073282959799634,0.1034775407339944,0.5718168900960531,15.52163111009916,122.74774923472324,0.0011862259999999999
2024-02-05,NIFTY_OIL_GAS,103477.5407339944,0.0,0.0,103.4775407339944,3.073282959799634,0.1034775407339944,0.5718168900960531,15.52163111009916,122.74774923472324,0.0011862259999999999
2024-02-05,NIFTY_PSU_BANK,103477.5407339944,0.0,0.0,103.4775407339944,3.073282959799634,0.1034775407339944,0.5718168900960531,15.52163111009916,122.74774923472324,0.0011862259999999999
2024-02-05,NIFTY_REALTY,103477.5407339944,0.0,0.0,103.47754073399442,3.073282959799634,0.1034775407339944,0.5718168900960531,15.52163111009916,122.74774923472327,0.0011862260000000003
2024-02-06,NIFTY_AUTO,0.0,68522.19299373304,0.0,68.52219299373303,2.035109131913871,0.06852219299373302,0.37865363848336875,0.0,71.00447795712401,0.001036226
2024-02-06,NIFTY_HEALTHCARE,0.0,53426.776871814945,0.0,53.426776871814944,1.586775273092904,0.05342677687181494,0.29523636899364936,0.0,55.362215290773314,0.001036226
2024-02-06,NIFTY_OIL_GAS,0.0,111388.39697539518,0.0,111.3883969753952,3.308235390169237,0.11138839697539518,0.6155322816860338,0.0,115.42355304422587,0.0010362260000000001
2024-02-06,NIFTY_PSU_BANK,0.0,106653.95808498943,0.0,106.65395808498943,3.1676225551241854,0.10665395808498943,0.5893697723776515,0.0,110.51760437057624,0.001036226
2024-02-06,NIFTY_REALTY,0.0,106230.81204721512,0.0,106.23081204721512,3.155055117802289,0.10623081204721511,0.5870314673729108,0.0,110.07912944443754,0.0010362260000000001
2024-02-09,NIFTY_HEALTHCARE,0.0,53226.71336299996,0.0,53.22671336299996,1.5808333868810989,0.05322671336299996,0.29413081804393776,0.0,55.154904281288,0.0010362260000000001
2024-02-12,NIFTY_AUTO,0.0,34214.377930303286,0.0,34.214377930303286,1.0161670245300076,0.03421437793030328,0.18906865244285595,0.0,35.45382798520645,0.001036226
2024-02-12,NIFTY_HEALTHCARE,106622.04651081546,0.0,0.0,106.62204651081547,3.1666747813712193,0.10662204651081546,0.5891934290187663,15.993306976622318,126.47784374433859,0.001186226
2024-02-12,NIFTY_OIL_GAS,106622.04651081546,0.0,0.0,106.62204651081547,3.1666747813712193,0.10662204651081546,0.5891934290187663,15.993306976622318,126.47784374433859,0.001186226
2024-02-12,NIFTY_PHARMA,106622.04651081547,0.0,0.0,106.62204651081547,3.1666747813712197,0.10662204651081547,0.5891934290187663,15.993306976622318,126.47784374433859,0.0011862259999999999
2024-02-12,NIFTY_PSU_BANK,106622.04651081546,0.0,0.0,106.62204651081547,3.1666747813712193,0.10662204651081546,0.5891934290187663,15.993306976622318,126.47784374433859,0.001186226
2024-02-12,NIFTY_REALTY,106622.04651081547,0.0,0.0,106.62204651081547,3.1666747813712197,0.10662204651081547,0.5891934290187663,15.993306976622318,126.47784374433859,0.0011862259999999999
2024-02-13,NIFTY_HEALTHCARE,0.0,53329.05000223147,0.0,53.329050002231476,1.5838727850662748,0.05332905000223147,0.2946963303123311,0.0,55.26094816761232,0.0010362260000000001
2024-02-13,NIFTY_OIL_GAS,0.0,100806.46530994843,0.0,100.80646530994844,2.9939520197054685,0.10080646530994844,0.557056527302775,0.0,104.45828032226663,0.0010362260000000001
2024-02-13,NIFTY_PHARMA,0.0,107182.96944073596,0.0,107.18296944073597,3.183334192389858,0.10718296944073596,0.5922930891295068,0.0,111.06577969169606,0.001036226
2024-02-13,NIFTY_PSU_BANK,0.0,101642.34463013014,0.0,101.64234463013014,3.0187776355148657,0.10164234463013014,0.5616755964260991,0.0,105.32444020670124,0.001036226
2024-02-13,NIFTY_REALTY,0.0,102634.86439065932,0.0,102.63486439065932,3.0482554724025817,0.1026348643906593,0.5671602606227834,0.0,106.35291498807534,0.001036226
2024-02-20,NIFTY_HEALTHCARE,0.0,52409.73710806714,0.0,52.40973710806714,1.5565691921095939,0.052409737108067136,0.28961620725917897,0.0,54.308332244543976,0.001036226
2024-02-20,NIFTY_PSU_BANK,0.0,63501.11626584683,0.0,63.50111626584683,1.8859831530956508,0.06350111626584683,0.35090716848506953,0.0,65.80150770369339,0.001036226
2024-02-21,NIFTY_OIL_GAS,0.0,52852.715237533695,0.0,52.852715237533694,1.5697256425547508,0.052852715237533696,0.2920641044026112,0.0,54.76735769972859,0.0010362260000000001
2024-02-22,NIFTY_HEALTHCARE,126740.38456482573,0.0,0.0,126.74038456482573,3.764189421575324,0.12674038456482573,0.7003673651052269,19.01105768472386,150.34273942079494,0.0011862259999999999
2024-02-22,NIFTY_OIL_GAS,126740.38456482573,0.0,0.0,126.74038456482573,3.764189421575324,0.12674038456482573,0.7003673651052269,19.01105768472386,150.34273942079497,0.001186226
2024-02-22,NIFTY_PHARMA,126740.38456482573,0.0,0.0,126.74038456482573,3.764189421575324,0.12674038456482573,0.7003673651052269,19.01105768472386,150.34273942079497,0.001186226
2024-02-22,NIFTY_PSU_BANK,126740.38456482573,0.0,0.0,126.74038456482573,3.764189421575324,0.12674038456482573,0.7003673651052269,19.01105768472386,150.34273942079497,0.001186226
2024-02-22,NIFTY_REALTY,126740.38456482573,0.0,0.0,126.74038456482573,3.764189421575324,0.12674038456482573,0.7003673651052269,19.01105768472386,150.34273942079497,0.001186226
2024-02-23,NIFTY_HEALTHCARE,0.0,63770.87681425375,0.0,63.770876814253754,1.8939950413833364,0.06377087681425375,0.3523978652755662,0.0,66.08104059772691,0.0010362260000000001
2024-02-23,NIFTY_OIL_GAS,0.0,81883.06232107428,0.0,81.88306232107428,2.431926950935906,0.08188306232107428,0.45248580238625646,0.0,84.84935813671751,0.001036226
2024-02-23,NIFTY_PHARMA,0.0,126942.68767604431,0.0,126.94268767604432,3.770197823978516,0.1269426876760443,0.7014852920978208,0.0,131.54131347979668,0.001036226
2024-02-23,NIFTY_PSU_BANK,0.0,83716.08297869007,0.0,83.71608297869007,2.486367664467095,0.08371608297869006,0.4626150745402413,0.0,86.74878180067608,0.001036226
2024-02-23,NIFTY_REALTY,0.0,126903.5861148476,0.0,126.90358611484758,3.7690365076109735,0.1269035861148476,0.7012692168706477,0.0,131.50079542544404,0.001036226
2024-02-26,NIFTY_PSU_BANK,0.0,40781.92587964692,0.0,40.78192587964692,1.2112231986255135,0.04078192587964692,0.22536092241092887,0.0,42.25929192656301,0.001036226
2024-03-04,NIFTY_AUTO,128365.731201989,0.0,0.0,128.365731201989,3.812462216699073,0.128365731201989,0.7093490306221912,19.254859680298345,152.27076786081062,0.0011862260000000003
2024-03-04,NIFTY_HEALTHCARE,0.0,118496.20365388243,0.0,118.49620365388242,3.519337248520308,0.11849620365388241,0.6548100213913542,0.0,122.78884712744798,0.0010362260000000001
2024-03-04,NIFTY_OIL_GAS,128365.731201989,0.0,0.0,128.365731201989,3.8124622166990734,0.128365731201989,0.7093490306221911,19.25485968029835,152.2707678608106,0.001186226
2024-03-04,NIFTY_PHARMA,128365.731201989,0.0,0.0,128.365731201989,3.812462216699073,0.128365731201989,0.7093490306221912,19.254859680298345,152.27076786081062,0.0011862260000000003
2024-03-04,NIFTY_PSU_BANK,128365.731201989,0.0,0.0,128.365731201989,3.812462216699073,0.128365731201989,0.7093490306221912,19.254859680298345,152.27076786081062,0.0011862260000000003
2024-03-04,NIFTY_REALTY,128365.731201989,0.0,0.0,128.365731201989,3.812462216699073,0.128365731201989,0.7093490306221912,19.254859680298345,152.27076786081062,0.0011862260000000003
2024-03-05,NIFTY_AUTO,0.0,87290.99273008833,0.0,87.29099273008833,2.5925424840836238,0.08729099273008833,0.48237002582646815,0.0,90.45319623272852,0.0010362260000000001
2024-03-05,NIFTY_OIL_GAS,0.0,130942.45724627135,0.0,130.94245724627137,3.8889909802142593,0.13094245724627135,0.7235880187428955,0.0,135.68597870247478,0.0010362260000000001
2024-03-05,NIFTY_PHARMA,0.0,85852.28595299675,0.0,85.85228595299675,2.5498128928040034,0.08585228595299675,0.47441973217626,0.0,88.96237086393,0.001036226
2024-03-05,NIFTY_PSU_BANK,0.0,89366.13309324533,0.0,89.36613309324532,2.6541741528693863,0.08936613309324533,0.4938372514732737,0.0,92.60351063068123,0.001036226
2024-03-05,NIFTY_REALTY,0.0,125948.10985887235,0.0,125.94810985887236,3.740658862808509,0.12594810985887234,0.6959892550801285,0.0,130.51070608661988,0.0010362260000000001
2024-03-06,NIFTY_PSU_BANK,0.0,44055.95170342302,0.0,44.05595170342303,1.3084617655916637,0.044055951703423024,0.2434531891131156,0.0,45.65192260983123,0.0010362260000000001
2024-03-18,NIFTY_AUTO,112574.41257995417,0.0,0.0,112.57441257995417,3.343460053624639,0.11257441257995417,0.6220862039168267,16.886161886993122,133.53869513706871,0.001186226
2024-03-18,NIFTY_HEALTHCARE,112574.41257995417,0.0,0.0,112.57441257995418,3.3434600536246393,0.11257441257995418,0.6220862039168268,16.886161886993126,133.53869513706874,0.0011862260000000003
2024-03-18,NIFTY_OIL_GAS,112574.41257995417,0.0,0.0,112.57441257995417,3.343460053624639,0.11257441257995417,0.6220862039168267,16.886161886993122,133.53869513706871,0.001186226
2024-03-18,NIFTY_PHARMA,154654.11482882657,42123.351560967036,0.0,196.7774663897936,5.844290751776869,0.19677746638979357,1.0873922792699993,23.19811722432398,227.1040441115543,0.001154116110335963
2024-03-18,NIFTY_PSU_BANK,112574.41257995417,0.0,0.0,112.57441257995418,3.3434600536246393,0.11257441257995418,0.6220862039168268,16.886161886993126,133.53869513706874,0.0011862260000000003
2024-03-19,NIFTY_AUTO,0.0,112680.16471370148,0.0,112.68016471370149,3.3466008919969337,0.11268016471370149,0.6226705902079144,0.0,116.76211636062003,0.001036226
2024-03-19,NIFTY_HEALTHCARE,0.0,37485.136103383185,0.0,37.485136103383184,1.1133085422704807,0.037485136103383186,0.2071428621072955,0.0,38.843072643864346,0.0010362260000000001
2024-03-19,NIFTY_OIL_GAS,0.0,107110.42276399193,0.0,107.11042276399193,3.1811795560905605,0.10711042276399194,0.5918921961938194,0.0,110.9906049390403,0.001036226
2024-03-19,NIFTY_PHARMA,0.0,151118.35905299083,0.0,151.11835905299085,4.488215263873828,0.1511183590529908,0.8350800521268273,0.0,156.59277272804448,0.0010362260000000001
2024-03-19,NIFTY_PSU_BANK,0.0,73532.77896820643,0.0,73.53277896820643,2.1839235353557314,0.07353277896820642,0.40634213657830875,0.0,76.19657741910868,0.001036226
2024-03-22,NIFTY_AUTO,96285.49529163665,0.0,0.0,96.28549529163665,2.8596792101616084,0.09628549529163664,0.5320736469815841,14.442824293745495,114.21635793781698,0.001186226
2024-03-22,NIFTY_HEALTHCARE,96285.49529163665,0.0,0.0,96.28549529163665,2.8596792101616084,0.09628549529163664,0.5320736469815841,14.442824293745495,114.21635793781698,0.001186226
2024-03-22,NIFTY_OIL_GAS,96285.49529163665,0.0,0.0,96.28549529163665,2.8596792101616084,0.09628549529163664,0.5320736469815841,14.442824293745495,114.21635793781698,0.001186226
2024-03-22,NIFTY_PHARMA,96285.49529163665,0.0,0.0,96.28549529163665,2.8596792101616084,0.09628549529163663,0.5320736469815841,14.442824293745495,114.21635793781698,0.001186226
2024-03-22,NIFTY_PSU_BANK,96285.49529163665,0.0,0.0,96.28549529163665,2.8596792101616084,0.09628549529163664,0.5320736469815841,14.442824293745495,114.21635793781698,0.001186226
2024-03-26,NIFTY_AUTO,0.0,98555.99763232417,0.0,98.55599763232419,2.927113129680028,0.09855599763232417,0.5446204429162234,0.0,102.12628720255276,0.0010362260000000001
2024-03-26,NIFTY_HEALTHCARE,0.0,97961.1965365501,0.0,97.96119653655009,2.909447537135538,0.0979611965365501,0.5413335720609758,0.0,101.50993884228315,0.001036226
2024-03-26,NIFTY_OIL_GAS,0.0,96516.88641976642,0.0,96.51688641976642,2.8665515266670627,0.09651688641976641,0.5333523143556292,0.0,100.01330714720888,0.001036226
2024-03-26,NIFTY_PHARMA,0.0,97085.1758841956,0.0,97.08517588419559,2.8834297237606092,0.0970851758841956,0.5364926819360648,0.0,100.60218346577648,0.0010362260000000001
2024-03-26,NIFTY_PSU_BANK,0.0,96808.07206686342,0.0,96.80807206686342,2.875199740385843,0.0968080720668634,0.5349614062414871,0.0,100.31504128555761,0.0010362260000000001
2024-04-05,NIFTY_HEALTHCARE,0.0,36909.084645924944,0.0,36.90908464592494,1.0961998139839708,0.03690908464592494,0.20395960175338124,0.0,38.246153146308224,0.0010362260000000001
2024-04-15,NIFTY_AUTO,104658.720054907,0.0,0.0,104.658720054907,3.1083639856307377,0.10465872005490699,0.578344087023416,15.698808008236048,124.14889485585209,0.0011862259999999999
2024-04-15,NIFTY_HEALTHCARE,104658.720054907,0.0,0.0,104.658720054907,3.1083639856307377,0.10465872005490699,0.578344087023416,15.698808008236048,124.14889485585209,0.0011862259999999999
2024-04-15,NIFTY_METAL,104658.720054907,0.0,0.0,104.65872005490701,3.1083639856307377,0.10465872005490699,0.578344087023416,15.698808008236048,124.14889485585212,0.001186226
2024-04-15,NIFTY_OIL_GAS,104658.720054907,0.0,0.0,104.658720054907,3.1083639856307377,0.10465872005490699,0.578344087023416,15.698808008236048,124.14889485585209,0.0011862259999999999
2024-04-15,NIFTY_PSU_BANK,104658.720054907,0.0,0.0,104.658720054907,3.1083639856307377,0.10465872005490699,0.578344087023416,15.698808008236048,124.14889485585209,0.0011862259999999999
2024-04-16,NIFTY_AUTO,0.0,112649.64830274627,0.0,112.64964830274627,3.3456945545915637,0.11264964830274625,0.6225019565209757,0.0,116.73049446216154,0.001036226
2024-04-16,NIFTY_HEALTHCARE,0.0,53038.24903506059,0.0,53.03824903506059,1.5752359963412994,0.05303824903506058,0.2930893641677448,0.0,54.95961264460469,0.001036226
2024-04-16,NIFTY_METAL,0.0,70201.45965664746,0.0,70.20145965664747,2.0849833518024297,0.07020145965664747,0.3879332660626339,0.0,72.74457773416918,0.0010362260000000001
2024-04-16,NIFTY_OIL_GAS,0.0,107571.99508820419,0.0,107.57199508820419,3.1948882541196646,0.10757199508820418,0.5944428448574164,0.0,111.46889818226947,0.001036226
2024-04-16,NIFTY_PSU_BANK,0.0,104172.13254131423,0.0,104.17213254131423,3.0939123364770325,0.10417213254131423,0.5756552044233024,0.0,107.9458722147559,0.0010362260000000001
2024-04-22,NIFTY_AUTO,107089.64471947073,0.0,0.0,107.08964471947073,3.180562448168281,0.10708964471947073,0.5917773767197952,16.06344670792061,127.03252089699886,0.0011862259999999999
2024-04-22,NIFTY_HEALTHCARE,0.0,88370.15988591682,0.0,88.37015988591682,2.6245937486117294,0.08837015988591682,0.4883335035295763,0.0,91.57145729794405,0.0010362260000000001
2024-04-22,NIFTY_METAL,107089.64471947073,0.0,0.0,107.08964471947073,3.180562448168281,0.10708964471947073,0.5917773767197952,16.06344670792061,127.03252089699886,0.0011862259999999999
2024-04-22,NIFTY_OIL_GAS,107089.64471947073,0.0,0.0,107.08964471947073,3.180562448168281,0.10708964471947073,0.5917773767197952,16.06344670792061,127.03252089699886,0.0011862259999999999
2024-04-22,NIFTY_PHARMA,107089.64471947073,0.0,0.0,107.08964471947073,3.1805624481682804,0.10708964471947072,0.5917773767197951,16.06344670792061,127.0325208969989,0.001186226
2024-04-22,NIFTY_PSU_BANK,107089.64471947073,0.0,0.0,107.08964471947073,3.180562448168281,0.10708964471947073,0.5917773767197952,16.06344670792061,127.03252089699886,0.0011862259999999999
2024-04-23,NIFTY_AUTO,107316.44301601846,107427.76245659782,0.0,214.74420547261627,6.377902902536704,0.21474420547261625,1.1866764794416775,16.097466452402767,238.62099551247005,0.0011111871213814824
2024-04-23,NIFTY_METAL,103528.61783941247,103636.0081656099,0.0,207.16462600502237,6.152789392349164,0.20716462600502236,1.1447917233037535,15.52929267591187,230.19866442259217,0.0011111871213814821
2024-04-23,NIFTY_OIL_GAS,105003.1337050029,105112.05354780253,0.0,210.1151872528054,6.240421061408321,0.21011518725280542,1.1610965247590026,15.750470055750434,233.47729008197598,0.0011111871213814824
2024-04-23,NIFTY_PHARMA,70369.46373620695,70442.45804273474,0.0,140.8119217789417,4.182114076834568,0.1408119217789417,0.7781266797504318,10.55541956043104,156.4683940177367,0.0011111871213814824
2024-04-23,NIFTY_PSU_BANK,109614.58546766647,109728.28877342903,0.0,219.3428742410955,6.514483364960537,0.2193428742410955,1.2120887230562936,16.442187820149968,243.73097702350339,0.0011111871213814821
2024-04-24,NIFTY_AUTO,0.0,103275.74642678368,0.0,103.27574642678368,3.0672896688754756,0.10327574642678367,0.5707017747544065,0.0,107.01701361684036,0.0010362260000000001
2024-04-24,NIFTY_METAL,0.0,103632.78579185932,0.0,103.63278579185932,3.077893738018222,0.1036327857918593,0.5726747742858146,0.0,107.38698708995523,0.0010362260000000001
2024-04-24,NIFTY_OIL_GAS,0.0,102095.40764325186,0.0,102.09540764325186,3.0322336070045806,0.10209540764325187,0.5641792226366098,0.0,105.7939158805363,0.001036226
2024-04-24,NIFTY_PHARMA,0.0,69638.93168499903,0.0,69.63893168499902,2.0682762710444713,0.06963893168499903,0.3848247364913046,0.0,72.16167162421979,0.001036226
2024-04-24,NIFTY_PSU_BANK,0.0,108110.19569072546,0.0,108.11019569072548,3.2108728120145464,0.10811019569072547,0.5974169413869489,0.0,112.0265956398177,0.0010362260000000001
2024-04-29,NIFTY_AUTO,104602.88181801235,0.0,0.0,104.60288181801235,3.106705589994967,0.10460288181801235,0.5780355249263363,15.690432272701852,124.08265808745352,0.001186226
2024-04-29,NIFTY_METAL,104602.88181801235,0.0,0.0,104.60288181801235,3.106705589994967,0.10460288181801235,0.5780355249263363,15.690432272701852,124.08265808745352,0.001186226
2024-04-29,NIFTY_OIL_GAS,104602.88181801235,0.0,0.0,104.60288181801235,3.106705589994967,0.10460288181801235,0.5780355249263363,15.690432272701852,124.08265808745352,0.001186226
2024-04-29,NIFTY_PHARMA,0.0,36803.86515827125,0.0,36.80386515827125,1.093074795200656,0.03680386515827125,0.2033781588646069,0.0,38.137121977494786,0.0010362260000000001
2024-04-29,NIFTY_PSU_BANK,104602.88181801235,0.0,0.0,104.60288181801235,3.106705589994967,0.10460288181801235,0.5780355249263363,15.690432272701852,124.08265808745352,0.001186226
2024-04-29,NIFTY_REALTY,104602.88181801235,0.0,0.0,104.60288181801235,3.1067055899949665,0.10460288181801233,0.578035524926336,15.690432272701852,124.0826580874535,0.0011862259999999999
2024-04-30,NIFTY_AUTO,0.0,99859.09844207621,0.0,99.85909844207622,2.9658152237296633,0.0998590984420762,0.5518213779909131,0.0,103.47659414223887,0.0010362260000000001
2024-04-30,NIFTY_METAL,0.0,101273.20795181845,0.0,101.27320795181845,3.0078142761690083,0.10127320795181845,0.5596357471417488,0.0,104.94193118308104,0.0010362260000000001
2024-04-30,NIFTY_OIL_GAS,0.0,103275.68149719613,0.0,103.27568149719613,3.0672877404667247,0.10327568149719613,0.5707014159535058,0.0,107.01694633511356,0.0010362260000000001
2024-04-30,NIFTY_PSU_BANK,0.0,105097.11506934592,0.0,105.09711506934593,3.121384317559574,0.10509711506934592,0.5807666578732056,0.0,108.90436315984806,0.0010362260000000001
2024-04-30,NIFTY_REALTY,0.0,104539.03207375522,0.0,104.53903207375522,3.10480925259053,0.10453903207375523,0.5776826912395714,0.0,108.32606304965907,0.001036226
2024-05-07,NIFTY_PSU_BANK,0.0,38862.56669497591,0.0,38.86256669497591,1.1542182308407845,0.03886256669497591,0.2147545435564369,0.0,40.270402036068106,0.001036226
2024-05-10,NIFTY_AUTO,0.0,50379.07631643415,0.0,50.37907631643415,1.4962585665980943,0.050379076316434145,0.27839477572461513,0.0,52.20410873507329,0.001036226
2024-05-22,NIFTY_AUTO,120532.12752739218,0.0,0.0,120.53212752739219,3.579804187563548,0.12053212752739217,0.6660605367163692,18.079819129108827,142.97834350830834,0.0011862260000000003
2024-05-22,NIFTY_METAL,120532.1275273922,0.0,0.0,120.53212752739219,3.579804187563548,0.12053212752739219,0.6660605367163692,18.079819129108827,142.97834350830834,0.001186226
2024-05-22,NIFTY_OIL_GAS,120532.1275273922,0.0,0.0,120.53212752739219,3.579804187563548,0.12053212752739219,0.6660605367163692,18.079819129108827,142.97834350830834,0.001186226
2024-05-22,NIFTY_PSU_BANK,120532.12752739218,0.0,0.0,120.53212752739219,3.579804187563548,0.12053212752739217,0.6660605367163692,18.079819129108827,142.97834350830834,0.0011862260000000003
2024-05-22,NIFTY_REALTY,120532.12752739218,0.0,0.0,120.53212752739219,3.579804187563548,0.12053212752739217,0.6660605367163692,18.079819129108827,142.97834350830834,0.0011862260000000003
2024-05-23,NIFTY_AUTO,0.0,79838.0683546967,0.0,79.8380683546967,2.371190630134492,0.0798380683546967,0.44118516572805394,0.0,82.73028221891394,0.001036226
2024-05-23,NIFTY_METAL,0.0,93355.79064417566,0.0,93.35579064417567,2.772666982132017,0.09335579064417567,0.5158840990997147,0.0,96.73769751605158,0.0010362260000000001
2024-05-23,NIFTY_OIL_GAS,0.0,118370.37154304163,0.0,118.37037154304163,3.5156000348283363,0.11837037154304161,0.6541146731468481,0.0,122.65845662255985,0.001036226
2024-05-23,NIFTY_PSU_BANK,0.0,80650.82779295128,0.0,80.65082779295129,2.395329585450653,0.08065082779295128,0.4456764743838487,0.0,83.57248468057874,0.0010362260000000001
2024-05-23,NIFTY_REALTY,0.0,124475.51496697529,0.0,124.47551496697531,3.6969227945191663,0.12447551496697529,0.6878516957075055,0.0,128.98476497216896,0.0010362260000000001
2024-05-27,NIFTY_PSU_BANK,0.0,44291.31661333011,0.0,44.29131661333011,1.3154521034159044,0.04429131661333011,0.2447538156052622,0.0,45.895813848964615,0.0010362260000000001
2024-05-28,NIFTY_AUTO,0.0,40624.63391218868,0.0,40.62463391218868,1.2065516271920038,0.04062463391218868,0.22449172699875466,0.0,42.09630190029163,0.0010362260000000001
2024-05-28,NIFTY_OIL_GAS,0.0,47249.62320953552,0.0,47.24962320953552,1.403313809323205,0.04724962320953552,0.2611014178558933,0.0,48.96128805992416,0.0010362260000000001
2024-06-10,NIFTY_AUTO,125640.90198941511,0.0,0.0,125.64090198941511,3.7315347890856287,0.1256409019894151,0.6942916243935079,18.846135298412264,149.03850460329593,0.001186226
2024-06-10,NIFTY_CONSUMER_DURABLES,125640.90198941511,0.0,0.0,125.64090198941511,3.7315347890856287,0.1256409019894151,0.6942916243935079,18.846135298412264,149.03850460329593,0.001186226
2024-06-10,NIFTY_METAL,125640.9019894151,0.0,0.0,125.6409019894151,3.7315347890856283,0.1256409019894151,0.6942916243935078,18.846135298412264,149.0385046032959,0.0011862259999999999
2024-06-10,NIFTY_OIL_GAS,125640.90198941511,0.0,0.0,125.64090198941511,3.7315347890856287,0.1256409019894151,0.6942916243935079,18.846135298412264,149.03850460329593,0.001186226
2024-06-10,NIFTY_REALTY,125640.90198941511,0.0,0.0,125.64090198941511,3.7315347890856287,0.1256409019894151,0.6942916243935079,18.846135298412264,149.03850460329593,0.001186226
2024-06-11,NIFTY_AUTO,0.0,83433.29161703773,0.0,83.43329161703774,2.4779687610260206,0.08343329161703773,0.4610523694757505,0.0,86.45574603915657,0.0010362260000000003
2024-06-11,NIFTY_CONSUMER_DURABLES,0.0,85552.79726719184,0.0,85.55279726719183,2.540918078835597,0.08555279726719184,0.47276475769850207,0.0,88.6520329009931,0.0010362259999999997
2024-06-11,NIFTY_METAL,0.0,121990.90306621353,0.0,121.99090306621352,3.623129821066542,0.12199090306621352,0.674121730343896,0.0,126.41014552069018,0.001036226
2024-06-11,NIFTY_OIL_GAS,0.0,126665.67450014243,0.0,126.66567450014243,3.76197053265423,0.12666567450014243,0.699954517287787,0.0,131.25426522458457,0.001036226
2024-06-11,NIFTY_REALTY,0.0,128661.46142238702,0.0,128.66146142238702,3.8212454042448942,0.128661461422387,0.7109832358201106,0.0,133.3223515238744,0.001036226
2024-06-12,NIFTY_CONSUMER_DURABLES,0.0,42903.89053184588,0.0,42.90389053184588,1.2742455487958226,0.04290389053184587,0.23708689907898034,0.0,44.458126870252535,0.0010362260000000001
2024-06-18,NIFTY_AUTO,0.0,44557.50010077702,0.0,44.55750010077702,1.3233577529930776,0.04455750010077702,0.2462247455568938,0.0,46.17164009942777,0.0010362260000000001
2024-06-20,NIFTY_METAL,0.0,50753.90130588285,0.0,50.75390130588285,1.5073908687847206,0.050753901305882844,0.28046605861630863,0.0,52.592512134589754,0.001036226
2024-06-24,NIFTY_AUTO,136762.02059823292,0.0,0.0,136.76202059823294,4.0618320117675175,0.13676202059823292,0.7557469258258351,20.514303089734938,162.23066464615945,0.001186226
2024-06-24,NIFTY_CONSUMER_DURABLES,136762.02059823292,0.0,0.0,136.76202059823294,4.0618320117675175,0.13676202059823292,0.7557469258258351,20.514303089734938,162.23066464615945,0.001186226
2024-06-24,NIFTY_METAL,136762.02059823292,0.0,0.0,136.76202059823294,4.0618320117675175,0.13676202059823292,0.7557469258258351,20.514303089734938,162.23066464615945,0.001186226
2024-06-24,NIFTY_OIL_GAS,136762.02059823292,0.0,0.0,136.76202059823294,4.0618320117675175,0.13676202059823292,0.7557469258258351,20.514303089734938,162.23066464615945,0.001186226
2024-06-24,NIFTY_REALTY,136762.02059823292,0.0,0.0,136.76202059823294,4.0618320117675175,0.13676202059823292,0.7557469258258351,20.514303089734938,162.23066464615945,0.001186226
2024-06-25,NIFTY_AUTO,0.0,92616.75875296355,0.0,92.61675875296355,2.7507177349630174,0.09261675875296355,0.5118002088688766,0.0,95.9718934555484,0.001036226
2024-06-25,NIFTY_CONSUMER_DURABLES,0.0,91597.68354837436,0.0,91.59768354837436,2.7204512013867186,0.09159768354837436,0.5061687992883168,0.0,94.91590123259778,0.0010362260000000001
2024-06-25,NIFTY_METAL,0.0,89542.61110527936,0.0,89.54261110527935,2.6594155498267966,0.08954261110527933,0.49481246896777364,0.0,92.7863817351792,0.001036226
2024-06-25,NIFTY_OIL_GAS,0.0,90856.80120904109,0.0,90.8568012090411,2.69844699590852,0.09085680120904108,0.502074683481161,0.0,94.14817968963982,0.0010362260000000001
2024-06-25,NIFTY_REALTY,0.0,94143.05840166482,0.0,94.14305840166483,2.7960488345294454,0.09414305840166481,0.5202345407275998,0.0,97.55348483532353,0.001036226
2024-06-26,NIFTY_OIL_GAS,0.0,45271.67235699447,0.0,45.27167235699447,1.3445686690027359,0.045271672356994475,0.25017126144475144,0.0,46.91168395979895,0.001036226
2024-06-26,NIFTY_REALTY,0.0,43033.29165806242,0.0,43.033291658062424,1.278088762244454,0.04303329165806242,0.23780196970245293,0.0,44.59221568166739,0.001036226
2024-07-15,NIFTY_AUTO,118363.24035372981,0.0,0.0,118.36324035372981,3.5153882385057753,0.1183632403537298,0.6540752661947109,17.75448605305947,140.4055531518435,0.0011862259999999999
2024-07-15,NIFTY_CONSUMER_DURABLES,118363.24035372981,0.0,0.0,118.36324035372981,3.5153882385057753,0.1183632403537298,0.6540752661947109,17.75448605305947,140.4055531518435,0.0011862259999999999
2024-07-15,NIFTY_METAL,0.0,45368.21620206098,0.0,45.368216202060985,1.3474360212012113,0.04536821620206098,0.250704762732589,0.0,47.01172520219685,0.0010362260000000001
2024-07-15,NIFTY_OIL_GAS,118363.24035372981,0.0,0.0,118.36324035372982,3.5153882385057753,0.11836324035372982,0.6540752661947109,17.75448605305947,140.40555315184352,0.0011862260000000003
2024-07-15,NIFTY_PHARMA,118363.24035372981,0.0,0.0,118.36324035372982,3.5153882385057753,0.11836324035372982,0.6540752661947109,17.75448605305947,140.40555315184352,0.0011862260000000003
2024-07-15,NIFTY_REALTY,118363.24035372981,0.0,0.0,118.36324035372982,3.5153882385057753,0.11836324035372982,0.6540752661947109,17.75448605305947,140.40555315184352,0.0011862260000000003
2024-07-16,NIFTY_AUTO,0.0,118740.37927304063,0.0,118.74037927304065,3.526589264409307,0.11874037927304062,0.6561593358628225,0.0,123.0418682525858,0.0010362260000000001
2024-07-16,NIFTY_CONSUMER_DURABLES,0.0,121310.39190150739,0.0,121.31039190150739,3.6029186394747694,0.12131039190150739,0.6703612256477298,0.0,125.7049821585314,0.001036226
2024-07-16,NIFTY_OIL_GAS,0.0,80725.85079084986,0.0,80.72585079084985,2.3975577684882405,0.08072585079084985,0.4460910514702362,0.0,83.65022546159918,0.001036226
2024-07-16,NIFTY_PHARMA,0.0,79854.06377020577,0.0,79.85406377020578,2.3716656939751113,0.07985406377020576,0.441273556394157,0.0,82.74685708434525,0.0010362260000000001
2024-07-16,NIFTY_REALTY,0.0,79456.0685034752,0.0,79.4560685034752,2.3598452345532133,0.0794560685034752,0.43907423455020395,0.0,82.3344440410821,0.0010362260000000001
2024-07-19,NIFTY_AUTO,0.0,43405.16481561419,0.0,43.40516481561419,1.2891333950237414,0.04340516481561419,0.239856940771084,0.0,44.97756031622463,0.0010362260000000001
2024-07-19,NIFTY_OIL_GAS,0.0,37634.92758733728,0.0,37.63492758733728,1.1177573493439172,0.03763492758733728,0.2079706098476258,0.0,38.99829047411616,0.001036226
2024-07-22,NIFTY_AUTO,121090.36402104967,0.0,0.0,121.09036402104967,3.596383811425175,0.12109036402104967,0.6691453515803205,18.163554603157447,143.64053815123367,0.001186226
2024-07-22,NIFTY_CONSUMER_DURABLES,0.0,44953.00916788452,0.0,44.953009167884524,1.3351043722861702,0.04495300916788452,0.24841032866172982,0.0,46.5814768780003,0.001036226
2024-07-22,NIFTY_HEALTHCARE,121090.36402104967,0.0,0.0,121.09036402104967,3.596383811425175,0.12109036402104967,0.6691453515803205,18.163554603157447,143.64053815123367,0.001186226
2024-07-22,NIFTY_OIL_GAS,121090.36402104967,0.0,0.0,121.09036402104967,3.596383811425175,0.12109036402104967,0.6691453515803205,18.163554603157447,143.64053815123367,0.001186226
2024-07-22,NIFTY_PHARMA,161790.9043978582,40742.75908308216,0.0,202.53366348094033,6.015249805383928,0.20253366348094035,1.1192010243956763,24.268635659678726,234.13928363387961,0.0011560511946988683
2024-07-22,NIFTY_REALTY,121090.36402104967,0.0,0.0,121.09036402104967,3.596383811425175,0.12109036402104967,0.6691453515803204,18.163554603157447,143.64053815123364,0.0011862259999999999
2024-07-23,NIFTY_AUTO,81882.62429362946,81967.56121171363,0.0,163.8501855053431,4.86635050950869,0.16385018550534308,0.9054361251025258,12.282393644044417,182.06821596950405,0.0011111871213814824
2024-07-23,NIFTY_HEALTHCARE,42739.84596889167,42784.18004864676,0.0,85.52402601753843,2.5400635727208916,0.08552402601753842,0.4726057677729174,6.41097689533375,95.03319627938353,0.0011111871213814824
2024-07-23,NIFTY_OIL_GAS,120204.75072865168,120329.43922213907,0.0,240.53418995079073,7.143865441538486,0.24053418995079073,1.3291919336680698,18.03071260929775,267.27849412524586,0.0011111871213814824
2024-07-23,NIFTY_PHARMA,164519.58198517867,164690.23829204304,0.0,329.2098202772217,9.777531662233486,0.3292098202772217,1.819213466851927,24.677937297776797,365.81371252436116,0.0011111871213814824
2024-07-23,NIFTY_REALTY,119736.44371031798,119860.64642852402,0.0,239.59709013884202,7.116033577123607,0.239597090138842,1.3240135201072407,17.960466556547697,266.2372008827594,0.0011111871213814824
2024-07-24,NIFTY_AUTO,0.0,80617.22394272013,0.0,80.61722394272013,2.3943315510987877,0.08061722394272011,0.4454907795074714,0.0,83.53766349726911,0.0010362260000000001
2024-07-24,NIFTY_HEALTHCARE,0.0,44249.019752772285,0.0,44.249019752772284,1.3141958866573369,0.04424901975277228,0.24452008315381965,0.0,45.851984742336214,0.001036226
2024-07-24,NIFTY_OIL_GAS,0.0,121586.7207885799,0.0,121.5867207885799,3.611125607420823,0.12158672078857989,0.6718882190776925,0.0,125.99132133586699,0.001036226
2024-07-24,NIFTY_PHARMA,0.0,165776.4778259658,0.0,165.7764778259658,4.923561391431184,0.16577647782596577,0.9160808164662869,0.0,171.7818965116892,0.001036226
2024-07-24,NIFTY_REALTY,0.0,121023.34688498848,0.0,121.02334688498848,3.5943934024841577,0.12102334688498846,0.6687750148864462,0.0,125.40753864924406,0.001036226
2024-07-25,NIFTY_REALTY,0.0,35268.85383579837,0.0,35.268853835798375,1.0474849589232116,0.03526885383579837,0.1948956862966218,0.0,36.546503334854,0.001036226
2024-08-05,NIFTY_AUTO,113586.50522455075,0.0,0.0,113.58650522455076,3.3735192051691576,0.11358650522455074,0.6276790278708675,17.03797578368261,134.73926574649795,0.001186226
2024-08-05,NIFTY_CONSUMER_DURABLES,113586.50522455075,0.0,0.0,113.58650522455076,3.373519205169157,0.11358650522455076,0.6276790278708675,17.03797578368261,134.73926574649795,0.001186226
2024-08-05,NIFTY_HEALTHCARE,113586.50522455075,0.0,0.0,113.58650522455076,3.3735192051691576,0.11358650522455074,0.6276790278708675,17.03797578368261,134.73926574649795,0.001186226
2024-08-05,NIFTY_OIL_GAS,113586.50522455075,0.0,0.0,113.58650522455076,3.373519205169157,0.11358650522455076,0.6276790278708675,17.03797578368261,134.73926574649795,0.001186226
2024-08-05,NIFTY_PHARMA,113586.50522455075,0.0,0.0,113.58650522455076,3.373519205169157,0.11358650522455076,0.6276790278708675,17.03797578368261,134.73926574649795,0.001186226
2024-08-06,NIFTY_AUTO,0.0,111129.35816698431,0.0,111.12935816698432,3.3005419375594345,0.11112935816698431,0.6141008332307554,0.0,115.15513029594149,0.0010362260000000001
2024-08-06,NIFTY_CONSUMER_DURABLES,0.0,75182.95102385612,0.0,75.1829510238561,2.2329336454085267,0.07518295102385611,0.4154609873578288,0.0,77.90652860764632,0.001036226
2024-08-06,NIFTY_HEALTHCARE,0.0,155996.12488199113,0.0,155.99612488199114,4.633084908995136,0.1559961248819911,0.8620345860978829,0.0,161.64724050196614,0.001036226
2024-08-06,NIFTY_OIL_GAS,0.0,73982.80509122735,0.0,73.98280509122735,2.1972893112094525,0.07398280509122734,0.40882898093412234,0.0,76.66290618846214,0.001036226
2024-08-06,NIFTY_PHARMA,0.0,112143.96683686468,0.0,112.14396683686468,3.3306758150548808,0.11214396683686467,0.6197075607405143,0.0,116.20649417949694,0.0010362260000000001
2024-08-13,NIFTY_HEALTHCARE,0.0,41856.50861676038,0.0,41.85650861676038,1.2431383059177834,0.04185650861676038,0.23129906661621788,0.0,43.37280249791114,0.001036226
2024-08-22,NIFTY_AUTO,113940.15270308251,0.0,0.0,113.94015270308252,3.3840225352815505,0.1139401527030825,0.6296332838372339,17.091022905462374,135.15877158036676,0.001186226
2024-08-22,NIFTY_CONSUMER_DURABLES,113940.15270308251,0.0,0.0,113.94015270308252,3.3840225352815505,0.1139401527030825,0.6296332838372339,17.091022905462374,135.15877158036676,0.001186226
2024-08-22,NIFTY_HEALTHCARE,113940.15270308251,0.0,0.0,113.9401527030825,3.3840225352815505,0.11394015270308251,0.6296332838372339,17.091022905462374,135.15877158036676,0.001186226
2024-08-22,NIFTY_OIL_GAS,113940.15270308251,0.0,0.0,113.94015270308252,3.3840225352815505,0.1139401527030825,0.6296332838372339,17.091022905462374,135.15877158036676,0.001186226
2024-08-22,NIFTY_PHARMA,113940.15270308251,0.0,0.0,113.9401527030825,3.3840225352815505,0.11394015270308251,0.6296332838372339,17.091022905462374,135.15877158036676,0.001186226
2024-08-23,NIFTY_AUTO,0.0,115342.7122588423,0.0,115.3427122588423,3.4256785540876162,0.1153427122588423,0.6373838279423625,0.0,119.52111735313112,0.0010362260000000001
2024-08-23,NIFTY_CONSUMER_DURABLES,0.0,113045.78834849826,0.0,113.04578834849826,3.3574599139503984,0.11304578834849827,0.6246910264138015,0.0,117.14098507721096,0.001036226
2024-08-23,NIFTY_HEALTHCARE,0.0,74084.54670065524,0.0,74.08454670065524,2.2003110370094605,0.07408454670065523,0.4093912050678208,0.0,76.76833348943316,0.001036226
2024-08-23,NIFTY_OIL_GAS,0.0,110154.333887502,0.0,110.15433388750199,3.2715837164588093,0.11015433388750198,0.6087128490623359,0.0,114.14478478691063,0.001036226
2024-08-23,NIFTY_PHARMA,0.0,113867.64384883965,0.0,113.86764384883966,3.3818690223105374,0.11386764384883964,0.629232599908688,0.0,117.99261311490773,0.0010362260000000001
2024-08-26,NIFTY_AUTO,0.0,40931.80751783657,0.0,40.93180751783657,1.215674683279746,0.040931807517836566,0.22618916834356487,0.0,42.414603176977714,0.001036226
2024-09-03,NIFTY_CONSUMER_DURABLES,0.0,44868.675719805564,0.0,44.868675719805566,1.3325996688782253,0.04486867571980556,0.24794430202764556,0.0,46.49408836643124,0.0010362260000000001
2024-09-09,NIFTY_AUTO,130467.27451314028,0.0,0.0,130.46727451314027,3.8748780530402662,0.13046727451314027,0.7209621589596131,19.57009117697104,154.7636731766243,0.0011862259999999999
2024-09-09,NIFTY_CONSUMER_DURABLES,130467.27451314028,0.0,0.0,130.46727451314027,3.8748780530402662,0.13046727451314027,0.7209621589596131,19.57009117697104,154.7636731766243,0.0011862259999999999
2024-09-09,NIFTY_HEALTHCARE,130467.27451314028,0.0,0.0,130.46727451314027,3.8748780530402662,0.13046727451314027,0.7209621589596132,19.57009117697104,154.76367317662434,0.001186226
2024-09-09,NIFTY_IT,130467.27451314028,0.0,0.0,130.46727451314027,3.8748780530402662,0.13046727451314027,0.7209621589596131,19.57009117697104,154.7636731766243,0.0011862259999999999
2024-09-09,NIFTY_OIL_GAS,0.0,40717.53337582672,0.0,40.717533375826726,1.2093107412620536,0.04071753337582672,0.22500508943481845,0.0,42.19256673989942,0.001036226
2024-09-09,NIFTY_PHARMA,130467.27451314028,0.0,0.0,130.46727451314027,3.8748780530402662,0.13046727451314027,0.7209621589596131,19.57009117697104,154.7636731766243,0.0011862259999999999
2024-09-10,NIFTY_AUTO,0.0,86332.76861768021,0.0,86.33276861768022,2.5640832279451025,0.08633276861768022,0.4770748793813009,0.0,89.4602594936243,0.0010362260000000001
2024-09-10,NIFTY_CONSUMER_DURABLES,0.0,88006.3906671199,0.0,88.00639066711989,2.6137898028134607,0.08800639066711989,0.48632331482650454,0.0,91.19451017542698,0.0010362260000000001
2024-09-10,NIFTY_HEALTHCARE,0.0,64353.11470398642,0.0,64.35311470398642,1.9112875067083968,0.06435311470398641,0.35561531185422895,0.0,66.68437063725302,0.001036226
2024-09-10,NIFTY_IT,0.0,130914.81164450289,0.0,130.9148116445029,3.888169905841736,0.1309148116445029,0.7234352491475229,0.0,135.65733161113667,0.0010362260000000001
2024-09-10,NIFTY_PHARMA,0.0,134894.27482304387,0.0,134.89427482304387,4.006359962244403,0.13489427482304386,0.7454257626721403,0.0,139.78095482278346,0.001036226
2024-09-11,NIFTY_HEALTHCARE,0.0,64788.24357700843,0.0,64.78824357700843,1.9242108342371502,0.06478824357700842,0.3580198340065485,0.0,67.13526248882914,0.0010362260000000001
2024-09-13,NIFTY_CONSUMER_DURABLES,0.0,46734.228994340505,0.0,46.734228994340505,1.388006601131913,0.0467342289943405,0.2582533494227256,0.0,48.42722317388948,0.001036226
2024-09-16,NIFTY_AUTO,123077.09862305585,0.0,0.0,123.07709862305585,3.6553898291047586,0.12307709862305584,0.6801240469910066,18.461564793458376,145.99725439123304,0.0011862259999999999
2024-09-16,NIFTY_CONSUMER_DURABLES,123077.09862305585,0.0,0.0,123.07709862305586,3.6553898291047586,0.12307709862305583,0.6801240469910065,18.461564793458372,145.99725439123304,0.0011862259999999999
2024-09-16,NIFTY_FMCG,123077.09862305585,0.0,0.0,123.07709862305586,3.6553898291047586,0.12307709862305583,0.6801240469910065,18.461564793458372,145.99725439123304,0.0011862259999999999
2024-09-16,NIFTY_HEALTHCARE,123077.09862305585,0.0,0.0,123.07709862305585,3.6553898291047586,0.12307709862305584,0.6801240469910066,18.461564793458376,145.99725439123304,0.0011862259999999999
2024-09-16,NIFTY_PHARMA,123077.09862305585,0.0,0.0,123.07709862305586,3.6553898291047586,0.12307709862305583,0.6801240469910065,18.461564793458372,145.99725439123304,0.0011862259999999999
2024-09-17,NIFTY_AUTO,0.0,121556.09732692932,0.0,121.55609732692932,3.610216090609801,0.12155609732692932,0.6717189938286114,0.0,125.95958850869467,0.0010362260000000001
2024-09-17,NIFTY_CONSUMER_DURABLES,0.0,84285.30789197014,0.0,84.28530789197013,2.503273644391513,0.08428530789197014,0.465760611411027,0.0,87.33862745566464,0.001036226
2024-09-17,NIFTY_FMCG,0.0,79887.56035112127,0.0,79.88756035112127,2.372660542428302,0.07988756035112127,0.4414586585002962,0.0,82.78156711240099,0.0010362260000000001
2024-09-17,NIFTY_HEALTHCARE,0.0,60591.29048933974,0.0,60.59129048933974,1.7995613275333904,0.06059129048933974,0.3348274712440914,0.0,62.78627057860656,0.001036226
2024-09-17,NIFTY_PHARMA,0.0,121989.75622869597,0.0,121.98975622869597,3.62309575999227,0.12198975622869596,0.6741153929197738,0.0,126.4089571378367,0.001036226
2024-09-24,NIFTY_AUTO,93564.94745545265,0.0,0.0,93.56494745545265,2.778878939426944,0.09356494745545264,0.5170398996388313,14.034742118317897,110.98917336029177,0.0011862259999999999
2024-09-24,NIFTY_CONSUMER_DURABLES,93564.94745545265,0.0,0.0,93.56494745545265,2.778878939426944,0.09356494745545264,0.5170398996388313,14.034742118317897,110.98917336029177,0.0011862259999999999
2024-09-24,NIFTY_FMCG,93564.94745545265,0.0,0.0,93.56494745545265,2.778878939426944,0.09356494745545264,0.5170398996388313,14.034742118317897,110.98917336029177,0.0011862259999999999
2024-09-24,NIFTY_HEALTHCARE,93564.94745545265,0.0,0.0,93.56494745545265,2.778878939426944,0.09356494745545264,0.5170398996388313,14.034742118317897,110.98917336029177,0.0011862259999999999
2024-09-24,NIFTY_PHARMA,93564.94745545265,0.0,0.0,93.56494745545265,2.778878939426944,0.09356494745545264,0.5170398996388315,14.034742118317897,110.98917336029177,0.0011862259999999999
2024-09-25,NIFTY_AUTO,0.0,93778.14361036482,0.0,93.77814361036482,2.7852108652278353,0.09377814361036482,0.5182180215908759,0.0,97.1753506407939,0.0010362260000000001
2024-09-25,NIFTY_CONSUMER_DURABLES,0.0,93426.20975542258,0.0,93.42620975542258,2.7747584297360506,0.09342620975542258,0.5162732351084651,0.0,96.81066763002252,0.0010362260000000001
2024-09-25,NIFTY_FMCG,0.0,92197.23750499655,0.0,92.19723750499655,2.7382579538983975,0.09219723750499655,0.5094819344526109,0.0,95.53717463085256,0.0010362260000000001
2024-09-25,NIFTY_HEALTHCARE,0.0,94169.16224787918,0.0,94.16916224787919,2.7968241187620118,0.09416916224787918,0.5203787905817804,0.0,97.58053431947086,0.0010362260000000001
2024-09-25,NIFTY_PHARMA,0.0,94642.75087691593,0.0,94.64275087691593,2.8108897010444034,0.09464275087691593,0.5229958413458374,0.0,98.07127917018309,0.001036226
2024-10-03,NIFTY_FMCG,0.0,37812.05591401844,0.0,37.812055914018444,1.1230180606463478,0.03781205591401844,0.2089494209808659,0.0,39.18183545155967,0.001036226
2024-10-07,NIFTY_AUTO,0.0,46593.81700429656,0.0,46.59381700429656,1.3838363650276078,0.04659381700429656,0.25747743276574275,0.0,48.2817246190942,0.001036226
2024-10-07,NIFTY_CONSUMER_DURABLES,110409.34766948642,0.0,0.0,110.40934766948642,3.2791576257837467,0.11040934766948642,0.6101220552215819,16.56140215042296,130.9704388485842,0.0011862259999999999
2024-10-07,NIFTY_FMCG,110409.34766948642,0.0,0.0,110.40934766948641,3.2791576257837467,0.11040934766948642,0.6101220552215819,16.56140215042296,130.9704388485842,0.0011862259999999999
2024-10-07,NIFTY_HEALTHCARE,110409.34766948642,0.0,0.0,110.40934766948642,3.2791576257837467,0.11040934766948642,0.6101220552215819,16.56140215042296,130.9704388485842,0.0011862259999999999
2024-10-07,NIFTY_IT,110409.34766948642,0.0,0.0,110.40934766948641,3.2791576257837467,0.11040934766948642,0.6101220552215819,16.56140215042296,130.9704388485842,0.0011862259999999999
2024-10-07,NIFTY_PHARMA,110409.34766948642,0.0,0.0,110.40934766948641,3.2791576257837467,0.11040934766948642,0.6101220552215819,16.56140215042296,130.9704388485842,0.0011862259999999999
2024-10-08,NIFTY_CONSUMER_DURABLES,0.0,113059.0740017161,0.0,113.05907400171611,3.357854497850968,0.1130590740017161,0.6247644429334831,0.0,117.15475201650227,0.0010362260000000001
2024-10-08,NIFTY_FMCG,0.0,72787.24995596803,0.0,72.78724995596804,2.1617813236922503,0.07278724995596803,0.40222234325667927,0.0,75.42404087287292,0.001036226
2024-10-08,NIFTY_HEALTHCARE,0.0,111602.98330792152,0.0,111.60298330792152,3.314608604245269,0.11160298330792151,0.6167180857595742,0.0,115.64591298123428,0.001036226
2024-10-08,NIFTY_IT,0.0,73705.4677292943,0.0,73.70546772929428,2.1890523915600406,0.07370546772929429,0.4072964146720802,0.0,76.37552200325571,0.0010362260000000001
2024-10-08,NIFTY_PHARMA,0.0,111690.98329096209,0.0,111.6909832909621,3.3172222037415744,0.11169098329096208,0.6172043736658566,0.0,115.7371008516605,0.0010362260000000001
2024-10-09,NIFTY_CONSUMER_DURABLES,0.0,40883.54066546028,0.0,40.88354066546028,1.2142411577641703,0.04088354066546027,0.22592244571733347,0.0,42.364587809607244,0.0010362260000000001
2024-10-09,NIFTY_IT,0.0,37324.26809111336,0.0,37.32426809111336,1.1085307623060667,0.037324268091113354,0.20625390547149242,0.0,38.67637702698203,0.0010362260000000001
2024-10-10,NIFTY_HEALTHCARE,0.0,58367.89082941408,0.0,58.36789082941408,1.7335263576335982,0.05836789082941408,0.3225409647233422,0.0,60.48232604260044,0.0010362260000000001
2024-10-14,NIFTY_AUTO,130627.87874125969,0.0,0.0,130.6278787412597,3.879647998615413,0.1306278787412597,0.721849657924201,19.594181811188953,154.9541860877295,0.001186226
2024-10-14,NIFTY_CONSUMER_DURABLES,130627.87874125969,0.0,0.0,130.6278787412597,3.879647998615413,0.1306278787412597,0.721849657924201,19.594181811188953,154.9541860877295,0.001186226
2024-10-14,NIFTY_FMCG,0.0,34395.43790108794,0.0,34.395437901087945,1.0215445056623118,0.03439543790108794,0.19006918984141197,0.0,35.64144703449276,0.0010362260000000001
2024-10-14,NIFTY_HEALTHCARE,130627.87874125969,0.0,0.0,130.62787874125968,3.879647998615413,0.13062787874125967,0.7218496579242011,19.59418181118895,154.95418608772948,0.0011862259999999999
2024-10-14,NIFTY_IT,130627.87874125969,0.0,0.0,130.6278787412597,3.879647998615413,0.1306278787412597,0.721849657924201,19.594181811188953,154.9541860877295,0.001186226
2024-10-14,NIFTY_PHARMA,130627.87874125969,0.0,0.0,130.6278787412597,3.879647998615413,0.1306278787412597,0.721849657924201,19.594181811188953,154.9541860877295,0.001186226
2024-10-15,NIFTY_AUTO,0.0,85741.4592537063,0.0,85.7414592537063,2.546521339835077,0.08574145925370628,0.4738073038359809,0.0,88.84752935663107,0.0010362260000000001
2024-10-15,NIFTY_CONSUMER_DURABLES,0.0,89194.65671421509,0.0,89.19465671421509,2.6490813044121877,0.08919465671421509,0.49288967300275255,0.0,92.42582234834424,0.001036226
2024-10-15,NIFTY_HEALTHCARE,0.0,62956.81129121371,0.0,62.95681129121371,1.869817295349047,0.06295681129121371,0.34789933919524696,0.0,65.23748473704923,0.0010362260000000001
2024-10-15,NIFTY_IT,0.0,132372.40170438043,0.0,132.37240170438045,3.931460330620099,0.13237240170438042,0.7314898918184063,0.0,137.16772432852332,0.001036226
2024-10-15,NIFTY_PHARMA,0.0,130546.48901694543,0.0,130.54648901694543,3.8772307238032795,0.13054648901694543,0.7213998983076404,0.0,135.27566612807328,0.001036226
2024-10-22,NIFTY_AUTO,100058.57275071247,0.0,0.0,100.05857275071247,2.97173961069616,0.10005857275071246,0.5529236730204371,15.00878591260687,118.69208051978664,0.0011862259999999999
2024-10-22,NIFTY_CONSUMER_DURABLES,100058.57275071247,0.0,0.0,100.05857275071247,2.97173961069616,0.10005857275071246,0.5529236730204371,15.00878591260687,118.69208051978664,0.0011862259999999999
2024-10-22,NIFTY_HEALTHCARE,100058.57275071247,0.0,0.0,100.05857275071247,2.97173961069616,0.10005857275071246,0.5529236730204371,15.00878591260687,118.69208051978664,0.0011862259999999999
2024-10-22,NIFTY_IT,100058.57275071248,0.0,0.0,100.05857275071247,2.9717396106961607,0.10005857275071248,0.5529236730204371,15.00878591260687,118.69208051978666,0.0011862259999999999
2024-10-22,NIFTY_PHARMA,100058.57275071248,0.0,0.0,100.05857275071247,2.9717396106961607,0.10005857275071248,0.5529236730204371,15.00878591260687,118.69208051978666,0.0011862259999999999
2024-10-23,NIFTY_AUTO,0.0,95885.9841228383,0.0,95.8859841228383,2.8478137284482976,0.09588598412283829,0.5298659482628043,0.0,99.35954978367224,0.001036226
2024-10-23,NIFTY_CONSUMER_DURABLES,0.0,98176.57350061974,0.0,98.17657350061972,2.915844232968406,0.09817657350061973,0.5425237451644246,0.0,101.73311805225319,0.0010362260000000001
2024-10-23,NIFTY_HEALTHCARE,0.0,97158.78313971398,0.0,97.15878313971399,2.8856158592495054,0.09715878313971398,0.5368994356300595,0.0,100.67845721773328,0.0010362260000000001
2024-10-23,NIFTY_IT,0.0,67189.48209831197,0.0,67.18948209831197,1.9955276183198654,0.06718948209831196,0.37128907807527195,0.0,69.62348827680542,0.001036226
2024-10-23,NIFTY_PHARMA,0.0,97521.72126106446,0.0,97.52172126106447,2.8963951214536143,0.09752172126106445,0.5389050316886422,0.0,101.05454313546778,0.001036226
2024-10-28,NIFTY_AUTO,0.0,38384.135392547105,0.0,38.38413539254711,1.140008821158649,0.038384135392547106,0.2121107321792153,0.0,39.77463908127752,0.0010362260000000001
2024-10-28,NIFTY_CONSUMER_DURABLES,0.0,40923.981064414205,0.0,40.92398106441421,1.215442237613102,0.0409239810644142,0.2261459193619529,0.0,42.40649320245368,0.0010362260000000001
2024-10-28,NIFTY_HEALTHCARE,178228.6767635867,0.0,0.0,178.2286767635867,5.293391699878525,0.1782286767635867,0.9848916677955799,26.734301514538004,211.41949032256238,0.0011862259999999999
2024-10-28,NIFTY_IT,178228.6767635867,0.0,0.0,178.2286767635867,5.293391699878525,0.1782286767635867,0.9848916677955799,26.734301514538004,211.41949032256238,0.0011862259999999999
2024-10-28,NIFTY_PHARMA,178228.6767635867,0.0,0.0,178.2286767635867,5.293391699878525,0.1782286767635867,0.9848916677955801,26.734301514538004,211.4194903225624,0.001186226
2024-10-29,NIFTY_HEALTHCARE,0.0,182069.36934870985,0.0,182.06936934870984,5.407460269656682,0.18206936934870985,1.0061153350209706,0.0,188.66501432273623,0.0010362260000000001
2024-10-29,NIFTY_IT,0.0,179328.83781798577,0.0,179.32883781798577,5.326066483194177,0.17932883781798575,0.9909711577821894,0.0,185.8252042967801,0.001036226
2024-10-29,NIFTY_PHARMA,0.0,175831.18437422966,0.0,175.83118437422968,5.222186175914621,0.17583118437422965,0.9716431248519931,0.0,182.2008448593705,0.001036226
2024-10-30,NIFTY_IT,0.0,32952.46305315941,0.0,32.952463053159406,0.9786881526788345,0.03295246305315941,0.1820953108317589,0.0,34.14619897972315,0.0010362259999999997
2024-11-18,NIFTY_PHARMA,175648.98352937028,0.0,0.0,175.64898352937027,5.216774810822297,0.17564898352937028,0.9706362829833002,26.34734752940554,208.35939113611076,0.0011862259999999999
2024-11-19,NIFTY_HEALTHCARE,285955.0227515611,0.0,0.0,285.9550227515611,8.492864175721364,0.28595502275156104,1.5801874557251263,42.893253412734154,339.20728281849335,0.0011862260000000003
2024-11-19,NIFTY_IT,285955.0227515611,0.0,0.0,285.9550227515611,8.492864175721365,0.28595502275156104,1.5801874557251265,42.89325341273416,339.20728281849335,0.0011862260000000003
2024-11-19,NIFTY_PHARMA,0.0,178152.61807568444,0.0,178.15261807568444,5.291132756847828,0.17815261807568444,0.9844713674862323,0.0,184.60637481809417,0.001036226
2024-11-21,NIFTY_HEALTHCARE,0.0,288651.7601503756,0.0,288.6517601503756,8.572957276466155,0.2886517601503756,1.5950896265909755,0.0,299.10845881358307,0.001036226
2024-11-21,NIFTY_IT,0.0,190573.78310693268,0.0,190.5737831069327,5.660041358275901,0.19057378310693268,1.05311072544891,0.0,197.47750897376443,0.0010362260000000001
2024-11-22,NIFTY_HEALTHCARE,239364.47864476047,0.0,0.0,239.36447864476048,7.109125015749386,0.23936447864476046,1.3227281089909464,35.90467179671407,283.94036804485967,0.001186226
2024-11-22,NIFTY_IT,239364.47864476047,0.0,0.0,239.36447864476048,7.109125015749386,0.23936447864476046,1.3227281089909464,35.90467179671407,283.94036804485967,0.001186226
2024-11-25,NIFTY_HEALTHCARE,0.0,244185.62726770595,0.0,244.18562726770594,7.252313129850867,0.24418562726770593,1.349369776281343,0.0,253.03149580110588,0.0010362260000000001
2024-11-25,NIFTY_IT,0.0,244311.9338642786,0.0,244.31193386427861,7.2560644357690744,0.24431193386427863,1.3500677465340036,0.0,253.162377980446,0.0010362260000000001
2024-12-02,NIFTY_HEALTHCARE,0.0,34978.667279312554,0.0,34.97866727931255,1.038866418195583,0.03497866727931255,0.1932921153854812,0.0,36.24580448017293,0.001036226
2024-12-09,NIFTY_CONSUMER_DURABLES,130733.44718325883,0.0,0.0,130.73344718325885,3.8827833813427874,0.13073344718325886,0.7224330291346883,19.610017077488823,155.0794141184084,0.001186226
2024-12-09,NIFTY_HEALTHCARE,130733.44718325885,0.0,0.0,130.73344718325885,3.882783381342788,0.13073344718325883,0.7224330291346884,19.610017077488827,155.0794141184084,0.001186226
2024-12-09,NIFTY_IT,130733.44718325885,0.0,0.0,130.73344718325885,3.882783381342788,0.13073344718325883,0.7224330291346884,19.610017077488827,155.0794141184084,0.001186226
2024-12-09,NIFTY_PSU_BANK,130733.44718325883,0.0,0.0,130.73344718325885,3.8827833813427874,0.13073344718325886,0.7224330291346883,19.610017077488823,155.0794141184084,0.001186226
2024-12-10,NIFTY_CONSUMER_DURABLES,0.0,88667.29765824368,0.0,88.66729765824368,2.6334187404498373,0.08866729765824369,0.4899754868594546,0.0,91.87935918321122,0.0010362260000000001
2024-12-10,NIFTY_HEALTHCARE,0.0,127232.92426729373,0.0,127.23292426729373,3.7788178507386236,0.1272329242672937,0.703089139501065,0.0,131.8420641818007,0.001036226
2024-12-10,NIFTY_IT,0.0,134205.55153410637,0.0,134.20555153410635,3.985904880562959,0.13420555153410635,0.7416198777774716,0.0,139.06728184398088,0.0010362259999999997
2024-12-10,NIFTY_PSU_BANK,0.0,87471.3571354518,0.0,87.47135713545183,2.597899306922919,0.08747135713545182,0.4833667195305067,0.0,90.64009451904069,0.0010362260000000001
2024-12-16,NIFTY_CONSUMER_DURABLES,87424.7403590735,0.0,0.0,87.42474035907351,2.596514788664483,0.0874247403590735,0.48310911522424016,13.113711053861024,103.70550005718232,0.0011862259999999999
2024-12-16,NIFTY_FINANCIAL_SERVICES,87424.7403590735,0.0,0.0,87.4247403590735,2.596514788664483,0.0874247403590735,0.48310911522424016,13.113711053861024,103.70550005718233,0.001186226
2024-12-16,NIFTY_HEALTHCARE,87424.7403590735,0.0,0.0,87.42474035907351,2.596514788664483,0.0874247403590735,0.48310911522424016,13.113711053861024,103.70550005718232,0.0011862259999999999
2024-12-16,NIFTY_IT,87424.7403590735,0.0,0.0,87.42474035907351,2.596514788664483,0.0874247403590735,0.48310911522424016,13.113711053861024,103.70550005718232,0.0011862259999999999
2024-12-16,NIFTY_PSU_BANK,130024.28100428515,42643.72918613128,0.0,172.66801019041642,5.128239902655368,0.17266801019041642,0.9541634243122411,19.50364215064277,198.42672367821723,0.001149180577568447
2024-12-17,NIFTY_CONSUMER_DURABLES,0.0,86456.43123415494,0.0,86.45643123415493,2.5677560076544017,0.08645643123415495,0.4777582389999402,0.0,89.58840191204344,0.0010362260000000001
2024-12-17,NIFTY_FINANCIAL_SERVICES,0.0,86769.9448226245,0.0,86.76994482262451,2.577067361231948,0.0867699448226245,0.479490715089823,0.0,89.91327284376891,0.0010362260000000001
2024-12-17,NIFTY_HEALTHCARE,0.0,43744.62733869845,0.0,43.74462733869845,1.2992154319593439,0.043744627338698445,0.24173281067364763,0.0,45.32932020867014,0.0010362260000000001
2024-12-17,NIFTY_IT,0.0,86710.46447584042,0.0,86.71046447584042,2.5753007949324607,0.08671046447584042,0.47916202669349417,0.0,89.85163776194221,0.0010362260000000001
2024-12-17,NIFTY_PSU_BANK,0.0,85930.07056946144,0.0,85.93007056946144,2.5521230959130046,0.08593007056946145,0.4748495699668439,0.0,89.04297330591075,0.001036226
2024-12-20,NIFTY_PSU_BANK,0.0,40883.33789381715,0.0,40.88333789381715,1.2142351354463694,0.04088333789381715,0.22592132520123356,0.0,42.36437769235857,0.0010362260000000001
2024-12-23,NIFTY_IT,0.0,97921.4920810911,0.0,97.9214920810911,2.9082683148084056,0.09792149208109109,0.5411141652401094,0.0,101.4687960532207,0.001036226
2024-12-24,NIFTY_CONSUMER_DURABLES,105573.76192718201,0.0,0.0,105.57376192718202,3.135540729237306,0.10557376192718201,0.5834006084096078,15.836064289077301,125.2343413158334,0.0011862259999999999
2024-12-24,NIFTY_FINANCIAL_SERVICES,105573.76192718203,0.0,0.0,105.57376192718203,3.135540729237306,0.10557376192718201,0.5834006084096078,15.836064289077303,125.23434131583343,0.001186226
2024-12-24,NIFTY_HEALTHCARE,147673.6595340214,42143.56786759657,0.0,189.81722740161797,5.637571653828054,0.18981722740161797,1.048929998621341,22.151048930103208,218.8445952115722,0.0011529227257573293
2024-12-24,NIFTY_IT,105573.76192718203,0.0,0.0,105.57376192718203,3.135540729237306,0.10557376192718201,0.5834006084096078,15.836064289077303,125.23434131583343,0.001186226
2024-12-24,NIFTY_PSU_BANK,105573.76192718203,0.0,0.0,105.57376192718203,3.135540729237306,0.10557376192718201,0.5834006084096078,15.836064289077303,125.23434131583343,0.001186226
2024-12-26,NIFTY_CONSUMER_DURABLES,0.0,105981.06271851384,0.0,105.98106271851384,3.1476375627398614,0.10598106271851383,0.5856513525825074,0.0,109.82033269655474,0.0010362260000000001
2024-12-26,NIFTY_FINANCIAL_SERVICES,0.0,105518.30126831261,0.0,105.51830126831263,3.133893547668885,0.10551830126831262,0.5830941328086956,0.0,109.34080725005852,0.0010362260000000001
2024-12-26,NIFTY_HEALTHCARE,0.0,74149.19420100747,0.0,74.14919420100748,2.202231067769922,0.07414919420100746,0.40974844715476727,0.0,76.83532291013317,0.0010362260000000001
2024-12-26,NIFTY_IT,0.0,69632.18546596538,0.0,69.63218546596538,2.0680759083391713,0.06963218546596538,0.38478745688492466,0.0,72.15468101665545,0.0010362260000000001
2024-12-26,NIFTY_PSU_BANK,0.0,70660.36257893553,0.0,70.66036257893553,2.098612768594385,0.07066036257893553,0.3904691636111977,0.0,73.22010487372005,0.001036226
2024-12-27,NIFTY_CONSUMER_DURABLES,0.0,44903.41223702561,0.0,44.903412237025606,1.3336313434396605,0.044903412237025604,0.24813625602180348,0.0,46.5300832487241,0.001036226
2024-12-30,NIFTY_PSU_BANK,0.0,33616.44939416011,0.0,33.616449394160114,0.9984085470065552,0.03361644939416011,0.18576449935212874,0.0,34.83423888991296,0.0010362260000000001
2025-01-06,NIFTY_CONSUMER_DURABLES,100787.64645860696,0.0,0.0,100.78764645860696,2.9933930998206266,0.10078764645860697,0.5569525343302622,15.118146968791045,119.5569267080075,0.0011862259999999999
2025-01-06,NIFTY_FINANCIAL_SERVICES,100787.64645860696,0.0,0.0,100.78764645860696,2.9933930998206266,0.10078764645860697,0.5569525343302622,15.118146968791045,119.5569267080075,0.0011862259999999999
2025-01-06,NIFTY_HEALTHCARE,100787.64645860696,0.0,0.0,100.78764645860697,2.9933930998206266,0.10078764645860695,0.556952534330262,15.118146968791043,119.55692670800751,0.001186226
2025-01-06,NIFTY_IT,100787.64645860696,0.0,0.0,100.78764645860697,2.9933930998206266,0.10078764645860695,0.556952534330262,15.118146968791043,119.55692670800751,0.001186226
2025-01-06,NIFTY_PHARMA,100787.64645860696,0.0,0.0,100.78764645860696,2.9933930998206266,0.10078764645860697,0.5569525343302622,15.118146968791045,119.5569267080075,0.0011862259999999999
2025-01-07,NIFTY_CONSUMER_DURABLES,0.0,64668.682480251184,0.0,64.66868248025119,1.92065986966346,0.06466868248025118,0.35735913938586805,0.0,67.01137017178077,0.0010362260000000001
2025-01-07,NIFTY_FINANCIAL_SERVICES,0.0,98718.89489027523,0.0,98.71889489027522,2.9319511782411745,0.09871889489027522,0.545520613163661,0.0,102.29508557657033,0.001036226
2025-01-07,NIFTY_HEALTHCARE,0.0,101263.05230455496,0.0,101.26305230455496,3.0075126534452825,0.10126305230455496,0.5595796270349707,0.0,104.93140763733977,0.0010362260000000001
2025-01-07,NIFTY_IT,0.0,99130.65078679885,0.0,99.13065078679885,2.944180328367926,0.09913065078679884,0.5477959762478504,0.0,102.72175774220142,0.001036226
2025-01-07,NIFTY_PHARMA,0.0,100667.85265159693,0.0,100.66785265159693,2.989835223752429,0.10066785265159692,0.5562905537527245,0.0,104.31464628175368,0.0010362260000000001
2025-01-08,NIFTY_HEALTHCARE,0.0,62350.75647801598,0.0,62.35075647801598,1.8518174673970746,0.06235075647801598,0.3445502802975163,0.0,64.60947498218857,0.0010362259999999997
2025-01-13,NIFTY_CONSUMER_DURABLES,105250.80116982028,0.0,0.0,105.25080116982028,3.125948794743662,0.10525080116982027,0.5816159272644268,15.78762017547304,124.85123686847122,0.0011862259999999999
2025-01-13,NIFTY_HEALTHCARE,178006.12315786976,72830.79114743703,0.0,250.8369143053068,7.449856354867611,0.25083691430530675,1.3861247884511252,26.70091847368046,286.6246508366113,0.0011426733247393778
2025-01-13,NIFTY_IT,105250.80116982028,0.0,0.0,105.25080116982028,3.125948794743662,0.10525080116982027,0.5816159272644268,15.78762017547304,124.85123686847122,0.0011862259999999999
2025-01-13,NIFTY_MIDSMALL_HEALTHCARE,105250.80116982028,0.0,0.0,105.25080116982026,3.1259487947436617,0.10525080116982026,0.5816159272644268,15.787620175473041,124.85123686847122,0.0011862259999999999
2025-01-13,NIFTY_PHARMA,105250.80116982028,0.0,0.0,105.25080116982026,3.1259487947436617,0.10525080116982026,0.5816159272644268,15.787620175473041,124.85123686847122,0.0011862259999999999
2025-01-14,NIFTY_CONSUMER_DURABLES,0.0,102905.73928411862,0.0,102.90573928411862,3.056300456738323,0.10290573928411861,0.5686571152840395,0.0,106.63360259542512,0.0010362260000000001
2025-01-14,NIFTY_HEALTHCARE,0.0,58335.526011977316,0.0,58.335526011977315,1.7325651225557264,0.058335526011977314,0.3223621167421867,0.0,60.448788777287206,0.001036226
2025-01-14,NIFTY_IT,0.0,103132.56113589497,0.0,103.13256113589496,3.06303706573608,0.10313256113589496,0.5699105328369555,0.0,106.86864129560388,0.001036226
2025-01-14,NIFTY_PHARMA,0.0,104576.58821309297,0.0,104.57658821309298,3.105924669928861,0.10457658821309296,0.5778902264655518,0.0,108.36497969770048,0.0010362260000000001
2025-01-15,NIFTY_HEALTHCARE,0.0,54868.83071040245,0.0,54.86883071040245,1.6296042720989528,0.054868830710402446,0.3032051585056839,0.0,56.85650897171749,0.001036226
2025-01-15,NIFTY_IT,0.0,33622.78911179376,0.0,33.622789111793765,0.9985968366202748,0.03362278911179376,0.18579953263177235,0.0,34.8408082701576,0.001036226
2025-01-17,NIFTY_CONSUMER_DURABLES,0.0,29262.468921228854,0.0,29.262468921228855,0.869095326960497,0.029262468921228853,0.16170440325871063,0.0,30.32253112036929,0.0010362260000000001
2025-01-20,NIFTY_HEALTHCARE,196080.69053676582,0.0,0.0,196.08069053676581,5.823596508941945,0.1960806905367658,1.0835418959061678,29.41210358051487,232.59601321266555,0.0011862259999999999
2025-01-20,NIFTY_IT,196080.69053676582,0.0,0.0,196.08069053676581,5.823596508941945,0.1960806905367658,1.0835418959061678,29.41210358051487,232.59601321266558,0.001186226
2025-01-20,NIFTY_MIDSMALL_HEALTHCARE,0.0,102147.7522392286,0.0,102.1477522392286,3.033788241505089,0.10214775223922859,0.5644684788739772,0.0,105.84815671184688,0.001036226
2025-01-20,NIFTY_PHARMA,196080.69053676582,0.0,0.0,196.08069053676581,5.823596508941945,0.1960806905367658,1.0835418959061678,29.41210358051487,232.59601321266558,0.001186226
2025-01-21,NIFTY_HEALTHCARE,0.0,96820.85179604415,0.0,96.82085179604415,2.8755792983425112,0.09682085179604415,0.5350320270249399,0.0,100.32828397320765,0.001036226
2025-01-21,NIFTY_IT,0.0,130224.95893185236,0.0,130.22495893185237,3.8676812802760154,0.13022495893185237,0.7196231230574162,0.0,134.94248829411765,0.0010362260000000001
2025-01-21,NIFTY_PHARMA,0.0,196591.90938936034,0.0,196.59190938936035,5.838779708864002,0.1965919093893603,1.0863668912856053,0.0,203.7136478988993,0.001036226
2025-01-22,NIFTY_HEALTHCARE,141066.24523236355,0.0,0.0,141.06624523236354,4.189667483401197,0.14106624523236355,0.779532071154041,21.15993678485453,167.33644781700568,0.0011862259999999999
2025-01-22,NIFTY_IT,207102.84510808083,66105.09969875771,0.0,273.20794480683855,8.114275960763106,0.2732079448068385,1.5097471030025897,31.06542676621212,314.17060258162314,0.001149932161759592
2025-01-22,NIFTY_PHARMA,141066.24523236355,0.0,0.0,141.06624523236357,4.189667483401197,0.14106624523236355,0.7795320711540409,21.15993678485453,167.3364478170057,0.001186226
2025-01-23,NIFTY_HEALTHCARE,0.0,143334.11673687852,0.0,143.3341167368785,4.257023267085292,0.14333411673687851,0.7920643290879906,0.0,148.52653844978866,0.001036226
2025-01-23,NIFTY_IT,0.0,140826.66632157884,0.0,140.82666632157884,4.182551989750891,0.1408266663215788,0.7782081580930446,0.0,145.92825313574434,0.001036226
2025-01-23,NIFTY_PHARMA,0.0,143795.6853671656,0.0,143.7956853671656,4.270731855404818,0.14379568536716558,0.7946149573389569,0.0,149.00482786527652,0.001036226
2025-01-29,NIFTY_HEALTHCARE,0.0,93341.0967585512,0.0,93.3410967585512,2.7722305737289705,0.09334109675855119,0.5158029006877539,0.0,96.72247132972649,0.0010362260000000001
2025-02-03,NIFTY_HEALTHCARE,0.0,59876.564008274785,0.0,59.876564008274784,1.7783339510457612,0.059876564008274784,0.33087789270972645,0.0,62.04565241603855,0.0010362260000000001
2025-02-03,NIFTY_IT,580571.9014492524,0.0,0.0,580.5719014492524,17.242985473042797,0.5805719014492524,3.208240327408569,87.08578521738785,688.689484368541,0.0011862260000000003
2025-02-04,NIFTY_IT,0.0,594967.990979875,0.0,594.967990979875,17.67054933210229,0.5949679909798751,3.2877931181547897,0.0,616.521301421112,0.0010362260000000001
2025-02-24,NIFTY_AUTO,663592.0370461127,0.0,0.0,663.5920370461128,19.708683500269547,0.6635920370461127,3.6670095967168184,99.5388055569169,787.1701277370622,0.0011862260000000003
2025-02-24,NIFTY_IT,0.0,69312.39066899219,0.0,69.3123906689922,2.058578002869068,0.06931239066899218,0.3830202708368508,0.0,71.82330133336711,0.0010362260000000001
2025-02-25,NIFTY_AUTO,660937.0203911716,661622.6109428183,0.0,1322.55963133399,39.280021050619496,1.3225596313339898,7.308464522751628,99.14055305867572,1469.6112295973708,0.0011111871213814821
2025-02-27,NIFTY_AUTO,647753.8237767434,648425.7393869654,0.0,1296.1795631637087,38.49653302596215,1.2961795631637087,7.162688266042654,97.1630735665115,1440.298037585389,0.0011111871213814824
2025-02-28,NIFTY_AUTO,632264.6755066692,632920.524209789,0.0,1265.1851997164583,37.576000431578805,1.2651851997164583,6.991413413633148,94.83970132600038,1405.857500087387,0.0011111871213814824
2025-03-03,NIFTY_AUTO,628394.6116386589,629046.44592113,0.0,1257.441057559789,37.34599940952573,1.257441057559789,6.948619284075393,94.25919174579883,1397.2523090567488,0.0011111871213814824
2025-03-04,NIFTY_AUTO,634179.5172757991,634837.3522459675,0.0,1269.0168695217667,37.689801024796466,1.2690168695217665,7.012587220977282,95.12692759136985,1410.1152022284318,0.0011111871213814824
2025-03-05,NIFTY_AUTO,631024.5259303934,631679.0882252686,0.0,1262.7036141556619,37.50229734042316,1.262703614155662,6.977700171824187,94.653678889559,1403.099994171624,0.0011111871213814824
2025-03-06,NIFTY_AUTO,623637.1907864938,624284.0901921373,0.0,1247.9212809786313,37.06326204506534,1.247921280978631,6.896012998687915,93.54557861797407,1386.6740559213372,0.0011111871213814824
2025-03-07,NIFTY_AUTO,616785.3664196499,617425.1584218608,0.0,1234.2105248415107,36.65605258779287,1.2342105248415107,6.8202473602741875,92.51780496294748,1371.4388402773666,0.0011111871213814821
2025-03-10,NIFTY_AUTO,612023.215868697,612658.0680879595,0.0,1224.6812839566567,36.373034133512704,1.2246812839566565,6.767588775144484,91.80348238030454,1360.850070529575,0.0011111871213814824
2025-03-11,NIFTY_AUTO,611427.2453746946,612061.4793932403,0.0,1223.4887247679349,36.33761512560767,1.2234887247679347,6.7609986930676085,91.71408680620418,1359.5249141175823,0.0011111871213814821
2025-03-12,NIFTY_AUTO,611337.1256690442,611971.2662063402,0.0,1223.3083918753844,36.33225923869892,1.2233083918753844,6.7600021735033735,91.70056885035662,1359.3245305298187,0.0011111871213814824
2025-03-13,NIFTY_AUTO,616412.536352328,617051.9416175827,0.0,1233.4644779699106,36.63389499570634,1.2334644779699107,6.816124705261726,92.4618804528492,1370.609842601698,0.0011111871213814824
2025-03-17,NIFTY_AUTO,622750.4107253081,623396.3902732154,0.0,1246.1468009985235,37.010559989656144,1.2461468009985235,6.886207222317841,93.41256160879621,1384.7022766202922,0.0011111871213814824
2025-03-18,NIFTY_AUTO,618423.4838638983,619064.9750867726,0.0,1237.488458950671,36.753407230834924,1.237488458950671,6.838361224161408,92.76352257958474,1375.0812384442029,0.0011111871213814826
2025-03-19,NIFTY_AUTO,623091.9414388536,623738.27525687,0.0,1246.8302166957237,37.03085743586299,1.2468302166957237,6.889983777460568,93.46379121582804,1385.4616793415707,0.0011111871213814821
2025-03-20,NIFTY_AUTO,619296.8981923797,619939.295408704,0.0,1239.2361936010839,36.80531494995219,1.2392361936010836,6.848019205839589,92.89453472885695,1377.0232986793335,0.0011111871213814824
2025-03-21,NIFTY_AUTO,620944.1589401624,621588.2648615068,0.0,1242.5324238016692,36.90321298690958,1.242532423801669,6.866234173928024,93.14162384102436,1380.686027227333,0.0011111871213814824
2025-03-24,NIFTY_AUTO,0.0,605444.6910132471,0.0,605.4446910132472,17.98170732309344,0.605444691013247,3.3456873625392034,0.0,627.3775303898932,0.0010362260000000003
2025-03-24,NIFTY_BANK,120963.46269657143,0.0,0.0,120.96346269657144,3.592614842088172,0.12096346269657142,0.6684440948612538,18.144519404485713,143.49000450070315,0.001186226
2025-03-24,NIFTY_FINANCIAL_SERVICES,120963.46269657143,0.0,0.0,120.96346269657144,3.592614842088172,0.12096346269657142,0.6684440948612538,18.144519404485713,143.49000450070315,0.001186226
2025-03-24,NIFTY_HEALTHCARE,120963.46269657143,0.0,0.0,120.96346269657144,3.592614842088172,0.12096346269657142,0.6684440948612538,18.144519404485713,143.49000450070315,0.001186226
2025-03-24,NIFTY_MIDSMALL_HEALTHCARE,120963.46269657143,0.0,0.0,120.96346269657144,3.592614842088172,0.12096346269657142,0.6684440948612538,18.144519404485713,143.49000450070315,0.001186226
2025-03-24,NIFTY_PHARMA,120963.46269657143,0.0,0.0,120.96346269657144,3.592614842088172,0.12096346269657142,0.6684440948612538,18.144519404485713,143.49000450070315,0.001186226
2025-03-25,NIFTY_BANK,0.0,81143.79819173345,0.0,81.14379819173345,2.409970806294483,0.08114379819173345,0.44840062880751896,0.0,84.0833134250272,0.0010362260000000001
2025-03-25,NIFTY_FINANCIAL_SERVICES,0.0,82888.34236273773,0.0,82.88834236273775,2.461783768173311,0.08288834236273773,0.45804097989648873,0.0,85.89105545317028,0.0010362260000000001
2025-03-25,NIFTY_HEALTHCARE,0.0,80792.45250866201,0.0,80.792452508662,2.3995358395072612,0.080792452508662,0.4464590925628662,0.0,83.7192398932408,0.001036226
2025-03-25,NIFTY_MIDSMALL_HEALTHCARE,0.0,41339.03496795954,0.0,41.33903496795954,1.2277693385483983,0.041339034967959536,0.22843950723294437,0.0,42.836582848708844,0.0010362260000000001
2025-03-25,NIFTY_PHARMA,0.0,118646.83642660649,0.0,118.64683642660648,3.5238110418702124,0.11864683642660648,0.6556424180934274,0.0,122.94493672299674,0.0010362260000000001
2025-04-01,NIFTY_BANK,80878.19786587122,0.0,0.0,80.87819786587121,2.4020824766163753,0.08087819786587122,0.44693292140680435,12.131729679880682,95.93982114164093,0.0011862259999999999
2025-04-01,NIFTY_FINANCIAL_SERVICES,80878.19786587122,0.0,0.0,80.87819786587121,2.4020824766163753,0.08087819786587122,0.44693292140680435,12.131729679880682,95.93982114164093,0.0011862259999999999
2025-04-01,NIFTY_HEALTHCARE,80878.19786587122,0.0,0.0,80.87819786587121,2.4020824766163753,0.08087819786587122,0.44693292140680435,12.131729679880682,95.93982114164093,0.0011862259999999999
2025-04-01,NIFTY_MIDSMALL_HEALTHCARE,80878.19786587122,0.0,0.0,80.87819786587121,2.4020824766163753,0.08087819786587122,0.44693292140680435,12.131729679880682,95.93982114164093,0.0011862259999999999
2025-04-01,NIFTY_PRIVATE_BANK,80878.19786587122,0.0,0.0,80.87819786587121,2.402082476616375,0.08087819786587122,0.4469329214068043,12.131729679880682,95.93982114164095,0.0011862259999999999
2025-04-02,NIFTY_BANK,0.0,80404.19332844608,0.0,80.40419332844608,2.3880045418548486,0.08040419332844609,0.44431357233299307,0.0,83.31691563596237,0.0010362260000000001
2025-04-02,NIFTY_FINANCIAL_SERVICES,0.0,76247.26886888806,0.0,76.24726886888806,2.2645438854059754,0.07624726886888805,0.4213424077694754,0.0,79.0094024309324,0.001036226
2025-04-02,NIFTY_HEALTHCARE,0.0,39804.527244249955,0.0,39.804527244249954,1.1821944591542237,0.03980452724424995,0.21995981755172525,0.0,41.246486048200154,0.001036226
2025-04-02,NIFTY_PRIVATE_BANK,0.0,81363.30382957161,0.0,81.3633038295716,2.416490123738277,0.0813633038295716,0.4496136169622127,0.0,84.31077087410168,0.0010362260000000001
2025-04-03,NIFTY_FINANCIAL_SERVICES,0.0,38053.540600162225,0.0,38.05354060016223,1.1301901558248182,0.03805354060016222,0.21028386535649649,0.0,39.432068161943704,0.0010362260000000001
2025-04-03,NIFTY_HEALTHCARE,0.0,39324.50321329277,0.0,39.32450321329277,1.1679377454347954,0.03932450321329277,0.21730720475665585,0.0,40.74907266669752,0.0010362260000000001
2025-04-03,NIFTY_MIDSMALL_HEALTHCARE,0.0,39891.05634166867,0.0,39.89105634166867,1.1847643733475595,0.03989105634166867,0.22043797734406104,0.0,41.33614974870196,0.0010362260000000001
2025-04-22,NIFTY_BANK,78935.79851214257,0.0,0.0,78.93579851214257,2.3443932158106344,0.07893579851214257,0.43619922257809984,11.840369776821385,93.63569652586484,0.001186226
2025-04-22,NIFTY_FINANCIAL_SERVICES,78935.79851214257,0.0,0.0,78.93579851214258,2.3443932158106344,0.07893579851214257,0.43619922257809984,11.840369776821385,93.63569652586483,0.0011862259999999999
2025-04-22,NIFTY_HEALTHCARE,78935.79851214257,0.0,0.0,78.93579851214257,2.3443932158106344,0.07893579851214257,0.43619922257809984,11.840369776821385,93.63569652586484,0.001186226
2025-04-22,NIFTY_MIDSMALL_HEALTHCARE,78935.79851214257,0.0,0.0,78.93579851214257,2.3443932158106344,0.07893579851214257,0.43619922257809984,11.840369776821385,93.63569652586484,0.001186226
2025-04-22,NIFTY_PRIVATE_BANK,78935.79851214257,0.0,0.0,78.93579851214258,2.3443932158106344,0.07893579851214257,0.43619922257809984,11.840369776821385,93.63569652586483,0.0011862259999999999
2025-04-23,NIFTY_BANK,0.0,78939.69499139837,0.0,78.93969499139837,2.3445089412445315,0.07893969499139836,0.43622075452246734,0.0,81.79936438215677,0.001036226
2025-04-23,NIFTY_FINANCIAL_SERVICES,0.0,51212.931389038495,0.0,51.21293138903849,1.521024062254443,0.051212931389038485,0.28300265885582665,0.0,53.0681710415378,0.001036226
2025-04-23,NIFTY_HEALTHCARE,0.0,39423.84181239144,0.0,39.42384181239144,1.1708881018280257,0.03942384181239143,0.21785614985527507,0.0,40.85200990588713,0.001036226
2025-04-23,NIFTY_PRIVATE_BANK,0.0,77534.98899066384,0.0,77.53498899066385,2.3027891730227164,0.07753498899066386,0.42845834916240844,0.0,80.34377150183964,0.0010362260000000001
2025-04-24,NIFTY_HEALTHCARE,0.0,38330.83197503056,0.0,38.33083197503056,1.1384257096584076,0.03833083197503056,0.21181617749401888,0.0,39.71940469415802,0.0010362260000000001
2025-04-28,NIFTY_BANK,65147.537097606146,0.0,0.0,65.14753709760615,1.9348818517989026,0.06514753709760614,0.3600052900013716,9.772130564640921,77.27970234114494,0.0011862259999999999
2025-04-28,NIFTY_FINANCIAL_SERVICES,65147.537097606146,0.0,0.0,65.14753709760615,1.9348818517989026,0.06514753709760614,0.3600052900013716,9.772130564640921,77.27970234114494,0.0011862259999999999
2025-04-28,NIFTY_HEALTHCARE,0.0,40633.284316707985,0.0,40.633284316707986,1.206808544206227,0.040633284316707985,0.22453952913412828,0.0,42.10526567436504,0.001036226
2025-04-28,NIFTY_MIDSMALL_HEALTHCARE,65147.53709760615,0.0,0.0,65.14753709760615,1.9348818517989026,0.06514753709760615,0.36000529000137155,9.772130564640921,77.27970234114495,0.0011862259999999999
2025-04-28,NIFTY_PRIVATE_BANK,65147.53709760614,0.0,0.0,65.14753709760615,1.9348818517989024,0.06514753709760615,0.3600052900013715,9.772130564640921,77.27970234114494,0.001186226
2025-04-28,NIFTY_PSU_BANK,65147.53709760614,0.0,0.0,65.14753709760615,1.9348818517989024,0.06514753709760615,0.3600052900013715,9.772130564640921,77.27970234114494,0.001186226
2025-04-29,NIFTY_BANK,0.0,65589.55682806294,0.0,65.58955682806294,1.9480098377934691,0.06558955682806293,0.3624478910318758,0.0,67.96560411371634,0.001036226
2025-04-29,NIFTY_FINANCIAL_SERVICES,0.0,66055.45341690656,0.0,66.05545341690657,1.961846966482125,0.06605545341690656,0.3650224355818257,0.0,68.44837827238743,0.0010362260000000001
2025-04-29,NIFTY_MIDSMALL_HEALTHCARE,0.0,65264.963282267876,0.0,65.26496328226787,1.938369409483356,0.06526496328226787,0.3606541870978123,0.0,67.62925184213131,0.001036226
2025-04-29,NIFTY_PRIVATE_BANK,0.0,66633.36192095192,0.0,66.63336192095193,1.9790108490522722,0.06663336192095193,0.36821595797518036,0.0,69.04722208990033,0.0010362260000000001
2025-04-29,NIFTY_PSU_BANK,0.0,44419.553147016246,0.0,44.419553147016245,1.3192607284663824,0.04441955314701625,0.24546245069041178,0.0,46.028695879320054,0.001036226
2025-04-30,NIFTY_PSU_BANK,0.0,21530.261981155967,0.0,21.530261981155967,0.6394487808403322,0.021530261981155967,0.11897622770786785,0.0,22.310217251685323,0.001036226
2025-05-02,NIFTY_FINANCIAL_SERVICES,0.0,25074.83134937021,0.0,25.07483134937021,0.7447224910762953,0.025074831349370212,0.1385635180366198,0.0,25.983192189832497,0.001036226
2025-05-05,NIFTY_BANK,112949.64730753982,0.0,0.0,112.94964730753982,3.354604525033933,0.11294964730753981,0.6241597510214651,16.942447096130973,133.98380832703373,0.0011862259999999999
2025-05-05,NIFTY_FINANCIAL_SERVICES,112949.64730753982,0.0,0.0,112.94964730753982,3.354604525033933,0.11294964730753981,0.6241597510214651,16.942447096130973,133.98380832703373,0.0011862259999999999
2025-05-05,NIFTY_HEALTHCARE,112949.64730753982,0.0,0.0,112.94964730753982,3.354604525033933,0.11294964730753981,0.6241597510214651,16.942447096130973,133.98380832703373,0.0011862259999999999
2025-05-05,NIFTY_MIDSMALL_HEALTHCARE,0.0,210766.06845365587,0.0,210.76606845365586,6.259752233073579,0.21076606845365586,1.1646932942749022,0.0,218.40128004945802,0.0010362260000000001
2025-05-05,NIFTY_PHARMA,112949.64730753982,0.0,0.0,112.94964730753982,3.354604525033933,0.11294964730753981,0.6241597510214651,16.942447096130973,133.98380832703373,0.0011862259999999999
2025-05-05,NIFTY_PRIVATE_BANK,112949.64730753982,0.0,0.0,112.94964730753982,3.354604525033933,0.11294964730753981,0.6241597510214651,16.942447096130973,133.98380832703373,0.0011862259999999999
2025-05-06,NIFTY_BANK,0.0,95853.48616600236,0.0,95.85348616600237,2.84684853913027,0.09585348616600237,0.5296863645533291,0.0,99.32587455585195,0.001036226
2025-05-06,NIFTY_FINANCIAL_SERVICES,0.0,75570.49484664045,0.0,75.57049484664046,2.244443696945221,0.07557049484664044,0.4176025545225351,0.0,78.30811159295484,0.0010362260000000001
2025-05-06,NIFTY_HEALTHCARE,0.0,37335.551444774705,0.0,37.33555144477471,1.1088658779098088,0.037335551444774705,0.20631625728382502,0.0,38.688069131413116,0.0010362260000000001
2025-05-06,NIFTY_PHARMA,0.0,111749.50590705498,0.0,111.74950590705498,3.318960325439533,0.11174950590705496,0.6175277696423858,0.0,115.79774350804396,0.0010362260000000001
2025-05-06,NIFTY_PRIVATE_BANK,0.0,110789.04241946473,0.0,110.78904241946472,3.2904345598581024,0.11078904241946472,0.612220248409962,0.0,114.80248627015226,0.001036226
2025-05-08,NIFTY_BANK,0.0,56102.37655569356,0.0,56.10237655569356,1.6662405837040988,0.056102376555693556,0.3100217328467626,0.0,58.13474124880012,0.0010362260000000001
2025-05-12,NIFTY_BANK,97379.08006266473,0.0,0.0,97.37908006266474,2.892158677861142,0.09737908006266471,0.5381167964262853,14.606862009399705,115.51359662641451,0.0011862259999999999
2025-05-12,NIFTY_FINANCIAL_SERVICES,97379.08006266473,0.0,0.0,97.37908006266473,2.8921586778611426,0.09737908006266473,0.5381167964262853,14.606862009399707,115.51359662641453,0.001186226
2025-05-12,NIFTY_FMCG,97379.08006266473,0.0,0.0,97.37908006266474,2.892158677861142,0.09737908006266471,0.5381167964262853,14.606862009399705,115.51359662641451,0.0011862259999999999
2025-05-12,NIFTY_HEALTHCARE,97379.08006266473,0.0,0.0,97.37908006266473,2.8921586778611426,0.09737908006266473,0.5381167964262853,14.606862009399707,115.51359662641453,0.001186226
2025-05-12,NIFTY_PRIVATE_BANK,97379.08006266473,0.0,0.0,97.37908006266474,2.892158677861142,0.09737908006266471,0.5381167964262853,14.606862009399705,115.51359662641451,0.0011862259999999999
2025-05-13,NIFTY_BANK,0.0,65414.585013162854,0.0,65.41458501316285,1.942813174890937,0.06541458501316286,0.36148099678273793,0.0,67.7842937698497,0.0010362260000000001
2025-05-13,NIFTY_FINANCIAL_SERVICES,0.0,98006.26265628226,0.0,98.00626265628225,2.9107860008915827,0.09800626265628225,0.5415826074386156,0.0,101.55663752726875,0.0010362260000000001
2025-05-13,NIFTY_FMCG,0.0,62914.95642938517,0.0,62.91495642938517,1.8685742059527395,0.06291495642938516,0.34766804922878247,0.0,65.19411364099608,0.001036226
2025-05-13,NIFTY_HEALTHCARE,0.0,97552.46632178519,0.0,97.55246632178519,2.89730824975702,0.09755246632178519,0.539074928894185,0.0,101.08640196675817,0.001036226
2025-05-13,NIFTY_PRIVATE_BANK,0.0,98373.78153131074,0.0,98.37378153131075,2.921701311479929,0.09837378153131074,0.5436135167420231,0.0,101.93747014106401,0.0010362260000000001
2025-05-14,NIFTY_FMCG,0.0,31874.182072356307,0.0,31.87418207235631,0.9466632075489824,0.0318741820723563,0.17613673013184095,0.0,33.028856192109494,0.0010362260000000003
2025-05-16,NIFTY_BANK,0.0,32029.220191115415,0.0,32.029220191115414,0.9512678396761278,0.03202922019111541,0.17699347077610378,0.0,33.18951072175876,0.001036226
2025-05-16,NIFTY_HEALTHCARE,0.0,36503.4450329634,0.0,36.5034450329634,1.0841523174790129,0.0365034450329634,0.2017180372521557,0.0,37.82581883272753,0.001036226
2025-05-19,NIFTY_BANK,111999.44755020093,0.0,0.0,111.99944755020093,3.326383592240968,0.11199944755020091,0.6189089471624104,16.799917132530137,132.85665666968467,0.001186226
2025-05-19,NIFTY_FINANCIAL_SERVICES,111999.44755020093,0.0,0.0,111.99944755020093,3.3263835922409677,0.11199944755020093,0.6189089471624103,16.799917132530137,132.85665666968464,0.0011862259999999999
2025-05-19,NIFTY_HEALTHCARE,0.0,37909.22412911829,0.0,37.909224129118286,1.1259039566348132,0.037909224129118284,0.20948637253750768,0.0,39.28252368241972,0.001036226
2025-05-19,NIFTY_MIDSMALL_HEALTHCARE,111999.44755020093,0.0,0.0,111.99944755020093,3.326383592240968,0.11199944755020091,0.6189089471624104,16.799917132530137,132.85665666968467,0.001186226
2025-05-19,NIFTY_OIL_GAS,111999.44755020093,0.0,0.0,111.99944755020093,3.326383592240968,0.11199944755020091,0.6189089471624104,16.799917132530137,132.85665666968467,0.001186226
2025-05-19,NIFTY_PRIVATE_BANK,111999.44755020093,0.0,0.0,111.99944755020093,3.326383592240968,0.11199944755020091,0.6189089471624104,16.799917132530137,132.85665666968467,0.001186226
2025-05-20,NIFTY_BANK,0.0,73446.1913248277,0.0,73.44619132482771,2.181351882347383,0.07344619132482771,0.4058636532609978,0.0,76.10685305176091,0.0010362260000000001
2025-05-20,NIFTY_FINANCIAL_SERVICES,0.0,110569.89814845208,0.0,110.56989814845207,3.2839259750090264,0.11056989814845206,0.6110092571683461,0.0,114.57540327877788,0.001036226
2025-05-20,NIFTY_MIDSMALL_HEALTHCARE,0.0,36075.118795096896,0.0,36.0751187950969,1.0714310282143777,0.036075118795096894,0.19935110646170542,0.0,37.38197604856808,0.0010362260000000001
2025-05-20,NIFTY_OIL_GAS,0.0,72761.59197900916,0.0,72.76159197900915,2.161019281776572,0.07276159197900915,0.40208055727600456,0.0,75.39745341004075,0.0010362260000000001
2025-05-20,NIFTY_PRIVATE_BANK,0.0,109976.06873318325,0.0,109.97606873318324,3.266289241375542,0.10997606873318325,0.6077277558195706,0.0,113.96006179911154,0.0010362260000000001
2025-05-21,NIFTY_BANK,0.0,37242.461616946246,0.0,37.242461616946244,1.1061011100233036,0.03724246161694624,0.20580184289524495,0.0,38.59160703148174,0.0010362260000000001
2025-05-21,NIFTY_OIL_GAS,0.0,36700.80893964813,0.0,36.700808939648134,1.0900140255075494,0.03670080893964813,0.20280867020049556,0.0,38.03033244429583,0.0010362260000000001
2025-05-22,NIFTY_BANK,95255.6191700199,0.0,0.0,95.2556191700199,2.829091889349591,0.0952556191700199,0.5263825515335299,14.288342875502984,112.99469210557604,0.001186226
2025-05-22,NIFTY_FINANCIAL_SERVICES,95255.6191700199,0.0,0.0,95.2556191700199,2.829091889349591,0.09525561917001989,0.52638255153353,14.288342875502984,112.99469210557601,0.0011862259999999999
2025-05-22,NIFTY_MIDSMALL_HEALTHCARE,95255.6191700199,0.0,0.0,95.2556191700199,2.829091889349591,0.09525561917001989,0.52638255153353,14.288342875502984,112.99469210557601,0.0011862259999999999
2025-05-22,NIFTY_OIL_GAS,95255.6191700199,0.0,0.0,95.2556191700199,2.829091889349591,0.0952556191700199,0.5263825515335299,14.288342875502984,112.99469210557604,0.001186226
2025-05-22,NIFTY_PRIVATE_BANK,95255.6191700199,0.0,0.0,95.2556191700199,2.829091889349591,0.0952556191700199,0.5263825515335299,14.288342875502984,112.99469210557604,0.001186226
2025-05-23,NIFTY_BANK,0.0,64143.24337631861,0.0,64.14324337631862,1.905054328276663,0.0641432433763186,0.35445556289753666,0.0,66.46689651086913,0.0010362260000000001
2025-05-23,NIFTY_FINANCIAL_SERVICES,0.0,94418.65396984007,0.0,94.41865396984008,2.80423402290425,0.09441865396984006,0.5217574818373363,0.0,97.83906412855151,0.0010362260000000001
2025-05-23,NIFTY_OIL_GAS,0.0,63956.233785840035,0.0,63.95623378584004,1.899500143439449,0.06395623378584003,0.35342214790055204,0.0,66.27311231096589,0.0010362260000000001
2025-05-23,NIFTY_PRIVATE_BANK,0.0,96184.24438025891,0.0,96.18424438025892,2.8566720580936895,0.0961842443802589,0.5315141344453107,0.0,99.66861481717817,0.001036226
2025-05-26,NIFTY_BANK,0.0,32143.342044267345,0.0,32.14334204426734,0.9546572587147402,0.032143342044267345,0.17762410813662136,0.0,33.307766753162966,0.0010362259999999997
2025-05-28,NIFTY_MIDSMALL_HEALTHCARE,0.0,93577.8460099743,0.0,93.5778460099743,2.7792620264962364,0.09357784600997429,0.5171111770511179,0.0,96.96779705953163,0.0010362260000000001
2025-06-02,NIFTY_BANK,95178.94174710423,0.0,0.0,95.17894174710422,2.8268145698889953,0.09517894174710423,0.5259588320944979,14.276841262065634,112.90373535290047,0.001186226
2025-06-02,NIFTY_FINANCIAL_SERVICES,95178.94174710423,0.0,0.0,95.17894174710423,2.8268145698889957,0.09517894174710421,0.5259588320944979,14.276841262065632,112.90373535290047,0.001186226
2025-06-02,NIFTY_MIDSMALL_HEALTHCARE,95178.94174710423,0.0,0.0,95.17894174710423,2.8268145698889957,0.09517894174710421,0.5259588320944979,14.276841262065632,112.90373535290047,0.001186226
2025-06-02,NIFTY_OIL_GAS,0.0,31964.79116829528,0.0,31.96479116829528,0.9493542976983699,0.03196479116829528,0.17663743599599974,0.0,33.12274769315794,0.001036226
2025-06-02,NIFTY_PRIVATE_BANK,95178.94174710423,0.0,0.0,95.17894174710422,2.8268145698889953,0.09517894174710423,0.5259588320944979,14.276841262065634,112.90373535290047,0.001186226
2025-06-02,NIFTY_PSU_BANK,95178.94174710423,0.0,0.0,95.17894174710422,2.8268145698889953,0.09517894174710423,0.5259588320944979,14.276841262065634,112.90373535290047,0.001186226
2025-06-03,NIFTY_BANK,0.0,63196.9614775889,0.0,63.1969614775889,1.8769497558843904,0.0631969614775889,0.34922640912515623,0.0,65.48633460407603,0.0010362260000000001
2025-06-03,NIFTY_FINANCIAL_SERVICES,0.0,93245.1355896082,0.0,93.2451355896082,2.7693805270113634,0.09324513558960819,0.5152726192681748,0.0,96.62303387147735,0.0010362260000000001
2025-06-03,NIFTY_PRIVATE_BANK,0.0,93700.41737317806,0.0,93.70041737317807,2.7829023959833883,0.09370041737317805,0.5177885064041821,0.0,97.09480869293881,0.0010362260000000001
2025-06-03,NIFTY_PSU_BANK,0.0,64328.681162588924,0.0,64.32868116258894,1.9105618305288912,0.06432868116258893,0.3554802921044664,0.0,66.65905196638488,0.0010362260000000001
2025-06-04,NIFTY_MIDSMALL_HEALTHCARE,0.0,98582.73020567304,0.0,98.58273020567304,2.927907087108489,0.09858273020567304,0.5447681671165492,0.0,102.15398819010376,0.0010362260000000001
2025-06-06,NIFTY_BANK,0.0,32362.305639989405,0.0,32.36230563998941,0.9611604775076853,0.0323623056399894,0.17883410096658145,0.0,33.534662524103666,0.0010362260000000001
2025-06-06,NIFTY_FINANCIAL_SERVICES,0.0,39942.76677264249,0.0,39.94276677264249,1.186300173147482,0.03994276677264249,0.22072372918562239,0.0,41.389733441748234,0.001036226
2025-06-09,NIFTY_BANK,111623.16237586076,0.0,0.0,111.62316237586077,3.315207922563065,0.11162316237586076,0.6168295952890066,16.743474356379114,132.41029741246783,0.0011862260000000003
2025-06-09,NIFTY_FINANCIAL_SERVICES,111623.16237586076,0.0,0.0,111.62316237586077,3.315207922563065,0.11162316237586076,0.6168295952890066,16.743474356379114,132.41029741246783,0.0011862260000000003
2025-06-09,NIFTY_MIDSMALL_HEALTHCARE,0.0,73335.74767980081,0.0,73.33574767980082,2.1780717060900843,0.0733357476798008,0.40525334167857924,0.0,75.99240847524928,0.001036226
2025-06-09,NIFTY_PRIVATE_BANK,111623.16237586076,0.0,0.0,111.62316237586077,3.315207922563065,0.11162316237586076,0.6168295952890066,16.743474356379114,132.41029741246783,0.0011862260000000003
2025-06-09,NIFTY_PSU_BANK,111623.16237586076,0.0,0.0,111.62316237586076,3.3152079225630646,0.11162316237586076,0.6168295952890065,16.743474356379114,132.4102974124678,0.0011862259999999999
2025-06-09,NIFTY_REALTY,111623.16237586076,0.0,0.0,111.62316237586077,3.315207922563065,0.11162316237586076,0.6168295952890066,16.743474356379114,132.41029741246783,0.0011862260000000003
2025-06-10,NIFTY_BANK,0.0,73965.13954462038,0.0,73.96513954462037,2.196764644475225,0.07396513954462038,0.40873136112357217,0.0,76.64460068976379,0.001036226
2025-06-10,NIFTY_FINANCIAL_SERVICES,0.0,74037.72285830505,0.0,74.03772285830505,2.1989203688916596,0.07403772285830504,0.4091324565149937,0.0,76.71981340657,0.001036226
2025-06-10,NIFTY_PRIVATE_BANK,0.0,111006.07863636012,0.0,111.00607863636012,3.296880535499896,0.11100607863636011,0.613419590544526,0.0,115.02738484104091,0.0010362260000000001
2025-06-10,NIFTY_PSU_BANK,0.0,112059.1751071572,0.0,112.0591751071572,3.328157500682569,0.1120591751071572,0.6192390016421507,0.0,116.11863078458909,0.0010362260000000001
2025-06-10,NIFTY_REALTY,0.0,72636.7184525709,0.0,72.6367184525709,2.1573105380413558,0.0726367184525709,0.4013905061689068,0.0,75.26805621523374,0.0010362260000000001
2025-06-11,NIFTY_FINANCIAL_SERVICES,0.0,37264.78249705774,0.0,37.264782497057745,1.1067640401626149,0.03726478249705774,0.20592518807874108,0.0,38.61473650779616,0.0010362260000000001
2025-06-12,NIFTY_BANK,0.0,37672.16539149773,0.0,37.67216539149773,1.1188633121274825,0.037672165391497724,0.20817638595341642,0.0,39.03687725497012,0.001036226
2025-06-16,NIFTY_BANK,110815.96072471542,0.0,0.0,110.81596072471541,3.291234033524048,0.11081596072471542,0.6123689989647775,16.62239410870731,131.45277382663627,0.001186226
2025-06-16,NIFTY_FINANCIAL_SERVICES,110815.96072471542,0.0,0.0,110.81596072471541,3.291234033524048,0.11081596072471542,0.6123689989647775,16.62239410870731,131.45277382663627,0.001186226
2025-06-16,NIFTY_MIDSMALL_HEALTHCARE,110815.96072471542,0.0,0.0,110.81596072471541,3.291234033524048,0.11081596072471542,0.6123689989647775,16.62239410870731,131.45277382663627,0.001186226
2025-06-16,NIFTY_PRIVATE_BANK,110815.96072471542,0.0,0.0,110.81596072471541,3.291234033524048,0.11081596072471542,0.6123689989647775,16.62239410870731,131.45277382663627,0.001186226
2025-06-16,NIFTY_PSU_BANK,142040.51636805257,31256.944902325526,0.0,173.2974612703781,5.146934599730229,0.17329746127037807,0.9576417709801093,21.306077455207884,200.88141255756668,0.0011591711216366418
2025-06-16,NIFTY_REALTY,0.0,36012.7686028663,0.0,36.0127686028663,1.0695792275051292,0.0360127686028663,0.1990065592994392,0.0,37.31736715827374,0.0010362260000000001
2025-06-17,NIFTY_BANK,0.0,74467.40692321162,0.0,74.46740692321161,2.211681985619385,0.0744674069232116,0.4115068906576673,0.0,77.16506320641187,0.001036226
2025-06-17,NIFTY_FINANCIAL_SERVICES,0.0,74216.19000243777,0.0,74.21619000243777,2.2042208430724015,0.07421619000243776,0.410118665953471,0.0,76.90474570146607,0.001036226
2025-06-17,NIFTY_PRIVATE_BANK,0.0,111146.26878006427,0.0,111.14626878006428,3.301044182767909,0.11114626878006427,0.6141942812786352,0.0,115.1726535128909,0.0010362260000000001
2025-06-17,NIFTY_PSU_BANK,0.0,93645.07518788462,0.0,93.64507518788463,2.7812587330801732,0.09364507518788462,0.5174826854882504,0.0,97.03746168164093,0.0010362260000000001
2025-06-20,NIFTY_FINANCIAL_SERVICES,0.0,34926.59609782964,0.0,34.926596097829645,1.0373199041055403,0.034926596097829644,0.19300437003660656,0.0,36.19184696806962,0.001036226
2025-06-23,NIFTY_BANK,99738.78372750168,0.0,0.0,99.73878372750168,2.9622418767067997,0.09973878372750168,0.5511565188781743,14.96081755912525,118.3127384659394,0.001186226
2025-06-23,NIFTY_FINANCIAL_SERVICES,99738.78372750166,0.0,0.0,99.73878372750167,2.9622418767067997,0.09973878372750167,0.5511565188781743,14.96081755912525,118.31273846593942,0.0011862260000000003
2025-06-23,NIFTY_MIDSMALL_HEALTHCARE,0.0,110809.67728580613,0.0,110.80967728580612,3.291047415388442,0.11080967728580612,0.6123342766813646,0.0,114.82386865516173,0.001036226
2025-06-23,NIFTY_OIL_GAS,99738.78372750166,0.0,0.0,99.73878372750167,2.9622418767067997,0.09973878372750167,0.5511565188781743,14.96081755912525,118.31273846593942,0.0011862260000000003
2025-06-23,NIFTY_PRIVATE_BANK,99738.78372750166,0.0,0.0,99.73878372750167,2.9622418767067997,0.09973878372750167,0.5511565188781743,14.96081755912525,118.31273846593942,0.0011862260000000003
2025-06-23,NIFTY_PSU_BANK,99738.78372750168,0.0,0.0,99.73878372750168,2.9622418767067997,0.09973878372750168,0.5511565188781743,14.96081755912525,118.3127384659394,0.001186226
2025-06-24,NIFTY_BANK,101346.6812980015,101451.80829950847,0.0,202.79848959750996,6.023115141046046,0.20279848959750996,1.12066445351584,15.202002194700222,225.34706987636957,0.0011111871213814824
2025-06-24,NIFTY_FINANCIAL_SERVICES,67410.63207011444,67480.55717795674,0.0,134.89118924807119,4.006268320667714,0.13489118924807117,0.7454087117848414,10.111594810517166,149.889352280289,0.0011111871213814826
2025-06-24,NIFTY_OIL_GAS,68685.85316744723,68757.10106325362,0.0,137.44295423070085,4.082055740651815,0.13744295423070085,0.7595097650788528,10.302877975117084,152.7248406657793,0.0011111871213814824
2025-06-24,NIFTY_PRIVATE_BANK,101220.72636536529,101325.72271371004,0.0,202.54644907907533,6.015629537648538,0.20254644907907532,1.1192716776109704,15.183108954804794,225.0670056982187,0.0011111871213814824
2025-06-24,NIFTY_PSU_BANK,103647.0040908874,103754.51721924744,0.0,207.40152131013485,6.159825182911005,0.20740152131013484,1.1461008067598053,15.54705061363311,230.4618994347489,0.0011111871213814821
2025-06-25,NIFTY_BANK,0.0,101395.62443258669,0.0,101.39562443258669,3.0114500456478246,0.10139562443258668,0.560312220614474,0.0,105.06878232328158,0.0010362260000000001
2025-06-25,NIFTY_FINANCIAL_SERVICES,0.0,67865.26458091204,0.0,67.86526458091205,2.015598358053088,0.06786526458091205,0.3750234520741199,0.0,70.32375165562016,0.001036226
2025-06-25,NIFTY_OIL_GAS,0.0,67620.88398767289,0.0,67.6208839876729,2.008340254433885,0.0676208839876729,0.3736730049158804,0.0,70.07051813101035,0.0010362260000000003
2025-06-25,NIFTY_PRIVATE_BANK,0.0,101647.33412594939,0.0,101.64733412594938,3.018925823540697,0.10164733412594937,0.5617031683799962,0.0,105.32961045199602,0.001036226
2025-06-25,NIFTY_PSU_BANK,0.0,103798.40294374718,0.0,103.79840294374716,3.0828125674292908,0.10379840294374716,0.5735899746671468,0.0,107.55860388878736,0.001036226
2025-06-26,NIFTY_FINANCIAL_SERVICES,0.0,34138.816946587795,0.0,34.138816946587795,1.0139228633136574,0.03413881694658779,0.18865110244684413,0.0,35.37552972929489,0.0010362260000000001
2025-07-01,NIFTY_PSU_BANK,0.0,49159.75522743501,0.0,49.159755227435014,1.4600447302548198,0.04915975522743501,0.27165680738680587,0.0,50.940616520304076,0.0010362260000000001
2025-07-18,NIFTY_OIL_GAS,0.0,33732.466984131956,0.0,33.73246698413195,1.0018542694287191,0.03373246698413195,0.18640561255431318,0.0,34.954459333099116,0.001036226
2025-07-21,NIFTY_BANK,111755.78547139792,0.0,0.0,111.75578547139791,3.3191468285005183,0.11175578547139792,0.6175624705149448,16.763367820709686,132.56761837659445,0.0011862259999999999
2025-07-21,NIFTY_FINANCIAL_SERVICES,111755.78547139792,0.0,0.0,111.75578547139791,3.319146828500518,0.11175578547139792,0.6175624705149448,16.763367820709686,132.56761837659445,0.0011862259999999999
2025-07-21,NIFTY_MIDSMALL_HEALTHCARE,111755.78547139792,0.0,0.0,111.75578547139791,3.319146828500518,0.11175578547139792,0.6175624705149448,16.763367820709686,132.56761837659445,0.0011862259999999999
2025-07-21,NIFTY_PRIVATE_BANK,111755.78547139792,0.0,0.0,111.75578547139791,3.319146828500518,0.11175578547139792,0.6175624705149448,16.763367820709686,132.56761837659445,0.0011862259999999999
2025-07-21,NIFTY_PSU_BANK,111755.78547139792,0.0,0.0,111.75578547139791,3.319146828500518,0.11175578547139792,0.6175624705149448,16.763367820709686,132.56761837659445,0.0011862259999999999
2025-07-22,NIFTY_BANK,113307.77341609188,113425.30766895645,0.0,226.73308108504833,6.733972508225936,0.2267330810850483,1.252927006075977,16.99616601241378,251.9428796928491,0.0011111871213814824
2025-07-22,NIFTY_FINANCIAL_SERVICES,74981.15956522527,75058.93758788623,0.0,150.0400971531115,4.456190885447412,0.1500400971531115,0.8291215768680941,11.24717393478379,166.7226236473639,0.0011111871213814821
2025-07-22,NIFTY_PRIVATE_BANK,111597.8631240451,111713.6236854622,0.0,223.3114868095073,6.632351158242367,0.2233114868095073,1.2340192761093371,16.739679468606766,248.14084819927527,0.0011111871213814824
2025-07-22,NIFTY_PSU_BANK,71536.03051989718,71610.2349071741,0.0,143.14626542707128,4.251444083184017,0.14314626542707126,0.7910262627499959,10.730404577984576,159.06228661641694,0.0011111871213814824
2025-07-23,NIFTY_BANK,0.0,114044.80733392562,0.0,114.04480733392563,3.3871307778175908,0.11404480733392561,0.630211605327273,0.0,118.17619452440442,0.0010362260000000001
2025-07-23,NIFTY_FINANCIAL_SERVICES,0.0,74939.6186494987,0.0,74.9396186494987,2.2257066738901115,0.07493961864949869,0.4141163326571298,0.0,77.65438127469545,0.0010362260000000001
2025-07-23,NIFTY_PRIVATE_BANK,0.0,110708.72352434066,0.0,110.70872352434066,3.288049088672917,0.11070872352434065,0.6117764061955064,0.0,114.71925774273342,0.001036226
2025-07-23,NIFTY_PSU_BANK,0.0,69636.28540754599,0.0,69.63628540754598,2.068197676604116,0.06963628540754599,0.3848101131620991,0.0,72.15892948271977,0.0010362260000000003
2025-07-29,NIFTY_FINANCIAL_SERVICES,0.0,35133.15527525618,0.0,35.13315527525618,1.0434547116751085,0.03513315527525618,0.19414581605106562,0.0,36.405888958257606,0.001036226
2025-07-31,NIFTY_MIDSMALL_HEALTHCARE,0.0,36510.01955695685,0.0,36.510019556956856,1.0843475808416185,0.03651001955695685,0.20175436807174355,0.0,37.832631525427175,0.0010362260000000001
2025-08-04,NIFTY_BANK,95611.68449043615,0.0,0.0,95.61168449043615,2.8396670293659536,0.09561168449043614,0.5283501684941502,14.341752673565422,113.41706604635212,0.001186226
2025-08-04,NIFTY_FINANCIAL_SERVICES,95611.68449043615,0.0,0.0,95.61168449043615,2.8396670293659536,0.09561168449043614,0.5283501684941502,14.34175267356542,113.41706604635209,0.0011862259999999999
2025-08-04,NIFTY_HEALTHCARE,95611.68449043615,0.0,0.0,95.61168449043615,2.8396670293659536,0.09561168449043614,0.5283501684941502,14.34175267356542,113.41706604635209,0.0011862259999999999
2025-08-04,NIFTY_METAL,95611.68449043615,0.0,0.0,95.61168449043615,2.8396670293659536,0.09561168449043614,0.5283501684941502,14.34175267356542,113.41706604635209,0.0011862259999999999
2025-08-04,NIFTY_MIDSMALL_HEALTHCARE,168925.22665816895,73389.59036940293,0.0,242.31481702757188,7.196750065718885,0.24231481702757185,1.3390316788943624,25.338783998725336,276.431697587938,0.0011407956846340276
2025-08-04,NIFTY_PSU_BANK,0.0,37581.70312606852,0.0,37.58170312606852,1.116176582844235,0.03758170312606852,0.2076764914746546,0.0,38.943137903513474,0.001036226
2025-08-05,NIFTY_BANK,0.0,93678.65607948828,0.0,93.67865607948828,2.782256085560802,0.09367865607948828,0.5176682534952521,0.0,97.07225907462382,0.001036226
2025-08-05,NIFTY_FINANCIAL_SERVICES,0.0,65362.03168433687,0.0,65.36203168433687,1.941252341024805,0.06536203168433687,0.3611905870876455,0.0,67.72983664413366,0.001036226
2025-08-05,NIFTY_HEALTHCARE,0.0,31598.76012981804,0.0,31.598760129818043,0.9384831758555958,0.03159876012981804,0.1746147484773745,0.0,32.74345681428083,0.0010362260000000001
2025-08-05,NIFTY_METAL,0.0,65457.3724113342,0.0,65.4573724113342,1.9440839606166258,0.0654573724113342,0.3617174399450328,0.0,67.8286311843072,0.0010362260000000001
2025-08-05,NIFTY_MIDSMALL_HEALTHCARE,0.0,164671.48856276998,0.0,164.67148856276998,4.890743210314269,0.16467148856276997,0.9099746457978669,0.0,170.6368779074449,0.0010362260000000001
2025-08-06,NIFTY_METAL,0.0,30851.953596723346,0.0,30.851953596723348,0.9163030218226834,0.030851953596723346,0.1704878955754932,0.0,31.96959646771825,0.0010362260000000001
2025-08-07,NIFTY_FINANCIAL_SERVICES,0.0,31983.62192749913,0.0,31.983621927499133,0.9499135712467242,0.03198362192749913,0.1767414947713602,0.0,33.14226061544472,0.0010362260000000001
2025-08-11,NIFTY_AUTO,118317.01974058728,0.0,0.0,118.31701974058728,3.514015486295442,0.11831701974058728,0.6538198510864852,17.74755296108809,140.35072505879788,0.001186226
2025-08-11,NIFTY_BANK,0.0,43353.4042539682,0.0,43.3534042539682,1.2875961063428554,0.0433534042539682,0.23957091190742824,0.0,44.92392467647245,0.0010362260000000001
2025-08-11,NIFTY_FINANCIAL_SERVICES,118317.01974058728,0.0,0.0,118.31701974058728,3.514015486295442,0.11831701974058728,0.6538198510864852,17.74755296108809,140.35072505879788,0.001186226
2025-08-11,NIFTY_HEALTHCARE,0.0,65241.46179937729,0.0,65.24146179937729,1.9376714154415056,0.06524146179937729,0.3605243179033589,0.0,67.60489899452153,0.001036226
2025-08-11,NIFTY_METAL,118317.01974058728,0.0,0.0,118.31701974058728,3.514015486295442,0.11831701974058728,0.6538198510864852,17.74755296108809,140.35072505879788,0.001186226
2025-08-11,NIFTY_MIDSMALL_HEALTHCARE,118317.01974058728,0.0,0.0,118.31701974058728,3.514015486295442,0.11831701974058728,0.6538198510864852,17.74755296108809,140.35072505879788,0.001186226
2025-08-11,NIFTY_PSU_BANK,118317.01974058728,0.0,0.0,118.31701974058728,3.514015486295442,0.11831701974058728,0.6538198510864852,17.74755296108809,140.35072505879788,0.001186226
2025-08-12,NIFTY_AUTO,0.0,77866.29607986913,0.0,77.86629607986913,2.3126289935721136,0.07786629607986913,0.43028915213735686,0.0,80.68708052165849,0.0010362260000000001
2025-08-12,NIFTY_FINANCIAL_SERVICES,0.0,78707.74061533445,0.0,78.70774061533444,2.3376198962754327,0.07870774061533445,0.43493897464033815,0.0,81.55900722686555,0.001036226
2025-08-12,NIFTY_METAL,0.0,80188.66903107705,0.0,80.18866903107704,2.3816034702229887,0.08018866903107705,0.44312258506573177,0.0,83.09358375539685,0.0010362260000000001
2025-08-12,NIFTY_PSU_BANK,0.0,80059.55315705805,0.0,80.05955315705805,2.3777687287646243,0.08005955315705804,0.44240909074590273,0.0,82.95979052972564,0.0010362260000000001
2025-08-14,NIFTY_FINANCIAL_SERVICES,0.0,40269.63043001407,0.0,40.26963043001407,1.196008023771418,0.04026963043001407,0.22252997775625774,0.0,41.72843806197176,0.001036226
2025-08-18,NIFTY_METAL,0.0,39394.717224964195,0.0,39.3947172249642,1.1700231015814366,0.039394717224964196,0.21769520738515216,0.0,40.82183025115575,0.0010362260000000001
2025-08-19,NIFTY_AUTO,79215.15136159403,0.0,0.0,79.21515136159404,2.3526899954393428,0.07921515136159403,0.4377429264241686,11.882272704239105,93.96707213905825,0.001186226
2025-08-19,NIFTY_FINANCIAL_SERVICES,79215.15136159403,0.0,0.0,79.21515136159404,2.3526899954393428,0.07921515136159403,0.43774292642416857,11.882272704239105,93.96707213905825,0.001186226
2025-08-19,NIFTY_HEALTHCARE,79215.15136159403,0.0,0.0,79.21515136159404,2.3526899954393428,0.07921515136159403,0.43774292642416857,11.882272704239105,93.96707213905825,0.001186226
2025-08-19,NIFTY_MIDSMALL_HEALTHCARE,201214.05321545125,122125.45142188236,0.0,323.3395046373336,9.603183287728807,0.32333950463733363,1.7867741026259054,30.18210798231769,365.2349095146434,0.0011295709440895594
2025-08-19,NIFTY_PSU_BANK,79215.15136159403,0.0,0.0,79.21515136159404,2.3526899954393428,0.07921515136159403,0.4377429264241686,11.882272704239105,93.96707213905825,0.001186226
2025-08-20,NIFTY_AUTO,0.0,79371.93923145955,0.0,79.37193923145955,2.3573465951743486,0.07937193923145955,0.43860933619304554,0.0,82.2472671020584,0.0010362260000000001
2025-08-20,NIFTY_FINANCIAL_SERVICES,0.0,51114.50689522679,0.0,51.114506895226796,1.5181008547882358,0.051114506895226786,0.28245876510302326,0.0,52.96618102201329,0.0010362260000000003
2025-08-20,NIFTY_HEALTHCARE,0.0,25692.686665045094,0.0,25.692686665045095,0.7630727939518392,0.02569268666504509,0.14197778651103918,0.0,26.623429932173018,0.0010362260000000001
2025-08-20,NIFTY_MIDSMALL_HEALTHCARE,0.0,132417.36777451678,0.0,132.41736777451678,3.9327958229031483,0.1324173677745168,0.7317383743219796,0.0,137.21431933951644,0.0010362260000000001
2025-08-20,NIFTY_PSU_BANK,0.0,80194.8763428657,0.0,80.19487634286571,2.3817878273831115,0.0801948763428657,0.4431568866706759,0.0,83.10001593326236,0.0010362260000000001
2025-08-22,NIFTY_AUTO,113834.7759342362,40194.58146545284,0.0,154.02935739968902,4.574671914770764,0.15402935739968904,0.8511662289906815,17.075216390135427,176.6844412909856,0.0011470828955840486
2025-08-22,NIFTY_FINANCIAL_SERVICES,73681.84513915698,0.0,0.0,73.68184513915699,2.1883508006329624,0.07368184513915697,0.4071658762389815,11.052276770873547,87.40332043204164,0.001186226
2025-08-22,NIFTY_HEALTHCARE,73681.84513915698,0.0,0.0,73.68184513915699,2.1883508006329624,0.07368184513915697,0.4071658762389815,11.052276770873547,87.40332043204164,0.001186226
2025-08-22,NIFTY_MIDSMALL_HEALTHCARE,138195.00657756656,64580.08099742121,0.0,202.77508757498777,6.022420100977137,0.20277508757498777,1.1205351339393825,20.729250986634984,230.85006888411425,0.0011384537994527763
2025-08-22,NIFTY_PSU_BANK,73681.84513915698,0.0,0.0,73.68184513915699,2.1883508006329624,0.07368184513915697,0.4071658762389815,11.052276770873547,87.40332043204164,0.001186226
2025-08-25,NIFTY_AUTO,0.0,75319.37371667469,0.0,75.31937371667468,2.236985399385238,0.07531937371667469,0.4162148591583442,0.0,78.04789334893493,0.001036226
2025-08-25,NIFTY_FINANCIAL_SERVICES,0.0,72802.12715287374,0.0,72.80212715287374,2.1622231764403503,0.07280212715287374,0.4023045546467803,0.0,75.43945701111375,0.001036226
2025-08-25,NIFTY_HEALTHCARE,0.0,74170.79269236291,0.0,74.17079269236291,2.2028725429631786,0.07417079269236292,0.4098678004179975,0.0,76.85770382843644,0.001036226
2025-08-25,NIFTY_MIDSMALL_HEALTHCARE,0.0,137621.42579415237,0.0,137.62142579415237,4.087356346086326,0.13762142579415237,0.7604959989384861,0.0,142.60689956497134,0.0010362260000000001
2025-08-25,NIFTY_PSU_BANK,0.0,72515.11042974817,0.0,72.51511042974816,2.1536987797635208,0.07251511042974816,0.40071850023478833,0.0,75.14204282017621,0.001036226
2025-09-01,NIFTY_AUTO,91509.46778110821,0.0,0.0,91.50946778110821,2.7178311930989136,0.0915094677811082,0.505681318958404,13.72642016716623,108.55090992811287,0.001186226
2025-09-01,NIFTY_CONSUMER_DURABLES,91509.46778110821,0.0,0.0,91.50946778110821,2.717831193098914,0.09150946778110822,0.505681318958404,13.726420167166228,108.55090992811286,0.0011862259999999999
2025-09-01,NIFTY_FINANCIAL_SERVICES,0.0,25593.12337616643,0.0,25.59312337616643,0.760115764272143,0.02559312337616643,0.1414275997766957,0.0,26.520259863591434,0.001036226
2025-09-01,NIFTY_HEALTHCARE,91509.46778110821,0.0,0.0,91.50946778110821,2.7178311930989136,0.0915094677811082,0.505681318958404,13.72642016716623,108.55090992811287,0.001186226
2025-09-01,NIFTY_MIDSMALL_HEALTHCARE,91509.46778110821,0.0,0.0,91.50946778110821,2.717831193098914,0.09150946778110822,0.505681318958404,13.726420167166228,108.55090992811286,0.0011862259999999999
2025-09-01,NIFTY_PSU_BANK,91509.46778110821,0.0,0.0,91.50946778110821,2.7178311930989136,0.0915094677811082,0.505681318958404,13.72642016716623,108.55090992811287,0.001186226
2025-09-02,NIFTY_AUTO,0.0,94627.85525810659,0.0,94.62785525810659,2.810447301165766,0.09462785525810657,0.522913528156297,0.0,98.05584394268676,0.0010362260000000001
2025-09-02,NIFTY_CONSUMER_DURABLES,0.0,62361.50205737258,0.0,62.361502057372576,1.8521366111039654,0.06236150205737257,0.34460966036904084,0.0,64.62060983090296,0.0010362260000000001
2025-09-02,NIFTY_HEALTHCARE,0.0,91434.27456358557,0.0,91.43427456358557,2.715597954538491,0.09143427456358556,0.5052658012383738,0.0,94.74657259392603,0.0010362260000000001
2025-09-02,NIFTY_MIDSMALL_HEALTHCARE,0.0,93025.35421771125,0.0,93.02535421771125,2.762853020266024,0.09302535421771124,0.5140581074070724,0.0,96.39529069960206,0.001036226
2025-09-02,NIFTY_PSU_BANK,0.0,92395.6112530205,0.0,92.39561125302049,2.7441496542147084,0.09239561125302048,0.5105781477841913,0.0,95.74273466627243,0.0010362260000000001
2025-09-11,NIFTY_AUTO,0.0,40569.42776239309,0.0,40.56942776239309,1.2049120045430748,0.04056942776239309,0.22418665781498423,0.0,42.03909585251354,0.001036226
2025-09-15,NIFTY_AUTO,101524.73564667552,0.0,0.0,101.52473564667551,3.015284648706263,0.10152473564667552,0.5610256891835289,15.228710347001325,120.4312810672133,0.0011862259999999999
2025-09-15,NIFTY_CONSUMER_DURABLES,0.0,33736.211608384045,0.0,33.736211608384046,1.001965484769006,0.03373621160838405,0.18642630534793023,0.0,34.95833961010937,0.0010362260000000001
2025-09-15,NIFTY_HEALTHCARE,101524.73564667552,0.0,0.0,101.52473564667552,3.015284648706263,0.10152473564667551,0.5610256891835289,15.228710347001327,120.4312810672133,0.0011862259999999999
2025-09-15,NIFTY_METAL,101524.73564667552,0.0,0.0,101.52473564667551,3.015284648706263,0.10152473564667552,0.5610256891835289,15.228710347001325,120.4312810672133,0.0011862259999999999
2025-09-15,NIFTY_MIDSMALL_HEALTHCARE,101524.73564667552,0.0,0.0,101.52473564667551,3.015284648706263,0.10152473564667552,0.5610256891835289,15.228710347001325,120.4312810672133,0.0011862259999999999
2025-09-15,NIFTY_PSU_BANK,101524.73564667552,0.0,0.0,101.52473564667552,3.015284648706263,0.10152473564667551,0.5610256891835289,15.228710347001327,120.4312810672133,0.0011862259999999999
2025-09-16,NIFTY_AUTO,0.0,68012.99333818944,0.0,68.01299333818945,2.0199859021442266,0.06801299333818944,0.37583980118683485,0.0,70.47683203485869,0.0010362260000000001
2025-09-16,NIFTY_HEALTHCARE,0.0,99020.55730933903,0.0,99.02055730933903,2.9409105520873693,0.09902055730933902,0.5471875996914075,0.0,102.60767601842716,0.0010362260000000001
2025-09-16,NIFTY_METAL,0.0,67452.28324682816,0.0,67.45228324682816,2.0033328124307963,0.06745228324682816,0.3727413172219724,0.0,69.89580965972776,0.0010362260000000001
2025-09-16,NIFTY_MIDSMALL_HEALTHCARE,0.0,100779.53783745595,0.0,100.77953783745595,2.9931522737724414,0.10077953783745594,0.5569077260897815,0.0,104.43037737515562,0.001036226
2025-09-16,NIFTY_PSU_BANK,0.0,102688.13211450745,0.0,102.68813211450745,3.0498375238008713,0.10268813211450745,0.5674546180647682,0.0,106.40811238848758,0.001036226
2025-09-17,NIFTY_METAL,0.0,33442.53062478739,0.0,33.44253062478739,0.9932431595561855,0.03344253062478739,0.18480342423257512,0.0,34.65401973920094,0.0010362260000000001
2025-09-18,NIFTY_AUTO,0.0,34044.80511901357,0.0,34.04480511901357,1.0111307120347028,0.03404480511901357,0.18813159308766897,0.0,35.27811222925496,0.0010362260000000001
2025-09-23,NIFTY_AUTO,100983.41773013517,0.0,0.0,100.98341773013519,2.9992075065850146,0.10098341773013517,0.558034366376727,15.147512659520274,119.78915568034733,0.001186226
2025-09-23,NIFTY_HEALTHCARE,100983.41773013517,0.0,0.0,100.98341773013517,2.9992075065850146,0.10098341773013517,0.558034366376727,15.147512659520276,119.78915568034732,0.0011862259999999999
2025-09-23,NIFTY_METAL,100983.41773013517,0.0,0.0,100.98341773013519,2.9992075065850146,0.10098341773013517,0.558034366376727,15.147512659520274,119.78915568034733,0.001186226
2025-09-23,NIFTY_MIDSMALL_HEALTHCARE,100983.41773013517,0.0,0.0,100.98341773013519,2.9992075065850146,0.10098341773013517,0.558034366376727,15.147512659520274,119.78915568034733,0.001186226
2025-09-23,NIFTY_PSU_BANK,100983.41773013517,0.0,0.0,100.98341773013517,2.9992075065850146,0.10098341773013517,0.558034366376727,15.147512659520276,119.78915568034732,0.0011862259999999999
2025-09-24,NIFTY_AUTO,0.0,65360.01386394465,0.0,65.36001386394466,1.9411924117591564,0.06536001386394466,0.3611794366121581,0.0,67.72774572617992,0.0010362260000000001
2025-09-24,NIFTY_HEALTHCARE,0.0,100768.77797424547,0.0,100.76877797424548,2.9928327058350908,0.10076877797424547,0.5568482670856805,0.0,104.4192277251405,0.0010362260000000001
2025-09-24,NIFTY_METAL,0.0,68102.60110562705,0.0,68.10260110562706,2.0226472528371238,0.06810260110562705,0.3763349737096951,0.0,70.56968593327952,0.0010362260000000003
2025-09-24,NIFTY_MIDSMALL_HEALTHCARE,0.0,65661.51152491229,0.0,65.6615115249123,1.950146892289895,0.06566151152491229,0.3628455126866653,0.0,68.04016544141376,0.001036226
2025-09-24,NIFTY_PSU_BANK,0.0,103306.09208912042,0.0,103.30609208912043,3.068190935046877,0.10330609208912042,0.5708694648844794,0.0,107.04845858114089,0.001036226
2025-09-26,NIFTY_AUTO,0.0,33774.57783626434,0.0,33.77457783626434,1.0031049617370509,0.033774577836264336,0.18663831712319673,0.0,34.99809569296085,0.0010362260000000001
2025-09-29,NIFTY_AUTO,93806.03669768297,0.0,0.0,93.80603669768297,2.786039289921184,0.09380603669768295,0.5183721587913961,14.070905504652444,111.27515968774568,0.001186226
2025-09-29,NIFTY_HEALTHCARE,93806.03669768297,0.0,0.0,93.80603669768297,2.786039289921184,0.09380603669768296,0.5183721587913961,14.070905504652444,111.27515968774567,0.0011862259999999999
2025-09-29,NIFTY_METAL,93806.03669768297,0.0,0.0,93.80603669768297,2.786039289921184,0.09380603669768296,0.5183721587913961,14.070905504652444,111.27515968774567,0.0011862259999999999
2025-09-29,NIFTY_MIDSMALL_HEALTHCARE,0.0,32543.13451550717,0.0,32.54313451550717,0.9665310951105629,0.032543134515507166,0.1798333613326926,0.0,33.72204210646593,0.001036226
2025-09-29,NIFTY_PHARMA,93806.03669768297,0.0,0.0,93.80603669768297,2.786039289921184,0.09380603669768295,0.5183721587913961,14.070905504652444,111.27515968774568,0.001186226
2025-09-29,NIFTY_PSU_BANK,93806.03669768297,0.0,0.0,93.80603669768297,2.786039289921184,0.09380603669768296,0.5183721587913961,14.070905504652444,111.27515968774567,0.0011862259999999999
2025-09-30,NIFTY_AUTO,0.0,62478.90277861501,0.0,62.47890277861501,1.8556234125248658,0.06247890277861501,0.34525841675462654,0.0,64.74226351067313,0.0010362260000000001
2025-09-30,NIFTY_HEALTHCARE,0.0,92782.46786780727,0.0,92.78246786780727,2.755639295673876,0.09278246786780726,0.512715917437503,0.0,96.14360554878645,0.001036226
2025-09-30,NIFTY_METAL,0.0,95287.13160718819,0.0,95.28713160718819,2.8300278087334894,0.09528713160718819,0.5265566892613219,0.0,98.73900323679018,0.001036226
2025-09-30,NIFTY_PHARMA,0.0,92673.93210449346,0.0,92.67393210449346,2.752415783503456,0.09267393210449346,0.5121161488094309,0.0,96.03113796891085,0.0010362260000000001
2025-09-30,NIFTY_PSU_BANK,0.0,96507.67694760895,0.0,96.50767694760896,2.866278005343986,0.09650767694760895,0.533301422812487,0.0,100.00376405271302,0.001036226
2025-10-07,NIFTY_AUTO,0.0,30863.705907035317,0.0,30.863705907035317,0.916652065438949,0.030863705907035317,0.17055283884227718,0.0,31.981774517223577,0.001036226
2025-10-13,NIFTY_AUTO,105423.3726295869,0.0,0.0,105.4233726295869,3.1310741670987308,0.1054233726295869,0.5825695571510972,15.81350589443803,125.05594562090434,0.0011862259999999999
2025-10-13,NIFTY_BANK,105423.3726295869,0.0,0.0,105.4233726295869,3.1310741670987308,0.1054233726295869,0.5825695571510972,15.81350589443803,125.05594562090434,0.0011862259999999999
2025-10-13,NIFTY_HEALTHCARE,0.0,57069.82472021181,0.0,57.06982472021181,1.694973794190291,0.05706982472021181,0.31536785140389045,0.0,59.13723619052621,0.0010362260000000001
2025-10-13,NIFTY_METAL,105423.37262958688,0.0,0.0,105.42337262958688,3.1310741670987303,0.10542337262958688,0.582569557151097,15.81350589443803,125.05594562090434,0.001186226
2025-10-13,NIFTY_PRIVATE_BANK,105423.3726295869,0.0,0.0,105.4233726295869,3.1310741670987308,0.1054233726295869,0.5825695571510972,15.81350589443803,125.05594562090434,0.0011862259999999999
2025-10-13,NIFTY_PSU_BANK,105423.37262958688,0.0,0.0,105.42337262958688,3.1310741670987303,0.10542337262958688,0.582569557151097,15.81350589443803,125.05594562090434,0.001186226
2025-10-14,NIFTY_AUTO,0.0,70494.40215388275,0.0,70.49440215388276,2.0936837439703178,0.07049440215388275,0.38955206630235606,0.0,73.04813236630932,0.0010362260000000001
2025-10-14,NIFTY_BANK,0.0,69794.22137908358,0.0,69.7942213790836,2.0728883749587825,0.06979422137908359,0.3856828673408159,0.0,72.32258684276229,0.0010362260000000003
2025-10-14,NIFTY_METAL,0.0,104684.81770247164,0.0,104.68481770247165,3.109139085763408,0.10468481770247165,0.5784883026238583,0.0,108.47712990856138,0.001036226
2025-10-14,NIFTY_PRIVATE_BANK,0.0,103392.91740102367,0.0,103.39291740102368,3.070769646810403,0.10339291740102366,0.5713492615580567,0.0,107.13842922679315,0.001036226
2025-10-14,NIFTY_PSU_BANK,0.0,103318.7493864393,0.0,103.3187493864393,3.068566856777247,0.1033187493864393,0.5709394091094635,0.0,107.06157440171245,0.001036226
2025-10-16,NIFTY_AUTO,0.0,35606.78432094029,0.0,35.60678432094029,1.0575214943319267,0.03560678432094029,0.19676309015751603,0.0,36.89667568975068,0.0010362260000000001
2025-10-20,NIFTY_AUTO,105282.21323609611,0.0,0.0,105.28221323609611,3.1268817331120546,0.10528221323609611,0.581789510342667,15.792331985414416,124.88849867820136,0.001186226
2025-10-20,NIFTY_BANK,0.0,39665.22049785081,0.0,39.66522049785081,1.178057048786169,0.03966522049785081,0.21919000847112355,0.0,41.10213277560596,0.0010362260000000001
2025-10-20,NIFTY_FINANCIAL_SERVICES_EX_BANK,105282.21323609611,0.0,0.0,105.28221323609611,3.1268817331120546,0.10528221323609611,0.581789510342667,15.792331985414416,124.88849867820136,0.001186226
2025-10-20,NIFTY_METAL,105282.21323609611,0.0,0.0,105.28221323609611,3.1268817331120546,0.1052822132360961,0.5817895103426671,15.792331985414416,124.88849867820136,0.001186226
2025-10-20,NIFTY_MIDSMALL_FINANCIAL_SERVICES,105282.21323609611,0.0,0.0,105.28221323609611,3.1268817331120546,0.10528221323609611,0.581789510342667,15.792331985414416,124.88849867820136,0.001186226
2025-10-20,NIFTY_PSU_BANK,105282.21323609611,0.0,0.0,105.28221323609611,3.1268817331120546,0.1052822132360961,0.5817895103426671,15.792331985414416,124.88849867820136,0.001186226
2025-10-21,NIFTY_AUTO,0.0,70049.23052133416,0.0,70.04923052133415,2.0804621464836246,0.07004923052133416,0.3870920478608926,0.0,72.5868339462,0.001036226
2025-10-21,NIFTY_FINANCIAL_SERVICES_EX_BANK,0.0,34247.23909890316,0.0,34.247239098903165,1.0171430012374238,0.03424723909890316,0.18925024326053888,0.0,35.48787958250003,0.001036226
2025-10-21,NIFTY_METAL,0.0,106330.68587152027,0.0,106.33068587152027,3.158021370384152,0.10633068587152025,0.587583370126021,0.0,110.18262129790196,0.001036226
2025-10-21,NIFTY_MIDSMALL_FINANCIAL_SERVICES,0.0,71133.39411860048,0.0,71.13339411860048,2.112661805322434,0.07113339411860048,0.39308313589938626,0.0,73.7102724539409,0.001036226
2025-10-21,NIFTY_PSU_BANK,0.0,106319.371145879,0.0,106.31937114587902,3.1576853230326067,0.106319371145879,0.5875208449521274,0.0,110.17089668500964,0.0010362260000000001
2025-10-23,NIFTY_AUTO,77535.55645045431,0.0,0.0,77.53555645045432,2.302806026578493,0.0775355564504543,0.4284614849452105,11.630333467568146,91.97469298599664,0.0011862260000000003
2025-10-23,NIFTY_FINANCIAL_SERVICES_EX_BANK,110968.34298943158,33467.466397812794,0.0,144.43580938724438,4.289743538801158,0.14443580938724437,0.7981522826739125,16.645251448414736,166.31339246652144,0.0011514692455568373
2025-10-23,NIFTY_METAL,77535.55645045431,0.0,0.0,77.53555645045432,2.302806026578493,0.0775355564504543,0.4284614849452105,11.630333467568146,91.97469298599664,0.0011862260000000003
2025-10-23,NIFTY_MIDSMALL_FINANCIAL_SERVICES,77535.55645045431,0.0,0.0,77.53555645045432,2.302806026578493,0.0775355564504543,0.4284614849452105,11.630333467568146,91.97469298599664,0.0011862260000000003
2025-10-23,NIFTY_PSU_BANK,77535.55645045431,0.0,0.0,77.53555645045432,2.302806026578493,0.0775355564504543,0.4284614849452105,11.630333467568146,91.97469298599664,0.0011862260000000003
2025-10-24,NIFTY_AUTO,0.0,71937.0395515912,0.0,71.9370395515912,2.1365300746822586,0.0719370395515912,0.397524080562093,0.0,74.54303074638713,0.001036226
2025-10-24,NIFTY_FINANCIAL_SERVICES_EX_BANK,0.0,54520.27610222484,0.0,54.52027610222484,1.6192522002360776,0.05452027610222483,0.3012790457408944,0.0,56.49532762430403,0.001036226
2025-10-24,NIFTY_METAL,0.0,80343.46518721119,0.0,80.3434651872112,2.3862009160601723,0.08034346518721118,0.443977988624529,0.0,83.25398755708311,0.0010362260000000001
2025-10-24,NIFTY_MIDSMALL_FINANCIAL_SERVICES,0.0,75765.09061262742,0.0,75.7650906126274,2.250223191195034,0.07576509061262741,0.4186778907253791,0.0,78.50975678516045,0.001036226
2025-10-24,NIFTY_PSU_BANK,0.0,76548.566034012,0.0,76.548566034012,2.273492411210156,0.07654856603401199,0.4230073759039503,0.0,79.32161438716011,0.001036226
2025-10-27,NIFTY_AUTO,0.0,38257.67143667226,0.0,38.25767143667226,1.1362528416691662,0.038257671436672254,0.21141189235905092,0.0,39.64359384213716,0.0010362260000000003
2025-11-04,NIFTY_MIDSMALL_FINANCIAL_SERVICES,0.0,37551.22023730171,0.0,37.55122023730171,1.115271241047861,0.03755122023730171,0.20750804303132925,0.0,38.911550741618214,0.0010362260000000003
2025-11-11,NIFTY_METAL,0.0,40568.76898215539,0.0,40.56876898215539,1.204892438770015,0.04056876898215538,0.22418301739539068,0.0,42.03841320730295,0.0010362260000000001
2025-11-24,NIFTY_AUTO,94999.87617378097,0.0,0.0,94.99987617378098,2.8214963223612948,0.09499987617378096,0.5249693157363137,14.249981426067144,112.69132311411948,0.0011862259999999999
2025-11-24,NIFTY_FINANCIAL_SERVICES_EX_BANK,94999.87617378097,0.0,0.0,94.99987617378098,2.8214963223612948,0.09499987617378096,0.5249693157363137,14.249981426067144,112.69132311411951,0.001186226
2025-11-24,NIFTY_MIDSMALL_FINANCIAL_SERVICES,94999.87617378097,0.0,0.0,94.99987617378098,2.8214963223612948,0.09499987617378096,0.5249693157363137,14.249981426067144,112.69132311411948,0.0011862259999999999
2025-11-24,NIFTY_OIL_GAS,94999.87617378097,0.0,0.0,94.99987617378098,2.8214963223612948,0.09499987617378096,0.5249693157363137,14.249981426067144,112.69132311411948,0.0011862259999999999
2025-11-24,NIFTY_PSU_BANK,94999.87617378097,0.0,0.0,94.99987617378098,2.8214963223612948,0.09499987617378096,0.5249693157363137,14.249981426067144,112.69132311411951,0.001186226
2025-11-25,NIFTY_AUTO,0.0,63442.49080186052,0.0,63.442490801860515,1.8842419768152574,0.06344249080186051,0.35058320417108124,0.0,65.74075847364873,0.0010362260000000001
2025-11-25,NIFTY_MIDSMALL_FINANCIAL_SERVICES,0.0,95998.46978198591,0.0,95.9984697819859,2.8511545525249815,0.09599846978198591,0.5304875440152541,0.0,99.47611034830814,0.0010362260000000001
2025-11-25,NIFTY_OIL_GAS,0.0,61957.83435589254,0.0,61.95783435589254,1.8401476803700083,0.061957834355892534,0.3423789926506622,0.0,64.20231886326908,0.0010362259999999997
2025-11-25,NIFTY_PSU_BANK,0.0,100858.11703354496,0.0,100.85811703354497,2.9954860758962853,0.10085811703354496,0.5573419547273695,0.0,104.51180318120217,0.0010362260000000001
2025-11-26,NIFTY_AUTO,0.0,31836.92932240441,0.0,31.83692932240441,0.9455568008754109,0.03183692932240441,0.17593087143560676,0.0,32.99025392403782,0.0010362259999999997
2025-11-26,NIFTY_OIL_GAS,0.0,31250.3712007027,0.0,31.2503712007027,0.9281360246608702,0.031250371200702697,0.17268955125508312,0.0,32.382447147819356,0.0010362260000000001
2025-11-27,NIFTY_PSU_BANK,0.0,49315.33573921097,0.0,49.31533573921097,1.4646654714545657,0.049315335739210965,0.2725165452948798,0.0,51.101833091699625,0.001036226
2025-12-01,NIFTY_AUTO,86841.8285421144,0.0,0.0,86.8418285421144,2.5792023077007977,0.08684182854211439,0.4798879445237241,13.026274281317159,103.01403490419818,0.0011862259999999999
2025-12-01,NIFTY_BANK,86841.8285421144,0.0,0.0,86.8418285421144,2.5792023077007977,0.08684182854211439,0.4798879445237241,13.026274281317159,103.01403490419818,0.0011862259999999999
2025-12-01,NIFTY_FINANCIAL_SERVICES_EX_BANK,86841.8285421144,0.0,0.0,86.8418285421144,2.5792023077007977,0.0868418285421144,0.47988794452372424,13.026274281317159,103.01403490419818,0.0011862259999999999
2025-12-01,NIFTY_MIDSMALL_FINANCIAL_SERVICES,86841.8285421144,0.0,0.0,86.8418285421144,2.5792023077007977,0.08684182854211439,0.4798879445237241,13.026274281317159,103.01403490419818,0.0011862259999999999
2025-12-01,NIFTY_PSU_BANK,86841.8285421144,0.0,0.0,86.8418285421144,2.5792023077007977,0.08684182854211439,0.4798879445237241,13.026274281317159,103.01403490419818,0.0011862259999999999
2025-12-02,NIFTY_AUTO,0.0,59017.73258566833,0.0,59.017732585668334,1.7528266577943494,0.05901773258566834,0.3261319902684032,0.0,61.15570896631675,0.001036226
2025-12-02,NIFTY_BANK,0.0,57154.19160287922,0.0,57.154191602879216,1.6974794906055126,0.05715419160287921,0.31583406279751053,0.0,59.224659347885115,0.001036226
2025-12-02,NIFTY_FINANCIAL_SERVICES_EX_BANK,0.0,86387.05356508614,0.0,86.38705356508613,2.5656954908830585,0.08638705356508614,0.477374858000666,0.0,89.51651096753494,0.001036226
2025-12-02,NIFTY_MIDSMALL_FINANCIAL_SERVICES,0.0,87535.23378200129,0.0,87.5352337820013,2.599796443325438,0.08753523378200129,0.4837197018793391,0.0,90.70628516098807,0.0010362260000000001
2025-12-02,NIFTY_PSU_BANK,0.0,57484.6255511791,0.0,57.48462555117911,1.7072933788700193,0.0574846255511791,0.31766004079581567,0.0,59.56706359639612,0.0010362260000000001
2025-12-03,NIFTY_PSU_BANK,0.0,26857.64097287217,0.0,26.857640972872172,0.7976719368943035,0.02685764097287217,0.14841532401609162,0.0,27.83058587475544,0.0010362260000000001
2025-12-09,NIFTY_FINANCIAL_SERVICES_EX_BANK,0.0,97656.0327508017,0.0,97.65603275080171,2.9003841726988107,0.0976560327508017,0.5396472369809302,0.0,101.19372019323225,0.0010362260000000001
2025-12-15,NIFTY_AUTO,99932.21300872415,0.0,0.0,99.93221300872416,2.9679867263591073,0.09993221300872415,0.5522254090862097,14.989831951308622,118.54218930848681,0.0011862259999999999
2025-12-15,NIFTY_BANK,0.0,28086.8530946748,0.0,28.0868530946748,0.8341795369118415,0.028086853094674798,0.15520795020117295,0.0,29.10432743488249,0.001036226
2025-12-15,NIFTY_FINANCIAL_SERVICES_EX_BANK,99932.21300872415,0.0,0.0,99.93221300872416,2.9679867263591073,0.09993221300872415,0.5522254090862097,14.989831951308622,118.54218930848681,0.0011862259999999999
2025-12-15,NIFTY_METAL,99932.21300872415,0.0,0.0,99.93221300872415,2.967986726359107,0.09993221300872415,0.5522254090862097,14.98983195130862,118.54218930848678,0.0011862259999999996
2025-12-15,NIFTY_MIDSMALL_FINANCIAL_SERVICES,99932.21300872415,0.0,0.0,99.93221300872415,2.967986726359107,0.09993221300872415,0.5522254090862097,14.98983195130862,118.54218930848678,0.0011862259999999996
2025-12-15,NIFTY_PSU_BANK,99932.21300872415,0.0,0.0,99.93221300872415,2.967986726359107,0.09993221300872415,0.5522254090862097,14.98983195130862,118.54218930848678,0.0011862259999999996
2025-12-16,NIFTY_AUTO,0.0,77062.66296354504,0.0,77.06266296354504,2.2887610900172874,0.07706266296354504,0.4258482755365498,0.0,79.85433499206242,0.001036226
2025-12-16,NIFTY_METAL,0.0,68196.58003501428,0.0,68.19658003501428,2.0254384270399237,0.06819658003501428,0.3768543012734889,0.0,70.6670693433627,0.001036226
2025-12-16,NIFTY_MIDSMALL_FINANCIAL_SERVICES,0.0,100460.15896728254,0.0,100.46015896728254,2.9836667213282912,0.10046015896728253,0.5551428384532032,0.0,104.0994286860313,0.001036226
2025-12-16,NIFTY_PSU_BANK,0.0,66578.31430789421,0.0,66.5783143078942,1.9773759349444577,0.0665783143078942,0.3679117648654233,0.0,68.99018032201198,0.001036226
2025-12-17,NIFTY_METAL,0.0,32069.281705862843,0.0,32.06928170586284,0.9524576666641265,0.03206928170586284,0.17721485070659806,0.0,33.23102350493943,0.001036226
2025-12-23,NIFTY_AUTO,68802.03118855009,0.0,0.0,68.80203118855009,2.0434203262999375,0.06880203118855008,0.38020002434792777,10.320304678282511,81.61475824866902,0.001186226
2025-12-23,NIFTY_FINANCIAL_SERVICES_EX_BANK,131760.44620510968,63023.72183574256,0.0,194.78416804085225,5.785089790813311,0.19478416804085225,1.0763773125937495,19.76406693076645,221.60448624306662,0.0011376924956066723
2025-12-23,NIFTY_METAL,68802.03118855009,0.0,0.0,68.80203118855009,2.0434203262999375,0.06880203118855008,0.38020002434792777,10.320304678282513,81.61475824866902,0.001186226
2025-12-23,NIFTY_MIDSMALL_FINANCIAL_SERVICES,68802.03118855009,0.0,0.0,68.80203118855009,2.0434203262999375,0.06880203118855008,0.38020002434792777,10.320304678282513,81.61475824866902,0.001186226
2025-12-23,NIFTY_PSU_BANK,68802.03118855009,0.0,0.0,68.80203118855009,2.0434203262999375,0.06880203118855008,0.38020002434792777,10.320304678282511,81.61475824866902,0.001186226
2025-12-24,NIFTY_AUTO,0.0,68256.60289823319,0.0,68.2566028982332,2.0272211060775263,0.0682566028982332,0.37718598761563665,0.0,70.7292665948246,0.0010362260000000001
2025-12-24,NIFTY_FINANCIAL_SERVICES_EX_BANK,0.0,130981.22399877569,0.0,130.9812239987757,3.890142352763638,0.13098122399877568,0.7238022438172343,0.0,135.72614981935536,0.0010362260000000001
2025-12-24,NIFTY_METAL,0.0,46623.05016271189,0.0,46.62305016271189,1.384704589832543,0.046623050162711885,0.25763897519914586,0.0,48.31201677790629,0.001036226
2025-12-24,NIFTY_MIDSMALL_FINANCIAL_SERVICES,0.0,45795.207473942864,0.0,45.79520747394287,1.360117661976103,0.04579520747394286,0.25306431650100825,0.0,47.45418465989391,0.001036226
2025-12-24,NIFTY_PSU_BANK,0.0,67943.42326233728,0.0,67.94342326233729,2.0179196708914175,0.0679434232623373,0.37545535694767584,0.0,70.40474171343874,0.0010362260000000003
2025-12-26,NIFTY_MIDSMALL_FINANCIAL_SERVICES,0.0,22905.63105558791,0.0,22.90563105558791,0.6802972423509609,0.02290563105558791,0.12657651721317878,0.0,23.735410446207634,0.001036226
2026-01-06,NIFTY_FINANCIAL_SERVICES_EX_BANK,0.0,110303.82895465608,0.0,110.30382895465608,3.276023719953286,0.11030382895465608,0.6095389588034296,0.0,114.29969546236745,0.001036226
2026-01-12,NIFTY_METAL,0.0,30766.044336511426,0.0,30.766044336511428,0.9137515167943894,0.030766044336511426,0.17001316100356215,0.0,31.880575058645892,0.0010362260000000001
2026-01-13,NIFTY_FINANCIAL_SERVICES_EX_BANK,0.0,37636.75165656689,0.0,37.636751656566894,1.1178115242000366,0.03763675165656689,0.20798068965418864,0.0,39.00018062207768,0.001036226
2026-01-19,NIFTY_AUTO,112126.04431563371,0.0,0.0,112.12604431563372,3.330143516174321,0.11212604431563371,0.6196085208881918,16.818906647345056,133.00682904435692,0.001186226
2026-01-19,NIFTY_IT,112126.04431563371,0.0,0.0,112.12604431563372,3.3301435161743216,0.11212604431563372,0.6196085208881918,16.818906647345056,133.0068290443569,0.0011862259999999999
2026-01-19,NIFTY_METAL,112126.04431563371,0.0,0.0,112.12604431563372,3.3301435161743216,0.11212604431563372,0.6196085208881918,16.818906647345056,133.0068290443569,0.0011862259999999999
2026-01-19,NIFTY_MIDSMALL_FINANCIAL_SERVICES,112126.04431563371,0.0,0.0,112.12604431563372,3.3301435161743216,0.11212604431563372,0.6196085208881918,16.818906647345056,133.0068290443569,0.0011862259999999999
2026-01-19,NIFTY_PSU_BANK,112126.04431563371,0.0,0.0,112.12604431563372,3.330143516174321,0.11212604431563371,0.6196085208881918,16.818906647345056,133.00682904435692,0.001186226
2026-01-20,NIFTY_AUTO,0.0,111093.30482285543,0.0,111.09330482285543,3.299471153238806,0.11109330482285543,0.613901602451099,0.0,115.11777088336818,0.001036226
2026-01-20,NIFTY_IT,0.0,73848.5435772085,0.0,73.8485435772085,2.193301744243093,0.0738485435772085,0.4080870518076542,0.0,76.52378091683644,0.0010362259999999997
2026-01-20,NIFTY_METAL,0.0,71453.31679215032,0.0,71.45331679215033,2.1221635087268647,0.07145331679215033,0.3948510285934227,0.0,74.04178464626276,0.001036226
2026-01-20,NIFTY_PSU_BANK,0.0,112832.69108942043,0.0,112.83269108942044,3.351130925355787,0.11283269108942043,0.6235134509601373,0.0,116.92016815682578,0.0010362260000000001
2026-01-22,NIFTY_AUTO,73769.05055540628,0.0,0.0,73.76905055540628,2.1909408014955667,0.07376905055540628,0.40764777336917507,11.065357583310941,87.50676576413738,0.001186226
2026-01-22,NIFTY_IT,73769.05055540628,0.0,0.0,73.76905055540628,2.1909408014955667,0.07376905055540628,0.40764777336917507,11.065357583310941,87.50676576413738,0.001186226
2026-01-22,NIFTY_METAL,73769.05055540628,0.0,0.0,73.76905055540628,2.1909408014955667,0.07376905055540628,0.40764777336917507,11.065357583310941,87.50676576413738,0.001186226
2026-01-22,NIFTY_MIDSMALL_FINANCIAL_SERVICES,110288.74855680254,36557.579916202514,0.0,146.84632847300506,4.361335955648251,0.14684632847300505,0.811472811141826,16.54331228352038,168.7092958517885,0.0011488833095531057
2026-01-22,NIFTY_PSU_BANK,73769.05055540628,0.0,0.0,73.76905055540628,2.1909408014955667,0.07376905055540628,0.40764777336917507,11.065357583310941,87.50676576413738,0.001186226
2026-01-23,NIFTY_AUTO,0.0,71533.35654149488,0.0,71.53335654149488,2.124540689282398,0.07153335654149488,0.39529332824830077,0.0,74.12472391556707,0.001036226
2026-01-23,NIFTY_IT,0.0,74145.07003147528,0.0,74.14507003147529,2.2021085799348157,0.07414507003147527,0.4097256569939324,0.0,76.83104933843549,0.001036226
2026-01-23,NIFTY_METAL,0.0,72258.06845174273,0.0,72.25806845174273,2.1460646330167594,0.07225806845174274,0.3992980862643304,0.0,74.87568923947556,0.0010362260000000001
2026-01-23,NIFTY_MIDSMALL_FINANCIAL_SERVICES,0.0,106078.80882979961,0.0,106.07880882979961,3.1505406222450487,0.10607880882979961,0.5861914975934727,0.0,109.92161975846793,0.001036226
2026-01-23,NIFTY_PSU_BANK,0.0,73176.85714558339,0.0,73.17685714558338,2.173352657223827,0.07317685714558339,0.4043753125864938,0.0,75.82776197253929,0.001036226
2026-01-27,NIFTY_AUTO,0.0,58803.53393093435,0.0,58.80353393093435,1.74646495774875,0.05880353393093434,0.3249483285023432,0.0,60.93375075111638,0.0010362260000000001
2026-01-27,NIFTY_BANK,91104.63606721093,0.0,0.0,91.10463606721095,2.705807691196165,0.09110463606721093,0.5034442189074076,13.66569541008164,108.07068802346336,0.001186226
2026-01-27,NIFTY_IT,91104.63606721093,0.0,0.0,91.10463606721093,2.705807691196165,0.09110463606721092,0.5034442189074076,13.665695410081637,108.07068802346336,0.001186226
2026-01-27,NIFTY_METAL,91104.63606721093,0.0,0.0,91.10463606721093,2.705807691196165,0.09110463606721092,0.5034442189074076,13.665695410081637,108.07068802346336,0.001186226
2026-01-27,NIFTY_MIDSMALL_FINANCIAL_SERVICES,91104.63606721093,0.0,0.0,91.10463606721093,2.705807691196165,0.09110463606721092,0.5034442189074076,13.665695410081637,108.07068802346336,0.001186226
2026-01-27,NIFTY_PSU_BANK,91104.63606721093,0.0,0.0,91.10463606721093,2.705807691196165,0.09110463606721092,0.5034442189074076,13.665695410081637,108.07068802346336,0.001186226
2026-01-28,NIFTY_BANK,0.0,62466.322266122865,0.0,62.466322266122866,1.8552497713038492,0.06246632226612286,0.3451888968425949,0.0,64.72922725653544,0.0010362260000000001
2026-01-28,NIFTY_IT,0.0,90729.615788998,0.0,90.72961578899799,2.69466958893324,0.09072961578899799,0.5013718568500029,0.0,94.01638685057023,0.001036226
2026-01-28,NIFTY_METAL,0.0,100345.01944764936,0.0,100.34501944764935,2.9802470775951857,0.10034501944764934,0.5545065774677103,0.0,103.9801181221599,0.001036226
2026-01-28,NIFTY_PSU_BANK,0.0,94097.4960325518,0.0,94.09749603255179,2.794695632166788,0.0940974960325518,0.5199827630758812,0.0,97.50627192382701,0.001036226
2026-01-29,NIFTY_METAL,0.0,44103.04271428227,0.0,44.10304271428227,1.3098603686141834,0.04410304271428227,0.24371341403912383,0.0,45.70071953964985,0.001036226
2026-02-02,NIFTY_MIDSMALL_FINANCIAL_SERVICES,0.0,87037.34614093299,0.0,87.037346140933,2.58500918038571,0.08703734614093299,0.48096837477479565,0.0,90.19036104223443,0.001036226
2026-02-02,NIFTY_PSU_BANK,0.0,33353.200752917095,0.0,33.3532007529171,0.9905900623616377,0.033353200752917096,0.18430978736061987,0.0,34.561453803392276,0.0010362260000000001
2026-02-03,NIFTY_MIDSMALL_FINANCIAL_SERVICES,0.0,34321.42281779046,0.0,34.32142281779046,1.0193462576883767,0.03432142281779046,0.18966018249111008,0.0,35.56475068078774,0.0010362260000000001
2026-02-09,NIFTY_BANK,116334.48120441117,0.0,0.0,116.33448120441118,3.455134091771012,0.11633448120441117,0.6428643431355762,17.450172180661674,137.99898630118383,0.0011862259999999999
2026-02-09,NIFTY_IT,0.0,35822.3093583674,0.0,35.8223093583674,1.0639225879435117,0.035822309358367395,0.19795408151433821,0.0,37.12000833718361,0.001036226
2026-02-09,NIFTY_METAL,116334.48120441117,0.0,0.0,116.33448120441119,3.4551340917710123,0.11633448120441117,0.6428643431355762,17.450172180661674,137.99898630118386,0.001186226
2026-02-09,NIFTY_MIDSMALL_FINANCIAL_SERVICES,116334.48120441117,0.0,0.0,116.33448120441118,3.455134091771012,0.11633448120441117,0.6428643431355762,17.450172180661674,137.99898630118383,0.0011862259999999999
2026-02-09,NIFTY_PRIVATE_BANK,116334.48120441117,0.0,0.0,116.33448120441119,3.4551340917710123,0.11633448120441117,0.6428643431355762,17.450172180661674,137.99898630118386,0.001186226
2026-02-09,NIFTY_PSU_BANK,116334.48120441117,0.0,0.0,116.33448120441119,3.4551340917710123,0.11633448120441117,0.6428643431355762,17.450172180661674,137.99898630118386,0.001186226
2026-02-10,NIFTY_BANK,0.0,116498.33638064045,0.0,116.49833638064045,3.4600005905050217,0.11649833638064044,0.6437698068394191,0.0,120.71860511436553,0.001036226
2026-02-10,NIFTY_METAL,0.0,79051.57312629704,0.0,79.05157312629706,2.3478317218510223,0.07905157312629704,0.43683899309591745,0.0,81.91529541437028,0.0010362260000000001
2026-02-10,NIFTY_MIDSMALL_FINANCIAL_SERVICES,0.0,60589.237135093215,0.0,60.589237135093214,1.7995003429122685,0.06058923713509321,0.3348161244085251,0.0,62.7841428395491,0.001036226
2026-02-10,NIFTY_PRIVATE_BANK,0.0,117559.09333067483,0.0,117.55909333067483,3.4915050719210425,0.11755909333067482,0.649631549745309,0.0,121.81778904567184,0.001036226
2026-02-10,NIFTY_PSU_BANK,0.0,115716.24436475275,0.0,115.71624436475275,3.436772457633157,0.11571624436475275,0.6394479663596238,0.0,119.9081810331103,0.0010362260000000001
2026-02-11,NIFTY_BANK,0.0,31582.439955381076,0.0,31.582439955381076,0.937998466674818,0.03158243995538108,0.17452456319343584,0.0,32.72654542520471,0.0010362260000000001
2026-02-12,NIFTY_MIDSMALL_FINANCIAL_SERVICES,0.0,57884.44441209891,0.0,57.88444441209891,1.7191679990393376,0.057884444412098904,0.31986943982125854,0.0,59.9813662953716,0.001036226
2026-02-16,NIFTY_AUTO,115656.30335595412,0.0,0.0,115.65630335595412,3.4349922096718375,0.11565630335595412,0.6391167323450024,17.348445503393116,137.19451410472004,0.001186226
2026-02-16,NIFTY_BANK,115656.30335595412,0.0,0.0,115.65630335595412,3.4349922096718375,0.11565630335595412,0.6391167323450024,17.348445503393116,137.19451410472004,0.001186226
2026-02-16,NIFTY_METAL,115656.30335595412,0.0,0.0,115.65630335595412,3.4349922096718375,0.11565630335595412,0.6391167323450024,17.348445503393116,137.19451410472,0.0011862259999999999
2026-02-16,NIFTY_MIDSMALL_FINANCIAL_SERVICES,115656.30335595412,0.0,0.0,115.65630335595412,3.4349922096718375,0.11565630335595412,0.6391167323450024,17.348445503393116,137.19451410472,0.0011862259999999999
2026-02-16,NIFTY_PSU_BANK,115656.30335595412,0.0,0.0,115.65630335595412,3.4349922096718375,0.11565630335595412,0.6391167323450024,17.348445503393116,137.19451410472004,0.001186226
2026-02-17,NIFTY_AUTO,0.0,77073.30691193216,0.0,77.07330691193215,2.289077215284385,0.07707330691193215,0.42590709399533705,0.0,79.86536452812382,0.0010362260000000001
2026-02-17,NIFTY_BANK,0.0,78461.17507042922,0.0,78.46117507042922,2.330296899591748,0.07846117507042921,0.4335764534391918,0.0,81.30350959853058,0.001036226
2026-02-17,NIFTY_METAL,0.0,114590.32442735413,0.0,114.59032442735413,3.4033326354924176,0.11459032442735413,0.633226132785559,0.0,118.74147352005946,0.001036226
2026-02-17,NIFTY_MIDSMALL_FINANCIAL_SERVICES,0.0,60535.67166593816,0.0,60.53567166593816,1.7979094484783633,0.06053567166593815,0.3345201216259743,0.0,62.728636907708434,0.0010362260000000001
2026-02-17,NIFTY_PSU_BANK,0.0,122292.47036566175,0.0,122.29247036566176,3.6320863698601538,0.12229247036566174,0.6757881912406467,0.0,126.72263739712821,0.001036226
2026-02-18,NIFTY_MIDSMALL_FINANCIAL_SERVICES,0.0,95231.5243089952,0.0,95.2315243089952,2.8283762719771577,0.0952315243089952,0.5262494033315075,0.0,98.68138150861286,0.001036226
2026-02-24,NIFTY_AUTO,109523.28594937008,0.0,0.0,109.52328594937008,3.2528415926962913,0.10952328594937008,0.6052256781562191,16.42849289240551,129.91936939857746,0.0011862259999999999
2026-02-24,NIFTY_BANK,109523.28594937008,0.0,0.0,109.52328594937008,3.2528415926962913,0.10952328594937008,0.6052256781562191,16.42849289240551,129.91936939857746,0.0011862259999999999
2026-02-24,NIFTY_METAL,109523.28594937008,0.0,0.0,109.52328594937008,3.2528415926962913,0.10952328594937008,0.6052256781562191,16.42849289240551,129.91936939857746,0.0011862259999999999
2026-02-24,NIFTY_MIDSMALL_FINANCIAL_SERVICES,109523.28594937008,0.0,0.0,109.52328594937008,3.2528415926962913,0.10952328594937008,0.605225678156219,16.42849289240551,129.91936939857746,0.0011862259999999999
2026-02-24,NIFTY_PSU_BANK,109523.28594937008,0.0,0.0,109.52328594937008,3.2528415926962913,0.10952328594937008,0.605225678156219,16.42849289240551,129.91936939857746,0.0011862259999999999
2026-02-25,NIFTY_AUTO,0.0,111526.04895473595,0.0,111.52604895473596,3.3123236539556578,0.11152604895473595,0.6162929465238709,0.0,115.56619160417023,0.0010362260000000001
2026-02-25,NIFTY_BANK,0.0,111680.97483611683,0.0,111.68097483611685,3.31692495263267,0.11168097483611683,0.6171490669443815,0.0,115.72672983053002,0.0010362260000000001
2026-02-25,NIFTY_METAL,0.0,116655.24486152019,0.0,116.6552448615202,3.4646607723871496,0.1166552448615202,0.6446368831047605,0.0,120.88119776187362,0.0010362260000000001
2026-02-25,NIFTY_MIDSMALL_FINANCIAL_SERVICES,0.0,110638.15767974978,0.0,110.6381576797498,3.2859532830885687,0.11063815767974977,0.6113864593382973,0.0,114.6461355798564,0.0010362260000000001
2026-02-25,NIFTY_PSU_BANK,0.0,110134.83217451166,0.0,110.13483217451166,3.2710045155829963,0.11013483217451164,0.6086050825963514,0.0,114.12457660486552,0.0010362260000000001
2026-03-06,NIFTY_AUTO,0.0,36574.94704275392,0.0,36.57494704275392,1.0862759271697915,0.036574947042753915,0.20211315735825816,0.0,37.89991107432472,0.001036226
2026-03-09,NIFTY_AUTO,126396.23109869461,0.0,0.0,126.39623109869461,3.75396806363123,0.1263962310986946,0.6984655730513863,18.95943466480419,149.9344956312801,0.0011862259999999999
2026-03-09,NIFTY_BANK,0.0,35426.504551645856,0.0,35.426504551645856,1.0521671851838819,0.03542650455164585,0.19576686415239497,0.0,36.70986510553378,0.0010362260000000001
2026-03-09,NIFTY_HEALTHCARE,126396.23109869461,0.0,0.0,126.39623109869461,3.75396806363123,0.1263962310986946,0.6984655730513863,18.95943466480419,149.9344956312801,0.0011862259999999999
2026-03-09,NIFTY_METAL,161648.239544584,35288.57538520651,0.0,196.9368149297905,5.849023403414778,0.19693681492979048,1.0882728393020222,24.247235931687598,228.3182839191247,0.001159347905573277
2026-03-09,NIFTY_PHARMA,126396.23109869461,0.0,0.0,126.39623109869461,3.75396806363123,0.1263962310986946,0.6984655730513863,18.95943466480419,149.9344956312801,0.0011862259999999999
2026-03-09,NIFTY_PSU_BANK,126396.23109869461,0.0,0.0,126.39623109869461,3.75396806363123,0.1263962310986946,0.6984655730513863,18.95943466480419,149.9344956312801,0.0011862259999999999
2026-03-10,NIFTY_AUTO,0.0,84960.55337223798,0.0,84.960553372238,2.5233284351554683,0.08496055337223798,0.46949201793498707,0.0,88.03833437870068,0.0010362260000000001
2026-03-10,NIFTY_HEALTHCARE,0.0,43463.896643424836,0.0,43.46389664342484,1.2908777303097176,0.043463896643424836,0.24018149285156565,0.0,45.03841976322955,0.0010362260000000001
2026-03-10,NIFTY_METAL,0.0,108537.39789630589,0.0,108.53739789630589,3.223560717520285,0.1085373978963059,0.5997776607749864,0.0,112.46927367249748,0.0010362260000000001
2026-03-10,NIFTY_PHARMA,0.0,130900.39627338745,0.0,130.90039627338746,3.8877417693196072,0.13090039627338745,0.723355589806739,0.0,135.64239402878718,0.001036226
2026-03-10,NIFTY_PSU_BANK,0.0,85354.09136861487,0.0,85.35409136861486,2.5350165136478617,0.08535409136861485,0.4716667089029657,0.0,88.44612868253431,0.001036226
2026-03-11,NIFTY_METAL,0.0,54056.66231035151,0.0,54.05666231035151,1.6054828706174398,0.05405666231035151,0.29871711592700245,0.0,56.014918959206305,0.0010362260000000001
2026-03-16,NIFTY_AUTO,0.0,37404.84167673996,0.0,37.40484167673996,1.1109237977991768,0.03740484167673996,0.206699155105665,0.0,38.759869471321544,0.0010362260000000001
2026-03-16,NIFTY_HEALTHCARE,146082.72084862227,0.0,0.0,146.08272084862227,4.338656809204081,0.14608272084862226,0.8072531154094865,21.91240812729334,173.2871216213778,0.001186226
2026-03-16,NIFTY_METAL,146082.72084862227,0.0,0.0,146.08272084862227,4.338656809204082,0.14608272084862226,0.8072531154094866,21.91240812729334,173.2871216213778,0.001186226
2026-03-16,NIFTY_MIDSMALL_HEALTHCARE,146082.72084862227,0.0,0.0,146.08272084862227,4.338656809204082,0.14608272084862226,0.8072531154094866,21.91240812729334,173.2871216213778,0.001186226
2026-03-16,NIFTY_PHARMA,146082.72084862227,0.0,0.0,146.08272084862227,4.338656809204082,0.14608272084862226,0.8072531154094866,21.91240812729334,173.2871216213778,0.001186226
2026-03-16,NIFTY_PSU_BANK,0.0,40259.17079189594,0.0,40.25917079189594,1.1956973725193094,0.040259170791895935,0.22247217779601697,0.0,41.717599513003165,0.0010362260000000001
2026-03-17,NIFTY_HEALTHCARE,0.0,141668.3032577206,0.0,141.6683032577206,4.207548606754302,0.1416683032577206,0.782859043802164,0.0,146.8003792115348,0.001036226
2026-03-17,NIFTY_METAL,0.0,98583.5566878836,0.0,98.5835566878836,2.927931633630143,0.0985835566878836,0.5447727342572448,0.0,102.15484461245887,0.0010362260000000001
2026-03-17,NIFTY_MIDSMALL_HEALTHCARE,0.0,48627.16047072862,0.0,48.62716047072862,1.44422666598064,0.04862716047072861,0.26871368876124635,0.0,50.38872798594124,0.0010362260000000001
2026-03-17,NIFTY_PHARMA,0.0,144521.87340783124,0.0,144.52187340783127,4.292299640212588,0.14452187340783124,0.7986278724516753,0.0,149.75732279390334,0.0010362260000000001
2026-03-23,NIFTY_MIDSMALL_HEALTHCARE,0.0,45041.88867242386,0.0,45.041888672423866,1.3377440935709888,0.04504188867242386,0.24890147680381425,0.0,46.673576131471094,0.0010362260000000001
2026-03-24,NIFTY_HEALTHCARE,119486.75191146314,0.0,0.0,119.48675191146314,3.5487565317704552,0.11948675191146314,0.6602837910627453,17.923012786719468,141.73829177292725,0.0011862259999999999
2026-03-24,NIFTY_METAL,119486.75191146314,0.0,0.0,119.48675191146314,3.5487565317704552,0.11948675191146314,0.6602837910627453,17.923012786719468,141.73829177292725,0.0011862259999999999
2026-03-24,NIFTY_MIDSMALL_HEALTHCARE,119486.75191146314,0.0,0.0,119.48675191146314,3.5487565317704552,0.11948675191146314,0.6602837910627453,17.923012786719468,141.73829177292725,0.0011862259999999999
2026-03-24,NIFTY_PHARMA,119486.75191146316,0.0,0.0,119.48675191146316,3.5487565317704557,0.11948675191146316,0.6602837910627454,17.92301278671947,141.7382917729273,0.001186226
2026-03-25,NIFTY_HEALTHCARE,0.0,120884.94927929912,0.0,120.88494927929912,3.590282993595184,0.12088494927929912,0.6680102297174069,0.0,125.26412745189101,0.0010362260000000001
2026-03-25,NIFTY_METAL,0.0,122034.49578460134,0.0,122.03449578460135,3.6244245248026603,0.12203449578460135,0.674362623705707,0.0,126.45531742889432,0.0010362260000000001
2026-03-25,NIFTY_MIDSMALL_HEALTHCARE,0.0,123364.93271387872,0.0,123.36493271387872,3.663938501602198,0.1233649327138787,0.6817146181768938,0.0,127.83395076637169,0.001036226
2026-03-25,NIFTY_PHARMA,0.0,121187.81191941141,0.0,121.1878119194114,3.5992780140065186,0.1211878119194114,0.6696838486666674,0.0,125.577961594004,0.001036226
2026-04-06,NIFTY_HEALTHCARE,0.0,39305.36585857881,0.0,39.30536585857881,1.1673693659997906,0.03930536585857881,0.2172014517345065,0.0,40.729242042171684,0.0010362260000000001
2026-04-06,NIFTY_MIDSMALL_HEALTHCARE,0.0,44446.81941963486,0.0,44.44681941963486,1.3200705367631556,0.04444681941963486,0.24561312411290226,0.0,46.05694989993055,0.001036226
2026-04-13,NIFTY_HEALTHCARE,114126.4914852442,0.0,0.0,114.1264914852442,3.389556797111753,0.1141264914852442,0.6306629919474595,17.118973722786627,135.37981148857529,0.001186226
2026-04-13,NIFTY_METAL,114126.4914852442,0.0,0.0,114.1264914852442,3.389556797111753,0.1141264914852442,0.6306629919474595,17.118973722786627,135.37981148857529,0.001186226
2026-04-13,NIFTY_MIDSMALL_HEALTHCARE,114126.4914852442,0.0,0.0,114.1264914852442,3.389556797111753,0.11412649148524419,0.6306629919474595,17.118973722786627,135.3798114885753,0.0011862260000000003
2026-04-13,NIFTY_PHARMA,114126.4914852442,0.0,0.0,114.1264914852442,3.389556797111753,0.11412649148524419,0.6306629919474595,17.118973722786627,135.3798114885753,0.0011862260000000003
2026-04-13,NIFTY_REALTY,114126.4914852442,0.0,0.0,114.1264914852442,3.389556797111753,0.11412649148524419,0.6306629919474595,17.118973722786627,135.3798114885753,0.0011862260000000003
2026-04-15,NIFTY_HEALTHCARE,0.0,58947.09591987077,0.0,58.947095919870776,1.750728748820162,0.05894709591987077,0.3257416520532059,0.0,61.082513416664014,0.0010362260000000001
2026-04-15,NIFTY_METAL,0.0,118345.25809952724,0.0,118.34525809952726,3.514854165555959,0.11834525809952723,0.6539758962579876,0.0,122.63243341944073,0.0010362260000000001
2026-04-15,NIFTY_MIDSMALL_HEALTHCARE,0.0,78091.2644469385,0.0,78.09126444693848,2.3193105540740735,0.07809126444693848,0.4315323273337821,0.0,80.92019859279328,0.001036226
2026-04-15,NIFTY_PHARMA,0.0,117762.56442717253,0.0,117.76256442717252,3.497548163487024,0.11776256442717252,0.6507559310245553,0.0,122.02863108611129,0.0010362260000000001
2026-04-15,NIFTY_REALTY,0.0,79230.56624854176,0.0,79.23056624854176,2.3531478175816902,0.07923056624854176,0.4378281090894418,0.0,82.10077274146144,0.0010362260000000001
2026-04-16,NIFTY_HEALTHCARE,0.0,57539.673654198195,0.0,57.5396736541982,1.7089283075296864,0.057539673654198195,0.3179642366130992,0.0,59.624105871995184,0.0010362260000000001
2026-04-16,NIFTY_MIDSMALL_HEALTHCARE,0.0,37538.967714185506,0.0,37.53896771418551,1.1149073411113095,0.0375389677141855,0.2074403355885891,0.0,38.89885435859959,0.0010362260000000001
2026-04-20,NIFTY_HEALTHCARE,117135.46506189564,0.0,0.0,117.13546506189564,3.4789233123383005,0.11713546506189564,0.6472905799320352,17.570319759284345,138.94913417851222,0.001186226
2026-04-20,NIFTY_METAL,117135.46506189564,0.0,0.0,117.13546506189564,3.4789233123383005,0.11713546506189564,0.6472905799320352,17.570319759284345,138.94913417851222,0.001186226
2026-04-20,NIFTY_MIDSMALL_FINANCIAL_SERVICES,117135.46506189564,0.0,0.0,117.13546506189564,3.4789233123383,0.11713546506189562,0.6472905799320352,17.570319759284345,138.9491341785122,0.0011862259999999999
2026-04-20,NIFTY_MIDSMALL_HEALTHCARE,117135.46506189564,0.0,0.0,117.13546506189564,3.4789233123383,0.11713546506189562,0.6472905799320352,17.570319759284345,138.9491341785122,0.0011862259999999999
2026-04-20,NIFTY_PHARMA,117135.46506189564,0.0,0.0,117.13546506189564,3.4789233123383,0.11713546506189562,0.6472905799320352,17.570319759284345,138.9491341785122,0.0011862259999999999
2026-04-20,NIFTY_REALTY,0.0,38829.458402893775,0.0,38.82945840289378,1.153234914565945,0.03882945840289377,0.214571587134391,0.0,40.23609436299701,0.0010362260000000001
2026-04-21,NIFTY_HEALTHCARE,0.0,57397.68553103259,0.0,57.39768553103259,1.704711260271668,0.05739768553103259,0.3171796102444861,0.0,59.476974087079775,0.001036226
2026-04-21,NIFTY_METAL,0.0,114026.6888448552,0.0,114.02668884485522,3.3865926586921997,0.1140266888448552,0.6301114825566698,0.0,118.15741967494893,0.001036226
2026-04-21,NIFTY_MIDSMALL_HEALTHCARE,0.0,78789.02361030495,0.0,78.78902361030495,2.3400340012260568,0.07878902361030496,0.4353881444705451,0.0,81.64323477961186,0.001036226
2026-04-21,NIFTY_PHARMA,0.0,116360.22761540837,0.0,116.36022761540835,3.4558987601776283,0.11636022761540835,0.6430066178027466,0.0,120.57549322100414,0.001036226
2026-04-22,NIFTY_HEALTHCARE,129636.28510487008,56456.03181692792,0.0,186.09231692179802,5.526941812577401,0.186092316921798,1.0283461433098557,19.445442765730512,212.2791399603376,0.0011407195281981693
2026-04-22,NIFTY_METAL,73238.75449596769,0.0,0.0,73.2387544959677,2.1751910085302404,0.07323875449596769,0.4047173573447175,10.985813174395153,86.87771479073376,0.0011862259999999999
2026-04-22,NIFTY_MIDSMALL_FINANCIAL_SERVICES,73238.75449596769,0.0,0.0,73.2387544959677,2.175191008530241,0.0732387544959677,0.4047173573447175,10.985813174395153,86.87771479073378,0.001186226
2026-04-22,NIFTY_MIDSMALL_HEALTHCARE,110526.04256681059,37325.96620750224,0.0,147.85200877431282,4.391204660597091,0.14785200877431282,0.8170302004868528,16.578906385021586,169.78700202919262,0.0011483577628516514
2026-04-22,NIFTY_PHARMA,73238.75449596769,0.0,0.0,73.2387544959677,2.1751910085302404,0.07323875449596769,0.4047173573447174,10.985813174395153,86.87771479073378,0.001186226
2026-04-23,NIFTY_HEALTHCARE,0.0,66602.7778981991,0.0,66.60277789819911,1.9781025035765132,0.0666027778981991,0.36804695066544824,0.0,69.01553013033926,0.001036226
2026-04-23,NIFTY_METAL,0.0,74560.80545968394,0.0,74.56080545968393,2.214455922152613,0.07456080545968394,0.4120230109702135,0.0,77.26184519826646,0.0010362260000000001
2026-04-23,NIFTY_MIDSMALL_FINANCIAL_SERVICES,0.0,72732.36522226,0.0,72.73236522226001,2.1601512471011226,0.07273236522226001,0.40191905021820884,0.0,75.3671678848016,0.0010362260000000001
2026-04-23,NIFTY_MIDSMALL_HEALTHCARE,0.0,111888.42663948101,0.0,111.88842663948103,3.3230862711925866,0.11188842663948101,0.6182954456097721,0.0,115.94169678292285,0.001036226
2026-04-23,NIFTY_PHARMA,0.0,76830.55817884457,0.0,76.83055817884457,2.281867577911684,0.07683055817884457,0.42456566449629507,0.0,79.61382197943139,0.001036226
2026-04-27,NIFTY_HEALTHCARE,0.0,42346.2505705369,0.0,42.346250570536895,1.2576836419449458,0.0423462505705369,0.2340053806527869,0.0,43.88028584370517,0.0010362260000000001
2026-05-14,NIFTY_MIDSMALL_FINANCIAL_SERVICES,0.0,37238.24371237107,0.0,37.23824371237107,1.1059758382574207,0.03723824371237107,0.2057785347545625,0.0,38.58723632909543,0.0010362260000000003
2026-05-15,NIFTY_METAL,0.0,51340.17916634551,0.0,51.34017916634551,1.5248033212404617,0.051340179166345506,0.2837058300732253,0.0,53.20002849682554,0.001036226
2026-05-22,NIFTY_HEALTHCARE,106597.34784701533,0.0,0.0,106.59734784701534,3.1659412310563555,0.10659734784701533,0.5890569442026068,15.9896021770523,126.44854554717362,0.001186226
2026-05-22,NIFTY_METAL,106597.34784701533,0.0,0.0,106.59734784701533,3.1659412310563555,0.10659734784701531,0.5890569442026067,15.989602177052298,126.44854554717358,0.0011862259999999996
2026-05-22,NIFTY_MIDSMALL_FINANCIAL_SERVICES,106597.34784701533,0.0,0.0,106.59734784701534,3.1659412310563555,0.10659734784701533,0.5890569442026068,15.9896021770523,126.44854554717362,0.001186226
2026-05-22,NIFTY_MIDSMALL_HEALTHCARE,106597.34784701533,0.0,0.0,106.59734784701533,3.1659412310563555,0.10659734784701531,0.5890569442026067,15.989602177052298,126.44854554717358,0.0011862259999999996
2026-05-22,NIFTY_PHARMA,106597.34784701533,0.0,0.0,106.59734784701533,3.1659412310563555,0.10659734784701531,0.5890569442026067,15.989602177052298,126.44854554717358,0.0011862259999999996
2026-05-25,NIFTY_HEALTHCARE,0.0,52054.9145747973,0.0,52.0549145747973,1.54603096287148,0.0520549145747973,0.2876554579403299,0.0,53.94065591018391,0.001036226
2026-05-25,NIFTY_METAL,0.0,70685.70447240544,0.0,70.68570447240543,2.0993654228304415,0.07068570447240544,0.39060920291451245,0.0,73.2463648026228,0.001036226
2026-05-25,NIFTY_MIDSMALL_HEALTHCARE,0.0,36669.049519288,0.0,36.669049519287995,1.0890707707228535,0.036669049519288,0.20263316764358547,0.0,37.997422507173724,0.001036226
2026-05-25,NIFTY_PHARMA,0.0,104630.47765786252,0.0,104.63047765786251,3.107525186438517,0.10463047765786251,0.5781880195373482,0.0,108.42082134149625,0.0010362260000000001
2026-06-01,NIFTY_MIDSMALL_FINANCIAL_SERVICES,0.0,107988.43968849497,0.0,107.98843968849496,3.2072566587483005,0.10798843968849496,0.5967441177186232,0.0,111.9004289046504,0.0010362260000000001
2026-06-01,NIFTY_MIDSMALL_HEALTHCARE,0.0,28189.86922506855,0.0,28.18986922506855,0.8372391159845359,0.028189869225068546,0.15577721733772878,0.0,29.21107542761588,0.001036226
2026-06-08,NIFTY_METAL,0.0,32978.947924249675,0.0,32.978947924249674,0.9794747533502154,0.03297894792424967,0.1822416662294037,0.0,34.17364329175354,0.001036226
2026-06-22,NIFTY_MIDSMALL_FINANCIAL_SERVICES,0.0,39113.299312075265,0.0,39.11329931207526,1.1616649895686353,0.039113299312075266,0.2161400919985279,0.0,40.5302176929545,0.001036226
2026-06-23,NIFTY_HEALTHCARE,94364.25634887264,0.0,0.0,94.36425634887264,2.8026184135615178,0.09436425634887265,0.5214568805838702,14.154638452330895,111.9373343516978,0.001186226
2026-06-23,NIFTY_METAL,94364.25634887264,0.0,0.0,94.36425634887266,2.8026184135615178,0.09436425634887265,0.5214568805838703,14.154638452330897,111.9373343516978,0.001186226
2026-06-23,NIFTY_MIDSMALL_FINANCIAL_SERVICES,94364.25634887264,0.0,0.0,94.36425634887264,2.8026184135615178,0.09436425634887265,0.5214568805838702,14.154638452330895,111.9373343516978,0.001186226
2026-06-23,NIFTY_MIDSMALL_HEALTHCARE,94364.25634887264,0.0,0.0,94.36425634887264,2.8026184135615178,0.09436425634887265,0.5214568805838702,14.154638452330895,111.9373343516978,0.001186226
2026-06-23,NIFTY_PHARMA,94364.25634887264,0.0,0.0,94.36425634887266,2.8026184135615178,0.09436425634887265,0.5214568805838703,14.154638452330897,111.9373343516978,0.001186226
2026-06-24,NIFTY_HEALTHCARE,0.0,95089.6984079778,0.0,95.0896984079778,2.8241640427169408,0.0950896984079778,0.5254656734024853,0.0,98.5344178225052,0.001036226
2026-06-24,NIFTY_METAL,0.0,60434.71702506311,0.0,60.43471702506311,1.7949110956443743,0.0604347170250631,0.33396224628049875,0.0,62.62402508401304,0.001036226
2026-06-24,NIFTY_MIDSMALL_HEALTHCARE,0.0,46842.38218182231,0.0,46.84238218182231,1.3912187508001226,0.04684238218182231,0.25885100393675003,0.0,48.539294318741,0.001036226
2026-06-24,NIFTY_PHARMA,0.0,94178.47637465024,0.0,94.17847637465024,2.797100748327112,0.09417847637465024,0.5204302604463172,0.0,97.59018585979832,0.0010362260000000001
2026-06-25,NIFTY_MIDSMALL_FINANCIAL_SERVICES,0.0,44529.44058168362,0.0,44.52944058168362,1.3225243852760036,0.04452944058168362,0.2460696886543837,0.0,46.1425640961957,0.0010362260000000001
2026-06-30,NIFTY_MIDSMALL_HEALTHCARE,0.0,45202.928467359925,0.0,45.202928467359925,1.3425269754805897,0.045202928467359925,0.24979138271063092,0.0,46.84044975401851,0.0010362260000000001
2026-07-03,NIFTY_MIDSMALL_FINANCIAL_SERVICES,0.0,46369.809217711336,0.0,46.369809217711335,1.3771833337660266,0.04636980921771133,0.25623956573707285,0.0,48.049601926432146,0.001036226
2026-07-09,NIFTY_HEALTHCARE,0.0,73962.04931540535,0.0,73.96204931540535,2.196672864667539,0.07396204931540536,0.4087142845169299,0.0,76.64139851390523,0.0010362260000000001
2026-07-20,NIFTY_MIDSMALL_FINANCIAL_SERVICES,0.0,40210.66696197433,0.0,40.21066696197433,1.1942568087706378,0.04021066696197433,0.2222041456318702,0.0,41.66733858333882,0.0010362260000000001
2026-07-22,NIFTY_HEALTHCARE,109250.70785153782,0.0,0.0,109.25070785153783,3.2447460231906735,0.10925070785153781,0.603719411587598,16.38760617773067,129.59603017189832,0.001186226
2026-07-22,NIFTY_METAL,109250.70785153782,0.0,0.0,109.25070785153783,3.2447460231906735,0.10925070785153781,0.603719411587598,16.38760617773067,129.59603017189832,0.001186226
2026-07-22,NIFTY_MIDSMALL_FINANCIAL_SERVICES,109250.70785153782,0.0,0.0,109.25070785153783,3.2447460231906726,0.1092507078515378,0.6037194115875979,16.38760617773067,129.5960301718983,0.0011862259999999999
2026-07-22,NIFTY_MIDSMALL_HEALTHCARE,109250.70785153782,0.0,0.0,109.25070785153783,3.2447460231906735,0.10925070785153781,0.603719411587598,16.38760617773067,129.59603017189832,0.001186226
2026-07-22,NIFTY_PHARMA,109250.70785153782,0.0,0.0,109.25070785153783,3.2447460231906726,0.1092507078515378,0.6037194115875979,16.38760617773067,129.5960301718983,0.0011862259999999999
2026-07-23,NIFTY_HEALTHCARE,0.0,53144.214965715626,0.0,53.144214965715626,1.5783831844817542,0.05314421496571562,0.29367493190054456,0.0,55.06941729706364,0.001036226
2026-07-23,NIFTY_METAL,0.0,106644.76662936786,0.0,106.64476662936787,3.1673495688922255,0.10664476662936787,0.5893189803938867,0.0,110.50807994528336,0.0010362260000000001
2026-07-23,NIFTY_MIDSMALL_FINANCIAL_SERVICES,0.0,32094.78598683767,0.0,32.09478598683767,0.9532151438090788,0.03209478598683767,0.17735578736326496,0.0,33.25745170399686,0.0010362260000000001
2026-07-23,NIFTY_MIDSMALL_HEALTHCARE,0.0,52513.38862590348,0.0,52.51338862590348,1.5596476421893333,0.052513388625903476,0.2901889855467426,0.0,54.41573864226546,0.0010362260000000001
2026-07-23,NIFTY_PHARMA,0.0,109314.07762819696,0.0,109.31407762819697,3.2466281055574493,0.10931407762819695,0.6040695929734163,0.0,113.27408940435603,0.0010362260000000001
2026-07-24,NIFTY_MIDSMALL_FINANCIAL_SERVICES,0.0,34243.882198370105,0.0,34.24388219837011,1.017043301291592,0.0342438821983701,0.18923169302819318,0.0,35.48440107488826,0.001036226
2026-07-27,NIFTY_CHEMICALS,28275.69300445296,0.0,0.0,28.27569300445296,0.839788082232253,0.02827569300445296,0.15625147954260707,4.241353950667944,33.54136220990022,0.001186226
2026-07-27,NIFTY_HEALTHCARE,84827.07901335889,0.0,0.0,84.8270790133589,2.519364246696759,0.08482707901335888,0.4687544386278212,12.724061852003832,100.62408662970067,0.001186226
2026-07-27,NIFTY_METAL,84827.07901335889,0.0,0.0,84.8270790133589,2.519364246696759,0.08482707901335888,0.4687544386278212,12.724061852003832,100.62408662970067,0.001186226
2026-07-27,NIFTY_MIDSMALL_FINANCIAL_SERVICES,0.0,36620.235050155716,0.0,36.62023505015571,1.0876209809896247,0.036620235050155714,0.20236341888716045,0.0,37.94683968508266,0.0010362260000000001
2026-07-27,NIFTY_MIDSMALL_HEALTHCARE,84827.07901335889,0.0,0.0,84.8270790133589,2.519364246696759,0.08482707901335888,0.4687544386278212,12.724061852003832,100.62408662970067,0.001186226
2026-07-27,NIFTY_PHARMA,56551.38600890592,0.0,0.0,56.55138600890592,1.679576164464506,0.05655138600890592,0.31250295908521414,8.482707901335887,67.08272441980044,0.001186226
2026-07-28,NIFTY_CHEMICALS,56551.38600890592,27544.73969488254,0.0,84.09612570378846,2.4976549334025173,0.08409612570378847,0.464715190639135,8.482707901335887,95.6252998548698,0.0011370951878531303
2026-07-28,NIFTY_HEALTHCARE,0.0,85787.2594898588,0.0,85.7872594898588,2.547881606848806,0.0857872594898588,0.47406039594095967,0.0,88.89498875213842,0.001036226
2026-07-28,NIFTY_METAL,0.0,83040.76322460313,0.0,83.04076322460313,2.466310667770713,0.08304076322460313,0.4588832575791569,0.0,86.0489979131776,0.001036226
2026-07-28,NIFTY_MIDSMALL_HEALTHCARE,0.0,87402.06284795338,0.0,87.40206284795337,2.595841266584215,0.08740206284795338,0.48298379929779034,0.0,90.56828997668333,0.001036226
2026-07-28,NIFTY_PHARMA,28275.69300445296,85461.34697874301,0.0,113.73703998319598,3.377990087500921,0.11373703998319598,0.628510882947141,4.241353950667944,122.09863194429518,0.0010735168768444703
2026-07-29,NIFTY_CHEMICALS,0.0,28148.46551574471,0.0,28.14846551574471,0.8360094258176178,0.02814846551574471,0.15554842044000525,0.0,29.16817182751808,0.0010362260000000001
2026-07-29,NIFTY_HEALTHCARE,0.0,52526.07361098723,0.0,52.52607361098723,1.5600243862463208,0.052526073610987226,0.2902590827743154,0.0,54.42888315361885,0.001036226
2026-08-03,NIFTY_CHEMICALS,0.0,26727.145100222282,0.0,26.727145100222284,0.7937962094766018,0.02672714510022228,0.1476942038238283,0.0,27.695362658622933,0.001036226
2026-08-03,NIFTY_METAL,0.0,36671.703728244975,0.0,36.67170372824498,1.0891496007288757,0.03667170372824497,0.20264783480228168,0.0,38.00017286750438,0.0010362260000000001
2026-08-04,NIFTY_AUTO,102555.53109578424,67944.60026415641,0.0,170.50013135994067,5.063853901390238,0.17050013135994066,0.9421837258950321,15.383329664367636,192.05999878295353,0.001126450737902941
2026-08-04,NIFTY_HEALTHCARE,102555.53109578426,50791.64959714382,0.0,153.34718069292808,4.554411266579963,0.15334718069292808,0.8473965205091205,15.383329664367638,174.28566532507773,0.0011365430035135643
2026-08-04,NIFTY_MEDIA,102555.53109578426,101865.92932498858,0.0,204.42146042077286,6.071317374496953,0.20442146042077283,1.1296329902851907,15.383329664367638,227.2101619103434,0.0011114790073540382
2026-08-04,NIFTY_MIDSMALL_HEALTHCARE,102555.53109578426,101208.84086961605,0.0,203.7643719654003,6.051801847372389,0.20376437196540031,1.1260019194808022,15.383329664367638,226.52926976858654,0.0011117216792298301
2026-08-04,NIFTY_PHARMA,102555.53109578424,102079.62603461645,0.0,204.6351571304007,6.077664166772901,0.2046351571304007,1.1308138783025943,15.383329664367636,227.43159999697423,0.0011114004220303495
2026-08-05,NIFTY_HEALTHCARE,0.0,53140.45651021751,0.0,53.14045651021751,1.5782715583534601,0.05314045651021751,0.29365416267546196,0.0,55.06552268775665,0.001036226
2026-08-05,NIFTY_MIDSMALL_HEALTHCARE,0.0,39114.30874312829,0.0,39.11430874312829,1.1616949696709102,0.03911430874312829,0.21614567011452693,0.0,40.53126369165686,0.0010362260000000001
