rebalance_date,buy_value,sell_value,brokerage,stt,exchange_charge,sebi_charge,gst,stamp_duty,total_transaction_cost,transaction_cost_pct
2016-01-05 00:00:00,0.0,0.0,0.0,0.0,0.0,0.0,0.0,0.0,0,0.0
2016-01-06 00:00:00,0.0,0.0,0.0,0.0,0.0,0.0,0.0,0.0,0,0.0
2016-01-07 00:00:00,0.0,0.0,0.0,0.0,0.0,0.0,0.0,0.0,0,0.0
2016-01-08 00:00:00,0.0,0.0,0.0,0.0,0.0,0.0,0.0,0.0,0,0.0
2016-01-11 00:00:00,0.0,0.0,0.0,0.0,0.0,0.0,0.0,0.0,0,0.0
2016-01-12 00:00:00,0.0,0.0,0.0,0.0,0.0,0.0,0.0,0.0,0,0.0
2016-01-13 00:00:00,0.0,0.0,0.0,0.0,0.0,0.0,0.0,0.0,0,0.0
2016-01-14 00:00:00,0.0,0.0,0.0,0.0,0.0,0.0,0.0,0.0,0,0.0
2016-01-15 00:00:00,0.0,0.0,0.0,0.0,0.0,0.0,0.0,0.0,0,0.0
2016-01-18 00:00:00,0.0,0.0,0.0,0.0,0.0,0.0,0.0,0.0,0,0.0
2016-01-19 00:00:00,0.0,0.0,0.0,0.0,0.0,0.0,0.0,0.0,0,0.0
2016-01-20 00:00:00,0.0,0.0,0.0,0.0,0.0,0.0,0.0,0.0,0,0.0
2016-01-21 00:00:00,0.0,0.0,0.0,0.0,0.0,0.0,0.0,0.0,0,0.0
2016-01-22 00:00:00,0.0,0.0,0.0,0.0,0.0,0.0,0.0,0.0,0,0.0
2016-01-25 00:00:00,0.0,0.0,0.0,0.0,0.0,0.0,0.0,0.0,0,0.0
2016-01-27 00:00:00,0.0,0.0,0.0,0.0,0.0,0.0,0.0,0.0,0,0.0
2016-01-28 00:00:00,0.0,0.0,0.0,0.0,0.0,0.0,0.0,0.0,0,0.0
2016-01-29 00:00:00,0.0,0.0,0.0,0.0,0.0,0.0,0.0,0.0,0,0.0
2016-02-01 00:00:00,0.0,0.0,0.0,0.0,0.0,0.0,0.0,0.0,0,0.0
2016-02-02 00:00:00,0.0,0.0,0.0,0.0,0.0,0.0,0.0,0.0,0,0.0
2016-02-03 00:00:00,0.0,0.0,0.0,0.0,0.0,0.0,0.0,0.0,0,0.0
2016-02-04 00:00:00,0.0,0.0,0.0,0.0,0.0,0.0,0.0,0.0,0,0.0
2016-02-05 00:00:00,0.0,0.0,0.0,0.0,0.0,0.0,0.0,0.0,0,0.0
2016-02-08 00:00:00,0.0,0.0,0.0,0.0,0.0,0.0,0.0,0.0,0,0.0
2016-02-09 00:00:00,0.0,0.0,0.0,0.0,0.0,0.0,0.0,0.0,0,0.0
2016-02-10 00:00:00,0.0,0.0,0.0,0.0,0.0,0.0,0.0,0.0,0,0.0
2016-02-11 00:00:00,0.0,0.0,0.0,0.0,0.0,0.0,0.0,0.0,0,0.0
2016-02-12 00:00:00,0.0,0.0,0.0,0.0,0.0,0.0,0.0,0.0,0,0.0
2016-02-15 00:00:00,0.0,0.0,0.0,0.0,0.0,0.0,0.0,0.0,0,0.0
2016-02-16 00:00:00,0.0,0.0,0.0,0.0,0.0,0.0,0.0,0.0,0,0.0
2016-02-17 00:00:00,0.0,0.0,0.0,0.0,0.0,0.0,0.0,0.0,0,0.0
2016-02-18 00:00:00,0.0,0.0,0.0,0.0,0.0,0.0,0.0,0.0,0,0.0
2016-02-19 00:00:00,0.0,0.0,0.0,0.0,0.0,0.0,0.0,0.0,0,0.0
2016-02-22 00:00:00,0.0,0.0,0.0,0.0,0.0,0.0,0.0,0.0,0,0.0
2016-02-23 00:00:00,0.0,0.0,0.0,0.0,0.0,0.0,0.0,0.0,0,0.0
2016-02-24 00:00:00,0.0,0.0,0.0,0.0,0.0,0.0,0.0,0.0,0,0.0
2016-02-25 00:00:00,0.0,0.0,0.0,0.0,0.0,0.0,0.0,0.0,0,0.0
2016-02-26 00:00:00,0.0,0.0,0.0,0.0,0.0,0.0,0.0,0.0,0,0.0
2016-02-29 00:00:00,0.0,0.0,0.0,0.0,0.0,0.0,0.0,0.0,0,0.0
2016-03-01 00:00:00,0.0,0.0,0.0,0.0,0.0,0.0,0.0,0.0,0,0.0
2016-03-02 00:00:00,0.0,0.0,0.0,0.0,0.0,0.0,0.0,0.0,0,0.0
2016-03-03 00:00:00,0.0,0.0,0.0,0.0,0.0,0.0,0.0,0.0,0,0.0
2016-03-04 00:00:00,0.0,0.0,0.0,0.0,0.0,0.0,0.0,0.0,0,0.0
2016-03-08 00:00:00,0.0,0.0,0.0,0.0,0.0,0.0,0.0,0.0,0,0.0
2016-03-09 00:00:00,0.0,0.0,0.0,0.0,0.0,0.0,0.0,0.0,0,0.0
2016-03-10 00:00:00,0.0,0.0,0.0,0.0,0.0,0.0,0.0,0.0,0,0.0
2016-03-11 00:00:00,0.0,0.0,0.0,0.0,0.0,0.0,0.0,0.0,0,0.0
2016-03-14 00:00:00,0.0,0.0,0.0,0.0,0.0,0.0,0.0,0.0,0,0.0
2016-03-15 00:00:00,0.0,0.0,0.0,0.0,0.0,0.0,0.0,0.0,0,0.0
2016-03-16 00:00:00,0.0,0.0,0.0,0.0,0.0,0.0,0.0,0.0,0,0.0
2016-03-17 00:00:00,0.0,0.0,0.0,0.0,0.0,0.0,0.0,0.0,0,0.0
2016-03-18 00:00:00,0.0,0.0,0.0,0.0,0.0,0.0,0.0,0.0,0,0.0
2016-03-21 00:00:00,0.0,0.0,0.0,0.0,0.0,0.0,0.0,0.0,0,0.0
2016-03-22 00:00:00,0.0,0.0,0.0,0.0,0.0,0.0,0.0,0.0,0,0.0
2016-03-23 00:00:00,0.0,0.0,0.0,0.0,0.0,0.0,0.0,0.0,0,0.0
2016-03-28 00:00:00,0.0,0.0,0.0,0.0,0.0,0.0,0.0,0.0,0,0.0
2016-03-29 00:00:00,0.0,0.0,0.0,0.0,0.0,0.0,0.0,0.0,0,0.0
2016-03-30 00:00:00,0.0,0.0,0.0,0.0,0.0,0.0,0.0,0.0,0,0.0
2016-03-31 00:00:00,0.0,0.0,0.0,0.0,0.0,0.0,0.0,0.0,0,0.0
2016-04-01 00:00:00,0.0,0.0,0.0,0.0,0.0,0.0,0.0,0.0,0,0.0
2016-04-04 00:00:00,0.0,0.0,0.0,0.0,0.0,0.0,0.0,0.0,0,0.0
2016-04-05 00:00:00,0.0,0.0,0.0,0.0,0.0,0.0,0.0,0.0,0,0.0
2016-04-06 00:00:00,0.0,0.0,0.0,0.0,0.0,0.0,0.0,0.0,0,0.0
2016-04-07 00:00:00,0.0,0.0,0.0,0.0,0.0,0.0,0.0,0.0,0,0.0
2016-04-08 00:00:00,0.0,0.0,0.0,0.0,0.0,0.0,0.0,0.0,0,0.0
2016-04-11 00:00:00,0.0,0.0,0.0,0.0,0.0,0.0,0.0,0.0,0,0.0
2016-04-12 00:00:00,0.0,0.0,0.0,0.0,0.0,0.0,0.0,0.0,0,0.0
2016-04-13 00:00:00,0.0,0.0,0.0,0.0,0.0,0.0,0.0,0.0,0,0.0
2016-04-18 00:00:00,0.0,0.0,0.0,0.0,0.0,0.0,0.0,0.0,1176.36805746095,0.0
2016-04-20 00:00:00,0.0,0.0,0.0,0.0,0.0,0.0,0.0,0.0,235.9610785267689,0.0
2016-04-21 00:00:00,0.0,0.0,0.0,0.0,0.0,0.0,0.0,0.0,0,0.0
2016-04-22 00:00:00,0.0,0.0,0.0,0.0,0.0,0.0,0.0,0.0,0,0.0
2016-04-25 00:00:00,0.0,0.0,0.0,0.0,0.0,0.0,0.0,0.0,237.38759698911426,0.0
2016-04-26 00:00:00,0.0,0.0,0.0,0.0,0.0,0.0,0.0,0.0,235.92589273867824,0.0
2016-04-27 00:00:00,0.0,0.0,0.0,0.0,0.0,0.0,0.0,0.0,0,0.0
2016-04-28 00:00:00,0.0,0.0,0.0,0.0,0.0,0.0,0.0,0.0,219.70962299793104,0.0
2016-04-29 00:00:00,0.0,0.0,0.0,0.0,0.0,0.0,0.0,0.0,0,0.0
2016-05-02 00:00:00,0.0,0.0,0.0,0.0,0.0,0.0,0.0,0.0,0,0.0
2016-05-03 00:00:00,0.0,0.0,0.0,0.0,0.0,0.0,0.0,0.0,0,0.0
2016-05-04 00:00:00,0.0,0.0,0.0,0.0,0.0,0.0,0.0,0.0,0,0.0
2016-05-05 00:00:00,0.0,0.0,0.0,0.0,0.0,0.0,0.0,0.0,0,0.0
2016-05-06 00:00:00,0.0,0.0,0.0,0.0,0.0,0.0,0.0,0.0,0,0.0
2016-05-09 00:00:00,0.0,0.0,0.0,0.0,0.0,0.0,0.0,0.0,0,0.0
2016-05-10 00:00:00,0.0,0.0,0.0,0.0,0.0,0.0,0.0,0.0,0,0.0
2016-05-11 00:00:00,0.0,0.0,0.0,0.0,0.0,0.0,0.0,0.0,0,0.0
2016-05-12 00:00:00,0.0,0.0,0.0,0.0,0.0,0.0,0.0,0.0,0,0.0
2016-05-13 00:00:00,0.0,0.0,0.0,0.0,0.0,0.0,0.0,0.0,0,0.0
2016-05-16 00:00:00,0.0,0.0,0.0,0.0,0.0,0.0,0.0,0.0,0,0.0
2016-05-17 00:00:00,0.0,0.0,0.0,0.0,0.0,0.0,0.0,0.0,0,0.0
2016-05-18 00:00:00,0.0,0.0,0.0,0.0,0.0,0.0,0.0,0.0,252.47855310223804,0.0
2016-05-19 00:00:00,0.0,0.0,0.0,0.0,0.0,0.0,0.0,0.0,0,0.0
2016-05-20 00:00:00,0.0,0.0,0.0,0.0,0.0,0.0,0.0,0.0,0,0.0
2016-05-23 00:00:00,0.0,0.0,0.0,0.0,0.0,0.0,0.0,0.0,0,0.0
2016-05-24 00:00:00,0.0,0.0,0.0,0.0,0.0,0.0,0.0,0.0,0,0.0
2016-05-25 00:00:00,0.0,0.0,0.0,0.0,0.0,0.0,0.0,0.0,234.5533050243003,0.0
2016-05-26 00:00:00,0.0,0.0,0.0,0.0,0.0,0.0,0.0,0.0,0,0.0
2016-05-27 00:00:00,0.0,0.0,0.0,0.0,0.0,0.0,0.0,0.0,0,0.0
2016-05-30 00:00:00,0.0,0.0,0.0,0.0,0.0,0.0,0.0,0.0,0,0.0
2016-05-31 00:00:00,0.0,0.0,0.0,0.0,0.0,0.0,0.0,0.0,0,0.0
2016-06-01 00:00:00,0.0,0.0,0.0,0.0,0.0,0.0,0.0,0.0,0,0.0
2016-06-02 00:00:00,0.0,0.0,0.0,0.0,0.0,0.0,0.0,0.0,0,0.0
2016-06-03 00:00:00,0.0,0.0,0.0,0.0,0.0,0.0,0.0,0.0,0,0.0
2016-06-06 00:00:00,0.0,0.0,0.0,0.0,0.0,0.0,0.0,0.0,0,0.0
2016-06-07 00:00:00,0.0,0.0,0.0,0.0,0.0,0.0,0.0,0.0,0,0.0
2016-06-08 00:00:00,0.0,0.0,0.0,0.0,0.0,0.0,0.0,0.0,0,0.0
2016-06-09 00:00:00,0.0,0.0,0.0,0.0,0.0,0.0,0.0,0.0,248.89983772721655,0.0
2016-06-10 00:00:00,0.0,0.0,0.0,0.0,0.0,0.0,0.0,0.0,0,0.0
2016-06-13 00:00:00,0.0,0.0,0.0,0.0,0.0,0.0,0.0,0.0,0,0.0
2016-06-14 00:00:00,0.0,0.0,0.0,0.0,0.0,0.0,0.0,0.0,0,0.0
2016-06-15 00:00:00,0.0,0.0,0.0,0.0,0.0,0.0,0.0,0.0,0,0.0
2016-06-16 00:00:00,0.0,0.0,0.0,0.0,0.0,0.0,0.0,0.0,0,0.0
2016-06-17 00:00:00,0.0,0.0,0.0,0.0,0.0,0.0,0.0,0.0,0,0.0
2016-06-20 00:00:00,0.0,0.0,0.0,0.0,0.0,0.0,0.0,0.0,0,0.0
2016-06-21 00:00:00,0.0,0.0,0.0,0.0,0.0,0.0,0.0,0.0,0,0.0
2016-06-22 00:00:00,0.0,0.0,0.0,0.0,0.0,0.0,0.0,0.0,0,0.0
2016-06-23 00:00:00,0.0,0.0,0.0,0.0,0.0,0.0,0.0,0.0,241.78897234290267,0.0
2016-06-24 00:00:00,0.0,0.0,0.0,0.0,0.0,0.0,0.0,0.0,237.17116734143875,0.0
2016-06-27 00:00:00,0.0,0.0,0.0,0.0,0.0,0.0,0.0,0.0,0,0.0
2016-06-28 00:00:00,0.0,0.0,0.0,0.0,0.0,0.0,0.0,0.0,0,0.0
2016-06-29 00:00:00,0.0,0.0,0.0,0.0,0.0,0.0,0.0,0.0,0,0.0
2016-06-30 00:00:00,0.0,0.0,0.0,0.0,0.0,0.0,0.0,0.0,0,0.0
2016-07-01 00:00:00,0.0,0.0,0.0,0.0,0.0,0.0,0.0,0.0,0,0.0
2016-07-04 00:00:00,0.0,0.0,0.0,0.0,0.0,0.0,0.0,0.0,228.60681027639518,0.0
2016-07-05 00:00:00,0.0,0.0,0.0,0.0,0.0,0.0,0.0,0.0,0,0.0
2016-07-07 00:00:00,0.0,0.0,0.0,0.0,0.0,0.0,0.0,0.0,0,0.0
2016-07-08 00:00:00,0.0,0.0,0.0,0.0,0.0,0.0,0.0,0.0,0,0.0
2016-07-11 00:00:00,0.0,0.0,0.0,0.0,0.0,0.0,0.0,0.0,0,0.0
2016-07-12 00:00:00,0.0,0.0,0.0,0.0,0.0,0.0,0.0,0.0,0,0.0
2016-07-13 00:00:00,0.0,0.0,0.0,0.0,0.0,0.0,0.0,0.0,0,0.0
2016-07-14 00:00:00,0.0,0.0,0.0,0.0,0.0,0.0,0.0,0.0,0,0.0
2016-07-15 00:00:00,0.0,0.0,0.0,0.0,0.0,0.0,0.0,0.0,0,0.0
2016-07-18 00:00:00,0.0,0.0,0.0,0.0,0.0,0.0,0.0,0.0,0,0.0
2016-07-19 00:00:00,0.0,0.0,0.0,0.0,0.0,0.0,0.0,0.0,0,0.0
2016-07-20 00:00:00,0.0,0.0,0.0,0.0,0.0,0.0,0.0,0.0,0,0.0
2016-07-21 00:00:00,0.0,0.0,0.0,0.0,0.0,0.0,0.0,0.0,0,0.0
2016-07-22 00:00:00,0.0,0.0,0.0,0.0,0.0,0.0,0.0,0.0,0,0.0
2016-07-25 00:00:00,0.0,0.0,0.0,0.0,0.0,0.0,0.0,0.0,466.38340520269895,0.0
2016-07-26 00:00:00,0.0,0.0,0.0,0.0,0.0,0.0,0.0,0.0,242.1753982102873,0.0
2016-07-27 00:00:00,0.0,0.0,0.0,0.0,0.0,0.0,0.0,0.0,0,0.0
2016-07-28 00:00:00,0.0,0.0,0.0,0.0,0.0,0.0,0.0,0.0,0,0.0
2016-07-29 00:00:00,0.0,0.0,0.0,0.0,0.0,0.0,0.0,0.0,0,0.0
2016-08-01 00:00:00,0.0,0.0,0.0,0.0,0.0,0.0,0.0,0.0,0,0.0
2016-08-02 00:00:00,0.0,0.0,0.0,0.0,0.0,0.0,0.0,0.0,0,0.0
2016-08-03 00:00:00,0.0,0.0,0.0,0.0,0.0,0.0,0.0,0.0,0,0.0
2016-08-04 00:00:00,0.0,0.0,0.0,0.0,0.0,0.0,0.0,0.0,0,0.0
2016-08-05 00:00:00,0.0,0.0,0.0,0.0,0.0,0.0,0.0,0.0,0,0.0
2016-08-08 00:00:00,0.0,0.0,0.0,0.0,0.0,0.0,0.0,0.0,0,0.0
2016-08-09 00:00:00,0.0,0.0,0.0,0.0,0.0,0.0,0.0,0.0,0,0.0
2016-08-10 00:00:00,0.0,0.0,0.0,0.0,0.0,0.0,0.0,0.0,0,0.0
2016-08-11 00:00:00,0.0,0.0,0.0,0.0,0.0,0.0,0.0,0.0,0,0.0
2016-08-16 00:00:00,0.0,0.0,0.0,0.0,0.0,0.0,0.0,0.0,255.67726334938368,0.0
2016-08-17 00:00:00,0.0,0.0,0.0,0.0,0.0,0.0,0.0,0.0,0,0.0
2016-08-18 00:00:00,0.0,0.0,0.0,0.0,0.0,0.0,0.0,0.0,0,0.0
2016-08-19 00:00:00,0.0,0.0,0.0,0.0,0.0,0.0,0.0,0.0,0,0.0
2016-08-22 00:00:00,0.0,0.0,0.0,0.0,0.0,0.0,0.0,0.0,0,0.0
2016-08-23 00:00:00,0.0,0.0,0.0,0.0,0.0,0.0,0.0,0.0,0,0.0
2016-08-24 00:00:00,0.0,0.0,0.0,0.0,0.0,0.0,0.0,0.0,243.3349126405438,0.0
2016-08-25 00:00:00,0.0,0.0,0.0,0.0,0.0,0.0,0.0,0.0,0,0.0
2016-08-26 00:00:00,0.0,0.0,0.0,0.0,0.0,0.0,0.0,0.0,236.25613829518372,0.0
2016-08-29 00:00:00,0.0,0.0,0.0,0.0,0.0,0.0,0.0,0.0,236.2444347000079,0.0
2016-08-30 00:00:00,0.0,0.0,0.0,0.0,0.0,0.0,0.0,0.0,0,0.0
2016-08-31 00:00:00,0.0,0.0,0.0,0.0,0.0,0.0,0.0,0.0,0,0.0
2016-09-01 00:00:00,0.0,0.0,0.0,0.0,0.0,0.0,0.0,0.0,0,0.0
2016-09-02 00:00:00,0.0,0.0,0.0,0.0,0.0,0.0,0.0,0.0,0,0.0
2016-09-06 00:00:00,0.0,0.0,0.0,0.0,0.0,0.0,0.0,0.0,237.12180186204355,0.0
2016-09-07 00:00:00,0.0,0.0,0.0,0.0,0.0,0.0,0.0,0.0,0,0.0
2016-09-08 00:00:00,0.0,0.0,0.0,0.0,0.0,0.0,0.0,0.0,0,0.0
2016-09-09 00:00:00,0.0,0.0,0.0,0.0,0.0,0.0,0.0,0.0,0,0.0
2016-09-12 00:00:00,0.0,0.0,0.0,0.0,0.0,0.0,0.0,0.0,0,0.0
2016-09-14 00:00:00,0.0,0.0,0.0,0.0,0.0,0.0,0.0,0.0,0,0.0
2016-09-15 00:00:00,0.0,0.0,0.0,0.0,0.0,0.0,0.0,0.0,0,0.0
2016-09-16 00:00:00,0.0,0.0,0.0,0.0,0.0,0.0,0.0,0.0,0,0.0
2016-09-19 00:00:00,0.0,0.0,0.0,0.0,0.0,0.0,0.0,0.0,0,0.0
2016-09-20 00:00:00,0.0,0.0,0.0,0.0,0.0,0.0,0.0,0.0,0,0.0
2016-09-21 00:00:00,0.0,0.0,0.0,0.0,0.0,0.0,0.0,0.0,0,0.0
2016-09-22 00:00:00,0.0,0.0,0.0,0.0,0.0,0.0,0.0,0.0,0,0.0
2016-09-23 00:00:00,0.0,0.0,0.0,0.0,0.0,0.0,0.0,0.0,240.47152241456752,0.0
2016-09-26 00:00:00,0.0,0.0,0.0,0.0,0.0,0.0,0.0,0.0,241.84806588405328,0.0
2016-09-27 00:00:00,0.0,0.0,0.0,0.0,0.0,0.0,0.0,0.0,0,0.0
2016-09-28 00:00:00,0.0,0.0,0.0,0.0,0.0,0.0,0.0,0.0,0,0.0
2016-09-29 00:00:00,0.0,0.0,0.0,0.0,0.0,0.0,0.0,0.0,0,0.0
2016-09-30 00:00:00,0.0,0.0,0.0,0.0,0.0,0.0,0.0,0.0,216.69708827607104,0.0
2016-10-03 00:00:00,0.0,0.0,0.0,0.0,0.0,0.0,0.0,0.0,0,0.0
2016-10-04 00:00:00,0.0,0.0,0.0,0.0,0.0,0.0,0.0,0.0,0,0.0
2016-10-05 00:00:00,0.0,0.0,0.0,0.0,0.0,0.0,0.0,0.0,0,0.0
2016-10-06 00:00:00,0.0,0.0,0.0,0.0,0.0,0.0,0.0,0.0,0,0.0
2016-10-07 00:00:00,0.0,0.0,0.0,0.0,0.0,0.0,0.0,0.0,0,0.0
2016-10-10 00:00:00,0.0,0.0,0.0,0.0,0.0,0.0,0.0,0.0,0,0.0
2016-10-13 00:00:00,0.0,0.0,0.0,0.0,0.0,0.0,0.0,0.0,0,0.0
2016-10-14 00:00:00,0.0,0.0,0.0,0.0,0.0,0.0,0.0,0.0,0,0.0
2016-10-17 00:00:00,0.0,0.0,0.0,0.0,0.0,0.0,0.0,0.0,0,0.0
2016-10-18 00:00:00,0.0,0.0,0.0,0.0,0.0,0.0,0.0,0.0,0,0.0
2016-10-19 00:00:00,0.0,0.0,0.0,0.0,0.0,0.0,0.0,0.0,0,0.0
2016-10-20 00:00:00,0.0,0.0,0.0,0.0,0.0,0.0,0.0,0.0,0,0.0
2016-10-21 00:00:00,0.0,0.0,0.0,0.0,0.0,0.0,0.0,0.0,0,0.0
2016-10-24 00:00:00,0.0,0.0,0.0,0.0,0.0,0.0,0.0,0.0,0,0.0
2016-10-25 00:00:00,0.0,0.0,0.0,0.0,0.0,0.0,0.0,0.0,236.51616438454172,0.0
2016-10-26 00:00:00,0.0,0.0,0.0,0.0,0.0,0.0,0.0,0.0,0,0.0
2016-10-27 00:00:00,0.0,0.0,0.0,0.0,0.0,0.0,0.0,0.0,0,0.0
2016-10-28 00:00:00,0.0,0.0,0.0,0.0,0.0,0.0,0.0,0.0,0,0.0
2016-11-01 00:00:00,0.0,0.0,0.0,0.0,0.0,0.0,0.0,0.0,0,0.0
2016-11-02 00:00:00,0.0,0.0,0.0,0.0,0.0,0.0,0.0,0.0,339.93191960281706,0.0
2016-11-03 00:00:00,0.0,0.0,0.0,0.0,0.0,0.0,0.0,0.0,0,0.0
2016-11-04 00:00:00,0.0,0.0,0.0,0.0,0.0,0.0,0.0,0.0,0,0.0
2016-11-07 00:00:00,0.0,0.0,0.0,0.0,0.0,0.0,0.0,0.0,740.6213820698306,0.0
2016-11-08 00:00:00,0.0,0.0,0.0,0.0,0.0,0.0,0.0,0.0,0,0.0
2016-11-09 00:00:00,0.0,0.0,0.0,0.0,0.0,0.0,0.0,0.0,0,0.0
2016-11-10 00:00:00,0.0,0.0,0.0,0.0,0.0,0.0,0.0,0.0,0,0.0
2016-11-11 00:00:00,0.0,0.0,0.0,0.0,0.0,0.0,0.0,0.0,0,0.0
2016-11-15 00:00:00,0.0,0.0,0.0,0.0,0.0,0.0,0.0,0.0,0,0.0
2016-11-16 00:00:00,0.0,0.0,0.0,0.0,0.0,0.0,0.0,0.0,0,0.0
2016-11-17 00:00:00,0.0,0.0,0.0,0.0,0.0,0.0,0.0,0.0,0,0.0
2016-11-18 00:00:00,0.0,0.0,0.0,0.0,0.0,0.0,0.0,0.0,0,0.0
2016-11-21 00:00:00,0.0,0.0,0.0,0.0,0.0,0.0,0.0,0.0,0,0.0
2016-11-22 00:00:00,0.0,0.0,0.0,0.0,0.0,0.0,0.0,0.0,0,0.0
2016-11-23 00:00:00,0.0,0.0,0.0,0.0,0.0,0.0,0.0,0.0,0,0.0
2016-11-24 00:00:00,0.0,0.0,0.0,0.0,0.0,0.0,0.0,0.0,0,0.0
2016-11-25 00:00:00,0.0,0.0,0.0,0.0,0.0,0.0,0.0,0.0,0,0.0
2016-11-28 00:00:00,0.0,0.0,0.0,0.0,0.0,0.0,0.0,0.0,0,0.0
2016-11-29 00:00:00,0.0,0.0,0.0,0.0,0.0,0.0,0.0,0.0,0,0.0
2016-11-30 00:00:00,0.0,0.0,0.0,0.0,0.0,0.0,0.0,0.0,0,0.0
2016-12-01 00:00:00,0.0,0.0,0.0,0.0,0.0,0.0,0.0,0.0,0,0.0
2016-12-02 00:00:00,0.0,0.0,0.0,0.0,0.0,0.0,0.0,0.0,0,0.0
2016-12-05 00:00:00,0.0,0.0,0.0,0.0,0.0,0.0,0.0,0.0,0,0.0
2016-12-06 00:00:00,0.0,0.0,0.0,0.0,0.0,0.0,0.0,0.0,0,0.0
2016-12-07 00:00:00,0.0,0.0,0.0,0.0,0.0,0.0,0.0,0.0,0,0.0
2016-12-08 00:00:00,0.0,0.0,0.0,0.0,0.0,0.0,0.0,0.0,0,0.0
2016-12-09 00:00:00,0.0,0.0,0.0,0.0,0.0,0.0,0.0,0.0,0,0.0
2016-12-12 00:00:00,0.0,0.0,0.0,0.0,0.0,0.0,0.0,0.0,0,0.0
2016-12-13 00:00:00,0.0,0.0,0.0,0.0,0.0,0.0,0.0,0.0,0,0.0
2016-12-14 00:00:00,0.0,0.0,0.0,0.0,0.0,0.0,0.0,0.0,0,0.0
2016-12-15 00:00:00,0.0,0.0,0.0,0.0,0.0,0.0,0.0,0.0,0,0.0
2016-12-16 00:00:00,0.0,0.0,0.0,0.0,0.0,0.0,0.0,0.0,0,0.0
2016-12-19 00:00:00,0.0,0.0,0.0,0.0,0.0,0.0,0.0,0.0,0,0.0
2016-12-20 00:00:00,0.0,0.0,0.0,0.0,0.0,0.0,0.0,0.0,0,0.0
2016-12-21 00:00:00,0.0,0.0,0.0,0.0,0.0,0.0,0.0,0.0,0,0.0
2016-12-22 00:00:00,0.0,0.0,0.0,0.0,0.0,0.0,0.0,0.0,0,0.0
2016-12-23 00:00:00,0.0,0.0,0.0,0.0,0.0,0.0,0.0,0.0,0,0.0
2016-12-26 00:00:00,0.0,0.0,0.0,0.0,0.0,0.0,0.0,0.0,0,0.0
2016-12-27 00:00:00,0.0,0.0,0.0,0.0,0.0,0.0,0.0,0.0,0,0.0
2016-12-28 00:00:00,0.0,0.0,0.0,0.0,0.0,0.0,0.0,0.0,0,0.0
2016-12-29 00:00:00,0.0,0.0,0.0,0.0,0.0,0.0,0.0,0.0,0,0.0
2016-12-30 00:00:00,0.0,0.0,0.0,0.0,0.0,0.0,0.0,0.0,0,0.0
2017-01-02 00:00:00,0.0,0.0,0.0,0.0,0.0,0.0,0.0,0.0,0,0.0
2017-01-03 00:00:00,0.0,0.0,0.0,0.0,0.0,0.0,0.0,0.0,0,0.0
2017-01-04 00:00:00,0.0,0.0,0.0,0.0,0.0,0.0,0.0,0.0,0,0.0
2017-01-05 00:00:00,0.0,0.0,0.0,0.0,0.0,0.0,0.0,0.0,0,0.0
2017-01-06 00:00:00,0.0,0.0,0.0,0.0,0.0,0.0,0.0,0.0,0,0.0
2017-01-09 00:00:00,0.0,0.0,0.0,0.0,0.0,0.0,0.0,0.0,0,0.0
2017-01-10 00:00:00,0.0,0.0,0.0,0.0,0.0,0.0,0.0,0.0,0,0.0
2017-01-11 00:00:00,0.0,0.0,0.0,0.0,0.0,0.0,0.0,0.0,0,0.0
2017-01-12 00:00:00,0.0,0.0,0.0,0.0,0.0,0.0,0.0,0.0,0,0.0
2017-01-13 00:00:00,0.0,0.0,0.0,0.0,0.0,0.0,0.0,0.0,0,0.0
2017-01-16 00:00:00,0.0,0.0,0.0,0.0,0.0,0.0,0.0,0.0,0,0.0
2017-01-17 00:00:00,0.0,0.0,0.0,0.0,0.0,0.0,0.0,0.0,0,0.0
2017-01-18 00:00:00,0.0,0.0,0.0,0.0,0.0,0.0,0.0,0.0,0,0.0
2017-01-19 00:00:00,0.0,0.0,0.0,0.0,0.0,0.0,0.0,0.0,0,0.0
2017-01-20 00:00:00,0.0,0.0,0.0,0.0,0.0,0.0,0.0,0.0,0,0.0
2017-01-23 00:00:00,0.0,0.0,0.0,0.0,0.0,0.0,0.0,0.0,0,0.0
2017-01-24 00:00:00,0.0,0.0,0.0,0.0,0.0,0.0,0.0,0.0,0,0.0
2017-01-25 00:00:00,0.0,0.0,0.0,0.0,0.0,0.0,0.0,0.0,0,0.0
2017-01-27 00:00:00,0.0,0.0,0.0,0.0,0.0,0.0,0.0,0.0,0,0.0
2017-01-30 00:00:00,0.0,0.0,0.0,0.0,0.0,0.0,0.0,0.0,1255.808079211656,0.0
2017-01-31 00:00:00,0.0,0.0,0.0,0.0,0.0,0.0,0.0,0.0,248.46464363788365,0.0
2017-02-01 00:00:00,0.0,0.0,0.0,0.0,0.0,0.0,0.0,0.0,243.70312893247856,0.0
2017-02-02 00:00:00,0.0,0.0,0.0,0.0,0.0,0.0,0.0,0.0,0,0.0
2017-02-03 00:00:00,0.0,0.0,0.0,0.0,0.0,0.0,0.0,0.0,249.2544020392252,0.0
2017-02-06 00:00:00,0.0,0.0,0.0,0.0,0.0,0.0,0.0,0.0,0,0.0
2017-02-07 00:00:00,0.0,0.0,0.0,0.0,0.0,0.0,0.0,0.0,0,0.0
2017-02-08 00:00:00,0.0,0.0,0.0,0.0,0.0,0.0,0.0,0.0,0,0.0
2017-02-09 00:00:00,0.0,0.0,0.0,0.0,0.0,0.0,0.0,0.0,0,0.0
2017-02-10 00:00:00,0.0,0.0,0.0,0.0,0.0,0.0,0.0,0.0,0,0.0
2017-02-13 00:00:00,0.0,0.0,0.0,0.0,0.0,0.0,0.0,0.0,0,0.0
2017-02-14 00:00:00,0.0,0.0,0.0,0.0,0.0,0.0,0.0,0.0,239.2158109204973,0.0
2017-02-15 00:00:00,0.0,0.0,0.0,0.0,0.0,0.0,0.0,0.0,0,0.0
2017-02-16 00:00:00,0.0,0.0,0.0,0.0,0.0,0.0,0.0,0.0,0,0.0
2017-02-17 00:00:00,0.0,0.0,0.0,0.0,0.0,0.0,0.0,0.0,0,0.0
2017-02-20 00:00:00,0.0,0.0,0.0,0.0,0.0,0.0,0.0,0.0,0,0.0
2017-02-21 00:00:00,0.0,0.0,0.0,0.0,0.0,0.0,0.0,0.0,0,0.0
2017-02-22 00:00:00,0.0,0.0,0.0,0.0,0.0,0.0,0.0,0.0,0,0.0
2017-02-23 00:00:00,0.0,0.0,0.0,0.0,0.0,0.0,0.0,0.0,242.0205035298142,0.0
2017-02-27 00:00:00,0.0,0.0,0.0,0.0,0.0,0.0,0.0,0.0,0,0.0
2017-02-28 00:00:00,0.0,0.0,0.0,0.0,0.0,0.0,0.0,0.0,0,0.0
2017-03-01 00:00:00,0.0,0.0,0.0,0.0,0.0,0.0,0.0,0.0,0,0.0
2017-03-02 00:00:00,0.0,0.0,0.0,0.0,0.0,0.0,0.0,0.0,0,0.0
2017-03-03 00:00:00,0.0,0.0,0.0,0.0,0.0,0.0,0.0,0.0,0,0.0
2017-03-06 00:00:00,0.0,0.0,0.0,0.0,0.0,0.0,0.0,0.0,228.95149148842543,0.0
2017-03-07 00:00:00,0.0,0.0,0.0,0.0,0.0,0.0,0.0,0.0,0,0.0
2017-03-08 00:00:00,0.0,0.0,0.0,0.0,0.0,0.0,0.0,0.0,249.71417134328206,0.0
2017-03-09 00:00:00,0.0,0.0,0.0,0.0,0.0,0.0,0.0,0.0,0,0.0
2017-03-10 00:00:00,0.0,0.0,0.0,0.0,0.0,0.0,0.0,0.0,0,0.0
2017-03-14 00:00:00,0.0,0.0,0.0,0.0,0.0,0.0,0.0,0.0,0,0.0
2017-03-15 00:00:00,0.0,0.0,0.0,0.0,0.0,0.0,0.0,0.0,0,0.0
2017-03-16 00:00:00,0.0,0.0,0.0,0.0,0.0,0.0,0.0,0.0,0,0.0
2017-03-17 00:00:00,0.0,0.0,0.0,0.0,0.0,0.0,0.0,0.0,0,0.0
2017-03-20 00:00:00,0.0,0.0,0.0,0.0,0.0,0.0,0.0,0.0,0,0.0
2017-03-21 00:00:00,0.0,0.0,0.0,0.0,0.0,0.0,0.0,0.0,0,0.0
2017-03-22 00:00:00,0.0,0.0,0.0,0.0,0.0,0.0,0.0,0.0,0,0.0
2017-03-23 00:00:00,0.0,0.0,0.0,0.0,0.0,0.0,0.0,0.0,230.88116788583181,0.0
2017-03-24 00:00:00,0.0,0.0,0.0,0.0,0.0,0.0,0.0,0.0,243.64167555779332,0.0
2017-03-27 00:00:00,0.0,0.0,0.0,0.0,0.0,0.0,0.0,0.0,0,0.0
2017-03-28 00:00:00,0.0,0.0,0.0,0.0,0.0,0.0,0.0,0.0,0,0.0
2017-03-29 00:00:00,0.0,0.0,0.0,0.0,0.0,0.0,0.0,0.0,234.9148733874399,0.0
2017-03-30 00:00:00,0.0,0.0,0.0,0.0,0.0,0.0,0.0,0.0,0,0.0
2017-03-31 00:00:00,0.0,0.0,0.0,0.0,0.0,0.0,0.0,0.0,0,0.0
2017-04-03 00:00:00,0.0,0.0,0.0,0.0,0.0,0.0,0.0,0.0,275.0293433139124,0.0
2017-04-05 00:00:00,0.0,0.0,0.0,0.0,0.0,0.0,0.0,0.0,0,0.0
2017-04-06 00:00:00,0.0,0.0,0.0,0.0,0.0,0.0,0.0,0.0,0,0.0
2017-04-07 00:00:00,0.0,0.0,0.0,0.0,0.0,0.0,0.0,0.0,0,0.0
2017-04-10 00:00:00,0.0,0.0,0.0,0.0,0.0,0.0,0.0,0.0,0,0.0
2017-04-11 00:00:00,0.0,0.0,0.0,0.0,0.0,0.0,0.0,0.0,0,0.0
2017-04-12 00:00:00,0.0,0.0,0.0,0.0,0.0,0.0,0.0,0.0,0,0.0
2017-04-13 00:00:00,0.0,0.0,0.0,0.0,0.0,0.0,0.0,0.0,0,0.0
2017-04-17 00:00:00,0.0,0.0,0.0,0.0,0.0,0.0,0.0,0.0,0,0.0
2017-04-18 00:00:00,0.0,0.0,0.0,0.0,0.0,0.0,0.0,0.0,0,0.0
2017-04-19 00:00:00,0.0,0.0,0.0,0.0,0.0,0.0,0.0,0.0,0,0.0
2017-04-20 00:00:00,0.0,0.0,0.0,0.0,0.0,0.0,0.0,0.0,0,0.0
2017-04-21 00:00:00,0.0,0.0,0.0,0.0,0.0,0.0,0.0,0.0,253.02051664461885,0.0
2017-04-24 00:00:00,0.0,0.0,0.0,0.0,0.0,0.0,0.0,0.0,0,0.0
2017-04-25 00:00:00,0.0,0.0,0.0,0.0,0.0,0.0,0.0,0.0,248.70143117344463,0.0
2017-04-26 00:00:00,0.0,0.0,0.0,0.0,0.0,0.0,0.0,0.0,0,0.0
2017-04-27 00:00:00,0.0,0.0,0.0,0.0,0.0,0.0,0.0,0.0,0,0.0
2017-04-28 00:00:00,0.0,0.0,0.0,0.0,0.0,0.0,0.0,0.0,252.38784755698634,0.0
2017-05-02 00:00:00,0.0,0.0,0.0,0.0,0.0,0.0,0.0,0.0,0,0.0
2017-05-03 00:00:00,0.0,0.0,0.0,0.0,0.0,0.0,0.0,0.0,0,0.0
2017-05-04 00:00:00,0.0,0.0,0.0,0.0,0.0,0.0,0.0,0.0,0,0.0
2017-05-05 00:00:00,0.0,0.0,0.0,0.0,0.0,0.0,0.0,0.0,0,0.0
2017-05-08 00:00:00,0.0,0.0,0.0,0.0,0.0,0.0,0.0,0.0,0,0.0
2017-05-09 00:00:00,0.0,0.0,0.0,0.0,0.0,0.0,0.0,0.0,0,0.0
2017-05-10 00:00:00,0.0,0.0,0.0,0.0,0.0,0.0,0.0,0.0,0,0.0
2017-05-11 00:00:00,0.0,0.0,0.0,0.0,0.0,0.0,0.0,0.0,0,0.0
2017-05-12 00:00:00,0.0,0.0,0.0,0.0,0.0,0.0,0.0,0.0,0,0.0
2017-05-15 00:00:00,0.0,0.0,0.0,0.0,0.0,0.0,0.0,0.0,0,0.0
2017-05-16 00:00:00,0.0,0.0,0.0,0.0,0.0,0.0,0.0,0.0,256.0620596542697,0.0
2017-05-17 00:00:00,0.0,0.0,0.0,0.0,0.0,0.0,0.0,0.0,0,0.0
2017-05-18 00:00:00,0.0,0.0,0.0,0.0,0.0,0.0,0.0,0.0,0,0.0
2017-05-19 00:00:00,0.0,0.0,0.0,0.0,0.0,0.0,0.0,0.0,0,0.0
2017-05-22 00:00:00,0.0,0.0,0.0,0.0,0.0,0.0,0.0,0.0,0,0.0
2017-05-23 00:00:00,0.0,0.0,0.0,0.0,0.0,0.0,0.0,0.0,0,0.0
2017-05-24 00:00:00,0.0,0.0,0.0,0.0,0.0,0.0,0.0,0.0,236.63429914473417,0.0
2017-05-25 00:00:00,0.0,0.0,0.0,0.0,0.0,0.0,0.0,0.0,250.48509993261797,0.0
2017-05-26 00:00:00,0.0,0.0,0.0,0.0,0.0,0.0,0.0,0.0,0,0.0
2017-05-29 00:00:00,0.0,0.0,0.0,0.0,0.0,0.0,0.0,0.0,0,0.0
2017-05-30 00:00:00,0.0,0.0,0.0,0.0,0.0,0.0,0.0,0.0,225.39400145144762,0.0
2017-05-31 00:00:00,0.0,0.0,0.0,0.0,0.0,0.0,0.0,0.0,0,0.0
2017-06-01 00:00:00,0.0,0.0,0.0,0.0,0.0,0.0,0.0,0.0,0,0.0
2017-06-02 00:00:00,0.0,0.0,0.0,0.0,0.0,0.0,0.0,0.0,0,0.0
2017-06-05 00:00:00,0.0,0.0,0.0,0.0,0.0,0.0,0.0,0.0,0,0.0
2017-06-06 00:00:00,0.0,0.0,0.0,0.0,0.0,0.0,0.0,0.0,0,0.0
2017-06-07 00:00:00,0.0,0.0,0.0,0.0,0.0,0.0,0.0,0.0,0,0.0
2017-06-08 00:00:00,0.0,0.0,0.0,0.0,0.0,0.0,0.0,0.0,0,0.0
2017-06-09 00:00:00,0.0,0.0,0.0,0.0,0.0,0.0,0.0,0.0,0,0.0
2017-06-12 00:00:00,0.0,0.0,0.0,0.0,0.0,0.0,0.0,0.0,0,0.0
2017-06-13 00:00:00,0.0,0.0,0.0,0.0,0.0,0.0,0.0,0.0,0,0.0
2017-06-14 00:00:00,0.0,0.0,0.0,0.0,0.0,0.0,0.0,0.0,0,0.0
2017-06-15 00:00:00,0.0,0.0,0.0,0.0,0.0,0.0,0.0,0.0,0,0.0
2017-06-16 00:00:00,0.0,0.0,0.0,0.0,0.0,0.0,0.0,0.0,0,0.0
2017-06-19 00:00:00,0.0,0.0,0.0,0.0,0.0,0.0,0.0,0.0,0,0.0
2017-06-20 00:00:00,0.0,0.0,0.0,0.0,0.0,0.0,0.0,0.0,0,0.0
2017-06-21 00:00:00,0.0,0.0,0.0,0.0,0.0,0.0,0.0,0.0,0,0.0
2017-06-22 00:00:00,0.0,0.0,0.0,0.0,0.0,0.0,0.0,0.0,0,0.0
2017-06-23 00:00:00,0.0,0.0,0.0,0.0,0.0,0.0,0.0,0.0,461.8141892067405,0.0
2017-06-27 00:00:00,0.0,0.0,0.0,0.0,0.0,0.0,0.0,0.0,0,0.0
2017-06-28 00:00:00,0.0,0.0,0.0,0.0,0.0,0.0,0.0,0.0,220.80288438337263,0.0
2017-06-29 00:00:00,0.0,0.0,0.0,0.0,0.0,0.0,0.0,0.0,0,0.0
2017-06-30 00:00:00,0.0,0.0,0.0,0.0,0.0,0.0,0.0,0.0,0,0.0
2017-07-03 00:00:00,0.0,0.0,0.0,0.0,0.0,0.0,0.0,0.0,0,0.0
2017-07-04 00:00:00,0.0,0.0,0.0,0.0,0.0,0.0,0.0,0.0,0,0.0
2017-07-05 00:00:00,0.0,0.0,0.0,0.0,0.0,0.0,0.0,0.0,229.9633535874936,0.0
2017-07-06 00:00:00,0.0,0.0,0.0,0.0,0.0,0.0,0.0,0.0,0,0.0
2017-07-07 00:00:00,0.0,0.0,0.0,0.0,0.0,0.0,0.0,0.0,0,0.0
2017-07-10 00:00:00,0.0,0.0,0.0,0.0,0.0,0.0,0.0,0.0,0,0.0
2017-07-11 00:00:00,0.0,0.0,0.0,0.0,0.0,0.0,0.0,0.0,0,0.0
2017-07-12 00:00:00,0.0,0.0,0.0,0.0,0.0,0.0,0.0,0.0,0,0.0
2017-07-13 00:00:00,0.0,0.0,0.0,0.0,0.0,0.0,0.0,0.0,0,0.0
2017-07-14 00:00:00,0.0,0.0,0.0,0.0,0.0,0.0,0.0,0.0,0,0.0
2017-07-17 00:00:00,0.0,0.0,0.0,0.0,0.0,0.0,0.0,0.0,0,0.0
2017-07-18 00:00:00,0.0,0.0,0.0,0.0,0.0,0.0,0.0,0.0,0,0.0
2017-07-19 00:00:00,0.0,0.0,0.0,0.0,0.0,0.0,0.0,0.0,0,0.0
2017-07-20 00:00:00,0.0,0.0,0.0,0.0,0.0,0.0,0.0,0.0,0,0.0
2017-07-21 00:00:00,0.0,0.0,0.0,0.0,0.0,0.0,0.0,0.0,0,0.0
2017-07-24 00:00:00,0.0,0.0,0.0,0.0,0.0,0.0,0.0,0.0,0,0.0
2017-07-25 00:00:00,0.0,0.0,0.0,0.0,0.0,0.0,0.0,0.0,226.5960045497885,0.0
2017-07-26 00:00:00,0.0,0.0,0.0,0.0,0.0,0.0,0.0,0.0,227.80700117653845,0.0
2017-07-27 00:00:00,0.0,0.0,0.0,0.0,0.0,0.0,0.0,0.0,0,0.0
2017-07-28 00:00:00,0.0,0.0,0.0,0.0,0.0,0.0,0.0,0.0,231.02218185490037,0.0
2017-07-31 00:00:00,0.0,0.0,0.0,0.0,0.0,0.0,0.0,0.0,235.83276881691506,0.0
2017-08-01 00:00:00,0.0,0.0,0.0,0.0,0.0,0.0,0.0,0.0,0,0.0
2017-08-02 00:00:00,0.0,0.0,0.0,0.0,0.0,0.0,0.0,0.0,0,0.0
2017-08-03 00:00:00,0.0,0.0,0.0,0.0,0.0,0.0,0.0,0.0,0,0.0
2017-08-04 00:00:00,0.0,0.0,0.0,0.0,0.0,0.0,0.0,0.0,0,0.0
2017-08-07 00:00:00,0.0,0.0,0.0,0.0,0.0,0.0,0.0,0.0,0,0.0
2017-08-08 00:00:00,0.0,0.0,0.0,0.0,0.0,0.0,0.0,0.0,0,0.0
2017-08-09 00:00:00,0.0,0.0,0.0,0.0,0.0,0.0,0.0,0.0,0,0.0
2017-08-10 00:00:00,0.0,0.0,0.0,0.0,0.0,0.0,0.0,0.0,0,0.0
2017-08-11 00:00:00,0.0,0.0,0.0,0.0,0.0,0.0,0.0,0.0,0,0.0
2017-08-14 00:00:00,0.0,0.0,0.0,0.0,0.0,0.0,0.0,0.0,0,0.0
2017-08-16 00:00:00,0.0,0.0,0.0,0.0,0.0,0.0,0.0,0.0,0,0.0
2017-08-17 00:00:00,0.0,0.0,0.0,0.0,0.0,0.0,0.0,0.0,0,0.0
2017-08-18 00:00:00,0.0,0.0,0.0,0.0,0.0,0.0,0.0,0.0,0,0.0
2017-08-21 00:00:00,0.0,0.0,0.0,0.0,0.0,0.0,0.0,0.0,0,0.0
2017-08-22 00:00:00,0.0,0.0,0.0,0.0,0.0,0.0,0.0,0.0,0,0.0
2017-08-23 00:00:00,0.0,0.0,0.0,0.0,0.0,0.0,0.0,0.0,451.92283542964253,0.0
2017-08-24 00:00:00,0.0,0.0,0.0,0.0,0.0,0.0,0.0,0.0,0,0.0
2017-08-28 00:00:00,0.0,0.0,0.0,0.0,0.0,0.0,0.0,0.0,0,0.0
2017-08-29 00:00:00,0.0,0.0,0.0,0.0,0.0,0.0,0.0,0.0,0,0.0
2017-08-30 00:00:00,0.0,0.0,0.0,0.0,0.0,0.0,0.0,0.0,0,0.0
2017-08-31 00:00:00,0.0,0.0,0.0,0.0,0.0,0.0,0.0,0.0,0,0.0
2017-09-01 00:00:00,0.0,0.0,0.0,0.0,0.0,0.0,0.0,0.0,0,0.0
2017-09-04 00:00:00,0.0,0.0,0.0,0.0,0.0,0.0,0.0,0.0,0,0.0
2017-09-05 00:00:00,0.0,0.0,0.0,0.0,0.0,0.0,0.0,0.0,0,0.0
2017-09-06 00:00:00,0.0,0.0,0.0,0.0,0.0,0.0,0.0,0.0,0,0.0
2017-09-07 00:00:00,0.0,0.0,0.0,0.0,0.0,0.0,0.0,0.0,0,0.0
2017-09-08 00:00:00,0.0,0.0,0.0,0.0,0.0,0.0,0.0,0.0,0,0.0
2017-09-11 00:00:00,0.0,0.0,0.0,0.0,0.0,0.0,0.0,0.0,0,0.0
2017-09-12 00:00:00,0.0,0.0,0.0,0.0,0.0,0.0,0.0,0.0,0,0.0
2017-09-13 00:00:00,0.0,0.0,0.0,0.0,0.0,0.0,0.0,0.0,0,0.0
2017-09-14 00:00:00,0.0,0.0,0.0,0.0,0.0,0.0,0.0,0.0,0,0.0
2017-09-15 00:00:00,0.0,0.0,0.0,0.0,0.0,0.0,0.0,0.0,0,0.0
2017-09-18 00:00:00,0.0,0.0,0.0,0.0,0.0,0.0,0.0,0.0,0,0.0
2017-09-19 00:00:00,0.0,0.0,0.0,0.0,0.0,0.0,0.0,0.0,0,0.0
2017-09-20 00:00:00,0.0,0.0,0.0,0.0,0.0,0.0,0.0,0.0,0,0.0
2017-09-21 00:00:00,0.0,0.0,0.0,0.0,0.0,0.0,0.0,0.0,245.3406769255767,0.0
2017-09-22 00:00:00,0.0,0.0,0.0,0.0,0.0,0.0,0.0,0.0,0,0.0
2017-09-25 00:00:00,0.0,0.0,0.0,0.0,0.0,0.0,0.0,0.0,223.24614485528522,0.0
2017-09-26 00:00:00,0.0,0.0,0.0,0.0,0.0,0.0,0.0,0.0,0,0.0
2017-09-27 00:00:00,0.0,0.0,0.0,0.0,0.0,0.0,0.0,0.0,229.07348514913124,0.0
2017-09-28 00:00:00,0.0,0.0,0.0,0.0,0.0,0.0,0.0,0.0,217.56474316676614,0.0
2017-09-29 00:00:00,0.0,0.0,0.0,0.0,0.0,0.0,0.0,0.0,0,0.0
2017-10-03 00:00:00,0.0,0.0,0.0,0.0,0.0,0.0,0.0,0.0,0,0.0
2017-10-04 00:00:00,0.0,0.0,0.0,0.0,0.0,0.0,0.0,0.0,0,0.0
2017-10-05 00:00:00,0.0,0.0,0.0,0.0,0.0,0.0,0.0,0.0,0,0.0
2017-10-06 00:00:00,0.0,0.0,0.0,0.0,0.0,0.0,0.0,0.0,0,0.0
2017-10-09 00:00:00,0.0,0.0,0.0,0.0,0.0,0.0,0.0,0.0,0,0.0
2017-10-10 00:00:00,0.0,0.0,0.0,0.0,0.0,0.0,0.0,0.0,296.6572044670834,0.0
2017-10-11 00:00:00,0.0,0.0,0.0,0.0,0.0,0.0,0.0,0.0,0,0.0
2017-10-12 00:00:00,0.0,0.0,0.0,0.0,0.0,0.0,0.0,0.0,0,0.0
2017-10-13 00:00:00,0.0,0.0,0.0,0.0,0.0,0.0,0.0,0.0,0,0.0
2017-10-16 00:00:00,0.0,0.0,0.0,0.0,0.0,0.0,0.0,0.0,0,0.0
2017-10-17 00:00:00,0.0,0.0,0.0,0.0,0.0,0.0,0.0,0.0,0,0.0
2017-10-18 00:00:00,0.0,0.0,0.0,0.0,0.0,0.0,0.0,0.0,0,0.0
2017-10-19 00:00:00,0.0,0.0,0.0,0.0,0.0,0.0,0.0,0.0,0,0.0
2017-10-23 00:00:00,0.0,0.0,0.0,0.0,0.0,0.0,0.0,0.0,0,0.0
2017-10-24 00:00:00,0.0,0.0,0.0,0.0,0.0,0.0,0.0,0.0,0,0.0
2017-10-25 00:00:00,0.0,0.0,0.0,0.0,0.0,0.0,0.0,0.0,243.08196749625884,0.0
2017-10-26 00:00:00,0.0,0.0,0.0,0.0,0.0,0.0,0.0,0.0,0,0.0
2017-10-27 00:00:00,0.0,0.0,0.0,0.0,0.0,0.0,0.0,0.0,0,0.0
2017-10-30 00:00:00,0.0,0.0,0.0,0.0,0.0,0.0,0.0,0.0,239.56022469132554,0.0
2017-10-31 00:00:00,0.0,0.0,0.0,0.0,0.0,0.0,0.0,0.0,0,0.0
2017-11-01 00:00:00,0.0,0.0,0.0,0.0,0.0,0.0,0.0,0.0,243.49908368032493,0.0
2017-11-02 00:00:00,0.0,0.0,0.0,0.0,0.0,0.0,0.0,0.0,0,0.0
2017-11-03 00:00:00,0.0,0.0,0.0,0.0,0.0,0.0,0.0,0.0,0,0.0
2017-11-06 00:00:00,0.0,0.0,0.0,0.0,0.0,0.0,0.0,0.0,0,0.0
2017-11-07 00:00:00,0.0,0.0,0.0,0.0,0.0,0.0,0.0,0.0,0,0.0
2017-11-08 00:00:00,0.0,0.0,0.0,0.0,0.0,0.0,0.0,0.0,0,0.0
2017-11-09 00:00:00,0.0,0.0,0.0,0.0,0.0,0.0,0.0,0.0,233.14682769812583,0.0
2017-11-10 00:00:00,0.0,0.0,0.0,0.0,0.0,0.0,0.0,0.0,0,0.0
2017-11-13 00:00:00,0.0,0.0,0.0,0.0,0.0,0.0,0.0,0.0,0,0.0
2017-11-14 00:00:00,0.0,0.0,0.0,0.0,0.0,0.0,0.0,0.0,0,0.0
2017-11-15 00:00:00,0.0,0.0,0.0,0.0,0.0,0.0,0.0,0.0,0,0.0
2017-11-16 00:00:00,0.0,0.0,0.0,0.0,0.0,0.0,0.0,0.0,0,0.0
2017-11-17 00:00:00,0.0,0.0,0.0,0.0,0.0,0.0,0.0,0.0,0,0.0
2017-11-20 00:00:00,0.0,0.0,0.0,0.0,0.0,0.0,0.0,0.0,0,0.0
2017-11-21 00:00:00,0.0,0.0,0.0,0.0,0.0,0.0,0.0,0.0,0,0.0
2017-11-22 00:00:00,0.0,0.0,0.0,0.0,0.0,0.0,0.0,0.0,0,0.0
2017-11-23 00:00:00,0.0,0.0,0.0,0.0,0.0,0.0,0.0,0.0,238.57784592817586,0.0
2017-11-24 00:00:00,0.0,0.0,0.0,0.0,0.0,0.0,0.0,0.0,0,0.0
2017-11-27 00:00:00,0.0,0.0,0.0,0.0,0.0,0.0,0.0,0.0,0,0.0
2017-11-28 00:00:00,0.0,0.0,0.0,0.0,0.0,0.0,0.0,0.0,0,0.0
2017-11-29 00:00:00,0.0,0.0,0.0,0.0,0.0,0.0,0.0,0.0,232.47957853003854,0.0
2017-11-30 00:00:00,0.0,0.0,0.0,0.0,0.0,0.0,0.0,0.0,0,0.0
2017-12-01 00:00:00,0.0,0.0,0.0,0.0,0.0,0.0,0.0,0.0,0,0.0
2017-12-04 00:00:00,0.0,0.0,0.0,0.0,0.0,0.0,0.0,0.0,0,0.0
2017-12-05 00:00:00,0.0,0.0,0.0,0.0,0.0,0.0,0.0,0.0,0,0.0
2017-12-06 00:00:00,0.0,0.0,0.0,0.0,0.0,0.0,0.0,0.0,0,0.0
2017-12-07 00:00:00,0.0,0.0,0.0,0.0,0.0,0.0,0.0,0.0,0,0.0
2017-12-08 00:00:00,0.0,0.0,0.0,0.0,0.0,0.0,0.0,0.0,0,0.0
2017-12-11 00:00:00,0.0,0.0,0.0,0.0,0.0,0.0,0.0,0.0,0,0.0
2017-12-12 00:00:00,0.0,0.0,0.0,0.0,0.0,0.0,0.0,0.0,0,0.0
2017-12-13 00:00:00,0.0,0.0,0.0,0.0,0.0,0.0,0.0,0.0,0,0.0
2017-12-14 00:00:00,0.0,0.0,0.0,0.0,0.0,0.0,0.0,0.0,0,0.0
2017-12-15 00:00:00,0.0,0.0,0.0,0.0,0.0,0.0,0.0,0.0,0,0.0
2017-12-18 00:00:00,0.0,0.0,0.0,0.0,0.0,0.0,0.0,0.0,0,0.0
2017-12-19 00:00:00,0.0,0.0,0.0,0.0,0.0,0.0,0.0,0.0,0,0.0
2017-12-20 00:00:00,0.0,0.0,0.0,0.0,0.0,0.0,0.0,0.0,0,0.0
2017-12-21 00:00:00,0.0,0.0,0.0,0.0,0.0,0.0,0.0,0.0,0,0.0
2017-12-22 00:00:00,0.0,0.0,0.0,0.0,0.0,0.0,0.0,0.0,0,0.0
2017-12-26 00:00:00,0.0,0.0,0.0,0.0,0.0,0.0,0.0,0.0,238.0033814809519,0.0
2017-12-27 00:00:00,0.0,0.0,0.0,0.0,0.0,0.0,0.0,0.0,0,0.0
2017-12-28 00:00:00,0.0,0.0,0.0,0.0,0.0,0.0,0.0,0.0,0,0.0
2017-12-29 00:00:00,0.0,0.0,0.0,0.0,0.0,0.0,0.0,0.0,0,0.0
2018-01-02 00:00:00,0.0,0.0,0.0,0.0,0.0,0.0,0.0,0.0,0,0.0
2018-01-03 00:00:00,0.0,0.0,0.0,0.0,0.0,0.0,0.0,0.0,0,0.0
2018-01-04 00:00:00,0.0,0.0,0.0,0.0,0.0,0.0,0.0,0.0,0,0.0
2018-01-05 00:00:00,0.0,0.0,0.0,0.0,0.0,0.0,0.0,0.0,0,0.0
2018-01-08 00:00:00,0.0,0.0,0.0,0.0,0.0,0.0,0.0,0.0,0,0.0
2018-01-09 00:00:00,0.0,0.0,0.0,0.0,0.0,0.0,0.0,0.0,0,0.0
2018-01-10 00:00:00,0.0,0.0,0.0,0.0,0.0,0.0,0.0,0.0,229.69793240732085,0.0
2018-01-11 00:00:00,0.0,0.0,0.0,0.0,0.0,0.0,0.0,0.0,0,0.0
2018-01-12 00:00:00,0.0,0.0,0.0,0.0,0.0,0.0,0.0,0.0,0,0.0
2018-01-15 00:00:00,0.0,0.0,0.0,0.0,0.0,0.0,0.0,0.0,0,0.0
2018-01-16 00:00:00,0.0,0.0,0.0,0.0,0.0,0.0,0.0,0.0,0,0.0
2018-01-17 00:00:00,0.0,0.0,0.0,0.0,0.0,0.0,0.0,0.0,0,0.0
2018-01-18 00:00:00,0.0,0.0,0.0,0.0,0.0,0.0,0.0,0.0,0,0.0
2018-01-19 00:00:00,0.0,0.0,0.0,0.0,0.0,0.0,0.0,0.0,0,0.0
2018-01-22 00:00:00,0.0,0.0,0.0,0.0,0.0,0.0,0.0,0.0,0,0.0
2018-01-23 00:00:00,0.0,0.0,0.0,0.0,0.0,0.0,0.0,0.0,0,0.0
2018-01-24 00:00:00,0.0,0.0,0.0,0.0,0.0,0.0,0.0,0.0,231.46231635030713,0.0
2018-01-25 00:00:00,0.0,0.0,0.0,0.0,0.0,0.0,0.0,0.0,0,0.0
2018-01-29 00:00:00,0.0,0.0,0.0,0.0,0.0,0.0,0.0,0.0,0,0.0
2018-01-30 00:00:00,0.0,0.0,0.0,0.0,0.0,0.0,0.0,0.0,0,0.0
2018-01-31 00:00:00,0.0,0.0,0.0,0.0,0.0,0.0,0.0,0.0,263.5073194725673,0.0
2018-02-01 00:00:00,0.0,0.0,0.0,0.0,0.0,0.0,0.0,0.0,0,0.0
2018-02-02 00:00:00,0.0,0.0,0.0,0.0,0.0,0.0,0.0,0.0,0,0.0
2018-02-05 00:00:00,0.0,0.0,0.0,0.0,0.0,0.0,0.0,0.0,250.680224044459,0.0
2018-02-06 00:00:00,0.0,0.0,0.0,0.0,0.0,0.0,0.0,0.0,0,0.0
2018-02-07 00:00:00,0.0,0.0,0.0,0.0,0.0,0.0,0.0,0.0,0,0.0
2018-02-08 00:00:00,0.0,0.0,0.0,0.0,0.0,0.0,0.0,0.0,0,0.0
2018-02-09 00:00:00,0.0,0.0,0.0,0.0,0.0,0.0,0.0,0.0,0,0.0
2018-02-12 00:00:00,0.0,0.0,0.0,0.0,0.0,0.0,0.0,0.0,0,0.0
2018-02-14 00:00:00,0.0,0.0,0.0,0.0,0.0,0.0,0.0,0.0,0,0.0
2018-02-15 00:00:00,0.0,0.0,0.0,0.0,0.0,0.0,0.0,0.0,0,0.0
2018-02-16 00:00:00,0.0,0.0,0.0,0.0,0.0,0.0,0.0,0.0,0,0.0
2018-02-19 00:00:00,0.0,0.0,0.0,0.0,0.0,0.0,0.0,0.0,0,0.0
2018-02-20 00:00:00,0.0,0.0,0.0,0.0,0.0,0.0,0.0,0.0,0,0.0
2018-02-21 00:00:00,0.0,0.0,0.0,0.0,0.0,0.0,0.0,0.0,0,0.0
2018-02-22 00:00:00,0.0,0.0,0.0,0.0,0.0,0.0,0.0,0.0,0,0.0
2018-02-23 00:00:00,0.0,0.0,0.0,0.0,0.0,0.0,0.0,0.0,251.04880035861143,0.0
2018-02-26 00:00:00,0.0,0.0,0.0,0.0,0.0,0.0,0.0,0.0,249.17775650429832,0.0
2018-02-27 00:00:00,0.0,0.0,0.0,0.0,0.0,0.0,0.0,0.0,0,0.0
2018-02-28 00:00:00,0.0,0.0,0.0,0.0,0.0,0.0,0.0,0.0,0,0.0
2018-03-01 00:00:00,0.0,0.0,0.0,0.0,0.0,0.0,0.0,0.0,0,0.0
2018-03-05 00:00:00,0.0,0.0,0.0,0.0,0.0,0.0,0.0,0.0,0,0.0
2018-03-06 00:00:00,0.0,0.0,0.0,0.0,0.0,0.0,0.0,0.0,0,0.0
2018-03-07 00:00:00,0.0,0.0,0.0,0.0,0.0,0.0,0.0,0.0,244.6368509848858,0.0
2018-03-08 00:00:00,0.0,0.0,0.0,0.0,0.0,0.0,0.0,0.0,0,0.0
2018-03-09 00:00:00,0.0,0.0,0.0,0.0,0.0,0.0,0.0,0.0,0,0.0
2018-03-12 00:00:00,0.0,0.0,0.0,0.0,0.0,0.0,0.0,0.0,549.2656822199444,0.0
2018-03-13 00:00:00,0.0,0.0,0.0,0.0,0.0,0.0,0.0,0.0,0,0.0
2018-03-14 00:00:00,0.0,0.0,0.0,0.0,0.0,0.0,0.0,0.0,0,0.0
2018-03-15 00:00:00,0.0,0.0,0.0,0.0,0.0,0.0,0.0,0.0,0,0.0
2018-03-16 00:00:00,0.0,0.0,0.0,0.0,0.0,0.0,0.0,0.0,0,0.0
2018-03-19 00:00:00,0.0,0.0,0.0,0.0,0.0,0.0,0.0,0.0,0,0.0
2018-03-20 00:00:00,0.0,0.0,0.0,0.0,0.0,0.0,0.0,0.0,0,0.0
2018-03-21 00:00:00,0.0,0.0,0.0,0.0,0.0,0.0,0.0,0.0,0,0.0
2018-03-22 00:00:00,0.0,0.0,0.0,0.0,0.0,0.0,0.0,0.0,0,0.0
2018-03-23 00:00:00,0.0,0.0,0.0,0.0,0.0,0.0,0.0,0.0,0,0.0
2018-03-26 00:00:00,0.0,0.0,0.0,0.0,0.0,0.0,0.0,0.0,0,0.0
2018-03-27 00:00:00,0.0,0.0,0.0,0.0,0.0,0.0,0.0,0.0,0,0.0
2018-03-28 00:00:00,0.0,0.0,0.0,0.0,0.0,0.0,0.0,0.0,0,0.0
2018-04-02 00:00:00,0.0,0.0,0.0,0.0,0.0,0.0,0.0,0.0,0,0.0
2018-04-03 00:00:00,0.0,0.0,0.0,0.0,0.0,0.0,0.0,0.0,0,0.0
2018-04-04 00:00:00,0.0,0.0,0.0,0.0,0.0,0.0,0.0,0.0,0,0.0
2018-04-05 00:00:00,0.0,0.0,0.0,0.0,0.0,0.0,0.0,0.0,0,0.0
2018-04-06 00:00:00,0.0,0.0,0.0,0.0,0.0,0.0,0.0,0.0,0,0.0
2018-04-09 00:00:00,0.0,0.0,0.0,0.0,0.0,0.0,0.0,0.0,0,0.0
2018-04-10 00:00:00,0.0,0.0,0.0,0.0,0.0,0.0,0.0,0.0,0,0.0
2018-04-11 00:00:00,0.0,0.0,0.0,0.0,0.0,0.0,0.0,0.0,0,0.0
2018-04-12 00:00:00,0.0,0.0,0.0,0.0,0.0,0.0,0.0,0.0,0,0.0
2018-04-13 00:00:00,0.0,0.0,0.0,0.0,0.0,0.0,0.0,0.0,0,0.0
2018-04-16 00:00:00,0.0,0.0,0.0,0.0,0.0,0.0,0.0,0.0,0,0.0
2018-04-17 00:00:00,0.0,0.0,0.0,0.0,0.0,0.0,0.0,0.0,0,0.0
2018-04-18 00:00:00,0.0,0.0,0.0,0.0,0.0,0.0,0.0,0.0,0,0.0
2018-04-19 00:00:00,0.0,0.0,0.0,0.0,0.0,0.0,0.0,0.0,0,0.0
2018-04-20 00:00:00,0.0,0.0,0.0,0.0,0.0,0.0,0.0,0.0,0,0.0
2018-04-23 00:00:00,0.0,0.0,0.0,0.0,0.0,0.0,0.0,0.0,0,0.0
2018-04-24 00:00:00,0.0,0.0,0.0,0.0,0.0,0.0,0.0,0.0,0,0.0
2018-04-25 00:00:00,0.0,0.0,0.0,0.0,0.0,0.0,0.0,0.0,0,0.0
2018-04-26 00:00:00,0.0,0.0,0.0,0.0,0.0,0.0,0.0,0.0,0,0.0
2018-04-27 00:00:00,0.0,0.0,0.0,0.0,0.0,0.0,0.0,0.0,0,0.0
2018-04-30 00:00:00,0.0,0.0,0.0,0.0,0.0,0.0,0.0,0.0,0,0.0
2018-05-02 00:00:00,0.0,0.0,0.0,0.0,0.0,0.0,0.0,0.0,0,0.0
2018-05-03 00:00:00,0.0,0.0,0.0,0.0,0.0,0.0,0.0,0.0,0,0.0
2018-05-04 00:00:00,0.0,0.0,0.0,0.0,0.0,0.0,0.0,0.0,0,0.0
2018-05-07 00:00:00,0.0,0.0,0.0,0.0,0.0,0.0,0.0,0.0,0,0.0
2018-05-08 00:00:00,0.0,0.0,0.0,0.0,0.0,0.0,0.0,0.0,0,0.0
2018-05-09 00:00:00,0.0,0.0,0.0,0.0,0.0,0.0,0.0,0.0,0,0.0
2018-05-10 00:00:00,0.0,0.0,0.0,0.0,0.0,0.0,0.0,0.0,0,0.0
2018-05-11 00:00:00,0.0,0.0,0.0,0.0,0.0,0.0,0.0,0.0,0,0.0
2018-05-14 00:00:00,0.0,0.0,0.0,0.0,0.0,0.0,0.0,0.0,1335.2918604832478,0.0
2018-05-15 00:00:00,0.0,0.0,0.0,0.0,0.0,0.0,0.0,0.0,524.423743232845,0.0
2018-05-16 00:00:00,0.0,0.0,0.0,0.0,0.0,0.0,0.0,0.0,0,0.0
2018-05-17 00:00:00,0.0,0.0,0.0,0.0,0.0,0.0,0.0,0.0,0,0.0
2018-05-18 00:00:00,0.0,0.0,0.0,0.0,0.0,0.0,0.0,0.0,0,0.0
2018-05-21 00:00:00,0.0,0.0,0.0,0.0,0.0,0.0,0.0,0.0,251.3393148292264,0.0
2018-05-22 00:00:00,0.0,0.0,0.0,0.0,0.0,0.0,0.0,0.0,0,0.0
2018-05-23 00:00:00,0.0,0.0,0.0,0.0,0.0,0.0,0.0,0.0,510.23863501558276,0.0
2018-05-24 00:00:00,0.0,0.0,0.0,0.0,0.0,0.0,0.0,0.0,0,0.0
2018-05-25 00:00:00,0.0,0.0,0.0,0.0,0.0,0.0,0.0,0.0,0,0.0
2018-05-28 00:00:00,0.0,0.0,0.0,0.0,0.0,0.0,0.0,0.0,0,0.0
2018-05-29 00:00:00,0.0,0.0,0.0,0.0,0.0,0.0,0.0,0.0,0,0.0
2018-05-30 00:00:00,0.0,0.0,0.0,0.0,0.0,0.0,0.0,0.0,0,0.0
2018-05-31 00:00:00,0.0,0.0,0.0,0.0,0.0,0.0,0.0,0.0,0,0.0
2018-06-01 00:00:00,0.0,0.0,0.0,0.0,0.0,0.0,0.0,0.0,0,0.0
2018-06-04 00:00:00,0.0,0.0,0.0,0.0,0.0,0.0,0.0,0.0,0,0.0
2018-06-05 00:00:00,0.0,0.0,0.0,0.0,0.0,0.0,0.0,0.0,0,0.0
2018-06-06 00:00:00,0.0,0.0,0.0,0.0,0.0,0.0,0.0,0.0,265.34028796400867,0.0
2018-06-07 00:00:00,0.0,0.0,0.0,0.0,0.0,0.0,0.0,0.0,0,0.0
2018-06-08 00:00:00,0.0,0.0,0.0,0.0,0.0,0.0,0.0,0.0,0,0.0
2018-06-11 00:00:00,0.0,0.0,0.0,0.0,0.0,0.0,0.0,0.0,0,0.0
2018-06-12 00:00:00,0.0,0.0,0.0,0.0,0.0,0.0,0.0,0.0,0,0.0
2018-06-13 00:00:00,0.0,0.0,0.0,0.0,0.0,0.0,0.0,0.0,0,0.0
2018-06-14 00:00:00,0.0,0.0,0.0,0.0,0.0,0.0,0.0,0.0,0,0.0
2018-06-15 00:00:00,0.0,0.0,0.0,0.0,0.0,0.0,0.0,0.0,0,0.0
2018-06-18 00:00:00,0.0,0.0,0.0,0.0,0.0,0.0,0.0,0.0,0,0.0
2018-06-19 00:00:00,0.0,0.0,0.0,0.0,0.0,0.0,0.0,0.0,0,0.0
2018-06-20 00:00:00,0.0,0.0,0.0,0.0,0.0,0.0,0.0,0.0,264.1654916935512,0.0
2018-06-21 00:00:00,0.0,0.0,0.0,0.0,0.0,0.0,0.0,0.0,0,0.0
2018-06-22 00:00:00,0.0,0.0,0.0,0.0,0.0,0.0,0.0,0.0,0,0.0
2018-06-25 00:00:00,0.0,0.0,0.0,0.0,0.0,0.0,0.0,0.0,261.9862588883585,0.0
2018-06-26 00:00:00,0.0,0.0,0.0,0.0,0.0,0.0,0.0,0.0,260.09652710086084,0.0
2018-06-27 00:00:00,0.0,0.0,0.0,0.0,0.0,0.0,0.0,0.0,0,0.0
2018-06-28 00:00:00,0.0,0.0,0.0,0.0,0.0,0.0,0.0,0.0,0,0.0
2018-06-29 00:00:00,0.0,0.0,0.0,0.0,0.0,0.0,0.0,0.0,0,0.0
2018-07-02 00:00:00,0.0,0.0,0.0,0.0,0.0,0.0,0.0,0.0,0,0.0
2018-07-03 00:00:00,0.0,0.0,0.0,0.0,0.0,0.0,0.0,0.0,0,0.0
2018-07-04 00:00:00,0.0,0.0,0.0,0.0,0.0,0.0,0.0,0.0,253.94947747669823,0.0
2018-07-05 00:00:00,0.0,0.0,0.0,0.0,0.0,0.0,0.0,0.0,0,0.0
2018-07-06 00:00:00,0.0,0.0,0.0,0.0,0.0,0.0,0.0,0.0,0,0.0
2018-07-09 00:00:00,0.0,0.0,0.0,0.0,0.0,0.0,0.0,0.0,0,0.0
2018-07-10 00:00:00,0.0,0.0,0.0,0.0,0.0,0.0,0.0,0.0,0,0.0
2018-07-11 00:00:00,0.0,0.0,0.0,0.0,0.0,0.0,0.0,0.0,0,0.0
2018-07-12 00:00:00,0.0,0.0,0.0,0.0,0.0,0.0,0.0,0.0,0,0.0
2018-07-13 00:00:00,0.0,0.0,0.0,0.0,0.0,0.0,0.0,0.0,0,0.0
2018-07-16 00:00:00,0.0,0.0,0.0,0.0,0.0,0.0,0.0,0.0,0,0.0
2018-07-17 00:00:00,0.0,0.0,0.0,0.0,0.0,0.0,0.0,0.0,0,0.0
2018-07-18 00:00:00,0.0,0.0,0.0,0.0,0.0,0.0,0.0,0.0,0,0.0
2018-07-19 00:00:00,0.0,0.0,0.0,0.0,0.0,0.0,0.0,0.0,0,0.0
2018-07-20 00:00:00,0.0,0.0,0.0,0.0,0.0,0.0,0.0,0.0,0,0.0
2018-07-23 00:00:00,0.0,0.0,0.0,0.0,0.0,0.0,0.0,0.0,0,0.0
2018-07-24 00:00:00,0.0,0.0,0.0,0.0,0.0,0.0,0.0,0.0,0,0.0
2018-07-25 00:00:00,0.0,0.0,0.0,0.0,0.0,0.0,0.0,0.0,258.9667243270836,0.0
2018-07-26 00:00:00,0.0,0.0,0.0,0.0,0.0,0.0,0.0,0.0,280.9263484872352,0.0
2018-07-27 00:00:00,0.0,0.0,0.0,0.0,0.0,0.0,0.0,0.0,0,0.0
2018-07-30 00:00:00,0.0,0.0,0.0,0.0,0.0,0.0,0.0,0.0,0,0.0
2018-07-31 00:00:00,0.0,0.0,0.0,0.0,0.0,0.0,0.0,0.0,0,0.0
2018-08-01 00:00:00,0.0,0.0,0.0,0.0,0.0,0.0,0.0,0.0,0,0.0
2018-08-02 00:00:00,0.0,0.0,0.0,0.0,0.0,0.0,0.0,0.0,0,0.0
2018-08-03 00:00:00,0.0,0.0,0.0,0.0,0.0,0.0,0.0,0.0,0,0.0
2018-08-06 00:00:00,0.0,0.0,0.0,0.0,0.0,0.0,0.0,0.0,0,0.0
2018-08-07 00:00:00,0.0,0.0,0.0,0.0,0.0,0.0,0.0,0.0,0,0.0
2018-08-08 00:00:00,0.0,0.0,0.0,0.0,0.0,0.0,0.0,0.0,0,0.0
2018-08-09 00:00:00,0.0,0.0,0.0,0.0,0.0,0.0,0.0,0.0,0,0.0
2018-08-10 00:00:00,0.0,0.0,0.0,0.0,0.0,0.0,0.0,0.0,0,0.0
2018-08-13 00:00:00,0.0,0.0,0.0,0.0,0.0,0.0,0.0,0.0,290.87414634435163,0.0
2018-08-14 00:00:00,0.0,0.0,0.0,0.0,0.0,0.0,0.0,0.0,0,0.0
2018-08-16 00:00:00,0.0,0.0,0.0,0.0,0.0,0.0,0.0,0.0,260.6194243298559,0.0
2018-08-17 00:00:00,0.0,0.0,0.0,0.0,0.0,0.0,0.0,0.0,0,0.0
2018-08-20 00:00:00,0.0,0.0,0.0,0.0,0.0,0.0,0.0,0.0,0,0.0
2018-08-21 00:00:00,0.0,0.0,0.0,0.0,0.0,0.0,0.0,0.0,0,0.0
2018-08-23 00:00:00,0.0,0.0,0.0,0.0,0.0,0.0,0.0,0.0,0,0.0
2018-08-24 00:00:00,0.0,0.0,0.0,0.0,0.0,0.0,0.0,0.0,269.27899252360044,0.0
2018-08-27 00:00:00,0.0,0.0,0.0,0.0,0.0,0.0,0.0,0.0,0,0.0
2018-08-28 00:00:00,0.0,0.0,0.0,0.0,0.0,0.0,0.0,0.0,0,0.0
2018-08-29 00:00:00,0.0,0.0,0.0,0.0,0.0,0.0,0.0,0.0,272.1480651411196,0.0
2018-08-30 00:00:00,0.0,0.0,0.0,0.0,0.0,0.0,0.0,0.0,0,0.0
2018-08-31 00:00:00,0.0,0.0,0.0,0.0,0.0,0.0,0.0,0.0,0,0.0
2018-09-03 00:00:00,0.0,0.0,0.0,0.0,0.0,0.0,0.0,0.0,0,0.0
2018-09-04 00:00:00,0.0,0.0,0.0,0.0,0.0,0.0,0.0,0.0,0,0.0
2018-09-05 00:00:00,0.0,0.0,0.0,0.0,0.0,0.0,0.0,0.0,0,0.0
2018-09-06 00:00:00,0.0,0.0,0.0,0.0,0.0,0.0,0.0,0.0,0,0.0
2018-09-07 00:00:00,0.0,0.0,0.0,0.0,0.0,0.0,0.0,0.0,0,0.0
2018-09-10 00:00:00,0.0,0.0,0.0,0.0,0.0,0.0,0.0,0.0,0,0.0
2018-09-11 00:00:00,0.0,0.0,0.0,0.0,0.0,0.0,0.0,0.0,0,0.0
2018-09-12 00:00:00,0.0,0.0,0.0,0.0,0.0,0.0,0.0,0.0,0,0.0
2018-09-14 00:00:00,0.0,0.0,0.0,0.0,0.0,0.0,0.0,0.0,0,0.0
2018-09-17 00:00:00,0.0,0.0,0.0,0.0,0.0,0.0,0.0,0.0,0,0.0
2018-09-18 00:00:00,0.0,0.0,0.0,0.0,0.0,0.0,0.0,0.0,0,0.0
2018-09-19 00:00:00,0.0,0.0,0.0,0.0,0.0,0.0,0.0,0.0,0,0.0
2018-09-21 00:00:00,0.0,0.0,0.0,0.0,0.0,0.0,0.0,0.0,0,0.0
2018-09-24 00:00:00,0.0,0.0,0.0,0.0,0.0,0.0,0.0,0.0,796.4502019081208,0.0
2018-09-25 00:00:00,0.0,0.0,0.0,0.0,0.0,0.0,0.0,0.0,0,0.0
2018-09-26 00:00:00,0.0,0.0,0.0,0.0,0.0,0.0,0.0,0.0,0,0.0
2018-09-27 00:00:00,0.0,0.0,0.0,0.0,0.0,0.0,0.0,0.0,0,0.0
2018-09-28 00:00:00,0.0,0.0,0.0,0.0,0.0,0.0,0.0,0.0,0,0.0
2018-10-01 00:00:00,0.0,0.0,0.0,0.0,0.0,0.0,0.0,0.0,0,0.0
2018-10-03 00:00:00,0.0,0.0,0.0,0.0,0.0,0.0,0.0,0.0,0,0.0
2018-10-04 00:00:00,0.0,0.0,0.0,0.0,0.0,0.0,0.0,0.0,0,0.0
2018-10-05 00:00:00,0.0,0.0,0.0,0.0,0.0,0.0,0.0,0.0,0,0.0
2018-10-08 00:00:00,0.0,0.0,0.0,0.0,0.0,0.0,0.0,0.0,0,0.0
2018-10-09 00:00:00,0.0,0.0,0.0,0.0,0.0,0.0,0.0,0.0,0,0.0
2018-10-10 00:00:00,0.0,0.0,0.0,0.0,0.0,0.0,0.0,0.0,0,0.0
2018-10-11 00:00:00,0.0,0.0,0.0,0.0,0.0,0.0,0.0,0.0,0,0.0
2018-10-12 00:00:00,0.0,0.0,0.0,0.0,0.0,0.0,0.0,0.0,0,0.0
2018-10-15 00:00:00,0.0,0.0,0.0,0.0,0.0,0.0,0.0,0.0,0,0.0
2018-10-16 00:00:00,0.0,0.0,0.0,0.0,0.0,0.0,0.0,0.0,0,0.0
2018-10-17 00:00:00,0.0,0.0,0.0,0.0,0.0,0.0,0.0,0.0,0,0.0
2018-10-19 00:00:00,0.0,0.0,0.0,0.0,0.0,0.0,0.0,0.0,0,0.0
2018-10-22 00:00:00,0.0,0.0,0.0,0.0,0.0,0.0,0.0,0.0,0,0.0
2018-10-23 00:00:00,0.0,0.0,0.0,0.0,0.0,0.0,0.0,0.0,0,0.0
2018-10-24 00:00:00,0.0,0.0,0.0,0.0,0.0,0.0,0.0,0.0,0,0.0
2018-10-25 00:00:00,0.0,0.0,0.0,0.0,0.0,0.0,0.0,0.0,0,0.0
2018-10-26 00:00:00,0.0,0.0,0.0,0.0,0.0,0.0,0.0,0.0,0,0.0
2018-10-29 00:00:00,0.0,0.0,0.0,0.0,0.0,0.0,0.0,0.0,0,0.0
2018-10-30 00:00:00,0.0,0.0,0.0,0.0,0.0,0.0,0.0,0.0,0,0.0
2018-10-31 00:00:00,0.0,0.0,0.0,0.0,0.0,0.0,0.0,0.0,0,0.0
2018-11-01 00:00:00,0.0,0.0,0.0,0.0,0.0,0.0,0.0,0.0,0,0.0
2018-11-02 00:00:00,0.0,0.0,0.0,0.0,0.0,0.0,0.0,0.0,0,0.0
2018-11-05 00:00:00,0.0,0.0,0.0,0.0,0.0,0.0,0.0,0.0,0,0.0
2018-11-06 00:00:00,0.0,0.0,0.0,0.0,0.0,0.0,0.0,0.0,0,0.0
2018-11-07 00:00:00,0.0,0.0,0.0,0.0,0.0,0.0,0.0,0.0,0,0.0
2018-11-09 00:00:00,0.0,0.0,0.0,0.0,0.0,0.0,0.0,0.0,0,0.0
2018-11-12 00:00:00,0.0,0.0,0.0,0.0,0.0,0.0,0.0,0.0,0,0.0
2018-11-13 00:00:00,0.0,0.0,0.0,0.0,0.0,0.0,0.0,0.0,0,0.0
2018-11-14 00:00:00,0.0,0.0,0.0,0.0,0.0,0.0,0.0,0.0,0,0.0
2018-11-15 00:00:00,0.0,0.0,0.0,0.0,0.0,0.0,0.0,0.0,0,0.0
2018-11-16 00:00:00,0.0,0.0,0.0,0.0,0.0,0.0,0.0,0.0,0,0.0
2018-11-19 00:00:00,0.0,0.0,0.0,0.0,0.0,0.0,0.0,0.0,0,0.0
2018-11-20 00:00:00,0.0,0.0,0.0,0.0,0.0,0.0,0.0,0.0,0,0.0
2018-11-21 00:00:00,0.0,0.0,0.0,0.0,0.0,0.0,0.0,0.0,0,0.0
2018-11-22 00:00:00,0.0,0.0,0.0,0.0,0.0,0.0,0.0,0.0,0,0.0
2018-11-26 00:00:00,0.0,0.0,0.0,0.0,0.0,0.0,0.0,0.0,0,0.0
2018-11-27 00:00:00,0.0,0.0,0.0,0.0,0.0,0.0,0.0,0.0,0,0.0
2018-11-28 00:00:00,0.0,0.0,0.0,0.0,0.0,0.0,0.0,0.0,0,0.0
2018-11-29 00:00:00,0.0,0.0,0.0,0.0,0.0,0.0,0.0,0.0,0,0.0
2018-11-30 00:00:00,0.0,0.0,0.0,0.0,0.0,0.0,0.0,0.0,0,0.0
2018-12-03 00:00:00,0.0,0.0,0.0,0.0,0.0,0.0,0.0,0.0,0,0.0
2018-12-04 00:00:00,0.0,0.0,0.0,0.0,0.0,0.0,0.0,0.0,0,0.0
2018-12-05 00:00:00,0.0,0.0,0.0,0.0,0.0,0.0,0.0,0.0,0,0.0
2018-12-06 00:00:00,0.0,0.0,0.0,0.0,0.0,0.0,0.0,0.0,0,0.0
2018-12-07 00:00:00,0.0,0.0,0.0,0.0,0.0,0.0,0.0,0.0,0,0.0
2018-12-10 00:00:00,0.0,0.0,0.0,0.0,0.0,0.0,0.0,0.0,0,0.0
2018-12-11 00:00:00,0.0,0.0,0.0,0.0,0.0,0.0,0.0,0.0,0,0.0
2018-12-12 00:00:00,0.0,0.0,0.0,0.0,0.0,0.0,0.0,0.0,0,0.0
2018-12-13 00:00:00,0.0,0.0,0.0,0.0,0.0,0.0,0.0,0.0,0,0.0
2018-12-14 00:00:00,0.0,0.0,0.0,0.0,0.0,0.0,0.0,0.0,0,0.0
2018-12-17 00:00:00,0.0,0.0,0.0,0.0,0.0,0.0,0.0,0.0,0,0.0
2018-12-18 00:00:00,0.0,0.0,0.0,0.0,0.0,0.0,0.0,0.0,0,0.0
2018-12-19 00:00:00,0.0,0.0,0.0,0.0,0.0,0.0,0.0,0.0,0,0.0
2018-12-20 00:00:00,0.0,0.0,0.0,0.0,0.0,0.0,0.0,0.0,0,0.0
2018-12-21 00:00:00,0.0,0.0,0.0,0.0,0.0,0.0,0.0,0.0,0,0.0
2018-12-24 00:00:00,0.0,0.0,0.0,0.0,0.0,0.0,0.0,0.0,0,0.0
2018-12-26 00:00:00,0.0,0.0,0.0,0.0,0.0,0.0,0.0,0.0,0,0.0
2018-12-27 00:00:00,0.0,0.0,0.0,0.0,0.0,0.0,0.0,0.0,0,0.0
2018-12-28 00:00:00,0.0,0.0,0.0,0.0,0.0,0.0,0.0,0.0,0,0.0
2018-12-31 00:00:00,0.0,0.0,0.0,0.0,0.0,0.0,0.0,0.0,0,0.0
2019-01-02 00:00:00,0.0,0.0,0.0,0.0,0.0,0.0,0.0,0.0,0,0.0
2019-01-03 00:00:00,0.0,0.0,0.0,0.0,0.0,0.0,0.0,0.0,0,0.0
2019-01-04 00:00:00,0.0,0.0,0.0,0.0,0.0,0.0,0.0,0.0,0,0.0
2019-01-07 00:00:00,0.0,0.0,0.0,0.0,0.0,0.0,0.0,0.0,0,0.0
2019-01-08 00:00:00,0.0,0.0,0.0,0.0,0.0,0.0,0.0,0.0,0,0.0
2019-01-09 00:00:00,0.0,0.0,0.0,0.0,0.0,0.0,0.0,0.0,0,0.0
2019-01-10 00:00:00,0.0,0.0,0.0,0.0,0.0,0.0,0.0,0.0,0,0.0
2019-01-11 00:00:00,0.0,0.0,0.0,0.0,0.0,0.0,0.0,0.0,0,0.0
2019-01-14 00:00:00,0.0,0.0,0.0,0.0,0.0,0.0,0.0,0.0,0,0.0
2019-01-15 00:00:00,0.0,0.0,0.0,0.0,0.0,0.0,0.0,0.0,0,0.0
2019-01-16 00:00:00,0.0,0.0,0.0,0.0,0.0,0.0,0.0,0.0,0,0.0
2019-01-17 00:00:00,0.0,0.0,0.0,0.0,0.0,0.0,0.0,0.0,0,0.0
2019-01-18 00:00:00,0.0,0.0,0.0,0.0,0.0,0.0,0.0,0.0,0,0.0
2019-01-21 00:00:00,0.0,0.0,0.0,0.0,0.0,0.0,0.0,0.0,1373.9059940203958,0.0
2019-01-22 00:00:00,0.0,0.0,0.0,0.0,0.0,0.0,0.0,0.0,274.60093009558614,0.0
2019-01-23 00:00:00,0.0,0.0,0.0,0.0,0.0,0.0,0.0,0.0,273.2042679096837,0.0
2019-01-24 00:00:00,0.0,0.0,0.0,0.0,0.0,0.0,0.0,0.0,271.90613734364797,0.0
2019-01-25 00:00:00,0.0,0.0,0.0,0.0,0.0,0.0,0.0,0.0,0,0.0
2019-01-28 00:00:00,0.0,0.0,0.0,0.0,0.0,0.0,0.0,0.0,278.4762492111465,0.0
2019-01-29 00:00:00,0.0,0.0,0.0,0.0,0.0,0.0,0.0,0.0,0,0.0
2019-01-30 00:00:00,0.0,0.0,0.0,0.0,0.0,0.0,0.0,0.0,0,0.0
2019-01-31 00:00:00,0.0,0.0,0.0,0.0,0.0,0.0,0.0,0.0,0,0.0
2019-02-01 00:00:00,0.0,0.0,0.0,0.0,0.0,0.0,0.0,0.0,0,0.0
2019-02-04 00:00:00,0.0,0.0,0.0,0.0,0.0,0.0,0.0,0.0,0,0.0
2019-02-05 00:00:00,0.0,0.0,0.0,0.0,0.0,0.0,0.0,0.0,0,0.0
2019-02-06 00:00:00,0.0,0.0,0.0,0.0,0.0,0.0,0.0,0.0,0,0.0
2019-02-07 00:00:00,0.0,0.0,0.0,0.0,0.0,0.0,0.0,0.0,0,0.0
2019-02-08 00:00:00,0.0,0.0,0.0,0.0,0.0,0.0,0.0,0.0,0,0.0
2019-02-11 00:00:00,0.0,0.0,0.0,0.0,0.0,0.0,0.0,0.0,276.1003870843933,0.0
2019-02-12 00:00:00,0.0,0.0,0.0,0.0,0.0,0.0,0.0,0.0,0,0.0
2019-02-14 00:00:00,0.0,0.0,0.0,0.0,0.0,0.0,0.0,0.0,0,0.0
2019-02-15 00:00:00,0.0,0.0,0.0,0.0,0.0,0.0,0.0,0.0,0,0.0
2019-02-18 00:00:00,0.0,0.0,0.0,0.0,0.0,0.0,0.0,0.0,284.303839688818,0.0
2019-02-19 00:00:00,0.0,0.0,0.0,0.0,0.0,0.0,0.0,0.0,0,0.0
2019-02-20 00:00:00,0.0,0.0,0.0,0.0,0.0,0.0,0.0,0.0,0,0.0
2019-02-21 00:00:00,0.0,0.0,0.0,0.0,0.0,0.0,0.0,0.0,0,0.0
2019-02-22 00:00:00,0.0,0.0,0.0,0.0,0.0,0.0,0.0,0.0,0,0.0
2019-02-25 00:00:00,0.0,0.0,0.0,0.0,0.0,0.0,0.0,0.0,277.3332965165367,0.0
2019-02-26 00:00:00,0.0,0.0,0.0,0.0,0.0,0.0,0.0,0.0,274.81719251250865,0.0
2019-02-27 00:00:00,0.0,0.0,0.0,0.0,0.0,0.0,0.0,0.0,0,0.0
2019-02-28 00:00:00,0.0,0.0,0.0,0.0,0.0,0.0,0.0,0.0,0,0.0
2019-03-01 00:00:00,0.0,0.0,0.0,0.0,0.0,0.0,0.0,0.0,0,0.0
2019-03-05 00:00:00,0.0,0.0,0.0,0.0,0.0,0.0,0.0,0.0,0,0.0
2019-03-06 00:00:00,0.0,0.0,0.0,0.0,0.0,0.0,0.0,0.0,0,0.0
2019-03-07 00:00:00,0.0,0.0,0.0,0.0,0.0,0.0,0.0,0.0,275.73136201243165,0.0
2019-03-08 00:00:00,0.0,0.0,0.0,0.0,0.0,0.0,0.0,0.0,0,0.0
2019-03-11 00:00:00,0.0,0.0,0.0,0.0,0.0,0.0,0.0,0.0,0,0.0
2019-03-12 00:00:00,0.0,0.0,0.0,0.0,0.0,0.0,0.0,0.0,0,0.0
2019-03-13 00:00:00,0.0,0.0,0.0,0.0,0.0,0.0,0.0,0.0,0,0.0
2019-03-14 00:00:00,0.0,0.0,0.0,0.0,0.0,0.0,0.0,0.0,254.67776526989337,0.0
2019-03-15 00:00:00,0.0,0.0,0.0,0.0,0.0,0.0,0.0,0.0,0,0.0
2019-03-18 00:00:00,0.0,0.0,0.0,0.0,0.0,0.0,0.0,0.0,0,0.0
2019-03-19 00:00:00,0.0,0.0,0.0,0.0,0.0,0.0,0.0,0.0,0,0.0
2019-03-20 00:00:00,0.0,0.0,0.0,0.0,0.0,0.0,0.0,0.0,0,0.0
2019-03-22 00:00:00,0.0,0.0,0.0,0.0,0.0,0.0,0.0,0.0,0,0.0
2019-03-25 00:00:00,0.0,0.0,0.0,0.0,0.0,0.0,0.0,0.0,0,0.0
2019-03-26 00:00:00,0.0,0.0,0.0,0.0,0.0,0.0,0.0,0.0,262.0118725244121,0.0
2019-03-27 00:00:00,0.0,0.0,0.0,0.0,0.0,0.0,0.0,0.0,0,0.0
2019-03-28 00:00:00,0.0,0.0,0.0,0.0,0.0,0.0,0.0,0.0,0,0.0
2019-04-01 00:00:00,0.0,0.0,0.0,0.0,0.0,0.0,0.0,0.0,0,0.0
2019-04-02 00:00:00,0.0,0.0,0.0,0.0,0.0,0.0,0.0,0.0,0,0.0
2019-04-03 00:00:00,0.0,0.0,0.0,0.0,0.0,0.0,0.0,0.0,0,0.0
2019-04-04 00:00:00,0.0,0.0,0.0,0.0,0.0,0.0,0.0,0.0,0,0.0
2019-04-05 00:00:00,0.0,0.0,0.0,0.0,0.0,0.0,0.0,0.0,0,0.0
2019-04-08 00:00:00,0.0,0.0,0.0,0.0,0.0,0.0,0.0,0.0,0,0.0
2019-04-09 00:00:00,0.0,0.0,0.0,0.0,0.0,0.0,0.0,0.0,290.50833839688465,0.0
2019-04-10 00:00:00,0.0,0.0,0.0,0.0,0.0,0.0,0.0,0.0,0,0.0
2019-04-11 00:00:00,0.0,0.0,0.0,0.0,0.0,0.0,0.0,0.0,0,0.0
2019-04-12 00:00:00,0.0,0.0,0.0,0.0,0.0,0.0,0.0,0.0,271.2639618733239,0.0
2019-04-15 00:00:00,0.0,0.0,0.0,0.0,0.0,0.0,0.0,0.0,0,0.0
2019-04-16 00:00:00,0.0,0.0,0.0,0.0,0.0,0.0,0.0,0.0,0,0.0
2019-04-18 00:00:00,0.0,0.0,0.0,0.0,0.0,0.0,0.0,0.0,0,0.0
2019-04-22 00:00:00,0.0,0.0,0.0,0.0,0.0,0.0,0.0,0.0,0,0.0
2019-04-23 00:00:00,0.0,0.0,0.0,0.0,0.0,0.0,0.0,0.0,0,0.0
2019-04-24 00:00:00,0.0,0.0,0.0,0.0,0.0,0.0,0.0,0.0,276.2073446088414,0.0
2019-04-25 00:00:00,0.0,0.0,0.0,0.0,0.0,0.0,0.0,0.0,270.5051108091064,0.0
2019-04-26 00:00:00,0.0,0.0,0.0,0.0,0.0,0.0,0.0,0.0,0,0.0
2019-04-30 00:00:00,0.0,0.0,0.0,0.0,0.0,0.0,0.0,0.0,0,0.0
2019-05-02 00:00:00,0.0,0.0,0.0,0.0,0.0,0.0,0.0,0.0,0,0.0
2019-05-03 00:00:00,0.0,0.0,0.0,0.0,0.0,0.0,0.0,0.0,0,0.0
2019-05-06 00:00:00,0.0,0.0,0.0,0.0,0.0,0.0,0.0,0.0,280.76115545323574,0.0
2019-05-07 00:00:00,0.0,0.0,0.0,0.0,0.0,0.0,0.0,0.0,267.59835038846643,0.0
2019-05-08 00:00:00,0.0,0.0,0.0,0.0,0.0,0.0,0.0,0.0,0,0.0
2019-05-09 00:00:00,0.0,0.0,0.0,0.0,0.0,0.0,0.0,0.0,0,0.0
2019-05-10 00:00:00,0.0,0.0,0.0,0.0,0.0,0.0,0.0,0.0,0,0.0
2019-05-13 00:00:00,0.0,0.0,0.0,0.0,0.0,0.0,0.0,0.0,319.35484197470333,0.0
2019-05-14 00:00:00,0.0,0.0,0.0,0.0,0.0,0.0,0.0,0.0,0,0.0
2019-05-15 00:00:00,0.0,0.0,0.0,0.0,0.0,0.0,0.0,0.0,0,0.0
2019-05-16 00:00:00,0.0,0.0,0.0,0.0,0.0,0.0,0.0,0.0,0,0.0
2019-05-17 00:00:00,0.0,0.0,0.0,0.0,0.0,0.0,0.0,0.0,0,0.0
2019-05-20 00:00:00,0.0,0.0,0.0,0.0,0.0,0.0,0.0,0.0,0,0.0
2019-05-21 00:00:00,0.0,0.0,0.0,0.0,0.0,0.0,0.0,0.0,0,0.0
2019-05-22 00:00:00,0.0,0.0,0.0,0.0,0.0,0.0,0.0,0.0,0,0.0
2019-05-23 00:00:00,0.0,0.0,0.0,0.0,0.0,0.0,0.0,0.0,0,0.0
2019-05-24 00:00:00,0.0,0.0,0.0,0.0,0.0,0.0,0.0,0.0,0,0.0
2019-05-27 00:00:00,0.0,0.0,0.0,0.0,0.0,0.0,0.0,0.0,0,0.0
2019-05-28 00:00:00,0.0,0.0,0.0,0.0,0.0,0.0,0.0,0.0,0,0.0
2019-05-29 00:00:00,0.0,0.0,0.0,0.0,0.0,0.0,0.0,0.0,0,0.0
2019-05-30 00:00:00,0.0,0.0,0.0,0.0,0.0,0.0,0.0,0.0,0,0.0
2019-05-31 00:00:00,0.0,0.0,0.0,0.0,0.0,0.0,0.0,0.0,0,0.0
2019-06-03 00:00:00,0.0,0.0,0.0,0.0,0.0,0.0,0.0,0.0,1430.4059995198415,0.0
2019-06-04 00:00:00,0.0,0.0,0.0,0.0,0.0,0.0,0.0,0.0,281.8242234084983,0.0
2019-06-06 00:00:00,0.0,0.0,0.0,0.0,0.0,0.0,0.0,0.0,0,0.0
2019-06-07 00:00:00,0.0,0.0,0.0,0.0,0.0,0.0,0.0,0.0,0,0.0
2019-06-10 00:00:00,0.0,0.0,0.0,0.0,0.0,0.0,0.0,0.0,0,0.0
2019-06-11 00:00:00,0.0,0.0,0.0,0.0,0.0,0.0,0.0,0.0,0,0.0
2019-06-12 00:00:00,0.0,0.0,0.0,0.0,0.0,0.0,0.0,0.0,0,0.0
2019-06-13 00:00:00,0.0,0.0,0.0,0.0,0.0,0.0,0.0,0.0,0,0.0
2019-06-14 00:00:00,0.0,0.0,0.0,0.0,0.0,0.0,0.0,0.0,0,0.0
2019-06-17 00:00:00,0.0,0.0,0.0,0.0,0.0,0.0,0.0,0.0,0,0.0
2019-06-18 00:00:00,0.0,0.0,0.0,0.0,0.0,0.0,0.0,0.0,0,0.0
2019-06-19 00:00:00,0.0,0.0,0.0,0.0,0.0,0.0,0.0,0.0,0,0.0
2019-06-20 00:00:00,0.0,0.0,0.0,0.0,0.0,0.0,0.0,0.0,0,0.0
2019-06-21 00:00:00,0.0,0.0,0.0,0.0,0.0,0.0,0.0,0.0,248.80644683934045,0.0
2019-06-24 00:00:00,0.0,0.0,0.0,0.0,0.0,0.0,0.0,0.0,0,0.0
2019-06-25 00:00:00,0.0,0.0,0.0,0.0,0.0,0.0,0.0,0.0,261.3783125155956,0.0
2019-06-26 00:00:00,0.0,0.0,0.0,0.0,0.0,0.0,0.0,0.0,0,0.0
2019-06-27 00:00:00,0.0,0.0,0.0,0.0,0.0,0.0,0.0,0.0,0,0.0
2019-06-28 00:00:00,0.0,0.0,0.0,0.0,0.0,0.0,0.0,0.0,0,0.0
2019-07-01 00:00:00,0.0,0.0,0.0,0.0,0.0,0.0,0.0,0.0,0,0.0
2019-07-02 00:00:00,0.0,0.0,0.0,0.0,0.0,0.0,0.0,0.0,267.0233238498806,0.0
2019-07-03 00:00:00,0.0,0.0,0.0,0.0,0.0,0.0,0.0,0.0,0,0.0
2019-07-04 00:00:00,0.0,0.0,0.0,0.0,0.0,0.0,0.0,0.0,0,0.0
2019-07-05 00:00:00,0.0,0.0,0.0,0.0,0.0,0.0,0.0,0.0,0,0.0
2019-07-08 00:00:00,0.0,0.0,0.0,0.0,0.0,0.0,0.0,0.0,0,0.0
2019-07-09 00:00:00,0.0,0.0,0.0,0.0,0.0,0.0,0.0,0.0,264.40481746250316,0.0
2019-07-10 00:00:00,0.0,0.0,0.0,0.0,0.0,0.0,0.0,0.0,254.11354979130925,0.0
2019-07-11 00:00:00,0.0,0.0,0.0,0.0,0.0,0.0,0.0,0.0,0,0.0
2019-07-12 00:00:00,0.0,0.0,0.0,0.0,0.0,0.0,0.0,0.0,0,0.0
2019-07-15 00:00:00,0.0,0.0,0.0,0.0,0.0,0.0,0.0,0.0,0,0.0
2019-07-16 00:00:00,0.0,0.0,0.0,0.0,0.0,0.0,0.0,0.0,0,0.0
2019-07-17 00:00:00,0.0,0.0,0.0,0.0,0.0,0.0,0.0,0.0,0,0.0
2019-07-18 00:00:00,0.0,0.0,0.0,0.0,0.0,0.0,0.0,0.0,0,0.0
2019-07-19 00:00:00,0.0,0.0,0.0,0.0,0.0,0.0,0.0,0.0,0,0.0
2019-07-22 00:00:00,0.0,0.0,0.0,0.0,0.0,0.0,0.0,0.0,0,0.0
2019-07-23 00:00:00,0.0,0.0,0.0,0.0,0.0,0.0,0.0,0.0,0,0.0
2019-07-24 00:00:00,0.0,0.0,0.0,0.0,0.0,0.0,0.0,0.0,261.4804876812611,0.0
2019-07-25 00:00:00,0.0,0.0,0.0,0.0,0.0,0.0,0.0,0.0,254.07884366259677,0.0
2019-07-26 00:00:00,0.0,0.0,0.0,0.0,0.0,0.0,0.0,0.0,0,0.0
2019-07-29 00:00:00,0.0,0.0,0.0,0.0,0.0,0.0,0.0,0.0,785.0702715643764,0.0
2019-07-30 00:00:00,0.0,0.0,0.0,0.0,0.0,0.0,0.0,0.0,0,0.0
2019-07-31 00:00:00,0.0,0.0,0.0,0.0,0.0,0.0,0.0,0.0,0,0.0
2019-08-01 00:00:00,0.0,0.0,0.0,0.0,0.0,0.0,0.0,0.0,0,0.0
2019-08-02 00:00:00,0.0,0.0,0.0,0.0,0.0,0.0,0.0,0.0,0,0.0
2019-08-05 00:00:00,0.0,0.0,0.0,0.0,0.0,0.0,0.0,0.0,0,0.0
2019-08-06 00:00:00,0.0,0.0,0.0,0.0,0.0,0.0,0.0,0.0,0,0.0
2019-08-07 00:00:00,0.0,0.0,0.0,0.0,0.0,0.0,0.0,0.0,0,0.0
2019-08-08 00:00:00,0.0,0.0,0.0,0.0,0.0,0.0,0.0,0.0,0,0.0
2019-08-09 00:00:00,0.0,0.0,0.0,0.0,0.0,0.0,0.0,0.0,0,0.0
2019-08-13 00:00:00,0.0,0.0,0.0,0.0,0.0,0.0,0.0,0.0,0,0.0
2019-08-14 00:00:00,0.0,0.0,0.0,0.0,0.0,0.0,0.0,0.0,0,0.0
2019-08-16 00:00:00,0.0,0.0,0.0,0.0,0.0,0.0,0.0,0.0,0,0.0
2019-08-19 00:00:00,0.0,0.0,0.0,0.0,0.0,0.0,0.0,0.0,0,0.0
2019-08-20 00:00:00,0.0,0.0,0.0,0.0,0.0,0.0,0.0,0.0,0,0.0
2019-08-21 00:00:00,0.0,0.0,0.0,0.0,0.0,0.0,0.0,0.0,0,0.0
2019-08-22 00:00:00,0.0,0.0,0.0,0.0,0.0,0.0,0.0,0.0,0,0.0
2019-08-23 00:00:00,0.0,0.0,0.0,0.0,0.0,0.0,0.0,0.0,0,0.0
2019-08-26 00:00:00,0.0,0.0,0.0,0.0,0.0,0.0,0.0,0.0,0,0.0
2019-08-27 00:00:00,0.0,0.0,0.0,0.0,0.0,0.0,0.0,0.0,0,0.0
2019-08-28 00:00:00,0.0,0.0,0.0,0.0,0.0,0.0,0.0,0.0,0,0.0
2019-08-29 00:00:00,0.0,0.0,0.0,0.0,0.0,0.0,0.0,0.0,0,0.0
2019-08-30 00:00:00,0.0,0.0,0.0,0.0,0.0,0.0,0.0,0.0,0,0.0
2019-09-03 00:00:00,0.0,0.0,0.0,0.0,0.0,0.0,0.0,0.0,0,0.0
2019-09-04 00:00:00,0.0,0.0,0.0,0.0,0.0,0.0,0.0,0.0,0,0.0
2019-09-05 00:00:00,0.0,0.0,0.0,0.0,0.0,0.0,0.0,0.0,0,0.0
2019-09-06 00:00:00,0.0,0.0,0.0,0.0,0.0,0.0,0.0,0.0,0,0.0
2019-09-09 00:00:00,0.0,0.0,0.0,0.0,0.0,0.0,0.0,0.0,0,0.0
2019-09-11 00:00:00,0.0,0.0,0.0,0.0,0.0,0.0,0.0,0.0,0,0.0
2019-09-12 00:00:00,0.0,0.0,0.0,0.0,0.0,0.0,0.0,0.0,0,0.0
2019-09-13 00:00:00,0.0,0.0,0.0,0.0,0.0,0.0,0.0,0.0,0,0.0
2019-09-16 00:00:00,0.0,0.0,0.0,0.0,0.0,0.0,0.0,0.0,0,0.0
2019-09-17 00:00:00,0.0,0.0,0.0,0.0,0.0,0.0,0.0,0.0,0,0.0
2019-09-18 00:00:00,0.0,0.0,0.0,0.0,0.0,0.0,0.0,0.0,0,0.0
2019-09-19 00:00:00,0.0,0.0,0.0,0.0,0.0,0.0,0.0,0.0,0,0.0
2019-09-20 00:00:00,0.0,0.0,0.0,0.0,0.0,0.0,0.0,0.0,0,0.0
2019-09-23 00:00:00,0.0,0.0,0.0,0.0,0.0,0.0,0.0,0.0,0,0.0
2019-09-24 00:00:00,0.0,0.0,0.0,0.0,0.0,0.0,0.0,0.0,0,0.0
2019-09-25 00:00:00,0.0,0.0,0.0,0.0,0.0,0.0,0.0,0.0,0,0.0
2019-09-26 00:00:00,0.0,0.0,0.0,0.0,0.0,0.0,0.0,0.0,0,0.0
2019-09-27 00:00:00,0.0,0.0,0.0,0.0,0.0,0.0,0.0,0.0,0,0.0
2019-09-30 00:00:00,0.0,0.0,0.0,0.0,0.0,0.0,0.0,0.0,1393.6109115122085,0.0
2019-10-01 00:00:00,0.0,0.0,0.0,0.0,0.0,0.0,0.0,0.0,292.9568206436121,0.0
2019-10-03 00:00:00,0.0,0.0,0.0,0.0,0.0,0.0,0.0,0.0,277.63117372079836,0.0
2019-10-04 00:00:00,0.0,0.0,0.0,0.0,0.0,0.0,0.0,0.0,0,0.0
2019-10-07 00:00:00,0.0,0.0,0.0,0.0,0.0,0.0,0.0,0.0,273.40930484481055,0.0
2019-10-09 00:00:00,0.0,0.0,0.0,0.0,0.0,0.0,0.0,0.0,0,0.0
2019-10-10 00:00:00,0.0,0.0,0.0,0.0,0.0,0.0,0.0,0.0,0,0.0
2019-10-11 00:00:00,0.0,0.0,0.0,0.0,0.0,0.0,0.0,0.0,272.15923062752046,0.0
2019-10-14 00:00:00,0.0,0.0,0.0,0.0,0.0,0.0,0.0,0.0,0,0.0
2019-10-15 00:00:00,0.0,0.0,0.0,0.0,0.0,0.0,0.0,0.0,0,0.0
2019-10-16 00:00:00,0.0,0.0,0.0,0.0,0.0,0.0,0.0,0.0,0,0.0
2019-10-17 00:00:00,0.0,0.0,0.0,0.0,0.0,0.0,0.0,0.0,0,0.0
2019-10-18 00:00:00,0.0,0.0,0.0,0.0,0.0,0.0,0.0,0.0,0,0.0
2019-10-22 00:00:00,0.0,0.0,0.0,0.0,0.0,0.0,0.0,0.0,0,0.0
2019-10-23 00:00:00,0.0,0.0,0.0,0.0,0.0,0.0,0.0,0.0,0,0.0
2019-10-24 00:00:00,0.0,0.0,0.0,0.0,0.0,0.0,0.0,0.0,280.88377390918174,0.0
2019-10-25 00:00:00,0.0,0.0,0.0,0.0,0.0,0.0,0.0,0.0,0,0.0
2019-10-29 00:00:00,0.0,0.0,0.0,0.0,0.0,0.0,0.0,0.0,0,0.0
2019-10-30 00:00:00,0.0,0.0,0.0,0.0,0.0,0.0,0.0,0.0,0,0.0
2019-10-31 00:00:00,0.0,0.0,0.0,0.0,0.0,0.0,0.0,0.0,0,0.0
2019-11-01 00:00:00,0.0,0.0,0.0,0.0,0.0,0.0,0.0,0.0,0,0.0
2019-11-04 00:00:00,0.0,0.0,0.0,0.0,0.0,0.0,0.0,0.0,0,0.0
2019-11-05 00:00:00,0.0,0.0,0.0,0.0,0.0,0.0,0.0,0.0,0,0.0
2019-11-06 00:00:00,0.0,0.0,0.0,0.0,0.0,0.0,0.0,0.0,0,0.0
2019-11-07 00:00:00,0.0,0.0,0.0,0.0,0.0,0.0,0.0,0.0,0,0.0
2019-11-08 00:00:00,0.0,0.0,0.0,0.0,0.0,0.0,0.0,0.0,0,0.0
2019-11-11 00:00:00,0.0,0.0,0.0,0.0,0.0,0.0,0.0,0.0,0,0.0
2019-11-13 00:00:00,0.0,0.0,0.0,0.0,0.0,0.0,0.0,0.0,0,0.0
2019-11-14 00:00:00,0.0,0.0,0.0,0.0,0.0,0.0,0.0,0.0,0,0.0
2019-11-15 00:00:00,0.0,0.0,0.0,0.0,0.0,0.0,0.0,0.0,0,0.0
2019-11-18 00:00:00,0.0,0.0,0.0,0.0,0.0,0.0,0.0,0.0,0,0.0
2019-11-19 00:00:00,0.0,0.0,0.0,0.0,0.0,0.0,0.0,0.0,260.3205635079157,0.0
2019-11-20 00:00:00,0.0,0.0,0.0,0.0,0.0,0.0,0.0,0.0,0,0.0
2019-11-21 00:00:00,0.0,0.0,0.0,0.0,0.0,0.0,0.0,0.0,0,0.0
2019-11-22 00:00:00,0.0,0.0,0.0,0.0,0.0,0.0,0.0,0.0,0,0.0
2019-11-25 00:00:00,0.0,0.0,0.0,0.0,0.0,0.0,0.0,0.0,271.1075107459516,0.0
2019-11-26 00:00:00,0.0,0.0,0.0,0.0,0.0,0.0,0.0,0.0,0,0.0
2019-11-27 00:00:00,0.0,0.0,0.0,0.0,0.0,0.0,0.0,0.0,280.5330186254402,0.0
2019-11-28 00:00:00,0.0,0.0,0.0,0.0,0.0,0.0,0.0,0.0,276.60751599770833,0.0
2019-11-29 00:00:00,0.0,0.0,0.0,0.0,0.0,0.0,0.0,0.0,0,0.0
2019-12-02 00:00:00,0.0,0.0,0.0,0.0,0.0,0.0,0.0,0.0,0,0.0
2019-12-03 00:00:00,0.0,0.0,0.0,0.0,0.0,0.0,0.0,0.0,0,0.0
2019-12-04 00:00:00,0.0,0.0,0.0,0.0,0.0,0.0,0.0,0.0,0,0.0
2019-12-05 00:00:00,0.0,0.0,0.0,0.0,0.0,0.0,0.0,0.0,0,0.0
2019-12-06 00:00:00,0.0,0.0,0.0,0.0,0.0,0.0,0.0,0.0,0,0.0
2019-12-09 00:00:00,0.0,0.0,0.0,0.0,0.0,0.0,0.0,0.0,0,0.0
2019-12-10 00:00:00,0.0,0.0,0.0,0.0,0.0,0.0,0.0,0.0,0,0.0
2019-12-11 00:00:00,0.0,0.0,0.0,0.0,0.0,0.0,0.0,0.0,0,0.0
2019-12-12 00:00:00,0.0,0.0,0.0,0.0,0.0,0.0,0.0,0.0,0,0.0
2019-12-13 00:00:00,0.0,0.0,0.0,0.0,0.0,0.0,0.0,0.0,0,0.0
2019-12-16 00:00:00,0.0,0.0,0.0,0.0,0.0,0.0,0.0,0.0,0,0.0
2019-12-17 00:00:00,0.0,0.0,0.0,0.0,0.0,0.0,0.0,0.0,0,0.0
2019-12-18 00:00:00,0.0,0.0,0.0,0.0,0.0,0.0,0.0,0.0,0,0.0
2019-12-19 00:00:00,0.0,0.0,0.0,0.0,0.0,0.0,0.0,0.0,0,0.0
2019-12-20 00:00:00,0.0,0.0,0.0,0.0,0.0,0.0,0.0,0.0,0,0.0
2019-12-23 00:00:00,0.0,0.0,0.0,0.0,0.0,0.0,0.0,0.0,0,0.0
2019-12-24 00:00:00,0.0,0.0,0.0,0.0,0.0,0.0,0.0,0.0,257.7277481661233,0.0
2019-12-26 00:00:00,0.0,0.0,0.0,0.0,0.0,0.0,0.0,0.0,262.0814699488229,0.0
2019-12-27 00:00:00,0.0,0.0,0.0,0.0,0.0,0.0,0.0,0.0,0,0.0
2019-12-30 00:00:00,0.0,0.0,0.0,0.0,0.0,0.0,0.0,0.0,0,0.0
2019-12-31 00:00:00,0.0,0.0,0.0,0.0,0.0,0.0,0.0,0.0,0,0.0
2020-01-01 00:00:00,0.0,0.0,0.0,0.0,0.0,0.0,0.0,0.0,0,0.0
2020-01-02 00:00:00,0.0,0.0,0.0,0.0,0.0,0.0,0.0,0.0,0,0.0
2020-01-03 00:00:00,0.0,0.0,0.0,0.0,0.0,0.0,0.0,0.0,0,0.0
2020-01-06 00:00:00,0.0,0.0,0.0,0.0,0.0,0.0,0.0,0.0,0,0.0
2020-01-07 00:00:00,0.0,0.0,0.0,0.0,0.0,0.0,0.0,0.0,264.180530046178,0.0
2020-01-08 00:00:00,0.0,0.0,0.0,0.0,0.0,0.0,0.0,0.0,0,0.0
2020-01-09 00:00:00,0.0,0.0,0.0,0.0,0.0,0.0,0.0,0.0,0,0.0
2020-01-10 00:00:00,0.0,0.0,0.0,0.0,0.0,0.0,0.0,0.0,0,0.0
2020-01-13 00:00:00,0.0,0.0,0.0,0.0,0.0,0.0,0.0,0.0,0,0.0
2020-01-14 00:00:00,0.0,0.0,0.0,0.0,0.0,0.0,0.0,0.0,0,0.0
2020-01-15 00:00:00,0.0,0.0,0.0,0.0,0.0,0.0,0.0,0.0,0,0.0
2020-01-16 00:00:00,0.0,0.0,0.0,0.0,0.0,0.0,0.0,0.0,0,0.0
2020-01-17 00:00:00,0.0,0.0,0.0,0.0,0.0,0.0,0.0,0.0,0,0.0
2020-01-20 00:00:00,0.0,0.0,0.0,0.0,0.0,0.0,0.0,0.0,0,0.0
2020-01-21 00:00:00,0.0,0.0,0.0,0.0,0.0,0.0,0.0,0.0,0,0.0
2020-01-22 00:00:00,0.0,0.0,0.0,0.0,0.0,0.0,0.0,0.0,0,0.0
2020-01-23 00:00:00,0.0,0.0,0.0,0.0,0.0,0.0,0.0,0.0,257.33898636940387,0.0
2020-01-24 00:00:00,0.0,0.0,0.0,0.0,0.0,0.0,0.0,0.0,0,0.0
2020-01-27 00:00:00,0.0,0.0,0.0,0.0,0.0,0.0,0.0,0.0,0,0.0
2020-01-28 00:00:00,0.0,0.0,0.0,0.0,0.0,0.0,0.0,0.0,0,0.0
2020-01-29 00:00:00,0.0,0.0,0.0,0.0,0.0,0.0,0.0,0.0,0,0.0
2020-01-30 00:00:00,0.0,0.0,0.0,0.0,0.0,0.0,0.0,0.0,0,0.0
2020-01-31 00:00:00,0.0,0.0,0.0,0.0,0.0,0.0,0.0,0.0,289.098979701135,0.0
2020-02-03 00:00:00,0.0,0.0,0.0,0.0,0.0,0.0,0.0,0.0,859.6256119993283,0.0
2020-02-04 00:00:00,0.0,0.0,0.0,0.0,0.0,0.0,0.0,0.0,0,0.0
2020-02-05 00:00:00,0.0,0.0,0.0,0.0,0.0,0.0,0.0,0.0,0,0.0
2020-02-06 00:00:00,0.0,0.0,0.0,0.0,0.0,0.0,0.0,0.0,0,0.0
2020-02-07 00:00:00,0.0,0.0,0.0,0.0,0.0,0.0,0.0,0.0,0,0.0
2020-02-10 00:00:00,0.0,0.0,0.0,0.0,0.0,0.0,0.0,0.0,0,0.0
2020-02-11 00:00:00,0.0,0.0,0.0,0.0,0.0,0.0,0.0,0.0,0,0.0
2020-02-12 00:00:00,0.0,0.0,0.0,0.0,0.0,0.0,0.0,0.0,0,0.0
2020-02-13 00:00:00,0.0,0.0,0.0,0.0,0.0,0.0,0.0,0.0,0,0.0
2020-02-14 00:00:00,0.0,0.0,0.0,0.0,0.0,0.0,0.0,0.0,0,0.0
2020-02-17 00:00:00,0.0,0.0,0.0,0.0,0.0,0.0,0.0,0.0,0,0.0
2020-02-18 00:00:00,0.0,0.0,0.0,0.0,0.0,0.0,0.0,0.0,0,0.0
2020-02-19 00:00:00,0.0,0.0,0.0,0.0,0.0,0.0,0.0,0.0,0,0.0
2020-02-20 00:00:00,0.0,0.0,0.0,0.0,0.0,0.0,0.0,0.0,0,0.0
2020-02-24 00:00:00,0.0,0.0,0.0,0.0,0.0,0.0,0.0,0.0,0,0.0
2020-02-25 00:00:00,0.0,0.0,0.0,0.0,0.0,0.0,0.0,0.0,0,0.0
2020-02-26 00:00:00,0.0,0.0,0.0,0.0,0.0,0.0,0.0,0.0,0,0.0
2020-02-27 00:00:00,0.0,0.0,0.0,0.0,0.0,0.0,0.0,0.0,0,0.0
2020-02-28 00:00:00,0.0,0.0,0.0,0.0,0.0,0.0,0.0,0.0,0,0.0
2020-03-02 00:00:00,0.0,0.0,0.0,0.0,0.0,0.0,0.0,0.0,0,0.0
2020-03-03 00:00:00,0.0,0.0,0.0,0.0,0.0,0.0,0.0,0.0,0,0.0
2020-03-04 00:00:00,0.0,0.0,0.0,0.0,0.0,0.0,0.0,0.0,0,0.0
2020-03-05 00:00:00,0.0,0.0,0.0,0.0,0.0,0.0,0.0,0.0,0,0.0
2020-03-06 00:00:00,0.0,0.0,0.0,0.0,0.0,0.0,0.0,0.0,0,0.0
2020-03-09 00:00:00,0.0,0.0,0.0,0.0,0.0,0.0,0.0,0.0,0,0.0
2020-03-11 00:00:00,0.0,0.0,0.0,0.0,0.0,0.0,0.0,0.0,0,0.0
2020-03-12 00:00:00,0.0,0.0,0.0,0.0,0.0,0.0,0.0,0.0,0,0.0
2020-03-13 00:00:00,0.0,0.0,0.0,0.0,0.0,0.0,0.0,0.0,0,0.0
2020-03-16 00:00:00,0.0,0.0,0.0,0.0,0.0,0.0,0.0,0.0,0,0.0
2020-03-17 00:00:00,0.0,0.0,0.0,0.0,0.0,0.0,0.0,0.0,0,0.0
2020-03-18 00:00:00,0.0,0.0,0.0,0.0,0.0,0.0,0.0,0.0,0,0.0
2020-03-19 00:00:00,0.0,0.0,0.0,0.0,0.0,0.0,0.0,0.0,0,0.0
2020-03-20 00:00:00,0.0,0.0,0.0,0.0,0.0,0.0,0.0,0.0,0,0.0
2020-03-23 00:00:00,0.0,0.0,0.0,0.0,0.0,0.0,0.0,0.0,0,0.0
2020-03-24 00:00:00,0.0,0.0,0.0,0.0,0.0,0.0,0.0,0.0,0,0.0
2020-03-25 00:00:00,0.0,0.0,0.0,0.0,0.0,0.0,0.0,0.0,0,0.0
2020-03-26 00:00:00,0.0,0.0,0.0,0.0,0.0,0.0,0.0,0.0,0,0.0
2020-03-27 00:00:00,0.0,0.0,0.0,0.0,0.0,0.0,0.0,0.0,0,0.0
2020-03-30 00:00:00,0.0,0.0,0.0,0.0,0.0,0.0,0.0,0.0,0,0.0
2020-03-31 00:00:00,0.0,0.0,0.0,0.0,0.0,0.0,0.0,0.0,0,0.0
2020-04-01 00:00:00,0.0,0.0,0.0,0.0,0.0,0.0,0.0,0.0,0,0.0
2020-04-03 00:00:00,0.0,0.0,0.0,0.0,0.0,0.0,0.0,0.0,0,0.0
2020-04-07 00:00:00,0.0,0.0,0.0,0.0,0.0,0.0,0.0,0.0,0,0.0
2020-04-08 00:00:00,0.0,0.0,0.0,0.0,0.0,0.0,0.0,0.0,0,0.0
2020-04-09 00:00:00,0.0,0.0,0.0,0.0,0.0,0.0,0.0,0.0,0,0.0
2020-04-13 00:00:00,0.0,0.0,0.0,0.0,0.0,0.0,0.0,0.0,0,0.0
2020-04-15 00:00:00,0.0,0.0,0.0,0.0,0.0,0.0,0.0,0.0,0,0.0
2020-04-16 00:00:00,0.0,0.0,0.0,0.0,0.0,0.0,0.0,0.0,0,0.0
2020-04-17 00:00:00,0.0,0.0,0.0,0.0,0.0,0.0,0.0,0.0,0,0.0
2020-04-20 00:00:00,0.0,0.0,0.0,0.0,0.0,0.0,0.0,0.0,0,0.0
2020-04-21 00:00:00,0.0,0.0,0.0,0.0,0.0,0.0,0.0,0.0,0,0.0
2020-04-22 00:00:00,0.0,0.0,0.0,0.0,0.0,0.0,0.0,0.0,0,0.0
2020-04-23 00:00:00,0.0,0.0,0.0,0.0,0.0,0.0,0.0,0.0,0,0.0
2020-04-24 00:00:00,0.0,0.0,0.0,0.0,0.0,0.0,0.0,0.0,0,0.0
2020-04-27 00:00:00,0.0,0.0,0.0,0.0,0.0,0.0,0.0,0.0,0,0.0
2020-04-28 00:00:00,0.0,0.0,0.0,0.0,0.0,0.0,0.0,0.0,0,0.0
2020-04-29 00:00:00,0.0,0.0,0.0,0.0,0.0,0.0,0.0,0.0,0,0.0
2020-04-30 00:00:00,0.0,0.0,0.0,0.0,0.0,0.0,0.0,0.0,0,0.0
2020-05-04 00:00:00,0.0,0.0,0.0,0.0,0.0,0.0,0.0,0.0,0,0.0
2020-05-05 00:00:00,0.0,0.0,0.0,0.0,0.0,0.0,0.0,0.0,0,0.0
2020-05-06 00:00:00,0.0,0.0,0.0,0.0,0.0,0.0,0.0,0.0,0,0.0
2020-05-07 00:00:00,0.0,0.0,0.0,0.0,0.0,0.0,0.0,0.0,0,0.0
2020-05-08 00:00:00,0.0,0.0,0.0,0.0,0.0,0.0,0.0,0.0,0,0.0
2020-05-11 00:00:00,0.0,0.0,0.0,0.0,0.0,0.0,0.0,0.0,0,0.0
2020-05-12 00:00:00,0.0,0.0,0.0,0.0,0.0,0.0,0.0,0.0,0,0.0
2020-05-13 00:00:00,0.0,0.0,0.0,0.0,0.0,0.0,0.0,0.0,0,0.0
2020-05-14 00:00:00,0.0,0.0,0.0,0.0,0.0,0.0,0.0,0.0,0,0.0
2020-05-15 00:00:00,0.0,0.0,0.0,0.0,0.0,0.0,0.0,0.0,0,0.0
2020-05-18 00:00:00,0.0,0.0,0.0,0.0,0.0,0.0,0.0,0.0,0,0.0
2020-05-19 00:00:00,0.0,0.0,0.0,0.0,0.0,0.0,0.0,0.0,0,0.0
2020-05-20 00:00:00,0.0,0.0,0.0,0.0,0.0,0.0,0.0,0.0,0,0.0
2020-05-21 00:00:00,0.0,0.0,0.0,0.0,0.0,0.0,0.0,0.0,0,0.0
2020-05-22 00:00:00,0.0,0.0,0.0,0.0,0.0,0.0,0.0,0.0,0,0.0
2020-05-26 00:00:00,0.0,0.0,0.0,0.0,0.0,0.0,0.0,0.0,0,0.0
2020-05-27 00:00:00,0.0,0.0,0.0,0.0,0.0,0.0,0.0,0.0,0,0.0
2020-05-28 00:00:00,0.0,0.0,0.0,0.0,0.0,0.0,0.0,0.0,0,0.0
2020-05-29 00:00:00,0.0,0.0,0.0,0.0,0.0,0.0,0.0,0.0,0,0.0
2020-06-01 00:00:00,0.0,0.0,0.0,0.0,0.0,0.0,0.0,0.0,0,0.0
2020-06-02 00:00:00,0.0,0.0,0.0,0.0,0.0,0.0,0.0,0.0,0,0.0
2020-06-03 00:00:00,0.0,0.0,0.0,0.0,0.0,0.0,0.0,0.0,0,0.0
2020-06-04 00:00:00,0.0,0.0,0.0,0.0,0.0,0.0,0.0,0.0,0,0.0
2020-06-05 00:00:00,0.0,0.0,0.0,0.0,0.0,0.0,0.0,0.0,0,0.0
2020-06-08 00:00:00,0.0,0.0,0.0,0.0,0.0,0.0,0.0,0.0,1558.8650323496697,0.0
2020-06-09 00:00:00,0.0,0.0,0.0,0.0,0.0,0.0,0.0,0.0,300.29629501388774,0.0
2020-06-10 00:00:00,0.0,0.0,0.0,0.0,0.0,0.0,0.0,0.0,0,0.0
2020-06-11 00:00:00,0.0,0.0,0.0,0.0,0.0,0.0,0.0,0.0,0,0.0
2020-06-12 00:00:00,0.0,0.0,0.0,0.0,0.0,0.0,0.0,0.0,0,0.0
2020-06-15 00:00:00,0.0,0.0,0.0,0.0,0.0,0.0,0.0,0.0,0,0.0
2020-06-16 00:00:00,0.0,0.0,0.0,0.0,0.0,0.0,0.0,0.0,0,0.0
2020-06-17 00:00:00,0.0,0.0,0.0,0.0,0.0,0.0,0.0,0.0,0,0.0
2020-06-18 00:00:00,0.0,0.0,0.0,0.0,0.0,0.0,0.0,0.0,0,0.0
2020-06-19 00:00:00,0.0,0.0,0.0,0.0,0.0,0.0,0.0,0.0,0,0.0
2020-06-22 00:00:00,0.0,0.0,0.0,0.0,0.0,0.0,0.0,0.0,0,0.0
2020-06-23 00:00:00,0.0,0.0,0.0,0.0,0.0,0.0,0.0,0.0,0,0.0
2020-06-24 00:00:00,0.0,0.0,0.0,0.0,0.0,0.0,0.0,0.0,578.0908348580981,0.0
2020-06-25 00:00:00,0.0,0.0,0.0,0.0,0.0,0.0,0.0,0.0,0,0.0
2020-06-26 00:00:00,0.0,0.0,0.0,0.0,0.0,0.0,0.0,0.0,296.2671074597296,0.0
2020-06-29 00:00:00,0.0,0.0,0.0,0.0,0.0,0.0,0.0,0.0,0,0.0
2020-06-30 00:00:00,0.0,0.0,0.0,0.0,0.0,0.0,0.0,0.0,0,0.0
2020-07-01 00:00:00,0.0,0.0,0.0,0.0,0.0,0.0,0.0,0.0,0,0.0
2020-07-02 00:00:00,0.0,0.0,0.0,0.0,0.0,0.0,0.0,0.0,0,0.0
2020-07-03 00:00:00,0.0,0.0,0.0,0.0,0.0,0.0,0.0,0.0,0,0.0
2020-07-06 00:00:00,0.0,0.0,0.0,0.0,0.0,0.0,0.0,0.0,0,0.0
2020-07-07 00:00:00,0.0,0.0,0.0,0.0,0.0,0.0,0.0,0.0,0,0.0
2020-07-08 00:00:00,0.0,0.0,0.0,0.0,0.0,0.0,0.0,0.0,0,0.0
2020-07-09 00:00:00,0.0,0.0,0.0,0.0,0.0,0.0,0.0,0.0,0,0.0
2020-07-10 00:00:00,0.0,0.0,0.0,0.0,0.0,0.0,0.0,0.0,0,0.0
2020-07-13 00:00:00,0.0,0.0,0.0,0.0,0.0,0.0,0.0,0.0,303.80442815802013,0.0
2020-07-14 00:00:00,0.0,0.0,0.0,0.0,0.0,0.0,0.0,0.0,0,0.0
2020-07-15 00:00:00,0.0,0.0,0.0,0.0,0.0,0.0,0.0,0.0,0,0.0
2020-07-16 00:00:00,0.0,0.0,0.0,0.0,0.0,0.0,0.0,0.0,0,0.0
2020-07-17 00:00:00,0.0,0.0,0.0,0.0,0.0,0.0,0.0,0.0,0,0.0
2020-07-20 00:00:00,0.0,0.0,0.0,0.0,0.0,0.0,0.0,0.0,0,0.0
2020-07-21 00:00:00,0.0,0.0,0.0,0.0,0.0,0.0,0.0,0.0,0,0.0
2020-07-22 00:00:00,0.0,0.0,0.0,0.0,0.0,0.0,0.0,0.0,0,0.0
2020-07-23 00:00:00,0.0,0.0,0.0,0.0,0.0,0.0,0.0,0.0,286.5935805875257,0.0
2020-07-24 00:00:00,0.0,0.0,0.0,0.0,0.0,0.0,0.0,0.0,0,0.0
2020-07-27 00:00:00,0.0,0.0,0.0,0.0,0.0,0.0,0.0,0.0,288.64640711546843,0.0
2020-07-28 00:00:00,0.0,0.0,0.0,0.0,0.0,0.0,0.0,0.0,291.3814248857635,0.0
2020-07-29 00:00:00,0.0,0.0,0.0,0.0,0.0,0.0,0.0,0.0,0,0.0
2020-07-30 00:00:00,0.0,0.0,0.0,0.0,0.0,0.0,0.0,0.0,0,0.0
2020-07-31 00:00:00,0.0,0.0,0.0,0.0,0.0,0.0,0.0,0.0,0,0.0
2020-08-03 00:00:00,0.0,0.0,0.0,0.0,0.0,0.0,0.0,0.0,0,0.0
2020-08-04 00:00:00,0.0,0.0,0.0,0.0,0.0,0.0,0.0,0.0,0,0.0
2020-08-05 00:00:00,0.0,0.0,0.0,0.0,0.0,0.0,0.0,0.0,0,0.0
2020-08-06 00:00:00,0.0,0.0,0.0,0.0,0.0,0.0,0.0,0.0,0,0.0
2020-08-07 00:00:00,0.0,0.0,0.0,0.0,0.0,0.0,0.0,0.0,0,0.0
2020-08-10 00:00:00,0.0,0.0,0.0,0.0,0.0,0.0,0.0,0.0,0,0.0
2020-08-11 00:00:00,0.0,0.0,0.0,0.0,0.0,0.0,0.0,0.0,0,0.0
2020-08-12 00:00:00,0.0,0.0,0.0,0.0,0.0,0.0,0.0,0.0,0,0.0
2020-08-13 00:00:00,0.0,0.0,0.0,0.0,0.0,0.0,0.0,0.0,0,0.0
2020-08-14 00:00:00,0.0,0.0,0.0,0.0,0.0,0.0,0.0,0.0,0,0.0
2020-08-17 00:00:00,0.0,0.0,0.0,0.0,0.0,0.0,0.0,0.0,0,0.0
2020-08-18 00:00:00,0.0,0.0,0.0,0.0,0.0,0.0,0.0,0.0,0,0.0
2020-08-19 00:00:00,0.0,0.0,0.0,0.0,0.0,0.0,0.0,0.0,0,0.0
2020-08-20 00:00:00,0.0,0.0,0.0,0.0,0.0,0.0,0.0,0.0,0,0.0
2020-08-21 00:00:00,0.0,0.0,0.0,0.0,0.0,0.0,0.0,0.0,0,0.0
2020-08-24 00:00:00,0.0,0.0,0.0,0.0,0.0,0.0,0.0,0.0,0,0.0
2020-08-25 00:00:00,0.0,0.0,0.0,0.0,0.0,0.0,0.0,0.0,288.6742441342307,0.0
2020-08-26 00:00:00,0.0,0.0,0.0,0.0,0.0,0.0,0.0,0.0,295.1603597826682,0.0
2020-08-27 00:00:00,0.0,0.0,0.0,0.0,0.0,0.0,0.0,0.0,0,0.0
2020-08-28 00:00:00,0.0,0.0,0.0,0.0,0.0,0.0,0.0,0.0,0,0.0
2020-08-31 00:00:00,0.0,0.0,0.0,0.0,0.0,0.0,0.0,0.0,0,0.0
2020-09-01 00:00:00,0.0,0.0,0.0,0.0,0.0,0.0,0.0,0.0,0,0.0
2020-09-02 00:00:00,0.0,0.0,0.0,0.0,0.0,0.0,0.0,0.0,0,0.0
2020-09-03 00:00:00,0.0,0.0,0.0,0.0,0.0,0.0,0.0,0.0,0,0.0
2020-09-04 00:00:00,0.0,0.0,0.0,0.0,0.0,0.0,0.0,0.0,0,0.0
2020-09-07 00:00:00,0.0,0.0,0.0,0.0,0.0,0.0,0.0,0.0,0,0.0
2020-09-08 00:00:00,0.0,0.0,0.0,0.0,0.0,0.0,0.0,0.0,0,0.0
2020-09-09 00:00:00,0.0,0.0,0.0,0.0,0.0,0.0,0.0,0.0,0,0.0
2020-09-10 00:00:00,0.0,0.0,0.0,0.0,0.0,0.0,0.0,0.0,0,0.0
2020-09-11 00:00:00,0.0,0.0,0.0,0.0,0.0,0.0,0.0,0.0,0,0.0
2020-09-14 00:00:00,0.0,0.0,0.0,0.0,0.0,0.0,0.0,0.0,0,0.0
2020-09-15 00:00:00,0.0,0.0,0.0,0.0,0.0,0.0,0.0,0.0,280.86223272074665,0.0
2020-09-16 00:00:00,0.0,0.0,0.0,0.0,0.0,0.0,0.0,0.0,0,0.0
2020-09-17 00:00:00,0.0,0.0,0.0,0.0,0.0,0.0,0.0,0.0,0,0.0
2020-09-18 00:00:00,0.0,0.0,0.0,0.0,0.0,0.0,0.0,0.0,0,0.0
2020-09-21 00:00:00,0.0,0.0,0.0,0.0,0.0,0.0,0.0,0.0,0,0.0
2020-09-22 00:00:00,0.0,0.0,0.0,0.0,0.0,0.0,0.0,0.0,0,0.0
2020-09-23 00:00:00,0.0,0.0,0.0,0.0,0.0,0.0,0.0,0.0,290.77011956571135,0.0
2020-09-24 00:00:00,0.0,0.0,0.0,0.0,0.0,0.0,0.0,0.0,362.1219290634495,0.0
2020-09-25 00:00:00,0.0,0.0,0.0,0.0,0.0,0.0,0.0,0.0,0,0.0
2020-09-28 00:00:00,0.0,0.0,0.0,0.0,0.0,0.0,0.0,0.0,0,0.0
2020-09-29 00:00:00,0.0,0.0,0.0,0.0,0.0,0.0,0.0,0.0,0,0.0
2020-09-30 00:00:00,0.0,0.0,0.0,0.0,0.0,0.0,0.0,0.0,0,0.0
2020-10-01 00:00:00,0.0,0.0,0.0,0.0,0.0,0.0,0.0,0.0,0,0.0
2020-10-05 00:00:00,0.0,0.0,0.0,0.0,0.0,0.0,0.0,0.0,0,0.0
2020-10-06 00:00:00,0.0,0.0,0.0,0.0,0.0,0.0,0.0,0.0,0,0.0
2020-10-07 00:00:00,0.0,0.0,0.0,0.0,0.0,0.0,0.0,0.0,0,0.0
2020-10-08 00:00:00,0.0,0.0,0.0,0.0,0.0,0.0,0.0,0.0,283.7309952468673,0.0
2020-10-09 00:00:00,0.0,0.0,0.0,0.0,0.0,0.0,0.0,0.0,0,0.0
2020-10-12 00:00:00,0.0,0.0,0.0,0.0,0.0,0.0,0.0,0.0,0,0.0
2020-10-13 00:00:00,0.0,0.0,0.0,0.0,0.0,0.0,0.0,0.0,0,0.0
2020-10-14 00:00:00,0.0,0.0,0.0,0.0,0.0,0.0,0.0,0.0,0,0.0
2020-10-15 00:00:00,0.0,0.0,0.0,0.0,0.0,0.0,0.0,0.0,0,0.0
2020-10-16 00:00:00,0.0,0.0,0.0,0.0,0.0,0.0,0.0,0.0,0,0.0
2020-10-19 00:00:00,0.0,0.0,0.0,0.0,0.0,0.0,0.0,0.0,296.7255067320136,0.0
2020-10-20 00:00:00,0.0,0.0,0.0,0.0,0.0,0.0,0.0,0.0,0,0.0
2020-10-21 00:00:00,0.0,0.0,0.0,0.0,0.0,0.0,0.0,0.0,0,0.0
2020-10-22 00:00:00,0.0,0.0,0.0,0.0,0.0,0.0,0.0,0.0,0,0.0
2020-10-23 00:00:00,0.0,0.0,0.0,0.0,0.0,0.0,0.0,0.0,311.986284242987,0.0
2020-10-26 00:00:00,0.0,0.0,0.0,0.0,0.0,0.0,0.0,0.0,0,0.0
2020-10-27 00:00:00,0.0,0.0,0.0,0.0,0.0,0.0,0.0,0.0,0,0.0
2020-10-28 00:00:00,0.0,0.0,0.0,0.0,0.0,0.0,0.0,0.0,0,0.0
2020-10-29 00:00:00,0.0,0.0,0.0,0.0,0.0,0.0,0.0,0.0,0,0.0
2020-10-30 00:00:00,0.0,0.0,0.0,0.0,0.0,0.0,0.0,0.0,0,0.0
2020-11-02 00:00:00,0.0,0.0,0.0,0.0,0.0,0.0,0.0,0.0,0,0.0
2020-11-03 00:00:00,0.0,0.0,0.0,0.0,0.0,0.0,0.0,0.0,0,0.0
2020-11-04 00:00:00,0.0,0.0,0.0,0.0,0.0,0.0,0.0,0.0,0,0.0
2020-11-05 00:00:00,0.0,0.0,0.0,0.0,0.0,0.0,0.0,0.0,0,0.0
2020-11-06 00:00:00,0.0,0.0,0.0,0.0,0.0,0.0,0.0,0.0,0,0.0
2020-11-09 00:00:00,0.0,0.0,0.0,0.0,0.0,0.0,0.0,0.0,0,0.0
2020-11-10 00:00:00,0.0,0.0,0.0,0.0,0.0,0.0,0.0,0.0,0,0.0
2020-11-11 00:00:00,0.0,0.0,0.0,0.0,0.0,0.0,0.0,0.0,0,0.0
2020-11-12 00:00:00,0.0,0.0,0.0,0.0,0.0,0.0,0.0,0.0,0,0.0
2020-11-13 00:00:00,0.0,0.0,0.0,0.0,0.0,0.0,0.0,0.0,0,0.0
2020-11-17 00:00:00,0.0,0.0,0.0,0.0,0.0,0.0,0.0,0.0,0,0.0
2020-11-18 00:00:00,0.0,0.0,0.0,0.0,0.0,0.0,0.0,0.0,0,0.0
2020-11-19 00:00:00,0.0,0.0,0.0,0.0,0.0,0.0,0.0,0.0,624.2756792274079,0.0
2020-11-20 00:00:00,0.0,0.0,0.0,0.0,0.0,0.0,0.0,0.0,0,0.0
2020-11-23 00:00:00,0.0,0.0,0.0,0.0,0.0,0.0,0.0,0.0,0,0.0
2020-11-24 00:00:00,0.0,0.0,0.0,0.0,0.0,0.0,0.0,0.0,0,0.0
2020-11-25 00:00:00,0.0,0.0,0.0,0.0,0.0,0.0,0.0,0.0,315.6343445755211,0.0
2020-11-26 00:00:00,0.0,0.0,0.0,0.0,0.0,0.0,0.0,0.0,0,0.0
2020-11-27 00:00:00,0.0,0.0,0.0,0.0,0.0,0.0,0.0,0.0,312.9397936207695,0.0
2020-12-01 00:00:00,0.0,0.0,0.0,0.0,0.0,0.0,0.0,0.0,300.5292998461317,0.0
2020-12-02 00:00:00,0.0,0.0,0.0,0.0,0.0,0.0,0.0,0.0,0,0.0
2020-12-03 00:00:00,0.0,0.0,0.0,0.0,0.0,0.0,0.0,0.0,0,0.0
2020-12-04 00:00:00,0.0,0.0,0.0,0.0,0.0,0.0,0.0,0.0,0,0.0
2020-12-07 00:00:00,0.0,0.0,0.0,0.0,0.0,0.0,0.0,0.0,0,0.0
2020-12-08 00:00:00,0.0,0.0,0.0,0.0,0.0,0.0,0.0,0.0,0,0.0
2020-12-09 00:00:00,0.0,0.0,0.0,0.0,0.0,0.0,0.0,0.0,0,0.0
2020-12-10 00:00:00,0.0,0.0,0.0,0.0,0.0,0.0,0.0,0.0,0,0.0
2020-12-11 00:00:00,0.0,0.0,0.0,0.0,0.0,0.0,0.0,0.0,0,0.0
2020-12-14 00:00:00,0.0,0.0,0.0,0.0,0.0,0.0,0.0,0.0,318.9298185847331,0.0
2020-12-15 00:00:00,0.0,0.0,0.0,0.0,0.0,0.0,0.0,0.0,0,0.0
2020-12-16 00:00:00,0.0,0.0,0.0,0.0,0.0,0.0,0.0,0.0,0,0.0
2020-12-17 00:00:00,0.0,0.0,0.0,0.0,0.0,0.0,0.0,0.0,0,0.0
2020-12-18 00:00:00,0.0,0.0,0.0,0.0,0.0,0.0,0.0,0.0,0,0.0
2020-12-21 00:00:00,0.0,0.0,0.0,0.0,0.0,0.0,0.0,0.0,0,0.0
2020-12-22 00:00:00,0.0,0.0,0.0,0.0,0.0,0.0,0.0,0.0,0,0.0
2020-12-23 00:00:00,0.0,0.0,0.0,0.0,0.0,0.0,0.0,0.0,311.03819800817115,0.0
2020-12-24 00:00:00,0.0,0.0,0.0,0.0,0.0,0.0,0.0,0.0,0,0.0
2020-12-28 00:00:00,0.0,0.0,0.0,0.0,0.0,0.0,0.0,0.0,326.1830574934871,0.0
2020-12-29 00:00:00,0.0,0.0,0.0,0.0,0.0,0.0,0.0,0.0,0,0.0
2020-12-30 00:00:00,0.0,0.0,0.0,0.0,0.0,0.0,0.0,0.0,0,0.0
2020-12-31 00:00:00,0.0,0.0,0.0,0.0,0.0,0.0,0.0,0.0,0,0.0
2021-01-01 00:00:00,0.0,0.0,0.0,0.0,0.0,0.0,0.0,0.0,0,0.0
2021-01-04 00:00:00,0.0,0.0,0.0,0.0,0.0,0.0,0.0,0.0,0,0.0
2021-01-05 00:00:00,0.0,0.0,0.0,0.0,0.0,0.0,0.0,0.0,0,0.0
2021-01-06 00:00:00,0.0,0.0,0.0,0.0,0.0,0.0,0.0,0.0,0,0.0
2021-01-07 00:00:00,0.0,0.0,0.0,0.0,0.0,0.0,0.0,0.0,0,0.0
2021-01-08 00:00:00,0.0,0.0,0.0,0.0,0.0,0.0,0.0,0.0,0,0.0
2021-01-11 00:00:00,0.0,0.0,0.0,0.0,0.0,0.0,0.0,0.0,313.64858421478544,0.0
2021-01-12 00:00:00,0.0,0.0,0.0,0.0,0.0,0.0,0.0,0.0,0,0.0
2021-01-13 00:00:00,0.0,0.0,0.0,0.0,0.0,0.0,0.0,0.0,0,0.0
2021-01-14 00:00:00,0.0,0.0,0.0,0.0,0.0,0.0,0.0,0.0,0,0.0
2021-01-15 00:00:00,0.0,0.0,0.0,0.0,0.0,0.0,0.0,0.0,0,0.0
2021-01-18 00:00:00,0.0,0.0,0.0,0.0,0.0,0.0,0.0,0.0,0,0.0
2021-01-19 00:00:00,0.0,0.0,0.0,0.0,0.0,0.0,0.0,0.0,0,0.0
2021-01-20 00:00:00,0.0,0.0,0.0,0.0,0.0,0.0,0.0,0.0,0,0.0
2021-01-21 00:00:00,0.0,0.0,0.0,0.0,0.0,0.0,0.0,0.0,0,0.0
2021-01-22 00:00:00,0.0,0.0,0.0,0.0,0.0,0.0,0.0,0.0,0,0.0
2021-01-25 00:00:00,0.0,0.0,0.0,0.0,0.0,0.0,0.0,0.0,962.0596475575883,0.0
2021-01-27 00:00:00,0.0,0.0,0.0,0.0,0.0,0.0,0.0,0.0,303.0913436065805,0.0
2021-01-28 00:00:00,0.0,0.0,0.0,0.0,0.0,0.0,0.0,0.0,0,0.0
2021-01-29 00:00:00,0.0,0.0,0.0,0.0,0.0,0.0,0.0,0.0,0,0.0
2021-02-01 00:00:00,0.0,0.0,0.0,0.0,0.0,0.0,0.0,0.0,687.1838321351822,0.0
2021-02-02 00:00:00,0.0,0.0,0.0,0.0,0.0,0.0,0.0,0.0,0,0.0
2021-02-03 00:00:00,0.0,0.0,0.0,0.0,0.0,0.0,0.0,0.0,0,0.0
2021-02-04 00:00:00,0.0,0.0,0.0,0.0,0.0,0.0,0.0,0.0,0,0.0
2021-02-05 00:00:00,0.0,0.0,0.0,0.0,0.0,0.0,0.0,0.0,0,0.0
2021-02-08 00:00:00,0.0,0.0,0.0,0.0,0.0,0.0,0.0,0.0,0,0.0
2021-02-09 00:00:00,0.0,0.0,0.0,0.0,0.0,0.0,0.0,0.0,0,0.0
2021-02-10 00:00:00,0.0,0.0,0.0,0.0,0.0,0.0,0.0,0.0,0,0.0
2021-02-11 00:00:00,0.0,0.0,0.0,0.0,0.0,0.0,0.0,0.0,0,0.0
2021-02-12 00:00:00,0.0,0.0,0.0,0.0,0.0,0.0,0.0,0.0,0,0.0
2021-02-15 00:00:00,0.0,0.0,0.0,0.0,0.0,0.0,0.0,0.0,0,0.0
2021-02-16 00:00:00,0.0,0.0,0.0,0.0,0.0,0.0,0.0,0.0,0,0.0
2021-02-17 00:00:00,0.0,0.0,0.0,0.0,0.0,0.0,0.0,0.0,0,0.0
2021-02-18 00:00:00,0.0,0.0,0.0,0.0,0.0,0.0,0.0,0.0,0,0.0
2021-02-19 00:00:00,0.0,0.0,0.0,0.0,0.0,0.0,0.0,0.0,0,0.0
2021-02-22 00:00:00,0.0,0.0,0.0,0.0,0.0,0.0,0.0,0.0,0,0.0
2021-02-23 00:00:00,0.0,0.0,0.0,0.0,0.0,0.0,0.0,0.0,0,0.0
2021-02-24 00:00:00,0.0,0.0,0.0,0.0,0.0,0.0,0.0,0.0,0,0.0
2021-02-25 00:00:00,0.0,0.0,0.0,0.0,0.0,0.0,0.0,0.0,0,0.0
2021-02-26 00:00:00,0.0,0.0,0.0,0.0,0.0,0.0,0.0,0.0,0,0.0
2021-03-01 00:00:00,0.0,0.0,0.0,0.0,0.0,0.0,0.0,0.0,0,0.0
2021-03-02 00:00:00,0.0,0.0,0.0,0.0,0.0,0.0,0.0,0.0,0,0.0
2021-03-03 00:00:00,0.0,0.0,0.0,0.0,0.0,0.0,0.0,0.0,0,0.0
2021-03-04 00:00:00,0.0,0.0,0.0,0.0,0.0,0.0,0.0,0.0,0,0.0
2021-03-05 00:00:00,0.0,0.0,0.0,0.0,0.0,0.0,0.0,0.0,0,0.0
2021-03-08 00:00:00,0.0,0.0,0.0,0.0,0.0,0.0,0.0,0.0,0,0.0
2021-03-09 00:00:00,0.0,0.0,0.0,0.0,0.0,0.0,0.0,0.0,0,0.0
2021-03-10 00:00:00,0.0,0.0,0.0,0.0,0.0,0.0,0.0,0.0,0,0.0
2021-03-12 00:00:00,0.0,0.0,0.0,0.0,0.0,0.0,0.0,0.0,0,0.0
2021-03-15 00:00:00,0.0,0.0,0.0,0.0,0.0,0.0,0.0,0.0,0,0.0
2021-03-16 00:00:00,0.0,0.0,0.0,0.0,0.0,0.0,0.0,0.0,0,0.0
2021-03-17 00:00:00,0.0,0.0,0.0,0.0,0.0,0.0,0.0,0.0,0,0.0
2021-03-18 00:00:00,0.0,0.0,0.0,0.0,0.0,0.0,0.0,0.0,0,0.0
2021-03-19 00:00:00,0.0,0.0,0.0,0.0,0.0,0.0,0.0,0.0,0,0.0
2021-03-22 00:00:00,0.0,0.0,0.0,0.0,0.0,0.0,0.0,0.0,0,0.0
2021-03-23 00:00:00,0.0,0.0,0.0,0.0,0.0,0.0,0.0,0.0,0,0.0
2021-03-24 00:00:00,0.0,0.0,0.0,0.0,0.0,0.0,0.0,0.0,0,0.0
2021-03-25 00:00:00,0.0,0.0,0.0,0.0,0.0,0.0,0.0,0.0,0,0.0
2021-03-26 00:00:00,0.0,0.0,0.0,0.0,0.0,0.0,0.0,0.0,0,0.0
2021-03-30 00:00:00,0.0,0.0,0.0,0.0,0.0,0.0,0.0,0.0,0,0.0
2021-03-31 00:00:00,0.0,0.0,0.0,0.0,0.0,0.0,0.0,0.0,0,0.0
2021-04-01 00:00:00,0.0,0.0,0.0,0.0,0.0,0.0,0.0,0.0,0,0.0
2021-04-05 00:00:00,0.0,0.0,0.0,0.0,0.0,0.0,0.0,0.0,0,0.0
2021-04-06 00:00:00,0.0,0.0,0.0,0.0,0.0,0.0,0.0,0.0,0,0.0
2021-04-07 00:00:00,0.0,0.0,0.0,0.0,0.0,0.0,0.0,0.0,0,0.0
2021-04-08 00:00:00,0.0,0.0,0.0,0.0,0.0,0.0,0.0,0.0,0,0.0
2021-04-09 00:00:00,0.0,0.0,0.0,0.0,0.0,0.0,0.0,0.0,0,0.0
2021-04-12 00:00:00,0.0,0.0,0.0,0.0,0.0,0.0,0.0,0.0,0,0.0
2021-04-13 00:00:00,0.0,0.0,0.0,0.0,0.0,0.0,0.0,0.0,0,0.0
2021-04-15 00:00:00,0.0,0.0,0.0,0.0,0.0,0.0,0.0,0.0,0,0.0
2021-04-16 00:00:00,0.0,0.0,0.0,0.0,0.0,0.0,0.0,0.0,0,0.0
2021-04-19 00:00:00,0.0,0.0,0.0,0.0,0.0,0.0,0.0,0.0,0,0.0
2021-04-20 00:00:00,0.0,0.0,0.0,0.0,0.0,0.0,0.0,0.0,0,0.0
2021-04-22 00:00:00,0.0,0.0,0.0,0.0,0.0,0.0,0.0,0.0,0,0.0
2021-04-23 00:00:00,0.0,0.0,0.0,0.0,0.0,0.0,0.0,0.0,0,0.0
2021-04-26 00:00:00,0.0,0.0,0.0,0.0,0.0,0.0,0.0,0.0,0,0.0
2021-04-27 00:00:00,0.0,0.0,0.0,0.0,0.0,0.0,0.0,0.0,0,0.0
2021-04-28 00:00:00,0.0,0.0,0.0,0.0,0.0,0.0,0.0,0.0,0,0.0
2021-04-29 00:00:00,0.0,0.0,0.0,0.0,0.0,0.0,0.0,0.0,0,0.0
2021-04-30 00:00:00,0.0,0.0,0.0,0.0,0.0,0.0,0.0,0.0,0,0.0
2021-05-03 00:00:00,0.0,0.0,0.0,0.0,0.0,0.0,0.0,0.0,0,0.0
2021-05-04 00:00:00,0.0,0.0,0.0,0.0,0.0,0.0,0.0,0.0,0,0.0
2021-05-05 00:00:00,0.0,0.0,0.0,0.0,0.0,0.0,0.0,0.0,0,0.0
2021-05-06 00:00:00,0.0,0.0,0.0,0.0,0.0,0.0,0.0,0.0,0,0.0
2021-05-07 00:00:00,0.0,0.0,0.0,0.0,0.0,0.0,0.0,0.0,0,0.0
2021-05-10 00:00:00,0.0,0.0,0.0,0.0,0.0,0.0,0.0,0.0,0,0.0
2021-05-11 00:00:00,0.0,0.0,0.0,0.0,0.0,0.0,0.0,0.0,0,0.0
2021-05-12 00:00:00,0.0,0.0,0.0,0.0,0.0,0.0,0.0,0.0,0,0.0
2021-05-14 00:00:00,0.0,0.0,0.0,0.0,0.0,0.0,0.0,0.0,0,0.0
2021-05-17 00:00:00,0.0,0.0,0.0,0.0,0.0,0.0,0.0,0.0,0,0.0
2021-05-18 00:00:00,0.0,0.0,0.0,0.0,0.0,0.0,0.0,0.0,0,0.0
2021-05-19 00:00:00,0.0,0.0,0.0,0.0,0.0,0.0,0.0,0.0,0,0.0
2021-05-20 00:00:00,0.0,0.0,0.0,0.0,0.0,0.0,0.0,0.0,0,0.0
2021-05-21 00:00:00,0.0,0.0,0.0,0.0,0.0,0.0,0.0,0.0,0,0.0
2021-05-24 00:00:00,0.0,0.0,0.0,0.0,0.0,0.0,0.0,0.0,0,0.0
2021-05-25 00:00:00,0.0,0.0,0.0,0.0,0.0,0.0,0.0,0.0,0,0.0
2021-05-26 00:00:00,0.0,0.0,0.0,0.0,0.0,0.0,0.0,0.0,0,0.0
2021-05-27 00:00:00,0.0,0.0,0.0,0.0,0.0,0.0,0.0,0.0,0,0.0
2021-05-28 00:00:00,0.0,0.0,0.0,0.0,0.0,0.0,0.0,0.0,0,0.0
2021-05-31 00:00:00,0.0,0.0,0.0,0.0,0.0,0.0,0.0,0.0,0,0.0
2021-06-01 00:00:00,0.0,0.0,0.0,0.0,0.0,0.0,0.0,0.0,0,0.0
2021-06-02 00:00:00,0.0,0.0,0.0,0.0,0.0,0.0,0.0,0.0,0,0.0
2021-06-03 00:00:00,0.0,0.0,0.0,0.0,0.0,0.0,0.0,0.0,0,0.0
2021-06-04 00:00:00,0.0,0.0,0.0,0.0,0.0,0.0,0.0,0.0,0,0.0
2021-06-07 00:00:00,0.0,0.0,0.0,0.0,0.0,0.0,0.0,0.0,1885.9741350829872,0.0
2021-06-08 00:00:00,0.0,0.0,0.0,0.0,0.0,0.0,0.0,0.0,380.5636120674052,0.0
2021-06-09 00:00:00,0.0,0.0,0.0,0.0,0.0,0.0,0.0,0.0,0,0.0
2021-06-10 00:00:00,0.0,0.0,0.0,0.0,0.0,0.0,0.0,0.0,0,0.0
2021-06-11 00:00:00,0.0,0.0,0.0,0.0,0.0,0.0,0.0,0.0,0,0.0
2021-06-14 00:00:00,0.0,0.0,0.0,0.0,0.0,0.0,0.0,0.0,0,0.0
2021-06-15 00:00:00,0.0,0.0,0.0,0.0,0.0,0.0,0.0,0.0,360.85150048540083,0.0
2021-06-16 00:00:00,0.0,0.0,0.0,0.0,0.0,0.0,0.0,0.0,0,0.0
2021-06-17 00:00:00,0.0,0.0,0.0,0.0,0.0,0.0,0.0,0.0,363.0731656872444,0.0
2021-06-18 00:00:00,0.0,0.0,0.0,0.0,0.0,0.0,0.0,0.0,0,0.0
2021-06-21 00:00:00,0.0,0.0,0.0,0.0,0.0,0.0,0.0,0.0,0,0.0
2021-06-22 00:00:00,0.0,0.0,0.0,0.0,0.0,0.0,0.0,0.0,0,0.0
2021-06-23 00:00:00,0.0,0.0,0.0,0.0,0.0,0.0,0.0,0.0,372.44703749282183,0.0
2021-06-24 00:00:00,0.0,0.0,0.0,0.0,0.0,0.0,0.0,0.0,365.0879926547261,0.0
2021-06-25 00:00:00,0.0,0.0,0.0,0.0,0.0,0.0,0.0,0.0,0,0.0
2021-06-28 00:00:00,0.0,0.0,0.0,0.0,0.0,0.0,0.0,0.0,0,0.0
2021-06-29 00:00:00,0.0,0.0,0.0,0.0,0.0,0.0,0.0,0.0,0,0.0
2021-06-30 00:00:00,0.0,0.0,0.0,0.0,0.0,0.0,0.0,0.0,0,0.0
2021-07-01 00:00:00,0.0,0.0,0.0,0.0,0.0,0.0,0.0,0.0,0,0.0
2021-07-02 00:00:00,0.0,0.0,0.0,0.0,0.0,0.0,0.0,0.0,0,0.0
2021-07-05 00:00:00,0.0,0.0,0.0,0.0,0.0,0.0,0.0,0.0,0,0.0
2021-07-06 00:00:00,0.0,0.0,0.0,0.0,0.0,0.0,0.0,0.0,365.32459399541926,0.0
2021-07-07 00:00:00,0.0,0.0,0.0,0.0,0.0,0.0,0.0,0.0,0,0.0
2021-07-08 00:00:00,0.0,0.0,0.0,0.0,0.0,0.0,0.0,0.0,0,0.0
2021-07-09 00:00:00,0.0,0.0,0.0,0.0,0.0,0.0,0.0,0.0,0,0.0
2021-07-12 00:00:00,0.0,0.0,0.0,0.0,0.0,0.0,0.0,0.0,0,0.0
2021-07-13 00:00:00,0.0,0.0,0.0,0.0,0.0,0.0,0.0,0.0,0,0.0
2021-07-14 00:00:00,0.0,0.0,0.0,0.0,0.0,0.0,0.0,0.0,432.4720290085861,0.0
2021-07-15 00:00:00,0.0,0.0,0.0,0.0,0.0,0.0,0.0,0.0,0,0.0
2021-07-16 00:00:00,0.0,0.0,0.0,0.0,0.0,0.0,0.0,0.0,0,0.0
2021-07-19 00:00:00,0.0,0.0,0.0,0.0,0.0,0.0,0.0,0.0,0,0.0
2021-07-20 00:00:00,0.0,0.0,0.0,0.0,0.0,0.0,0.0,0.0,0,0.0
2021-07-22 00:00:00,0.0,0.0,0.0,0.0,0.0,0.0,0.0,0.0,0,0.0
2021-07-23 00:00:00,0.0,0.0,0.0,0.0,0.0,0.0,0.0,0.0,0,0.0
2021-07-26 00:00:00,0.0,0.0,0.0,0.0,0.0,0.0,0.0,0.0,375.5873789237192,0.0
2021-07-27 00:00:00,0.0,0.0,0.0,0.0,0.0,0.0,0.0,0.0,0,0.0
2021-07-28 00:00:00,0.0,0.0,0.0,0.0,0.0,0.0,0.0,0.0,0,0.0
2021-07-29 00:00:00,0.0,0.0,0.0,0.0,0.0,0.0,0.0,0.0,0,0.0
2021-07-30 00:00:00,0.0,0.0,0.0,0.0,0.0,0.0,0.0,0.0,0,0.0
2021-08-02 00:00:00,0.0,0.0,0.0,0.0,0.0,0.0,0.0,0.0,0,0.0
2021-08-03 00:00:00,0.0,0.0,0.0,0.0,0.0,0.0,0.0,0.0,0,0.0
2021-08-04 00:00:00,0.0,0.0,0.0,0.0,0.0,0.0,0.0,0.0,0,0.0
2021-08-05 00:00:00,0.0,0.0,0.0,0.0,0.0,0.0,0.0,0.0,0,0.0
2021-08-06 00:00:00,0.0,0.0,0.0,0.0,0.0,0.0,0.0,0.0,0,0.0
2021-08-09 00:00:00,0.0,0.0,0.0,0.0,0.0,0.0,0.0,0.0,0,0.0
2021-08-10 00:00:00,0.0,0.0,0.0,0.0,0.0,0.0,0.0,0.0,0,0.0
2021-08-11 00:00:00,0.0,0.0,0.0,0.0,0.0,0.0,0.0,0.0,0,0.0
2021-08-12 00:00:00,0.0,0.0,0.0,0.0,0.0,0.0,0.0,0.0,0,0.0
2021-08-13 00:00:00,0.0,0.0,0.0,0.0,0.0,0.0,0.0,0.0,0,0.0
2021-08-16 00:00:00,0.0,0.0,0.0,0.0,0.0,0.0,0.0,0.0,0,0.0
2021-08-17 00:00:00,0.0,0.0,0.0,0.0,0.0,0.0,0.0,0.0,0,0.0
2021-08-18 00:00:00,0.0,0.0,0.0,0.0,0.0,0.0,0.0,0.0,0,0.0
2021-08-20 00:00:00,0.0,0.0,0.0,0.0,0.0,0.0,0.0,0.0,0,0.0
2021-08-23 00:00:00,0.0,0.0,0.0,0.0,0.0,0.0,0.0,0.0,366.04703446587024,0.0
2021-08-24 00:00:00,0.0,0.0,0.0,0.0,0.0,0.0,0.0,0.0,0,0.0
2021-08-25 00:00:00,0.0,0.0,0.0,0.0,0.0,0.0,0.0,0.0,373.1568115488402,0.0
2021-08-26 00:00:00,0.0,0.0,0.0,0.0,0.0,0.0,0.0,0.0,0,0.0
2021-08-27 00:00:00,0.0,0.0,0.0,0.0,0.0,0.0,0.0,0.0,0,0.0
2021-08-30 00:00:00,0.0,0.0,0.0,0.0,0.0,0.0,0.0,0.0,0,0.0
2021-08-31 00:00:00,0.0,0.0,0.0,0.0,0.0,0.0,0.0,0.0,0,0.0
2021-09-01 00:00:00,0.0,0.0,0.0,0.0,0.0,0.0,0.0,0.0,0,0.0
2021-09-02 00:00:00,0.0,0.0,0.0,0.0,0.0,0.0,0.0,0.0,0,0.0
2021-09-03 00:00:00,0.0,0.0,0.0,0.0,0.0,0.0,0.0,0.0,0,0.0
2021-09-06 00:00:00,0.0,0.0,0.0,0.0,0.0,0.0,0.0,0.0,0,0.0
2021-09-07 00:00:00,0.0,0.0,0.0,0.0,0.0,0.0,0.0,0.0,382.2363450195502,0.0
2021-09-08 00:00:00,0.0,0.0,0.0,0.0,0.0,0.0,0.0,0.0,0,0.0
2021-09-09 00:00:00,0.0,0.0,0.0,0.0,0.0,0.0,0.0,0.0,0,0.0
2021-09-13 00:00:00,0.0,0.0,0.0,0.0,0.0,0.0,0.0,0.0,0,0.0
2021-09-14 00:00:00,0.0,0.0,0.0,0.0,0.0,0.0,0.0,0.0,0,0.0
2021-09-15 00:00:00,0.0,0.0,0.0,0.0,0.0,0.0,0.0,0.0,0,0.0
2021-09-16 00:00:00,0.0,0.0,0.0,0.0,0.0,0.0,0.0,0.0,0,0.0
2021-09-17 00:00:00,0.0,0.0,0.0,0.0,0.0,0.0,0.0,0.0,0,0.0
2021-09-20 00:00:00,0.0,0.0,0.0,0.0,0.0,0.0,0.0,0.0,0,0.0
2021-09-21 00:00:00,0.0,0.0,0.0,0.0,0.0,0.0,0.0,0.0,0,0.0
2021-09-22 00:00:00,0.0,0.0,0.0,0.0,0.0,0.0,0.0,0.0,0,0.0
2021-09-23 00:00:00,0.0,0.0,0.0,0.0,0.0,0.0,0.0,0.0,379.0545713427962,0.0
2021-09-24 00:00:00,0.0,0.0,0.0,0.0,0.0,0.0,0.0,0.0,393.8470769854244,0.0
2021-09-27 00:00:00,0.0,0.0,0.0,0.0,0.0,0.0,0.0,0.0,0,0.0
2021-09-28 00:00:00,0.0,0.0,0.0,0.0,0.0,0.0,0.0,0.0,0,0.0
2021-09-29 00:00:00,0.0,0.0,0.0,0.0,0.0,0.0,0.0,0.0,0,0.0
2021-09-30 00:00:00,0.0,0.0,0.0,0.0,0.0,0.0,0.0,0.0,387.206448409006,0.0
2021-10-01 00:00:00,0.0,0.0,0.0,0.0,0.0,0.0,0.0,0.0,0,0.0
2021-10-04 00:00:00,0.0,0.0,0.0,0.0,0.0,0.0,0.0,0.0,0,0.0
2021-10-05 00:00:00,0.0,0.0,0.0,0.0,0.0,0.0,0.0,0.0,0,0.0
2021-10-06 00:00:00,0.0,0.0,0.0,0.0,0.0,0.0,0.0,0.0,0,0.0
2021-10-07 00:00:00,0.0,0.0,0.0,0.0,0.0,0.0,0.0,0.0,0,0.0
2021-10-08 00:00:00,0.0,0.0,0.0,0.0,0.0,0.0,0.0,0.0,0,0.0
2021-10-11 00:00:00,0.0,0.0,0.0,0.0,0.0,0.0,0.0,0.0,0,0.0
2021-10-12 00:00:00,0.0,0.0,0.0,0.0,0.0,0.0,0.0,0.0,0,0.0
2021-10-13 00:00:00,0.0,0.0,0.0,0.0,0.0,0.0,0.0,0.0,0,0.0
2021-10-14 00:00:00,0.0,0.0,0.0,0.0,0.0,0.0,0.0,0.0,0,0.0
2021-10-18 00:00:00,0.0,0.0,0.0,0.0,0.0,0.0,0.0,0.0,0,0.0
2021-10-19 00:00:00,0.0,0.0,0.0,0.0,0.0,0.0,0.0,0.0,0,0.0
2021-10-20 00:00:00,0.0,0.0,0.0,0.0,0.0,0.0,0.0,0.0,0,0.0
2021-10-21 00:00:00,0.0,0.0,0.0,0.0,0.0,0.0,0.0,0.0,0,0.0
2021-10-22 00:00:00,0.0,0.0,0.0,0.0,0.0,0.0,0.0,0.0,0,0.0
2021-10-25 00:00:00,0.0,0.0,0.0,0.0,0.0,0.0,0.0,0.0,385.8437278983386,0.0
2021-10-26 00:00:00,0.0,0.0,0.0,0.0,0.0,0.0,0.0,0.0,427.5154423015994,0.0
2021-10-27 00:00:00,0.0,0.0,0.0,0.0,0.0,0.0,0.0,0.0,391.51502998335235,0.0
2021-10-28 00:00:00,0.0,0.0,0.0,0.0,0.0,0.0,0.0,0.0,0,0.0
2021-10-29 00:00:00,0.0,0.0,0.0,0.0,0.0,0.0,0.0,0.0,0,0.0
2021-11-01 00:00:00,0.0,0.0,0.0,0.0,0.0,0.0,0.0,0.0,0,0.0
2021-11-02 00:00:00,0.0,0.0,0.0,0.0,0.0,0.0,0.0,0.0,0,0.0
2021-11-03 00:00:00,0.0,0.0,0.0,0.0,0.0,0.0,0.0,0.0,0,0.0
2021-11-04 00:00:00,0.0,0.0,0.0,0.0,0.0,0.0,0.0,0.0,0,0.0
2021-11-08 00:00:00,0.0,0.0,0.0,0.0,0.0,0.0,0.0,0.0,0,0.0
2021-11-09 00:00:00,0.0,0.0,0.0,0.0,0.0,0.0,0.0,0.0,0,0.0
2021-11-10 00:00:00,0.0,0.0,0.0,0.0,0.0,0.0,0.0,0.0,0,0.0
2021-11-11 00:00:00,0.0,0.0,0.0,0.0,0.0,0.0,0.0,0.0,0,0.0
2021-11-12 00:00:00,0.0,0.0,0.0,0.0,0.0,0.0,0.0,0.0,0,0.0
2021-11-15 00:00:00,0.0,0.0,0.0,0.0,0.0,0.0,0.0,0.0,0,0.0
2021-11-16 00:00:00,0.0,0.0,0.0,0.0,0.0,0.0,0.0,0.0,0,0.0
2021-11-17 00:00:00,0.0,0.0,0.0,0.0,0.0,0.0,0.0,0.0,0,0.0
2021-11-18 00:00:00,0.0,0.0,0.0,0.0,0.0,0.0,0.0,0.0,397.75071858187204,0.0
2021-11-22 00:00:00,0.0,0.0,0.0,0.0,0.0,0.0,0.0,0.0,0,0.0
2021-11-23 00:00:00,0.0,0.0,0.0,0.0,0.0,0.0,0.0,0.0,495.6078235573531,0.0
2021-11-24 00:00:00,0.0,0.0,0.0,0.0,0.0,0.0,0.0,0.0,432.40696194038264,0.0
2021-11-25 00:00:00,0.0,0.0,0.0,0.0,0.0,0.0,0.0,0.0,421.1904342776026,0.0
2021-11-26 00:00:00,0.0,0.0,0.0,0.0,0.0,0.0,0.0,0.0,0,0.0
2021-11-29 00:00:00,0.0,0.0,0.0,0.0,0.0,0.0,0.0,0.0,1224.469939513032,0.0
2021-11-30 00:00:00,0.0,0.0,0.0,0.0,0.0,0.0,0.0,0.0,0,0.0
2021-12-01 00:00:00,0.0,0.0,0.0,0.0,0.0,0.0,0.0,0.0,0,0.0
2021-12-02 00:00:00,0.0,0.0,0.0,0.0,0.0,0.0,0.0,0.0,0,0.0
2021-12-03 00:00:00,0.0,0.0,0.0,0.0,0.0,0.0,0.0,0.0,0,0.0
2021-12-06 00:00:00,0.0,0.0,0.0,0.0,0.0,0.0,0.0,0.0,0,0.0
2021-12-07 00:00:00,0.0,0.0,0.0,0.0,0.0,0.0,0.0,0.0,0,0.0
2021-12-08 00:00:00,0.0,0.0,0.0,0.0,0.0,0.0,0.0,0.0,0,0.0
2021-12-09 00:00:00,0.0,0.0,0.0,0.0,0.0,0.0,0.0,0.0,0,0.0
2021-12-10 00:00:00,0.0,0.0,0.0,0.0,0.0,0.0,0.0,0.0,0,0.0
2021-12-13 00:00:00,0.0,0.0,0.0,0.0,0.0,0.0,0.0,0.0,0,0.0
2021-12-14 00:00:00,0.0,0.0,0.0,0.0,0.0,0.0,0.0,0.0,0,0.0
2021-12-15 00:00:00,0.0,0.0,0.0,0.0,0.0,0.0,0.0,0.0,0,0.0
2021-12-16 00:00:00,0.0,0.0,0.0,0.0,0.0,0.0,0.0,0.0,0,0.0
2021-12-17 00:00:00,0.0,0.0,0.0,0.0,0.0,0.0,0.0,0.0,0,0.0
2021-12-20 00:00:00,0.0,0.0,0.0,0.0,0.0,0.0,0.0,0.0,0,0.0
2021-12-21 00:00:00,0.0,0.0,0.0,0.0,0.0,0.0,0.0,0.0,0,0.0
2021-12-22 00:00:00,0.0,0.0,0.0,0.0,0.0,0.0,0.0,0.0,0,0.0
2021-12-23 00:00:00,0.0,0.0,0.0,0.0,0.0,0.0,0.0,0.0,0,0.0
2021-12-24 00:00:00,0.0,0.0,0.0,0.0,0.0,0.0,0.0,0.0,0,0.0
2021-12-27 00:00:00,0.0,0.0,0.0,0.0,0.0,0.0,0.0,0.0,0,0.0
2021-12-28 00:00:00,0.0,0.0,0.0,0.0,0.0,0.0,0.0,0.0,0,0.0
2021-12-29 00:00:00,0.0,0.0,0.0,0.0,0.0,0.0,0.0,0.0,0,0.0
2021-12-30 00:00:00,0.0,0.0,0.0,0.0,0.0,0.0,0.0,0.0,0,0.0
2021-12-31 00:00:00,0.0,0.0,0.0,0.0,0.0,0.0,0.0,0.0,0,0.0
2022-01-03 00:00:00,0.0,0.0,0.0,0.0,0.0,0.0,0.0,0.0,0,0.0
2022-01-04 00:00:00,0.0,0.0,0.0,0.0,0.0,0.0,0.0,0.0,0,0.0
2022-01-05 00:00:00,0.0,0.0,0.0,0.0,0.0,0.0,0.0,0.0,0,0.0
2022-01-06 00:00:00,0.0,0.0,0.0,0.0,0.0,0.0,0.0,0.0,0,0.0
2022-01-07 00:00:00,0.0,0.0,0.0,0.0,0.0,0.0,0.0,0.0,0,0.0
2022-01-10 00:00:00,0.0,0.0,0.0,0.0,0.0,0.0,0.0,0.0,0,0.0
2022-01-11 00:00:00,0.0,0.0,0.0,0.0,0.0,0.0,0.0,0.0,0,0.0
2022-01-12 00:00:00,0.0,0.0,0.0,0.0,0.0,0.0,0.0,0.0,0,0.0
2022-01-13 00:00:00,0.0,0.0,0.0,0.0,0.0,0.0,0.0,0.0,0,0.0
2022-01-14 00:00:00,0.0,0.0,0.0,0.0,0.0,0.0,0.0,0.0,0,0.0
2022-01-17 00:00:00,0.0,0.0,0.0,0.0,0.0,0.0,0.0,0.0,0,0.0
2022-01-18 00:00:00,0.0,0.0,0.0,0.0,0.0,0.0,0.0,0.0,0,0.0
2022-01-19 00:00:00,0.0,0.0,0.0,0.0,0.0,0.0,0.0,0.0,0,0.0
2022-01-20 00:00:00,0.0,0.0,0.0,0.0,0.0,0.0,0.0,0.0,0,0.0
2022-01-21 00:00:00,0.0,0.0,0.0,0.0,0.0,0.0,0.0,0.0,0,0.0
2022-01-24 00:00:00,0.0,0.0,0.0,0.0,0.0,0.0,0.0,0.0,0,0.0
2022-01-25 00:00:00,0.0,0.0,0.0,0.0,0.0,0.0,0.0,0.0,0,0.0
2022-01-27 00:00:00,0.0,0.0,0.0,0.0,0.0,0.0,0.0,0.0,0,0.0
2022-01-28 00:00:00,0.0,0.0,0.0,0.0,0.0,0.0,0.0,0.0,0,0.0
2022-01-31 00:00:00,0.0,0.0,0.0,0.0,0.0,0.0,0.0,0.0,0,0.0
2022-02-01 00:00:00,0.0,0.0,0.0,0.0,0.0,0.0,0.0,0.0,0,0.0
2022-02-02 00:00:00,0.0,0.0,0.0,0.0,0.0,0.0,0.0,0.0,0,0.0
2022-02-03 00:00:00,0.0,0.0,0.0,0.0,0.0,0.0,0.0,0.0,0,0.0
2022-02-04 00:00:00,0.0,0.0,0.0,0.0,0.0,0.0,0.0,0.0,0,0.0
2022-02-07 00:00:00,0.0,0.0,0.0,0.0,0.0,0.0,0.0,0.0,0,0.0
2022-02-08 00:00:00,0.0,0.0,0.0,0.0,0.0,0.0,0.0,0.0,0,0.0
2022-02-09 00:00:00,0.0,0.0,0.0,0.0,0.0,0.0,0.0,0.0,0,0.0
2022-02-10 00:00:00,0.0,0.0,0.0,0.0,0.0,0.0,0.0,0.0,0,0.0
2022-02-11 00:00:00,0.0,0.0,0.0,0.0,0.0,0.0,0.0,0.0,0,0.0
2022-02-14 00:00:00,0.0,0.0,0.0,0.0,0.0,0.0,0.0,0.0,0,0.0
2022-02-15 00:00:00,0.0,0.0,0.0,0.0,0.0,0.0,0.0,0.0,0,0.0
2022-02-16 00:00:00,0.0,0.0,0.0,0.0,0.0,0.0,0.0,0.0,0,0.0
2022-02-17 00:00:00,0.0,0.0,0.0,0.0,0.0,0.0,0.0,0.0,0,0.0
2022-02-18 00:00:00,0.0,0.0,0.0,0.0,0.0,0.0,0.0,0.0,0,0.0
2022-02-21 00:00:00,0.0,0.0,0.0,0.0,0.0,0.0,0.0,0.0,0,0.0
2022-02-22 00:00:00,0.0,0.0,0.0,0.0,0.0,0.0,0.0,0.0,0,0.0
2022-02-23 00:00:00,0.0,0.0,0.0,0.0,0.0,0.0,0.0,0.0,0,0.0
2022-02-24 00:00:00,0.0,0.0,0.0,0.0,0.0,0.0,0.0,0.0,0,0.0
2022-02-25 00:00:00,0.0,0.0,0.0,0.0,0.0,0.0,0.0,0.0,0,0.0
2022-02-28 00:00:00,0.0,0.0,0.0,0.0,0.0,0.0,0.0,0.0,0,0.0
2022-03-02 00:00:00,0.0,0.0,0.0,0.0,0.0,0.0,0.0,0.0,0,0.0
2022-03-03 00:00:00,0.0,0.0,0.0,0.0,0.0,0.0,0.0,0.0,0,0.0
2022-03-04 00:00:00,0.0,0.0,0.0,0.0,0.0,0.0,0.0,0.0,0,0.0
2022-03-07 00:00:00,0.0,0.0,0.0,0.0,0.0,0.0,0.0,0.0,0,0.0
2022-03-08 00:00:00,0.0,0.0,0.0,0.0,0.0,0.0,0.0,0.0,0,0.0
2022-03-09 00:00:00,0.0,0.0,0.0,0.0,0.0,0.0,0.0,0.0,0,0.0
2022-03-10 00:00:00,0.0,0.0,0.0,0.0,0.0,0.0,0.0,0.0,0,0.0
2022-03-11 00:00:00,0.0,0.0,0.0,0.0,0.0,0.0,0.0,0.0,0,0.0
2022-03-14 00:00:00,0.0,0.0,0.0,0.0,0.0,0.0,0.0,0.0,0,0.0
2022-03-15 00:00:00,0.0,0.0,0.0,0.0,0.0,0.0,0.0,0.0,0,0.0
2022-03-16 00:00:00,0.0,0.0,0.0,0.0,0.0,0.0,0.0,0.0,0,0.0
2022-03-17 00:00:00,0.0,0.0,0.0,0.0,0.0,0.0,0.0,0.0,0,0.0
2022-03-21 00:00:00,0.0,0.0,0.0,0.0,0.0,0.0,0.0,0.0,0,0.0
2022-03-22 00:00:00,0.0,0.0,0.0,0.0,0.0,0.0,0.0,0.0,0,0.0
2022-03-23 00:00:00,0.0,0.0,0.0,0.0,0.0,0.0,0.0,0.0,0,0.0
2022-03-24 00:00:00,0.0,0.0,0.0,0.0,0.0,0.0,0.0,0.0,0,0.0
2022-03-25 00:00:00,0.0,0.0,0.0,0.0,0.0,0.0,0.0,0.0,0,0.0
2022-03-28 00:00:00,0.0,0.0,0.0,0.0,0.0,0.0,0.0,0.0,0,0.0
2022-03-29 00:00:00,0.0,0.0,0.0,0.0,0.0,0.0,0.0,0.0,0,0.0
2022-03-30 00:00:00,0.0,0.0,0.0,0.0,0.0,0.0,0.0,0.0,0,0.0
2022-03-31 00:00:00,0.0,0.0,0.0,0.0,0.0,0.0,0.0,0.0,0,0.0
2022-04-01 00:00:00,0.0,0.0,0.0,0.0,0.0,0.0,0.0,0.0,0,0.0
2022-04-04 00:00:00,0.0,0.0,0.0,0.0,0.0,0.0,0.0,0.0,0,0.0
2022-04-05 00:00:00,0.0,0.0,0.0,0.0,0.0,0.0,0.0,0.0,0,0.0
2022-04-06 00:00:00,0.0,0.0,0.0,0.0,0.0,0.0,0.0,0.0,0,0.0
2022-04-07 00:00:00,0.0,0.0,0.0,0.0,0.0,0.0,0.0,0.0,0,0.0
2022-04-08 00:00:00,0.0,0.0,0.0,0.0,0.0,0.0,0.0,0.0,0,0.0
2022-04-11 00:00:00,0.0,0.0,0.0,0.0,0.0,0.0,0.0,0.0,0,0.0
2022-04-12 00:00:00,0.0,0.0,0.0,0.0,0.0,0.0,0.0,0.0,0,0.0
2022-04-13 00:00:00,0.0,0.0,0.0,0.0,0.0,0.0,0.0,0.0,0,0.0
2022-04-18 00:00:00,0.0,0.0,0.0,0.0,0.0,0.0,0.0,0.0,0,0.0
2022-04-19 00:00:00,0.0,0.0,0.0,0.0,0.0,0.0,0.0,0.0,0,0.0
2022-04-20 00:00:00,0.0,0.0,0.0,0.0,0.0,0.0,0.0,0.0,0,0.0
2022-04-21 00:00:00,0.0,0.0,0.0,0.0,0.0,0.0,0.0,0.0,0,0.0
2022-04-22 00:00:00,0.0,0.0,0.0,0.0,0.0,0.0,0.0,0.0,0,0.0
2022-04-25 00:00:00,0.0,0.0,0.0,0.0,0.0,0.0,0.0,0.0,0,0.0
2022-04-26 00:00:00,0.0,0.0,0.0,0.0,0.0,0.0,0.0,0.0,0,0.0
2022-04-27 00:00:00,0.0,0.0,0.0,0.0,0.0,0.0,0.0,0.0,0,0.0
2022-04-28 00:00:00,0.0,0.0,0.0,0.0,0.0,0.0,0.0,0.0,0,0.0
2022-04-29 00:00:00,0.0,0.0,0.0,0.0,0.0,0.0,0.0,0.0,0,0.0
2022-05-02 00:00:00,0.0,0.0,0.0,0.0,0.0,0.0,0.0,0.0,0,0.0
2022-05-04 00:00:00,0.0,0.0,0.0,0.0,0.0,0.0,0.0,0.0,0,0.0
2022-05-05 00:00:00,0.0,0.0,0.0,0.0,0.0,0.0,0.0,0.0,0,0.0
2022-05-06 00:00:00,0.0,0.0,0.0,0.0,0.0,0.0,0.0,0.0,0,0.0
2022-05-09 00:00:00,0.0,0.0,0.0,0.0,0.0,0.0,0.0,0.0,0,0.0
2022-05-10 00:00:00,0.0,0.0,0.0,0.0,0.0,0.0,0.0,0.0,0,0.0
2022-05-11 00:00:00,0.0,0.0,0.0,0.0,0.0,0.0,0.0,0.0,0,0.0
2022-05-12 00:00:00,0.0,0.0,0.0,0.0,0.0,0.0,0.0,0.0,0,0.0
2022-05-13 00:00:00,0.0,0.0,0.0,0.0,0.0,0.0,0.0,0.0,0,0.0
2022-05-16 00:00:00,0.0,0.0,0.0,0.0,0.0,0.0,0.0,0.0,0,0.0
2022-05-17 00:00:00,0.0,0.0,0.0,0.0,0.0,0.0,0.0,0.0,0,0.0
2022-05-18 00:00:00,0.0,0.0,0.0,0.0,0.0,0.0,0.0,0.0,0,0.0
2022-05-19 00:00:00,0.0,0.0,0.0,0.0,0.0,0.0,0.0,0.0,0,0.0
2022-05-20 00:00:00,0.0,0.0,0.0,0.0,0.0,0.0,0.0,0.0,0,0.0
2022-05-23 00:00:00,0.0,0.0,0.0,0.0,0.0,0.0,0.0,0.0,0,0.0
2022-05-24 00:00:00,0.0,0.0,0.0,0.0,0.0,0.0,0.0,0.0,0,0.0
2022-05-25 00:00:00,0.0,0.0,0.0,0.0,0.0,0.0,0.0,0.0,0,0.0
2022-05-26 00:00:00,0.0,0.0,0.0,0.0,0.0,0.0,0.0,0.0,0,0.0
2022-05-27 00:00:00,0.0,0.0,0.0,0.0,0.0,0.0,0.0,0.0,0,0.0
2022-05-30 00:00:00,0.0,0.0,0.0,0.0,0.0,0.0,0.0,0.0,0,0.0
2022-05-31 00:00:00,0.0,0.0,0.0,0.0,0.0,0.0,0.0,0.0,0,0.0
2022-06-01 00:00:00,0.0,0.0,0.0,0.0,0.0,0.0,0.0,0.0,0,0.0
2022-06-02 00:00:00,0.0,0.0,0.0,0.0,0.0,0.0,0.0,0.0,0,0.0
2022-06-03 00:00:00,0.0,0.0,0.0,0.0,0.0,0.0,0.0,0.0,0,0.0
2022-06-06 00:00:00,0.0,0.0,0.0,0.0,0.0,0.0,0.0,0.0,0,0.0
2022-06-07 00:00:00,0.0,0.0,0.0,0.0,0.0,0.0,0.0,0.0,0,0.0
2022-06-08 00:00:00,0.0,0.0,0.0,0.0,0.0,0.0,0.0,0.0,0,0.0
2022-06-09 00:00:00,0.0,0.0,0.0,0.0,0.0,0.0,0.0,0.0,0,0.0
2022-06-10 00:00:00,0.0,0.0,0.0,0.0,0.0,0.0,0.0,0.0,0,0.0
2022-06-13 00:00:00,0.0,0.0,0.0,0.0,0.0,0.0,0.0,0.0,0,0.0
2022-06-14 00:00:00,0.0,0.0,0.0,0.0,0.0,0.0,0.0,0.0,0,0.0
2022-06-15 00:00:00,0.0,0.0,0.0,0.0,0.0,0.0,0.0,0.0,0,0.0
2022-06-16 00:00:00,0.0,0.0,0.0,0.0,0.0,0.0,0.0,0.0,0,0.0
2022-06-17 00:00:00,0.0,0.0,0.0,0.0,0.0,0.0,0.0,0.0,0,0.0
2022-06-20 00:00:00,0.0,0.0,0.0,0.0,0.0,0.0,0.0,0.0,0,0.0
2022-06-21 00:00:00,0.0,0.0,0.0,0.0,0.0,0.0,0.0,0.0,0,0.0
2022-06-22 00:00:00,0.0,0.0,0.0,0.0,0.0,0.0,0.0,0.0,0,0.0
2022-06-23 00:00:00,0.0,0.0,0.0,0.0,0.0,0.0,0.0,0.0,0,0.0
2022-06-24 00:00:00,0.0,0.0,0.0,0.0,0.0,0.0,0.0,0.0,0,0.0
2022-06-27 00:00:00,0.0,0.0,0.0,0.0,0.0,0.0,0.0,0.0,0,0.0
2022-06-28 00:00:00,0.0,0.0,0.0,0.0,0.0,0.0,0.0,0.0,0,0.0
2022-06-29 00:00:00,0.0,0.0,0.0,0.0,0.0,0.0,0.0,0.0,0,0.0
2022-06-30 00:00:00,0.0,0.0,0.0,0.0,0.0,0.0,0.0,0.0,0,0.0
2022-07-01 00:00:00,0.0,0.0,0.0,0.0,0.0,0.0,0.0,0.0,0,0.0
2022-07-04 00:00:00,0.0,0.0,0.0,0.0,0.0,0.0,0.0,0.0,0,0.0
2022-07-05 00:00:00,0.0,0.0,0.0,0.0,0.0,0.0,0.0,0.0,0,0.0
2022-07-06 00:00:00,0.0,0.0,0.0,0.0,0.0,0.0,0.0,0.0,0,0.0
2022-07-07 00:00:00,0.0,0.0,0.0,0.0,0.0,0.0,0.0,0.0,0,0.0
2022-07-08 00:00:00,0.0,0.0,0.0,0.0,0.0,0.0,0.0,0.0,0,0.0
2022-07-11 00:00:00,0.0,0.0,0.0,0.0,0.0,0.0,0.0,0.0,0,0.0
2022-07-12 00:00:00,0.0,0.0,0.0,0.0,0.0,0.0,0.0,0.0,0,0.0
2022-07-13 00:00:00,0.0,0.0,0.0,0.0,0.0,0.0,0.0,0.0,0,0.0
2022-07-14 00:00:00,0.0,0.0,0.0,0.0,0.0,0.0,0.0,0.0,0,0.0
2022-07-15 00:00:00,0.0,0.0,0.0,0.0,0.0,0.0,0.0,0.0,0,0.0
2022-07-18 00:00:00,0.0,0.0,0.0,0.0,0.0,0.0,0.0,0.0,0,0.0
2022-07-19 00:00:00,0.0,0.0,0.0,0.0,0.0,0.0,0.0,0.0,0,0.0
2022-07-20 00:00:00,0.0,0.0,0.0,0.0,0.0,0.0,0.0,0.0,0,0.0
2022-07-21 00:00:00,0.0,0.0,0.0,0.0,0.0,0.0,0.0,0.0,0,0.0
2022-07-22 00:00:00,0.0,0.0,0.0,0.0,0.0,0.0,0.0,0.0,0,0.0
2022-07-25 00:00:00,0.0,0.0,0.0,0.0,0.0,0.0,0.0,0.0,0,0.0
2022-07-26 00:00:00,0.0,0.0,0.0,0.0,0.0,0.0,0.0,0.0,0,0.0
2022-07-27 00:00:00,0.0,0.0,0.0,0.0,0.0,0.0,0.0,0.0,0,0.0
2022-07-28 00:00:00,0.0,0.0,0.0,0.0,0.0,0.0,0.0,0.0,0,0.0
2022-07-29 00:00:00,0.0,0.0,0.0,0.0,0.0,0.0,0.0,0.0,0,0.0
2022-08-01 00:00:00,0.0,0.0,0.0,0.0,0.0,0.0,0.0,0.0,2206.5178366276336,0.0
2022-08-02 00:00:00,0.0,0.0,0.0,0.0,0.0,0.0,0.0,0.0,437.45589068756436,0.0
2022-08-03 00:00:00,0.0,0.0,0.0,0.0,0.0,0.0,0.0,0.0,0,0.0
2022-08-04 00:00:00,0.0,0.0,0.0,0.0,0.0,0.0,0.0,0.0,0,0.0
2022-08-05 00:00:00,0.0,0.0,0.0,0.0,0.0,0.0,0.0,0.0,0,0.0
2022-08-08 00:00:00,0.0,0.0,0.0,0.0,0.0,0.0,0.0,0.0,0,0.0
2022-08-10 00:00:00,0.0,0.0,0.0,0.0,0.0,0.0,0.0,0.0,0,0.0
2022-08-11 00:00:00,0.0,0.0,0.0,0.0,0.0,0.0,0.0,0.0,440.7108122287291,0.0
2022-08-12 00:00:00,0.0,0.0,0.0,0.0,0.0,0.0,0.0,0.0,0,0.0
2022-08-16 00:00:00,0.0,0.0,0.0,0.0,0.0,0.0,0.0,0.0,0,0.0
2022-08-17 00:00:00,0.0,0.0,0.0,0.0,0.0,0.0,0.0,0.0,0,0.0
2022-08-18 00:00:00,0.0,0.0,0.0,0.0,0.0,0.0,0.0,0.0,0,0.0
2022-08-19 00:00:00,0.0,0.0,0.0,0.0,0.0,0.0,0.0,0.0,0,0.0
2022-08-22 00:00:00,0.0,0.0,0.0,0.0,0.0,0.0,0.0,0.0,0,0.0
2022-08-23 00:00:00,0.0,0.0,0.0,0.0,0.0,0.0,0.0,0.0,0,0.0
2022-08-24 00:00:00,0.0,0.0,0.0,0.0,0.0,0.0,0.0,0.0,883.6604935602836,0.0
2022-08-25 00:00:00,0.0,0.0,0.0,0.0,0.0,0.0,0.0,0.0,0,0.0
2022-08-26 00:00:00,0.0,0.0,0.0,0.0,0.0,0.0,0.0,0.0,0,0.0
2022-08-29 00:00:00,0.0,0.0,0.0,0.0,0.0,0.0,0.0,0.0,0,0.0
2022-08-30 00:00:00,0.0,0.0,0.0,0.0,0.0,0.0,0.0,0.0,0,0.0
2022-09-01 00:00:00,0.0,0.0,0.0,0.0,0.0,0.0,0.0,0.0,0,0.0
2022-09-02 00:00:00,0.0,0.0,0.0,0.0,0.0,0.0,0.0,0.0,0,0.0
2022-09-05 00:00:00,0.0,0.0,0.0,0.0,0.0,0.0,0.0,0.0,0,0.0
2022-09-06 00:00:00,0.0,0.0,0.0,0.0,0.0,0.0,0.0,0.0,0,0.0
2022-09-07 00:00:00,0.0,0.0,0.0,0.0,0.0,0.0,0.0,0.0,0,0.0
2022-09-08 00:00:00,0.0,0.0,0.0,0.0,0.0,0.0,0.0,0.0,0,0.0
2022-09-09 00:00:00,0.0,0.0,0.0,0.0,0.0,0.0,0.0,0.0,0,0.0
2022-09-12 00:00:00,0.0,0.0,0.0,0.0,0.0,0.0,0.0,0.0,0,0.0
2022-09-13 00:00:00,0.0,0.0,0.0,0.0,0.0,0.0,0.0,0.0,0,0.0
2022-09-14 00:00:00,0.0,0.0,0.0,0.0,0.0,0.0,0.0,0.0,0,0.0
2022-09-15 00:00:00,0.0,0.0,0.0,0.0,0.0,0.0,0.0,0.0,0,0.0
2022-09-16 00:00:00,0.0,0.0,0.0,0.0,0.0,0.0,0.0,0.0,0,0.0
2022-09-19 00:00:00,0.0,0.0,0.0,0.0,0.0,0.0,0.0,0.0,0,0.0
2022-09-20 00:00:00,0.0,0.0,0.0,0.0,0.0,0.0,0.0,0.0,0,0.0
2022-09-21 00:00:00,0.0,0.0,0.0,0.0,0.0,0.0,0.0,0.0,0,0.0
2022-09-22 00:00:00,0.0,0.0,0.0,0.0,0.0,0.0,0.0,0.0,0,0.0
2022-09-23 00:00:00,0.0,0.0,0.0,0.0,0.0,0.0,0.0,0.0,441.24467406249363,0.0
2022-09-26 00:00:00,0.0,0.0,0.0,0.0,0.0,0.0,0.0,0.0,0,0.0
2022-09-27 00:00:00,0.0,0.0,0.0,0.0,0.0,0.0,0.0,0.0,0,0.0
2022-09-28 00:00:00,0.0,0.0,0.0,0.0,0.0,0.0,0.0,0.0,0,0.0
2022-09-29 00:00:00,0.0,0.0,0.0,0.0,0.0,0.0,0.0,0.0,0,0.0
2022-09-30 00:00:00,0.0,0.0,0.0,0.0,0.0,0.0,0.0,0.0,0,0.0
2022-10-03 00:00:00,0.0,0.0,0.0,0.0,0.0,0.0,0.0,0.0,1905.7902466030794,0.0
2022-10-04 00:00:00,0.0,0.0,0.0,0.0,0.0,0.0,0.0,0.0,0,0.0
2022-10-06 00:00:00,0.0,0.0,0.0,0.0,0.0,0.0,0.0,0.0,0,0.0
2022-10-07 00:00:00,0.0,0.0,0.0,0.0,0.0,0.0,0.0,0.0,0,0.0
2022-10-10 00:00:00,0.0,0.0,0.0,0.0,0.0,0.0,0.0,0.0,0,0.0
2022-10-11 00:00:00,0.0,0.0,0.0,0.0,0.0,0.0,0.0,0.0,0,0.0
2022-10-12 00:00:00,0.0,0.0,0.0,0.0,0.0,0.0,0.0,0.0,0,0.0
2022-10-13 00:00:00,0.0,0.0,0.0,0.0,0.0,0.0,0.0,0.0,0,0.0
2022-10-14 00:00:00,0.0,0.0,0.0,0.0,0.0,0.0,0.0,0.0,0,0.0
2022-10-17 00:00:00,0.0,0.0,0.0,0.0,0.0,0.0,0.0,0.0,0,0.0
2022-10-18 00:00:00,0.0,0.0,0.0,0.0,0.0,0.0,0.0,0.0,0,0.0
2022-10-19 00:00:00,0.0,0.0,0.0,0.0,0.0,0.0,0.0,0.0,0,0.0
2022-10-20 00:00:00,0.0,0.0,0.0,0.0,0.0,0.0,0.0,0.0,0,0.0
2022-10-21 00:00:00,0.0,0.0,0.0,0.0,0.0,0.0,0.0,0.0,0,0.0
2022-10-24 00:00:00,0.0,0.0,0.0,0.0,0.0,0.0,0.0,0.0,0,0.0
2022-10-25 00:00:00,0.0,0.0,0.0,0.0,0.0,0.0,0.0,0.0,0,0.0
2022-10-27 00:00:00,0.0,0.0,0.0,0.0,0.0,0.0,0.0,0.0,0,0.0
2022-10-28 00:00:00,0.0,0.0,0.0,0.0,0.0,0.0,0.0,0.0,0,0.0
2022-10-31 00:00:00,0.0,0.0,0.0,0.0,0.0,0.0,0.0,0.0,0,0.0
2022-11-01 00:00:00,0.0,0.0,0.0,0.0,0.0,0.0,0.0,0.0,0,0.0
2022-11-02 00:00:00,0.0,0.0,0.0,0.0,0.0,0.0,0.0,0.0,0,0.0
2022-11-03 00:00:00,0.0,0.0,0.0,0.0,0.0,0.0,0.0,0.0,0,0.0
2022-11-04 00:00:00,0.0,0.0,0.0,0.0,0.0,0.0,0.0,0.0,0,0.0
2022-11-07 00:00:00,0.0,0.0,0.0,0.0,0.0,0.0,0.0,0.0,0,0.0
2022-11-09 00:00:00,0.0,0.0,0.0,0.0,0.0,0.0,0.0,0.0,0,0.0
2022-11-10 00:00:00,0.0,0.0,0.0,0.0,0.0,0.0,0.0,0.0,0,0.0
2022-11-11 00:00:00,0.0,0.0,0.0,0.0,0.0,0.0,0.0,0.0,0,0.0
2022-11-14 00:00:00,0.0,0.0,0.0,0.0,0.0,0.0,0.0,0.0,2417.833793630774,0.0
2022-11-15 00:00:00,0.0,0.0,0.0,0.0,0.0,0.0,0.0,0.0,948.1468161779699,0.0
2022-11-16 00:00:00,0.0,0.0,0.0,0.0,0.0,0.0,0.0,0.0,0,0.0
2022-11-17 00:00:00,0.0,0.0,0.0,0.0,0.0,0.0,0.0,0.0,477.41158770634763,0.0
2022-11-18 00:00:00,0.0,0.0,0.0,0.0,0.0,0.0,0.0,0.0,0,0.0
2022-11-21 00:00:00,0.0,0.0,0.0,0.0,0.0,0.0,0.0,0.0,0,0.0
2022-11-22 00:00:00,0.0,0.0,0.0,0.0,0.0,0.0,0.0,0.0,0,0.0
2022-11-23 00:00:00,0.0,0.0,0.0,0.0,0.0,0.0,0.0,0.0,478.211558570649,0.0
2022-11-24 00:00:00,0.0,0.0,0.0,0.0,0.0,0.0,0.0,0.0,478.4946513126069,0.0
2022-11-25 00:00:00,0.0,0.0,0.0,0.0,0.0,0.0,0.0,0.0,0,0.0
2022-11-28 00:00:00,0.0,0.0,0.0,0.0,0.0,0.0,0.0,0.0,0,0.0
2022-11-29 00:00:00,0.0,0.0,0.0,0.0,0.0,0.0,0.0,0.0,466.1302563653227,0.0
2022-11-30 00:00:00,0.0,0.0,0.0,0.0,0.0,0.0,0.0,0.0,0,0.0
2022-12-01 00:00:00,0.0,0.0,0.0,0.0,0.0,0.0,0.0,0.0,0,0.0
2022-12-02 00:00:00,0.0,0.0,0.0,0.0,0.0,0.0,0.0,0.0,456.2516170056847,0.0
2022-12-05 00:00:00,0.0,0.0,0.0,0.0,0.0,0.0,0.0,0.0,0,0.0
2022-12-06 00:00:00,0.0,0.0,0.0,0.0,0.0,0.0,0.0,0.0,0,0.0
2022-12-07 00:00:00,0.0,0.0,0.0,0.0,0.0,0.0,0.0,0.0,0,0.0
2022-12-08 00:00:00,0.0,0.0,0.0,0.0,0.0,0.0,0.0,0.0,0,0.0
2022-12-09 00:00:00,0.0,0.0,0.0,0.0,0.0,0.0,0.0,0.0,0,0.0
2022-12-12 00:00:00,0.0,0.0,0.0,0.0,0.0,0.0,0.0,0.0,0,0.0
2022-12-13 00:00:00,0.0,0.0,0.0,0.0,0.0,0.0,0.0,0.0,0,0.0
2022-12-14 00:00:00,0.0,0.0,0.0,0.0,0.0,0.0,0.0,0.0,0,0.0
2022-12-15 00:00:00,0.0,0.0,0.0,0.0,0.0,0.0,0.0,0.0,0,0.0
2022-12-16 00:00:00,0.0,0.0,0.0,0.0,0.0,0.0,0.0,0.0,0,0.0
2022-12-19 00:00:00,0.0,0.0,0.0,0.0,0.0,0.0,0.0,0.0,0,0.0
2022-12-20 00:00:00,0.0,0.0,0.0,0.0,0.0,0.0,0.0,0.0,0,0.0
2022-12-21 00:00:00,0.0,0.0,0.0,0.0,0.0,0.0,0.0,0.0,0,0.0
2022-12-22 00:00:00,0.0,0.0,0.0,0.0,0.0,0.0,0.0,0.0,0,0.0
2022-12-23 00:00:00,0.0,0.0,0.0,0.0,0.0,0.0,0.0,0.0,456.7098535458765,0.0
2022-12-26 00:00:00,0.0,0.0,0.0,0.0,0.0,0.0,0.0,0.0,0,0.0
2022-12-27 00:00:00,0.0,0.0,0.0,0.0,0.0,0.0,0.0,0.0,473.5136802387504,0.0
2022-12-28 00:00:00,0.0,0.0,0.0,0.0,0.0,0.0,0.0,0.0,460.07966865114633,0.0
2022-12-29 00:00:00,0.0,0.0,0.0,0.0,0.0,0.0,0.0,0.0,0,0.0
2022-12-30 00:00:00,0.0,0.0,0.0,0.0,0.0,0.0,0.0,0.0,0,0.0
2023-01-02 00:00:00,0.0,0.0,0.0,0.0,0.0,0.0,0.0,0.0,0,0.0
2023-01-03 00:00:00,0.0,0.0,0.0,0.0,0.0,0.0,0.0,0.0,0,0.0
2023-01-04 00:00:00,0.0,0.0,0.0,0.0,0.0,0.0,0.0,0.0,0,0.0
2023-01-05 00:00:00,0.0,0.0,0.0,0.0,0.0,0.0,0.0,0.0,0,0.0
2023-01-06 00:00:00,0.0,0.0,0.0,0.0,0.0,0.0,0.0,0.0,0,0.0
2023-01-09 00:00:00,0.0,0.0,0.0,0.0,0.0,0.0,0.0,0.0,0,0.0
2023-01-10 00:00:00,0.0,0.0,0.0,0.0,0.0,0.0,0.0,0.0,0,0.0
2023-01-11 00:00:00,0.0,0.0,0.0,0.0,0.0,0.0,0.0,0.0,460.4427449105199,0.0
2023-01-12 00:00:00,0.0,0.0,0.0,0.0,0.0,0.0,0.0,0.0,0,0.0
2023-01-13 00:00:00,0.0,0.0,0.0,0.0,0.0,0.0,0.0,0.0,0,0.0
2023-01-16 00:00:00,0.0,0.0,0.0,0.0,0.0,0.0,0.0,0.0,0,0.0
2023-01-17 00:00:00,0.0,0.0,0.0,0.0,0.0,0.0,0.0,0.0,0,0.0
2023-01-18 00:00:00,0.0,0.0,0.0,0.0,0.0,0.0,0.0,0.0,0,0.0
2023-01-19 00:00:00,0.0,0.0,0.0,0.0,0.0,0.0,0.0,0.0,0,0.0
2023-01-20 00:00:00,0.0,0.0,0.0,0.0,0.0,0.0,0.0,0.0,0,0.0
2023-01-23 00:00:00,0.0,0.0,0.0,0.0,0.0,0.0,0.0,0.0,0,0.0
2023-01-24 00:00:00,0.0,0.0,0.0,0.0,0.0,0.0,0.0,0.0,0,0.0
2023-01-25 00:00:00,0.0,0.0,0.0,0.0,0.0,0.0,0.0,0.0,905.3698888559479,0.0
2023-01-27 00:00:00,0.0,0.0,0.0,0.0,0.0,0.0,0.0,0.0,445.1066955622742,0.0
2023-01-30 00:00:00,0.0,0.0,0.0,0.0,0.0,0.0,0.0,0.0,781.8073758392484,0.0
2023-01-31 00:00:00,0.0,0.0,0.0,0.0,0.0,0.0,0.0,0.0,0,0.0
2023-02-01 00:00:00,0.0,0.0,0.0,0.0,0.0,0.0,0.0,0.0,0,0.0
2023-02-02 00:00:00,0.0,0.0,0.0,0.0,0.0,0.0,0.0,0.0,0,0.0
2023-02-03 00:00:00,0.0,0.0,0.0,0.0,0.0,0.0,0.0,0.0,0,0.0
2023-02-06 00:00:00,0.0,0.0,0.0,0.0,0.0,0.0,0.0,0.0,0,0.0
2023-02-07 00:00:00,0.0,0.0,0.0,0.0,0.0,0.0,0.0,0.0,0,0.0
2023-02-08 00:00:00,0.0,0.0,0.0,0.0,0.0,0.0,0.0,0.0,0,0.0
2023-02-09 00:00:00,0.0,0.0,0.0,0.0,0.0,0.0,0.0,0.0,0,0.0
2023-02-10 00:00:00,0.0,0.0,0.0,0.0,0.0,0.0,0.0,0.0,0,0.0
2023-02-13 00:00:00,0.0,0.0,0.0,0.0,0.0,0.0,0.0,0.0,0,0.0
2023-02-14 00:00:00,0.0,0.0,0.0,0.0,0.0,0.0,0.0,0.0,0,0.0
2023-02-15 00:00:00,0.0,0.0,0.0,0.0,0.0,0.0,0.0,0.0,0,0.0
2023-02-16 00:00:00,0.0,0.0,0.0,0.0,0.0,0.0,0.0,0.0,0,0.0
2023-02-17 00:00:00,0.0,0.0,0.0,0.0,0.0,0.0,0.0,0.0,0,0.0
2023-02-20 00:00:00,0.0,0.0,0.0,0.0,0.0,0.0,0.0,0.0,0,0.0
2023-02-21 00:00:00,0.0,0.0,0.0,0.0,0.0,0.0,0.0,0.0,0,0.0
2023-02-22 00:00:00,0.0,0.0,0.0,0.0,0.0,0.0,0.0,0.0,0,0.0
2023-02-23 00:00:00,0.0,0.0,0.0,0.0,0.0,0.0,0.0,0.0,0,0.0
2023-02-24 00:00:00,0.0,0.0,0.0,0.0,0.0,0.0,0.0,0.0,0,0.0
2023-02-27 00:00:00,0.0,0.0,0.0,0.0,0.0,0.0,0.0,0.0,0,0.0
2023-02-28 00:00:00,0.0,0.0,0.0,0.0,0.0,0.0,0.0,0.0,0,0.0
2023-03-01 00:00:00,0.0,0.0,0.0,0.0,0.0,0.0,0.0,0.0,0,0.0
2023-03-02 00:00:00,0.0,0.0,0.0,0.0,0.0,0.0,0.0,0.0,0,0.0
2023-03-03 00:00:00,0.0,0.0,0.0,0.0,0.0,0.0,0.0,0.0,0,0.0
2023-03-06 00:00:00,0.0,0.0,0.0,0.0,0.0,0.0,0.0,0.0,0,0.0
2023-03-08 00:00:00,0.0,0.0,0.0,0.0,0.0,0.0,0.0,0.0,0,0.0
2023-03-09 00:00:00,0.0,0.0,0.0,0.0,0.0,0.0,0.0,0.0,0,0.0
2023-03-10 00:00:00,0.0,0.0,0.0,0.0,0.0,0.0,0.0,0.0,0,0.0
2023-03-13 00:00:00,0.0,0.0,0.0,0.0,0.0,0.0,0.0,0.0,0,0.0
2023-03-14 00:00:00,0.0,0.0,0.0,0.0,0.0,0.0,0.0,0.0,0,0.0
2023-03-15 00:00:00,0.0,0.0,0.0,0.0,0.0,0.0,0.0,0.0,0,0.0
2023-03-16 00:00:00,0.0,0.0,0.0,0.0,0.0,0.0,0.0,0.0,0,0.0
2023-03-17 00:00:00,0.0,0.0,0.0,0.0,0.0,0.0,0.0,0.0,0,0.0
2023-03-20 00:00:00,0.0,0.0,0.0,0.0,0.0,0.0,0.0,0.0,0,0.0
2023-03-21 00:00:00,0.0,0.0,0.0,0.0,0.0,0.0,0.0,0.0,0,0.0
2023-03-22 00:00:00,0.0,0.0,0.0,0.0,0.0,0.0,0.0,0.0,0,0.0
2023-03-23 00:00:00,0.0,0.0,0.0,0.0,0.0,0.0,0.0,0.0,0,0.0
2023-03-24 00:00:00,0.0,0.0,0.0,0.0,0.0,0.0,0.0,0.0,0,0.0
2023-03-27 00:00:00,0.0,0.0,0.0,0.0,0.0,0.0,0.0,0.0,0,0.0
2023-03-28 00:00:00,0.0,0.0,0.0,0.0,0.0,0.0,0.0,0.0,0,0.0
2023-03-29 00:00:00,0.0,0.0,0.0,0.0,0.0,0.0,0.0,0.0,0,0.0
2023-03-31 00:00:00,0.0,0.0,0.0,0.0,0.0,0.0,0.0,0.0,0,0.0
2023-04-03 00:00:00,0.0,0.0,0.0,0.0,0.0,0.0,0.0,0.0,0,0.0
2023-04-05 00:00:00,0.0,0.0,0.0,0.0,0.0,0.0,0.0,0.0,0,0.0
2023-04-06 00:00:00,0.0,0.0,0.0,0.0,0.0,0.0,0.0,0.0,0,0.0
2023-04-10 00:00:00,0.0,0.0,0.0,0.0,0.0,0.0,0.0,0.0,0,0.0
2023-04-11 00:00:00,0.0,0.0,0.0,0.0,0.0,0.0,0.0,0.0,0,0.0
2023-04-12 00:00:00,0.0,0.0,0.0,0.0,0.0,0.0,0.0,0.0,0,0.0
2023-04-13 00:00:00,0.0,0.0,0.0,0.0,0.0,0.0,0.0,0.0,0,0.0
2023-04-17 00:00:00,0.0,0.0,0.0,0.0,0.0,0.0,0.0,0.0,0,0.0
2023-04-18 00:00:00,0.0,0.0,0.0,0.0,0.0,0.0,0.0,0.0,0,0.0
2023-04-19 00:00:00,0.0,0.0,0.0,0.0,0.0,0.0,0.0,0.0,0,0.0
2023-04-20 00:00:00,0.0,0.0,0.0,0.0,0.0,0.0,0.0,0.0,0,0.0
2023-04-21 00:00:00,0.0,0.0,0.0,0.0,0.0,0.0,0.0,0.0,0,0.0
2023-04-24 00:00:00,0.0,0.0,0.0,0.0,0.0,0.0,0.0,0.0,0,0.0
2023-04-25 00:00:00,0.0,0.0,0.0,0.0,0.0,0.0,0.0,0.0,0,0.0
2023-04-26 00:00:00,0.0,0.0,0.0,0.0,0.0,0.0,0.0,0.0,0,0.0
2023-04-27 00:00:00,0.0,0.0,0.0,0.0,0.0,0.0,0.0,0.0,0,0.0
2023-04-28 00:00:00,0.0,0.0,0.0,0.0,0.0,0.0,0.0,0.0,0,0.0
2023-05-02 00:00:00,0.0,0.0,0.0,0.0,0.0,0.0,0.0,0.0,2225.5893872911233,0.0
2023-05-03 00:00:00,0.0,0.0,0.0,0.0,0.0,0.0,0.0,0.0,879.6721160549198,0.0
2023-05-04 00:00:00,0.0,0.0,0.0,0.0,0.0,0.0,0.0,0.0,0,0.0
2023-05-05 00:00:00,0.0,0.0,0.0,0.0,0.0,0.0,0.0,0.0,0,0.0
2023-05-08 00:00:00,0.0,0.0,0.0,0.0,0.0,0.0,0.0,0.0,0,0.0
2023-05-09 00:00:00,0.0,0.0,0.0,0.0,0.0,0.0,0.0,0.0,0,0.0
2023-05-10 00:00:00,0.0,0.0,0.0,0.0,0.0,0.0,0.0,0.0,0,0.0
2023-05-11 00:00:00,0.0,0.0,0.0,0.0,0.0,0.0,0.0,0.0,0,0.0
2023-05-12 00:00:00,0.0,0.0,0.0,0.0,0.0,0.0,0.0,0.0,415.95461401767227,0.0
2023-05-15 00:00:00,0.0,0.0,0.0,0.0,0.0,0.0,0.0,0.0,0,0.0
2023-05-16 00:00:00,0.0,0.0,0.0,0.0,0.0,0.0,0.0,0.0,0,0.0
2023-05-17 00:00:00,0.0,0.0,0.0,0.0,0.0,0.0,0.0,0.0,0,0.0
2023-05-18 00:00:00,0.0,0.0,0.0,0.0,0.0,0.0,0.0,0.0,0,0.0
2023-05-19 00:00:00,0.0,0.0,0.0,0.0,0.0,0.0,0.0,0.0,0,0.0
2023-05-22 00:00:00,0.0,0.0,0.0,0.0,0.0,0.0,0.0,0.0,0,0.0
2023-05-23 00:00:00,0.0,0.0,0.0,0.0,0.0,0.0,0.0,0.0,0,0.0
2023-05-24 00:00:00,0.0,0.0,0.0,0.0,0.0,0.0,0.0,0.0,429.5126388850163,0.0
2023-05-25 00:00:00,0.0,0.0,0.0,0.0,0.0,0.0,0.0,0.0,426.21965510994073,0.0
2023-05-26 00:00:00,0.0,0.0,0.0,0.0,0.0,0.0,0.0,0.0,0,0.0
2023-05-29 00:00:00,0.0,0.0,0.0,0.0,0.0,0.0,0.0,0.0,0,0.0
2023-05-30 00:00:00,0.0,0.0,0.0,0.0,0.0,0.0,0.0,0.0,0,0.0
2023-05-31 00:00:00,0.0,0.0,0.0,0.0,0.0,0.0,0.0,0.0,0,0.0
2023-06-01 00:00:00,0.0,0.0,0.0,0.0,0.0,0.0,0.0,0.0,430.76353860268443,0.0
2023-06-02 00:00:00,0.0,0.0,0.0,0.0,0.0,0.0,0.0,0.0,0,0.0
2023-06-05 00:00:00,0.0,0.0,0.0,0.0,0.0,0.0,0.0,0.0,0,0.0
2023-06-06 00:00:00,0.0,0.0,0.0,0.0,0.0,0.0,0.0,0.0,0,0.0
2023-06-07 00:00:00,0.0,0.0,0.0,0.0,0.0,0.0,0.0,0.0,0,0.0
2023-06-08 00:00:00,0.0,0.0,0.0,0.0,0.0,0.0,0.0,0.0,0,0.0
2023-06-09 00:00:00,0.0,0.0,0.0,0.0,0.0,0.0,0.0,0.0,0,0.0
2023-06-12 00:00:00,0.0,0.0,0.0,0.0,0.0,0.0,0.0,0.0,0,0.0
2023-06-13 00:00:00,0.0,0.0,0.0,0.0,0.0,0.0,0.0,0.0,0,0.0
2023-06-14 00:00:00,0.0,0.0,0.0,0.0,0.0,0.0,0.0,0.0,0,0.0
2023-06-15 00:00:00,0.0,0.0,0.0,0.0,0.0,0.0,0.0,0.0,0,0.0
2023-06-16 00:00:00,0.0,0.0,0.0,0.0,0.0,0.0,0.0,0.0,0,0.0
2023-06-19 00:00:00,0.0,0.0,0.0,0.0,0.0,0.0,0.0,0.0,0,0.0
2023-06-20 00:00:00,0.0,0.0,0.0,0.0,0.0,0.0,0.0,0.0,0,0.0
2023-06-21 00:00:00,0.0,0.0,0.0,0.0,0.0,0.0,0.0,0.0,0,0.0
2023-06-22 00:00:00,0.0,0.0,0.0,0.0,0.0,0.0,0.0,0.0,0,0.0
2023-06-23 00:00:00,0.0,0.0,0.0,0.0,0.0,0.0,0.0,0.0,422.86685502387485,0.0
2023-06-26 00:00:00,0.0,0.0,0.0,0.0,0.0,0.0,0.0,0.0,412.86207028188034,0.0
2023-06-27 00:00:00,0.0,0.0,0.0,0.0,0.0,0.0,0.0,0.0,0,0.0
2023-06-28 00:00:00,0.0,0.0,0.0,0.0,0.0,0.0,0.0,0.0,0,0.0
2023-06-30 00:00:00,0.0,0.0,0.0,0.0,0.0,0.0,0.0,0.0,0,0.0
2023-07-03 00:00:00,0.0,0.0,0.0,0.0,0.0,0.0,0.0,0.0,0,0.0
2023-07-04 00:00:00,0.0,0.0,0.0,0.0,0.0,0.0,0.0,0.0,0,0.0
2023-07-05 00:00:00,0.0,0.0,0.0,0.0,0.0,0.0,0.0,0.0,424.4834124254066,0.0
2023-07-06 00:00:00,0.0,0.0,0.0,0.0,0.0,0.0,0.0,0.0,0,0.0
2023-07-07 00:00:00,0.0,0.0,0.0,0.0,0.0,0.0,0.0,0.0,0,0.0
2023-07-10 00:00:00,0.0,0.0,0.0,0.0,0.0,0.0,0.0,0.0,0,0.0
2023-07-11 00:00:00,0.0,0.0,0.0,0.0,0.0,0.0,0.0,0.0,0,0.0
2023-07-12 00:00:00,0.0,0.0,0.0,0.0,0.0,0.0,0.0,0.0,0,0.0
2023-07-13 00:00:00,0.0,0.0,0.0,0.0,0.0,0.0,0.0,0.0,0,0.0
2023-07-14 00:00:00,0.0,0.0,0.0,0.0,0.0,0.0,0.0,0.0,0,0.0
2023-07-17 00:00:00,0.0,0.0,0.0,0.0,0.0,0.0,0.0,0.0,0,0.0
2023-07-18 00:00:00,0.0,0.0,0.0,0.0,0.0,0.0,0.0,0.0,0,0.0
2023-07-19 00:00:00,0.0,0.0,0.0,0.0,0.0,0.0,0.0,0.0,0,0.0
2023-07-20 00:00:00,0.0,0.0,0.0,0.0,0.0,0.0,0.0,0.0,0,0.0
2023-07-21 00:00:00,0.0,0.0,0.0,0.0,0.0,0.0,0.0,0.0,0,0.0
2023-07-24 00:00:00,0.0,0.0,0.0,0.0,0.0,0.0,0.0,0.0,0,0.0
2023-07-25 00:00:00,0.0,0.0,0.0,0.0,0.0,0.0,0.0,0.0,415.6974059204233,0.0
2023-07-26 00:00:00,0.0,0.0,0.0,0.0,0.0,0.0,0.0,0.0,0,0.0
2023-07-27 00:00:00,0.0,0.0,0.0,0.0,0.0,0.0,0.0,0.0,0,0.0
2023-07-28 00:00:00,0.0,0.0,0.0,0.0,0.0,0.0,0.0,0.0,0,0.0
2023-07-31 00:00:00,0.0,0.0,0.0,0.0,0.0,0.0,0.0,0.0,0,0.0
2023-08-01 00:00:00,0.0,0.0,0.0,0.0,0.0,0.0,0.0,0.0,0,0.0
2023-08-02 00:00:00,0.0,0.0,0.0,0.0,0.0,0.0,0.0,0.0,481.1598617404261,0.0
2023-08-03 00:00:00,0.0,0.0,0.0,0.0,0.0,0.0,0.0,0.0,0,0.0
2023-08-04 00:00:00,0.0,0.0,0.0,0.0,0.0,0.0,0.0,0.0,0,0.0
2023-08-07 00:00:00,0.0,0.0,0.0,0.0,0.0,0.0,0.0,0.0,0,0.0
2023-08-08 00:00:00,0.0,0.0,0.0,0.0,0.0,0.0,0.0,0.0,0,0.0
2023-08-09 00:00:00,0.0,0.0,0.0,0.0,0.0,0.0,0.0,0.0,0,0.0
2023-08-10 00:00:00,0.0,0.0,0.0,0.0,0.0,0.0,0.0,0.0,0,0.0
2023-08-11 00:00:00,0.0,0.0,0.0,0.0,0.0,0.0,0.0,0.0,0,0.0
2023-08-14 00:00:00,0.0,0.0,0.0,0.0,0.0,0.0,0.0,0.0,0,0.0
2023-08-16 00:00:00,0.0,0.0,0.0,0.0,0.0,0.0,0.0,0.0,565.5115940975411,0.0
2023-08-17 00:00:00,0.0,0.0,0.0,0.0,0.0,0.0,0.0,0.0,0,0.0
2023-08-18 00:00:00,0.0,0.0,0.0,0.0,0.0,0.0,0.0,0.0,0,0.0
2023-08-21 00:00:00,0.0,0.0,0.0,0.0,0.0,0.0,0.0,0.0,0,0.0
2023-08-22 00:00:00,0.0,0.0,0.0,0.0,0.0,0.0,0.0,0.0,430.49486165833036,0.0
2023-08-23 00:00:00,0.0,0.0,0.0,0.0,0.0,0.0,0.0,0.0,481.7781846154437,0.0
2023-08-24 00:00:00,0.0,0.0,0.0,0.0,0.0,0.0,0.0,0.0,0,0.0
2023-08-25 00:00:00,0.0,0.0,0.0,0.0,0.0,0.0,0.0,0.0,0,0.0
2023-08-28 00:00:00,0.0,0.0,0.0,0.0,0.0,0.0,0.0,0.0,469.60754874725967,0.0
2023-08-29 00:00:00,0.0,0.0,0.0,0.0,0.0,0.0,0.0,0.0,0,0.0
2023-08-30 00:00:00,0.0,0.0,0.0,0.0,0.0,0.0,0.0,0.0,0,0.0
2023-08-31 00:00:00,0.0,0.0,0.0,0.0,0.0,0.0,0.0,0.0,0,0.0
2023-09-01 00:00:00,0.0,0.0,0.0,0.0,0.0,0.0,0.0,0.0,449.11097578779476,0.0
2023-09-04 00:00:00,0.0,0.0,0.0,0.0,0.0,0.0,0.0,0.0,0,0.0
2023-09-05 00:00:00,0.0,0.0,0.0,0.0,0.0,0.0,0.0,0.0,0,0.0
2023-09-06 00:00:00,0.0,0.0,0.0,0.0,0.0,0.0,0.0,0.0,0,0.0
2023-09-07 00:00:00,0.0,0.0,0.0,0.0,0.0,0.0,0.0,0.0,0,0.0
2023-09-08 00:00:00,0.0,0.0,0.0,0.0,0.0,0.0,0.0,0.0,0,0.0
2023-09-11 00:00:00,0.0,0.0,0.0,0.0,0.0,0.0,0.0,0.0,0,0.0
2023-09-12 00:00:00,0.0,0.0,0.0,0.0,0.0,0.0,0.0,0.0,0,0.0
2023-09-13 00:00:00,0.0,0.0,0.0,0.0,0.0,0.0,0.0,0.0,0,0.0
2023-09-14 00:00:00,0.0,0.0,0.0,0.0,0.0,0.0,0.0,0.0,0,0.0
2023-09-15 00:00:00,0.0,0.0,0.0,0.0,0.0,0.0,0.0,0.0,0,0.0
2023-09-18 00:00:00,0.0,0.0,0.0,0.0,0.0,0.0,0.0,0.0,0,0.0
2023-09-20 00:00:00,0.0,0.0,0.0,0.0,0.0,0.0,0.0,0.0,0,0.0
2023-09-21 00:00:00,0.0,0.0,0.0,0.0,0.0,0.0,0.0,0.0,0,0.0
2023-09-22 00:00:00,0.0,0.0,0.0,0.0,0.0,0.0,0.0,0.0,0,0.0
2023-09-25 00:00:00,0.0,0.0,0.0,0.0,0.0,0.0,0.0,0.0,923.4562354883129,0.0
2023-09-26 00:00:00,0.0,0.0,0.0,0.0,0.0,0.0,0.0,0.0,0,0.0
2023-09-27 00:00:00,0.0,0.0,0.0,0.0,0.0,0.0,0.0,0.0,0,0.0
2023-09-28 00:00:00,0.0,0.0,0.0,0.0,0.0,0.0,0.0,0.0,0,0.0
2023-09-29 00:00:00,0.0,0.0,0.0,0.0,0.0,0.0,0.0,0.0,0,0.0
2023-10-03 00:00:00,0.0,0.0,0.0,0.0,0.0,0.0,0.0,0.0,0,0.0
2023-10-04 00:00:00,0.0,0.0,0.0,0.0,0.0,0.0,0.0,0.0,0,0.0
2023-10-05 00:00:00,0.0,0.0,0.0,0.0,0.0,0.0,0.0,0.0,0,0.0
2023-10-06 00:00:00,0.0,0.0,0.0,0.0,0.0,0.0,0.0,0.0,0,0.0
2023-10-09 00:00:00,0.0,0.0,0.0,0.0,0.0,0.0,0.0,0.0,0,0.0
2023-10-10 00:00:00,0.0,0.0,0.0,0.0,0.0,0.0,0.0,0.0,0,0.0
2023-10-11 00:00:00,0.0,0.0,0.0,0.0,0.0,0.0,0.0,0.0,0,0.0
2023-10-12 00:00:00,0.0,0.0,0.0,0.0,0.0,0.0,0.0,0.0,0,0.0
2023-10-13 00:00:00,0.0,0.0,0.0,0.0,0.0,0.0,0.0,0.0,0,0.0
2023-10-16 00:00:00,0.0,0.0,0.0,0.0,0.0,0.0,0.0,0.0,0,0.0
2023-10-17 00:00:00,0.0,0.0,0.0,0.0,0.0,0.0,0.0,0.0,0,0.0
2023-10-18 00:00:00,0.0,0.0,0.0,0.0,0.0,0.0,0.0,0.0,491.40945357928354,0.0
2023-10-19 00:00:00,0.0,0.0,0.0,0.0,0.0,0.0,0.0,0.0,0,0.0
2023-10-20 00:00:00,0.0,0.0,0.0,0.0,0.0,0.0,0.0,0.0,0,0.0
2023-10-23 00:00:00,0.0,0.0,0.0,0.0,0.0,0.0,0.0,0.0,0,0.0
2023-10-25 00:00:00,0.0,0.0,0.0,0.0,0.0,0.0,0.0,0.0,0,0.0
2023-10-26 00:00:00,0.0,0.0,0.0,0.0,0.0,0.0,0.0,0.0,466.10449919639376,0.0
2023-10-27 00:00:00,0.0,0.0,0.0,0.0,0.0,0.0,0.0,0.0,455.5696396997133,0.0
2023-10-30 00:00:00,0.0,0.0,0.0,0.0,0.0,0.0,0.0,0.0,0,0.0
2023-10-31 00:00:00,0.0,0.0,0.0,0.0,0.0,0.0,0.0,0.0,0,0.0
2023-11-01 00:00:00,0.0,0.0,0.0,0.0,0.0,0.0,0.0,0.0,0,0.0
2023-11-02 00:00:00,0.0,0.0,0.0,0.0,0.0,0.0,0.0,0.0,0,0.0
2023-11-03 00:00:00,0.0,0.0,0.0,0.0,0.0,0.0,0.0,0.0,0,0.0
2023-11-06 00:00:00,0.0,0.0,0.0,0.0,0.0,0.0,0.0,0.0,0,0.0
2023-11-07 00:00:00,0.0,0.0,0.0,0.0,0.0,0.0,0.0,0.0,0,0.0
2023-11-08 00:00:00,0.0,0.0,0.0,0.0,0.0,0.0,0.0,0.0,0,0.0
2023-11-09 00:00:00,0.0,0.0,0.0,0.0,0.0,0.0,0.0,0.0,0,0.0
2023-11-10 00:00:00,0.0,0.0,0.0,0.0,0.0,0.0,0.0,0.0,0,0.0
2023-11-13 00:00:00,0.0,0.0,0.0,0.0,0.0,0.0,0.0,0.0,0,0.0
2023-11-15 00:00:00,0.0,0.0,0.0,0.0,0.0,0.0,0.0,0.0,0,0.0
2023-11-16 00:00:00,0.0,0.0,0.0,0.0,0.0,0.0,0.0,0.0,0,0.0
2023-11-17 00:00:00,0.0,0.0,0.0,0.0,0.0,0.0,0.0,0.0,0,0.0
2023-11-20 00:00:00,0.0,0.0,0.0,0.0,0.0,0.0,0.0,0.0,0,0.0
2023-11-21 00:00:00,0.0,0.0,0.0,0.0,0.0,0.0,0.0,0.0,0,0.0
2023-11-22 00:00:00,0.0,0.0,0.0,0.0,0.0,0.0,0.0,0.0,0,0.0
2023-11-23 00:00:00,0.0,0.0,0.0,0.0,0.0,0.0,0.0,0.0,460.58354158845924,0.0
2023-11-24 00:00:00,0.0,0.0,0.0,0.0,0.0,0.0,0.0,0.0,442.9277369352606,0.0
2023-11-28 00:00:00,0.0,0.0,0.0,0.0,0.0,0.0,0.0,0.0,0,0.0
2023-11-29 00:00:00,0.0,0.0,0.0,0.0,0.0,0.0,0.0,0.0,0,0.0
2023-11-30 00:00:00,0.0,0.0,0.0,0.0,0.0,0.0,0.0,0.0,0,0.0
2023-12-01 00:00:00,0.0,0.0,0.0,0.0,0.0,0.0,0.0,0.0,570.438426837358,0.0
2023-12-04 00:00:00,0.0,0.0,0.0,0.0,0.0,0.0,0.0,0.0,0,0.0
2023-12-05 00:00:00,0.0,0.0,0.0,0.0,0.0,0.0,0.0,0.0,0,0.0
2023-12-06 00:00:00,0.0,0.0,0.0,0.0,0.0,0.0,0.0,0.0,0,0.0
2023-12-07 00:00:00,0.0,0.0,0.0,0.0,0.0,0.0,0.0,0.0,0,0.0
2023-12-08 00:00:00,0.0,0.0,0.0,0.0,0.0,0.0,0.0,0.0,0,0.0
2023-12-11 00:00:00,0.0,0.0,0.0,0.0,0.0,0.0,0.0,0.0,0,0.0
2023-12-12 00:00:00,0.0,0.0,0.0,0.0,0.0,0.0,0.0,0.0,0,0.0
2023-12-13 00:00:00,0.0,0.0,0.0,0.0,0.0,0.0,0.0,0.0,0,0.0
2023-12-14 00:00:00,0.0,0.0,0.0,0.0,0.0,0.0,0.0,0.0,0,0.0
2023-12-15 00:00:00,0.0,0.0,0.0,0.0,0.0,0.0,0.0,0.0,0,0.0
2023-12-18 00:00:00,0.0,0.0,0.0,0.0,0.0,0.0,0.0,0.0,0,0.0
2023-12-19 00:00:00,0.0,0.0,0.0,0.0,0.0,0.0,0.0,0.0,0,0.0
2023-12-20 00:00:00,0.0,0.0,0.0,0.0,0.0,0.0,0.0,0.0,0,0.0
2023-12-21 00:00:00,0.0,0.0,0.0,0.0,0.0,0.0,0.0,0.0,0,0.0
2023-12-22 00:00:00,0.0,0.0,0.0,0.0,0.0,0.0,0.0,0.0,0,0.0
2023-12-26 00:00:00,0.0,0.0,0.0,0.0,0.0,0.0,0.0,0.0,497.38604950327203,0.0
2023-12-27 00:00:00,0.0,0.0,0.0,0.0,0.0,0.0,0.0,0.0,502.53814400332936,0.0
2023-12-28 00:00:00,0.0,0.0,0.0,0.0,0.0,0.0,0.0,0.0,0,0.0
2023-12-29 00:00:00,0.0,0.0,0.0,0.0,0.0,0.0,0.0,0.0,0,0.0
2024-01-01 00:00:00,0.0,0.0,0.0,0.0,0.0,0.0,0.0,0.0,0,0.0
2024-01-02 00:00:00,0.0,0.0,0.0,0.0,0.0,0.0,0.0,0.0,0,0.0
2024-01-03 00:00:00,0.0,0.0,0.0,0.0,0.0,0.0,0.0,0.0,0,0.0
2024-01-04 00:00:00,0.0,0.0,0.0,0.0,0.0,0.0,0.0,0.0,0,0.0
2024-01-05 00:00:00,0.0,0.0,0.0,0.0,0.0,0.0,0.0,0.0,0,0.0
2024-01-08 00:00:00,0.0,0.0,0.0,0.0,0.0,0.0,0.0,0.0,0,0.0
2024-01-09 00:00:00,0.0,0.0,0.0,0.0,0.0,0.0,0.0,0.0,0,0.0
2024-01-10 00:00:00,0.0,0.0,0.0,0.0,0.0,0.0,0.0,0.0,0,0.0
2024-01-11 00:00:00,0.0,0.0,0.0,0.0,0.0,0.0,0.0,0.0,507.8830869936867,0.0
2024-01-12 00:00:00,0.0,0.0,0.0,0.0,0.0,0.0,0.0,0.0,620.3012119271062,0.0
2024-01-15 00:00:00,0.0,0.0,0.0,0.0,0.0,0.0,0.0,0.0,0,0.0
2024-01-16 00:00:00,0.0,0.0,0.0,0.0,0.0,0.0,0.0,0.0,0,0.0
2024-01-17 00:00:00,0.0,0.0,0.0,0.0,0.0,0.0,0.0,0.0,0,0.0
2024-01-18 00:00:00,0.0,0.0,0.0,0.0,0.0,0.0,0.0,0.0,0,0.0
2024-01-19 00:00:00,0.0,0.0,0.0,0.0,0.0,0.0,0.0,0.0,0,0.0
2024-01-23 00:00:00,0.0,0.0,0.0,0.0,0.0,0.0,0.0,0.0,0,0.0
2024-01-24 00:00:00,0.0,0.0,0.0,0.0,0.0,0.0,0.0,0.0,0,0.0
2024-01-25 00:00:00,0.0,0.0,0.0,0.0,0.0,0.0,0.0,0.0,552.2213873369067,0.0
2024-01-29 00:00:00,0.0,0.0,0.0,0.0,0.0,0.0,0.0,0.0,533.1227392621068,0.0
2024-01-30 00:00:00,0.0,0.0,0.0,0.0,0.0,0.0,0.0,0.0,0,0.0
2024-01-31 00:00:00,0.0,0.0,0.0,0.0,0.0,0.0,0.0,0.0,558.1806113319175,0.0
2024-02-01 00:00:00,0.0,0.0,0.0,0.0,0.0,0.0,0.0,0.0,0,0.0
2024-02-02 00:00:00,0.0,0.0,0.0,0.0,0.0,0.0,0.0,0.0,0,0.0
2024-02-05 00:00:00,0.0,0.0,0.0,0.0,0.0,0.0,0.0,0.0,0,0.0
2024-02-06 00:00:00,0.0,0.0,0.0,0.0,0.0,0.0,0.0,0.0,0,0.0
2024-02-07 00:00:00,0.0,0.0,0.0,0.0,0.0,0.0,0.0,0.0,0,0.0
2024-02-08 00:00:00,0.0,0.0,0.0,0.0,0.0,0.0,0.0,0.0,0,0.0
2024-02-09 00:00:00,0.0,0.0,0.0,0.0,0.0,0.0,0.0,0.0,0,0.0
2024-02-12 00:00:00,0.0,0.0,0.0,0.0,0.0,0.0,0.0,0.0,0,0.0
2024-02-13 00:00:00,0.0,0.0,0.0,0.0,0.0,0.0,0.0,0.0,0,0.0
2024-02-14 00:00:00,0.0,0.0,0.0,0.0,0.0,0.0,0.0,0.0,0,0.0
2024-02-15 00:00:00,0.0,0.0,0.0,0.0,0.0,0.0,0.0,0.0,0,0.0
2024-02-16 00:00:00,0.0,0.0,0.0,0.0,0.0,0.0,0.0,0.0,0,0.0
2024-02-19 00:00:00,0.0,0.0,0.0,0.0,0.0,0.0,0.0,0.0,0,0.0
2024-02-20 00:00:00,0.0,0.0,0.0,0.0,0.0,0.0,0.0,0.0,0,0.0
2024-02-21 00:00:00,0.0,0.0,0.0,0.0,0.0,0.0,0.0,0.0,0,0.0
2024-02-22 00:00:00,0.0,0.0,0.0,0.0,0.0,0.0,0.0,0.0,0,0.0
2024-02-23 00:00:00,0.0,0.0,0.0,0.0,0.0,0.0,0.0,0.0,553.3942346703751,0.0
2024-02-26 00:00:00,0.0,0.0,0.0,0.0,0.0,0.0,0.0,0.0,0,0.0
2024-02-27 00:00:00,0.0,0.0,0.0,0.0,0.0,0.0,0.0,0.0,0,0.0
2024-02-28 00:00:00,0.0,0.0,0.0,0.0,0.0,0.0,0.0,0.0,0,0.0
2024-02-29 00:00:00,0.0,0.0,0.0,0.0,0.0,0.0,0.0,0.0,0,0.0
2024-03-01 00:00:00,0.0,0.0,0.0,0.0,0.0,0.0,0.0,0.0,0,0.0
2024-03-04 00:00:00,0.0,0.0,0.0,0.0,0.0,0.0,0.0,0.0,0,0.0
2024-03-05 00:00:00,0.0,0.0,0.0,0.0,0.0,0.0,0.0,0.0,0,0.0
2024-03-06 00:00:00,0.0,0.0,0.0,0.0,0.0,0.0,0.0,0.0,828.7315844119107,0.0
2024-03-07 00:00:00,0.0,0.0,0.0,0.0,0.0,0.0,0.0,0.0,0,0.0
2024-03-11 00:00:00,0.0,0.0,0.0,0.0,0.0,0.0,0.0,0.0,0,0.0
2024-03-12 00:00:00,0.0,0.0,0.0,0.0,0.0,0.0,0.0,0.0,0,0.0
2024-03-13 00:00:00,0.0,0.0,0.0,0.0,0.0,0.0,0.0,0.0,0,0.0
2024-03-14 00:00:00,0.0,0.0,0.0,0.0,0.0,0.0,0.0,0.0,0,0.0
2024-03-15 00:00:00,0.0,0.0,0.0,0.0,0.0,0.0,0.0,0.0,0,0.0
2024-03-18 00:00:00,0.0,0.0,0.0,0.0,0.0,0.0,0.0,0.0,0,0.0
2024-03-19 00:00:00,0.0,0.0,0.0,0.0,0.0,0.0,0.0,0.0,0,0.0
2024-03-20 00:00:00,0.0,0.0,0.0,0.0,0.0,0.0,0.0,0.0,487.5300889445924,0.0
2024-03-21 00:00:00,0.0,0.0,0.0,0.0,0.0,0.0,0.0,0.0,0,0.0
2024-03-22 00:00:00,0.0,0.0,0.0,0.0,0.0,0.0,0.0,0.0,0,0.0
2024-03-26 00:00:00,0.0,0.0,0.0,0.0,0.0,0.0,0.0,0.0,632.1989252078997,0.0
2024-03-27 00:00:00,0.0,0.0,0.0,0.0,0.0,0.0,0.0,0.0,642.8233776082662,0.0
2024-03-28 00:00:00,0.0,0.0,0.0,0.0,0.0,0.0,0.0,0.0,607.9330888697701,0.0
2024-04-01 00:00:00,0.0,0.0,0.0,0.0,0.0,0.0,0.0,0.0,636.6147581518036,0.0
2024-04-02 00:00:00,0.0,0.0,0.0,0.0,0.0,0.0,0.0,0.0,0,0.0
2024-04-03 00:00:00,0.0,0.0,0.0,0.0,0.0,0.0,0.0,0.0,0,0.0
2024-04-04 00:00:00,0.0,0.0,0.0,0.0,0.0,0.0,0.0,0.0,0,0.0
2024-04-05 00:00:00,0.0,0.0,0.0,0.0,0.0,0.0,0.0,0.0,0,0.0
2024-04-08 00:00:00,0.0,0.0,0.0,0.0,0.0,0.0,0.0,0.0,0,0.0
2024-04-09 00:00:00,0.0,0.0,0.0,0.0,0.0,0.0,0.0,0.0,0,0.0
2024-04-10 00:00:00,0.0,0.0,0.0,0.0,0.0,0.0,0.0,0.0,0,0.0
2024-04-12 00:00:00,0.0,0.0,0.0,0.0,0.0,0.0,0.0,0.0,0,0.0
2024-04-15 00:00:00,0.0,0.0,0.0,0.0,0.0,0.0,0.0,0.0,0,0.0
2024-04-16 00:00:00,0.0,0.0,0.0,0.0,0.0,0.0,0.0,0.0,0,0.0
2024-04-18 00:00:00,0.0,0.0,0.0,0.0,0.0,0.0,0.0,0.0,0,0.0
2024-04-19 00:00:00,0.0,0.0,0.0,0.0,0.0,0.0,0.0,0.0,0,0.0
2024-04-22 00:00:00,0.0,0.0,0.0,0.0,0.0,0.0,0.0,0.0,0,0.0
2024-04-23 00:00:00,0.0,0.0,0.0,0.0,0.0,0.0,0.0,0.0,0,0.0
2024-04-24 00:00:00,0.0,0.0,0.0,0.0,0.0,0.0,0.0,0.0,617.851502640405,0.0
2024-04-25 00:00:00,0.0,0.0,0.0,0.0,0.0,0.0,0.0,0.0,629.8174276548882,0.0
2024-04-26 00:00:00,0.0,0.0,0.0,0.0,0.0,0.0,0.0,0.0,0,0.0
2024-04-29 00:00:00,0.0,0.0,0.0,0.0,0.0,0.0,0.0,0.0,0,0.0
2024-04-30 00:00:00,0.0,0.0,0.0,0.0,0.0,0.0,0.0,0.0,629.6589892526318,0.0
2024-05-02 00:00:00,0.0,0.0,0.0,0.0,0.0,0.0,0.0,0.0,0,0.0
2024-05-03 00:00:00,0.0,0.0,0.0,0.0,0.0,0.0,0.0,0.0,0,0.0
2024-05-06 00:00:00,0.0,0.0,0.0,0.0,0.0,0.0,0.0,0.0,0,0.0
2024-05-07 00:00:00,0.0,0.0,0.0,0.0,0.0,0.0,0.0,0.0,0,0.0
2024-05-08 00:00:00,0.0,0.0,0.0,0.0,0.0,0.0,0.0,0.0,0,0.0
2024-05-09 00:00:00,0.0,0.0,0.0,0.0,0.0,0.0,0.0,0.0,582.3604629072826,0.0
2024-05-10 00:00:00,0.0,0.0,0.0,0.0,0.0,0.0,0.0,0.0,0,0.0
2024-05-13 00:00:00,0.0,0.0,0.0,0.0,0.0,0.0,0.0,0.0,0,0.0
2024-05-14 00:00:00,0.0,0.0,0.0,0.0,0.0,0.0,0.0,0.0,0,0.0
2024-05-15 00:00:00,0.0,0.0,0.0,0.0,0.0,0.0,0.0,0.0,0,0.0
2024-05-16 00:00:00,0.0,0.0,0.0,0.0,0.0,0.0,0.0,0.0,0,0.0
2024-05-17 00:00:00,0.0,0.0,0.0,0.0,0.0,0.0,0.0,0.0,0,0.0
2024-05-21 00:00:00,0.0,0.0,0.0,0.0,0.0,0.0,0.0,0.0,0,0.0
2024-05-22 00:00:00,0.0,0.0,0.0,0.0,0.0,0.0,0.0,0.0,0,0.0
2024-05-23 00:00:00,0.0,0.0,0.0,0.0,0.0,0.0,0.0,0.0,613.5561941628682,0.0
2024-05-24 00:00:00,0.0,0.0,0.0,0.0,0.0,0.0,0.0,0.0,615.3553534246942,0.0
2024-05-27 00:00:00,0.0,0.0,0.0,0.0,0.0,0.0,0.0,0.0,0,0.0
2024-05-28 00:00:00,0.0,0.0,0.0,0.0,0.0,0.0,0.0,0.0,0,0.0
2024-05-29 00:00:00,0.0,0.0,0.0,0.0,0.0,0.0,0.0,0.0,0,0.0
2024-05-30 00:00:00,0.0,0.0,0.0,0.0,0.0,0.0,0.0,0.0,0,0.0
2024-05-31 00:00:00,0.0,0.0,0.0,0.0,0.0,0.0,0.0,0.0,0,0.0
2024-06-03 00:00:00,0.0,0.0,0.0,0.0,0.0,0.0,0.0,0.0,0,0.0
2024-06-04 00:00:00,0.0,0.0,0.0,0.0,0.0,0.0,0.0,0.0,585.7318436170711,0.0
2024-06-05 00:00:00,0.0,0.0,0.0,0.0,0.0,0.0,0.0,0.0,0,0.0
2024-06-06 00:00:00,0.0,0.0,0.0,0.0,0.0,0.0,0.0,0.0,0,0.0
2024-06-07 00:00:00,0.0,0.0,0.0,0.0,0.0,0.0,0.0,0.0,0,0.0
2024-06-10 00:00:00,0.0,0.0,0.0,0.0,0.0,0.0,0.0,0.0,0,0.0
2024-06-11 00:00:00,0.0,0.0,0.0,0.0,0.0,0.0,0.0,0.0,0,0.0
2024-06-12 00:00:00,0.0,0.0,0.0,0.0,0.0,0.0,0.0,0.0,0,0.0
2024-06-13 00:00:00,0.0,0.0,0.0,0.0,0.0,0.0,0.0,0.0,0,0.0
2024-06-14 00:00:00,0.0,0.0,0.0,0.0,0.0,0.0,0.0,0.0,0,0.0
2024-06-18 00:00:00,0.0,0.0,0.0,0.0,0.0,0.0,0.0,0.0,585.6157502178465,0.0
2024-06-19 00:00:00,0.0,0.0,0.0,0.0,0.0,0.0,0.0,0.0,0,0.0
2024-06-20 00:00:00,0.0,0.0,0.0,0.0,0.0,0.0,0.0,0.0,0,0.0
2024-06-21 00:00:00,0.0,0.0,0.0,0.0,0.0,0.0,0.0,0.0,0,0.0
2024-06-24 00:00:00,0.0,0.0,0.0,0.0,0.0,0.0,0.0,0.0,0,0.0
2024-06-25 00:00:00,0.0,0.0,0.0,0.0,0.0,0.0,0.0,0.0,618.2711933704957,0.0
2024-06-26 00:00:00,0.0,0.0,0.0,0.0,0.0,0.0,0.0,0.0,0,0.0
2024-06-27 00:00:00,0.0,0.0,0.0,0.0,0.0,0.0,0.0,0.0,0,0.0
2024-06-28 00:00:00,0.0,0.0,0.0,0.0,0.0,0.0,0.0,0.0,0,0.0
2024-07-01 00:00:00,0.0,0.0,0.0,0.0,0.0,0.0,0.0,0.0,594.0445229151735,0.0
2024-07-02 00:00:00,0.0,0.0,0.0,0.0,0.0,0.0,0.0,0.0,0,0.0
2024-07-03 00:00:00,0.0,0.0,0.0,0.0,0.0,0.0,0.0,0.0,0,0.0
2024-07-04 00:00:00,0.0,0.0,0.0,0.0,0.0,0.0,0.0,0.0,0,0.0
2024-07-05 00:00:00,0.0,0.0,0.0,0.0,0.0,0.0,0.0,0.0,0,0.0
2024-07-08 00:00:00,0.0,0.0,0.0,0.0,0.0,0.0,0.0,0.0,0,0.0
2024-07-09 00:00:00,0.0,0.0,0.0,0.0,0.0,0.0,0.0,0.0,0,0.0
2024-07-10 00:00:00,0.0,0.0,0.0,0.0,0.0,0.0,0.0,0.0,0,0.0
2024-07-11 00:00:00,0.0,0.0,0.0,0.0,0.0,0.0,0.0,0.0,0,0.0
2024-07-12 00:00:00,0.0,0.0,0.0,0.0,0.0,0.0,0.0,0.0,0,0.0
2024-07-15 00:00:00,0.0,0.0,0.0,0.0,0.0,0.0,0.0,0.0,578.6152766942947,0.0
2024-07-16 00:00:00,0.0,0.0,0.0,0.0,0.0,0.0,0.0,0.0,0,0.0
2024-07-18 00:00:00,0.0,0.0,0.0,0.0,0.0,0.0,0.0,0.0,0,0.0
2024-07-19 00:00:00,0.0,0.0,0.0,0.0,0.0,0.0,0.0,0.0,0,0.0
2024-07-22 00:00:00,0.0,0.0,0.0,0.0,0.0,0.0,0.0,0.0,0,0.0
2024-07-23 00:00:00,0.0,0.0,0.0,0.0,0.0,0.0,0.0,0.0,0,0.0
2024-07-24 00:00:00,0.0,0.0,0.0,0.0,0.0,0.0,0.0,0.0,581.2471143140463,0.0
2024-07-25 00:00:00,0.0,0.0,0.0,0.0,0.0,0.0,0.0,0.0,594.3795799866627,0.0
2024-07-26 00:00:00,0.0,0.0,0.0,0.0,0.0,0.0,0.0,0.0,0,0.0
2024-07-29 00:00:00,0.0,0.0,0.0,0.0,0.0,0.0,0.0,0.0,0,0.0
2024-07-30 00:00:00,0.0,0.0,0.0,0.0,0.0,0.0,0.0,0.0,592.3931305124071,0.0
2024-07-31 00:00:00,0.0,0.0,0.0,0.0,0.0,0.0,0.0,0.0,0,0.0
2024-08-01 00:00:00,0.0,0.0,0.0,0.0,0.0,0.0,0.0,0.0,0,0.0
2024-08-02 00:00:00,0.0,0.0,0.0,0.0,0.0,0.0,0.0,0.0,0,0.0
2024-08-05 00:00:00,0.0,0.0,0.0,0.0,0.0,0.0,0.0,0.0,0,0.0
2024-08-06 00:00:00,0.0,0.0,0.0,0.0,0.0,0.0,0.0,0.0,0,0.0
2024-08-07 00:00:00,0.0,0.0,0.0,0.0,0.0,0.0,0.0,0.0,0,0.0
2024-08-08 00:00:00,0.0,0.0,0.0,0.0,0.0,0.0,0.0,0.0,0,0.0
2024-08-09 00:00:00,0.0,0.0,0.0,0.0,0.0,0.0,0.0,0.0,0,0.0
2024-08-12 00:00:00,0.0,0.0,0.0,0.0,0.0,0.0,0.0,0.0,0,0.0
2024-08-13 00:00:00,0.0,0.0,0.0,0.0,0.0,0.0,0.0,0.0,0,0.0
2024-08-14 00:00:00,0.0,0.0,0.0,0.0,0.0,0.0,0.0,0.0,545.0645012481325,0.0
2024-08-16 00:00:00,0.0,0.0,0.0,0.0,0.0,0.0,0.0,0.0,0,0.0
2024-08-19 00:00:00,0.0,0.0,0.0,0.0,0.0,0.0,0.0,0.0,0,0.0
2024-08-20 00:00:00,0.0,0.0,0.0,0.0,0.0,0.0,0.0,0.0,0,0.0
2024-08-21 00:00:00,0.0,0.0,0.0,0.0,0.0,0.0,0.0,0.0,0,0.0
2024-08-22 00:00:00,0.0,0.0,0.0,0.0,0.0,0.0,0.0,0.0,0,0.0
2024-08-23 00:00:00,0.0,0.0,0.0,0.0,0.0,0.0,0.0,0.0,575.2103168968434,0.0
2024-08-26 00:00:00,0.0,0.0,0.0,0.0,0.0,0.0,0.0,0.0,0,0.0
2024-08-27 00:00:00,0.0,0.0,0.0,0.0,0.0,0.0,0.0,0.0,574.9630199434428,0.0
2024-08-28 00:00:00,0.0,0.0,0.0,0.0,0.0,0.0,0.0,0.0,0,0.0
2024-08-29 00:00:00,0.0,0.0,0.0,0.0,0.0,0.0,0.0,0.0,0,0.0
2024-08-30 00:00:00,0.0,0.0,0.0,0.0,0.0,0.0,0.0,0.0,0,0.0
2024-09-02 00:00:00,0.0,0.0,0.0,0.0,0.0,0.0,0.0,0.0,0,0.0
2024-09-03 00:00:00,0.0,0.0,0.0,0.0,0.0,0.0,0.0,0.0,0,0.0
2024-09-04 00:00:00,0.0,0.0,0.0,0.0,0.0,0.0,0.0,0.0,569.7712030977771,0.0
2024-09-05 00:00:00,0.0,0.0,0.0,0.0,0.0,0.0,0.0,0.0,0,0.0
2024-09-06 00:00:00,0.0,0.0,0.0,0.0,0.0,0.0,0.0,0.0,632.6891519285322,0.0
2024-09-09 00:00:00,0.0,0.0,0.0,0.0,0.0,0.0,0.0,0.0,0,0.0
2024-09-10 00:00:00,0.0,0.0,0.0,0.0,0.0,0.0,0.0,0.0,0,0.0
2024-09-11 00:00:00,0.0,0.0,0.0,0.0,0.0,0.0,0.0,0.0,0,0.0
2024-09-12 00:00:00,0.0,0.0,0.0,0.0,0.0,0.0,0.0,0.0,0,0.0
2024-09-13 00:00:00,0.0,0.0,0.0,0.0,0.0,0.0,0.0,0.0,0,0.0
2024-09-16 00:00:00,0.0,0.0,0.0,0.0,0.0,0.0,0.0,0.0,0,0.0
2024-09-17 00:00:00,0.0,0.0,0.0,0.0,0.0,0.0,0.0,0.0,0,0.0
2024-09-18 00:00:00,0.0,0.0,0.0,0.0,0.0,0.0,0.0,0.0,0,0.0
2024-09-19 00:00:00,0.0,0.0,0.0,0.0,0.0,0.0,0.0,0.0,0,0.0
2024-09-20 00:00:00,0.0,0.0,0.0,0.0,0.0,0.0,0.0,0.0,0,0.0
2024-09-23 00:00:00,0.0,0.0,0.0,0.0,0.0,0.0,0.0,0.0,0,0.0
2024-09-24 00:00:00,0.0,0.0,0.0,0.0,0.0,0.0,0.0,0.0,0,0.0
2024-09-25 00:00:00,0.0,0.0,0.0,0.0,0.0,0.0,0.0,0.0,576.1684969413413,0.0
2024-09-26 00:00:00,0.0,0.0,0.0,0.0,0.0,0.0,0.0,0.0,689.8797192806363,0.0
2024-09-27 00:00:00,0.0,0.0,0.0,0.0,0.0,0.0,0.0,0.0,0,0.0
2024-09-30 00:00:00,0.0,0.0,0.0,0.0,0.0,0.0,0.0,0.0,0,0.0
2024-10-01 00:00:00,0.0,0.0,0.0,0.0,0.0,0.0,0.0,0.0,0,0.0
2024-10-03 00:00:00,0.0,0.0,0.0,0.0,0.0,0.0,0.0,0.0,0,0.0
2024-10-04 00:00:00,0.0,0.0,0.0,0.0,0.0,0.0,0.0,0.0,0,0.0
2024-10-07 00:00:00,0.0,0.0,0.0,0.0,0.0,0.0,0.0,0.0,0,0.0
2024-10-08 00:00:00,0.0,0.0,0.0,0.0,0.0,0.0,0.0,0.0,0,0.0
2024-10-09 00:00:00,0.0,0.0,0.0,0.0,0.0,0.0,0.0,0.0,558.296556738502,0.0
2024-10-10 00:00:00,0.0,0.0,0.0,0.0,0.0,0.0,0.0,0.0,0,0.0
2024-10-11 00:00:00,0.0,0.0,0.0,0.0,0.0,0.0,0.0,0.0,0,0.0
2024-10-14 00:00:00,0.0,0.0,0.0,0.0,0.0,0.0,0.0,0.0,0,0.0
2024-10-15 00:00:00,0.0,0.0,0.0,0.0,0.0,0.0,0.0,0.0,0,0.0
2024-10-16 00:00:00,0.0,0.0,0.0,0.0,0.0,0.0,0.0,0.0,0,0.0
2024-10-17 00:00:00,0.0,0.0,0.0,0.0,0.0,0.0,0.0,0.0,538.4688284603847,0.0
2024-10-18 00:00:00,0.0,0.0,0.0,0.0,0.0,0.0,0.0,0.0,0,0.0
2024-10-21 00:00:00,0.0,0.0,0.0,0.0,0.0,0.0,0.0,0.0,0,0.0
2024-10-22 00:00:00,0.0,0.0,0.0,0.0,0.0,0.0,0.0,0.0,0,0.0
2024-10-23 00:00:00,0.0,0.0,0.0,0.0,0.0,0.0,0.0,0.0,587.0212037619842,0.0
2024-10-24 00:00:00,0.0,0.0,0.0,0.0,0.0,0.0,0.0,0.0,570.077190674837,0.0
2024-10-25 00:00:00,0.0,0.0,0.0,0.0,0.0,0.0,0.0,0.0,0,0.0
2024-10-28 00:00:00,0.0,0.0,0.0,0.0,0.0,0.0,0.0,0.0,1689.591307787142,0.0
2024-10-29 00:00:00,0.0,0.0,0.0,0.0,0.0,0.0,0.0,0.0,0,0.0
2024-10-30 00:00:00,0.0,0.0,0.0,0.0,0.0,0.0,0.0,0.0,0,0.0
2024-10-31 00:00:00,0.0,0.0,0.0,0.0,0.0,0.0,0.0,0.0,0,0.0
2024-11-01 00:00:00,0.0,0.0,0.0,0.0,0.0,0.0,0.0,0.0,0,0.0
2024-11-04 00:00:00,0.0,0.0,0.0,0.0,0.0,0.0,0.0,0.0,0,0.0
2024-11-05 00:00:00,0.0,0.0,0.0,0.0,0.0,0.0,0.0,0.0,0,0.0
2024-11-06 00:00:00,0.0,0.0,0.0,0.0,0.0,0.0,0.0,0.0,0,0.0
2024-11-07 00:00:00,0.0,0.0,0.0,0.0,0.0,0.0,0.0,0.0,0,0.0
2024-11-08 00:00:00,0.0,0.0,0.0,0.0,0.0,0.0,0.0,0.0,0,0.0
2024-11-11 00:00:00,0.0,0.0,0.0,0.0,0.0,0.0,0.0,0.0,0,0.0
2024-11-12 00:00:00,0.0,0.0,0.0,0.0,0.0,0.0,0.0,0.0,0,0.0
2024-11-13 00:00:00,0.0,0.0,0.0,0.0,0.0,0.0,0.0,0.0,0,0.0
2024-11-14 00:00:00,0.0,0.0,0.0,0.0,0.0,0.0,0.0,0.0,0,0.0
2024-11-18 00:00:00,0.0,0.0,0.0,0.0,0.0,0.0,0.0,0.0,0,0.0
2024-11-19 00:00:00,0.0,0.0,0.0,0.0,0.0,0.0,0.0,0.0,0,0.0
2024-11-21 00:00:00,0.0,0.0,0.0,0.0,0.0,0.0,0.0,0.0,0,0.0
2024-11-22 00:00:00,0.0,0.0,0.0,0.0,0.0,0.0,0.0,0.0,0,0.0
2024-11-25 00:00:00,0.0,0.0,0.0,0.0,0.0,0.0,0.0,0.0,0,0.0
2024-11-26 00:00:00,0.0,0.0,0.0,0.0,0.0,0.0,0.0,0.0,0,0.0
2024-11-27 00:00:00,0.0,0.0,0.0,0.0,0.0,0.0,0.0,0.0,0,0.0
2024-11-28 00:00:00,0.0,0.0,0.0,0.0,0.0,0.0,0.0,0.0,0,0.0
2024-11-29 00:00:00,0.0,0.0,0.0,0.0,0.0,0.0,0.0,0.0,0,0.0
2024-12-02 00:00:00,0.0,0.0,0.0,0.0,0.0,0.0,0.0,0.0,0,0.0
2024-12-03 00:00:00,0.0,0.0,0.0,0.0,0.0,0.0,0.0,0.0,0,0.0
2024-12-04 00:00:00,0.0,0.0,0.0,0.0,0.0,0.0,0.0,0.0,0,0.0
2024-12-05 00:00:00,0.0,0.0,0.0,0.0,0.0,0.0,0.0,0.0,0,0.0
2024-12-06 00:00:00,0.0,0.0,0.0,0.0,0.0,0.0,0.0,0.0,0,0.0
2024-12-09 00:00:00,0.0,0.0,0.0,0.0,0.0,0.0,0.0,0.0,0,0.0
2024-12-10 00:00:00,0.0,0.0,0.0,0.0,0.0,0.0,0.0,0.0,0,0.0
2024-12-11 00:00:00,0.0,0.0,0.0,0.0,0.0,0.0,0.0,0.0,0,0.0
2024-12-12 00:00:00,0.0,0.0,0.0,0.0,0.0,0.0,0.0,0.0,0,0.0
2024-12-13 00:00:00,0.0,0.0,0.0,0.0,0.0,0.0,0.0,0.0,0,0.0
2024-12-16 00:00:00,0.0,0.0,0.0,0.0,0.0,0.0,0.0,0.0,0,0.0
2024-12-17 00:00:00,0.0,0.0,0.0,0.0,0.0,0.0,0.0,0.0,0,0.0
2024-12-18 00:00:00,0.0,0.0,0.0,0.0,0.0,0.0,0.0,0.0,0,0.0
2024-12-19 00:00:00,0.0,0.0,0.0,0.0,0.0,0.0,0.0,0.0,0,0.0
2024-12-20 00:00:00,0.0,0.0,0.0,0.0,0.0,0.0,0.0,0.0,0,0.0
2024-12-23 00:00:00,0.0,0.0,0.0,0.0,0.0,0.0,0.0,0.0,0,0.0
2024-12-24 00:00:00,0.0,0.0,0.0,0.0,0.0,0.0,0.0,0.0,0,0.0
2024-12-26 00:00:00,0.0,0.0,0.0,0.0,0.0,0.0,0.0,0.0,0,0.0
2024-12-27 00:00:00,0.0,0.0,0.0,0.0,0.0,0.0,0.0,0.0,0,0.0
2024-12-30 00:00:00,0.0,0.0,0.0,0.0,0.0,0.0,0.0,0.0,0,0.0
2024-12-31 00:00:00,0.0,0.0,0.0,0.0,0.0,0.0,0.0,0.0,0,0.0
2025-01-01 00:00:00,0.0,0.0,0.0,0.0,0.0,0.0,0.0,0.0,0,0.0
2025-01-02 00:00:00,0.0,0.0,0.0,0.0,0.0,0.0,0.0,0.0,0,0.0
2025-01-03 00:00:00,0.0,0.0,0.0,0.0,0.0,0.0,0.0,0.0,0,0.0
2025-01-06 00:00:00,0.0,0.0,0.0,0.0,0.0,0.0,0.0,0.0,0,0.0
2025-01-07 00:00:00,0.0,0.0,0.0,0.0,0.0,0.0,0.0,0.0,0,0.0
2025-01-08 00:00:00,0.0,0.0,0.0,0.0,0.0,0.0,0.0,0.0,0,0.0
2025-01-09 00:00:00,0.0,0.0,0.0,0.0,0.0,0.0,0.0,0.0,0,0.0
2025-01-10 00:00:00,0.0,0.0,0.0,0.0,0.0,0.0,0.0,0.0,0,0.0
2025-01-13 00:00:00,0.0,0.0,0.0,0.0,0.0,0.0,0.0,0.0,0,0.0
2025-01-14 00:00:00,0.0,0.0,0.0,0.0,0.0,0.0,0.0,0.0,0,0.0
2025-01-15 00:00:00,0.0,0.0,0.0,0.0,0.0,0.0,0.0,0.0,0,0.0
2025-01-16 00:00:00,0.0,0.0,0.0,0.0,0.0,0.0,0.0,0.0,0,0.0
2025-01-17 00:00:00,0.0,0.0,0.0,0.0,0.0,0.0,0.0,0.0,0,0.0
2025-01-20 00:00:00,0.0,0.0,0.0,0.0,0.0,0.0,0.0,0.0,0,0.0
2025-01-21 00:00:00,0.0,0.0,0.0,0.0,0.0,0.0,0.0,0.0,0,0.0
2025-01-22 00:00:00,0.0,0.0,0.0,0.0,0.0,0.0,0.0,0.0,0,0.0
2025-01-23 00:00:00,0.0,0.0,0.0,0.0,0.0,0.0,0.0,0.0,0,0.0
2025-01-24 00:00:00,0.0,0.0,0.0,0.0,0.0,0.0,0.0,0.0,0,0.0
2025-01-27 00:00:00,0.0,0.0,0.0,0.0,0.0,0.0,0.0,0.0,0,0.0
2025-01-28 00:00:00,0.0,0.0,0.0,0.0,0.0,0.0,0.0,0.0,0,0.0
2025-01-29 00:00:00,0.0,0.0,0.0,0.0,0.0,0.0,0.0,0.0,0,0.0
2025-01-30 00:00:00,0.0,0.0,0.0,0.0,0.0,0.0,0.0,0.0,0,0.0
2025-01-31 00:00:00,0.0,0.0,0.0,0.0,0.0,0.0,0.0,0.0,0,0.0
2025-02-01 00:00:00,0.0,0.0,0.0,0.0,0.0,0.0,0.0,0.0,0,0.0
2025-02-03 00:00:00,0.0,0.0,0.0,0.0,0.0,0.0,0.0,0.0,0,0.0
2025-02-04 00:00:00,0.0,0.0,0.0,0.0,0.0,0.0,0.0,0.0,0,0.0
2025-02-05 00:00:00,0.0,0.0,0.0,0.0,0.0,0.0,0.0,0.0,0,0.0
2025-02-06 00:00:00,0.0,0.0,0.0,0.0,0.0,0.0,0.0,0.0,0,0.0
2025-02-07 00:00:00,0.0,0.0,0.0,0.0,0.0,0.0,0.0,0.0,0,0.0
2025-02-10 00:00:00,0.0,0.0,0.0,0.0,0.0,0.0,0.0,0.0,0,0.0
2025-02-11 00:00:00,0.0,0.0,0.0,0.0,0.0,0.0,0.0,0.0,0,0.0
2025-02-12 00:00:00,0.0,0.0,0.0,0.0,0.0,0.0,0.0,0.0,0,0.0
2025-02-13 00:00:00,0.0,0.0,0.0,0.0,0.0,0.0,0.0,0.0,0,0.0
2025-02-14 00:00:00,0.0,0.0,0.0,0.0,0.0,0.0,0.0,0.0,0,0.0
2025-02-17 00:00:00,0.0,0.0,0.0,0.0,0.0,0.0,0.0,0.0,0,0.0
2025-02-18 00:00:00,0.0,0.0,0.0,0.0,0.0,0.0,0.0,0.0,0,0.0
2025-02-19 00:00:00,0.0,0.0,0.0,0.0,0.0,0.0,0.0,0.0,0,0.0
2025-02-20 00:00:00,0.0,0.0,0.0,0.0,0.0,0.0,0.0,0.0,0,0.0
2025-02-21 00:00:00,0.0,0.0,0.0,0.0,0.0,0.0,0.0,0.0,0,0.0
2025-02-24 00:00:00,0.0,0.0,0.0,0.0,0.0,0.0,0.0,0.0,0,0.0
2025-02-25 00:00:00,0.0,0.0,0.0,0.0,0.0,0.0,0.0,0.0,0,0.0
2025-02-27 00:00:00,0.0,0.0,0.0,0.0,0.0,0.0,0.0,0.0,0,0.0
2025-02-28 00:00:00,0.0,0.0,0.0,0.0,0.0,0.0,0.0,0.0,0,0.0
2025-03-03 00:00:00,0.0,0.0,0.0,0.0,0.0,0.0,0.0,0.0,0,0.0
2025-03-04 00:00:00,0.0,0.0,0.0,0.0,0.0,0.0,0.0,0.0,0,0.0
2025-03-05 00:00:00,0.0,0.0,0.0,0.0,0.0,0.0,0.0,0.0,0,0.0
2025-03-06 00:00:00,0.0,0.0,0.0,0.0,0.0,0.0,0.0,0.0,0,0.0
2025-03-07 00:00:00,0.0,0.0,0.0,0.0,0.0,0.0,0.0,0.0,0,0.0
2025-03-10 00:00:00,0.0,0.0,0.0,0.0,0.0,0.0,0.0,0.0,0,0.0
2025-03-11 00:00:00,0.0,0.0,0.0,0.0,0.0,0.0,0.0,0.0,0,0.0
2025-03-12 00:00:00,0.0,0.0,0.0,0.0,0.0,0.0,0.0,0.0,0,0.0
2025-03-13 00:00:00,0.0,0.0,0.0,0.0,0.0,0.0,0.0,0.0,0,0.0
2025-03-17 00:00:00,0.0,0.0,0.0,0.0,0.0,0.0,0.0,0.0,0,0.0
2025-03-18 00:00:00,0.0,0.0,0.0,0.0,0.0,0.0,0.0,0.0,0,0.0
2025-03-19 00:00:00,0.0,0.0,0.0,0.0,0.0,0.0,0.0,0.0,0,0.0
2025-03-20 00:00:00,0.0,0.0,0.0,0.0,0.0,0.0,0.0,0.0,0,0.0
2025-03-21 00:00:00,0.0,0.0,0.0,0.0,0.0,0.0,0.0,0.0,0,0.0
2025-03-24 00:00:00,0.0,0.0,0.0,0.0,0.0,0.0,0.0,0.0,0,0.0
2025-03-25 00:00:00,0.0,0.0,0.0,0.0,0.0,0.0,0.0,0.0,0,0.0
2025-03-26 00:00:00,0.0,0.0,0.0,0.0,0.0,0.0,0.0,0.0,0,0.0
2025-03-27 00:00:00,0.0,0.0,0.0,0.0,0.0,0.0,0.0,0.0,0,0.0
2025-03-28 00:00:00,0.0,0.0,0.0,0.0,0.0,0.0,0.0,0.0,0,0.0
2025-04-01 00:00:00,0.0,0.0,0.0,0.0,0.0,0.0,0.0,0.0,3268.7918860469726,0.0
2025-04-02 00:00:00,0.0,0.0,0.0,0.0,0.0,0.0,0.0,0.0,651.8381775594223,0.0
2025-04-03 00:00:00,0.0,0.0,0.0,0.0,0.0,0.0,0.0,0.0,0,0.0
2025-04-04 00:00:00,0.0,0.0,0.0,0.0,0.0,0.0,0.0,0.0,624.228986670225,0.0
2025-04-07 00:00:00,0.0,0.0,0.0,0.0,0.0,0.0,0.0,0.0,555.9637359356121,0.0
2025-04-08 00:00:00,0.0,0.0,0.0,0.0,0.0,0.0,0.0,0.0,0,0.0
2025-04-09 00:00:00,0.0,0.0,0.0,0.0,0.0,0.0,0.0,0.0,0,0.0
2025-04-11 00:00:00,0.0,0.0,0.0,0.0,0.0,0.0,0.0,0.0,0,0.0
2025-04-15 00:00:00,0.0,0.0,0.0,0.0,0.0,0.0,0.0,0.0,0,0.0
2025-04-16 00:00:00,0.0,0.0,0.0,0.0,0.0,0.0,0.0,0.0,0,0.0
2025-04-17 00:00:00,0.0,0.0,0.0,0.0,0.0,0.0,0.0,0.0,0,0.0
2025-04-21 00:00:00,0.0,0.0,0.0,0.0,0.0,0.0,0.0,0.0,0,0.0
2025-04-22 00:00:00,0.0,0.0,0.0,0.0,0.0,0.0,0.0,0.0,0,0.0
2025-04-23 00:00:00,0.0,0.0,0.0,0.0,0.0,0.0,0.0,0.0,602.5431073558038,0.0
2025-04-24 00:00:00,0.0,0.0,0.0,0.0,0.0,0.0,0.0,0.0,601.4562989018601,0.0
2025-04-25 00:00:00,0.0,0.0,0.0,0.0,0.0,0.0,0.0,0.0,0,0.0
2025-04-28 00:00:00,0.0,0.0,0.0,0.0,0.0,0.0,0.0,0.0,0,0.0
2025-04-29 00:00:00,0.0,0.0,0.0,0.0,0.0,0.0,0.0,0.0,0,0.0
2025-04-30 00:00:00,0.0,0.0,0.0,0.0,0.0,0.0,0.0,0.0,0,0.0
2025-05-02 00:00:00,0.0,0.0,0.0,0.0,0.0,0.0,0.0,0.0,0,0.0
2025-05-05 00:00:00,0.0,0.0,0.0,0.0,0.0,0.0,0.0,0.0,0,0.0
2025-05-06 00:00:00,0.0,0.0,0.0,0.0,0.0,0.0,0.0,0.0,0,0.0
2025-05-07 00:00:00,0.0,0.0,0.0,0.0,0.0,0.0,0.0,0.0,0,0.0
2025-05-08 00:00:00,0.0,0.0,0.0,0.0,0.0,0.0,0.0,0.0,0,0.0
2025-05-09 00:00:00,0.0,0.0,0.0,0.0,0.0,0.0,0.0,0.0,0,0.0
2025-05-12 00:00:00,0.0,0.0,0.0,0.0,0.0,0.0,0.0,0.0,0,0.0
2025-05-13 00:00:00,0.0,0.0,0.0,0.0,0.0,0.0,0.0,0.0,0,0.0
2025-05-14 00:00:00,0.0,0.0,0.0,0.0,0.0,0.0,0.0,0.0,0,0.0
2025-05-15 00:00:00,0.0,0.0,0.0,0.0,0.0,0.0,0.0,0.0,0,0.0
2025-05-16 00:00:00,0.0,0.0,0.0,0.0,0.0,0.0,0.0,0.0,629.9857375429855,0.0
2025-05-19 00:00:00,0.0,0.0,0.0,0.0,0.0,0.0,0.0,0.0,0,0.0
2025-05-20 00:00:00,0.0,0.0,0.0,0.0,0.0,0.0,0.0,0.0,0,0.0
2025-05-21 00:00:00,0.0,0.0,0.0,0.0,0.0,0.0,0.0,0.0,0,0.0
2025-05-22 00:00:00,0.0,0.0,0.0,0.0,0.0,0.0,0.0,0.0,0,0.0
2025-05-23 00:00:00,0.0,0.0,0.0,0.0,0.0,0.0,0.0,0.0,607.5588666918574,0.0
2025-05-26 00:00:00,0.0,0.0,0.0,0.0,0.0,0.0,0.0,0.0,614.6963177952064,0.0
2025-05-27 00:00:00,0.0,0.0,0.0,0.0,0.0,0.0,0.0,0.0,0,0.0
2025-05-28 00:00:00,0.0,0.0,0.0,0.0,0.0,0.0,0.0,0.0,0,0.0
2025-05-29 00:00:00,0.0,0.0,0.0,0.0,0.0,0.0,0.0,0.0,0,0.0
2025-05-30 00:00:00,0.0,0.0,0.0,0.0,0.0,0.0,0.0,0.0,0,0.0
2025-06-02 00:00:00,0.0,0.0,0.0,0.0,0.0,0.0,0.0,0.0,0,0.0
2025-06-03 00:00:00,0.0,0.0,0.0,0.0,0.0,0.0,0.0,0.0,0,0.0
2025-06-04 00:00:00,0.0,0.0,0.0,0.0,0.0,0.0,0.0,0.0,0,0.0
2025-06-05 00:00:00,0.0,0.0,0.0,0.0,0.0,0.0,0.0,0.0,567.9075030304921,0.0
2025-06-06 00:00:00,0.0,0.0,0.0,0.0,0.0,0.0,0.0,0.0,0,0.0
2025-06-09 00:00:00,0.0,0.0,0.0,0.0,0.0,0.0,0.0,0.0,0,0.0
2025-06-10 00:00:00,0.0,0.0,0.0,0.0,0.0,0.0,0.0,0.0,0,0.0
2025-06-11 00:00:00,0.0,0.0,0.0,0.0,0.0,0.0,0.0,0.0,0,0.0
2025-06-12 00:00:00,0.0,0.0,0.0,0.0,0.0,0.0,0.0,0.0,0,0.0
2025-06-13 00:00:00,0.0,0.0,0.0,0.0,0.0,0.0,0.0,0.0,0,0.0
2025-06-16 00:00:00,0.0,0.0,0.0,0.0,0.0,0.0,0.0,0.0,0,0.0
2025-06-17 00:00:00,0.0,0.0,0.0,0.0,0.0,0.0,0.0,0.0,0,0.0
2025-06-18 00:00:00,0.0,0.0,0.0,0.0,0.0,0.0,0.0,0.0,0,0.0
2025-06-19 00:00:00,0.0,0.0,0.0,0.0,0.0,0.0,0.0,0.0,0,0.0
2025-06-20 00:00:00,0.0,0.0,0.0,0.0,0.0,0.0,0.0,0.0,0,0.0
2025-06-23 00:00:00,0.0,0.0,0.0,0.0,0.0,0.0,0.0,0.0,0,0.0
2025-06-24 00:00:00,0.0,0.0,0.0,0.0,0.0,0.0,0.0,0.0,0,0.0
2025-06-25 00:00:00,0.0,0.0,0.0,0.0,0.0,0.0,0.0,0.0,592.679220956724,0.0
2025-06-26 00:00:00,0.0,0.0,0.0,0.0,0.0,0.0,0.0,0.0,593.8854046289571,0.0
2025-06-27 00:00:00,0.0,0.0,0.0,0.0,0.0,0.0,0.0,0.0,0,0.0
2025-06-30 00:00:00,0.0,0.0,0.0,0.0,0.0,0.0,0.0,0.0,0,0.0
2025-07-01 00:00:00,0.0,0.0,0.0,0.0,0.0,0.0,0.0,0.0,595.0055368022881,0.0
2025-07-02 00:00:00,0.0,0.0,0.0,0.0,0.0,0.0,0.0,0.0,0,0.0
2025-07-03 00:00:00,0.0,0.0,0.0,0.0,0.0,0.0,0.0,0.0,0,0.0
2025-07-04 00:00:00,0.0,0.0,0.0,0.0,0.0,0.0,0.0,0.0,0,0.0
2025-07-07 00:00:00,0.0,0.0,0.0,0.0,0.0,0.0,0.0,0.0,0,0.0
2025-07-08 00:00:00,0.0,0.0,0.0,0.0,0.0,0.0,0.0,0.0,0,0.0
2025-07-09 00:00:00,0.0,0.0,0.0,0.0,0.0,0.0,0.0,0.0,0,0.0
2025-07-10 00:00:00,0.0,0.0,0.0,0.0,0.0,0.0,0.0,0.0,0,0.0
2025-07-11 00:00:00,0.0,0.0,0.0,0.0,0.0,0.0,0.0,0.0,0,0.0
2025-07-14 00:00:00,0.0,0.0,0.0,0.0,0.0,0.0,0.0,0.0,0,0.0
2025-07-15 00:00:00,0.0,0.0,0.0,0.0,0.0,0.0,0.0,0.0,0,0.0
2025-07-16 00:00:00,0.0,0.0,0.0,0.0,0.0,0.0,0.0,0.0,0,0.0
2025-07-17 00:00:00,0.0,0.0,0.0,0.0,0.0,0.0,0.0,0.0,0,0.0
2025-07-18 00:00:00,0.0,0.0,0.0,0.0,0.0,0.0,0.0,0.0,0,0.0
2025-07-21 00:00:00,0.0,0.0,0.0,0.0,0.0,0.0,0.0,0.0,0,0.0
2025-07-22 00:00:00,0.0,0.0,0.0,0.0,0.0,0.0,0.0,0.0,0,0.0
2025-07-23 00:00:00,0.0,0.0,0.0,0.0,0.0,0.0,0.0,0.0,1166.2407361057851,0.0
2025-07-24 00:00:00,0.0,0.0,0.0,0.0,0.0,0.0,0.0,0.0,0,0.0
2025-07-25 00:00:00,0.0,0.0,0.0,0.0,0.0,0.0,0.0,0.0,0,0.0
2025-07-28 00:00:00,0.0,0.0,0.0,0.0,0.0,0.0,0.0,0.0,0,0.0
2025-07-29 00:00:00,0.0,0.0,0.0,0.0,0.0,0.0,0.0,0.0,653.8803060769511,0.0
2025-07-30 00:00:00,0.0,0.0,0.0,0.0,0.0,0.0,0.0,0.0,0,0.0
2025-07-31 00:00:00,0.0,0.0,0.0,0.0,0.0,0.0,0.0,0.0,0,0.0
2025-08-01 00:00:00,0.0,0.0,0.0,0.0,0.0,0.0,0.0,0.0,0,0.0
2025-08-04 00:00:00,0.0,0.0,0.0,0.0,0.0,0.0,0.0,0.0,1192.9007116813787,0.0
2025-08-05 00:00:00,0.0,0.0,0.0,0.0,0.0,0.0,0.0,0.0,0,0.0
2025-08-06 00:00:00,0.0,0.0,0.0,0.0,0.0,0.0,0.0,0.0,0,0.0
2025-08-07 00:00:00,0.0,0.0,0.0,0.0,0.0,0.0,0.0,0.0,0,0.0
2025-08-08 00:00:00,0.0,0.0,0.0,0.0,0.0,0.0,0.0,0.0,0,0.0
2025-08-11 00:00:00,0.0,0.0,0.0,0.0,0.0,0.0,0.0,0.0,0,0.0
2025-08-12 00:00:00,0.0,0.0,0.0,0.0,0.0,0.0,0.0,0.0,0,0.0
2025-08-13 00:00:00,0.0,0.0,0.0,0.0,0.0,0.0,0.0,0.0,0,0.0
2025-08-14 00:00:00,0.0,0.0,0.0,0.0,0.0,0.0,0.0,0.0,0,0.0
2025-08-18 00:00:00,0.0,0.0,0.0,0.0,0.0,0.0,0.0,0.0,0,0.0
2025-08-19 00:00:00,0.0,0.0,0.0,0.0,0.0,0.0,0.0,0.0,0,0.0
2025-08-20 00:00:00,0.0,0.0,0.0,0.0,0.0,0.0,0.0,0.0,0,0.0
2025-08-21 00:00:00,0.0,0.0,0.0,0.0,0.0,0.0,0.0,0.0,0,0.0
2025-08-22 00:00:00,0.0,0.0,0.0,0.0,0.0,0.0,0.0,0.0,0,0.0
2025-08-25 00:00:00,0.0,0.0,0.0,0.0,0.0,0.0,0.0,0.0,0,0.0
2025-08-26 00:00:00,0.0,0.0,0.0,0.0,0.0,0.0,0.0,0.0,0,0.0
2025-08-28 00:00:00,0.0,0.0,0.0,0.0,0.0,0.0,0.0,0.0,0,0.0
2025-08-29 00:00:00,0.0,0.0,0.0,0.0,0.0,0.0,0.0,0.0,0,0.0
2025-09-01 00:00:00,0.0,0.0,0.0,0.0,0.0,0.0,0.0,0.0,0,0.0
2025-09-02 00:00:00,0.0,0.0,0.0,0.0,0.0,0.0,0.0,0.0,0,0.0
2025-09-03 00:00:00,0.0,0.0,0.0,0.0,0.0,0.0,0.0,0.0,0,0.0
2025-09-04 00:00:00,0.0,0.0,0.0,0.0,0.0,0.0,0.0,0.0,0,0.0
2025-09-05 00:00:00,0.0,0.0,0.0,0.0,0.0,0.0,0.0,0.0,0,0.0
2025-09-08 00:00:00,0.0,0.0,0.0,0.0,0.0,0.0,0.0,0.0,0,0.0
2025-09-09 00:00:00,0.0,0.0,0.0,0.0,0.0,0.0,0.0,0.0,0,0.0
2025-09-10 00:00:00,0.0,0.0,0.0,0.0,0.0,0.0,0.0,0.0,0,0.0
2025-09-11 00:00:00,0.0,0.0,0.0,0.0,0.0,0.0,0.0,0.0,0,0.0
2025-09-12 00:00:00,0.0,0.0,0.0,0.0,0.0,0.0,0.0,0.0,0,0.0
2025-09-15 00:00:00,0.0,0.0,0.0,0.0,0.0,0.0,0.0,0.0,0,0.0
2025-09-16 00:00:00,0.0,0.0,0.0,0.0,0.0,0.0,0.0,0.0,0,0.0
2025-09-17 00:00:00,0.0,0.0,0.0,0.0,0.0,0.0,0.0,0.0,0,0.0
2025-09-18 00:00:00,0.0,0.0,0.0,0.0,0.0,0.0,0.0,0.0,0,0.0
2025-09-19 00:00:00,0.0,0.0,0.0,0.0,0.0,0.0,0.0,0.0,0,0.0
2025-09-22 00:00:00,0.0,0.0,0.0,0.0,0.0,0.0,0.0,0.0,0,0.0
2025-09-23 00:00:00,0.0,0.0,0.0,0.0,0.0,0.0,0.0,0.0,0,0.0
2025-09-24 00:00:00,0.0,0.0,0.0,0.0,0.0,0.0,0.0,0.0,0,0.0
2025-09-25 00:00:00,0.0,0.0,0.0,0.0,0.0,0.0,0.0,0.0,0,0.0
2025-09-26 00:00:00,0.0,0.0,0.0,0.0,0.0,0.0,0.0,0.0,0,0.0
2025-09-29 00:00:00,0.0,0.0,0.0,0.0,0.0,0.0,0.0,0.0,0,0.0
2025-09-30 00:00:00,0.0,0.0,0.0,0.0,0.0,0.0,0.0,0.0,0,0.0
2025-10-01 00:00:00,0.0,0.0,0.0,0.0,0.0,0.0,0.0,0.0,0,0.0
2025-10-03 00:00:00,0.0,0.0,0.0,0.0,0.0,0.0,0.0,0.0,0,0.0
2025-10-06 00:00:00,0.0,0.0,0.0,0.0,0.0,0.0,0.0,0.0,0,0.0
2025-10-07 00:00:00,0.0,0.0,0.0,0.0,0.0,0.0,0.0,0.0,0,0.0
2025-10-08 00:00:00,0.0,0.0,0.0,0.0,0.0,0.0,0.0,0.0,0,0.0
2025-10-09 00:00:00,0.0,0.0,0.0,0.0,0.0,0.0,0.0,0.0,0,0.0
2025-10-10 00:00:00,0.0,0.0,0.0,0.0,0.0,0.0,0.0,0.0,0,0.0
2025-10-13 00:00:00,0.0,0.0,0.0,0.0,0.0,0.0,0.0,0.0,0,0.0
2025-10-14 00:00:00,0.0,0.0,0.0,0.0,0.0,0.0,0.0,0.0,0,0.0
2025-10-15 00:00:00,0.0,0.0,0.0,0.0,0.0,0.0,0.0,0.0,0,0.0
2025-10-16 00:00:00,0.0,0.0,0.0,0.0,0.0,0.0,0.0,0.0,0,0.0
2025-10-17 00:00:00,0.0,0.0,0.0,0.0,0.0,0.0,0.0,0.0,0,0.0
2025-10-20 00:00:00,0.0,0.0,0.0,0.0,0.0,0.0,0.0,0.0,3826.367425861248,0.0
2025-10-21 00:00:00,0.0,0.0,0.0,0.0,0.0,0.0,0.0,0.0,765.9741056041229,0.0
2025-10-23 00:00:00,0.0,0.0,0.0,0.0,0.0,0.0,0.0,0.0,758.6997679451084,0.0
2025-10-24 00:00:00,0.0,0.0,0.0,0.0,0.0,0.0,0.0,0.0,761.5801891035151,0.0
2025-10-27 00:00:00,0.0,0.0,0.0,0.0,0.0,0.0,0.0,0.0,761.306529255064,0.0
2025-10-28 00:00:00,0.0,0.0,0.0,0.0,0.0,0.0,0.0,0.0,0,0.0
2025-10-29 00:00:00,0.0,0.0,0.0,0.0,0.0,0.0,0.0,0.0,0,0.0
2025-10-30 00:00:00,0.0,0.0,0.0,0.0,0.0,0.0,0.0,0.0,0,0.0
2025-10-31 00:00:00,0.0,0.0,0.0,0.0,0.0,0.0,0.0,0.0,0,0.0
2025-11-03 00:00:00,0.0,0.0,0.0,0.0,0.0,0.0,0.0,0.0,0,0.0
2025-11-04 00:00:00,0.0,0.0,0.0,0.0,0.0,0.0,0.0,0.0,0,0.0
2025-11-06 00:00:00,0.0,0.0,0.0,0.0,0.0,0.0,0.0,0.0,718.8698762925025,0.0
2025-11-07 00:00:00,0.0,0.0,0.0,0.0,0.0,0.0,0.0,0.0,0,0.0
2025-11-10 00:00:00,0.0,0.0,0.0,0.0,0.0,0.0,0.0,0.0,0,0.0
2025-11-11 00:00:00,0.0,0.0,0.0,0.0,0.0,0.0,0.0,0.0,0,0.0
2025-11-12 00:00:00,0.0,0.0,0.0,0.0,0.0,0.0,0.0,0.0,0,0.0
2025-11-13 00:00:00,0.0,0.0,0.0,0.0,0.0,0.0,0.0,0.0,0,0.0
2025-11-14 00:00:00,0.0,0.0,0.0,0.0,0.0,0.0,0.0,0.0,0,0.0
2025-11-17 00:00:00,0.0,0.0,0.0,0.0,0.0,0.0,0.0,0.0,0,0.0
2025-11-18 00:00:00,0.0,0.0,0.0,0.0,0.0,0.0,0.0,0.0,778.3317768106127,0.0
2025-11-19 00:00:00,0.0,0.0,0.0,0.0,0.0,0.0,0.0,0.0,0,0.0
2025-11-20 00:00:00,0.0,0.0,0.0,0.0,0.0,0.0,0.0,0.0,0,0.0
2025-11-21 00:00:00,0.0,0.0,0.0,0.0,0.0,0.0,0.0,0.0,0,0.0
2025-11-24 00:00:00,0.0,0.0,0.0,0.0,0.0,0.0,0.0,0.0,0,0.0
2025-11-25 00:00:00,0.0,0.0,0.0,0.0,0.0,0.0,0.0,0.0,741.7726244033646,0.0
2025-11-26 00:00:00,0.0,0.0,0.0,0.0,0.0,0.0,0.0,0.0,0,0.0
2025-11-27 00:00:00,0.0,0.0,0.0,0.0,0.0,0.0,0.0,0.0,0,0.0
2025-11-28 00:00:00,0.0,0.0,0.0,0.0,0.0,0.0,0.0,0.0,748.6851544702444,0.0
2025-12-01 00:00:00,0.0,0.0,0.0,0.0,0.0,0.0,0.0,0.0,788.6066574897931,0.0
2025-12-02 00:00:00,0.0,0.0,0.0,0.0,0.0,0.0,0.0,0.0,0,0.0
2025-12-03 00:00:00,0.0,0.0,0.0,0.0,0.0,0.0,0.0,0.0,0,0.0
2025-12-04 00:00:00,0.0,0.0,0.0,0.0,0.0,0.0,0.0,0.0,0,0.0
2025-12-05 00:00:00,0.0,0.0,0.0,0.0,0.0,0.0,0.0,0.0,0,0.0
2025-12-08 00:00:00,0.0,0.0,0.0,0.0,0.0,0.0,0.0,0.0,0,0.0
2025-12-09 00:00:00,0.0,0.0,0.0,0.0,0.0,0.0,0.0,0.0,0,0.0
2025-12-10 00:00:00,0.0,0.0,0.0,0.0,0.0,0.0,0.0,0.0,0,0.0
2025-12-11 00:00:00,0.0,0.0,0.0,0.0,0.0,0.0,0.0,0.0,0,0.0
2025-12-12 00:00:00,0.0,0.0,0.0,0.0,0.0,0.0,0.0,0.0,0,0.0
2025-12-15 00:00:00,0.0,0.0,0.0,0.0,0.0,0.0,0.0,0.0,0,0.0
2025-12-16 00:00:00,0.0,0.0,0.0,0.0,0.0,0.0,0.0,0.0,0,0.0
2025-12-17 00:00:00,0.0,0.0,0.0,0.0,0.0,0.0,0.0,0.0,0,0.0
2025-12-18 00:00:00,0.0,0.0,0.0,0.0,0.0,0.0,0.0,0.0,0,0.0
2025-12-19 00:00:00,0.0,0.0,0.0,0.0,0.0,0.0,0.0,0.0,0,0.0
2025-12-22 00:00:00,0.0,0.0,0.0,0.0,0.0,0.0,0.0,0.0,0,0.0
2025-12-23 00:00:00,0.0,0.0,0.0,0.0,0.0,0.0,0.0,0.0,0,0.0
2025-12-24 00:00:00,0.0,0.0,0.0,0.0,0.0,0.0,0.0,0.0,758.0007192891205,0.0
2025-12-26 00:00:00,0.0,0.0,0.0,0.0,0.0,0.0,0.0,0.0,0,0.0
2025-12-29 00:00:00,0.0,0.0,0.0,0.0,0.0,0.0,0.0,0.0,0,0.0
2025-12-30 00:00:00,0.0,0.0,0.0,0.0,0.0,0.0,0.0,0.0,0,0.0
2025-12-31 00:00:00,0.0,0.0,0.0,0.0,0.0,0.0,0.0,0.0,0,0.0
2026-01-01 00:00:00,0.0,0.0,0.0,0.0,0.0,0.0,0.0,0.0,0,0.0
2026-01-02 00:00:00,0.0,0.0,0.0,0.0,0.0,0.0,0.0,0.0,0,0.0
2026-01-05 00:00:00,0.0,0.0,0.0,0.0,0.0,0.0,0.0,0.0,0,0.0
2026-01-06 00:00:00,0.0,0.0,0.0,0.0,0.0,0.0,0.0,0.0,0,0.0
2026-01-07 00:00:00,0.0,0.0,0.0,0.0,0.0,0.0,0.0,0.0,726.8091152454356,0.0
2026-01-08 00:00:00,0.0,0.0,0.0,0.0,0.0,0.0,0.0,0.0,0,0.0
2026-01-09 00:00:00,0.0,0.0,0.0,0.0,0.0,0.0,0.0,0.0,0,0.0
2026-01-12 00:00:00,0.0,0.0,0.0,0.0,0.0,0.0,0.0,0.0,0,0.0
2026-01-13 00:00:00,0.0,0.0,0.0,0.0,0.0,0.0,0.0,0.0,0,0.0
2026-01-14 00:00:00,0.0,0.0,0.0,0.0,0.0,0.0,0.0,0.0,0,0.0
2026-01-16 00:00:00,0.0,0.0,0.0,0.0,0.0,0.0,0.0,0.0,0,0.0
2026-01-19 00:00:00,0.0,0.0,0.0,0.0,0.0,0.0,0.0,0.0,0,0.0
2026-01-20 00:00:00,0.0,0.0,0.0,0.0,0.0,0.0,0.0,0.0,0,0.0
2026-01-21 00:00:00,0.0,0.0,0.0,0.0,0.0,0.0,0.0,0.0,0,0.0
2026-01-22 00:00:00,0.0,0.0,0.0,0.0,0.0,0.0,0.0,0.0,0,0.0
2026-01-23 00:00:00,0.0,0.0,0.0,0.0,0.0,0.0,0.0,0.0,727.4009579988991,0.0
2026-01-27 00:00:00,0.0,0.0,0.0,0.0,0.0,0.0,0.0,0.0,3100.3046095011214,0.0
2026-01-28 00:00:00,0.0,0.0,0.0,0.0,0.0,0.0,0.0,0.0,0,0.0
2026-01-29 00:00:00,0.0,0.0,0.0,0.0,0.0,0.0,0.0,0.0,0,0.0
2026-01-30 00:00:00,0.0,0.0,0.0,0.0,0.0,0.0,0.0,0.0,0,0.0
2026-02-02 00:00:00,0.0,0.0,0.0,0.0,0.0,0.0,0.0,0.0,0,0.0
2026-02-03 00:00:00,0.0,0.0,0.0,0.0,0.0,0.0,0.0,0.0,0,0.0
2026-02-04 00:00:00,0.0,0.0,0.0,0.0,0.0,0.0,0.0,0.0,0,0.0
2026-02-05 00:00:00,0.0,0.0,0.0,0.0,0.0,0.0,0.0,0.0,0,0.0
2026-02-06 00:00:00,0.0,0.0,0.0,0.0,0.0,0.0,0.0,0.0,0,0.0
2026-02-09 00:00:00,0.0,0.0,0.0,0.0,0.0,0.0,0.0,0.0,0,0.0
2026-02-10 00:00:00,0.0,0.0,0.0,0.0,0.0,0.0,0.0,0.0,0,0.0
2026-02-11 00:00:00,0.0,0.0,0.0,0.0,0.0,0.0,0.0,0.0,0,0.0
2026-02-12 00:00:00,0.0,0.0,0.0,0.0,0.0,0.0,0.0,0.0,0,0.0
2026-02-13 00:00:00,0.0,0.0,0.0,0.0,0.0,0.0,0.0,0.0,0,0.0
2026-02-16 00:00:00,0.0,0.0,0.0,0.0,0.0,0.0,0.0,0.0,0,0.0
2026-02-17 00:00:00,0.0,0.0,0.0,0.0,0.0,0.0,0.0,0.0,0,0.0
2026-02-18 00:00:00,0.0,0.0,0.0,0.0,0.0,0.0,0.0,0.0,0,0.0
2026-02-19 00:00:00,0.0,0.0,0.0,0.0,0.0,0.0,0.0,0.0,0,0.0
2026-02-20 00:00:00,0.0,0.0,0.0,0.0,0.0,0.0,0.0,0.0,0,0.0
2026-02-23 00:00:00,0.0,0.0,0.0,0.0,0.0,0.0,0.0,0.0,0,0.0
2026-02-24 00:00:00,0.0,0.0,0.0,0.0,0.0,0.0,0.0,0.0,0,0.0
2026-02-25 00:00:00,0.0,0.0,0.0,0.0,0.0,0.0,0.0,0.0,0,0.0
2026-02-26 00:00:00,0.0,0.0,0.0,0.0,0.0,0.0,0.0,0.0,0,0.0
2026-02-27 00:00:00,0.0,0.0,0.0,0.0,0.0,0.0,0.0,0.0,0,0.0
2026-03-02 00:00:00,0.0,0.0,0.0,0.0,0.0,0.0,0.0,0.0,0,0.0
2026-03-04 00:00:00,0.0,0.0,0.0,0.0,0.0,0.0,0.0,0.0,0,0.0
2026-03-05 00:00:00,0.0,0.0,0.0,0.0,0.0,0.0,0.0,0.0,0,0.0
2026-03-06 00:00:00,0.0,0.0,0.0,0.0,0.0,0.0,0.0,0.0,0,0.0
2026-03-09 00:00:00,0.0,0.0,0.0,0.0,0.0,0.0,0.0,0.0,0,0.0
2026-03-10 00:00:00,0.0,0.0,0.0,0.0,0.0,0.0,0.0,0.0,0,0.0
2026-03-11 00:00:00,0.0,0.0,0.0,0.0,0.0,0.0,0.0,0.0,0,0.0
2026-03-12 00:00:00,0.0,0.0,0.0,0.0,0.0,0.0,0.0,0.0,0,0.0
2026-03-13 00:00:00,0.0,0.0,0.0,0.0,0.0,0.0,0.0,0.0,0,0.0
2026-03-16 00:00:00,0.0,0.0,0.0,0.0,0.0,0.0,0.0,0.0,0,0.0
2026-03-17 00:00:00,0.0,0.0,0.0,0.0,0.0,0.0,0.0,0.0,0,0.0
2026-03-18 00:00:00,0.0,0.0,0.0,0.0,0.0,0.0,0.0,0.0,0,0.0
2026-03-19 00:00:00,0.0,0.0,0.0,0.0,0.0,0.0,0.0,0.0,0,0.0
2026-03-20 00:00:00,0.0,0.0,0.0,0.0,0.0,0.0,0.0,0.0,0,0.0
2026-03-23 00:00:00,0.0,0.0,0.0,0.0,0.0,0.0,0.0,0.0,0,0.0
2026-03-24 00:00:00,0.0,0.0,0.0,0.0,0.0,0.0,0.0,0.0,0,0.0
2026-03-25 00:00:00,0.0,0.0,0.0,0.0,0.0,0.0,0.0,0.0,0,0.0
2026-03-27 00:00:00,0.0,0.0,0.0,0.0,0.0,0.0,0.0,0.0,0,0.0
2026-03-30 00:00:00,0.0,0.0,0.0,0.0,0.0,0.0,0.0,0.0,0,0.0
2026-04-01 00:00:00,0.0,0.0,0.0,0.0,0.0,0.0,0.0,0.0,0,0.0
2026-04-02 00:00:00,0.0,0.0,0.0,0.0,0.0,0.0,0.0,0.0,0,0.0
2026-04-06 00:00:00,0.0,0.0,0.0,0.0,0.0,0.0,0.0,0.0,0,0.0
2026-04-07 00:00:00,0.0,0.0,0.0,0.0,0.0,0.0,0.0,0.0,0,0.0
2026-04-08 00:00:00,0.0,0.0,0.0,0.0,0.0,0.0,0.0,0.0,0,0.0
2026-04-09 00:00:00,0.0,0.0,0.0,0.0,0.0,0.0,0.0,0.0,0,0.0
2026-04-10 00:00:00,0.0,0.0,0.0,0.0,0.0,0.0,0.0,0.0,0,0.0
2026-04-13 00:00:00,0.0,0.0,0.0,0.0,0.0,0.0,0.0,0.0,0,0.0
2026-04-15 00:00:00,0.0,0.0,0.0,0.0,0.0,0.0,0.0,0.0,0,0.0
2026-04-16 00:00:00,0.0,0.0,0.0,0.0,0.0,0.0,0.0,0.0,0,0.0
2026-04-17 00:00:00,0.0,0.0,0.0,0.0,0.0,0.0,0.0,0.0,0,0.0
2026-04-20 00:00:00,0.0,0.0,0.0,0.0,0.0,0.0,0.0,0.0,0,0.0
2026-04-21 00:00:00,0.0,0.0,0.0,0.0,0.0,0.0,0.0,0.0,0,0.0
2026-04-22 00:00:00,0.0,0.0,0.0,0.0,0.0,0.0,0.0,0.0,0,0.0
2026-04-23 00:00:00,0.0,0.0,0.0,0.0,0.0,0.0,0.0,0.0,0,0.0
2026-04-24 00:00:00,0.0,0.0,0.0,0.0,0.0,0.0,0.0,0.0,0,0.0
2026-04-27 00:00:00,0.0,0.0,0.0,0.0,0.0,0.0,0.0,0.0,0,0.0
2026-04-28 00:00:00,0.0,0.0,0.0,0.0,0.0,0.0,0.0,0.0,0,0.0
2026-04-29 00:00:00,0.0,0.0,0.0,0.0,0.0,0.0,0.0,0.0,0,0.0
2026-04-30 00:00:00,0.0,0.0,0.0,0.0,0.0,0.0,0.0,0.0,0,0.0
2026-05-04 00:00:00,0.0,0.0,0.0,0.0,0.0,0.0,0.0,0.0,0,0.0
2026-05-05 00:00:00,0.0,0.0,0.0,0.0,0.0,0.0,0.0,0.0,0,0.0
2026-05-06 00:00:00,0.0,0.0,0.0,0.0,0.0,0.0,0.0,0.0,0,0.0
2026-05-07 00:00:00,0.0,0.0,0.0,0.0,0.0,0.0,0.0,0.0,0,0.0
2026-05-08 00:00:00,0.0,0.0,0.0,0.0,0.0,0.0,0.0,0.0,0,0.0
2026-05-11 00:00:00,0.0,0.0,0.0,0.0,0.0,0.0,0.0,0.0,0,0.0
2026-05-12 00:00:00,0.0,0.0,0.0,0.0,0.0,0.0,0.0,0.0,0,0.0
2026-05-13 00:00:00,0.0,0.0,0.0,0.0,0.0,0.0,0.0,0.0,0,0.0
2026-05-14 00:00:00,0.0,0.0,0.0,0.0,0.0,0.0,0.0,0.0,0,0.0
2026-05-15 00:00:00,0.0,0.0,0.0,0.0,0.0,0.0,0.0,0.0,0,0.0
2026-05-18 00:00:00,0.0,0.0,0.0,0.0,0.0,0.0,0.0,0.0,0,0.0
2026-05-19 00:00:00,0.0,0.0,0.0,0.0,0.0,0.0,0.0,0.0,0,0.0
2026-05-20 00:00:00,0.0,0.0,0.0,0.0,0.0,0.0,0.0,0.0,0,0.0
2026-05-21 00:00:00,0.0,0.0,0.0,0.0,0.0,0.0,0.0,0.0,0,0.0
2026-05-22 00:00:00,0.0,0.0,0.0,0.0,0.0,0.0,0.0,0.0,0,0.0
2026-05-25 00:00:00,0.0,0.0,0.0,0.0,0.0,0.0,0.0,0.0,0,0.0
2026-05-26 00:00:00,0.0,0.0,0.0,0.0,0.0,0.0,0.0,0.0,0,0.0
2026-05-27 00:00:00,0.0,0.0,0.0,0.0,0.0,0.0,0.0,0.0,0,0.0
2026-05-29 00:00:00,0.0,0.0,0.0,0.0,0.0,0.0,0.0,0.0,0,0.0
2026-06-01 00:00:00,0.0,0.0,0.0,0.0,0.0,0.0,0.0,0.0,0,0.0
2026-06-02 00:00:00,0.0,0.0,0.0,0.0,0.0,0.0,0.0,0.0,0,0.0
2026-06-03 00:00:00,0.0,0.0,0.0,0.0,0.0,0.0,0.0,0.0,0,0.0
2026-06-04 00:00:00,0.0,0.0,0.0,0.0,0.0,0.0,0.0,0.0,0,0.0
2026-06-05 00:00:00,0.0,0.0,0.0,0.0,0.0,0.0,0.0,0.0,0,0.0
2026-06-08 00:00:00,0.0,0.0,0.0,0.0,0.0,0.0,0.0,0.0,0,0.0
2026-06-09 00:00:00,0.0,0.0,0.0,0.0,0.0,0.0,0.0,0.0,0,0.0
2026-06-10 00:00:00,0.0,0.0,0.0,0.0,0.0,0.0,0.0,0.0,0,0.0
2026-06-11 00:00:00,0.0,0.0,0.0,0.0,0.0,0.0,0.0,0.0,0,0.0
2026-06-12 00:00:00,0.0,0.0,0.0,0.0,0.0,0.0,0.0,0.0,0,0.0
2026-06-15 00:00:00,0.0,0.0,0.0,0.0,0.0,0.0,0.0,0.0,0,0.0
2026-06-16 00:00:00,0.0,0.0,0.0,0.0,0.0,0.0,0.0,0.0,0,0.0
2026-06-17 00:00:00,0.0,0.0,0.0,0.0,0.0,0.0,0.0,0.0,0,0.0
2026-06-18 00:00:00,0.0,0.0,0.0,0.0,0.0,0.0,0.0,0.0,0,0.0
2026-06-19 00:00:00,0.0,0.0,0.0,0.0,0.0,0.0,0.0,0.0,0,0.0
2026-06-22 00:00:00,0.0,0.0,0.0,0.0,0.0,0.0,0.0,0.0,0,0.0
2026-06-23 00:00:00,0.0,0.0,0.0,0.0,0.0,0.0,0.0,0.0,0,0.0
2026-06-24 00:00:00,0.0,0.0,0.0,0.0,0.0,0.0,0.0,0.0,0,0.0
2026-06-25 00:00:00,0.0,0.0,0.0,0.0,0.0,0.0,0.0,0.0,0,0.0
2026-06-29 00:00:00,0.0,0.0,0.0,0.0,0.0,0.0,0.0,0.0,0,0.0
2026-06-30 00:00:00,0.0,0.0,0.0,0.0,0.0,0.0,0.0,0.0,0,0.0
2026-07-01 00:00:00,0.0,0.0,0.0,0.0,0.0,0.0,0.0,0.0,0,0.0
2026-07-02 00:00:00,0.0,0.0,0.0,0.0,0.0,0.0,0.0,0.0,0,0.0
2026-07-03 00:00:00,0.0,0.0,0.0,0.0,0.0,0.0,0.0,0.0,0,0.0
2026-07-06 00:00:00,0.0,0.0,0.0,0.0,0.0,0.0,0.0,0.0,0,0.0
2026-07-07 00:00:00,0.0,0.0,0.0,0.0,0.0,0.0,0.0,0.0,0,0.0
2026-07-08 00:00:00,0.0,0.0,0.0,0.0,0.0,0.0,0.0,0.0,0,0.0
2026-07-09 00:00:00,0.0,0.0,0.0,0.0,0.0,0.0,0.0,0.0,0,0.0
2026-07-10 00:00:00,0.0,0.0,0.0,0.0,0.0,0.0,0.0,0.0,0,0.0
2026-07-13 00:00:00,0.0,0.0,0.0,0.0,0.0,0.0,0.0,0.0,0,0.0
2026-07-14 00:00:00,0.0,0.0,0.0,0.0,0.0,0.0,0.0,0.0,0,0.0
2026-07-15 00:00:00,0.0,0.0,0.0,0.0,0.0,0.0,0.0,0.0,0,0.0
2026-07-16 00:00:00,0.0,0.0,0.0,0.0,0.0,0.0,0.0,0.0,0,0.0
2026-07-17 00:00:00,0.0,0.0,0.0,0.0,0.0,0.0,0.0,0.0,0,0.0
2026-07-20 00:00:00,0.0,0.0,0.0,0.0,0.0,0.0,0.0,0.0,0,0.0
2026-07-21 00:00:00,0.0,0.0,0.0,0.0,0.0,0.0,0.0,0.0,0,0.0
2026-07-22 00:00:00,0.0,0.0,0.0,0.0,0.0,0.0,0.0,0.0,0,0.0
2026-07-23 00:00:00,0.0,0.0,0.0,0.0,0.0,0.0,0.0,0.0,0,0.0
2026-07-24 00:00:00,0.0,0.0,0.0,0.0,0.0,0.0,0.0,0.0,0,0.0
2026-07-27 00:00:00,0.0,0.0,0.0,0.0,0.0,0.0,0.0,0.0,0,0.0
2026-07-28 00:00:00,0.0,0.0,0.0,0.0,0.0,0.0,0.0,0.0,0,0.0
2026-07-29 00:00:00,0.0,0.0,0.0,0.0,0.0,0.0,0.0,0.0,0,0.0
2026-07-30 00:00:00,0.0,0.0,0.0,0.0,0.0,0.0,0.0,0.0,0,0.0
2026-07-31 00:00:00,0.0,0.0,0.0,0.0,0.0,0.0,0.0,0.0,0,0.0
2026-08-03 00:00:00,0.0,0.0,0.0,0.0,0.0,0.0,0.0,0.0,0,0.0
2026-08-04 00:00:00,0.0,0.0,0.0,0.0,0.0,0.0,0.0,0.0,0,0.0
2026-08-05 00:00:00,0.0,0.0,0.0,0.0,0.0,0.0,0.0,0.0,0,0.0
2026-08-06 00:00:00,0.0,0.0,0.0,0.0,0.0,0.0,0.0,0.0,0,0.0
2026-08-07 00:00:00,0.0,0.0,0.0,0.0,0.0,0.0,0.0,0.0,0,0.0
