date,execution_date,universe,symbol,rank,reason,lookback_start_date,as_of_date,max_lower_circuit_streak,filter_threshold
2021-08-09,2021-08-10,NIFTY_IT,JUSTDIAL,4,ENTRY_FILTER,2020-08-06,2021-08-09,0,5
2021-08-09,2021-08-10,NIFTY_IT,WIPRO,5,ENTRY_FILTER,2020-08-06,2021-08-09,0,5
2021-08-09,2021-08-10,NIFTY_IT,HCLTECH,6,ENTRY_FILTER,2020-08-06,2021-08-09,0,5
2021-08-09,2021-08-10,NIFTY_IT,TCS,7,ENTRY_FILTER,2020-08-06,2021-08-09,0,5
2021-08-09,2021-08-10,NIFTY_METAL,APLAPOLLO,4,ENTRY_FILTER,2020-08-06,2021-08-09,0,5
2021-08-09,2021-08-10,NIFTY_METAL,VEDL,5,ENTRY_FILTER,2020-08-06,2021-08-09,0,5
2021-08-09,2021-08-10,NIFTY_METAL,JSWSTEEL,6,ENTRY_FILTER,2020-08-06,2021-08-09,0,5
2021-08-09,2021-08-10,NIFTY_METAL,HINDALCO,7,ENTRY_FILTER,2020-08-06,2021-08-09,0,5
2021-08-09,2021-08-10,NIFTY_METAL,NATIONALUM,8,ENTRY_FILTER,2020-08-06,2021-08-09,0,5
2021-08-09,2021-08-10,NIFTY_METAL,NMDC,9,ENTRY_FILTER,2020-08-06,2021-08-09,0,5
2021-08-09,2021-08-10,NIFTY_METAL,RATNAMANI,10,ENTRY_FILTER,2020-08-06,2021-08-09,0,5
2021-08-09,2021-08-10,NIFTY_METAL,JINDALSTEL,11,ENTRY_FILTER,2020-08-06,2021-08-09,0,5
2021-08-09,2021-08-10,NIFTY_METAL,HINDZINC,12,ENTRY_FILTER,2020-08-06,2021-08-09,0,5
2021-08-09,2021-08-10,NIFTY_METAL,COALINDIA,13,ENTRY_FILTER,2020-08-06,2021-08-09,0,5
2021-08-09,2021-08-10,NIFTY_METAL,WELCORP,14,ENTRY_FILTER,2020-08-06,2021-08-09,0,5
2021-08-09,2021-08-10,NIFTY_PHARMA,LUPIN,4,ENTRY_FILTER,2020-08-06,2021-08-09,0,5
2021-08-09,2021-08-10,NIFTY_PHARMA,GLENMARK,5,ENTRY_FILTER,2020-08-06,2021-08-09,0,5
2021-08-09,2021-08-10,NIFTY_PHARMA,BIOCON,6,ENTRY_FILTER,2020-08-06,2021-08-09,0,5
2021-08-09,2021-08-10,NIFTY_PHARMA,AUROPHARMA,7,ENTRY_FILTER,2020-08-06,2021-08-09,0,5
2021-08-09,2021-08-10,NIFTY_PHARMA,DRREDDY,8,ENTRY_FILTER,2020-08-06,2021-08-09,0,5
2021-08-09,2021-08-10,NIFTY_PSU_BANK,INDIANB,4,ENTRY_FILTER,2020-08-06,2021-08-09,0,5
2021-08-09,2021-08-10,NIFTY_PSU_BANK,CENTRALBK,5,ENTRY_FILTER,2020-08-06,2021-08-09,0,5
2021-08-09,2021-08-10,NIFTY_PSU_BANK,BANKINDIA,6,ENTRY_FILTER,2020-08-06,2021-08-09,0,5
2021-08-09,2021-08-10,NIFTY_PSU_BANK,BANKBARODA,7,ENTRY_FILTER,2020-08-06,2021-08-09,0,5
2021-08-09,2021-08-10,NIFTY_PSU_BANK,MAHABANK,8,ENTRY_FILTER,2020-08-06,2021-08-09,0,5
2021-08-09,2021-08-10,NIFTY_PSU_BANK,CANBK,9,ENTRY_FILTER,2020-08-06,2021-08-09,0,5
2021-08-09,2021-08-10,NIFTY_PSU_BANK,PSB,10,ENTRY_FILTER,2020-08-06,2021-08-09,0,5
2021-08-09,2021-08-10,NIFTY_PSU_BANK,UNIONBANK,11,ENTRY_FILTER,2020-08-06,2021-08-09,0,5
2021-08-09,2021-08-10,NIFTY_PSU_BANK,PNB,12,ENTRY_FILTER,2020-08-06,2021-08-09,0,5
2021-08-09,2021-08-10,NIFTY_PSU_BANK,UCOBANK,13,ENTRY_FILTER,2020-08-06,2021-08-09,0,5
2021-08-09,2021-08-10,NIFTY_REALTY,SOBHA,4,ENTRY_FILTER,2020-08-06,2021-08-09,0,5
2021-08-09,2021-08-10,NIFTY_REALTY,PRESTIGE,5,ENTRY_FILTER,2020-08-06,2021-08-09,0,5
2021-08-09,2021-08-10,NIFTY_REALTY,OBEROIRLTY,6,ENTRY_FILTER,2020-08-06,2021-08-09,0,5
2021-08-09,2021-08-10,NIFTY_REALTY,GODREJPROP,7,ENTRY_FILTER,2020-08-06,2021-08-09,0,5
2021-08-09,2021-08-10,NIFTY_REALTY,PHOENIXLTD,8,ENTRY_FILTER,2020-08-06,2021-08-09,0,5
2021-08-23,2021-08-24,NIFTY_IT,WIPRO,4,ENTRY_FILTER,2020-08-19,2021-08-23,0,5
2021-08-23,2021-08-24,NIFTY_IT,HCLTECH,5,ENTRY_FILTER,2020-08-19,2021-08-23,0,5
2021-08-23,2021-08-24,NIFTY_IT,JUSTDIAL,6,ENTRY_FILTER,2020-08-19,2021-08-23,0,5
2021-08-23,2021-08-24,NIFTY_IT,TCS,7,ENTRY_FILTER,2020-08-19,2021-08-23,0,5
2021-08-23,2021-08-24,NIFTY_METAL,JSWSTEEL,4,ENTRY_FILTER,2020-08-19,2021-08-23,0,5
2021-08-23,2021-08-24,NIFTY_METAL,VEDL,5,ENTRY_FILTER,2020-08-19,2021-08-23,0,5
2021-08-23,2021-08-24,NIFTY_METAL,HINDCOPPER,6,ENTRY_FILTER,2020-08-19,2021-08-23,0,5
2021-08-23,2021-08-24,NIFTY_METAL,HINDALCO,7,ENTRY_FILTER,2020-08-19,2021-08-23,0,5
2021-08-23,2021-08-24,NIFTY_METAL,NATIONALUM,8,ENTRY_FILTER,2020-08-19,2021-08-23,0,5
2021-08-23,2021-08-24,NIFTY_METAL,RATNAMANI,9,ENTRY_FILTER,2020-08-19,2021-08-23,0,5
2021-08-23,2021-08-24,NIFTY_METAL,NMDC,10,ENTRY_FILTER,2020-08-19,2021-08-23,0,5
2021-08-23,2021-08-24,NIFTY_METAL,HINDZINC,11,ENTRY_FILTER,2020-08-19,2021-08-23,0,5
2021-08-23,2021-08-24,NIFTY_METAL,JINDALSTEL,12,ENTRY_FILTER,2020-08-19,2021-08-23,0,5
2021-08-23,2021-08-24,NIFTY_METAL,COALINDIA,13,ENTRY_FILTER,2020-08-19,2021-08-23,0,5
2021-08-23,2021-08-24,NIFTY_METAL,WELCORP,14,ENTRY_FILTER,2020-08-19,2021-08-23,0,5
2021-08-23,2021-08-24,NIFTY_PHARMA,GLENMARK,4,ENTRY_FILTER,2020-08-19,2021-08-23,0,5
2021-08-23,2021-08-24,NIFTY_PHARMA,DRREDDY,5,ENTRY_FILTER,2020-08-19,2021-08-23,0,5
2021-08-23,2021-08-24,NIFTY_PHARMA,LUPIN,6,ENTRY_FILTER,2020-08-19,2021-08-23,0,5
2021-08-23,2021-08-24,NIFTY_PHARMA,BIOCON,7,ENTRY_FILTER,2020-08-19,2021-08-23,0,5
2021-08-23,2021-08-24,NIFTY_PHARMA,AUROPHARMA,8,ENTRY_FILTER,2020-08-19,2021-08-23,0,5
2021-08-23,2021-08-24,NIFTY_PSU_BANK,CENTRALBK,4,ENTRY_FILTER,2020-08-19,2021-08-23,0,5
2021-08-23,2021-08-24,NIFTY_PSU_BANK,CANBK,5,ENTRY_FILTER,2020-08-19,2021-08-23,0,5
2021-08-23,2021-08-24,NIFTY_PSU_BANK,INDIANB,6,ENTRY_FILTER,2020-08-19,2021-08-23,0,5
2021-08-23,2021-08-24,NIFTY_PSU_BANK,BANKBARODA,7,ENTRY_FILTER,2020-08-19,2021-08-23,0,5
2021-08-23,2021-08-24,NIFTY_PSU_BANK,BANKINDIA,8,ENTRY_FILTER,2020-08-19,2021-08-23,0,5
2021-08-23,2021-08-24,NIFTY_PSU_BANK,UNIONBANK,9,ENTRY_FILTER,2020-08-19,2021-08-23,0,5
2021-08-23,2021-08-24,NIFTY_PSU_BANK,UCOBANK,10,ENTRY_FILTER,2020-08-19,2021-08-23,0,5
2021-08-23,2021-08-24,NIFTY_PSU_BANK,PNB,11,ENTRY_FILTER,2020-08-19,2021-08-23,0,5
2021-08-23,2021-08-24,NIFTY_PSU_BANK,PSB,12,ENTRY_FILTER,2020-08-19,2021-08-23,0,5
2021-08-23,2021-08-24,NIFTY_PSU_BANK,MAHABANK,13,ENTRY_FILTER,2020-08-19,2021-08-23,0,5
2021-08-23,2021-08-24,NIFTY_REALTY,OBEROIRLTY,4,ENTRY_FILTER,2020-08-19,2021-08-23,0,5
2021-08-23,2021-08-24,NIFTY_REALTY,DLF,5,ENTRY_FILTER,2020-08-19,2021-08-23,0,5
2021-08-23,2021-08-24,NIFTY_REALTY,PRESTIGE,6,ENTRY_FILTER,2020-08-19,2021-08-23,0,5
2021-08-23,2021-08-24,NIFTY_REALTY,GODREJPROP,7,ENTRY_FILTER,2020-08-19,2021-08-23,0,5
2021-08-23,2021-08-24,NIFTY_REALTY,PHOENIXLTD,8,ENTRY_FILTER,2020-08-19,2021-08-23,0,5
2021-09-21,2021-09-22,NIFTY_IT,HCLTECH,4,ENTRY_FILTER,2020-09-16,2021-09-21,0,5
2021-09-21,2021-09-22,NIFTY_IT,INFY,5,ENTRY_FILTER,2020-09-16,2021-09-21,0,5
2021-09-21,2021-09-22,NIFTY_IT,TCS,6,ENTRY_FILTER,2020-09-16,2021-09-21,0,5
2021-09-21,2021-09-22,NIFTY_IT,JUSTDIAL,7,ENTRY_FILTER,2020-09-16,2021-09-21,0,5
2021-09-21,2021-09-22,NIFTY_METAL,VEDL,4,ENTRY_FILTER,2020-09-16,2021-09-21,0,5
2021-09-21,2021-09-22,NIFTY_METAL,HINDALCO,5,ENTRY_FILTER,2020-09-16,2021-09-21,0,5
2021-09-21,2021-09-22,NIFTY_METAL,JSWSTEEL,6,ENTRY_FILTER,2020-09-16,2021-09-21,0,5
2021-09-21,2021-09-22,NIFTY_METAL,SAIL,7,ENTRY_FILTER,2020-09-16,2021-09-21,0,5
2021-09-21,2021-09-22,NIFTY_METAL,RATNAMANI,8,ENTRY_FILTER,2020-09-16,2021-09-21,0,5
2021-09-21,2021-09-22,NIFTY_METAL,COALINDIA,9,ENTRY_FILTER,2020-09-16,2021-09-21,0,5
2021-09-21,2021-09-22,NIFTY_METAL,HINDZINC,10,ENTRY_FILTER,2020-09-16,2021-09-21,0,5
2021-09-21,2021-09-22,NIFTY_METAL,JINDALSTEL,11,ENTRY_FILTER,2020-09-16,2021-09-21,0,5
2021-09-21,2021-09-22,NIFTY_METAL,HINDCOPPER,12,ENTRY_FILTER,2020-09-16,2021-09-21,0,5
2021-09-21,2021-09-22,NIFTY_METAL,NMDC,13,ENTRY_FILTER,2020-09-16,2021-09-21,0,5
2021-09-21,2021-09-22,NIFTY_METAL,WELCORP,14,ENTRY_FILTER,2020-09-16,2021-09-21,0,5
2021-09-21,2021-09-22,NIFTY_PHARMA,DRREDDY,4,ENTRY_FILTER,2020-09-16,2021-09-21,0,5
2021-09-21,2021-09-22,NIFTY_PHARMA,GLENMARK,5,ENTRY_FILTER,2020-09-16,2021-09-21,0,5
2021-09-21,2021-09-22,NIFTY_PHARMA,LUPIN,6,ENTRY_FILTER,2020-09-16,2021-09-21,0,5
2021-09-21,2021-09-22,NIFTY_PHARMA,BIOCON,7,ENTRY_FILTER,2020-09-16,2021-09-21,0,5
2021-09-21,2021-09-22,NIFTY_PHARMA,AUROPHARMA,8,ENTRY_FILTER,2020-09-16,2021-09-21,0,5
2021-09-21,2021-09-22,NIFTY_PSU_BANK,INDIANB,4,ENTRY_FILTER,2020-09-16,2021-09-21,0,5
2021-09-21,2021-09-22,NIFTY_PSU_BANK,CANBK,5,ENTRY_FILTER,2020-09-16,2021-09-21,0,5
2021-09-21,2021-09-22,NIFTY_PSU_BANK,CENTRALBK,6,ENTRY_FILTER,2020-09-16,2021-09-21,0,5
2021-09-21,2021-09-22,NIFTY_PSU_BANK,BANKBARODA,7,ENTRY_FILTER,2020-09-16,2021-09-21,0,5
2021-09-21,2021-09-22,NIFTY_PSU_BANK,UNIONBANK,8,ENTRY_FILTER,2020-09-16,2021-09-21,0,5
2021-09-21,2021-09-22,NIFTY_PSU_BANK,PNB,9,ENTRY_FILTER,2020-09-16,2021-09-21,0,5
2021-09-21,2021-09-22,NIFTY_PSU_BANK,UCOBANK,10,ENTRY_FILTER,2020-09-16,2021-09-21,0,5
2021-09-21,2021-09-22,NIFTY_PSU_BANK,PSB,11,ENTRY_FILTER,2020-09-16,2021-09-21,0,5
2021-09-21,2021-09-22,NIFTY_PSU_BANK,MAHABANK,12,ENTRY_FILTER,2020-09-16,2021-09-21,0,5
2021-09-21,2021-09-22,NIFTY_PSU_BANK,BANKINDIA,13,ENTRY_FILTER,2020-09-16,2021-09-21,0,5
2021-09-21,2021-09-22,NIFTY_REALTY,IBREALEST,4,ENTRY_FILTER,2020-09-16,2021-09-21,0,5
2021-09-21,2021-09-22,NIFTY_REALTY,GODREJPROP,5,ENTRY_FILTER,2020-09-16,2021-09-21,0,5
2021-09-21,2021-09-22,NIFTY_REALTY,OBEROIRLTY,6,ENTRY_FILTER,2020-09-16,2021-09-21,0,5
2021-09-21,2021-09-22,NIFTY_REALTY,DLF,7,ENTRY_FILTER,2020-09-16,2021-09-21,0,5
2021-09-21,2021-09-22,NIFTY_REALTY,PHOENIXLTD,8,ENTRY_FILTER,2020-09-16,2021-09-21,0,5
2021-10-21,2021-10-22,NIFTY_IT,INFY,4,ENTRY_FILTER,2020-10-16,2021-10-21,0,5
2021-10-21,2021-10-22,NIFTY_IT,HCLTECH,5,ENTRY_FILTER,2020-10-16,2021-10-21,0,5
2021-10-21,2021-10-22,NIFTY_IT,TCS,6,ENTRY_FILTER,2020-10-16,2021-10-21,0,5
2021-10-21,2021-10-22,NIFTY_IT,JUSTDIAL,7,ENTRY_FILTER,2020-10-16,2021-10-21,0,5
2021-10-21,2021-10-22,NIFTY_METAL,COALINDIA,4,ENTRY_FILTER,2020-10-16,2021-10-21,0,5
2021-10-21,2021-10-22,NIFTY_METAL,TATASTEEL,5,ENTRY_FILTER,2020-10-16,2021-10-21,0,5
2021-10-21,2021-10-22,NIFTY_METAL,APLAPOLLO,6,ENTRY_FILTER,2020-10-16,2021-10-21,0,5
2021-10-21,2021-10-22,NIFTY_METAL,SAIL,7,ENTRY_FILTER,2020-10-16,2021-10-21,0,5
2021-10-21,2021-10-22,NIFTY_METAL,RATNAMANI,8,ENTRY_FILTER,2020-10-16,2021-10-21,0,5
2021-10-21,2021-10-22,NIFTY_METAL,JSWSTEEL,9,ENTRY_FILTER,2020-10-16,2021-10-21,0,5
2021-10-21,2021-10-22,NIFTY_METAL,HINDCOPPER,10,ENTRY_FILTER,2020-10-16,2021-10-21,0,5
2021-10-21,2021-10-22,NIFTY_METAL,HINDZINC,11,ENTRY_FILTER,2020-10-16,2021-10-21,0,5
2021-10-21,2021-10-22,NIFTY_METAL,JINDALSTEL,12,ENTRY_FILTER,2020-10-16,2021-10-21,0,5
2021-10-21,2021-10-22,NIFTY_METAL,NMDC,13,ENTRY_FILTER,2020-10-16,2021-10-21,0,5
2021-10-21,2021-10-22,NIFTY_METAL,WELCORP,14,ENTRY_FILTER,2020-10-16,2021-10-21,0,5
2021-10-21,2021-10-22,NIFTY_PHARMA,DRREDDY,4,ENTRY_FILTER,2020-10-16,2021-10-21,0,5
2021-10-21,2021-10-22,NIFTY_PHARMA,GLENMARK,5,ENTRY_FILTER,2020-10-16,2021-10-21,0,5
2021-10-21,2021-10-22,NIFTY_PHARMA,LUPIN,6,ENTRY_FILTER,2020-10-16,2021-10-21,0,5
2021-10-21,2021-10-22,NIFTY_PHARMA,BIOCON,7,ENTRY_FILTER,2020-10-16,2021-10-21,0,5
2021-10-21,2021-10-22,NIFTY_PHARMA,AUROPHARMA,8,ENTRY_FILTER,2020-10-16,2021-10-21,0,5
2021-10-21,2021-10-22,NIFTY_PSU_BANK,UNIONBANK,4,ENTRY_FILTER,2020-10-16,2021-10-21,0,5
2021-10-21,2021-10-22,NIFTY_PSU_BANK,BANKBARODA,5,ENTRY_FILTER,2020-10-16,2021-10-21,0,5
2021-10-21,2021-10-22,NIFTY_PSU_BANK,J&KBANK,6,ENTRY_FILTER,2020-10-16,2021-10-21,0,5
2021-10-21,2021-10-22,NIFTY_PSU_BANK,CENTRALBK,7,ENTRY_FILTER,2020-10-16,2021-10-21,0,5
2021-10-21,2021-10-22,NIFTY_PSU_BANK,IOB,8,ENTRY_FILTER,2020-10-16,2021-10-21,0,5
2021-10-21,2021-10-22,NIFTY_PSU_BANK,PNB,9,ENTRY_FILTER,2020-10-16,2021-10-21,0,5
2021-10-21,2021-10-22,NIFTY_PSU_BANK,UCOBANK,10,ENTRY_FILTER,2020-10-16,2021-10-21,0,5
2021-10-21,2021-10-22,NIFTY_PSU_BANK,PSB,11,ENTRY_FILTER,2020-10-16,2021-10-21,0,5
2021-10-21,2021-10-22,NIFTY_PSU_BANK,MAHABANK,12,ENTRY_FILTER,2020-10-16,2021-10-21,0,5
2021-10-21,2021-10-22,NIFTY_PSU_BANK,BANKINDIA,13,ENTRY_FILTER,2020-10-16,2021-10-21,0,5
2021-10-21,2021-10-22,NIFTY_REALTY,DLF,4,ENTRY_FILTER,2020-10-16,2021-10-21,0,5
2021-10-21,2021-10-22,NIFTY_REALTY,OBEROIRLTY,5,ENTRY_FILTER,2020-10-16,2021-10-21,0,5
2021-10-21,2021-10-22,NIFTY_REALTY,SOBHA,6,ENTRY_FILTER,2020-10-16,2021-10-21,0,5
2021-10-21,2021-10-22,NIFTY_REALTY,PRESTIGE,7,ENTRY_FILTER,2020-10-16,2021-10-21,0,5
2021-10-21,2021-10-22,NIFTY_REALTY,PHOENIXLTD,8,ENTRY_FILTER,2020-10-16,2021-10-21,0,5
2021-11-22,2021-11-23,NIFTY_IT,WIPRO,4,ENTRY_FILTER,2020-11-13,2021-11-22,0,5
2021-11-22,2021-11-23,NIFTY_IT,HCLTECH,5,ENTRY_FILTER,2020-11-13,2021-11-22,0,5
2021-11-22,2021-11-23,NIFTY_IT,TCS,6,ENTRY_FILTER,2020-11-13,2021-11-22,0,5
2021-11-22,2021-11-23,NIFTY_IT,JUSTDIAL,7,ENTRY_FILTER,2020-11-13,2021-11-22,0,5
2021-11-22,2021-11-23,NIFTY_METAL,HINDALCO,4,ENTRY_FILTER,2020-11-13,2021-11-22,0,5
2021-11-22,2021-11-23,NIFTY_METAL,RATNAMANI,5,ENTRY_FILTER,2020-11-13,2021-11-22,0,5
2021-11-22,2021-11-23,NIFTY_METAL,WELCORP,6,ENTRY_FILTER,2020-11-13,2021-11-22,0,5
2021-11-22,2021-11-23,NIFTY_METAL,TATASTEEL,7,ENTRY_FILTER,2020-11-13,2021-11-22,0,5
2021-11-22,2021-11-23,NIFTY_METAL,JSWSTEEL,8,ENTRY_FILTER,2020-11-13,2021-11-22,0,5
2021-11-22,2021-11-23,NIFTY_METAL,COALINDIA,9,ENTRY_FILTER,2020-11-13,2021-11-22,0,5
2021-11-22,2021-11-23,NIFTY_METAL,SAIL,10,ENTRY_FILTER,2020-11-13,2021-11-22,0,5
2021-11-22,2021-11-23,NIFTY_METAL,HINDZINC,11,ENTRY_FILTER,2020-11-13,2021-11-22,0,5
2021-11-22,2021-11-23,NIFTY_METAL,JINDALSTEL,12,ENTRY_FILTER,2020-11-13,2021-11-22,0,5
2021-11-22,2021-11-23,NIFTY_METAL,HINDCOPPER,13,ENTRY_FILTER,2020-11-13,2021-11-22,0,5
2021-11-22,2021-11-23,NIFTY_METAL,NMDC,14,ENTRY_FILTER,2020-11-13,2021-11-22,0,5
2021-11-22,2021-11-23,NIFTY_PHARMA,DRREDDY,4,ENTRY_FILTER,2020-11-13,2021-11-22,0,5
2021-11-22,2021-11-23,NIFTY_PHARMA,BIOCON,5,ENTRY_FILTER,2020-11-13,2021-11-22,0,5
2021-11-22,2021-11-23,NIFTY_PHARMA,LUPIN,6,ENTRY_FILTER,2020-11-13,2021-11-22,0,5
2021-11-22,2021-11-23,NIFTY_PHARMA,GLENMARK,7,ENTRY_FILTER,2020-11-13,2021-11-22,0,5
2021-11-22,2021-11-23,NIFTY_PHARMA,AUROPHARMA,8,ENTRY_FILTER,2020-11-13,2021-11-22,0,5
2021-11-22,2021-11-23,NIFTY_PSU_BANK,J&KBANK,4,ENTRY_FILTER,2020-11-13,2021-11-22,0,5
2021-11-22,2021-11-23,NIFTY_PSU_BANK,UNIONBANK,5,ENTRY_FILTER,2020-11-13,2021-11-22,0,5
2021-11-22,2021-11-23,NIFTY_PSU_BANK,CENTRALBK,6,ENTRY_FILTER,2020-11-13,2021-11-22,0,5
2021-11-22,2021-11-23,NIFTY_PSU_BANK,BANKBARODA,7,ENTRY_FILTER,2020-11-13,2021-11-22,0,5
2021-11-22,2021-11-23,NIFTY_PSU_BANK,INDIANB,8,ENTRY_FILTER,2020-11-13,2021-11-22,0,5
2021-11-22,2021-11-23,NIFTY_PSU_BANK,UCOBANK,9,ENTRY_FILTER,2020-11-13,2021-11-22,0,5
2021-11-22,2021-11-23,NIFTY_PSU_BANK,PNB,10,ENTRY_FILTER,2020-11-13,2021-11-22,0,5
2021-11-22,2021-11-23,NIFTY_PSU_BANK,MAHABANK,11,ENTRY_FILTER,2020-11-13,2021-11-22,0,5
2021-11-22,2021-11-23,NIFTY_PSU_BANK,PSB,12,ENTRY_FILTER,2020-11-13,2021-11-22,0,5
2021-11-22,2021-11-23,NIFTY_PSU_BANK,BANKINDIA,13,ENTRY_FILTER,2020-11-13,2021-11-22,0,5
2021-11-22,2021-11-23,NIFTY_REALTY,GODREJPROP,4,ENTRY_FILTER,2020-11-13,2021-11-22,0,5
2021-11-22,2021-11-23,NIFTY_REALTY,PRESTIGE,5,ENTRY_FILTER,2020-11-13,2021-11-22,0,5
2021-11-22,2021-11-23,NIFTY_REALTY,OBEROIRLTY,6,ENTRY_FILTER,2020-11-13,2021-11-22,0,5
2021-11-22,2021-11-23,NIFTY_REALTY,DLF,7,ENTRY_FILTER,2020-11-13,2021-11-22,0,5
2021-11-22,2021-11-23,NIFTY_REALTY,PHOENIXLTD,8,ENTRY_FILTER,2020-11-13,2021-11-22,0,5
2021-12-21,2021-12-22,NIFTY_IT,INFY,4,ENTRY_FILTER,2020-12-15,2021-12-21,0,5
2021-12-21,2021-12-22,NIFTY_IT,HCLTECH,5,ENTRY_FILTER,2020-12-15,2021-12-21,0,5
2021-12-21,2021-12-22,NIFTY_IT,TCS,6,ENTRY_FILTER,2020-12-15,2021-12-21,0,5
2021-12-21,2021-12-22,NIFTY_IT,JUSTDIAL,7,ENTRY_FILTER,2020-12-15,2021-12-21,0,5
2021-12-21,2021-12-22,NIFTY_METAL,JSWSTEEL,4,ENTRY_FILTER,2020-12-15,2021-12-21,0,5
2021-12-21,2021-12-22,NIFTY_METAL,HINDALCO,5,ENTRY_FILTER,2020-12-15,2021-12-21,0,5
2021-12-21,2021-12-22,NIFTY_METAL,WELCORP,6,ENTRY_FILTER,2020-12-15,2021-12-21,0,5
2021-12-21,2021-12-22,NIFTY_METAL,SAIL,7,ENTRY_FILTER,2020-12-15,2021-12-21,0,5
2021-12-21,2021-12-22,NIFTY_METAL,TATASTEEL,8,ENTRY_FILTER,2020-12-15,2021-12-21,0,5
2021-12-21,2021-12-22,NIFTY_METAL,COALINDIA,9,ENTRY_FILTER,2020-12-15,2021-12-21,0,5
2021-12-21,2021-12-22,NIFTY_METAL,JINDALSTEL,10,ENTRY_FILTER,2020-12-15,2021-12-21,0,5
2021-12-21,2021-12-22,NIFTY_METAL,HINDZINC,11,ENTRY_FILTER,2020-12-15,2021-12-21,0,5
2021-12-21,2021-12-22,NIFTY_METAL,NMDC,12,ENTRY_FILTER,2020-12-15,2021-12-21,0,5
2021-12-21,2021-12-22,NIFTY_METAL,RATNAMANI,13,ENTRY_FILTER,2020-12-15,2021-12-21,0,5
2021-12-21,2021-12-22,NIFTY_METAL,HINDCOPPER,14,ENTRY_FILTER,2020-12-15,2021-12-21,0,5
2021-12-21,2021-12-22,NIFTY_PHARMA,CIPLA,4,ENTRY_FILTER,2020-12-15,2021-12-21,0,5
2021-12-21,2021-12-22,NIFTY_PHARMA,BIOCON,5,ENTRY_FILTER,2020-12-15,2021-12-21,0,5
2021-12-21,2021-12-22,NIFTY_PHARMA,GLENMARK,6,ENTRY_FILTER,2020-12-15,2021-12-21,0,5
2021-12-21,2021-12-22,NIFTY_PHARMA,AUROPHARMA,7,ENTRY_FILTER,2020-12-15,2021-12-21,0,5
2021-12-21,2021-12-22,NIFTY_PHARMA,LUPIN,8,ENTRY_FILTER,2020-12-15,2021-12-21,0,5
2021-12-21,2021-12-22,NIFTY_PSU_BANK,J&KBANK,4,ENTRY_FILTER,2020-12-15,2021-12-21,0,5
2021-12-21,2021-12-22,NIFTY_PSU_BANK,CENTRALBK,5,ENTRY_FILTER,2020-12-15,2021-12-21,0,5
2021-12-21,2021-12-22,NIFTY_PSU_BANK,IOB,6,ENTRY_FILTER,2020-12-15,2021-12-21,0,5
2021-12-21,2021-12-22,NIFTY_PSU_BANK,INDIANB,7,ENTRY_FILTER,2020-12-15,2021-12-21,0,5
2021-12-21,2021-12-22,NIFTY_PSU_BANK,BANKBARODA,8,ENTRY_FILTER,2020-12-15,2021-12-21,0,5
2021-12-21,2021-12-22,NIFTY_PSU_BANK,UCOBANK,9,ENTRY_FILTER,2020-12-15,2021-12-21,0,5
2021-12-21,2021-12-22,NIFTY_PSU_BANK,PNB,10,ENTRY_FILTER,2020-12-15,2021-12-21,0,5
2021-12-21,2021-12-22,NIFTY_PSU_BANK,PSB,11,ENTRY_FILTER,2020-12-15,2021-12-21,0,5
2021-12-21,2021-12-22,NIFTY_PSU_BANK,MAHABANK,12,ENTRY_FILTER,2020-12-15,2021-12-21,0,5
2021-12-21,2021-12-22,NIFTY_PSU_BANK,BANKINDIA,13,ENTRY_FILTER,2020-12-15,2021-12-21,0,5
2021-12-21,2021-12-22,NIFTY_REALTY,PRESTIGE,4,ENTRY_FILTER,2020-12-15,2021-12-21,0,5
2021-12-21,2021-12-22,NIFTY_REALTY,OBEROIRLTY,5,ENTRY_FILTER,2020-12-15,2021-12-21,0,5
2021-12-21,2021-12-22,NIFTY_REALTY,DLF,6,ENTRY_FILTER,2020-12-15,2021-12-21,0,5
2021-12-21,2021-12-22,NIFTY_REALTY,PHOENIXLTD,7,ENTRY_FILTER,2020-12-15,2021-12-21,0,5
2021-12-21,2021-12-22,NIFTY_REALTY,GODREJPROP,8,ENTRY_FILTER,2020-12-15,2021-12-21,0,5
2022-01-21,2022-01-24,NIFTY_IT,INFY,4,ENTRY_FILTER,2021-01-18,2022-01-21,0,5
2022-01-21,2022-01-24,NIFTY_IT,HCLTECH,5,ENTRY_FILTER,2021-01-18,2022-01-21,0,5
2022-01-21,2022-01-24,NIFTY_IT,WIPRO,6,ENTRY_FILTER,2021-01-18,2022-01-21,0,5
2022-01-21,2022-01-24,NIFTY_IT,JUSTDIAL,7,ENTRY_FILTER,2021-01-18,2022-01-21,0,5
2022-01-21,2022-01-24,NIFTY_METAL,APLAPOLLO,4,ENTRY_FILTER,2021-01-18,2022-01-21,0,5
2022-01-21,2022-01-24,NIFTY_METAL,WELCORP,5,ENTRY_FILTER,2021-01-18,2022-01-21,0,5
2022-01-21,2022-01-24,NIFTY_METAL,COALINDIA,6,ENTRY_FILTER,2021-01-18,2022-01-21,0,5
2022-01-21,2022-01-24,NIFTY_METAL,HINDZINC,7,ENTRY_FILTER,2021-01-18,2022-01-21,0,5
2022-01-21,2022-01-24,NIFTY_METAL,TATASTEEL,8,ENTRY_FILTER,2021-01-18,2022-01-21,0,5
2022-01-21,2022-01-24,NIFTY_METAL,NMDC,9,ENTRY_FILTER,2021-01-18,2022-01-21,0,5
2022-01-21,2022-01-24,NIFTY_METAL,JSWSTEEL,10,ENTRY_FILTER,2021-01-18,2022-01-21,0,5
2022-01-21,2022-01-24,NIFTY_METAL,JINDALSTEL,11,ENTRY_FILTER,2021-01-18,2022-01-21,0,5
2022-01-21,2022-01-24,NIFTY_METAL,HINDCOPPER,12,ENTRY_FILTER,2021-01-18,2022-01-21,0,5
2022-01-21,2022-01-24,NIFTY_METAL,RATNAMANI,13,ENTRY_FILTER,2021-01-18,2022-01-21,0,5
2022-01-21,2022-01-24,NIFTY_METAL,SAIL,14,ENTRY_FILTER,2021-01-18,2022-01-21,0,5
2022-01-21,2022-01-24,NIFTY_PHARMA,DRREDDY,4,ENTRY_FILTER,2021-01-18,2022-01-21,0,5
2022-01-21,2022-01-24,NIFTY_PHARMA,DIVISLAB,5,ENTRY_FILTER,2021-01-18,2022-01-21,0,5
2022-01-21,2022-01-24,NIFTY_PHARMA,LUPIN,6,ENTRY_FILTER,2021-01-18,2022-01-21,0,5
2022-01-21,2022-01-24,NIFTY_PHARMA,GLENMARK,7,ENTRY_FILTER,2021-01-18,2022-01-21,0,5
2022-01-21,2022-01-24,NIFTY_PHARMA,AUROPHARMA,8,ENTRY_FILTER,2021-01-18,2022-01-21,0,5
2022-01-21,2022-01-24,NIFTY_PSU_BANK,BANKBARODA,4,ENTRY_FILTER,2021-01-18,2022-01-21,0,5
2022-01-21,2022-01-24,NIFTY_PSU_BANK,UCOBANK,5,ENTRY_FILTER,2021-01-18,2022-01-21,0,5
2022-01-21,2022-01-24,NIFTY_PSU_BANK,UNIONBANK,6,ENTRY_FILTER,2021-01-18,2022-01-21,0,5
2022-01-21,2022-01-24,NIFTY_PSU_BANK,CENTRALBK,7,ENTRY_FILTER,2021-01-18,2022-01-21,0,5
2022-01-21,2022-01-24,NIFTY_PSU_BANK,IOB,8,ENTRY_FILTER,2021-01-18,2022-01-21,0,5
2022-01-21,2022-01-24,NIFTY_PSU_BANK,PNB,9,ENTRY_FILTER,2021-01-18,2022-01-21,0,5
2022-01-21,2022-01-24,NIFTY_PSU_BANK,PSB,10,ENTRY_FILTER,2021-01-18,2022-01-21,0,5
2022-01-21,2022-01-24,NIFTY_PSU_BANK,INDIANB,11,ENTRY_FILTER,2021-01-18,2022-01-21,0,5
2022-01-21,2022-01-24,NIFTY_PSU_BANK,MAHABANK,12,ENTRY_FILTER,2021-01-18,2022-01-21,0,5
2022-01-21,2022-01-24,NIFTY_PSU_BANK,BANKINDIA,13,ENTRY_FILTER,2021-01-18,2022-01-21,0,5
2022-01-21,2022-01-24,NIFTY_REALTY,OBEROIRLTY,4,ENTRY_FILTER,2021-01-18,2022-01-21,0,5
2022-01-21,2022-01-24,NIFTY_REALTY,DLF,5,ENTRY_FILTER,2021-01-18,2022-01-21,0,5
2022-01-21,2022-01-24,NIFTY_REALTY,IBREALEST,6,ENTRY_FILTER,2021-01-18,2022-01-21,0,5
2022-01-21,2022-01-24,NIFTY_REALTY,PHOENIXLTD,7,ENTRY_FILTER,2021-01-18,2022-01-21,0,5
2022-01-21,2022-01-24,NIFTY_REALTY,GODREJPROP,8,ENTRY_FILTER,2021-01-18,2022-01-21,0,5
2022-01-28,2022-01-31,NIFTY_MEDIA,ZEEL,4,ENTRY_FILTER,2021-01-22,2022-01-28,0,5
2022-01-28,2022-01-31,NIFTY_MEDIA,DISHTV,5,ENTRY_FILTER,2021-01-22,2022-01-28,0,5
2022-01-28,2022-01-31,NIFTY_MEDIA,JAGRAN,6,ENTRY_FILTER,2021-01-22,2022-01-28,0,5
2022-01-28,2022-01-31,NIFTY_MEDIA,BALAJITELE,7,ENTRY_FILTER,2021-01-22,2022-01-28,0,5
2022-01-28,2022-01-31,NIFTY_MEDIA,DBCORP,8,ENTRY_FILTER,2021-01-22,2022-01-28,0,5
2022-01-28,2022-01-31,NIFTY_MEDIA,SUNTV,9,ENTRY_FILTER,2021-01-22,2022-01-28,0,5
2022-02-21,2022-02-22,NIFTY_IT,INFY,4,ENTRY_FILTER,2021-02-16,2022-02-21,0,5
2022-02-21,2022-02-22,NIFTY_IT,TECHM,5,ENTRY_FILTER,2021-02-16,2022-02-21,0,5
2022-02-21,2022-02-22,NIFTY_IT,WIPRO,6,ENTRY_FILTER,2021-02-16,2022-02-21,0,5
2022-02-21,2022-02-22,NIFTY_IT,JUSTDIAL,7,ENTRY_FILTER,2021-02-16,2022-02-21,0,5
2022-02-21,2022-02-22,NIFTY_MEDIA,ZEEL,4,ENTRY_FILTER,2021-02-16,2022-02-21,0,5
2022-02-21,2022-02-22,NIFTY_MEDIA,TVTODAY,5,ENTRY_FILTER,2021-02-16,2022-02-21,0,5
2022-02-21,2022-02-22,NIFTY_MEDIA,BALAJITELE,6,ENTRY_FILTER,2021-02-16,2022-02-21,0,5
2022-02-21,2022-02-22,NIFTY_MEDIA,DISHTV,7,ENTRY_FILTER,2021-02-16,2022-02-21,0,5
2022-02-21,2022-02-22,NIFTY_MEDIA,SUNTV,8,ENTRY_FILTER,2021-02-16,2022-02-21,0,5
2022-02-21,2022-02-22,NIFTY_MEDIA,DBCORP,9,ENTRY_FILTER,2021-02-16,2022-02-21,0,5
2022-02-21,2022-02-22,NIFTY_METAL,HINDALCO,4,ENTRY_FILTER,2021-02-16,2022-02-21,0,5
2022-02-21,2022-02-22,NIFTY_METAL,NMDC,5,ENTRY_FILTER,2021-02-16,2022-02-21,0,5
2022-02-21,2022-02-22,NIFTY_METAL,HINDZINC,6,ENTRY_FILTER,2021-02-16,2022-02-21,0,5
2022-02-21,2022-02-22,NIFTY_METAL,RATNAMANI,7,ENTRY_FILTER,2021-02-16,2022-02-21,0,5
2022-02-21,2022-02-22,NIFTY_METAL,JINDALSTEL,8,ENTRY_FILTER,2021-02-16,2022-02-21,0,5
2022-02-21,2022-02-22,NIFTY_METAL,WELCORP,9,ENTRY_FILTER,2021-02-16,2022-02-21,0,5
2022-02-21,2022-02-22,NIFTY_METAL,APLAPOLLO,10,ENTRY_FILTER,2021-02-16,2022-02-21,0,5
2022-02-21,2022-02-22,NIFTY_METAL,TATASTEEL,11,ENTRY_FILTER,2021-02-16,2022-02-21,0,5
2022-02-21,2022-02-22,NIFTY_METAL,JSWSTEEL,12,ENTRY_FILTER,2021-02-16,2022-02-21,0,5
2022-02-21,2022-02-22,NIFTY_METAL,HINDCOPPER,13,ENTRY_FILTER,2021-02-16,2022-02-21,0,5
2022-02-21,2022-02-22,NIFTY_METAL,SAIL,14,ENTRY_FILTER,2021-02-16,2022-02-21,0,5
2022-02-21,2022-02-22,NIFTY_PSU_BANK,UNIONBANK,4,ENTRY_FILTER,2021-02-16,2022-02-21,0,5
2022-02-21,2022-02-22,NIFTY_PSU_BANK,INDIANB,5,ENTRY_FILTER,2021-02-16,2022-02-21,0,5
2022-02-21,2022-02-22,NIFTY_PSU_BANK,UCOBANK,6,ENTRY_FILTER,2021-02-16,2022-02-21,0,5
2022-02-21,2022-02-22,NIFTY_PSU_BANK,CENTRALBK,7,ENTRY_FILTER,2021-02-16,2022-02-21,0,5
2022-02-21,2022-02-22,NIFTY_PSU_BANK,PNB,8,ENTRY_FILTER,2021-02-16,2022-02-21,0,5
2022-02-21,2022-02-22,NIFTY_PSU_BANK,IOB,9,ENTRY_FILTER,2021-02-16,2022-02-21,0,5
2022-02-21,2022-02-22,NIFTY_PSU_BANK,J&KBANK,10,ENTRY_FILTER,2021-02-16,2022-02-21,0,5
2022-02-21,2022-02-22,NIFTY_PSU_BANK,PSB,11,ENTRY_FILTER,2021-02-16,2022-02-21,0,5
2022-02-21,2022-02-22,NIFTY_PSU_BANK,MAHABANK,12,ENTRY_FILTER,2021-02-16,2022-02-21,0,5
2022-02-21,2022-02-22,NIFTY_PSU_BANK,BANKINDIA,13,ENTRY_FILTER,2021-02-16,2022-02-21,0,5
2022-02-21,2022-02-22,NIFTY_REALTY,SOBHA,4,ENTRY_FILTER,2021-02-16,2022-02-21,0,5
2022-02-21,2022-02-22,NIFTY_REALTY,PHOENIXLTD,5,ENTRY_FILTER,2021-02-16,2022-02-21,0,5
2022-02-21,2022-02-22,NIFTY_REALTY,DLF,6,ENTRY_FILTER,2021-02-16,2022-02-21,0,5
2022-02-21,2022-02-22,NIFTY_REALTY,GODREJPROP,7,ENTRY_FILTER,2021-02-16,2022-02-21,0,5
2022-02-21,2022-02-22,NIFTY_REALTY,IBREALEST,8,ENTRY_FILTER,2021-02-16,2022-02-21,0,5
2022-02-25,2022-02-28,NIFTY_AUTO,TVSMOTOR,4,ENTRY_FILTER,2021-02-22,2022-02-25,0,5
2022-02-25,2022-02-28,NIFTY_AUTO,M&M,5,ENTRY_FILTER,2021-02-22,2022-02-25,0,5
2022-02-25,2022-02-28,NIFTY_AUTO,HEROMOTOCO,6,ENTRY_FILTER,2021-02-22,2022-02-25,0,5
2022-02-25,2022-02-28,NIFTY_AUTO,BAJAJ-AUTO,7,ENTRY_FILTER,2021-02-22,2022-02-25,0,5
2022-02-25,2022-02-28,NIFTY_AUTO,BHARATFORG,8,ENTRY_FILTER,2021-02-22,2022-02-25,0,5
2022-02-25,2022-02-28,NIFTY_AUTO,ASHOKLEY,9,ENTRY_FILTER,2021-02-22,2022-02-25,0,5
2022-02-25,2022-02-28,NIFTY_AUTO,EXIDEIND,10,ENTRY_FILTER,2021-02-22,2022-02-25,0,5
2022-02-25,2022-02-28,NIFTY_AUTO,MRF,11,ENTRY_FILTER,2021-02-22,2022-02-25,0,5
2022-02-25,2022-02-28,NIFTY_AUTO,APOLLOTYRE,12,ENTRY_FILTER,2021-02-22,2022-02-25,0,5
2022-03-21,2022-03-22,NIFTY_MEDIA,BALAJITELE,4,ENTRY_FILTER,2021-03-15,2022-03-21,0,5
2022-03-21,2022-03-22,NIFTY_MEDIA,JAGRAN,5,ENTRY_FILTER,2021-03-15,2022-03-21,0,5
2022-03-21,2022-03-22,NIFTY_MEDIA,SUNTV,6,ENTRY_FILTER,2021-03-15,2022-03-21,0,5
2022-03-21,2022-03-22,NIFTY_MEDIA,ZEEL,7,ENTRY_FILTER,2021-03-15,2022-03-21,0,5
2022-03-21,2022-03-22,NIFTY_MEDIA,DBCORP,8,ENTRY_FILTER,2021-03-15,2022-03-21,0,5
2022-03-21,2022-03-22,NIFTY_MEDIA,DISHTV,9,ENTRY_FILTER,2021-03-15,2022-03-21,0,5
2022-03-21,2022-03-22,NIFTY_METAL,COALINDIA,4,ENTRY_FILTER,2021-03-15,2022-03-21,0,5
2022-03-21,2022-03-22,NIFTY_METAL,JINDALSTEL,5,ENTRY_FILTER,2021-03-15,2022-03-21,0,5
2022-03-21,2022-03-22,NIFTY_METAL,RATNAMANI,6,ENTRY_FILTER,2021-03-15,2022-03-21,0,5
2022-03-21,2022-03-22,NIFTY_METAL,NMDC,7,ENTRY_FILTER,2021-03-15,2022-03-21,0,5
2022-03-21,2022-03-22,NIFTY_METAL,TATASTEEL,8,ENTRY_FILTER,2021-03-15,2022-03-21,0,5
2022-03-21,2022-03-22,NIFTY_METAL,WELCORP,9,ENTRY_FILTER,2021-03-15,2022-03-21,0,5
2022-03-21,2022-03-22,NIFTY_METAL,APLAPOLLO,10,ENTRY_FILTER,2021-03-15,2022-03-21,0,5
2022-03-21,2022-03-22,NIFTY_METAL,HINDZINC,11,ENTRY_FILTER,2021-03-15,2022-03-21,0,5
2022-03-21,2022-03-22,NIFTY_METAL,JSWSTEEL,12,ENTRY_FILTER,2021-03-15,2022-03-21,0,5
2022-03-21,2022-03-22,NIFTY_METAL,HINDCOPPER,13,ENTRY_FILTER,2021-03-15,2022-03-21,0,5
2022-03-21,2022-03-22,NIFTY_METAL,SAIL,14,ENTRY_FILTER,2021-03-15,2022-03-21,0,5
2022-03-21,2022-03-22,NIFTY_PSU_BANK,INDIANB,4,ENTRY_FILTER,2021-03-15,2022-03-21,0,5
2022-03-21,2022-03-22,NIFTY_PSU_BANK,UNIONBANK,5,ENTRY_FILTER,2021-03-15,2022-03-21,0,5
2022-03-21,2022-03-22,NIFTY_PSU_BANK,PSB,6,ENTRY_FILTER,2021-03-15,2022-03-21,0,5
2022-03-21,2022-03-22,NIFTY_PSU_BANK,UCOBANK,7,ENTRY_FILTER,2021-03-15,2022-03-21,0,5
2022-03-21,2022-03-22,NIFTY_PSU_BANK,J&KBANK,8,ENTRY_FILTER,2021-03-15,2022-03-21,0,5
2022-03-21,2022-03-22,NIFTY_PSU_BANK,CENTRALBK,9,ENTRY_FILTER,2021-03-15,2022-03-21,0,5
2022-03-21,2022-03-22,NIFTY_PSU_BANK,MAHABANK,10,ENTRY_FILTER,2021-03-15,2022-03-21,0,5
2022-03-21,2022-03-22,NIFTY_PSU_BANK,IOB,11,ENTRY_FILTER,2021-03-15,2022-03-21,0,5
2022-03-21,2022-03-22,NIFTY_PSU_BANK,PNB,12,ENTRY_FILTER,2021-03-15,2022-03-21,0,5
2022-03-21,2022-03-22,NIFTY_PSU_BANK,BANKINDIA,13,ENTRY_FILTER,2021-03-15,2022-03-21,0,5
2022-04-01,2022-04-04,NIFTY_OIL_GAS,ATGL,1,LOWER_CIRCUIT_FILTER,2021-03-26,2022-04-01,7,5
2022-04-01,2022-04-04,NIFTY_OIL_GAS,GAIL,4,ENTRY_FILTER,2021-03-26,2022-04-01,0,5
2022-04-01,2022-04-04,NIFTY_OIL_GAS,RELIANCE,5,ENTRY_FILTER,2021-03-26,2022-04-01,0,5
2022-04-01,2022-04-04,NIFTY_OIL_GAS,IOC,6,ENTRY_FILTER,2021-03-26,2022-04-01,0,5
2022-04-01,2022-04-04,NIFTY_OIL_GAS,BPCL,7,ENTRY_FILTER,2021-03-26,2022-04-01,0,5
2022-04-01,2022-04-04,NIFTY_OIL_GAS,HINDPETRO,8,ENTRY_FILTER,2021-03-26,2022-04-01,0,5
2022-04-01,2022-04-04,NIFTY_OIL_GAS,PETRONET,9,ENTRY_FILTER,2021-03-26,2022-04-01,0,5
2022-04-01,2022-04-04,NIFTY_OIL_GAS,MRPL,10,ENTRY_FILTER,2021-03-26,2022-04-01,0,5
2022-04-01,2022-04-04,NIFTY_OIL_GAS,CASTROLIND,11,ENTRY_FILTER,2021-03-26,2022-04-01,0,5
2022-04-01,2022-04-04,NIFTY_OIL_GAS,MGL,12,ENTRY_FILTER,2021-03-26,2022-04-01,0,5
2022-04-01,2022-04-04,NIFTY_OIL_GAS,AEGISLOG,13,ENTRY_FILTER,2021-03-26,2022-04-01,0,5
2022-04-01,2022-04-04,NIFTY_OIL_GAS,IGL,14,ENTRY_FILTER,2021-03-26,2022-04-01,0,5
2022-04-21,2022-04-22,NIFTY_MEDIA,JAGRAN,4,ENTRY_FILTER,2021-04-16,2022-04-21,0,5
2022-04-21,2022-04-22,NIFTY_MEDIA,SUNTV,5,ENTRY_FILTER,2021-04-16,2022-04-21,0,5
2022-04-21,2022-04-22,NIFTY_MEDIA,SAREGAMA,6,ENTRY_FILTER,2021-04-16,2022-04-21,0,5
2022-04-21,2022-04-22,NIFTY_MEDIA,DBCORP,7,ENTRY_FILTER,2021-04-16,2022-04-21,0,5
2022-04-21,2022-04-22,NIFTY_MEDIA,DISHTV,8,ENTRY_FILTER,2021-04-16,2022-04-21,0,5
2022-04-21,2022-04-22,NIFTY_MEDIA,ZEEL,9,ENTRY_FILTER,2021-04-16,2022-04-21,0,5
2022-04-21,2022-04-22,NIFTY_METAL,WELCORP,4,ENTRY_FILTER,2021-04-16,2022-04-21,0,5
2022-04-21,2022-04-22,NIFTY_METAL,JINDALSTEL,5,ENTRY_FILTER,2021-04-16,2022-04-21,0,5
2022-04-21,2022-04-22,NIFTY_METAL,APLAPOLLO,6,ENTRY_FILTER,2021-04-16,2022-04-21,0,5
2022-04-21,2022-04-22,NIFTY_METAL,RATNAMANI,7,ENTRY_FILTER,2021-04-16,2022-04-21,0,5
2022-04-21,2022-04-22,NIFTY_METAL,NATIONALUM,8,ENTRY_FILTER,2021-04-16,2022-04-21,0,5
2022-04-21,2022-04-22,NIFTY_METAL,HINDALCO,9,ENTRY_FILTER,2021-04-16,2022-04-21,0,5
2022-04-21,2022-04-22,NIFTY_METAL,HINDZINC,10,ENTRY_FILTER,2021-04-16,2022-04-21,0,5
2022-04-21,2022-04-22,NIFTY_METAL,JSWSTEEL,11,ENTRY_FILTER,2021-04-16,2022-04-21,0,5
2022-04-21,2022-04-22,NIFTY_METAL,TATASTEEL,12,ENTRY_FILTER,2021-04-16,2022-04-21,0,5
2022-04-21,2022-04-22,NIFTY_METAL,SAIL,13,ENTRY_FILTER,2021-04-16,2022-04-21,0,5
2022-04-21,2022-04-22,NIFTY_METAL,HINDCOPPER,14,ENTRY_FILTER,2021-04-16,2022-04-21,0,5
2022-04-21,2022-04-22,NIFTY_OIL_GAS,ATGL,1,LOWER_CIRCUIT_FILTER,2021-04-16,2022-04-21,7,5
2022-04-21,2022-04-22,NIFTY_OIL_GAS,IOC,4,ENTRY_FILTER,2021-04-16,2022-04-21,0,5
2022-04-21,2022-04-22,NIFTY_OIL_GAS,ONGC,5,ENTRY_FILTER,2021-04-16,2022-04-21,0,5
2022-04-21,2022-04-22,NIFTY_OIL_GAS,RELIANCE,6,ENTRY_FILTER,2021-04-16,2022-04-21,0,5
2022-04-21,2022-04-22,NIFTY_OIL_GAS,GAIL,7,ENTRY_FILTER,2021-04-16,2022-04-21,0,5
2022-04-21,2022-04-22,NIFTY_OIL_GAS,BPCL,8,ENTRY_FILTER,2021-04-16,2022-04-21,0,5
2022-04-21,2022-04-22,NIFTY_OIL_GAS,PETRONET,9,ENTRY_FILTER,2021-04-16,2022-04-21,0,5
2022-04-21,2022-04-22,NIFTY_OIL_GAS,HINDPETRO,10,ENTRY_FILTER,2021-04-16,2022-04-21,0,5
2022-04-21,2022-04-22,NIFTY_OIL_GAS,AEGISLOG,11,ENTRY_FILTER,2021-04-16,2022-04-21,0,5
2022-04-21,2022-04-22,NIFTY_OIL_GAS,CASTROLIND,12,ENTRY_FILTER,2021-04-16,2022-04-21,0,5
2022-04-21,2022-04-22,NIFTY_OIL_GAS,MGL,13,ENTRY_FILTER,2021-04-16,2022-04-21,0,5
2022-04-21,2022-04-22,NIFTY_OIL_GAS,IGL,14,ENTRY_FILTER,2021-04-16,2022-04-21,0,5
2022-04-21,2022-04-22,NIFTY_PSU_BANK,INDIANB,4,ENTRY_FILTER,2021-04-16,2022-04-21,0,5
2022-04-21,2022-04-22,NIFTY_PSU_BANK,PSB,5,ENTRY_FILTER,2021-04-16,2022-04-21,0,5
2022-04-21,2022-04-22,NIFTY_PSU_BANK,UCOBANK,6,ENTRY_FILTER,2021-04-16,2022-04-21,0,5
2022-04-21,2022-04-22,NIFTY_PSU_BANK,CENTRALBK,7,ENTRY_FILTER,2021-04-16,2022-04-21,0,5
2022-04-21,2022-04-22,NIFTY_PSU_BANK,UNIONBANK,8,ENTRY_FILTER,2021-04-16,2022-04-21,0,5
2022-04-21,2022-04-22,NIFTY_PSU_BANK,MAHABANK,9,ENTRY_FILTER,2021-04-16,2022-04-21,0,5
2022-04-21,2022-04-22,NIFTY_PSU_BANK,IOB,10,ENTRY_FILTER,2021-04-16,2022-04-21,0,5
2022-04-21,2022-04-22,NIFTY_PSU_BANK,PNB,11,ENTRY_FILTER,2021-04-16,2022-04-21,0,5
2022-04-21,2022-04-22,NIFTY_PSU_BANK,BANKINDIA,12,ENTRY_FILTER,2021-04-16,2022-04-21,0,5
2022-04-21,2022-04-22,NIFTY_PSU_BANK,J&KBANK,13,ENTRY_FILTER,2021-04-16,2022-04-21,0,5
2022-05-23,2022-05-24,NIFTY_OIL_GAS,ATGL,1,LOWER_CIRCUIT_FILTER,2021-05-19,2022-05-23,7,5
2022-05-23,2022-05-24,NIFTY_OIL_GAS,RELIANCE,4,ENTRY_FILTER,2021-05-19,2022-05-23,0,5
2022-05-23,2022-05-24,NIFTY_OIL_GAS,PETRONET,5,ENTRY_FILTER,2021-05-19,2022-05-23,0,5
2022-05-23,2022-05-24,NIFTY_OIL_GAS,ONGC,6,ENTRY_FILTER,2021-05-19,2022-05-23,0,5
2022-05-23,2022-05-24,NIFTY_OIL_GAS,IOC,7,ENTRY_FILTER,2021-05-19,2022-05-23,0,5
2022-05-23,2022-05-24,NIFTY_OIL_GAS,CASTROLIND,8,ENTRY_FILTER,2021-05-19,2022-05-23,0,5
2022-05-23,2022-05-24,NIFTY_OIL_GAS,AEGISLOG,9,ENTRY_FILTER,2021-05-19,2022-05-23,0,5
2022-05-23,2022-05-24,NIFTY_OIL_GAS,BPCL,10,ENTRY_FILTER,2021-05-19,2022-05-23,0,5
2022-05-23,2022-05-24,NIFTY_OIL_GAS,MGL,11,ENTRY_FILTER,2021-05-19,2022-05-23,0,5
2022-05-23,2022-05-24,NIFTY_OIL_GAS,IGL,12,ENTRY_FILTER,2021-05-19,2022-05-23,0,5
2022-05-23,2022-05-24,NIFTY_OIL_GAS,HINDPETRO,13,ENTRY_FILTER,2021-05-19,2022-05-23,0,5
2022-06-21,2022-06-22,NIFTY_OIL_GAS,ATGL,1,LOWER_CIRCUIT_FILTER,2021-06-17,2022-06-21,7,5
2022-06-21,2022-06-22,NIFTY_OIL_GAS,GAIL,4,ENTRY_FILTER,2021-06-17,2022-06-21,0,5
2022-06-21,2022-06-22,NIFTY_OIL_GAS,PETRONET,5,ENTRY_FILTER,2021-06-17,2022-06-21,0,5
2022-06-21,2022-06-22,NIFTY_OIL_GAS,IOC,6,ENTRY_FILTER,2021-06-17,2022-06-21,0,5
2022-06-21,2022-06-22,NIFTY_OIL_GAS,ONGC,7,ENTRY_FILTER,2021-06-17,2022-06-21,0,5
2022-06-21,2022-06-22,NIFTY_OIL_GAS,CASTROLIND,8,ENTRY_FILTER,2021-06-17,2022-06-21,0,5
2022-06-21,2022-06-22,NIFTY_OIL_GAS,AEGISLOG,9,ENTRY_FILTER,2021-06-17,2022-06-21,0,5
2022-06-21,2022-06-22,NIFTY_OIL_GAS,MGL,10,ENTRY_FILTER,2021-06-17,2022-06-21,0,5
2022-06-21,2022-06-22,NIFTY_OIL_GAS,BPCL,11,ENTRY_FILTER,2021-06-17,2022-06-21,0,5
2022-06-21,2022-06-22,NIFTY_OIL_GAS,HINDPETRO,12,ENTRY_FILTER,2021-06-17,2022-06-21,0,5
2022-06-21,2022-06-22,NIFTY_OIL_GAS,IGL,13,ENTRY_FILTER,2021-06-17,2022-06-21,0,5
2022-07-01,2022-07-04,NIFTY_AUTO,ASHOKLEY,4,ENTRY_FILTER,2021-06-29,2022-07-01,0,5
2022-07-01,2022-07-04,NIFTY_AUTO,HEROMOTOCO,5,ENTRY_FILTER,2021-06-29,2022-07-01,0,5
2022-07-01,2022-07-04,NIFTY_AUTO,BAJAJ-AUTO,6,ENTRY_FILTER,2021-06-29,2022-07-01,0,5
2022-07-01,2022-07-04,NIFTY_AUTO,MRF,7,ENTRY_FILTER,2021-06-29,2022-07-01,0,5
2022-07-01,2022-07-04,NIFTY_AUTO,EICHERMOT,8,ENTRY_FILTER,2021-06-29,2022-07-01,0,5
2022-07-01,2022-07-04,NIFTY_AUTO,BOSCHLTD,9,ENTRY_FILTER,2021-06-29,2022-07-01,0,5
2022-07-01,2022-07-04,NIFTY_AUTO,EXIDEIND,10,ENTRY_FILTER,2021-06-29,2022-07-01,0,5
2022-07-01,2022-07-04,NIFTY_AUTO,BHARATFORG,11,ENTRY_FILTER,2021-06-29,2022-07-01,0,5
2022-07-01,2022-07-04,NIFTY_AUTO,APOLLOTYRE,12,ENTRY_FILTER,2021-06-29,2022-07-01,0,5
2022-07-08,2022-07-11,NIFTY_FMCG,COLPAL,4,ENTRY_FILTER,2021-07-06,2022-07-08,0,5
2022-07-08,2022-07-11,NIFTY_FMCG,UBL,5,ENTRY_FILTER,2021-07-06,2022-07-08,0,5
2022-07-08,2022-07-11,NIFTY_FMCG,NESTLEIND,6,ENTRY_FILTER,2021-07-06,2022-07-08,0,5
2022-07-08,2022-07-11,NIFTY_FMCG,TATACONSUM,7,ENTRY_FILTER,2021-07-06,2022-07-08,0,5
2022-07-08,2022-07-11,NIFTY_FMCG,MARICO,8,ENTRY_FILTER,2021-07-06,2022-07-08,0,5
2022-07-08,2022-07-11,NIFTY_FMCG,DABUR,9,ENTRY_FILTER,2021-07-06,2022-07-08,0,5
2022-07-08,2022-07-11,NIFTY_FMCG,EMAMILTD,10,ENTRY_FILTER,2021-07-06,2022-07-08,0,5
2022-07-08,2022-07-11,NIFTY_FMCG,GODREJCP,11,ENTRY_FILTER,2021-07-06,2022-07-08,0,5
2022-07-08,2022-07-11,NIFTY_FMCG,JUBLFOOD,12,ENTRY_FILTER,2021-07-06,2022-07-08,0,5
2022-07-08,2022-07-11,NIFTY_FMCG,GODREJIND,13,ENTRY_FILTER,2021-07-06,2022-07-08,0,5
2022-07-21,2022-07-22,NIFTY_AUTO,MARUTI,4,ENTRY_FILTER,2021-07-19,2022-07-21,0,5
2022-07-21,2022-07-22,NIFTY_AUTO,EICHERMOT,5,ENTRY_FILTER,2021-07-19,2022-07-21,0,5
2022-07-21,2022-07-22,NIFTY_AUTO,HEROMOTOCO,6,ENTRY_FILTER,2021-07-19,2022-07-21,0,5
2022-07-21,2022-07-22,NIFTY_AUTO,MRF,7,ENTRY_FILTER,2021-07-19,2022-07-21,0,5
2022-07-21,2022-07-22,NIFTY_AUTO,ASHOKLEY,8,ENTRY_FILTER,2021-07-19,2022-07-21,0,5
2022-07-21,2022-07-22,NIFTY_AUTO,BOSCHLTD,9,ENTRY_FILTER,2021-07-19,2022-07-21,0,5
2022-07-21,2022-07-22,NIFTY_AUTO,APOLLOTYRE,10,ENTRY_FILTER,2021-07-19,2022-07-21,0,5
2022-07-21,2022-07-22,NIFTY_AUTO,EXIDEIND,11,ENTRY_FILTER,2021-07-19,2022-07-21,0,5
2022-07-21,2022-07-22,NIFTY_AUTO,BHARATFORG,12,ENTRY_FILTER,2021-07-19,2022-07-21,0,5
2022-07-21,2022-07-22,NIFTY_FMCG,COLPAL,4,ENTRY_FILTER,2021-07-19,2022-07-21,0,5
2022-07-21,2022-07-22,NIFTY_FMCG,UBL,5,ENTRY_FILTER,2021-07-19,2022-07-21,0,5
2022-07-21,2022-07-22,NIFTY_FMCG,TATACONSUM,6,ENTRY_FILTER,2021-07-19,2022-07-21,0,5
2022-07-21,2022-07-22,NIFTY_FMCG,NESTLEIND,7,ENTRY_FILTER,2021-07-19,2022-07-21,0,5
2022-07-21,2022-07-22,NIFTY_FMCG,DABUR,8,ENTRY_FILTER,2021-07-19,2022-07-21,0,5
2022-07-21,2022-07-22,NIFTY_FMCG,MARICO,9,ENTRY_FILTER,2021-07-19,2022-07-21,0,5
2022-07-21,2022-07-22,NIFTY_FMCG,GODREJCP,10,ENTRY_FILTER,2021-07-19,2022-07-21,0,5
2022-07-21,2022-07-22,NIFTY_FMCG,EMAMILTD,11,ENTRY_FILTER,2021-07-19,2022-07-21,0,5
2022-07-21,2022-07-22,NIFTY_FMCG,GODREJIND,12,ENTRY_FILTER,2021-07-19,2022-07-21,0,5
2022-07-21,2022-07-22,NIFTY_FMCG,JUBLFOOD,13,ENTRY_FILTER,2021-07-19,2022-07-21,0,5
2022-08-05,2022-08-08,NIFTY_CONSUMER_DURABLES,BLUESTARCO,4,ENTRY_FILTER,2021-08-04,2022-08-05,0,5
2022-08-05,2022-08-08,NIFTY_CONSUMER_DURABLES,WHIRLPOOL,5,ENTRY_FILTER,2021-08-04,2022-08-05,0,5
2022-08-05,2022-08-08,NIFTY_CONSUMER_DURABLES,KAJARIACER,6,ENTRY_FILTER,2021-08-04,2022-08-05,0,5
2022-08-05,2022-08-08,NIFTY_CONSUMER_DURABLES,RAJESHEXPO,7,ENTRY_FILTER,2021-08-04,2022-08-05,0,5
2022-08-05,2022-08-08,NIFTY_CONSUMER_DURABLES,TTKPRESTIG,8,ENTRY_FILTER,2021-08-04,2022-08-05,0,5
2022-08-05,2022-08-08,NIFTY_CONSUMER_DURABLES,CROMPTON,9,ENTRY_FILTER,2021-08-04,2022-08-05,0,5
2022-08-05,2022-08-08,NIFTY_CONSUMER_DURABLES,VOLTAS,10,ENTRY_FILTER,2021-08-04,2022-08-05,0,5
2022-08-05,2022-08-08,NIFTY_CONSUMER_DURABLES,RELAXO,11,ENTRY_FILTER,2021-08-04,2022-08-05,0,5
2022-08-05,2022-08-08,NIFTY_CONSUMER_DURABLES,DIXON,12,ENTRY_FILTER,2021-08-04,2022-08-05,0,5
2022-08-05,2022-08-08,NIFTY_CONSUMER_DURABLES,ORIENTELEC,13,ENTRY_FILTER,2021-08-04,2022-08-05,0,5
2022-08-05,2022-08-08,NIFTY_CONSUMER_DURABLES,AMBER,14,ENTRY_FILTER,2021-08-04,2022-08-05,0,5
2022-08-05,2022-08-08,NIFTY_PRIVATE_BANK,INDUSINDBK,4,ENTRY_FILTER,2021-08-04,2022-08-05,0,5
2022-08-05,2022-08-08,NIFTY_PRIVATE_BANK,HDFCBANK,5,ENTRY_FILTER,2021-08-04,2022-08-05,0,5
2022-08-05,2022-08-08,NIFTY_PRIVATE_BANK,AXISBANK,6,ENTRY_FILTER,2021-08-04,2022-08-05,0,5
2022-08-05,2022-08-08,NIFTY_PRIVATE_BANK,KOTAKBANK,7,ENTRY_FILTER,2021-08-04,2022-08-05,0,5
2022-08-05,2022-08-08,NIFTY_PRIVATE_BANK,IDFCFIRSTB,8,ENTRY_FILTER,2021-08-04,2022-08-05,0,5
2022-08-05,2022-08-08,NIFTY_PRIVATE_BANK,BANDHANBNK,9,ENTRY_FILTER,2021-08-04,2022-08-05,0,5
2022-08-05,2022-08-08,NIFTY_PRIVATE_BANK,RBLBANK,10,ENTRY_FILTER,2021-08-04,2022-08-05,0,5
2022-08-12,2022-08-16,NIFTY_BANK,INDUSINDBK,4,ENTRY_FILTER,2021-08-10,2022-08-12,0,5
2022-08-12,2022-08-16,NIFTY_BANK,SBIN,5,ENTRY_FILTER,2021-08-10,2022-08-12,0,5
2022-08-12,2022-08-16,NIFTY_BANK,HDFCBANK,6,ENTRY_FILTER,2021-08-10,2022-08-12,0,5
2022-08-12,2022-08-16,NIFTY_BANK,AXISBANK,7,ENTRY_FILTER,2021-08-10,2022-08-12,0,5
2022-08-12,2022-08-16,NIFTY_BANK,IDFCFIRSTB,8,ENTRY_FILTER,2021-08-10,2022-08-12,0,5
2022-08-12,2022-08-16,NIFTY_BANK,KOTAKBANK,9,ENTRY_FILTER,2021-08-10,2022-08-12,0,5
2022-08-12,2022-08-16,NIFTY_BANK,PNB,10,ENTRY_FILTER,2021-08-10,2022-08-12,0,5
2022-08-12,2022-08-16,NIFTY_BANK,BANDHANBNK,11,ENTRY_FILTER,2021-08-10,2022-08-12,0,5
2022-08-12,2022-08-16,NIFTY_BANK,RBLBANK,12,ENTRY_FILTER,2021-08-10,2022-08-12,0,5
2022-08-22,2022-08-23,NIFTY_AUTO,BAJAJ-AUTO,4,ENTRY_FILTER,2021-08-17,2022-08-22,0,5
2022-08-22,2022-08-23,NIFTY_AUTO,MRF,5,ENTRY_FILTER,2021-08-17,2022-08-22,0,5
2022-08-22,2022-08-23,NIFTY_AUTO,APOLLOTYRE,6,ENTRY_FILTER,2021-08-17,2022-08-22,0,5
2022-08-22,2022-08-23,NIFTY_AUTO,MARUTI,7,ENTRY_FILTER,2021-08-17,2022-08-22,0,5
2022-08-22,2022-08-23,NIFTY_AUTO,HEROMOTOCO,8,ENTRY_FILTER,2021-08-17,2022-08-22,0,5
2022-08-22,2022-08-23,NIFTY_AUTO,BOSCHLTD,9,ENTRY_FILTER,2021-08-17,2022-08-22,0,5
2022-08-22,2022-08-23,NIFTY_AUTO,ASHOKLEY,10,ENTRY_FILTER,2021-08-17,2022-08-22,0,5
2022-08-22,2022-08-23,NIFTY_AUTO,EXIDEIND,11,ENTRY_FILTER,2021-08-17,2022-08-22,0,5
2022-08-22,2022-08-23,NIFTY_AUTO,BHARATFORG,12,ENTRY_FILTER,2021-08-17,2022-08-22,0,5
2022-08-22,2022-08-23,NIFTY_BANK,INDUSINDBK,4,ENTRY_FILTER,2021-08-17,2022-08-22,0,5
2022-08-22,2022-08-23,NIFTY_BANK,SBIN,5,ENTRY_FILTER,2021-08-17,2022-08-22,0,5
2022-08-22,2022-08-23,NIFTY_BANK,HDFCBANK,6,ENTRY_FILTER,2021-08-17,2022-08-22,0,5
2022-08-22,2022-08-23,NIFTY_BANK,AXISBANK,7,ENTRY_FILTER,2021-08-17,2022-08-22,0,5
2022-08-22,2022-08-23,NIFTY_BANK,IDFCFIRSTB,8,ENTRY_FILTER,2021-08-17,2022-08-22,0,5
2022-08-22,2022-08-23,NIFTY_BANK,KOTAKBANK,9,ENTRY_FILTER,2021-08-17,2022-08-22,0,5
2022-08-22,2022-08-23,NIFTY_BANK,PNB,10,ENTRY_FILTER,2021-08-17,2022-08-22,0,5
2022-08-22,2022-08-23,NIFTY_BANK,BANDHANBNK,11,ENTRY_FILTER,2021-08-17,2022-08-22,0,5
2022-08-22,2022-08-23,NIFTY_BANK,RBLBANK,12,ENTRY_FILTER,2021-08-17,2022-08-22,0,5
2022-08-22,2022-08-23,NIFTY_CONSUMER_DURABLES,KAJARIACER,4,ENTRY_FILTER,2021-08-17,2022-08-22,0,5
2022-08-22,2022-08-23,NIFTY_CONSUMER_DURABLES,CROMPTON,5,ENTRY_FILTER,2021-08-17,2022-08-22,0,5
2022-08-22,2022-08-23,NIFTY_CONSUMER_DURABLES,BATAINDIA,6,ENTRY_FILTER,2021-08-17,2022-08-22,0,5
2022-08-22,2022-08-23,NIFTY_CONSUMER_DURABLES,WHIRLPOOL,7,ENTRY_FILTER,2021-08-17,2022-08-22,0,5
2022-08-22,2022-08-23,NIFTY_CONSUMER_DURABLES,TTKPRESTIG,8,ENTRY_FILTER,2021-08-17,2022-08-22,0,5
2022-08-22,2022-08-23,NIFTY_CONSUMER_DURABLES,DIXON,9,ENTRY_FILTER,2021-08-17,2022-08-22,0,5
2022-08-22,2022-08-23,NIFTY_CONSUMER_DURABLES,RELAXO,10,ENTRY_FILTER,2021-08-17,2022-08-22,0,5
2022-08-22,2022-08-23,NIFTY_CONSUMER_DURABLES,VOLTAS,11,ENTRY_FILTER,2021-08-17,2022-08-22,0,5
2022-08-22,2022-08-23,NIFTY_CONSUMER_DURABLES,RAJESHEXPO,12,ENTRY_FILTER,2021-08-17,2022-08-22,0,5
2022-08-22,2022-08-23,NIFTY_CONSUMER_DURABLES,ORIENTELEC,13,ENTRY_FILTER,2021-08-17,2022-08-22,0,5
2022-08-22,2022-08-23,NIFTY_CONSUMER_DURABLES,AMBER,14,ENTRY_FILTER,2021-08-17,2022-08-22,0,5
2022-08-22,2022-08-23,NIFTY_FMCG,DABUR,4,ENTRY_FILTER,2021-08-17,2022-08-22,0,5
2022-08-22,2022-08-23,NIFTY_FMCG,UBL,5,ENTRY_FILTER,2021-08-17,2022-08-22,0,5
2022-08-22,2022-08-23,NIFTY_FMCG,GODREJCP,6,ENTRY_FILTER,2021-08-17,2022-08-22,0,5
2022-08-22,2022-08-23,NIFTY_FMCG,TATACONSUM,7,ENTRY_FILTER,2021-08-17,2022-08-22,0,5
2022-08-22,2022-08-23,NIFTY_FMCG,COLPAL,8,ENTRY_FILTER,2021-08-17,2022-08-22,0,5
2022-08-22,2022-08-23,NIFTY_FMCG,BRITANNIA,9,ENTRY_FILTER,2021-08-17,2022-08-22,0,5
2022-08-22,2022-08-23,NIFTY_FMCG,EMAMILTD,10,ENTRY_FILTER,2021-08-17,2022-08-22,0,5
2022-08-22,2022-08-23,NIFTY_FMCG,MARICO,11,ENTRY_FILTER,2021-08-17,2022-08-22,0,5
2022-08-22,2022-08-23,NIFTY_FMCG,JUBLFOOD,12,ENTRY_FILTER,2021-08-17,2022-08-22,0,5
2022-08-22,2022-08-23,NIFTY_FMCG,GODREJIND,13,ENTRY_FILTER,2021-08-17,2022-08-22,0,5
2022-08-22,2022-08-23,NIFTY_PRIVATE_BANK,INDUSINDBK,4,ENTRY_FILTER,2021-08-17,2022-08-22,0,5
2022-08-22,2022-08-23,NIFTY_PRIVATE_BANK,HDFCBANK,5,ENTRY_FILTER,2021-08-17,2022-08-22,0,5
2022-08-22,2022-08-23,NIFTY_PRIVATE_BANK,AXISBANK,6,ENTRY_FILTER,2021-08-17,2022-08-22,0,5
2022-08-22,2022-08-23,NIFTY_PRIVATE_BANK,IDFCFIRSTB,7,ENTRY_FILTER,2021-08-17,2022-08-22,0,5
2022-08-22,2022-08-23,NIFTY_PRIVATE_BANK,KOTAKBANK,8,ENTRY_FILTER,2021-08-17,2022-08-22,0,5
2022-08-22,2022-08-23,NIFTY_PRIVATE_BANK,BANDHANBNK,9,ENTRY_FILTER,2021-08-17,2022-08-22,0,5
2022-08-22,2022-08-23,NIFTY_PRIVATE_BANK,RBLBANK,10,ENTRY_FILTER,2021-08-17,2022-08-22,0,5
2022-09-21,2022-09-22,NIFTY_AUTO,APOLLOTYRE,4,ENTRY_FILTER,2021-09-17,2022-09-21,0,5
2022-09-21,2022-09-22,NIFTY_AUTO,ASHOKLEY,5,ENTRY_FILTER,2021-09-17,2022-09-21,0,5
2022-09-21,2022-09-22,NIFTY_AUTO,MARUTI,6,ENTRY_FILTER,2021-09-17,2022-09-21,0,5
2022-09-21,2022-09-22,NIFTY_AUTO,BAJAJ-AUTO,7,ENTRY_FILTER,2021-09-17,2022-09-21,0,5
2022-09-21,2022-09-22,NIFTY_AUTO,MRF,8,ENTRY_FILTER,2021-09-17,2022-09-21,0,5
2022-09-21,2022-09-22,NIFTY_AUTO,HEROMOTOCO,9,ENTRY_FILTER,2021-09-17,2022-09-21,0,5
2022-09-21,2022-09-22,NIFTY_AUTO,BOSCHLTD,10,ENTRY_FILTER,2021-09-17,2022-09-21,0,5
2022-09-21,2022-09-22,NIFTY_AUTO,BHARATFORG,11,ENTRY_FILTER,2021-09-17,2022-09-21,0,5
2022-09-21,2022-09-22,NIFTY_AUTO,EXIDEIND,12,ENTRY_FILTER,2021-09-17,2022-09-21,0,5
2022-09-21,2022-09-22,NIFTY_BANK,ICICIBANK,4,ENTRY_FILTER,2021-09-17,2022-09-21,0,5
2022-09-21,2022-09-22,NIFTY_BANK,IDFCFIRSTB,5,ENTRY_FILTER,2021-09-17,2022-09-21,0,5
2022-09-21,2022-09-22,NIFTY_BANK,SBIN,6,ENTRY_FILTER,2021-09-17,2022-09-21,0,5
2022-09-21,2022-09-22,NIFTY_BANK,PNB,7,ENTRY_FILTER,2021-09-17,2022-09-21,0,5
2022-09-21,2022-09-22,NIFTY_BANK,AXISBANK,8,ENTRY_FILTER,2021-09-17,2022-09-21,0,5
2022-09-21,2022-09-22,NIFTY_BANK,KOTAKBANK,9,ENTRY_FILTER,2021-09-17,2022-09-21,0,5
2022-09-21,2022-09-22,NIFTY_BANK,HDFCBANK,10,ENTRY_FILTER,2021-09-17,2022-09-21,0,5
2022-09-21,2022-09-22,NIFTY_BANK,BANDHANBNK,11,ENTRY_FILTER,2021-09-17,2022-09-21,0,5
2022-09-21,2022-09-22,NIFTY_BANK,RBLBANK,12,ENTRY_FILTER,2021-09-17,2022-09-21,0,5
2022-09-21,2022-09-22,NIFTY_CONSUMER_DURABLES,KAJARIACER,4,ENTRY_FILTER,2021-09-17,2022-09-21,0,5
2022-09-21,2022-09-22,NIFTY_CONSUMER_DURABLES,WHIRLPOOL,5,ENTRY_FILTER,2021-09-17,2022-09-21,0,5
2022-09-21,2022-09-22,NIFTY_CONSUMER_DURABLES,BLUESTARCO,6,ENTRY_FILTER,2021-09-17,2022-09-21,0,5
2022-09-21,2022-09-22,NIFTY_CONSUMER_DURABLES,CROMPTON,7,ENTRY_FILTER,2021-09-17,2022-09-21,0,5
2022-09-21,2022-09-22,NIFTY_CONSUMER_DURABLES,BATAINDIA,8,ENTRY_FILTER,2021-09-17,2022-09-21,0,5
2022-09-21,2022-09-22,NIFTY_CONSUMER_DURABLES,RELAXO,9,ENTRY_FILTER,2021-09-17,2022-09-21,0,5
2022-09-21,2022-09-22,NIFTY_CONSUMER_DURABLES,DIXON,10,ENTRY_FILTER,2021-09-17,2022-09-21,0,5
2022-09-21,2022-09-22,NIFTY_CONSUMER_DURABLES,RAJESHEXPO,11,ENTRY_FILTER,2021-09-17,2022-09-21,0,5
2022-09-21,2022-09-22,NIFTY_CONSUMER_DURABLES,ORIENTELEC,12,ENTRY_FILTER,2021-09-17,2022-09-21,0,5
2022-09-21,2022-09-22,NIFTY_CONSUMER_DURABLES,VOLTAS,13,ENTRY_FILTER,2021-09-17,2022-09-21,0,5
2022-09-21,2022-09-22,NIFTY_CONSUMER_DURABLES,AMBER,14,ENTRY_FILTER,2021-09-17,2022-09-21,0,5
2022-09-21,2022-09-22,NIFTY_FMCG,UBL,4,ENTRY_FILTER,2021-09-17,2022-09-21,0,5
2022-09-21,2022-09-22,NIFTY_FMCG,BRITANNIA,5,ENTRY_FILTER,2021-09-17,2022-09-21,0,5
2022-09-21,2022-09-22,NIFTY_FMCG,EMAMILTD,6,ENTRY_FILTER,2021-09-17,2022-09-21,0,5
2022-09-21,2022-09-22,NIFTY_FMCG,JUBLFOOD,7,ENTRY_FILTER,2021-09-17,2022-09-21,0,5
2022-09-21,2022-09-22,NIFTY_FMCG,MARICO,8,ENTRY_FILTER,2021-09-17,2022-09-21,0,5
2022-09-21,2022-09-22,NIFTY_FMCG,TATACONSUM,9,ENTRY_FILTER,2021-09-17,2022-09-21,0,5
2022-09-21,2022-09-22,NIFTY_FMCG,COLPAL,10,ENTRY_FILTER,2021-09-17,2022-09-21,0,5
2022-09-21,2022-09-22,NIFTY_FMCG,NESTLEIND,11,ENTRY_FILTER,2021-09-17,2022-09-21,0,5
2022-09-21,2022-09-22,NIFTY_FMCG,DABUR,12,ENTRY_FILTER,2021-09-17,2022-09-21,0,5
2022-09-21,2022-09-22,NIFTY_FMCG,GODREJIND,13,ENTRY_FILTER,2021-09-17,2022-09-21,0,5
2022-09-21,2022-09-22,NIFTY_PRIVATE_BANK,ICICIBANK,4,ENTRY_FILTER,2021-09-17,2022-09-21,0,5
2022-09-21,2022-09-22,NIFTY_PRIVATE_BANK,IDFCFIRSTB,5,ENTRY_FILTER,2021-09-17,2022-09-21,0,5
2022-09-21,2022-09-22,NIFTY_PRIVATE_BANK,AXISBANK,6,ENTRY_FILTER,2021-09-17,2022-09-21,0,5
2022-09-21,2022-09-22,NIFTY_PRIVATE_BANK,KOTAKBANK,7,ENTRY_FILTER,2021-09-17,2022-09-21,0,5
2022-09-21,2022-09-22,NIFTY_PRIVATE_BANK,HDFCBANK,8,ENTRY_FILTER,2021-09-17,2022-09-21,0,5
2022-09-21,2022-09-22,NIFTY_PRIVATE_BANK,BANDHANBNK,9,ENTRY_FILTER,2021-09-17,2022-09-21,0,5
2022-09-21,2022-09-22,NIFTY_PRIVATE_BANK,RBLBANK,10,ENTRY_FILTER,2021-09-17,2022-09-21,0,5
2022-10-21,2022-10-24,NIFTY_AUTO,APOLLOTYRE,4,ENTRY_FILTER,2021-10-19,2022-10-21,0,5
2022-10-21,2022-10-24,NIFTY_AUTO,MRF,5,ENTRY_FILTER,2021-10-19,2022-10-21,0,5
2022-10-21,2022-10-24,NIFTY_AUTO,MARUTI,6,ENTRY_FILTER,2021-10-19,2022-10-21,0,5
2022-10-21,2022-10-24,NIFTY_AUTO,BAJAJ-AUTO,7,ENTRY_FILTER,2021-10-19,2022-10-21,0,5
2022-10-21,2022-10-24,NIFTY_AUTO,HEROMOTOCO,8,ENTRY_FILTER,2021-10-19,2022-10-21,0,5
2022-10-21,2022-10-24,NIFTY_AUTO,BHARATFORG,9,ENTRY_FILTER,2021-10-19,2022-10-21,0,5
2022-10-21,2022-10-24,NIFTY_AUTO,BOSCHLTD,10,ENTRY_FILTER,2021-10-19,2022-10-21,0,5
2022-10-21,2022-10-24,NIFTY_AUTO,ASHOKLEY,11,ENTRY_FILTER,2021-10-19,2022-10-21,0,5
2022-10-21,2022-10-24,NIFTY_AUTO,EXIDEIND,12,ENTRY_FILTER,2021-10-19,2022-10-21,0,5
2022-10-21,2022-10-24,NIFTY_BANK,AXISBANK,4,ENTRY_FILTER,2021-10-19,2022-10-21,0,5
2022-10-21,2022-10-24,NIFTY_BANK,ICICIBANK,5,ENTRY_FILTER,2021-10-19,2022-10-21,0,5
2022-10-21,2022-10-24,NIFTY_BANK,INDUSINDBK,6,ENTRY_FILTER,2021-10-19,2022-10-21,0,5
2022-10-21,2022-10-24,NIFTY_BANK,SBIN,7,ENTRY_FILTER,2021-10-19,2022-10-21,0,5
2022-10-21,2022-10-24,NIFTY_BANK,PNB,8,ENTRY_FILTER,2021-10-19,2022-10-21,0,5
2022-10-21,2022-10-24,NIFTY_BANK,HDFCBANK,9,ENTRY_FILTER,2021-10-19,2022-10-21,0,5
2022-10-21,2022-10-24,NIFTY_BANK,KOTAKBANK,10,ENTRY_FILTER,2021-10-19,2022-10-21,0,5
2022-10-21,2022-10-24,NIFTY_BANK,RBLBANK,11,ENTRY_FILTER,2021-10-19,2022-10-21,0,5
2022-10-21,2022-10-24,NIFTY_BANK,BANDHANBNK,12,ENTRY_FILTER,2021-10-19,2022-10-21,0,5
2022-10-21,2022-10-24,NIFTY_CONSUMER_DURABLES,BATAINDIA,4,ENTRY_FILTER,2021-10-19,2022-10-21,0,5
2022-10-21,2022-10-24,NIFTY_CONSUMER_DURABLES,WHIRLPOOL,5,ENTRY_FILTER,2021-10-19,2022-10-21,0,5
2022-10-21,2022-10-24,NIFTY_CONSUMER_DURABLES,DIXON,6,ENTRY_FILTER,2021-10-19,2022-10-21,0,5
2022-10-21,2022-10-24,NIFTY_CONSUMER_DURABLES,RAJESHEXPO,7,ENTRY_FILTER,2021-10-19,2022-10-21,0,5
2022-10-21,2022-10-24,NIFTY_CONSUMER_DURABLES,KAJARIACER,8,ENTRY_FILTER,2021-10-19,2022-10-21,0,5
2022-10-21,2022-10-24,NIFTY_CONSUMER_DURABLES,CROMPTON,9,ENTRY_FILTER,2021-10-19,2022-10-21,0,5
2022-10-21,2022-10-24,NIFTY_CONSUMER_DURABLES,HAVELLS,10,ENTRY_FILTER,2021-10-19,2022-10-21,0,5
2022-10-21,2022-10-24,NIFTY_CONSUMER_DURABLES,RELAXO,11,ENTRY_FILTER,2021-10-19,2022-10-21,0,5
2022-10-21,2022-10-24,NIFTY_CONSUMER_DURABLES,ORIENTELEC,12,ENTRY_FILTER,2021-10-19,2022-10-21,0,5
2022-10-21,2022-10-24,NIFTY_CONSUMER_DURABLES,VOLTAS,13,ENTRY_FILTER,2021-10-19,2022-10-21,0,5
2022-10-21,2022-10-24,NIFTY_CONSUMER_DURABLES,AMBER,14,ENTRY_FILTER,2021-10-19,2022-10-21,0,5
2022-10-21,2022-10-24,NIFTY_FMCG,BRITANNIA,4,ENTRY_FILTER,2021-10-19,2022-10-21,0,5
2022-10-21,2022-10-24,NIFTY_FMCG,UBL,5,ENTRY_FILTER,2021-10-19,2022-10-21,0,5
2022-10-21,2022-10-24,NIFTY_FMCG,COLPAL,6,ENTRY_FILTER,2021-10-19,2022-10-21,0,5
2022-10-21,2022-10-24,NIFTY_FMCG,MARICO,7,ENTRY_FILTER,2021-10-19,2022-10-21,0,5
2022-10-21,2022-10-24,NIFTY_FMCG,DABUR,8,ENTRY_FILTER,2021-10-19,2022-10-21,0,5
2022-10-21,2022-10-24,NIFTY_FMCG,EMAMILTD,9,ENTRY_FILTER,2021-10-19,2022-10-21,0,5
2022-10-21,2022-10-24,NIFTY_FMCG,TATACONSUM,10,ENTRY_FILTER,2021-10-19,2022-10-21,0,5
2022-10-21,2022-10-24,NIFTY_FMCG,GODREJCP,11,ENTRY_FILTER,2021-10-19,2022-10-21,0,5
2022-10-21,2022-10-24,NIFTY_FMCG,JUBLFOOD,12,ENTRY_FILTER,2021-10-19,2022-10-21,0,5
2022-10-21,2022-10-24,NIFTY_FMCG,GODREJIND,13,ENTRY_FILTER,2021-10-19,2022-10-21,0,5
2022-10-21,2022-10-24,NIFTY_PRIVATE_BANK,AXISBANK,4,ENTRY_FILTER,2021-10-19,2022-10-21,0,5
2022-10-21,2022-10-24,NIFTY_PRIVATE_BANK,INDUSINDBK,5,ENTRY_FILTER,2021-10-19,2022-10-21,0,5
2022-10-21,2022-10-24,NIFTY_PRIVATE_BANK,ICICIBANK,6,ENTRY_FILTER,2021-10-19,2022-10-21,0,5
2022-10-21,2022-10-24,NIFTY_PRIVATE_BANK,KOTAKBANK,7,ENTRY_FILTER,2021-10-19,2022-10-21,0,5
2022-10-21,2022-10-24,NIFTY_PRIVATE_BANK,HDFCBANK,8,ENTRY_FILTER,2021-10-19,2022-10-21,0,5
2022-10-21,2022-10-24,NIFTY_PRIVATE_BANK,RBLBANK,9,ENTRY_FILTER,2021-10-19,2022-10-21,0,5
2022-10-21,2022-10-24,NIFTY_PRIVATE_BANK,BANDHANBNK,10,ENTRY_FILTER,2021-10-19,2022-10-21,0,5
2022-11-21,2022-11-22,NIFTY_AUTO,EXIDEIND,4,ENTRY_FILTER,2021-11-16,2022-11-21,0,5
2022-11-21,2022-11-22,NIFTY_AUTO,BHARATFORG,5,ENTRY_FILTER,2021-11-16,2022-11-21,0,5
2022-11-21,2022-11-22,NIFTY_AUTO,EICHERMOT,6,ENTRY_FILTER,2021-11-16,2022-11-21,0,5
2022-11-21,2022-11-22,NIFTY_AUTO,MRF,7,ENTRY_FILTER,2021-11-16,2022-11-21,0,5
2022-11-21,2022-11-22,NIFTY_AUTO,MARUTI,8,ENTRY_FILTER,2021-11-16,2022-11-21,0,5
2022-11-21,2022-11-22,NIFTY_AUTO,BOSCHLTD,9,ENTRY_FILTER,2021-11-16,2022-11-21,0,5
2022-11-21,2022-11-22,NIFTY_AUTO,ASHOKLEY,10,ENTRY_FILTER,2021-11-16,2022-11-21,0,5
2022-11-21,2022-11-22,NIFTY_AUTO,HEROMOTOCO,11,ENTRY_FILTER,2021-11-16,2022-11-21,0,5
2022-11-21,2022-11-22,NIFTY_AUTO,BAJAJ-AUTO,12,ENTRY_FILTER,2021-11-16,2022-11-21,0,5
2022-11-21,2022-11-22,NIFTY_BANK,IDFCFIRSTB,4,ENTRY_FILTER,2021-11-16,2022-11-21,0,5
2022-11-21,2022-11-22,NIFTY_BANK,SBIN,5,ENTRY_FILTER,2021-11-16,2022-11-21,0,5
2022-11-21,2022-11-22,NIFTY_BANK,ICICIBANK,6,ENTRY_FILTER,2021-11-16,2022-11-21,0,5
2022-11-21,2022-11-22,NIFTY_BANK,AXISBANK,7,ENTRY_FILTER,2021-11-16,2022-11-21,0,5
2022-11-21,2022-11-22,NIFTY_BANK,INDUSINDBK,8,ENTRY_FILTER,2021-11-16,2022-11-21,0,5
2022-11-21,2022-11-22,NIFTY_BANK,HDFCBANK,9,ENTRY_FILTER,2021-11-16,2022-11-21,0,5
2022-11-21,2022-11-22,NIFTY_BANK,KOTAKBANK,10,ENTRY_FILTER,2021-11-16,2022-11-21,0,5
2022-11-21,2022-11-22,NIFTY_BANK,RBLBANK,11,ENTRY_FILTER,2021-11-16,2022-11-21,0,5
2022-11-21,2022-11-22,NIFTY_BANK,BANDHANBNK,12,ENTRY_FILTER,2021-11-16,2022-11-21,0,5
2022-11-21,2022-11-22,NIFTY_CONSUMER_DURABLES,RAJESHEXPO,4,ENTRY_FILTER,2021-11-16,2022-11-21,0,5
2022-11-21,2022-11-22,NIFTY_CONSUMER_DURABLES,TTKPRESTIG,5,ENTRY_FILTER,2021-11-16,2022-11-21,0,5
2022-11-21,2022-11-22,NIFTY_CONSUMER_DURABLES,CROMPTON,6,ENTRY_FILTER,2021-11-16,2022-11-21,0,5
2022-11-21,2022-11-22,NIFTY_CONSUMER_DURABLES,HAVELLS,7,ENTRY_FILTER,2021-11-16,2022-11-21,0,5
2022-11-21,2022-11-22,NIFTY_CONSUMER_DURABLES,ORIENTELEC,8,ENTRY_FILTER,2021-11-16,2022-11-21,0,5
2022-11-21,2022-11-22,NIFTY_CONSUMER_DURABLES,BATAINDIA,9,ENTRY_FILTER,2021-11-16,2022-11-21,0,5
2022-11-21,2022-11-22,NIFTY_CONSUMER_DURABLES,KAJARIACER,10,ENTRY_FILTER,2021-11-16,2022-11-21,0,5
2022-11-21,2022-11-22,NIFTY_CONSUMER_DURABLES,WHIRLPOOL,11,ENTRY_FILTER,2021-11-16,2022-11-21,0,5
2022-11-21,2022-11-22,NIFTY_CONSUMER_DURABLES,RELAXO,12,ENTRY_FILTER,2021-11-16,2022-11-21,0,5
2022-11-21,2022-11-22,NIFTY_CONSUMER_DURABLES,AMBER,13,ENTRY_FILTER,2021-11-16,2022-11-21,0,5
2022-11-21,2022-11-22,NIFTY_CONSUMER_DURABLES,VOLTAS,14,ENTRY_FILTER,2021-11-16,2022-11-21,0,5
2022-11-21,2022-11-22,NIFTY_FMCG,UBL,4,ENTRY_FILTER,2021-11-16,2022-11-21,0,5
2022-11-21,2022-11-22,NIFTY_FMCG,HINDUNILVR,5,ENTRY_FILTER,2021-11-16,2022-11-21,0,5
2022-11-21,2022-11-22,NIFTY_FMCG,DABUR,6,ENTRY_FILTER,2021-11-16,2022-11-21,0,5
2022-11-21,2022-11-22,NIFTY_FMCG,COLPAL,7,ENTRY_FILTER,2021-11-16,2022-11-21,0,5
2022-11-21,2022-11-22,NIFTY_FMCG,TATACONSUM,8,ENTRY_FILTER,2021-11-16,2022-11-21,0,5
2022-11-21,2022-11-22,NIFTY_FMCG,GODREJCP,9,ENTRY_FILTER,2021-11-16,2022-11-21,0,5
2022-11-21,2022-11-22,NIFTY_FMCG,MARICO,10,ENTRY_FILTER,2021-11-16,2022-11-21,0,5
2022-11-21,2022-11-22,NIFTY_FMCG,EMAMILTD,11,ENTRY_FILTER,2021-11-16,2022-11-21,0,5
2022-11-21,2022-11-22,NIFTY_FMCG,JUBLFOOD,12,ENTRY_FILTER,2021-11-16,2022-11-21,0,5
2022-11-21,2022-11-22,NIFTY_FMCG,GODREJIND,13,ENTRY_FILTER,2021-11-16,2022-11-21,0,5
2022-11-21,2022-11-22,NIFTY_PRIVATE_BANK,ICICIBANK,4,ENTRY_FILTER,2021-11-16,2022-11-21,0,5
2022-11-21,2022-11-22,NIFTY_PRIVATE_BANK,AXISBANK,5,ENTRY_FILTER,2021-11-16,2022-11-21,0,5
2022-11-21,2022-11-22,NIFTY_PRIVATE_BANK,INDUSINDBK,6,ENTRY_FILTER,2021-11-16,2022-11-21,0,5
2022-11-21,2022-11-22,NIFTY_PRIVATE_BANK,HDFCBANK,7,ENTRY_FILTER,2021-11-16,2022-11-21,0,5
2022-11-21,2022-11-22,NIFTY_PRIVATE_BANK,KOTAKBANK,8,ENTRY_FILTER,2021-11-16,2022-11-21,0,5
2022-11-21,2022-11-22,NIFTY_PRIVATE_BANK,RBLBANK,9,ENTRY_FILTER,2021-11-16,2022-11-21,0,5
2022-11-21,2022-11-22,NIFTY_PRIVATE_BANK,BANDHANBNK,10,ENTRY_FILTER,2021-11-16,2022-11-21,0,5
2022-12-21,2022-12-22,NIFTY_AUTO,EXIDEIND,4,ENTRY_FILTER,2021-12-17,2022-12-21,0,5
2022-12-21,2022-12-22,NIFTY_AUTO,BHARATFORG,5,ENTRY_FILTER,2021-12-17,2022-12-21,0,5
2022-12-21,2022-12-22,NIFTY_AUTO,BOSCHLTD,6,ENTRY_FILTER,2021-12-17,2022-12-21,0,5
2022-12-21,2022-12-22,NIFTY_AUTO,MRF,7,ENTRY_FILTER,2021-12-17,2022-12-21,0,5
2022-12-21,2022-12-22,NIFTY_AUTO,HEROMOTOCO,8,ENTRY_FILTER,2021-12-17,2022-12-21,0,5
2022-12-21,2022-12-22,NIFTY_AUTO,EICHERMOT,9,ENTRY_FILTER,2021-12-17,2022-12-21,0,5
2022-12-21,2022-12-22,NIFTY_AUTO,BAJAJ-AUTO,10,ENTRY_FILTER,2021-12-17,2022-12-21,0,5
2022-12-21,2022-12-22,NIFTY_AUTO,ASHOKLEY,11,ENTRY_FILTER,2021-12-17,2022-12-21,0,5
2022-12-21,2022-12-22,NIFTY_AUTO,MARUTI,12,ENTRY_FILTER,2021-12-17,2022-12-21,0,5
2022-12-21,2022-12-22,NIFTY_BANK,RBLBANK,4,ENTRY_FILTER,2021-12-17,2022-12-21,0,5
2022-12-21,2022-12-22,NIFTY_BANK,FEDERALBNK,5,ENTRY_FILTER,2021-12-17,2022-12-21,0,5
2022-12-21,2022-12-22,NIFTY_BANK,AXISBANK,6,ENTRY_FILTER,2021-12-17,2022-12-21,0,5
2022-12-21,2022-12-22,NIFTY_BANK,INDUSINDBK,7,ENTRY_FILTER,2021-12-17,2022-12-21,0,5
2022-12-21,2022-12-22,NIFTY_BANK,SBIN,8,ENTRY_FILTER,2021-12-17,2022-12-21,0,5
2022-12-21,2022-12-22,NIFTY_BANK,ICICIBANK,9,ENTRY_FILTER,2021-12-17,2022-12-21,0,5
2022-12-21,2022-12-22,NIFTY_BANK,HDFCBANK,10,ENTRY_FILTER,2021-12-17,2022-12-21,0,5
2022-12-21,2022-12-22,NIFTY_BANK,KOTAKBANK,11,ENTRY_FILTER,2021-12-17,2022-12-21,0,5
2022-12-21,2022-12-22,NIFTY_BANK,BANDHANBNK,12,ENTRY_FILTER,2021-12-17,2022-12-21,0,5
2022-12-21,2022-12-22,NIFTY_CONSUMER_DURABLES,ORIENTELEC,4,ENTRY_FILTER,2021-12-17,2022-12-21,0,5
2022-12-21,2022-12-22,NIFTY_CONSUMER_DURABLES,KAJARIACER,5,ENTRY_FILTER,2021-12-17,2022-12-21,0,5
2022-12-21,2022-12-22,NIFTY_CONSUMER_DURABLES,DIXON,6,ENTRY_FILTER,2021-12-17,2022-12-21,0,5
2022-12-21,2022-12-22,NIFTY_CONSUMER_DURABLES,HAVELLS,7,ENTRY_FILTER,2021-12-17,2022-12-21,0,5
2022-12-21,2022-12-22,NIFTY_CONSUMER_DURABLES,WHIRLPOOL,8,ENTRY_FILTER,2021-12-17,2022-12-21,0,5
2022-12-21,2022-12-22,NIFTY_CONSUMER_DURABLES,CROMPTON,9,ENTRY_FILTER,2021-12-17,2022-12-21,0,5
2022-12-21,2022-12-22,NIFTY_CONSUMER_DURABLES,BATAINDIA,10,ENTRY_FILTER,2021-12-17,2022-12-21,0,5
2022-12-21,2022-12-22,NIFTY_CONSUMER_DURABLES,TTKPRESTIG,11,ENTRY_FILTER,2021-12-17,2022-12-21,0,5
2022-12-21,2022-12-22,NIFTY_CONSUMER_DURABLES,RELAXO,12,ENTRY_FILTER,2021-12-17,2022-12-21,0,5
2022-12-21,2022-12-22,NIFTY_CONSUMER_DURABLES,VOLTAS,13,ENTRY_FILTER,2021-12-17,2022-12-21,0,5
2022-12-21,2022-12-22,NIFTY_CONSUMER_DURABLES,AMBER,14,ENTRY_FILTER,2021-12-17,2022-12-21,0,5
2022-12-21,2022-12-22,NIFTY_FMCG,NESTLEIND,4,ENTRY_FILTER,2021-12-17,2022-12-21,0,5
2022-12-21,2022-12-22,NIFTY_FMCG,UBL,5,ENTRY_FILTER,2021-12-17,2022-12-21,0,5
2022-12-21,2022-12-22,NIFTY_FMCG,GODREJCP,6,ENTRY_FILTER,2021-12-17,2022-12-21,0,5
2022-12-21,2022-12-22,NIFTY_FMCG,DABUR,7,ENTRY_FILTER,2021-12-17,2022-12-21,0,5
2022-12-21,2022-12-22,NIFTY_FMCG,TATACONSUM,8,ENTRY_FILTER,2021-12-17,2022-12-21,0,5
2022-12-21,2022-12-22,NIFTY_FMCG,COLPAL,9,ENTRY_FILTER,2021-12-17,2022-12-21,0,5
2022-12-21,2022-12-22,NIFTY_FMCG,MARICO,10,ENTRY_FILTER,2021-12-17,2022-12-21,0,5
2022-12-21,2022-12-22,NIFTY_FMCG,GODREJIND,11,ENTRY_FILTER,2021-12-17,2022-12-21,0,5
2022-12-21,2022-12-22,NIFTY_FMCG,JUBLFOOD,12,ENTRY_FILTER,2021-12-17,2022-12-21,0,5
2022-12-21,2022-12-22,NIFTY_FMCG,EMAMILTD,13,ENTRY_FILTER,2021-12-17,2022-12-21,0,5
2022-12-21,2022-12-22,NIFTY_PRIVATE_BANK,AXISBANK,4,ENTRY_FILTER,2021-12-17,2022-12-21,0,5
2022-12-21,2022-12-22,NIFTY_PRIVATE_BANK,CUB,5,ENTRY_FILTER,2021-12-17,2022-12-21,0,5
2022-12-21,2022-12-22,NIFTY_PRIVATE_BANK,INDUSINDBK,6,ENTRY_FILTER,2021-12-17,2022-12-21,0,5
2022-12-21,2022-12-22,NIFTY_PRIVATE_BANK,ICICIBANK,7,ENTRY_FILTER,2021-12-17,2022-12-21,0,5
2022-12-21,2022-12-22,NIFTY_PRIVATE_BANK,HDFCBANK,8,ENTRY_FILTER,2021-12-17,2022-12-21,0,5
2022-12-21,2022-12-22,NIFTY_PRIVATE_BANK,KOTAKBANK,9,ENTRY_FILTER,2021-12-17,2022-12-21,0,5
2022-12-21,2022-12-22,NIFTY_PRIVATE_BANK,BANDHANBNK,10,ENTRY_FILTER,2021-12-17,2022-12-21,0,5
2022-12-23,2022-12-27,NIFTY_PSU_BANK,UNIONBANK,4,ENTRY_FILTER,2021-12-21,2022-12-23,0,5
2022-12-23,2022-12-27,NIFTY_PSU_BANK,BANKINDIA,5,ENTRY_FILTER,2021-12-21,2022-12-23,0,5
2022-12-23,2022-12-27,NIFTY_PSU_BANK,BANKBARODA,6,ENTRY_FILTER,2021-12-21,2022-12-23,0,5
2022-12-23,2022-12-27,NIFTY_PSU_BANK,J&KBANK,7,ENTRY_FILTER,2021-12-21,2022-12-23,0,5
2022-12-23,2022-12-27,NIFTY_PSU_BANK,CENTRALBK,8,ENTRY_FILTER,2021-12-21,2022-12-23,0,5
2022-12-23,2022-12-27,NIFTY_PSU_BANK,PNB,9,ENTRY_FILTER,2021-12-21,2022-12-23,0,5
2022-12-23,2022-12-27,NIFTY_PSU_BANK,CANBK,10,ENTRY_FILTER,2021-12-21,2022-12-23,0,5
2022-12-23,2022-12-27,NIFTY_PSU_BANK,MAHABANK,11,ENTRY_FILTER,2021-12-21,2022-12-23,0,5
2022-12-23,2022-12-27,NIFTY_PSU_BANK,IOB,12,ENTRY_FILTER,2021-12-21,2022-12-23,0,5
2022-12-23,2022-12-27,NIFTY_PSU_BANK,SBIN,13,ENTRY_FILTER,2021-12-21,2022-12-23,0,5
2023-01-23,2023-01-24,NIFTY_AUTO,EXIDEIND,4,ENTRY_FILTER,2022-01-19,2023-01-23,0,5
2023-01-23,2023-01-24,NIFTY_AUTO,MRF,5,ENTRY_FILTER,2022-01-19,2023-01-23,0,5
2023-01-23,2023-01-24,NIFTY_AUTO,BOSCHLTD,6,ENTRY_FILTER,2022-01-19,2023-01-23,0,5
2023-01-23,2023-01-24,NIFTY_AUTO,HEROMOTOCO,7,ENTRY_FILTER,2022-01-19,2023-01-23,0,5
2023-01-23,2023-01-24,NIFTY_AUTO,TVSMOTOR,8,ENTRY_FILTER,2022-01-19,2023-01-23,0,5
2023-01-23,2023-01-24,NIFTY_AUTO,ASHOKLEY,9,ENTRY_FILTER,2022-01-19,2023-01-23,0,5
2023-01-23,2023-01-24,NIFTY_AUTO,EICHERMOT,10,ENTRY_FILTER,2022-01-19,2023-01-23,0,5
2023-01-23,2023-01-24,NIFTY_AUTO,MARUTI,11,ENTRY_FILTER,2022-01-19,2023-01-23,0,5
2023-01-23,2023-01-24,NIFTY_AUTO,BAJAJ-AUTO,12,ENTRY_FILTER,2022-01-19,2023-01-23,0,5
2023-01-23,2023-01-24,NIFTY_BANK,IDFCFIRSTB,4,ENTRY_FILTER,2022-01-19,2023-01-23,0,5
2023-01-23,2023-01-24,NIFTY_BANK,HDFCBANK,5,ENTRY_FILTER,2022-01-19,2023-01-23,0,5
2023-01-23,2023-01-24,NIFTY_BANK,FEDERALBNK,6,ENTRY_FILTER,2022-01-19,2023-01-23,0,5
2023-01-23,2023-01-24,NIFTY_BANK,INDUSINDBK,7,ENTRY_FILTER,2022-01-19,2023-01-23,0,5
2023-01-23,2023-01-24,NIFTY_BANK,AXISBANK,8,ENTRY_FILTER,2022-01-19,2023-01-23,0,5
2023-01-23,2023-01-24,NIFTY_BANK,SBIN,9,ENTRY_FILTER,2022-01-19,2023-01-23,0,5
2023-01-23,2023-01-24,NIFTY_BANK,ICICIBANK,10,ENTRY_FILTER,2022-01-19,2023-01-23,0,5
2023-01-23,2023-01-24,NIFTY_BANK,KOTAKBANK,11,ENTRY_FILTER,2022-01-19,2023-01-23,0,5
2023-01-23,2023-01-24,NIFTY_BANK,BANDHANBNK,12,ENTRY_FILTER,2022-01-19,2023-01-23,0,5
2023-01-23,2023-01-24,NIFTY_FMCG,HINDUNILVR,4,ENTRY_FILTER,2022-01-19,2023-01-23,0,5
2023-01-23,2023-01-24,NIFTY_FMCG,NESTLEIND,5,ENTRY_FILTER,2022-01-19,2023-01-23,0,5
2023-01-23,2023-01-24,NIFTY_FMCG,DABUR,6,ENTRY_FILTER,2022-01-19,2023-01-23,0,5
2023-01-23,2023-01-24,NIFTY_FMCG,UBL,7,ENTRY_FILTER,2022-01-19,2023-01-23,0,5
2023-01-23,2023-01-24,NIFTY_FMCG,COLPAL,8,ENTRY_FILTER,2022-01-19,2023-01-23,0,5
2023-01-23,2023-01-24,NIFTY_FMCG,MARICO,9,ENTRY_FILTER,2022-01-19,2023-01-23,0,5
2023-01-23,2023-01-24,NIFTY_FMCG,TATACONSUM,10,ENTRY_FILTER,2022-01-19,2023-01-23,0,5
2023-01-23,2023-01-24,NIFTY_FMCG,GODREJIND,11,ENTRY_FILTER,2022-01-19,2023-01-23,0,5
2023-01-23,2023-01-24,NIFTY_FMCG,EMAMILTD,12,ENTRY_FILTER,2022-01-19,2023-01-23,0,5
2023-01-23,2023-01-24,NIFTY_FMCG,JUBLFOOD,13,ENTRY_FILTER,2022-01-19,2023-01-23,0,5
2023-01-23,2023-01-24,NIFTY_PRIVATE_BANK,FEDERALBNK,4,ENTRY_FILTER,2022-01-19,2023-01-23,0,5
2023-01-23,2023-01-24,NIFTY_PRIVATE_BANK,INDUSINDBK,5,ENTRY_FILTER,2022-01-19,2023-01-23,0,5
2023-01-23,2023-01-24,NIFTY_PRIVATE_BANK,AXISBANK,6,ENTRY_FILTER,2022-01-19,2023-01-23,0,5
2023-01-23,2023-01-24,NIFTY_PRIVATE_BANK,ICICIBANK,7,ENTRY_FILTER,2022-01-19,2023-01-23,0,5
2023-01-23,2023-01-24,NIFTY_PRIVATE_BANK,KOTAKBANK,8,ENTRY_FILTER,2022-01-19,2023-01-23,0,5
2023-01-23,2023-01-24,NIFTY_PRIVATE_BANK,CUB,9,ENTRY_FILTER,2022-01-19,2023-01-23,0,5
2023-01-23,2023-01-24,NIFTY_PRIVATE_BANK,BANDHANBNK,10,ENTRY_FILTER,2022-01-19,2023-01-23,0,5
2023-01-23,2023-01-24,NIFTY_PSU_BANK,BANKINDIA,4,ENTRY_FILTER,2022-01-19,2023-01-23,0,5
2023-01-23,2023-01-24,NIFTY_PSU_BANK,J&KBANK,5,ENTRY_FILTER,2022-01-19,2023-01-23,0,5
2023-01-23,2023-01-24,NIFTY_PSU_BANK,INDIANB,6,ENTRY_FILTER,2022-01-19,2023-01-23,0,5
2023-01-23,2023-01-24,NIFTY_PSU_BANK,PNB,7,ENTRY_FILTER,2022-01-19,2023-01-23,0,5
2023-01-23,2023-01-24,NIFTY_PSU_BANK,MAHABANK,8,ENTRY_FILTER,2022-01-19,2023-01-23,0,5
2023-01-23,2023-01-24,NIFTY_PSU_BANK,BANKBARODA,9,ENTRY_FILTER,2022-01-19,2023-01-23,0,5
2023-01-23,2023-01-24,NIFTY_PSU_BANK,CENTRALBK,10,ENTRY_FILTER,2022-01-19,2023-01-23,0,5
2023-01-23,2023-01-24,NIFTY_PSU_BANK,IOB,11,ENTRY_FILTER,2022-01-19,2023-01-23,0,5
2023-01-23,2023-01-24,NIFTY_PSU_BANK,CANBK,12,ENTRY_FILTER,2022-01-19,2023-01-23,0,5
2023-01-23,2023-01-24,NIFTY_PSU_BANK,SBIN,13,ENTRY_FILTER,2022-01-19,2023-01-23,0,5
2023-02-21,2023-02-22,NIFTY_AUTO,BOSCHLTD,4,ENTRY_FILTER,2022-02-17,2023-02-21,0,5
2023-02-21,2023-02-22,NIFTY_AUTO,BHARATFORG,5,ENTRY_FILTER,2022-02-17,2023-02-21,0,5
2023-02-21,2023-02-22,NIFTY_AUTO,EXIDEIND,6,ENTRY_FILTER,2022-02-17,2023-02-21,0,5
2023-02-21,2023-02-22,NIFTY_AUTO,MRF,7,ENTRY_FILTER,2022-02-17,2023-02-21,0,5
2023-02-21,2023-02-22,NIFTY_AUTO,MARUTI,8,ENTRY_FILTER,2022-02-17,2023-02-21,0,5
2023-02-21,2023-02-22,NIFTY_AUTO,ASHOKLEY,9,ENTRY_FILTER,2022-02-17,2023-02-21,0,5
2023-02-21,2023-02-22,NIFTY_AUTO,BAJAJ-AUTO,10,ENTRY_FILTER,2022-02-17,2023-02-21,0,5
2023-02-21,2023-02-22,NIFTY_AUTO,EICHERMOT,11,ENTRY_FILTER,2022-02-17,2023-02-21,0,5
2023-02-21,2023-02-22,NIFTY_AUTO,HEROMOTOCO,12,ENTRY_FILTER,2022-02-17,2023-02-21,0,5
2023-02-21,2023-02-22,NIFTY_BANK,HDFCBANK,4,ENTRY_FILTER,2022-02-17,2023-02-21,0,5
2023-02-21,2023-02-22,NIFTY_BANK,FEDERALBNK,5,ENTRY_FILTER,2022-02-17,2023-02-21,0,5
2023-02-21,2023-02-22,NIFTY_BANK,IDFCFIRSTB,6,ENTRY_FILTER,2022-02-17,2023-02-21,0,5
2023-02-21,2023-02-22,NIFTY_BANK,AXISBANK,7,ENTRY_FILTER,2022-02-17,2023-02-21,0,5
2023-02-21,2023-02-22,NIFTY_BANK,ICICIBANK,8,ENTRY_FILTER,2022-02-17,2023-02-21,0,5
2023-02-21,2023-02-22,NIFTY_BANK,INDUSINDBK,9,ENTRY_FILTER,2022-02-17,2023-02-21,0,5
2023-02-21,2023-02-22,NIFTY_BANK,SBIN,10,ENTRY_FILTER,2022-02-17,2023-02-21,0,5
2023-02-21,2023-02-22,NIFTY_BANK,KOTAKBANK,11,ENTRY_FILTER,2022-02-17,2023-02-21,0,5
2023-02-21,2023-02-22,NIFTY_BANK,BANDHANBNK,12,ENTRY_FILTER,2022-02-17,2023-02-21,0,5
2023-02-21,2023-02-22,NIFTY_FMCG,NESTLEIND,4,ENTRY_FILTER,2022-02-17,2023-02-21,0,5
2023-02-21,2023-02-22,NIFTY_FMCG,HINDUNILVR,5,ENTRY_FILTER,2022-02-17,2023-02-21,0,5
2023-02-21,2023-02-22,NIFTY_FMCG,MARICO,6,ENTRY_FILTER,2022-02-17,2023-02-21,0,5
2023-02-21,2023-02-22,NIFTY_FMCG,TATACONSUM,7,ENTRY_FILTER,2022-02-17,2023-02-21,0,5
2023-02-21,2023-02-22,NIFTY_FMCG,DABUR,8,ENTRY_FILTER,2022-02-17,2023-02-21,0,5
2023-02-21,2023-02-22,NIFTY_FMCG,COLPAL,9,ENTRY_FILTER,2022-02-17,2023-02-21,0,5
2023-02-21,2023-02-22,NIFTY_FMCG,UBL,10,ENTRY_FILTER,2022-02-17,2023-02-21,0,5
2023-02-21,2023-02-22,NIFTY_FMCG,GODREJIND,11,ENTRY_FILTER,2022-02-17,2023-02-21,0,5
2023-02-21,2023-02-22,NIFTY_FMCG,EMAMILTD,12,ENTRY_FILTER,2022-02-17,2023-02-21,0,5
2023-02-21,2023-02-22,NIFTY_FMCG,JUBLFOOD,13,ENTRY_FILTER,2022-02-17,2023-02-21,0,5
2023-02-21,2023-02-22,NIFTY_PRIVATE_BANK,HDFCBANK,4,ENTRY_FILTER,2022-02-17,2023-02-21,0,5
2023-02-21,2023-02-22,NIFTY_PRIVATE_BANK,AXISBANK,5,ENTRY_FILTER,2022-02-17,2023-02-21,0,5
2023-02-21,2023-02-22,NIFTY_PRIVATE_BANK,ICICIBANK,6,ENTRY_FILTER,2022-02-17,2023-02-21,0,5
2023-02-21,2023-02-22,NIFTY_PRIVATE_BANK,INDUSINDBK,7,ENTRY_FILTER,2022-02-17,2023-02-21,0,5
2023-02-21,2023-02-22,NIFTY_PRIVATE_BANK,KOTAKBANK,8,ENTRY_FILTER,2022-02-17,2023-02-21,0,5
2023-02-21,2023-02-22,NIFTY_PRIVATE_BANK,BANDHANBNK,9,ENTRY_FILTER,2022-02-17,2023-02-21,0,5
2023-02-21,2023-02-22,NIFTY_PRIVATE_BANK,CUB,10,ENTRY_FILTER,2022-02-17,2023-02-21,0,5
2023-02-21,2023-02-22,NIFTY_PSU_BANK,UNIONBANK,4,ENTRY_FILTER,2022-02-17,2023-02-21,0,5
2023-02-21,2023-02-22,NIFTY_PSU_BANK,J&KBANK,5,ENTRY_FILTER,2022-02-17,2023-02-21,0,5
2023-02-21,2023-02-22,NIFTY_PSU_BANK,PNB,6,ENTRY_FILTER,2022-02-17,2023-02-21,0,5
2023-02-21,2023-02-22,NIFTY_PSU_BANK,BANKBARODA,7,ENTRY_FILTER,2022-02-17,2023-02-21,0,5
2023-02-21,2023-02-22,NIFTY_PSU_BANK,MAHABANK,8,ENTRY_FILTER,2022-02-17,2023-02-21,0,5
2023-02-21,2023-02-22,NIFTY_PSU_BANK,CENTRALBK,9,ENTRY_FILTER,2022-02-17,2023-02-21,0,5
2023-02-21,2023-02-22,NIFTY_PSU_BANK,BANKINDIA,10,ENTRY_FILTER,2022-02-17,2023-02-21,0,5
2023-02-21,2023-02-22,NIFTY_PSU_BANK,IOB,11,ENTRY_FILTER,2022-02-17,2023-02-21,0,5
2023-02-21,2023-02-22,NIFTY_PSU_BANK,CANBK,12,ENTRY_FILTER,2022-02-17,2023-02-21,0,5
2023-02-21,2023-02-22,NIFTY_PSU_BANK,SBIN,13,ENTRY_FILTER,2022-02-17,2023-02-21,0,5
2023-02-24,2023-02-27,NIFTY_FINANCIAL_SERVICES,AXISBANK,4,ENTRY_FILTER,2022-02-22,2023-02-24,0,5
2023-02-24,2023-02-27,NIFTY_FINANCIAL_SERVICES,HDFCBANK,5,ENTRY_FILTER,2022-02-22,2023-02-24,0,5
2023-02-24,2023-02-27,NIFTY_FINANCIAL_SERVICES,BAJAJHLDNG,6,ENTRY_FILTER,2022-02-22,2023-02-24,0,5
2023-02-24,2023-02-27,NIFTY_FINANCIAL_SERVICES,CHOLAFIN,7,ENTRY_FILTER,2022-02-22,2023-02-24,0,5
2023-02-24,2023-02-27,NIFTY_FINANCIAL_SERVICES,ICICIBANK,8,ENTRY_FILTER,2022-02-22,2023-02-24,0,5
2023-02-24,2023-02-27,NIFTY_FINANCIAL_SERVICES,EDELWEISS,9,ENTRY_FILTER,2022-02-22,2023-02-24,0,5
2023-02-24,2023-02-27,NIFTY_FINANCIAL_SERVICES,SBIN,10,ENTRY_FILTER,2022-02-22,2023-02-24,0,5
2023-02-24,2023-02-27,NIFTY_FINANCIAL_SERVICES,KOTAKBANK,11,ENTRY_FILTER,2022-02-22,2023-02-24,0,5
2023-02-24,2023-02-27,NIFTY_FINANCIAL_SERVICES,BAJFINANCE,12,ENTRY_FILTER,2022-02-22,2023-02-24,0,5
2023-02-24,2023-02-27,NIFTY_FINANCIAL_SERVICES,ICICIGI,13,ENTRY_FILTER,2022-02-22,2023-02-24,0,5
2023-02-24,2023-02-27,NIFTY_FINANCIAL_SERVICES,SBILIFE,14,ENTRY_FILTER,2022-02-22,2023-02-24,0,5
2023-02-24,2023-02-27,NIFTY_FINANCIAL_SERVICES,BAJAJFINSV,15,ENTRY_FILTER,2022-02-22,2023-02-24,0,5
2023-02-24,2023-02-27,NIFTY_FINANCIAL_SERVICES,HDFCLIFE,16,ENTRY_FILTER,2022-02-22,2023-02-24,0,5
2023-02-24,2023-02-27,NIFTY_FINANCIAL_SERVICES,ICICIPRULI,17,ENTRY_FILTER,2022-02-22,2023-02-24,0,5
2023-03-21,2023-03-22,NIFTY_AUTO,EXIDEIND,4,ENTRY_FILTER,2022-03-17,2023-03-21,0,5
2023-03-21,2023-03-22,NIFTY_AUTO,TVSMOTOR,5,ENTRY_FILTER,2022-03-17,2023-03-21,0,5
2023-03-21,2023-03-22,NIFTY_AUTO,BHARATFORG,6,ENTRY_FILTER,2022-03-17,2023-03-21,0,5
2023-03-21,2023-03-22,NIFTY_AUTO,MRF,7,ENTRY_FILTER,2022-03-17,2023-03-21,0,5
2023-03-21,2023-03-22,NIFTY_AUTO,MARUTI,8,ENTRY_FILTER,2022-03-17,2023-03-21,0,5
2023-03-21,2023-03-22,NIFTY_AUTO,M&M,9,ENTRY_FILTER,2022-03-17,2023-03-21,0,5
2023-03-21,2023-03-22,NIFTY_AUTO,HEROMOTOCO,10,ENTRY_FILTER,2022-03-17,2023-03-21,0,5
2023-03-21,2023-03-22,NIFTY_AUTO,ASHOKLEY,11,ENTRY_FILTER,2022-03-17,2023-03-21,0,5
2023-03-21,2023-03-22,NIFTY_AUTO,EICHERMOT,12,ENTRY_FILTER,2022-03-17,2023-03-21,0,5
2023-03-21,2023-03-22,NIFTY_FMCG,NESTLEIND,4,ENTRY_FILTER,2022-03-17,2023-03-21,0,5
2023-03-21,2023-03-22,NIFTY_FMCG,HINDUNILVR,5,ENTRY_FILTER,2022-03-17,2023-03-21,0,5
2023-03-21,2023-03-22,NIFTY_FMCG,COLPAL,6,ENTRY_FILTER,2022-03-17,2023-03-21,0,5
2023-03-21,2023-03-22,NIFTY_FMCG,DABUR,7,ENTRY_FILTER,2022-03-17,2023-03-21,0,5
2023-03-21,2023-03-22,NIFTY_FMCG,MARICO,8,ENTRY_FILTER,2022-03-17,2023-03-21,0,5
2023-03-21,2023-03-22,NIFTY_FMCG,TATACONSUM,9,ENTRY_FILTER,2022-03-17,2023-03-21,0,5
2023-03-21,2023-03-22,NIFTY_FMCG,UBL,10,ENTRY_FILTER,2022-03-17,2023-03-21,0,5
2023-03-21,2023-03-22,NIFTY_FMCG,GODREJIND,11,ENTRY_FILTER,2022-03-17,2023-03-21,0,5
2023-03-21,2023-03-22,NIFTY_FMCG,JUBLFOOD,12,ENTRY_FILTER,2022-03-17,2023-03-21,0,5
2023-03-21,2023-03-22,NIFTY_FMCG,EMAMILTD,13,ENTRY_FILTER,2022-03-17,2023-03-21,0,5
2023-04-21,2023-04-24,NIFTY_AUTO,BAJAJ-AUTO,4,ENTRY_FILTER,2022-04-18,2023-04-21,0,5
2023-04-21,2023-04-24,NIFTY_AUTO,MRF,5,ENTRY_FILTER,2022-04-18,2023-04-21,0,5
2023-04-21,2023-04-24,NIFTY_AUTO,TVSMOTOR,6,ENTRY_FILTER,2022-04-18,2023-04-21,0,5
2023-04-21,2023-04-24,NIFTY_AUTO,MARUTI,7,ENTRY_FILTER,2022-04-18,2023-04-21,0,5
2023-04-21,2023-04-24,NIFTY_AUTO,BHARATFORG,8,ENTRY_FILTER,2022-04-18,2023-04-21,0,5
2023-04-21,2023-04-24,NIFTY_AUTO,M&M,9,ENTRY_FILTER,2022-04-18,2023-04-21,0,5
2023-04-21,2023-04-24,NIFTY_AUTO,EICHERMOT,10,ENTRY_FILTER,2022-04-18,2023-04-21,0,5
2023-04-21,2023-04-24,NIFTY_AUTO,HEROMOTOCO,11,ENTRY_FILTER,2022-04-18,2023-04-21,0,5
2023-04-21,2023-04-24,NIFTY_AUTO,ASHOKLEY,12,ENTRY_FILTER,2022-04-18,2023-04-21,0,5
2023-04-21,2023-04-24,NIFTY_FMCG,NESTLEIND,4,ENTRY_FILTER,2022-04-18,2023-04-21,0,5
2023-04-21,2023-04-24,NIFTY_FMCG,COLPAL,5,ENTRY_FILTER,2022-04-18,2023-04-21,0,5
2023-04-21,2023-04-24,NIFTY_FMCG,GODREJIND,6,ENTRY_FILTER,2022-04-18,2023-04-21,0,5
2023-04-21,2023-04-24,NIFTY_FMCG,HINDUNILVR,7,ENTRY_FILTER,2022-04-18,2023-04-21,0,5
2023-04-21,2023-04-24,NIFTY_FMCG,DABUR,8,ENTRY_FILTER,2022-04-18,2023-04-21,0,5
2023-04-21,2023-04-24,NIFTY_FMCG,MARICO,9,ENTRY_FILTER,2022-04-18,2023-04-21,0,5
2023-04-21,2023-04-24,NIFTY_FMCG,TATACONSUM,10,ENTRY_FILTER,2022-04-18,2023-04-21,0,5
2023-04-21,2023-04-24,NIFTY_FMCG,UBL,11,ENTRY_FILTER,2022-04-18,2023-04-21,0,5
2023-04-21,2023-04-24,NIFTY_FMCG,EMAMILTD,12,ENTRY_FILTER,2022-04-18,2023-04-21,0,5
2023-04-21,2023-04-24,NIFTY_FMCG,JUBLFOOD,13,ENTRY_FILTER,2022-04-18,2023-04-21,0,5
2023-04-28,2023-05-02,NIFTY_REALTY,PHOENIXLTD,4,ENTRY_FILTER,2022-04-25,2023-04-28,0,5
2023-04-28,2023-05-02,NIFTY_REALTY,BRIGADE,5,ENTRY_FILTER,2022-04-25,2023-04-28,0,5
2023-04-28,2023-05-02,NIFTY_REALTY,GODREJPROP,6,ENTRY_FILTER,2022-04-25,2023-04-28,0,5
2023-04-28,2023-05-02,NIFTY_REALTY,IBREALEST,7,ENTRY_FILTER,2022-04-25,2023-04-28,0,5
2023-04-28,2023-05-02,NIFTY_REALTY,SOBHA,8,ENTRY_FILTER,2022-04-25,2023-04-28,0,5
2023-05-22,2023-05-23,NIFTY_AUTO,TVSMOTOR,4,ENTRY_FILTER,2022-05-17,2023-05-22,0,5
2023-05-22,2023-05-23,NIFTY_AUTO,BOSCHLTD,5,ENTRY_FILTER,2022-05-17,2023-05-22,0,5
2023-05-22,2023-05-23,NIFTY_AUTO,MRF,6,ENTRY_FILTER,2022-05-17,2023-05-22,0,5
2023-05-22,2023-05-23,NIFTY_AUTO,MARUTI,7,ENTRY_FILTER,2022-05-17,2023-05-22,0,5
2023-05-22,2023-05-23,NIFTY_AUTO,HEROMOTOCO,8,ENTRY_FILTER,2022-05-17,2023-05-22,0,5
2023-05-22,2023-05-23,NIFTY_AUTO,EICHERMOT,9,ENTRY_FILTER,2022-05-17,2023-05-22,0,5
2023-05-22,2023-05-23,NIFTY_AUTO,ASHOKLEY,10,ENTRY_FILTER,2022-05-17,2023-05-22,0,5
2023-05-22,2023-05-23,NIFTY_AUTO,M&M,11,ENTRY_FILTER,2022-05-17,2023-05-22,0,5
2023-05-22,2023-05-23,NIFTY_AUTO,BHARATFORG,12,ENTRY_FILTER,2022-05-17,2023-05-22,0,5
2023-05-22,2023-05-23,NIFTY_FMCG,NESTLEIND,4,ENTRY_FILTER,2022-05-17,2023-05-22,0,5
2023-05-22,2023-05-23,NIFTY_FMCG,BRITANNIA,5,ENTRY_FILTER,2022-05-17,2023-05-22,0,5
2023-05-22,2023-05-23,NIFTY_FMCG,GODREJIND,6,ENTRY_FILTER,2022-05-17,2023-05-22,0,5
2023-05-22,2023-05-23,NIFTY_FMCG,MARICO,7,ENTRY_FILTER,2022-05-17,2023-05-22,0,5
2023-05-22,2023-05-23,NIFTY_FMCG,TATACONSUM,8,ENTRY_FILTER,2022-05-17,2023-05-22,0,5
2023-05-22,2023-05-23,NIFTY_FMCG,HINDUNILVR,9,ENTRY_FILTER,2022-05-17,2023-05-22,0,5
2023-05-22,2023-05-23,NIFTY_FMCG,DABUR,10,ENTRY_FILTER,2022-05-17,2023-05-22,0,5
2023-05-22,2023-05-23,NIFTY_FMCG,JUBLFOOD,11,ENTRY_FILTER,2022-05-17,2023-05-22,0,5
2023-05-22,2023-05-23,NIFTY_FMCG,UBL,12,ENTRY_FILTER,2022-05-17,2023-05-22,0,5
2023-05-22,2023-05-23,NIFTY_FMCG,EMAMILTD,13,ENTRY_FILTER,2022-05-17,2023-05-22,0,5
2023-05-22,2023-05-23,NIFTY_REALTY,GODREJPROP,4,ENTRY_FILTER,2022-05-17,2023-05-22,0,5
2023-05-22,2023-05-23,NIFTY_REALTY,PHOENIXLTD,5,ENTRY_FILTER,2022-05-17,2023-05-22,0,5
2023-05-22,2023-05-23,NIFTY_REALTY,OBEROIRLTY,6,ENTRY_FILTER,2022-05-17,2023-05-22,0,5
2023-05-22,2023-05-23,NIFTY_REALTY,SOBHA,7,ENTRY_FILTER,2022-05-17,2023-05-22,0,5
2023-05-22,2023-05-23,NIFTY_REALTY,IBREALEST,8,ENTRY_FILTER,2022-05-17,2023-05-22,0,5
2023-05-26,2023-05-29,NIFTY_HEALTHCARE,AUROPHARMA,4,ENTRY_FILTER,2022-05-23,2023-05-26,0,5
2023-05-26,2023-05-29,NIFTY_HEALTHCARE,MAXHEALTH,5,ENTRY_FILTER,2022-05-23,2023-05-26,0,5
2023-05-26,2023-05-29,NIFTY_HEALTHCARE,TORNTPHARM,6,ENTRY_FILTER,2022-05-23,2023-05-26,0,5
2023-05-26,2023-05-29,NIFTY_HEALTHCARE,ABBOTINDIA,7,ENTRY_FILTER,2022-05-23,2023-05-26,0,5
2023-05-26,2023-05-29,NIFTY_HEALTHCARE,LUPIN,8,ENTRY_FILTER,2022-05-23,2023-05-26,0,5
2023-05-26,2023-05-29,NIFTY_HEALTHCARE,ALKEM,9,ENTRY_FILTER,2022-05-23,2023-05-26,0,5
2023-05-26,2023-05-29,NIFTY_HEALTHCARE,APOLLOHOSP,10,ENTRY_FILTER,2022-05-23,2023-05-26,0,5
2023-05-26,2023-05-29,NIFTY_HEALTHCARE,SUNPHARMA,11,ENTRY_FILTER,2022-05-23,2023-05-26,0,5
2023-05-26,2023-05-29,NIFTY_HEALTHCARE,DRREDDY,12,ENTRY_FILTER,2022-05-23,2023-05-26,0,5
2023-05-26,2023-05-29,NIFTY_HEALTHCARE,DIVISLAB,13,ENTRY_FILTER,2022-05-23,2023-05-26,0,5
2023-05-26,2023-05-29,NIFTY_HEALTHCARE,CIPLA,14,ENTRY_FILTER,2022-05-23,2023-05-26,0,5
2023-05-26,2023-05-29,NIFTY_HEALTHCARE,METROPOLIS,15,ENTRY_FILTER,2022-05-23,2023-05-26,0,5
2023-05-26,2023-05-29,NIFTY_HEALTHCARE,LALPATHLAB,16,ENTRY_FILTER,2022-05-23,2023-05-26,0,5
2023-05-26,2023-05-29,NIFTY_HEALTHCARE,BIOCON,17,ENTRY_FILTER,2022-05-23,2023-05-26,0,5
2023-05-26,2023-05-29,NIFTY_HEALTHCARE,GRANULES,18,ENTRY_FILTER,2022-05-23,2023-05-26,0,5
2023-05-26,2023-05-29,NIFTY_HEALTHCARE,IPCALAB,19,ENTRY_FILTER,2022-05-23,2023-05-26,0,5
2023-05-26,2023-05-29,NIFTY_HEALTHCARE,LAURUSLABS,20,ENTRY_FILTER,2022-05-23,2023-05-26,0,5
2023-06-02,2023-06-05,NIFTY_CONSUMER_DURABLES,HAVELLS,4,ENTRY_FILTER,2022-05-30,2023-06-02,0,5
2023-06-02,2023-06-05,NIFTY_CONSUMER_DURABLES,AMBER,5,ENTRY_FILTER,2022-05-30,2023-06-02,0,5
2023-06-02,2023-06-05,NIFTY_CONSUMER_DURABLES,DIXON,6,ENTRY_FILTER,2022-05-30,2023-06-02,0,5
2023-06-02,2023-06-05,NIFTY_CONSUMER_DURABLES,RELAXO,7,ENTRY_FILTER,2022-05-30,2023-06-02,0,5
2023-06-02,2023-06-05,NIFTY_CONSUMER_DURABLES,BATAINDIA,8,ENTRY_FILTER,2022-05-30,2023-06-02,0,5
2023-06-02,2023-06-05,NIFTY_CONSUMER_DURABLES,WHIRLPOOL,9,ENTRY_FILTER,2022-05-30,2023-06-02,0,5
2023-06-02,2023-06-05,NIFTY_CONSUMER_DURABLES,VOLTAS,10,ENTRY_FILTER,2022-05-30,2023-06-02,0,5
2023-06-02,2023-06-05,NIFTY_CONSUMER_DURABLES,ORIENTELEC,11,ENTRY_FILTER,2022-05-30,2023-06-02,0,5
2023-06-02,2023-06-05,NIFTY_CONSUMER_DURABLES,RAJESHEXPO,12,ENTRY_FILTER,2022-05-30,2023-06-02,0,5
2023-06-02,2023-06-05,NIFTY_CONSUMER_DURABLES,TTKPRESTIG,13,ENTRY_FILTER,2022-05-30,2023-06-02,0,5
2023-06-02,2023-06-05,NIFTY_CONSUMER_DURABLES,CROMPTON,14,ENTRY_FILTER,2022-05-30,2023-06-02,0,5
2023-06-21,2023-06-22,NIFTY_AUTO,EXIDEIND,4,ENTRY_FILTER,2022-06-16,2023-06-21,0,5
2023-06-21,2023-06-22,NIFTY_AUTO,MRF,5,ENTRY_FILTER,2022-06-16,2023-06-21,0,5
2023-06-21,2023-06-22,NIFTY_AUTO,MARUTI,6,ENTRY_FILTER,2022-06-16,2023-06-21,0,5
2023-06-21,2023-06-22,NIFTY_AUTO,BOSCHLTD,7,ENTRY_FILTER,2022-06-16,2023-06-21,0,5
2023-06-21,2023-06-22,NIFTY_AUTO,M&M,8,ENTRY_FILTER,2022-06-16,2023-06-21,0,5
2023-06-21,2023-06-22,NIFTY_AUTO,HEROMOTOCO,9,ENTRY_FILTER,2022-06-16,2023-06-21,0,5
2023-06-21,2023-06-22,NIFTY_AUTO,ASHOKLEY,10,ENTRY_FILTER,2022-06-16,2023-06-21,0,5
2023-06-21,2023-06-22,NIFTY_AUTO,EICHERMOT,11,ENTRY_FILTER,2022-06-16,2023-06-21,0,5
2023-06-21,2023-06-22,NIFTY_AUTO,BHARATFORG,12,ENTRY_FILTER,2022-06-16,2023-06-21,0,5
2023-06-21,2023-06-22,NIFTY_CONSUMER_DURABLES,KAJARIACER,4,ENTRY_FILTER,2022-06-16,2023-06-21,0,5
2023-06-21,2023-06-22,NIFTY_CONSUMER_DURABLES,HAVELLS,5,ENTRY_FILTER,2022-06-16,2023-06-21,0,5
2023-06-21,2023-06-22,NIFTY_CONSUMER_DURABLES,AMBER,6,ENTRY_FILTER,2022-06-16,2023-06-21,0,5
2023-06-21,2023-06-22,NIFTY_CONSUMER_DURABLES,BATAINDIA,7,ENTRY_FILTER,2022-06-16,2023-06-21,0,5
2023-06-21,2023-06-22,NIFTY_CONSUMER_DURABLES,RELAXO,8,ENTRY_FILTER,2022-06-16,2023-06-21,0,5
2023-06-21,2023-06-22,NIFTY_CONSUMER_DURABLES,WHIRLPOOL,9,ENTRY_FILTER,2022-06-16,2023-06-21,0,5
2023-06-21,2023-06-22,NIFTY_CONSUMER_DURABLES,VOLTAS,10,ENTRY_FILTER,2022-06-16,2023-06-21,0,5
2023-06-21,2023-06-22,NIFTY_CONSUMER_DURABLES,TTKPRESTIG,11,ENTRY_FILTER,2022-06-16,2023-06-21,0,5
2023-06-21,2023-06-22,NIFTY_CONSUMER_DURABLES,ORIENTELEC,12,ENTRY_FILTER,2022-06-16,2023-06-21,0,5
2023-06-21,2023-06-22,NIFTY_CONSUMER_DURABLES,CROMPTON,13,ENTRY_FILTER,2022-06-16,2023-06-21,0,5
2023-06-21,2023-06-22,NIFTY_CONSUMER_DURABLES,RAJESHEXPO,14,ENTRY_FILTER,2022-06-16,2023-06-21,0,5
2023-06-21,2023-06-22,NIFTY_FMCG,GODREJCP,4,ENTRY_FILTER,2022-06-16,2023-06-21,0,5
2023-06-21,2023-06-22,NIFTY_FMCG,TATACONSUM,5,ENTRY_FILTER,2022-06-16,2023-06-21,0,5
2023-06-21,2023-06-22,NIFTY_FMCG,COLPAL,6,ENTRY_FILTER,2022-06-16,2023-06-21,0,5
2023-06-21,2023-06-22,NIFTY_FMCG,GODREJIND,7,ENTRY_FILTER,2022-06-16,2023-06-21,0,5
2023-06-21,2023-06-22,NIFTY_FMCG,HINDUNILVR,8,ENTRY_FILTER,2022-06-16,2023-06-21,0,5
2023-06-21,2023-06-22,NIFTY_FMCG,MARICO,9,ENTRY_FILTER,2022-06-16,2023-06-21,0,5
2023-06-21,2023-06-22,NIFTY_FMCG,DABUR,10,ENTRY_FILTER,2022-06-16,2023-06-21,0,5
2023-06-21,2023-06-22,NIFTY_FMCG,JUBLFOOD,11,ENTRY_FILTER,2022-06-16,2023-06-21,0,5
2023-06-21,2023-06-22,NIFTY_FMCG,EMAMILTD,12,ENTRY_FILTER,2022-06-16,2023-06-21,0,5
2023-06-21,2023-06-22,NIFTY_FMCG,UBL,13,ENTRY_FILTER,2022-06-16,2023-06-21,0,5
2023-06-21,2023-06-22,NIFTY_HEALTHCARE,SYNGENE,4,ENTRY_FILTER,2022-06-16,2023-06-21,0,5
2023-06-21,2023-06-22,NIFTY_HEALTHCARE,LUPIN,5,ENTRY_FILTER,2022-06-16,2023-06-21,0,5
2023-06-21,2023-06-22,NIFTY_HEALTHCARE,MAXHEALTH,6,ENTRY_FILTER,2022-06-16,2023-06-21,0,5
2023-06-21,2023-06-22,NIFTY_HEALTHCARE,TORNTPHARM,7,ENTRY_FILTER,2022-06-16,2023-06-21,0,5
2023-06-21,2023-06-22,NIFTY_HEALTHCARE,ABBOTINDIA,8,ENTRY_FILTER,2022-06-16,2023-06-21,0,5
2023-06-21,2023-06-22,NIFTY_HEALTHCARE,APOLLOHOSP,9,ENTRY_FILTER,2022-06-16,2023-06-21,0,5
2023-06-21,2023-06-22,NIFTY_HEALTHCARE,DRREDDY,10,ENTRY_FILTER,2022-06-16,2023-06-21,0,5
2023-06-21,2023-06-22,NIFTY_HEALTHCARE,ALKEM,11,ENTRY_FILTER,2022-06-16,2023-06-21,0,5
2023-06-21,2023-06-22,NIFTY_HEALTHCARE,SUNPHARMA,12,ENTRY_FILTER,2022-06-16,2023-06-21,0,5
2023-06-21,2023-06-22,NIFTY_HEALTHCARE,CIPLA,13,ENTRY_FILTER,2022-06-16,2023-06-21,0,5
2023-06-21,2023-06-22,NIFTY_HEALTHCARE,METROPOLIS,14,ENTRY_FILTER,2022-06-16,2023-06-21,0,5
2023-06-21,2023-06-22,NIFTY_HEALTHCARE,DIVISLAB,15,ENTRY_FILTER,2022-06-16,2023-06-21,0,5
2023-06-21,2023-06-22,NIFTY_HEALTHCARE,LALPATHLAB,16,ENTRY_FILTER,2022-06-16,2023-06-21,0,5
2023-06-21,2023-06-22,NIFTY_HEALTHCARE,BIOCON,17,ENTRY_FILTER,2022-06-16,2023-06-21,0,5
2023-06-21,2023-06-22,NIFTY_HEALTHCARE,GRANULES,18,ENTRY_FILTER,2022-06-16,2023-06-21,0,5
2023-06-21,2023-06-22,NIFTY_HEALTHCARE,LAURUSLABS,19,ENTRY_FILTER,2022-06-16,2023-06-21,0,5
2023-06-21,2023-06-22,NIFTY_HEALTHCARE,IPCALAB,20,ENTRY_FILTER,2022-06-16,2023-06-21,0,5
2023-06-21,2023-06-22,NIFTY_REALTY,BRIGADE,4,ENTRY_FILTER,2022-06-16,2023-06-21,0,5
2023-06-21,2023-06-22,NIFTY_REALTY,PHOENIXLTD,5,ENTRY_FILTER,2022-06-16,2023-06-21,0,5
2023-06-21,2023-06-22,NIFTY_REALTY,OBEROIRLTY,6,ENTRY_FILTER,2022-06-16,2023-06-21,0,5
2023-06-21,2023-06-22,NIFTY_REALTY,SOBHA,7,ENTRY_FILTER,2022-06-16,2023-06-21,0,5
2023-06-21,2023-06-22,NIFTY_REALTY,IBREALEST,8,ENTRY_FILTER,2022-06-16,2023-06-21,0,5
2023-07-21,2023-07-24,NIFTY_AUTO,TVSMOTOR,4,ENTRY_FILTER,2022-07-15,2023-07-21,0,5
2023-07-21,2023-07-24,NIFTY_AUTO,ASHOKLEY,5,ENTRY_FILTER,2022-07-15,2023-07-21,0,5
2023-07-21,2023-07-24,NIFTY_AUTO,M&M,6,ENTRY_FILTER,2022-07-15,2023-07-21,0,5
2023-07-21,2023-07-24,NIFTY_AUTO,MRF,7,ENTRY_FILTER,2022-07-15,2023-07-21,0,5
2023-07-21,2023-07-24,NIFTY_AUTO,MARUTI,8,ENTRY_FILTER,2022-07-15,2023-07-21,0,5
2023-07-21,2023-07-24,NIFTY_AUTO,HEROMOTOCO,9,ENTRY_FILTER,2022-07-15,2023-07-21,0,5
2023-07-21,2023-07-24,NIFTY_AUTO,BOSCHLTD,10,ENTRY_FILTER,2022-07-15,2023-07-21,0,5
2023-07-21,2023-07-24,NIFTY_AUTO,BHARATFORG,11,ENTRY_FILTER,2022-07-15,2023-07-21,0,5
2023-07-21,2023-07-24,NIFTY_AUTO,EICHERMOT,12,ENTRY_FILTER,2022-07-15,2023-07-21,0,5
2023-07-21,2023-07-24,NIFTY_CONSUMER_DURABLES,DIXON,4,ENTRY_FILTER,2022-07-15,2023-07-21,0,5
2023-07-21,2023-07-24,NIFTY_CONSUMER_DURABLES,HAVELLS,5,ENTRY_FILTER,2022-07-15,2023-07-21,0,5
2023-07-21,2023-07-24,NIFTY_CONSUMER_DURABLES,BATAINDIA,6,ENTRY_FILTER,2022-07-15,2023-07-21,0,5
2023-07-21,2023-07-24,NIFTY_CONSUMER_DURABLES,RELAXO,7,ENTRY_FILTER,2022-07-15,2023-07-21,0,5
2023-07-21,2023-07-24,NIFTY_CONSUMER_DURABLES,AMBER,8,ENTRY_FILTER,2022-07-15,2023-07-21,0,5
2023-07-21,2023-07-24,NIFTY_CONSUMER_DURABLES,WHIRLPOOL,9,ENTRY_FILTER,2022-07-15,2023-07-21,0,5
2023-07-21,2023-07-24,NIFTY_CONSUMER_DURABLES,TTKPRESTIG,10,ENTRY_FILTER,2022-07-15,2023-07-21,0,5
2023-07-21,2023-07-24,NIFTY_CONSUMER_DURABLES,VOLTAS,11,ENTRY_FILTER,2022-07-15,2023-07-21,0,5
2023-07-21,2023-07-24,NIFTY_CONSUMER_DURABLES,ORIENTELEC,12,ENTRY_FILTER,2022-07-15,2023-07-21,0,5
2023-07-21,2023-07-24,NIFTY_CONSUMER_DURABLES,CROMPTON,13,ENTRY_FILTER,2022-07-15,2023-07-21,0,5
2023-07-21,2023-07-24,NIFTY_CONSUMER_DURABLES,RAJESHEXPO,14,ENTRY_FILTER,2022-07-15,2023-07-21,0,5
2023-07-21,2023-07-24,NIFTY_FMCG,NESTLEIND,4,ENTRY_FILTER,2022-07-15,2023-07-21,0,5
2023-07-21,2023-07-24,NIFTY_FMCG,TATACONSUM,5,ENTRY_FILTER,2022-07-15,2023-07-21,0,5
2023-07-21,2023-07-24,NIFTY_FMCG,GODREJCP,6,ENTRY_FILTER,2022-07-15,2023-07-21,0,5
2023-07-21,2023-07-24,NIFTY_FMCG,MARICO,7,ENTRY_FILTER,2022-07-15,2023-07-21,0,5
2023-07-21,2023-07-24,NIFTY_FMCG,DABUR,8,ENTRY_FILTER,2022-07-15,2023-07-21,0,5
2023-07-21,2023-07-24,NIFTY_FMCG,HINDUNILVR,9,ENTRY_FILTER,2022-07-15,2023-07-21,0,5
2023-07-21,2023-07-24,NIFTY_FMCG,GODREJIND,10,ENTRY_FILTER,2022-07-15,2023-07-21,0,5
2023-07-21,2023-07-24,NIFTY_FMCG,EMAMILTD,11,ENTRY_FILTER,2022-07-15,2023-07-21,0,5
2023-07-21,2023-07-24,NIFTY_FMCG,UBL,12,ENTRY_FILTER,2022-07-15,2023-07-21,0,5
2023-07-21,2023-07-24,NIFTY_FMCG,JUBLFOOD,13,ENTRY_FILTER,2022-07-15,2023-07-21,0,5
2023-07-21,2023-07-24,NIFTY_HEALTHCARE,SYNGENE,4,ENTRY_FILTER,2022-07-15,2023-07-21,0,5
2023-07-21,2023-07-24,NIFTY_HEALTHCARE,LUPIN,5,ENTRY_FILTER,2022-07-15,2023-07-21,0,5
2023-07-21,2023-07-24,NIFTY_HEALTHCARE,MAXHEALTH,6,ENTRY_FILTER,2022-07-15,2023-07-21,0,5
2023-07-21,2023-07-24,NIFTY_HEALTHCARE,TORNTPHARM,7,ENTRY_FILTER,2022-07-15,2023-07-21,0,5
2023-07-21,2023-07-24,NIFTY_HEALTHCARE,ALKEM,8,ENTRY_FILTER,2022-07-15,2023-07-21,0,5
2023-07-21,2023-07-24,NIFTY_HEALTHCARE,APOLLOHOSP,9,ENTRY_FILTER,2022-07-15,2023-07-21,0,5
2023-07-21,2023-07-24,NIFTY_HEALTHCARE,DRREDDY,10,ENTRY_FILTER,2022-07-15,2023-07-21,0,5
2023-07-21,2023-07-24,NIFTY_HEALTHCARE,ABBOTINDIA,11,ENTRY_FILTER,2022-07-15,2023-07-21,0,5
2023-07-21,2023-07-24,NIFTY_HEALTHCARE,SUNPHARMA,12,ENTRY_FILTER,2022-07-15,2023-07-21,0,5
2023-07-21,2023-07-24,NIFTY_HEALTHCARE,CIPLA,13,ENTRY_FILTER,2022-07-15,2023-07-21,0,5
2023-07-21,2023-07-24,NIFTY_HEALTHCARE,BIOCON,14,ENTRY_FILTER,2022-07-15,2023-07-21,0,5
2023-07-21,2023-07-24,NIFTY_HEALTHCARE,DIVISLAB,15,ENTRY_FILTER,2022-07-15,2023-07-21,0,5
2023-07-21,2023-07-24,NIFTY_HEALTHCARE,LALPATHLAB,16,ENTRY_FILTER,2022-07-15,2023-07-21,0,5
2023-07-21,2023-07-24,NIFTY_HEALTHCARE,GRANULES,17,ENTRY_FILTER,2022-07-15,2023-07-21,0,5
2023-07-21,2023-07-24,NIFTY_HEALTHCARE,METROPOLIS,18,ENTRY_FILTER,2022-07-15,2023-07-21,0,5
2023-07-21,2023-07-24,NIFTY_HEALTHCARE,LAURUSLABS,19,ENTRY_FILTER,2022-07-15,2023-07-21,0,5
2023-07-21,2023-07-24,NIFTY_HEALTHCARE,IPCALAB,20,ENTRY_FILTER,2022-07-15,2023-07-21,0,5
2023-07-21,2023-07-24,NIFTY_REALTY,BRIGADE,4,ENTRY_FILTER,2022-07-15,2023-07-21,0,5
2023-07-21,2023-07-24,NIFTY_REALTY,PRESTIGE,5,ENTRY_FILTER,2022-07-15,2023-07-21,0,5
2023-07-21,2023-07-24,NIFTY_REALTY,PHOENIXLTD,6,ENTRY_FILTER,2022-07-15,2023-07-21,0,5
2023-07-21,2023-07-24,NIFTY_REALTY,SOBHA,7,ENTRY_FILTER,2022-07-15,2023-07-21,0,5
2023-07-21,2023-07-24,NIFTY_REALTY,IBREALEST,8,ENTRY_FILTER,2022-07-15,2023-07-21,0,5
2023-08-21,2023-08-22,NIFTY_AUTO,APOLLOTYRE,4,ENTRY_FILTER,2022-08-16,2023-08-21,0,5
2023-08-21,2023-08-22,NIFTY_AUTO,BAJAJ-AUTO,5,ENTRY_FILTER,2022-08-16,2023-08-21,0,5
2023-08-21,2023-08-22,NIFTY_AUTO,TVSMOTOR,6,ENTRY_FILTER,2022-08-16,2023-08-21,0,5
2023-08-21,2023-08-22,NIFTY_AUTO,BHARATFORG,7,ENTRY_FILTER,2022-08-16,2023-08-21,0,5
2023-08-21,2023-08-22,NIFTY_AUTO,M&M,8,ENTRY_FILTER,2022-08-16,2023-08-21,0,5
2023-08-21,2023-08-22,NIFTY_AUTO,HEROMOTOCO,9,ENTRY_FILTER,2022-08-16,2023-08-21,0,5
2023-08-21,2023-08-22,NIFTY_AUTO,MARUTI,10,ENTRY_FILTER,2022-08-16,2023-08-21,0,5
2023-08-21,2023-08-22,NIFTY_AUTO,BOSCHLTD,11,ENTRY_FILTER,2022-08-16,2023-08-21,0,5
2023-08-21,2023-08-22,NIFTY_AUTO,EICHERMOT,12,ENTRY_FILTER,2022-08-16,2023-08-21,0,5
2023-08-21,2023-08-22,NIFTY_CONSUMER_DURABLES,TITAN,4,ENTRY_FILTER,2022-08-16,2023-08-21,0,5
2023-08-21,2023-08-22,NIFTY_CONSUMER_DURABLES,WHIRLPOOL,5,ENTRY_FILTER,2022-08-16,2023-08-21,0,5
2023-08-21,2023-08-22,NIFTY_CONSUMER_DURABLES,BLUESTARCO,6,ENTRY_FILTER,2022-08-16,2023-08-21,0,5
2023-08-21,2023-08-22,NIFTY_CONSUMER_DURABLES,BATAINDIA,7,ENTRY_FILTER,2022-08-16,2023-08-21,0,5
2023-08-21,2023-08-22,NIFTY_CONSUMER_DURABLES,RELAXO,8,ENTRY_FILTER,2022-08-16,2023-08-21,0,5
2023-08-21,2023-08-22,NIFTY_CONSUMER_DURABLES,HAVELLS,9,ENTRY_FILTER,2022-08-16,2023-08-21,0,5
2023-08-21,2023-08-22,NIFTY_CONSUMER_DURABLES,TTKPRESTIG,10,ENTRY_FILTER,2022-08-16,2023-08-21,0,5
2023-08-21,2023-08-22,NIFTY_CONSUMER_DURABLES,VOLTAS,11,ENTRY_FILTER,2022-08-16,2023-08-21,0,5
2023-08-21,2023-08-22,NIFTY_CONSUMER_DURABLES,CROMPTON,12,ENTRY_FILTER,2022-08-16,2023-08-21,0,5
2023-08-21,2023-08-22,NIFTY_CONSUMER_DURABLES,ORIENTELEC,13,ENTRY_FILTER,2022-08-16,2023-08-21,0,5
2023-08-21,2023-08-22,NIFTY_CONSUMER_DURABLES,RAJESHEXPO,14,ENTRY_FILTER,2022-08-16,2023-08-21,0,5
2023-08-21,2023-08-22,NIFTY_FMCG,TATACONSUM,4,ENTRY_FILTER,2022-08-16,2023-08-21,0,5
2023-08-21,2023-08-22,NIFTY_FMCG,NESTLEIND,5,ENTRY_FILTER,2022-08-16,2023-08-21,0,5
2023-08-21,2023-08-22,NIFTY_FMCG,GODREJCP,6,ENTRY_FILTER,2022-08-16,2023-08-21,0,5
2023-08-21,2023-08-22,NIFTY_FMCG,GODREJIND,7,ENTRY_FILTER,2022-08-16,2023-08-21,0,5
2023-08-21,2023-08-22,NIFTY_FMCG,MARICO,8,ENTRY_FILTER,2022-08-16,2023-08-21,0,5
2023-08-21,2023-08-22,NIFTY_FMCG,DABUR,9,ENTRY_FILTER,2022-08-16,2023-08-21,0,5
2023-08-21,2023-08-22,NIFTY_FMCG,BRITANNIA,10,ENTRY_FILTER,2022-08-16,2023-08-21,0,5
2023-08-21,2023-08-22,NIFTY_FMCG,HINDUNILVR,11,ENTRY_FILTER,2022-08-16,2023-08-21,0,5
2023-08-21,2023-08-22,NIFTY_FMCG,UBL,12,ENTRY_FILTER,2022-08-16,2023-08-21,0,5
2023-08-21,2023-08-22,NIFTY_FMCG,JUBLFOOD,13,ENTRY_FILTER,2022-08-16,2023-08-21,0,5
2023-08-21,2023-08-22,NIFTY_HEALTHCARE,ZYDUSLIFE,4,ENTRY_FILTER,2022-08-16,2023-08-21,0,5
2023-08-21,2023-08-22,NIFTY_HEALTHCARE,DRREDDY,5,ENTRY_FILTER,2022-08-16,2023-08-21,0,5
2023-08-21,2023-08-22,NIFTY_HEALTHCARE,SYNGENE,6,ENTRY_FILTER,2022-08-16,2023-08-21,0,5
2023-08-21,2023-08-22,NIFTY_HEALTHCARE,TORNTPHARM,7,ENTRY_FILTER,2022-08-16,2023-08-21,0,5
2023-08-21,2023-08-22,NIFTY_HEALTHCARE,CIPLA,8,ENTRY_FILTER,2022-08-16,2023-08-21,0,5
2023-08-21,2023-08-22,NIFTY_HEALTHCARE,SUNPHARMA,9,ENTRY_FILTER,2022-08-16,2023-08-21,0,5
2023-08-21,2023-08-22,NIFTY_HEALTHCARE,ABBOTINDIA,10,ENTRY_FILTER,2022-08-16,2023-08-21,0,5
2023-08-21,2023-08-22,NIFTY_HEALTHCARE,ALKEM,11,ENTRY_FILTER,2022-08-16,2023-08-21,0,5
2023-08-21,2023-08-22,NIFTY_HEALTHCARE,DIVISLAB,12,ENTRY_FILTER,2022-08-16,2023-08-21,0,5
2023-08-21,2023-08-22,NIFTY_HEALTHCARE,IPCALAB,13,ENTRY_FILTER,2022-08-16,2023-08-21,0,5
2023-08-21,2023-08-22,NIFTY_HEALTHCARE,APOLLOHOSP,14,ENTRY_FILTER,2022-08-16,2023-08-21,0,5
2023-08-21,2023-08-22,NIFTY_HEALTHCARE,MAXHEALTH,15,ENTRY_FILTER,2022-08-16,2023-08-21,0,5
2023-08-21,2023-08-22,NIFTY_HEALTHCARE,LAURUSLABS,16,ENTRY_FILTER,2022-08-16,2023-08-21,0,5
2023-08-21,2023-08-22,NIFTY_HEALTHCARE,LALPATHLAB,17,ENTRY_FILTER,2022-08-16,2023-08-21,0,5
2023-08-21,2023-08-22,NIFTY_HEALTHCARE,BIOCON,18,ENTRY_FILTER,2022-08-16,2023-08-21,0,5
2023-08-21,2023-08-22,NIFTY_HEALTHCARE,METROPOLIS,19,ENTRY_FILTER,2022-08-16,2023-08-21,0,5
2023-08-21,2023-08-22,NIFTY_HEALTHCARE,GRANULES,20,ENTRY_FILTER,2022-08-16,2023-08-21,0,5
2023-08-21,2023-08-22,NIFTY_REALTY,PRESTIGE,4,ENTRY_FILTER,2022-08-16,2023-08-21,0,5
2023-08-21,2023-08-22,NIFTY_REALTY,DLF,5,ENTRY_FILTER,2022-08-16,2023-08-21,0,5
2023-08-21,2023-08-22,NIFTY_REALTY,BRIGADE,6,ENTRY_FILTER,2022-08-16,2023-08-21,0,5
2023-08-21,2023-08-22,NIFTY_REALTY,SOBHA,7,ENTRY_FILTER,2022-08-16,2023-08-21,0,5
2023-08-21,2023-08-22,NIFTY_REALTY,IBREALEST,8,ENTRY_FILTER,2022-08-16,2023-08-21,0,5
2023-09-21,2023-09-22,NIFTY_AUTO,BHARATFORG,4,ENTRY_FILTER,2022-09-16,2023-09-21,0,5
2023-09-21,2023-09-22,NIFTY_AUTO,ASHOKLEY,5,ENTRY_FILTER,2022-09-16,2023-09-21,0,5
2023-09-21,2023-09-22,NIFTY_AUTO,MRF,6,ENTRY_FILTER,2022-09-16,2023-09-21,0,5
2023-09-21,2023-09-22,NIFTY_AUTO,M&M,7,ENTRY_FILTER,2022-09-16,2023-09-21,0,5
2023-09-21,2023-09-22,NIFTY_AUTO,MARUTI,8,ENTRY_FILTER,2022-09-16,2023-09-21,0,5
2023-09-21,2023-09-22,NIFTY_AUTO,HEROMOTOCO,9,ENTRY_FILTER,2022-09-16,2023-09-21,0,5
2023-09-21,2023-09-22,NIFTY_AUTO,BOSCHLTD,10,ENTRY_FILTER,2022-09-16,2023-09-21,0,5
2023-09-21,2023-09-22,NIFTY_AUTO,EICHERMOT,11,ENTRY_FILTER,2022-09-16,2023-09-21,0,5
2023-09-21,2023-09-22,NIFTY_AUTO,APOLLOTYRE,12,ENTRY_FILTER,2022-09-16,2023-09-21,0,5
2023-09-21,2023-09-22,NIFTY_CONSUMER_DURABLES,WHIRLPOOL,4,ENTRY_FILTER,2022-09-16,2023-09-21,0,5
2023-09-21,2023-09-22,NIFTY_CONSUMER_DURABLES,BLUESTARCO,5,ENTRY_FILTER,2022-09-16,2023-09-21,0,5
2023-09-21,2023-09-22,NIFTY_CONSUMER_DURABLES,HAVELLS,6,ENTRY_FILTER,2022-09-16,2023-09-21,0,5
2023-09-21,2023-09-22,NIFTY_CONSUMER_DURABLES,KAJARIACER,7,ENTRY_FILTER,2022-09-16,2023-09-21,0,5
2023-09-21,2023-09-22,NIFTY_CONSUMER_DURABLES,BATAINDIA,8,ENTRY_FILTER,2022-09-16,2023-09-21,0,5
2023-09-21,2023-09-22,NIFTY_CONSUMER_DURABLES,RELAXO,9,ENTRY_FILTER,2022-09-16,2023-09-21,0,5
2023-09-21,2023-09-22,NIFTY_CONSUMER_DURABLES,VOLTAS,10,ENTRY_FILTER,2022-09-16,2023-09-21,0,5
2023-09-21,2023-09-22,NIFTY_CONSUMER_DURABLES,TTKPRESTIG,11,ENTRY_FILTER,2022-09-16,2023-09-21,0,5
2023-09-21,2023-09-22,NIFTY_CONSUMER_DURABLES,CROMPTON,12,ENTRY_FILTER,2022-09-16,2023-09-21,0,5
2023-09-21,2023-09-22,NIFTY_CONSUMER_DURABLES,ORIENTELEC,13,ENTRY_FILTER,2022-09-16,2023-09-21,0,5
2023-09-21,2023-09-22,NIFTY_CONSUMER_DURABLES,RAJESHEXPO,14,ENTRY_FILTER,2022-09-16,2023-09-21,0,5
2023-09-21,2023-09-22,NIFTY_FMCG,GODREJIND,4,ENTRY_FILTER,2022-09-16,2023-09-21,0,5
2023-09-21,2023-09-22,NIFTY_FMCG,NESTLEIND,5,ENTRY_FILTER,2022-09-16,2023-09-21,0,5
2023-09-21,2023-09-22,NIFTY_FMCG,MARICO,6,ENTRY_FILTER,2022-09-16,2023-09-21,0,5
2023-09-21,2023-09-22,NIFTY_FMCG,TATACONSUM,7,ENTRY_FILTER,2022-09-16,2023-09-21,0,5
2023-09-21,2023-09-22,NIFTY_FMCG,JUBLFOOD,8,ENTRY_FILTER,2022-09-16,2023-09-21,0,5
2023-09-21,2023-09-22,NIFTY_FMCG,GODREJCP,9,ENTRY_FILTER,2022-09-16,2023-09-21,0,5
2023-09-21,2023-09-22,NIFTY_FMCG,DABUR,10,ENTRY_FILTER,2022-09-16,2023-09-21,0,5
2023-09-21,2023-09-22,NIFTY_FMCG,BRITANNIA,11,ENTRY_FILTER,2022-09-16,2023-09-21,0,5
2023-09-21,2023-09-22,NIFTY_FMCG,UBL,12,ENTRY_FILTER,2022-09-16,2023-09-21,0,5
2023-09-21,2023-09-22,NIFTY_FMCG,HINDUNILVR,13,ENTRY_FILTER,2022-09-16,2023-09-21,0,5
2023-09-21,2023-09-22,NIFTY_HEALTHCARE,ZYDUSLIFE,4,ENTRY_FILTER,2022-09-16,2023-09-21,0,5
2023-09-21,2023-09-22,NIFTY_HEALTHCARE,DRREDDY,5,ENTRY_FILTER,2022-09-16,2023-09-21,0,5
2023-09-21,2023-09-22,NIFTY_HEALTHCARE,CIPLA,6,ENTRY_FILTER,2022-09-16,2023-09-21,0,5
2023-09-21,2023-09-22,NIFTY_HEALTHCARE,SUNPHARMA,7,ENTRY_FILTER,2022-09-16,2023-09-21,0,5
2023-09-21,2023-09-22,NIFTY_HEALTHCARE,DIVISLAB,8,ENTRY_FILTER,2022-09-16,2023-09-21,0,5
2023-09-21,2023-09-22,NIFTY_HEALTHCARE,IPCALAB,9,ENTRY_FILTER,2022-09-16,2023-09-21,0,5
2023-09-21,2023-09-22,NIFTY_HEALTHCARE,SYNGENE,10,ENTRY_FILTER,2022-09-16,2023-09-21,0,5
2023-09-21,2023-09-22,NIFTY_HEALTHCARE,ALKEM,11,ENTRY_FILTER,2022-09-16,2023-09-21,0,5
2023-09-21,2023-09-22,NIFTY_HEALTHCARE,LALPATHLAB,12,ENTRY_FILTER,2022-09-16,2023-09-21,0,5
2023-09-21,2023-09-22,NIFTY_HEALTHCARE,TORNTPHARM,13,ENTRY_FILTER,2022-09-16,2023-09-21,0,5
2023-09-21,2023-09-22,NIFTY_HEALTHCARE,BIOCON,14,ENTRY_FILTER,2022-09-16,2023-09-21,0,5
2023-09-21,2023-09-22,NIFTY_HEALTHCARE,ABBOTINDIA,15,ENTRY_FILTER,2022-09-16,2023-09-21,0,5
2023-09-21,2023-09-22,NIFTY_HEALTHCARE,LAURUSLABS,16,ENTRY_FILTER,2022-09-16,2023-09-21,0,5
2023-09-21,2023-09-22,NIFTY_HEALTHCARE,APOLLOHOSP,17,ENTRY_FILTER,2022-09-16,2023-09-21,0,5
2023-09-21,2023-09-22,NIFTY_HEALTHCARE,GRANULES,18,ENTRY_FILTER,2022-09-16,2023-09-21,0,5
2023-09-21,2023-09-22,NIFTY_HEALTHCARE,MAXHEALTH,19,ENTRY_FILTER,2022-09-16,2023-09-21,0,5
2023-09-21,2023-09-22,NIFTY_HEALTHCARE,METROPOLIS,20,ENTRY_FILTER,2022-09-16,2023-09-21,0,5
2023-09-21,2023-09-22,NIFTY_REALTY,OBEROIRLTY,4,ENTRY_FILTER,2022-09-16,2023-09-21,0,5
2023-09-21,2023-09-22,NIFTY_REALTY,GODREJPROP,5,ENTRY_FILTER,2022-09-16,2023-09-21,0,5
2023-09-21,2023-09-22,NIFTY_REALTY,BRIGADE,6,ENTRY_FILTER,2022-09-16,2023-09-21,0,5
2023-09-21,2023-09-22,NIFTY_REALTY,IBREALEST,7,ENTRY_FILTER,2022-09-16,2023-09-21,0,5
2023-09-21,2023-09-22,NIFTY_REALTY,SOBHA,8,ENTRY_FILTER,2022-09-16,2023-09-21,0,5
2023-10-23,2023-10-25,NIFTY_AUTO,MARUTI,4,ENTRY_FILTER,2022-10-18,2023-10-23,0,5
2023-10-23,2023-10-25,NIFTY_AUTO,EXIDEIND,5,ENTRY_FILTER,2022-10-18,2023-10-23,0,5
2023-10-23,2023-10-25,NIFTY_AUTO,MRF,6,ENTRY_FILTER,2022-10-18,2023-10-23,0,5
2023-10-23,2023-10-25,NIFTY_AUTO,ASHOKLEY,7,ENTRY_FILTER,2022-10-18,2023-10-23,0,5
2023-10-23,2023-10-25,NIFTY_AUTO,M&M,8,ENTRY_FILTER,2022-10-18,2023-10-23,0,5
2023-10-23,2023-10-25,NIFTY_AUTO,HEROMOTOCO,9,ENTRY_FILTER,2022-10-18,2023-10-23,0,5
2023-10-23,2023-10-25,NIFTY_AUTO,BOSCHLTD,10,ENTRY_FILTER,2022-10-18,2023-10-23,0,5
2023-10-23,2023-10-25,NIFTY_AUTO,EICHERMOT,11,ENTRY_FILTER,2022-10-18,2023-10-23,0,5
2023-10-23,2023-10-25,NIFTY_AUTO,APOLLOTYRE,12,ENTRY_FILTER,2022-10-18,2023-10-23,0,5
2023-10-23,2023-10-25,NIFTY_CONSUMER_DURABLES,WHIRLPOOL,4,ENTRY_FILTER,2022-10-18,2023-10-23,0,5
2023-10-23,2023-10-25,NIFTY_CONSUMER_DURABLES,BLUESTARCO,5,ENTRY_FILTER,2022-10-18,2023-10-23,0,5
2023-10-23,2023-10-25,NIFTY_CONSUMER_DURABLES,RELAXO,6,ENTRY_FILTER,2022-10-18,2023-10-23,0,5
2023-10-23,2023-10-25,NIFTY_CONSUMER_DURABLES,TTKPRESTIG,7,ENTRY_FILTER,2022-10-18,2023-10-23,0,5
2023-10-23,2023-10-25,NIFTY_CONSUMER_DURABLES,VOLTAS,8,ENTRY_FILTER,2022-10-18,2023-10-23,0,5
2023-10-23,2023-10-25,NIFTY_CONSUMER_DURABLES,HAVELLS,9,ENTRY_FILTER,2022-10-18,2023-10-23,0,5
2023-10-23,2023-10-25,NIFTY_CONSUMER_DURABLES,BATAINDIA,10,ENTRY_FILTER,2022-10-18,2023-10-23,0,5
2023-10-23,2023-10-25,NIFTY_CONSUMER_DURABLES,KAJARIACER,11,ENTRY_FILTER,2022-10-18,2023-10-23,0,5
2023-10-23,2023-10-25,NIFTY_CONSUMER_DURABLES,ORIENTELEC,12,ENTRY_FILTER,2022-10-18,2023-10-23,0,5
2023-10-23,2023-10-25,NIFTY_CONSUMER_DURABLES,CROMPTON,13,ENTRY_FILTER,2022-10-18,2023-10-23,0,5
2023-10-23,2023-10-25,NIFTY_CONSUMER_DURABLES,RAJESHEXPO,14,ENTRY_FILTER,2022-10-18,2023-10-23,0,5
2023-10-23,2023-10-25,NIFTY_FMCG,TATACONSUM,4,ENTRY_FILTER,2022-10-18,2023-10-23,0,5
2023-10-23,2023-10-25,NIFTY_FMCG,NESTLEIND,5,ENTRY_FILTER,2022-10-18,2023-10-23,0,5
2023-10-23,2023-10-25,NIFTY_FMCG,ITC,6,ENTRY_FILTER,2022-10-18,2023-10-23,0,5
2023-10-23,2023-10-25,NIFTY_FMCG,JUBLFOOD,7,ENTRY_FILTER,2022-10-18,2023-10-23,0,5
2023-10-23,2023-10-25,NIFTY_FMCG,MARICO,8,ENTRY_FILTER,2022-10-18,2023-10-23,0,5
2023-10-23,2023-10-25,NIFTY_FMCG,UBL,9,ENTRY_FILTER,2022-10-18,2023-10-23,0,5
2023-10-23,2023-10-25,NIFTY_FMCG,BRITANNIA,10,ENTRY_FILTER,2022-10-18,2023-10-23,0,5
2023-10-23,2023-10-25,NIFTY_FMCG,GODREJCP,11,ENTRY_FILTER,2022-10-18,2023-10-23,0,5
2023-10-23,2023-10-25,NIFTY_FMCG,HINDUNILVR,12,ENTRY_FILTER,2022-10-18,2023-10-23,0,5
2023-10-23,2023-10-25,NIFTY_FMCG,DABUR,13,ENTRY_FILTER,2022-10-18,2023-10-23,0,5
2023-10-23,2023-10-25,NIFTY_HEALTHCARE,IPCALAB,4,ENTRY_FILTER,2022-10-18,2023-10-23,0,5
2023-10-23,2023-10-25,NIFTY_HEALTHCARE,CIPLA,5,ENTRY_FILTER,2022-10-18,2023-10-23,0,5
2023-10-23,2023-10-25,NIFTY_HEALTHCARE,DRREDDY,6,ENTRY_FILTER,2022-10-18,2023-10-23,0,5
2023-10-23,2023-10-25,NIFTY_HEALTHCARE,LALPATHLAB,7,ENTRY_FILTER,2022-10-18,2023-10-23,0,5
2023-10-23,2023-10-25,NIFTY_HEALTHCARE,SUNPHARMA,8,ENTRY_FILTER,2022-10-18,2023-10-23,0,5
2023-10-23,2023-10-25,NIFTY_HEALTHCARE,ZYDUSLIFE,9,ENTRY_FILTER,2022-10-18,2023-10-23,0,5
2023-10-23,2023-10-25,NIFTY_HEALTHCARE,METROPOLIS,10,ENTRY_FILTER,2022-10-18,2023-10-23,0,5
2023-10-23,2023-10-25,NIFTY_HEALTHCARE,TORNTPHARM,11,ENTRY_FILTER,2022-10-18,2023-10-23,0,5
2023-10-23,2023-10-25,NIFTY_HEALTHCARE,APOLLOHOSP,12,ENTRY_FILTER,2022-10-18,2023-10-23,0,5
2023-10-23,2023-10-25,NIFTY_HEALTHCARE,MAXHEALTH,13,ENTRY_FILTER,2022-10-18,2023-10-23,0,5
2023-10-23,2023-10-25,NIFTY_HEALTHCARE,DIVISLAB,14,ENTRY_FILTER,2022-10-18,2023-10-23,0,5
2023-10-23,2023-10-25,NIFTY_HEALTHCARE,ABBOTINDIA,15,ENTRY_FILTER,2022-10-18,2023-10-23,0,5
2023-10-23,2023-10-25,NIFTY_HEALTHCARE,GRANULES,16,ENTRY_FILTER,2022-10-18,2023-10-23,0,5
2023-10-23,2023-10-25,NIFTY_HEALTHCARE,LAURUSLABS,17,ENTRY_FILTER,2022-10-18,2023-10-23,0,5
2023-10-23,2023-10-25,NIFTY_HEALTHCARE,ALKEM,18,ENTRY_FILTER,2022-10-18,2023-10-23,0,5
2023-10-23,2023-10-25,NIFTY_HEALTHCARE,SYNGENE,19,ENTRY_FILTER,2022-10-18,2023-10-23,0,5
2023-10-23,2023-10-25,NIFTY_HEALTHCARE,BIOCON,20,ENTRY_FILTER,2022-10-18,2023-10-23,0,5
2023-10-23,2023-10-25,NIFTY_REALTY,PHOENIXLTD,4,ENTRY_FILTER,2022-10-18,2023-10-23,0,5
2023-10-23,2023-10-25,NIFTY_REALTY,OBEROIRLTY,5,ENTRY_FILTER,2022-10-18,2023-10-23,0,5
2023-10-23,2023-10-25,NIFTY_REALTY,BRIGADE,6,ENTRY_FILTER,2022-10-18,2023-10-23,0,5
2023-10-23,2023-10-25,NIFTY_REALTY,GODREJPROP,7,ENTRY_FILTER,2022-10-18,2023-10-23,0,5
2023-10-23,2023-10-25,NIFTY_REALTY,IBREALEST,8,ENTRY_FILTER,2022-10-18,2023-10-23,0,5
2023-11-21,2023-11-22,NIFTY_AUTO,BHARATFORG,4,ENTRY_FILTER,2022-11-16,2023-11-21,0,5
2023-11-21,2023-11-22,NIFTY_AUTO,HEROMOTOCO,5,ENTRY_FILTER,2022-11-16,2023-11-21,0,5
2023-11-21,2023-11-22,NIFTY_AUTO,MRF,6,ENTRY_FILTER,2022-11-16,2023-11-21,0,5
2023-11-21,2023-11-22,NIFTY_AUTO,MARUTI,7,ENTRY_FILTER,2022-11-16,2023-11-21,0,5
2023-11-21,2023-11-22,NIFTY_AUTO,BOSCHLTD,8,ENTRY_FILTER,2022-11-16,2023-11-21,0,5
2023-11-21,2023-11-22,NIFTY_AUTO,APOLLOTYRE,9,ENTRY_FILTER,2022-11-16,2023-11-21,0,5
2023-11-21,2023-11-22,NIFTY_AUTO,M&M,10,ENTRY_FILTER,2022-11-16,2023-11-21,0,5
2023-11-21,2023-11-22,NIFTY_AUTO,EICHERMOT,11,ENTRY_FILTER,2022-11-16,2023-11-21,0,5
2023-11-21,2023-11-22,NIFTY_AUTO,ASHOKLEY,12,ENTRY_FILTER,2022-11-16,2023-11-21,0,5
2023-11-21,2023-11-22,NIFTY_CONSUMER_DURABLES,BLUESTARCO,4,ENTRY_FILTER,2022-11-16,2023-11-21,0,5
2023-11-21,2023-11-22,NIFTY_CONSUMER_DURABLES,WHIRLPOOL,5,ENTRY_FILTER,2022-11-16,2023-11-21,0,5
2023-11-21,2023-11-22,NIFTY_CONSUMER_DURABLES,RELAXO,6,ENTRY_FILTER,2022-11-16,2023-11-21,0,5
2023-11-21,2023-11-22,NIFTY_CONSUMER_DURABLES,TTKPRESTIG,7,ENTRY_FILTER,2022-11-16,2023-11-21,0,5
2023-11-21,2023-11-22,NIFTY_CONSUMER_DURABLES,CROMPTON,8,ENTRY_FILTER,2022-11-16,2023-11-21,0,5
2023-11-21,2023-11-22,NIFTY_CONSUMER_DURABLES,VOLTAS,9,ENTRY_FILTER,2022-11-16,2023-11-21,0,5
2023-11-21,2023-11-22,NIFTY_CONSUMER_DURABLES,BATAINDIA,10,ENTRY_FILTER,2022-11-16,2023-11-21,0,5
2023-11-21,2023-11-22,NIFTY_CONSUMER_DURABLES,HAVELLS,11,ENTRY_FILTER,2022-11-16,2023-11-21,0,5
2023-11-21,2023-11-22,NIFTY_CONSUMER_DURABLES,KAJARIACER,12,ENTRY_FILTER,2022-11-16,2023-11-21,0,5
2023-11-21,2023-11-22,NIFTY_CONSUMER_DURABLES,ORIENTELEC,13,ENTRY_FILTER,2022-11-16,2023-11-21,0,5
2023-11-21,2023-11-22,NIFTY_CONSUMER_DURABLES,RAJESHEXPO,14,ENTRY_FILTER,2022-11-16,2023-11-21,0,5
2023-11-21,2023-11-22,NIFTY_FMCG,NESTLEIND,4,ENTRY_FILTER,2022-11-16,2023-11-21,0,5
2023-11-21,2023-11-22,NIFTY_FMCG,EMAMILTD,5,ENTRY_FILTER,2022-11-16,2023-11-21,0,5
2023-11-21,2023-11-22,NIFTY_FMCG,ITC,6,ENTRY_FILTER,2022-11-16,2023-11-21,0,5
2023-11-21,2023-11-22,NIFTY_FMCG,JUBLFOOD,7,ENTRY_FILTER,2022-11-16,2023-11-21,0,5
2023-11-21,2023-11-22,NIFTY_FMCG,UBL,8,ENTRY_FILTER,2022-11-16,2023-11-21,0,5
2023-11-21,2023-11-22,NIFTY_FMCG,BRITANNIA,9,ENTRY_FILTER,2022-11-16,2023-11-21,0,5
2023-11-21,2023-11-22,NIFTY_FMCG,DABUR,10,ENTRY_FILTER,2022-11-16,2023-11-21,0,5
2023-11-21,2023-11-22,NIFTY_FMCG,GODREJCP,11,ENTRY_FILTER,2022-11-16,2023-11-21,0,5
2023-11-21,2023-11-22,NIFTY_FMCG,MARICO,12,ENTRY_FILTER,2022-11-16,2023-11-21,0,5
2023-11-21,2023-11-22,NIFTY_FMCG,HINDUNILVR,13,ENTRY_FILTER,2022-11-16,2023-11-21,0,5
2023-11-21,2023-11-22,NIFTY_HEALTHCARE,LALPATHLAB,4,ENTRY_FILTER,2022-11-16,2023-11-21,0,5
2023-11-21,2023-11-22,NIFTY_HEALTHCARE,ALKEM,5,ENTRY_FILTER,2022-11-16,2023-11-21,0,5
2023-11-21,2023-11-22,NIFTY_HEALTHCARE,GRANULES,6,ENTRY_FILTER,2022-11-16,2023-11-21,0,5
2023-11-21,2023-11-22,NIFTY_HEALTHCARE,METROPOLIS,7,ENTRY_FILTER,2022-11-16,2023-11-21,0,5
2023-11-21,2023-11-22,NIFTY_HEALTHCARE,CIPLA,8,ENTRY_FILTER,2022-11-16,2023-11-21,0,5
2023-11-21,2023-11-22,NIFTY_HEALTHCARE,SUNPHARMA,9,ENTRY_FILTER,2022-11-16,2023-11-21,0,5
2023-11-21,2023-11-22,NIFTY_HEALTHCARE,TORNTPHARM,10,ENTRY_FILTER,2022-11-16,2023-11-21,0,5
2023-11-21,2023-11-22,NIFTY_HEALTHCARE,APOLLOHOSP,11,ENTRY_FILTER,2022-11-16,2023-11-21,0,5
2023-11-21,2023-11-22,NIFTY_HEALTHCARE,ZYDUSLIFE,12,ENTRY_FILTER,2022-11-16,2023-11-21,0,5
2023-11-21,2023-11-22,NIFTY_HEALTHCARE,DIVISLAB,13,ENTRY_FILTER,2022-11-16,2023-11-21,0,5
2023-11-21,2023-11-22,NIFTY_HEALTHCARE,GLENMARK,14,ENTRY_FILTER,2022-11-16,2023-11-21,0,5
2023-11-21,2023-11-22,NIFTY_HEALTHCARE,DRREDDY,15,ENTRY_FILTER,2022-11-16,2023-11-21,0,5
2023-11-21,2023-11-22,NIFTY_HEALTHCARE,ABBOTINDIA,16,ENTRY_FILTER,2022-11-16,2023-11-21,0,5
2023-11-21,2023-11-22,NIFTY_HEALTHCARE,MAXHEALTH,17,ENTRY_FILTER,2022-11-16,2023-11-21,0,5
2023-11-21,2023-11-22,NIFTY_HEALTHCARE,LAURUSLABS,18,ENTRY_FILTER,2022-11-16,2023-11-21,0,5
2023-11-21,2023-11-22,NIFTY_HEALTHCARE,SYNGENE,19,ENTRY_FILTER,2022-11-16,2023-11-21,0,5
2023-11-21,2023-11-22,NIFTY_HEALTHCARE,BIOCON,20,ENTRY_FILTER,2022-11-16,2023-11-21,0,5
2023-11-21,2023-11-22,NIFTY_REALTY,OBEROIRLTY,4,ENTRY_FILTER,2022-11-16,2023-11-21,0,5
2023-11-21,2023-11-22,NIFTY_REALTY,DLF,5,ENTRY_FILTER,2022-11-16,2023-11-21,0,5
2023-11-21,2023-11-22,NIFTY_REALTY,GODREJPROP,6,ENTRY_FILTER,2022-11-16,2023-11-21,0,5
2023-11-21,2023-11-22,NIFTY_REALTY,BRIGADE,7,ENTRY_FILTER,2022-11-16,2023-11-21,0,5
2023-11-21,2023-11-22,NIFTY_REALTY,IBREALEST,8,ENTRY_FILTER,2022-11-16,2023-11-21,0,5
2023-12-21,2023-12-22,NIFTY_AUTO,EXIDEIND,4,ENTRY_FILTER,2022-12-15,2023-12-21,0,5
2023-12-21,2023-12-22,NIFTY_AUTO,BHARATFORG,5,ENTRY_FILTER,2022-12-15,2023-12-21,0,5
2023-12-21,2023-12-22,NIFTY_AUTO,MRF,6,ENTRY_FILTER,2022-12-15,2023-12-21,0,5
2023-12-21,2023-12-22,NIFTY_AUTO,BOSCHLTD,7,ENTRY_FILTER,2022-12-15,2023-12-21,0,5
2023-12-21,2023-12-22,NIFTY_AUTO,M&M,8,ENTRY_FILTER,2022-12-15,2023-12-21,0,5
2023-12-21,2023-12-22,NIFTY_AUTO,EICHERMOT,9,ENTRY_FILTER,2022-12-15,2023-12-21,0,5
2023-12-21,2023-12-22,NIFTY_AUTO,APOLLOTYRE,10,ENTRY_FILTER,2022-12-15,2023-12-21,0,5
2023-12-21,2023-12-22,NIFTY_AUTO,MARUTI,11,ENTRY_FILTER,2022-12-15,2023-12-21,0,5
2023-12-21,2023-12-22,NIFTY_AUTO,ASHOKLEY,12,ENTRY_FILTER,2022-12-15,2023-12-21,0,5
2023-12-21,2023-12-22,NIFTY_CONSUMER_DURABLES,VOLTAS,4,ENTRY_FILTER,2022-12-15,2023-12-21,0,5
2023-12-21,2023-12-22,NIFTY_CONSUMER_DURABLES,BLUESTARCO,5,ENTRY_FILTER,2022-12-15,2023-12-21,0,5
2023-12-21,2023-12-22,NIFTY_CONSUMER_DURABLES,RELAXO,6,ENTRY_FILTER,2022-12-15,2023-12-21,0,5
2023-12-21,2023-12-22,NIFTY_CONSUMER_DURABLES,BATAINDIA,7,ENTRY_FILTER,2022-12-15,2023-12-21,0,5
2023-12-21,2023-12-22,NIFTY_CONSUMER_DURABLES,KAJARIACER,8,ENTRY_FILTER,2022-12-15,2023-12-21,0,5
2023-12-21,2023-12-22,NIFTY_CONSUMER_DURABLES,CROMPTON,9,ENTRY_FILTER,2022-12-15,2023-12-21,0,5
2023-12-21,2023-12-22,NIFTY_CONSUMER_DURABLES,HAVELLS,10,ENTRY_FILTER,2022-12-15,2023-12-21,0,5
2023-12-21,2023-12-22,NIFTY_CONSUMER_DURABLES,TTKPRESTIG,11,ENTRY_FILTER,2022-12-15,2023-12-21,0,5
2023-12-21,2023-12-22,NIFTY_CONSUMER_DURABLES,ORIENTELEC,12,ENTRY_FILTER,2022-12-15,2023-12-21,0,5
2023-12-21,2023-12-22,NIFTY_CONSUMER_DURABLES,WHIRLPOOL,13,ENTRY_FILTER,2022-12-15,2023-12-21,0,5
2023-12-21,2023-12-22,NIFTY_CONSUMER_DURABLES,RAJESHEXPO,14,ENTRY_FILTER,2022-12-15,2023-12-21,0,5
2023-12-21,2023-12-22,NIFTY_FMCG,NESTLEIND,4,ENTRY_FILTER,2022-12-15,2023-12-21,0,5
2023-12-21,2023-12-22,NIFTY_FMCG,JUBLFOOD,5,ENTRY_FILTER,2022-12-15,2023-12-21,0,5
2023-12-21,2023-12-22,NIFTY_FMCG,UBL,6,ENTRY_FILTER,2022-12-15,2023-12-21,0,5
2023-12-21,2023-12-22,NIFTY_FMCG,EMAMILTD,7,ENTRY_FILTER,2022-12-15,2023-12-21,0,5
2023-12-21,2023-12-22,NIFTY_FMCG,BRITANNIA,8,ENTRY_FILTER,2022-12-15,2023-12-21,0,5
2023-12-21,2023-12-22,NIFTY_FMCG,GODREJCP,9,ENTRY_FILTER,2022-12-15,2023-12-21,0,5
2023-12-21,2023-12-22,NIFTY_FMCG,ITC,10,ENTRY_FILTER,2022-12-15,2023-12-21,0,5
2023-12-21,2023-12-22,NIFTY_FMCG,HINDUNILVR,11,ENTRY_FILTER,2022-12-15,2023-12-21,0,5
2023-12-21,2023-12-22,NIFTY_FMCG,MARICO,12,ENTRY_FILTER,2022-12-15,2023-12-21,0,5
2023-12-21,2023-12-22,NIFTY_FMCG,DABUR,13,ENTRY_FILTER,2022-12-15,2023-12-21,0,5
2023-12-21,2023-12-22,NIFTY_HEALTHCARE,IPCALAB,4,ENTRY_FILTER,2022-12-15,2023-12-21,0,5
2023-12-21,2023-12-22,NIFTY_HEALTHCARE,TORNTPHARM,5,ENTRY_FILTER,2022-12-15,2023-12-21,0,5
2023-12-21,2023-12-22,NIFTY_HEALTHCARE,SUNPHARMA,6,ENTRY_FILTER,2022-12-15,2023-12-21,0,5
2023-12-21,2023-12-22,NIFTY_HEALTHCARE,GRANULES,7,ENTRY_FILTER,2022-12-15,2023-12-21,0,5
2023-12-21,2023-12-22,NIFTY_HEALTHCARE,GLENMARK,8,ENTRY_FILTER,2022-12-15,2023-12-21,0,5
2023-12-21,2023-12-22,NIFTY_HEALTHCARE,ZYDUSLIFE,9,ENTRY_FILTER,2022-12-15,2023-12-21,0,5
2023-12-21,2023-12-22,NIFTY_HEALTHCARE,LALPATHLAB,10,ENTRY_FILTER,2022-12-15,2023-12-21,0,5
2023-12-21,2023-12-22,NIFTY_HEALTHCARE,METROPOLIS,11,ENTRY_FILTER,2022-12-15,2023-12-21,0,5
2023-12-21,2023-12-22,NIFTY_HEALTHCARE,CIPLA,12,ENTRY_FILTER,2022-12-15,2023-12-21,0,5
2023-12-21,2023-12-22,NIFTY_HEALTHCARE,DRREDDY,13,ENTRY_FILTER,2022-12-15,2023-12-21,0,5
2023-12-21,2023-12-22,NIFTY_HEALTHCARE,APOLLOHOSP,14,ENTRY_FILTER,2022-12-15,2023-12-21,0,5
2023-12-21,2023-12-22,NIFTY_HEALTHCARE,MAXHEALTH,15,ENTRY_FILTER,2022-12-15,2023-12-21,0,5
2023-12-21,2023-12-22,NIFTY_HEALTHCARE,DIVISLAB,16,ENTRY_FILTER,2022-12-15,2023-12-21,0,5
2023-12-21,2023-12-22,NIFTY_HEALTHCARE,LAURUSLABS,17,ENTRY_FILTER,2022-12-15,2023-12-21,0,5
2023-12-21,2023-12-22,NIFTY_HEALTHCARE,ABBOTINDIA,18,ENTRY_FILTER,2022-12-15,2023-12-21,0,5
2023-12-21,2023-12-22,NIFTY_HEALTHCARE,BIOCON,19,ENTRY_FILTER,2022-12-15,2023-12-21,0,5
2023-12-21,2023-12-22,NIFTY_HEALTHCARE,SYNGENE,20,ENTRY_FILTER,2022-12-15,2023-12-21,0,5
2023-12-21,2023-12-22,NIFTY_REALTY,BRIGADE,4,ENTRY_FILTER,2022-12-15,2023-12-21,0,5
2023-12-21,2023-12-22,NIFTY_REALTY,PHOENIXLTD,5,ENTRY_FILTER,2022-12-15,2023-12-21,0,5
2023-12-21,2023-12-22,NIFTY_REALTY,OBEROIRLTY,6,ENTRY_FILTER,2022-12-15,2023-12-21,0,5
2023-12-21,2023-12-22,NIFTY_REALTY,GODREJPROP,7,ENTRY_FILTER,2022-12-15,2023-12-21,0,5
2023-12-21,2023-12-22,NIFTY_REALTY,IBREALEST,8,ENTRY_FILTER,2022-12-15,2023-12-21,0,5
2024-01-23,2024-01-24,NIFTY_AUTO,MRF,4,ENTRY_FILTER,2023-01-13,2024-01-23,0,5
2024-01-23,2024-01-24,NIFTY_AUTO,BHARATFORG,5,ENTRY_FILTER,2023-01-13,2024-01-23,0,5
2024-01-23,2024-01-24,NIFTY_AUTO,EXIDEIND,6,ENTRY_FILTER,2023-01-13,2024-01-23,0,5
2024-01-23,2024-01-24,NIFTY_AUTO,APOLLOTYRE,7,ENTRY_FILTER,2023-01-13,2024-01-23,0,5
2024-01-23,2024-01-24,NIFTY_AUTO,BOSCHLTD,8,ENTRY_FILTER,2023-01-13,2024-01-23,0,5
2024-01-23,2024-01-24,NIFTY_AUTO,MARUTI,9,ENTRY_FILTER,2023-01-13,2024-01-23,0,5
2024-01-23,2024-01-24,NIFTY_AUTO,M&M,10,ENTRY_FILTER,2023-01-13,2024-01-23,0,5
2024-01-23,2024-01-24,NIFTY_AUTO,ASHOKLEY,11,ENTRY_FILTER,2023-01-13,2024-01-23,0,5
2024-01-23,2024-01-24,NIFTY_AUTO,EICHERMOT,12,ENTRY_FILTER,2023-01-13,2024-01-23,0,5
2024-01-23,2024-01-24,NIFTY_CONSUMER_DURABLES,BLUESTARCO,4,ENTRY_FILTER,2023-01-13,2024-01-23,0,5
2024-01-23,2024-01-24,NIFTY_CONSUMER_DURABLES,VOLTAS,5,ENTRY_FILTER,2023-01-13,2024-01-23,0,5
2024-01-23,2024-01-24,NIFTY_CONSUMER_DURABLES,KAJARIACER,6,ENTRY_FILTER,2023-01-13,2024-01-23,0,5
2024-01-23,2024-01-24,NIFTY_CONSUMER_DURABLES,CROMPTON,7,ENTRY_FILTER,2023-01-13,2024-01-23,0,5
2024-01-23,2024-01-24,NIFTY_CONSUMER_DURABLES,TTKPRESTIG,8,ENTRY_FILTER,2023-01-13,2024-01-23,0,5
2024-01-23,2024-01-24,NIFTY_CONSUMER_DURABLES,HAVELLS,9,ENTRY_FILTER,2023-01-13,2024-01-23,0,5
2024-01-23,2024-01-24,NIFTY_CONSUMER_DURABLES,RELAXO,10,ENTRY_FILTER,2023-01-13,2024-01-23,0,5
2024-01-23,2024-01-24,NIFTY_CONSUMER_DURABLES,BATAINDIA,11,ENTRY_FILTER,2023-01-13,2024-01-23,0,5
2024-01-23,2024-01-24,NIFTY_CONSUMER_DURABLES,ORIENTELEC,12,ENTRY_FILTER,2023-01-13,2024-01-23,0,5
2024-01-23,2024-01-24,NIFTY_CONSUMER_DURABLES,WHIRLPOOL,13,ENTRY_FILTER,2023-01-13,2024-01-23,0,5
2024-01-23,2024-01-24,NIFTY_CONSUMER_DURABLES,RAJESHEXPO,14,ENTRY_FILTER,2023-01-13,2024-01-23,0,5
2024-01-23,2024-01-24,NIFTY_FMCG,UBL,4,ENTRY_FILTER,2023-01-13,2024-01-23,0,5
2024-01-23,2024-01-24,NIFTY_FMCG,GODREJCP,5,ENTRY_FILTER,2023-01-13,2024-01-23,0,5
2024-01-23,2024-01-24,NIFTY_FMCG,BRITANNIA,6,ENTRY_FILTER,2023-01-13,2024-01-23,0,5
2024-01-23,2024-01-24,NIFTY_FMCG,NESTLEIND,7,ENTRY_FILTER,2023-01-13,2024-01-23,0,5
2024-01-23,2024-01-24,NIFTY_FMCG,EMAMILTD,8,ENTRY_FILTER,2023-01-13,2024-01-23,0,5
2024-01-23,2024-01-24,NIFTY_FMCG,ITC,9,ENTRY_FILTER,2023-01-13,2024-01-23,0,5
2024-01-23,2024-01-24,NIFTY_FMCG,JUBLFOOD,10,ENTRY_FILTER,2023-01-13,2024-01-23,0,5
2024-01-23,2024-01-24,NIFTY_FMCG,MARICO,11,ENTRY_FILTER,2023-01-13,2024-01-23,0,5
2024-01-23,2024-01-24,NIFTY_FMCG,DABUR,12,ENTRY_FILTER,2023-01-13,2024-01-23,0,5
2024-01-23,2024-01-24,NIFTY_FMCG,HINDUNILVR,13,ENTRY_FILTER,2023-01-13,2024-01-23,0,5
2024-01-23,2024-01-24,NIFTY_HEALTHCARE,ALKEM,4,ENTRY_FILTER,2023-01-13,2024-01-23,0,5
2024-01-23,2024-01-24,NIFTY_HEALTHCARE,SUNPHARMA,5,ENTRY_FILTER,2023-01-13,2024-01-23,0,5
2024-01-23,2024-01-24,NIFTY_HEALTHCARE,CIPLA,6,ENTRY_FILTER,2023-01-13,2024-01-23,0,5
2024-01-23,2024-01-24,NIFTY_HEALTHCARE,MAXHEALTH,7,ENTRY_FILTER,2023-01-13,2024-01-23,0,5
2024-01-23,2024-01-24,NIFTY_HEALTHCARE,ZYDUSLIFE,8,ENTRY_FILTER,2023-01-13,2024-01-23,0,5
2024-01-23,2024-01-24,NIFTY_HEALTHCARE,APOLLOHOSP,9,ENTRY_FILTER,2023-01-13,2024-01-23,0,5
2024-01-23,2024-01-24,NIFTY_HEALTHCARE,IPCALAB,10,ENTRY_FILTER,2023-01-13,2024-01-23,0,5
2024-01-23,2024-01-24,NIFTY_HEALTHCARE,GRANULES,11,ENTRY_FILTER,2023-01-13,2024-01-23,0,5
2024-01-23,2024-01-24,NIFTY_HEALTHCARE,GLENMARK,12,ENTRY_FILTER,2023-01-13,2024-01-23,0,5
2024-01-23,2024-01-24,NIFTY_HEALTHCARE,ABBOTINDIA,13,ENTRY_FILTER,2023-01-13,2024-01-23,0,5
2024-01-23,2024-01-24,NIFTY_HEALTHCARE,DRREDDY,14,ENTRY_FILTER,2023-01-13,2024-01-23,0,5
2024-01-23,2024-01-24,NIFTY_HEALTHCARE,LAURUSLABS,15,ENTRY_FILTER,2023-01-13,2024-01-23,0,5
2024-01-23,2024-01-24,NIFTY_HEALTHCARE,METROPOLIS,16,ENTRY_FILTER,2023-01-13,2024-01-23,0,5
2024-01-23,2024-01-24,NIFTY_HEALTHCARE,BIOCON,17,ENTRY_FILTER,2023-01-13,2024-01-23,0,5
2024-01-23,2024-01-24,NIFTY_HEALTHCARE,DIVISLAB,18,ENTRY_FILTER,2023-01-13,2024-01-23,0,5
2024-01-23,2024-01-24,NIFTY_HEALTHCARE,LALPATHLAB,19,ENTRY_FILTER,2023-01-13,2024-01-23,0,5
2024-01-23,2024-01-24,NIFTY_HEALTHCARE,SYNGENE,20,ENTRY_FILTER,2023-01-13,2024-01-23,0,5
2024-01-23,2024-01-24,NIFTY_REALTY,DLF,4,ENTRY_FILTER,2023-01-13,2024-01-23,0,5
2024-01-23,2024-01-24,NIFTY_REALTY,GODREJPROP,5,ENTRY_FILTER,2023-01-13,2024-01-23,0,5
2024-01-23,2024-01-24,NIFTY_REALTY,PHOENIXLTD,6,ENTRY_FILTER,2023-01-13,2024-01-23,0,5
2024-01-23,2024-01-24,NIFTY_REALTY,OBEROIRLTY,7,ENTRY_FILTER,2023-01-13,2024-01-23,0,5
2024-01-23,2024-01-24,NIFTY_REALTY,IBREALEST,8,ENTRY_FILTER,2023-01-13,2024-01-23,0,5
2024-02-16,2024-02-20,NIFTY_PSU_BANK,CENTRALBK,4,ENTRY_FILTER,2023-02-08,2024-02-16,0,5
2024-02-16,2024-02-20,NIFTY_PSU_BANK,PSB,5,ENTRY_FILTER,2023-02-08,2024-02-16,0,5
2024-02-16,2024-02-20,NIFTY_PSU_BANK,J&KBANK,6,ENTRY_FILTER,2023-02-08,2024-02-16,0,5
2024-02-16,2024-02-20,NIFTY_PSU_BANK,CANBK,7,ENTRY_FILTER,2023-02-08,2024-02-16,0,5
2024-02-16,2024-02-20,NIFTY_PSU_BANK,UNIONBANK,8,ENTRY_FILTER,2023-02-08,2024-02-16,0,5
2024-02-16,2024-02-20,NIFTY_PSU_BANK,MAHABANK,9,ENTRY_FILTER,2023-02-08,2024-02-16,0,5
2024-02-16,2024-02-20,NIFTY_PSU_BANK,BANKINDIA,10,ENTRY_FILTER,2023-02-08,2024-02-16,0,5
2024-02-16,2024-02-20,NIFTY_PSU_BANK,BANKBARODA,11,ENTRY_FILTER,2023-02-08,2024-02-16,0,5
2024-02-16,2024-02-20,NIFTY_PSU_BANK,INDIANB,12,ENTRY_FILTER,2023-02-08,2024-02-16,0,5
2024-02-16,2024-02-20,NIFTY_PSU_BANK,SBIN,13,ENTRY_FILTER,2023-02-08,2024-02-16,0,5
2024-02-21,2024-02-22,NIFTY_AUTO,BOSCHLTD,4,ENTRY_FILTER,2023-02-13,2024-02-21,0,5
2024-02-21,2024-02-22,NIFTY_AUTO,MRF,5,ENTRY_FILTER,2023-02-13,2024-02-21,0,5
2024-02-21,2024-02-22,NIFTY_AUTO,EXIDEIND,6,ENTRY_FILTER,2023-02-13,2024-02-21,0,5
2024-02-21,2024-02-22,NIFTY_AUTO,APOLLOTYRE,7,ENTRY_FILTER,2023-02-13,2024-02-21,0,5
2024-02-21,2024-02-22,NIFTY_AUTO,M&M,8,ENTRY_FILTER,2023-02-13,2024-02-21,0,5
2024-02-21,2024-02-22,NIFTY_AUTO,MARUTI,9,ENTRY_FILTER,2023-02-13,2024-02-21,0,5
2024-02-21,2024-02-22,NIFTY_AUTO,BHARATFORG,10,ENTRY_FILTER,2023-02-13,2024-02-21,0,5
2024-02-21,2024-02-22,NIFTY_AUTO,EICHERMOT,11,ENTRY_FILTER,2023-02-13,2024-02-21,0,5
2024-02-21,2024-02-22,NIFTY_AUTO,ASHOKLEY,12,ENTRY_FILTER,2023-02-13,2024-02-21,0,5
2024-02-21,2024-02-22,NIFTY_CONSUMER_DURABLES,AMBER,4,ENTRY_FILTER,2023-02-13,2024-02-21,0,5
2024-02-21,2024-02-22,NIFTY_CONSUMER_DURABLES,TITAN,5,ENTRY_FILTER,2023-02-13,2024-02-21,0,5
2024-02-21,2024-02-22,NIFTY_CONSUMER_DURABLES,HAVELLS,6,ENTRY_FILTER,2023-02-13,2024-02-21,0,5
2024-02-21,2024-02-22,NIFTY_CONSUMER_DURABLES,CROMPTON,7,ENTRY_FILTER,2023-02-13,2024-02-21,0,5
2024-02-21,2024-02-22,NIFTY_CONSUMER_DURABLES,TTKPRESTIG,8,ENTRY_FILTER,2023-02-13,2024-02-21,0,5
2024-02-21,2024-02-22,NIFTY_CONSUMER_DURABLES,RELAXO,9,ENTRY_FILTER,2023-02-13,2024-02-21,0,5
2024-02-21,2024-02-22,NIFTY_CONSUMER_DURABLES,KAJARIACER,10,ENTRY_FILTER,2023-02-13,2024-02-21,0,5
2024-02-21,2024-02-22,NIFTY_CONSUMER_DURABLES,BATAINDIA,11,ENTRY_FILTER,2023-02-13,2024-02-21,0,5
2024-02-21,2024-02-22,NIFTY_CONSUMER_DURABLES,ORIENTELEC,12,ENTRY_FILTER,2023-02-13,2024-02-21,0,5
2024-02-21,2024-02-22,NIFTY_CONSUMER_DURABLES,WHIRLPOOL,13,ENTRY_FILTER,2023-02-13,2024-02-21,0,5
2024-02-21,2024-02-22,NIFTY_CONSUMER_DURABLES,RAJESHEXPO,14,ENTRY_FILTER,2023-02-13,2024-02-21,0,5
2024-02-21,2024-02-22,NIFTY_HEALTHCARE,GRANULES,4,ENTRY_FILTER,2023-02-13,2024-02-21,0,5
2024-02-21,2024-02-22,NIFTY_HEALTHCARE,ALKEM,5,ENTRY_FILTER,2023-02-13,2024-02-21,0,5
2024-02-21,2024-02-22,NIFTY_HEALTHCARE,MAXHEALTH,6,ENTRY_FILTER,2023-02-13,2024-02-21,0,5
2024-02-21,2024-02-22,NIFTY_HEALTHCARE,APOLLOHOSP,7,ENTRY_FILTER,2023-02-13,2024-02-21,0,5
2024-02-21,2024-02-22,NIFTY_HEALTHCARE,TORNTPHARM,8,ENTRY_FILTER,2023-02-13,2024-02-21,0,5
2024-02-21,2024-02-22,NIFTY_HEALTHCARE,IPCALAB,9,ENTRY_FILTER,2023-02-13,2024-02-21,0,5
2024-02-21,2024-02-22,NIFTY_HEALTHCARE,ABBOTINDIA,10,ENTRY_FILTER,2023-02-13,2024-02-21,0,5
2024-02-21,2024-02-22,NIFTY_HEALTHCARE,CIPLA,11,ENTRY_FILTER,2023-02-13,2024-02-21,0,5
2024-02-21,2024-02-22,NIFTY_HEALTHCARE,AUROPHARMA,12,ENTRY_FILTER,2023-02-13,2024-02-21,0,5
2024-02-21,2024-02-22,NIFTY_HEALTHCARE,DRREDDY,13,ENTRY_FILTER,2023-02-13,2024-02-21,0,5
2024-02-21,2024-02-22,NIFTY_HEALTHCARE,GLENMARK,14,ENTRY_FILTER,2023-02-13,2024-02-21,0,5
2024-02-21,2024-02-22,NIFTY_HEALTHCARE,METROPOLIS,15,ENTRY_FILTER,2023-02-13,2024-02-21,0,5
2024-02-21,2024-02-22,NIFTY_HEALTHCARE,LAURUSLABS,16,ENTRY_FILTER,2023-02-13,2024-02-21,0,5
2024-02-21,2024-02-22,NIFTY_HEALTHCARE,DIVISLAB,17,ENTRY_FILTER,2023-02-13,2024-02-21,0,5
2024-02-21,2024-02-22,NIFTY_HEALTHCARE,BIOCON,18,ENTRY_FILTER,2023-02-13,2024-02-21,0,5
2024-02-21,2024-02-22,NIFTY_HEALTHCARE,LALPATHLAB,19,ENTRY_FILTER,2023-02-13,2024-02-21,0,5
2024-02-21,2024-02-22,NIFTY_HEALTHCARE,SYNGENE,20,ENTRY_FILTER,2023-02-13,2024-02-21,0,5
2024-02-21,2024-02-22,NIFTY_PSU_BANK,UCOBANK,4,ENTRY_FILTER,2023-02-13,2024-02-21,0,5
2024-02-21,2024-02-22,NIFTY_PSU_BANK,PSB,5,ENTRY_FILTER,2023-02-13,2024-02-21,0,5
2024-02-21,2024-02-22,NIFTY_PSU_BANK,CANBK,6,ENTRY_FILTER,2023-02-13,2024-02-21,0,5
2024-02-21,2024-02-22,NIFTY_PSU_BANK,J&KBANK,7,ENTRY_FILTER,2023-02-13,2024-02-21,0,5
2024-02-21,2024-02-22,NIFTY_PSU_BANK,UNIONBANK,8,ENTRY_FILTER,2023-02-13,2024-02-21,0,5
2024-02-21,2024-02-22,NIFTY_PSU_BANK,MAHABANK,9,ENTRY_FILTER,2023-02-13,2024-02-21,0,5
2024-02-21,2024-02-22,NIFTY_PSU_BANK,BANKINDIA,10,ENTRY_FILTER,2023-02-13,2024-02-21,0,5
2024-02-21,2024-02-22,NIFTY_PSU_BANK,BANKBARODA,11,ENTRY_FILTER,2023-02-13,2024-02-21,0,5
2024-02-21,2024-02-22,NIFTY_PSU_BANK,INDIANB,12,ENTRY_FILTER,2023-02-13,2024-02-21,0,5
2024-02-21,2024-02-22,NIFTY_PSU_BANK,SBIN,13,ENTRY_FILTER,2023-02-13,2024-02-21,0,5
2024-02-21,2024-02-22,NIFTY_REALTY,BRIGADE,4,ENTRY_FILTER,2023-02-13,2024-02-21,0,5
2024-02-21,2024-02-22,NIFTY_REALTY,IBREALEST,5,ENTRY_FILTER,2023-02-13,2024-02-21,0,5
2024-02-21,2024-02-22,NIFTY_REALTY,PHOENIXLTD,6,ENTRY_FILTER,2023-02-13,2024-02-21,0,5
2024-02-21,2024-02-22,NIFTY_REALTY,GODREJPROP,7,ENTRY_FILTER,2023-02-13,2024-02-21,0,5
2024-02-21,2024-02-22,NIFTY_REALTY,OBEROIRLTY,8,ENTRY_FILTER,2023-02-13,2024-02-21,0,5
2024-03-21,2024-03-22,NIFTY_AUTO,TVSMOTOR,4,ENTRY_FILTER,2023-03-14,2024-03-21,0,5
2024-03-21,2024-03-22,NIFTY_AUTO,MARUTI,5,ENTRY_FILTER,2023-03-14,2024-03-21,0,5
2024-03-21,2024-03-22,NIFTY_AUTO,MRF,6,ENTRY_FILTER,2023-03-14,2024-03-21,0,5
2024-03-21,2024-03-22,NIFTY_AUTO,M&M,7,ENTRY_FILTER,2023-03-14,2024-03-21,0,5
2024-03-21,2024-03-22,NIFTY_AUTO,EXIDEIND,8,ENTRY_FILTER,2023-03-14,2024-03-21,0,5
2024-03-21,2024-03-22,NIFTY_AUTO,EICHERMOT,9,ENTRY_FILTER,2023-03-14,2024-03-21,0,5
2024-03-21,2024-03-22,NIFTY_AUTO,APOLLOTYRE,10,ENTRY_FILTER,2023-03-14,2024-03-21,0,5
2024-03-21,2024-03-22,NIFTY_AUTO,ASHOKLEY,11,ENTRY_FILTER,2023-03-14,2024-03-21,0,5
2024-03-21,2024-03-22,NIFTY_AUTO,BHARATFORG,12,ENTRY_FILTER,2023-03-14,2024-03-21,0,5
2024-03-21,2024-03-22,NIFTY_CONSUMER_DURABLES,TITAN,4,ENTRY_FILTER,2023-03-14,2024-03-21,0,5
2024-03-21,2024-03-22,NIFTY_CONSUMER_DURABLES,AMBER,5,ENTRY_FILTER,2023-03-14,2024-03-21,0,5
2024-03-21,2024-03-22,NIFTY_CONSUMER_DURABLES,HAVELLS,6,ENTRY_FILTER,2023-03-14,2024-03-21,0,5
2024-03-21,2024-03-22,NIFTY_CONSUMER_DURABLES,TTKPRESTIG,7,ENTRY_FILTER,2023-03-14,2024-03-21,0,5
2024-03-21,2024-03-22,NIFTY_CONSUMER_DURABLES,CROMPTON,8,ENTRY_FILTER,2023-03-14,2024-03-21,0,5
2024-03-21,2024-03-22,NIFTY_CONSUMER_DURABLES,RELAXO,9,ENTRY_FILTER,2023-03-14,2024-03-21,0,5
2024-03-21,2024-03-22,NIFTY_CONSUMER_DURABLES,WHIRLPOOL,10,ENTRY_FILTER,2023-03-14,2024-03-21,0,5
2024-03-21,2024-03-22,NIFTY_CONSUMER_DURABLES,BATAINDIA,11,ENTRY_FILTER,2023-03-14,2024-03-21,0,5
2024-03-21,2024-03-22,NIFTY_CONSUMER_DURABLES,KAJARIACER,12,ENTRY_FILTER,2023-03-14,2024-03-21,0,5
2024-03-21,2024-03-22,NIFTY_CONSUMER_DURABLES,ORIENTELEC,13,ENTRY_FILTER,2023-03-14,2024-03-21,0,5
2024-03-21,2024-03-22,NIFTY_CONSUMER_DURABLES,RAJESHEXPO,14,ENTRY_FILTER,2023-03-14,2024-03-21,0,5
2024-03-21,2024-03-22,NIFTY_HEALTHCARE,TORNTPHARM,4,ENTRY_FILTER,2023-03-14,2024-03-21,0,5
2024-03-21,2024-03-22,NIFTY_HEALTHCARE,IPCALAB,5,ENTRY_FILTER,2023-03-14,2024-03-21,0,5
2024-03-21,2024-03-22,NIFTY_HEALTHCARE,CIPLA,6,ENTRY_FILTER,2023-03-14,2024-03-21,0,5
2024-03-21,2024-03-22,NIFTY_HEALTHCARE,GRANULES,7,ENTRY_FILTER,2023-03-14,2024-03-21,0,5
2024-03-21,2024-03-22,NIFTY_HEALTHCARE,ALKEM,8,ENTRY_FILTER,2023-03-14,2024-03-21,0,5
2024-03-21,2024-03-22,NIFTY_HEALTHCARE,ABBOTINDIA,9,ENTRY_FILTER,2023-03-14,2024-03-21,0,5
2024-03-21,2024-03-22,NIFTY_HEALTHCARE,APOLLOHOSP,10,ENTRY_FILTER,2023-03-14,2024-03-21,0,5
2024-03-21,2024-03-22,NIFTY_HEALTHCARE,GLENMARK,11,ENTRY_FILTER,2023-03-14,2024-03-21,0,5
2024-03-21,2024-03-22,NIFTY_HEALTHCARE,DRREDDY,12,ENTRY_FILTER,2023-03-14,2024-03-21,0,5
2024-03-21,2024-03-22,NIFTY_HEALTHCARE,AUROPHARMA,13,ENTRY_FILTER,2023-03-14,2024-03-21,0,5
2024-03-21,2024-03-22,NIFTY_HEALTHCARE,MAXHEALTH,14,ENTRY_FILTER,2023-03-14,2024-03-21,0,5
2024-03-21,2024-03-22,NIFTY_HEALTHCARE,METROPOLIS,15,ENTRY_FILTER,2023-03-14,2024-03-21,0,5
2024-03-21,2024-03-22,NIFTY_HEALTHCARE,LAURUSLABS,16,ENTRY_FILTER,2023-03-14,2024-03-21,0,5
2024-03-21,2024-03-22,NIFTY_HEALTHCARE,DIVISLAB,17,ENTRY_FILTER,2023-03-14,2024-03-21,0,5
2024-03-21,2024-03-22,NIFTY_HEALTHCARE,LALPATHLAB,18,ENTRY_FILTER,2023-03-14,2024-03-21,0,5
2024-03-21,2024-03-22,NIFTY_HEALTHCARE,SYNGENE,19,ENTRY_FILTER,2023-03-14,2024-03-21,0,5
2024-03-21,2024-03-22,NIFTY_HEALTHCARE,BIOCON,20,ENTRY_FILTER,2023-03-14,2024-03-21,0,5
2024-03-21,2024-03-22,NIFTY_PSU_BANK,CANBK,4,ENTRY_FILTER,2023-03-14,2024-03-21,0,5
2024-03-21,2024-03-22,NIFTY_PSU_BANK,MAHABANK,5,ENTRY_FILTER,2023-03-14,2024-03-21,0,5
2024-03-21,2024-03-22,NIFTY_PSU_BANK,UCOBANK,6,ENTRY_FILTER,2023-03-14,2024-03-21,0,5
2024-03-21,2024-03-22,NIFTY_PSU_BANK,BANKINDIA,7,ENTRY_FILTER,2023-03-14,2024-03-21,0,5
2024-03-21,2024-03-22,NIFTY_PSU_BANK,PSB,8,ENTRY_FILTER,2023-03-14,2024-03-21,0,5
2024-03-21,2024-03-22,NIFTY_PSU_BANK,CENTRALBK,9,ENTRY_FILTER,2023-03-14,2024-03-21,0,5
2024-03-21,2024-03-22,NIFTY_PSU_BANK,J&KBANK,10,ENTRY_FILTER,2023-03-14,2024-03-21,0,5
2024-03-21,2024-03-22,NIFTY_PSU_BANK,INDIANB,11,ENTRY_FILTER,2023-03-14,2024-03-21,0,5
2024-03-21,2024-03-22,NIFTY_PSU_BANK,SBIN,12,ENTRY_FILTER,2023-03-14,2024-03-21,0,5
2024-03-21,2024-03-22,NIFTY_PSU_BANK,BANKBARODA,13,ENTRY_FILTER,2023-03-14,2024-03-21,0,5
2024-03-21,2024-03-22,NIFTY_REALTY,BRIGADE,4,ENTRY_FILTER,2023-03-14,2024-03-21,0,5
2024-03-21,2024-03-22,NIFTY_REALTY,PHOENIXLTD,5,ENTRY_FILTER,2023-03-14,2024-03-21,0,5
2024-03-21,2024-03-22,NIFTY_REALTY,GODREJPROP,6,ENTRY_FILTER,2023-03-14,2024-03-21,0,5
2024-03-21,2024-03-22,NIFTY_REALTY,IBREALEST,7,ENTRY_FILTER,2023-03-14,2024-03-21,0,5
2024-03-21,2024-03-22,NIFTY_REALTY,OBEROIRLTY,8,ENTRY_FILTER,2023-03-14,2024-03-21,0,5
2024-04-22,2024-04-23,NIFTY_AUTO,M&M,4,ENTRY_FILTER,2023-04-12,2024-04-22,0,5
2024-04-22,2024-04-23,NIFTY_AUTO,HEROMOTOCO,5,ENTRY_FILTER,2023-04-12,2024-04-22,0,5
2024-04-22,2024-04-23,NIFTY_AUTO,MARUTI,6,ENTRY_FILTER,2023-04-12,2024-04-22,0,5
2024-04-22,2024-04-23,NIFTY_AUTO,EICHERMOT,7,ENTRY_FILTER,2023-04-12,2024-04-22,0,5
2024-04-22,2024-04-23,NIFTY_AUTO,TVSMOTOR,8,ENTRY_FILTER,2023-04-12,2024-04-22,0,5
2024-04-22,2024-04-23,NIFTY_AUTO,MRF,9,ENTRY_FILTER,2023-04-12,2024-04-22,0,5
2024-04-22,2024-04-23,NIFTY_AUTO,APOLLOTYRE,10,ENTRY_FILTER,2023-04-12,2024-04-22,0,5
2024-04-22,2024-04-23,NIFTY_AUTO,BHARATFORG,11,ENTRY_FILTER,2023-04-12,2024-04-22,0,5
2024-04-22,2024-04-23,NIFTY_AUTO,ASHOKLEY,12,ENTRY_FILTER,2023-04-12,2024-04-22,0,5
2024-04-22,2024-04-23,NIFTY_CONSUMER_DURABLES,HAVELLS,4,ENTRY_FILTER,2023-04-12,2024-04-22,0,5
2024-04-22,2024-04-23,NIFTY_CONSUMER_DURABLES,AMBER,5,ENTRY_FILTER,2023-04-12,2024-04-22,0,5
2024-04-22,2024-04-23,NIFTY_CONSUMER_DURABLES,TITAN,6,ENTRY_FILTER,2023-04-12,2024-04-22,0,5
2024-04-22,2024-04-23,NIFTY_CONSUMER_DURABLES,WHIRLPOOL,7,ENTRY_FILTER,2023-04-12,2024-04-22,0,5
2024-04-22,2024-04-23,NIFTY_CONSUMER_DURABLES,CROMPTON,8,ENTRY_FILTER,2023-04-12,2024-04-22,0,5
2024-04-22,2024-04-23,NIFTY_CONSUMER_DURABLES,TTKPRESTIG,9,ENTRY_FILTER,2023-04-12,2024-04-22,0,5
2024-04-22,2024-04-23,NIFTY_CONSUMER_DURABLES,KAJARIACER,10,ENTRY_FILTER,2023-04-12,2024-04-22,0,5
2024-04-22,2024-04-23,NIFTY_CONSUMER_DURABLES,BATAINDIA,11,ENTRY_FILTER,2023-04-12,2024-04-22,0,5
2024-04-22,2024-04-23,NIFTY_CONSUMER_DURABLES,RELAXO,12,ENTRY_FILTER,2023-04-12,2024-04-22,0,5
2024-04-22,2024-04-23,NIFTY_CONSUMER_DURABLES,ORIENTELEC,13,ENTRY_FILTER,2023-04-12,2024-04-22,0,5
2024-04-22,2024-04-23,NIFTY_CONSUMER_DURABLES,RAJESHEXPO,14,ENTRY_FILTER,2023-04-12,2024-04-22,0,5
2024-04-22,2024-04-23,NIFTY_HEALTHCARE,SUNPHARMA,4,ENTRY_FILTER,2023-04-12,2024-04-22,0,5
2024-04-22,2024-04-23,NIFTY_HEALTHCARE,GLENMARK,5,ENTRY_FILTER,2023-04-12,2024-04-22,0,5
2024-04-22,2024-04-23,NIFTY_HEALTHCARE,TORNTPHARM,6,ENTRY_FILTER,2023-04-12,2024-04-22,0,5
2024-04-22,2024-04-23,NIFTY_HEALTHCARE,ALKEM,7,ENTRY_FILTER,2023-04-12,2024-04-22,0,5
2024-04-22,2024-04-23,NIFTY_HEALTHCARE,CIPLA,8,ENTRY_FILTER,2023-04-12,2024-04-22,0,5
2024-04-22,2024-04-23,NIFTY_HEALTHCARE,APOLLOHOSP,9,ENTRY_FILTER,2023-04-12,2024-04-22,0,5
2024-04-22,2024-04-23,NIFTY_HEALTHCARE,METROPOLIS,10,ENTRY_FILTER,2023-04-12,2024-04-22,0,5
2024-04-22,2024-04-23,NIFTY_HEALTHCARE,GRANULES,11,ENTRY_FILTER,2023-04-12,2024-04-22,0,5
2024-04-22,2024-04-23,NIFTY_HEALTHCARE,AUROPHARMA,12,ENTRY_FILTER,2023-04-12,2024-04-22,0,5
2024-04-22,2024-04-23,NIFTY_HEALTHCARE,DRREDDY,13,ENTRY_FILTER,2023-04-12,2024-04-22,0,5
2024-04-22,2024-04-23,NIFTY_HEALTHCARE,ABBOTINDIA,14,ENTRY_FILTER,2023-04-12,2024-04-22,0,5
2024-04-22,2024-04-23,NIFTY_HEALTHCARE,MAXHEALTH,15,ENTRY_FILTER,2023-04-12,2024-04-22,0,5
2024-04-22,2024-04-23,NIFTY_HEALTHCARE,LAURUSLABS,16,ENTRY_FILTER,2023-04-12,2024-04-22,0,5
2024-04-22,2024-04-23,NIFTY_HEALTHCARE,DIVISLAB,17,ENTRY_FILTER,2023-04-12,2024-04-22,0,5
2024-04-22,2024-04-23,NIFTY_HEALTHCARE,BIOCON,18,ENTRY_FILTER,2023-04-12,2024-04-22,0,5
2024-04-22,2024-04-23,NIFTY_HEALTHCARE,SYNGENE,19,ENTRY_FILTER,2023-04-12,2024-04-22,0,5
2024-04-22,2024-04-23,NIFTY_HEALTHCARE,LALPATHLAB,20,ENTRY_FILTER,2023-04-12,2024-04-22,0,5
2024-04-22,2024-04-23,NIFTY_PSU_BANK,MAHABANK,4,ENTRY_FILTER,2023-04-12,2024-04-22,0,5
2024-04-22,2024-04-23,NIFTY_PSU_BANK,UNIONBANK,5,ENTRY_FILTER,2023-04-12,2024-04-22,0,5
2024-04-22,2024-04-23,NIFTY_PSU_BANK,CENTRALBK,6,ENTRY_FILTER,2023-04-12,2024-04-22,0,5
2024-04-22,2024-04-23,NIFTY_PSU_BANK,UCOBANK,7,ENTRY_FILTER,2023-04-12,2024-04-22,0,5
2024-04-22,2024-04-23,NIFTY_PSU_BANK,PSB,8,ENTRY_FILTER,2023-04-12,2024-04-22,0,5
2024-04-22,2024-04-23,NIFTY_PSU_BANK,BANKINDIA,9,ENTRY_FILTER,2023-04-12,2024-04-22,0,5
2024-04-22,2024-04-23,NIFTY_PSU_BANK,SBIN,10,ENTRY_FILTER,2023-04-12,2024-04-22,0,5
2024-04-22,2024-04-23,NIFTY_PSU_BANK,INDIANB,11,ENTRY_FILTER,2023-04-12,2024-04-22,0,5
2024-04-22,2024-04-23,NIFTY_PSU_BANK,BANKBARODA,12,ENTRY_FILTER,2023-04-12,2024-04-22,0,5
2024-04-22,2024-04-23,NIFTY_PSU_BANK,J&KBANK,13,ENTRY_FILTER,2023-04-12,2024-04-22,0,5
2024-04-22,2024-04-23,NIFTY_REALTY,DLF,4,ENTRY_FILTER,2023-04-12,2024-04-22,0,5
2024-04-22,2024-04-23,NIFTY_REALTY,PRESTIGE,5,ENTRY_FILTER,2023-04-12,2024-04-22,0,5
2024-04-22,2024-04-23,NIFTY_REALTY,BRIGADE,6,ENTRY_FILTER,2023-04-12,2024-04-22,0,5
2024-04-22,2024-04-23,NIFTY_REALTY,GODREJPROP,7,ENTRY_FILTER,2023-04-12,2024-04-22,0,5
2024-04-22,2024-04-23,NIFTY_REALTY,OBEROIRLTY,8,ENTRY_FILTER,2023-04-12,2024-04-22,0,5
2024-05-21,2024-05-22,NIFTY_AUTO,BOSCHLTD,4,ENTRY_FILTER,2023-05-11,2024-05-21,0,5
2024-05-21,2024-05-22,NIFTY_AUTO,HEROMOTOCO,5,ENTRY_FILTER,2023-05-11,2024-05-21,0,5
2024-05-21,2024-05-22,NIFTY_AUTO,BHARATFORG,6,ENTRY_FILTER,2023-05-11,2024-05-21,0,5
2024-05-21,2024-05-22,NIFTY_AUTO,TVSMOTOR,7,ENTRY_FILTER,2023-05-11,2024-05-21,0,5
2024-05-21,2024-05-22,NIFTY_AUTO,EICHERMOT,8,ENTRY_FILTER,2023-05-11,2024-05-21,0,5
2024-05-21,2024-05-22,NIFTY_AUTO,ASHOKLEY,9,ENTRY_FILTER,2023-05-11,2024-05-21,0,5
2024-05-21,2024-05-22,NIFTY_AUTO,MARUTI,10,ENTRY_FILTER,2023-05-11,2024-05-21,0,5
2024-05-21,2024-05-22,NIFTY_AUTO,MRF,11,ENTRY_FILTER,2023-05-11,2024-05-21,0,5
2024-05-21,2024-05-22,NIFTY_AUTO,APOLLOTYRE,12,ENTRY_FILTER,2023-05-11,2024-05-21,0,5
2024-05-21,2024-05-22,NIFTY_CONSUMER_DURABLES,VOLTAS,4,ENTRY_FILTER,2023-05-11,2024-05-21,0,5
2024-05-21,2024-05-22,NIFTY_CONSUMER_DURABLES,KALYANKJIL,5,ENTRY_FILTER,2023-05-11,2024-05-21,0,5
2024-05-21,2024-05-22,NIFTY_CONSUMER_DURABLES,CROMPTON,6,ENTRY_FILTER,2023-05-11,2024-05-21,0,5
2024-05-21,2024-05-22,NIFTY_CONSUMER_DURABLES,AMBER,7,ENTRY_FILTER,2023-05-11,2024-05-21,0,5
2024-05-21,2024-05-22,NIFTY_CONSUMER_DURABLES,WHIRLPOOL,8,ENTRY_FILTER,2023-05-11,2024-05-21,0,5
2024-05-21,2024-05-22,NIFTY_CONSUMER_DURABLES,TITAN,9,ENTRY_FILTER,2023-05-11,2024-05-21,0,5
2024-05-21,2024-05-22,NIFTY_CONSUMER_DURABLES,KAJARIACER,10,ENTRY_FILTER,2023-05-11,2024-05-21,0,5
2024-05-21,2024-05-22,NIFTY_CONSUMER_DURABLES,BATAINDIA,11,ENTRY_FILTER,2023-05-11,2024-05-21,0,5
2024-05-21,2024-05-22,NIFTY_CONSUMER_DURABLES,CERA,12,ENTRY_FILTER,2023-05-11,2024-05-21,0,5
2024-05-21,2024-05-22,NIFTY_CONSUMER_DURABLES,RAJESHEXPO,13,ENTRY_FILTER,2023-05-11,2024-05-21,0,5
2024-05-21,2024-05-22,NIFTY_HEALTHCARE,GLENMARK,4,ENTRY_FILTER,2023-05-11,2024-05-21,0,5
2024-05-21,2024-05-22,NIFTY_HEALTHCARE,IPCALAB,5,ENTRY_FILTER,2023-05-11,2024-05-21,0,5
2024-05-21,2024-05-22,NIFTY_HEALTHCARE,SUNPHARMA,6,ENTRY_FILTER,2023-05-11,2024-05-21,0,5
2024-05-21,2024-05-22,NIFTY_HEALTHCARE,TORNTPHARM,7,ENTRY_FILTER,2023-05-11,2024-05-21,0,5
2024-05-21,2024-05-22,NIFTY_HEALTHCARE,METROPOLIS,8,ENTRY_FILTER,2023-05-11,2024-05-21,0,5
2024-05-21,2024-05-22,NIFTY_HEALTHCARE,ALKEM,9,ENTRY_FILTER,2023-05-11,2024-05-21,0,5
2024-05-21,2024-05-22,NIFTY_HEALTHCARE,MAXHEALTH,10,ENTRY_FILTER,2023-05-11,2024-05-21,0,5
2024-05-21,2024-05-22,NIFTY_HEALTHCARE,LAURUSLABS,11,ENTRY_FILTER,2023-05-11,2024-05-21,0,5
2024-05-21,2024-05-22,NIFTY_HEALTHCARE,BIOCON,12,ENTRY_FILTER,2023-05-11,2024-05-21,0,5
2024-05-21,2024-05-22,NIFTY_HEALTHCARE,DIVISLAB,13,ENTRY_FILTER,2023-05-11,2024-05-21,0,5
2024-05-21,2024-05-22,NIFTY_HEALTHCARE,CIPLA,14,ENTRY_FILTER,2023-05-11,2024-05-21,0,5
2024-05-21,2024-05-22,NIFTY_HEALTHCARE,GRANULES,15,ENTRY_FILTER,2023-05-11,2024-05-21,0,5
2024-05-21,2024-05-22,NIFTY_HEALTHCARE,ABBOTINDIA,16,ENTRY_FILTER,2023-05-11,2024-05-21,0,5
2024-05-21,2024-05-22,NIFTY_HEALTHCARE,APOLLOHOSP,17,ENTRY_FILTER,2023-05-11,2024-05-21,0,5
2024-05-21,2024-05-22,NIFTY_HEALTHCARE,DRREDDY,18,ENTRY_FILTER,2023-05-11,2024-05-21,0,5
2024-05-21,2024-05-22,NIFTY_HEALTHCARE,LALPATHLAB,19,ENTRY_FILTER,2023-05-11,2024-05-21,0,5
2024-05-21,2024-05-22,NIFTY_HEALTHCARE,SYNGENE,20,ENTRY_FILTER,2023-05-11,2024-05-21,0,5
2024-05-21,2024-05-22,NIFTY_PSU_BANK,SBIN,4,ENTRY_FILTER,2023-05-11,2024-05-21,0,5
2024-05-21,2024-05-22,NIFTY_PSU_BANK,CANBK,5,ENTRY_FILTER,2023-05-11,2024-05-21,0,5
2024-05-21,2024-05-22,NIFTY_PSU_BANK,CENTRALBK,6,ENTRY_FILTER,2023-05-11,2024-05-21,0,5
2024-05-21,2024-05-22,NIFTY_PSU_BANK,UCOBANK,7,ENTRY_FILTER,2023-05-11,2024-05-21,0,5
2024-05-21,2024-05-22,NIFTY_PSU_BANK,PSB,8,ENTRY_FILTER,2023-05-11,2024-05-21,0,5
2024-05-21,2024-05-22,NIFTY_PSU_BANK,INDIANB,9,ENTRY_FILTER,2023-05-11,2024-05-21,0,5
2024-05-21,2024-05-22,NIFTY_PSU_BANK,UNIONBANK,10,ENTRY_FILTER,2023-05-11,2024-05-21,0,5
2024-05-21,2024-05-22,NIFTY_PSU_BANK,BANKBARODA,11,ENTRY_FILTER,2023-05-11,2024-05-21,0,5
2024-05-21,2024-05-22,NIFTY_PSU_BANK,J&KBANK,12,ENTRY_FILTER,2023-05-11,2024-05-21,0,5
2024-05-21,2024-05-22,NIFTY_PSU_BANK,BANKINDIA,13,ENTRY_FILTER,2023-05-11,2024-05-21,0,5
2024-05-21,2024-05-22,NIFTY_REALTY,PHOENIXLTD,4,ENTRY_FILTER,2023-05-11,2024-05-21,0,5
2024-05-21,2024-05-22,NIFTY_REALTY,GODREJPROP,5,ENTRY_FILTER,2023-05-11,2024-05-21,0,5
2024-05-21,2024-05-22,NIFTY_REALTY,OBEROIRLTY,6,ENTRY_FILTER,2023-05-11,2024-05-21,0,5
2024-05-21,2024-05-22,NIFTY_REALTY,DLF,7,ENTRY_FILTER,2023-05-11,2024-05-21,0,5
2024-05-21,2024-05-22,NIFTY_REALTY,IBREALEST,8,ENTRY_FILTER,2023-05-11,2024-05-21,0,5
2024-06-21,2024-06-24,NIFTY_AUTO,HEROMOTOCO,4,ENTRY_FILTER,2023-06-12,2024-06-21,0,5
2024-06-21,2024-06-24,NIFTY_AUTO,BOSCHLTD,5,ENTRY_FILTER,2023-06-12,2024-06-21,0,5
2024-06-21,2024-06-24,NIFTY_AUTO,BHARATFORG,6,ENTRY_FILTER,2023-06-12,2024-06-21,0,5
2024-06-21,2024-06-24,NIFTY_AUTO,TVSMOTOR,7,ENTRY_FILTER,2023-06-12,2024-06-21,0,5
2024-06-21,2024-06-24,NIFTY_AUTO,EICHERMOT,8,ENTRY_FILTER,2023-06-12,2024-06-21,0,5
2024-06-21,2024-06-24,NIFTY_AUTO,ASHOKLEY,9,ENTRY_FILTER,2023-06-12,2024-06-21,0,5
2024-06-21,2024-06-24,NIFTY_AUTO,APOLLOTYRE,10,ENTRY_FILTER,2023-06-12,2024-06-21,0,5
2024-06-21,2024-06-24,NIFTY_AUTO,MARUTI,11,ENTRY_FILTER,2023-06-12,2024-06-21,0,5
2024-06-21,2024-06-24,NIFTY_AUTO,MRF,12,ENTRY_FILTER,2023-06-12,2024-06-21,0,5
2024-06-21,2024-06-24,NIFTY_CONSUMER_DURABLES,KALYANKJIL,4,ENTRY_FILTER,2023-06-12,2024-06-21,0,5
2024-06-21,2024-06-24,NIFTY_CONSUMER_DURABLES,HAVELLS,5,ENTRY_FILTER,2023-06-12,2024-06-21,0,5
2024-06-21,2024-06-24,NIFTY_CONSUMER_DURABLES,CROMPTON,6,ENTRY_FILTER,2023-06-12,2024-06-21,0,5
2024-06-21,2024-06-24,NIFTY_CONSUMER_DURABLES,WHIRLPOOL,7,ENTRY_FILTER,2023-06-12,2024-06-21,0,5
2024-06-21,2024-06-24,NIFTY_CONSUMER_DURABLES,AMBER,8,ENTRY_FILTER,2023-06-12,2024-06-21,0,5
2024-06-21,2024-06-24,NIFTY_CONSUMER_DURABLES,CERA,9,ENTRY_FILTER,2023-06-12,2024-06-21,0,5
2024-06-21,2024-06-24,NIFTY_CONSUMER_DURABLES,BATAINDIA,10,ENTRY_FILTER,2023-06-12,2024-06-21,0,5
2024-06-21,2024-06-24,NIFTY_CONSUMER_DURABLES,KAJARIACER,11,ENTRY_FILTER,2023-06-12,2024-06-21,0,5
2024-06-21,2024-06-24,NIFTY_CONSUMER_DURABLES,TITAN,12,ENTRY_FILTER,2023-06-12,2024-06-21,0,5
2024-06-21,2024-06-24,NIFTY_CONSUMER_DURABLES,RAJESHEXPO,13,ENTRY_FILTER,2023-06-12,2024-06-21,0,5
2024-06-21,2024-06-24,NIFTY_HEALTHCARE,BIOCON,4,ENTRY_FILTER,2023-06-12,2024-06-21,0,5
2024-06-21,2024-06-24,NIFTY_HEALTHCARE,DIVISLAB,5,ENTRY_FILTER,2023-06-12,2024-06-21,0,5
2024-06-21,2024-06-24,NIFTY_HEALTHCARE,AUROPHARMA,6,ENTRY_FILTER,2023-06-12,2024-06-21,0,5
2024-06-21,2024-06-24,NIFTY_HEALTHCARE,MAXHEALTH,7,ENTRY_FILTER,2023-06-12,2024-06-21,0,5
2024-06-21,2024-06-24,NIFTY_HEALTHCARE,GRANULES,8,ENTRY_FILTER,2023-06-12,2024-06-21,0,5
2024-06-21,2024-06-24,NIFTY_HEALTHCARE,METROPOLIS,9,ENTRY_FILTER,2023-06-12,2024-06-21,0,5
2024-06-21,2024-06-24,NIFTY_HEALTHCARE,LALPATHLAB,10,ENTRY_FILTER,2023-06-12,2024-06-21,0,5
2024-06-21,2024-06-24,NIFTY_HEALTHCARE,CIPLA,11,ENTRY_FILTER,2023-06-12,2024-06-21,0,5
2024-06-21,2024-06-24,NIFTY_HEALTHCARE,LUPIN,12,ENTRY_FILTER,2023-06-12,2024-06-21,0,5
2024-06-21,2024-06-24,NIFTY_HEALTHCARE,SUNPHARMA,13,ENTRY_FILTER,2023-06-12,2024-06-21,0,5
2024-06-21,2024-06-24,NIFTY_HEALTHCARE,APOLLOHOSP,14,ENTRY_FILTER,2023-06-12,2024-06-21,0,5
2024-06-21,2024-06-24,NIFTY_HEALTHCARE,ALKEM,15,ENTRY_FILTER,2023-06-12,2024-06-21,0,5
2024-06-21,2024-06-24,NIFTY_HEALTHCARE,ABBOTINDIA,16,ENTRY_FILTER,2023-06-12,2024-06-21,0,5
2024-06-21,2024-06-24,NIFTY_HEALTHCARE,DRREDDY,17,ENTRY_FILTER,2023-06-12,2024-06-21,0,5
2024-06-21,2024-06-24,NIFTY_HEALTHCARE,IPCALAB,18,ENTRY_FILTER,2023-06-12,2024-06-21,0,5
2024-06-21,2024-06-24,NIFTY_HEALTHCARE,LAURUSLABS,19,ENTRY_FILTER,2023-06-12,2024-06-21,0,5
2024-06-21,2024-06-24,NIFTY_HEALTHCARE,SYNGENE,20,ENTRY_FILTER,2023-06-12,2024-06-21,0,5
2024-06-21,2024-06-24,NIFTY_PSU_BANK,MAHABANK,4,ENTRY_FILTER,2023-06-12,2024-06-21,0,5
2024-06-21,2024-06-24,NIFTY_PSU_BANK,SBIN,5,ENTRY_FILTER,2023-06-12,2024-06-21,0,5
2024-06-21,2024-06-24,NIFTY_PSU_BANK,UCOBANK,6,ENTRY_FILTER,2023-06-12,2024-06-21,0,5
2024-06-21,2024-06-24,NIFTY_PSU_BANK,INDIANB,7,ENTRY_FILTER,2023-06-12,2024-06-21,0,5
2024-06-21,2024-06-24,NIFTY_PSU_BANK,CENTRALBK,8,ENTRY_FILTER,2023-06-12,2024-06-21,0,5
2024-06-21,2024-06-24,NIFTY_PSU_BANK,PSB,9,ENTRY_FILTER,2023-06-12,2024-06-21,0,5
2024-06-21,2024-06-24,NIFTY_PSU_BANK,BANKBARODA,10,ENTRY_FILTER,2023-06-12,2024-06-21,0,5
2024-06-21,2024-06-24,NIFTY_PSU_BANK,UNIONBANK,11,ENTRY_FILTER,2023-06-12,2024-06-21,0,5
2024-06-21,2024-06-24,NIFTY_PSU_BANK,BANKINDIA,12,ENTRY_FILTER,2023-06-12,2024-06-21,0,5
2024-06-21,2024-06-24,NIFTY_PSU_BANK,J&KBANK,13,ENTRY_FILTER,2023-06-12,2024-06-21,0,5
2024-06-21,2024-06-24,NIFTY_REALTY,PHOENIXLTD,4,ENTRY_FILTER,2023-06-12,2024-06-21,0,5
2024-06-21,2024-06-24,NIFTY_REALTY,IBREALEST,5,ENTRY_FILTER,2023-06-12,2024-06-21,0,5
2024-06-21,2024-06-24,NIFTY_REALTY,GODREJPROP,6,ENTRY_FILTER,2023-06-12,2024-06-21,0,5
2024-06-21,2024-06-24,NIFTY_REALTY,OBEROIRLTY,7,ENTRY_FILTER,2023-06-12,2024-06-21,0,5
2024-06-21,2024-06-24,NIFTY_REALTY,DLF,8,ENTRY_FILTER,2023-06-12,2024-06-21,0,5
2024-07-22,2024-07-23,NIFTY_AUTO,BOSCHLTD,4,ENTRY_FILTER,2023-07-11,2024-07-22,0,5
2024-07-22,2024-07-23,NIFTY_AUTO,BAJAJ-AUTO,5,ENTRY_FILTER,2023-07-11,2024-07-22,0,5
2024-07-22,2024-07-23,NIFTY_AUTO,TVSMOTOR,6,ENTRY_FILTER,2023-07-11,2024-07-22,0,5
2024-07-22,2024-07-23,NIFTY_AUTO,BHARATFORG,7,ENTRY_FILTER,2023-07-11,2024-07-22,0,5
2024-07-22,2024-07-23,NIFTY_AUTO,ASHOKLEY,8,ENTRY_FILTER,2023-07-11,2024-07-22,0,5
2024-07-22,2024-07-23,NIFTY_AUTO,EICHERMOT,9,ENTRY_FILTER,2023-07-11,2024-07-22,0,5
2024-07-22,2024-07-23,NIFTY_AUTO,APOLLOTYRE,10,ENTRY_FILTER,2023-07-11,2024-07-22,0,5
2024-07-22,2024-07-23,NIFTY_AUTO,MARUTI,11,ENTRY_FILTER,2023-07-11,2024-07-22,0,5
2024-07-22,2024-07-23,NIFTY_AUTO,MRF,12,ENTRY_FILTER,2023-07-11,2024-07-22,0,5
2024-07-22,2024-07-23,NIFTY_CONSUMER_DURABLES,WHIRLPOOL,4,ENTRY_FILTER,2023-07-11,2024-07-22,0,5
2024-07-22,2024-07-23,NIFTY_CONSUMER_DURABLES,VOLTAS,5,ENTRY_FILTER,2023-07-11,2024-07-22,0,5
2024-07-22,2024-07-23,NIFTY_CONSUMER_DURABLES,CROMPTON,6,ENTRY_FILTER,2023-07-11,2024-07-22,0,5
2024-07-22,2024-07-23,NIFTY_CONSUMER_DURABLES,HAVELLS,7,ENTRY_FILTER,2023-07-11,2024-07-22,0,5
2024-07-22,2024-07-23,NIFTY_CONSUMER_DURABLES,AMBER,8,ENTRY_FILTER,2023-07-11,2024-07-22,0,5
2024-07-22,2024-07-23,NIFTY_CONSUMER_DURABLES,CERA,9,ENTRY_FILTER,2023-07-11,2024-07-22,0,5
2024-07-22,2024-07-23,NIFTY_CONSUMER_DURABLES,BATAINDIA,10,ENTRY_FILTER,2023-07-11,2024-07-22,0,5
2024-07-22,2024-07-23,NIFTY_CONSUMER_DURABLES,KAJARIACER,11,ENTRY_FILTER,2023-07-11,2024-07-22,0,5
2024-07-22,2024-07-23,NIFTY_CONSUMER_DURABLES,TITAN,12,ENTRY_FILTER,2023-07-11,2024-07-22,0,5
2024-07-22,2024-07-23,NIFTY_CONSUMER_DURABLES,RAJESHEXPO,13,ENTRY_FILTER,2023-07-11,2024-07-22,0,5
2024-07-22,2024-07-23,NIFTY_HEALTHCARE,LALPATHLAB,4,ENTRY_FILTER,2023-07-11,2024-07-22,0,5
2024-07-22,2024-07-23,NIFTY_HEALTHCARE,LUPIN,5,ENTRY_FILTER,2023-07-11,2024-07-22,0,5
2024-07-22,2024-07-23,NIFTY_HEALTHCARE,AUROPHARMA,6,ENTRY_FILTER,2023-07-11,2024-07-22,0,5
2024-07-22,2024-07-23,NIFTY_HEALTHCARE,MAXHEALTH,7,ENTRY_FILTER,2023-07-11,2024-07-22,0,5
2024-07-22,2024-07-23,NIFTY_HEALTHCARE,SUNPHARMA,8,ENTRY_FILTER,2023-07-11,2024-07-22,0,5
2024-07-22,2024-07-23,NIFTY_HEALTHCARE,METROPOLIS,9,ENTRY_FILTER,2023-07-11,2024-07-22,0,5
2024-07-22,2024-07-23,NIFTY_HEALTHCARE,GRANULES,10,ENTRY_FILTER,2023-07-11,2024-07-22,0,5
2024-07-22,2024-07-23,NIFTY_HEALTHCARE,DRREDDY,11,ENTRY_FILTER,2023-07-11,2024-07-22,0,5
2024-07-22,2024-07-23,NIFTY_HEALTHCARE,DIVISLAB,12,ENTRY_FILTER,2023-07-11,2024-07-22,0,5
2024-07-22,2024-07-23,NIFTY_HEALTHCARE,CIPLA,13,ENTRY_FILTER,2023-07-11,2024-07-22,0,5
2024-07-22,2024-07-23,NIFTY_HEALTHCARE,APOLLOHOSP,14,ENTRY_FILTER,2023-07-11,2024-07-22,0,5
2024-07-22,2024-07-23,NIFTY_HEALTHCARE,ABBOTINDIA,15,ENTRY_FILTER,2023-07-11,2024-07-22,0,5
2024-07-22,2024-07-23,NIFTY_HEALTHCARE,BIOCON,16,ENTRY_FILTER,2023-07-11,2024-07-22,0,5
2024-07-22,2024-07-23,NIFTY_HEALTHCARE,ALKEM,17,ENTRY_FILTER,2023-07-11,2024-07-22,0,5
2024-07-22,2024-07-23,NIFTY_HEALTHCARE,SYNGENE,18,ENTRY_FILTER,2023-07-11,2024-07-22,0,5
2024-07-22,2024-07-23,NIFTY_HEALTHCARE,IPCALAB,19,ENTRY_FILTER,2023-07-11,2024-07-22,0,5
2024-07-22,2024-07-23,NIFTY_HEALTHCARE,LAURUSLABS,20,ENTRY_FILTER,2023-07-11,2024-07-22,0,5
2024-07-22,2024-07-23,NIFTY_PSU_BANK,PSB,4,ENTRY_FILTER,2023-07-11,2024-07-22,0,5
2024-07-22,2024-07-23,NIFTY_PSU_BANK,CANBK,5,ENTRY_FILTER,2023-07-11,2024-07-22,0,5
2024-07-22,2024-07-23,NIFTY_PSU_BANK,UCOBANK,6,ENTRY_FILTER,2023-07-11,2024-07-22,0,5
2024-07-22,2024-07-23,NIFTY_PSU_BANK,IOB,7,ENTRY_FILTER,2023-07-11,2024-07-22,0,5
2024-07-22,2024-07-23,NIFTY_PSU_BANK,PNB,8,ENTRY_FILTER,2023-07-11,2024-07-22,0,5
2024-07-22,2024-07-23,NIFTY_PSU_BANK,CENTRALBK,9,ENTRY_FILTER,2023-07-11,2024-07-22,0,5
2024-07-22,2024-07-23,NIFTY_PSU_BANK,BANKBARODA,10,ENTRY_FILTER,2023-07-11,2024-07-22,0,5
2024-07-22,2024-07-23,NIFTY_PSU_BANK,UNIONBANK,11,ENTRY_FILTER,2023-07-11,2024-07-22,0,5
2024-07-22,2024-07-23,NIFTY_PSU_BANK,BANKINDIA,12,ENTRY_FILTER,2023-07-11,2024-07-22,0,5
2024-07-22,2024-07-23,NIFTY_PSU_BANK,J&KBANK,13,ENTRY_FILTER,2023-07-11,2024-07-22,0,5
2024-07-22,2024-07-23,NIFTY_REALTY,SOBHA,4,ENTRY_FILTER,2023-07-11,2024-07-22,0,5
2024-07-22,2024-07-23,NIFTY_REALTY,BRIGADE,5,ENTRY_FILTER,2023-07-11,2024-07-22,0,5
2024-07-22,2024-07-23,NIFTY_REALTY,OBEROIRLTY,6,ENTRY_FILTER,2023-07-11,2024-07-22,0,5
2024-07-22,2024-07-23,NIFTY_REALTY,IBREALEST,7,ENTRY_FILTER,2023-07-11,2024-07-22,0,5
2024-07-22,2024-07-23,NIFTY_REALTY,DLF,8,ENTRY_FILTER,2023-07-11,2024-07-22,0,5
2024-08-21,2024-08-22,NIFTY_AUTO,TVSMOTOR,4,ENTRY_FILTER,2023-08-09,2024-08-21,0,5
2024-08-21,2024-08-22,NIFTY_AUTO,ASHOKLEY,5,ENTRY_FILTER,2023-08-09,2024-08-21,0,5
2024-08-21,2024-08-22,NIFTY_AUTO,BOSCHLTD,6,ENTRY_FILTER,2023-08-09,2024-08-21,0,5
2024-08-21,2024-08-22,NIFTY_AUTO,HEROMOTOCO,7,ENTRY_FILTER,2023-08-09,2024-08-21,0,5
2024-08-21,2024-08-22,NIFTY_AUTO,BHARATFORG,8,ENTRY_FILTER,2023-08-09,2024-08-21,0,5
2024-08-21,2024-08-22,NIFTY_AUTO,EICHERMOT,9,ENTRY_FILTER,2023-08-09,2024-08-21,0,5
2024-08-21,2024-08-22,NIFTY_AUTO,MRF,10,ENTRY_FILTER,2023-08-09,2024-08-21,0,5
2024-08-21,2024-08-22,NIFTY_AUTO,MARUTI,11,ENTRY_FILTER,2023-08-09,2024-08-21,0,5
2024-08-21,2024-08-22,NIFTY_AUTO,APOLLOTYRE,12,ENTRY_FILTER,2023-08-09,2024-08-21,0,5
2024-08-21,2024-08-22,NIFTY_CONSUMER_DURABLES,KALYANKJIL,4,ENTRY_FILTER,2023-08-09,2024-08-21,0,5
2024-08-21,2024-08-22,NIFTY_CONSUMER_DURABLES,WHIRLPOOL,5,ENTRY_FILTER,2023-08-09,2024-08-21,0,5
2024-08-21,2024-08-22,NIFTY_CONSUMER_DURABLES,HAVELLS,6,ENTRY_FILTER,2023-08-09,2024-08-21,0,5
2024-08-21,2024-08-22,NIFTY_CONSUMER_DURABLES,CERA,7,ENTRY_FILTER,2023-08-09,2024-08-21,0,5
2024-08-21,2024-08-22,NIFTY_CONSUMER_DURABLES,BLUESTARCO,8,ENTRY_FILTER,2023-08-09,2024-08-21,0,5
2024-08-21,2024-08-22,NIFTY_CONSUMER_DURABLES,AMBER,9,ENTRY_FILTER,2023-08-09,2024-08-21,0,5
2024-08-21,2024-08-22,NIFTY_CONSUMER_DURABLES,TITAN,10,ENTRY_FILTER,2023-08-09,2024-08-21,0,5
2024-08-21,2024-08-22,NIFTY_CONSUMER_DURABLES,BATAINDIA,11,ENTRY_FILTER,2023-08-09,2024-08-21,0,5
2024-08-21,2024-08-22,NIFTY_CONSUMER_DURABLES,KAJARIACER,12,ENTRY_FILTER,2023-08-09,2024-08-21,0,5
2024-08-21,2024-08-22,NIFTY_CONSUMER_DURABLES,RAJESHEXPO,13,ENTRY_FILTER,2023-08-09,2024-08-21,0,5
2024-08-21,2024-08-22,NIFTY_HEALTHCARE,LUPIN,4,ENTRY_FILTER,2023-08-09,2024-08-21,0,5
2024-08-21,2024-08-22,NIFTY_HEALTHCARE,AUROPHARMA,5,ENTRY_FILTER,2023-08-09,2024-08-21,0,5
2024-08-21,2024-08-22,NIFTY_HEALTHCARE,TORNTPHARM,6,ENTRY_FILTER,2023-08-09,2024-08-21,0,5
2024-08-21,2024-08-22,NIFTY_HEALTHCARE,SUNPHARMA,7,ENTRY_FILTER,2023-08-09,2024-08-21,0,5
2024-08-21,2024-08-22,NIFTY_HEALTHCARE,LALPATHLAB,8,ENTRY_FILTER,2023-08-09,2024-08-21,0,5
2024-08-21,2024-08-22,NIFTY_HEALTHCARE,DIVISLAB,9,ENTRY_FILTER,2023-08-09,2024-08-21,0,5
2024-08-21,2024-08-22,NIFTY_HEALTHCARE,DRREDDY,10,ENTRY_FILTER,2023-08-09,2024-08-21,0,5
2024-08-21,2024-08-22,NIFTY_HEALTHCARE,BIOCON,11,ENTRY_FILTER,2023-08-09,2024-08-21,0,5
2024-08-21,2024-08-22,NIFTY_HEALTHCARE,CIPLA,12,ENTRY_FILTER,2023-08-09,2024-08-21,0,5
2024-08-21,2024-08-22,NIFTY_HEALTHCARE,APOLLOHOSP,13,ENTRY_FILTER,2023-08-09,2024-08-21,0,5
2024-08-21,2024-08-22,NIFTY_HEALTHCARE,METROPOLIS,14,ENTRY_FILTER,2023-08-09,2024-08-21,0,5
2024-08-21,2024-08-22,NIFTY_HEALTHCARE,SYNGENE,15,ENTRY_FILTER,2023-08-09,2024-08-21,0,5
2024-08-21,2024-08-22,NIFTY_HEALTHCARE,IPCALAB,16,ENTRY_FILTER,2023-08-09,2024-08-21,0,5
2024-08-21,2024-08-22,NIFTY_HEALTHCARE,ALKEM,17,ENTRY_FILTER,2023-08-09,2024-08-21,0,5
2024-08-21,2024-08-22,NIFTY_HEALTHCARE,ABBOTINDIA,18,ENTRY_FILTER,2023-08-09,2024-08-21,0,5
2024-08-21,2024-08-22,NIFTY_HEALTHCARE,LAURUSLABS,19,ENTRY_FILTER,2023-08-09,2024-08-21,0,5
2024-08-21,2024-08-22,NIFTY_HEALTHCARE,MAXHEALTH,20,ENTRY_FILTER,2023-08-09,2024-08-21,0,5
2024-08-21,2024-08-22,NIFTY_PSU_BANK,CANBK,4,ENTRY_FILTER,2023-08-09,2024-08-21,0,5
2024-08-21,2024-08-22,NIFTY_PSU_BANK,PNB,5,ENTRY_FILTER,2023-08-09,2024-08-21,0,5
2024-08-21,2024-08-22,NIFTY_PSU_BANK,PSB,6,ENTRY_FILTER,2023-08-09,2024-08-21,0,5
2024-08-21,2024-08-22,NIFTY_PSU_BANK,BANKBARODA,7,ENTRY_FILTER,2023-08-09,2024-08-21,0,5
2024-08-21,2024-08-22,NIFTY_PSU_BANK,IOB,8,ENTRY_FILTER,2023-08-09,2024-08-21,0,5
2024-08-21,2024-08-22,NIFTY_PSU_BANK,BANKINDIA,9,ENTRY_FILTER,2023-08-09,2024-08-21,0,5
2024-08-21,2024-08-22,NIFTY_PSU_BANK,UCOBANK,10,ENTRY_FILTER,2023-08-09,2024-08-21,0,5
2024-08-21,2024-08-22,NIFTY_PSU_BANK,CENTRALBK,11,ENTRY_FILTER,2023-08-09,2024-08-21,0,5
2024-08-21,2024-08-22,NIFTY_PSU_BANK,UNIONBANK,12,ENTRY_FILTER,2023-08-09,2024-08-21,0,5
2024-08-21,2024-08-22,NIFTY_PSU_BANK,J&KBANK,13,ENTRY_FILTER,2023-08-09,2024-08-21,0,5
2024-08-21,2024-08-22,NIFTY_REALTY,GODREJPROP,4,ENTRY_FILTER,2023-08-09,2024-08-21,0,5
2024-08-21,2024-08-22,NIFTY_REALTY,OBEROIRLTY,5,ENTRY_FILTER,2023-08-09,2024-08-21,0,5
2024-08-21,2024-08-22,NIFTY_REALTY,BRIGADE,6,ENTRY_FILTER,2023-08-09,2024-08-21,0,5
2024-08-21,2024-08-22,NIFTY_REALTY,IBREALEST,7,ENTRY_FILTER,2023-08-09,2024-08-21,0,5
2024-08-21,2024-08-22,NIFTY_REALTY,DLF,8,ENTRY_FILTER,2023-08-09,2024-08-21,0,5
2024-09-23,2024-09-24,NIFTY_AUTO,TVSMOTOR,4,ENTRY_FILTER,2023-09-12,2024-09-23,0,5
2024-09-23,2024-09-24,NIFTY_AUTO,EXIDEIND,5,ENTRY_FILTER,2023-09-12,2024-09-23,0,5
2024-09-23,2024-09-24,NIFTY_AUTO,BOSCHLTD,6,ENTRY_FILTER,2023-09-12,2024-09-23,0,5
2024-09-23,2024-09-24,NIFTY_AUTO,ASHOKLEY,7,ENTRY_FILTER,2023-09-12,2024-09-23,0,5
2024-09-23,2024-09-24,NIFTY_AUTO,EICHERMOT,8,ENTRY_FILTER,2023-09-12,2024-09-23,0,5
2024-09-23,2024-09-24,NIFTY_AUTO,BHARATFORG,9,ENTRY_FILTER,2023-09-12,2024-09-23,0,5
2024-09-23,2024-09-24,NIFTY_AUTO,MARUTI,10,ENTRY_FILTER,2023-09-12,2024-09-23,0,5
2024-09-23,2024-09-24,NIFTY_AUTO,MRF,11,ENTRY_FILTER,2023-09-12,2024-09-23,0,5
2024-09-23,2024-09-24,NIFTY_AUTO,APOLLOTYRE,12,ENTRY_FILTER,2023-09-12,2024-09-23,0,5
2024-09-23,2024-09-24,NIFTY_CONSUMER_DURABLES,CROMPTON,4,ENTRY_FILTER,2023-09-12,2024-09-23,0,5
2024-09-23,2024-09-24,NIFTY_CONSUMER_DURABLES,BLUESTARCO,5,ENTRY_FILTER,2023-09-12,2024-09-23,0,5
2024-09-23,2024-09-24,NIFTY_CONSUMER_DURABLES,WHIRLPOOL,6,ENTRY_FILTER,2023-09-12,2024-09-23,0,5
2024-09-23,2024-09-24,NIFTY_CONSUMER_DURABLES,HAVELLS,7,ENTRY_FILTER,2023-09-12,2024-09-23,0,5
2024-09-23,2024-09-24,NIFTY_CONSUMER_DURABLES,AMBER,8,ENTRY_FILTER,2023-09-12,2024-09-23,0,5
2024-09-23,2024-09-24,NIFTY_CONSUMER_DURABLES,KAJARIACER,9,ENTRY_FILTER,2023-09-12,2024-09-23,0,5
2024-09-23,2024-09-24,NIFTY_CONSUMER_DURABLES,TITAN,10,ENTRY_FILTER,2023-09-12,2024-09-23,0,5
2024-09-23,2024-09-24,NIFTY_CONSUMER_DURABLES,BATAINDIA,11,ENTRY_FILTER,2023-09-12,2024-09-23,0,5
2024-09-23,2024-09-24,NIFTY_CONSUMER_DURABLES,CERA,12,ENTRY_FILTER,2023-09-12,2024-09-23,0,5
2024-09-23,2024-09-24,NIFTY_CONSUMER_DURABLES,RAJESHEXPO,13,ENTRY_FILTER,2023-09-12,2024-09-23,0,5
2024-09-23,2024-09-24,NIFTY_HEALTHCARE,TORNTPHARM,4,ENTRY_FILTER,2023-09-12,2024-09-23,0,5
2024-09-23,2024-09-24,NIFTY_HEALTHCARE,DIVISLAB,5,ENTRY_FILTER,2023-09-12,2024-09-23,0,5
2024-09-23,2024-09-24,NIFTY_HEALTHCARE,AUROPHARMA,6,ENTRY_FILTER,2023-09-12,2024-09-23,0,5
2024-09-23,2024-09-24,NIFTY_HEALTHCARE,SUNPHARMA,7,ENTRY_FILTER,2023-09-12,2024-09-23,0,5
2024-09-23,2024-09-24,NIFTY_HEALTHCARE,MAXHEALTH,8,ENTRY_FILTER,2023-09-12,2024-09-23,0,5
2024-09-23,2024-09-24,NIFTY_HEALTHCARE,BIOCON,9,ENTRY_FILTER,2023-09-12,2024-09-23,0,5
2024-09-23,2024-09-24,NIFTY_HEALTHCARE,IPCALAB,10,ENTRY_FILTER,2023-09-12,2024-09-23,0,5
2024-09-23,2024-09-24,NIFTY_HEALTHCARE,SYNGENE,11,ENTRY_FILTER,2023-09-12,2024-09-23,0,5
2024-09-23,2024-09-24,NIFTY_HEALTHCARE,METROPOLIS,12,ENTRY_FILTER,2023-09-12,2024-09-23,0,5
2024-09-23,2024-09-24,NIFTY_HEALTHCARE,APOLLOHOSP,13,ENTRY_FILTER,2023-09-12,2024-09-23,0,5
2024-09-23,2024-09-24,NIFTY_HEALTHCARE,CIPLA,14,ENTRY_FILTER,2023-09-12,2024-09-23,0,5
2024-09-23,2024-09-24,NIFTY_HEALTHCARE,ALKEM,15,ENTRY_FILTER,2023-09-12,2024-09-23,0,5
2024-09-23,2024-09-24,NIFTY_HEALTHCARE,GRANULES,16,ENTRY_FILTER,2023-09-12,2024-09-23,0,5
2024-09-23,2024-09-24,NIFTY_HEALTHCARE,ZYDUSLIFE,17,ENTRY_FILTER,2023-09-12,2024-09-23,0,5
2024-09-23,2024-09-24,NIFTY_HEALTHCARE,LAURUSLABS,18,ENTRY_FILTER,2023-09-12,2024-09-23,0,5
2024-09-23,2024-09-24,NIFTY_HEALTHCARE,DRREDDY,19,ENTRY_FILTER,2023-09-12,2024-09-23,0,5
2024-09-23,2024-09-24,NIFTY_HEALTHCARE,ABBOTINDIA,20,ENTRY_FILTER,2023-09-12,2024-09-23,0,5
2024-09-23,2024-09-24,NIFTY_PSU_BANK,CENTRALBK,4,ENTRY_FILTER,2023-09-12,2024-09-23,0,5
2024-09-23,2024-09-24,NIFTY_PSU_BANK,IOB,5,ENTRY_FILTER,2023-09-12,2024-09-23,0,5
2024-09-23,2024-09-24,NIFTY_PSU_BANK,CANBK,6,ENTRY_FILTER,2023-09-12,2024-09-23,0,5
2024-09-23,2024-09-24,NIFTY_PSU_BANK,PSB,7,ENTRY_FILTER,2023-09-12,2024-09-23,0,5
2024-09-23,2024-09-24,NIFTY_PSU_BANK,UCOBANK,8,ENTRY_FILTER,2023-09-12,2024-09-23,0,5
2024-09-23,2024-09-24,NIFTY_PSU_BANK,BANKBARODA,9,ENTRY_FILTER,2023-09-12,2024-09-23,0,5
2024-09-23,2024-09-24,NIFTY_PSU_BANK,PNB,10,ENTRY_FILTER,2023-09-12,2024-09-23,0,5
2024-09-23,2024-09-24,NIFTY_PSU_BANK,BANKINDIA,11,ENTRY_FILTER,2023-09-12,2024-09-23,0,5
2024-09-23,2024-09-24,NIFTY_PSU_BANK,UNIONBANK,12,ENTRY_FILTER,2023-09-12,2024-09-23,0,5
2024-09-23,2024-09-24,NIFTY_PSU_BANK,J&KBANK,13,ENTRY_FILTER,2023-09-12,2024-09-23,0,5
2024-09-23,2024-09-24,NIFTY_REALTY,BRIGADE,4,ENTRY_FILTER,2023-09-12,2024-09-23,0,5
2024-09-23,2024-09-24,NIFTY_REALTY,OBEROIRLTY,5,ENTRY_FILTER,2023-09-12,2024-09-23,0,5
2024-09-23,2024-09-24,NIFTY_REALTY,PHOENIXLTD,6,ENTRY_FILTER,2023-09-12,2024-09-23,0,5
2024-09-23,2024-09-24,NIFTY_REALTY,DLF,7,ENTRY_FILTER,2023-09-12,2024-09-23,0,5
2024-09-23,2024-09-24,NIFTY_REALTY,IBREALEST,8,ENTRY_FILTER,2023-09-12,2024-09-23,0,5
2024-10-21,2024-10-22,NIFTY_AUTO,BAJAJ-AUTO,4,ENTRY_FILTER,2023-10-11,2024-10-21,0,5
2024-10-21,2024-10-22,NIFTY_AUTO,HEROMOTOCO,5,ENTRY_FILTER,2023-10-11,2024-10-21,0,5
2024-10-21,2024-10-22,NIFTY_AUTO,ASHOKLEY,6,ENTRY_FILTER,2023-10-11,2024-10-21,0,5
2024-10-21,2024-10-22,NIFTY_AUTO,EICHERMOT,7,ENTRY_FILTER,2023-10-11,2024-10-21,0,5
2024-10-21,2024-10-22,NIFTY_AUTO,MARUTI,8,ENTRY_FILTER,2023-10-11,2024-10-21,0,5
2024-10-21,2024-10-22,NIFTY_AUTO,BHARATFORG,9,ENTRY_FILTER,2023-10-11,2024-10-21,0,5
2024-10-21,2024-10-22,NIFTY_AUTO,APOLLOTYRE,10,ENTRY_FILTER,2023-10-11,2024-10-21,0,5
2024-10-21,2024-10-22,NIFTY_AUTO,EXIDEIND,11,ENTRY_FILTER,2023-10-11,2024-10-21,0,5
2024-10-21,2024-10-22,NIFTY_AUTO,MRF,12,ENTRY_FILTER,2023-10-11,2024-10-21,0,5
2024-10-21,2024-10-22,NIFTY_CONSUMER_DURABLES,WHIRLPOOL,4,ENTRY_FILTER,2023-10-11,2024-10-21,0,5
2024-10-21,2024-10-22,NIFTY_CONSUMER_DURABLES,BLUESTARCO,5,ENTRY_FILTER,2023-10-11,2024-10-21,0,5
2024-10-21,2024-10-22,NIFTY_CONSUMER_DURABLES,VOLTAS,6,ENTRY_FILTER,2023-10-11,2024-10-21,0,5
2024-10-21,2024-10-22,NIFTY_CONSUMER_DURABLES,HAVELLS,7,ENTRY_FILTER,2023-10-11,2024-10-21,0,5
2024-10-21,2024-10-22,NIFTY_CONSUMER_DURABLES,CROMPTON,8,ENTRY_FILTER,2023-10-11,2024-10-21,0,5
2024-10-21,2024-10-22,NIFTY_CONSUMER_DURABLES,KAJARIACER,9,ENTRY_FILTER,2023-10-11,2024-10-21,0,5
2024-10-21,2024-10-22,NIFTY_CONSUMER_DURABLES,BATAINDIA,10,ENTRY_FILTER,2023-10-11,2024-10-21,0,5
2024-10-21,2024-10-22,NIFTY_CONSUMER_DURABLES,TITAN,11,ENTRY_FILTER,2023-10-11,2024-10-21,0,5
2024-10-21,2024-10-22,NIFTY_CONSUMER_DURABLES,CERA,12,ENTRY_FILTER,2023-10-11,2024-10-21,0,5
2024-10-21,2024-10-22,NIFTY_CONSUMER_DURABLES,RAJESHEXPO,13,ENTRY_FILTER,2023-10-11,2024-10-21,0,5
2024-10-21,2024-10-22,NIFTY_HEALTHCARE,LALPATHLAB,4,ENTRY_FILTER,2023-10-11,2024-10-21,0,5
2024-10-21,2024-10-22,NIFTY_HEALTHCARE,SUNPHARMA,5,ENTRY_FILTER,2023-10-11,2024-10-21,0,5
2024-10-21,2024-10-22,NIFTY_HEALTHCARE,IPCALAB,6,ENTRY_FILTER,2023-10-11,2024-10-21,0,5
2024-10-21,2024-10-22,NIFTY_HEALTHCARE,TORNTPHARM,7,ENTRY_FILTER,2023-10-11,2024-10-21,0,5
2024-10-21,2024-10-22,NIFTY_HEALTHCARE,ALKEM,8,ENTRY_FILTER,2023-10-11,2024-10-21,0,5
2024-10-21,2024-10-22,NIFTY_HEALTHCARE,GRANULES,9,ENTRY_FILTER,2023-10-11,2024-10-21,0,5
2024-10-21,2024-10-22,NIFTY_HEALTHCARE,AUROPHARMA,10,ENTRY_FILTER,2023-10-11,2024-10-21,0,5
2024-10-21,2024-10-22,NIFTY_HEALTHCARE,METROPOLIS,11,ENTRY_FILTER,2023-10-11,2024-10-21,0,5
2024-10-21,2024-10-22,NIFTY_HEALTHCARE,SYNGENE,12,ENTRY_FILTER,2023-10-11,2024-10-21,0,5
2024-10-21,2024-10-22,NIFTY_HEALTHCARE,APOLLOHOSP,13,ENTRY_FILTER,2023-10-11,2024-10-21,0,5
2024-10-21,2024-10-22,NIFTY_HEALTHCARE,MAXHEALTH,14,ENTRY_FILTER,2023-10-11,2024-10-21,0,5
2024-10-21,2024-10-22,NIFTY_HEALTHCARE,BIOCON,15,ENTRY_FILTER,2023-10-11,2024-10-21,0,5
2024-10-21,2024-10-22,NIFTY_HEALTHCARE,DRREDDY,16,ENTRY_FILTER,2023-10-11,2024-10-21,0,5
2024-10-21,2024-10-22,NIFTY_HEALTHCARE,ABBOTINDIA,17,ENTRY_FILTER,2023-10-11,2024-10-21,0,5
2024-10-21,2024-10-22,NIFTY_HEALTHCARE,CIPLA,18,ENTRY_FILTER,2023-10-11,2024-10-21,0,5
2024-10-21,2024-10-22,NIFTY_HEALTHCARE,ZYDUSLIFE,19,ENTRY_FILTER,2023-10-11,2024-10-21,0,5
2024-10-21,2024-10-22,NIFTY_HEALTHCARE,LAURUSLABS,20,ENTRY_FILTER,2023-10-11,2024-10-21,0,5
2024-10-21,2024-10-22,NIFTY_PSU_BANK,CANBK,4,ENTRY_FILTER,2023-10-11,2024-10-21,0,5
2024-10-21,2024-10-22,NIFTY_PSU_BANK,CENTRALBK,5,ENTRY_FILTER,2023-10-11,2024-10-21,0,5
2024-10-21,2024-10-22,NIFTY_PSU_BANK,UCOBANK,6,ENTRY_FILTER,2023-10-11,2024-10-21,0,5
2024-10-21,2024-10-22,NIFTY_PSU_BANK,IOB,7,ENTRY_FILTER,2023-10-11,2024-10-21,0,5
2024-10-21,2024-10-22,NIFTY_PSU_BANK,PNB,8,ENTRY_FILTER,2023-10-11,2024-10-21,0,5
2024-10-21,2024-10-22,NIFTY_PSU_BANK,PSB,9,ENTRY_FILTER,2023-10-11,2024-10-21,0,5
2024-10-21,2024-10-22,NIFTY_PSU_BANK,MAHABANK,10,ENTRY_FILTER,2023-10-11,2024-10-21,0,5
2024-10-21,2024-10-22,NIFTY_PSU_BANK,BANKINDIA,11,ENTRY_FILTER,2023-10-11,2024-10-21,0,5
2024-10-21,2024-10-22,NIFTY_PSU_BANK,UNIONBANK,12,ENTRY_FILTER,2023-10-11,2024-10-21,0,5
2024-10-21,2024-10-22,NIFTY_PSU_BANK,J&KBANK,13,ENTRY_FILTER,2023-10-11,2024-10-21,0,5
2024-10-21,2024-10-22,NIFTY_REALTY,GODREJPROP,4,ENTRY_FILTER,2023-10-11,2024-10-21,0,5
2024-10-21,2024-10-22,NIFTY_REALTY,SOBHA,5,ENTRY_FILTER,2023-10-11,2024-10-21,0,5
2024-10-21,2024-10-22,NIFTY_REALTY,IBREALEST,6,ENTRY_FILTER,2023-10-11,2024-10-21,0,5
2024-10-21,2024-10-22,NIFTY_REALTY,DLF,7,ENTRY_FILTER,2023-10-11,2024-10-21,0,5
2024-10-21,2024-10-22,NIFTY_REALTY,PHOENIXLTD,8,ENTRY_FILTER,2023-10-11,2024-10-21,0,5
2024-10-25,2024-10-28,NIFTY_IT,WIPRO,4,ENTRY_FILTER,2023-10-17,2024-10-25,0,5
2024-10-25,2024-10-28,NIFTY_IT,TCS,5,ENTRY_FILTER,2023-10-17,2024-10-25,0,5
2024-10-25,2024-10-28,NIFTY_IT,JUSTDIAL,6,ENTRY_FILTER,2023-10-17,2024-10-25,0,5
2024-10-25,2024-10-28,NIFTY_IT,TATAELXSI,7,ENTRY_FILTER,2023-10-17,2024-10-25,0,5
2024-10-25,2024-10-28,NIFTY_PHARMA,SUNPHARMA,4,ENTRY_FILTER,2023-10-17,2024-10-25,0,5
2024-10-25,2024-10-28,NIFTY_PHARMA,AUROPHARMA,5,ENTRY_FILTER,2023-10-17,2024-10-25,0,5
2024-10-25,2024-10-28,NIFTY_PHARMA,DRREDDY,6,ENTRY_FILTER,2023-10-17,2024-10-25,0,5
2024-10-25,2024-10-28,NIFTY_PHARMA,CIPLA,7,ENTRY_FILTER,2023-10-17,2024-10-25,0,5
2024-10-25,2024-10-28,NIFTY_PHARMA,BIOCON,8,ENTRY_FILTER,2023-10-17,2024-10-25,0,5
2024-10-25,2024-10-28,NIFTY_MIDSMALL_HEALTHCARE,POLYMED,4,ENTRY_FILTER,2023-10-17,2024-10-25,0,5
2024-10-25,2024-10-28,NIFTY_MIDSMALL_HEALTHCARE,LUPIN,5,ENTRY_FILTER,2023-10-17,2024-10-25,0,5
2024-10-25,2024-10-28,NIFTY_MIDSMALL_HEALTHCARE,IPCALAB,6,ENTRY_FILTER,2023-10-17,2024-10-25,0,5
2024-10-25,2024-10-28,NIFTY_MIDSMALL_HEALTHCARE,KIMS,7,ENTRY_FILTER,2023-10-17,2024-10-25,0,5
2024-10-25,2024-10-28,NIFTY_MIDSMALL_HEALTHCARE,FORTIS,8,ENTRY_FILTER,2023-10-17,2024-10-25,0,5
2024-10-25,2024-10-28,NIFTY_MIDSMALL_HEALTHCARE,ASTERDM,9,ENTRY_FILTER,2023-10-17,2024-10-25,0,5
2024-10-25,2024-10-28,NIFTY_MIDSMALL_HEALTHCARE,AJANTPHARM,10,ENTRY_FILTER,2023-10-17,2024-10-25,0,5
2024-10-25,2024-10-28,NIFTY_MIDSMALL_HEALTHCARE,AUROPHARMA,11,ENTRY_FILTER,2023-10-17,2024-10-25,0,5
2024-10-25,2024-10-28,NIFTY_MIDSMALL_HEALTHCARE,NATCOPHARM,12,ENTRY_FILTER,2023-10-17,2024-10-25,0,5
2024-10-25,2024-10-28,NIFTY_MIDSMALL_HEALTHCARE,LALPATHLAB,13,ENTRY_FILTER,2023-10-17,2024-10-25,0,5
2024-10-25,2024-10-28,NIFTY_MIDSMALL_HEALTHCARE,ALKEM,14,ENTRY_FILTER,2023-10-17,2024-10-25,0,5
2024-10-25,2024-10-28,NIFTY_MIDSMALL_HEALTHCARE,SYNGENE,15,ENTRY_FILTER,2023-10-17,2024-10-25,0,5
2024-10-25,2024-10-28,NIFTY_MIDSMALL_HEALTHCARE,METROPOLIS,16,ENTRY_FILTER,2023-10-17,2024-10-25,0,5
2024-10-25,2024-10-28,NIFTY_MIDSMALL_HEALTHCARE,RAINBOW,17,ENTRY_FILTER,2023-10-17,2024-10-25,0,5
2024-10-25,2024-10-28,NIFTY_MIDSMALL_HEALTHCARE,ABBOTINDIA,18,ENTRY_FILTER,2023-10-17,2024-10-25,0,5
2024-10-25,2024-10-28,NIFTY_MIDSMALL_HEALTHCARE,GLAXO,19,ENTRY_FILTER,2023-10-17,2024-10-25,0,5
2024-10-25,2024-10-28,NIFTY_MIDSMALL_HEALTHCARE,MAXHEALTH,20,ENTRY_FILTER,2023-10-17,2024-10-25,0,5
2024-10-25,2024-10-28,NIFTY_MIDSMALL_HEALTHCARE,MANKIND,21,ENTRY_FILTER,2023-10-17,2024-10-25,0,5
2024-10-25,2024-10-28,NIFTY_MIDSMALL_HEALTHCARE,JBCHEPHARM,22,ENTRY_FILTER,2023-10-17,2024-10-25,0,5
2024-10-25,2024-10-28,NIFTY_MIDSMALL_HEALTHCARE,LAURUSLABS,23,ENTRY_FILTER,2023-10-17,2024-10-25,0,5
2024-10-25,2024-10-28,NIFTY_MIDSMALL_HEALTHCARE,GRANULES,24,ENTRY_FILTER,2023-10-17,2024-10-25,0,5
2024-10-25,2024-10-28,NIFTY_MIDSMALL_HEALTHCARE,NH,25,ENTRY_FILTER,2023-10-17,2024-10-25,0,5
2024-10-25,2024-10-28,NIFTY_MIDSMALL_HEALTHCARE,BIOCON,26,ENTRY_FILTER,2023-10-17,2024-10-25,0,5
2024-10-25,2024-10-28,NIFTY_MIDSMALL_HEALTHCARE,APLLTD,27,ENTRY_FILTER,2023-10-17,2024-10-25,0,5
2024-10-25,2024-10-28,NIFTY_MIDSMALL_HEALTHCARE,GLAND,28,ENTRY_FILTER,2023-10-17,2024-10-25,0,5
2024-10-25,2024-10-28,NIFTY_MIDSMALL_HEALTHCARE,SANOFI,29,ENTRY_FILTER,2023-10-17,2024-10-25,0,5
2024-10-25,2024-10-28,NIFTY_MIDSMALL_HEALTHCARE,MEDANTA,30,ENTRY_FILTER,2023-10-17,2024-10-25,0,5
2024-11-08,2024-11-11,NIFTY_FINANCIAL_SERVICES,HDFCLIFE,4,ENTRY_FILTER,2023-11-01,2024-11-08,0,5
2024-11-08,2024-11-11,NIFTY_FINANCIAL_SERVICES,HDFCBANK,5,ENTRY_FILTER,2023-11-01,2024-11-08,0,5
2024-11-08,2024-11-11,NIFTY_FINANCIAL_SERVICES,ICICIBANK,6,ENTRY_FILTER,2023-11-01,2024-11-08,0,5
2024-11-08,2024-11-11,NIFTY_FINANCIAL_SERVICES,ICICIGI,7,ENTRY_FILTER,2023-11-01,2024-11-08,0,5
2024-11-08,2024-11-11,NIFTY_FINANCIAL_SERVICES,SBIN,8,ENTRY_FILTER,2023-11-01,2024-11-08,0,5
2024-11-08,2024-11-11,NIFTY_FINANCIAL_SERVICES,BAJAJFINSV,9,ENTRY_FILTER,2023-11-01,2024-11-08,0,5
2024-11-08,2024-11-11,NIFTY_FINANCIAL_SERVICES,AXISBANK,10,ENTRY_FILTER,2023-11-01,2024-11-08,0,5
2024-11-08,2024-11-11,NIFTY_FINANCIAL_SERVICES,SBILIFE,11,ENTRY_FILTER,2023-11-01,2024-11-08,0,5
2024-11-08,2024-11-11,NIFTY_FINANCIAL_SERVICES,BAJFINANCE,12,ENTRY_FILTER,2023-11-01,2024-11-08,0,5
2024-11-08,2024-11-11,NIFTY_FINANCIAL_SERVICES,KOTAKBANK,13,ENTRY_FILTER,2023-11-01,2024-11-08,0,5
2024-11-08,2024-11-11,NIFTY_FINANCIAL_SERVICES,M&MFIN,14,ENTRY_FILTER,2023-11-01,2024-11-08,0,5
2024-11-08,2024-11-11,NIFTY_FINANCIAL_SERVICES,CHOLAFIN,15,ENTRY_FILTER,2023-11-01,2024-11-08,0,5
2024-11-08,2024-11-11,NIFTY_FINANCIAL_SERVICES,PFC,16,ENTRY_FILTER,2023-11-01,2024-11-08,0,5
2024-11-08,2024-11-11,NIFTY_FINANCIAL_SERVICES,RECLTD,17,ENTRY_FILTER,2023-11-01,2024-11-08,0,5
2024-11-21,2024-11-22,NIFTY_FINANCIAL_SERVICES,ICICIBANK,4,ENTRY_FILTER,2023-11-10,2024-11-21,0,5
2024-11-21,2024-11-22,NIFTY_FINANCIAL_SERVICES,ICICIPRULI,5,ENTRY_FILTER,2023-11-10,2024-11-21,0,5
2024-11-21,2024-11-22,NIFTY_FINANCIAL_SERVICES,HDFCLIFE,6,ENTRY_FILTER,2023-11-10,2024-11-21,0,5
2024-11-21,2024-11-22,NIFTY_FINANCIAL_SERVICES,ICICIGI,7,ENTRY_FILTER,2023-11-10,2024-11-21,0,5
2024-11-21,2024-11-22,NIFTY_FINANCIAL_SERVICES,AXISBANK,8,ENTRY_FILTER,2023-11-10,2024-11-21,0,5
2024-11-21,2024-11-22,NIFTY_FINANCIAL_SERVICES,KOTAKBANK,9,ENTRY_FILTER,2023-11-10,2024-11-21,0,5
2024-11-21,2024-11-22,NIFTY_FINANCIAL_SERVICES,SBIN,10,ENTRY_FILTER,2023-11-10,2024-11-21,0,5
2024-11-21,2024-11-22,NIFTY_FINANCIAL_SERVICES,BAJAJFINSV,11,ENTRY_FILTER,2023-11-10,2024-11-21,0,5
2024-11-21,2024-11-22,NIFTY_FINANCIAL_SERVICES,BAJFINANCE,12,ENTRY_FILTER,2023-11-10,2024-11-21,0,5
2024-11-21,2024-11-22,NIFTY_FINANCIAL_SERVICES,SBILIFE,13,ENTRY_FILTER,2023-11-10,2024-11-21,0,5
2024-11-21,2024-11-22,NIFTY_FINANCIAL_SERVICES,PFC,14,ENTRY_FILTER,2023-11-10,2024-11-21,0,5
2024-11-21,2024-11-22,NIFTY_FINANCIAL_SERVICES,CHOLAFIN,15,ENTRY_FILTER,2023-11-10,2024-11-21,0,5
2024-11-21,2024-11-22,NIFTY_FINANCIAL_SERVICES,RECLTD,16,ENTRY_FILTER,2023-11-10,2024-11-21,0,5
2024-11-21,2024-11-22,NIFTY_FINANCIAL_SERVICES,M&MFIN,17,ENTRY_FILTER,2023-11-10,2024-11-21,0,5
2024-11-21,2024-11-22,NIFTY_HEALTHCARE,LUPIN,4,ENTRY_FILTER,2023-11-10,2024-11-21,0,5
2024-11-21,2024-11-22,NIFTY_HEALTHCARE,SUNPHARMA,5,ENTRY_FILTER,2023-11-10,2024-11-21,0,5
2024-11-21,2024-11-22,NIFTY_HEALTHCARE,SYNGENE,6,ENTRY_FILTER,2023-11-10,2024-11-21,0,5
2024-11-21,2024-11-22,NIFTY_HEALTHCARE,MAXHEALTH,7,ENTRY_FILTER,2023-11-10,2024-11-21,0,5
2024-11-21,2024-11-22,NIFTY_HEALTHCARE,LAURUSLABS,8,ENTRY_FILTER,2023-11-10,2024-11-21,0,5
2024-11-21,2024-11-22,NIFTY_HEALTHCARE,LALPATHLAB,9,ENTRY_FILTER,2023-11-10,2024-11-21,0,5
2024-11-21,2024-11-22,NIFTY_HEALTHCARE,TORNTPHARM,10,ENTRY_FILTER,2023-11-10,2024-11-21,0,5
2024-11-21,2024-11-22,NIFTY_HEALTHCARE,APOLLOHOSP,11,ENTRY_FILTER,2023-11-10,2024-11-21,0,5
2024-11-21,2024-11-22,NIFTY_HEALTHCARE,METROPOLIS,12,ENTRY_FILTER,2023-11-10,2024-11-21,0,5
2024-11-21,2024-11-22,NIFTY_HEALTHCARE,GRANULES,13,ENTRY_FILTER,2023-11-10,2024-11-21,0,5
2024-11-21,2024-11-22,NIFTY_HEALTHCARE,ALKEM,14,ENTRY_FILTER,2023-11-10,2024-11-21,0,5
2024-11-21,2024-11-22,NIFTY_HEALTHCARE,BIOCON,15,ENTRY_FILTER,2023-11-10,2024-11-21,0,5
2024-11-21,2024-11-22,NIFTY_HEALTHCARE,ABBOTINDIA,16,ENTRY_FILTER,2023-11-10,2024-11-21,0,5
2024-11-21,2024-11-22,NIFTY_HEALTHCARE,AUROPHARMA,17,ENTRY_FILTER,2023-11-10,2024-11-21,0,5
2024-11-21,2024-11-22,NIFTY_HEALTHCARE,DRREDDY,18,ENTRY_FILTER,2023-11-10,2024-11-21,0,5
2024-11-21,2024-11-22,NIFTY_HEALTHCARE,CIPLA,19,ENTRY_FILTER,2023-11-10,2024-11-21,0,5
2024-11-21,2024-11-22,NIFTY_HEALTHCARE,ZYDUSLIFE,20,ENTRY_FILTER,2023-11-10,2024-11-21,0,5
2024-11-21,2024-11-22,NIFTY_IT,WIPRO,4,ENTRY_FILTER,2023-11-10,2024-11-21,0,5
2024-11-21,2024-11-22,NIFTY_IT,TCS,5,ENTRY_FILTER,2023-11-10,2024-11-21,0,5
2024-11-21,2024-11-22,NIFTY_IT,JUSTDIAL,6,ENTRY_FILTER,2023-11-10,2024-11-21,0,5
2024-11-21,2024-11-22,NIFTY_IT,TATAELXSI,7,ENTRY_FILTER,2023-11-10,2024-11-21,0,5
2024-11-21,2024-11-22,NIFTY_PHARMA,LUPIN,4,ENTRY_FILTER,2023-11-10,2024-11-21,0,5
2024-11-21,2024-11-22,NIFTY_PHARMA,AUROPHARMA,5,ENTRY_FILTER,2023-11-10,2024-11-21,0,5
2024-11-21,2024-11-22,NIFTY_PHARMA,DRREDDY,6,ENTRY_FILTER,2023-11-10,2024-11-21,0,5
2024-11-21,2024-11-22,NIFTY_PHARMA,BIOCON,7,ENTRY_FILTER,2023-11-10,2024-11-21,0,5
2024-11-21,2024-11-22,NIFTY_PHARMA,CIPLA,8,ENTRY_FILTER,2023-11-10,2024-11-21,0,5
2024-11-21,2024-11-22,NIFTY_MIDSMALL_HEALTHCARE,KIMS,4,ENTRY_FILTER,2023-11-10,2024-11-21,0,5
2024-11-21,2024-11-22,NIFTY_MIDSMALL_HEALTHCARE,POLYMED,5,ENTRY_FILTER,2023-11-10,2024-11-21,0,5
2024-11-21,2024-11-22,NIFTY_MIDSMALL_HEALTHCARE,GLENMARK,6,ENTRY_FILTER,2023-11-10,2024-11-21,0,5
2024-11-21,2024-11-22,NIFTY_MIDSMALL_HEALTHCARE,NATCOPHARM,7,ENTRY_FILTER,2023-11-10,2024-11-21,0,5
2024-11-21,2024-11-22,NIFTY_MIDSMALL_HEALTHCARE,IPCALAB,8,ENTRY_FILTER,2023-11-10,2024-11-21,0,5
2024-11-21,2024-11-22,NIFTY_MIDSMALL_HEALTHCARE,RAINBOW,9,ENTRY_FILTER,2023-11-10,2024-11-21,0,5
2024-11-21,2024-11-22,NIFTY_MIDSMALL_HEALTHCARE,ASTERDM,10,ENTRY_FILTER,2023-11-10,2024-11-21,0,5
2024-11-21,2024-11-22,NIFTY_MIDSMALL_HEALTHCARE,MANKIND,11,ENTRY_FILTER,2023-11-10,2024-11-21,0,5
2024-11-21,2024-11-22,NIFTY_MIDSMALL_HEALTHCARE,LUPIN,12,ENTRY_FILTER,2023-11-10,2024-11-21,0,5
2024-11-21,2024-11-22,NIFTY_MIDSMALL_HEALTHCARE,LAURUSLABS,13,ENTRY_FILTER,2023-11-10,2024-11-21,0,5
2024-11-21,2024-11-22,NIFTY_MIDSMALL_HEALTHCARE,SYNGENE,14,ENTRY_FILTER,2023-11-10,2024-11-21,0,5
2024-11-21,2024-11-22,NIFTY_MIDSMALL_HEALTHCARE,AJANTPHARM,15,ENTRY_FILTER,2023-11-10,2024-11-21,0,5
2024-11-21,2024-11-22,NIFTY_MIDSMALL_HEALTHCARE,MAXHEALTH,16,ENTRY_FILTER,2023-11-10,2024-11-21,0,5
2024-11-21,2024-11-22,NIFTY_MIDSMALL_HEALTHCARE,LALPATHLAB,17,ENTRY_FILTER,2023-11-10,2024-11-21,0,5
2024-11-21,2024-11-22,NIFTY_MIDSMALL_HEALTHCARE,METROPOLIS,18,ENTRY_FILTER,2023-11-10,2024-11-21,0,5
2024-11-21,2024-11-22,NIFTY_MIDSMALL_HEALTHCARE,ALKEM,19,ENTRY_FILTER,2023-11-10,2024-11-21,0,5
2024-11-21,2024-11-22,NIFTY_MIDSMALL_HEALTHCARE,ABBOTINDIA,20,ENTRY_FILTER,2023-11-10,2024-11-21,0,5
2024-11-21,2024-11-22,NIFTY_MIDSMALL_HEALTHCARE,AUROPHARMA,21,ENTRY_FILTER,2023-11-10,2024-11-21,0,5
2024-11-21,2024-11-22,NIFTY_MIDSMALL_HEALTHCARE,BIOCON,22,ENTRY_FILTER,2023-11-10,2024-11-21,0,5
2024-11-21,2024-11-22,NIFTY_MIDSMALL_HEALTHCARE,NH,23,ENTRY_FILTER,2023-11-10,2024-11-21,0,5
2024-11-21,2024-11-22,NIFTY_MIDSMALL_HEALTHCARE,APLLTD,24,ENTRY_FILTER,2023-11-10,2024-11-21,0,5
2024-11-21,2024-11-22,NIFTY_MIDSMALL_HEALTHCARE,GRANULES,25,ENTRY_FILTER,2023-11-10,2024-11-21,0,5
2024-11-21,2024-11-22,NIFTY_MIDSMALL_HEALTHCARE,JBCHEPHARM,26,ENTRY_FILTER,2023-11-10,2024-11-21,0,5
2024-11-21,2024-11-22,NIFTY_MIDSMALL_HEALTHCARE,GLAXO,27,ENTRY_FILTER,2023-11-10,2024-11-21,0,5
2024-11-21,2024-11-22,NIFTY_MIDSMALL_HEALTHCARE,GLAND,28,ENTRY_FILTER,2023-11-10,2024-11-21,0,5
2024-11-21,2024-11-22,NIFTY_MIDSMALL_HEALTHCARE,MEDANTA,29,ENTRY_FILTER,2023-11-10,2024-11-21,0,5
2024-11-21,2024-11-22,NIFTY_MIDSMALL_HEALTHCARE,SANOFI,30,ENTRY_FILTER,2023-11-10,2024-11-21,0,5
2024-12-23,2024-12-24,NIFTY_FINANCIAL_SERVICES,ICICIBANK,4,ENTRY_FILTER,2023-12-14,2024-12-23,0,5
2024-12-23,2024-12-24,NIFTY_FINANCIAL_SERVICES,SBIN,5,ENTRY_FILTER,2023-12-14,2024-12-23,0,5
2024-12-23,2024-12-24,NIFTY_FINANCIAL_SERVICES,RECLTD,6,ENTRY_FILTER,2023-12-14,2024-12-23,0,5
2024-12-23,2024-12-24,NIFTY_FINANCIAL_SERVICES,ICICIPRULI,7,ENTRY_FILTER,2023-12-14,2024-12-23,0,5
2024-12-23,2024-12-24,NIFTY_FINANCIAL_SERVICES,ICICIGI,8,ENTRY_FILTER,2023-12-14,2024-12-23,0,5
2024-12-23,2024-12-24,NIFTY_FINANCIAL_SERVICES,PFC,9,ENTRY_FILTER,2023-12-14,2024-12-23,0,5
2024-12-23,2024-12-24,NIFTY_FINANCIAL_SERVICES,KOTAKBANK,10,ENTRY_FILTER,2023-12-14,2024-12-23,0,5
2024-12-23,2024-12-24,NIFTY_FINANCIAL_SERVICES,HDFCLIFE,11,ENTRY_FILTER,2023-12-14,2024-12-23,0,5
2024-12-23,2024-12-24,NIFTY_FINANCIAL_SERVICES,BAJFINANCE,12,ENTRY_FILTER,2023-12-14,2024-12-23,0,5
2024-12-23,2024-12-24,NIFTY_FINANCIAL_SERVICES,BAJAJFINSV,13,ENTRY_FILTER,2023-12-14,2024-12-23,0,5
2024-12-23,2024-12-24,NIFTY_FINANCIAL_SERVICES,AXISBANK,14,ENTRY_FILTER,2023-12-14,2024-12-23,0,5
2024-12-23,2024-12-24,NIFTY_FINANCIAL_SERVICES,M&MFIN,15,ENTRY_FILTER,2023-12-14,2024-12-23,0,5
2024-12-23,2024-12-24,NIFTY_FINANCIAL_SERVICES,SBILIFE,16,ENTRY_FILTER,2023-12-14,2024-12-23,0,5
2024-12-23,2024-12-24,NIFTY_FINANCIAL_SERVICES,CHOLAFIN,17,ENTRY_FILTER,2023-12-14,2024-12-23,0,5
2024-12-23,2024-12-24,NIFTY_HEALTHCARE,GLENMARK,4,ENTRY_FILTER,2023-12-14,2024-12-23,0,5
2024-12-23,2024-12-24,NIFTY_HEALTHCARE,LUPIN,5,ENTRY_FILTER,2023-12-14,2024-12-23,0,5
2024-12-23,2024-12-24,NIFTY_HEALTHCARE,MAXHEALTH,6,ENTRY_FILTER,2023-12-14,2024-12-23,0,5
2024-12-23,2024-12-24,NIFTY_HEALTHCARE,SUNPHARMA,7,ENTRY_FILTER,2023-12-14,2024-12-23,0,5
2024-12-23,2024-12-24,NIFTY_HEALTHCARE,TORNTPHARM,8,ENTRY_FILTER,2023-12-14,2024-12-23,0,5
2024-12-23,2024-12-24,NIFTY_HEALTHCARE,APOLLOHOSP,9,ENTRY_FILTER,2023-12-14,2024-12-23,0,5
2024-12-23,2024-12-24,NIFTY_HEALTHCARE,GRANULES,10,ENTRY_FILTER,2023-12-14,2024-12-23,0,5
2024-12-23,2024-12-24,NIFTY_HEALTHCARE,LALPATHLAB,11,ENTRY_FILTER,2023-12-14,2024-12-23,0,5
2024-12-23,2024-12-24,NIFTY_HEALTHCARE,SYNGENE,12,ENTRY_FILTER,2023-12-14,2024-12-23,0,5
2024-12-23,2024-12-24,NIFTY_HEALTHCARE,DRREDDY,13,ENTRY_FILTER,2023-12-14,2024-12-23,0,5
2024-12-23,2024-12-24,NIFTY_HEALTHCARE,METROPOLIS,14,ENTRY_FILTER,2023-12-14,2024-12-23,0,5
2024-12-23,2024-12-24,NIFTY_HEALTHCARE,ABBOTINDIA,15,ENTRY_FILTER,2023-12-14,2024-12-23,0,5
2024-12-23,2024-12-24,NIFTY_HEALTHCARE,AUROPHARMA,16,ENTRY_FILTER,2023-12-14,2024-12-23,0,5
2024-12-23,2024-12-24,NIFTY_HEALTHCARE,ALKEM,17,ENTRY_FILTER,2023-12-14,2024-12-23,0,5
2024-12-23,2024-12-24,NIFTY_HEALTHCARE,BIOCON,18,ENTRY_FILTER,2023-12-14,2024-12-23,0,5
2024-12-23,2024-12-24,NIFTY_HEALTHCARE,ZYDUSLIFE,19,ENTRY_FILTER,2023-12-14,2024-12-23,0,5
2024-12-23,2024-12-24,NIFTY_HEALTHCARE,CIPLA,20,ENTRY_FILTER,2023-12-14,2024-12-23,0,5
2024-12-23,2024-12-24,NIFTY_IT,INFY,4,ENTRY_FILTER,2023-12-14,2024-12-23,0,5
2024-12-23,2024-12-24,NIFTY_IT,TCS,5,ENTRY_FILTER,2023-12-14,2024-12-23,0,5
2024-12-23,2024-12-24,NIFTY_IT,JUSTDIAL,6,ENTRY_FILTER,2023-12-14,2024-12-23,0,5
2024-12-23,2024-12-24,NIFTY_IT,TATAELXSI,7,ENTRY_FILTER,2023-12-14,2024-12-23,0,5
2024-12-23,2024-12-24,NIFTY_PHARMA,SUNPHARMA,4,ENTRY_FILTER,2023-12-14,2024-12-23,0,5
2024-12-23,2024-12-24,NIFTY_PHARMA,DRREDDY,5,ENTRY_FILTER,2023-12-14,2024-12-23,0,5
2024-12-23,2024-12-24,NIFTY_PHARMA,AUROPHARMA,6,ENTRY_FILTER,2023-12-14,2024-12-23,0,5
2024-12-23,2024-12-24,NIFTY_PHARMA,BIOCON,7,ENTRY_FILTER,2023-12-14,2024-12-23,0,5
2024-12-23,2024-12-24,NIFTY_PHARMA,CIPLA,8,ENTRY_FILTER,2023-12-14,2024-12-23,0,5
2024-12-23,2024-12-24,NIFTY_MIDSMALL_HEALTHCARE,ASTERDM,4,ENTRY_FILTER,2023-12-14,2024-12-23,0,5
2024-12-23,2024-12-24,NIFTY_MIDSMALL_HEALTHCARE,KIMS,5,ENTRY_FILTER,2023-12-14,2024-12-23,0,5
2024-12-23,2024-12-24,NIFTY_MIDSMALL_HEALTHCARE,LAURUSLABS,6,ENTRY_FILTER,2023-12-14,2024-12-23,0,5
2024-12-23,2024-12-24,NIFTY_MIDSMALL_HEALTHCARE,MANKIND,7,ENTRY_FILTER,2023-12-14,2024-12-23,0,5
2024-12-23,2024-12-24,NIFTY_MIDSMALL_HEALTHCARE,IPCALAB,8,ENTRY_FILTER,2023-12-14,2024-12-23,0,5
2024-12-23,2024-12-24,NIFTY_MIDSMALL_HEALTHCARE,LUPIN,9,ENTRY_FILTER,2023-12-14,2024-12-23,0,5
2024-12-23,2024-12-24,NIFTY_MIDSMALL_HEALTHCARE,MAXHEALTH,10,ENTRY_FILTER,2023-12-14,2024-12-23,0,5
2024-12-23,2024-12-24,NIFTY_MIDSMALL_HEALTHCARE,GLENMARK,11,ENTRY_FILTER,2023-12-14,2024-12-23,0,5
2024-12-23,2024-12-24,NIFTY_MIDSMALL_HEALTHCARE,POLYMED,12,ENTRY_FILTER,2023-12-14,2024-12-23,0,5
2024-12-23,2024-12-24,NIFTY_MIDSMALL_HEALTHCARE,RAINBOW,13,ENTRY_FILTER,2023-12-14,2024-12-23,0,5
2024-12-23,2024-12-24,NIFTY_MIDSMALL_HEALTHCARE,GRANULES,14,ENTRY_FILTER,2023-12-14,2024-12-23,0,5
2024-12-23,2024-12-24,NIFTY_MIDSMALL_HEALTHCARE,NATCOPHARM,15,ENTRY_FILTER,2023-12-14,2024-12-23,0,5
2024-12-23,2024-12-24,NIFTY_MIDSMALL_HEALTHCARE,NH,16,ENTRY_FILTER,2023-12-14,2024-12-23,0,5
2024-12-23,2024-12-24,NIFTY_MIDSMALL_HEALTHCARE,SYNGENE,17,ENTRY_FILTER,2023-12-14,2024-12-23,0,5
2024-12-23,2024-12-24,NIFTY_MIDSMALL_HEALTHCARE,LALPATHLAB,18,ENTRY_FILTER,2023-12-14,2024-12-23,0,5
2024-12-23,2024-12-24,NIFTY_MIDSMALL_HEALTHCARE,AJANTPHARM,19,ENTRY_FILTER,2023-12-14,2024-12-23,0,5
2024-12-23,2024-12-24,NIFTY_MIDSMALL_HEALTHCARE,ABBOTINDIA,20,ENTRY_FILTER,2023-12-14,2024-12-23,0,5
2024-12-23,2024-12-24,NIFTY_MIDSMALL_HEALTHCARE,METROPOLIS,21,ENTRY_FILTER,2023-12-14,2024-12-23,0,5
2024-12-23,2024-12-24,NIFTY_MIDSMALL_HEALTHCARE,APLLTD,22,ENTRY_FILTER,2023-12-14,2024-12-23,0,5
2024-12-23,2024-12-24,NIFTY_MIDSMALL_HEALTHCARE,JBCHEPHARM,23,ENTRY_FILTER,2023-12-14,2024-12-23,0,5
2024-12-23,2024-12-24,NIFTY_MIDSMALL_HEALTHCARE,ALKEM,24,ENTRY_FILTER,2023-12-14,2024-12-23,0,5
2024-12-23,2024-12-24,NIFTY_MIDSMALL_HEALTHCARE,AUROPHARMA,25,ENTRY_FILTER,2023-12-14,2024-12-23,0,5
2024-12-23,2024-12-24,NIFTY_MIDSMALL_HEALTHCARE,BIOCON,26,ENTRY_FILTER,2023-12-14,2024-12-23,0,5
2024-12-23,2024-12-24,NIFTY_MIDSMALL_HEALTHCARE,GLAND,27,ENTRY_FILTER,2023-12-14,2024-12-23,0,5
2024-12-23,2024-12-24,NIFTY_MIDSMALL_HEALTHCARE,GLAXO,28,ENTRY_FILTER,2023-12-14,2024-12-23,0,5
2024-12-23,2024-12-24,NIFTY_MIDSMALL_HEALTHCARE,MEDANTA,29,ENTRY_FILTER,2023-12-14,2024-12-23,0,5
2024-12-23,2024-12-24,NIFTY_MIDSMALL_HEALTHCARE,SANOFI,30,ENTRY_FILTER,2023-12-14,2024-12-23,0,5
2025-01-21,2025-01-22,NIFTY_HEALTHCARE,MAXHEALTH,4,ENTRY_FILTER,2024-01-12,2025-01-21,0,5
2025-01-21,2025-01-22,NIFTY_HEALTHCARE,LUPIN,5,ENTRY_FILTER,2024-01-12,2025-01-21,0,5
2025-01-21,2025-01-22,NIFTY_HEALTHCARE,IPCALAB,6,ENTRY_FILTER,2024-01-12,2025-01-21,0,5
2025-01-21,2025-01-22,NIFTY_HEALTHCARE,GRANULES,7,ENTRY_FILTER,2024-01-12,2025-01-21,0,5
2025-01-21,2025-01-22,NIFTY_HEALTHCARE,GLENMARK,8,ENTRY_FILTER,2024-01-12,2025-01-21,0,5
2025-01-21,2025-01-22,NIFTY_HEALTHCARE,SUNPHARMA,9,ENTRY_FILTER,2024-01-12,2025-01-21,0,5
2025-01-21,2025-01-22,NIFTY_HEALTHCARE,TORNTPHARM,10,ENTRY_FILTER,2024-01-12,2025-01-21,0,5
2025-01-21,2025-01-22,NIFTY_HEALTHCARE,SYNGENE,11,ENTRY_FILTER,2024-01-12,2025-01-21,0,5
2025-01-21,2025-01-22,NIFTY_HEALTHCARE,APOLLOHOSP,12,ENTRY_FILTER,2024-01-12,2025-01-21,0,5
2025-01-21,2025-01-22,NIFTY_HEALTHCARE,ABBOTINDIA,13,ENTRY_FILTER,2024-01-12,2025-01-21,0,5
2025-01-21,2025-01-22,NIFTY_HEALTHCARE,DRREDDY,14,ENTRY_FILTER,2024-01-12,2025-01-21,0,5
2025-01-21,2025-01-22,NIFTY_HEALTHCARE,ALKEM,15,ENTRY_FILTER,2024-01-12,2025-01-21,0,5
2025-01-21,2025-01-22,NIFTY_HEALTHCARE,LALPATHLAB,16,ENTRY_FILTER,2024-01-12,2025-01-21,0,5
2025-01-21,2025-01-22,NIFTY_HEALTHCARE,CIPLA,17,ENTRY_FILTER,2024-01-12,2025-01-21,0,5
2025-01-21,2025-01-22,NIFTY_HEALTHCARE,ZYDUSLIFE,18,ENTRY_FILTER,2024-01-12,2025-01-21,0,5
2025-01-21,2025-01-22,NIFTY_HEALTHCARE,METROPOLIS,19,ENTRY_FILTER,2024-01-12,2025-01-21,0,5
2025-01-21,2025-01-22,NIFTY_HEALTHCARE,AUROPHARMA,20,ENTRY_FILTER,2024-01-12,2025-01-21,0,5
2025-01-21,2025-01-22,NIFTY_IT,INFY,4,ENTRY_FILTER,2024-01-12,2025-01-21,0,5
2025-01-21,2025-01-22,NIFTY_IT,TCS,5,ENTRY_FILTER,2024-01-12,2025-01-21,0,5
2025-01-21,2025-01-22,NIFTY_IT,TATAELXSI,6,ENTRY_FILTER,2024-01-12,2025-01-21,0,5
2025-01-21,2025-01-22,NIFTY_IT,JUSTDIAL,7,ENTRY_FILTER,2024-01-12,2025-01-21,0,5
2025-01-21,2025-01-22,NIFTY_PHARMA,GLENMARK,4,ENTRY_FILTER,2024-01-12,2025-01-21,0,5
2025-01-21,2025-01-22,NIFTY_PHARMA,SUNPHARMA,5,ENTRY_FILTER,2024-01-12,2025-01-21,0,5
2025-01-21,2025-01-22,NIFTY_PHARMA,DRREDDY,6,ENTRY_FILTER,2024-01-12,2025-01-21,0,5
2025-01-21,2025-01-22,NIFTY_PHARMA,CIPLA,7,ENTRY_FILTER,2024-01-12,2025-01-21,0,5
2025-01-21,2025-01-22,NIFTY_PHARMA,AUROPHARMA,8,ENTRY_FILTER,2024-01-12,2025-01-21,0,5
2025-01-21,2025-01-22,NIFTY_MIDSMALL_HEALTHCARE,LAURUSLABS,4,ENTRY_FILTER,2024-01-12,2025-01-21,0,5
2025-01-21,2025-01-22,NIFTY_MIDSMALL_HEALTHCARE,FORTIS,5,ENTRY_FILTER,2024-01-12,2025-01-21,0,5
2025-01-21,2025-01-22,NIFTY_MIDSMALL_HEALTHCARE,BIOCON,6,ENTRY_FILTER,2024-01-12,2025-01-21,0,5
2025-01-21,2025-01-22,NIFTY_MIDSMALL_HEALTHCARE,MAXHEALTH,7,ENTRY_FILTER,2024-01-12,2025-01-21,0,5
2025-01-21,2025-01-22,NIFTY_MIDSMALL_HEALTHCARE,COHANCE,8,ENTRY_FILTER,2024-01-12,2025-01-21,0,5
2025-01-21,2025-01-22,NIFTY_MIDSMALL_HEALTHCARE,POLYMED,9,ENTRY_FILTER,2024-01-12,2025-01-21,0,5
2025-01-21,2025-01-22,NIFTY_MIDSMALL_HEALTHCARE,LUPIN,10,ENTRY_FILTER,2024-01-12,2025-01-21,0,5
2025-01-21,2025-01-22,NIFTY_MIDSMALL_HEALTHCARE,IPCALAB,11,ENTRY_FILTER,2024-01-12,2025-01-21,0,5
2025-01-21,2025-01-22,NIFTY_MIDSMALL_HEALTHCARE,AJANTPHARM,12,ENTRY_FILTER,2024-01-12,2025-01-21,0,5
2025-01-21,2025-01-22,NIFTY_MIDSMALL_HEALTHCARE,GRANULES,13,ENTRY_FILTER,2024-01-12,2025-01-21,0,5
2025-01-21,2025-01-22,NIFTY_MIDSMALL_HEALTHCARE,RAINBOW,14,ENTRY_FILTER,2024-01-12,2025-01-21,0,5
2025-01-21,2025-01-22,NIFTY_MIDSMALL_HEALTHCARE,GLENMARK,15,ENTRY_FILTER,2024-01-12,2025-01-21,0,5
2025-01-21,2025-01-22,NIFTY_MIDSMALL_HEALTHCARE,SYNGENE,16,ENTRY_FILTER,2024-01-12,2025-01-21,0,5
2025-01-21,2025-01-22,NIFTY_MIDSMALL_HEALTHCARE,NH,17,ENTRY_FILTER,2024-01-12,2025-01-21,0,5
2025-01-21,2025-01-22,NIFTY_MIDSMALL_HEALTHCARE,MANKIND,18,ENTRY_FILTER,2024-01-12,2025-01-21,0,5
2025-01-21,2025-01-22,NIFTY_MIDSMALL_HEALTHCARE,NATCOPHARM,19,ENTRY_FILTER,2024-01-12,2025-01-21,0,5
2025-01-21,2025-01-22,NIFTY_MIDSMALL_HEALTHCARE,ABBOTINDIA,20,ENTRY_FILTER,2024-01-12,2025-01-21,0,5
2025-01-21,2025-01-22,NIFTY_MIDSMALL_HEALTHCARE,ALKEM,21,ENTRY_FILTER,2024-01-12,2025-01-21,0,5
2025-01-21,2025-01-22,NIFTY_MIDSMALL_HEALTHCARE,JBCHEPHARM,22,ENTRY_FILTER,2024-01-12,2025-01-21,0,5
2025-01-21,2025-01-22,NIFTY_MIDSMALL_HEALTHCARE,LALPATHLAB,23,ENTRY_FILTER,2024-01-12,2025-01-21,0,5
2025-01-21,2025-01-22,NIFTY_MIDSMALL_HEALTHCARE,APLLTD,24,ENTRY_FILTER,2024-01-12,2025-01-21,0,5
2025-01-21,2025-01-22,NIFTY_MIDSMALL_HEALTHCARE,METROPOLIS,25,ENTRY_FILTER,2024-01-12,2025-01-21,0,5
2025-01-21,2025-01-22,NIFTY_MIDSMALL_HEALTHCARE,AUROPHARMA,26,ENTRY_FILTER,2024-01-12,2025-01-21,0,5
2025-01-21,2025-01-22,NIFTY_MIDSMALL_HEALTHCARE,MEDANTA,27,ENTRY_FILTER,2024-01-12,2025-01-21,0,5
2025-01-21,2025-01-22,NIFTY_MIDSMALL_HEALTHCARE,GLAXO,28,ENTRY_FILTER,2024-01-12,2025-01-21,0,5
2025-01-21,2025-01-22,NIFTY_MIDSMALL_HEALTHCARE,GLAND,29,ENTRY_FILTER,2024-01-12,2025-01-21,0,5
2025-01-21,2025-01-22,NIFTY_MIDSMALL_HEALTHCARE,SANOFI,30,ENTRY_FILTER,2024-01-12,2025-01-21,0,5
2025-02-21,2025-02-24,NIFTY_IT,HCLTECH,4,ENTRY_FILTER,2024-02-19,2025-02-21,0,5
2025-02-21,2025-02-24,NIFTY_IT,TCS,5,ENTRY_FILTER,2024-02-19,2025-02-21,0,5
2025-02-21,2025-02-24,NIFTY_IT,TATAELXSI,6,ENTRY_FILTER,2024-02-19,2025-02-21,0,5
2025-02-21,2025-02-24,NIFTY_IT,JUSTDIAL,7,ENTRY_FILTER,2024-02-19,2025-02-21,0,5
2025-02-28,2025-03-03,NIFTY_FINANCIAL_SERVICES_EX_BANK,BAJAJFINSV,4,ENTRY_FILTER,2024-02-23,2025-02-28,0,5
2025-02-28,2025-03-03,NIFTY_FINANCIAL_SERVICES_EX_BANK,MUTHOOTFIN,5,ENTRY_FILTER,2024-02-23,2025-02-28,0,5
2025-02-28,2025-03-03,NIFTY_FINANCIAL_SERVICES_EX_BANK,BAJAJHLDNG,6,ENTRY_FILTER,2024-02-23,2025-02-28,0,5
2025-02-28,2025-03-03,NIFTY_FINANCIAL_SERVICES_EX_BANK,PAYTM,7,ENTRY_FILTER,2024-02-23,2025-02-28,0,5
2025-02-28,2025-03-03,NIFTY_FINANCIAL_SERVICES_EX_BANK,MANAPPURAM,8,ENTRY_FILTER,2024-02-23,2025-02-28,0,5
2025-02-28,2025-03-03,NIFTY_FINANCIAL_SERVICES_EX_BANK,SHRIRAMFIN,9,ENTRY_FILTER,2024-02-23,2025-02-28,0,5
2025-02-28,2025-03-03,NIFTY_FINANCIAL_SERVICES_EX_BANK,CHOLAFIN,10,ENTRY_FILTER,2024-02-23,2025-02-28,0,5
2025-02-28,2025-03-03,NIFTY_FINANCIAL_SERVICES_EX_BANK,HDFCLIFE,11,ENTRY_FILTER,2024-02-23,2025-02-28,0,5
2025-02-28,2025-03-03,NIFTY_FINANCIAL_SERVICES_EX_BANK,MFSL,12,ENTRY_FILTER,2024-02-23,2025-02-28,0,5
2025-02-28,2025-03-03,NIFTY_FINANCIAL_SERVICES_EX_BANK,SBILIFE,13,ENTRY_FILTER,2024-02-23,2025-02-28,0,5
2025-02-28,2025-03-03,NIFTY_FINANCIAL_SERVICES_EX_BANK,360ONE,14,ENTRY_FILTER,2024-02-23,2025-02-28,0,5
2025-02-28,2025-03-03,NIFTY_FINANCIAL_SERVICES_EX_BANK,MCX,15,ENTRY_FILTER,2024-02-23,2025-02-28,0,5
2025-02-28,2025-03-03,NIFTY_FINANCIAL_SERVICES_EX_BANK,SUNDARMFIN,16,ENTRY_FILTER,2024-02-23,2025-02-28,0,5
2025-02-28,2025-03-03,NIFTY_FINANCIAL_SERVICES_EX_BANK,ICICIGI,17,ENTRY_FILTER,2024-02-23,2025-02-28,0,5
2025-02-28,2025-03-03,NIFTY_FINANCIAL_SERVICES_EX_BANK,M&MFIN,18,ENTRY_FILTER,2024-02-23,2025-02-28,0,5
2025-02-28,2025-03-03,NIFTY_FINANCIAL_SERVICES_EX_BANK,HDFCAMC,19,ENTRY_FILTER,2024-02-23,2025-02-28,0,5
2025-02-28,2025-03-03,NIFTY_FINANCIAL_SERVICES_EX_BANK,ICICIPRULI,20,ENTRY_FILTER,2024-02-23,2025-02-28,0,5
2025-02-28,2025-03-03,NIFTY_FINANCIAL_SERVICES_EX_BANK,IEX,21,ENTRY_FILTER,2024-02-23,2025-02-28,0,5
2025-02-28,2025-03-03,NIFTY_FINANCIAL_SERVICES_EX_BANK,LTF,22,ENTRY_FILTER,2024-02-23,2025-02-28,0,5
2025-02-28,2025-03-03,NIFTY_FINANCIAL_SERVICES_EX_BANK,POLICYBZR,23,ENTRY_FILTER,2024-02-23,2025-02-28,0,5
2025-02-28,2025-03-03,NIFTY_FINANCIAL_SERVICES_EX_BANK,LICHSGFIN,24,ENTRY_FILTER,2024-02-23,2025-02-28,0,5
2025-02-28,2025-03-03,NIFTY_FINANCIAL_SERVICES_EX_BANK,ABCAPITAL,25,ENTRY_FILTER,2024-02-23,2025-02-28,0,5
2025-02-28,2025-03-03,NIFTY_FINANCIAL_SERVICES_EX_BANK,CANFINHOME,26,ENTRY_FILTER,2024-02-23,2025-02-28,0,5
2025-02-28,2025-03-03,NIFTY_FINANCIAL_SERVICES_EX_BANK,PFC,27,ENTRY_FILTER,2024-02-23,2025-02-28,0,5
2025-02-28,2025-03-03,NIFTY_FINANCIAL_SERVICES_EX_BANK,JIOFIN,28,ENTRY_FILTER,2024-02-23,2025-02-28,0,5
2025-02-28,2025-03-03,NIFTY_FINANCIAL_SERVICES_EX_BANK,RECLTD,29,ENTRY_FILTER,2024-02-23,2025-02-28,0,5
2025-02-28,2025-03-03,NIFTY_MIDSMALL_FINANCIAL_SERVICES,CHOLAHLDNG,4,ENTRY_FILTER,2024-02-23,2025-02-28,0,5
2025-02-28,2025-03-03,NIFTY_MIDSMALL_FINANCIAL_SERVICES,MANAPPURAM,5,ENTRY_FILTER,2024-02-23,2025-02-28,0,5
2025-02-28,2025-03-03,NIFTY_MIDSMALL_FINANCIAL_SERVICES,MFSL,6,ENTRY_FILTER,2024-02-23,2025-02-28,0,5
2025-02-28,2025-03-03,NIFTY_MIDSMALL_FINANCIAL_SERVICES,FEDERALBNK,7,ENTRY_FILTER,2024-02-23,2025-02-28,0,5
2025-02-28,2025-03-03,NIFTY_MIDSMALL_FINANCIAL_SERVICES,360ONE,8,ENTRY_FILTER,2024-02-23,2025-02-28,0,5
2025-02-28,2025-03-03,NIFTY_MIDSMALL_FINANCIAL_SERVICES,MCX,9,ENTRY_FILTER,2024-02-23,2025-02-28,0,5
2025-02-28,2025-03-03,NIFTY_MIDSMALL_FINANCIAL_SERVICES,M&MFIN,10,ENTRY_FILTER,2024-02-23,2025-02-28,0,5
2025-02-28,2025-03-03,NIFTY_MIDSMALL_FINANCIAL_SERVICES,SUNDARMFIN,11,ENTRY_FILTER,2024-02-23,2025-02-28,0,5
2025-02-28,2025-03-03,NIFTY_MIDSMALL_FINANCIAL_SERVICES,CUB,12,ENTRY_FILTER,2024-02-23,2025-02-28,0,5
2025-02-28,2025-03-03,NIFTY_MIDSMALL_FINANCIAL_SERVICES,HDFCAMC,13,ENTRY_FILTER,2024-02-23,2025-02-28,0,5
2025-02-28,2025-03-03,NIFTY_MIDSMALL_FINANCIAL_SERVICES,AUBANK,14,ENTRY_FILTER,2024-02-23,2025-02-28,0,5
2025-02-28,2025-03-03,NIFTY_MIDSMALL_FINANCIAL_SERVICES,IEX,15,ENTRY_FILTER,2024-02-23,2025-02-28,0,5
2025-02-28,2025-03-03,NIFTY_MIDSMALL_FINANCIAL_SERVICES,LTF,16,ENTRY_FILTER,2024-02-23,2025-02-28,0,5
2025-02-28,2025-03-03,NIFTY_MIDSMALL_FINANCIAL_SERVICES,UNIONBANK,17,ENTRY_FILTER,2024-02-23,2025-02-28,0,5
2025-02-28,2025-03-03,NIFTY_MIDSMALL_FINANCIAL_SERVICES,POLICYBZR,18,ENTRY_FILTER,2024-02-23,2025-02-28,0,5
2025-02-28,2025-03-03,NIFTY_MIDSMALL_FINANCIAL_SERVICES,IDFCFIRSTB,19,ENTRY_FILTER,2024-02-23,2025-02-28,0,5
2025-02-28,2025-03-03,NIFTY_MIDSMALL_FINANCIAL_SERVICES,LICHSGFIN,20,ENTRY_FILTER,2024-02-23,2025-02-28,0,5
2025-02-28,2025-03-03,NIFTY_MIDSMALL_FINANCIAL_SERVICES,YESBANK,21,ENTRY_FILTER,2024-02-23,2025-02-28,0,5
2025-02-28,2025-03-03,NIFTY_MIDSMALL_FINANCIAL_SERVICES,BANDHANBNK,22,ENTRY_FILTER,2024-02-23,2025-02-28,0,5
2025-02-28,2025-03-03,NIFTY_MIDSMALL_FINANCIAL_SERVICES,ABCAPITAL,23,ENTRY_FILTER,2024-02-23,2025-02-28,0,5
2025-02-28,2025-03-03,NIFTY_MIDSMALL_FINANCIAL_SERVICES,RBLBANK,24,ENTRY_FILTER,2024-02-23,2025-02-28,0,5
2025-02-28,2025-03-03,NIFTY_MIDSMALL_FINANCIAL_SERVICES,POONAWALLA,25,ENTRY_FILTER,2024-02-23,2025-02-28,0,5
2025-02-28,2025-03-03,NIFTY_MIDSMALL_FINANCIAL_SERVICES,CDSL,26,ENTRY_FILTER,2024-02-23,2025-02-28,0,5
2025-02-28,2025-03-03,NIFTY_MIDSMALL_FINANCIAL_SERVICES,CANFINHOME,27,ENTRY_FILTER,2024-02-23,2025-02-28,0,5
2025-02-28,2025-03-03,NIFTY_MIDSMALL_FINANCIAL_SERVICES,CAMS,28,ENTRY_FILTER,2024-02-23,2025-02-28,0,5
2025-02-28,2025-03-03,NIFTY_MIDSMALL_FINANCIAL_SERVICES,IIFL,29,ENTRY_FILTER,2024-02-23,2025-02-28,2,5
2025-03-21,2025-03-24,NIFTY_FINANCIAL_SERVICES_EX_BANK,BAJAJHLDNG,4,ENTRY_FILTER,2024-03-15,2025-03-21,0,5
2025-03-21,2025-03-24,NIFTY_FINANCIAL_SERVICES_EX_BANK,MANAPPURAM,5,ENTRY_FILTER,2024-03-15,2025-03-21,0,5
2025-03-21,2025-03-24,NIFTY_FINANCIAL_SERVICES_EX_BANK,BSE,6,ENTRY_FILTER,2024-03-15,2025-03-21,0,5
2025-03-21,2025-03-24,NIFTY_FINANCIAL_SERVICES_EX_BANK,PAYTM,7,ENTRY_FILTER,2024-03-15,2025-03-21,0,5
2025-03-21,2025-03-24,NIFTY_FINANCIAL_SERVICES_EX_BANK,BAJAJFINSV,8,ENTRY_FILTER,2024-03-15,2025-03-21,0,5
2025-03-21,2025-03-24,NIFTY_FINANCIAL_SERVICES_EX_BANK,CHOLAFIN,9,ENTRY_FILTER,2024-03-15,2025-03-21,0,5
2025-03-21,2025-03-24,NIFTY_FINANCIAL_SERVICES_EX_BANK,HDFCLIFE,10,ENTRY_FILTER,2024-03-15,2025-03-21,0,5
2025-03-21,2025-03-24,NIFTY_FINANCIAL_SERVICES_EX_BANK,SHRIRAMFIN,11,ENTRY_FILTER,2024-03-15,2025-03-21,0,5
2025-03-21,2025-03-24,NIFTY_FINANCIAL_SERVICES_EX_BANK,MFSL,12,ENTRY_FILTER,2024-03-15,2025-03-21,0,5
2025-03-21,2025-03-24,NIFTY_FINANCIAL_SERVICES_EX_BANK,SBILIFE,13,ENTRY_FILTER,2024-03-15,2025-03-21,0,5
2025-03-21,2025-03-24,NIFTY_FINANCIAL_SERVICES_EX_BANK,SUNDARMFIN,14,ENTRY_FILTER,2024-03-15,2025-03-21,0,5
2025-03-21,2025-03-24,NIFTY_FINANCIAL_SERVICES_EX_BANK,M&MFIN,15,ENTRY_FILTER,2024-03-15,2025-03-21,0,5
2025-03-21,2025-03-24,NIFTY_FINANCIAL_SERVICES_EX_BANK,MCX,16,ENTRY_FILTER,2024-03-15,2025-03-21,0,5
2025-03-21,2025-03-24,NIFTY_FINANCIAL_SERVICES_EX_BANK,LTF,17,ENTRY_FILTER,2024-03-15,2025-03-21,0,5
2025-03-21,2025-03-24,NIFTY_FINANCIAL_SERVICES_EX_BANK,HDFCAMC,18,ENTRY_FILTER,2024-03-15,2025-03-21,0,5
2025-03-21,2025-03-24,NIFTY_FINANCIAL_SERVICES_EX_BANK,ICICIGI,19,ENTRY_FILTER,2024-03-15,2025-03-21,0,5
2025-03-21,2025-03-24,NIFTY_FINANCIAL_SERVICES_EX_BANK,LICHSGFIN,20,ENTRY_FILTER,2024-03-15,2025-03-21,0,5
2025-03-21,2025-03-24,NIFTY_FINANCIAL_SERVICES_EX_BANK,ICICIPRULI,21,ENTRY_FILTER,2024-03-15,2025-03-21,0,5
2025-03-21,2025-03-24,NIFTY_FINANCIAL_SERVICES_EX_BANK,IEX,22,ENTRY_FILTER,2024-03-15,2025-03-21,0,5
2025-03-21,2025-03-24,NIFTY_FINANCIAL_SERVICES_EX_BANK,ABCAPITAL,23,ENTRY_FILTER,2024-03-15,2025-03-21,0,5
2025-03-21,2025-03-24,NIFTY_FINANCIAL_SERVICES_EX_BANK,PFC,24,ENTRY_FILTER,2024-03-15,2025-03-21,0,5
2025-03-21,2025-03-24,NIFTY_FINANCIAL_SERVICES_EX_BANK,360ONE,25,ENTRY_FILTER,2024-03-15,2025-03-21,0,5
2025-03-21,2025-03-24,NIFTY_FINANCIAL_SERVICES_EX_BANK,CANFINHOME,26,ENTRY_FILTER,2024-03-15,2025-03-21,0,5
2025-03-21,2025-03-24,NIFTY_FINANCIAL_SERVICES_EX_BANK,POLICYBZR,27,ENTRY_FILTER,2024-03-15,2025-03-21,0,5
2025-03-21,2025-03-24,NIFTY_FINANCIAL_SERVICES_EX_BANK,RECLTD,28,ENTRY_FILTER,2024-03-15,2025-03-21,0,5
2025-03-21,2025-03-24,NIFTY_FINANCIAL_SERVICES_EX_BANK,JIOFIN,29,ENTRY_FILTER,2024-03-15,2025-03-21,0,5
2025-03-28,2025-04-01,NIFTY_FINANCIAL_SERVICES,BAJAJFINSV,4,ENTRY_FILTER,2024-03-22,2025-03-28,0,5
2025-03-28,2025-04-01,NIFTY_FINANCIAL_SERVICES,ICICIBANK,5,ENTRY_FILTER,2024-03-22,2025-03-28,0,5
2025-03-28,2025-04-01,NIFTY_FINANCIAL_SERVICES,HDFCBANK,6,ENTRY_FILTER,2024-03-22,2025-03-28,0,5
2025-03-28,2025-04-01,NIFTY_FINANCIAL_SERVICES,HDFCLIFE,7,ENTRY_FILTER,2024-03-22,2025-03-28,0,5
2025-03-28,2025-04-01,NIFTY_FINANCIAL_SERVICES,CHOLAFIN,8,ENTRY_FILTER,2024-03-22,2025-03-28,0,5
2025-03-28,2025-04-01,NIFTY_FINANCIAL_SERVICES,SBILIFE,9,ENTRY_FILTER,2024-03-22,2025-03-28,0,5
2025-03-28,2025-04-01,NIFTY_FINANCIAL_SERVICES,SBIN,10,ENTRY_FILTER,2024-03-22,2025-03-28,0,5
2025-03-28,2025-04-01,NIFTY_FINANCIAL_SERVICES,AXISBANK,11,ENTRY_FILTER,2024-03-22,2025-03-28,0,5
2025-03-28,2025-04-01,NIFTY_FINANCIAL_SERVICES,ICICIGI,12,ENTRY_FILTER,2024-03-22,2025-03-28,0,5
2025-03-28,2025-04-01,NIFTY_FINANCIAL_SERVICES,M&MFIN,13,ENTRY_FILTER,2024-03-22,2025-03-28,0,5
2025-03-28,2025-04-01,NIFTY_FINANCIAL_SERVICES,PFC,14,ENTRY_FILTER,2024-03-22,2025-03-28,0,5
2025-03-28,2025-04-01,NIFTY_FINANCIAL_SERVICES,ICICIPRULI,15,ENTRY_FILTER,2024-03-22,2025-03-28,0,5
2025-03-28,2025-04-01,NIFTY_FINANCIAL_SERVICES,EDELWEISS,16,ENTRY_FILTER,2024-03-22,2025-03-28,0,5
2025-03-28,2025-04-01,NIFTY_FINANCIAL_SERVICES,RECLTD,17,ENTRY_FILTER,2024-03-22,2025-03-28,0,5
2025-04-21,2025-04-22,NIFTY_BANK,AXISBANK,4,ENTRY_FILTER,2024-04-12,2025-04-21,0,5
2025-04-21,2025-04-22,NIFTY_BANK,FEDERALBNK,5,ENTRY_FILTER,2024-04-12,2025-04-21,0,5
2025-04-21,2025-04-22,NIFTY_BANK,BANKBARODA,6,ENTRY_FILTER,2024-04-12,2025-04-21,0,5
2025-04-21,2025-04-22,NIFTY_BANK,SBIN,7,ENTRY_FILTER,2024-04-12,2025-04-21,0,5
2025-04-21,2025-04-22,NIFTY_BANK,RBLBANK,8,ENTRY_FILTER,2024-04-12,2025-04-21,0,5
2025-04-21,2025-04-22,NIFTY_BANK,PNB,9,ENTRY_FILTER,2024-04-12,2025-04-21,0,5
2025-04-21,2025-04-22,NIFTY_BANK,BANDHANBNK,10,ENTRY_FILTER,2024-04-12,2025-04-21,0,5
2025-04-21,2025-04-22,NIFTY_BANK,IDFCFIRSTB,11,ENTRY_FILTER,2024-04-12,2025-04-21,0,5
2025-04-21,2025-04-22,NIFTY_BANK,INDUSINDBK,12,ENTRY_FILTER,2024-04-12,2025-04-21,0,5
2025-04-21,2025-04-22,NIFTY_FINANCIAL_SERVICES,HDFCBANK,4,ENTRY_FILTER,2024-04-12,2025-04-21,0,5
2025-04-21,2025-04-22,NIFTY_FINANCIAL_SERVICES,ICICIBANK,5,ENTRY_FILTER,2024-04-12,2025-04-21,0,5
2025-04-21,2025-04-22,NIFTY_FINANCIAL_SERVICES,CHOLAFIN,6,ENTRY_FILTER,2024-04-12,2025-04-21,0,5
2025-04-21,2025-04-22,NIFTY_FINANCIAL_SERVICES,BAJAJHLDNG,7,ENTRY_FILTER,2024-04-12,2025-04-21,0,5
2025-04-21,2025-04-22,NIFTY_FINANCIAL_SERVICES,HDFCLIFE,8,ENTRY_FILTER,2024-04-12,2025-04-21,0,5
2025-04-21,2025-04-22,NIFTY_FINANCIAL_SERVICES,AXISBANK,9,ENTRY_FILTER,2024-04-12,2025-04-21,0,5
2025-04-21,2025-04-22,NIFTY_FINANCIAL_SERVICES,SBILIFE,10,ENTRY_FILTER,2024-04-12,2025-04-21,0,5
2025-04-21,2025-04-22,NIFTY_FINANCIAL_SERVICES,SBIN,11,ENTRY_FILTER,2024-04-12,2025-04-21,0,5
2025-04-21,2025-04-22,NIFTY_FINANCIAL_SERVICES,M&MFIN,12,ENTRY_FILTER,2024-04-12,2025-04-21,0,5
2025-04-21,2025-04-22,NIFTY_FINANCIAL_SERVICES,ICICIGI,13,ENTRY_FILTER,2024-04-12,2025-04-21,0,5
2025-04-21,2025-04-22,NIFTY_FINANCIAL_SERVICES,ICICIPRULI,14,ENTRY_FILTER,2024-04-12,2025-04-21,0,5
2025-04-21,2025-04-22,NIFTY_FINANCIAL_SERVICES,PFC,15,ENTRY_FILTER,2024-04-12,2025-04-21,0,5
2025-04-21,2025-04-22,NIFTY_FINANCIAL_SERVICES,EDELWEISS,16,ENTRY_FILTER,2024-04-12,2025-04-21,0,5
2025-04-21,2025-04-22,NIFTY_FINANCIAL_SERVICES,RECLTD,17,ENTRY_FILTER,2024-04-12,2025-04-21,0,5
2025-04-21,2025-04-22,NIFTY_FINANCIAL_SERVICES_EX_BANK,MANAPPURAM,4,ENTRY_FILTER,2024-04-12,2025-04-21,0,5
2025-04-21,2025-04-22,NIFTY_FINANCIAL_SERVICES_EX_BANK,BAJAJFINSV,5,ENTRY_FILTER,2024-04-12,2025-04-21,0,5
2025-04-21,2025-04-22,NIFTY_FINANCIAL_SERVICES_EX_BANK,PAYTM,6,ENTRY_FILTER,2024-04-12,2025-04-21,0,5
2025-04-21,2025-04-22,NIFTY_FINANCIAL_SERVICES_EX_BANK,CHOLAFIN,7,ENTRY_FILTER,2024-04-12,2025-04-21,0,5
2025-04-21,2025-04-22,NIFTY_FINANCIAL_SERVICES_EX_BANK,SHRIRAMFIN,8,ENTRY_FILTER,2024-04-12,2025-04-21,0,5
2025-04-21,2025-04-22,NIFTY_FINANCIAL_SERVICES_EX_BANK,MFSL,9,ENTRY_FILTER,2024-04-12,2025-04-21,0,5
2025-04-21,2025-04-22,NIFTY_FINANCIAL_SERVICES_EX_BANK,BAJAJHLDNG,10,ENTRY_FILTER,2024-04-12,2025-04-21,0,5
2025-04-21,2025-04-22,NIFTY_FINANCIAL_SERVICES_EX_BANK,HDFCLIFE,11,ENTRY_FILTER,2024-04-12,2025-04-21,0,5
2025-04-21,2025-04-22,NIFTY_FINANCIAL_SERVICES_EX_BANK,MUTHOOTFIN,12,ENTRY_FILTER,2024-04-12,2025-04-21,0,5
2025-04-21,2025-04-22,NIFTY_FINANCIAL_SERVICES_EX_BANK,LTF,13,ENTRY_FILTER,2024-04-12,2025-04-21,0,5
2025-04-21,2025-04-22,NIFTY_FINANCIAL_SERVICES_EX_BANK,SUNDARMFIN,14,ENTRY_FILTER,2024-04-12,2025-04-21,0,5
2025-04-21,2025-04-22,NIFTY_FINANCIAL_SERVICES_EX_BANK,IEX,15,ENTRY_FILTER,2024-04-12,2025-04-21,0,5
2025-04-21,2025-04-22,NIFTY_FINANCIAL_SERVICES_EX_BANK,SBILIFE,16,ENTRY_FILTER,2024-04-12,2025-04-21,0,5
2025-04-21,2025-04-22,NIFTY_FINANCIAL_SERVICES_EX_BANK,HDFCAMC,17,ENTRY_FILTER,2024-04-12,2025-04-21,0,5
2025-04-21,2025-04-22,NIFTY_FINANCIAL_SERVICES_EX_BANK,ABCAPITAL,18,ENTRY_FILTER,2024-04-12,2025-04-21,0,5
2025-04-21,2025-04-22,NIFTY_FINANCIAL_SERVICES_EX_BANK,LICHSGFIN,19,ENTRY_FILTER,2024-04-12,2025-04-21,0,5
2025-04-21,2025-04-22,NIFTY_FINANCIAL_SERVICES_EX_BANK,MCX,20,ENTRY_FILTER,2024-04-12,2025-04-21,0,5
2025-04-21,2025-04-22,NIFTY_FINANCIAL_SERVICES_EX_BANK,M&MFIN,21,ENTRY_FILTER,2024-04-12,2025-04-21,0,5
2025-04-21,2025-04-22,NIFTY_FINANCIAL_SERVICES_EX_BANK,ICICIGI,22,ENTRY_FILTER,2024-04-12,2025-04-21,0,5
2025-04-21,2025-04-22,NIFTY_FINANCIAL_SERVICES_EX_BANK,CANFINHOME,23,ENTRY_FILTER,2024-04-12,2025-04-21,0,5
2025-04-21,2025-04-22,NIFTY_FINANCIAL_SERVICES_EX_BANK,PFC,24,ENTRY_FILTER,2024-04-12,2025-04-21,0,5
2025-04-21,2025-04-22,NIFTY_FINANCIAL_SERVICES_EX_BANK,POLICYBZR,25,ENTRY_FILTER,2024-04-12,2025-04-21,0,5
2025-04-21,2025-04-22,NIFTY_FINANCIAL_SERVICES_EX_BANK,ICICIPRULI,26,ENTRY_FILTER,2024-04-12,2025-04-21,0,5
2025-04-21,2025-04-22,NIFTY_FINANCIAL_SERVICES_EX_BANK,RECLTD,27,ENTRY_FILTER,2024-04-12,2025-04-21,0,5
2025-04-21,2025-04-22,NIFTY_FINANCIAL_SERVICES_EX_BANK,360ONE,28,ENTRY_FILTER,2024-04-12,2025-04-21,0,5
2025-04-21,2025-04-22,NIFTY_FINANCIAL_SERVICES_EX_BANK,JIOFIN,29,ENTRY_FILTER,2024-04-12,2025-04-21,0,5
2025-04-21,2025-04-22,NIFTY_PRIVATE_BANK,CUB,4,ENTRY_FILTER,2024-04-12,2025-04-21,0,5
2025-04-21,2025-04-22,NIFTY_PRIVATE_BANK,AXISBANK,5,ENTRY_FILTER,2024-04-12,2025-04-21,0,5
2025-04-21,2025-04-22,NIFTY_PRIVATE_BANK,FEDERALBNK,6,ENTRY_FILTER,2024-04-12,2025-04-21,0,5
2025-04-21,2025-04-22,NIFTY_PRIVATE_BANK,RBLBANK,7,ENTRY_FILTER,2024-04-12,2025-04-21,0,5
2025-04-21,2025-04-22,NIFTY_PRIVATE_BANK,BANDHANBNK,8,ENTRY_FILTER,2024-04-12,2025-04-21,0,5
2025-04-21,2025-04-22,NIFTY_PRIVATE_BANK,IDFCFIRSTB,9,ENTRY_FILTER,2024-04-12,2025-04-21,0,5
2025-04-21,2025-04-22,NIFTY_PRIVATE_BANK,INDUSINDBK,10,ENTRY_FILTER,2024-04-12,2025-04-21,0,5
2025-05-16,2025-05-19,NIFTY_OIL_GAS,IOC,4,ENTRY_FILTER,2024-05-10,2025-05-16,0,5
2025-05-16,2025-05-19,NIFTY_OIL_GAS,AEGISLOG,5,ENTRY_FILTER,2024-05-09,2025-05-16,0,5
2025-05-16,2025-05-19,NIFTY_OIL_GAS,CASTROLIND,6,ENTRY_FILTER,2024-05-10,2025-05-16,0,5
2025-05-16,2025-05-19,NIFTY_OIL_GAS,PETRONET,7,ENTRY_FILTER,2024-05-10,2025-05-16,0,5
2025-05-16,2025-05-19,NIFTY_OIL_GAS,GAIL,8,ENTRY_FILTER,2024-05-10,2025-05-16,0,5
2025-05-16,2025-05-19,NIFTY_OIL_GAS,ATGL,9,ENTRY_FILTER,2024-05-10,2025-05-16,0,5
2025-05-16,2025-05-19,NIFTY_OIL_GAS,ONGC,10,ENTRY_FILTER,2024-05-10,2025-05-16,0,5
2025-05-16,2025-05-19,NIFTY_OIL_GAS,IGL,11,ENTRY_FILTER,2024-05-10,2025-05-16,0,5
2025-05-16,2025-05-19,NIFTY_OIL_GAS,MGL,12,ENTRY_FILTER,2024-05-10,2025-05-16,0,5
2025-05-16,2025-05-19,NIFTY_OIL_GAS,OIL,13,ENTRY_FILTER,2024-05-10,2025-05-16,0,5
2025-05-21,2025-05-22,NIFTY_BANK,HDFCBANK,4,ENTRY_FILTER,2024-05-15,2025-05-21,0,5
2025-05-21,2025-05-22,NIFTY_BANK,AXISBANK,5,ENTRY_FILTER,2024-05-15,2025-05-21,0,5
2025-05-21,2025-05-22,NIFTY_BANK,SBIN,6,ENTRY_FILTER,2024-05-15,2025-05-21,0,5
2025-05-21,2025-05-22,NIFTY_BANK,FEDERALBNK,7,ENTRY_FILTER,2024-05-15,2025-05-21,0,5
2025-05-21,2025-05-22,NIFTY_BANK,BANKBARODA,8,ENTRY_FILTER,2024-05-15,2025-05-21,0,5
2025-05-21,2025-05-22,NIFTY_BANK,IDFCFIRSTB,9,ENTRY_FILTER,2024-05-15,2025-05-21,0,5
2025-05-21,2025-05-22,NIFTY_BANK,BANDHANBNK,10,ENTRY_FILTER,2024-05-15,2025-05-21,0,5
2025-05-21,2025-05-22,NIFTY_BANK,PNB,11,ENTRY_FILTER,2024-05-15,2025-05-21,0,5
2025-05-21,2025-05-22,NIFTY_BANK,INDUSINDBK,12,ENTRY_FILTER,2024-05-15,2025-05-21,0,5
2025-05-21,2025-05-22,NIFTY_FINANCIAL_SERVICES,ICICIBANK,4,ENTRY_FILTER,2024-05-15,2025-05-21,0,5
2025-05-21,2025-05-22,NIFTY_FINANCIAL_SERVICES,BAJAJHLDNG,5,ENTRY_FILTER,2024-05-15,2025-05-21,0,5
2025-05-21,2025-05-22,NIFTY_FINANCIAL_SERVICES,HDFCBANK,6,ENTRY_FILTER,2024-05-15,2025-05-21,0,5
2025-05-21,2025-05-22,NIFTY_FINANCIAL_SERVICES,HDFCLIFE,7,ENTRY_FILTER,2024-05-15,2025-05-21,0,5
2025-05-21,2025-05-22,NIFTY_FINANCIAL_SERVICES,KOTAKBANK,8,ENTRY_FILTER,2024-05-15,2025-05-21,0,5
2025-05-21,2025-05-22,NIFTY_FINANCIAL_SERVICES,SBILIFE,9,ENTRY_FILTER,2024-05-15,2025-05-21,0,5
2025-05-21,2025-05-22,NIFTY_FINANCIAL_SERVICES,AXISBANK,10,ENTRY_FILTER,2024-05-15,2025-05-21,0,5
2025-05-21,2025-05-22,NIFTY_FINANCIAL_SERVICES,SBIN,11,ENTRY_FILTER,2024-05-15,2025-05-21,0,5
2025-05-21,2025-05-22,NIFTY_FINANCIAL_SERVICES,ICICIGI,12,ENTRY_FILTER,2024-05-15,2025-05-21,0,5
2025-05-21,2025-05-22,NIFTY_FINANCIAL_SERVICES,ICICIPRULI,13,ENTRY_FILTER,2024-05-15,2025-05-21,0,5
2025-05-21,2025-05-22,NIFTY_FINANCIAL_SERVICES,PFC,14,ENTRY_FILTER,2024-05-15,2025-05-21,0,5
2025-05-21,2025-05-22,NIFTY_FINANCIAL_SERVICES,M&MFIN,15,ENTRY_FILTER,2024-05-15,2025-05-21,0,5
2025-05-21,2025-05-22,NIFTY_FINANCIAL_SERVICES,EDELWEISS,16,ENTRY_FILTER,2024-05-15,2025-05-21,0,5
2025-05-21,2025-05-22,NIFTY_FINANCIAL_SERVICES,RECLTD,17,ENTRY_FILTER,2024-05-15,2025-05-21,0,5
2025-05-21,2025-05-22,NIFTY_FINANCIAL_SERVICES_EX_BANK,MFSL,4,ENTRY_FILTER,2024-05-15,2025-05-21,0,5
2025-05-21,2025-05-22,NIFTY_FINANCIAL_SERVICES_EX_BANK,ABCAPITAL,5,ENTRY_FILTER,2024-05-15,2025-05-21,0,5
2025-05-21,2025-05-22,NIFTY_FINANCIAL_SERVICES_EX_BANK,SBICARD,6,ENTRY_FILTER,2024-05-15,2025-05-21,0,5
2025-05-21,2025-05-22,NIFTY_FINANCIAL_SERVICES_EX_BANK,LTF,7,ENTRY_FILTER,2024-05-15,2025-05-21,0,5
2025-05-21,2025-05-22,NIFTY_FINANCIAL_SERVICES_EX_BANK,HDFCAMC,8,ENTRY_FILTER,2024-05-15,2025-05-21,0,5
2025-05-21,2025-05-22,NIFTY_FINANCIAL_SERVICES_EX_BANK,BAJAJFINSV,9,ENTRY_FILTER,2024-05-15,2025-05-21,0,5
2025-05-21,2025-05-22,NIFTY_FINANCIAL_SERVICES_EX_BANK,HDFCLIFE,10,ENTRY_FILTER,2024-05-15,2025-05-21,0,5
2025-05-21,2025-05-22,NIFTY_FINANCIAL_SERVICES_EX_BANK,IEX,11,ENTRY_FILTER,2024-05-15,2025-05-21,0,5
2025-05-21,2025-05-22,NIFTY_FINANCIAL_SERVICES_EX_BANK,SBILIFE,12,ENTRY_FILTER,2024-05-15,2025-05-21,0,5
2025-05-21,2025-05-22,NIFTY_FINANCIAL_SERVICES_EX_BANK,SHRIRAMFIN,13,ENTRY_FILTER,2024-05-15,2025-05-21,0,5
2025-05-21,2025-05-22,NIFTY_FINANCIAL_SERVICES_EX_BANK,PAYTM,14,ENTRY_FILTER,2024-05-15,2025-05-21,0,5
2025-05-21,2025-05-22,NIFTY_FINANCIAL_SERVICES_EX_BANK,ANGELONE,15,ENTRY_FILTER,2024-05-15,2025-05-21,0,5
2025-05-21,2025-05-22,NIFTY_FINANCIAL_SERVICES_EX_BANK,MCX,16,ENTRY_FILTER,2024-05-15,2025-05-21,0,5
2025-05-21,2025-05-22,NIFTY_FINANCIAL_SERVICES_EX_BANK,CDSL,17,ENTRY_FILTER,2024-05-15,2025-05-21,0,5
2025-05-21,2025-05-22,NIFTY_FINANCIAL_SERVICES_EX_BANK,MUTHOOTFIN,18,ENTRY_FILTER,2024-05-15,2025-05-21,0,5
2025-05-21,2025-05-22,NIFTY_FINANCIAL_SERVICES_EX_BANK,ICICIGI,19,ENTRY_FILTER,2024-05-15,2025-05-21,0,5
2025-05-21,2025-05-22,NIFTY_FINANCIAL_SERVICES_EX_BANK,LICHSGFIN,20,ENTRY_FILTER,2024-05-15,2025-05-21,0,5
2025-05-21,2025-05-22,NIFTY_FINANCIAL_SERVICES_EX_BANK,JIOFIN,21,ENTRY_FILTER,2024-05-15,2025-05-21,0,5
2025-05-21,2025-05-22,NIFTY_FINANCIAL_SERVICES_EX_BANK,LICI,22,ENTRY_FILTER,2024-05-15,2025-05-21,0,5
2025-05-21,2025-05-22,NIFTY_FINANCIAL_SERVICES_EX_BANK,POLICYBZR,23,ENTRY_FILTER,2024-05-15,2025-05-21,0,5
2025-05-21,2025-05-22,NIFTY_FINANCIAL_SERVICES_EX_BANK,ICICIPRULI,24,ENTRY_FILTER,2024-05-15,2025-05-21,0,5
2025-05-21,2025-05-22,NIFTY_FINANCIAL_SERVICES_EX_BANK,PFC,25,ENTRY_FILTER,2024-05-15,2025-05-21,0,5
2025-05-21,2025-05-22,NIFTY_FINANCIAL_SERVICES_EX_BANK,IRFC,26,ENTRY_FILTER,2024-05-15,2025-05-21,0,5
2025-05-21,2025-05-22,NIFTY_FINANCIAL_SERVICES_EX_BANK,M&MFIN,27,ENTRY_FILTER,2024-05-15,2025-05-21,0,5
2025-05-21,2025-05-22,NIFTY_FINANCIAL_SERVICES_EX_BANK,CAMS,28,ENTRY_FILTER,2024-05-15,2025-05-21,0,5
2025-05-21,2025-05-22,NIFTY_FINANCIAL_SERVICES_EX_BANK,360ONE,29,ENTRY_FILTER,2024-05-15,2025-05-21,0,5
2025-05-21,2025-05-22,NIFTY_FINANCIAL_SERVICES_EX_BANK,RECLTD,30,ENTRY_FILTER,2024-05-15,2025-05-21,0,5
2025-05-21,2025-05-22,NIFTY_OIL_GAS,AEGISLOG,4,ENTRY_FILTER,2024-05-14,2025-05-21,0,5
2025-05-21,2025-05-22,NIFTY_OIL_GAS,IOC,5,ENTRY_FILTER,2024-05-15,2025-05-21,0,5
2025-05-21,2025-05-22,NIFTY_OIL_GAS,GAIL,6,ENTRY_FILTER,2024-05-15,2025-05-21,0,5
2025-05-21,2025-05-22,NIFTY_OIL_GAS,CASTROLIND,7,ENTRY_FILTER,2024-05-15,2025-05-21,0,5
2025-05-21,2025-05-22,NIFTY_OIL_GAS,PETRONET,8,ENTRY_FILTER,2024-05-15,2025-05-21,0,5
2025-05-21,2025-05-22,NIFTY_OIL_GAS,MGL,9,ENTRY_FILTER,2024-05-15,2025-05-21,0,5
2025-05-21,2025-05-22,NIFTY_OIL_GAS,ONGC,10,ENTRY_FILTER,2024-05-15,2025-05-21,0,5
2025-05-21,2025-05-22,NIFTY_OIL_GAS,IGL,11,ENTRY_FILTER,2024-05-15,2025-05-21,0,5
2025-05-21,2025-05-22,NIFTY_OIL_GAS,ATGL,12,ENTRY_FILTER,2024-05-15,2025-05-21,0,5
2025-05-21,2025-05-22,NIFTY_OIL_GAS,OIL,13,ENTRY_FILTER,2024-05-15,2025-05-21,0,5
2025-05-21,2025-05-22,NIFTY_PRIVATE_BANK,HDFCBANK,4,ENTRY_FILTER,2024-05-15,2025-05-21,0,5
2025-05-21,2025-05-22,NIFTY_PRIVATE_BANK,AXISBANK,5,ENTRY_FILTER,2024-05-15,2025-05-21,0,5
2025-05-21,2025-05-22,NIFTY_PRIVATE_BANK,FEDERALBNK,6,ENTRY_FILTER,2024-05-15,2025-05-21,0,5
2025-05-21,2025-05-22,NIFTY_PRIVATE_BANK,YESBANK,7,ENTRY_FILTER,2024-05-15,2025-05-21,0,5
2025-05-21,2025-05-22,NIFTY_PRIVATE_BANK,IDFCFIRSTB,8,ENTRY_FILTER,2024-05-15,2025-05-21,0,5
2025-05-21,2025-05-22,NIFTY_PRIVATE_BANK,BANDHANBNK,9,ENTRY_FILTER,2024-05-15,2025-05-21,0,5
2025-05-21,2025-05-22,NIFTY_PRIVATE_BANK,INDUSINDBK,10,ENTRY_FILTER,2024-05-15,2025-05-21,0,5
2025-06-23,2025-06-24,NIFTY_BANK,ICICIBANK,4,ENTRY_FILTER,2024-06-19,2025-06-23,0,5
2025-06-23,2025-06-24,NIFTY_BANK,IDFCFIRSTB,5,ENTRY_FILTER,2024-06-19,2025-06-23,0,5
2025-06-23,2025-06-24,NIFTY_BANK,FEDERALBNK,6,ENTRY_FILTER,2024-06-19,2025-06-23,0,5
2025-06-23,2025-06-24,NIFTY_BANK,AXISBANK,7,ENTRY_FILTER,2024-06-19,2025-06-23,0,5
2025-06-23,2025-06-24,NIFTY_BANK,PNB,8,ENTRY_FILTER,2024-06-19,2025-06-23,0,5
2025-06-23,2025-06-24,NIFTY_BANK,BANDHANBNK,9,ENTRY_FILTER,2024-06-19,2025-06-23,0,5
2025-06-23,2025-06-24,NIFTY_BANK,SBIN,10,ENTRY_FILTER,2024-06-19,2025-06-23,0,5
2025-06-23,2025-06-24,NIFTY_BANK,BANKBARODA,11,ENTRY_FILTER,2024-06-19,2025-06-23,0,5
2025-06-23,2025-06-24,NIFTY_BANK,INDUSINDBK,12,ENTRY_FILTER,2024-06-19,2025-06-23,0,5
2025-06-23,2025-06-24,NIFTY_FINANCIAL_SERVICES,KOTAKBANK,4,ENTRY_FILTER,2024-06-19,2025-06-23,0,5
2025-06-23,2025-06-24,NIFTY_FINANCIAL_SERVICES,BAJAJHLDNG,5,ENTRY_FILTER,2024-06-19,2025-06-23,0,5
2025-06-23,2025-06-24,NIFTY_FINANCIAL_SERVICES,HDFCBANK,6,ENTRY_FILTER,2024-06-19,2025-06-23,0,5
2025-06-23,2025-06-24,NIFTY_FINANCIAL_SERVICES,BAJAJFINSV,7,ENTRY_FILTER,2024-06-19,2025-06-23,0,5
2025-06-23,2025-06-24,NIFTY_FINANCIAL_SERVICES,ICICIBANK,8,ENTRY_FILTER,2024-06-19,2025-06-23,0,5
2025-06-23,2025-06-24,NIFTY_FINANCIAL_SERVICES,AXISBANK,9,ENTRY_FILTER,2024-06-19,2025-06-23,0,5
2025-06-23,2025-06-24,NIFTY_FINANCIAL_SERVICES,CHOLAFIN,10,ENTRY_FILTER,2024-06-19,2025-06-23,0,5
2025-06-23,2025-06-24,NIFTY_FINANCIAL_SERVICES,SBIN,11,ENTRY_FILTER,2024-06-19,2025-06-23,0,5
2025-06-23,2025-06-24,NIFTY_FINANCIAL_SERVICES,ICICIGI,12,ENTRY_FILTER,2024-06-19,2025-06-23,0,5
2025-06-23,2025-06-24,NIFTY_FINANCIAL_SERVICES,ICICIPRULI,13,ENTRY_FILTER,2024-06-19,2025-06-23,0,5
2025-06-23,2025-06-24,NIFTY_FINANCIAL_SERVICES,PFC,14,ENTRY_FILTER,2024-06-19,2025-06-23,0,5
2025-06-23,2025-06-24,NIFTY_FINANCIAL_SERVICES,M&MFIN,15,ENTRY_FILTER,2024-06-19,2025-06-23,0,5
2025-06-23,2025-06-24,NIFTY_FINANCIAL_SERVICES,EDELWEISS,16,ENTRY_FILTER,2024-06-19,2025-06-23,0,5
2025-06-23,2025-06-24,NIFTY_FINANCIAL_SERVICES,RECLTD,17,ENTRY_FILTER,2024-06-19,2025-06-23,0,5
2025-06-23,2025-06-24,NIFTY_FINANCIAL_SERVICES_EX_BANK,MCX,4,ENTRY_FILTER,2024-06-19,2025-06-23,0,5
2025-06-23,2025-06-24,NIFTY_FINANCIAL_SERVICES_EX_BANK,LTF,5,ENTRY_FILTER,2024-06-19,2025-06-23,0,5
2025-06-23,2025-06-24,NIFTY_FINANCIAL_SERVICES_EX_BANK,SBICARD,6,ENTRY_FILTER,2024-06-19,2025-06-23,0,5
2025-06-23,2025-06-24,NIFTY_FINANCIAL_SERVICES_EX_BANK,SBILIFE,7,ENTRY_FILTER,2024-06-19,2025-06-23,0,5
2025-06-23,2025-06-24,NIFTY_FINANCIAL_SERVICES_EX_BANK,BAJFINANCE,8,ENTRY_FILTER,2024-06-19,2025-06-23,0,5
2025-06-23,2025-06-24,NIFTY_FINANCIAL_SERVICES_EX_BANK,HDFCLIFE,9,ENTRY_FILTER,2024-06-19,2025-06-23,0,5
2025-06-23,2025-06-24,NIFTY_FINANCIAL_SERVICES_EX_BANK,BAJAJFINSV,10,ENTRY_FILTER,2024-06-19,2025-06-23,0,5
2025-06-23,2025-06-24,NIFTY_FINANCIAL_SERVICES_EX_BANK,MUTHOOTFIN,11,ENTRY_FILTER,2024-06-19,2025-06-23,0,5
2025-06-23,2025-06-24,NIFTY_FINANCIAL_SERVICES_EX_BANK,HDFCAMC,12,ENTRY_FILTER,2024-06-19,2025-06-23,0,5
2025-06-23,2025-06-24,NIFTY_FINANCIAL_SERVICES_EX_BANK,CHOLAFIN,13,ENTRY_FILTER,2024-06-19,2025-06-23,0,5
2025-06-23,2025-06-24,NIFTY_FINANCIAL_SERVICES_EX_BANK,LICI,14,ENTRY_FILTER,2024-06-19,2025-06-23,0,5
2025-06-23,2025-06-24,NIFTY_FINANCIAL_SERVICES_EX_BANK,ICICIGI,15,ENTRY_FILTER,2024-06-19,2025-06-23,0,5
2025-06-23,2025-06-24,NIFTY_FINANCIAL_SERVICES_EX_BANK,CDSL,16,ENTRY_FILTER,2024-06-19,2025-06-23,0,5
2025-06-23,2025-06-24,NIFTY_FINANCIAL_SERVICES_EX_BANK,SHRIRAMFIN,17,ENTRY_FILTER,2024-06-19,2025-06-23,0,5
2025-06-23,2025-06-24,NIFTY_FINANCIAL_SERVICES_EX_BANK,ANGELONE,18,ENTRY_FILTER,2024-06-19,2025-06-23,0,5
2025-06-23,2025-06-24,NIFTY_FINANCIAL_SERVICES_EX_BANK,IEX,19,ENTRY_FILTER,2024-06-19,2025-06-23,0,5
2025-06-23,2025-06-24,NIFTY_FINANCIAL_SERVICES_EX_BANK,LICHSGFIN,20,ENTRY_FILTER,2024-06-19,2025-06-23,0,5
2025-06-23,2025-06-24,NIFTY_FINANCIAL_SERVICES_EX_BANK,ICICIPRULI,21,ENTRY_FILTER,2024-06-19,2025-06-23,0,5
2025-06-23,2025-06-24,NIFTY_FINANCIAL_SERVICES_EX_BANK,JIOFIN,22,ENTRY_FILTER,2024-06-19,2025-06-23,0,5
2025-06-23,2025-06-24,NIFTY_FINANCIAL_SERVICES_EX_BANK,PAYTM,23,ENTRY_FILTER,2024-06-19,2025-06-23,0,5
2025-06-23,2025-06-24,NIFTY_FINANCIAL_SERVICES_EX_BANK,360ONE,24,ENTRY_FILTER,2024-06-19,2025-06-23,0,5
2025-06-23,2025-06-24,NIFTY_FINANCIAL_SERVICES_EX_BANK,M&MFIN,25,ENTRY_FILTER,2024-06-19,2025-06-23,0,5
2025-06-23,2025-06-24,NIFTY_FINANCIAL_SERVICES_EX_BANK,POLICYBZR,26,ENTRY_FILTER,2024-06-19,2025-06-23,0,5
2025-06-23,2025-06-24,NIFTY_FINANCIAL_SERVICES_EX_BANK,IRFC,27,ENTRY_FILTER,2024-06-19,2025-06-23,0,5
2025-06-23,2025-06-24,NIFTY_FINANCIAL_SERVICES_EX_BANK,CAMS,28,ENTRY_FILTER,2024-06-19,2025-06-23,0,5
2025-06-23,2025-06-24,NIFTY_FINANCIAL_SERVICES_EX_BANK,PFC,29,ENTRY_FILTER,2024-06-19,2025-06-23,0,5
2025-06-23,2025-06-24,NIFTY_FINANCIAL_SERVICES_EX_BANK,RECLTD,30,ENTRY_FILTER,2024-06-19,2025-06-23,0,5
2025-06-23,2025-06-24,NIFTY_OIL_GAS,ONGC,4,ENTRY_FILTER,2024-06-19,2025-06-23,0,5
2025-06-23,2025-06-24,NIFTY_OIL_GAS,OIL,5,ENTRY_FILTER,2024-06-19,2025-06-23,0,5
2025-06-23,2025-06-24,NIFTY_OIL_GAS,IOC,6,ENTRY_FILTER,2024-06-19,2025-06-23,0,5
2025-06-23,2025-06-24,NIFTY_OIL_GAS,GAIL,7,ENTRY_FILTER,2024-06-19,2025-06-23,0,5
2025-06-23,2025-06-24,NIFTY_OIL_GAS,CASTROLIND,8,ENTRY_FILTER,2024-06-19,2025-06-23,0,5
2025-06-23,2025-06-24,NIFTY_OIL_GAS,AEGISLOG,9,ENTRY_FILTER,2024-06-18,2025-06-23,0,5
2025-06-23,2025-06-24,NIFTY_OIL_GAS,MGL,10,ENTRY_FILTER,2024-06-19,2025-06-23,0,5
2025-06-23,2025-06-24,NIFTY_OIL_GAS,PETRONET,11,ENTRY_FILTER,2024-06-19,2025-06-23,0,5
2025-06-23,2025-06-24,NIFTY_OIL_GAS,IGL,12,ENTRY_FILTER,2024-06-19,2025-06-23,0,5
2025-06-23,2025-06-24,NIFTY_OIL_GAS,ATGL,13,ENTRY_FILTER,2024-06-19,2025-06-23,0,5
2025-06-23,2025-06-24,NIFTY_PRIVATE_BANK,ICICIBANK,4,ENTRY_FILTER,2024-06-19,2025-06-23,0,5
2025-06-23,2025-06-24,NIFTY_PRIVATE_BANK,IDFCFIRSTB,5,ENTRY_FILTER,2024-06-19,2025-06-23,0,5
2025-06-23,2025-06-24,NIFTY_PRIVATE_BANK,FEDERALBNK,6,ENTRY_FILTER,2024-06-19,2025-06-23,0,5
2025-06-23,2025-06-24,NIFTY_PRIVATE_BANK,AXISBANK,7,ENTRY_FILTER,2024-06-19,2025-06-23,0,5
2025-06-23,2025-06-24,NIFTY_PRIVATE_BANK,BANDHANBNK,8,ENTRY_FILTER,2024-06-19,2025-06-23,0,5
2025-06-23,2025-06-24,NIFTY_PRIVATE_BANK,YESBANK,9,ENTRY_FILTER,2024-06-19,2025-06-23,0,5
2025-06-23,2025-06-24,NIFTY_PRIVATE_BANK,INDUSINDBK,10,ENTRY_FILTER,2024-06-19,2025-06-23,0,5
2025-07-21,2025-07-22,NIFTY_BANK,KOTAKBANK,4,ENTRY_FILTER,2024-07-18,2025-07-21,0,5
2025-07-21,2025-07-22,NIFTY_BANK,PNB,5,ENTRY_FILTER,2024-07-18,2025-07-21,0,5
2025-07-21,2025-07-22,NIFTY_BANK,SBIN,6,ENTRY_FILTER,2024-07-18,2025-07-21,0,5
2025-07-21,2025-07-22,NIFTY_BANK,IDFCFIRSTB,7,ENTRY_FILTER,2024-07-18,2025-07-21,0,5
2025-07-21,2025-07-22,NIFTY_BANK,FEDERALBNK,8,ENTRY_FILTER,2024-07-18,2025-07-21,0,5
2025-07-21,2025-07-22,NIFTY_BANK,BANDHANBNK,9,ENTRY_FILTER,2024-07-18,2025-07-21,0,5
2025-07-21,2025-07-22,NIFTY_BANK,BANKBARODA,10,ENTRY_FILTER,2024-07-18,2025-07-21,0,5
2025-07-21,2025-07-22,NIFTY_BANK,AXISBANK,11,ENTRY_FILTER,2024-07-18,2025-07-21,0,5
2025-07-21,2025-07-22,NIFTY_BANK,INDUSINDBK,12,ENTRY_FILTER,2024-07-18,2025-07-21,0,5
2025-07-21,2025-07-22,NIFTY_FINANCIAL_SERVICES,ICICIBANK,4,ENTRY_FILTER,2024-07-18,2025-07-21,0,5
2025-07-21,2025-07-22,NIFTY_FINANCIAL_SERVICES,SBILIFE,5,ENTRY_FILTER,2024-07-18,2025-07-21,0,5
2025-07-21,2025-07-22,NIFTY_FINANCIAL_SERVICES,KOTAKBANK,6,ENTRY_FILTER,2024-07-18,2025-07-21,0,5
2025-07-21,2025-07-22,NIFTY_FINANCIAL_SERVICES,BAJAJFINSV,7,ENTRY_FILTER,2024-07-18,2025-07-21,0,5
2025-07-21,2025-07-22,NIFTY_FINANCIAL_SERVICES,HDFCLIFE,8,ENTRY_FILTER,2024-07-18,2025-07-21,0,5
2025-07-21,2025-07-22,NIFTY_FINANCIAL_SERVICES,CHOLAFIN,9,ENTRY_FILTER,2024-07-18,2025-07-21,0,5
2025-07-21,2025-07-22,NIFTY_FINANCIAL_SERVICES,SBIN,10,ENTRY_FILTER,2024-07-18,2025-07-21,0,5
2025-07-21,2025-07-22,NIFTY_FINANCIAL_SERVICES,ICICIGI,11,ENTRY_FILTER,2024-07-18,2025-07-21,0,5
2025-07-21,2025-07-22,NIFTY_FINANCIAL_SERVICES,EDELWEISS,12,ENTRY_FILTER,2024-07-18,2025-07-21,0,5
2025-07-21,2025-07-22,NIFTY_FINANCIAL_SERVICES,AXISBANK,13,ENTRY_FILTER,2024-07-18,2025-07-21,0,5
2025-07-21,2025-07-22,NIFTY_FINANCIAL_SERVICES,ICICIPRULI,14,ENTRY_FILTER,2024-07-18,2025-07-21,0,5
2025-07-21,2025-07-22,NIFTY_FINANCIAL_SERVICES,M&MFIN,15,ENTRY_FILTER,2024-07-18,2025-07-21,0,5
2025-07-21,2025-07-22,NIFTY_FINANCIAL_SERVICES,PFC,16,ENTRY_FILTER,2024-07-18,2025-07-21,0,5
2025-07-21,2025-07-22,NIFTY_FINANCIAL_SERVICES,RECLTD,17,ENTRY_FILTER,2024-07-18,2025-07-21,0,5
2025-07-21,2025-07-22,NIFTY_FINANCIAL_SERVICES_EX_BANK,HDFCAMC,4,ENTRY_FILTER,2024-07-18,2025-07-21,0,5
2025-07-21,2025-07-22,NIFTY_FINANCIAL_SERVICES_EX_BANK,MCX,5,ENTRY_FILTER,2024-07-18,2025-07-21,0,5
2025-07-21,2025-07-22,NIFTY_FINANCIAL_SERVICES_EX_BANK,BSE,6,ENTRY_FILTER,2024-07-18,2025-07-21,0,5
2025-07-21,2025-07-22,NIFTY_FINANCIAL_SERVICES_EX_BANK,MUTHOOTFIN,7,ENTRY_FILTER,2024-07-18,2025-07-21,0,5
2025-07-21,2025-07-22,NIFTY_FINANCIAL_SERVICES_EX_BANK,BAJFINANCE,8,ENTRY_FILTER,2024-07-18,2025-07-21,0,5
2025-07-21,2025-07-22,NIFTY_FINANCIAL_SERVICES_EX_BANK,PAYTM,9,ENTRY_FILTER,2024-07-18,2025-07-21,0,5
2025-07-21,2025-07-22,NIFTY_FINANCIAL_SERVICES_EX_BANK,SBILIFE,10,ENTRY_FILTER,2024-07-18,2025-07-21,0,5
2025-07-21,2025-07-22,NIFTY_FINANCIAL_SERVICES_EX_BANK,JIOFIN,11,ENTRY_FILTER,2024-07-18,2025-07-21,0,5
2025-07-21,2025-07-22,NIFTY_FINANCIAL_SERVICES_EX_BANK,HDFCLIFE,12,ENTRY_FILTER,2024-07-18,2025-07-21,0,5
2025-07-21,2025-07-22,NIFTY_FINANCIAL_SERVICES_EX_BANK,BAJAJFINSV,13,ENTRY_FILTER,2024-07-18,2025-07-21,0,5
2025-07-21,2025-07-22,NIFTY_FINANCIAL_SERVICES_EX_BANK,CDSL,14,ENTRY_FILTER,2024-07-18,2025-07-21,0,5
2025-07-21,2025-07-22,NIFTY_FINANCIAL_SERVICES_EX_BANK,SBICARD,15,ENTRY_FILTER,2024-07-18,2025-07-21,0,5
2025-07-21,2025-07-22,NIFTY_FINANCIAL_SERVICES_EX_BANK,CHOLAFIN,16,ENTRY_FILTER,2024-07-18,2025-07-21,0,5
2025-07-21,2025-07-22,NIFTY_FINANCIAL_SERVICES_EX_BANK,LICI,17,ENTRY_FILTER,2024-07-18,2025-07-21,0,5
2025-07-21,2025-07-22,NIFTY_FINANCIAL_SERVICES_EX_BANK,IEX,18,ENTRY_FILTER,2024-07-18,2025-07-21,0,5
2025-07-21,2025-07-22,NIFTY_FINANCIAL_SERVICES_EX_BANK,360ONE,19,ENTRY_FILTER,2024-07-18,2025-07-21,0,5
2025-07-21,2025-07-22,NIFTY_FINANCIAL_SERVICES_EX_BANK,LICHSGFIN,20,ENTRY_FILTER,2024-07-18,2025-07-21,0,5
2025-07-21,2025-07-22,NIFTY_FINANCIAL_SERVICES_EX_BANK,ICICIGI,21,ENTRY_FILTER,2024-07-18,2025-07-21,0,5
2025-07-21,2025-07-22,NIFTY_FINANCIAL_SERVICES_EX_BANK,SHRIRAMFIN,22,ENTRY_FILTER,2024-07-18,2025-07-21,0,5
2025-07-21,2025-07-22,NIFTY_FINANCIAL_SERVICES_EX_BANK,POLICYBZR,23,ENTRY_FILTER,2024-07-18,2025-07-21,0,5
2025-07-21,2025-07-22,NIFTY_FINANCIAL_SERVICES_EX_BANK,ICICIPRULI,24,ENTRY_FILTER,2024-07-18,2025-07-21,0,5
2025-07-21,2025-07-22,NIFTY_FINANCIAL_SERVICES_EX_BANK,M&MFIN,25,ENTRY_FILTER,2024-07-18,2025-07-21,0,5
2025-07-21,2025-07-22,NIFTY_FINANCIAL_SERVICES_EX_BANK,CAMS,26,ENTRY_FILTER,2024-07-18,2025-07-21,0,5
2025-07-21,2025-07-22,NIFTY_FINANCIAL_SERVICES_EX_BANK,ANGELONE,27,ENTRY_FILTER,2024-07-18,2025-07-21,0,5
2025-07-21,2025-07-22,NIFTY_FINANCIAL_SERVICES_EX_BANK,PFC,28,ENTRY_FILTER,2024-07-18,2025-07-21,0,5
2025-07-21,2025-07-22,NIFTY_FINANCIAL_SERVICES_EX_BANK,IRFC,29,ENTRY_FILTER,2024-07-18,2025-07-21,0,5
2025-07-21,2025-07-22,NIFTY_FINANCIAL_SERVICES_EX_BANK,RECLTD,30,ENTRY_FILTER,2024-07-18,2025-07-21,0,5
2025-07-21,2025-07-22,NIFTY_OIL_GAS,HINDPETRO,4,ENTRY_FILTER,2024-07-18,2025-07-21,0,5
2025-07-21,2025-07-22,NIFTY_OIL_GAS,IOC,5,ENTRY_FILTER,2024-07-18,2025-07-21,0,5
2025-07-21,2025-07-22,NIFTY_OIL_GAS,MGL,6,ENTRY_FILTER,2024-07-18,2025-07-21,0,5
2025-07-21,2025-07-22,NIFTY_OIL_GAS,OIL,7,ENTRY_FILTER,2024-07-18,2025-07-21,0,5
2025-07-21,2025-07-22,NIFTY_OIL_GAS,IGL,8,ENTRY_FILTER,2024-07-18,2025-07-21,0,5
2025-07-21,2025-07-22,NIFTY_OIL_GAS,AEGISLOG,9,ENTRY_FILTER,2024-07-16,2025-07-21,0,5
2025-07-21,2025-07-22,NIFTY_OIL_GAS,ONGC,10,ENTRY_FILTER,2024-07-18,2025-07-21,0,5
2025-07-21,2025-07-22,NIFTY_OIL_GAS,PETRONET,11,ENTRY_FILTER,2024-07-18,2025-07-21,0,5
2025-07-21,2025-07-22,NIFTY_OIL_GAS,ATGL,12,ENTRY_FILTER,2024-07-18,2025-07-21,0,5
2025-07-21,2025-07-22,NIFTY_OIL_GAS,GAIL,13,ENTRY_FILTER,2024-07-18,2025-07-21,0,5
2025-07-21,2025-07-22,NIFTY_PRIVATE_BANK,KOTAKBANK,4,ENTRY_FILTER,2024-07-18,2025-07-21,0,5
2025-07-21,2025-07-22,NIFTY_PRIVATE_BANK,IDFCFIRSTB,5,ENTRY_FILTER,2024-07-18,2025-07-21,0,5
2025-07-21,2025-07-22,NIFTY_PRIVATE_BANK,FEDERALBNK,6,ENTRY_FILTER,2024-07-18,2025-07-21,0,5
2025-07-21,2025-07-22,NIFTY_PRIVATE_BANK,BANDHANBNK,7,ENTRY_FILTER,2024-07-18,2025-07-21,0,5
2025-07-21,2025-07-22,NIFTY_PRIVATE_BANK,AXISBANK,8,ENTRY_FILTER,2024-07-18,2025-07-21,0,5
2025-07-21,2025-07-22,NIFTY_PRIVATE_BANK,YESBANK,9,ENTRY_FILTER,2024-07-18,2025-07-21,0,5
2025-07-21,2025-07-22,NIFTY_PRIVATE_BANK,INDUSINDBK,10,ENTRY_FILTER,2024-07-18,2025-07-21,0,5
2025-08-21,2025-08-22,NIFTY_BANK,SBIN,4,ENTRY_FILTER,2024-08-20,2025-08-21,0,5
2025-08-21,2025-08-22,NIFTY_BANK,PNB,5,ENTRY_FILTER,2024-08-20,2025-08-21,0,5
2025-08-21,2025-08-22,NIFTY_BANK,BANKBARODA,6,ENTRY_FILTER,2024-08-20,2025-08-21,0,5
2025-08-21,2025-08-22,NIFTY_BANK,BANDHANBNK,7,ENTRY_FILTER,2024-08-20,2025-08-21,0,5
2025-08-21,2025-08-22,NIFTY_BANK,IDFCFIRSTB,8,ENTRY_FILTER,2024-08-20,2025-08-21,0,5
2025-08-21,2025-08-22,NIFTY_BANK,FEDERALBNK,9,ENTRY_FILTER,2024-08-20,2025-08-21,0,5
2025-08-21,2025-08-22,NIFTY_BANK,KOTAKBANK,10,ENTRY_FILTER,2024-08-20,2025-08-21,0,5
2025-08-21,2025-08-22,NIFTY_BANK,AXISBANK,11,ENTRY_FILTER,2024-08-20,2025-08-21,0,5
2025-08-21,2025-08-22,NIFTY_BANK,INDUSINDBK,12,ENTRY_FILTER,2024-08-20,2025-08-21,0,5
2025-08-21,2025-08-22,NIFTY_FINANCIAL_SERVICES,ICICIBANK,4,ENTRY_FILTER,2024-08-20,2025-08-21,0,5
2025-08-21,2025-08-22,NIFTY_FINANCIAL_SERVICES,SBIN,5,ENTRY_FILTER,2024-08-20,2025-08-21,0,5
2025-08-21,2025-08-22,NIFTY_FINANCIAL_SERVICES,BAJAJHLDNG,6,ENTRY_FILTER,2024-08-20,2025-08-21,0,5
2025-08-21,2025-08-22,NIFTY_FINANCIAL_SERVICES,ICICIGI,7,ENTRY_FILTER,2024-08-20,2025-08-21,0,5
2025-08-21,2025-08-22,NIFTY_FINANCIAL_SERVICES,BAJFINANCE,8,ENTRY_FILTER,2024-08-20,2025-08-21,0,5
2025-08-21,2025-08-22,NIFTY_FINANCIAL_SERVICES,BAJAJFINSV,9,ENTRY_FILTER,2024-08-20,2025-08-21,0,5
2025-08-21,2025-08-22,NIFTY_FINANCIAL_SERVICES,CHOLAFIN,10,ENTRY_FILTER,2024-08-20,2025-08-21,0,5
2025-08-21,2025-08-22,NIFTY_FINANCIAL_SERVICES,PFC,11,ENTRY_FILTER,2024-08-20,2025-08-21,0,5
2025-08-21,2025-08-22,NIFTY_FINANCIAL_SERVICES,KOTAKBANK,12,ENTRY_FILTER,2024-08-20,2025-08-21,0,5
2025-08-21,2025-08-22,NIFTY_FINANCIAL_SERVICES,M&MFIN,13,ENTRY_FILTER,2024-08-20,2025-08-21,0,5
2025-08-21,2025-08-22,NIFTY_FINANCIAL_SERVICES,ICICIPRULI,14,ENTRY_FILTER,2024-08-20,2025-08-21,0,5
2025-08-21,2025-08-22,NIFTY_FINANCIAL_SERVICES,AXISBANK,15,ENTRY_FILTER,2024-08-20,2025-08-21,0,5
2025-08-21,2025-08-22,NIFTY_FINANCIAL_SERVICES,RECLTD,16,ENTRY_FILTER,2024-08-20,2025-08-21,0,5
2025-08-21,2025-08-22,NIFTY_FINANCIAL_SERVICES,EDELWEISS,17,ENTRY_FILTER,2024-08-20,2025-08-21,0,5
2025-08-21,2025-08-22,NIFTY_FINANCIAL_SERVICES_EX_BANK,HDFCAMC,4,ENTRY_FILTER,2024-08-20,2025-08-21,0,5
2025-08-21,2025-08-22,NIFTY_FINANCIAL_SERVICES_EX_BANK,MFSL,5,ENTRY_FILTER,2024-08-20,2025-08-21,0,5
2025-08-21,2025-08-22,NIFTY_FINANCIAL_SERVICES_EX_BANK,MCX,6,ENTRY_FILTER,2024-08-20,2025-08-21,0,5
2025-08-21,2025-08-22,NIFTY_FINANCIAL_SERVICES_EX_BANK,MUTHOOTFIN,7,ENTRY_FILTER,2024-08-20,2025-08-21,0,5
2025-08-21,2025-08-22,NIFTY_FINANCIAL_SERVICES_EX_BANK,BSE,8,ENTRY_FILTER,2024-08-20,2025-08-21,0,5
2025-08-21,2025-08-22,NIFTY_FINANCIAL_SERVICES_EX_BANK,JIOFIN,9,ENTRY_FILTER,2024-08-20,2025-08-21,0,5
2025-08-21,2025-08-22,NIFTY_FINANCIAL_SERVICES_EX_BANK,SBILIFE,10,ENTRY_FILTER,2024-08-20,2025-08-21,0,5
2025-08-21,2025-08-22,NIFTY_FINANCIAL_SERVICES_EX_BANK,HDFCLIFE,11,ENTRY_FILTER,2024-08-20,2025-08-21,0,5
2025-08-21,2025-08-22,NIFTY_FINANCIAL_SERVICES_EX_BANK,BAJFINANCE,12,ENTRY_FILTER,2024-08-20,2025-08-21,0,5
2025-08-21,2025-08-22,NIFTY_FINANCIAL_SERVICES_EX_BANK,POLICYBZR,13,ENTRY_FILTER,2024-08-20,2025-08-21,0,5
2025-08-21,2025-08-22,NIFTY_FINANCIAL_SERVICES_EX_BANK,BAJAJFINSV,14,ENTRY_FILTER,2024-08-20,2025-08-21,0,5
2025-08-21,2025-08-22,NIFTY_FINANCIAL_SERVICES_EX_BANK,CDSL,15,ENTRY_FILTER,2024-08-20,2025-08-21,0,5
2025-08-21,2025-08-22,NIFTY_FINANCIAL_SERVICES_EX_BANK,LICI,16,ENTRY_FILTER,2024-08-20,2025-08-21,0,5
2025-08-21,2025-08-22,NIFTY_FINANCIAL_SERVICES_EX_BANK,ICICIGI,17,ENTRY_FILTER,2024-08-20,2025-08-21,0,5
2025-08-21,2025-08-22,NIFTY_FINANCIAL_SERVICES_EX_BANK,CHOLAFIN,18,ENTRY_FILTER,2024-08-20,2025-08-21,0,5
2025-08-21,2025-08-22,NIFTY_FINANCIAL_SERVICES_EX_BANK,360ONE,19,ENTRY_FILTER,2024-08-20,2025-08-21,0,5
2025-08-21,2025-08-22,NIFTY_FINANCIAL_SERVICES_EX_BANK,SHRIRAMFIN,20,ENTRY_FILTER,2024-08-20,2025-08-21,0,5
2025-08-21,2025-08-22,NIFTY_FINANCIAL_SERVICES_EX_BANK,SBICARD,21,ENTRY_FILTER,2024-08-20,2025-08-21,0,5
2025-08-21,2025-08-22,NIFTY_FINANCIAL_SERVICES_EX_BANK,M&MFIN,22,ENTRY_FILTER,2024-08-20,2025-08-21,0,5
2025-08-21,2025-08-22,NIFTY_FINANCIAL_SERVICES_EX_BANK,PFC,23,ENTRY_FILTER,2024-08-20,2025-08-21,0,5
2025-08-21,2025-08-22,NIFTY_FINANCIAL_SERVICES_EX_BANK,LICHSGFIN,24,ENTRY_FILTER,2024-08-20,2025-08-21,0,5
2025-08-21,2025-08-22,NIFTY_FINANCIAL_SERVICES_EX_BANK,CAMS,25,ENTRY_FILTER,2024-08-20,2025-08-21,0,5
2025-08-21,2025-08-22,NIFTY_FINANCIAL_SERVICES_EX_BANK,ICICIPRULI,26,ENTRY_FILTER,2024-08-20,2025-08-21,0,5
2025-08-21,2025-08-22,NIFTY_FINANCIAL_SERVICES_EX_BANK,IRFC,27,ENTRY_FILTER,2024-08-20,2025-08-21,0,5
2025-08-21,2025-08-22,NIFTY_FINANCIAL_SERVICES_EX_BANK,ANGELONE,28,ENTRY_FILTER,2024-08-20,2025-08-21,0,5
2025-08-21,2025-08-22,NIFTY_FINANCIAL_SERVICES_EX_BANK,RECLTD,29,ENTRY_FILTER,2024-08-20,2025-08-21,0,5
2025-08-21,2025-08-22,NIFTY_FINANCIAL_SERVICES_EX_BANK,IEX,30,ENTRY_FILTER,2024-08-20,2025-08-21,0,5
2025-08-21,2025-08-22,NIFTY_OIL_GAS,HINDPETRO,4,ENTRY_FILTER,2024-08-20,2025-08-21,0,5
2025-08-21,2025-08-22,NIFTY_OIL_GAS,IGL,5,ENTRY_FILTER,2024-08-20,2025-08-21,0,5
2025-08-21,2025-08-22,NIFTY_OIL_GAS,CASTROLIND,6,ENTRY_FILTER,2024-08-20,2025-08-21,0,5
2025-08-21,2025-08-22,NIFTY_OIL_GAS,MGL,7,ENTRY_FILTER,2024-08-20,2025-08-21,0,5
2025-08-21,2025-08-22,NIFTY_OIL_GAS,ONGC,8,ENTRY_FILTER,2024-08-20,2025-08-21,0,5
2025-08-21,2025-08-22,NIFTY_OIL_GAS,GAIL,9,ENTRY_FILTER,2024-08-20,2025-08-21,0,5
2025-08-21,2025-08-22,NIFTY_OIL_GAS,ATGL,10,ENTRY_FILTER,2024-08-20,2025-08-21,0,5
2025-08-21,2025-08-22,NIFTY_OIL_GAS,OIL,11,ENTRY_FILTER,2024-08-20,2025-08-21,0,5
2025-08-21,2025-08-22,NIFTY_OIL_GAS,AEGISLOG,12,ENTRY_FILTER,2024-08-19,2025-08-21,0,5
2025-08-21,2025-08-22,NIFTY_OIL_GAS,PETRONET,13,ENTRY_FILTER,2024-08-20,2025-08-21,0,5
2025-08-21,2025-08-22,NIFTY_PRIVATE_BANK,BANDHANBNK,4,ENTRY_FILTER,2024-08-20,2025-08-21,0,5
2025-08-21,2025-08-22,NIFTY_PRIVATE_BANK,IDFCFIRSTB,5,ENTRY_FILTER,2024-08-20,2025-08-21,0,5
2025-08-21,2025-08-22,NIFTY_PRIVATE_BANK,FEDERALBNK,6,ENTRY_FILTER,2024-08-20,2025-08-21,0,5
2025-08-21,2025-08-22,NIFTY_PRIVATE_BANK,KOTAKBANK,7,ENTRY_FILTER,2024-08-20,2025-08-21,0,5
2025-08-21,2025-08-22,NIFTY_PRIVATE_BANK,AXISBANK,8,ENTRY_FILTER,2024-08-20,2025-08-21,0,5
2025-08-21,2025-08-22,NIFTY_PRIVATE_BANK,YESBANK,9,ENTRY_FILTER,2024-08-20,2025-08-21,0,5
2025-08-21,2025-08-22,NIFTY_PRIVATE_BANK,INDUSINDBK,10,ENTRY_FILTER,2024-08-20,2025-08-21,0,5
2025-09-22,2025-09-23,NIFTY_BANK,BANKBARODA,4,ENTRY_FILTER,2024-09-18,2025-09-22,0,5
2025-09-22,2025-09-23,NIFTY_BANK,IDFCFIRSTB,5,ENTRY_FILTER,2024-09-18,2025-09-22,0,5
2025-09-22,2025-09-23,NIFTY_BANK,HDFCBANK,6,ENTRY_FILTER,2024-09-18,2025-09-22,0,5
2025-09-22,2025-09-23,NIFTY_BANK,ICICIBANK,7,ENTRY_FILTER,2024-09-18,2025-09-22,0,5
2025-09-22,2025-09-23,NIFTY_BANK,AXISBANK,8,ENTRY_FILTER,2024-09-18,2025-09-22,0,5
2025-09-22,2025-09-23,NIFTY_BANK,FEDERALBNK,9,ENTRY_FILTER,2024-09-18,2025-09-22,0,5
2025-09-22,2025-09-23,NIFTY_BANK,BANDHANBNK,10,ENTRY_FILTER,2024-09-18,2025-09-22,0,5
2025-09-22,2025-09-23,NIFTY_BANK,KOTAKBANK,11,ENTRY_FILTER,2024-09-18,2025-09-22,0,5
2025-09-22,2025-09-23,NIFTY_BANK,INDUSINDBK,12,ENTRY_FILTER,2024-09-18,2025-09-22,0,5
2025-09-22,2025-09-23,NIFTY_FINANCIAL_SERVICES,SBIN,4,ENTRY_FILTER,2024-09-18,2025-09-22,0,5
2025-09-22,2025-09-23,NIFTY_FINANCIAL_SERVICES,BAJAJFINSV,5,ENTRY_FILTER,2024-09-18,2025-09-22,0,5
2025-09-22,2025-09-23,NIFTY_FINANCIAL_SERVICES,EDELWEISS,6,ENTRY_FILTER,2024-09-18,2025-09-22,0,5
2025-09-22,2025-09-23,NIFTY_FINANCIAL_SERVICES,M&MFIN,7,ENTRY_FILTER,2024-09-18,2025-09-22,0,5
2025-09-22,2025-09-23,NIFTY_FINANCIAL_SERVICES,CHOLAFIN,8,ENTRY_FILTER,2024-09-18,2025-09-22,0,5
2025-09-22,2025-09-23,NIFTY_FINANCIAL_SERVICES,HDFCBANK,9,ENTRY_FILTER,2024-09-18,2025-09-22,0,5
2025-09-22,2025-09-23,NIFTY_FINANCIAL_SERVICES,BAJAJHLDNG,10,ENTRY_FILTER,2024-09-18,2025-09-22,0,5
2025-09-22,2025-09-23,NIFTY_FINANCIAL_SERVICES,ICICIBANK,11,ENTRY_FILTER,2024-09-18,2025-09-22,0,5
2025-09-22,2025-09-23,NIFTY_FINANCIAL_SERVICES,AXISBANK,12,ENTRY_FILTER,2024-09-18,2025-09-22,0,5
2025-09-22,2025-09-23,NIFTY_FINANCIAL_SERVICES,ICICIGI,13,ENTRY_FILTER,2024-09-18,2025-09-22,0,5
2025-09-22,2025-09-23,NIFTY_FINANCIAL_SERVICES,ICICIPRULI,14,ENTRY_FILTER,2024-09-18,2025-09-22,0,5
2025-09-22,2025-09-23,NIFTY_FINANCIAL_SERVICES,KOTAKBANK,15,ENTRY_FILTER,2024-09-18,2025-09-22,0,5
2025-09-22,2025-09-23,NIFTY_FINANCIAL_SERVICES,PFC,16,ENTRY_FILTER,2024-09-18,2025-09-22,0,5
2025-09-22,2025-09-23,NIFTY_FINANCIAL_SERVICES,RECLTD,17,ENTRY_FILTER,2024-09-18,2025-09-22,0,5
2025-09-22,2025-09-23,NIFTY_FINANCIAL_SERVICES_EX_BANK,HDFCAMC,4,ENTRY_FILTER,2024-09-18,2025-09-22,0,5
2025-09-22,2025-09-23,NIFTY_FINANCIAL_SERVICES_EX_BANK,MUTHOOTFIN,5,ENTRY_FILTER,2024-09-18,2025-09-22,0,5
2025-09-22,2025-09-23,NIFTY_FINANCIAL_SERVICES_EX_BANK,MFSL,6,ENTRY_FILTER,2024-09-18,2025-09-22,0,5
2025-09-22,2025-09-23,NIFTY_FINANCIAL_SERVICES_EX_BANK,MCX,7,ENTRY_FILTER,2024-09-18,2025-09-22,0,5
2025-09-22,2025-09-23,NIFTY_FINANCIAL_SERVICES_EX_BANK,SBILIFE,8,ENTRY_FILTER,2024-09-18,2025-09-22,0,5
2025-09-22,2025-09-23,NIFTY_FINANCIAL_SERVICES_EX_BANK,BAJFINANCE,9,ENTRY_FILTER,2024-09-18,2025-09-22,0,5
2025-09-22,2025-09-23,NIFTY_FINANCIAL_SERVICES_EX_BANK,HDFCLIFE,10,ENTRY_FILTER,2024-09-18,2025-09-22,0,5
2025-09-22,2025-09-23,NIFTY_FINANCIAL_SERVICES_EX_BANK,JIOFIN,11,ENTRY_FILTER,2024-09-18,2025-09-22,0,5
2025-09-22,2025-09-23,NIFTY_FINANCIAL_SERVICES_EX_BANK,BAJAJFINSV,12,ENTRY_FILTER,2024-09-18,2025-09-22,0,5
2025-09-22,2025-09-23,NIFTY_FINANCIAL_SERVICES_EX_BANK,CHOLAFIN,13,ENTRY_FILTER,2024-09-18,2025-09-22,0,5
2025-09-22,2025-09-23,NIFTY_FINANCIAL_SERVICES_EX_BANK,BSE,14,ENTRY_FILTER,2024-09-18,2025-09-22,0,5
2025-09-22,2025-09-23,NIFTY_FINANCIAL_SERVICES_EX_BANK,M&MFIN,15,ENTRY_FILTER,2024-09-18,2025-09-22,0,5
2025-09-22,2025-09-23,NIFTY_FINANCIAL_SERVICES_EX_BANK,LICI,16,ENTRY_FILTER,2024-09-18,2025-09-22,0,5
2025-09-22,2025-09-23,NIFTY_FINANCIAL_SERVICES_EX_BANK,LICHSGFIN,17,ENTRY_FILTER,2024-09-18,2025-09-22,0,5
2025-09-22,2025-09-23,NIFTY_FINANCIAL_SERVICES_EX_BANK,CDSL,18,ENTRY_FILTER,2024-09-18,2025-09-22,0,5
2025-09-22,2025-09-23,NIFTY_FINANCIAL_SERVICES_EX_BANK,SBICARD,19,ENTRY_FILTER,2024-09-18,2025-09-22,0,5
2025-09-22,2025-09-23,NIFTY_FINANCIAL_SERVICES_EX_BANK,ICICIGI,20,ENTRY_FILTER,2024-09-18,2025-09-22,0,5
2025-09-22,2025-09-23,NIFTY_FINANCIAL_SERVICES_EX_BANK,ICICIPRULI,21,ENTRY_FILTER,2024-09-18,2025-09-22,0,5
2025-09-22,2025-09-23,NIFTY_FINANCIAL_SERVICES_EX_BANK,POLICYBZR,22,ENTRY_FILTER,2024-09-18,2025-09-22,0,5
2025-09-22,2025-09-23,NIFTY_FINANCIAL_SERVICES_EX_BANK,PFC,23,ENTRY_FILTER,2024-09-18,2025-09-22,0,5
2025-09-22,2025-09-23,NIFTY_FINANCIAL_SERVICES_EX_BANK,SHRIRAMFIN,24,ENTRY_FILTER,2024-09-18,2025-09-22,0,5
2025-09-22,2025-09-23,NIFTY_FINANCIAL_SERVICES_EX_BANK,360ONE,25,ENTRY_FILTER,2024-09-18,2025-09-22,0,5
2025-09-22,2025-09-23,NIFTY_FINANCIAL_SERVICES_EX_BANK,IRFC,26,ENTRY_FILTER,2024-09-18,2025-09-22,0,5
2025-09-22,2025-09-23,NIFTY_FINANCIAL_SERVICES_EX_BANK,CAMS,27,ENTRY_FILTER,2024-09-18,2025-09-22,0,5
2025-09-22,2025-09-23,NIFTY_FINANCIAL_SERVICES_EX_BANK,RECLTD,28,ENTRY_FILTER,2024-09-18,2025-09-22,0,5
2025-09-22,2025-09-23,NIFTY_FINANCIAL_SERVICES_EX_BANK,ANGELONE,29,ENTRY_FILTER,2024-09-18,2025-09-22,0,5
2025-09-22,2025-09-23,NIFTY_FINANCIAL_SERVICES_EX_BANK,IEX,30,ENTRY_FILTER,2024-09-18,2025-09-22,0,5
2025-09-22,2025-09-23,NIFTY_OIL_GAS,IOC,4,ENTRY_FILTER,2024-09-18,2025-09-22,0,5
2025-09-22,2025-09-23,NIFTY_OIL_GAS,RELIANCE,5,ENTRY_FILTER,2024-09-18,2025-09-22,0,5
2025-09-22,2025-09-23,NIFTY_OIL_GAS,IGL,6,ENTRY_FILTER,2024-09-18,2025-09-22,0,5
2025-09-22,2025-09-23,NIFTY_OIL_GAS,GAIL,7,ENTRY_FILTER,2024-09-18,2025-09-22,0,5
2025-09-22,2025-09-23,NIFTY_OIL_GAS,ONGC,8,ENTRY_FILTER,2024-09-18,2025-09-22,0,5
2025-09-22,2025-09-23,NIFTY_OIL_GAS,MGL,9,ENTRY_FILTER,2024-09-18,2025-09-22,0,5
2025-09-22,2025-09-23,NIFTY_OIL_GAS,CASTROLIND,10,ENTRY_FILTER,2024-09-18,2025-09-22,0,5
2025-09-22,2025-09-23,NIFTY_OIL_GAS,AEGISLOG,11,ENTRY_FILTER,2024-09-17,2025-09-22,0,5
2025-09-22,2025-09-23,NIFTY_OIL_GAS,OIL,12,ENTRY_FILTER,2024-09-18,2025-09-22,0,5
2025-09-22,2025-09-23,NIFTY_OIL_GAS,PETRONET,13,ENTRY_FILTER,2024-09-18,2025-09-22,0,5
2025-09-22,2025-09-23,NIFTY_PRIVATE_BANK,HDFCBANK,4,ENTRY_FILTER,2024-09-18,2025-09-22,0,5
2025-09-22,2025-09-23,NIFTY_PRIVATE_BANK,ICICIBANK,5,ENTRY_FILTER,2024-09-18,2025-09-22,0,5
2025-09-22,2025-09-23,NIFTY_PRIVATE_BANK,AXISBANK,6,ENTRY_FILTER,2024-09-18,2025-09-22,0,5
2025-09-22,2025-09-23,NIFTY_PRIVATE_BANK,FEDERALBNK,7,ENTRY_FILTER,2024-09-18,2025-09-22,0,5
2025-09-22,2025-09-23,NIFTY_PRIVATE_BANK,BANDHANBNK,8,ENTRY_FILTER,2024-09-18,2025-09-22,0,5
2025-09-22,2025-09-23,NIFTY_PRIVATE_BANK,KOTAKBANK,9,ENTRY_FILTER,2024-09-18,2025-09-22,0,5
2025-09-22,2025-09-23,NIFTY_PRIVATE_BANK,INDUSINDBK,10,ENTRY_FILTER,2024-09-18,2025-09-22,0,5
2025-10-21,2025-10-23,NIFTY_BANK,HDFCBANK,4,ENTRY_FILTER,2024-10-17,2025-10-21,0,5
2025-10-21,2025-10-23,NIFTY_BANK,AXISBANK,5,ENTRY_FILTER,2024-10-17,2025-10-21,0,5
2025-10-21,2025-10-23,NIFTY_BANK,FEDERALBNK,6,ENTRY_FILTER,2024-10-17,2025-10-21,0,5
2025-10-21,2025-10-23,NIFTY_BANK,PNB,7,ENTRY_FILTER,2024-10-17,2025-10-21,0,5
2025-10-21,2025-10-23,NIFTY_BANK,IDFCFIRSTB,8,ENTRY_FILTER,2024-10-17,2025-10-21,0,5
2025-10-21,2025-10-23,NIFTY_BANK,ICICIBANK,9,ENTRY_FILTER,2024-10-17,2025-10-21,0,5
2025-10-21,2025-10-23,NIFTY_BANK,KOTAKBANK,10,ENTRY_FILTER,2024-10-17,2025-10-21,0,5
2025-10-21,2025-10-23,NIFTY_BANK,BANDHANBNK,11,ENTRY_FILTER,2024-10-17,2025-10-21,0,5
2025-10-21,2025-10-23,NIFTY_BANK,INDUSINDBK,12,ENTRY_FILTER,2024-10-17,2025-10-21,0,5
2025-10-21,2025-10-23,NIFTY_FINANCIAL_SERVICES,SBILIFE,4,ENTRY_FILTER,2024-10-17,2025-10-21,0,5
2025-10-21,2025-10-23,NIFTY_FINANCIAL_SERVICES,AXISBANK,5,ENTRY_FILTER,2024-10-17,2025-10-21,0,5
2025-10-21,2025-10-23,NIFTY_FINANCIAL_SERVICES,BAJAJFINSV,6,ENTRY_FILTER,2024-10-17,2025-10-21,0,5
2025-10-21,2025-10-23,NIFTY_FINANCIAL_SERVICES,HDFCBANK,7,ENTRY_FILTER,2024-10-17,2025-10-21,0,5
2025-10-21,2025-10-23,NIFTY_FINANCIAL_SERVICES,CHOLAFIN,8,ENTRY_FILTER,2024-10-17,2025-10-21,0,5
2025-10-21,2025-10-23,NIFTY_FINANCIAL_SERVICES,EDELWEISS,9,ENTRY_FILTER,2024-10-17,2025-10-21,0,5
2025-10-21,2025-10-23,NIFTY_FINANCIAL_SERVICES,HDFCLIFE,10,ENTRY_FILTER,2024-10-17,2025-10-21,0,5
2025-10-21,2025-10-23,NIFTY_FINANCIAL_SERVICES,ICICIGI,11,ENTRY_FILTER,2024-10-17,2025-10-21,0,5
2025-10-21,2025-10-23,NIFTY_FINANCIAL_SERVICES,KOTAKBANK,12,ENTRY_FILTER,2024-10-17,2025-10-21,0,5
2025-10-21,2025-10-23,NIFTY_FINANCIAL_SERVICES,ICICIBANK,13,ENTRY_FILTER,2024-10-17,2025-10-21,0,5
2025-10-21,2025-10-23,NIFTY_FINANCIAL_SERVICES,BAJAJHLDNG,14,ENTRY_FILTER,2024-10-17,2025-10-21,0,5
2025-10-21,2025-10-23,NIFTY_FINANCIAL_SERVICES,ICICIPRULI,15,ENTRY_FILTER,2024-10-17,2025-10-21,0,5
2025-10-21,2025-10-23,NIFTY_FINANCIAL_SERVICES,PFC,16,ENTRY_FILTER,2024-10-17,2025-10-21,0,5
2025-10-21,2025-10-23,NIFTY_FINANCIAL_SERVICES,RECLTD,17,ENTRY_FILTER,2024-10-17,2025-10-21,0,5
2025-10-21,2025-10-23,NIFTY_FINANCIAL_SERVICES_EX_BANK,MUTHOOTFIN,4,ENTRY_FILTER,2024-10-17,2025-10-21,0,5
2025-10-21,2025-10-23,NIFTY_FINANCIAL_SERVICES_EX_BANK,MCX,5,ENTRY_FILTER,2024-10-17,2025-10-21,0,5
2025-10-21,2025-10-23,NIFTY_FINANCIAL_SERVICES_EX_BANK,BAJFINANCE,6,ENTRY_FILTER,2024-10-17,2025-10-21,0,5
2025-10-21,2025-10-23,NIFTY_FINANCIAL_SERVICES_EX_BANK,HDFCAMC,7,ENTRY_FILTER,2024-10-17,2025-10-21,0,5
2025-10-21,2025-10-23,NIFTY_FINANCIAL_SERVICES_EX_BANK,MFSL,8,ENTRY_FILTER,2024-10-17,2025-10-21,0,5
2025-10-21,2025-10-23,NIFTY_FINANCIAL_SERVICES_EX_BANK,SBILIFE,9,ENTRY_FILTER,2024-10-17,2025-10-21,0,5
2025-10-21,2025-10-23,NIFTY_FINANCIAL_SERVICES_EX_BANK,JIOFIN,10,ENTRY_FILTER,2024-10-17,2025-10-21,0,5
2025-10-21,2025-10-23,NIFTY_FINANCIAL_SERVICES_EX_BANK,M&MFIN,11,ENTRY_FILTER,2024-10-17,2025-10-21,0,5
2025-10-21,2025-10-23,NIFTY_FINANCIAL_SERVICES_EX_BANK,BAJAJFINSV,12,ENTRY_FILTER,2024-10-17,2025-10-21,0,5
2025-10-21,2025-10-23,NIFTY_FINANCIAL_SERVICES_EX_BANK,CHOLAFIN,13,ENTRY_FILTER,2024-10-17,2025-10-21,0,5
2025-10-21,2025-10-23,NIFTY_FINANCIAL_SERVICES_EX_BANK,BSE,14,ENTRY_FILTER,2024-10-17,2025-10-21,0,5
2025-10-21,2025-10-23,NIFTY_FINANCIAL_SERVICES_EX_BANK,SBICARD,15,ENTRY_FILTER,2024-10-17,2025-10-21,0,5
2025-10-21,2025-10-23,NIFTY_FINANCIAL_SERVICES_EX_BANK,SHRIRAMFIN,16,ENTRY_FILTER,2024-10-17,2025-10-21,0,5
2025-10-21,2025-10-23,NIFTY_FINANCIAL_SERVICES_EX_BANK,HDFCLIFE,17,ENTRY_FILTER,2024-10-17,2025-10-21,0,5
2025-10-21,2025-10-23,NIFTY_FINANCIAL_SERVICES_EX_BANK,LICI,18,ENTRY_FILTER,2024-10-17,2025-10-21,0,5
2025-10-21,2025-10-23,NIFTY_FINANCIAL_SERVICES_EX_BANK,ICICIGI,19,ENTRY_FILTER,2024-10-17,2025-10-21,0,5
2025-10-21,2025-10-23,NIFTY_FINANCIAL_SERVICES_EX_BANK,CDSL,20,ENTRY_FILTER,2024-10-17,2025-10-21,0,5
2025-10-21,2025-10-23,NIFTY_FINANCIAL_SERVICES_EX_BANK,360ONE,21,ENTRY_FILTER,2024-10-17,2025-10-21,0,5
2025-10-21,2025-10-23,NIFTY_FINANCIAL_SERVICES_EX_BANK,LICHSGFIN,22,ENTRY_FILTER,2024-10-17,2025-10-21,0,5
2025-10-21,2025-10-23,NIFTY_FINANCIAL_SERVICES_EX_BANK,ICICIPRULI,23,ENTRY_FILTER,2024-10-17,2025-10-21,0,5
2025-10-21,2025-10-23,NIFTY_FINANCIAL_SERVICES_EX_BANK,ANGELONE,24,ENTRY_FILTER,2024-10-17,2025-10-21,0,5
2025-10-21,2025-10-23,NIFTY_FINANCIAL_SERVICES_EX_BANK,PFC,25,ENTRY_FILTER,2024-10-17,2025-10-21,0,5
2025-10-21,2025-10-23,NIFTY_FINANCIAL_SERVICES_EX_BANK,IRFC,26,ENTRY_FILTER,2024-10-17,2025-10-21,0,5
2025-10-21,2025-10-23,NIFTY_FINANCIAL_SERVICES_EX_BANK,POLICYBZR,27,ENTRY_FILTER,2024-10-17,2025-10-21,0,5
2025-10-21,2025-10-23,NIFTY_FINANCIAL_SERVICES_EX_BANK,CAMS,28,ENTRY_FILTER,2024-10-17,2025-10-21,0,5
2025-10-21,2025-10-23,NIFTY_FINANCIAL_SERVICES_EX_BANK,RECLTD,29,ENTRY_FILTER,2024-10-17,2025-10-21,0,5
2025-10-21,2025-10-23,NIFTY_FINANCIAL_SERVICES_EX_BANK,IEX,30,ENTRY_FILTER,2024-10-17,2025-10-21,0,5
2025-10-21,2025-10-23,NIFTY_OIL_GAS,RELIANCE,4,ENTRY_FILTER,2024-10-17,2025-10-21,0,5
2025-10-21,2025-10-23,NIFTY_OIL_GAS,IGL,5,ENTRY_FILTER,2024-10-17,2025-10-21,0,5
2025-10-21,2025-10-23,NIFTY_OIL_GAS,ONGC,6,ENTRY_FILTER,2024-10-17,2025-10-21,0,5
2025-10-21,2025-10-23,NIFTY_OIL_GAS,CASTROLIND,7,ENTRY_FILTER,2024-10-17,2025-10-21,0,5
2025-10-21,2025-10-23,NIFTY_OIL_GAS,AEGISLOG,8,ENTRY_FILTER,2024-10-16,2025-10-21,0,5
2025-10-21,2025-10-23,NIFTY_OIL_GAS,GAIL,9,ENTRY_FILTER,2024-10-17,2025-10-21,0,5
2025-10-21,2025-10-23,NIFTY_OIL_GAS,OIL,10,ENTRY_FILTER,2024-10-17,2025-10-21,0,5
2025-10-21,2025-10-23,NIFTY_OIL_GAS,MGL,11,ENTRY_FILTER,2024-10-17,2025-10-21,0,5
2025-10-21,2025-10-23,NIFTY_OIL_GAS,ATGL,12,ENTRY_FILTER,2024-10-17,2025-10-21,0,5
2025-10-21,2025-10-23,NIFTY_OIL_GAS,PETRONET,13,ENTRY_FILTER,2024-10-17,2025-10-21,0,5
2025-10-21,2025-10-23,NIFTY_PRIVATE_BANK,AXISBANK,4,ENTRY_FILTER,2024-10-17,2025-10-21,0,5
2025-10-21,2025-10-23,NIFTY_PRIVATE_BANK,FEDERALBNK,5,ENTRY_FILTER,2024-10-17,2025-10-21,0,5
2025-10-21,2025-10-23,NIFTY_PRIVATE_BANK,IDFCFIRSTB,6,ENTRY_FILTER,2024-10-17,2025-10-21,0,5
2025-10-21,2025-10-23,NIFTY_PRIVATE_BANK,ICICIBANK,7,ENTRY_FILTER,2024-10-17,2025-10-21,0,5
2025-10-21,2025-10-23,NIFTY_PRIVATE_BANK,KOTAKBANK,8,ENTRY_FILTER,2024-10-17,2025-10-21,0,5
2025-10-21,2025-10-23,NIFTY_PRIVATE_BANK,BANDHANBNK,9,ENTRY_FILTER,2024-10-17,2025-10-21,0,5
2025-10-21,2025-10-23,NIFTY_PRIVATE_BANK,INDUSINDBK,10,ENTRY_FILTER,2024-10-17,2025-10-21,0,5
2025-11-21,2025-11-24,NIFTY_BANK,BANKBARODA,4,ENTRY_FILTER,2024-11-18,2025-11-21,0,5
2025-11-21,2025-11-24,NIFTY_BANK,PNB,5,ENTRY_FILTER,2024-11-18,2025-11-21,0,5
2025-11-21,2025-11-24,NIFTY_BANK,AXISBANK,6,ENTRY_FILTER,2024-11-18,2025-11-21,0,5
2025-11-21,2025-11-24,NIFTY_BANK,IDFCFIRSTB,7,ENTRY_FILTER,2024-11-18,2025-11-21,0,5
2025-11-21,2025-11-24,NIFTY_BANK,HDFCBANK,8,ENTRY_FILTER,2024-11-18,2025-11-21,0,5
2025-11-21,2025-11-24,NIFTY_BANK,KOTAKBANK,9,ENTRY_FILTER,2024-11-18,2025-11-21,0,5
2025-11-21,2025-11-24,NIFTY_BANK,ICICIBANK,10,ENTRY_FILTER,2024-11-18,2025-11-21,0,5
2025-11-21,2025-11-24,NIFTY_BANK,INDUSINDBK,11,ENTRY_FILTER,2024-11-18,2025-11-21,0,5
2025-11-21,2025-11-24,NIFTY_BANK,BANDHANBNK,12,ENTRY_FILTER,2024-11-18,2025-11-21,0,5
2025-11-21,2025-11-24,NIFTY_FINANCIAL_SERVICES,AXISBANK,4,ENTRY_FILTER,2024-11-18,2025-11-21,0,5
2025-11-21,2025-11-24,NIFTY_FINANCIAL_SERVICES,BAJFINANCE,5,ENTRY_FILTER,2024-11-18,2025-11-21,0,5
2025-11-21,2025-11-24,NIFTY_FINANCIAL_SERVICES,HDFCBANK,6,ENTRY_FILTER,2024-11-18,2025-11-21,0,5
2025-11-21,2025-11-24,NIFTY_FINANCIAL_SERVICES,CHOLAFIN,7,ENTRY_FILTER,2024-11-18,2025-11-21,0,5
2025-11-21,2025-11-24,NIFTY_FINANCIAL_SERVICES,HDFCLIFE,8,ENTRY_FILTER,2024-11-18,2025-11-21,0,5
2025-11-21,2025-11-24,NIFTY_FINANCIAL_SERVICES,ICICIGI,9,ENTRY_FILTER,2024-11-18,2025-11-21,0,5
2025-11-21,2025-11-24,NIFTY_FINANCIAL_SERVICES,BAJAJFINSV,10,ENTRY_FILTER,2024-11-18,2025-11-21,0,5
2025-11-21,2025-11-24,NIFTY_FINANCIAL_SERVICES,EDELWEISS,11,ENTRY_FILTER,2024-11-18,2025-11-21,0,5
2025-11-21,2025-11-24,NIFTY_FINANCIAL_SERVICES,KOTAKBANK,12,ENTRY_FILTER,2024-11-18,2025-11-21,0,5
2025-11-21,2025-11-24,NIFTY_FINANCIAL_SERVICES,ICICIBANK,13,ENTRY_FILTER,2024-11-18,2025-11-21,0,5
2025-11-21,2025-11-24,NIFTY_FINANCIAL_SERVICES,ICICIPRULI,14,ENTRY_FILTER,2024-11-18,2025-11-21,0,5
2025-11-21,2025-11-24,NIFTY_FINANCIAL_SERVICES,PFC,15,ENTRY_FILTER,2024-11-18,2025-11-21,0,5
2025-11-21,2025-11-24,NIFTY_FINANCIAL_SERVICES,RECLTD,16,ENTRY_FILTER,2024-11-18,2025-11-21,0,5
2025-11-21,2025-11-24,NIFTY_FINANCIAL_SERVICES,BAJAJHLDNG,17,ENTRY_FILTER,2024-11-18,2025-11-21,0,5
2025-11-21,2025-11-24,NIFTY_FINANCIAL_SERVICES_EX_BANK,MCX,4,ENTRY_FILTER,2024-11-18,2025-11-21,0,5
2025-11-21,2025-11-24,NIFTY_FINANCIAL_SERVICES_EX_BANK,SHRIRAMFIN,5,ENTRY_FILTER,2024-11-18,2025-11-21,0,5
2025-11-21,2025-11-24,NIFTY_FINANCIAL_SERVICES_EX_BANK,PAYTM,6,ENTRY_FILTER,2024-11-18,2025-11-21,0,5
2025-11-21,2025-11-24,NIFTY_FINANCIAL_SERVICES_EX_BANK,M&MFIN,7,ENTRY_FILTER,2024-11-18,2025-11-21,0,5
2025-11-21,2025-11-24,NIFTY_FINANCIAL_SERVICES_EX_BANK,SBILIFE,8,ENTRY_FILTER,2024-11-18,2025-11-21,0,5
2025-11-21,2025-11-24,NIFTY_FINANCIAL_SERVICES_EX_BANK,MFSL,9,ENTRY_FILTER,2024-11-18,2025-11-21,0,5
2025-11-21,2025-11-24,NIFTY_FINANCIAL_SERVICES_EX_BANK,BSE,10,ENTRY_FILTER,2024-11-18,2025-11-21,0,5
2025-11-21,2025-11-24,NIFTY_FINANCIAL_SERVICES_EX_BANK,HDFCAMC,11,ENTRY_FILTER,2024-11-18,2025-11-21,0,5
2025-11-21,2025-11-24,NIFTY_FINANCIAL_SERVICES_EX_BANK,BAJFINANCE,12,ENTRY_FILTER,2024-11-18,2025-11-21,0,5
2025-11-21,2025-11-24,NIFTY_FINANCIAL_SERVICES_EX_BANK,JIOFIN,13,ENTRY_FILTER,2024-11-18,2025-11-21,0,5
2025-11-21,2025-11-24,NIFTY_FINANCIAL_SERVICES_EX_BANK,CDSL,14,ENTRY_FILTER,2024-11-18,2025-11-21,0,5
2025-11-21,2025-11-24,NIFTY_FINANCIAL_SERVICES_EX_BANK,LICI,15,ENTRY_FILTER,2024-11-18,2025-11-21,0,5
2025-11-21,2025-11-24,NIFTY_FINANCIAL_SERVICES_EX_BANK,360ONE,16,ENTRY_FILTER,2024-11-18,2025-11-21,0,5
2025-11-21,2025-11-24,NIFTY_FINANCIAL_SERVICES_EX_BANK,CHOLAFIN,17,ENTRY_FILTER,2024-11-18,2025-11-21,0,5
2025-11-21,2025-11-24,NIFTY_FINANCIAL_SERVICES_EX_BANK,HDFCLIFE,18,ENTRY_FILTER,2024-11-18,2025-11-21,0,5
2025-11-21,2025-11-24,NIFTY_FINANCIAL_SERVICES_EX_BANK,BAJAJFINSV,19,ENTRY_FILTER,2024-11-18,2025-11-21,0,5
2025-11-21,2025-11-24,NIFTY_FINANCIAL_SERVICES_EX_BANK,CAMS,20,ENTRY_FILTER,2024-11-18,2025-11-21,0,5
2025-11-21,2025-11-24,NIFTY_FINANCIAL_SERVICES_EX_BANK,ICICIGI,21,ENTRY_FILTER,2024-11-18,2025-11-21,0,5
2025-11-21,2025-11-24,NIFTY_FINANCIAL_SERVICES_EX_BANK,SBICARD,22,ENTRY_FILTER,2024-11-18,2025-11-21,0,5
2025-11-21,2025-11-24,NIFTY_FINANCIAL_SERVICES_EX_BANK,ICICIPRULI,23,ENTRY_FILTER,2024-11-18,2025-11-21,0,5
2025-11-21,2025-11-24,NIFTY_FINANCIAL_SERVICES_EX_BANK,LICHSGFIN,24,ENTRY_FILTER,2024-11-18,2025-11-21,0,5
2025-11-21,2025-11-24,NIFTY_FINANCIAL_SERVICES_EX_BANK,ANGELONE,25,ENTRY_FILTER,2024-11-18,2025-11-21,0,5
2025-11-21,2025-11-24,NIFTY_FINANCIAL_SERVICES_EX_BANK,PFC,26,ENTRY_FILTER,2024-11-18,2025-11-21,0,5
2025-11-21,2025-11-24,NIFTY_FINANCIAL_SERVICES_EX_BANK,IRFC,27,ENTRY_FILTER,2024-11-18,2025-11-21,0,5
2025-11-21,2025-11-24,NIFTY_FINANCIAL_SERVICES_EX_BANK,RECLTD,28,ENTRY_FILTER,2024-11-18,2025-11-21,0,5
2025-11-21,2025-11-24,NIFTY_FINANCIAL_SERVICES_EX_BANK,POLICYBZR,29,ENTRY_FILTER,2024-11-18,2025-11-21,0,5
2025-11-21,2025-11-24,NIFTY_FINANCIAL_SERVICES_EX_BANK,IEX,30,ENTRY_FILTER,2024-11-18,2025-11-21,0,5
2025-11-21,2025-11-24,NIFTY_OIL_GAS,RELIANCE,4,ENTRY_FILTER,2024-11-18,2025-11-21,0,5
2025-11-21,2025-11-24,NIFTY_OIL_GAS,ONGC,5,ENTRY_FILTER,2024-11-18,2025-11-21,0,5
2025-11-21,2025-11-24,NIFTY_OIL_GAS,OIL,6,ENTRY_FILTER,2024-11-18,2025-11-21,0,5
2025-11-21,2025-11-24,NIFTY_OIL_GAS,GAIL,7,ENTRY_FILTER,2024-11-18,2025-11-21,0,5
2025-11-21,2025-11-24,NIFTY_OIL_GAS,IGL,8,ENTRY_FILTER,2024-11-18,2025-11-21,0,5
2025-11-21,2025-11-24,NIFTY_OIL_GAS,PETRONET,9,ENTRY_FILTER,2024-11-18,2025-11-21,0,5
2025-11-21,2025-11-24,NIFTY_OIL_GAS,CASTROLIND,10,ENTRY_FILTER,2024-11-18,2025-11-21,0,5
2025-11-21,2025-11-24,NIFTY_OIL_GAS,AEGISLOG,11,ENTRY_FILTER,2024-11-14,2025-11-21,0,5
2025-11-21,2025-11-24,NIFTY_OIL_GAS,MGL,12,ENTRY_FILTER,2024-11-18,2025-11-21,0,5
2025-11-21,2025-11-24,NIFTY_OIL_GAS,ATGL,13,ENTRY_FILTER,2024-11-18,2025-11-21,0,5
2025-11-21,2025-11-24,NIFTY_PRIVATE_BANK,IDFCFIRSTB,4,ENTRY_FILTER,2024-11-18,2025-11-21,0,5
2025-11-21,2025-11-24,NIFTY_PRIVATE_BANK,HDFCBANK,5,ENTRY_FILTER,2024-11-18,2025-11-21,0,5
2025-11-21,2025-11-24,NIFTY_PRIVATE_BANK,YESBANK,6,ENTRY_FILTER,2024-11-18,2025-11-21,0,5
2025-11-21,2025-11-24,NIFTY_PRIVATE_BANK,KOTAKBANK,7,ENTRY_FILTER,2024-11-18,2025-11-21,0,5
2025-11-21,2025-11-24,NIFTY_PRIVATE_BANK,ICICIBANK,8,ENTRY_FILTER,2024-11-18,2025-11-21,0,5
2025-11-21,2025-11-24,NIFTY_PRIVATE_BANK,INDUSINDBK,9,ENTRY_FILTER,2024-11-18,2025-11-21,0,5
2025-11-21,2025-11-24,NIFTY_PRIVATE_BANK,BANDHANBNK,10,ENTRY_FILTER,2024-11-18,2025-11-21,0,5
2025-12-22,2025-12-23,NIFTY_BANK,BANKBARODA,4,ENTRY_FILTER,2024-12-18,2025-12-22,0,5
2025-12-22,2025-12-23,NIFTY_BANK,SBIN,5,ENTRY_FILTER,2024-12-18,2025-12-22,0,5
2025-12-22,2025-12-23,NIFTY_BANK,PNB,6,ENTRY_FILTER,2024-12-18,2025-12-22,0,5
2025-12-22,2025-12-23,NIFTY_BANK,HDFCBANK,7,ENTRY_FILTER,2024-12-18,2025-12-22,0,5
2025-12-22,2025-12-23,NIFTY_BANK,INDUSINDBK,8,ENTRY_FILTER,2024-12-18,2025-12-22,0,5
2025-12-22,2025-12-23,NIFTY_BANK,AXISBANK,9,ENTRY_FILTER,2024-12-18,2025-12-22,0,5
2025-12-22,2025-12-23,NIFTY_BANK,KOTAKBANK,10,ENTRY_FILTER,2024-12-18,2025-12-22,0,5
2025-12-22,2025-12-23,NIFTY_BANK,ICICIBANK,11,ENTRY_FILTER,2024-12-18,2025-12-22,0,5
2025-12-22,2025-12-23,NIFTY_BANK,BANDHANBNK,12,ENTRY_FILTER,2024-12-18,2025-12-22,0,5
2025-12-22,2025-12-23,NIFTY_FINANCIAL_SERVICES,HDFCBANK,4,ENTRY_FILTER,2024-12-18,2025-12-22,0,5
2025-12-22,2025-12-23,NIFTY_FINANCIAL_SERVICES,ICICIPRULI,5,ENTRY_FILTER,2024-12-18,2025-12-22,0,5
2025-12-22,2025-12-23,NIFTY_FINANCIAL_SERVICES,AXISBANK,6,ENTRY_FILTER,2024-12-18,2025-12-22,0,5
2025-12-22,2025-12-23,NIFTY_FINANCIAL_SERVICES,BAJFINANCE,7,ENTRY_FILTER,2024-12-18,2025-12-22,0,5
2025-12-22,2025-12-23,NIFTY_FINANCIAL_SERVICES,HDFCLIFE,8,ENTRY_FILTER,2024-12-18,2025-12-22,0,5
2025-12-22,2025-12-23,NIFTY_FINANCIAL_SERVICES,KOTAKBANK,9,ENTRY_FILTER,2024-12-18,2025-12-22,0,5
2025-12-22,2025-12-23,NIFTY_FINANCIAL_SERVICES,ICICIGI,10,ENTRY_FILTER,2024-12-18,2025-12-22,0,5
2025-12-22,2025-12-23,NIFTY_FINANCIAL_SERVICES,ICICIBANK,11,ENTRY_FILTER,2024-12-18,2025-12-22,0,5
2025-12-22,2025-12-23,NIFTY_FINANCIAL_SERVICES,BAJAJFINSV,12,ENTRY_FILTER,2024-12-18,2025-12-22,0,5
2025-12-22,2025-12-23,NIFTY_FINANCIAL_SERVICES,EDELWEISS,13,ENTRY_FILTER,2024-12-18,2025-12-22,0,5
2025-12-22,2025-12-23,NIFTY_FINANCIAL_SERVICES,CHOLAFIN,14,ENTRY_FILTER,2024-12-18,2025-12-22,0,5
2025-12-22,2025-12-23,NIFTY_FINANCIAL_SERVICES,RECLTD,15,ENTRY_FILTER,2024-12-18,2025-12-22,0,5
2025-12-22,2025-12-23,NIFTY_FINANCIAL_SERVICES,PFC,16,ENTRY_FILTER,2024-12-18,2025-12-22,0,5
2025-12-22,2025-12-23,NIFTY_FINANCIAL_SERVICES,BAJAJHLDNG,17,ENTRY_FILTER,2024-12-18,2025-12-22,0,5
2025-12-22,2025-12-23,NIFTY_FINANCIAL_SERVICES_EX_BANK,ABCAPITAL,4,ENTRY_FILTER,2024-12-18,2025-12-22,0,5
2025-12-22,2025-12-23,NIFTY_FINANCIAL_SERVICES_EX_BANK,SHRIRAMFIN,5,ENTRY_FILTER,2024-12-18,2025-12-22,0,5
2025-12-22,2025-12-23,NIFTY_FINANCIAL_SERVICES_EX_BANK,MUTHOOTFIN,6,ENTRY_FILTER,2024-12-18,2025-12-22,0,5
2025-12-22,2025-12-23,NIFTY_FINANCIAL_SERVICES_EX_BANK,M&MFIN,7,ENTRY_FILTER,2024-12-18,2025-12-22,0,5
2025-12-22,2025-12-23,NIFTY_FINANCIAL_SERVICES_EX_BANK,BSE,8,ENTRY_FILTER,2024-12-18,2025-12-22,0,5
2025-12-22,2025-12-23,NIFTY_FINANCIAL_SERVICES_EX_BANK,SBILIFE,9,ENTRY_FILTER,2024-12-18,2025-12-22,0,5
2025-12-22,2025-12-23,NIFTY_FINANCIAL_SERVICES_EX_BANK,MFSL,10,ENTRY_FILTER,2024-12-18,2025-12-22,0,5
2025-12-22,2025-12-23,NIFTY_FINANCIAL_SERVICES_EX_BANK,ICICIPRULI,11,ENTRY_FILTER,2024-12-18,2025-12-22,0,5
2025-12-22,2025-12-23,NIFTY_FINANCIAL_SERVICES_EX_BANK,360ONE,12,ENTRY_FILTER,2024-12-18,2025-12-22,0,5
2025-12-22,2025-12-23,NIFTY_FINANCIAL_SERVICES_EX_BANK,JIOFIN,13,ENTRY_FILTER,2024-12-18,2025-12-22,0,5
2025-12-22,2025-12-23,NIFTY_FINANCIAL_SERVICES_EX_BANK,HDFCAMC,14,ENTRY_FILTER,2024-12-18,2025-12-22,0,5
2025-12-22,2025-12-23,NIFTY_FINANCIAL_SERVICES_EX_BANK,BAJFINANCE,15,ENTRY_FILTER,2024-12-18,2025-12-22,0,5
2025-12-22,2025-12-23,NIFTY_FINANCIAL_SERVICES_EX_BANK,HDFCLIFE,16,ENTRY_FILTER,2024-12-18,2025-12-22,0,5
2025-12-22,2025-12-23,NIFTY_FINANCIAL_SERVICES_EX_BANK,ICICIGI,17,ENTRY_FILTER,2024-12-18,2025-12-22,0,5
2025-12-22,2025-12-23,NIFTY_FINANCIAL_SERVICES_EX_BANK,CDSL,18,ENTRY_FILTER,2024-12-18,2025-12-22,0,5
2025-12-22,2025-12-23,NIFTY_FINANCIAL_SERVICES_EX_BANK,LICI,19,ENTRY_FILTER,2024-12-18,2025-12-22,0,5
2025-12-22,2025-12-23,NIFTY_FINANCIAL_SERVICES_EX_BANK,BAJAJFINSV,20,ENTRY_FILTER,2024-12-18,2025-12-22,0,5
2025-12-22,2025-12-23,NIFTY_FINANCIAL_SERVICES_EX_BANK,ANGELONE,21,ENTRY_FILTER,2024-12-18,2025-12-22,0,5
2025-12-22,2025-12-23,NIFTY_FINANCIAL_SERVICES_EX_BANK,POLICYBZR,22,ENTRY_FILTER,2024-12-18,2025-12-22,0,5
2025-12-22,2025-12-23,NIFTY_FINANCIAL_SERVICES_EX_BANK,CHOLAFIN,23,ENTRY_FILTER,2024-12-18,2025-12-22,0,5
2025-12-22,2025-12-23,NIFTY_FINANCIAL_SERVICES_EX_BANK,SBICARD,24,ENTRY_FILTER,2024-12-18,2025-12-22,0,5
2025-12-22,2025-12-23,NIFTY_FINANCIAL_SERVICES_EX_BANK,LICHSGFIN,25,ENTRY_FILTER,2024-12-18,2025-12-22,0,5
2025-12-22,2025-12-23,NIFTY_FINANCIAL_SERVICES_EX_BANK,CAMS,26,ENTRY_FILTER,2024-12-18,2025-12-22,0,5
2025-12-22,2025-12-23,NIFTY_FINANCIAL_SERVICES_EX_BANK,IRFC,27,ENTRY_FILTER,2024-12-18,2025-12-22,0,5
2025-12-22,2025-12-23,NIFTY_FINANCIAL_SERVICES_EX_BANK,RECLTD,28,ENTRY_FILTER,2024-12-18,2025-12-22,0,5
2025-12-22,2025-12-23,NIFTY_FINANCIAL_SERVICES_EX_BANK,PFC,29,ENTRY_FILTER,2024-12-18,2025-12-22,0,5
2025-12-22,2025-12-23,NIFTY_FINANCIAL_SERVICES_EX_BANK,IEX,30,ENTRY_FILTER,2024-12-18,2025-12-22,0,5
2025-12-22,2025-12-23,NIFTY_OIL_GAS,RELIANCE,4,ENTRY_FILTER,2024-12-18,2025-12-22,0,5
2025-12-22,2025-12-23,NIFTY_OIL_GAS,ONGC,5,ENTRY_FILTER,2024-12-18,2025-12-22,0,5
2025-12-22,2025-12-23,NIFTY_OIL_GAS,PETRONET,6,ENTRY_FILTER,2024-12-18,2025-12-22,0,5
2025-12-22,2025-12-23,NIFTY_OIL_GAS,GAIL,7,ENTRY_FILTER,2024-12-18,2025-12-22,0,5
2025-12-22,2025-12-23,NIFTY_OIL_GAS,OIL,8,ENTRY_FILTER,2024-12-18,2025-12-22,0,5
2025-12-22,2025-12-23,NIFTY_OIL_GAS,IGL,9,ENTRY_FILTER,2024-12-18,2025-12-22,0,5
2025-12-22,2025-12-23,NIFTY_OIL_GAS,AEGISLOG,10,ENTRY_FILTER,2024-12-17,2025-12-22,0,5
2025-12-22,2025-12-23,NIFTY_OIL_GAS,CASTROLIND,11,ENTRY_FILTER,2024-12-18,2025-12-22,0,5
2025-12-22,2025-12-23,NIFTY_OIL_GAS,MGL,12,ENTRY_FILTER,2024-12-18,2025-12-22,0,5
2025-12-22,2025-12-23,NIFTY_OIL_GAS,ATGL,13,ENTRY_FILTER,2024-12-18,2025-12-22,0,5
2025-12-22,2025-12-23,NIFTY_PRIVATE_BANK,YESBANK,4,ENTRY_FILTER,2024-12-18,2025-12-22,0,5
2025-12-22,2025-12-23,NIFTY_PRIVATE_BANK,HDFCBANK,5,ENTRY_FILTER,2024-12-18,2025-12-22,0,5
2025-12-22,2025-12-23,NIFTY_PRIVATE_BANK,INDUSINDBK,6,ENTRY_FILTER,2024-12-18,2025-12-22,0,5
2025-12-22,2025-12-23,NIFTY_PRIVATE_BANK,AXISBANK,7,ENTRY_FILTER,2024-12-18,2025-12-22,0,5
2025-12-22,2025-12-23,NIFTY_PRIVATE_BANK,KOTAKBANK,8,ENTRY_FILTER,2024-12-18,2025-12-22,0,5
2025-12-22,2025-12-23,NIFTY_PRIVATE_BANK,ICICIBANK,9,ENTRY_FILTER,2024-12-18,2025-12-22,0,5
2025-12-22,2025-12-23,NIFTY_PRIVATE_BANK,BANDHANBNK,10,ENTRY_FILTER,2024-12-18,2025-12-22,0,5
2026-01-21,2026-01-22,NIFTY_BANK,RBLBANK,4,ENTRY_FILTER,2025-01-17,2026-01-21,0,5
2026-01-21,2026-01-22,NIFTY_BANK,IDFCFIRSTB,5,ENTRY_FILTER,2025-01-17,2026-01-21,0,5
2026-01-21,2026-01-22,NIFTY_BANK,AXISBANK,6,ENTRY_FILTER,2025-01-17,2026-01-21,0,5
2026-01-21,2026-01-22,NIFTY_BANK,INDUSINDBK,7,ENTRY_FILTER,2025-01-17,2026-01-21,0,5
2026-01-21,2026-01-22,NIFTY_BANK,PNB,8,ENTRY_FILTER,2025-01-17,2026-01-21,0,5
2026-01-21,2026-01-22,NIFTY_BANK,KOTAKBANK,9,ENTRY_FILTER,2025-01-17,2026-01-21,0,5
2026-01-21,2026-01-22,NIFTY_BANK,ICICIBANK,10,ENTRY_FILTER,2025-01-17,2026-01-21,0,5
2026-01-21,2026-01-22,NIFTY_BANK,HDFCBANK,11,ENTRY_FILTER,2025-01-17,2026-01-21,0,5
2026-01-21,2026-01-22,NIFTY_BANK,BANDHANBNK,12,ENTRY_FILTER,2025-01-17,2026-01-21,0,5
2026-01-21,2026-01-22,NIFTY_FINANCIAL_SERVICES,AXISBANK,4,ENTRY_FILTER,2025-01-17,2026-01-21,0,5
2026-01-21,2026-01-22,NIFTY_FINANCIAL_SERVICES,ICICIPRULI,5,ENTRY_FILTER,2025-01-17,2026-01-21,0,5
2026-01-21,2026-01-22,NIFTY_FINANCIAL_SERVICES,HDFCLIFE,6,ENTRY_FILTER,2025-01-17,2026-01-21,0,5
2026-01-21,2026-01-22,NIFTY_FINANCIAL_SERVICES,CHOLAFIN,7,ENTRY_FILTER,2025-01-17,2026-01-21,0,5
2026-01-21,2026-01-22,NIFTY_FINANCIAL_SERVICES,KOTAKBANK,8,ENTRY_FILTER,2025-01-17,2026-01-21,0,5
2026-01-21,2026-01-22,NIFTY_FINANCIAL_SERVICES,ICICIBANK,9,ENTRY_FILTER,2025-01-17,2026-01-21,0,5
2026-01-21,2026-01-22,NIFTY_FINANCIAL_SERVICES,ICICIGI,10,ENTRY_FILTER,2025-01-17,2026-01-21,0,5
2026-01-21,2026-01-22,NIFTY_FINANCIAL_SERVICES,HDFCBANK,11,ENTRY_FILTER,2025-01-17,2026-01-21,0,5
2026-01-21,2026-01-22,NIFTY_FINANCIAL_SERVICES,EDELWEISS,12,ENTRY_FILTER,2025-01-17,2026-01-21,0,5
2026-01-21,2026-01-22,NIFTY_FINANCIAL_SERVICES,BAJFINANCE,13,ENTRY_FILTER,2025-01-17,2026-01-21,0,5
2026-01-21,2026-01-22,NIFTY_FINANCIAL_SERVICES,BAJAJFINSV,14,ENTRY_FILTER,2025-01-17,2026-01-21,0,5
2026-01-21,2026-01-22,NIFTY_FINANCIAL_SERVICES,RECLTD,15,ENTRY_FILTER,2025-01-17,2026-01-21,0,5
2026-01-21,2026-01-22,NIFTY_FINANCIAL_SERVICES,PFC,16,ENTRY_FILTER,2025-01-17,2026-01-21,0,5
2026-01-21,2026-01-22,NIFTY_FINANCIAL_SERVICES,BAJAJHLDNG,17,ENTRY_FILTER,2025-01-17,2026-01-21,0,5
2026-01-21,2026-01-22,NIFTY_FINANCIAL_SERVICES_EX_BANK,ABCAPITAL,4,ENTRY_FILTER,2025-01-17,2026-01-21,0,5
2026-01-21,2026-01-22,NIFTY_FINANCIAL_SERVICES_EX_BANK,LTF,5,ENTRY_FILTER,2025-01-17,2026-01-21,0,5
2026-01-21,2026-01-22,NIFTY_FINANCIAL_SERVICES_EX_BANK,SBILIFE,6,ENTRY_FILTER,2025-01-17,2026-01-21,0,5
2026-01-21,2026-01-22,NIFTY_FINANCIAL_SERVICES_EX_BANK,M&MFIN,7,ENTRY_FILTER,2025-01-17,2026-01-21,0,5
2026-01-21,2026-01-22,NIFTY_FINANCIAL_SERVICES_EX_BANK,MFSL,8,ENTRY_FILTER,2025-01-17,2026-01-21,0,5
2026-01-21,2026-01-22,NIFTY_FINANCIAL_SERVICES_EX_BANK,PAYTM,9,ENTRY_FILTER,2025-01-17,2026-01-21,0,5
2026-01-21,2026-01-22,NIFTY_FINANCIAL_SERVICES_EX_BANK,ICICIPRULI,10,ENTRY_FILTER,2025-01-17,2026-01-21,0,5
2026-01-21,2026-01-22,NIFTY_FINANCIAL_SERVICES_EX_BANK,HDFCLIFE,11,ENTRY_FILTER,2025-01-17,2026-01-21,0,5
2026-01-21,2026-01-22,NIFTY_FINANCIAL_SERVICES_EX_BANK,BSE,12,ENTRY_FILTER,2025-01-17,2026-01-21,0,5
2026-01-21,2026-01-22,NIFTY_FINANCIAL_SERVICES_EX_BANK,ICICIGI,13,ENTRY_FILTER,2025-01-17,2026-01-21,0,5
2026-01-21,2026-01-22,NIFTY_FINANCIAL_SERVICES_EX_BANK,CHOLAFIN,14,ENTRY_FILTER,2025-01-17,2026-01-21,0,5
2026-01-21,2026-01-22,NIFTY_FINANCIAL_SERVICES_EX_BANK,LICI,15,ENTRY_FILTER,2025-01-17,2026-01-21,0,5
2026-01-21,2026-01-22,NIFTY_FINANCIAL_SERVICES_EX_BANK,360ONE,16,ENTRY_FILTER,2025-01-16,2026-01-21,0,5
2026-01-21,2026-01-22,NIFTY_FINANCIAL_SERVICES_EX_BANK,BAJAJFINSV,17,ENTRY_FILTER,2025-01-17,2026-01-21,0,5
2026-01-21,2026-01-22,NIFTY_FINANCIAL_SERVICES_EX_BANK,BAJFINANCE,18,ENTRY_FILTER,2025-01-17,2026-01-21,0,5
2026-01-21,2026-01-22,NIFTY_FINANCIAL_SERVICES_EX_BANK,HDFCAMC,19,ENTRY_FILTER,2025-01-17,2026-01-21,0,5
2026-01-21,2026-01-22,NIFTY_FINANCIAL_SERVICES_EX_BANK,JIOFIN,20,ENTRY_FILTER,2025-01-17,2026-01-21,0,5
2026-01-21,2026-01-22,NIFTY_FINANCIAL_SERVICES_EX_BANK,RECLTD,21,ENTRY_FILTER,2025-01-17,2026-01-21,0,5
2026-01-21,2026-01-22,NIFTY_FINANCIAL_SERVICES_EX_BANK,POLICYBZR,22,ENTRY_FILTER,2025-01-16,2026-01-21,0,5
2026-01-21,2026-01-22,NIFTY_FINANCIAL_SERVICES_EX_BANK,ANGELONE,23,ENTRY_FILTER,2025-01-17,2026-01-21,0,5
2026-01-21,2026-01-22,NIFTY_FINANCIAL_SERVICES_EX_BANK,LICHSGFIN,24,ENTRY_FILTER,2025-01-17,2026-01-21,0,5
2026-01-21,2026-01-22,NIFTY_FINANCIAL_SERVICES_EX_BANK,PFC,25,ENTRY_FILTER,2025-01-17,2026-01-21,0,5
2026-01-21,2026-01-22,NIFTY_FINANCIAL_SERVICES_EX_BANK,CAMS,26,ENTRY_FILTER,2025-01-17,2026-01-21,0,5
2026-01-21,2026-01-22,NIFTY_FINANCIAL_SERVICES_EX_BANK,SBICARD,27,ENTRY_FILTER,2025-01-17,2026-01-21,0,5
2026-01-21,2026-01-22,NIFTY_FINANCIAL_SERVICES_EX_BANK,CDSL,28,ENTRY_FILTER,2025-01-17,2026-01-21,0,5
2026-01-21,2026-01-22,NIFTY_FINANCIAL_SERVICES_EX_BANK,IRFC,29,ENTRY_FILTER,2025-01-17,2026-01-21,0,5
2026-01-21,2026-01-22,NIFTY_FINANCIAL_SERVICES_EX_BANK,IEX,30,ENTRY_FILTER,2025-01-17,2026-01-21,0,5
2026-01-21,2026-01-22,NIFTY_OIL_GAS,RELIANCE,4,ENTRY_FILTER,2025-01-17,2026-01-21,0,5
2026-01-21,2026-01-22,NIFTY_OIL_GAS,ONGC,5,ENTRY_FILTER,2025-01-17,2026-01-21,0,5
2026-01-21,2026-01-22,NIFTY_OIL_GAS,HINDPETRO,6,ENTRY_FILTER,2025-01-17,2026-01-21,0,5
2026-01-21,2026-01-22,NIFTY_OIL_GAS,PETRONET,7,ENTRY_FILTER,2025-01-17,2026-01-21,0,5
2026-01-21,2026-01-22,NIFTY_OIL_GAS,CASTROLIND,8,ENTRY_FILTER,2025-01-17,2026-01-21,0,5
2026-01-21,2026-01-22,NIFTY_OIL_GAS,GAIL,9,ENTRY_FILTER,2025-01-17,2026-01-21,0,5
2026-01-21,2026-01-22,NIFTY_OIL_GAS,IGL,10,ENTRY_FILTER,2025-01-17,2026-01-21,0,5
2026-01-21,2026-01-22,NIFTY_OIL_GAS,ATGL,11,ENTRY_FILTER,2025-01-17,2026-01-21,0,5
2026-01-21,2026-01-22,NIFTY_OIL_GAS,AEGISLOG,12,ENTRY_FILTER,2025-01-15,2026-01-21,0,5
2026-01-21,2026-01-22,NIFTY_OIL_GAS,MGL,13,ENTRY_FILTER,2025-01-17,2026-01-21,0,5
2026-01-21,2026-01-22,NIFTY_PRIVATE_BANK,AXISBANK,4,ENTRY_FILTER,2025-01-17,2026-01-21,0,5
2026-01-21,2026-01-22,NIFTY_PRIVATE_BANK,INDUSINDBK,5,ENTRY_FILTER,2025-01-17,2026-01-21,0,5
2026-01-21,2026-01-22,NIFTY_PRIVATE_BANK,YESBANK,6,ENTRY_FILTER,2025-01-17,2026-01-21,0,5
2026-01-21,2026-01-22,NIFTY_PRIVATE_BANK,KOTAKBANK,7,ENTRY_FILTER,2025-01-17,2026-01-21,0,5
2026-01-21,2026-01-22,NIFTY_PRIVATE_BANK,ICICIBANK,8,ENTRY_FILTER,2025-01-17,2026-01-21,0,5
2026-01-21,2026-01-22,NIFTY_PRIVATE_BANK,HDFCBANK,9,ENTRY_FILTER,2025-01-17,2026-01-21,0,5
2026-01-21,2026-01-22,NIFTY_PRIVATE_BANK,BANDHANBNK,10,ENTRY_FILTER,2025-01-17,2026-01-21,0,5
2026-01-23,2026-01-27,NIFTY_PSU_BANK,INDIANB,4,ENTRY_FILTER,2025-01-21,2026-01-23,0,5
2026-01-23,2026-01-27,NIFTY_PSU_BANK,UNIONBANK,5,ENTRY_FILTER,2025-01-21,2026-01-23,0,5
2026-01-23,2026-01-27,NIFTY_PSU_BANK,MAHABANK,6,ENTRY_FILTER,2025-01-21,2026-01-23,0,5
2026-01-23,2026-01-27,NIFTY_PSU_BANK,BANKBARODA,7,ENTRY_FILTER,2025-01-21,2026-01-23,0,5
2026-01-23,2026-01-27,NIFTY_PSU_BANK,PNB,8,ENTRY_FILTER,2025-01-21,2026-01-23,0,5
2026-01-23,2026-01-27,NIFTY_PSU_BANK,J&KBANK,9,ENTRY_FILTER,2025-01-21,2026-01-23,0,5
2026-01-23,2026-01-27,NIFTY_PSU_BANK,CENTRALBK,10,ENTRY_FILTER,2025-01-21,2026-01-23,0,5
2026-01-23,2026-01-27,NIFTY_PSU_BANK,UCOBANK,11,ENTRY_FILTER,2025-01-21,2026-01-23,0,5
2026-01-23,2026-01-27,NIFTY_PSU_BANK,IOB,12,ENTRY_FILTER,2025-01-21,2026-01-23,0,5
2026-01-23,2026-01-27,NIFTY_PSU_BANK,PSB,13,ENTRY_FILTER,2025-01-21,2026-01-23,0,5
2026-02-23,2026-02-24,NIFTY_BANK,BANKBARODA,4,ENTRY_FILTER,2025-02-17,2026-02-23,0,5
2026-02-23,2026-02-24,NIFTY_BANK,PNB,5,ENTRY_FILTER,2025-02-17,2026-02-23,0,5
2026-02-23,2026-02-24,NIFTY_BANK,AXISBANK,6,ENTRY_FILTER,2025-02-17,2026-02-23,0,5
2026-02-23,2026-02-24,NIFTY_BANK,INDUSINDBK,7,ENTRY_FILTER,2025-02-17,2026-02-23,0,5
2026-02-23,2026-02-24,NIFTY_BANK,KOTAKBANK,8,ENTRY_FILTER,2025-02-17,2026-02-23,0,5
2026-02-23,2026-02-24,NIFTY_BANK,BANDHANBNK,9,ENTRY_FILTER,2025-02-17,2026-02-23,0,5
2026-02-23,2026-02-24,NIFTY_BANK,ICICIBANK,10,ENTRY_FILTER,2025-02-17,2026-02-23,0,5
2026-02-23,2026-02-24,NIFTY_BANK,HDFCBANK,11,ENTRY_FILTER,2025-02-17,2026-02-23,0,5
2026-02-23,2026-02-24,NIFTY_BANK,IDFCFIRSTB,12,ENTRY_FILTER,2025-02-17,2026-02-23,0,5
2026-02-23,2026-02-24,NIFTY_FINANCIAL_SERVICES,SBILIFE,4,ENTRY_FILTER,2025-02-17,2026-02-23,0,5
2026-02-23,2026-02-24,NIFTY_FINANCIAL_SERVICES,EDELWEISS,5,ENTRY_FILTER,2025-02-17,2026-02-23,0,5
2026-02-23,2026-02-24,NIFTY_FINANCIAL_SERVICES,BAJFINANCE,6,ENTRY_FILTER,2025-02-17,2026-02-23,0,5
2026-02-23,2026-02-24,NIFTY_FINANCIAL_SERVICES,ICICIPRULI,7,ENTRY_FILTER,2025-02-17,2026-02-23,0,5
2026-02-23,2026-02-24,NIFTY_FINANCIAL_SERVICES,PFC,8,ENTRY_FILTER,2025-02-17,2026-02-23,0,5
2026-02-23,2026-02-24,NIFTY_FINANCIAL_SERVICES,KOTAKBANK,9,ENTRY_FILTER,2025-02-17,2026-02-23,0,5
2026-02-23,2026-02-24,NIFTY_FINANCIAL_SERVICES,BAJAJFINSV,10,ENTRY_FILTER,2025-02-17,2026-02-23,0,5
2026-02-23,2026-02-24,NIFTY_FINANCIAL_SERVICES,CHOLAFIN,11,ENTRY_FILTER,2025-02-17,2026-02-23,0,5
2026-02-23,2026-02-24,NIFTY_FINANCIAL_SERVICES,ICICIGI,12,ENTRY_FILTER,2025-02-17,2026-02-23,0,5
2026-02-23,2026-02-24,NIFTY_FINANCIAL_SERVICES,ICICIBANK,13,ENTRY_FILTER,2025-02-17,2026-02-23,0,5
2026-02-23,2026-02-24,NIFTY_FINANCIAL_SERVICES,HDFCLIFE,14,ENTRY_FILTER,2025-02-17,2026-02-23,0,5
2026-02-23,2026-02-24,NIFTY_FINANCIAL_SERVICES,HDFCBANK,15,ENTRY_FILTER,2025-02-17,2026-02-23,0,5
2026-02-23,2026-02-24,NIFTY_FINANCIAL_SERVICES,RECLTD,16,ENTRY_FILTER,2025-02-17,2026-02-23,0,5
2026-02-23,2026-02-24,NIFTY_FINANCIAL_SERVICES,BAJAJHLDNG,17,ENTRY_FILTER,2025-02-17,2026-02-23,0,5
2026-02-23,2026-02-24,NIFTY_FINANCIAL_SERVICES_EX_BANK,M&MFIN,4,ENTRY_FILTER,2025-02-17,2026-02-23,0,5
2026-02-23,2026-02-24,NIFTY_FINANCIAL_SERVICES_EX_BANK,ABCAPITAL,5,ENTRY_FILTER,2025-02-17,2026-02-23,0,5
2026-02-23,2026-02-24,NIFTY_FINANCIAL_SERVICES_EX_BANK,MFSL,6,ENTRY_FILTER,2025-02-17,2026-02-23,0,5
2026-02-23,2026-02-24,NIFTY_FINANCIAL_SERVICES_EX_BANK,MUTHOOTFIN,7,ENTRY_FILTER,2025-02-17,2026-02-23,0,5
2026-02-23,2026-02-24,NIFTY_FINANCIAL_SERVICES_EX_BANK,SBILIFE,8,ENTRY_FILTER,2025-02-17,2026-02-23,0,5
2026-02-23,2026-02-24,NIFTY_FINANCIAL_SERVICES_EX_BANK,BAJFINANCE,9,ENTRY_FILTER,2025-02-17,2026-02-23,0,5
2026-02-23,2026-02-24,NIFTY_FINANCIAL_SERVICES_EX_BANK,ICICIPRULI,10,ENTRY_FILTER,2025-02-17,2026-02-23,0,5
2026-02-23,2026-02-24,NIFTY_FINANCIAL_SERVICES_EX_BANK,PFC,11,ENTRY_FILTER,2025-02-17,2026-02-23,0,5
2026-02-23,2026-02-24,NIFTY_FINANCIAL_SERVICES_EX_BANK,BAJAJFINSV,12,ENTRY_FILTER,2025-02-17,2026-02-23,0,5
2026-02-23,2026-02-24,NIFTY_FINANCIAL_SERVICES_EX_BANK,ICICIGI,13,ENTRY_FILTER,2025-02-17,2026-02-23,0,5
2026-02-23,2026-02-24,NIFTY_FINANCIAL_SERVICES_EX_BANK,CHOLAFIN,14,ENTRY_FILTER,2025-02-17,2026-02-23,0,5
2026-02-23,2026-02-24,NIFTY_FINANCIAL_SERVICES_EX_BANK,360ONE,15,ENTRY_FILTER,2025-02-14,2026-02-23,0,5
2026-02-23,2026-02-24,NIFTY_FINANCIAL_SERVICES_EX_BANK,HDFCAMC,16,ENTRY_FILTER,2025-02-17,2026-02-23,0,5
2026-02-23,2026-02-24,NIFTY_FINANCIAL_SERVICES_EX_BANK,LICI,17,ENTRY_FILTER,2025-02-17,2026-02-23,0,5
2026-02-23,2026-02-24,NIFTY_FINANCIAL_SERVICES_EX_BANK,BSE,18,ENTRY_FILTER,2025-02-17,2026-02-23,0,5
2026-02-23,2026-02-24,NIFTY_FINANCIAL_SERVICES_EX_BANK,HDFCLIFE,19,ENTRY_FILTER,2025-02-17,2026-02-23,0,5
2026-02-23,2026-02-24,NIFTY_FINANCIAL_SERVICES_EX_BANK,PAYTM,20,ENTRY_FILTER,2025-02-17,2026-02-23,0,5
2026-02-23,2026-02-24,NIFTY_FINANCIAL_SERVICES_EX_BANK,RECLTD,21,ENTRY_FILTER,2025-02-17,2026-02-23,0,5
2026-02-23,2026-02-24,NIFTY_FINANCIAL_SERVICES_EX_BANK,LICHSGFIN,22,ENTRY_FILTER,2025-02-17,2026-02-23,0,5
2026-02-23,2026-02-24,NIFTY_FINANCIAL_SERVICES_EX_BANK,CAMS,23,ENTRY_FILTER,2025-02-17,2026-02-23,0,5
2026-02-23,2026-02-24,NIFTY_FINANCIAL_SERVICES_EX_BANK,SBICARD,24,ENTRY_FILTER,2025-02-17,2026-02-23,0,5
2026-02-23,2026-02-24,NIFTY_FINANCIAL_SERVICES_EX_BANK,IRFC,25,ENTRY_FILTER,2025-02-17,2026-02-23,0,5
2026-02-23,2026-02-24,NIFTY_FINANCIAL_SERVICES_EX_BANK,ANGELONE,26,ENTRY_FILTER,2025-02-17,2026-02-23,0,5
2026-02-23,2026-02-24,NIFTY_FINANCIAL_SERVICES_EX_BANK,JIOFIN,27,ENTRY_FILTER,2025-02-17,2026-02-23,0,5
2026-02-23,2026-02-24,NIFTY_FINANCIAL_SERVICES_EX_BANK,CDSL,28,ENTRY_FILTER,2025-02-17,2026-02-23,0,5
2026-02-23,2026-02-24,NIFTY_FINANCIAL_SERVICES_EX_BANK,IEX,29,ENTRY_FILTER,2025-02-17,2026-02-23,0,5
2026-02-23,2026-02-24,NIFTY_FINANCIAL_SERVICES_EX_BANK,POLICYBZR,30,ENTRY_FILTER,2025-02-14,2026-02-23,0,5
2026-02-23,2026-02-24,NIFTY_PRIVATE_BANK,INDUSINDBK,4,ENTRY_FILTER,2025-02-17,2026-02-23,0,5
2026-02-23,2026-02-24,NIFTY_PRIVATE_BANK,KOTAKBANK,5,ENTRY_FILTER,2025-02-17,2026-02-23,0,5
2026-02-23,2026-02-24,NIFTY_PRIVATE_BANK,BANDHANBNK,6,ENTRY_FILTER,2025-02-17,2026-02-23,0,5
2026-02-23,2026-02-24,NIFTY_PRIVATE_BANK,ICICIBANK,7,ENTRY_FILTER,2025-02-17,2026-02-23,0,5
2026-02-23,2026-02-24,NIFTY_PRIVATE_BANK,YESBANK,8,ENTRY_FILTER,2025-02-17,2026-02-23,0,5
2026-02-23,2026-02-24,NIFTY_PRIVATE_BANK,HDFCBANK,9,ENTRY_FILTER,2025-02-17,2026-02-23,0,5
2026-02-23,2026-02-24,NIFTY_PRIVATE_BANK,IDFCFIRSTB,10,ENTRY_FILTER,2025-02-17,2026-02-23,0,5
2026-02-23,2026-02-24,NIFTY_PSU_BANK,INDIANB,4,ENTRY_FILTER,2025-02-17,2026-02-23,0,5
2026-02-23,2026-02-24,NIFTY_PSU_BANK,CANBK,5,ENTRY_FILTER,2025-02-17,2026-02-23,0,5
2026-02-23,2026-02-24,NIFTY_PSU_BANK,MAHABANK,6,ENTRY_FILTER,2025-02-17,2026-02-23,0,5
2026-02-23,2026-02-24,NIFTY_PSU_BANK,BANKBARODA,7,ENTRY_FILTER,2025-02-17,2026-02-23,0,5
2026-02-23,2026-02-24,NIFTY_PSU_BANK,PNB,8,ENTRY_FILTER,2025-02-17,2026-02-23,0,5
2026-02-23,2026-02-24,NIFTY_PSU_BANK,CENTRALBK,9,ENTRY_FILTER,2025-02-17,2026-02-23,0,5
2026-02-23,2026-02-24,NIFTY_PSU_BANK,J&KBANK,10,ENTRY_FILTER,2025-02-17,2026-02-23,0,5
2026-02-23,2026-02-24,NIFTY_PSU_BANK,UCOBANK,11,ENTRY_FILTER,2025-02-17,2026-02-23,0,5
2026-02-23,2026-02-24,NIFTY_PSU_BANK,IOB,12,ENTRY_FILTER,2025-02-17,2026-02-23,0,5
2026-02-23,2026-02-24,NIFTY_PSU_BANK,PSB,13,ENTRY_FILTER,2025-02-17,2026-02-23,0,5
2026-03-13,2026-03-16,NIFTY_CHEMICALS,AARTIIND,4,ENTRY_FILTER,2025-03-07,2026-03-13,0,5
2026-03-13,2026-03-16,NIFTY_CHEMICALS,SOLARINDS,5,ENTRY_FILTER,2025-03-06,2026-03-13,0,5
2026-03-13,2026-03-16,NIFTY_CHEMICALS,BAYERCROP,6,ENTRY_FILTER,2025-03-07,2026-03-13,0,5
2026-03-13,2026-03-16,NIFTY_CHEMICALS,HSCL,7,ENTRY_FILTER,2025-03-07,2026-03-13,0,5
2026-03-13,2026-03-16,NIFTY_CHEMICALS,PIDILITIND,8,ENTRY_FILTER,2025-03-07,2026-03-13,0,5
2026-03-13,2026-03-16,NIFTY_CHEMICALS,COROMANDEL,9,ENTRY_FILTER,2025-03-07,2026-03-13,0,5
2026-03-13,2026-03-16,NIFTY_CHEMICALS,DEEPAKNTR,10,ENTRY_FILTER,2025-03-07,2026-03-13,0,5
2026-03-13,2026-03-16,NIFTY_CHEMICALS,GNFC,11,ENTRY_FILTER,2025-03-07,2026-03-13,0,5
2026-03-13,2026-03-16,NIFTY_CHEMICALS,FLUOROCHEM,12,ENTRY_FILTER,2025-03-07,2026-03-13,0,5
2026-03-13,2026-03-16,NIFTY_CHEMICALS,CHAMBLFERT,13,ENTRY_FILTER,2025-03-07,2026-03-13,0,5
2026-03-13,2026-03-16,NIFTY_CHEMICALS,UPL,14,ENTRY_FILTER,2025-03-07,2026-03-13,0,5
2026-03-13,2026-03-16,NIFTY_CHEMICALS,SRF,15,ENTRY_FILTER,2025-03-07,2026-03-13,0,5
2026-03-13,2026-03-16,NIFTY_CHEMICALS,PIIND,16,ENTRY_FILTER,2025-03-07,2026-03-13,0,5
2026-03-13,2026-03-16,NIFTY_CHEMICALS,TATACHEM,17,ENTRY_FILTER,2025-03-07,2026-03-13,0,5
2026-03-13,2026-03-16,NIFTY_CHEMICALS,EIDPARRY,18,ENTRY_FILTER,2025-03-07,2026-03-13,0,5
2026-03-13,2026-03-16,NIFTY_CHEMICALS,SUMICHEM,19,ENTRY_FILTER,2025-03-07,2026-03-13,0,5
2026-03-13,2026-03-16,NIFTY_CHEMICALS,PCBL,20,ENTRY_FILTER,2025-03-07,2026-03-13,0,5
2026-03-13,2026-03-16,NIFTY_HEALTHCARE,AUROPHARMA,4,ENTRY_FILTER,2025-03-06,2026-03-13,0,5
2026-03-13,2026-03-16,NIFTY_HEALTHCARE,IPCALAB,5,ENTRY_FILTER,2025-03-06,2026-03-13,0,5
2026-03-13,2026-03-16,NIFTY_HEALTHCARE,SUNPHARMA,6,ENTRY_FILTER,2025-03-07,2026-03-13,0,5
2026-03-13,2026-03-16,NIFTY_HEALTHCARE,GLENMARK,7,ENTRY_FILTER,2025-03-07,2026-03-13,0,5
2026-03-13,2026-03-16,NIFTY_HEALTHCARE,BIOCON,8,ENTRY_FILTER,2025-03-07,2026-03-13,0,5
2026-03-13,2026-03-16,NIFTY_HEALTHCARE,APOLLOHOSP,9,ENTRY_FILTER,2025-03-07,2026-03-13,0,5
2026-03-13,2026-03-16,NIFTY_HEALTHCARE,DRREDDY,10,ENTRY_FILTER,2025-03-07,2026-03-13,0,5
2026-03-13,2026-03-16,NIFTY_HEALTHCARE,ALKEM,11,ENTRY_FILTER,2025-03-06,2026-03-13,0,5
2026-03-13,2026-03-16,NIFTY_HEALTHCARE,GRANULES,12,ENTRY_FILTER,2025-03-06,2026-03-13,0,5
2026-03-13,2026-03-16,NIFTY_HEALTHCARE,DIVISLAB,13,ENTRY_FILTER,2025-03-07,2026-03-13,0,5
2026-03-13,2026-03-16,NIFTY_HEALTHCARE,ZYDUSLIFE,14,ENTRY_FILTER,2025-03-07,2026-03-13,0,5
2026-03-13,2026-03-16,NIFTY_HEALTHCARE,FORTIS,15,ENTRY_FILTER,2025-03-07,2026-03-13,0,5
2026-03-13,2026-03-16,NIFTY_HEALTHCARE,ABBOTINDIA,16,ENTRY_FILTER,2025-03-07,2026-03-13,0,5
2026-03-13,2026-03-16,NIFTY_HEALTHCARE,CIPLA,17,ENTRY_FILTER,2025-03-07,2026-03-13,0,5
2026-03-13,2026-03-16,NIFTY_HEALTHCARE,MAXHEALTH,18,ENTRY_FILTER,2025-03-07,2026-03-13,0,5
2026-03-13,2026-03-16,NIFTY_HEALTHCARE,MANKIND,19,ENTRY_FILTER,2025-03-07,2026-03-13,0,5
2026-03-13,2026-03-16,NIFTY_HEALTHCARE,SYNGENE,20,ENTRY_FILTER,2025-03-07,2026-03-13,0,5
2026-03-13,2026-03-16,NIFTY_METAL,COALINDIA,4,ENTRY_FILTER,2025-03-07,2026-03-13,0,5
2026-03-13,2026-03-16,NIFTY_METAL,HINDALCO,5,ENTRY_FILTER,2025-03-07,2026-03-13,0,5
2026-03-13,2026-03-16,NIFTY_METAL,SAIL,6,ENTRY_FILTER,2025-03-07,2026-03-13,0,5
2026-03-13,2026-03-16,NIFTY_METAL,JINDALSTEL,7,ENTRY_FILTER,2025-03-07,2026-03-13,0,5
2026-03-13,2026-03-16,NIFTY_METAL,APLAPOLLO,8,ENTRY_FILTER,2025-03-07,2026-03-13,0,5
2026-03-13,2026-03-16,NIFTY_METAL,TATASTEEL,9,ENTRY_FILTER,2025-03-07,2026-03-13,0,5
2026-03-13,2026-03-16,NIFTY_METAL,NMDC,10,ENTRY_FILTER,2025-03-07,2026-03-13,0,5
2026-03-13,2026-03-16,NIFTY_METAL,HINDZINC,11,ENTRY_FILTER,2025-03-07,2026-03-13,0,5
2026-03-13,2026-03-16,NIFTY_METAL,JSWSTEEL,12,ENTRY_FILTER,2025-03-07,2026-03-13,0,5
2026-03-13,2026-03-16,NIFTY_METAL,WELCORP,13,ENTRY_FILTER,2025-03-07,2026-03-13,0,5
2026-03-13,2026-03-16,NIFTY_METAL,RATNAMANI,14,ENTRY_FILTER,2025-03-07,2026-03-13,0,5
2026-03-13,2026-03-16,NIFTY_PHARMA,SUNPHARMA,4,ENTRY_FILTER,2025-03-07,2026-03-13,0,5
2026-03-13,2026-03-16,NIFTY_PHARMA,BIOCON,5,ENTRY_FILTER,2025-03-07,2026-03-13,0,5
2026-03-13,2026-03-16,NIFTY_PHARMA,DRREDDY,6,ENTRY_FILTER,2025-03-07,2026-03-13,0,5
2026-03-13,2026-03-16,NIFTY_PHARMA,DIVISLAB,7,ENTRY_FILTER,2025-03-07,2026-03-13,0,5
2026-03-13,2026-03-16,NIFTY_PHARMA,CIPLA,8,ENTRY_FILTER,2025-03-07,2026-03-13,0,5
2026-03-13,2026-03-16,NIFTY_MIDSMALL_HEALTHCARE,LAURUSLABS,4,ENTRY_FILTER,2025-03-07,2026-03-13,0,5
2026-03-13,2026-03-16,NIFTY_MIDSMALL_HEALTHCARE,AUROPHARMA,5,ENTRY_FILTER,2025-03-06,2026-03-13,0,5
2026-03-13,2026-03-16,NIFTY_MIDSMALL_HEALTHCARE,IPCALAB,6,ENTRY_FILTER,2025-03-06,2026-03-13,0,5
2026-03-13,2026-03-16,NIFTY_MIDSMALL_HEALTHCARE,GLENMARK,7,ENTRY_FILTER,2025-03-07,2026-03-13,0,5
2026-03-13,2026-03-16,NIFTY_MIDSMALL_HEALTHCARE,BIOCON,8,ENTRY_FILTER,2025-03-07,2026-03-13,0,5
2026-03-13,2026-03-16,NIFTY_MIDSMALL_HEALTHCARE,ASTERDM,9,ENTRY_FILTER,2025-03-07,2026-03-13,0,5
2026-03-13,2026-03-16,NIFTY_MIDSMALL_HEALTHCARE,ALKEM,10,ENTRY_FILTER,2025-03-06,2026-03-13,0,5
2026-03-13,2026-03-16,NIFTY_MIDSMALL_HEALTHCARE,NATCOPHARM,11,ENTRY_FILTER,2025-03-07,2026-03-13,0,5
2026-03-13,2026-03-16,NIFTY_MIDSMALL_HEALTHCARE,GRANULES,12,ENTRY_FILTER,2025-03-06,2026-03-13,0,5
2026-03-13,2026-03-16,NIFTY_MIDSMALL_HEALTHCARE,FORTIS,13,ENTRY_FILTER,2025-03-07,2026-03-13,0,5
2026-03-13,2026-03-16,NIFTY_MIDSMALL_HEALTHCARE,ABBOTINDIA,14,ENTRY_FILTER,2025-03-07,2026-03-13,0,5
2026-03-13,2026-03-16,NIFTY_MIDSMALL_HEALTHCARE,LALPATHLAB,15,ENTRY_FILTER,2025-03-07,2026-03-13,0,5
2026-03-13,2026-03-16,NIFTY_MIDSMALL_HEALTHCARE,GLAND,16,ENTRY_FILTER,2025-03-06,2026-03-13,0,5
2026-03-13,2026-03-16,NIFTY_MIDSMALL_HEALTHCARE,NH,17,ENTRY_FILTER,2025-03-07,2026-03-13,0,5
2026-03-13,2026-03-16,NIFTY_MIDSMALL_HEALTHCARE,PFIZER,18,ENTRY_FILTER,2025-03-07,2026-03-13,0,5
2026-03-13,2026-03-16,NIFTY_MIDSMALL_HEALTHCARE,MAXHEALTH,19,ENTRY_FILTER,2025-03-07,2026-03-13,0,5
2026-03-13,2026-03-16,NIFTY_MIDSMALL_HEALTHCARE,MANKIND,20,ENTRY_FILTER,2025-03-07,2026-03-13,0,5
2026-03-13,2026-03-16,NIFTY_MIDSMALL_HEALTHCARE,KIMS,21,ENTRY_FILTER,2025-03-07,2026-03-13,0,5
2026-03-13,2026-03-16,NIFTY_MIDSMALL_HEALTHCARE,MEDANTA,22,ENTRY_FILTER,2025-03-07,2026-03-13,0,5
2026-03-13,2026-03-16,NIFTY_MIDSMALL_HEALTHCARE,GLAXO,23,ENTRY_FILTER,2025-03-07,2026-03-13,0,5
2026-03-13,2026-03-16,NIFTY_MIDSMALL_HEALTHCARE,RAINBOW,24,ENTRY_FILTER,2025-03-06,2026-03-13,0,5
2026-03-13,2026-03-16,NIFTY_MIDSMALL_HEALTHCARE,APLLTD,25,ENTRY_FILTER,2025-03-07,2026-03-13,0,5
2026-03-13,2026-03-16,NIFTY_MIDSMALL_HEALTHCARE,NEULANDLAB,26,ENTRY_FILTER,2025-03-07,2026-03-13,0,5
2026-03-13,2026-03-16,NIFTY_MIDSMALL_HEALTHCARE,PPLPHARMA,27,ENTRY_FILTER,2025-03-07,2026-03-13,0,5
2026-03-13,2026-03-16,NIFTY_MIDSMALL_HEALTHCARE,SYNGENE,28,ENTRY_FILTER,2025-03-07,2026-03-13,0,5
2026-03-13,2026-03-16,NIFTY_MIDSMALL_HEALTHCARE,POLYMED,29,ENTRY_FILTER,2025-03-07,2026-03-13,0,5
2026-03-13,2026-03-16,NIFTY_MIDSMALL_HEALTHCARE,COHANCE,30,ENTRY_FILTER,2025-03-07,2026-03-13,0,5
2026-03-23,2026-03-24,NIFTY_CHEMICALS,HSCL,4,ENTRY_FILTER,2025-03-18,2026-03-23,0,5
2026-03-23,2026-03-24,NIFTY_CHEMICALS,ATUL,5,ENTRY_FILTER,2025-03-18,2026-03-23,0,5
2026-03-23,2026-03-24,NIFTY_CHEMICALS,BAYERCROP,6,ENTRY_FILTER,2025-03-18,2026-03-23,0,5
2026-03-23,2026-03-24,NIFTY_CHEMICALS,PIDILITIND,7,ENTRY_FILTER,2025-03-18,2026-03-23,0,5
2026-03-23,2026-03-24,NIFTY_CHEMICALS,FLUOROCHEM,8,ENTRY_FILTER,2025-03-18,2026-03-23,0,5
2026-03-23,2026-03-24,NIFTY_CHEMICALS,SOLARINDS,9,ENTRY_FILTER,2025-03-17,2026-03-23,0,5
2026-03-23,2026-03-24,NIFTY_CHEMICALS,UPL,10,ENTRY_FILTER,2025-03-18,2026-03-23,0,5
2026-03-23,2026-03-24,NIFTY_CHEMICALS,CHAMBLFERT,11,ENTRY_FILTER,2025-03-18,2026-03-23,0,5
2026-03-23,2026-03-24,NIFTY_CHEMICALS,COROMANDEL,12,ENTRY_FILTER,2025-03-18,2026-03-23,0,5
2026-03-23,2026-03-24,NIFTY_CHEMICALS,PIIND,13,ENTRY_FILTER,2025-03-18,2026-03-23,0,5
2026-03-23,2026-03-24,NIFTY_CHEMICALS,SRF,14,ENTRY_FILTER,2025-03-18,2026-03-23,0,5
2026-03-23,2026-03-24,NIFTY_CHEMICALS,GNFC,15,ENTRY_FILTER,2025-03-18,2026-03-23,0,5
2026-03-23,2026-03-24,NIFTY_CHEMICALS,SUMICHEM,16,ENTRY_FILTER,2025-03-18,2026-03-23,0,5
2026-03-23,2026-03-24,NIFTY_CHEMICALS,EIDPARRY,17,ENTRY_FILTER,2025-03-18,2026-03-23,0,5
2026-03-23,2026-03-24,NIFTY_CHEMICALS,DEEPAKNTR,18,ENTRY_FILTER,2025-03-18,2026-03-23,0,5
2026-03-23,2026-03-24,NIFTY_CHEMICALS,TATACHEM,19,ENTRY_FILTER,2025-03-18,2026-03-23,0,5
2026-03-23,2026-03-24,NIFTY_CHEMICALS,PCBL,20,ENTRY_FILTER,2025-03-18,2026-03-23,0,5
2026-03-23,2026-03-24,NIFTY_HEALTHCARE,SUNPHARMA,4,ENTRY_FILTER,2025-03-18,2026-03-23,0,5
2026-03-23,2026-03-24,NIFTY_HEALTHCARE,AUROPHARMA,5,ENTRY_FILTER,2025-03-17,2026-03-23,0,5
2026-03-23,2026-03-24,NIFTY_HEALTHCARE,LAURUSLABS,6,ENTRY_FILTER,2025-03-18,2026-03-23,0,5
2026-03-23,2026-03-24,NIFTY_HEALTHCARE,GLENMARK,7,ENTRY_FILTER,2025-03-18,2026-03-23,0,5
2026-03-23,2026-03-24,NIFTY_HEALTHCARE,GRANULES,8,ENTRY_FILTER,2025-03-17,2026-03-23,0,5
2026-03-23,2026-03-24,NIFTY_HEALTHCARE,BIOCON,9,ENTRY_FILTER,2025-03-18,2026-03-23,0,5
2026-03-23,2026-03-24,NIFTY_HEALTHCARE,APOLLOHOSP,10,ENTRY_FILTER,2025-03-18,2026-03-23,0,5
2026-03-23,2026-03-24,NIFTY_HEALTHCARE,DRREDDY,11,ENTRY_FILTER,2025-03-18,2026-03-23,0,5
2026-03-23,2026-03-24,NIFTY_HEALTHCARE,ALKEM,12,ENTRY_FILTER,2025-03-17,2026-03-23,0,5
2026-03-23,2026-03-24,NIFTY_HEALTHCARE,DIVISLAB,13,ENTRY_FILTER,2025-03-18,2026-03-23,0,5
2026-03-23,2026-03-24,NIFTY_HEALTHCARE,ZYDUSLIFE,14,ENTRY_FILTER,2025-03-18,2026-03-23,0,5
2026-03-23,2026-03-24,NIFTY_HEALTHCARE,ABBOTINDIA,15,ENTRY_FILTER,2025-03-18,2026-03-23,0,5
2026-03-23,2026-03-24,NIFTY_HEALTHCARE,FORTIS,16,ENTRY_FILTER,2025-03-18,2026-03-23,0,5
2026-03-23,2026-03-24,NIFTY_HEALTHCARE,MAXHEALTH,17,ENTRY_FILTER,2025-03-18,2026-03-23,0,5
2026-03-23,2026-03-24,NIFTY_HEALTHCARE,CIPLA,18,ENTRY_FILTER,2025-03-18,2026-03-23,0,5
2026-03-23,2026-03-24,NIFTY_HEALTHCARE,MANKIND,19,ENTRY_FILTER,2025-03-18,2026-03-23,0,5
2026-03-23,2026-03-24,NIFTY_HEALTHCARE,SYNGENE,20,ENTRY_FILTER,2025-03-18,2026-03-23,0,5
2026-03-23,2026-03-24,NIFTY_METAL,COALINDIA,4,ENTRY_FILTER,2025-03-18,2026-03-23,0,5
2026-03-23,2026-03-24,NIFTY_METAL,TATASTEEL,5,ENTRY_FILTER,2025-03-18,2026-03-23,0,5
2026-03-23,2026-03-24,NIFTY_METAL,JINDALSTEL,6,ENTRY_FILTER,2025-03-18,2026-03-23,0,5
2026-03-23,2026-03-24,NIFTY_METAL,HINDALCO,7,ENTRY_FILTER,2025-03-18,2026-03-23,0,5
2026-03-23,2026-03-24,NIFTY_METAL,SAIL,8,ENTRY_FILTER,2025-03-18,2026-03-23,0,5
2026-03-23,2026-03-24,NIFTY_METAL,APLAPOLLO,9,ENTRY_FILTER,2025-03-18,2026-03-23,0,5
2026-03-23,2026-03-24,NIFTY_METAL,JSWSTEEL,10,ENTRY_FILTER,2025-03-18,2026-03-23,0,5
2026-03-23,2026-03-24,NIFTY_METAL,NMDC,11,ENTRY_FILTER,2025-03-18,2026-03-23,0,5
2026-03-23,2026-03-24,NIFTY_METAL,HINDZINC,12,ENTRY_FILTER,2025-03-18,2026-03-23,0,5
2026-03-23,2026-03-24,NIFTY_METAL,WELCORP,13,ENTRY_FILTER,2025-03-18,2026-03-23,0,5
2026-03-23,2026-03-24,NIFTY_METAL,RATNAMANI,14,ENTRY_FILTER,2025-03-18,2026-03-23,0,5
2026-03-23,2026-03-24,NIFTY_PHARMA,GLENMARK,4,ENTRY_FILTER,2025-03-18,2026-03-23,0,5
2026-03-23,2026-03-24,NIFTY_PHARMA,BIOCON,5,ENTRY_FILTER,2025-03-18,2026-03-23,0,5
2026-03-23,2026-03-24,NIFTY_PHARMA,DRREDDY,6,ENTRY_FILTER,2025-03-18,2026-03-23,0,5
2026-03-23,2026-03-24,NIFTY_PHARMA,DIVISLAB,7,ENTRY_FILTER,2025-03-18,2026-03-23,0,5
2026-03-23,2026-03-24,NIFTY_PHARMA,CIPLA,8,ENTRY_FILTER,2025-03-18,2026-03-23,0,5
2026-03-23,2026-03-24,NIFTY_MIDSMALL_HEALTHCARE,AUROPHARMA,4,ENTRY_FILTER,2025-03-17,2026-03-23,0,5
2026-03-23,2026-03-24,NIFTY_MIDSMALL_HEALTHCARE,AJANTPHARM,5,ENTRY_FILTER,2025-03-17,2026-03-23,0,5
2026-03-23,2026-03-24,NIFTY_MIDSMALL_HEALTHCARE,LAURUSLABS,6,ENTRY_FILTER,2025-03-18,2026-03-23,0,5
2026-03-23,2026-03-24,NIFTY_MIDSMALL_HEALTHCARE,GLENMARK,7,ENTRY_FILTER,2025-03-18,2026-03-23,0,5
2026-03-23,2026-03-24,NIFTY_MIDSMALL_HEALTHCARE,GRANULES,8,ENTRY_FILTER,2025-03-17,2026-03-23,0,5
2026-03-23,2026-03-24,NIFTY_MIDSMALL_HEALTHCARE,ASTERDM,9,ENTRY_FILTER,2025-03-18,2026-03-23,0,5
2026-03-23,2026-03-24,NIFTY_MIDSMALL_HEALTHCARE,BIOCON,10,ENTRY_FILTER,2025-03-18,2026-03-23,0,5
2026-03-23,2026-03-24,NIFTY_MIDSMALL_HEALTHCARE,ALKEM,11,ENTRY_FILTER,2025-03-17,2026-03-23,0,5
2026-03-23,2026-03-24,NIFTY_MIDSMALL_HEALTHCARE,NATCOPHARM,12,ENTRY_FILTER,2025-03-18,2026-03-23,0,5
2026-03-23,2026-03-24,NIFTY_MIDSMALL_HEALTHCARE,LALPATHLAB,13,ENTRY_FILTER,2025-03-18,2026-03-23,0,5
2026-03-23,2026-03-24,NIFTY_MIDSMALL_HEALTHCARE,FORTIS,14,ENTRY_FILTER,2025-03-18,2026-03-23,0,5
2026-03-23,2026-03-24,NIFTY_MIDSMALL_HEALTHCARE,ABBOTINDIA,15,ENTRY_FILTER,2025-03-18,2026-03-23,0,5
2026-03-23,2026-03-24,NIFTY_MIDSMALL_HEALTHCARE,GLAND,16,ENTRY_FILTER,2025-03-17,2026-03-23,0,5
2026-03-23,2026-03-24,NIFTY_MIDSMALL_HEALTHCARE,NH,17,ENTRY_FILTER,2025-03-18,2026-03-23,0,5
2026-03-23,2026-03-24,NIFTY_MIDSMALL_HEALTHCARE,MAXHEALTH,18,ENTRY_FILTER,2025-03-18,2026-03-23,0,5
2026-03-23,2026-03-24,NIFTY_MIDSMALL_HEALTHCARE,KIMS,19,ENTRY_FILTER,2025-03-18,2026-03-23,0,5
2026-03-23,2026-03-24,NIFTY_MIDSMALL_HEALTHCARE,PFIZER,20,ENTRY_FILTER,2025-03-18,2026-03-23,0,5
2026-03-23,2026-03-24,NIFTY_MIDSMALL_HEALTHCARE,GLAXO,21,ENTRY_FILTER,2025-03-18,2026-03-23,0,5
2026-03-23,2026-03-24,NIFTY_MIDSMALL_HEALTHCARE,RAINBOW,22,ENTRY_FILTER,2025-03-17,2026-03-23,0,5
2026-03-23,2026-03-24,NIFTY_MIDSMALL_HEALTHCARE,MANKIND,23,ENTRY_FILTER,2025-03-18,2026-03-23,0,5
2026-03-23,2026-03-24,NIFTY_MIDSMALL_HEALTHCARE,MEDANTA,24,ENTRY_FILTER,2025-03-18,2026-03-23,0,5
2026-03-23,2026-03-24,NIFTY_MIDSMALL_HEALTHCARE,APLLTD,25,ENTRY_FILTER,2025-03-18,2026-03-23,0,5
2026-03-23,2026-03-24,NIFTY_MIDSMALL_HEALTHCARE,NEULANDLAB,26,ENTRY_FILTER,2025-03-18,2026-03-23,0,5
2026-03-23,2026-03-24,NIFTY_MIDSMALL_HEALTHCARE,PPLPHARMA,27,ENTRY_FILTER,2025-03-18,2026-03-23,0,5
2026-03-23,2026-03-24,NIFTY_MIDSMALL_HEALTHCARE,SYNGENE,28,ENTRY_FILTER,2025-03-18,2026-03-23,0,5
2026-03-23,2026-03-24,NIFTY_MIDSMALL_HEALTHCARE,POLYMED,29,ENTRY_FILTER,2025-03-18,2026-03-23,0,5
2026-03-23,2026-03-24,NIFTY_MIDSMALL_HEALTHCARE,COHANCE,30,ENTRY_FILTER,2025-03-18,2026-03-23,0,5
2026-04-21,2026-04-22,NIFTY_CHEMICALS,HSCL,4,ENTRY_FILTER,2025-04-15,2026-04-21,0,5
2026-04-21,2026-04-22,NIFTY_CHEMICALS,SOLARINDS,5,ENTRY_FILTER,2025-04-11,2026-04-21,0,5
2026-04-21,2026-04-22,NIFTY_CHEMICALS,ATUL,6,ENTRY_FILTER,2025-04-15,2026-04-21,0,5
2026-04-21,2026-04-22,NIFTY_CHEMICALS,BAYERCROP,7,ENTRY_FILTER,2025-04-15,2026-04-21,0,5
2026-04-21,2026-04-22,NIFTY_CHEMICALS,PIDILITIND,8,ENTRY_FILTER,2025-04-15,2026-04-21,0,5
2026-04-21,2026-04-22,NIFTY_CHEMICALS,GNFC,9,ENTRY_FILTER,2025-04-15,2026-04-21,0,5
2026-04-21,2026-04-22,NIFTY_CHEMICALS,CHAMBLFERT,10,ENTRY_FILTER,2025-04-15,2026-04-21,0,5
2026-04-21,2026-04-22,NIFTY_CHEMICALS,DEEPAKNTR,11,ENTRY_FILTER,2025-04-15,2026-04-21,0,5
2026-04-21,2026-04-22,NIFTY_CHEMICALS,FLUOROCHEM,12,ENTRY_FILTER,2025-04-15,2026-04-21,0,5
2026-04-21,2026-04-22,NIFTY_CHEMICALS,UPL,13,ENTRY_FILTER,2025-04-15,2026-04-21,0,5
2026-04-21,2026-04-22,NIFTY_CHEMICALS,COROMANDEL,14,ENTRY_FILTER,2025-04-15,2026-04-21,0,5
2026-04-21,2026-04-22,NIFTY_CHEMICALS,SUMICHEM,15,ENTRY_FILTER,2025-04-15,2026-04-21,0,5
2026-04-21,2026-04-22,NIFTY_CHEMICALS,PIIND,16,ENTRY_FILTER,2025-04-15,2026-04-21,0,5
2026-04-21,2026-04-22,NIFTY_CHEMICALS,EIDPARRY,17,ENTRY_FILTER,2025-04-15,2026-04-21,0,5
2026-04-21,2026-04-22,NIFTY_CHEMICALS,TATACHEM,18,ENTRY_FILTER,2025-04-15,2026-04-21,0,5
2026-04-21,2026-04-22,NIFTY_CHEMICALS,SRF,19,ENTRY_FILTER,2025-04-15,2026-04-21,0,5
2026-04-21,2026-04-22,NIFTY_CHEMICALS,PCBL,20,ENTRY_FILTER,2025-04-15,2026-04-21,0,5
2026-04-21,2026-04-22,NIFTY_HEALTHCARE,LAURUSLABS,4,ENTRY_FILTER,2025-04-15,2026-04-21,0,5
2026-04-21,2026-04-22,NIFTY_HEALTHCARE,TORNTPHARM,5,ENTRY_FILTER,2025-04-15,2026-04-21,0,5
2026-04-21,2026-04-22,NIFTY_HEALTHCARE,GLENMARK,6,ENTRY_FILTER,2025-04-15,2026-04-21,0,5
2026-04-21,2026-04-22,NIFTY_HEALTHCARE,APOLLOHOSP,7,ENTRY_FILTER,2025-04-15,2026-04-21,0,5
2026-04-21,2026-04-22,NIFTY_HEALTHCARE,IPCALAB,8,ENTRY_FILTER,2025-04-11,2026-04-21,0,5
2026-04-21,2026-04-22,NIFTY_HEALTHCARE,ALKEM,9,ENTRY_FILTER,2025-04-11,2026-04-21,0,5
2026-04-21,2026-04-22,NIFTY_HEALTHCARE,SUNPHARMA,10,ENTRY_FILTER,2025-04-15,2026-04-21,0,5
2026-04-21,2026-04-22,NIFTY_HEALTHCARE,DRREDDY,11,ENTRY_FILTER,2025-04-15,2026-04-21,0,5
2026-04-21,2026-04-22,NIFTY_HEALTHCARE,ZYDUSLIFE,12,ENTRY_FILTER,2025-04-15,2026-04-21,0,5
2026-04-21,2026-04-22,NIFTY_HEALTHCARE,BIOCON,13,ENTRY_FILTER,2025-04-15,2026-04-21,0,5
2026-04-21,2026-04-22,NIFTY_HEALTHCARE,DIVISLAB,14,ENTRY_FILTER,2025-04-15,2026-04-21,0,5
2026-04-21,2026-04-22,NIFTY_HEALTHCARE,FORTIS,15,ENTRY_FILTER,2025-04-15,2026-04-21,0,5
2026-04-21,2026-04-22,NIFTY_HEALTHCARE,MAXHEALTH,16,ENTRY_FILTER,2025-04-15,2026-04-21,0,5
2026-04-21,2026-04-22,NIFTY_HEALTHCARE,MANKIND,17,ENTRY_FILTER,2025-04-15,2026-04-21,0,5
2026-04-21,2026-04-22,NIFTY_HEALTHCARE,CIPLA,18,ENTRY_FILTER,2025-04-15,2026-04-21,0,5
2026-04-21,2026-04-22,NIFTY_HEALTHCARE,ABBOTINDIA,19,ENTRY_FILTER,2025-04-15,2026-04-21,0,5
2026-04-21,2026-04-22,NIFTY_HEALTHCARE,SYNGENE,20,ENTRY_FILTER,2025-04-15,2026-04-21,0,5
2026-04-21,2026-04-22,NIFTY_METAL,HINDCOPPER,4,ENTRY_FILTER,2025-04-15,2026-04-21,0,5
2026-04-21,2026-04-22,NIFTY_METAL,JINDALSTEL,5,ENTRY_FILTER,2025-04-15,2026-04-21,0,5
2026-04-21,2026-04-22,NIFTY_METAL,HINDALCO,6,ENTRY_FILTER,2025-04-15,2026-04-21,0,5
2026-04-21,2026-04-22,NIFTY_METAL,SAIL,7,ENTRY_FILTER,2025-04-15,2026-04-21,0,5
2026-04-21,2026-04-22,NIFTY_METAL,TATASTEEL,8,ENTRY_FILTER,2025-04-15,2026-04-21,0,5
2026-04-21,2026-04-22,NIFTY_METAL,NMDC,9,ENTRY_FILTER,2025-04-15,2026-04-21,0,5
2026-04-21,2026-04-22,NIFTY_METAL,COALINDIA,10,ENTRY_FILTER,2025-04-15,2026-04-21,0,5
2026-04-21,2026-04-22,NIFTY_METAL,APLAPOLLO,11,ENTRY_FILTER,2025-04-15,2026-04-21,0,5
2026-04-21,2026-04-22,NIFTY_METAL,JSWSTEEL,12,ENTRY_FILTER,2025-04-15,2026-04-21,0,5
2026-04-21,2026-04-22,NIFTY_METAL,HINDZINC,13,ENTRY_FILTER,2025-04-15,2026-04-21,0,5
2026-04-21,2026-04-22,NIFTY_METAL,RATNAMANI,14,ENTRY_FILTER,2025-04-15,2026-04-21,0,5
2026-04-21,2026-04-22,NIFTY_PHARMA,SUNPHARMA,4,ENTRY_FILTER,2025-04-15,2026-04-21,0,5
2026-04-21,2026-04-22,NIFTY_PHARMA,DRREDDY,5,ENTRY_FILTER,2025-04-15,2026-04-21,0,5
2026-04-21,2026-04-22,NIFTY_PHARMA,BIOCON,6,ENTRY_FILTER,2025-04-15,2026-04-21,0,5
2026-04-21,2026-04-22,NIFTY_PHARMA,DIVISLAB,7,ENTRY_FILTER,2025-04-15,2026-04-21,0,5
2026-04-21,2026-04-22,NIFTY_PHARMA,CIPLA,8,ENTRY_FILTER,2025-04-15,2026-04-21,0,5
2026-04-21,2026-04-22,NIFTY_MIDSMALL_HEALTHCARE,JBCHEPHARM,4,ENTRY_FILTER,2025-04-15,2026-04-21,0,5
2026-04-21,2026-04-22,NIFTY_MIDSMALL_HEALTHCARE,LAURUSLABS,5,ENTRY_FILTER,2025-04-15,2026-04-21,0,5
2026-04-21,2026-04-22,NIFTY_MIDSMALL_HEALTHCARE,NATCOPHARM,6,ENTRY_FILTER,2025-04-15,2026-04-21,0,5
2026-04-21,2026-04-22,NIFTY_MIDSMALL_HEALTHCARE,GLENMARK,7,ENTRY_FILTER,2025-04-15,2026-04-21,0,5
2026-04-21,2026-04-22,NIFTY_MIDSMALL_HEALTHCARE,AJANTPHARM,8,ENTRY_FILTER,2025-04-11,2026-04-21,0,5
2026-04-21,2026-04-22,NIFTY_MIDSMALL_HEALTHCARE,ASTERDM,9,ENTRY_FILTER,2025-04-15,2026-04-21,0,5
2026-04-21,2026-04-22,NIFTY_MIDSMALL_HEALTHCARE,ALKEM,10,ENTRY_FILTER,2025-04-11,2026-04-21,0,5
2026-04-21,2026-04-22,NIFTY_MIDSMALL_HEALTHCARE,IPCALAB,11,ENTRY_FILTER,2025-04-11,2026-04-21,0,5
2026-04-21,2026-04-22,NIFTY_MIDSMALL_HEALTHCARE,LALPATHLAB,12,ENTRY_FILTER,2025-04-15,2026-04-21,0,5
2026-04-21,2026-04-22,NIFTY_MIDSMALL_HEALTHCARE,BIOCON,13,ENTRY_FILTER,2025-04-15,2026-04-21,0,5
2026-04-21,2026-04-22,NIFTY_MIDSMALL_HEALTHCARE,FORTIS,14,ENTRY_FILTER,2025-04-15,2026-04-21,0,5
2026-04-21,2026-04-22,NIFTY_MIDSMALL_HEALTHCARE,KIMS,15,ENTRY_FILTER,2025-04-15,2026-04-21,0,5
2026-04-21,2026-04-22,NIFTY_MIDSMALL_HEALTHCARE,GLAND,16,ENTRY_FILTER,2025-04-11,2026-04-21,0,5
2026-04-21,2026-04-22,NIFTY_MIDSMALL_HEALTHCARE,NH,17,ENTRY_FILTER,2025-04-15,2026-04-21,0,5
2026-04-21,2026-04-22,NIFTY_MIDSMALL_HEALTHCARE,RAINBOW,18,ENTRY_FILTER,2025-04-11,2026-04-21,0,5
2026-04-21,2026-04-22,NIFTY_MIDSMALL_HEALTHCARE,NEULANDLAB,19,ENTRY_FILTER,2025-04-15,2026-04-21,0,5
2026-04-21,2026-04-22,NIFTY_MIDSMALL_HEALTHCARE,PFIZER,20,ENTRY_FILTER,2025-04-15,2026-04-21,0,5
2026-04-21,2026-04-22,NIFTY_MIDSMALL_HEALTHCARE,MAXHEALTH,21,ENTRY_FILTER,2025-04-15,2026-04-21,0,5
2026-04-21,2026-04-22,NIFTY_MIDSMALL_HEALTHCARE,GLAXO,22,ENTRY_FILTER,2025-04-15,2026-04-21,0,5
2026-04-21,2026-04-22,NIFTY_MIDSMALL_HEALTHCARE,MANKIND,23,ENTRY_FILTER,2025-04-15,2026-04-21,0,5
2026-04-21,2026-04-22,NIFTY_MIDSMALL_HEALTHCARE,ABBOTINDIA,24,ENTRY_FILTER,2025-04-15,2026-04-21,0,5
2026-04-21,2026-04-22,NIFTY_MIDSMALL_HEALTHCARE,APLLTD,25,ENTRY_FILTER,2025-04-15,2026-04-21,0,5
2026-04-21,2026-04-22,NIFTY_MIDSMALL_HEALTHCARE,MEDANTA,26,ENTRY_FILTER,2025-04-15,2026-04-21,0,5
2026-04-21,2026-04-22,NIFTY_MIDSMALL_HEALTHCARE,PPLPHARMA,27,ENTRY_FILTER,2025-04-15,2026-04-21,0,5
2026-04-21,2026-04-22,NIFTY_MIDSMALL_HEALTHCARE,POLYMED,28,ENTRY_FILTER,2025-04-15,2026-04-21,0,5
2026-04-21,2026-04-22,NIFTY_MIDSMALL_HEALTHCARE,SYNGENE,29,ENTRY_FILTER,2025-04-15,2026-04-21,0,5
2026-04-21,2026-04-22,NIFTY_MIDSMALL_HEALTHCARE,COHANCE,30,ENTRY_FILTER,2025-04-15,2026-04-21,0,5
2026-05-21,2026-05-22,NIFTY_CHEMICALS,LINDEINDIA,4,ENTRY_FILTER,2025-05-16,2026-05-21,0,5
2026-05-21,2026-05-22,NIFTY_CHEMICALS,AARTIIND,5,ENTRY_FILTER,2025-05-19,2026-05-21,0,5
2026-05-21,2026-05-22,NIFTY_CHEMICALS,ATUL,6,ENTRY_FILTER,2025-05-19,2026-05-21,0,5
2026-05-21,2026-05-22,NIFTY_CHEMICALS,FLUOROCHEM,7,ENTRY_FILTER,2025-05-19,2026-05-21,0,5
2026-05-21,2026-05-22,NIFTY_CHEMICALS,GNFC,8,ENTRY_FILTER,2025-05-19,2026-05-21,0,5
2026-05-21,2026-05-22,NIFTY_CHEMICALS,DEEPAKNTR,9,ENTRY_FILTER,2025-05-16,2026-05-21,0,5
2026-05-21,2026-05-22,NIFTY_CHEMICALS,PIDILITIND,10,ENTRY_FILTER,2025-05-19,2026-05-21,0,5
2026-05-21,2026-05-22,NIFTY_CHEMICALS,SUMICHEM,11,ENTRY_FILTER,2025-05-19,2026-05-21,0,5
2026-05-21,2026-05-22,NIFTY_CHEMICALS,CHAMBLFERT,12,ENTRY_FILTER,2025-05-19,2026-05-21,0,5
2026-05-21,2026-05-22,NIFTY_CHEMICALS,BAYERCROP,13,ENTRY_FILTER,2025-05-19,2026-05-21,0,5
2026-05-21,2026-05-22,NIFTY_CHEMICALS,SRF,14,ENTRY_FILTER,2025-05-19,2026-05-21,0,5
2026-05-21,2026-05-22,NIFTY_CHEMICALS,TATACHEM,15,ENTRY_FILTER,2025-05-19,2026-05-21,0,5
2026-05-21,2026-05-22,NIFTY_CHEMICALS,COROMANDEL,16,ENTRY_FILTER,2025-05-19,2026-05-21,0,5
2026-05-21,2026-05-22,NIFTY_CHEMICALS,UPL,17,ENTRY_FILTER,2025-05-19,2026-05-21,0,5
2026-05-21,2026-05-22,NIFTY_CHEMICALS,EIDPARRY,18,ENTRY_FILTER,2025-05-16,2026-05-21,0,5
2026-05-21,2026-05-22,NIFTY_CHEMICALS,PIIND,19,ENTRY_FILTER,2025-05-19,2026-05-21,0,5
2026-05-21,2026-05-22,NIFTY_CHEMICALS,PCBL,20,ENTRY_FILTER,2025-05-19,2026-05-21,0,5
2026-05-21,2026-05-22,NIFTY_HEALTHCARE,TORNTPHARM,4,ENTRY_FILTER,2025-05-19,2026-05-21,0,5
2026-05-21,2026-05-22,NIFTY_HEALTHCARE,DIVISLAB,5,ENTRY_FILTER,2025-05-16,2026-05-21,0,5
2026-05-21,2026-05-22,NIFTY_HEALTHCARE,IPCALAB,6,ENTRY_FILTER,2025-05-16,2026-05-21,0,5
2026-05-21,2026-05-22,NIFTY_HEALTHCARE,APOLLOHOSP,7,ENTRY_FILTER,2025-05-19,2026-05-21,0,5
2026-05-21,2026-05-22,NIFTY_HEALTHCARE,SUNPHARMA,8,ENTRY_FILTER,2025-05-19,2026-05-21,0,5
2026-05-21,2026-05-22,NIFTY_HEALTHCARE,MANKIND,9,ENTRY_FILTER,2025-05-16,2026-05-21,0,5
2026-05-21,2026-05-22,NIFTY_HEALTHCARE,ZYDUSLIFE,10,ENTRY_FILTER,2025-05-19,2026-05-21,0,5
2026-05-21,2026-05-22,NIFTY_HEALTHCARE,LUPIN,11,ENTRY_FILTER,2025-05-19,2026-05-21,0,5
2026-05-21,2026-05-22,NIFTY_HEALTHCARE,BIOCON,12,ENTRY_FILTER,2025-05-19,2026-05-21,0,5
2026-05-21,2026-05-22,NIFTY_HEALTHCARE,DRREDDY,13,ENTRY_FILTER,2025-05-19,2026-05-21,0,5
2026-05-21,2026-05-22,NIFTY_HEALTHCARE,FORTIS,14,ENTRY_FILTER,2025-05-19,2026-05-21,0,5
2026-05-21,2026-05-22,NIFTY_HEALTHCARE,ALKEM,15,ENTRY_FILTER,2025-05-16,2026-05-21,0,5
2026-05-21,2026-05-22,NIFTY_HEALTHCARE,MAXHEALTH,16,ENTRY_FILTER,2025-05-19,2026-05-21,0,5
2026-05-21,2026-05-22,NIFTY_HEALTHCARE,ABBOTINDIA,17,ENTRY_FILTER,2025-05-19,2026-05-21,0,5
2026-05-21,2026-05-22,NIFTY_HEALTHCARE,CIPLA,18,ENTRY_FILTER,2025-05-19,2026-05-21,0,5
2026-05-21,2026-05-22,NIFTY_HEALTHCARE,PPLPHARMA,19,ENTRY_FILTER,2025-05-19,2026-05-21,0,5
2026-05-21,2026-05-22,NIFTY_HEALTHCARE,SYNGENE,20,ENTRY_FILTER,2025-05-19,2026-05-21,0,5
2026-05-21,2026-05-22,NIFTY_METAL,SAIL,4,ENTRY_FILTER,2025-05-19,2026-05-21,0,5
2026-05-21,2026-05-22,NIFTY_METAL,HINDALCO,5,ENTRY_FILTER,2025-05-19,2026-05-21,0,5
2026-05-21,2026-05-22,NIFTY_METAL,HINDZINC,6,ENTRY_FILTER,2025-05-19,2026-05-21,0,5
2026-05-21,2026-05-22,NIFTY_METAL,COALINDIA,7,ENTRY_FILTER,2025-05-19,2026-05-21,0,5
2026-05-21,2026-05-22,NIFTY_METAL,NMDC,8,ENTRY_FILTER,2025-05-19,2026-05-21,0,5
2026-05-21,2026-05-22,NIFTY_METAL,TATASTEEL,9,ENTRY_FILTER,2025-05-19,2026-05-21,0,5
2026-05-21,2026-05-22,NIFTY_METAL,JSWSTEEL,10,ENTRY_FILTER,2025-05-19,2026-05-21,0,5
2026-05-21,2026-05-22,NIFTY_METAL,JINDALSTEL,11,ENTRY_FILTER,2025-05-19,2026-05-21,0,5
2026-05-21,2026-05-22,NIFTY_METAL,RATNAMANI,12,ENTRY_FILTER,2025-05-16,2026-05-21,0,5
2026-05-21,2026-05-22,NIFTY_METAL,APLAPOLLO,13,ENTRY_FILTER,2025-05-19,2026-05-21,0,5
2026-05-21,2026-05-22,NIFTY_METAL,VEDL,14,ENTRY_FILTER,2025-05-19,2026-05-21,0,5
2026-05-21,2026-05-22,NIFTY_PHARMA,SUNPHARMA,4,ENTRY_FILTER,2025-05-19,2026-05-21,0,5
2026-05-21,2026-05-22,NIFTY_PHARMA,LUPIN,5,ENTRY_FILTER,2025-05-19,2026-05-21,0,5
2026-05-21,2026-05-22,NIFTY_PHARMA,BIOCON,6,ENTRY_FILTER,2025-05-19,2026-05-21,0,5
2026-05-21,2026-05-22,NIFTY_PHARMA,DRREDDY,7,ENTRY_FILTER,2025-05-19,2026-05-21,0,5
2026-05-21,2026-05-22,NIFTY_PHARMA,CIPLA,8,ENTRY_FILTER,2025-05-19,2026-05-21,0,5
2026-05-21,2026-05-22,NIFTY_MIDSMALL_HEALTHCARE,AUROPHARMA,4,ENTRY_FILTER,2025-05-16,2026-05-21,0,5
2026-05-21,2026-05-22,NIFTY_MIDSMALL_HEALTHCARE,SAILIFE,5,ENTRY_FILTER,2025-05-19,2026-05-21,0,5
2026-05-21,2026-05-22,NIFTY_MIDSMALL_HEALTHCARE,GLAND,6,ENTRY_FILTER,2025-05-16,2026-05-21,0,5
2026-05-21,2026-05-22,NIFTY_MIDSMALL_HEALTHCARE,GLENMARK,7,ENTRY_FILTER,2025-05-19,2026-05-21,0,5
2026-05-21,2026-05-22,NIFTY_MIDSMALL_HEALTHCARE,JBCHEPHARM,8,ENTRY_FILTER,2025-05-19,2026-05-21,0,5
2026-05-21,2026-05-22,NIFTY_MIDSMALL_HEALTHCARE,ASTERDM,9,ENTRY_FILTER,2025-05-19,2026-05-21,0,5
2026-05-21,2026-05-22,NIFTY_MIDSMALL_HEALTHCARE,AJANTPHARM,10,ENTRY_FILTER,2025-05-16,2026-05-21,0,5
2026-05-21,2026-05-22,NIFTY_MIDSMALL_HEALTHCARE,IPCALAB,11,ENTRY_FILTER,2025-05-16,2026-05-21,0,5
2026-05-21,2026-05-22,NIFTY_MIDSMALL_HEALTHCARE,ONESOURCE,12,ENTRY_FILTER,2025-05-19,2026-05-21,0,5
2026-05-21,2026-05-22,NIFTY_MIDSMALL_HEALTHCARE,MANKIND,13,ENTRY_FILTER,2025-05-16,2026-05-21,0,5
2026-05-21,2026-05-22,NIFTY_MIDSMALL_HEALTHCARE,LUPIN,14,ENTRY_FILTER,2025-05-19,2026-05-21,0,5
2026-05-21,2026-05-22,NIFTY_MIDSMALL_HEALTHCARE,BIOCON,15,ENTRY_FILTER,2025-05-19,2026-05-21,0,5
2026-05-21,2026-05-22,NIFTY_MIDSMALL_HEALTHCARE,KIMS,16,ENTRY_FILTER,2025-05-19,2026-05-21,0,5
2026-05-21,2026-05-22,NIFTY_MIDSMALL_HEALTHCARE,NEULANDLAB,17,ENTRY_FILTER,2025-05-19,2026-05-21,0,5
2026-05-21,2026-05-22,NIFTY_MIDSMALL_HEALTHCARE,WOCKPHARMA,18,ENTRY_FILTER,2025-05-19,2026-05-21,0,5
2026-05-21,2026-05-22,NIFTY_MIDSMALL_HEALTHCARE,LALPATHLAB,19,ENTRY_FILTER,2025-05-19,2026-05-21,0,5
2026-05-21,2026-05-22,NIFTY_MIDSMALL_HEALTHCARE,FORTIS,20,ENTRY_FILTER,2025-05-19,2026-05-21,0,5
2026-05-21,2026-05-22,NIFTY_MIDSMALL_HEALTHCARE,MEDANTA,21,ENTRY_FILTER,2025-05-16,2026-05-21,0,5
2026-05-21,2026-05-22,NIFTY_MIDSMALL_HEALTHCARE,ALKEM,22,ENTRY_FILTER,2025-05-16,2026-05-21,0,5
2026-05-21,2026-05-22,NIFTY_MIDSMALL_HEALTHCARE,NH,23,ENTRY_FILTER,2025-05-19,2026-05-21,0,5
2026-05-21,2026-05-22,NIFTY_MIDSMALL_HEALTHCARE,ABBOTINDIA,24,ENTRY_FILTER,2025-05-19,2026-05-21,0,5
2026-05-21,2026-05-22,NIFTY_MIDSMALL_HEALTHCARE,PFIZER,25,ENTRY_FILTER,2025-05-16,2026-05-21,0,5
2026-05-21,2026-05-22,NIFTY_MIDSMALL_HEALTHCARE,GLAXO,26,ENTRY_FILTER,2025-05-19,2026-05-21,0,5
2026-05-21,2026-05-22,NIFTY_MIDSMALL_HEALTHCARE,PPLPHARMA,27,ENTRY_FILTER,2025-05-19,2026-05-21,0,5
2026-05-21,2026-05-22,NIFTY_MIDSMALL_HEALTHCARE,POLYMED,28,ENTRY_FILTER,2025-05-19,2026-05-21,0,5
2026-05-21,2026-05-22,NIFTY_MIDSMALL_HEALTHCARE,SYNGENE,29,ENTRY_FILTER,2025-05-19,2026-05-21,0,5
2026-05-21,2026-05-22,NIFTY_MIDSMALL_HEALTHCARE,COHANCE,30,ENTRY_FILTER,2025-05-19,2026-05-21,0,5
2026-06-22,2026-06-23,NIFTY_CHEMICALS,GNFC,4,ENTRY_FILTER,2025-06-18,2026-06-22,0,5
2026-06-22,2026-06-23,NIFTY_CHEMICALS,AARTIIND,5,ENTRY_FILTER,2025-06-18,2026-06-22,0,5
2026-06-22,2026-06-23,NIFTY_CHEMICALS,PIDILITIND,6,ENTRY_FILTER,2025-06-18,2026-06-22,0,5
2026-06-22,2026-06-23,NIFTY_CHEMICALS,LINDEINDIA,7,ENTRY_FILTER,2025-06-17,2026-06-22,0,5
2026-06-22,2026-06-23,NIFTY_CHEMICALS,FLUOROCHEM,8,ENTRY_FILTER,2025-06-18,2026-06-22,0,5
2026-06-22,2026-06-23,NIFTY_CHEMICALS,ATUL,9,ENTRY_FILTER,2025-06-18,2026-06-22,0,5
2026-06-22,2026-06-23,NIFTY_CHEMICALS,CHAMBLFERT,10,ENTRY_FILTER,2025-06-18,2026-06-22,0,5
2026-06-22,2026-06-23,NIFTY_CHEMICALS,DEEPAKNTR,11,ENTRY_FILTER,2025-06-17,2026-06-22,0,5
2026-06-22,2026-06-23,NIFTY_CHEMICALS,SRF,12,ENTRY_FILTER,2025-06-18,2026-06-22,0,5
2026-06-22,2026-06-23,NIFTY_CHEMICALS,BAYERCROP,13,ENTRY_FILTER,2025-06-18,2026-06-22,0,5
2026-06-22,2026-06-23,NIFTY_CHEMICALS,TATACHEM,14,ENTRY_FILTER,2025-06-18,2026-06-22,0,5
2026-06-22,2026-06-23,NIFTY_CHEMICALS,SUMICHEM,15,ENTRY_FILTER,2025-06-18,2026-06-22,0,5
2026-06-22,2026-06-23,NIFTY_CHEMICALS,PCBL,16,ENTRY_FILTER,2025-06-18,2026-06-22,0,5
2026-06-22,2026-06-23,NIFTY_CHEMICALS,COROMANDEL,17,ENTRY_FILTER,2025-06-18,2026-06-22,0,5
2026-06-22,2026-06-23,NIFTY_CHEMICALS,UPL,18,ENTRY_FILTER,2025-06-18,2026-06-22,0,5
2026-06-22,2026-06-23,NIFTY_CHEMICALS,PIIND,19,ENTRY_FILTER,2025-06-18,2026-06-22,0,5
2026-06-22,2026-06-23,NIFTY_CHEMICALS,EIDPARRY,20,ENTRY_FILTER,2025-06-17,2026-06-22,0,5
2026-06-22,2026-06-23,NIFTY_HEALTHCARE,TORNTPHARM,4,ENTRY_FILTER,2025-06-18,2026-06-22,0,5
2026-06-22,2026-06-23,NIFTY_HEALTHCARE,ZYDUSLIFE,5,ENTRY_FILTER,2025-06-18,2026-06-22,0,5
2026-06-22,2026-06-23,NIFTY_HEALTHCARE,DIVISLAB,6,ENTRY_FILTER,2025-06-17,2026-06-22,0,5
2026-06-22,2026-06-23,NIFTY_HEALTHCARE,MANKIND,7,ENTRY_FILTER,2025-06-17,2026-06-22,0,5
2026-06-22,2026-06-23,NIFTY_HEALTHCARE,FORTIS,8,ENTRY_FILTER,2025-06-18,2026-06-22,0,5
2026-06-22,2026-06-23,NIFTY_HEALTHCARE,LUPIN,9,ENTRY_FILTER,2025-06-18,2026-06-22,0,5
2026-06-22,2026-06-23,NIFTY_HEALTHCARE,BIOCON,10,ENTRY_FILTER,2025-06-18,2026-06-22,0,5
2026-06-22,2026-06-23,NIFTY_HEALTHCARE,IPCALAB,11,ENTRY_FILTER,2025-06-17,2026-06-22,0,5
2026-06-22,2026-06-23,NIFTY_HEALTHCARE,SUNPHARMA,12,ENTRY_FILTER,2025-06-18,2026-06-22,0,5
2026-06-22,2026-06-23,NIFTY_HEALTHCARE,MAXHEALTH,13,ENTRY_FILTER,2025-06-18,2026-06-22,0,5
2026-06-22,2026-06-23,NIFTY_HEALTHCARE,GLENMARK,14,ENTRY_FILTER,2025-06-18,2026-06-22,0,5
2026-06-22,2026-06-23,NIFTY_HEALTHCARE,CIPLA,15,ENTRY_FILTER,2025-06-18,2026-06-22,0,5
2026-06-22,2026-06-23,NIFTY_HEALTHCARE,ALKEM,16,ENTRY_FILTER,2025-06-17,2026-06-22,0,5
2026-06-22,2026-06-23,NIFTY_HEALTHCARE,DRREDDY,17,ENTRY_FILTER,2025-06-18,2026-06-22,0,5
2026-06-22,2026-06-23,NIFTY_HEALTHCARE,ABBOTINDIA,18,ENTRY_FILTER,2025-06-18,2026-06-22,0,5
2026-06-22,2026-06-23,NIFTY_HEALTHCARE,PPLPHARMA,19,ENTRY_FILTER,2025-06-18,2026-06-22,0,5
2026-06-22,2026-06-23,NIFTY_HEALTHCARE,SYNGENE,20,ENTRY_FILTER,2025-06-18,2026-06-22,0,5
2026-06-22,2026-06-23,NIFTY_METAL,SAIL,4,ENTRY_FILTER,2025-06-18,2026-06-22,0,5
2026-06-22,2026-06-23,NIFTY_METAL,HINDALCO,5,ENTRY_FILTER,2025-06-18,2026-06-22,0,5
2026-06-22,2026-06-23,NIFTY_METAL,NMDC,6,ENTRY_FILTER,2025-06-18,2026-06-22,0,5
2026-06-22,2026-06-23,NIFTY_METAL,JSWSTEEL,7,ENTRY_FILTER,2025-06-18,2026-06-22,0,5
2026-06-22,2026-06-23,NIFTY_METAL,TATASTEEL,8,ENTRY_FILTER,2025-06-18,2026-06-22,0,5
2026-06-22,2026-06-23,NIFTY_METAL,COALINDIA,9,ENTRY_FILTER,2025-06-18,2026-06-22,0,5
2026-06-22,2026-06-23,NIFTY_METAL,RATNAMANI,10,ENTRY_FILTER,2025-06-17,2026-06-22,0,5
2026-06-22,2026-06-23,NIFTY_METAL,HINDZINC,11,ENTRY_FILTER,2025-06-18,2026-06-22,0,5
2026-06-22,2026-06-23,NIFTY_METAL,JINDALSTEL,12,ENTRY_FILTER,2025-06-18,2026-06-22,0,5
2026-06-22,2026-06-23,NIFTY_METAL,APLAPOLLO,13,ENTRY_FILTER,2025-06-18,2026-06-22,0,5
2026-06-22,2026-06-23,NIFTY_METAL,VEDL,14,ENTRY_FILTER,2025-06-18,2026-06-22,0,5
2026-06-22,2026-06-23,NIFTY_PHARMA,LUPIN,4,ENTRY_FILTER,2025-06-18,2026-06-22,0,5
2026-06-22,2026-06-23,NIFTY_PHARMA,SUNPHARMA,5,ENTRY_FILTER,2025-06-18,2026-06-22,0,5
2026-06-22,2026-06-23,NIFTY_PHARMA,GLENMARK,6,ENTRY_FILTER,2025-06-18,2026-06-22,0,5
2026-06-22,2026-06-23,NIFTY_PHARMA,CIPLA,7,ENTRY_FILTER,2025-06-18,2026-06-22,0,5
2026-06-22,2026-06-23,NIFTY_PHARMA,DRREDDY,8,ENTRY_FILTER,2025-06-18,2026-06-22,0,5
2026-06-22,2026-06-23,NIFTY_MIDSMALL_HEALTHCARE,SAILIFE,4,ENTRY_FILTER,2025-06-18,2026-06-22,0,5
2026-06-22,2026-06-23,NIFTY_MIDSMALL_HEALTHCARE,AUROPHARMA,5,ENTRY_FILTER,2025-06-17,2026-06-22,0,5
2026-06-22,2026-06-23,NIFTY_MIDSMALL_HEALTHCARE,ASTERDM,6,ENTRY_FILTER,2025-06-18,2026-06-22,0,5
2026-06-22,2026-06-23,NIFTY_MIDSMALL_HEALTHCARE,JBCHEPHARM,7,ENTRY_FILTER,2025-06-18,2026-06-22,0,5
2026-06-22,2026-06-23,NIFTY_MIDSMALL_HEALTHCARE,GLAND,8,ENTRY_FILTER,2025-06-17,2026-06-22,0,5
2026-06-22,2026-06-23,NIFTY_MIDSMALL_HEALTHCARE,AJANTPHARM,9,ENTRY_FILTER,2025-06-17,2026-06-22,0,5
2026-06-22,2026-06-23,NIFTY_MIDSMALL_HEALTHCARE,KIMS,10,ENTRY_FILTER,2025-06-18,2026-06-22,0,5
2026-06-22,2026-06-23,NIFTY_MIDSMALL_HEALTHCARE,MANKIND,11,ENTRY_FILTER,2025-06-17,2026-06-22,0,5
2026-06-22,2026-06-23,NIFTY_MIDSMALL_HEALTHCARE,NEULANDLAB,12,ENTRY_FILTER,2025-06-18,2026-06-22,0,5
2026-06-22,2026-06-23,NIFTY_MIDSMALL_HEALTHCARE,BIOCON,13,ENTRY_FILTER,2025-06-18,2026-06-22,0,5
2026-06-22,2026-06-23,NIFTY_MIDSMALL_HEALTHCARE,FORTIS,14,ENTRY_FILTER,2025-06-18,2026-06-22,0,5
2026-06-22,2026-06-23,NIFTY_MIDSMALL_HEALTHCARE,LALPATHLAB,15,ENTRY_FILTER,2025-06-18,2026-06-22,0,5
2026-06-22,2026-06-23,NIFTY_MIDSMALL_HEALTHCARE,IPCALAB,16,ENTRY_FILTER,2025-06-17,2026-06-22,0,5
2026-06-22,2026-06-23,NIFTY_MIDSMALL_HEALTHCARE,LUPIN,17,ENTRY_FILTER,2025-06-18,2026-06-22,0,5
2026-06-22,2026-06-23,NIFTY_MIDSMALL_HEALTHCARE,MEDANTA,18,ENTRY_FILTER,2025-06-17,2026-06-22,0,5
2026-06-22,2026-06-23,NIFTY_MIDSMALL_HEALTHCARE,GLENMARK,19,ENTRY_FILTER,2025-06-18,2026-06-22,0,5
2026-06-22,2026-06-23,NIFTY_MIDSMALL_HEALTHCARE,NH,20,ENTRY_FILTER,2025-06-18,2026-06-22,0,5
2026-06-22,2026-06-23,NIFTY_MIDSMALL_HEALTHCARE,ALKEM,21,ENTRY_FILTER,2025-06-17,2026-06-22,0,5
2026-06-22,2026-06-23,NIFTY_MIDSMALL_HEALTHCARE,GLAXO,22,ENTRY_FILTER,2025-06-18,2026-06-22,0,5
2026-06-22,2026-06-23,NIFTY_MIDSMALL_HEALTHCARE,ABBOTINDIA,23,ENTRY_FILTER,2025-06-18,2026-06-22,0,5
2026-06-22,2026-06-23,NIFTY_MIDSMALL_HEALTHCARE,ONESOURCE,24,ENTRY_FILTER,2025-06-18,2026-06-22,0,5
2026-06-22,2026-06-23,NIFTY_MIDSMALL_HEALTHCARE,POLYMED,25,ENTRY_FILTER,2025-06-18,2026-06-22,0,5
2026-06-22,2026-06-23,NIFTY_MIDSMALL_HEALTHCARE,PPLPHARMA,26,ENTRY_FILTER,2025-06-18,2026-06-22,0,5
2026-06-22,2026-06-23,NIFTY_MIDSMALL_HEALTHCARE,NATCOPHARM,27,ENTRY_FILTER,2025-06-18,2026-06-22,0,5
2026-06-22,2026-06-23,NIFTY_MIDSMALL_HEALTHCARE,PFIZER,28,ENTRY_FILTER,2025-06-17,2026-06-22,0,5
2026-06-22,2026-06-23,NIFTY_MIDSMALL_HEALTHCARE,SYNGENE,29,ENTRY_FILTER,2025-06-18,2026-06-22,0,5
2026-06-22,2026-06-23,NIFTY_MIDSMALL_HEALTHCARE,COHANCE,30,ENTRY_FILTER,2025-06-18,2026-06-22,0,5
2026-07-21,2026-07-22,NIFTY_CHEMICALS,FLUOROCHEM,4,ENTRY_FILTER,2025-07-17,2026-07-21,0,5
2026-07-21,2026-07-22,NIFTY_CHEMICALS,AARTIIND,5,ENTRY_FILTER,2025-07-16,2026-07-21,0,5
2026-07-21,2026-07-22,NIFTY_CHEMICALS,PIDILITIND,6,ENTRY_FILTER,2025-07-16,2026-07-21,0,5
2026-07-21,2026-07-22,NIFTY_CHEMICALS,LINDEINDIA,7,ENTRY_FILTER,2025-07-15,2026-07-21,0,5
2026-07-21,2026-07-22,NIFTY_CHEMICALS,SUMICHEM,8,ENTRY_FILTER,2025-07-16,2026-07-21,0,5
2026-07-21,2026-07-22,NIFTY_CHEMICALS,ATUL,9,ENTRY_FILTER,2025-07-17,2026-07-21,0,5
2026-07-21,2026-07-22,NIFTY_CHEMICALS,SRF,10,ENTRY_FILTER,2025-07-16,2026-07-21,0,5
2026-07-21,2026-07-22,NIFTY_CHEMICALS,PCBL,11,ENTRY_FILTER,2025-07-16,2026-07-21,0,5
2026-07-21,2026-07-22,NIFTY_CHEMICALS,DEEPAKNTR,12,ENTRY_FILTER,2025-07-15,2026-07-21,0,5
2026-07-21,2026-07-22,NIFTY_CHEMICALS,GNFC,13,ENTRY_FILTER,2025-07-17,2026-07-21,0,5
2026-07-21,2026-07-22,NIFTY_CHEMICALS,BAYERCROP,14,ENTRY_FILTER,2025-07-16,2026-07-21,0,5
2026-07-21,2026-07-22,NIFTY_CHEMICALS,CHAMBLFERT,15,ENTRY_FILTER,2025-07-17,2026-07-21,0,5
2026-07-21,2026-07-22,NIFTY_CHEMICALS,COROMANDEL,16,ENTRY_FILTER,2025-07-16,2026-07-21,0,5
2026-07-21,2026-07-22,NIFTY_CHEMICALS,UPL,17,ENTRY_FILTER,2025-07-17,2026-07-21,0,5
2026-07-21,2026-07-22,NIFTY_CHEMICALS,TATACHEM,18,ENTRY_FILTER,2025-07-16,2026-07-21,0,5
2026-07-21,2026-07-22,NIFTY_CHEMICALS,EIDPARRY,19,ENTRY_FILTER,2025-07-15,2026-07-21,0,5
2026-07-21,2026-07-22,NIFTY_CHEMICALS,PIIND,20,ENTRY_FILTER,2025-07-16,2026-07-21,0,5
2026-07-21,2026-07-22,NIFTY_HEALTHCARE,APOLLOHOSP,4,ENTRY_FILTER,2025-07-15,2026-07-21,0,5
2026-07-21,2026-07-22,NIFTY_HEALTHCARE,ZYDUSLIFE,5,ENTRY_FILTER,2025-07-16,2026-07-21,0,5
2026-07-21,2026-07-22,NIFTY_HEALTHCARE,IPCALAB,6,ENTRY_FILTER,2025-07-14,2026-07-21,0,5
2026-07-21,2026-07-22,NIFTY_HEALTHCARE,SUNPHARMA,7,ENTRY_FILTER,2025-07-17,2026-07-21,0,5
2026-07-21,2026-07-22,NIFTY_HEALTHCARE,BIOCON,8,ENTRY_FILTER,2025-07-17,2026-07-21,0,5
2026-07-21,2026-07-22,NIFTY_HEALTHCARE,DIVISLAB,9,ENTRY_FILTER,2025-07-15,2026-07-21,0,5
2026-07-21,2026-07-22,NIFTY_HEALTHCARE,LUPIN,10,ENTRY_FILTER,2025-07-16,2026-07-21,0,5
2026-07-21,2026-07-22,NIFTY_HEALTHCARE,MANKIND,11,ENTRY_FILTER,2025-07-16,2026-07-21,0,5
2026-07-21,2026-07-22,NIFTY_HEALTHCARE,ABBOTINDIA,12,ENTRY_FILTER,2025-07-16,2026-07-21,0,5
2026-07-21,2026-07-22,NIFTY_HEALTHCARE,GLENMARK,13,ENTRY_FILTER,2025-07-16,2026-07-21,0,5
2026-07-21,2026-07-22,NIFTY_HEALTHCARE,FORTIS,14,ENTRY_FILTER,2025-07-16,2026-07-21,0,5
2026-07-21,2026-07-22,NIFTY_HEALTHCARE,CIPLA,15,ENTRY_FILTER,2025-07-17,2026-07-21,0,5
2026-07-21,2026-07-22,NIFTY_HEALTHCARE,ALKEM,16,ENTRY_FILTER,2025-07-15,2026-07-21,0,5
2026-07-21,2026-07-22,NIFTY_HEALTHCARE,MAXHEALTH,17,ENTRY_FILTER,2025-07-16,2026-07-21,0,5
2026-07-21,2026-07-22,NIFTY_HEALTHCARE,PPLPHARMA,18,ENTRY_FILTER,2025-07-17,2026-07-21,0,5
2026-07-21,2026-07-22,NIFTY_HEALTHCARE,DRREDDY,19,ENTRY_FILTER,2025-07-17,2026-07-21,0,5
2026-07-21,2026-07-22,NIFTY_HEALTHCARE,SYNGENE,20,ENTRY_FILTER,2025-07-16,2026-07-21,0,5
2026-07-21,2026-07-22,NIFTY_METAL,SAIL,4,ENTRY_FILTER,2025-07-17,2026-07-21,0,5
2026-07-21,2026-07-22,NIFTY_METAL,HINDCOPPER,5,ENTRY_FILTER,2025-07-16,2026-07-21,0,5
2026-07-21,2026-07-22,NIFTY_METAL,JSWSTEEL,6,ENTRY_FILTER,2025-07-17,2026-07-21,0,5
2026-07-21,2026-07-22,NIFTY_METAL,COALINDIA,7,ENTRY_FILTER,2025-07-17,2026-07-21,0,5
2026-07-21,2026-07-22,NIFTY_METAL,HINDALCO,8,ENTRY_FILTER,2025-07-17,2026-07-21,0,5
2026-07-21,2026-07-22,NIFTY_METAL,NMDC,9,ENTRY_FILTER,2025-07-17,2026-07-21,0,5
2026-07-21,2026-07-22,NIFTY_METAL,TATASTEEL,10,ENTRY_FILTER,2025-07-17,2026-07-21,0,5
2026-07-21,2026-07-22,NIFTY_METAL,JINDALSTEL,11,ENTRY_FILTER,2025-07-16,2026-07-21,0,5
2026-07-21,2026-07-22,NIFTY_METAL,APLAPOLLO,12,ENTRY_FILTER,2025-07-16,2026-07-21,0,5
2026-07-21,2026-07-22,NIFTY_METAL,HINDZINC,13,ENTRY_FILTER,2025-07-17,2026-07-21,0,5
2026-07-21,2026-07-22,NIFTY_METAL,VEDL,14,ENTRY_FILTER,2025-07-17,2026-07-21,0,5
2026-07-21,2026-07-22,NIFTY_PHARMA,DIVISLAB,4,ENTRY_FILTER,2025-07-15,2026-07-21,0,5
2026-07-21,2026-07-22,NIFTY_PHARMA,LUPIN,5,ENTRY_FILTER,2025-07-16,2026-07-21,0,5
2026-07-21,2026-07-22,NIFTY_PHARMA,GLENMARK,6,ENTRY_FILTER,2025-07-16,2026-07-21,0,5
2026-07-21,2026-07-22,NIFTY_PHARMA,CIPLA,7,ENTRY_FILTER,2025-07-17,2026-07-21,0,5
2026-07-21,2026-07-22,NIFTY_PHARMA,DRREDDY,8,ENTRY_FILTER,2025-07-17,2026-07-21,0,5
2026-07-21,2026-07-22,NIFTY_MIDSMALL_HEALTHCARE,AJANTPHARM,4,ENTRY_FILTER,2025-07-15,2026-07-21,0,5
2026-07-21,2026-07-22,NIFTY_MIDSMALL_HEALTHCARE,JBCHEPHARM,5,ENTRY_FILTER,2025-07-15,2026-07-21,1,5
2026-07-21,2026-07-22,NIFTY_MIDSMALL_HEALTHCARE,GLAND,6,ENTRY_FILTER,2025-07-15,2026-07-21,0,5
2026-07-21,2026-07-22,NIFTY_MIDSMALL_HEALTHCARE,AUROPHARMA,7,ENTRY_FILTER,2025-07-15,2026-07-21,0,5
2026-07-21,2026-07-22,NIFTY_MIDSMALL_HEALTHCARE,NEULANDLAB,8,ENTRY_FILTER,2025-07-16,2026-07-21,0,5
2026-07-21,2026-07-22,NIFTY_MIDSMALL_HEALTHCARE,ASTERDM,9,ENTRY_FILTER,2025-07-16,2026-07-21,0,5
2026-07-21,2026-07-22,NIFTY_MIDSMALL_HEALTHCARE,IPCALAB,10,ENTRY_FILTER,2025-07-14,2026-07-21,0,5
2026-07-21,2026-07-22,NIFTY_MIDSMALL_HEALTHCARE,WOCKPHARMA,11,ENTRY_FILTER,2025-07-17,2026-07-21,0,5
2026-07-21,2026-07-22,NIFTY_MIDSMALL_HEALTHCARE,BIOCON,12,ENTRY_FILTER,2025-07-17,2026-07-21,0,5
2026-07-21,2026-07-22,NIFTY_MIDSMALL_HEALTHCARE,LUPIN,13,ENTRY_FILTER,2025-07-16,2026-07-21,0,5
2026-07-21,2026-07-22,NIFTY_MIDSMALL_HEALTHCARE,MEDANTA,14,ENTRY_FILTER,2025-07-15,2026-07-21,0,5
2026-07-21,2026-07-22,NIFTY_MIDSMALL_HEALTHCARE,KIMS,15,ENTRY_FILTER,2025-07-16,2026-07-21,0,5
2026-07-21,2026-07-22,NIFTY_MIDSMALL_HEALTHCARE,MANKIND,16,ENTRY_FILTER,2025-07-16,2026-07-21,0,5
2026-07-21,2026-07-22,NIFTY_MIDSMALL_HEALTHCARE,LALPATHLAB,17,ENTRY_FILTER,2025-07-15,2026-07-21,0,5
2026-07-21,2026-07-22,NIFTY_MIDSMALL_HEALTHCARE,NH,18,ENTRY_FILTER,2025-07-16,2026-07-21,0,5
2026-07-21,2026-07-22,NIFTY_MIDSMALL_HEALTHCARE,ABBOTINDIA,19,ENTRY_FILTER,2025-07-16,2026-07-21,0,5
2026-07-21,2026-07-22,NIFTY_MIDSMALL_HEALTHCARE,GLENMARK,20,ENTRY_FILTER,2025-07-16,2026-07-21,0,5
2026-07-21,2026-07-22,NIFTY_MIDSMALL_HEALTHCARE,GLAXO,21,ENTRY_FILTER,2025-07-15,2026-07-21,0,5
2026-07-21,2026-07-22,NIFTY_MIDSMALL_HEALTHCARE,FORTIS,22,ENTRY_FILTER,2025-07-16,2026-07-21,0,5
2026-07-21,2026-07-22,NIFTY_MIDSMALL_HEALTHCARE,PPLPHARMA,23,ENTRY_FILTER,2025-07-17,2026-07-21,0,5
2026-07-21,2026-07-22,NIFTY_MIDSMALL_HEALTHCARE,ALKEM,24,ENTRY_FILTER,2025-07-15,2026-07-21,0,5
2026-07-21,2026-07-22,NIFTY_MIDSMALL_HEALTHCARE,NATCOPHARM,25,ENTRY_FILTER,2025-07-17,2026-07-21,0,5
2026-07-21,2026-07-22,NIFTY_MIDSMALL_HEALTHCARE,POLYMED,26,ENTRY_FILTER,2025-07-16,2026-07-21,0,5
2026-07-21,2026-07-22,NIFTY_MIDSMALL_HEALTHCARE,ONESOURCE,27,ENTRY_FILTER,2025-07-15,2026-07-21,0,5
2026-07-21,2026-07-22,NIFTY_MIDSMALL_HEALTHCARE,PFIZER,28,ENTRY_FILTER,2025-07-15,2026-07-21,0,5
2026-07-21,2026-07-22,NIFTY_MIDSMALL_HEALTHCARE,COHANCE,29,ENTRY_FILTER,2025-07-17,2026-07-21,0,5
2026-07-21,2026-07-22,NIFTY_MIDSMALL_HEALTHCARE,SYNGENE,30,ENTRY_FILTER,2025-07-16,2026-07-21,0,5
