decision_date,execution_date,universe,action,symbol,reason,entry_date,entry_rank,exit_rank,score,price,quantity,gross_value,cost_value,brokerage,stt,exchange_charge,sebi_charge,gst,stamp_duty,transaction_cost,net_value,realized_pnl,rebalance_date,rank_before,rank_after,trade_value,entry_price,exit_price,notes,portfolio_value,cash_after,weight_after,weight_before
2020-05-21,2020-05-22,NIFTY_AUTO,BUY,MRF,INITIAL_ENTRY,2020-05-22,1,,0.9367855389912924,56732.773843376584,1.956176310515069,111111.11111111111,111111.11111111111,0.0,111.11111111111111,3.3,0.1111111111111111,0.614,16.666666666666664,131.8028888888889,110979.30822222221,0.0,2020-05-22,1,,111111.11111111111,56732.773843376584,,NIFTY_AUTO,998813.774,0.0,0.1111111111111111,
2020-05-21,2020-05-22,NIFTY_AUTO,BUY,BAJAJ-AUTO,INITIAL_ENTRY,2020-05-22,2,,0.8893939852714539,2261.931016447167,49.06396676788945,111111.11111111111,111111.11111111111,0.0,111.11111111111111,3.3,0.1111111111111111,0.614,16.666666666666664,131.8028888888889,110979.30822222221,0.0,2020-05-22,2,,111111.11111111111,2261.931016447167,,NIFTY_AUTO,998813.774,0.0,0.1111111111111111,
2020-05-21,2020-05-22,NIFTY_AUTO,BUY,EXIDEIND,INITIAL_ENTRY,2020-05-22,3,,0.7860665271679561,146.84082934888204,755.7796337321432,111111.11111111111,111111.11111111111,0.0,111.11111111111111,3.3,0.1111111111111111,0.614,16.666666666666664,131.8028888888889,110979.30822222221,0.0,2020-05-22,3,,111111.11111111111,146.84082934888204,,NIFTY_AUTO,998813.774,0.0,0.1111111111111111,
2020-05-21,2020-05-22,NIFTY_METAL,BUY,HINDZINC,INITIAL_ENTRY,2020-05-22,1,,0.9104631965359052,99.29285914526405,1117.6967727342917,111111.11111111111,111111.11111111111,0.0,111.11111111111111,3.3,0.1111111111111111,0.614,16.666666666666664,131.8028888888889,110979.30822222221,0.0,2020-05-22,1,,111111.11111111111,99.29285914526405,,NIFTY_METAL,998813.774,0.0,0.1111111111111111,
2020-05-21,2020-05-22,NIFTY_METAL,BUY,NMDC,INITIAL_ENTRY,2020-05-22,2,,0.5262948634723823,13.058114830874953,8498.876726050823,111111.11111111111,111111.11111111111,0.0,111.11111111111111,3.3,0.1111111111111111,0.614,16.666666666666664,131.8028888888889,110979.30822222221,0.0,2020-05-22,2,,111111.11111111111,13.058114830874953,,NIFTY_METAL,998813.774,0.0,0.1111111111111111,
2020-05-21,2020-05-22,NIFTY_METAL,BUY,TATASTEEL,INITIAL_ENTRY,2020-05-22,3,,0.37119579191009205,22.938588848817606,4838.105297307457,111111.11111111111,111111.11111111111,0.0,111.11111111111111,3.3,0.1111111111111111,0.614,16.666666666666664,131.8028888888889,110979.30822222221,0.0,2020-05-22,3,,111111.11111111111,22.938588848817606,,NIFTY_METAL,998813.774,0.0,0.1111111111111111,
2020-05-21,2020-05-22,NIFTY_PHARMA,BUY,AUROPHARMA,INITIAL_ENTRY,2020-05-22,1,,0.6866768995920818,695.7891338552956,159.501352956315,111111.11111111111,111111.11111111111,0.0,111.11111111111111,3.3,0.1111111111111111,0.614,16.666666666666664,131.8028888888889,110979.30822222221,0.0,2020-05-22,1,,111111.11111111111,695.7891338552956,,NIFTY_PHARMA,998813.774,0.0,0.1111111111111111,
2020-05-21,2020-05-22,NIFTY_PHARMA,BUY,DRREDDY,INITIAL_ENTRY,2020-05-22,2,,0.6384381155172985,739.5873951030972,150.0557053257403,111111.11111111111,111111.11111111111,0.0,111.11111111111111,3.3,0.1111111111111111,0.614,16.666666666666664,131.8028888888889,110979.30822222221,0.0,2020-05-22,2,,111111.11111111111,739.5873951030972,,NIFTY_PHARMA,998813.774,0.0,0.1111111111111111,
2020-05-21,2020-05-22,NIFTY_PHARMA,BUY,CIPLA,INITIAL_ENTRY,2020-05-22,3,,0.6322623416781425,588.4842959663042,188.584995356574,111111.11111111111,111111.11111111111,0.0,111.11111111111111,3.3,0.1111111111111111,0.614,16.666666666666664,131.8028888888889,110979.30822222221,0.0,2020-05-22,3,,111111.11111111111,588.4842959663042,,NIFTY_PHARMA,998813.774,0.0,0.1111111111111111,
2020-06-02,2020-06-03,NIFTY_METAL,SELL,TATASTEEL,RANK_EXIT,2020-05-22,3,10.0,0.5379709228873253,26.095727920532227,4838.105297307457,126253.87948942106,111111.11111111111,0.0,126.25387948942107,3.7497402208358053,0.12625387948942104,0.6976789380585408,0.0,130.82755252780484,126123.05193689326,15011.940825782149,2020-06-03,3,10.0,126253.87948942106,,26.095727920532227,NIFTY_METAL,1072546.1665001519,126123.05193689326,0.0,
2020-06-22,2020-06-23,NIFTY_METAL,BUY,JINDALSTEL,MONTHLY_REPLACEMENT,2020-06-23,2,,0.7483880346020063,142.97930334368323,881.0606748494262,126123.05193689326,126123.05193689326,0.0,126.12305193689326,3.74585464252573,0.12612305193689324,0.6969559850032722,18.91845779053399,149.61044340689315,125973.44149348636,0.0,2020-06-23,2,,126123.05193689326,142.97930334368323,,NIFTY_METAL,1100329.4035922883,0.0,0.11448702641428644,
2020-07-02,2020-07-03,NIFTY_METAL,SELL,NMDC,RANK_EXIT,2020-05-22,2,10.0,0.3158840925122301,14.508039474487305,8498.876726050823,123302.03903034677,111111.11111111111,0.0,123.30203903034678,3.662070559201299,0.12330203903034677,0.6813670676816962,0.0,127.76877869626011,123174.27025165051,12063.1591405394,2020-07-03,2,10.0,123302.03903034677,,14.508039474487305,NIFTY_METAL,1097617.616096923,123174.27025165051,0.0,
2020-07-07,2020-07-08,NIFTY_AUTO,SELL,EXIDEIND,RANK_EXIT,2020-05-22,3,9.0,0.3759625072901448,148.32456970214844,755.7796337321432,112100.6889629675,111111.11111111111,0.0,112.1006889629675,3.3293904622001347,0.11210068896296749,0.6194684072093584,0.0,116.16164852133996,111984.52731444615,873.416203335044,2020-07-08,3,9.0,112100.6889629675,,148.32456970214844,NIFTY_AUTO,1094929.5451401882,111984.52731444615,0.0,
2020-07-21,2020-07-22,NIFTY_AUTO,BUY,HEROMOTOCO,MONTHLY_REPLACEMENT,2020-07-22,1,,0.8424464675287406,2339.19053623442,47.81640769486207,111984.52731444615,111984.52731444615,0.0,111.98452731444615,3.3259404612390506,0.11198452731444615,0.6188264979396294,16.79767909716692,132.83895789810623,111851.68835654805,0.0,2020-07-22,1,,111984.52731444615,2339.19053623442,,NIFTY_AUTO,1131993.4134542434,0.0,0.09880948689907658,
2020-07-21,2020-07-22,NIFTY_METAL,BUY,TATASTEEL,MONTHLY_REPLACEMENT,2020-07-22,3,,0.3138849356522163,29.639288759113054,4150.847165383484,123174.27025165051,123174.27025165051,0.0,123.17427025165051,3.65827582647402,0.12317427025165051,0.6806610174106207,18.476140537747575,146.11252190353437,123028.15772974698,0.0,2020-07-22,3,,123174.27025165051,29.639288759113054,,NIFTY_METAL,1131993.4134542434,0.0,0.10868275050676338,
2020-08-14,2020-08-17,NIFTY_AUTO,SELL,MRF,RANK_EXIT,2020-05-22,1,9.0,0.4385702808698019,59542.8125,1.956176310515069,116476.23927394053,111111.11111111111,0.0,116.47623927394054,3.459344306436034,0.11647623927394053,0.6436476982277954,0.0,120.6957075178783,116355.54356642265,5244.432455311544,2020-08-17,1,9.0,116476.23927394053,,59542.8125,NIFTY_AUTO,1262864.4572101738,116355.54356642265,0.0,
2020-08-21,2020-08-24,NIFTY_AUTO,BUY,M&M,MONTHLY_REPLACEMENT,2020-08-24,2,,0.6151460173229377,578.6344296880997,200.84791646090704,116355.54356642265,116355.54356642265,0.0,116.35554356642265,3.455759643922753,0.11635554356642265,0.6429807337480515,17.453331534963397,138.02397102262327,116217.51959540004,0.0,2020-08-24,2,,116355.54356642265,578.6344296880997,,NIFTY_AUTO,1261452.8817522102,0.0,0.09212989345584521,
2020-09-24,2020-09-25,NIFTY_METAL,SELL,TATASTEEL,RANK_EXIT,2020-07-22,3,11.0,0.3230941078315179,29.699016571044922,4150.847165383484,123276.07874859893,123174.27025165051,0.0,123.27607874859893,3.661299538833388,0.12327607874859892,0.6812236111647576,0.0,127.74187797734568,123148.33687062158,-25.933381028924487,2020-09-25,3,11.0,123276.07874859893,,29.699016571044922,NIFTY_METAL,1177248.9574654978,123148.33687062158,0.0,
2020-09-24,2020-09-28,NIFTY_METAL,SELL,HINDZINC,SECTOR_ROTATION,2020-05-22,1,,0.4310090420767665,124.77007293701172,1117.6967727342917,139455.10785552018,111111.11111111111,0.0,139.4551078555202,4.141816703308949,0.13945510785552018,0.7706289260096044,0.0,144.5070085926943,139310.6008469275,28199.489735816387,2020-09-28,1,,139455.10785552018,,124.77007293701172,NIFTY_METAL,1198287.4002971007,0.0,0.0,
2020-09-24,2020-09-28,NIFTY_METAL,SELL,JINDALSTEL,SECTOR_ROTATION,2020-06-23,2,,0.4104803005854289,181.2879180908203,881.0606748494262,159725.65545514564,126123.05193689326,0.0,159.72565545514564,4.743851967017825,0.15972565545514564,0.8826439720451348,0.0,165.51187704966375,159560.14357809597,33437.091641202715,2020-09-28,2,,159725.65545514564,,181.2879180908203,NIFTY_METAL,1198287.4002971007,0.0,0.0,
2020-10-21,2020-10-22,NIFTY_AUTO,SELL,BAJAJ-AUTO,RANK_EXIT,2020-05-22,2,9.0,0.4116470646113157,2592.381591796875,49.06396676788945,127192.52426961022,111111.11111111111,0.0,127.19252426961022,3.7776179708074236,0.12719252426961022,0.702865889113866,0.0,131.8002006538011,127060.72406895642,15949.612957845311,2020-10-22,2,9.0,127192.52426961022,,2592.381591796875,NIFTY_AUTO,1187726.22706977,0.0,0.0,
2020-10-21,2020-10-22,NIFTY_AUTO,BUY,BHARATFORG,MONTHLY_REPLACEMENT,2020-10-22,3,,0.570421771456798,435.9445623315518,291.11500016363846,127060.72406895642,127060.72406895642,0.0,127.06072406895642,3.773703504848006,0.1270607240689564,0.7021375612050532,19.05910861034346,150.7227344694219,126910.001334487,0.0,2020-10-22,3,,127060.72406895642,435.9445623315518,,NIFTY_AUTO,1187726.22706977,0.0,0.10685122416433089,
2020-10-21,2020-10-22,NIFTY_FINANCIAL_SERVICES,BUY,HDFCBANK,INITIAL_ENTRY,2020-10-22,1,,0.8084436878561974,577.6708875575263,121.61436565583662,70336.51354927418,70336.51354927418,0.0,70.33651354927419,2.088994452413443,0.07033651354927418,0.38867957387328916,10.550477032391127,83.43500112150133,70253.07854815268,0.0,2020-10-22,1,,70336.51354927418,577.6708875575263,,NIFTY_FINANCIAL_SERVICES,1187726.22706977,0.0,0.059149218857845284,
2020-10-21,2020-10-22,NIFTY_FINANCIAL_SERVICES,BUY,CHOLAFIN,INITIAL_ENTRY,2020-10-22,2,,0.6834991276264191,239.37081077725676,293.4905819136224,70336.51354927418,70336.51354927418,0.0,70.33651354927419,2.088994452413443,0.07033651354927418,0.38867957387328916,10.550477032391127,83.43500112150133,70253.07854815268,0.0,2020-10-22,2,,70336.51354927418,239.37081077725676,,NIFTY_FINANCIAL_SERVICES,1187726.22706977,0.0,0.059149218857845284,
2020-10-21,2020-10-22,NIFTY_FINANCIAL_SERVICES,BUY,BAJFINANCE,INITIAL_ENTRY,2020-10-22,3,,0.6205211331446966,307.65084565671555,228.35327625441607,70336.51354927418,70336.51354927418,0.0,70.33651354927419,2.088994452413443,0.07033651354927418,0.38867957387328916,10.550477032391127,83.43500112150133,70253.07854815268,0.0,2020-10-22,3,,70336.51354927418,307.65084565671555,,NIFTY_FINANCIAL_SERVICES,1187726.22706977,0.0,0.059149218857845284,
2020-10-21,2020-10-22,NIFTY_REALTY,BUY,GODREJPROP,INITIAL_ENTRY,2020-10-22,1,,0.8743663753072421,1016.0,69.14673085448099,70336.51354927418,70336.51354927418,0.0,70.33651354927419,2.088994452413443,0.07033651354927418,0.38867957387328916,10.550477032391127,83.43500112150133,70253.07854815268,0.0,2020-10-22,1,,70336.51354927418,1016.0,,NIFTY_REALTY,1187726.22706977,0.0,0.059149218857845284,
2020-10-21,2020-10-22,NIFTY_REALTY,BUY,OBEROIRLTY,INITIAL_ENTRY,2020-10-22,2,,0.5003346130251884,452.64450953472334,155.2058559604895,70336.51354927418,70336.51354927418,0.0,70.33651354927419,2.088994452413443,0.07033651354927418,0.38867957387328916,10.550477032391127,83.43500112150133,70253.07854815268,0.0,2020-10-22,2,,70336.51354927418,452.64450953472334,,NIFTY_REALTY,1187726.22706977,0.0,0.059149218857845284,
2020-10-21,2020-10-22,NIFTY_REALTY,BUY,PRESTIGE,INITIAL_ENTRY,2020-10-22,3,,0.48769912372032803,248.95989966799326,282.1863225436725,70336.51354927418,70336.51354927418,0.0,70.33651354927419,2.088994452413443,0.07033651354927418,0.38867957387328916,10.550477032391127,83.43500112150133,70253.07854815268,0.0,2020-10-22,3,,70336.51354927418,248.95989966799326,,NIFTY_REALTY,1187726.22706977,0.0,0.059149218857845284,
2020-11-06,2020-11-09,NIFTY_PHARMA,SELL,AUROPHARMA,RANK_EXIT,2020-05-22,1,6.0,0.3936387412250042,761.2593383789062,159.501352956315,121421.89442206477,111111.11111111111,0.0,121.42189442206477,3.6062302643353235,0.12142189442206476,0.6709773885763298,0.0,125.8205239693985,121296.07389809538,10184.962786984266,2020-11-09,1,6.0,121421.89442206477,,761.2593383789062,NIFTY_PHARMA,1227769.1473184617,121296.07389809538,0.0,
2020-11-10,2020-11-11,NIFTY_REALTY,SELL,OBEROIRLTY,RANK_EXIT,2020-10-22,2,6.0,0.5462445349742969,419.8902587890625,155.2058559604895,65169.42702482789,70336.51354927418,0.0,65.1694270248279,1.9355319826373885,0.06516942702482789,0.36012625373919893,0.0,67.5302546882293,65101.89677013966,-5234.6167791345215,2020-11-11,2,6.0,65169.42702482789,,419.8902587890625,NIFTY_REALTY,1245497.2030386433,65101.89677013966,0.0,
2020-11-13,2020-11-17,NIFTY_REALTY,SELL,PRESTIGE,RANK_EXIT,2020-10-22,3,6.0,0.623348206281662,257.26519775390625,282.1863225436725,72596.72007264548,70336.51354927418,0.0,72.59672007264548,2.156122586157571,0.07259672007264548,0.4011694751214389,0.0,75.22660885399712,72521.49346379148,2184.979914517302,2020-11-17,3,6.0,72596.72007264548,,257.26519775390625,NIFTY_REALTY,1255212.5811297903,137623.39023393113,0.0,
2020-11-23,2020-11-24,NIFTY_PHARMA,BUY,DIVISLAB,MONTHLY_REPLACEMENT,2020-11-24,1,,0.866717187066873,3501.7854351564592,34.597262335156884,121296.07389809538,121296.07389809538,0.0,121.29607389809537,3.6024933947734326,0.12129607389809537,0.670282104360875,18.194411084714304,143.8845565558421,121152.18934153953,0.0,2020-11-24,1,,121296.07389809538,3501.7854351564592,,NIFTY_PHARMA,1304349.839268312,0.0,0.09288320180228722,
2020-11-23,2020-11-24,NIFTY_REALTY,BUY,PRESTIGE,MONTHLY_REPLACEMENT,2020-11-24,2,,0.5006873673604181,272.83751422224185,251.90842648980134,68811.69511696557,68811.69511696557,0.0,68.81169511696557,2.0437073449738774,0.06881169511696557,0.3802534272163517,10.321754267544835,81.62622185181759,68730.06889511374,0.0,2020-11-24,2,,68811.69511696557,272.83751422224185,,NIFTY_REALTY,1304349.839268312,0.0,0.05269297149119791,
2020-11-23,2020-11-24,NIFTY_REALTY,BUY,OBEROIRLTY,MONTHLY_REPLACEMENT,2020-11-24,3,,0.4852263070642948,452.69330135379266,151.82479769321623,68811.69511696557,68811.69511696557,0.0,68.81169511696557,2.0437073449738774,0.06881169511696557,0.3802534272163517,10.321754267544835,81.62622185181759,68730.06889511374,0.0,2020-11-24,3,,68811.69511696557,452.69330135379266,,NIFTY_REALTY,1304349.839268312,0.0,0.05269297149119791,
2020-11-24,2020-11-25,NIFTY_AUTO,SELL,BHARATFORG,RANK_EXIT,2020-10-22,3,9.0,0.4750922073920568,477.075927734375,291.11500016363846,138883.95878046055,127060.72406895642,0.0,138.88395878046055,4.124853575779679,0.13888395878046056,0.767472756220825,0.0,143.9151690712415,138740.04361138932,11679.319542432902,2020-11-25,3,9.0,138883.95878046055,,477.075927734375,NIFTY_AUTO,1278192.1173397794,138740.04361138932,0.0,
2020-11-27,2020-12-01,NIFTY_REALTY,SELL,PRESTIGE,RANK_EXIT,2020-11-24,2,6.0,0.5147032501796882,286.18524169921875,251.90842648980134,72092.47392105368,68811.69511696557,0.0,72.09247392105368,2.1411464754552942,0.07209247392105368,0.3983830108877426,0.0,74.70409588131778,72017.76982517236,3206.0747082067974,2020-12-01,2,6.0,72092.47392105368,,286.18524169921875,NIFTY_REALTY,1322012.2930031396,72017.76982517236,0.0,
2020-12-01,2020-12-02,NIFTY_REALTY,SELL,OBEROIRLTY,RANK_EXIT,2020-11-24,3,6.0,0.3961798083037138,490.9229736328125,151.82479769321623,74534.28115475389,68811.69511696557,0.0,74.53428115475388,2.2136681502961904,0.07453428115475388,0.41187643766117,0.0,77.23436002386599,74457.04679473002,5645.3516777644545,2020-12-02,3,6.0,74534.28115475389,,490.9229736328125,NIFTY_REALTY,1329259.3729078765,146474.81661990238,0.0,
2020-12-11,2020-12-14,NIFTY_PHARMA,SELL,CIPLA,RANK_EXIT,2020-05-22,3,6.0,0.4387747682631016,753.187255859375,188.584995356574,142039.81514887096,111111.11111111111,0.0,142.03981514887096,4.218582509921467,0.14203981514887096,0.7849120185126608,0.0,147.18534949245398,141892.6297993785,30781.518688267402,2020-12-14,3,6.0,142039.81514887096,,753.187255859375,NIFTY_PHARMA,1335363.5643351076,141892.6297993785,0.0,
2020-12-21,2020-12-22,NIFTY_AUTO,BUY,ASHOKLEY,MONTHLY_REPLACEMENT,2020-12-22,1,,0.7136113693316778,41.12467342519531,3369.6429666847434,138740.04361138932,138740.04361138932,0.0,138.74004361138932,4.1205792952582625,0.1387400436113893,0.7666774809965373,20.811006541708398,164.57704697296393,138575.46656441636,0.0,2020-12-22,1,,138740.04361138932,41.12467342519531,,NIFTY_AUTO,1335661.32301492,0.0,0.10375045243626359,
2020-12-21,2020-12-22,NIFTY_PHARMA,BUY,AUROPHARMA,MONTHLY_REPLACEMENT,2020-12-22,3,,0.4803551888714234,820.9448962309749,172.6355979839451,141892.6297993785,141892.6297993785,0.0,141.8926297993785,4.214211105041542,0.1418926297993785,0.7840986722713656,21.283894469906777,168.31672667639756,141724.31307270212,0.0,2020-12-22,3,,141892.6297993785,820.9448962309749,,NIFTY_PHARMA,1335661.32301492,0.0,0.10610797110812123,
2020-12-21,2020-12-22,NIFTY_REALTY,BUY,DLF,MONTHLY_REPLACEMENT,2020-12-22,2,,0.6667456030845642,207.66440112485793,352.2535966482751,73237.40830995119,73237.40830995119,0.0,73.23740830995119,2.1751510268055503,0.0732374083099512,0.4047099183207903,10.985611246492677,86.87611790988016,73150.53219204131,0.0,2020-12-22,2,,73237.40830995119,207.66440112485793,,NIFTY_REALTY,1335661.32301492,0.0,0.0547672759041359,
2020-12-21,2020-12-22,NIFTY_REALTY,BUY,OBEROIRLTY,MONTHLY_REPLACEMENT,2020-12-22,3,,0.432142186909914,513.313312317729,142.5065947768813,73237.40830995119,73237.40830995119,0.0,73.23740830995119,2.1751510268055503,0.0732374083099512,0.4047099183207903,10.985611246492677,86.87611790988016,73150.53219204131,0.0,2020-12-22,3,,73237.40830995119,513.313312317729,,NIFTY_REALTY,1335661.32301492,0.0,0.0547672759041359,
2020-12-24,2020-12-28,NIFTY_AUTO,SELL,HEROMOTOCO,RANK_EXIT,2020-07-22,1,9.0,0.29872967240711057,2544.1337890625,47.81640769486207,121651.33848808672,111984.52731444615,0.0,121.65133848808672,3.6130447530961756,0.12165133848808672,0.6722452964851672,0.0,126.05827987615616,121525.28020821056,9540.75289376441,2020-12-28,1,9.0,121651.33848808672,,2544.1337890625,NIFTY_AUTO,1390560.7257793958,121525.28020821056,0.0,
2020-12-24,2020-12-28,NIFTY_REALTY,SELL,OBEROIRLTY,RANK_EXIT,2020-12-22,3,6.0,0.43135041526208323,525.5838012695312,142.5065947768813,74899.15778881,73237.40830995119,0.0,74.89915778881,2.224504986327657,0.07489915778881,0.413892745940964,0.0,77.61245467886744,74821.54533413114,1584.137024179945,2020-12-28,3,6.0,74899.15778881,,525.5838012695312,NIFTY_REALTY,1390560.7257793958,74821.54533413114,0.0,
2021-01-06,2021-01-07,NIFTY_FINANCIAL_SERVICES,SELL,HDFCBANK,RANK_EXIT,2020-10-22,1,13.0,0.29486434844632947,659.805908203125,121.61436565583662,80241.87698209622,70336.51354927418,0.0,80.24187698209622,2.3831837463682577,0.08024187698209621,0.4434166122030637,0.0,83.14871921764964,80158.72826287858,9822.214713604393,2021-01-07,1,13.0,80241.87698209622,,659.805908203125,NIFTY_FINANCIAL_SERVICES,1448757.560960023,80158.72826287858,0.0,
2021-01-18,2021-01-19,NIFTY_PHARMA,SELL,DRREDDY,RANK_EXIT,2020-05-22,2,6.0,0.3603777813259512,986.2870483398438,150.0557053257403,147997.99869227776,111111.11111111111,0.0,147.99799869227778,4.39554056116065,0.14799799869227775,0.8178369407735269,0.0,153.35937419290426,147844.63931808487,36733.52820697376,2021-01-19,2,6.0,147997.99869227776,,986.2870483398438,NIFTY_PHARMA,1465339.3188150488,147844.63931808487,0.0,
2021-01-21,2021-01-22,NIFTY_AUTO,BUY,BHARATFORG,MONTHLY_REPLACEMENT,2021-01-22,2,,0.4713241905362035,595.4189188731084,203.8583590707809,121525.28020821056,121525.28020821056,0.0,121.52528020821056,3.6093008221838536,0.12152528020821056,0.6715486984305715,18.22879203123158,144.1564470402648,121381.1237611703,0.0,2021-01-22,2,,121525.28020821056,595.4189188731084,,NIFTY_AUTO,1451708.8621925442,0.0,0.08361258026478258,
2021-01-21,2021-01-22,NIFTY_FINANCIAL_SERVICES,BUY,BAJAJFINSV,MONTHLY_REPLACEMENT,2021-01-22,3,,0.4616829132040342,904.1925701958145,88.54711323047856,80158.72826287858,80158.72826287858,0.0,80.15872826287858,2.3807142294074937,0.08015872826287858,0.442957132380667,12.023809239431785,95.0863675923614,80063.64189528622,0.0,2021-01-22,3,,80158.72826287858,904.1925701958145,,NIFTY_FINANCIAL_SERVICES,1451708.8621925442,0.0,0.05515130752481909,
2021-01-21,2021-01-22,NIFTY_PHARMA,BUY,CIPLA,MONTHLY_REPLACEMENT,2021-01-22,3,,0.4425479223330816,778.4747854981141,189.69048826479028,147844.63931808487,147844.63931808487,0.0,147.84463931808486,4.390985787747121,0.14784463931808486,0.816989476871737,22.17669589771273,175.37715511973454,147669.26216296514,0.0,2021-01-22,3,,147844.63931808487,778.4747854981141,,NIFTY_PHARMA,1451708.8621925442,0.0,0.10172098966175448,
2021-01-21,2021-01-22,NIFTY_REALTY,BUY,OBEROIRLTY,MONTHLY_REPLACEMENT,2021-01-22,3,,0.39046503603458405,557.2137720809228,134.11870599070969,74821.54533413114,74821.54533413114,0.0,74.82154533413114,2.2221998964236946,0.07482154533413113,0.4134638595164086,11.22323180011967,88.75526243552505,74732.7900716956,0.0,2021-01-22,3,,74821.54533413114,557.2137720809228,,NIFTY_REALTY,1451708.8621925442,0.0,0.051479185681091194,
2021-01-28,2021-02-01,NIFTY_PHARMA,SELL,DIVISLAB,SECTOR_ROTATION,2020-11-24,1,,0.806633693476518,3359.82080078125,34.597262335156884,116240.60164374579,121296.07389809538,0.0,116.24060164374579,3.45234586881925,0.11624060164374578,0.6423455646833393,0.0,120.45153367889212,116120.1501100669,-5175.923788028478,2021-02-01,1,,116240.60164374579,,3359.82080078125,NIFTY_PHARMA,1456258.3334186669,0.0,0.0,
2021-01-28,2021-02-01,NIFTY_PHARMA,SELL,AUROPHARMA,SECTOR_ROTATION,2020-12-22,3,,0.6783277913928032,893.104736328125,172.6355979839451,154181.6702182995,141892.6297993785,0.0,154.1816702182995,4.579195605483495,0.15418167021829948,0.852007909626323,0.0,159.7670554036276,154021.90316289588,12129.273363517364,2021-02-01,3,,154181.6702182995,,893.104736328125,NIFTY_PHARMA,1456258.3334186669,0.0,0.0,
2021-01-28,2021-02-01,NIFTY_PHARMA,SELL,CIPLA,SECTOR_ROTATION,2021-01-22,3,,0.713933805624644,769.5049438476562,189.69048826479028,145967.76852063194,147844.63931808487,0.0,145.96776852063195,4.335242725062769,0.14596776852063192,0.8066178888450121,0.0,151.25559690306034,145816.51292372888,-2028.1263943559898,2021-02-01,3,,145967.76852063194,,769.5049438476562,NIFTY_PHARMA,1456258.3334186669,0.0,0.0,
2021-02-22,2021-02-23,NIFTY_BANK,BUY,IDFCFIRSTB,INITIAL_ENTRY,2021-02-23,1,,0.8702449811001619,61.19969177246094,2262.8934520086386,138652.85539889723,138652.85539889723,0.0,138.65285539889723,4.117989805347248,0.1386528553988972,0.7661956789343061,20.79792830983458,164.47362204841227,138488.3817768488,0.0,2021-02-23,1,,138652.85539889723,61.19969177246094,,NIFTY_BANK,1524172.7602071164,0.0,0.09086134156998708,
2021-02-22,2021-02-23,NIFTY_BANK,BUY,SBIN,INITIAL_ENTRY,2021-02-23,2,,0.7478277819852035,355.30059790846593,389.7780712784693,138652.85539889723,138652.85539889723,0.0,138.65285539889723,4.117989805347248,0.1386528553988972,0.7661956789343061,20.79792830983458,164.47362204841227,138488.3817768488,0.0,2021-02-23,2,,138652.85539889723,355.30059790846593,,NIFTY_BANK,1524172.7602071164,0.0,0.09086134156998708,
2021-02-22,2021-02-23,NIFTY_BANK,BUY,INDUSINDBK,INITIAL_ENTRY,2021-02-23,3,,0.7144399732351303,996.1038498744977,139.03006377728326,138652.85539889723,138652.85539889723,0.0,138.65285539889723,4.117989805347248,0.1386528553988972,0.7661956789343061,20.79792830983458,164.47362204841227,138488.3817768488,0.0,2021-02-23,3,,138652.85539889723,996.1038498744977,,NIFTY_BANK,1524172.7602071164,0.0,0.09086134156998708,
2021-02-25,2021-02-26,NIFTY_REALTY,SELL,OBEROIRLTY,RANK_EXIT,2021-01-22,3,6.0,0.3902482769141595,533.4546508789062,134.11870599070969,71546.24748060471,74821.54533413114,0.0,71.5462474806047,2.12492355017396,0.0715462474806047,0.3953645635778216,0.0,74.1380818418371,71472.10939876287,-3349.4359353682667,2021-02-26,3,6.0,71546.24748060471,,533.4546508789062,NIFTY_REALTY,1524921.5120142344,71472.10939876287,0.0,
2021-03-18,2021-03-19,NIFTY_REALTY,SELL,GODREJPROP,RANK_EXIT,2020-10-22,1,6.0,0.4956376552581787,1317.75,69.14673085448099,91118.10458349233,70336.51354927418,0.0,91.11810458349233,2.7062077061297223,0.09111810458349233,0.5035186459283786,0.0,94.41894904013391,91023.6856344522,20687.172085178012,2021-03-19,1,6.0,91118.10458349233,,1317.75,NIFTY_REALTY,1483306.2224861756,162495.79503321508,0.0,
2021-03-18,2021-03-22,NIFTY_FINANCIAL_SERVICES,SELL,CHOLAFIN,SECTOR_ROTATION,2020-10-22,2,,0.8333333333333334,564.5169067382812,293.4905819136224,165680.39545869626,70336.51354927418,0.0,165.68039545869627,4.920707745123279,0.16568039545869626,0.9155498653047555,0.0,171.68233346458302,165508.71312523168,95172.1995759575,2021-03-22,2,,165680.39545869626,,564.5169067382812,NIFTY_FINANCIAL_SERVICES,1474631.7793501676,0.0,0.0,
2021-03-18,2021-03-22,NIFTY_FINANCIAL_SERVICES,SELL,BAJFINANCE,SECTOR_ROTATION,2020-10-22,3,,0.4663656714061896,524.695556640625,228.35327625441607,119815.94939502126,70336.51354927418,0.0,119.81594939502126,3.5585336970321317,0.11981594939502126,0.6621029363568876,0.0,124.1564019778053,119691.79299304346,49355.27944376928,2021-03-22,3,,119815.94939502126,,524.695556640625,NIFTY_FINANCIAL_SERVICES,1474631.7793501676,0.0,0.0,
2021-03-18,2021-03-22,NIFTY_FINANCIAL_SERVICES,SELL,BAJAJFINSV,SECTOR_ROTATION,2021-01-22,3,,0.370697695761919,937.673583984375,88.54711323047856,83028.2890142931,80158.72826287858,0.0,83.0282890142931,2.465940183724505,0.0830282890142931,0.45881432509298364,0.0,86.03607181212487,82942.25294248098,2783.5246796024003,2021-03-22,3,,83028.2890142931,,937.673583984375,NIFTY_FINANCIAL_SERVICES,1474631.7793501676,0.0,0.0,
2021-03-22,2021-03-23,NIFTY_METAL,BUY,VEDL,INITIAL_ENTRY,2021-03-23,1,,0.8787535379330318,107.34868600782964,1141.780963893765,122714.25302025203,122714.25302025203,0.0,122.71425302025203,3.6446133147014854,0.12271425302025202,0.6781189621899127,18.407137953037804,145.5668375032015,122568.68618274883,0.0,2021-03-23,1,,122714.25302025203,107.34868600782964,,NIFTY_METAL,1484737.276268801,0.0,0.08255244085389196,
2021-03-22,2021-03-23,NIFTY_METAL,BUY,HINDALCO,INITIAL_ENTRY,2021-03-23,2,,0.810372494161129,329.95702666771905,371.46863462974767,122714.25302025203,122714.25302025203,0.0,122.71425302025203,3.6446133147014854,0.12271425302025202,0.6781189621899127,18.407137953037804,145.5668375032015,122568.68618274883,0.0,2021-03-23,2,,122714.25302025203,329.95702666771905,,NIFTY_METAL,1484737.276268801,0.0,0.08255244085389196,
2021-03-22,2021-03-23,NIFTY_METAL,BUY,TATASTEEL,INITIAL_ENTRY,2021-03-23,3,,0.7656781375408173,62.923795198186575,1947.8908701660955,122714.25302025203,122714.25302025203,0.0,122.71425302025203,3.6446133147014854,0.12271425302025202,0.6781189621899127,18.407137953037804,145.5668375032015,122568.68618274883,0.0,2021-03-23,3,,122714.25302025203,62.923795198186575,,NIFTY_METAL,1484737.276268801,0.0,0.08255244085389196,
2021-03-22,2021-03-23,NIFTY_REALTY,BUY,OBEROIRLTY,MONTHLY_REPLACEMENT,2021-03-23,2,,0.5302340971926849,591.1412375460549,137.27940802269885,81247.89751660754,81247.89751660754,0.0,81.24789751660754,2.413062556243244,0.08124789751660753,0.44897588167677327,12.18718462749113,96.3783684795353,81151.519148128,0.0,2021-03-23,2,,81247.89751660754,591.1412375460549,,NIFTY_REALTY,1484737.276268801,0.0,0.05465715749527401,
2021-03-22,2021-03-23,NIFTY_REALTY,BUY,GODREJPROP,MONTHLY_REPLACEMENT,2021-03-23,3,,0.43786890649547183,1422.0,57.06857886647539,81247.89751660754,81247.89751660754,0.0,81.24789751660754,2.413062556243244,0.08124789751660753,0.44897588167677327,12.18718462749113,96.3783684795353,81151.519148128,0.0,2021-03-23,3,,81247.89751660754,1422.0,,NIFTY_REALTY,1484737.276268801,0.0,0.05465715749527401,
2021-03-23,2021-03-24,NIFTY_REALTY,SELL,OBEROIRLTY,RANK_EXIT,2021-03-23,2,6.0,0.5302340971926849,562.2977905273438,137.27940802269885,77191.90781606527,81247.89751660754,0.0,77.19190781606527,2.2925996621371385,0.07719190781606527,0.4265624825915767,0.0,79.98826186861005,77111.91955419666,-4135.977962410878,2021-03-24,2,6.0,77191.90781606527,,562.2977905273438,NIFTY_REALTY,1430758.4218888406,77111.91955419666,0.0,
2021-03-25,2021-03-30,NIFTY_AUTO,SELL,M&M,SECTOR_ROTATION,2020-08-24,2,,0.4756030564506849,750.4312133789062,200.84791646090704,150722.54565438366,116355.54356642265,0.0,150.72254565438368,4.476459605935195,0.15072254565438364,0.8328927872861241,0.0,156.18262059325937,150566.3630337904,34210.81946736775,2021-03-30,2,,150722.54565438366,,750.4312133789062,NIFTY_AUTO,1449154.0359481252,0.0,0.0,
2021-03-25,2021-03-30,NIFTY_AUTO,SELL,ASHOKLEY,SECTOR_ROTATION,2020-12-22,1,,0.6992125790566206,51.08000183105469,3369.6429666847434,172121.36890825725,138740.04361138932,0.0,172.12136890825727,5.11200465657524,0.17212136890825724,0.9511426845870296,0.0,178.3566376183278,171943.01227063892,33202.9686592496,2021-03-30,1,,172121.36890825725,,51.08000183105469,NIFTY_AUTO,1449154.0359481252,0.0,0.0,
2021-03-25,2021-03-30,NIFTY_AUTO,SELL,BHARATFORG,SECTOR_ROTATION,2021-01-22,2,,0.4401591109732787,568.28662109375,203.8583590707809,115849.97805805049,121525.28020821056,0.0,115.8499780580505,3.4407443483240994,0.11584997805805049,0.6401869787487869,0.0,120.04675936318144,115729.93129868731,-5795.348909523251,2021-03-30,2,,115849.97805805049,,568.28662109375,NIFTY_AUTO,1449154.0359481252,0.0,0.0,
2021-03-25,2021-03-30,NIFTY_BANK,SELL,IDFCFIRSTB,SECTOR_ROTATION,2021-02-23,1,,0.906799528747797,58.059967041015625,2262.8934520086386,131383.51924095163,138652.85539889723,0.0,131.38351924095164,3.9020905214562633,0.13138351924095162,0.7260253273254987,0.0,136.14301860897436,131247.37622234266,-7405.479176554567,2021-03-30,1,,131383.51924095163,,58.059967041015625,NIFTY_BANK,1449154.0359481252,0.0,0.0,
2021-03-25,2021-03-30,NIFTY_BANK,SELL,SBIN,SECTOR_ROTATION,2021-02-23,2,,0.7636773958802223,327.02154541015625,389.7780712784693,127465.82723647507,138652.85539889723,0.0,127.46582723647508,3.7857350689233096,0.12746582723647507,0.7043761613087612,0.0,132.08340429394363,127333.74383218114,-11319.111566716092,2021-03-30,2,,127465.82723647507,,327.02154541015625,NIFTY_BANK,1449154.0359481252,0.0,0.0,
2021-03-25,2021-03-30,NIFTY_BANK,SELL,INDUSINDBK,SECTOR_ROTATION,2021-02-23,3,,0.6335208999613922,926.5890502929688,139.03006377728326,128823.73475756377,138652.85539889723,0.0,128.82373475756378,3.826064922299644,0.12882373475756376,0.7118799582702974,0.0,133.49050337289128,128690.24425419088,-9962.611144706345,2021-03-30,3,,128823.73475756377,,926.5890502929688,NIFTY_BANK,1449154.0359481252,0.0,0.0,
2021-04-09,2021-04-12,NIFTY_REALTY,SELL,GODREJPROP,RANK_EXIT,2021-03-23,3,6.0,0.38588544353842735,1269.449951171875,57.06857886647539,72445.70465549549,81247.89751660754,0.0,72.44570465549549,2.151637428268216,0.07244570465549548,0.40033496392626805,0.0,75.07012275234547,72370.63453274315,-8877.262983864392,2021-04-12,3,6.0,72445.70465549549,,1269.449951171875,NIFTY_REALTY,1436003.34772382,149482.5540869398,0.0,
2021-04-15,2021-04-19,NIFTY_REALTY,SELL,DLF,SECTOR_ROTATION,2020-12-22,2,,0.5252966098487377,228.61428833007812,352.2535966482751,80530.2053094558,73237.40830995119,0.0,80.53020530945581,2.3917470976908373,0.0805302053094558,0.44500991454005273,0.0,83.44749252699616,80446.75781692882,7209.349506977625,2021-04-19,2,,80530.2053094558,,228.61428833007812,NIFTY_REALTY,1455747.4492120496,0.0,0.0,
2021-04-22,2021-04-23,NIFTY_FMCG,BUY,EMAMILTD,INITIAL_ENTRY,2021-04-23,1,,0.8232115519543489,460.81611942846416,298.2141878027758,137585.11181863854,137585.11181863854,0.0,137.58511181863855,4.086277821013565,0.13758511181863853,0.7602953279097965,20.63776677279578,163.20703685217634,137421.90478178638,0.0,2021-04-23,1,,137585.11181863854,460.81611942846416,,NIFTY_FMCG,1456371.5312000047,0.0,0.09435909851145952,
2021-04-22,2021-04-23,NIFTY_FMCG,BUY,GODREJIND,INITIAL_ENTRY,2021-04-23,2,,0.6623988039791584,512.0,268.4021577769265,137585.11181863854,137585.11181863854,0.0,137.58511181863855,4.086277821013565,0.13758511181863853,0.7602953279097965,20.63776677279578,163.20703685217634,137421.90478178638,0.0,2021-04-23,2,,137585.11181863854,512.0,,NIFTY_FMCG,1456371.5312000047,0.0,0.09435909851145952,
2021-04-22,2021-04-23,NIFTY_FMCG,BUY,TATACONSUM,INITIAL_ENTRY,2021-04-23,3,,0.6465295826395353,636.2987091513982,215.9707426800528,137585.11181863854,137585.11181863854,0.0,137.58511181863855,4.086277821013565,0.13758511181863853,0.7602953279097965,20.63776677279578,163.20703685217634,137421.90478178638,0.0,2021-04-23,3,,137585.11181863854,636.2987091513982,,NIFTY_FMCG,1456371.5312000047,0.0,0.09435909851145952,
2021-04-22,2021-04-23,NIFTY_PHARMA,BUY,DIVISLAB,INITIAL_ENTRY,2021-04-23,1,,0.7879882802565893,3638.6094778300485,58.806556188795085,214228.21578659475,214228.21578659475,0.0,214.22821578659475,6.362578008861864,0.21422821578659473,1.1838251204367227,32.13423236798921,254.12307949966913,213974.0927070951,0.0,2021-04-23,1,,214228.21578659475,3638.6094778300485,,NIFTY_PHARMA,1456371.5312000047,0.0,0.14692273786125654,
2021-04-22,2021-04-23,NIFTY_PHARMA,BUY,SUNPHARMA,INITIAL_ENTRY,2021-04-23,2,,0.7806992903351784,605.8210494602414,353.19686052133073,214228.21578659475,214228.21578659475,0.0,214.22821578659475,6.362578008861864,0.21422821578659473,1.1838251204367227,32.13423236798921,254.12307949966913,213974.0927070951,0.0,2021-04-23,2,,214228.21578659475,605.8210494602414,,NIFTY_PHARMA,1456371.5312000047,0.0,0.14692273786125654,
2021-04-22,2021-04-23,NIFTY_PHARMA,BUY,CIPLA,INITIAL_ENTRY,2021-04-23,3,,0.7754881680011749,901.1432413728194,237.4473700553119,214228.21578659475,214228.21578659475,0.0,214.22821578659475,6.362578008861864,0.21422821578659473,1.1838251204367227,32.13423236798921,254.12307949966913,213974.0927070951,0.0,2021-04-23,3,,214228.21578659475,901.1432413728194,,NIFTY_PHARMA,1456371.5312000047,0.0,0.14692273786125654,
2021-05-05,2021-05-06,NIFTY_PHARMA,SELL,CIPLA,RANK_EXIT,2021-04-23,3,6.0,0.5283766674498718,843.8407592773438,237.4473700553119,200367.7690358828,214228.21578659475,0.0,200.36776903588282,5.950922740365719,0.2003677690358828,1.1072322916922883,0.0,207.62629183697672,200160.14274404582,-14068.073042548931,2021-05-06,3,6.0,200367.7690358828,,843.8407592773438,NIFTY_PHARMA,1529721.5889537039,200160.14274404582,0.0,
2021-05-21,2021-05-24,NIFTY_PHARMA,BUY,GLENMARK,MONTHLY_REPLACEMENT,2021-05-24,3,,0.7068345199028652,599.1325159467652,333.68695949115016,200160.14274404582,200160.14274404582,0.0,200.16014274404583,5.944756239498161,0.2001601427440458,1.106084948803597,30.02402141160687,237.43516548669848,199922.70757855912,0.0,2021-05-24,3,,200160.14274404582,599.1325159467652,,NIFTY_PHARMA,1559537.6827860752,0.0,0.12819357286795544,
2021-05-27,2021-05-28,NIFTY_PHARMA,SELL,GLENMARK,RANK_EXIT,2021-05-24,3,6.0,0.6631232425570488,596.7752075195312,333.68695949115016,199136.10449689254,200160.14274404582,0.0,199.13610449689256,5.914342303557708,0.19913610449689254,1.100426113449828,0.0,206.35000901839697,198929.75448787413,-1230.3882561716891,2021-05-28,3,6.0,199136.10449689254,,596.7752075195312,NIFTY_PHARMA,1539083.4469905854,198929.75448787413,0.0,
2021-06-15,2021-06-16,NIFTY_METAL,SELL,HINDALCO,RANK_EXIT,2021-03-23,2,10.0,0.2440085696677367,366.9674072265625,371.46863462974767,136316.88171606977,122714.25302025203,0.0,136.31688171606976,4.048611386967272,0.13631688171606976,0.7532870883630014,0.0,141.2550970731161,136175.62661899664,13461.373598744613,2021-06-16,2,10.0,136316.88171606977,,366.9674072265625,NIFTY_METAL,1582598.8937494396,136175.62661899664,0.0,
2021-06-21,2021-06-22,NIFTY_METAL,BUY,SAIL,MONTHLY_REPLACEMENT,2021-06-22,1,,0.8333333333333334,110.39511450147347,1232.0662210855307,136175.62661899664,136175.62661899664,0.0,136.17562661899663,4.0444161105842005,0.13617562661899663,0.7525065126965754,20.426343992849496,161.5350688617459,136014.0915501349,0.0,2021-06-22,1,,136175.62661899664,110.39511450147347,,NIFTY_METAL,1573531.4026064798,0.0,0.08643875255672306,
2021-06-21,2021-06-22,NIFTY_PHARMA,BUY,CIPLA,MONTHLY_REPLACEMENT,2021-06-22,1,,0.8385466287533443,912.451208974613,217.7582503991786,198929.75448787413,198929.75448787413,0.0,198.92975448787413,5.908213708289861,0.19892975448787412,1.0992858232999925,29.839463173181116,235.97564694713296,198693.778840927,0.0,2021-06-22,1,,198929.75448787413,912.451208974613,,NIFTY_PHARMA,1573531.4026064798,0.0,0.12627252211922824,
2021-08-18,2021-08-23,NIFTY_PHARMA,SELL,DIVISLAB,SECTOR_ROTATION,2021-04-23,1,,0.9633520618081093,4747.97509765625,58.806556188795085,279212.0643633221,214228.21578659475,0.0,279.2120643633221,8.292598311590666,0.2792120643633221,1.542925867671718,0.0,289.3268006069478,278922.73756271513,64694.52177612038,2021-08-23,1,,279212.0643633221,,4747.97509765625,NIFTY_PHARMA,1707382.8171470421,0.0,0.0,
2021-08-18,2021-08-23,NIFTY_PHARMA,SELL,SUNPHARMA,SECTOR_ROTATION,2021-04-23,2,,0.8017504556725423,724.6538696289062,353.19686052133073,255945.4717175634,214228.21578659475,0.0,255.9454717175634,7.601580510011633,0.2559454717175634,1.4143546767112554,0.0,265.2173523760038,255680.2543651874,41452.03857859265,2021-08-23,2,,255945.4717175634,,724.6538696289062,NIFTY_PHARMA,1707382.8171470421,0.0,0.0,
2021-08-18,2021-08-23,NIFTY_PHARMA,SELL,CIPLA,SECTOR_ROTATION,2021-06-22,1,,0.5910977969566982,861.9773559570312,217.7582503991786,187702.68091691312,198929.75448787413,0.0,187.70268091691312,5.57476962323232,0.1877026809169131,1.037245014746862,0.0,194.50239823580924,187508.1785186773,-11421.575969196827,2021-08-23,1,,187702.68091691312,,861.9773559570312,NIFTY_PHARMA,1707382.8171470421,0.0,0.0,
2021-08-23,2021-08-24,NIFTY_CONSUMER_DURABLES,BUY,TITAN,INITIAL_ENTRY,2021-08-24,1,,0.7815445835391681,1858.6090188258986,64.67691484112575,120351.86174109664,120351.86174109664,0.0,120.35186174109664,3.57445029371057,0.12035186174109663,0.6650643879813,18.052779261164495,142.7645075456941,120209.09723355094,0.0,2021-08-24,1,,120351.86174109664,1858.6090188258986,,NIFTY_CONSUMER_DURABLES,1720232.2613425087,0.0,0.06987957378484286,
2021-08-23,2021-08-24,NIFTY_CONSUMER_DURABLES,BUY,RELAXO,INITIAL_ENTRY,2021-08-24,2,,0.7060258494069179,1179.0,101.95852182659112,120351.86174109664,120351.86174109664,0.0,120.35186174109664,3.57445029371057,0.12035186174109663,0.6650643879813,18.052779261164495,142.7645075456941,120209.09723355094,0.0,2021-08-24,2,,120351.86174109664,1179.0,,NIFTY_CONSUMER_DURABLES,1720232.2613425087,0.0,0.06987957378484286,
2021-08-23,2021-08-24,NIFTY_CONSUMER_DURABLES,BUY,HAVELLS,INITIAL_ENTRY,2021-08-24,3,,0.6666215012470882,1229.5132752641148,97.76966190765897,120351.86174109664,120351.86174109664,0.0,120.35186174109664,3.57445029371057,0.12035186174109663,0.6650643879813,18.052779261164495,142.7645075456941,120209.09723355094,0.0,2021-08-24,3,,120351.86174109664,1229.5132752641148,,NIFTY_CONSUMER_DURABLES,1720232.2613425087,0.0,0.06987957378484286,
2021-08-23,2021-08-24,NIFTY_FMCG,SELL,GODREJIND,RANK_EXIT,2021-04-23,2,10.0,0.4209741825858752,544.5999755859375,268.4021577769265,146171.80857252714,137585.11181863854,0.0,146.17180857252714,4.341302714604056,0.14617180857252712,0.8077454141717848,0.0,151.46702850987552,146020.34154401725,8435.229725378711,2021-08-24,2,10.0,146171.80857252714,,544.5999755859375,NIFTY_FMCG,1720232.2613425087,0.0,0.0,
2021-08-23,2021-08-24,NIFTY_FMCG,BUY,GODREJCP,MONTHLY_REPLACEMENT,2021-08-24,2,,0.8471946480373542,987.1599592336112,147.7441695787361,146020.34154401725,146020.34154401725,0.0,146.02034154401727,4.336804143857313,0.14602034154401725,0.8069084073722393,21.903051231602586,173.21312566839342,145847.12841834885,0.0,2021-08-24,2,,146020.34154401725,987.1599592336112,,NIFTY_FMCG,1720232.2613425087,0.0,0.08478339332185665,
2021-08-23,2021-08-24,NIFTY_HEALTHCARE,BUY,LAURUSLABS,INITIAL_ENTRY,2021-08-24,1,,0.813464562719067,627.8055659024676,191.47504221430552,120351.86174109664,120351.86174109664,0.0,120.35186174109664,3.57445029371057,0.12035186174109663,0.6650643879813,18.052779261164495,142.7645075456941,120209.09723355094,0.0,2021-08-24,1,,120351.86174109664,627.8055659024676,,NIFTY_HEALTHCARE,1720232.2613425087,0.0,0.06987957378484286,
2021-08-23,2021-08-24,NIFTY_HEALTHCARE,BUY,LALPATHLAB,INITIAL_ENTRY,2021-08-24,2,,0.7290491151312988,1852.1896794316044,64.90107280504901,120351.86174109664,120351.86174109664,0.0,120.35186174109664,3.57445029371057,0.12035186174109663,0.6650643879813,18.052779261164495,142.7645075456941,120209.09723355094,0.0,2021-08-24,2,,120351.86174109664,1852.1896794316044,,NIFTY_HEALTHCARE,1720232.2613425087,0.0,0.06987957378484286,
2021-08-23,2021-08-24,NIFTY_HEALTHCARE,BUY,APOLLOHOSP,INITIAL_ENTRY,2021-08-24,3,,0.7286770393451055,4760.694274760496,25.250329110788886,120351.86174109664,120351.86174109664,0.0,120.35186174109664,3.57445029371057,0.12035186174109663,0.6650643879813,18.052779261164495,142.7645075456941,120209.09723355094,0.0,2021-08-24,3,,120351.86174109664,4760.694274760496,,NIFTY_HEALTHCARE,1720232.2613425087,0.0,0.06987957378484286,
2021-09-20,2021-09-21,NIFTY_FMCG,SELL,EMAMILTD,RANK_EXIT,2021-04-23,1,10.0,0.3646860457956791,531.20458984375,298.2141878027758,158412.74531736056,137585.11181863854,0.0,158.41274531736056,4.7048585359256085,0.15841274531736055,0.8753888306237345,0.0,164.15140542922725,158248.59391193133,20663.482093292783,2021-09-21,1,10.0,158412.74531736056,,531.20458984375,NIFTY_FMCG,1744477.9706287787,158248.59391193133,0.0,
2021-09-21,2021-09-22,NIFTY_FMCG,BUY,JUBLFOOD,MONTHLY_REPLACEMENT,2021-09-22,2,,0.7149426142374675,824.1468222129012,191.7872775277629,158248.59391193133,158248.59391193133,0.0,158.24859391193132,4.699983239184361,0.15824859391193133,0.8744817299573326,23.737289086789698,187.71859656177463,158060.87531536954,0.0,2021-09-22,2,,158248.59391193133,824.1468222129012,,NIFTY_FMCG,1744997.7502326726,0.0,0.09057941495586125,
2021-10-21,2021-10-25,NIFTY_HEALTHCARE,SELL,LAURUSLABS,SECTOR_ROTATION,2021-08-24,1,,0.672207276026408,545.3654174804688,191.47504221430552,104423.8663342951,120351.86174109664,0.0,104.42386633429511,3.1013888301285646,0.1044238663342951,0.5770462853633147,0.0,108.2067253161213,104315.65960897898,-16036.202132117658,2021-10-25,1,,104423.8663342951,,545.3654174804688,NIFTY_HEALTHCARE,1692739.8073384205,0.0,0.0,
2021-10-21,2021-10-25,NIFTY_HEALTHCARE,SELL,LALPATHLAB,SECTOR_ROTATION,2021-08-24,2,,0.7037797197699547,1687.2796630859375,64.90107280504901,109506.260256419,120351.86174109664,0.0,109.506260256419,3.2523359296156444,0.10950626025641899,0.6051315941769714,0.0,113.47323404046803,109392.78702237853,-10959.074718718111,2021-10-25,2,,109506.260256419,,1687.2796630859375,NIFTY_HEALTHCARE,1692739.8073384205,0.0,0.0,
2021-10-21,2021-10-25,NIFTY_HEALTHCARE,SELL,APOLLOHOSP,SECTOR_ROTATION,2021-08-24,3,,0.7179844751954079,4112.765625,25.250329110788886,103848.68558678935,120351.86174109664,0.0,103.84868558678934,3.084305961927644,0.10384868558678934,0.573867836552598,0.0,107.61070807085636,103741.07487871849,-16610.786862378154,2021-10-25,3,,103848.68558678935,,4112.765625,NIFTY_HEALTHCARE,1692739.8073384205,0.0,0.0,
2021-10-27,2021-10-28,NIFTY_CONSUMER_DURABLES,SELL,HAVELLS,RANK_EXIT,2021-08-24,3,10.0,0.41037892301877343,1226.4210205078125,97.76966190765897,119906.76853149492,120351.86174109664,0.0,119.90676853149492,3.561231025385399,0.11990676853149491,0.6626048029050409,0.0,124.25051112831684,119782.51802036661,-569.3437207300303,2021-10-28,3,10.0,119906.76853149492,,1226.4210205078125,NIFTY_CONSUMER_DURABLES,1688711.203057493,119782.51802036661,0.0,
2021-10-28,2021-11-01,NIFTY_FMCG,SELL,TATACONSUM,SECTOR_ROTATION,2021-04-23,3,,0.7538439705967903,791.435302734375,215.9707426800528,170926.8701147554,137585.11181863854,0.0,170.92687011475542,5.076528042408236,0.1709268701147554,0.9445418842541383,0.0,177.11886691153254,170749.75124784387,33164.63942920533,2021-11-01,3,,170926.8701147554,,791.435302734375,NIFTY_FMCG,1718283.3231191598,0.0,0.0,
2021-10-28,2021-11-01,NIFTY_FMCG,SELL,GODREJCP,SECTOR_ROTATION,2021-08-24,2,,0.7162384502589703,930.5189819335938,147.7441695787361,137478.75426302975,146020.34154401725,0.0,137.47875426302977,4.083119001611983,0.13747875426302975,0.7597075960575023,0.0,142.45905961496229,137336.2952034148,-8684.04634060245,2021-11-01,2,,137478.75426302975,,930.5189819335938,NIFTY_FMCG,1718283.3231191598,0.0,0.0,
2021-10-28,2021-11-01,NIFTY_FMCG,SELL,JUBLFOOD,SECTOR_ROTATION,2021-09-22,2,,0.6490922595063846,743.0916748046875,191.7872775277629,142515.52926433674,158248.59391193133,0.0,142.51552926433675,4.232711219150802,0.14251552926433675,0.7875408147147249,0.0,147.67829682746662,142367.85096750926,-15880.742944422062,2021-11-01,2,,142515.52926433674,,743.0916748046875,NIFTY_FMCG,1718283.3231191598,0.0,0.0,
2021-11-16,2021-11-17,NIFTY_METAL,SELL,SAIL,RANK_EXIT,2021-06-22,1,10.0,0.41426200730105245,102.87662506103516,1232.0662210855307,126750.8146769826,136175.62661899664,0.0,126.7508146769826,3.7644991959063834,0.1267508146769826,0.7004250019050059,0.0,131.342489689471,126619.47218729313,-9556.154431703515,2021-11-17,1,10.0,126750.8146769826,,102.87662506103516,NIFTY_METAL,1714538.117597368,126619.47218729313,0.0,
2021-11-17,2021-11-22,NIFTY_METAL,SELL,VEDL,SECTOR_ROTATION,2021-03-23,1,,0.6408807200690111,167.35183715820312,1141.780963893765,191079.14193988554,122714.25302025203,0.0,191.07914193988555,5.6750505156146005,0.19107914193988554,1.0559033383598075,0.0,198.00117493579984,190881.14076494973,68166.8877446977,2021-11-22,1,,191079.14193988554,,167.35183715820312,NIFTY_METAL,1685136.6019257475,0.0,0.0,
2021-11-17,2021-11-22,NIFTY_METAL,SELL,TATASTEEL,SECTOR_ROTATION,2021-03-23,3,,0.4542192385997623,100.46903991699219,1947.8908701660955,195702.72558866208,122714.25302025203,0.0,195.70272558866208,5.812370949983264,0.19570272558866209,1.0814532616029466,0.0,202.79225252583694,195499.93333613625,72785.68031588422,2021-11-22,3,,195702.72558866208,,100.46903991699219,NIFTY_METAL,1685136.6019257475,0.0,0.0,
2021-11-22,2021-11-23,NIFTY_CONSUMER_DURABLES,BUY,RAJESHEXPO,MONTHLY_REPLACEMENT,2021-11-23,2,,0.7688433801134428,711.7999877929688,168.08152702293037,119782.51802036661,119782.51802036661,0.0,119.78251802036661,3.557540785204888,0.1197825180203666,0.6619181945805458,17.96737770305499,142.08913722122742,119640.42888314539,0.0,2021-11-23,2,,119782.51802036661,711.7999877929688,,NIFTY_CONSUMER_DURABLES,1682954.6646340862,0.0,0.07108951381596369,
2021-11-22,2021-11-23,NIFTY_MEDIA,BUY,ZEEL,INITIAL_ENTRY,2021-11-23,1,,0.8333333333333334,287.2840993888482,891.7862366771972,256500.27314418956,256500.27314418956,0.0,256.5002731441896,7.61805811238243,0.25650027314418955,1.4174205093947916,38.47504097162843,304.2672930107394,256196.0058511788,0.0,2021-11-23,1,,256500.27314418956,287.2840993888482,,NIFTY_MEDIA,1682954.6646340862,0.0,0.15222989141355264,
2021-11-22,2021-11-23,NIFTY_MEDIA,BUY,SUNTV,INITIAL_ENTRY,2021-11-23,2,,0.16666666915019354,476.22561957007235,537.971909370327,256500.27314418956,256500.27314418956,0.0,256.5002731441896,7.61805811238243,0.25650027314418955,1.4174205093947916,38.47504097162843,304.2672930107394,256196.0058511788,0.0,2021-11-23,2,,256500.27314418956,476.22561957007235,,NIFTY_MEDIA,1682954.6646340862,0.0,0.15222989141355264,
2021-11-22,2021-11-23,NIFTY_PSU_BANK,BUY,CANBK,INITIAL_ENTRY,2021-11-23,1,,0.7544033539791902,35.5474325199314,4218.959714756514,150151.29913958933,150151.29913958933,0.0,150.15129913958933,4.459493584445803,0.15015129913958933,0.8297360790453706,22.5226948709384,178.1133749731585,149973.18576461618,0.0,2021-11-23,1,,150151.29913958933,35.5474325199314,,NIFTY_PSU_BANK,1682954.6646340862,0.0,0.08911302776966003,
2021-11-22,2021-11-23,NIFTY_PSU_BANK,BUY,SBIN,INITIAL_ENTRY,2021-11-23,2,,0.652884195248286,443.8810960109461,337.86792704710683,150151.29913958933,150151.29913958933,0.0,150.15129913958933,4.459493584445803,0.15015129913958933,0.8297360790453706,22.5226948709384,178.1133749731585,149973.18576461618,0.0,2021-11-23,2,,150151.29913958933,443.8810960109461,,NIFTY_PSU_BANK,1682954.6646340862,0.0,0.08911302776966003,
2021-11-22,2021-11-23,NIFTY_PSU_BANK,BUY,IOB,INITIAL_ENTRY,2021-11-23,3,,0.6306094800432523,19.700000762939453,7612.851774440163,150151.29913958933,150151.29913958933,0.0,150.15129913958933,4.459493584445803,0.15015129913958933,0.8297360790453706,22.5226948709384,178.1133749731585,149973.18576461618,0.0,2021-11-23,3,,150151.29913958933,19.700000762939453,,NIFTY_PSU_BANK,1682954.6646340862,0.0,0.08911302776966003,
2021-11-22,2021-11-23,NIFTY_REALTY,BUY,GODREJPROP,INITIAL_ENTRY,2021-11-23,1,,0.7701546140015125,2119.800048828125,49.858940675286576,105816.50717002533,105816.50717002533,0.0,105.81650717002533,3.1427502629497526,0.10581650717002533,0.5847420186215601,15.872476075503798,125.52229203427045,105690.98487799107,0.0,2021-11-23,1,,105816.50717002533,2119.800048828125,,NIFTY_REALTY,1682954.6646340862,0.0,0.0628008508482139,
2021-11-22,2021-11-23,NIFTY_REALTY,BUY,OBEROIRLTY,INITIAL_ENTRY,2021-11-23,2,,0.4950119865437349,866.7660440506899,121.93715432605259,105816.50717002533,105816.50717002533,0.0,105.81650717002533,3.1427502629497526,0.10581650717002533,0.5847420186215601,15.872476075503798,125.52229203427045,105690.98487799107,0.0,2021-11-23,2,,105816.50717002533,866.7660440506899,,NIFTY_REALTY,1682954.6646340862,0.0,0.0628008508482139,
2021-11-22,2021-11-23,NIFTY_REALTY,BUY,DLF,INITIAL_ENTRY,2021-11-23,3,,0.3375347765783469,388.5427781350626,272.01891484198813,105816.50717002533,105816.50717002533,0.0,105.81650717002533,3.1427502629497526,0.10581650717002533,0.5847420186215601,15.872476075503798,125.52229203427045,105690.98487799107,0.0,2021-11-23,3,,105816.50717002533,388.5427781350626,,NIFTY_REALTY,1682954.6646340862,0.0,0.0628008508482139,
2021-11-23,2021-11-24,NIFTY_MEDIA,SELL,SUNTV,RANK_EXIT,2021-11-23,2,8.0,0.16666666915019354,476.6697692871094,537.971909370327,256434.9459224995,256500.27314418956,0.0,256.4349459224995,7.6161178938982355,0.2564349459224995,1.4170595111677322,0.0,265.72455827348796,256169.22136422602,-331.0517799635418,2021-11-24,2,8.0,256434.9459224995,,476.6697692871094,NIFTY_MEDIA,1749127.0545910252,256169.22136422602,0.0,
2021-11-23,2021-11-24,NIFTY_REALTY,SELL,OBEROIRLTY,RANK_EXIT,2021-11-23,2,7.0,0.4950119865437349,859.2861328125,121.93715432605259,104778.90578699474,105816.50717002533,0.0,104.77890578699474,3.111933501873744,0.10477890578699474,0.5790082333789329,0.0,108.57462642803442,104670.33116056671,-1146.1760094586207,2021-11-24,2,7.0,104778.90578699474,,859.2861328125,NIFTY_REALTY,1749127.0545910252,211215.59077442094,0.0,
2021-11-23,2021-11-24,NIFTY_REALTY,SELL,DLF,RANK_EXIT,2021-11-23,3,6.0,0.3375347765783469,392.0895690917969,272.01891484198813,106655.77910521331,105816.50717002533,0.0,106.65577910521331,3.1676766394248355,0.1066557791052133,0.5893798353354087,0.0,110.51949135907877,106545.25961385423,728.7524438288965,2021-11-24,3,6.0,106655.77910521331,,392.0895690917969,NIFTY_REALTY,1749127.0545910252,211215.59077442094,0.0,
2021-11-25,2021-11-29,NIFTY_CONSUMER_DURABLES,SELL,TITAN,SECTOR_ROTATION,2021-08-24,1,,0.8936985830465953,2294.093994140625,64.67691484112575,148374.92189657124,120351.86174109664,0.0,148.37492189657124,4.406735180328166,0.14837492189657123,0.8199198184004527,0.0,153.7499518171964,148221.17194475405,27869.310203657413,2021-11-29,1,,148374.92189657124,,2294.093994140625,NIFTY_CONSUMER_DURABLES,1690277.3851705524,0.0,0.0,
2021-11-25,2021-11-29,NIFTY_CONSUMER_DURABLES,SELL,RELAXO,SECTOR_ROTATION,2021-08-24,2,,0.5191387049853802,1225.199951171875,101.95852182659112,124919.575963496,120351.86174109664,0.0,124.919575963496,3.710111406115831,0.124919575963496,0.6903055767742788,0.0,129.44491252234963,124790.13105097365,4438.2693098770105,2021-11-29,2,,124919.575963496,,1225.199951171875,NIFTY_CONSUMER_DURABLES,1690277.3851705524,0.0,0.0,
2021-11-25,2021-11-29,NIFTY_CONSUMER_DURABLES,SELL,RAJESHEXPO,SECTOR_ROTATION,2021-11-23,2,,0.7495428125063579,707.3499755859375,168.08152702293037,118892.4640361169,119782.51802036661,0.0,118.8924640361169,3.531106181872672,0.11889246403611689,0.656999756263582,0.0,123.19946243828929,118769.2645736786,-1013.2534466880024,2021-11-29,2,,118892.4640361169,,707.3499755859375,NIFTY_CONSUMER_DURABLES,1690277.3851705524,0.0,0.0,
2021-12-16,2021-12-20,NIFTY_REALTY,SELL,GODREJPROP,SECTOR_ROTATION,2021-11-23,1,,0.4238049654910962,1806.1500244140625,49.858940675286576,90052.72691792814,105816.50717002533,0.0,90.05272691792814,2.674565989462466,0.09005272691792814,0.49763136894847093,0.0,93.31497700325701,89959.41194092488,-15857.09522910045,2021-12-20,1,,90052.72691792814,,1806.1500244140625,NIFTY_REALTY,1661790.7313186857,0.0,0.0,
2021-12-21,2021-12-22,NIFTY_MEDIA,BUY,SUNTV,MONTHLY_REPLACEMENT,2021-12-22,2,,0.16666666915019354,441.48600019220896,579.5548367605052,256169.22136422602,256169.22136422602,0.0,256.169221364226,7.608225874517513,0.256169221364226,1.415591117258713,38.4253832046339,303.8745907820004,255865.346773444,0.0,2021-12-22,2,,256169.22136422602,441.48600019220896,,NIFTY_MEDIA,1682754.8859362274,0.0,0.18519764935846078,
2021-12-21,2021-12-22,NIFTY_OIL_GAS,BUY,ONGC,INITIAL_ENTRY,2021-12-22,1,,0.7286884946127733,105.91595347838721,1231.5293853999406,130593.52252313543,130593.52252313543,0.0,130.59352252313542,3.8786276189371223,0.1305935225231354,0.7216598054628464,19.589028378470314,154.91343184852883,130438.6090912869,0.0,2021-12-22,1,,130593.52252313543,105.91595347838721,,NIFTY_OIL_GAS,1682754.8859362274,0.0,0.0944126435796061,
2021-12-21,2021-12-22,NIFTY_OIL_GAS,BUY,OIL,INITIAL_ENTRY,2021-12-22,2,,0.708366750429074,99.58843507286747,1309.7766723199013,130593.52252313543,130593.52252313543,0.0,130.59352252313542,3.8786276189371223,0.1305935225231354,0.7216598054628464,19.589028378470314,154.91343184852883,130438.6090912869,0.0,2021-12-22,2,,130593.52252313543,99.58843507286747,,NIFTY_OIL_GAS,1682754.8859362274,0.0,0.0944126435796061,
2021-12-21,2021-12-22,NIFTY_OIL_GAS,BUY,HINDPETRO,INITIAL_ENTRY,2021-12-22,3,,0.5729617985586326,162.7923314766225,801.2576999673863,130593.52252313543,130593.52252313543,0.0,130.59352252313542,3.8786276189371223,0.1305935225231354,0.7216598054628464,19.589028378470314,154.91343184852883,130438.6090912869,0.0,2021-12-22,3,,130593.52252313543,162.7923314766225,,NIFTY_OIL_GAS,1682754.8859362274,0.0,0.0944126435796061,
2021-12-23,2021-12-27,NIFTY_PSU_BANK,SELL,CANBK,SECTOR_ROTATION,2021-11-23,1,,0.9002568324406942,33.109893798828125,4218.959714756514,139689.30809712235,150151.29913958933,0.0,139.68930809712236,4.148772450484534,0.13968930809712235,0.7719231165446983,0.0,144.7496929722487,139544.5584041501,-10606.740735439234,2021-12-27,1,,139689.30809712235,,33.109893798828125,NIFTY_PSU_BANK,1650199.8052182673,0.0,0.0,
2021-12-23,2021-12-27,NIFTY_PSU_BANK,SELL,SBIN,SECTOR_ROTATION,2021-11-23,2,,0.6916587861875694,418.9999694824219,337.86792704710683,141566.6511218269,150151.29913958933,0.0,141.5666511218269,4.204529538318259,0.1415666511218269,0.7822973140992154,0.0,146.69504462536622,141419.95607720152,-8731.343062387808,2021-12-27,2,,141566.6511218269,,418.9999694824219,NIFTY_PSU_BANK,1650199.8052182673,0.0,0.0,
2021-12-23,2021-12-27,NIFTY_PSU_BANK,SELL,IOB,SECTOR_ROTATION,2021-11-23,3,,0.423482907935977,20.5,7612.851774440163,156063.46137602336,150151.29913958933,0.0,156.06346137602335,4.635084802867894,0.15606346137602337,0.862406687563905,0.0,161.7170163278312,155901.74435969553,5750.445220106194,2021-12-27,3,,156063.46137602336,,20.5,NIFTY_PSU_BANK,1650199.8052182673,0.0,0.0,
2021-12-27,2021-12-28,NIFTY_MEDIA,SELL,SUNTV,RANK_EXIT,2021-12-22,2,7.0,0.2172463876195252,437.04351806640625,579.5548367605052,253290.68477021297,256169.22136422602,0.0,253.29068477021298,7.522733337675326,0.25329068477021294,1.3996843240401968,0.0,262.4663931166987,253028.2183770963,-3141.00298712973,2021-12-28,2,7.0,253290.68477021297,,437.04351806640625,NIFTY_MEDIA,1666351.215294004,253028.2183770963,0.0,
2022-01-21,2022-01-24,NIFTY_MEDIA,BUY,SUNTV,MONTHLY_REPLACEMENT,2022-01-24,2,,0.16666666915019354,435.97744100611277,579.6815292610065,253028.2183770963,253028.2183770963,0.0,253.0282183770963,7.51493808579976,0.25302821837709627,1.3982339347518342,37.95423275656444,300.14865137258937,252728.0697257237,0.0,2022-01-24,2,,253028.2183770963,435.97744100611277,,NIFTY_MEDIA,1669880.0808951245,0.0,0.15134504125005854,
2022-01-21,2022-01-24,NIFTY_METAL,BUY,NATIONALUM,INITIAL_ENTRY,2022-01-24,1,,0.7279346984190246,87.02488031507042,1411.791231722047,123006.8769260655,123006.8769260655,0.0,123.0068769260655,3.6533042447041453,0.12300687692606549,0.6797360018934379,18.451031538909824,145.91395558849896,122860.96297047699,0.0,2022-01-24,1,,123006.8769260655,87.02488031507042,,NIFTY_METAL,1669880.0808951245,0.0,0.07357472214688522,
2022-01-21,2022-01-24,NIFTY_METAL,BUY,APLAPOLLO,INITIAL_ENTRY,2022-01-24,2,,0.6532190429667633,927.6877270737358,132.43784452988842,123006.8769260655,123006.8769260655,0.0,123.0068769260655,3.6533042447041453,0.12300687692606549,0.6797360018934379,18.451031538909824,145.91395558849896,122860.96297047699,0.0,2022-01-24,2,,123006.8769260655,927.6877270737358,,NIFTY_METAL,1669880.0808951245,0.0,0.07357472214688522,
2022-01-21,2022-01-24,NIFTY_METAL,BUY,HINDALCO,INITIAL_ENTRY,2022-01-24,3,,0.6432916969060898,484.85231780518734,253.3987328897173,123006.8769260655,123006.8769260655,0.0,123.0068769260655,3.6533042447041453,0.12300687692606549,0.6797360018934379,18.451031538909824,145.91395558849896,122860.96297047699,0.0,2022-01-24,3,,123006.8769260655,484.85231780518734,,NIFTY_METAL,1669880.0808951245,0.0,0.07357472214688522,
2022-01-21,2022-01-24,NIFTY_PSU_BANK,BUY,CANBK,INITIAL_ENTRY,2022-01-24,1,,0.8612917084246874,36.49536596812501,3366.481187715272,123006.8769260655,123006.8769260655,0.0,123.0068769260655,3.6533042447041453,0.12300687692606549,0.6797360018934379,18.451031538909824,145.91395558849896,122860.96297047699,0.0,2022-01-24,1,,123006.8769260655,36.49536596812501,,NIFTY_PSU_BANK,1669880.0808951245,0.0,0.07357472214688522,
2022-01-21,2022-01-24,NIFTY_PSU_BANK,BUY,UCOBANK,INITIAL_ENTRY,2022-01-24,4,,0.47757105280955636,12.505648719204915,9824.43739858129,123006.8769260655,123006.8769260655,0.0,123.0068769260655,3.6533042447041453,0.12300687692606549,0.6797360018934379,18.451031538909824,145.91395558849896,122860.96297047699,0.0,2022-01-24,4,,123006.8769260655,12.505648719204915,,NIFTY_PSU_BANK,1669880.0808951245,0.0,0.07357472214688522,
2022-01-21,2022-01-24,NIFTY_PSU_BANK,BUY,UNIONBANK,INITIAL_ENTRY,2022-01-24,5,,0.4743419773876667,36.578625302179695,3358.818489090562,123006.8769260655,123006.8769260655,0.0,123.0068769260655,3.6533042447041453,0.12300687692606549,0.6797360018934379,18.451031538909824,145.91395558849896,122860.96297047699,0.0,2022-01-24,5,,123006.8769260655,36.578625302179695,,NIFTY_PSU_BANK,1669880.0808951245,0.0,0.07357472214688522,
2022-01-24,2022-01-25,NIFTY_MEDIA,SELL,SUNTV,RANK_EXIT,2022-01-24,2,8.0,0.16666666915019354,423.04998779296875,579.6815292610065,245234.26387767826,253028.2183770963,0.0,245.23426387767827,7.283457637167044,0.24523426387767824,1.3551645421880498,0.0,254.11812032091103,244980.14575735736,-8048.07261973893,2022-01-25,2,8.0,245234.26387767826,,423.04998779296875,NIFTY_MEDIA,1674848.4670868227,244980.14575735736,0.0,
2022-02-11,2022-02-14,NIFTY_MEDIA,SELL,ZEEL,RANK_EXIT,2021-11-23,1,7.0,0.37316997225085896,239.65975952148438,891.7862366771972,213725.27502662662,256500.27314418956,0.0,213.72527502662663,6.34764066829081,0.2137252750266266,1.1810458697971387,0.0,221.46768683974122,213503.80733978687,-42996.46580440269,2022-02-14,1,7.0,213725.27502662662,,239.65975952148438,NIFTY_MEDIA,1654570.5364070828,458483.95309714426,0.0,
2022-02-18,2022-02-21,NIFTY_METAL,SELL,APLAPOLLO,RANK_EXIT,2022-01-24,2,10.0,0.3590726650630435,817.9532470703125,132.43784452988842,108327.96496821546,123006.8769260655,0.0,108.32796496821545,3.217340559555999,0.10832796496821545,0.5986203344143586,0.0,112.25225382715402,108215.7127143883,-14791.164211677198,2022-02-21,2,10.0,108327.96496821546,,817.9532470703125,NIFTY_METAL,1645546.8592322809,108215.7127143883,0.0,
2022-02-21,2022-02-22,NIFTY_MEDIA,BUY,ZEEL,INITIAL_ENTRY,2022-02-22,1,,0.625,235.47880202290486,972.3594726519251,229241.97654857213,229241.97654857213,0.0,229.24197654857213,6.808486703492592,0.22924197654857212,1.2667911624074095,34.386296482285815,271.93279287330654,228970.04375569883,0.0,2022-02-22,1,,229241.97654857213,235.47880202290486,,NIFTY_MEDIA,1642259.7872613503,0.0,0.13942376567445014,
2022-02-21,2022-02-22,NIFTY_MEDIA,BUY,SUNTV,INITIAL_ENTRY,2022-02-22,2,,0.3750000024835269,414.58431054484765,552.2882509827394,229241.97654857213,229241.97654857213,0.0,229.24197654857213,6.808486703492592,0.22924197654857212,1.2667911624074095,34.386296482285815,271.93279287330654,228970.04375569883,0.0,2022-02-22,2,,229241.97654857213,414.58431054484765,,NIFTY_MEDIA,1642259.7872613503,0.0,0.13942376567445014,
2022-02-21,2022-02-22,NIFTY_METAL,BUY,VEDL,MONTHLY_REPLACEMENT,2022-02-22,2,,0.688619272162517,183.26821699331342,589.7768101618053,108215.7127143883,108215.7127143883,0.0,108.2157127143883,3.2140066676173324,0.10821571271438829,0.5980000284597097,16.232356907158245,128.36829203033795,108087.34442235796,0.0,2022-02-22,2,,108215.7127143883,183.26821699331342,,NIFTY_METAL,1642259.7872613503,0.0,0.06581622789571287,
2022-02-22,2022-02-23,NIFTY_MEDIA,SELL,SUNTV,RANK_EXIT,2022-02-22,2,8.0,0.3750000024835269,414.2718811035156,552.2882509827394,228797.49264599002,229241.97654857213,0.0,228.79749264599002,6.795285531585903,0.22879749264599,1.2643349443617407,0.0,237.08591061458364,228560.40673537544,-681.5698131966928,2022-02-23,2,8.0,228797.49264599002,,414.2718811035156,NIFTY_MEDIA,1640801.7384976966,228560.40673537544,0.0,
2022-02-24,2022-02-28,NIFTY_MEDIA,SELL,ZEEL,SECTOR_ROTATION,2022-02-22,1,,0.3836465999484062,220.34088134765625,972.3594726519251,214250.54319086744,229241.97654857213,0.0,214.25054319086743,6.363241132768763,0.21425054319086742,1.1839485016727334,0.0,222.0119833684998,214028.53120749895,-15213.44534107318,2022-02-28,1,,214250.54319086744,,220.34088134765625,NIFTY_MEDIA,1635498.5436246104,0.0,0.0,
2022-02-24,2022-02-28,NIFTY_OIL_GAS,SELL,ONGC,SECTOR_ROTATION,2021-12-22,1,,0.8578286940852802,125.14278411865234,1231.5293853999406,154117.01601288136,130593.52252313543,0.0,154.11701601288135,4.577275375582577,0.15411701601288136,0.8516506304871824,0.0,159.700059034964,153957.31595384638,23363.793430710954,2022-02-28,1,,154117.01601288136,,125.14278411865234,NIFTY_OIL_GAS,1635498.5436246104,0.0,0.0,
2022-02-24,2022-02-28,NIFTY_OIL_GAS,SELL,OIL,SECTOR_ROTATION,2021-12-22,2,,0.7864150901635488,123.02706146240234,1309.7766723199013,161137.9751675213,130593.52252313543,0.0,161.13797516752132,4.785797862475383,0.1611379751675213,0.8904484507757228,0.0,166.97535945593995,160970.99980806536,30377.477284929933,2022-02-28,2,,161137.9751675213,,123.02706146240234,NIFTY_OIL_GAS,1635498.5436246104,0.0,0.0,
2022-02-24,2022-02-28,NIFTY_OIL_GAS,SELL,HINDPETRO,SECTOR_ROTATION,2021-12-22,3,,0.4776147815088431,157.12823486328125,801.2576999673863,125900.20806648802,130593.52252313543,0.0,125.90020806648802,3.7392361795746942,0.12590020806648802,0.6957245497754128,0.0,130.4610690039046,125769.74699748411,-4823.775525651319,2022-02-28,3,,125900.20806648802,,157.12823486328125,NIFTY_OIL_GAS,1635498.5436246104,0.0,0.0,
2022-03-03,2022-03-07,NIFTY_PSU_BANK,SELL,CANBK,SECTOR_ROTATION,2022-01-24,1,,0.7493039468924205,33.99857711791992,3366.481187715272,114455.57027656432,123006.8769260655,0.0,114.45557027656433,3.3993304372139606,0.11445557027656432,0.6324814813482944,0.0,118.60183776540315,114336.96843879893,-8669.90848726657,2022-03-07,1,,114455.57027656432,,33.99857711791992,NIFTY_PSU_BANK,1635896.3485637878,0.0,0.0,
2022-03-03,2022-03-07,NIFTY_PSU_BANK,SELL,UCOBANK,SECTOR_ROTATION,2022-01-24,4,,0.4328133786718051,11.105401992797852,9824.43739858129,109104.3266643224,123006.8769260655,0.0,109.10432666432241,3.2403985019303754,0.1091043266643224,0.6029105091470456,0.0,113.05674000206416,108991.26992432034,-14015.607001745157,2022-03-07,4,,109104.3266643224,,11.105401992797852,NIFTY_PSU_BANK,1635896.3485637878,0.0,0.0,
2022-03-03,2022-03-07,NIFTY_PSU_BANK,SELL,UNIONBANK,SECTOR_ROTATION,2022-01-24,5,,0.5090546390662591,31.88045310974121,3358.818489090562,107080.65534558348,123006.8769260655,0.0,107.08065534558348,3.180295463763829,0.10708065534558348,0.5917277014396942,0.0,110.95975916613259,106969.69558641735,-16037.181339648145,2022-03-07,5,,107080.65534558348,,31.88045310974121,NIFTY_PSU_BANK,1635896.3485637878,0.0,0.0,
2022-04-21,2022-04-22,NIFTY_OIL_GAS,BUY,OIL,INITIAL_ENTRY,2022-04-22,1,,0.7821843959391117,131.55258814891206,3071.383507045402,404528.3115506023,404528.3115506023,0.0,404.5283115506023,12.014490853052889,0.4045283115506023,2.2354234496286285,60.67924673259034,479.8620008974248,404048.4495497049,0.0,2022-04-22,1,,404528.3115506023,131.55258814891206,,NIFTY_OIL_GAS,1607930.6420201603,0.0,0.25128475009473633,
2022-04-21,2022-04-22,NIFTY_OIL_GAS,BUY,IOC,INITIAL_ENTRY,2022-04-22,2,,0.7742973851660888,72.21496105170517,5595.079519054374,404528.3115506023,404528.3115506023,0.0,404.5283115506023,12.014490853052889,0.4045283115506023,2.2354234496286285,60.67924673259034,479.8620008974248,404048.4495497049,0.0,2022-04-22,2,,404528.3115506023,72.21496105170517,,NIFTY_OIL_GAS,1607930.6420201603,0.0,0.25128475009473633,
2022-04-21,2022-04-22,NIFTY_OIL_GAS,BUY,ONGC,INITIAL_ENTRY,2022-04-22,3,,0.7656713476171717,135.6589561535324,2978.4133757628356,404528.3115506023,404528.3115506023,0.0,404.5283115506023,12.014490853052889,0.4045283115506023,2.2354234496286285,60.67924673259034,479.8620008974248,404048.4495497049,0.0,2022-04-22,3,,404528.3115506023,135.6589561535324,,NIFTY_OIL_GAS,1607930.6420201603,0.0,0.25128475009473633,
2022-04-25,2022-04-26,NIFTY_METAL,SELL,HINDALCO,RANK_EXIT,2022-01-24,3,10.0,0.4060988314449787,479.5077209472656,253.3987328897173,121506.64889887326,123006.8769260655,0.0,121.50664889887327,3.608747472296536,0.12150664889887325,0.6714457418151736,0.0,125.90834876188386,121380.74055011138,-1626.1363759541127,2022-04-26,3,10.0,121506.64889887326,,479.5077209472656,NIFTY_METAL,1555537.5332308165,121380.74055011138,0.0,
2022-05-06,2022-05-09,NIFTY_METAL,SELL,NATIONALUM,RANK_EXIT,2022-01-24,1,11.0,0.40615497467418515,79.33927154541016,1411.791231722047,112010.48789902456,123006.8769260655,0.0,112.01048789902457,3.3267114906010296,0.11201048789902456,0.6189699561300097,0.0,116.06817983365464,111894.4197191909,-11112.457206874591,2022-05-09,1,11.0,112010.48789902456,,79.33927154541016,NIFTY_METAL,1510364.2603412052,233275.1602693023,0.0,
2022-05-12,2022-05-16,NIFTY_METAL,SELL,VEDL,SECTOR_ROTATION,2022-02-22,2,,0.7781723265846571,170.73765563964844,589.7768101618053,100697.10991765662,108215.7127143883,0.0,100.69710991765662,2.9907041645544017,0.10069710991765661,0.5564522294049704,0.0,104.34496342153365,100592.76495423508,-7622.947760153213,2022-05-16,2,,100697.10991765662,,170.73765563964844,NIFTY_METAL,1432016.8294737292,0.0,0.0,
2022-05-12,2022-05-16,NIFTY_OIL_GAS,SELL,OIL,SECTOR_ROTATION,2022-04-22,1,,0.4286522728701433,122.88912200927734,3071.383507045402,377439.62253458455,404528.3115506023,0.0,377.43962253458454,11.209956789277161,0.3774396225345845,2.085731354126114,0.0,391.1127503005224,377048.50978428405,-27479.80176631827,2022-05-16,1,,377439.62253458455,,122.88912200927734,NIFTY_OIL_GAS,1432016.8294737292,0.0,0.0,
2022-05-12,2022-05-16,NIFTY_OIL_GAS,SELL,IOC,SECTOR_ROTATION,2022-04-22,2,,0.3974214754998684,65.36283874511719,5595.079519054374,365710.2803700589,404528.3115506023,0.0,365.7102803700589,10.861595326990749,0.36571028037005887,2.0209150093249453,0.0,378.9585009867447,365331.32186907216,-39196.98968153016,2022-05-16,2,,365710.2803700589,,65.36283874511719,NIFTY_OIL_GAS,1432016.8294737292,0.0,0.0,
2022-05-12,2022-05-16,NIFTY_OIL_GAS,SELL,ONGC,SECTOR_ROTATION,2022-04-22,3,,0.3805442340672016,119.5730972290039,2978.4133757628356,356138.11216825526,404528.3115506023,0.0,356.13811216825525,10.577301931397182,0.35613811216825525,1.9680192078417784,0.0,369.0395714196625,355769.0725968356,-48759.238953766704,2022-05-16,3,,356138.11216825526,,119.5730972290039,NIFTY_OIL_GAS,1432016.8294737292,0.0,0.0,
2022-05-23,2022-05-24,NIFTY_FMCG,BUY,ITC,INITIAL_ENTRY,2022-05-24,1,,0.9690332412719727,221.7331133082493,2150.2097913085386,477338.9431579097,477338.9431579097,0.0,477.33894315790974,14.176966611789918,0.4773389431579097,2.6377749998906093,71.60084147368646,566.2318651864347,476772.7112927233,0.0,2022-05-24,1,,477338.9431579097,221.7331133082493,,NIFTY_FMCG,1430318.13387817,0.0,0.3333333333333333,
2022-05-23,2022-05-24,NIFTY_FMCG,BUY,COLPAL,INITIAL_ENTRY,2022-05-24,2,,0.7427362725138664,1454.542171216571,327.781978912274,477338.9431579097,477338.9431579097,0.0,477.33894315790974,14.176966611789918,0.4773389431579097,2.6377749998906093,71.60084147368646,566.2318651864347,476772.7112927233,0.0,2022-05-24,2,,477338.9431579097,1454.542171216571,,NIFTY_FMCG,1430318.13387817,0.0,0.3333333333333333,
2022-05-23,2022-05-24,NIFTY_FMCG,BUY,MARICO,INITIAL_ENTRY,2022-05-24,3,,0.6069353657464187,513.6553822618234,928.19568869951,477338.9431579097,477338.9431579097,0.0,477.33894315790974,14.176966611789918,0.4773389431579097,2.6377749998906093,71.60084147368646,566.2318651864347,476772.7112927233,0.0,2022-05-24,3,,477338.9431579097,513.6553822618234,,NIFTY_FMCG,1430318.13387817,0.0,0.3333333333333333,
2022-06-16,2022-06-20,NIFTY_FMCG,SELL,ITC,SECTOR_ROTATION,2022-05-24,1,,0.9689224138855934,218.1364288330078,2150.2097913085386,469039.0851178116,477338.9431579097,0.0,469.0390851178116,13.930460827999006,0.4690390851178116,2.591909984361027,0.0,486.0304950152895,468553.05462279636,-8785.888535113365,2022-06-20,1,,469039.0851178116,,218.1364288330078,NIFTY_FMCG,1344517.4928222972,0.0,0.0,
2022-06-16,2022-06-20,NIFTY_FMCG,SELL,COLPAL,SECTOR_ROTATION,2022-05-24,2,,0.6545466557145119,1359.1767578125,327.781978912274,445513.6473673498,477338.9431579097,0.0,445.51364736734985,13.23175532681029,0.44551364736734983,2.4619084153519752,0.0,461.65282475687945,445051.99454259296,-32286.948615316767,2022-06-20,2,,445513.6473673498,,1359.1767578125,NIFTY_FMCG,1344517.4928222972,0.0,0.0,
2022-06-16,2022-06-20,NIFTY_FMCG,SELL,MARICO,SECTOR_ROTATION,2022-05-24,3,,0.4426678145925204,464.7289733886719,928.19568869951,431359.42951311456,477338.9431579097,0.0,431.35942951311455,12.811375056539502,0.43135942951311457,2.383692207489471,0.0,446.9858562066566,430912.4436569079,-46426.49950100185,2022-06-20,3,,431359.42951311456,,464.7289733886719,NIFTY_FMCG,1344517.4928222972,0.0,0.0,
2022-07-21,2022-07-22,NIFTY_AUTO,BUY,TVSMOTOR,INITIAL_ENTRY,2022-07-22,1,,0.9250262193381786,860.9800446528711,519.9201381244147,448172.49760743236,448172.49760743236,0.0,448.1724976074324,13.31072317894074,0.44817249760743233,2.476601221778671,67.22587464111484,531.6338691468741,447640.8637382855,0.0,2022-07-22,1,,448172.49760743236,860.9800446528711,,NIFTY_AUTO,1342922.5912148566,0.0,0.3333333333333333,
2022-07-21,2022-07-22,NIFTY_AUTO,BUY,M&M,INITIAL_ENTRY,2022-07-22,2,,0.7541211384038131,1137.909719230007,393.38873389814444,448172.49760743236,448172.49760743236,0.0,448.1724976074324,13.31072317894074,0.44817249760743233,2.476601221778671,67.22587464111484,531.6338691468741,447640.8637382855,0.0,2022-07-22,2,,448172.49760743236,1137.909719230007,,NIFTY_AUTO,1342922.5912148566,0.0,0.3333333333333333,
2022-07-21,2022-07-22,NIFTY_AUTO,BUY,BAJAJ-AUTO,INITIAL_ENTRY,2022-07-22,3,,0.5712539951006572,3762.870960073298,118.96258694174455,448172.49760743236,448172.49760743236,0.0,448.1724976074324,13.31072317894074,0.44817249760743233,2.476601221778671,67.22587464111484,531.6338691468741,447640.8637382855,0.0,2022-07-22,3,,448172.49760743236,3762.870960073298,,NIFTY_AUTO,1342922.5912148566,0.0,0.3333333333333333,
2022-09-07,2022-09-08,NIFTY_AUTO,SELL,BAJAJ-AUTO,RANK_EXIT,2022-07-22,3,9.0,0.2999141874412696,3560.703369140625,118.96258694174455,423590.4841251543,448172.49760743236,0.0,423.5904841251543,12.580637378517084,0.4235904841251543,2.340761015275603,0.0,438.93547300307216,423151.54865215125,-25020.948955281114,2022-09-08,3,9.0,423590.4841251543,,3560.703369140625,NIFTY_AUTO,1458948.7465325436,423151.54865215125,0.0,
2022-09-21,2022-09-22,NIFTY_AUTO,BUY,EICHERMOT,MONTHLY_REPLACEMENT,2022-09-22,3,,0.616716475536426,3553.8570981994,118.92700905090973,423151.54865215125,423151.54865215125,0.0,423.15154865215123,12.567600994968892,0.4231515486521512,2.338335457851788,63.47273229782268,501.9533689514467,422649.5952831998,0.0,2022-09-22,3,,423151.54865215125,3553.8570981994,,NIFTY_AUTO,1465156.3400287598,0.0,0.28846723297453947,
2022-12-20,2022-12-21,NIFTY_AUTO,SELL,EICHERMOT,RANK_EXIT,2022-09-22,3,9.0,0.3477483118573825,3161.049560546875,118.92700905090973,375934.16969753243,423151.54865215125,0.0,375.9341696975324,11.165244840016713,0.3759341696975324,2.077412221748564,0.0,389.5527609289952,375544.61693660344,-47606.931715547806,2022-12-21,3,9.0,375934.16969753243,,3161.049560546875,NIFTY_AUTO,1384166.2873468783,375544.61693660344,0.0,
2022-12-21,2022-12-22,NIFTY_AUTO,BUY,APOLLOTYRE,MONTHLY_REPLACEMENT,2022-12-22,1,,0.7986231644948324,306.59618614198945,1223.4305353495786,375544.61693660344,375544.61693660344,0.0,375.54461693660346,11.153675123017122,0.3755446169366034,2.07525955319167,56.331692540490515,445.48078877023937,375099.1361478332,0.0,2022-12-22,1,,375544.61693660344,306.59618614198945,,NIFTY_AUTO,1374616.8291952568,0.0,0.2728754138470921,
2022-12-22,2022-12-27,NIFTY_AUTO,SELL,TVSMOTOR,SECTOR_ROTATION,2022-07-22,1,,0.5815106133619945,1026.9693603515625,519.9201381244147,533942.0516835263,448172.49760743236,0.0,533.9420516835263,15.85807893500073,0.5339420516835263,2.9505637776031657,0.0,553.2846364478138,533388.7670470785,85216.2694396461,2022-12-27,1,,533942.0516835263,,1026.9693603515625,NIFTY_AUTO,1381120.9084979866,0.0,0.0,
2022-12-22,2022-12-27,NIFTY_AUTO,SELL,M&M,SECTOR_ROTATION,2022-07-22,2,,0.5178783026834329,1190.2247314453125,393.38873389814444,468221.0001575305,448172.49760743236,0.0,468.2210001575305,13.906163704678656,0.46822100015753043,2.5873892468705137,0.0,485.1827741092372,467735.81738342124,19563.31977598887,2022-12-27,2,,468221.0001575305,,1190.2247314453125,NIFTY_AUTO,1381120.9084979866,0.0,0.0,
2022-12-22,2022-12-27,NIFTY_AUTO,SELL,APOLLOTYRE,SECTOR_ROTATION,2022-12-22,1,,0.8056691537300746,310.92120361328125,1223.4305353495786,380390.494588132,375544.61693660344,0.0,380.390494588132,11.297597689267521,0.380390494588132,2.1020378730940177,0.0,394.1705206450817,379996.3240674869,4451.707130883471,2022-12-27,1,,380390.494588132,,310.92120361328125,NIFTY_AUTO,1381120.9084979866,0.0,0.0,
2023-01-23,2023-01-24,NIFTY_HEALTHCARE,BUY,ZYDUSLIFE,INITIAL_ENTRY,2023-01-24,1,,0.8823711611330509,432.85710163442536,1062.307923914839,460373.63616599556,460373.63616599556,0.0,460.37363616599555,13.673096994130068,0.4603736361659955,2.5440247134532914,69.05604542489932,546.1071769346441,459827.5289890609,0.0,2023-01-24,1,,460373.63616599556,432.85710163442536,,NIFTY_HEALTHCARE,1379482.5869671828,0.0,0.3333333333333333,
2023-01-23,2023-01-24,NIFTY_HEALTHCARE,BUY,ABBOTINDIA,INITIAL_ENTRY,2023-01-24,2,,0.8760243778427442,20876.260341315527,22.026336205389775,460373.63616599556,460373.63616599556,0.0,460.37363616599555,13.673096994130068,0.4603736361659955,2.5440247134532914,69.05604542489932,546.1071769346441,459827.5289890609,0.0,2023-01-24,2,,460373.63616599556,20876.260341315527,,NIFTY_HEALTHCARE,1379482.5869671828,0.0,0.3333333333333333,
2023-01-23,2023-01-24,NIFTY_HEALTHCARE,BUY,SUNPHARMA,INITIAL_ENTRY,2023-01-24,3,,0.8360808218518894,1013.2460576108093,453.81625276027665,460373.63616599556,460373.63616599556,0.0,460.37363616599555,13.673096994130068,0.4603736361659955,2.5440247134532914,69.05604542489932,546.1071769346441,459827.5289890609,0.0,2023-01-24,3,,460373.63616599556,1013.2460576108093,,NIFTY_HEALTHCARE,1379482.5869671828,0.0,0.3333333333333333,
2023-01-25,2023-01-30,NIFTY_HEALTHCARE,SELL,ZYDUSLIFE,SECTOR_ROTATION,2023-01-24,1,,0.8677561084429424,418.1517028808594,1062.307923914839,444205.8673688203,460373.63616599556,0.0,444.2058673688203,13.192914260853962,0.4442058673688203,2.4546816230801007,0.0,460.29766912012315,443745.56969970017,-16628.066466295393,2023-01-30,1,,444205.8673688203,,418.1517028808594,NIFTY_HEALTHCARE,1346606.9598058,0.0,0.0,
2023-01-25,2023-01-30,NIFTY_HEALTHCARE,SELL,ABBOTINDIA,SECTOR_ROTATION,2023-01-24,2,,0.886198269824187,20122.54296875,22.026336205389775,443225.89673708956,460373.63616599556,0.0,443.22589673708956,13.16380913309156,0.4432258967370895,2.449266305369157,0.0,459.2821980722874,442766.61453901726,-17607.021626978298,2023-01-30,2,,443225.89673708956,,20122.54296875,NIFTY_HEALTHCARE,1346606.9598058,0.0,0.0,
2023-01-25,2023-01-30,NIFTY_HEALTHCARE,SELL,SUNPHARMA,SECTOR_ROTATION,2023-01-24,3,,0.8699857195218405,1014.8865966796875,453.81625276027665,460572.032281806,460373.63616599556,0.0,460.572032281806,13.678989358769638,0.460572032281806,2.54512105038926,0.0,477.25671472324666,460094.77556708275,-278.86059891281184,2023-01-30,3,,460572.032281806,,1014.8865966796875,NIFTY_HEALTHCARE,1346606.9598058,0.0,0.0,
2023-02-21,2023-02-22,NIFTY_AUTO,BUY,APOLLOTYRE,INITIAL_ENTRY,2023-02-22,1,,0.7894149422645569,316.06314566399965,945.6686797982451,299245.99106795556,299245.99106795556,0.0,299.2459910679556,8.88760593471828,0.2992459910679556,1.6536333466415225,44.88689866019333,354.97337500057665,298891.017692955,0.0,2023-02-22,1,,299245.99106795556,316.06314566399965,,NIFTY_AUTO,1345009.5796182975,0.0,0.2222222222222222,
2023-02-21,2023-02-22,NIFTY_AUTO,BUY,TVSMOTOR,INITIAL_ENTRY,2023-02-22,2,,0.6737982699026664,1107.1126357392675,269.97344989507087,299245.99106795556,299245.99106795556,0.0,299.2459910679556,8.88760593471828,0.2992459910679556,1.6536333466415225,44.88689866019333,354.97337500057665,298891.017692955,0.0,2023-02-22,2,,299245.99106795556,1107.1126357392675,,NIFTY_AUTO,1345009.5796182975,0.0,0.2222222222222222,
2023-02-21,2023-02-22,NIFTY_AUTO,BUY,M&M,INITIAL_ENTRY,2023-02-22,3,,0.593303982168436,1298.8565182203167,230.11858007418184,299245.99106795556,299245.99106795556,0.0,299.2459910679556,8.88760593471828,0.2992459910679556,1.6536333466415225,44.88689866019333,354.97337500057665,298891.017692955,0.0,2023-02-22,3,,299245.99106795556,1298.8565182203167,,NIFTY_AUTO,1345009.5796182975,0.0,0.2222222222222222,
2023-02-21,2023-02-22,NIFTY_IT,BUY,TCS,INITIAL_ENTRY,2023-02-22,1,,0.8113730823000272,3098.6127301158713,48.22981181029649,149622.99553397778,149622.99553397778,0.0,149.6229955339778,4.44380296735914,0.1496229955339778,0.8268166733207613,22.443449330096666,177.48668750028833,149445.5088464775,0.0,2023-02-22,1,,149622.99553397778,3098.6127301158713,,NIFTY_IT,1345009.5796182975,0.0,0.1111111111111111,
2023-02-21,2023-02-22,NIFTY_IT,BUY,HCLTECH,INITIAL_ENTRY,2023-02-22,2,,0.7462847294906776,957.9245943195407,156.00967939719277,149622.99553397778,149622.99553397778,0.0,149.6229955339778,4.44380296735914,0.1496229955339778,0.8268166733207613,22.443449330096666,177.48668750028833,149445.5088464775,0.0,2023-02-22,2,,149622.99553397778,957.9245943195407,,NIFTY_IT,1345009.5796182975,0.0,0.1111111111111111,
2023-02-21,2023-02-22,NIFTY_IT,BUY,TECHM,INITIAL_ENTRY,2023-02-22,3,,0.6943543752034506,995.9214378770847,150.05752779560294,149622.99553397778,149622.99553397778,0.0,149.6229955339778,4.44380296735914,0.1496229955339778,0.8268166733207613,22.443449330096666,177.48668750028833,149445.5088464775,0.0,2023-02-22,3,,149622.99553397778,995.9214378770847,,NIFTY_IT,1345009.5796182975,0.0,0.1111111111111111,
2023-03-09,2023-03-10,NIFTY_AUTO,SELL,M&M,RANK_EXIT,2023-02-22,3,9.0,0.445691030472517,1182.9439697265625,230.11858007418184,272217.3866207925,299245.99106795556,0.0,272.2173866207925,8.084856382637538,0.2722173866207925,1.5042732784664994,0.0,282.0787336685174,271935.30788712396,-27310.683180831606,2023-03-10,3,9.0,272217.3866207925,,1182.9439697265625,NIFTY_AUTO,1281124.2705696472,271935.30788712396,0.0,
2023-03-16,2023-03-20,NIFTY_AUTO,SELL,APOLLOTYRE,SECTOR_ROTATION,2023-02-22,1,,0.7350208998347323,299.33978271484375,945.6686797982451,283076.2571310398,299245.99106795556,0.0,283.0762571310398,8.407364836791881,0.2830762571310398,1.5642793969061257,0.0,293.33097762186884,282782.9261534179,-16463.064914537652,2023-03-20,1,,283076.2571310398,,299.33978271484375,NIFTY_AUTO,1266589.4177493,832438.8734271645,0.0,
2023-03-16,2023-03-20,NIFTY_AUTO,SELL,TVSMOTOR,SECTOR_ROTATION,2023-02-22,2,,0.5802422886093458,1029.76318359375,269.97344989507087,278008.71924973594,299245.99106795556,0.0,278.0087192497359,8.256858961717157,0.2780087192497359,1.5362761825740405,0.0,288.0798631132769,277720.63938662264,-21525.35168133292,2023-03-20,2,,278008.71924973594,,1029.76318359375,NIFTY_AUTO,1266589.4177493,832438.8734271645,0.0,
2023-03-23,2023-03-27,NIFTY_IT,SELL,TCS,SECTOR_ROTATION,2023-02-22,1,,0.6498115261395773,2833.072021484375,48.22981181029649,136638.53044120767,149622.99553397778,0.0,136.63853044120768,4.058164354103868,0.13663853044120766,0.7550645192181136,0.0,141.58839784497087,136496.9420433627,-13126.053490615071,2023-03-27,1,,136638.53044120767,,2833.072021484375,NIFTY_IT,1259058.2755522914,0.0,0.0,
2023-03-23,2023-03-27,NIFTY_IT,SELL,HCLTECH,SECTOR_ROTATION,2023-02-22,2,,0.8962453156709671,919.8698120117188,156.00967939719277,143508.59445910424,149622.99553397778,0.0,143.50859445910424,4.262205255435396,0.14350859445910422,0.79302849298101,0.0,148.70733680197975,143359.88712230226,-6263.108411675523,2023-03-27,2,,143508.59445910424,,919.8698120117188,NIFTY_IT,1259058.2755522914,0.0,0.0,
2023-03-23,2023-03-27,NIFTY_IT,SELL,TECHM,SECTOR_ROTATION,2023-02-22,3,,0.7850817932436864,979.0565795898438,150.05752779560294,146914.80990527093,149622.99553397778,0.0,146.91480990527094,4.363369854186547,0.14691480990527092,0.8118512395365272,0.0,152.2369458088993,146762.57295946204,-2860.4225745157455,2023-03-27,3,,146914.80990527093,,979.0565795898438,NIFTY_IT,1259058.2755522914,0.0,0.0,
2023-04-21,2023-04-24,NIFTY_PHARMA,BUY,AUROPHARMA,INITIAL_ENTRY,2023-04-24,2,,0.6681038439273834,585.2481488984184,716.2572834887011,419686.0918507638,419686.0918507638,0.0,419.68609185076383,12.464676927967686,0.41968609185076383,2.319185343567321,62.95291377761457,497.84255399176413,419188.24929677206,0.0,2023-04-24,2,,419686.0918507638,585.2481488984184,,NIFTY_PHARMA,1257564.7478903162,0.0,0.3333333333333333,
2023-04-21,2023-04-24,NIFTY_PHARMA,BUY,DRREDDY,INITIAL_ENTRY,2023-04-24,3,,0.6664491444826126,951.5614324476867,440.5267332225736,419686.0918507638,419686.0918507638,0.0,419.68609185076383,12.464676927967686,0.41968609185076383,2.319185343567321,62.95291377761457,497.84255399176413,419188.24929677206,0.0,2023-04-24,3,,419686.0918507638,951.5614324476867,,NIFTY_PHARMA,1257564.7478903162,0.0,0.3333333333333333,
2023-04-21,2023-04-24,NIFTY_PHARMA,BUY,SUNPHARMA,INITIAL_ENTRY,2023-04-24,4,,0.5527341241637866,947.9357538531967,442.21166634220043,419686.0918507638,419686.0918507638,0.0,419.68609185076383,12.464676927967686,0.41968609185076383,2.319185343567321,62.95291377761457,497.84255399176413,419188.24929677206,0.0,2023-04-24,4,,419686.0918507638,947.9357538531967,,NIFTY_PHARMA,1257564.7478903162,0.0,0.3333333333333333,
2023-05-18,2023-05-22,NIFTY_PHARMA,SELL,AUROPHARMA,SECTOR_ROTATION,2023-04-24,2,,0.5259421623001497,597.8447875976562,716.2572834887011,428210.68351257674,419686.0918507638,0.0,428.21068351257674,12.71785730032353,0.42821068351257674,2.366292237090499,0.0,443.72304373350335,427766.96046884323,8080.868618079403,2023-05-22,2,,428210.68351257674,,597.8447875976562,NIFTY_PHARMA,1214954.2827373594,0.0,0.0,
2023-05-18,2023-05-22,NIFTY_PHARMA,SELL,DRREDDY,SECTOR_ROTATION,2023-04-24,3,,0.3412052647521099,873.8623657226562,440.5267332225736,384959.7332579517,419686.0918507638,0.0,384.9597332579517,11.433304077761164,0.3849597332579517,2.127287485983441,0.0,398.9052845549543,384560.82797339675,-35125.26387736708,2023-05-22,3,,384959.7332579517,,873.8623657226562,NIFTY_PHARMA,1214954.2827373594,0.0,0.0,
2023-05-18,2023-05-22,NIFTY_PHARMA,SELL,SUNPHARMA,SECTOR_ROTATION,2023-04-24,4,,0.32580274312446517,911.4281005859375,442.21166634220043,403044.1391112141,419686.0918507638,0.0,403.04413911121406,11.970410931603059,0.40304413911121406,2.2272219127285693,0.0,417.6448160946569,402626.4942951194,-17059.597555644403,2023-05-22,4,,403044.1391112141,,911.4281005859375,NIFTY_PHARMA,1214954.2827373594,0.0,0.0,
2023-05-22,2023-05-23,NIFTY_BANK,BUY,IDFCFIRSTB,INITIAL_ENTRY,2023-05-23,1,,0.8992803531388442,66.28304728976889,6102.681967699638,404984.7609124531,404984.7609124531,0.0,404.9847609124531,12.028047399099858,0.4049847609124531,2.237945788802216,60.74771413686796,480.4034529981356,404504.357459455,0.0,2023-05-23,1,,404984.7609124531,66.28304728976889,,NIFTY_BANK,1213513.0723783649,0.0,0.33333333333333337,
2023-05-22,2023-05-23,NIFTY_BANK,BUY,BANKBARODA,INITIAL_ENTRY,2023-05-23,2,,0.6765902321785688,160.33340651253098,2522.8950488733026,404984.7609124531,404984.7609124531,0.0,404.9847609124531,12.028047399099858,0.4049847609124531,2.237945788802216,60.74771413686796,480.4034529981356,404504.357459455,0.0,2023-05-23,2,,404984.7609124531,160.33340651253098,,NIFTY_BANK,1213513.0723783649,0.0,0.33333333333333337,
2023-05-22,2023-05-23,NIFTY_BANK,BUY,PNB,INITIAL_ENTRY,2023-05-23,3,,0.6700651890908679,46.76399066650604,8649.911004048992,404984.7609124531,404984.7609124531,0.0,404.9847609124531,12.028047399099858,0.4049847609124531,2.237945788802216,60.74771413686796,480.4034529981356,404504.357459455,0.0,2023-05-23,3,,404984.7609124531,46.76399066650604,,NIFTY_BANK,1213513.0723783649,0.0,0.33333333333333337,
2023-06-15,2023-06-16,NIFTY_BANK,SELL,PNB,RANK_EXIT,2023-05-23,3,9.0,0.36817701843877637,47.501155853271484,8649.911004048992,410880.7707202592,404984.7609124531,0.0,410.88077072025925,12.203158890391698,0.4108807707202592,2.2705271390001522,0.0,425.76533752037136,410455.00538273883,5470.244470285717,2023-06-16,3,9.0,410880.7707202592,,47.501155853271484,NIFTY_BANK,1327209.349889951,410455.00538273883,0.0,
2023-06-21,2023-06-22,NIFTY_BANK,BUY,AXISBANK,MONTHLY_REPLACEMENT,2023-06-22,3,,0.4741681863864263,959.6577434905124,427.20242270162726,410455.00538273883,410455.00538273883,0.0,410.4550053827388,12.190513659867344,0.4104550053827388,2.268174359745015,61.56825080741082,486.89239921514474,409968.1129835237,0.0,2023-06-22,3,,410455.00538273883,959.6577434905124,,NIFTY_BANK,1313388.238214354,0.0,0.3121454121904616,
2023-10-26,2023-10-30,NIFTY_BANK,SELL,IDFCFIRSTB,SECTOR_ROTATION,2023-05-23,1,,0.8256325498223305,82.9285659790039,6102.681967699638,506086.66420725686,404984.7609124531,0.0,506.0866642072569,15.03077392695553,0.5060866642072568,2.7966349064093015,0.0,524.420159704829,505562.24404755206,100577.48313509894,2023-10-30,1,,506086.66420725686,,82.9285659790039,NIFTY_BANK,1382188.6020896463,0.0,0.0,
2023-10-26,2023-10-30,NIFTY_BANK,SELL,BANKBARODA,SECTOR_ROTATION,2023-05-23,2,,0.3461333860953649,180.59945678710938,2522.8950488733026,455633.4753574062,404984.7609124531,0.0,455.6334753574062,13.532314218114964,0.45563347535740617,2.517830584825026,0.0,472.1392536357036,455161.3361037705,50176.57519131736,2023-10-30,2,,455633.4753574062,,180.59945678710938,NIFTY_BANK,1382188.6020896463,0.0,0.0,
2023-10-26,2023-10-30,NIFTY_BANK,SELL,AXISBANK,SECTOR_ROTATION,2023-06-22,3,,0.45141372829675674,987.5932006835938,427.20242270162726,421902.2079756856,410455.00538273883,0.0,421.9022079756856,12.530495576877863,0.42190220797568556,2.3314316012736387,0.0,437.1860373618128,421465.0219383238,11010.016555584967,2023-10-30,3,,421902.2079756856,,987.5932006835938,NIFTY_BANK,1382188.6020896463,0.0,0.0,
2023-11-21,2023-11-22,NIFTY_REALTY,BUY,PRESTIGE,INITIAL_ENTRY,2023-11-22,1,,0.8333333333333334,900.5987213818947,510.97452589265833,460729.5340298821,460729.5340298821,0.0,460.72953402988213,13.683667160687499,0.4607295340298821,2.5459914050491284,69.10943010448231,546.5293522341309,460183.00467764796,0.0,2023-11-22,1,,460729.5340298821,900.5987213818947,,NIFTY_REALTY,1380549.0140329439,0.0,0.3333333333333333,
2023-11-21,2023-11-22,NIFTY_REALTY,BUY,DLF,INITIAL_ENTRY,2023-11-22,2,,0.3117660619318485,625.6717645837244,735.5022724795957,460729.5340298821,460729.5340298821,0.0,460.72953402988213,13.683667160687499,0.4607295340298821,2.5459914050491284,69.10943010448231,546.5293522341309,460183.00467764796,0.0,2023-11-22,2,,460729.5340298821,625.6717645837244,,NIFTY_REALTY,1380549.0140329439,0.0,0.3333333333333333,
2023-11-21,2023-11-22,NIFTY_REALTY,BUY,OBEROIRLTY,INITIAL_ENTRY,2023-11-22,3,,0.3108810695509116,1380.057706685048,333.45200164348586,460729.5340298821,460729.5340298821,0.0,460.72953402988213,13.683667160687499,0.4607295340298821,2.5459914050491284,69.10943010448231,546.5293522341309,460183.00467764796,0.0,2023-11-22,3,,460729.5340298821,1380.057706685048,,NIFTY_REALTY,1380549.0140329439,0.0,0.3333333333333333,
2023-11-30,2023-12-01,NIFTY_REALTY,SELL,DLF,RANK_EXIT,2023-11-22,2,6.0,0.41971680397788685,621.131103515625,735.5022724795957,456843.3381435012,460729.5340298821,0.0,456.8433381435012,13.568247142861985,0.4568433381435012,2.5245162865809876,0.0,473.39294491108774,456369.9451985901,-4359.588831292,2023-12-01,2,6.0,456843.3381435012,,621.131103515625,NIFTY_REALTY,1451254.385995328,456369.9451985901,0.0,
2023-12-01,2023-12-04,NIFTY_REALTY,SELL,OBEROIRLTY,RANK_EXIT,2023-11-22,3,6.0,0.33756865498920285,1420.0799560546875,333.45200164348586,473528.503840229,460729.5340298821,0.0,473.528503840229,14.063796564054801,0.473528503840229,2.616718512221105,0.0,490.68254742034514,473037.8212928087,12308.287262926577,2023-12-04,3,6.0,473528.503840229,,1420.0799560546875,NIFTY_REALTY,1492794.2319311674,929407.7664913988,0.0,
2023-12-21,2023-12-22,NIFTY_REALTY,BUY,DLF,MONTHLY_REPLACEMENT,2023-12-22,2,,0.40032948056856793,687.0198563101416,675.60294677649,464703.8832456994,464703.8832456994,0.0,464.7038832456994,13.801705332397272,0.4647038832456994,2.5679536588157346,69.70558248685491,551.243828607013,464152.6394170924,0.0,2023-12-22,2,,464703.8832456994,687.0198563101416,,NIFTY_REALTY,1496790.6363141905,0.0,0.3100985723427938,
2023-12-21,2023-12-22,NIFTY_REALTY,BUY,BRIGADE,MONTHLY_REPLACEMENT,2023-12-22,3,,0.36311326548457146,657.2735268711126,706.1788136008556,464703.8832456994,464703.8832456994,0.0,464.7038832456994,13.801705332397272,0.4647038832456994,2.5679536588157346,69.70558248685491,551.243828607013,464152.6394170924,0.0,2023-12-22,3,,464703.8832456994,657.2735268711126,,NIFTY_REALTY,1496790.6363141905,0.0,0.3100985723427938,
2024-03-06,2024-03-07,NIFTY_REALTY,SELL,BRIGADE,RANK_EXIT,2023-12-22,3,6.0,0.3448288328945637,683.265625,706.1788136008556,482507.70843674714,464703.8832456994,0.0,482.5077084367471,14.33047894057139,0.4825077084367471,2.6663375968214647,0.0,499.9870326825767,482007.72140406456,17303.838158365164,2024-03-07,3,6.0,482507.70843674714,,683.265625,NIFTY_REALTY,1698009.0227809022,482007.72140406456,0.0,
2024-03-14,2024-03-18,NIFTY_REALTY,SELL,PRESTIGE,SECTOR_ROTATION,2023-11-22,1,,0.47985237557440996,1003.0325317382812,510.97452589265833,512524.072359881,460729.5340298821,0.0,512.5240723598811,15.221964949088466,0.512524072359881,2.8322080238607024,0.0,531.0907694051901,511992.9815904758,51263.44756059372,2024-03-18,1,,512524.072359881,,1003.0325317382812,NIFTY_REALTY,1551106.2463937257,0.0,0.0,
2024-03-14,2024-03-18,NIFTY_REALTY,SELL,DLF,SECTOR_ROTATION,2023-12-22,2,,0.6190447633465131,825.4603271484375,675.60294677649,557683.4294685698,464703.8832456994,0.0,557.6834294685698,16.563197855216522,0.5576834294685697,3.081758631243316,0.0,577.8860693844983,557105.5433991853,92401.6601534859,2024-03-18,2,,557683.4294685698,,825.4603271484375,NIFTY_REALTY,1551106.2463937257,0.0,0.0,
2024-03-21,2024-03-22,NIFTY_PHARMA,BUY,CIPLA,INITIAL_ENTRY,2024-03-22,3,,0.6027536342541377,1412.305726117484,365.6588549219486,517035.4154645752,517035.4154645752,0.0,517.0354154645753,15.355951839297884,0.5170354154645752,2.8571377058572422,77.55531231968628,613.3208527448812,516422.09461183037,0.0,2024-03-22,3,,517035.4154645752,1412.305726117484,,NIFTY_PHARMA,1549266.2838354912,0.0,0.3333333333333333,
2024-03-21,2024-03-22,NIFTY_PHARMA,BUY,GLENMARK,INITIAL_ENTRY,2024-03-22,4,,0.47067026297251385,940.0444518891012,549.359228251425,517035.4154645752,517035.4154645752,0.0,517.0354154645753,15.355951839297884,0.5170354154645752,2.8571377058572422,77.55531231968628,613.3208527448812,516422.09461183037,0.0,2024-03-22,4,,517035.4154645752,940.0444518891012,,NIFTY_PHARMA,1549266.2838354912,0.0,0.3333333333333333,
2024-03-21,2024-03-22,NIFTY_PHARMA,BUY,DRREDDY,INITIAL_ENTRY,2024-03-22,5,,0.45103849843144417,1210.9040905839054,426.47646384843614,517035.4154645752,517035.4154645752,0.0,517.0354154645753,15.355951839297884,0.5170354154645752,2.8571377058572422,77.55531231968628,613.3208527448812,516422.09461183037,0.0,2024-03-22,5,,517035.4154645752,1210.9040905839054,,NIFTY_PHARMA,1549266.2838354912,0.0,0.3333333333333333,
2024-03-27,2024-03-28,NIFTY_PHARMA,SELL,DRREDDY,RANK_EXIT,2024-03-22,5,6.0,0.4513351122538249,1216.61376953125,426.47646384843614,518857.13829900377,517035.4154645752,0.0,518.8571382990037,15.410057007480413,0.5188571382990037,2.867204546240295,0.0,537.6532569910235,518319.48504201276,1284.0695774375345,2024-03-28,5,6.0,518857.13829900377,,1216.61376953125,NIFTY_PHARMA,1574855.917859964,518319.48504201276,0.0,
2024-04-22,2024-04-23,NIFTY_PHARMA,BUY,SUNPHARMA,MONTHLY_REPLACEMENT,2024-04-23,2,,0.8803533390164375,1532.7004588705727,337.7728753170983,518319.48504201276,518319.48504201276,0.0,518.3194850420127,15.394088705747778,0.5183194850420128,2.864233474342162,77.7479227563019,614.8440494634466,517704.6409925493,0.0,2024-04-23,2,,518319.48504201276,1532.7004588705727,,NIFTY_PHARMA,1562456.5165429788,0.0,0.3313401912380892,
2024-04-29,2024-04-30,NIFTY_PHARMA,SELL,CIPLA,RANK_EXIT,2024-03-22,3,6.0,0.4010545462369919,1360.7900390625,365.6588549219486,497584.92747278744,517035.4154645752,0.0,497.58492747278746,14.778272345941787,0.49758492747278743,2.7496543092146233,0.0,515.6104390554167,497069.317033732,-19966.09843084321,2024-04-30,3,6.0,497584.92747278744,,1360.7900390625,NIFTY_PHARMA,1573453.6941391178,497069.317033732,0.0,
2024-05-21,2024-05-22,NIFTY_PHARMA,BUY,BIOCON,MONTHLY_REPLACEMENT,2024-05-22,5,,0.49870140850543976,309.28605092545706,1605.2443328772172,497069.317033732,497069.317033732,0.0,497.06931703373203,14.76295871590184,0.49706931703373197,2.746805045928403,74.5603975550598,589.6365476676559,496479.68048606435,0.0,2024-05-22,5,,497069.317033732,309.28605092545706,,NIFTY_PHARMA,1567764.2298271817,0.0,0.3166800664541201,
2024-05-28,2024-05-29,NIFTY_PHARMA,SELL,SUNPHARMA,RANK_EXIT,2024-04-23,2,6.0,0.5180613013605277,1451.2081298828125,337.7728753170983,490178.7427140666,518319.48504201276,0.0,490.1787427140666,14.558308658607778,0.4901787427140666,2.708727732237932,0.0,507.93595784762636,489670.80675621895,-28648.67828579381,2024-05-29,2,6.0,490178.7427140666,,1451.2081298828125,NIFTY_PHARMA,1653048.743201172,489670.80675621895,0.0,
2024-05-30,2024-05-31,NIFTY_PHARMA,SELL,BIOCON,RANK_EXIT,2024-05-22,5,6.0,0.513374408086141,308.0409240722656,1605.2443328772172,494480.94766126556,497069.317033732,0.0,494.4809476612656,14.686084145539587,0.49448094766126555,2.7325017167761536,0.0,512.3940144712426,493968.5536467943,-3100.7633869377314,2024-05-31,5,6.0,494480.94766126556,,308.0409240722656,NIFTY_PHARMA,1618619.1616252495,983639.3604030132,0.0,
2024-06-21,2024-06-24,NIFTY_PHARMA,SELL,GLENMARK,DUPLICATE_EXIT,2024-03-22,4,1.0,0.9259168927868208,1215.124755859375,549.359228251425,667539.9981081074,517035.4154645752,0.0,667.5399981081074,19.82593794381079,0.6675399981081074,3.6888260295454014,0.0,691.7223020795717,666848.2758060278,149812.8603414526,2024-06-24,4,1.0,667539.9981081074,,1215.124755859375,NIFTY_PHARMA,1648529.784862291,0.0,0.0,
2024-06-21,2024-06-24,NIFTY_PHARMA,BUY,BIOCON,INITIAL_ENTRY,2024-06-24,2,,0.5707181369264921,344.04959238501516,1597.1823261818922,550162.5454030136,550162.5454030136,0.0,550.1625454030136,16.339827598469505,0.5501625454030136,3.040198225897053,82.52438181045203,652.6171155832352,549509.9282874303,0.0,2024-06-24,2,,550162.5454030136,344.04959238501516,,NIFTY_PHARMA,1648529.784862291,0.0,0.3333333333333333,
2024-06-21,2024-06-24,NIFTY_PHARMA,BUY,AUROPHARMA,INITIAL_ENTRY,2024-06-24,3,,0.5324796463052432,1230.3316214554197,446.63562140863127,550162.5454030136,550162.5454030136,0.0,550.1625454030136,16.339827598469505,0.5501625454030136,3.040198225897053,82.52438181045203,652.6171155832352,549509.9282874303,0.0,2024-06-24,3,,550162.5454030136,1230.3316214554197,,NIFTY_PHARMA,1648529.784862291,0.0,0.3333333333333333,
2024-06-21,2024-06-24,NIFTY_PHARMA,BUY,DIVISLAB,INITIAL_ENTRY,2024-06-24,4,,0.5025134794414043,4464.742648995578,123.07762652592132,550162.5454030136,550162.5454030136,0.0,550.1625454030136,16.339827598469505,0.5501625454030136,3.040198225897053,82.52438181045203,652.6171155832352,549509.9282874303,0.0,2024-06-24,4,,550162.5454030136,4464.742648995578,,NIFTY_PHARMA,1648529.784862291,0.0,0.3333333333333333,
2024-06-26,2024-06-27,NIFTY_PHARMA,SELL,AUROPHARMA,RANK_EXIT,2024-06-24,3,6.0,0.5272363622983297,1183.8062744140625,446.63562140863127,528730.0510003614,550162.5454030136,0.0,528.7300510003614,15.703282514710736,0.5287300510003614,2.9217622618279977,0.0,547.8838258279005,528182.1671745336,-21980.378228479996,2024-06-27,3,6.0,528730.0510003614,,1183.8062744140625,NIFTY_PHARMA,1629582.5589341647,528182.1671745336,0.0,
2024-07-04,2024-07-05,NIFTY_PHARMA,SELL,DIVISLAB,RANK_EXIT,2024-06-24,4,6.0,0.40896624637146795,4580.60107421875,123.07762652592132,563769.5082769293,550162.5454030136,0.0,563.7695082769293,16.7439543958248,0.5637695082769293,3.1153903027383114,0.0,584.1926224837692,563185.3156544454,13022.770251431852,2024-07-05,4,6.0,563769.5082769293,,4580.60107421875,NIFTY_PHARMA,1681148.8932487583,1091367.482828979,0.0,
2024-07-19,2024-07-22,NIFTY_PHARMA,SELL,BIOCON,RANK_EXIT,2024-06-24,2,6.0,0.2594131976366043,334.5018005371094,1597.1823261818922,534260.3638938917,550162.5454030136,0.0,534.2603638938917,15.867532807648583,0.5342603638938916,2.9523227708776454,0.0,553.6144798363118,533706.7494140554,-16455.795988958213,2024-07-22,2,6.0,534260.3638938917,,334.5018005371094,NIFTY_PHARMA,1625074.2322430343,1625074.2322430343,0.0,
2024-07-22,2024-07-23,NIFTY_PHARMA,BUY,LUPIN,INITIAL_ENTRY,2024-07-23,2,,0.41250063727299374,1805.7689447699652,299.62240954431525,541691.4107476781,541691.4107476781,0.0,541.6914107476781,16.08823489920604,0.5416914107476781,2.993386735791669,81.25371161215172,642.5684354055752,541048.8423122725,0.0,2024-07-23,2,,541691.4107476781,1805.7689447699652,,NIFTY_PHARMA,1623146.5269368174,0.0,0.33333333333333337,
2024-07-22,2024-07-23,NIFTY_PHARMA,BUY,AUROPHARMA,INITIAL_ENTRY,2024-07-23,3,,0.38266456996401155,1339.5217765407917,403.91194214810605,541691.4107476781,541691.4107476781,0.0,541.6914107476781,16.08823489920604,0.5416914107476781,2.993386735791669,81.25371161215172,642.5684354055752,541048.8423122725,0.0,2024-07-23,3,,541691.4107476781,1339.5217765407917,,NIFTY_PHARMA,1623146.5269368174,0.0,0.33333333333333337,
2024-07-22,2024-07-23,NIFTY_PHARMA,BUY,SUNPHARMA,INITIAL_ENTRY,2024-07-23,4,,0.32615858440597856,1562.1697161506968,346.3444699500752,541691.4107476781,541691.4107476781,0.0,541.6914107476781,16.08823489920604,0.5416914107476781,2.993386735791669,81.25371161215172,642.5684354055752,541048.8423122725,0.0,2024-07-23,4,,541691.4107476781,1562.1697161506968,,NIFTY_PHARMA,1623146.5269368174,0.0,0.33333333333333337,
2024-08-21,2024-08-22,NIFTY_PHARMA,SELL,LUPIN,DUPLICATE_EXIT,2024-07-23,2,2.0,0.39603902647892636,2096.162841796875,299.62240954431525,628057.361456439,541691.4107476781,0.0,628.057361456439,18.65330363525624,0.628057361456439,3.470644979408282,0.0,650.80936743256,627406.5520890064,85715.14134132827,2024-08-22,2,2.0,628057.361456439,,2096.162841796875,NIFTY_PHARMA,1840726.943040394,0.0,0.0,
2024-08-21,2024-08-22,NIFTY_PHARMA,BUY,DIVISLAB,MONTHLY_REPLACEMENT,2024-08-22,5,,0.2557207054148118,4905.165043768299,127.7556005827944,627406.5520890064,627406.5520890064,0.0,627.4065520890064,18.63397459704349,0.6274065520890064,3.467048606843849,94.11098281335096,744.2459646583336,626662.3061243481,0.0,2024-08-22,5,,627406.5520890064,4905.165043768299,,NIFTY_PHARMA,1840726.943040394,0.0,0.34044283889780397,
2024-09-04,2024-09-05,NIFTY_PHARMA,SELL,DIVISLAB,RANK_EXIT,2024-08-22,5,6.0,0.31731362765034044,5097.68798828125,127.7556005827944,651258.1905265681,627406.5520890064,0.0,651.2581905265681,19.342368258639073,0.6512581905265681,3.5988527608498155,0.0,674.8506697365837,650583.3398568315,23176.787767825066,2024-09-05,5,6.0,651258.1905265681,,5097.68798828125,NIFTY_PHARMA,1890386.5573108126,650583.3398568315,0.0,
2024-09-23,2024-09-24,NIFTY_PHARMA,BUY,DIVISLAB,MONTHLY_REPLACEMENT,2024-09-24,4,,0.4309922270476818,5350.636437819299,121.4456651158237,650583.3398568315,650583.3398568315,0.0,650.5833398568315,19.322325193747893,0.6505833398568315,3.5951235360488503,97.58750097852472,771.7388729050098,649811.6009839264,0.0,2024-09-24,4,,650583.3398568315,5350.636437819299,,NIFTY_PHARMA,1890759.4237690053,0.0,0.34367756829084256,
2024-10-21,2024-10-22,NIFTY_PHARMA,SELL,SUNPHARMA,DUPLICATE_EXIT,2024-07-23,4,3.0,0.4791762555638949,1858.0172119140625,346.3444699500752,643513.9864184925,541691.4107476781,0.0,643.5139864184926,19.112365396629226,0.6435139864184924,3.5560582889485897,0.0,666.8259240904889,642847.160494402,101155.74974672392,2024-10-22,4,3.0,643513.9864184925,,1858.0172119140625,NIFTY_PHARMA,1926400.701583273,0.0,0.0,
2024-10-21,2024-10-22,NIFTY_PHARMA,SELL,DIVISLAB,DUPLICATE_EXIT,2024-09-24,4,2.0,0.6834067854409417,5791.57861328125,121.4456651158237,703362.1167605213,650583.3398568315,0.0,703.3621167605213,20.889854867787484,0.7033621167605213,3.8867790572186407,0.0,728.8421128022879,702633.274647719,52049.93479088752,2024-10-22,4,2.0,703362.1167605213,,5791.57861328125,NIFTY_PHARMA,1926400.701583273,0.0,0.0,
2024-10-21,2024-10-22,NIFTY_PHARMA,BUY,LUPIN,MONTHLY_REPLACEMENT,2024-10-22,4,,0.4658748240520557,2140.7355972922,313.8837867150276,672740.2175710605,672740.2175710605,0.0,672.7402175710605,19.9803844618605,0.6727402175710605,3.7175624422976807,100.91103263565907,798.0219373284488,671942.1956337321,0.0,2024-10-22,4,,672740.2175710605,2140.7355972922,,NIFTY_PHARMA,1926400.701583273,0.0,0.3488070758495236,
2024-10-21,2024-10-22,NIFTY_PHARMA,BUY,DRREDDY,MONTHLY_REPLACEMENT,2024-10-22,6,,0.16880673822015524,1336.9210164369554,502.60425812179506,672740.2175710605,672740.2175710605,0.0,672.7402175710605,19.9803844618605,0.6727402175710605,3.7175624422976807,100.91103263565907,798.0219373284488,671942.1956337321,0.0,2024-10-22,6,,672740.2175710605,1336.9210164369554,,NIFTY_PHARMA,1926400.701583273,0.0,0.3488070758495236,
2024-10-22,2024-10-23,NIFTY_PHARMA,SELL,DRREDDY,RANK_EXIT,2024-10-22,6,6.0,0.16880673822015524,1313.2510986328125,502.60425812179506,660045.594155977,672740.2175710605,0.0,660.045594155977,19.60335414643252,0.660045594155977,3.6474119533059293,0.0,683.9564058498714,659361.6377501271,-13378.579820933403,2024-10-23,6,6.0,660045.594155977,,1313.2510986328125,NIFTY_PHARMA,1883547.9605391899,659361.6377501271,0.0,
2024-11-12,2024-11-13,NIFTY_PHARMA,SELL,AUROPHARMA,RANK_EXIT,2024-07-23,3,6.0,0.23254452583690485,1244.77734375,403.91194214810605,502780.4344560231,541691.4107476781,0.0,502.7804344560231,14.932578903343886,0.502780434456023,2.7783646808039837,0.0,520.9941584746269,502259.4402975485,-39431.97045012965,2024-11-13,3,6.0,502780.4344560231,,1244.77734375,NIFTY_PHARMA,1797674.1565811038,1161621.0780476755,0.0,
2024-11-13,2024-11-18,NIFTY_PHARMA,SELL,LUPIN,SECTOR_ROTATION,2024-10-22,4,,0.40677245085438096,2023.166748046875,313.8837867150276,635039.2400328813,672740.2175710605,0.0,635.0392400328813,18.860665428976574,0.6350392400328813,3.509226840421702,0.0,658.0441715423123,634381.195861339,-38359.021709721535,2024-11-18,4,,635039.2400328813,,2023.166748046875,NIFTY_PHARMA,1796002.2739090146,0.0,0.0,
2024-12-23,2024-12-24,NIFTY_CONSUMER_DURABLES,BUY,DIXON,INITIAL_ENTRY,2024-12-24,1,,0.8161789427200954,18071.95783616498,16.54378776203401,299333.7123181691,299333.7123181691,0.0,299.33371231816915,8.890211255849623,0.29933371231816913,1.6541180942702027,44.90005684772537,355.0774322283325,298978.6348859408,0.0,2024-12-24,1,,299333.7123181691,18071.95783616498,,NIFTY_CONSUMER_DURABLES,1793871.809315645,0.0,0.16666666666666666,
2024-12-23,2024-12-24,NIFTY_CONSUMER_DURABLES,BUY,KALYANKJIL,INITIAL_ENTRY,2024-12-24,2,,0.6308192247524858,721.8377180760571,414.19092879050504,299333.7123181691,299333.7123181691,0.0,299.33371231816915,8.890211255849623,0.29933371231816913,1.6541180942702027,44.90005684772537,355.0774322283325,298978.6348859408,0.0,2024-12-24,2,,299333.7123181691,721.8377180760571,,NIFTY_CONSUMER_DURABLES,1793871.809315645,0.0,0.16666666666666666,
2024-12-23,2024-12-24,NIFTY_CONSUMER_DURABLES,BUY,VOLTAS,INITIAL_ENTRY,2024-12-24,3,,0.43358441442251205,1685.2688389109142,177.4070866219495,299333.7123181691,299333.7123181691,0.0,299.33371231816915,8.890211255849623,0.29933371231816913,1.6541180942702027,44.90005684772537,355.0774322283325,298978.6348859408,0.0,2024-12-24,3,,299333.7123181691,1685.2688389109142,,NIFTY_CONSUMER_DURABLES,1793871.809315645,0.0,0.16666666666666666,
2024-12-23,2024-12-24,NIFTY_PSU_BANK,BUY,SBIN,INITIAL_ENTRY,2024-12-24,1,,0.9943091745177906,793.7183788955526,376.6810027782967,299333.7123181691,299333.7123181691,0.0,299.33371231816915,8.890211255849623,0.29933371231816913,1.6541180942702027,44.90005684772537,355.0774322283325,298978.6348859408,0.0,2024-12-24,1,,299333.7123181691,793.7183788955526,,NIFTY_PSU_BANK,1793871.809315645,0.0,0.16666666666666666,
2024-12-23,2024-12-24,NIFTY_PSU_BANK,BUY,INDIANB,INITIAL_ENTRY,2024-12-24,2,,0.8428084043165048,515.936478850923,579.4872957070536,299333.7123181691,299333.7123181691,0.0,299.33371231816915,8.890211255849623,0.29933371231816913,1.6541180942702027,44.90005684772537,355.0774322283325,298978.6348859408,0.0,2024-12-24,2,,299333.7123181691,515.936478850923,,NIFTY_PSU_BANK,1793871.809315645,0.0,0.16666666666666666,
2024-12-23,2024-12-24,NIFTY_PSU_BANK,BUY,BANKBARODA,INITIAL_ENTRY,2024-12-24,3,,0.6963896006345749,230.0730873844817,1299.4941663311931,299333.7123181691,299333.7123181691,0.0,299.33371231816915,8.890211255849623,0.29933371231816913,1.6541180942702027,44.90005684772537,355.0774322283325,298978.6348859408,0.0,2024-12-24,3,,299333.7123181691,230.0730873844817,,NIFTY_PSU_BANK,1793871.809315645,0.0,0.16666666666666666,
2025-01-09,2025-01-13,NIFTY_PSU_BANK,SELL,SBIN,SECTOR_ROTATION,2024-12-24,1,,0.8603599046667417,702.4780883789062,376.6810027782967,264610.1507603474,299333.7123181691,0.0,264.6101507603474,7.858921477582317,0.2646101507603474,1.4622356931016796,0.0,274.1959180817917,264335.9548422656,-34997.75747590355,2025-01-13,1,,264610.1507603474,,702.4780883789062,NIFTY_PSU_BANK,1570426.1074990272,0.0,0.0,
2025-01-09,2025-01-13,NIFTY_PSU_BANK,SELL,INDIANB,SECTOR_ROTATION,2024-12-24,2,,0.7795758110781511,454.2608642578125,579.4872957070536,263238.3997743087,299333.7123181691,0.0,263.23839977430873,7.8181804732969695,0.2632383997743087,1.45465539715283,0.0,272.77447404453284,262965.6253002642,-36368.08701790491,2025-01-13,2,,263238.3997743087,,454.2608642578125,NIFTY_PSU_BANK,1570426.1074990272,0.0,0.0,
2025-01-09,2025-01-13,NIFTY_PSU_BANK,SELL,BANKBARODA,SECTOR_ROTATION,2024-12-24,3,,0.6327296731372675,203.84457397460938,1299.4941663311931,264894.83471827226,299333.7123181691,0.0,264.89483471827225,7.867376591132686,0.26489483471827224,1.4638088566531726,0.0,274.4909150007764,264620.3438032715,-34713.36851489765,2025-01-13,3,,264894.83471827226,,203.84457397460938,NIFTY_PSU_BANK,1570426.1074990272,0.0,0.0,
2025-01-16,2025-01-20,NIFTY_CONSUMER_DURABLES,SELL,DIXON,SECTOR_ROTATION,2024-12-24,1,,0.8143352965513866,17551.638671875,16.54378776203401,290370.58506340854,299333.7123181691,0.0,290.37058506340856,8.624006376383234,0.2903705850634085,1.6045878530603954,0.0,300.8895498779156,290069.69551353063,-9264.016804638493,2025-01-20,1,,290370.58506340854,,17551.638671875,NIFTY_CONSUMER_DURABLES,1572691.2538474635,0.0,0.0,
2025-01-16,2025-01-20,NIFTY_CONSUMER_DURABLES,SELL,KALYANKJIL,SECTOR_ROTATION,2024-12-24,2,,0.34068928953881067,529.3510131835938,414.19092879050504,219252.3878067076,299333.7123181691,0.0,219.2523878067076,6.5117959178592155,0.21925238780670758,1.2115886950198662,0.0,227.19502480739337,219025.1927819002,-80308.51953626893,2025-01-20,2,,219252.3878067076,,529.3510131835938,NIFTY_CONSUMER_DURABLES,1572691.2538474635,0.0,0.0,
2025-01-16,2025-01-20,NIFTY_CONSUMER_DURABLES,SELL,VOLTAS,SECTOR_ROTATION,2024-12-24,3,,0.44579343870282173,1532.9503173828125,177.4070866219495,271956.2497430776,299333.7123181691,0.0,271.9562497430776,8.077100617369405,0.2719562497430776,1.5028302360802468,0.0,281.8081368462703,271674.4416062313,-27659.270711937803,2025-01-20,3,,271956.2497430776,,1532.9503173828125,NIFTY_CONSUMER_DURABLES,1572691.2538474635,0.0,0.0,
2025-01-21,2025-01-22,NIFTY_PHARMA,BUY,LUPIN,INITIAL_ENTRY,2025-01-22,3,,0.5908558703958988,2091.491764226672,126.0635333909801,263973.97464860044,263973.97464860044,0.0,263.97397464860046,7.840027047063433,0.26397397464860045,1.458720183908166,39.596096197290066,313.1327920515107,263660.8418565489,0.0,2025-01-22,3,,263973.97464860044,2091.491764226672,,NIFTY_PHARMA,1571751.8554713088,0.0,0.3333333333333333,
2025-01-21,2025-01-22,NIFTY_PHARMA,BUY,GLENMARK,INITIAL_ENTRY,2025-01-22,4,,0.48151163694759214,1495.8310645554266,176.26378279215047,263973.97464860044,263973.97464860044,0.0,263.97397464860046,7.840027047063433,0.26397397464860045,1.458720183908166,39.596096197290066,313.1327920515107,263660.8418565489,0.0,2025-01-22,4,,263973.97464860044,1495.8310645554266,,NIFTY_PHARMA,1571751.8554713088,0.0,0.3333333333333333,
2025-01-21,2025-01-22,NIFTY_PHARMA,BUY,SUNPHARMA,INITIAL_ENTRY,2025-01-22,5,,0.4802719441552957,1749.1968253642974,150.73251793813282,263973.97464860044,263973.97464860044,0.0,263.97397464860046,7.840027047063433,0.26397397464860045,1.458720183908166,39.596096197290066,313.1327920515107,263660.8418565489,0.0,2025-01-22,5,,263973.97464860044,1749.1968253642974,,NIFTY_PHARMA,1571751.8554713088,0.0,0.3333333333333333,
2025-01-30,2025-02-03,NIFTY_PHARMA,SELL,LUPIN,SECTOR_ROTATION,2025-01-22,3,,0.643449438114961,2019.6884765625,126.0635333909801,254609.06570451445,263973.97464860044,0.0,254.60906570451445,7.561889251424079,0.2546090657045144,1.4069696970831467,0.0,263.8325337187262,254345.23317079572,-9628.741477804724,2025-02-03,3,,254609.06570451445,,2019.6884765625,NIFTY_PHARMA,1541555.5139820166,0.0,0.0,
2025-01-30,2025-02-03,NIFTY_PHARMA,SELL,GLENMARK,SECTOR_ROTATION,2025-01-22,4,,0.5038761006047329,1410.989013671875,176.26378279215047,248706.26102797,263973.97464860044,0.0,248.70626102797002,7.386575952530709,0.24870626102797,1.3743507984405623,0.0,257.71589403996927,248448.54513393002,-15525.429514670424,2025-02-03,4,,248706.26102797,,1410.989013671875,NIFTY_PHARMA,1541555.5139820166,0.0,0.0,
2025-01-30,2025-02-03,NIFTY_PHARMA,SELL,SUNPHARMA,SECTOR_ROTATION,2025-01-22,5,,0.5341807069877784,1713.3663330078125,150.73251793813282,258260.02152469294,263973.97464860044,0.0,258.26002152469295,7.6703226392833805,0.2582600215246929,1.4271448789454533,0.0,267.61574906444645,257992.4057756285,-5981.568872971955,2025-02-03,5,,258260.02152469294,,1713.3663330078125,NIFTY_PHARMA,1541555.5139820166,0.0,0.0,
2025-02-21,2025-02-24,NIFTY_FINANCIAL_SERVICES_EX_BANK,BUY,BSE,INITIAL_ENTRY,2025-02-24,1,,0.8098809296886127,1877.4121275219804,273.37753179482445,513851.83799400553,513851.83799400553,0.0,513.8518379940056,15.261399588421964,0.5138518379940055,2.8395452567548745,77.07777569910083,609.5444103762771,513242.29358362925,0.0,2025-02-24,1,,513851.83799400553,1877.4121275219804,,NIFTY_FINANCIAL_SERVICES_EX_BANK,1539726.8807508878,0.0,0.3333333333333333,
2025-02-21,2025-02-24,NIFTY_FINANCIAL_SERVICES_EX_BANK,BUY,BAJFINANCE,INITIAL_ENTRY,2025-02-24,2,,0.5742673575878143,822.6357974059295,623.8997806831034,513851.83799400553,513851.83799400553,0.0,513.8518379940056,15.261399588421964,0.5138518379940055,2.8395452567548745,77.07777569910083,609.5444103762771,513242.29358362925,0.0,2025-02-24,2,,513851.83799400553,822.6357974059295,,NIFTY_FINANCIAL_SERVICES_EX_BANK,1539726.8807508878,0.0,0.3333333333333333,
2025-02-21,2025-02-24,NIFTY_FINANCIAL_SERVICES_EX_BANK,BUY,PAYTM,INITIAL_ENTRY,2025-02-24,3,,0.5629406279573839,753.0,681.5966714258025,513851.83799400553,513851.83799400553,0.0,513.8518379940056,15.261399588421964,0.5138518379940055,2.8395452567548745,77.07777569910083,609.5444103762771,513242.29358362925,0.0,2025-02-24,3,,513851.83799400553,753.0,,NIFTY_FINANCIAL_SERVICES_EX_BANK,1539726.8807508878,0.0,0.3333333333333333,
2025-03-12,2025-03-17,NIFTY_FINANCIAL_SERVICES_EX_BANK,SELL,BSE,SECTOR_ROTATION,2025-02-24,1,,0.5666913262878855,1316.6307373046875,273.37753179482445,359937.2612495554,513851.83799400553,0.0,359.9372612495554,10.690136659111795,0.3599372612495554,1.9890133056650432,0.0,372.97634847558174,359564.28490107984,-154287.5530929257,2025-03-17,1,,359937.2612495554,,1316.6307373046875,NIFTY_FINANCIAL_SERVICES_EX_BANK,1356875.9844494641,0.0,0.0,
2025-03-12,2025-03-17,NIFTY_FINANCIAL_SERVICES_EX_BANK,SELL,BAJFINANCE,SECTOR_ROTATION,2025-02-24,2,,0.7041384900609653,847.5628051757812,623.8997806831034,528794.2482643258,513851.83799400553,0.0,528.7942482643258,15.705189173450476,0.5287942482643258,2.922117015908664,0.0,547.9503487019492,528246.2979156239,14394.459921618341,2025-03-17,2,,528794.2482643258,,847.5628051757812,NIFTY_FINANCIAL_SERVICES_EX_BANK,1356875.9844494641,0.0,0.0,
2025-03-12,2025-03-17,NIFTY_FINANCIAL_SERVICES_EX_BANK,SELL,PAYTM,SECTOR_ROTATION,2025-02-24,3,,0.5452738453944524,688.9000244140625,681.5966714258025,469551.96358577907,513851.83799400553,0.0,469.5519635857791,13.94569331849764,0.46955196358577905,2.594744150775015,0.0,486.56195301863755,469065.4016327604,-44786.43636124511,2025-03-17,3,,469551.96358577907,,688.9000244140625,NIFTY_FINANCIAL_SERVICES_EX_BANK,1356875.9844494641,0.0,0.0,
2025-03-21,2025-03-24,NIFTY_BANK,BUY,KOTAKBANK,INITIAL_ENTRY,2025-03-24,1,,0.9701914464433988,419.51631852124484,215.36967900797754,90458.3989632976,90458.3989632976,0.0,90.4583989632976,2.6866144492099386,0.09045839896329759,0.49987311267118245,13.56875984449464,107.30410476863665,90351.09485852896,0.0,2025-03-24,1,,90458.3989632976,419.51631852124484,,NIFTY_BANK,1355266.4228779345,0.0,0.06666666666666667,
2025-03-21,2025-03-24,NIFTY_BANK,BUY,ICICIBANK,INITIAL_ENTRY,2025-03-24,2,,0.8915960292021434,1345.5675050388625,67.14720333255926,90458.3989632976,90458.3989632976,0.0,90.4583989632976,2.6866144492099386,0.09045839896329759,0.49987311267118245,13.56875984449464,107.30410476863665,90351.09485852896,0.0,2025-03-24,2,,90458.3989632976,1345.5675050388625,,NIFTY_BANK,1355266.4228779345,0.0,0.06666666666666667,
2025-03-21,2025-03-24,NIFTY_BANK,BUY,HDFCBANK,INITIAL_ENTRY,2025-03-24,3,,0.824646366139253,863.3575457763671,104.65084286404364,90458.3989632976,90458.3989632976,0.0,90.4583989632976,2.6866144492099386,0.09045839896329759,0.49987311267118245,13.56875984449464,107.30410476863665,90351.09485852896,0.0,2025-03-24,3,,90458.3989632976,863.3575457763671,,NIFTY_BANK,1355266.4228779345,0.0,0.06666666666666667,
2025-03-21,2025-03-24,NIFTY_FINANCIAL_SERVICES,BUY,BAJFINANCE,INITIAL_ENTRY,2025-03-24,1,,0.8203730856378874,898.4935319979464,100.55842545423629,90458.3989632976,90458.3989632976,0.0,90.4583989632976,2.6866144492099386,0.09045839896329759,0.49987311267118245,13.56875984449464,107.30410476863665,90351.09485852896,0.0,2025-03-24,1,,90458.3989632976,898.4935319979464,,NIFTY_FINANCIAL_SERVICES,1355266.4228779345,0.0,0.06666666666666667,
2025-03-21,2025-03-24,NIFTY_FINANCIAL_SERVICES,BUY,BAJAJHLDNG,INITIAL_ENTRY,2025-03-24,2,,0.7391071443756422,12162.921895731977,7.4284037695114655,90458.3989632976,90458.3989632976,0.0,90.4583989632976,2.6866144492099386,0.09045839896329759,0.49987311267118245,13.56875984449464,107.30410476863665,90351.09485852896,0.0,2025-03-24,2,,90458.3989632976,12162.921895731977,,NIFTY_FINANCIAL_SERVICES,1355266.4228779345,0.0,0.06666666666666667,
2025-03-21,2025-03-24,NIFTY_FINANCIAL_SERVICES,BUY,BAJAJFINSV,INITIAL_ENTRY,2025-03-24,5,,0.5585323895017307,1852.8654345830862,48.76290159671465,90458.3989632976,90458.3989632976,0.0,90.4583989632976,2.6866144492099386,0.09045839896329759,0.49987311267118245,13.56875984449464,107.30410476863665,90351.09485852896,0.0,2025-03-24,5,,90458.3989632976,1852.8654345830862,,NIFTY_FINANCIAL_SERVICES,1355266.4228779345,0.0,0.06666666666666667,
2025-03-21,2025-03-24,NIFTY_HEALTHCARE,BUY,LAURUSLABS,INITIAL_ENTRY,2025-03-24,1,,0.8333333333333334,618.9758777064997,145.9686849078969,90458.3989632976,90458.3989632976,0.0,90.4583989632976,2.6866144492099386,0.09045839896329759,0.49987311267118245,13.56875984449464,107.30410476863665,90351.09485852896,0.0,2025-03-24,1,,90458.3989632976,618.9758777064997,,NIFTY_HEALTHCARE,1355266.4228779345,0.0,0.06666666666666667,
2025-03-21,2025-03-24,NIFTY_HEALTHCARE,BUY,DIVISLAB,INITIAL_ENTRY,2025-03-24,2,,0.680377297103405,5769.628276348191,15.659777464158482,90458.3989632976,90458.3989632976,0.0,90.4583989632976,2.6866144492099386,0.09045839896329759,0.49987311267118245,13.56875984449464,107.30410476863665,90351.09485852896,0.0,2025-03-24,2,,90458.3989632976,5769.628276348191,,NIFTY_HEALTHCARE,1355266.4228779345,0.0,0.06666666666666667,
2025-03-21,2025-03-24,NIFTY_HEALTHCARE,BUY,MAXHEALTH,INITIAL_ENTRY,2025-03-24,3,,0.6623749031374853,1171.2146714702687,77.14306954941738,90458.3989632976,90458.3989632976,0.0,90.4583989632976,2.6866144492099386,0.09045839896329759,0.49987311267118245,13.56875984449464,107.30410476863665,90351.09485852896,0.0,2025-03-24,3,,90458.3989632976,1171.2146714702687,,NIFTY_HEALTHCARE,1355266.4228779345,0.0,0.06666666666666667,
2025-03-21,2025-03-24,NIFTY_PHARMA,BUY,LUPIN,INITIAL_ENTRY,2025-03-24,2,,0.7230643182992935,2115.840300392189,42.70222797145021,90458.3989632976,90458.3989632976,0.0,90.4583989632976,2.6866144492099386,0.09045839896329759,0.49987311267118245,13.56875984449464,107.30410476863665,90351.09485852896,0.0,2025-03-24,2,,90458.3989632976,2115.840300392189,,NIFTY_PHARMA,1355266.4228779345,0.0,0.06666666666666667,
2025-03-21,2025-03-24,NIFTY_PHARMA,BUY,SUNPHARMA,INITIAL_ENTRY,2025-03-24,3,,0.6906201069553694,1777.068618587872,50.84277214366965,90458.3989632976,90458.3989632976,0.0,90.4583989632976,2.6866144492099386,0.09045839896329759,0.49987311267118245,13.56875984449464,107.30410476863665,90351.09485852896,0.0,2025-03-24,3,,90458.3989632976,1777.068618587872,,NIFTY_PHARMA,1355266.4228779345,0.0,0.06666666666666667,
2025-03-21,2025-03-24,NIFTY_PHARMA,BUY,CIPLA,INITIAL_ENTRY,2025-03-24,4,,0.5675076724340519,1494.9066260713887,60.43928984111297,90458.3989632976,90458.3989632976,0.0,90.4583989632976,2.6866144492099386,0.09045839896329759,0.49987311267118245,13.56875984449464,107.30410476863665,90351.09485852896,0.0,2025-03-24,4,,90458.3989632976,1494.9066260713887,,NIFTY_PHARMA,1355266.4228779345,0.0,0.06666666666666667,
2025-03-21,2025-03-24,NIFTY_MIDSMALL_HEALTHCARE,BUY,NH,INITIAL_ENTRY,2025-03-24,1,,0.8841394757231077,1661.087854119246,54.39272500516571,90458.3989632976,90458.3989632976,0.0,90.4583989632976,2.6866144492099386,0.09045839896329759,0.49987311267118245,13.56875984449464,107.30410476863665,90351.09485852896,0.0,2025-03-24,1,,90458.3989632976,1661.087854119246,,NIFTY_MIDSMALL_HEALTHCARE,1355266.4228779345,0.0,0.06666666666666667,
2025-03-21,2025-03-24,NIFTY_MIDSMALL_HEALTHCARE,BUY,KIMS,INITIAL_ENTRY,2025-03-24,2,,0.793596071501573,611.0499877929688,147.86203528923238,90458.3989632976,90458.3989632976,0.0,90.4583989632976,2.6866144492099386,0.09045839896329759,0.49987311267118245,13.56875984449464,107.30410476863665,90351.09485852896,0.0,2025-03-24,2,,90458.3989632976,611.0499877929688,,NIFTY_MIDSMALL_HEALTHCARE,1355266.4228779345,0.0,0.06666666666666667,
2025-03-21,2025-03-24,NIFTY_MIDSMALL_HEALTHCARE,BUY,ABBOTINDIA,INITIAL_ENTRY,2025-03-24,5,,0.6800316770871481,29883.84218199978,3.0234095839574135,90458.3989632976,90458.3989632976,0.0,90.4583989632976,2.6866144492099386,0.09045839896329759,0.49987311267118245,13.56875984449464,107.30410476863665,90351.09485852896,0.0,2025-03-24,5,,90458.3989632976,29883.84218199978,,NIFTY_MIDSMALL_HEALTHCARE,1355266.4228779345,0.0,0.06666666666666667,
2025-05-16,2025-05-19,NIFTY_PHARMA,SELL,LUPIN,RANK_EXIT,2025-03-24,2,6.0,0.47679023196299875,2017.0548095703125,42.70222797145021,86132.73430918159,90458.3989632976,0.0,86.13273430918159,2.558142208982693,0.08613273430918159,0.4759694897925374,0.0,89.252978742266,86043.48133043932,-4414.9176328582835,2025-05-19,2,6.0,86132.73430918159,,2017.0548095703125,NIFTY_PHARMA,1404930.2297879795,86043.48133043932,0.0,
2025-05-21,2025-05-22,NIFTY_PHARMA,BUY,DRREDDY,MONTHLY_REPLACEMENT,2025-05-22,4,,0.3729276855786642,1216.9816810927466,70.61849463386048,86043.48133043932,86043.48133043932,0.0,86.04348133043932,2.5554913955140477,0.08604348133043932,0.47547627783200763,12.906522199565897,102.06701468468171,85941.41431575464,0.0,2025-05-22,4,,86043.48133043932,1216.9816810927466,,NIFTY_PHARMA,1387968.653356766,0.0,0.06191884384990076,
2025-06-17,2025-06-18,NIFTY_PHARMA,SELL,SUNPHARMA,RANK_EXIT,2025-03-24,3,6.0,0.2607977838003232,1631.99169921875,50.84277214366965,82974.98210373915,90458.3989632976,0.0,82.97498210373915,2.4643569684810527,0.08297498210373914,0.45851975110526255,0.0,85.9808338054292,82889.00126993372,-7569.397693363877,2025-06-18,3,6.0,82974.98210373915,,1631.99169921875,NIFTY_PHARMA,1421499.4686410825,82889.00126993372,0.0,
2025-06-23,2025-06-24,NIFTY_PHARMA,BUY,GLENMARK,MONTHLY_REPLACEMENT,2025-06-24,3,,0.7186283605794113,1686.8623837255052,49.079686037379446,82889.00126993372,82889.00126993372,0.0,82.88900126993373,2.4618033377170314,0.08288900126993372,0.4580446210176537,12.433350190490058,98.3250884204284,82790.67618151329,0.0,2025-06-24,3,,82889.00126993372,1686.8623837255052,,NIFTY_PHARMA,1432331.0506119535,0.0,0.05780135545210833,
2025-07-28,2025-07-29,NIFTY_BANK,SELL,KOTAKBANK,RANK_EXIT,2025-03-24,1,11.0,0.45963493175804615,394.5400085449219,215.36967900797754,84971.95499612454,90458.3989632976,0.0,84.97195499612454,2.5236670633848988,0.08497195499612453,0.4695550233085841,0.0,88.05014903781414,84883.90484708673,-5574.4941162108735,2025-07-29,1,11.0,84971.95499612454,,394.5400085449219,NIFTY_BANK,1525699.5048464295,84883.90484708673,0.0,
2025-08-07,2025-08-11,NIFTY_BANK,SELL,ICICIBANK,SECTOR_ROTATION,2025-03-24,2,,0.48830710041026276,1425.5999755859375,67.14720333255926,95725.05143156045,90458.3989632976,0.0,95.72505143156046,2.8430340275173456,0.09572505143156045,0.5289766342108031,0.0,99.19278714472017,95625.85864441573,5167.459681118125,2025-08-11,2,,95725.05143156045,,1425.5999755859375,NIFTY_BANK,1459089.1508149547,0.0,0.0,
2025-08-07,2025-08-11,NIFTY_BANK,SELL,HDFCBANK,SECTOR_ROTATION,2025-03-24,3,,0.5493156922360262,981.5654296875,104.65084286404364,102721.64954300404,90458.3989632976,0.0,102.72164954300403,3.05083299142722,0.10272164954300403,0.5676398353746404,0.0,106.44284401934888,102615.2066989847,12156.807735687093,2025-08-11,3,,102721.64954300404,,981.5654296875,NIFTY_BANK,1459089.1508149547,0.0,0.0,
2025-08-21,2025-08-22,NIFTY_FINANCIAL_SERVICES_EX_BANK,BUY,ABCAPITAL,INITIAL_ENTRY,2025-08-22,1,,0.8892952278256416,291.79998779296875,323.0399038378713,94374.9900634957,94374.9900634957,0.0,94.3749900634957,2.8029372048858225,0.0943749900634957,0.5215161950908773,14.156248509524353,111.95006696306027,94263.03999653264,0.0,2025-08-22,1,,94374.9900634957,291.79998779296875,,NIFTY_FINANCIAL_SERVICES_EX_BANK,1470774.9830224914,0.0,0.0640907284150421,
2025-08-21,2025-08-22,NIFTY_FINANCIAL_SERVICES_EX_BANK,BUY,PAYTM,INITIAL_ENTRY,2025-08-22,2,,0.8832622319459915,1247.0,75.59185244308952,94374.9900634957,94374.9900634957,0.0,94.3749900634957,2.8029372048858225,0.0943749900634957,0.5215161950908773,14.156248509524353,111.95006696306027,94263.03999653264,0.0,2025-08-22,2,,94374.9900634957,1247.0,,NIFTY_FINANCIAL_SERVICES_EX_BANK,1470774.9830224914,0.0,0.0640907284150421,
2025-08-21,2025-08-22,NIFTY_FINANCIAL_SERVICES_EX_BANK,BUY,LTF,INITIAL_ENTRY,2025-08-22,3,,0.8315613865852356,220.21273699304427,428.054440826963,94374.9900634957,94374.9900634957,0.0,94.3749900634957,2.8029372048858225,0.0943749900634957,0.5215161950908773,14.156248509524353,111.95006696306027,94263.03999653264,0.0,2025-08-22,3,,94374.9900634957,220.21273699304427,,NIFTY_FINANCIAL_SERVICES_EX_BANK,1470774.9830224914,0.0,0.0640907284150421,
2025-08-28,2025-09-01,NIFTY_FINANCIAL_SERVICES,SELL,BAJFINANCE,SECTOR_ROTATION,2025-03-24,1,,0.6413671498497328,883.9163818359375,100.55842545423629,88885.23959062737,90458.3989632976,0.0,88.88523959062738,2.6398916158416332,0.08888523959062737,0.49117983397780685,0.0,92.10519628003745,88793.13439434733,-1665.2645689502679,2025-09-01,1,,88885.23959062737,,883.9163818359375,NIFTY_FINANCIAL_SERVICES,1446031.205479543,0.0,0.0,
2025-08-28,2025-09-01,NIFTY_FINANCIAL_SERVICES,SELL,BAJAJHLDNG,SECTOR_ROTATION,2025-03-24,2,,0.6143442168831825,12329.0576171875,7.4284037695114655,91585.21807803967,90458.3989632976,0.0,91.58521807803967,2.7200809769177785,0.09158521807803967,0.5060999150992473,0.0,94.90298418813474,91490.31509385153,1031.916130553931,2025-09-01,2,,91585.21807803967,,12329.0576171875,NIFTY_FINANCIAL_SERVICES,1446031.205479543,0.0,0.0,
2025-08-28,2025-09-01,NIFTY_FINANCIAL_SERVICES,SELL,BAJAJFINSV,SECTOR_ROTATION,2025-03-24,5,,0.5967370544870695,1941.843017578125,48.76290159671465,94689.89998242955,90458.3989632976,0.0,94.68989998242955,2.8122900294781576,0.09468989998242955,0.5232563873029057,0.0,98.12013629919305,94591.77984613035,4133.380882832746,2025-09-01,5,,94689.89998242955,,1941.843017578125,NIFTY_FINANCIAL_SERVICES,1446031.205479543,0.0,0.0,
2025-08-28,2025-09-01,NIFTY_FINANCIAL_SERVICES_EX_BANK,SELL,ABCAPITAL,SECTOR_ROTATION,2025-08-22,1,,0.8733195314804714,280.04998779296875,323.0399038378713,90467.32112643766,94374.9900634957,0.0,90.46732112643767,2.6868794374551985,0.09046732112643766,0.4999224165446945,0.0,93.744590301564,90373.5765361361,-4001.413527359604,2025-09-01,1,,90467.32112643766,,280.04998779296875,NIFTY_FINANCIAL_SERVICES_EX_BANK,1446031.205479543,0.0,0.0,
2025-08-28,2025-09-01,NIFTY_FINANCIAL_SERVICES_EX_BANK,SELL,PAYTM,SECTOR_ROTATION,2025-08-22,2,,0.8505643407503765,1235.800048828125,75.59185244308952,93416.41494017845,94374.9900634957,0.0,93.41641494017846,2.7744675237233,0.09341641494017845,0.5162191089594261,0.0,96.80051798780137,93319.61442219066,-1055.3756413050432,2025-09-01,2,,93416.41494017845,,1235.800048828125,NIFTY_FINANCIAL_SERVICES_EX_BANK,1446031.205479543,0.0,0.0,
2025-08-28,2025-09-01,NIFTY_FINANCIAL_SERVICES_EX_BANK,SELL,LTF,SECTOR_ROTATION,2025-08-22,3,,0.8716283862789472,220.3216094970703,428.054440826963,94309.64335536494,94374.9900634957,0.0,94.30964335536494,2.8009964076543388,0.09430964335536493,0.5211550891817467,0.0,97.72610449555638,94211.91725086939,-163.07281262631295,2025-09-01,3,,94309.64335536494,,220.3216094970703,NIFTY_FINANCIAL_SERVICES_EX_BANK,1446031.205479543,0.0,0.0,
2025-09-17,2025-09-18,NIFTY_HEALTHCARE,SELL,DIVISLAB,RANK_EXIT,2025-03-24,2,15.0,0.30146426831682527,6112.0,15.659777464158482,95712.55986093664,90458.3989632976,0.0,95.71255986093665,2.8426630278698184,0.09571255986093664,0.5289076057915358,0.0,99.17984305445894,95613.38001788218,5154.981054584583,2025-09-18,2,15.0,95712.55986093664,,6112.0,NIFTY_HEALTHCARE,1464625.4414606076,95613.38001788218,0.0,
2025-09-22,2025-09-23,NIFTY_AUTO,BUY,EICHERMOT,INITIAL_ENTRY,2025-09-23,1,,0.8481781308849653,7015.0,13.117714781060641,92130.05625725421,92130.05625725421,0.0,92.13005625725421,2.7362626708404503,0.0921300562572542,0.5091106908775868,13.81950843858813,109.28706811381764,92020.7691891404,0.0,2025-09-23,1,,92130.05625725421,7015.0,,NIFTY_AUTO,1446553.512435384,0.0,0.0636138023226091,
2025-09-22,2025-09-23,NIFTY_AUTO,BUY,TVSMOTOR,INITIAL_ENTRY,2025-09-23,2,,0.8429718638459842,3526.4740319909897,26.094271035135616,92130.05625725421,92130.05625725421,0.0,92.13005625725421,2.7362626708404503,0.0921300562572542,0.5091106908775868,13.81950843858813,109.28706811381764,92020.7691891404,0.0,2025-09-23,2,,92130.05625725421,3526.4740319909897,,NIFTY_AUTO,1446553.512435384,0.0,0.0636138023226091,
2025-09-22,2025-09-23,NIFTY_AUTO,BUY,HEROMOTOCO,INITIAL_ENTRY,2025-09-23,3,,0.7623345560083787,5345.802813292815,17.21364824013384,92130.05625725421,92130.05625725421,0.0,92.13005625725421,2.7362626708404503,0.0921300562572542,0.5091106908775868,13.81950843858813,109.28706811381764,92020.7691891404,0.0,2025-09-23,3,,92130.05625725421,5345.802813292815,,NIFTY_AUTO,1446553.512435384,0.0,0.0636138023226091,
2025-09-22,2025-09-23,NIFTY_HEALTHCARE,BUY,FORTIS,MONTHLY_REPLACEMENT,2025-09-23,2,,0.8698376392324766,969.0,98.55517124928492,95613.38001788218,95613.38001788218,0.0,95.61338001788219,2.8397173865311007,0.09561338001788218,0.528359537978817,14.342007002682326,113.41907732509232,95499.9609405571,0.0,2025-09-23,2,,95613.38001788218,969.0,,NIFTY_HEALTHCARE,1446553.512435384,0.0,0.06601896170420656,
2025-09-22,2025-09-23,NIFTY_PSU_BANK,BUY,INDIANB,INITIAL_ENTRY,2025-09-23,1,,0.8759743844469389,689.2667575816505,133.50530571357146,92130.05625725421,92130.05625725421,0.0,92.13005625725421,2.7362626708404503,0.0921300562572542,0.5091106908775868,13.81950843858813,109.28706811381764,92020.7691891404,0.0,2025-09-23,1,,92130.05625725421,689.2667575816505,,NIFTY_PSU_BANK,1446553.512435384,0.0,0.0636138023226091,
2025-09-22,2025-09-23,NIFTY_PSU_BANK,BUY,CANBK,INITIAL_ENTRY,2025-09-23,2,,0.7656111661344767,114.97715942353996,800.339560052659,92130.05625725421,92130.05625725421,0.0,92.13005625725421,2.7362626708404503,0.0921300562572542,0.5091106908775868,13.81950843858813,109.28706811381764,92020.7691891404,0.0,2025-09-23,2,,92130.05625725421,114.97715942353996,,NIFTY_PSU_BANK,1446553.512435384,0.0,0.0636138023226091,
2025-09-22,2025-09-23,NIFTY_PSU_BANK,BUY,SBIN,INITIAL_ENTRY,2025-09-23,3,,0.6779912983377775,839.4684757773939,109.61789732952641,92130.05625725421,92130.05625725421,0.0,92.13005625725421,2.7362626708404503,0.0921300562572542,0.5091106908775868,13.81950843858813,109.28706811381764,92020.7691891404,0.0,2025-09-23,3,,92130.05625725421,839.4684757773939,,NIFTY_PSU_BANK,1446553.512435384,0.0,0.0636138023226091,
2025-09-23,2025-09-24,NIFTY_HEALTHCARE,SELL,MAXHEALTH,RANK_EXIT,2025-03-24,3,15.0,0.2933706374218067,1131.189697265625,77.14306954941738,87263.44548974649,90458.3989632976,0.0,87.26344548974649,2.5917243310454707,0.08726344548974649,0.4822177997763391,0.0,90.42465106605803,87173.02083868043,-3285.378124617171,2025-09-24,3,15.0,87263.44548974649,,1131.189697265625,NIFTY_HEALTHCARE,1441352.122413597,87173.02083868043,0.0,
2025-09-25,2025-09-29,NIFTY_MIDSMALL_HEALTHCARE,SELL,NH,SECTOR_ROTATION,2025-03-24,1,,0.4205284514076387,1772.800048828125,54.39272500516571,96427.42554505254,90458.3989632976,0.0,96.42742554505254,2.8638945386880605,0.09642742554505253,0.5328579535619603,0.0,99.92060546284762,96327.5049395897,5869.105976292092,2025-09-29,1,,96427.42554505254,,1772.800048828125,NIFTY_MIDSMALL_HEALTHCARE,1419501.656416473,0.0,0.0,
2025-09-25,2025-09-29,NIFTY_MIDSMALL_HEALTHCARE,SELL,KIMS,SECTOR_ROTATION,2025-03-24,2,,0.6144390379389127,701.0,147.86203528923238,103651.2867377519,90458.3989632976,0.0,103.6512867377519,3.0784432161112316,0.1036512867377519,0.572777010512817,0.0,107.40615825111371,103543.88057950078,13085.481616203178,2025-09-29,2,,103651.2867377519,,701.0,NIFTY_MIDSMALL_HEALTHCARE,1419501.656416473,0.0,0.0,
2025-09-25,2025-09-29,NIFTY_MIDSMALL_HEALTHCARE,SELL,ABBOTINDIA,SECTOR_ROTATION,2025-03-24,5,,0.42130807414650917,29665.0,3.0234095839574135,89689.44530809668,90458.3989632976,0.0,89.68944530809668,2.6637765256504715,0.08968944530809668,0.4956238747725422,0.0,92.9385351538278,89596.50677294286,-861.8921903547453,2025-09-29,5,,89689.44530809668,,29665.0,NIFTY_MIDSMALL_HEALTHCARE,1419501.656416473,0.0,0.0,
2025-10-21,2025-10-23,NIFTY_HEALTHCARE,BUY,APOLLOHOSP,MONTHLY_REPLACEMENT,2025-10-23,3,,0.4632091087599596,7939.459586599775,10.966692755993012,87173.02083868043,87173.02083868043,0.0,87.17302083868043,2.589038718908809,0.08717302083868042,0.48171811315454804,13.075953125802064,103.40690381738452,87069.61393486304,0.0,2025-10-23,3,,87173.02083868043,7939.459586599775,,NIFTY_HEALTHCARE,1477618.9922502248,0.0,0.05892561911529517,
2025-10-21,2025-10-23,NIFTY_METAL,BUY,HINDCOPPER,INITIAL_ENTRY,2025-10-23,1,,0.8333333333333334,346.44453041277694,278.1825973771801,96489.29743067776,96489.29743067776,0.0,96.48929743067777,2.8657321336911297,0.09648929743067776,0.5331998576019253,14.473394614601663,114.45811333400316,96374.83931734377,0.0,2025-10-23,1,,96489.29743067776,346.44453041277694,,NIFTY_METAL,1477618.9922502248,0.0,0.06522306482442893,
2025-10-21,2025-10-23,NIFTY_METAL,BUY,NATIONALUM,INITIAL_ENTRY,2025-10-23,2,,0.7026773629089197,221.21217574237536,435.66697445072964,96489.29743067776,96489.29743067776,0.0,96.48929743067777,2.8657321336911297,0.09648929743067776,0.5331998576019253,14.473394614601663,114.45811333400316,96374.83931734377,0.0,2025-10-23,2,,96489.29743067776,221.21217574237536,,NIFTY_METAL,1477618.9922502248,0.0,0.06522306482442893,
2025-10-21,2025-10-23,NIFTY_METAL,BUY,HINDALCO,INITIAL_ENTRY,2025-10-23,3,,0.7008133331934612,791.5,121.7622733004975,96489.29743067776,96489.29743067776,0.0,96.48929743067777,2.8657321336911297,0.09648929743067776,0.5331998576019253,14.473394614601663,114.45811333400316,96374.83931734377,0.0,2025-10-23,3,,96489.29743067776,791.5,,NIFTY_METAL,1477618.9922502248,0.0,0.06522306482442893,
2025-10-30,2025-10-31,NIFTY_PHARMA,SELL,DRREDDY,RANK_EXIT,2025-05-22,4,6.0,0.47301625212033593,1197.5999755859375,70.61849463386048,84572.70744942696,86043.48133043932,0.0,84.57270744942696,2.511809411247981,0.08457270744942696,0.46734878136553343,0.0,87.6364383494899,84485.07101107747,-1558.4103193618503,2025-10-31,4,6.0,84572.70744942696,,1197.5999755859375,NIFTY_PHARMA,1483745.800998768,84485.07101107747,0.0,
2025-11-14,2025-11-17,NIFTY_PHARMA,SELL,CIPLA,RANK_EXIT,2025-03-24,4,6.0,0.29171921002368134,1521.32763671875,60.43928984111297,91947.96197893996,90458.3989632976,0.0,91.94796197893996,2.7308544707745166,0.09194796197893995,0.5081044378956221,0.0,95.27886884958905,91852.68311009037,1394.2841467927647,2025-11-17,4,6.0,91947.96197893996,,1521.32763671875,NIFTY_PHARMA,1510242.718591489,176337.75412116782,0.0,
2025-11-21,2025-11-24,NIFTY_PHARMA,BUY,BIOCON,MONTHLY_REPLACEMENT,2025-11-24,2,,0.48746370399991673,397.4742193492312,221.5597504421998,88168.87706058391,88168.87706058391,0.0,88.16887706058391,2.618615648699342,0.0881688770605839,0.4872212146367866,13.225331559087586,104.5882143600682,88064.28884622385,0.0,2025-11-24,2,,88168.87706058391,397.4742193492312,,NIFTY_PHARMA,1485248.9926383789,0.0,0.05929260971238733,
2025-11-21,2025-11-24,NIFTY_PHARMA,BUY,SUNPHARMA,MONTHLY_REPLACEMENT,2025-11-24,3,,0.39718509651720524,1774.374067871133,49.63118569010763,88168.87706058391,88168.87706058391,0.0,88.16887706058391,2.618615648699342,0.0881688770605839,0.4872212146367866,13.225331559087586,104.5882143600682,88064.28884622385,0.0,2025-11-24,3,,88168.87706058391,1774.374067871133,,NIFTY_PHARMA,1485248.9926383789,0.0,0.05929260971238733,
2026-01-06,2026-01-07,NIFTY_PHARMA,SELL,BIOCON,RANK_EXIT,2025-11-24,2,6.0,0.5058119942744573,386.58721923828125,221.5597504421998,85652.16781857758,88168.87706058391,0.0,85.65216781857758,2.5438693842117543,0.08565216781857758,0.47331387936545977,0.0,88.75500324997338,85563.41281532761,-2605.4642452562985,2026-01-07,2,6.0,85652.16781857758,,386.58721923828125,NIFTY_PHARMA,1674651.8652931424,85563.41281532761,0.0,
2026-01-14,2026-01-19,NIFTY_HEALTHCARE,SELL,LAURUSLABS,SECTOR_ROTATION,2025-03-24,1,,0.9403472393751144,1061.6429443359375,145.9686849078969,154966.62442646438,90458.3989632976,0.0,154.9666244264644,4.602508745465992,0.15496662442646436,0.8563455665806422,0.0,160.5804453629375,154806.04398110145,64347.64501780385,2026-01-19,1,,154966.62442646438,,1061.6429443359375,NIFTY_HEALTHCARE,1646160.9005918559,0.0,0.0,
2026-01-14,2026-01-19,NIFTY_HEALTHCARE,SELL,FORTIS,SECTOR_ROTATION,2025-09-23,2,,0.4868888172010581,892.0499877929688,98.55517124928492,87916.13930985857,95613.38001788218,0.0,87.91613930985856,2.6111093375027994,0.08791613930985856,0.4858245858262784,0.0,91.1009893724975,87825.03832048607,-7788.341697396114,2026-01-19,2,,87916.13930985857,,892.0499877929688,NIFTY_HEALTHCARE,1646160.9005918559,0.0,0.0,
2026-01-14,2026-01-19,NIFTY_HEALTHCARE,SELL,APOLLOHOSP,SECTOR_ROTATION,2025-10-23,3,,0.3831853313992421,7123.54296875,10.966692755993012,78121.70707239558,87173.02083868043,0.0,78.12170707239558,2.320214700050149,0.07812170707239557,0.43170055328205803,0.0,80.95174403280018,78040.75532836278,-9132.265510317651,2026-01-19,3,,78121.70707239558,,7123.54296875,NIFTY_HEALTHCARE,1646160.9005918559,0.0,0.0,
2026-01-21,2026-01-22,NIFTY_PHARMA,BUY,LUPIN,MONTHLY_REPLACEMENT,2026-01-22,1,,0.7836939518650373,2149.0,39.76822488152505,85563.41281532761,85563.41281532761,0.0,85.56341281532761,2.54123336061523,0.0855634128153276,0.47282341921750043,12.834511922299141,101.49754493027481,85461.91527039734,0.0,2026-01-22,1,,85563.41281532761,2149.0,,NIFTY_PHARMA,1631152.0096812386,0.0,0.052393593462266214,
2026-01-21,2026-01-22,NIFTY_MIDSMALL_FINANCIAL_SERVICES,BUY,MCX,INITIAL_ENTRY,2026-01-22,1,,0.8769871108233929,2375.0,44.95318573455239,106890.61254331675,106890.61254331675,0.0,106.89061254331675,3.1746511925365075,0.10689061254331675,0.5906775249143684,16.03359188149751,126.79642375480844,106763.81611956193,0.0,2026-01-22,1,,106890.61254331675,2375.0,,NIFTY_MIDSMALL_FINANCIAL_SERVICES,1631152.0096812386,0.0,0.06545301448663012,
2026-01-21,2026-01-22,NIFTY_MIDSMALL_FINANCIAL_SERVICES,BUY,MUTHOOTFIN,INITIAL_ENTRY,2026-01-22,2,,0.8473772866030534,3899.0318697117564,27.38213476758646,106890.61254331675,106890.61254331675,0.0,106.89061254331675,3.1746511925365075,0.10689061254331675,0.5906775249143684,16.03359188149751,126.79642375480844,106763.81611956193,0.0,2026-01-22,2,,106890.61254331675,3899.0318697117564,,NIFTY_MIDSMALL_FINANCIAL_SERVICES,1631152.0096812386,0.0,0.06545301448663012,
2026-01-21,2026-01-22,NIFTY_MIDSMALL_FINANCIAL_SERVICES,BUY,AUBANK,INITIAL_ENTRY,2026-01-22,3,,0.7970115294059118,1003.25,106.41795775685216,106890.61254331675,106890.61254331675,0.0,106.89061254331675,3.1746511925365075,0.10689061254331675,0.5906775249143684,16.03359188149751,126.79642375480844,106763.81611956193,0.0,2026-01-22,3,,106890.61254331675,1003.25,,NIFTY_MIDSMALL_FINANCIAL_SERVICES,1631152.0096812386,0.0,0.06545301448663012,
2026-01-22,2026-01-27,NIFTY_AUTO,SELL,EICHERMOT,SECTOR_ROTATION,2025-09-23,1,,0.5442377676566442,7164.5,13.117714781060641,93981.86754890897,92130.05625725421,0.0,93.98186754890897,2.7912614662025965,0.09398186754890896,0.519343800075271,0.0,97.38645468273575,93884.48109422623,1754.4248369720153,2026-01-27,1,,93981.86754890897,,7164.5,NIFTY_AUTO,1643555.458719728,0.0,0.0,
2026-01-22,2026-01-27,NIFTY_AUTO,SELL,TVSMOTOR,SECTOR_ROTATION,2025-09-23,2,,0.5117712107797464,3555.572265625,26.094271035135616,92780.06638422995,92130.05625725421,0.0,92.78006638422995,2.7555679716116295,0.09278006638422995,0.5127026468392547,0.0,96.14111706906507,92683.92526716088,553.8690099066735,2026-01-27,2,,92780.06638422995,,3555.572265625,NIFTY_AUTO,1643555.458719728,0.0,0.0,
2026-01-22,2026-01-27,NIFTY_AUTO,SELL,HEROMOTOCO,SECTOR_ROTATION,2025-09-23,3,,0.5098480824381113,5277.14111328125,17.21364824013384,90838.85083757172,92130.05625725421,0.0,90.83885083757173,2.69791386987588,0.09083885083757172,0.5019754897284213,0.0,94.1295790480136,90744.72125852371,-1385.3349987304973,2026-01-27,3,,90838.85083757172,,5277.14111328125,NIFTY_AUTO,1643555.458719728,0.0,0.0,
2026-01-22,2026-01-27,NIFTY_PHARMA,SELL,GLENMARK,SECTOR_ROTATION,2025-06-24,3,,0.557764907522748,1999.699951171875,49.079686037379446,98144.64577247863,82889.00126993372,0.0,98.14464577247863,2.9148959794426155,0.09814464577247863,0.5423473125387169,0.0,101.70003371023245,98042.9457387684,15153.94446883467,2026-01-27,3,,98144.64577247863,,1999.699951171875,NIFTY_PHARMA,1643555.458719728,0.0,0.0,
2026-01-22,2026-01-27,NIFTY_PHARMA,SELL,SUNPHARMA,SECTOR_ROTATION,2025-11-24,3,,0.35106840155397856,1628.32275390625,49.63118569010763,80815.58896254851,88168.87706058391,0.0,80.81558896254852,2.400222992187691,0.0808155889625485,0.44658694460704307,0.0,83.74321448830581,80731.84574806021,-7437.031312523701,2026-01-27,3,,80815.58896254851,,1628.32275390625,NIFTY_PHARMA,1643555.458719728,0.0,0.0,
2026-01-22,2026-01-27,NIFTY_PHARMA,SELL,LUPIN,SECTOR_ROTATION,2026-01-22,1,,0.7831837857762973,2150.5,39.76822488152505,85521.56760771963,85563.41281532761,0.0,85.52156760771963,2.539990557949273,0.08552156760771962,0.4725921826002586,0.0,88.61967191587686,85432.94793580375,-130.46487952386087,2026-01-27,1,,85521.56760771963,,2150.5,NIFTY_PHARMA,1643555.458719728,0.0,0.0,
2026-02-23,2026-02-24,NIFTY_BANK,BUY,SBIN,INITIAL_ENTRY,2026-02-24,1,,0.9349559247493744,1210.1862912839226,74.48970250917328,90253.47784042386,90253.47784042386,0.0,90.25347784042387,2.680528291860589,0.09025347784042385,0.49874071854618224,13.538021676063577,107.06102200473464,90146.41681841912,0.0,2026-02-24,1,,90253.47784042386,1210.1862912839226,,NIFTY_BANK,1649867.3354498388,0.0,0.05463858510408085,
2026-02-23,2026-02-24,NIFTY_BANK,BUY,FEDERALBNK,INITIAL_ENTRY,2026-02-24,2,,0.8372809737920761,296.45001220703125,304.0863994144947,90253.47784042386,90253.47784042386,0.0,90.25347784042387,2.680528291860589,0.09025347784042385,0.49874071854618224,13.538021676063577,107.06102200473464,90146.41681841912,0.0,2026-02-24,2,,90253.47784042386,296.45001220703125,,NIFTY_BANK,1649867.3354498388,0.0,0.05463858510408085,
2026-02-23,2026-02-24,NIFTY_BANK,BUY,RBLBANK,INITIAL_ENTRY,2026-02-24,3,,0.6374092400074005,319.29998779296875,282.32514959214234,90253.47784042386,90253.47784042386,0.0,90.25347784042387,2.680528291860589,0.09025347784042385,0.49874071854618224,13.538021676063577,107.06102200473464,90146.41681841912,0.0,2026-02-24,3,,90253.47784042386,319.29998779296875,,NIFTY_BANK,1649867.3354498388,0.0,0.05463858510408085,
2026-02-23,2026-02-24,NIFTY_PRIVATE_BANK,BUY,AXISBANK,INITIAL_ENTRY,2026-02-24,3,,0.5436270932356517,1398.0,64.48241546381911,90253.47784042386,90253.47784042386,0.0,90.25347784042387,2.680528291860589,0.09025347784042385,0.49874071854618224,13.538021676063577,107.06102200473464,90146.41681841912,0.0,2026-02-24,3,,90253.47784042386,1398.0,,NIFTY_PRIVATE_BANK,1649867.3354498388,0.0,0.05463858510408085,
2026-02-23,2026-02-24,NIFTY_PRIVATE_BANK,BUY,INDUSINDBK,INITIAL_ENTRY,2026-02-24,4,,0.5155249126255512,918.2626746733204,98.17062078722678,90253.47784042386,90253.47784042386,0.0,90.25347784042387,2.680528291860589,0.09025347784042385,0.49874071854618224,13.538021676063577,107.06102200473464,90146.41681841912,0.0,2026-02-24,4,,90253.47784042386,918.2626746733204,,NIFTY_PRIVATE_BANK,1649867.3354498388,0.0,0.05463858510408085,
2026-02-23,2026-02-24,NIFTY_PRIVATE_BANK,BUY,KOTAKBANK,INITIAL_ENTRY,2026-02-24,5,,0.3471576205144326,430.8999938964844,209.20496192922923,90253.47784042386,90253.47784042386,0.0,90.25347784042387,2.680528291860589,0.09025347784042385,0.49874071854618224,13.538021676063577,107.06102200473464,90146.41681841912,0.0,2026-02-24,5,,90253.47784042386,430.8999938964844,,NIFTY_PRIVATE_BANK,1649867.3354498388,0.0,0.05463858510408085,
2026-02-23,2026-02-24,NIFTY_PSU_BANK,SELL,SBIN,DUPLICATE_EXIT,2025-09-23,3,1.0,0.9127635632952055,1201.640380859375,109.61789732952641,131721.29189605598,92130.05625725421,0.0,131.721291896056,3.9121223693128626,0.13172129189605597,0.7278918590176053,0.0,136.4930274162825,131584.7988686397,39454.742611385474,2026-02-24,3,1.0,131721.29189605598,,1201.640380859375,NIFTY_PSU_BANK,1649867.3354498388,0.0,0.0,
2026-02-23,2026-02-24,NIFTY_PSU_BANK,BUY,UNIONBANK,MONTHLY_REPLACEMENT,2026-02-24,2,,0.7960638528068861,191.95041928993504,684.7013413422038,131584.7988686397,131584.7988686397,0.0,131.5847988686397,3.9080685263985986,0.1315847988686397,0.7271375985481029,19.73771983029595,156.089309622751,131428.70955901695,0.0,2026-02-24,2,,131584.7988686397,191.95041928993504,,NIFTY_PSU_BANK,1649867.3354498388,0.0,0.07966016826630652,
2026-03-05,2026-03-09,NIFTY_BANK,SELL,SBIN,SECTOR_ROTATION,2026-02-24,1,,0.8824154610435169,1079.050048828125,74.48970250917328,80378.11712971593,90253.47784042386,0.0,80.37811712971593,2.3872300787525633,0.08037811712971593,0.44416947525881023,0.0,83.28989480085701,80294.82723491508,-9958.650605508781,2026-03-09,1,,80378.11712971593,,1079.050048828125,NIFTY_BANK,1578771.334220556,0.0,0.0,
2026-03-05,2026-03-09,NIFTY_BANK,SELL,FEDERALBNK,SECTOR_ROTATION,2026-02-24,2,,0.7969810937841734,273.29998779296875,304.0863994144947,83106.80924798922,90253.47784042386,0.0,83.10680924798922,2.46827223466528,0.08310680924798922,0.45924822790438846,0.0,86.11743651980687,83020.69181146941,-7232.786028954448,2026-03-09,2,,83106.80924798922,,273.29998779296875,NIFTY_BANK,1578771.334220556,0.0,0.0,
2026-03-05,2026-03-09,NIFTY_BANK,SELL,RBLBANK,SECTOR_ROTATION,2026-02-24,3,,0.5789563680688541,297.8999938964844,282.32514959214234,84104.66034032324,90253.47784042386,0.0,84.10466034032325,2.4979084121076003,0.08410466034032324,0.46476235304062624,0.0,87.15143576581181,84017.50890455743,-6235.968935866433,2026-03-09,3,,84104.66034032324,,297.8999938964844,NIFTY_BANK,1578771.334220556,0.0,0.0,
2026-03-05,2026-03-09,NIFTY_PRIVATE_BANK,SELL,AXISBANK,SECTOR_ROTATION,2026-02-24,3,,0.5277798573176067,1288.300048828125,64.48241546381911,83072.6989905936,90253.47784042386,0.0,83.07269899059361,2.46725916002063,0.08307269899059361,0.4590597346220202,0.0,86.08209058422685,82986.61690000938,-7266.860940414481,2026-03-09,3,,83072.6989905936,,1288.300048828125,NIFTY_PRIVATE_BANK,1578771.334220556,0.0,0.0,
2026-03-05,2026-03-09,NIFTY_PRIVATE_BANK,SELL,INDUSINDBK,SECTOR_ROTATION,2026-02-24,4,,0.5533187836408615,879.7750244140625,98.17062078722678,86368.06029982612,90253.47784042386,0.0,86.36806029982611,2.5651313909048357,0.08636806029982612,0.4772699012168391,0.0,89.49682965224763,86278.56347017387,-3974.914370249986,2026-03-09,4,,86368.06029982612,,879.7750244140625,NIFTY_PRIVATE_BANK,1578771.334220556,0.0,0.0,
2026-03-05,2026-03-09,NIFTY_PRIVATE_BANK,SELL,KOTAKBANK,SECTOR_ROTATION,2026-02-24,5,,0.2860957322021326,386.3500061035156,209.20496192922923,80826.33831824346,90253.47784042386,0.0,80.82633831824346,2.400542248051831,0.08082633831824346,0.4466463455466133,0.0,83.75435325016015,80742.5839649933,-9510.893875430556,2026-03-09,5,,80826.33831824346,,386.3500061035156,NIFTY_PRIVATE_BANK,1578771.334220556,0.0,0.0,
2026-03-05,2026-03-09,NIFTY_MIDSMALL_FINANCIAL_SERVICES,SELL,MCX,SECTOR_ROTATION,2026-01-22,1,,0.8317267398039501,2577.10009765625,44.95318573455239,115848.8593464745,106890.61254331675,0.0,115.84885934647451,3.440711122590293,0.1158488593464745,0.6401807967486182,0.0,120.0456001251599,115728.81374634935,8838.2012030326,2026-03-09,1,,115848.8593464745,,2577.10009765625,NIFTY_MIDSMALL_FINANCIAL_SERVICES,1578771.334220556,0.0,0.0,
2026-03-05,2026-03-09,NIFTY_MIDSMALL_FINANCIAL_SERVICES,SELL,MUTHOOTFIN,SECTOR_ROTATION,2026-01-22,2,,0.4212275380268693,3214.718017578125,27.38213476758646,88025.8419971126,106890.61254331675,0.0,88.02584199711261,2.614367507314244,0.0880258419971126,0.4864308028760442,0.0,91.2146661493,87934.6273309633,-18955.98521235345,2026-03-09,2,,88025.8419971126,,3214.718017578125,NIFTY_MIDSMALL_FINANCIAL_SERVICES,1578771.334220556,0.0,0.0,
2026-03-05,2026-03-09,NIFTY_MIDSMALL_FINANCIAL_SERVICES,SELL,AUBANK,SECTOR_ROTATION,2026-01-22,3,,0.6320716440677643,931.6500244140625,106.41795775685216,99144.292942266,106890.61254331675,0.0,99.14429294226599,2.9445855003853,0.099144292942266,0.5478713627989619,0.0,102.73589409839252,99041.5570481676,-7849.05549514915,2026-03-09,3,,99144.292942266,,931.6500244140625,NIFTY_MIDSMALL_FINANCIAL_SERVICES,1578771.334220556,0.0,0.0,
2026-03-12,2026-03-16,NIFTY_PSU_BANK,SELL,INDIANB,SECTOR_ROTATION,2025-09-23,1,,0.746880831817786,859.1478271484375,133.50530571357146,114700.7933166028,92130.05625725421,0.0,114.7007933166028,3.4066135615031032,0.1147007933166028,0.633836583867547,0.0,118.85594425529005,114581.9373723475,22451.88111509329,2026-03-16,1,,114700.7933166028,,859.1478271484375,NIFTY_PSU_BANK,1541791.0930255759,0.0,0.0,
2026-03-12,2026-03-16,NIFTY_PSU_BANK,SELL,CANBK,SECTOR_ROTATION,2025-09-23,2,,0.6519761526336273,130.21450805664062,800.339560052659,104215.82209052517,92130.05625725421,0.0,104.21582209052517,3.0952099160885975,0.10421582209052516,0.5758966328722421,0.0,107.99114446157652,104107.8309460636,11977.774688809382,2026-03-16,2,,104215.82209052517,,130.21450805664062,NIFTY_PSU_BANK,1541791.0930255759,0.0,0.0,
2026-03-12,2026-03-16,NIFTY_PSU_BANK,SELL,UNIONBANK,SECTOR_ROTATION,2026-02-24,2,,0.772460587322712,170.5794219970703,684.7013413422038,116795.95904677187,131584.7988686397,0.0,116.79595904677187,3.4688399836891244,0.11679595904677186,0.6454144696924613,0.0,121.02700945920022,116674.93203731267,-14909.866831327017,2026-03-16,2,,116795.95904677187,,170.5794219970703,NIFTY_PSU_BANK,1541791.0930255759,0.0,0.0,
2026-03-23,2026-03-24,NIFTY_HEALTHCARE,BUY,TORNTPHARM,INITIAL_ENTRY,2026-03-24,1,,0.9249598160386086,4191.6698757226395,21.18213766790811,88893.97671239986,88893.97671239986,0.0,88.89397671239986,2.640151108358276,0.08889397671239986,0.49122811531272165,13.334096506859979,105.44834641964324,88788.52836598022,0.0,2026-03-24,1,,88893.97671239986,4191.6698757226395,,NIFTY_HEALTHCARE,1520822.7491752142,0.0,0.05838190440939471,
2026-03-23,2026-03-24,NIFTY_HEALTHCARE,BUY,LUPIN,INITIAL_ENTRY,2026-03-24,2,,0.8469516163070997,2325.0,38.188614350959234,88893.97671239986,88893.97671239986,0.0,88.89397671239986,2.640151108358276,0.08889397671239986,0.49122811531272165,13.334096506859979,105.44834641964324,88788.52836598022,0.0,2026-03-24,2,,88893.97671239986,2325.0,,NIFTY_HEALTHCARE,1520822.7491752142,0.0,0.05838190440939471,
2026-03-23,2026-03-24,NIFTY_HEALTHCARE,BUY,IPCALAB,INITIAL_ENTRY,2026-03-24,3,,0.7869512028992176,1550.0,57.282921526438855,88893.97671239986,88893.97671239986,0.0,88.89397671239986,2.640151108358276,0.08889397671239986,0.49122811531272165,13.334096506859979,105.44834641964324,88788.52836598022,0.0,2026-03-24,3,,88893.97671239986,1550.0,,NIFTY_HEALTHCARE,1520822.7491752142,0.0,0.05838190440939471,
2026-03-23,2026-03-24,NIFTY_PHARMA,BUY,AUROPHARMA,INITIAL_ENTRY,2026-03-24,2,,0.7479322724975646,1303.0,68.14161808594031,88893.97671239986,88893.97671239986,0.0,88.89397671239986,2.640151108358276,0.08889397671239986,0.49122811531272165,13.334096506859979,105.44834641964324,88788.52836598022,0.0,2026-03-24,2,,88893.97671239986,1303.0,,NIFTY_PHARMA,1520822.7491752142,0.0,0.05838190440939471,
2026-03-23,2026-03-24,NIFTY_PHARMA,BUY,SUNPHARMA,INITIAL_ENTRY,2026-03-24,3,,0.7202562813957533,1775.0,50.021706121678996,88893.97671239986,88893.97671239986,0.0,88.89397671239986,2.640151108358276,0.08889397671239986,0.49122811531272165,13.334096506859979,105.44834641964324,88788.52836598022,0.0,2026-03-24,3,,88893.97671239986,1775.0,,NIFTY_PHARMA,1520822.7491752142,0.0,0.05838190440939471,
2026-03-23,2026-03-24,NIFTY_PHARMA,BUY,GLENMARK,INITIAL_ENTRY,2026-03-24,4,,0.660833865404129,2103.0,42.21993740655265,88893.97671239986,88893.97671239986,0.0,88.89397671239986,2.640151108358276,0.08889397671239986,0.49122811531272165,13.334096506859979,105.44834641964324,88788.52836598022,0.0,2026-03-24,4,,88893.97671239986,2103.0,,NIFTY_PHARMA,1520822.7491752142,0.0,0.05838190440939471,
2026-03-23,2026-03-24,NIFTY_MIDSMALL_HEALTHCARE,BUY,JBCHEPHARM,INITIAL_ENTRY,2026-03-24,1,,0.9243155022462209,2096.1185673713726,95.62634424837876,200682.21016430776,200682.21016430776,0.0,200.68221016430778,5.96026164187994,0.20068221016430776,1.1089698933679646,30.10233152464616,238.05445543436616,200444.15570887338,0.0,2026-03-24,1,,200682.21016430776,2096.1185673713726,,NIFTY_MIDSMALL_HEALTHCARE,1520822.7491752142,0.0,0.1317998141582114,
2026-03-23,2026-03-24,NIFTY_MIDSMALL_HEALTHCARE,BUY,AJANTPHARM,INITIAL_ENTRY,2026-03-24,5,,0.7696453606088957,2821.10009765625,71.0517701500209,200682.21016430776,200682.21016430776,0.0,200.68221016430778,5.96026164187994,0.20068221016430776,1.1089698933679646,30.10233152464616,238.05445543436616,200444.15570887338,0.0,2026-03-24,5,,200682.21016430776,2821.10009765625,,NIFTY_MIDSMALL_HEALTHCARE,1520822.7491752142,0.0,0.1317998141582114,
2026-03-23,2026-03-24,NIFTY_MIDSMALL_HEALTHCARE,BUY,LAURUSLABS,INITIAL_ENTRY,2026-03-24,6,,0.7578486762940884,977.0272775380412,205.15717454067598,200682.21016430776,200682.21016430776,0.0,200.68221016430778,5.96026164187994,0.20068221016430776,1.1089698933679646,30.10233152464616,238.05445543436616,200444.15570887338,0.0,2026-03-24,6,,200682.21016430776,977.0272775380412,,NIFTY_MIDSMALL_HEALTHCARE,1520822.7491752142,0.0,0.1317998141582114,
2026-04-24,2026-04-27,NIFTY_PHARMA,SELL,SUNPHARMA,RANK_EXIT,2026-03-24,3,6.0,0.3929643829663595,1733.5,50.021706121678996,86712.62756193054,88893.97671239986,0.0,86.71262756193055,2.575365038589337,0.08671262756193053,0.47917397990722815,0.0,89.85387920798905,86622.77368272255,-2271.2030296773155,2026-04-27,3,6.0,86712.62756193054,,1733.5,NIFTY_PHARMA,1648357.175063278,86622.77368272255,0.0,
2026-05-21,2026-05-22,NIFTY_PHARMA,BUY,DIVISLAB,MONTHLY_REPLACEMENT,2026-05-22,3,,0.48720301439364755,6858.0,12.615925852491687,86622.77368272255,86622.77368272255,0.0,86.62277368272255,2.5726963783768597,0.08662277368272255,0.47867744737072476,12.993416052408381,102.75418633456124,86520.01949638799,0.0,2026-05-22,3,,86622.77368272255,6858.0,,NIFTY_PHARMA,1725756.238270214,0.0,0.050134554103139176,
2026-06-10,2026-06-11,NIFTY_PHARMA,SELL,GLENMARK,RANK_EXIT,2026-03-24,4,6.0,0.43626220896840096,2144.5,42.21993740655265,90540.65576835217,88893.97671239986,0.0,90.54065576835217,2.6890574763200594,0.09054065576835216,0.5003276637759141,0.0,93.8205815642165,90446.83518678795,1552.8584743880929,2026-06-11,4,6.0,90540.65576835217,,2144.5,NIFTY_PHARMA,1699429.2890584976,90446.83518678795,0.0,
2026-06-22,2026-06-23,NIFTY_PHARMA,BUY,BIOCON,MONTHLY_REPLACEMENT,2026-06-23,3,,0.5196711545189222,422.94373185964486,213.59707685477915,90446.83518678795,90446.83518678795,0.0,90.44683518678795,2.6862710050476024,0.09044683518678795,0.4998092112421902,13.567025278018193,107.29038751628272,90339.54479927167,0.0,2026-06-23,3,,90446.83518678795,422.94373185964486,,NIFTY_PHARMA,1717122.4246644508,0.0,0.05261100985092851,
2026-07-16,2026-07-17,NIFTY_MIDSMALL_HEALTHCARE,SELL,TORNTPHARM,DUPLICATE_EXIT,2026-03-24,1,,0.8030308907230695,4763.0,48.76943556667317,232288.8216040643,200682.21016430776,0.0,232.28882160406428,6.898978001640709,0.23228882160406428,1.2836280281840593,0.0,240.70371645549312,232048.1178876088,31365.907723301032,2026-07-17,1,,232288.8216040643,,4763.0,NIFTY_MIDSMALL_HEALTHCARE,1779507.300458107,232048.1178876088,0.0,
2026-07-21,2026-07-22,NIFTY_MIDSMALL_HEALTHCARE,BUY,GRANULES,MONTHLY_REPLACEMENT,2026-07-22,2,,0.8715935548146566,882.25,262.70655299169107,232048.1178876088,232048.1178876088,0.0,232.0481178876088,6.8918291012619814,0.2320481178876088,1.2822978994469263,34.80721768314132,275.26151068934666,231772.85637691946,0.0,2026-07-22,2,,232048.1178876088,882.25,,NIFTY_MIDSMALL_HEALTHCARE,1794397.391542418,0.0,0.1291647309951189,
2026-07-28,2026-07-29,NIFTY_METAL,SELL,NATIONALUM,RANK_EXIT,2025-10-23,2,11.0,0.5662346010406812,341.0,435.66697445072964,148562.4382876988,96489.29743067776,0.0,148.56243828769882,4.412304417144655,0.1485624382876988,0.8209560339778236,0.0,153.94426117710904,148408.4940265217,51919.196595843925,2026-07-29,2,11.0,148562.4382876988,,341.0,NIFTY_METAL,1825157.472984508,148408.4940265217,0.0,
2026-08-04,2026-08-05,NIFTY_METAL,SELL,HINDCOPPER,RANK_EXIT,2025-10-23,1,10.0,0.3829580762734016,533.7999877929688,278.1825973771801,148493.8670841551,96489.29743067776,0.0,148.49386708415508,4.410267852399406,0.14849386708415507,0.820577109507041,0.0,153.87320591314568,148339.99387824195,51850.69644756419,2026-08-05,1,10.0,148493.8670841551,,533.7999877929688,NIFTY_METAL,1870891.4387536664,296748.48790476366,0.0,
2020-05-21,2020-05-22,NIFTY_AUTO,KEEP,MRF,SELECTED,,1,,0.9367855389912924,,,,,,,,,,,,,,2020-05-22,1,,,,,NIFTY_AUTO,998813.774,0.0,0.1111111111111111,
2020-05-21,2020-05-22,NIFTY_AUTO,KEEP,BAJAJ-AUTO,SELECTED,,2,,0.8953724304835002,,,,,,,,,,,,,,2020-05-22,2,,,,,NIFTY_AUTO,998813.774,0.0,0.1111111111111111,
2020-05-21,2020-05-22,NIFTY_AUTO,KEEP,EXIDEIND,SELECTED,,3,,0.8067068581779798,,,,,,,,,,,,,,2020-05-22,3,,,,,NIFTY_AUTO,998813.774,0.0,0.1111111111111111,
2020-05-21,2020-05-22,NIFTY_AUTO,SKIP,APOLLOTYRE,ENTRY_FILTERED,,11,,0.11952498151610295,,,,,,,,,,,,,,2020-05-22,11,,,,,NIFTY_AUTO,998813.774,0.0,,
2020-05-21,2020-05-22,NIFTY_METAL,KEEP,HINDZINC,SELECTED,,1,,0.8814261356989543,,,,,,,,,,,,,,2020-05-22,1,,,,,NIFTY_METAL,998813.774,0.0,0.1111111111111111,
2020-05-21,2020-05-22,NIFTY_METAL,SKIP,APLAPOLLO,ENTRY_FILTERED,,2,,0.8266937422255676,,,,,,,,,,,,,,2020-05-22,2,,,,,NIFTY_METAL,998813.774,0.0,,
2020-05-21,2020-05-22,NIFTY_METAL,SKIP,RATNAMANI,ENTRY_FILTERED,,3,,0.740527305752039,,,,,,,,,,,,,,2020-05-22,3,,,,,NIFTY_METAL,998813.774,0.0,,
2020-05-21,2020-05-22,NIFTY_METAL,KEEP,NMDC,SELECTED,,4,,0.6389855965971947,,,,,,,,,,,,,,2020-05-22,4,,,,,NIFTY_METAL,998813.774,0.0,0.1111111111111111,
2020-05-21,2020-05-22,NIFTY_METAL,KEEP,TATASTEEL,SELECTED,,5,,0.5545466393232346,,,,,,,,,,,,,,2020-05-22,5,,,,,NIFTY_METAL,998813.774,0.0,0.1111111111111111,
2020-05-21,2020-05-22,NIFTY_METAL,SKIP,NATIONALUM,ENTRY_FILTERED,,7,,0.5365469865500927,,,,,,,,,,,,,,2020-05-22,7,,,,,NIFTY_METAL,998813.774,0.0,,
2020-05-21,2020-05-22,NIFTY_METAL,SKIP,HINDCOPPER,ENTRY_FILTERED,,8,,0.5254689728220304,,,,,,,,,,,,,,2020-05-22,8,,,,,NIFTY_METAL,998813.774,0.0,,
2020-05-21,2020-05-22,NIFTY_METAL,SKIP,WELCORP,ENTRY_FILTERED,,14,,0.10407568886876106,,,,,,,,,,,,,,2020-05-22,14,,,,,NIFTY_METAL,998813.774,0.0,,
2020-05-21,2020-05-22,NIFTY_PHARMA,KEEP,AUROPHARMA,SELECTED,,1,,0.6866768995920818,,,,,,,,,,,,,,2020-05-22,1,,,,,NIFTY_PHARMA,998813.774,0.0,0.1111111111111111,
2020-05-21,2020-05-22,NIFTY_PHARMA,KEEP,DRREDDY,SELECTED,,2,,0.6384381155172985,,,,,,,,,,,,,,2020-05-22,2,,,,,NIFTY_PHARMA,998813.774,0.0,0.1111111111111111,
2020-05-21,2020-05-22,NIFTY_PHARMA,KEEP,CIPLA,SELECTED,,3,,0.6322623416781425,,,,,,,,,,,,,,2020-05-22,3,,,,,NIFTY_PHARMA,998813.774,0.0,0.1111111111111111,
2020-06-22,2020-06-23,NIFTY_AUTO,KEEP,MRF,SELECTED,,2,,0.8137774653732777,,,,,,,,,,,,,,2020-06-23,2,,,,,NIFTY_AUTO,1100329.4035922883,0.0,0.1135723392787451,
2020-06-22,2020-06-23,NIFTY_AUTO,KEEP,BAJAJ-AUTO,SELECTED,,3,,0.7884552826484045,,,,,,,,,,,,,,2020-06-23,3,,,,,NIFTY_AUTO,1100329.4035922883,0.0,0.11005591909499898,
2020-06-22,2020-06-23,NIFTY_AUTO,KEEP,EXIDEIND,SELECTED,,7,,0.5331490809718769,,,,,,,,,,,,,,2020-06-23,7,,,,,NIFTY_AUTO,1100329.4035922883,0.0,0.10151757029083443,
2020-06-22,2020-06-23,NIFTY_AUTO,SKIP,APOLLOTYRE,ENTRY_FILTERED,,11,,0.28553479176480323,,,,,,,,,,,,,,2020-06-23,11,,,,,NIFTY_AUTO,1100329.4035922883,0.0,,
2020-06-22,2020-06-23,NIFTY_IT,SKIP,TATAELXSI,ENTRY_FILTERED,,1,,0.8831492501000564,,,,,,,,,,,,,,2020-06-23,1,,,,,NIFTY_IT,1100329.4035922883,0.0,,
2020-06-22,2020-06-23,NIFTY_IT,SKIP,JUSTDIAL,ENTRY_FILTERED,,7,,0.14035332947969437,,,,,,,,,,,,,,2020-06-23,7,,,,,NIFTY_IT,1100329.4035922883,0.0,,
2020-06-22,2020-06-23,NIFTY_MEDIA,SKIP,NETWORK18,ENTRY_FILTERED,,1,,0.9638354058067005,,,,,,,,,,,,,,2020-06-23,1,,,,,NIFTY_MEDIA,1100329.4035922883,0.0,,
2020-06-22,2020-06-23,NIFTY_MEDIA,SKIP,BALAJITELE,ENTRY_FILTERED,,2,,0.6295762428392967,,,,,,,,,,,,,,2020-06-23,2,,,,,NIFTY_MEDIA,1100329.4035922883,0.0,,
2020-06-22,2020-06-23,NIFTY_MEDIA,SKIP,SAREGAMA,ENTRY_FILTERED,,3,,0.45953113585710526,,,,,,,,,,,,,,2020-06-23,3,,,,,NIFTY_MEDIA,1100329.4035922883,0.0,,
2020-06-22,2020-06-23,NIFTY_MEDIA,SKIP,TVTODAY,ENTRY_FILTERED,,5,,0.2641718617329995,,,,,,,,,,,,,,2020-06-23,5,,,,,NIFTY_MEDIA,1100329.4035922883,0.0,,
2020-06-22,2020-06-23,NIFTY_MEDIA,SKIP,DISHTV,ENTRY_FILTERED,,6,,0.2502496152495345,,,,,,,,,,,,,,2020-06-23,6,,,,,NIFTY_MEDIA,1100329.4035922883,0.0,,
2020-06-22,2020-06-23,NIFTY_MEDIA,SKIP,JAGRAN,ENTRY_FILTERED,,7,,0.24348426377400756,,,,,,,,,,,,,,2020-06-23,7,,,,,NIFTY_MEDIA,1100329.4035922883,0.0,,
2020-06-22,2020-06-23,NIFTY_MEDIA,SKIP,DBCORP,ENTRY_FILTERED,,8,,0.190795985981822,,,,,,,,,,,,,,2020-06-23,8,,,,,NIFTY_MEDIA,1100329.4035922883,0.0,,
2020-06-22,2020-06-23,NIFTY_METAL,KEEP,HINDZINC,SELECTED,,1,,0.7995995258291563,,,,,,,,,,,,,,2020-06-23,1,,,,,NIFTY_METAL,1100329.4035922883,0.0,0.11351286989748748,
2020-06-22,2020-06-23,NIFTY_METAL,KEEP,JINDALSTEL,SELECTED,,2,,0.7791048660874367,,,,,,,,,,,,,,2020-06-23,2,,,,,NIFTY_METAL,1100329.4035922883,0.0,0.11448702641428644,
2020-06-22,2020-06-23,NIFTY_METAL,SKIP,APLAPOLLO,ENTRY_FILTERED,,3,,0.7147566042840481,,,,,,,,,,,,,,2020-06-23,3,,,,,NIFTY_METAL,1100329.4035922883,0.0,,
2020-06-22,2020-06-23,NIFTY_METAL,SKIP,RATNAMANI,ENTRY_FILTERED,,4,,0.618318629761537,,,,,,,,,,,,,,2020-06-23,4,,,,,NIFTY_METAL,1100329.4035922883,0.0,,
2020-06-22,2020-06-23,NIFTY_METAL,KEEP,NMDC,SELECTED,,5,,0.5734943350156149,,,,,,,,,,,,,,2020-06-23,5,,,,,NIFTY_METAL,1100329.4035922883,0.0,0.11837144917334823,
2020-06-22,2020-06-23,NIFTY_METAL,SKIP,HINDCOPPER,ENTRY_FILTERED,,6,,0.5619009584188461,,,,,,,,,,,,,,2020-06-23,6,,,,,NIFTY_METAL,1100329.4035922883,0.0,,
2020-06-22,2020-06-23,NIFTY_METAL,SKIP,NATIONALUM,ENTRY_FILTERED,,12,,0.40800257896383607,,,,,,,,,,,,,,2020-06-23,12,,,,,NIFTY_METAL,1100329.4035922883,0.0,,
2020-06-22,2020-06-23,NIFTY_METAL,SKIP,WELCORP,ENTRY_FILTERED,,14,,0.19069377332925797,,,,,,,,,,,,,,2020-06-23,14,,,,,NIFTY_METAL,1100329.4035922883,0.0,,
2020-06-22,2020-06-23,NIFTY_PHARMA,KEEP,CIPLA,SELECTED,,3,,0.5299332800010841,,,,,,,,,,,,,,2020-06-23,3,,,,,NIFTY_PHARMA,1100329.4035922883,0.0,0.10790897858221295,
2020-06-22,2020-06-23,NIFTY_PHARMA,KEEP,DRREDDY,SELECTED,,4,,0.5232761520892382,,,,,,,,,,,,,,2020-06-23,4,,,,,NIFTY_PHARMA,1100329.4035922883,0.0,0.10790473486463165,
2020-06-22,2020-06-23,NIFTY_PHARMA,KEEP,AUROPHARMA,SELECTED,,5,,0.4983826850851377,,,,,,,,,,,,,,2020-06-23,5,,,,,NIFTY_PHARMA,1100329.4035922883,0.0,0.11266911240345472,
2020-07-21,2020-07-22,NIFTY_AUTO,KEEP,HEROMOTOCO,SELECTED,,1,,0.8424464675287406,,,,,,,,,,,,,,2020-07-22,1,,,,,NIFTY_AUTO,1131993.4134542434,0.0,0.09880948689907658,
2020-07-21,2020-07-22,NIFTY_AUTO,KEEP,BAJAJ-AUTO,SELECTED,,4,,0.6380922595659893,,,,,,,,,,,,,,2020-07-22,4,,,,,NIFTY_AUTO,1131993.4134542434,0.0,0.11158409741739361,
2020-07-21,2020-07-22,NIFTY_AUTO,KEEP,MRF,SELECTED,,5,,0.6307777141531309,,,,,,,,,,,,,,2020-07-22,5,,,,,NIFTY_AUTO,1131993.4134542434,0.0,0.11018183706529859,
2020-07-21,2020-07-22,NIFTY_AUTO,SKIP,APOLLOTYRE,ENTRY_FILTERED,,11,,0.11766179775198302,,,,,,,,,,,,,,2020-07-22,11,,,,,NIFTY_AUTO,1131993.4134542434,0.0,,
2020-07-21,2020-07-22,NIFTY_IT,SKIP,TATAELXSI,ENTRY_FILTERED,,3,,0.7278097793459892,,,,,,,,,,,,,,2020-07-22,3,,,,,NIFTY_IT,1131993.4134542434,0.0,,
2020-07-21,2020-07-22,NIFTY_IT,SKIP,JUSTDIAL,ENTRY_FILTERED,,7,,0.0,,,,,,,,,,,,,,2020-07-22,7,,,,,NIFTY_IT,1131993.4134542434,0.0,,
2020-07-21,2020-07-22,NIFTY_MEDIA,SKIP,NETWORK18,ENTRY_FILTERED,,1,,0.9091330754260223,,,,,,,,,,,,,,2020-07-22,1,,,,,NIFTY_MEDIA,1131993.4134542434,0.0,,
2020-07-21,2020-07-22,NIFTY_MEDIA,SKIP,BALAJITELE,ENTRY_FILTERED,,2,,0.7268365534643333,,,,,,,,,,,,,,2020-07-22,2,,,,,NIFTY_MEDIA,1131993.4134542434,0.0,,
2020-07-21,2020-07-22,NIFTY_MEDIA,SKIP,SAREGAMA,ENTRY_FILTERED,,3,,0.44869866222143173,,,,,,,,,,,,,,2020-07-22,3,,,,,NIFTY_MEDIA,1131993.4134542434,0.0,,
2020-07-21,2020-07-22,NIFTY_MEDIA,SKIP,TVTODAY,ENTRY_FILTERED,,5,,0.2926695114001632,,,,,,,,,,,,,,2020-07-22,5,,,,,NIFTY_MEDIA,1131993.4134542434,0.0,,
2020-07-21,2020-07-22,NIFTY_MEDIA,SKIP,DISHTV,ENTRY_FILTERED,,6,,0.2379577249909441,,,,,,,,,,,,,,2020-07-22,6,,,,,NIFTY_MEDIA,1131993.4134542434,0.0,,
2020-07-21,2020-07-22,NIFTY_MEDIA,SKIP,JAGRAN,ENTRY_FILTERED,,7,,0.22245170703778666,,,,,,,,,,,,,,2020-07-22,7,,,,,NIFTY_MEDIA,1131993.4134542434,0.0,,
2020-07-21,2020-07-22,NIFTY_MEDIA,SKIP,DBCORP,ENTRY_FILTERED,,8,,0.14532878063619137,,,,,,,,,,,,,,2020-07-22,8,,,,,NIFTY_MEDIA,1131993.4134542434,0.0,,
2020-07-21,2020-07-22,NIFTY_METAL,KEEP,JINDALSTEL,SELECTED,,1,,0.8333333333333334,,,,,,,,,,,,,,2020-07-22,1,,,,,NIFTY_METAL,1131993.4134542434,0.0,0.13308105953981444,
2020-07-21,2020-07-22,NIFTY_METAL,SKIP,APLAPOLLO,ENTRY_FILTERED,,2,,0.6198117323219776,,,,,,,,,,,,,,2020-07-22,2,,,,,NIFTY_METAL,1131993.4134542434,0.0,,
2020-07-21,2020-07-22,NIFTY_METAL,KEEP,HINDZINC,SELECTED,,3,,0.5848649051040411,,,,,,,,,,,,,,2020-07-22,3,,,,,NIFTY_METAL,1131993.4134542434,0.0,0.11579735876565503,
2020-07-21,2020-07-22,NIFTY_METAL,SKIP,RATNAMANI,ENTRY_FILTERED,,4,,0.5813277574876945,,,,,,,,,,,,,,2020-07-22,4,,,,,NIFTY_METAL,1131993.4134542434,0.0,,
2020-07-21,2020-07-22,NIFTY_METAL,SKIP,HINDCOPPER,ENTRY_FILTERED,,5,,0.45199485883737606,,,,,,,,,,,,,,2020-07-22,5,,,,,NIFTY_METAL,1131993.4134542434,0.0,,
2020-07-21,2020-07-22,NIFTY_METAL,KEEP,TATASTEEL,SELECTED,,6,,0.4505890173216661,,,,,,,,,,,,,,2020-07-22,6,,,,,NIFTY_METAL,1131993.4134542434,0.0,0.10868275050676338,
2020-07-21,2020-07-22,NIFTY_METAL,SKIP,NATIONALUM,ENTRY_FILTERED,,11,,0.3009148547425866,,,,,,,,,,,,,,2020-07-22,11,,,,,NIFTY_METAL,1131993.4134542434,0.0,,
2020-07-21,2020-07-22,NIFTY_METAL,SKIP,WELCORP,ENTRY_FILTERED,,14,,0.13067401945590973,,,,,,,,,,,,,,2020-07-22,14,,,,,NIFTY_METAL,1131993.4134542434,0.0,,
2020-07-21,2020-07-22,NIFTY_PHARMA,KEEP,AUROPHARMA,SELECTED,,1,,0.9203696250915527,,,,,,,,,,,,,,2020-07-22,1,,,,,NIFTY_PHARMA,1131993.4134542434,0.0,0.11232254096929156,
2020-07-21,2020-07-22,NIFTY_PHARMA,KEEP,CIPLA,SELECTED,,3,,0.5729664427538713,,,,,,,,,,,,,,2020-07-22,3,,,,,NIFTY_PHARMA,1131993.4134542434,0.0,0.10519261511380076,
2020-07-21,2020-07-22,NIFTY_PHARMA,KEEP,DRREDDY,SELECTED,,4,,0.5397855335225662,,,,,,,,,,,,,,2020-07-22,4,,,,,NIFTY_PHARMA,1131993.4134542434,0.0,0.10434825372290614,
2020-08-21,2020-08-24,NIFTY_AUTO,KEEP,HEROMOTOCO,SELECTED,,1,,0.888788898785909,,,,,,,,,,,,,,2020-08-24,1,,,,,NIFTY_AUTO,1261452.8817522102,0.0,0.09432422233630687,
2020-08-21,2020-08-24,NIFTY_AUTO,KEEP,M&M,SELECTED,,2,,0.6293682319422563,,,,,,,,,,,,,,2020-08-24,2,,,,,NIFTY_AUTO,1261452.8817522102,0.0,0.09212989345584521,
2020-08-21,2020-08-24,NIFTY_AUTO,KEEP,BAJAJ-AUTO,SELECTED,,7,,0.4722440242767334,,,,,,,,,,,,,,2020-08-24,7,,,,,NIFTY_AUTO,1261452.8817522102,0.0,0.1019420650040811,
2020-08-21,2020-08-24,NIFTY_AUTO,SKIP,APOLLOTYRE,ENTRY_FILTERED,,10,,0.2527943331127366,,,,,,,,,,,,,,2020-08-24,10,,,,,NIFTY_AUTO,1261452.8817522102,0.0,,
2020-08-21,2020-08-24,NIFTY_IT,SKIP,TATAELXSI,ENTRY_FILTERED,,2,,0.8780310923854511,,,,,,,,,,,,,,2020-08-24,2,,,,,NIFTY_IT,1261452.8817522102,0.0,,
2020-08-21,2020-08-24,NIFTY_IT,SKIP,JUSTDIAL,ENTRY_FILTERED,,7,,0.0446948129683733,,,,,,,,,,,,,,2020-08-24,7,,,,,NIFTY_IT,1261452.8817522102,0.0,,
2020-08-21,2020-08-24,NIFTY_MEDIA,SKIP,NETWORK18,ENTRY_FILTERED,,1,,0.7503029517829418,,,,,,,,,,,,,,2020-08-24,1,,,,,NIFTY_MEDIA,1261452.8817522102,0.0,,
2020-08-21,2020-08-24,NIFTY_MEDIA,SKIP,BALAJITELE,ENTRY_FILTERED,,2,,0.7178013926992814,,,,,,,,,,,,,,2020-08-24,2,,,,,NIFTY_MEDIA,1261452.8817522102,0.0,,
2020-08-21,2020-08-24,NIFTY_MEDIA,SKIP,SAREGAMA,ENTRY_FILTERED,,3,,0.48613467564185464,,,,,,,,,,,,,,2020-08-24,3,,,,,NIFTY_MEDIA,1261452.8817522102,0.0,,
2020-08-21,2020-08-24,NIFTY_MEDIA,SKIP,DISHTV,ENTRY_FILTERED,,5,,0.3260073500374953,,,,,,,,,,,,,,2020-08-24,5,,,,,NIFTY_MEDIA,1261452.8817522102,0.0,,
2020-08-21,2020-08-24,NIFTY_MEDIA,SKIP,TVTODAY,ENTRY_FILTERED,,6,,0.3255921447028717,,,,,,,,,,,,,,2020-08-24,6,,,,,NIFTY_MEDIA,1261452.8817522102,0.0,,
2020-08-21,2020-08-24,NIFTY_MEDIA,SKIP,JAGRAN,ENTRY_FILTERED,,7,,0.26517651354273164,,,,,,,,,,,,,,2020-08-24,7,,,,,NIFTY_MEDIA,1261452.8817522102,0.0,,
2020-08-21,2020-08-24,NIFTY_MEDIA,SKIP,DBCORP,ENTRY_FILTERED,,9,,0.15755186400686702,,,,,,,,,,,,,,2020-08-24,9,,,,,NIFTY_MEDIA,1261452.8817522102,0.0,,
2020-08-21,2020-08-24,NIFTY_METAL,KEEP,JINDALSTEL,SELECTED,,1,,0.8491457688311737,,,,,,,,,,,,,,2020-08-24,1,,,,,NIFTY_METAL,1261452.8817522102,0.0,0.15551202976636425,
2020-08-21,2020-08-24,NIFTY_METAL,SKIP,APLAPOLLO,ENTRY_FILTERED,,2,,0.7630013177792232,,,,,,,,,,,,,,2020-08-24,2,,,,,NIFTY_METAL,1261452.8817522102,0.0,,
2020-08-21,2020-08-24,NIFTY_METAL,KEEP,HINDZINC,SELECTED,,3,,0.6131316535174847,,,,,,,,,,,,,,2020-08-24,3,,,,,NIFTY_METAL,1261452.8817522102,0.0,0.12013915457710025,
2020-08-21,2020-08-24,NIFTY_METAL,KEEP,TATASTEEL,SELECTED,,5,,0.5582226999104023,,,,,,,,,,,,,,2020-08-24,5,,,,,NIFTY_METAL,1261452.8817522102,0.0,0.11920786473714577,
2020-08-21,2020-08-24,NIFTY_METAL,SKIP,RATNAMANI,ENTRY_FILTERED,,6,,0.5291206141312917,,,,,,,,,,,,,,2020-08-24,6,,,,,NIFTY_METAL,1261452.8817522102,0.0,,
2020-08-21,2020-08-24,NIFTY_METAL,SKIP,HINDCOPPER,ENTRY_FILTERED,,11,,0.4395273452003797,,,,,,,,,,,,,,2020-08-24,11,,,,,NIFTY_METAL,1261452.8817522102,0.0,,
2020-08-21,2020-08-24,NIFTY_METAL,SKIP,NATIONALUM,ENTRY_FILTERED,,12,,0.39740966012080514,,,,,,,,,,,,,,2020-08-24,12,,,,,NIFTY_METAL,1261452.8817522102,0.0,,
2020-08-21,2020-08-24,NIFTY_METAL,SKIP,WELCORP,ENTRY_FILTERED,,13,,0.33836995561917627,,,,,,,,,,,,,,2020-08-24,13,,,,,NIFTY_METAL,1261452.8817522102,0.0,,
2020-08-21,2020-08-24,NIFTY_PHARMA,KEEP,AUROPHARMA,SELECTED,,1,,0.7927633759876093,,,,,,,,,,,,,,2020-08-24,1,,,,,NIFTY_PHARMA,1261452.8817522102,0.0,0.10638776855464133,
2020-08-21,2020-08-24,NIFTY_PHARMA,KEEP,CIPLA,SELECTED,,3,,0.6942785220841567,,,,,,,,,,,,,,2020-08-24,3,,,,,NIFTY_PHARMA,1261452.8817522102,0.0,0.10724336729461467,
2020-08-21,2020-08-24,NIFTY_PHARMA,KEEP,DRREDDY,SELECTED,,5,,0.4191867696742217,,,,,,,,,,,,,,2020-08-24,5,,,,,NIFTY_PHARMA,1261452.8817522102,0.0,0.10311363427390051,
2020-09-21,2020-09-22,NIFTY_AUTO,KEEP,HEROMOTOCO,SELECTED,,1,,0.8265662690003713,,,,,,,,,,,,,,2020-09-22,1,,,,,NIFTY_AUTO,1192030.0105488915,0.0,0.09932428039002882,
2020-09-21,2020-09-22,NIFTY_AUTO,KEEP,M&M,SELECTED,,2,,0.7536105314890544,,,,,,,,,,,,,,2020-09-22,2,,,,,NIFTY_AUTO,1192030.0105488915,0.0,0.09794077526987688,
2020-09-21,2020-09-22,NIFTY_AUTO,KEEP,BAJAJ-AUTO,SELECTED,,5,,0.4550383488337199,,,,,,,,,,,,,,2020-09-22,5,,,,,NIFTY_AUTO,1192030.0105488915,0.0,0.1059801515148144,
2020-09-21,2020-09-22,NIFTY_AUTO,SKIP,APOLLOTYRE,ENTRY_FILTERED,,10,,0.30855090667804086,,,,,,,,,,,,,,2020-09-22,10,,,,,NIFTY_AUTO,1192030.0105488915,0.0,,
2020-09-21,2020-09-22,NIFTY_IT,SKIP,TATAELXSI,ENTRY_FILTERED,,1,,0.9476785485943159,,,,,,,,,,,,,,2020-09-22,1,,,,,NIFTY_IT,1192030.0105488915,0.0,,
2020-09-21,2020-09-22,NIFTY_IT,SKIP,JUSTDIAL,ENTRY_FILTERED,,7,,0.09821224336822829,,,,,,,,,,,,,,2020-09-22,7,,,,,NIFTY_IT,1192030.0105488915,0.0,,
2020-09-21,2020-09-22,NIFTY_MEDIA,SKIP,SAREGAMA,ENTRY_FILTERED,,1,,0.7733850677808126,,,,,,,,,,,,,,2020-09-22,1,,,,,NIFTY_MEDIA,1192030.0105488915,0.0,,
2020-09-21,2020-09-22,NIFTY_MEDIA,SKIP,DISHTV,ENTRY_FILTERED,,2,,0.714812179406484,,,,,,,,,,,,,,2020-09-22,2,,,,,NIFTY_MEDIA,1192030.0105488915,0.0,,
2020-09-21,2020-09-22,NIFTY_MEDIA,SKIP,BALAJITELE,ENTRY_FILTERED,,3,,0.6572404379645984,,,,,,,,,,,,,,2020-09-22,3,,,,,NIFTY_MEDIA,1192030.0105488915,0.0,,
2020-09-21,2020-09-22,NIFTY_MEDIA,SKIP,NETWORK18,ENTRY_FILTERED,,4,,0.5858850913743179,,,,,,,,,,,,,,2020-09-22,4,,,,,NIFTY_MEDIA,1192030.0105488915,0.0,,
2020-09-21,2020-09-22,NIFTY_MEDIA,SKIP,TVTODAY,ENTRY_FILTERED,,6,,0.4641573006908099,,,,,,,,,,,,,,2020-09-22,6,,,,,NIFTY_MEDIA,1192030.0105488915,0.0,,
2020-09-21,2020-09-22,NIFTY_MEDIA,SKIP,JAGRAN,ENTRY_FILTERED,,8,,0.22424313394973677,,,,,,,,,,,,,,2020-09-22,8,,,,,NIFTY_MEDIA,1192030.0105488915,0.0,,
2020-09-21,2020-09-22,NIFTY_MEDIA,SKIP,DBCORP,ENTRY_FILTERED,,9,,0.21405204257462174,,,,,,,,,,,,,,2020-09-22,9,,,,,NIFTY_MEDIA,1192030.0105488915,0.0,,
2020-09-21,2020-09-22,NIFTY_METAL,SKIP,APLAPOLLO,ENTRY_FILTERED,,1,,0.8806544852753481,,,,,,,,,,,,,,2020-09-22,1,,,,,NIFTY_METAL,1192030.0105488915,0.0,,
2020-09-21,2020-09-22,NIFTY_METAL,KEEP,JINDALSTEL,SELECTED,,4,,0.5150515362523341,,,,,,,,,,,,,,2020-09-22,4,,,,,NIFTY_METAL,1192030.0105488915,0.0,0.12382753450119034,
2020-09-21,2020-09-22,NIFTY_METAL,SKIP,RATNAMANI,ENTRY_FILTERED,,5,,0.44967782373229664,,,,,,,,,,,,,,2020-09-22,5,,,,,NIFTY_METAL,1192030.0105488915,0.0,,
2020-09-21,2020-09-22,NIFTY_METAL,KEEP,HINDZINC,SELECTED,,6,,0.4421139780121545,,,,,,,,,,,,,,2020-09-22,6,,,,,NIFTY_METAL,1192030.0105488915,0.0,0.11606973005901526,
2020-09-21,2020-09-22,NIFTY_METAL,KEEP,TATASTEEL,SELECTED,,7,,0.3759784872333209,,,,,,,,,,,,,,2020-09-22,7,,,,,NIFTY_METAL,1192030.0105488915,0.0,0.10989334579620479,
2020-09-21,2020-09-22,NIFTY_METAL,SKIP,WELCORP,ENTRY_FILTERED,,9,,0.35502981704970205,,,,,,,,,,,,,,2020-09-22,9,,,,,NIFTY_METAL,1192030.0105488915,0.0,,
2020-09-21,2020-09-22,NIFTY_METAL,SKIP,HINDCOPPER,ENTRY_FILTERED,,10,,0.33296940227349603,,,,,,,,,,,,,,2020-09-22,10,,,,,NIFTY_METAL,1192030.0105488915,0.0,,
2020-09-21,2020-09-22,NIFTY_METAL,SKIP,NATIONALUM,ENTRY_FILTERED,,12,,0.18194600629309815,,,,,,,,,,,,,,2020-09-22,12,,,,,NIFTY_METAL,1192030.0105488915,0.0,,
2020-09-21,2020-09-22,NIFTY_PHARMA,KEEP,DRREDDY,SELECTED,,1,,0.7742768153548241,,,,,,,,,,,,,,2020-09-22,1,,,,,NIFTY_PHARMA,1192030.0105488915,0.0,0.12608488189972922,
2020-09-21,2020-09-22,NIFTY_PHARMA,KEEP,CIPLA,SELECTED,,2,,0.6633884397645792,,,,,,,,,,,,,,2020-09-22,2,,,,,NIFTY_PHARMA,1192030.0105488915,0.0,0.1173991637782882,
2020-09-21,2020-09-22,NIFTY_PHARMA,KEEP,AUROPHARMA,SELECTED,,3,,0.6572606849173706,,,,,,,,,,,,,,2020-09-22,3,,,,,NIFTY_PHARMA,1192030.0105488915,0.0,0.10348013679085212,
2020-10-21,2020-10-22,NIFTY_AUTO,KEEP,HEROMOTOCO,SELECTED,,1,,0.832541286945343,,,,,,,,,,,,,,2020-10-22,1,,,,,NIFTY_AUTO,1187726.22706977,0.0,0.10238716665467391,
2020-10-21,2020-10-22,NIFTY_AUTO,KEEP,M&M,SELECTED,,2,,0.6066671013832092,,,,,,,,,,,,,,2020-10-22,2,,,,,NIFTY_AUTO,1187726.22706977,0.0,0.09646798673167566,
2020-10-21,2020-10-22,NIFTY_AUTO,KEEP,BHARATFORG,SELECTED,,3,,0.570421771456798,,,,,,,,,,,,,,2020-10-22,3,,,,,NIFTY_AUTO,1187726.22706977,0.0,0.10685122416433089,
2020-10-21,2020-10-22,NIFTY_AUTO,SKIP,APOLLOTYRE,ENTRY_FILTERED,,8,,0.416965470649302,,,,,,,,,,,,,,2020-10-22,8,,,,,NIFTY_AUTO,1187726.22706977,0.0,,
2020-10-21,2020-10-22,NIFTY_FINANCIAL_SERVICES,KEEP,HDFCBANK,SELECTED,,1,,0.8084436878561974,,,,,,,,,,,,,,2020-10-22,1,,,,,NIFTY_FINANCIAL_SERVICES,1187726.22706977,0.0,0.059149218857845284,
2020-10-21,2020-10-22,NIFTY_FINANCIAL_SERVICES,KEEP,CHOLAFIN,SELECTED,,2,,0.6834991276264191,,,,,,,,,,,,,,2020-10-22,2,,,,,NIFTY_FINANCIAL_SERVICES,1187726.22706977,0.0,0.059149218857845284,
2020-10-21,2020-10-22,NIFTY_FINANCIAL_SERVICES,KEEP,BAJFINANCE,SELECTED,,3,,0.6205211331446966,,,,,,,,,,,,,,2020-10-22,3,,,,,NIFTY_FINANCIAL_SERVICES,1187726.22706977,0.0,0.059149218857845284,
2020-10-21,2020-10-22,NIFTY_IT,SKIP,TATAELXSI,ENTRY_FILTERED,,1,,0.9440282359719276,,,,,,,,,,,,,,2020-10-22,1,,,,,NIFTY_IT,1187726.22706977,0.0,,
2020-10-21,2020-10-22,NIFTY_IT,SKIP,JUSTDIAL,ENTRY_FILTERED,,7,,0.2023874285320441,,,,,,,,,,,,,,2020-10-22,7,,,,,NIFTY_IT,1187726.22706977,0.0,,
2020-10-21,2020-10-22,NIFTY_PHARMA,KEEP,DRREDDY,SELECTED,,1,,0.7857853795091312,,,,,,,,,,,,,,2020-10-22,1,,,,,NIFTY_PHARMA,1187726.22706977,0.0,0.12296804045978652,
2020-10-21,2020-10-22,NIFTY_PHARMA,KEEP,CIPLA,SELECTED,,4,,0.6521656240026157,,,,,,,,,,,,,,2020-10-22,4,,,,,NIFTY_PHARMA,1187726.22706977,0.0,0.11477156466917394,
2020-10-21,2020-10-22,NIFTY_PHARMA,KEEP,AUROPHARMA,SELECTED,,5,,0.5453381749490898,,,,,,,,,,,,,,2020-10-22,5,,,,,NIFTY_PHARMA,1187726.22706977,0.0,0.10165870417328732,
2020-10-21,2020-10-22,NIFTY_REALTY,KEEP,GODREJPROP,SELECTED,,1,,0.8882473409175873,,,,,,,,,,,,,,2020-10-22,1,,,,,NIFTY_REALTY,1187726.22706977,0.0,0.059149218857845284,
2020-10-21,2020-10-22,NIFTY_REALTY,SKIP,BRIGADE,ENTRY_FILTERED,,2,,0.7204212372501692,,,,,,,,,,,,,,2020-10-22,2,,,,,NIFTY_REALTY,1187726.22706977,0.0,,
2020-10-21,2020-10-22,NIFTY_REALTY,SKIP,SOBHA,ENTRY_FILTERED,,3,,0.6477543525397778,,,,,,,,,,,,,,2020-10-22,3,,,,,NIFTY_REALTY,1187726.22706977,0.0,,
2020-10-21,2020-10-22,NIFTY_REALTY,KEEP,OBEROIRLTY,SELECTED,,4,,0.6075067507723968,,,,,,,,,,,,,,2020-10-22,4,,,,,NIFTY_REALTY,1187726.22706977,0.0,0.059149218857845284,
2020-10-21,2020-10-22,NIFTY_REALTY,KEEP,PRESTIGE,SELECTED,,5,,0.6036035638923447,,,,,,,,,,,,,,2020-10-22,5,,,,,NIFTY_REALTY,1187726.22706977,0.0,0.059149218857845284,
2020-10-21,2020-10-22,NIFTY_REALTY,SKIP,IBREALEST,ENTRY_FILTERED,,8,,0.0,,,,,,,,,,,,,,2020-10-22,8,,,,,NIFTY_REALTY,1187726.22706977,0.0,,
2020-11-23,2020-11-24,NIFTY_AUTO,SKIP,APOLLOTYRE,ENTRY_FILTERED,,3,,0.6565405273189148,,,,,,,,,,,,,,2020-11-24,3,,,,,NIFTY_AUTO,1304349.839268312,0.0,,
2020-11-23,2020-11-24,NIFTY_AUTO,KEEP,M&M,SELECTED,,4,,0.6542165701587995,,,,,,,,,,,,,,2020-11-24,4,,,,,NIFTY_AUTO,1304349.839268312,0.0,0.10601149748735253,
2020-11-23,2020-11-24,NIFTY_AUTO,KEEP,HEROMOTOCO,SELECTED,,6,,0.5663499670724075,,,,,,,,,,,,,,2020-11-24,6,,,,,NIFTY_AUTO,1304349.839268312,0.0,0.09301021659849254,
2020-11-23,2020-11-24,NIFTY_AUTO,KEEP,BHARATFORG,SELECTED,,8,,0.4750922073920568,,,,,,,,,,,,,,2020-11-24,8,,,,,NIFTY_AUTO,1304349.839268312,0.0,0.1061017457116132,
2020-11-23,2020-11-24,NIFTY_FINANCIAL_SERVICES,KEEP,CHOLAFIN,SELECTED,,1,,0.8054122235625982,,,,,,,,,,,,,,2020-11-24,1,,,,,NIFTY_FINANCIAL_SERVICES,1304349.839268312,0.0,0.07998594166027366,
2020-11-23,2020-11-24,NIFTY_FINANCIAL_SERVICES,KEEP,BAJFINANCE,SELECTED,,2,,0.6888647051528096,,,,,,,,,,,,,,2020-11-24,2,,,,,NIFTY_FINANCIAL_SERVICES,1304349.839268312,0.0,0.0819951062407081,
2020-11-23,2020-11-24,NIFTY_FINANCIAL_SERVICES,KEEP,HDFCBANK,SELECTED,,3,,0.658286480853955,,,,,,,,,,,,,,2020-11-24,3,,,,,NIFTY_FINANCIAL_SERVICES,1304349.839268312,0.0,0.06247213137011547,
2020-11-23,2020-11-24,NIFTY_IT,SKIP,TATAELXSI,ENTRY_FILTERED,,1,,0.8426300808787346,,,,,,,,,,,,,,2020-11-24,1,,,,,NIFTY_IT,1304349.839268312,0.0,,
2020-11-23,2020-11-24,NIFTY_IT,SKIP,JUSTDIAL,ENTRY_FILTERED,,4,,0.41859492038687074,,,,,,,,,,,,,,2020-11-24,4,,,,,NIFTY_IT,1304349.839268312,0.0,,
2020-11-23,2020-11-24,NIFTY_PHARMA,KEEP,DIVISLAB,SELECTED,,1,,0.866717187066873,,,,,,,,,,,,,,2020-11-24,1,,,,,NIFTY_PHARMA,1304349.839268312,0.0,0.09288320180228722,
2020-11-23,2020-11-24,NIFTY_PHARMA,KEEP,DRREDDY,SELECTED,,2,,0.6436580047011375,,,,,,,,,,,,,,2020-11-24,2,,,,,NIFTY_PHARMA,1304349.839268312,0.0,0.10959873054319873,
2020-11-23,2020-11-24,NIFTY_PHARMA,KEEP,CIPLA,SELECTED,,4,,0.54331099614501,,,,,,,,,,,,,,2020-11-24,4,,,,,NIFTY_PHARMA,1304349.839268312,0.0,0.10326110296759604,
2020-11-23,2020-11-24,NIFTY_REALTY,SKIP,BRIGADE,ENTRY_FILTERED,,1,,0.8418316238870224,,,,,,,,,,,,,,2020-11-24,1,,,,,NIFTY_REALTY,1304349.839268312,0.0,,
2020-11-23,2020-11-24,NIFTY_REALTY,KEEP,GODREJPROP,SELECTED,,2,,0.6737201164166133,,,,,,,,,,,,,,2020-11-24,2,,,,,NIFTY_REALTY,1304349.839268312,0.0,0.05929438263596672,
2020-11-23,2020-11-24,NIFTY_REALTY,SKIP,SOBHA,ENTRY_FILTERED,,3,,0.5460526111225288,,,,,,,,,,,,,,2020-11-24,3,,,,,NIFTY_REALTY,1304349.839268312,0.0,,
2020-11-23,2020-11-24,NIFTY_REALTY,KEEP,OBEROIRLTY,SELECTED,,4,,0.5127509993811449,,,,,,,,,,,,,,2020-11-24,4,,,,,NIFTY_REALTY,1304349.839268312,0.0,0.05269297149119791,
2020-11-23,2020-11-24,NIFTY_REALTY,KEEP,PRESTIGE,SELECTED,,5,,0.5080875630180042,,,,,,,,,,,,,,2020-11-24,5,,,,,NIFTY_REALTY,1304349.839268312,0.0,0.05269297149119791,
2020-11-23,2020-11-24,NIFTY_REALTY,SKIP,IBREALEST,ENTRY_FILTERED,,8,,0.036225716272989913,,,,,,,,,,,,,,2020-11-24,8,,,,,NIFTY_REALTY,1304349.839268312,0.0,,
2020-12-21,2020-12-22,NIFTY_AUTO,SKIP,APOLLOTYRE,ENTRY_FILTERED,,1,,0.7660663919523358,,,,,,,,,,,,,,2020-12-22,1,,,,,NIFTY_AUTO,1335661.32301492,0.0,,
2020-12-21,2020-12-22,NIFTY_AUTO,KEEP,ASHOKLEY,SELECTED,,2,,0.6664992123842239,,,,,,,,,,,,,,2020-12-22,2,,,,,NIFTY_AUTO,1335661.32301492,0.0,0.10375045243626359,
2020-12-21,2020-12-22,NIFTY_AUTO,KEEP,M&M,SELECTED,,3,,0.56522769232591,,,,,,,,,,,,,,2020-12-22,3,,,,,NIFTY_AUTO,1335661.32301492,0.0,0.09865764403353078,
2020-12-21,2020-12-22,NIFTY_AUTO,KEEP,HEROMOTOCO,SELECTED,,7,,0.35154260229319334,,,,,,,,,,,,,,2020-12-22,7,,,,,NIFTY_AUTO,1335661.32301492,0.0,0.09008968875785286,
2020-12-21,2020-12-22,NIFTY_FINANCIAL_SERVICES,KEEP,CHOLAFIN,SELECTED,,1,,0.8615980887164673,,,,,,,,,,,,,,2020-12-22,1,,,,,NIFTY_FINANCIAL_SERVICES,1335661.32301492,0.0,0.07824096848478779,
2020-12-21,2020-12-22,NIFTY_FINANCIAL_SERVICES,KEEP,BAJFINANCE,SELECTED,,2,,0.7809177134186029,,,,,,,,,,,,,,2020-12-22,2,,,,,NIFTY_FINANCIAL_SERVICES,1335661.32301492,0.0,0.08341439478892106,
2020-12-21,2020-12-22,NIFTY_FINANCIAL_SERVICES,KEEP,HDFCBANK,SELECTED,,5,,0.4752351095279058,,,,,,,,,,,,,,2020-12-22,5,,,,,NIFTY_FINANCIAL_SERVICES,1335661.32301492,0.0,0.058246125598722706,
2020-12-21,2020-12-22,NIFTY_IT,SKIP,TATAELXSI,ENTRY_FILTERED,,1,,0.7869189077367386,,,,,,,,,,,,,,2020-12-22,1,,,,,NIFTY_IT,1335661.32301492,0.0,,
2020-12-21,2020-12-22,NIFTY_IT,SKIP,JUSTDIAL,ENTRY_FILTERED,,6,,0.40550146872798604,,,,,,,,,,,,,,2020-12-22,6,,,,,NIFTY_IT,1335661.32301492,0.0,,
2020-12-21,2020-12-22,NIFTY_PHARMA,KEEP,DIVISLAB,SELECTED,,1,,0.7131023922314247,,,,,,,,,,,,,,2020-12-22,1,,,,,NIFTY_PHARMA,1335661.32301492,0.0,0.09349482096383976,
2020-12-21,2020-12-22,NIFTY_PHARMA,KEEP,DRREDDY,SELECTED,,2,,0.5324953235685825,,,,,,,,,,,,,,2020-12-22,2,,,,,NIFTY_PHARMA,1335661.32301492,0.0,0.11239235508163763,
2020-12-21,2020-12-22,NIFTY_PHARMA,KEEP,AUROPHARMA,SELECTED,,3,,0.4803551888714234,,,,,,,,,,,,,,2020-12-22,3,,,,,NIFTY_PHARMA,1335661.32301492,0.0,0.10610797110812123,
2020-12-21,2020-12-22,NIFTY_REALTY,KEEP,GODREJPROP,SELECTED,,1,,0.7668297613660495,,,,,,,,,,,,,,2020-12-22,1,,,,,NIFTY_REALTY,1335661.32301492,0.0,0.06607102693805081,
2020-12-21,2020-12-22,NIFTY_REALTY,SKIP,BRIGADE,ENTRY_FILTERED,,2,,0.753454069296519,,,,,,,,,,,,,,2020-12-22,2,,,,,NIFTY_REALTY,1335661.32301492,0.0,,
2020-12-21,2020-12-22,NIFTY_REALTY,KEEP,DLF,SELECTED,,3,,0.6050551682710648,,,,,,,,,,,,,,2020-12-22,3,,,,,NIFTY_REALTY,1335661.32301492,0.0,0.0547672759041359,
2020-12-21,2020-12-22,NIFTY_REALTY,SKIP,SOBHA,ENTRY_FILTERED,,4,,0.5625480661789577,,,,,,,,,,,,,,2020-12-22,4,,,,,NIFTY_REALTY,1335661.32301492,0.0,,
2020-12-21,2020-12-22,NIFTY_REALTY,KEEP,OBEROIRLTY,SELECTED,,5,,0.37517063319683075,,,,,,,,,,,,,,2020-12-22,5,,,,,NIFTY_REALTY,1335661.32301492,0.0,0.0547672759041359,
2020-12-21,2020-12-22,NIFTY_REALTY,SKIP,IBREALEST,ENTRY_FILTERED,,7,,0.25319596752524376,,,,,,,,,,,,,,2020-12-22,7,,,,,NIFTY_REALTY,1335661.32301492,0.0,,
2021-01-21,2021-01-22,NIFTY_AUTO,KEEP,ASHOKLEY,SELECTED,,1,,0.8540817971030872,,,,,,,,,,,,,,2021-01-22,1,,,,,NIFTY_AUTO,1451708.8621925442,0.0,0.12753654426844035,
2021-01-21,2021-01-22,NIFTY_AUTO,SKIP,APOLLOTYRE,ENTRY_FILTERED,,2,,0.672961895664533,,,,,,,,,,,,,,2021-01-22,2,,,,,NIFTY_AUTO,1451708.8621925442,0.0,,
2021-01-21,2021-01-22,NIFTY_AUTO,KEEP,BHARATFORG,SELECTED,,3,,0.496968450024724,,,,,,,,,,,,,,2021-01-22,3,,,,,NIFTY_AUTO,1451708.8621925442,0.0,0.08361258026478258,
2021-01-21,2021-01-22,NIFTY_AUTO,KEEP,M&M,SELECTED,,4,,0.47378895493845147,,,,,,,,,,,,,,2021-01-22,4,,,,,NIFTY_AUTO,1451708.8621925442,0.0,0.1042682461854983,
2021-01-21,2021-01-22,NIFTY_FINANCIAL_SERVICES,KEEP,CHOLAFIN,SELECTED,,1,,0.8333333333333334,,,,,,,,,,,,,,2021-01-22,1,,,,,NIFTY_FINANCIAL_SERVICES,1451708.8621925442,0.0,0.08422700283071488,
2021-01-21,2021-01-22,NIFTY_FINANCIAL_SERVICES,KEEP,BAJFINANCE,SELECTED,,2,,0.6097098750372728,,,,,,,,,,,,,,2021-01-22,2,,,,,NIFTY_FINANCIAL_SERVICES,1451708.8621925442,0.0,0.07615139998819444,
2021-01-21,2021-01-22,NIFTY_FINANCIAL_SERVICES,KEEP,BAJAJFINSV,SELECTED,,3,,0.4931485901276271,,,,,,,,,,,,,,2021-01-22,3,,,,,NIFTY_FINANCIAL_SERVICES,1451708.8621925442,0.0,0.05515130752481909,
2021-01-21,2021-01-22,NIFTY_FINANCIAL_SERVICES,SKIP,EDELWEISS,ENTRY_FILTERED,,17,,0.13564208056777716,,,,,,,,,,,,,,2021-01-22,17,,,,,NIFTY_FINANCIAL_SERVICES,1451708.8621925442,0.0,,
2021-01-21,2021-01-22,NIFTY_IT,SKIP,TATAELXSI,ENTRY_FILTERED,,1,,0.8333333333333334,,,,,,,,,,,,,,2021-01-22,1,,,,,NIFTY_IT,1451708.8621925442,0.0,,
2021-01-21,2021-01-22,NIFTY_IT,SKIP,JUSTDIAL,ENTRY_FILTERED,,7,,0.13837475911714137,,,,,,,,,,,,,,2021-01-22,7,,,,,NIFTY_IT,1451708.8621925442,0.0,,
2021-01-21,2021-01-22,NIFTY_PHARMA,KEEP,DIVISLAB,SELECTED,,1,,0.8600462662676971,,,,,,,,,,,,,,2021-01-22,1,,,,,NIFTY_PHARMA,1451708.8621925442,0.0,0.08194643476176779,
2021-01-21,2021-01-22,NIFTY_PHARMA,KEEP,AUROPHARMA,SELECTED,,2,,0.47546186950057745,,,,,,,,,,,,,,2021-01-22,2,,,,,NIFTY_PHARMA,1451708.8621925442,0.0,0.10647786687221919,
2021-01-21,2021-01-22,NIFTY_PHARMA,KEEP,CIPLA,SELECTED,,3,,0.4425479223330816,,,,,,,,,,,,,,2021-01-22,3,,,,,NIFTY_PHARMA,1451708.8621925442,0.0,0.10172098966175448,
2021-01-21,2021-01-22,NIFTY_REALTY,SKIP,SOBHA,ENTRY_FILTERED,,1,,0.8965409671266874,,,,,,,,,,,,,,2021-01-22,1,,,,,NIFTY_REALTY,1451708.8621925442,0.0,,
2021-01-21,2021-01-22,NIFTY_REALTY,KEEP,DLF,SELECTED,,2,,0.8721820761760076,,,,,,,,,,,,,,2021-01-22,2,,,,,NIFTY_REALTY,1451708.8621925442,0.0,0.06310956318761862,
2021-01-21,2021-01-22,NIFTY_REALTY,SKIP,BRIGADE,ENTRY_FILTERED,,3,,0.6807537004351616,,,,,,,,,,,,,,2021-01-22,3,,,,,NIFTY_REALTY,1451708.8621925442,0.0,,
2021-01-21,2021-01-22,NIFTY_REALTY,KEEP,GODREJPROP,SELECTED,,4,,0.4616068800290426,,,,,,,,,,,,,,2021-01-22,4,,,,,NIFTY_REALTY,1451708.8621925442,0.0,0.06431887877309905,
2021-01-21,2021-01-22,NIFTY_REALTY,KEEP,OBEROIRLTY,SELECTED,,5,,0.38332622187832993,,,,,,,,,,,,,,2021-01-22,5,,,,,NIFTY_REALTY,1451708.8621925442,0.0,0.051479185681091194,
2021-01-21,2021-01-22,NIFTY_REALTY,SKIP,PRESTIGE,ENTRY_FILTERED,,6,,0.38155606637398404,,,,,,,,,,,,,,2021-01-22,6,,,,,NIFTY_REALTY,1451708.8621925442,0.0,,
2021-01-21,2021-01-22,NIFTY_REALTY,SKIP,IBREALEST,ENTRY_FILTERED,,7,,0.29092929015556973,,,,,,,,,,,,,,2021-01-22,7,,,,,NIFTY_REALTY,1451708.8621925442,0.0,,
2021-02-22,2021-02-23,NIFTY_AUTO,KEEP,ASHOKLEY,SELECTED,,1,,0.8851108855257432,,,,,,,,,,,,,,2021-02-23,1,,,,,NIFTY_AUTO,1524172.7602071164,0.0,0.12505018016184397,
2021-02-22,2021-02-23,NIFTY_AUTO,SKIP,APOLLOTYRE,ENTRY_FILTERED,,2,,0.7272248094280561,,,,,,,,,,,,,,2021-02-23,2,,,,,NIFTY_AUTO,1524172.7602071164,0.0,,
2021-02-22,2021-02-23,NIFTY_AUTO,KEEP,M&M,SELECTED,,4,,0.5058261503775915,,,,,,,,,,,,,,2021-02-23,4,,,,,NIFTY_AUTO,1524172.7602071164,0.0,0.10460370359189662,
2021-02-22,2021-02-23,NIFTY_AUTO,KEEP,BHARATFORG,SELECTED,,6,,0.4266306199133396,,,,,,,,,,,,,,2021-02-23,6,,,,,NIFTY_AUTO,1524172.7602071164,0.0,0.078311889330088,
2021-02-22,2021-02-23,NIFTY_BANK,KEEP,IDFCFIRSTB,SELECTED,,1,,0.8702449811001619,,,,,,,,,,,,,,2021-02-23,1,,,,,NIFTY_BANK,1524172.7602071164,0.0,0.09086134156998708,
2021-02-22,2021-02-23,NIFTY_BANK,KEEP,SBIN,SELECTED,,2,,0.7478277819852035,,,,,,,,,,,,,,2021-02-23,2,,,,,NIFTY_BANK,1524172.7602071164,0.0,0.09086134156998708,
2021-02-22,2021-02-23,NIFTY_BANK,KEEP,INDUSINDBK,SELECTED,,3,,0.7144399732351303,,,,,,,,,,,,,,2021-02-23,3,,,,,NIFTY_BANK,1524172.7602071164,0.0,0.09086134156998708,
2021-02-22,2021-02-23,NIFTY_FINANCIAL_SERVICES,KEEP,CHOLAFIN,SELECTED,,1,,0.8192955578366916,,,,,,,,,,,,,,2021-02-23,1,,,,,NIFTY_FINANCIAL_SERVICES,1524172.7602071164,0.0,0.09867778570593667,
2021-02-22,2021-02-23,NIFTY_FINANCIAL_SERVICES,SKIP,SBIN,DUPLICATE_SKIPPED,,2,,0.6545586604624987,,,,,,,,,,,,,,2021-02-23,2,,,,,NIFTY_FINANCIAL_SERVICES,1524172.7602071164,0.0,,
2021-02-22,2021-02-23,NIFTY_FINANCIAL_SERVICES,KEEP,BAJFINANCE,SELECTED,,3,,0.4981586989015341,,,,,,,,,,,,,,2021-02-23,3,,,,,NIFTY_FINANCIAL_SERVICES,1524172.7602071164,0.0,0.07852806917160399,
2021-02-22,2021-02-23,NIFTY_FINANCIAL_SERVICES,KEEP,BAJAJFINSV,SELECTED,,4,,0.4565036607285341,,,,,,,,,,,,,,2021-02-23,4,,,,,NIFTY_FINANCIAL_SERVICES,1524172.7602071164,0.0,0.05796546623826306,
2021-02-22,2021-02-23,NIFTY_FINANCIAL_SERVICES,SKIP,EDELWEISS,ENTRY_FILTERED,,17,,0.07471427243823807,,,,,,,,,,,,,,2021-02-23,17,,,,,NIFTY_FINANCIAL_SERVICES,1524172.7602071164,0.0,,
2021-02-22,2021-02-23,NIFTY_IT,SKIP,TATAELXSI,ENTRY_FILTERED,,1,,0.8333333333333334,,,,,,,,,,,,,,2021-02-23,1,,,,,NIFTY_IT,1524172.7602071164,0.0,,
2021-02-22,2021-02-23,NIFTY_IT,SKIP,JUSTDIAL,ENTRY_FILTERED,,7,,0.17125822603702545,,,,,,,,,,,,,,2021-02-23,7,,,,,NIFTY_IT,1524172.7602071164,0.0,,
2021-02-22,2021-02-23,NIFTY_REALTY,SKIP,BRIGADE,ENTRY_FILTERED,,1,,0.8229031041264534,,,,,,,,,,,,,,2021-02-23,1,,,,,NIFTY_REALTY,1524172.7602071164,0.0,,
2021-02-22,2021-02-23,NIFTY_REALTY,KEEP,DLF,SELECTED,,2,,0.7529654229680698,,,,,,,,,,,,,,2021-02-23,2,,,,,NIFTY_REALTY,1524172.7602071164,0.0,0.06814153428034318,
2021-02-22,2021-02-23,NIFTY_REALTY,SKIP,SOBHA,ENTRY_FILTERED,,3,,0.7038693130016327,,,,,,,,,,,,,,2021-02-23,3,,,,,NIFTY_REALTY,1524172.7602071164,0.0,,
2021-02-22,2021-02-23,NIFTY_REALTY,KEEP,GODREJPROP,SELECTED,,4,,0.644146017730236,,,,,,,,,,,,,,2021-02-23,4,,,,,NIFTY_REALTY,1524172.7602071164,0.0,0.06787996659050521,
2021-02-22,2021-02-23,NIFTY_REALTY,KEEP,OBEROIRLTY,SELECTED,,5,,0.45236341655254364,,,,,,,,,,,,,,2021-02-23,5,,,,,NIFTY_REALTY,1524172.7602071164,0.0,0.04825738021955811,
2021-02-22,2021-02-23,NIFTY_REALTY,SKIP,PRESTIGE,ENTRY_FILTERED,,6,,0.27358400014539563,,,,,,,,,,,,,,2021-02-23,6,,,,,NIFTY_REALTY,1524172.7602071164,0.0,,
2021-02-22,2021-02-23,NIFTY_REALTY,SKIP,IBREALEST,ENTRY_FILTERED,,7,,0.2133894121895234,,,,,,,,,,,,,,2021-02-23,7,,,,,NIFTY_REALTY,1524172.7602071164,0.0,,
2021-03-22,2021-03-23,NIFTY_AUTO,SKIP,APOLLOTYRE,ENTRY_FILTERED,,1,,0.8110207567612331,,,,,,,,,,,,,,2021-03-23,1,,,,,NIFTY_AUTO,1484737.276268801,0.0,,
2021-03-22,2021-03-23,NIFTY_AUTO,KEEP,ASHOKLEY,SELECTED,,2,,0.715988048662742,,,,,,,,,,,,,,2021-03-23,2,,,,,NIFTY_AUTO,1484737.276268801,0.0,0.11704918947118446,
2021-03-22,2021-03-23,NIFTY_AUTO,KEEP,M&M,SELECTED,,3,,0.5817193041245143,,,,,,,,,,,,,,2021-03-23,3,,,,,NIFTY_AUTO,1484737.276268801,0.0,0.10785450233237782,
2021-03-22,2021-03-23,NIFTY_AUTO,KEEP,BHARATFORG,SELECTED,,6,,0.4564707539975643,,,,,,,,,,,,,,2021-03-23,6,,,,,NIFTY_AUTO,1484737.276268801,0.0,0.07861511817178735,
2021-03-22,2021-03-23,NIFTY_BANK,KEEP,IDFCFIRSTB,SELECTED,,1,,0.9025425153474014,,,,,,,,,,,,,,2021-03-23,1,,,,,NIFTY_BANK,1484737.276268801,0.0,0.09319870590225499,
2021-03-22,2021-03-23,NIFTY_BANK,KEEP,SBIN,SELECTED,,2,,0.7910022387901943,,,,,,,,,,,,,,2021-03-23,2,,,,,NIFTY_BANK,1484737.276268801,0.0,0.08868232515928992,
2021-03-22,2021-03-23,NIFTY_BANK,KEEP,INDUSINDBK,SELECTED,,4,,0.5340392018357913,,,,,,,,,,,,,,2021-03-23,4,,,,,NIFTY_BANK,1484737.276268801,0.0,0.08938351416661905,
2021-03-22,2021-03-23,NIFTY_IT,SKIP,TATAELXSI,ENTRY_FILTERED,,1,,0.8348305523395538,,,,,,,,,,,,,,2021-03-23,1,,,,,NIFTY_IT,1484737.276268801,0.0,,
2021-03-22,2021-03-23,NIFTY_IT,SKIP,JUSTDIAL,ENTRY_FILTERED,,2,,0.5786808828512828,,,,,,,,,,,,,,2021-03-23,2,,,,,NIFTY_IT,1484737.276268801,0.0,,
2021-03-22,2021-03-23,NIFTY_METAL,SKIP,HINDCOPPER,ENTRY_FILTERED,,1,,0.8193169285853704,,,,,,,,,,,,,,2021-03-23,1,,,,,NIFTY_METAL,1484737.276268801,0.0,,
2021-03-22,2021-03-23,NIFTY_METAL,SKIP,APLAPOLLO,ENTRY_FILTERED,,2,,0.7354968041181564,,,,,,,,,,,,,,2021-03-23,2,,,,,NIFTY_METAL,1484737.276268801,0.0,,
2021-03-22,2021-03-23,NIFTY_METAL,KEEP,VEDL,SELECTED,,3,,0.4691021144390106,,,,,,,,,,,,,,2021-03-23,3,,,,,NIFTY_METAL,1484737.276268801,0.0,0.08255244085389196,
2021-03-22,2021-03-23,NIFTY_METAL,KEEP,HINDALCO,SELECTED,,4,,0.4326298274099827,,,,,,,,,,,,,,2021-03-23,4,,,,,NIFTY_METAL,1484737.276268801,0.0,0.08255244085389196,
2021-03-22,2021-03-23,NIFTY_METAL,KEEP,TATASTEEL,SELECTED,,5,,0.405438623080651,,,,,,,,,,,,,,2021-03-23,5,,,,,NIFTY_METAL,1484737.276268801,0.0,0.08255244085389196,
2021-03-22,2021-03-23,NIFTY_METAL,SKIP,RATNAMANI,ENTRY_FILTERED,,9,,0.33582833285133046,,,,,,,,,,,,,,2021-03-23,9,,,,,NIFTY_METAL,1484737.276268801,0.0,,
2021-03-22,2021-03-23,NIFTY_METAL,SKIP,NATIONALUM,ENTRY_FILTERED,,10,,0.32348372663060826,,,,,,,,,,,,,,2021-03-23,10,,,,,NIFTY_METAL,1484737.276268801,0.0,,
2021-03-22,2021-03-23,NIFTY_METAL,SKIP,WELCORP,ENTRY_FILTERED,,13,,0.20405896784116825,,,,,,,,,,,,,,2021-03-23,13,,,,,NIFTY_METAL,1484737.276268801,0.0,,
2021-03-22,2021-03-23,NIFTY_REALTY,SKIP,SOBHA,ENTRY_FILTERED,,1,,0.9195395434896152,,,,,,,,,,,,,,2021-03-23,1,,,,,NIFTY_REALTY,1484737.276268801,0.0,,
2021-03-22,2021-03-23,NIFTY_REALTY,KEEP,DLF,SELECTED,,2,,0.8345223466555278,,,,,,,,,,,,,,2021-03-23,2,,,,,NIFTY_REALTY,1484737.276268801,0.0,0.06824500724426247,
2021-03-22,2021-03-23,NIFTY_REALTY,SKIP,BRIGADE,ENTRY_FILTERED,,3,,0.5304409299666684,,,,,,,,,,,,,,2021-03-23,3,,,,,NIFTY_REALTY,1484737.276268801,0.0,,
2021-03-22,2021-03-23,NIFTY_REALTY,SKIP,IBREALEST,ENTRY_FILTERED,,4,,0.49062877893447876,,,,,,,,,,,,,,2021-03-23,4,,,,,NIFTY_REALTY,1484737.276268801,0.0,,
2021-03-22,2021-03-23,NIFTY_REALTY,KEEP,OBEROIRLTY,SELECTED,,5,,0.4886697294811408,,,,,,,,,,,,,,2021-03-23,5,,,,,NIFTY_REALTY,1484737.276268801,0.0,0.05465715749527401,
2021-03-22,2021-03-23,NIFTY_REALTY,KEEP,GODREJPROP,SELECTED,,6,,0.48636677054067456,,,,,,,,,,,,,,2021-03-23,6,,,,,NIFTY_REALTY,1484737.276268801,0.0,0.05465715749527401,
2021-03-22,2021-03-23,NIFTY_REALTY,SKIP,PRESTIGE,ENTRY_FILTERED,,7,,0.20052452882130942,,,,,,,,,,,,,,2021-03-23,7,,,,,NIFTY_REALTY,1484737.276268801,0.0,,
2021-04-22,2021-04-23,NIFTY_FMCG,KEEP,EMAMILTD,SELECTED,,1,,0.8232115519543489,,,,,,,,,,,,,,2021-04-23,1,,,,,NIFTY_FMCG,1456371.5312000047,0.0,0.09435909851145952,
2021-04-22,2021-04-23,NIFTY_FMCG,KEEP,GODREJIND,SELECTED,,2,,0.6623988039791584,,,,,,,,,,,,,,2021-04-23,2,,,,,NIFTY_FMCG,1456371.5312000047,0.0,0.09435909851145952,
2021-04-22,2021-04-23,NIFTY_FMCG,KEEP,TATACONSUM,SELECTED,,3,,0.6465295826395353,,,,,,,,,,,,,,2021-04-23,3,,,,,NIFTY_FMCG,1456371.5312000047,0.0,0.09435909851145952,
2021-04-22,2021-04-23,NIFTY_IT,SKIP,TATAELXSI,ENTRY_FILTERED,,1,,0.9307319546739261,,,,,,,,,,,,,,2021-04-23,1,,,,,NIFTY_IT,1456371.5312000047,0.0,,
2021-04-22,2021-04-23,NIFTY_IT,SKIP,JUSTDIAL,ENTRY_FILTERED,,2,,0.5646514147520065,,,,,,,,,,,,,,2021-04-23,2,,,,,NIFTY_IT,1456371.5312000047,0.0,,
2021-04-22,2021-04-23,NIFTY_METAL,SKIP,HINDCOPPER,ENTRY_FILTERED,,1,,0.8333333333333334,,,,,,,,,,,,,,2021-04-23,1,,,,,NIFTY_METAL,1456371.5312000047,0.0,,
2021-04-22,2021-04-23,NIFTY_METAL,SKIP,APLAPOLLO,ENTRY_FILTERED,,3,,0.5552731454372406,,,,,,,,,,,,,,2021-04-23,3,,,,,NIFTY_METAL,1456371.5312000047,0.0,,
2021-04-22,2021-04-23,NIFTY_METAL,KEEP,VEDL,SELECTED,,4,,0.5282469528416793,,,,,,,,,,,,,,2021-04-23,4,,,,,NIFTY_METAL,1456371.5312000047,0.0,0.08570143273080214,
2021-04-22,2021-04-23,NIFTY_METAL,KEEP,TATASTEEL,SELECTED,,6,,0.502550508826971,,,,,,,,,,,,,,2021-04-23,6,,,,,NIFTY_METAL,1456371.5312000047,0.0,0.10442196346350302,
2021-04-22,2021-04-23,NIFTY_METAL,KEEP,HINDALCO,SELECTED,,8,,0.4313735788067182,,,,,,,,,,,,,,2021-04-23,8,,,,,NIFTY_METAL,1456371.5312000047,0.0,0.08603109468754674,
2021-04-22,2021-04-23,NIFTY_METAL,SKIP,NATIONALUM,ENTRY_FILTERED,,10,,0.34967916707197827,,,,,,,,,,,,,,2021-04-23,10,,,,,NIFTY_METAL,1456371.5312000047,0.0,,
2021-04-22,2021-04-23,NIFTY_METAL,SKIP,RATNAMANI,ENTRY_FILTERED,,11,,0.34922566575308644,,,,,,,,,,,,,,2021-04-23,11,,,,,NIFTY_METAL,1456371.5312000047,0.0,,
2021-04-22,2021-04-23,NIFTY_METAL,SKIP,WELCORP,ENTRY_FILTERED,,13,,0.23964761135478815,,,,,,,,,,,,,,2021-04-23,13,,,,,NIFTY_METAL,1456371.5312000047,0.0,,
2021-04-22,2021-04-23,NIFTY_PHARMA,KEEP,DIVISLAB,SELECTED,,1,,0.7879882802565893,,,,,,,,,,,,,,2021-04-23,1,,,,,NIFTY_PHARMA,1456371.5312000047,0.0,0.14692273786125654,
2021-04-22,2021-04-23,NIFTY_PHARMA,KEEP,SUNPHARMA,SELECTED,,2,,0.7806992903351784,,,,,,,,,,,,,,2021-04-23,2,,,,,NIFTY_PHARMA,1456371.5312000047,0.0,0.14692273786125654,
2021-04-22,2021-04-23,NIFTY_PHARMA,KEEP,CIPLA,SELECTED,,3,,0.7754881680011749,,,,,,,,,,,,,,2021-04-23,3,,,,,NIFTY_PHARMA,1456371.5312000047,0.0,0.14692273786125654,
2021-05-21,2021-05-24,NIFTY_FMCG,KEEP,GODREJIND,SELECTED,,1,,0.8402302923301856,,,,,,,,,,,,,,2021-05-24,1,,,,,NIFTY_FMCG,1559537.6827860752,0.0,0.09797001380663248,
2021-05-21,2021-05-24,NIFTY_FMCG,KEEP,EMAMILTD,SELECTED,,2,,0.6516203284263611,,,,,,,,,,,,,,2021-05-24,2,,,,,NIFTY_FMCG,1559537.6827860752,0.0,0.08941935032908802,
2021-05-21,2021-05-24,NIFTY_FMCG,KEEP,TATACONSUM,SELECTED,,5,,0.4680291625360648,,,,,,,,,,,,,,2021-05-24,5,,,,,NIFTY_FMCG,1559537.6827860752,0.0,0.08456333351687423,
2021-05-21,2021-05-24,NIFTY_IT,SKIP,TATAELXSI,ENTRY_FILTERED,,1,,0.9489394476016363,,,,,,,,,,,,,,2021-05-24,1,,,,,NIFTY_IT,1559537.6827860752,0.0,,
2021-05-21,2021-05-24,NIFTY_IT,SKIP,JUSTDIAL,ENTRY_FILTERED,,3,,0.26339645497500896,,,,,,,,,,,,,,2021-05-24,3,,,,,NIFTY_IT,1559537.6827860752,0.0,,
2021-05-21,2021-05-24,NIFTY_METAL,SKIP,HINDCOPPER,ENTRY_FILTERED,,1,,0.8333333333333334,,,,,,,,,,,,,,2021-05-24,1,,,,,NIFTY_METAL,1559537.6827860752,0.0,,
2021-05-21,2021-05-24,NIFTY_METAL,KEEP,VEDL,SELECTED,,3,,0.4321850774188837,,,,,,,,,,,,,,2021-05-24,3,,,,,NIFTY_METAL,1559537.6827860752,0.0,0.09651241587578648,
2021-05-21,2021-05-24,NIFTY_METAL,KEEP,TATASTEEL,SELECTED,,5,,0.42612892265121144,,,,,,,,,,,,,,2021-05-24,5,,,,,NIFTY_METAL,1559537.6827860752,0.0,0.11504493746219717,
2021-05-21,2021-05-24,NIFTY_METAL,SKIP,NATIONALUM,ENTRY_FILTERED,,7,,0.30840997894605005,,,,,,,,,,,,,,2021-05-24,7,,,,,NIFTY_METAL,1559537.6827860752,0.0,,
2021-05-21,2021-05-24,NIFTY_METAL,SKIP,APLAPOLLO,ENTRY_FILTERED,,8,,0.3083539909372727,,,,,,,,,,,,,,2021-05-24,8,,,,,NIFTY_METAL,1559537.6827860752,0.0,,
2021-05-21,2021-05-24,NIFTY_METAL,KEEP,HINDALCO,SELECTED,,9,,0.2811715751886368,,,,,,,,,,,,,,2021-05-24,9,,,,,NIFTY_METAL,1559537.6827860752,0.0,0.08948885828854869,
2021-05-21,2021-05-24,NIFTY_METAL,SKIP,RATNAMANI,ENTRY_FILTERED,,11,,0.22608264097167802,,,,,,,,,,,,,,2021-05-24,11,,,,,NIFTY_METAL,1559537.6827860752,0.0,,
2021-05-21,2021-05-24,NIFTY_METAL,SKIP,WELCORP,ENTRY_FILTERED,,13,,0.17344058413679403,,,,,,,,,,,,,,2021-05-24,13,,,,,NIFTY_METAL,1559537.6827860752,0.0,,
2021-05-21,2021-05-24,NIFTY_PHARMA,KEEP,SUNPHARMA,SELECTED,,1,,0.879321259756883,,,,,,,,,,,,,,2021-05-24,1,,,,,NIFTY_PHARMA,1559537.6827860752,0.0,0.14894072530468153,
2021-05-21,2021-05-24,NIFTY_PHARMA,KEEP,DIVISLAB,SELECTED,,2,,0.7655639822284381,,,,,,,,,,,,,,2021-05-24,2,,,,,NIFTY_PHARMA,1559537.6827860752,0.0,0.14986679254823596,
2021-05-21,2021-05-24,NIFTY_PHARMA,KEEP,GLENMARK,SELECTED,,3,,0.7068345199028652,,,,,,,,,,,,,,2021-05-24,3,,,,,NIFTY_PHARMA,1559537.6827860752,0.0,0.12819357286795544,
2021-05-21,2021-05-24,NIFTY_PSU_BANK,SKIP,MAHABANK,ENTRY_FILTERED,,1,,0.8040521293878555,,,,,,,,,,,,,,2021-05-24,1,,,,,NIFTY_PSU_BANK,1559537.6827860752,0.0,,
2021-05-21,2021-05-24,NIFTY_PSU_BANK,SKIP,INDIANB,ENTRY_FILTERED,,2,,0.7844923064112663,,,,,,,,,,,,,,2021-05-24,2,,,,,NIFTY_PSU_BANK,1559537.6827860752,0.0,,
2021-05-21,2021-05-24,NIFTY_PSU_BANK,SKIP,J&KBANK,ENTRY_FILTERED,,4,,0.595216207827131,,,,,,,,,,,,,,2021-05-24,4,,,,,NIFTY_PSU_BANK,1559537.6827860752,0.0,,
2021-05-21,2021-05-24,NIFTY_PSU_BANK,SKIP,PSB,ENTRY_FILTERED,,6,,0.5591070558875799,,,,,,,,,,,,,,2021-05-24,6,,,,,NIFTY_PSU_BANK,1559537.6827860752,0.0,,
2021-05-21,2021-05-24,NIFTY_PSU_BANK,SKIP,CENTRALBK,ENTRY_FILTERED,,11,,0.31733646367987,,,,,,,,,,,,,,2021-05-24,11,,,,,NIFTY_PSU_BANK,1559537.6827860752,0.0,,
2021-06-21,2021-06-22,NIFTY_FMCG,KEEP,TATACONSUM,SELECTED,,2,,0.8437379697958629,,,,,,,,,,,,,,2021-06-22,2,,,,,NIFTY_FMCG,1573531.4026064798,0.0,0.0996454095189021,
2021-06-21,2021-06-22,NIFTY_FMCG,KEEP,EMAMILTD,SELECTED,,5,,0.6823003478348255,,,,,,,,,,,,,,2021-06-22,5,,,,,NIFTY_FMCG,1573531.4026064798,0.0,0.09158665173566696,
2021-06-21,2021-06-22,NIFTY_FMCG,KEEP,GODREJIND,SELECTED,,7,,0.49391298865278566,,,,,,,,,,,,,,2021-06-22,7,,,,,NIFTY_FMCG,1573531.4026064798,0.0,0.0915721742896741,
2021-06-21,2021-06-22,NIFTY_IT,SKIP,TATAELXSI,ENTRY_FILTERED,,1,,0.9215678585072359,,,,,,,,,,,,,,2021-06-22,1,,,,,NIFTY_IT,1573531.4026064798,0.0,,
2021-06-21,2021-06-22,NIFTY_IT,SKIP,JUSTDIAL,ENTRY_FILTERED,,2,,0.5476170654098194,,,,,,,,,,,,,,2021-06-22,2,,,,,NIFTY_IT,1573531.4026064798,0.0,,
2021-06-21,2021-06-22,NIFTY_METAL,SKIP,HINDCOPPER,ENTRY_FILTERED,,1,,0.6656728001932304,,,,,,,,,,,,,,2021-06-22,1,,,,,NIFTY_METAL,1573531.4026064798,0.0,,
2021-06-21,2021-06-22,NIFTY_METAL,KEEP,SAIL,SELECTED,,2,,0.6285947735887021,,,,,,,,,,,,,,2021-06-22,2,,,,,NIFTY_METAL,1573531.4026064798,0.0,0.08643875255672306,
2021-06-21,2021-06-22,NIFTY_METAL,KEEP,TATASTEEL,SELECTED,,3,,0.5354639639457067,,,,,,,,,,,,,,2021-06-22,3,,,,,NIFTY_METAL,1573531.4026064798,0.0,0.11874051332549808,
2021-06-21,2021-06-22,NIFTY_METAL,SKIP,APLAPOLLO,ENTRY_FILTERED,,4,,0.5264071685572466,,,,,,,,,,,,,,2021-06-22,4,,,,,NIFTY_METAL,1573531.4026064798,0.0,,
2021-06-21,2021-06-22,NIFTY_METAL,KEEP,VEDL,SELECTED,,7,,0.35501276453336084,,,,,,,,,,,,,,2021-06-22,7,,,,,NIFTY_METAL,1573531.4026064798,0.0,0.0878090716214601,
2021-06-21,2021-06-22,NIFTY_METAL,SKIP,NATIONALUM,ENTRY_FILTERED,,8,,0.2974880704035362,,,,,,,,,,,,,,2021-06-22,8,,,,,NIFTY_METAL,1573531.4026064798,0.0,,
2021-06-21,2021-06-22,NIFTY_METAL,SKIP,RATNAMANI,ENTRY_FILTERED,,10,,0.2561500826656508,,,,,,,,,,,,,,2021-06-22,10,,,,,NIFTY_METAL,1573531.4026064798,0.0,,
2021-06-21,2021-06-22,NIFTY_METAL,SKIP,WELCORP,ENTRY_FILTERED,,14,,0.11496199508352827,,,,,,,,,,,,,,2021-06-22,14,,,,,NIFTY_METAL,1573531.4026064798,0.0,,
2021-06-21,2021-06-22,NIFTY_PHARMA,KEEP,CIPLA,SELECTED,,1,,0.8385466287533443,,,,,,,,,,,,,,2021-06-22,1,,,,,NIFTY_PHARMA,1573531.4026064798,0.0,0.12627252211922824,
2021-06-21,2021-06-22,NIFTY_PHARMA,KEEP,DIVISLAB,SELECTED,,2,,0.8263070757190387,,,,,,,,,,,,,,2021-06-22,2,,,,,NIFTY_PHARMA,1573531.4026064798,0.0,0.15547818282771567,
2021-06-21,2021-06-22,NIFTY_PHARMA,KEEP,SUNPHARMA,SELECTED,,4,,0.7620767876505852,,,,,,,,,,,,,,2021-06-22,4,,,,,NIFTY_PHARMA,1573531.4026064798,0.0,0.14245672200513163,
2021-06-21,2021-06-22,NIFTY_PSU_BANK,SKIP,J&KBANK,ENTRY_FILTERED,,2,,0.7358538421491783,,,,,,,,,,,,,,2021-06-22,2,,,,,NIFTY_PSU_BANK,1573531.4026064798,0.0,,
2021-06-21,2021-06-22,NIFTY_PSU_BANK,SKIP,INDIANB,ENTRY_FILTERED,,3,,0.669934768229723,,,,,,,,,,,,,,2021-06-22,3,,,,,NIFTY_PSU_BANK,1573531.4026064798,0.0,,
2021-06-21,2021-06-22,NIFTY_PSU_BANK,SKIP,MAHABANK,ENTRY_FILTERED,,5,,0.631333450631549,,,,,,,,,,,,,,2021-06-22,5,,,,,NIFTY_PSU_BANK,1573531.4026064798,0.0,,
2021-06-21,2021-06-22,NIFTY_PSU_BANK,SKIP,PSB,ENTRY_FILTERED,,6,,0.5116641707718372,,,,,,,,,,,,,,2021-06-22,6,,,,,NIFTY_PSU_BANK,1573531.4026064798,0.0,,
2021-06-21,2021-06-22,NIFTY_PSU_BANK,SKIP,CENTRALBK,ENTRY_FILTERED,,7,,0.49025459835926694,,,,,,,,,,,,,,2021-06-22,7,,,,,NIFTY_PSU_BANK,1573531.4026064798,0.0,,
2021-07-22,2021-07-23,NIFTY_FMCG,KEEP,TATACONSUM,SELECTED,,1,,0.8642945438623428,,,,,,,,,,,,,,2021-07-23,1,,,,,NIFTY_FMCG,1659249.4923005104,0.0,0.0968017302036338,
2021-07-22,2021-07-23,NIFTY_FMCG,KEEP,GODREJIND,SELECTED,,5,,0.6977491142849128,,,,,,,,,,,,,,2021-07-23,5,,,,,NIFTY_FMCG,1659249.4923005104,0.0,0.08851572032624004,
2021-07-22,2021-07-23,NIFTY_FMCG,KEEP,EMAMILTD,SELECTED,,6,,0.6647714227437973,,,,,,,,,,,,,,2021-07-23,6,,,,,NIFTY_FMCG,1659249.4923005104,0.0,0.09035473000929532,
2021-07-22,2021-07-23,NIFTY_IT,SKIP,TATAELXSI,ENTRY_FILTERED,,1,,0.9003150587280592,,,,,,,,,,,,,,2021-07-23,1,,,,,NIFTY_IT,1659249.4923005104,0.0,,
2021-07-22,2021-07-23,NIFTY_IT,SKIP,JUSTDIAL,ENTRY_FILTERED,,3,,0.37501951679587364,,,,,,,,,,,,,,2021-07-23,3,,,,,NIFTY_IT,1659249.4923005104,0.0,,
2021-07-22,2021-07-23,NIFTY_METAL,KEEP,TATASTEEL,SELECTED,,1,,0.6840242755909761,,,,,,,,,,,,,,2021-07-23,1,,,,,NIFTY_METAL,1659249.4923005104,0.0,0.1297255054821168,
2021-07-22,2021-07-23,NIFTY_METAL,SKIP,HINDCOPPER,ENTRY_FILTERED,,2,,0.6756808049976826,,,,,,,,,,,,,,2021-07-23,2,,,,,NIFTY_METAL,1659249.4923005104,0.0,,
2021-07-22,2021-07-23,NIFTY_METAL,SKIP,NATIONALUM,ENTRY_FILTERED,,3,,0.6350970144073169,,,,,,,,,,,,,,2021-07-23,3,,,,,NIFTY_METAL,1659249.4923005104,0.0,,
2021-07-22,2021-07-23,NIFTY_METAL,KEEP,SAIL,SELECTED,,4,,0.6298172300254616,,,,,,,,,,,,,,2021-07-23,4,,,,,NIFTY_METAL,1659249.4923005104,0.0,0.08104467013129664,
2021-07-22,2021-07-23,NIFTY_METAL,SKIP,APLAPOLLO,ENTRY_FILTERED,,5,,0.577221562465032,,,,,,,,,,,,,,2021-07-23,5,,,,,NIFTY_METAL,1659249.4923005104,0.0,,
2021-07-22,2021-07-23,NIFTY_METAL,KEEP,VEDL,SELECTED,,7,,0.49175472309192025,,,,,,,,,,,,,,2021-07-23,7,,,,,NIFTY_METAL,1659249.4923005104,0.0,0.08835359743699536,
2021-07-22,2021-07-23,NIFTY_METAL,SKIP,RATNAMANI,ENTRY_FILTERED,,10,,0.3351652560134729,,,,,,,,,,,,,,2021-07-23,10,,,,,NIFTY_METAL,1659249.4923005104,0.0,,
2021-07-22,2021-07-23,NIFTY_METAL,SKIP,WELCORP,ENTRY_FILTERED,,14,,0.12719616992399096,,,,,,,,,,,,,,2021-07-23,14,,,,,NIFTY_METAL,1659249.4923005104,0.0,,
2021-07-22,2021-07-23,NIFTY_PHARMA,KEEP,DIVISLAB,SELECTED,,1,,0.981573760509491,,,,,,,,,,,,,,2021-07-23,1,,,,,NIFTY_PHARMA,1659249.4923005104,0.0,0.16587361362470718,
2021-07-22,2021-07-23,NIFTY_PHARMA,KEEP,SUNPHARMA,SELECTED,,3,,0.6408404620985191,,,,,,,,,,,,,,2021-07-23,3,,,,,NIFTY_PHARMA,1659249.4923005104,0.0,0.14060818077325787,
2021-07-22,2021-07-23,NIFTY_PHARMA,KEEP,CIPLA,SELECTED,,4,,0.5378338942925136,,,,,,,,,,,,,,2021-07-23,4,,,,,NIFTY_PHARMA,1659249.4923005104,0.0,0.11872225201245701,
2021-07-22,2021-07-23,NIFTY_PSU_BANK,SKIP,J&KBANK,ENTRY_FILTERED,,2,,0.622875119249026,,,,,,,,,,,,,,2021-07-23,2,,,,,NIFTY_PSU_BANK,1659249.4923005104,0.0,,
2021-07-22,2021-07-23,NIFTY_PSU_BANK,SKIP,CENTRALBK,ENTRY_FILTERED,,3,,0.6222236356309926,,,,,,,,,,,,,,2021-07-23,3,,,,,NIFTY_PSU_BANK,1659249.4923005104,0.0,,
2021-07-22,2021-07-23,NIFTY_PSU_BANK,SKIP,INDIANB,ENTRY_FILTERED,,4,,0.6016771743694942,,,,,,,,,,,,,,2021-07-23,4,,,,,NIFTY_PSU_BANK,1659249.4923005104,0.0,,
2021-07-22,2021-07-23,NIFTY_PSU_BANK,SKIP,MAHABANK,ENTRY_FILTERED,,6,,0.4123014397919178,,,,,,,,,,,,,,2021-07-23,6,,,,,NIFTY_PSU_BANK,1659249.4923005104,0.0,,
2021-07-22,2021-07-23,NIFTY_PSU_BANK,SKIP,PSB,ENTRY_FILTERED,,9,,0.3505688005437454,,,,,,,,,,,,,,2021-07-23,9,,,,,NIFTY_PSU_BANK,1659249.4923005104,0.0,,
2021-08-23,2021-08-24,NIFTY_CONSUMER_DURABLES,KEEP,TITAN,SELECTED,,1,,0.7857180138429006,,,,,,,,,,,,,,2021-08-24,1,,,,,NIFTY_CONSUMER_DURABLES,1720232.2613425087,0.0,0.06987957378484286,
2021-08-23,2021-08-24,NIFTY_CONSUMER_DURABLES,KEEP,RELAXO,SELECTED,,2,,0.7573723793029785,,,,,,,,,,,,,,2021-08-24,2,,,,,NIFTY_CONSUMER_DURABLES,1720232.2613425087,0.0,0.06987957378484286,
2021-08-23,2021-08-24,NIFTY_CONSUMER_DURABLES,SKIP,KAJARIACER,ENTRY_FILTERED,,3,,0.715976171195507,,,,,,,,,,,,,,2021-08-24,3,,,,,NIFTY_CONSUMER_DURABLES,1720232.2613425087,0.0,,
2021-08-23,2021-08-24,NIFTY_CONSUMER_DURABLES,KEEP,HAVELLS,SELECTED,,4,,0.6688726445039114,,,,,,,,,,,,,,2021-08-24,4,,,,,NIFTY_CONSUMER_DURABLES,1720232.2613425087,0.0,0.06987957378484286,
2021-08-23,2021-08-24,NIFTY_CONSUMER_DURABLES,SKIP,TTKPRESTIG,ENTRY_FILTERED,,6,,0.6246399755279224,,,,,,,,,,,,,,2021-08-24,6,,,,,NIFTY_CONSUMER_DURABLES,1720232.2613425087,0.0,,
2021-08-23,2021-08-24,NIFTY_CONSUMER_DURABLES,SKIP,ORIENTELEC,ENTRY_FILTERED,,8,,0.603924673050642,,,,,,,,,,,,,,2021-08-24,8,,,,,NIFTY_CONSUMER_DURABLES,1720232.2613425087,0.0,,
2021-08-23,2021-08-24,NIFTY_CONSUMER_DURABLES,SKIP,BLUESTARCO,ENTRY_FILTERED,,11,,0.37647533540924394,,,,,,,,,,,,,,2021-08-24,11,,,,,NIFTY_CONSUMER_DURABLES,1720232.2613425087,0.0,,
2021-08-23,2021-08-24,NIFTY_CONSUMER_DURABLES,SKIP,AMBER,ENTRY_FILTERED,,13,,0.22235415255029997,,,,,,,,,,,,,,2021-08-24,13,,,,,NIFTY_CONSUMER_DURABLES,1720232.2613425087,0.0,,
2021-08-23,2021-08-24,NIFTY_FMCG,KEEP,TATACONSUM,SELECTED,,1,,0.8942710235714912,,,,,,,,,,,,,,2021-08-24,1,,,,,NIFTY_FMCG,1720232.2613425087,0.0,0.10080812040507459,
2021-08-23,2021-08-24,NIFTY_FMCG,KEEP,GODREJCP,SELECTED,,2,,0.8471946480373542,,,,,,,,,,,,,,2021-08-24,2,,,,,NIFTY_FMCG,1720232.2613425087,0.0,0.08478339332185665,
2021-08-23,2021-08-24,NIFTY_FMCG,KEEP,EMAMILTD,SELECTED,,4,,0.6603519525378942,,,,,,,,,,,,,,2021-08-24,4,,,,,NIFTY_FMCG,1720232.2613425087,0.0,0.09319729630399332,
2021-08-23,2021-08-24,NIFTY_HEALTHCARE,KEEP,LAURUSLABS,SELECTED,,1,,0.8549706637859344,,,,,,,,,,,,,,2021-08-24,1,,,,,NIFTY_HEALTHCARE,1720232.2613425087,0.0,0.06987957378484286,
2021-08-23,2021-08-24,NIFTY_HEALTHCARE,KEEP,APOLLOHOSP,SELECTED,,2,,0.7883213398357233,,,,,,,,,,,,,,2021-08-24,2,,,,,NIFTY_HEALTHCARE,1720232.2613425087,0.0,0.06987957378484286,
2021-08-23,2021-08-24,NIFTY_HEALTHCARE,KEEP,LALPATHLAB,SELECTED,,3,,0.7708476794262727,,,,,,,,,,,,,,2021-08-24,3,,,,,NIFTY_HEALTHCARE,1720232.2613425087,0.0,0.06987957378484286,
2021-08-23,2021-08-24,NIFTY_HEALTHCARE,SKIP,METROPOLIS,ENTRY_FILTERED,,10,,0.4854707419872284,,,,,,,,,,,,,,2021-08-24,10,,,,,NIFTY_HEALTHCARE,1720232.2613425087,0.0,,
2021-08-23,2021-08-24,NIFTY_HEALTHCARE,SKIP,ZYDUSLIFE,ENTRY_FILTERED,,11,,0.46444589893023175,,,,,,,,,,,,,,2021-08-24,11,,,,,NIFTY_HEALTHCARE,1720232.2613425087,0.0,,
2021-08-23,2021-08-24,NIFTY_HEALTHCARE,SKIP,GRANULES,ENTRY_FILTERED,,15,,0.29949842020869255,,,,,,,,,,,,,,2021-08-24,15,,,,,NIFTY_HEALTHCARE,1720232.2613425087,0.0,,
2021-08-23,2021-08-24,NIFTY_HEALTHCARE,SKIP,STAR,ENTRY_FILTERED,,20,,0.10313871316611767,,,,,,,,,,,,,,2021-08-24,20,,,,,NIFTY_HEALTHCARE,1720232.2613425087,0.0,,
2021-08-23,2021-08-24,NIFTY_IT,SKIP,TATAELXSI,ENTRY_FILTERED,,1,,0.7970582010845344,,,,,,,,,,,,,,2021-08-24,1,,,,,NIFTY_IT,1720232.2613425087,0.0,,
2021-08-23,2021-08-24,NIFTY_IT,SKIP,JUSTDIAL,ENTRY_FILTERED,,6,,0.22937241941690445,,,,,,,,,,,,,,2021-08-24,6,,,,,NIFTY_IT,1720232.2613425087,0.0,,
2021-08-23,2021-08-24,NIFTY_METAL,KEEP,TATASTEEL,SELECTED,,1,,0.8629382091263931,,,,,,,,,,,,,,2021-08-24,1,,,,,NIFTY_METAL,1720232.2613425087,0.0,0.13716187049979217,
2021-08-23,2021-08-24,NIFTY_METAL,KEEP,SAIL,SELECTED,,2,,0.6612449480841558,,,,,,,,,,,,,,2021-08-24,2,,,,,NIFTY_METAL,1720232.2613425087,0.0,0.07363140215215051,
2021-08-23,2021-08-24,NIFTY_METAL,SKIP,APLAPOLLO,ENTRY_FILTERED,,3,,0.6453342859943708,,,,,,,,,,,,,,2021-08-24,3,,,,,NIFTY_METAL,1720232.2613425087,0.0,,
2021-08-23,2021-08-24,NIFTY_METAL,KEEP,VEDL,SELECTED,,5,,0.5247374779234331,,,,,,,,,,,,,,2021-08-24,5,,,,,NIFTY_METAL,1720232.2613425087,0.0,0.09114047460807556,
2021-08-23,2021-08-24,NIFTY_METAL,SKIP,HINDCOPPER,ENTRY_FILTERED,,6,,0.5089615657925606,,,,,,,,,,,,,,2021-08-24,6,,,,,NIFTY_METAL,1720232.2613425087,0.0,,
2021-08-23,2021-08-24,NIFTY_METAL,SKIP,NATIONALUM,ENTRY_FILTERED,,8,,0.47758959233760834,,,,,,,,,,,,,,2021-08-24,8,,,,,NIFTY_METAL,1720232.2613425087,0.0,,
2021-08-23,2021-08-24,NIFTY_METAL,SKIP,RATNAMANI,ENTRY_FILTERED,,9,,0.45186300141115987,,,,,,,,,,,,,,2021-08-24,9,,,,,NIFTY_METAL,1720232.2613425087,0.0,,
2021-08-23,2021-08-24,NIFTY_METAL,SKIP,WELCORP,ENTRY_FILTERED,,14,,0.1182450478275617,,,,,,,,,,,,,,2021-08-24,14,,,,,NIFTY_METAL,1720232.2613425087,0.0,,
2021-09-21,2021-09-22,NIFTY_CONSUMER_DURABLES,KEEP,HAVELLS,SELECTED,,1,,0.8116675292452177,,,,,,,,,,,,,,2021-09-22,1,,,,,NIFTY_CONSUMER_DURABLES,1744997.7502326726,0.0,0.0770546540926074,
2021-09-21,2021-09-22,NIFTY_CONSUMER_DURABLES,KEEP,TITAN,SELECTED,,2,,0.7718536878625553,,,,,,,,,,,,,,2021-09-22,2,,,,,NIFTY_CONSUMER_DURABLES,1744997.7502326726,0.0,0.07613330534479174,
2021-09-21,2021-09-22,NIFTY_CONSUMER_DURABLES,KEEP,RELAXO,SELECTED,,3,,0.7453418833514055,,,,,,,,,,,,,,2021-09-22,3,,,,,NIFTY_CONSUMER_DURABLES,1744997.7502326726,0.0,0.06783610112098352,
2021-09-21,2021-09-22,NIFTY_CONSUMER_DURABLES,SKIP,KAJARIACER,ENTRY_FILTERED,,5,,0.6205656938254833,,,,,,,,,,,,,,2021-09-22,5,,,,,NIFTY_CONSUMER_DURABLES,1744997.7502326726,0.0,,
2021-09-21,2021-09-22,NIFTY_CONSUMER_DURABLES,SKIP,TTKPRESTIG,ENTRY_FILTERED,,6,,0.5435101812084516,,,,,,,,,,,,,,2021-09-22,6,,,,,NIFTY_CONSUMER_DURABLES,1744997.7502326726,0.0,,
2021-09-21,2021-09-22,NIFTY_CONSUMER_DURABLES,SKIP,ORIENTELEC,ENTRY_FILTERED,,9,,0.42324158052603406,,,,,,,,,,,,,,2021-09-22,9,,,,,NIFTY_CONSUMER_DURABLES,1744997.7502326726,0.0,,
2021-09-21,2021-09-22,NIFTY_CONSUMER_DURABLES,SKIP,AMBER,ENTRY_FILTERED,,12,,0.30234518771370256,,,,,,,,,,,,,,2021-09-22,12,,,,,NIFTY_CONSUMER_DURABLES,1744997.7502326726,0.0,,
2021-09-21,2021-09-22,NIFTY_CONSUMER_DURABLES,SKIP,BLUESTARCO,ENTRY_FILTERED,,13,,0.24189554620534182,,,,,,,,,,,,,,2021-09-22,13,,,,,NIFTY_CONSUMER_DURABLES,1744997.7502326726,0.0,,
2021-09-21,2021-09-22,NIFTY_FMCG,KEEP,GODREJCP,SELECTED,,1,,0.8386631185809772,,,,,,,,,,,,,,2021-09-22,1,,,,,NIFTY_FMCG,1744997.7502326726,0.0,0.08527436949745902,
2021-09-21,2021-09-22,NIFTY_FMCG,KEEP,JUBLFOOD,SELECTED,,2,,0.7149426142374675,,,,,,,,,,,,,,2021-09-22,2,,,,,NIFTY_FMCG,1744997.7502326726,0.0,0.09057941495586125,
2021-09-21,2021-09-22,NIFTY_FMCG,KEEP,TATACONSUM,SELECTED,,3,,0.7008326674501102,,,,,,,,,,,,,,2021-09-22,3,,,,,NIFTY_FMCG,1744997.7502326726,0.0,0.10142576608074581,
2021-09-21,2021-09-22,NIFTY_HEALTHCARE,KEEP,APOLLOHOSP,SELECTED,,1,,0.7840494314829509,,,,,,,,,,,,,,2021-09-22,1,,,,,NIFTY_HEALTHCARE,1744997.7502326726,0.0,0.07010122330854397,
2021-09-21,2021-09-22,NIFTY_HEALTHCARE,KEEP,LALPATHLAB,SELECTED,,2,,0.7183937852581342,,,,,,,,,,,,,,2021-09-22,2,,,,,NIFTY_HEALTHCARE,1744997.7502326726,0.0,0.07159303947475273,
2021-09-21,2021-09-22,NIFTY_HEALTHCARE,KEEP,LAURUSLABS,SELECTED,,3,,0.7090798392891884,,,,,,,,,,,,,,2021-09-22,3,,,,,NIFTY_HEALTHCARE,1744997.7502326726,0.0,0.06710455413244967,
2021-09-21,2021-09-22,NIFTY_HEALTHCARE,SKIP,METROPOLIS,ENTRY_FILTERED,,6,,0.5975782995422682,,,,,,,,,,,,,,2021-09-22,6,,,,,NIFTY_HEALTHCARE,1744997.7502326726,0.0,,
2021-09-21,2021-09-22,NIFTY_HEALTHCARE,SKIP,ZYDUSLIFE,ENTRY_FILTERED,,12,,0.4446118790656328,,,,,,,,,,,,,,2021-09-22,12,,,,,NIFTY_HEALTHCARE,1744997.7502326726,0.0,,
2021-09-21,2021-09-22,NIFTY_HEALTHCARE,SKIP,GRANULES,ENTRY_FILTERED,,15,,0.23315836830685538,,,,,,,,,,,,,,2021-09-22,15,,,,,NIFTY_HEALTHCARE,1744997.7502326726,0.0,,
2021-09-21,2021-09-22,NIFTY_HEALTHCARE,SKIP,STAR,ENTRY_FILTERED,,20,,0.04006839357316494,,,,,,,,,,,,,,2021-09-22,20,,,,,NIFTY_HEALTHCARE,1744997.7502326726,0.0,,
2021-09-21,2021-09-22,NIFTY_IT,SKIP,TATAELXSI,ENTRY_FILTERED,,1,,0.8333333333333334,,,,,,,,,,,,,,2021-09-22,1,,,,,NIFTY_IT,1744997.7502326726,0.0,,
2021-09-21,2021-09-22,NIFTY_IT,SKIP,JUSTDIAL,ENTRY_FILTERED,,7,,0.09743014660974345,,,,,,,,,,,,,,2021-09-22,7,,,,,NIFTY_IT,1744997.7502326726,0.0,,
2021-09-21,2021-09-22,NIFTY_METAL,KEEP,TATASTEEL,SELECTED,,1,,0.8229260891675949,,,,,,,,,,,,,,2021-09-22,1,,,,,NIFTY_METAL,1744997.7502326726,0.0,0.12569968136975976,
2021-09-21,2021-09-22,NIFTY_METAL,SKIP,APLAPOLLO,ENTRY_FILTERED,,2,,0.7265497123201689,,,,,,,,,,,,,,2021-09-22,2,,,,,NIFTY_METAL,1744997.7502326726,0.0,,
2021-09-21,2021-09-22,NIFTY_METAL,SKIP,NATIONALUM,ENTRY_FILTERED,,3,,0.7262030492226283,,,,,,,,,,,,,,2021-09-22,3,,,,,NIFTY_METAL,1744997.7502326726,0.0,,
2021-09-21,2021-09-22,NIFTY_METAL,KEEP,VEDL,SELECTED,,4,,0.6816292926669121,,,,,,,,,,,,,,2021-09-22,4,,,,,NIFTY_METAL,1744997.7502326726,0.0,0.09834587097520336,
2021-09-21,2021-09-22,NIFTY_METAL,KEEP,SAIL,SELECTED,,7,,0.5861900622646015,,,,,,,,,,,,,,2021-09-22,7,,,,,NIFTY_METAL,1744997.7502326726,0.0,0.06885201964684184,
2021-09-21,2021-09-22,NIFTY_METAL,SKIP,RATNAMANI,ENTRY_FILTERED,,8,,0.4534677291909854,,,,,,,,,,,,,,2021-09-22,8,,,,,NIFTY_METAL,1744997.7502326726,0.0,,
2021-09-21,2021-09-22,NIFTY_METAL,SKIP,HINDCOPPER,ENTRY_FILTERED,,12,,0.33047637591759366,,,,,,,,,,,,,,2021-09-22,12,,,,,NIFTY_METAL,1744997.7502326726,0.0,,
2021-09-21,2021-09-22,NIFTY_METAL,SKIP,WELCORP,ENTRY_FILTERED,,14,,0.2001649948457877,,,,,,,,,,,,,,2021-09-22,14,,,,,NIFTY_METAL,1744997.7502326726,0.0,,
2021-10-21,2021-10-22,NIFTY_CONSUMER_DURABLES,KEEP,TITAN,SELECTED,,1,,0.8429793454706669,,,,,,,,,,,,,,2021-10-22,1,,,,,NIFTY_CONSUMER_DURABLES,1695215.9591660714,0.0,0.09083209846689243,
2021-10-21,2021-10-22,NIFTY_CONSUMER_DURABLES,KEEP,RELAXO,SELECTED,,3,,0.6756701072057089,,,,,,,,,,,,,,2021-10-22,3,,,,,NIFTY_CONSUMER_DURABLES,1695215.9591660714,0.0,0.08162559444889239,
2021-10-21,2021-10-22,NIFTY_CONSUMER_DURABLES,SKIP,KAJARIACER,ENTRY_FILTERED,,4,,0.6603059669335684,,,,,,,,,,,,,,2021-10-22,4,,,,,NIFTY_CONSUMER_DURABLES,1695215.9591660714,0.0,,
2021-10-21,2021-10-22,NIFTY_CONSUMER_DURABLES,SKIP,TTKPRESTIG,ENTRY_FILTERED,,7,,0.469471604252855,,,,,,,,,,,,,,2021-10-22,7,,,,,NIFTY_CONSUMER_DURABLES,1695215.9591660714,0.0,,
2021-10-21,2021-10-22,NIFTY_CONSUMER_DURABLES,KEEP,HAVELLS,SELECTED,,9,,0.4047982425739368,,,,,,,,,,,,,,2021-10-22,9,,,,,NIFTY_CONSUMER_DURABLES,1695215.9591660714,0.0,0.07199686226732532,
2021-10-21,2021-10-22,NIFTY_CONSUMER_DURABLES,SKIP,ORIENTELEC,ENTRY_FILTERED,,10,,0.37186960379282635,,,,,,,,,,,,,,2021-10-22,10,,,,,NIFTY_CONSUMER_DURABLES,1695215.9591660714,0.0,,
2021-10-21,2021-10-22,NIFTY_CONSUMER_DURABLES,SKIP,BLUESTARCO,ENTRY_FILTERED,,12,,0.30860924782852334,,,,,,,,,,,,,,2021-10-22,12,,,,,NIFTY_CONSUMER_DURABLES,1695215.9591660714,0.0,,
2021-10-21,2021-10-22,NIFTY_CONSUMER_DURABLES,SKIP,AMBER,ENTRY_FILTERED,,13,,0.2822038298472762,,,,,,,,,,,,,,2021-10-22,13,,,,,NIFTY_CONSUMER_DURABLES,1695215.9591660714,0.0,,
2021-10-21,2021-10-22,NIFTY_FMCG,KEEP,JUBLFOOD,SELECTED,,3,,0.7649523019790649,,,,,,,,,,,,,,2021-10-22,3,,,,,NIFTY_FMCG,1695215.9591660714,0.0,0.08304610004546512,
2021-10-21,2021-10-22,NIFTY_FMCG,KEEP,TATACONSUM,SELECTED,,4,,0.6298473911980789,,,,,,,,,,,,,,2021-10-22,4,,,,,NIFTY_FMCG,1695215.9591660714,0.0,0.09720477921383495,
2021-10-21,2021-10-22,NIFTY_FMCG,KEEP,GODREJCP,SELECTED,,5,,0.6274542522927126,,,,,,,,,,,,,,2021-10-22,5,,,,,NIFTY_FMCG,1695215.9591660714,0.0,0.07998257045439366,
2021-10-21,2021-10-22,NIFTY_HEALTHCARE,KEEP,APOLLOHOSP,SELECTED,,4,,0.7179844751954079,,,,,,,,,,,,,,2021-10-22,4,,,,,NIFTY_HEALTHCARE,1695215.9591660714,0.0,0.059264937331101414,
2021-10-21,2021-10-22,NIFTY_HEALTHCARE,KEEP,LALPATHLAB,SELECTED,,5,,0.7037797197699547,,,,,,,,,,,,,,2021-10-22,5,,,,,NIFTY_HEALTHCARE,1695215.9591660714,0.0,0.06255959336912621,
2021-10-21,2021-10-22,NIFTY_HEALTHCARE,KEEP,LAURUSLABS,SELECTED,,6,,0.672207276026408,,,,,,,,,,,,,,2021-10-22,6,,,,,NIFTY_HEALTHCARE,1695215.9591660714,0.0,0.05968564421374177,
2021-10-21,2021-10-22,NIFTY_HEALTHCARE,SKIP,METROPOLIS,ENTRY_FILTERED,,8,,0.5775348624835412,,,,,,,,,,,,,,2021-10-22,8,,,,,NIFTY_HEALTHCARE,1695215.9591660714,0.0,,
2021-10-21,2021-10-22,NIFTY_HEALTHCARE,SKIP,ZYDUSLIFE,ENTRY_FILTERED,,12,,0.43168379614750546,,,,,,,,,,,,,,2021-10-22,12,,,,,NIFTY_HEALTHCARE,1695215.9591660714,0.0,,
2021-10-21,2021-10-22,NIFTY_HEALTHCARE,SKIP,GRANULES,ENTRY_FILTERED,,13,,0.40219591930508614,,,,,,,,,,,,,,2021-10-22,13,,,,,NIFTY_HEALTHCARE,1695215.9591660714,0.0,,
2021-10-21,2021-10-22,NIFTY_HEALTHCARE,SKIP,STAR,ENTRY_FILTERED,,20,,0.03405792638659477,,,,,,,,,,,,,,2021-10-22,20,,,,,NIFTY_HEALTHCARE,1695215.9591660714,0.0,,
2021-10-21,2021-10-22,NIFTY_IT,SKIP,TATAELXSI,ENTRY_FILTERED,,1,,0.8226209009687107,,,,,,,,,,,,,,2021-10-22,1,,,,,NIFTY_IT,1695215.9591660714,0.0,,
2021-10-21,2021-10-22,NIFTY_IT,SKIP,JUSTDIAL,ENTRY_FILTERED,,7,,0.19489877857267857,,,,,,,,,,,,,,2021-10-22,7,,,,,NIFTY_IT,1695215.9591660714,0.0,,
2021-10-21,2021-10-22,NIFTY_METAL,SKIP,NATIONALUM,ENTRY_FILTERED,,1,,0.7763829082250595,,,,,,,,,,,,,,2021-10-22,1,,,,,NIFTY_METAL,1695215.9591660714,0.0,,
2021-10-21,2021-10-22,NIFTY_METAL,KEEP,VEDL,SELECTED,,2,,0.7151455183823904,,,,,,,,,,,,,,2021-10-22,2,,,,,NIFTY_METAL,1695215.9591660714,0.0,0.11117193986542336,
2021-10-21,2021-10-22,NIFTY_METAL,KEEP,TATASTEEL,SELECTED,,5,,0.5281196410457294,,,,,,,,,,,,,,2021-10-22,5,,,,,NIFTY_METAL,1695215.9591660714,0.0,0.1284446767779342,
2021-10-21,2021-10-22,NIFTY_METAL,SKIP,APLAPOLLO,ENTRY_FILTERED,,6,,0.41814495498935383,,,,,,,,,,,,,,2021-10-22,6,,,,,NIFTY_METAL,1695215.9591660714,0.0,,
2021-10-21,2021-10-22,NIFTY_METAL,KEEP,SAIL,SELECTED,,7,,0.41805665629605454,,,,,,,,,,,,,,2021-10-22,7,,,,,NIFTY_METAL,1695215.9591660714,0.0,0.0741852035458692,
2021-10-21,2021-10-22,NIFTY_METAL,SKIP,RATNAMANI,ENTRY_FILTERED,,8,,0.40993976096312207,,,,,,,,,,,,,,2021-10-22,8,,,,,NIFTY_METAL,1695215.9591660714,0.0,,
2021-10-21,2021-10-22,NIFTY_METAL,SKIP,HINDCOPPER,ENTRY_FILTERED,,10,,0.314783816866111,,,,,,,,,,,,,,2021-10-22,10,,,,,NIFTY_METAL,1695215.9591660714,0.0,,
2021-10-21,2021-10-22,NIFTY_METAL,SKIP,WELCORP,ENTRY_FILTERED,,14,,0.10677770090599856,,,,,,,,,,,,,,2021-10-22,14,,,,,NIFTY_METAL,1695215.9591660714,0.0,,
2021-11-22,2021-11-23,NIFTY_CONSUMER_DURABLES,KEEP,TITAN,SELECTED,,1,,0.9345573062698047,,,,,,,,,,,,,,2021-11-23,1,,,,,NIFTY_CONSUMER_DURABLES,1682954.6646340862,0.0,0.0905720824203289,
2021-11-22,2021-11-23,NIFTY_CONSUMER_DURABLES,KEEP,RAJESHEXPO,SELECTED,,2,,0.765460878610611,,,,,,,,,,,,,,2021-11-23,2,,,,,NIFTY_CONSUMER_DURABLES,1682954.6646340862,0.0,0.07108951381596369,
2021-11-22,2021-11-23,NIFTY_CONSUMER_DURABLES,SKIP,BLUESTARCO,ENTRY_FILTERED,,3,,0.7076931868990263,,,,,,,,,,,,,,2021-11-23,3,,,,,NIFTY_CONSUMER_DURABLES,1682954.6646340862,0.0,,
2021-11-22,2021-11-23,NIFTY_CONSUMER_DURABLES,SKIP,TTKPRESTIG,ENTRY_FILTERED,,5,,0.6373260992889603,,,,,,,,,,,,,,2021-11-23,5,,,,,NIFTY_CONSUMER_DURABLES,1682954.6646340862,0.0,,
2021-11-22,2021-11-23,NIFTY_CONSUMER_DURABLES,KEEP,RELAXO,SELECTED,,6,,0.5557592958211899,,,,,,,,,,,,,,2021-11-23,6,,,,,NIFTY_CONSUMER_DURABLES,1682954.6646340862,0.0,0.07813698508298043,
2021-11-22,2021-11-23,NIFTY_CONSUMER_DURABLES,SKIP,ORIENTELEC,ENTRY_FILTERED,,8,,0.5386425678928694,,,,,,,,,,,,,,2021-11-23,8,,,,,NIFTY_CONSUMER_DURABLES,1682954.6646340862,0.0,,
2021-11-22,2021-11-23,NIFTY_CONSUMER_DURABLES,SKIP,KAJARIACER,ENTRY_FILTERED,,11,,0.35727644494424265,,,,,,,,,,,,,,2021-11-23,11,,,,,NIFTY_CONSUMER_DURABLES,1682954.6646340862,0.0,,
2021-11-22,2021-11-23,NIFTY_CONSUMER_DURABLES,SKIP,AMBER,ENTRY_FILTERED,,13,,0.2714653965085745,,,,,,,,,,,,,,2021-11-23,13,,,,,NIFTY_CONSUMER_DURABLES,1682954.6646340862,0.0,,
2021-11-22,2021-11-23,NIFTY_IT,SKIP,TATAELXSI,ENTRY_FILTERED,,1,,0.8333333333333334,,,,,,,,,,,,,,2021-11-23,1,,,,,NIFTY_IT,1682954.6646340862,0.0,,
2021-11-22,2021-11-23,NIFTY_IT,SKIP,JUSTDIAL,ENTRY_FILTERED,,7,,0.1065910483400027,,,,,,,,,,,,,,2021-11-23,7,,,,,NIFTY_IT,1682954.6646340862,0.0,,
2021-11-22,2021-11-23,NIFTY_MEDIA,SKIP,SAREGAMA,ENTRY_FILTERED,,1,,0.7942578196525574,,,,,,,,,,,,,,2021-11-23,1,,,,,NIFTY_MEDIA,1682954.6646340862,0.0,,
2021-11-22,2021-11-23,NIFTY_MEDIA,SKIP,NETWORK18,ENTRY_FILTERED,,2,,0.6488567963242531,,,,,,,,,,,,,,2021-11-23,2,,,,,NIFTY_MEDIA,1682954.6646340862,0.0,,
2021-11-22,2021-11-23,NIFTY_MEDIA,KEEP,ZEEL,SELECTED,,3,,0.48800838490327203,,,,,,,,,,,,,,2021-11-23,3,,,,,NIFTY_MEDIA,1682954.6646340862,0.0,0.15222989141355264,
2021-11-22,2021-11-23,NIFTY_MEDIA,SKIP,DISHTV,ENTRY_FILTERED,,4,,0.3849108827610811,,,,,,,,,,,,,,2021-11-23,4,,,,,NIFTY_MEDIA,1682954.6646340862,0.0,,
2021-11-22,2021-11-23,NIFTY_MEDIA,SKIP,TVTODAY,ENTRY_FILTERED,,5,,0.34288754065831506,,,,,,,,,,,,,,2021-11-23,5,,,,,NIFTY_MEDIA,1682954.6646340862,0.0,,
2021-11-22,2021-11-23,NIFTY_MEDIA,SKIP,JAGRAN,ENTRY_FILTERED,,6,,0.29504497225085896,,,,,,,,,,,,,,2021-11-23,6,,,,,NIFTY_MEDIA,1682954.6646340862,0.0,,
2021-11-22,2021-11-23,NIFTY_MEDIA,KEEP,SUNTV,SELECTED,,7,,0.23663481619829935,,,,,,,,,,,,,,2021-11-23,7,,,,,NIFTY_MEDIA,1682954.6646340862,0.0,0.15222989141355264,
2021-11-22,2021-11-23,NIFTY_MEDIA,SKIP,DBCORP,ENTRY_FILTERED,,8,,0.23367601291586956,,,,,,,,,,,,,,2021-11-23,8,,,,,NIFTY_MEDIA,1682954.6646340862,0.0,,
2021-11-22,2021-11-23,NIFTY_MEDIA,SKIP,BALAJITELE,ENTRY_FILTERED,,9,,0.16666666915019354,,,,,,,,,,,,,,2021-11-23,9,,,,,NIFTY_MEDIA,1682954.6646340862,0.0,,
2021-11-22,2021-11-23,NIFTY_PSU_BANK,KEEP,CANBK,SELECTED,,1,,0.7544033539791902,,,,,,,,,,,,,,2021-11-23,1,,,,,NIFTY_PSU_BANK,1682954.6646340862,0.0,0.08911302776966003,
2021-11-22,2021-11-23,NIFTY_PSU_BANK,KEEP,SBIN,SELECTED,,2,,0.652884195248286,,,,,,,,,,,,,,2021-11-23,2,,,,,NIFTY_PSU_BANK,1682954.6646340862,0.0,0.08911302776966003,
2021-11-22,2021-11-23,NIFTY_PSU_BANK,KEEP,IOB,SELECTED,,3,,0.6306094800432523,,,,,,,,,,,,,,2021-11-23,3,,,,,NIFTY_PSU_BANK,1682954.6646340862,0.0,0.08911302776966003,
2021-11-22,2021-11-23,NIFTY_PSU_BANK,SKIP,J&KBANK,ENTRY_FILTERED,,4,,0.6110526993870735,,,,,,,,,,,,,,2021-11-23,4,,,,,NIFTY_PSU_BANK,1682954.6646340862,0.0,,
2021-11-22,2021-11-23,NIFTY_PSU_BANK,SKIP,CENTRALBK,ENTRY_FILTERED,,6,,0.5098198664685091,,,,,,,,,,,,,,2021-11-23,6,,,,,NIFTY_PSU_BANK,1682954.6646340862,0.0,,
2021-11-22,2021-11-23,NIFTY_PSU_BANK,SKIP,INDIANB,ENTRY_FILTERED,,8,,0.41951892897486687,,,,,,,,,,,,,,2021-11-23,8,,,,,NIFTY_PSU_BANK,1682954.6646340862,0.0,,
2021-11-22,2021-11-23,NIFTY_PSU_BANK,SKIP,MAHABANK,ENTRY_FILTERED,,11,,0.2819220426802834,,,,,,,,,,,,,,2021-11-23,11,,,,,NIFTY_PSU_BANK,1682954.6646340862,0.0,,
2021-11-22,2021-11-23,NIFTY_PSU_BANK,SKIP,PSB,ENTRY_FILTERED,,12,,0.26010818779468536,,,,,,,,,,,,,,2021-11-23,12,,,,,NIFTY_PSU_BANK,1682954.6646340862,0.0,,
2021-11-22,2021-11-23,NIFTY_REALTY,SKIP,BRIGADE,ENTRY_FILTERED,,1,,0.7584816527863344,,,,,,,,,,,,,,2021-11-23,1,,,,,NIFTY_REALTY,1682954.6646340862,0.0,,
2021-11-22,2021-11-23,NIFTY_REALTY,SKIP,SOBHA,ENTRY_FILTERED,,2,,0.7381471494833629,,,,,,,,,,,,,,2021-11-23,2,,,,,NIFTY_REALTY,1682954.6646340862,0.0,,
2021-11-22,2021-11-23,NIFTY_REALTY,SKIP,IBREALEST,ENTRY_FILTERED,,3,,0.6330355101575454,,,,,,,,,,,,,,2021-11-23,3,,,,,NIFTY_REALTY,1682954.6646340862,0.0,,
2021-11-22,2021-11-23,NIFTY_REALTY,KEEP,GODREJPROP,SELECTED,,4,,0.5539221006135147,,,,,,,,,,,,,,2021-11-23,4,,,,,NIFTY_REALTY,1682954.6646340862,0.0,0.0628008508482139,
2021-11-22,2021-11-23,NIFTY_REALTY,SKIP,PRESTIGE,ENTRY_FILTERED,,5,,0.48722862886885804,,,,,,,,,,,,,,2021-11-23,5,,,,,NIFTY_REALTY,1682954.6646340862,0.0,,
2021-11-22,2021-11-23,NIFTY_REALTY,KEEP,OBEROIRLTY,SELECTED,,6,,0.3407583230485519,,,,,,,,,,,,,,2021-11-23,6,,,,,NIFTY_REALTY,1682954.6646340862,0.0,0.0628008508482139,
2021-11-22,2021-11-23,NIFTY_REALTY,KEEP,DLF,SELECTED,,7,,0.31376923744877183,,,,,,,,,,,,,,2021-11-23,7,,,,,NIFTY_REALTY,1682954.6646340862,0.0,0.0628008508482139,
2021-12-21,2021-12-22,NIFTY_IT,SKIP,TATAELXSI,ENTRY_FILTERED,,2,,0.7435479015111923,,,,,,,,,,,,,,2021-12-22,2,,,,,NIFTY_IT,1682754.8859362274,0.0,,
2021-12-21,2021-12-22,NIFTY_IT,SKIP,JUSTDIAL,ENTRY_FILTERED,,7,,0.0,,,,,,,,,,,,,,2021-12-22,7,,,,,NIFTY_IT,1682754.8859362274,0.0,,
2021-12-21,2021-12-22,NIFTY_MEDIA,SKIP,SAREGAMA,ENTRY_FILTERED,,1,,0.8862633258104324,,,,,,,,,,,,,,2021-12-22,1,,,,,NIFTY_MEDIA,1682754.8859362274,0.0,,
2021-12-21,2021-12-22,NIFTY_MEDIA,SKIP,NETWORK18,ENTRY_FILTERED,,2,,0.6424376120169958,,,,,,,,,,,,,,2021-12-22,2,,,,,NIFTY_MEDIA,1682754.8859362274,0.0,,
2021-12-21,2021-12-22,NIFTY_MEDIA,KEEP,ZEEL,SELECTED,,3,,0.5300071649253368,,,,,,,,,,,,,,2021-12-22,3,,,,,NIFTY_MEDIA,1682754.8859362274,0.0,0.21636387812585212,
2021-12-21,2021-12-22,NIFTY_MEDIA,SKIP,TVTODAY,ENTRY_FILTERED,,4,,0.49308930213252705,,,,,,,,,,,,,,2021-12-22,4,,,,,NIFTY_MEDIA,1682754.8859362274,0.0,,
2021-12-21,2021-12-22,NIFTY_MEDIA,SKIP,DISHTV,ENTRY_FILTERED,,5,,0.3246333512167136,,,,,,,,,,,,,,2021-12-22,5,,,,,NIFTY_MEDIA,1682754.8859362274,0.0,,
2021-12-21,2021-12-22,NIFTY_MEDIA,KEEP,SUNTV,SELECTED,,6,,0.24342254269868135,,,,,,,,,,,,,,2021-12-22,6,,,,,NIFTY_MEDIA,1682754.8859362274,0.0,0.18519764935846078,
2021-12-21,2021-12-22,NIFTY_MEDIA,SKIP,JAGRAN,ENTRY_FILTERED,,7,,0.23935611282164854,,,,,,,,,,,,,,2021-12-22,7,,,,,NIFTY_MEDIA,1682754.8859362274,0.0,,
2021-12-21,2021-12-22,NIFTY_MEDIA,SKIP,BALAJITELE,ENTRY_FILTERED,,8,,0.20886536027925712,,,,,,,,,,,,,,2021-12-22,8,,,,,NIFTY_MEDIA,1682754.8859362274,0.0,,
2021-12-21,2021-12-22,NIFTY_MEDIA,SKIP,DBCORP,ENTRY_FILTERED,,9,,0.16186591198978326,,,,,,,,,,,,,,2021-12-22,9,,,,,NIFTY_MEDIA,1682754.8859362274,0.0,,
2021-12-21,2021-12-22,NIFTY_OIL_GAS,SKIP,ATGL,ENTRY_FILTERED,,1,,0.8999550528824329,,,,,,,,,,,,,,2021-12-22,1,,,,,NIFTY_OIL_GAS,1682754.8859362274,0.0,,
2021-12-21,2021-12-22,NIFTY_OIL_GAS,KEEP,ONGC,SELECTED,,2,,0.5664723366498947,,,,,,,,,,,,,,2021-12-22,2,,,,,NIFTY_OIL_GAS,1682754.8859362274,0.0,0.0944126435796061,
2021-12-21,2021-12-22,NIFTY_OIL_GAS,KEEP,OIL,SELECTED,,3,,0.5141248802344005,,,,,,,,,,,,,,2021-12-22,3,,,,,NIFTY_OIL_GAS,1682754.8859362274,0.0,0.0944126435796061,
2021-12-21,2021-12-22,NIFTY_OIL_GAS,KEEP,HINDPETRO,SELECTED,,5,,0.4835714027285576,,,,,,,,,,,,,,2021-12-22,5,,,,,NIFTY_OIL_GAS,1682754.8859362274,0.0,0.0944126435796061,
2021-12-21,2021-12-22,NIFTY_OIL_GAS,SKIP,MRPL,ENTRY_FILTERED,,11,,0.29236949669818085,,,,,,,,,,,,,,2021-12-22,11,,,,,NIFTY_OIL_GAS,1682754.8859362274,0.0,,
2021-12-21,2021-12-22,NIFTY_OIL_GAS,SKIP,MGL,ENTRY_FILTERED,,13,,0.1951832820971807,,,,,,,,,,,,,,2021-12-22,13,,,,,NIFTY_OIL_GAS,1682754.8859362274,0.0,,
2021-12-21,2021-12-22,NIFTY_OIL_GAS,SKIP,AEGISLOG,ENTRY_FILTERED,,14,,0.10228743233407538,,,,,,,,,,,,,,2021-12-22,14,,,,,NIFTY_OIL_GAS,1682754.8859362274,0.0,,
2021-12-21,2021-12-22,NIFTY_PSU_BANK,KEEP,CANBK,SELECTED,,1,,0.8875916091104349,,,,,,,,,,,,,,2021-12-22,1,,,,,NIFTY_PSU_BANK,1682754.8859362274,0.0,0.1021939088257285,
2021-12-21,2021-12-22,NIFTY_PSU_BANK,KEEP,SBIN,SELECTED,,2,,0.7043590086201827,,,,,,,,,,,,,,2021-12-22,2,,,,,NIFTY_PSU_BANK,1682754.8859362274,0.0,0.10197507971711574,
2021-12-21,2021-12-22,NIFTY_PSU_BANK,SKIP,J&KBANK,ENTRY_FILTERED,,4,,0.625552994509538,,,,,,,,,,,,,,2021-12-22,4,,,,,NIFTY_PSU_BANK,1682754.8859362274,0.0,,
2021-12-21,2021-12-22,NIFTY_PSU_BANK,SKIP,CENTRALBK,ENTRY_FILTERED,,5,,0.5806879606097937,,,,,,,,,,,,,,2021-12-22,5,,,,,NIFTY_PSU_BANK,1682754.8859362274,0.0,,
2021-12-21,2021-12-22,NIFTY_PSU_BANK,KEEP,IOB,SELECTED,,6,,0.5618472428371509,,,,,,,,,,,,,,2021-12-22,6,,,,,NIFTY_PSU_BANK,1682754.8859362274,0.0,0.11103155323402462,
2021-12-21,2021-12-22,NIFTY_PSU_BANK,SKIP,INDIANB,ENTRY_FILTERED,,7,,0.5094751870880525,,,,,,,,,,,,,,2021-12-22,7,,,,,NIFTY_PSU_BANK,1682754.8859362274,0.0,,
2021-12-21,2021-12-22,NIFTY_PSU_BANK,SKIP,PSB,ENTRY_FILTERED,,11,,0.34098556032404304,,,,,,,,,,,,,,2021-12-22,11,,,,,NIFTY_PSU_BANK,1682754.8859362274,0.0,,
2021-12-21,2021-12-22,NIFTY_PSU_BANK,SKIP,MAHABANK,ENTRY_FILTERED,,12,,0.33989637469251954,,,,,,,,,,,,,,2021-12-22,12,,,,,NIFTY_PSU_BANK,1682754.8859362274,0.0,,
2022-01-21,2022-01-24,NIFTY_MEDIA,SKIP,SAREGAMA,ENTRY_FILTERED,,1,,0.8363696684439977,,,,,,,,,,,,,,2022-01-24,1,,,,,NIFTY_MEDIA,1669880.0808951245,0.0,,
2022-01-21,2022-01-24,NIFTY_MEDIA,SKIP,NETWORK18,ENTRY_FILTERED,,2,,0.5910642072558403,,,,,,,,,,,,,,2022-01-24,2,,,,,NIFTY_MEDIA,1669880.0808951245,0.0,,
2022-01-21,2022-01-24,NIFTY_MEDIA,SKIP,TVTODAY,ENTRY_FILTERED,,3,,0.5368226083616416,,,,,,,,,,,,,,2022-01-24,3,,,,,NIFTY_MEDIA,1669880.0808951245,0.0,,
2022-01-21,2022-01-24,NIFTY_MEDIA,KEEP,ZEEL,SELECTED,,4,,0.43400662330289685,,,,,,,,,,,,,,2022-01-24,4,,,,,NIFTY_MEDIA,1669880.0808951245,0.0,0.13761254673915488,
2022-01-21,2022-01-24,NIFTY_MEDIA,SKIP,JAGRAN,ENTRY_FILTERED,,5,,0.36807120001564425,,,,,,,,,,,,,,2022-01-24,5,,,,,NIFTY_MEDIA,1669880.0808951245,0.0,,
2022-01-21,2022-01-24,NIFTY_MEDIA,SKIP,DISHTV,ENTRY_FILTERED,,6,,0.3325931603709857,,,,,,,,,,,,,,2022-01-24,6,,,,,NIFTY_MEDIA,1669880.0808951245,0.0,,
2022-01-21,2022-01-24,NIFTY_MEDIA,SKIP,DBCORP,ENTRY_FILTERED,,7,,0.2067086985334754,,,,,,,,,,,,,,2022-01-24,7,,,,,NIFTY_MEDIA,1669880.0808951245,0.0,,
2022-01-21,2022-01-24,NIFTY_MEDIA,KEEP,SUNTV,SELECTED,,8,,0.19311420619487762,,,,,,,,,,,,,,2022-01-24,8,,,,,NIFTY_MEDIA,1669880.0808951245,0.0,0.15134504125005854,
2022-01-21,2022-01-24,NIFTY_MEDIA,SKIP,BALAJITELE,ENTRY_FILTERED,,9,,0.19309677920925122,,,,,,,,,,,,,,2022-01-24,9,,,,,NIFTY_MEDIA,1669880.0808951245,0.0,,
2022-01-21,2022-01-24,NIFTY_METAL,KEEP,NATIONALUM,SELECTED,,1,,0.7458277357121309,,,,,,,,,,,,,,2022-01-24,1,,,,,NIFTY_METAL,1669880.0808951245,0.0,0.07357472214688522,
2022-01-21,2022-01-24,NIFTY_METAL,KEEP,HINDALCO,SELECTED,,3,,0.6383626597623031,,,,,,,,,,,,,,2022-01-24,3,,,,,NIFTY_METAL,1669880.0808951245,0.0,0.07357472214688522,
2022-01-21,2022-01-24,NIFTY_METAL,KEEP,APLAPOLLO,SELECTED,,4,,0.6250759027898312,,,,,,,,,,,,,,2022-01-24,4,,,,,NIFTY_METAL,1669880.0808951245,0.0,0.07357472214688522,
2022-01-21,2022-01-24,NIFTY_METAL,SKIP,WELCORP,ENTRY_FILTERED,,5,,0.610882043838501,,,,,,,,,,,,,,2022-01-24,5,,,,,NIFTY_METAL,1669880.0808951245,0.0,,
2022-01-21,2022-01-24,NIFTY_METAL,SKIP,RATNAMANI,ENTRY_FILTERED,,13,,0.17789620595673722,,,,,,,,,,,,,,2022-01-24,13,,,,,NIFTY_METAL,1669880.0808951245,0.0,,
2022-01-21,2022-01-24,NIFTY_OIL_GAS,SKIP,ATGL,ENTRY_FILTERED,,1,,0.7989463148017725,,,,,,,,,,,,,,2022-01-24,1,,,,,NIFTY_OIL_GAS,1669880.0808951245,0.0,,
2022-01-21,2022-01-24,NIFTY_OIL_GAS,KEEP,ONGC,SELECTED,,2,,0.5994111609955629,,,,,,,,,,,,,,2022-01-24,2,,,,,NIFTY_OIL_GAS,1669880.0808951245,0.0,0.09420126273599572,
2022-01-21,2022-01-24,NIFTY_OIL_GAS,KEEP,OIL,SELECTED,,3,,0.5670237044493358,,,,,,,,,,,,,,2022-01-24,3,,,,,NIFTY_OIL_GAS,1669880.0808951245,0.0,0.09165152286377116,
2022-01-21,2022-01-24,NIFTY_OIL_GAS,KEEP,HINDPETRO,SELECTED,,6,,0.37938393031557405,,,,,,,,,,,,,,2022-01-24,6,,,,,NIFTY_OIL_GAS,1669880.0808951245,0.0,0.08374129352970834,
2022-01-21,2022-01-24,NIFTY_OIL_GAS,SKIP,MRPL,ENTRY_FILTERED,,10,,0.24623207282274961,,,,,,,,,,,,,,2022-01-24,10,,,,,NIFTY_OIL_GAS,1669880.0808951245,0.0,,
2022-01-21,2022-01-24,NIFTY_OIL_GAS,SKIP,AEGISLOG,ENTRY_FILTERED,,14,,0.09429767029359937,,,,,,,,,,,,,,2022-01-24,14,,,,,NIFTY_OIL_GAS,1669880.0808951245,0.0,,
2022-01-21,2022-01-24,NIFTY_PSU_BANK,KEEP,CANBK,SELECTED,,1,,0.8228245843201876,,,,,,,,,,,,,,2022-01-24,1,,,,,NIFTY_PSU_BANK,1669880.0808951245,0.0,0.07357472214688522,
2022-01-21,2022-01-24,NIFTY_PSU_BANK,SKIP,SBIN,DUPLICATE_SKIPPED,,2,,0.6859993686278661,,,,,,,,,,,,,,2022-01-24,2,,,,,NIFTY_PSU_BANK,1669880.0808951245,0.0,,
2022-01-21,2022-01-24,NIFTY_PSU_BANK,SKIP,J&KBANK,ENTRY_FILTERED,,3,,0.6116585953471562,,,,,,,,,,,,,,2022-01-24,3,,,,,NIFTY_PSU_BANK,1669880.0808951245,0.0,,
2022-01-21,2022-01-24,NIFTY_PSU_BANK,SKIP,BANKBARODA,DUPLICATE_SKIPPED,,4,,0.5843018802503746,,,,,,,,,,,,,,2022-01-24,4,,,,,NIFTY_PSU_BANK,1669880.0808951245,0.0,,
2022-01-21,2022-01-24,NIFTY_PSU_BANK,KEEP,UCOBANK,SELECTED,,5,,0.4607092340787252,,,,,,,,,,,,,,2022-01-24,5,,,,,NIFTY_PSU_BANK,1669880.0808951245,0.0,0.07357472214688522,
2022-01-21,2022-01-24,NIFTY_PSU_BANK,KEEP,UNIONBANK,SELECTED,,6,,0.45014764492710435,,,,,,,,,,,,,,2022-01-24,6,,,,,NIFTY_PSU_BANK,1669880.0808951245,0.0,0.07357472214688522,
2022-01-21,2022-01-24,NIFTY_PSU_BANK,SKIP,PSB,ENTRY_FILTERED,,10,,0.3504992090165615,,,,,,,,,,,,,,2022-01-24,10,,,,,NIFTY_PSU_BANK,1669880.0808951245,0.0,,
2022-02-21,2022-02-22,NIFTY_MEDIA,SKIP,NETWORK18,ENTRY_FILTERED,,1,,0.734860748052597,,,,,,,,,,,,,,2022-02-22,1,,,,,NIFTY_MEDIA,1642259.7872613503,0.0,,
2022-02-21,2022-02-22,NIFTY_MEDIA,SKIP,SAREGAMA,ENTRY_FILTERED,,2,,0.6134333461523056,,,,,,,,,,,,,,2022-02-22,2,,,,,NIFTY_MEDIA,1642259.7872613503,0.0,,
2022-02-21,2022-02-22,NIFTY_MEDIA,SKIP,JAGRAN,ENTRY_FILTERED,,3,,0.4665132487813632,,,,,,,,,,,,,,2022-02-22,3,,,,,NIFTY_MEDIA,1642259.7872613503,0.0,,
2022-02-21,2022-02-22,NIFTY_MEDIA,KEEP,ZEEL,SELECTED,,4,,0.4586912939945857,,,,,,,,,,,,,,2022-02-22,4,,,,,NIFTY_MEDIA,1642259.7872613503,0.0,0.13942376567445014,
2022-02-21,2022-02-22,NIFTY_MEDIA,SKIP,TVTODAY,ENTRY_FILTERED,,5,,0.4459330812096596,,,,,,,,,,,,,,2022-02-22,5,,,,,NIFTY_MEDIA,1642259.7872613503,0.0,,
2022-02-21,2022-02-22,NIFTY_MEDIA,SKIP,BALAJITELE,ENTRY_FILTERED,,6,,0.43966419994831085,,,,,,,,,,,,,,2022-02-22,6,,,,,NIFTY_MEDIA,1642259.7872613503,0.0,,
2022-02-21,2022-02-22,NIFTY_MEDIA,SKIP,DISHTV,ENTRY_FILTERED,,7,,0.33571770414710045,,,,,,,,,,,,,,2022-02-22,7,,,,,NIFTY_MEDIA,1642259.7872613503,0.0,,
2022-02-21,2022-02-22,NIFTY_MEDIA,KEEP,SUNTV,SELECTED,,8,,0.20639140197696787,,,,,,,,,,,,,,2022-02-22,8,,,,,NIFTY_MEDIA,1642259.7872613503,0.0,0.13942376567445014,
2022-02-21,2022-02-22,NIFTY_MEDIA,SKIP,DBCORP,ENTRY_FILTERED,,9,,0.19112861715257168,,,,,,,,,,,,,,2022-02-22,9,,,,,NIFTY_MEDIA,1642259.7872613503,0.0,,
2022-02-21,2022-02-22,NIFTY_METAL,KEEP,NATIONALUM,SELECTED,,1,,0.8832315200318893,,,,,,,,,,,,,,2022-02-22,1,,,,,NIFTY_METAL,1642259.7872613503,0.0,0.08227351223700098,
2022-02-21,2022-02-22,NIFTY_METAL,KEEP,VEDL,SELECTED,,2,,0.6940934620797634,,,,,,,,,,,,,,2022-02-22,2,,,,,NIFTY_METAL,1642259.7872613503,0.0,0.06581622789571287,
2022-02-21,2022-02-22,NIFTY_METAL,KEEP,HINDALCO,SELECTED,,4,,0.6557734124362469,,,,,,,,,,,,,,2022-02-22,4,,,,,NIFTY_METAL,1642259.7872613503,0.0,0.07739858726591296,
2022-02-21,2022-02-22,NIFTY_METAL,SKIP,RATNAMANI,ENTRY_FILTERED,,7,,0.4245660391946634,,,,,,,,,,,,,,2022-02-22,7,,,,,NIFTY_METAL,1642259.7872613503,0.0,,
2022-02-21,2022-02-22,NIFTY_METAL,SKIP,WELCORP,ENTRY_FILTERED,,9,,0.41018668562173843,,,,,,,,,,,,,,2022-02-22,9,,,,,NIFTY_METAL,1642259.7872613503,0.0,,
2022-02-21,2022-02-22,NIFTY_OIL_GAS,KEEP,ONGC,SELECTED,,1,,0.8630534323553245,,,,,,,,,,,,,,2022-02-22,1,,,,,NIFTY_OIL_GAS,1642259.7872613503,0.0,0.09635634399589586,
2022-02-21,2022-02-22,NIFTY_OIL_GAS,KEEP,OIL,SELECTED,,2,,0.7963030536969503,,,,,,,,,,,,,,2022-02-22,2,,,,,NIFTY_OIL_GAS,1642259.7872613503,0.0,0.09704142531520689,
2022-02-21,2022-02-22,NIFTY_OIL_GAS,SKIP,ATGL,ENTRY_FILTERED,,3,,0.61232078820467,,,,,,,,,,,,,,2022-02-22,3,,,,,NIFTY_OIL_GAS,1642259.7872613503,0.0,,
2022-02-21,2022-02-22,NIFTY_OIL_GAS,KEEP,HINDPETRO,SELECTED,,6,,0.48884923880298936,,,,,,,,,,,,,,2022-02-22,6,,,,,NIFTY_OIL_GAS,1642259.7872613503,0.0,0.08164270781086623,
2022-02-21,2022-02-22,NIFTY_OIL_GAS,SKIP,MRPL,ENTRY_FILTERED,,11,,0.2864724863320589,,,,,,,,,,,,,,2022-02-22,11,,,,,NIFTY_OIL_GAS,1642259.7872613503,0.0,,
2022-02-21,2022-02-22,NIFTY_OIL_GAS,SKIP,AEGISLOG,ENTRY_FILTERED,,13,,0.19953933234016102,,,,,,,,,,,,,,2022-02-22,13,,,,,NIFTY_OIL_GAS,1642259.7872613503,0.0,,
2022-02-21,2022-02-22,NIFTY_PSU_BANK,KEEP,CANBK,SELECTED,,1,,0.8039740845561028,,,,,,,,,,,,,,2022-02-22,1,,,,,NIFTY_PSU_BANK,1642259.7872613503,0.0,0.07996501622532928,
2022-02-21,2022-02-22,NIFTY_PSU_BANK,SKIP,BANKBARODA,DUPLICATE_SKIPPED,,2,,0.7212972547858953,,,,,,,,,,,,,,2022-02-22,2,,,,,NIFTY_PSU_BANK,1642259.7872613503,0.0,,
2022-02-21,2022-02-22,NIFTY_PSU_BANK,SKIP,SBIN,DUPLICATE_SKIPPED,,3,,0.6737169747551283,,,,,,,,,,,,,,2022-02-22,3,,,,,NIFTY_PSU_BANK,1642259.7872613503,0.0,,
2022-02-21,2022-02-22,NIFTY_PSU_BANK,KEEP,UNIONBANK,SELECTED,,4,,0.43677668552845716,,,,,,,,,,,,,,2022-02-22,4,,,,,NIFTY_PSU_BANK,1642259.7872613503,0.0,0.07017926557209844,
2022-02-21,2022-02-22,NIFTY_PSU_BANK,KEEP,UCOBANK,SELECTED,,6,,0.408837404102087,,,,,,,,,,,,,,2022-02-22,6,,,,,NIFTY_PSU_BANK,1642259.7872613503,0.0,0.07047938233307617,
2022-02-21,2022-02-22,NIFTY_PSU_BANK,SKIP,J&KBANK,ENTRY_FILTERED,,10,,0.30695926980115473,,,,,,,,,,,,,,2022-02-22,10,,,,,NIFTY_PSU_BANK,1642259.7872613503,0.0,,
2022-02-21,2022-02-22,NIFTY_PSU_BANK,SKIP,PSB,ENTRY_FILTERED,,11,,0.2989531463632981,,,,,,,,,,,,,,2022-02-22,11,,,,,NIFTY_PSU_BANK,1642259.7872613503,0.0,,
2022-03-21,2022-03-22,NIFTY_METAL,KEEP,VEDL,SELECTED,,1,,0.8377988574405512,,,,,,,,,,,,,,2022-03-22,1,,,,,NIFTY_METAL,1633344.1125110171,0.0,0.3113126218119255,
2022-03-21,2022-03-22,NIFTY_METAL,KEEP,NATIONALUM,SELECTED,,2,,0.8326929776618879,,,,,,,,,,,,,,2022-03-22,2,,,,,NIFTY_METAL,1633344.1125110171,0.0,0.34055788064445197,
2022-03-21,2022-03-22,NIFTY_METAL,KEEP,HINDALCO,SELECTED,,3,,0.7309089538951715,,,,,,,,,,,,,,2022-03-22,3,,,,,NIFTY_METAL,1633344.1125110171,0.0,0.3481294975436225,
2022-03-21,2022-03-22,NIFTY_METAL,SKIP,RATNAMANI,ENTRY_FILTERED,,6,,0.5383256698648136,,,,,,,,,,,,,,2022-03-22,6,,,,,NIFTY_METAL,1633344.1125110171,0.0,,
2022-03-21,2022-03-22,NIFTY_METAL,SKIP,WELCORP,ENTRY_FILTERED,,9,,0.3045888741811117,,,,,,,,,,,,,,2022-03-22,9,,,,,NIFTY_METAL,1633344.1125110171,0.0,,
2022-04-21,2022-04-22,NIFTY_MEDIA,SKIP,NETWORK18,ENTRY_FILTERED,,1,,0.8227649703621864,,,,,,,,,,,,,,2022-04-22,1,,,,,NIFTY_MEDIA,1607930.6420201603,0.0,,
2022-04-21,2022-04-22,NIFTY_MEDIA,SKIP,TVTODAY,ENTRY_FILTERED,,2,,0.720385288198789,,,,,,,,,,,,,,2022-04-22,2,,,,,NIFTY_MEDIA,1607930.6420201603,0.0,,
2022-04-21,2022-04-22,NIFTY_MEDIA,SKIP,BALAJITELE,ENTRY_FILTERED,,3,,0.43027693405747414,,,,,,,,,,,,,,2022-04-22,3,,,,,NIFTY_MEDIA,1607930.6420201603,0.0,,
2022-04-21,2022-04-22,NIFTY_MEDIA,SKIP,JAGRAN,ENTRY_FILTERED,,4,,0.4254002682864666,,,,,,,,,,,,,,2022-04-22,4,,,,,NIFTY_MEDIA,1607930.6420201603,0.0,,
2022-04-21,2022-04-22,NIFTY_MEDIA,SKIP,SAREGAMA,ENTRY_FILTERED,,6,,0.3419170870135228,,,,,,,,,,,,,,2022-04-22,6,,,,,NIFTY_MEDIA,1607930.6420201603,0.0,,
2022-04-21,2022-04-22,NIFTY_MEDIA,SKIP,DBCORP,ENTRY_FILTERED,,7,,0.31651460876067483,,,,,,,,,,,,,,2022-04-22,7,,,,,NIFTY_MEDIA,1607930.6420201603,0.0,,
2022-04-21,2022-04-22,NIFTY_MEDIA,SKIP,DISHTV,ENTRY_FILTERED,,8,,0.27819594989220303,,,,,,,,,,,,,,2022-04-22,8,,,,,NIFTY_MEDIA,1607930.6420201603,0.0,,
2022-04-21,2022-04-22,NIFTY_METAL,KEEP,VEDL,SELECTED,,1,,0.8466104790568352,,,,,,,,,,,,,,2022-04-22,1,,,,,NIFTY_METAL,1607930.6420201603,0.0,0.08363324985190296,
2022-04-21,2022-04-22,NIFTY_METAL,SKIP,WELCORP,ENTRY_FILTERED,,4,,0.6228101501862209,,,,,,,,,,,,,,2022-04-22,4,,,,,NIFTY_METAL,1607930.6420201603,0.0,,
2022-04-21,2022-04-22,NIFTY_METAL,SKIP,RATNAMANI,ENTRY_FILTERED,,7,,0.5331232274572055,,,,,,,,,,,,,,2022-04-22,7,,,,,NIFTY_METAL,1607930.6420201603,0.0,,
2022-04-21,2022-04-22,NIFTY_METAL,KEEP,NATIONALUM,SELECTED,,8,,0.5236983671784401,,,,,,,,,,,,,,2022-04-22,8,,,,,NIFTY_METAL,1607930.6420201603,0.0,0.08377539684875451,
2022-04-21,2022-04-22,NIFTY_METAL,KEEP,HINDALCO,SELECTED,,9,,0.4575228753189246,,,,,,,,,,,,,,2022-04-22,9,,,,,NIFTY_METAL,1607930.6420201603,0.0,0.07873710301513348,
2022-04-21,2022-04-22,NIFTY_OIL_GAS,SKIP,ATGL,ENTRY_FILTERED,,1,,0.8321588579565287,,,,,,,,,,,,,,2022-04-22,1,,,,,NIFTY_OIL_GAS,1607930.6420201603,0.0,,
2022-04-21,2022-04-22,NIFTY_OIL_GAS,SKIP,MRPL,ENTRY_FILTERED,,2,,0.5131669094165167,,,,,,,,,,,,,,2022-04-22,2,,,,,NIFTY_OIL_GAS,1607930.6420201603,0.0,,
2022-04-21,2022-04-22,NIFTY_OIL_GAS,KEEP,OIL,SELECTED,,3,,0.4370727762579918,,,,,,,,,,,,,,2022-04-22,3,,,,,NIFTY_OIL_GAS,1607930.6420201603,0.0,0.25128475009473633,
2022-04-21,2022-04-22,NIFTY_OIL_GAS,KEEP,IOC,SELECTED,,4,,0.4346108933289846,,,,,,,,,,,,,,2022-04-22,4,,,,,NIFTY_OIL_GAS,1607930.6420201603,0.0,0.25128475009473633,
2022-04-21,2022-04-22,NIFTY_OIL_GAS,KEEP,ONGC,SELECTED,,5,,0.4271557368338108,,,,,,,,,,,,,,2022-04-22,5,,,,,NIFTY_OIL_GAS,1607930.6420201603,0.0,0.25128475009473633,
2022-04-21,2022-04-22,NIFTY_OIL_GAS,SKIP,AEGISLOG,ENTRY_FILTERED,,11,,0.19745722878724337,,,,,,,,,,,,,,2022-04-22,11,,,,,NIFTY_OIL_GAS,1607930.6420201603,0.0,,
2022-04-21,2022-04-22,NIFTY_PSU_BANK,SKIP,PSB,ENTRY_FILTERED,,5,,0.3589486951629321,,,,,,,,,,,,,,2022-04-22,5,,,,,NIFTY_PSU_BANK,1607930.6420201603,0.0,,
2022-04-21,2022-04-22,NIFTY_PSU_BANK,SKIP,J&KBANK,ENTRY_FILTERED,,13,,0.08097759971860796,,,,,,,,,,,,,,2022-04-22,13,,,,,NIFTY_PSU_BANK,1607930.6420201603,0.0,,
2022-05-23,2022-05-24,NIFTY_FMCG,KEEP,ITC,SELECTED,,1,,0.9690332412719727,,,,,,,,,,,,,,2022-05-24,1,,,,,NIFTY_FMCG,1430318.13387817,0.0,0.3333333333333333,
2022-05-23,2022-05-24,NIFTY_FMCG,KEEP,COLPAL,SELECTED,,2,,0.7427362725138664,,,,,,,,,,,,,,2022-05-24,2,,,,,NIFTY_FMCG,1430318.13387817,0.0,0.3333333333333333,
2022-05-23,2022-05-24,NIFTY_FMCG,KEEP,MARICO,SELECTED,,3,,0.6069353657464187,,,,,,,,,,,,,,2022-05-24,3,,,,,NIFTY_FMCG,1430318.13387817,0.0,0.3333333333333333,
2022-07-21,2022-07-22,NIFTY_AUTO,KEEP,TVSMOTOR,SELECTED,,1,,0.9250262193381786,,,,,,,,,,,,,,2022-07-22,1,,,,,NIFTY_AUTO,1342922.5912148566,0.0,0.3333333333333333,
2022-07-21,2022-07-22,NIFTY_AUTO,KEEP,M&M,SELECTED,,2,,0.7541211384038131,,,,,,,,,,,,,,2022-07-22,2,,,,,NIFTY_AUTO,1342922.5912148566,0.0,0.3333333333333333,
2022-07-21,2022-07-22,NIFTY_AUTO,KEEP,BAJAJ-AUTO,SELECTED,,3,,0.5712539951006572,,,,,,,,,,,,,,2022-07-22,3,,,,,NIFTY_AUTO,1342922.5912148566,0.0,0.3333333333333333,
2022-07-21,2022-07-22,NIFTY_CONSUMER_DURABLES,SKIP,BLUESTARCO,ENTRY_FILTERED,,1,,0.833300743252039,,,,,,,,,,,,,,2022-07-22,1,,,,,NIFTY_CONSUMER_DURABLES,1342922.5912148566,0.0,,
2022-07-21,2022-07-22,NIFTY_CONSUMER_DURABLES,SKIP,ORIENTELEC,ENTRY_FILTERED,,9,,0.5102464059988658,,,,,,,,,,,,,,2022-07-22,9,,,,,NIFTY_CONSUMER_DURABLES,1342922.5912148566,0.0,,
2022-07-21,2022-07-22,NIFTY_REALTY,SKIP,BRIGADE,ENTRY_FILTERED,,2,,0.7320827742417654,,,,,,,,,,,,,,2022-07-22,2,,,,,NIFTY_REALTY,1342922.5912148566,0.0,,
2022-07-21,2022-07-22,NIFTY_REALTY,SKIP,SOBHA,ENTRY_FILTERED,,6,,0.42484441151221597,,,,,,,,,,,,,,2022-07-22,6,,,,,NIFTY_REALTY,1342922.5912148566,0.0,,
2022-07-21,2022-07-22,NIFTY_REALTY,SKIP,IBREALEST,ENTRY_FILTERED,,8,,0.038860936959584556,,,,,,,,,,,,,,2022-07-22,8,,,,,NIFTY_REALTY,1342922.5912148566,0.0,,
2022-08-22,2022-08-23,NIFTY_AUTO,KEEP,TVSMOTOR,SELECTED,,1,,0.9136306494474411,,,,,,,,,,,,,,2022-08-23,1,,,,,NIFTY_AUTO,1419016.6669651864,0.0,0.34423651051348103,
2022-08-22,2022-08-23,NIFTY_AUTO,KEEP,M&M,SELECTED,,2,,0.8435082932313284,,,,,,,,,,,,,,2022-08-23,2,,,,,NIFTY_AUTO,1419016.6669651864,0.0,0.3403476976451474,
2022-08-22,2022-08-23,NIFTY_AUTO,KEEP,BAJAJ-AUTO,SELECTED,,4,,0.5517065059393644,,,,,,,,,,,,,,2022-08-23,4,,,,,NIFTY_AUTO,1419016.6669651864,0.0,0.3154157918413716,
2022-08-22,2022-08-23,NIFTY_CONSUMER_DURABLES,SKIP,BLUESTARCO,ENTRY_FILTERED,,2,,0.7312013395130634,,,,,,,,,,,,,,2022-08-23,2,,,,,NIFTY_CONSUMER_DURABLES,1419016.6669651864,0.0,,
2022-08-22,2022-08-23,NIFTY_CONSUMER_DURABLES,SKIP,ORIENTELEC,ENTRY_FILTERED,,13,,0.2551399342094859,,,,,,,,,,,,,,2022-08-23,13,,,,,NIFTY_CONSUMER_DURABLES,1419016.6669651864,0.0,,
2022-08-22,2022-08-23,NIFTY_PSU_BANK,SKIP,PSB,ENTRY_FILTERED,,11,,0.2903030688563983,,,,,,,,,,,,,,2022-08-23,11,,,,,NIFTY_PSU_BANK,1419016.6669651864,0.0,,
2022-08-22,2022-08-23,NIFTY_PSU_BANK,SKIP,J&KBANK,ENTRY_FILTERED,,13,,0.09162810941537222,,,,,,,,,,,,,,2022-08-23,13,,,,,NIFTY_PSU_BANK,1419016.6669651864,0.0,,
2022-08-22,2022-08-23,NIFTY_REALTY,SKIP,BRIGADE,ENTRY_FILTERED,,3,,0.545365031187733,,,,,,,,,,,,,,2022-08-23,3,,,,,NIFTY_REALTY,1419016.6669651864,0.0,,
2022-08-22,2022-08-23,NIFTY_REALTY,SKIP,SOBHA,ENTRY_FILTERED,,5,,0.49619806930422783,,,,,,,,,,,,,,2022-08-23,5,,,,,NIFTY_REALTY,1419016.6669651864,0.0,,
2022-08-22,2022-08-23,NIFTY_REALTY,SKIP,IBREALEST,ENTRY_FILTERED,,8,,0.03334568503002326,,,,,,,,,,,,,,2022-08-23,8,,,,,NIFTY_REALTY,1419016.6669651864,0.0,,
2022-09-21,2022-09-22,NIFTY_AUTO,KEEP,TVSMOTOR,SELECTED,,1,,0.8415920846164227,,,,,,,,,,,,,,2022-09-22,1,,,,,NIFTY_AUTO,1465156.3400287598,0.0,0.3722454274643039,
2022-09-21,2022-09-22,NIFTY_AUTO,KEEP,M&M,SELECTED,,2,,0.6717860698699951,,,,,,,,,,,,,,2022-09-22,2,,,,,NIFTY_AUTO,1465156.3400287598,0.0,0.3392873395611567,
2022-09-21,2022-09-22,NIFTY_AUTO,KEEP,EICHERMOT,SELECTED,,3,,0.616716475536426,,,,,,,,,,,,,,2022-09-22,3,,,,,NIFTY_AUTO,1465156.3400287598,0.0,0.28846723297453947,
2022-09-21,2022-09-22,NIFTY_CONSUMER_DURABLES,SKIP,BLUESTARCO,ENTRY_FILTERED,,6,,0.6823337900762757,,,,,,,,,,,,,,2022-09-22,6,,,,,NIFTY_CONSUMER_DURABLES,1465156.3400287598,0.0,,
2022-09-21,2022-09-22,NIFTY_CONSUMER_DURABLES,SKIP,ORIENTELEC,ENTRY_FILTERED,,12,,0.3043109582116207,,,,,,,,,,,,,,2022-09-22,12,,,,,NIFTY_CONSUMER_DURABLES,1465156.3400287598,0.0,,
2022-09-21,2022-09-22,NIFTY_PSU_BANK,SKIP,PSB,ENTRY_FILTERED,,10,,0.250871100773414,,,,,,,,,,,,,,2022-09-22,10,,,,,NIFTY_PSU_BANK,1465156.3400287598,0.0,,
2022-09-21,2022-09-22,NIFTY_PSU_BANK,SKIP,J&KBANK,ENTRY_FILTERED,,13,,0.15317500258485478,,,,,,,,,,,,,,2022-09-22,13,,,,,NIFTY_PSU_BANK,1465156.3400287598,0.0,,
2022-09-21,2022-09-22,NIFTY_REALTY,SKIP,BRIGADE,ENTRY_FILTERED,,4,,0.620977021753788,,,,,,,,,,,,,,2022-09-22,4,,,,,NIFTY_REALTY,1465156.3400287598,0.0,,
2022-09-21,2022-09-22,NIFTY_REALTY,SKIP,SOBHA,ENTRY_FILTERED,,6,,0.5008709865311782,,,,,,,,,,,,,,2022-09-22,6,,,,,NIFTY_REALTY,1465156.3400287598,0.0,,
2022-09-21,2022-09-22,NIFTY_REALTY,SKIP,IBREALEST,ENTRY_FILTERED,,8,,0.1161828264594078,,,,,,,,,,,,,,2022-09-22,8,,,,,NIFTY_REALTY,1465156.3400287598,0.0,,
2022-10-21,2022-10-24,NIFTY_AUTO,KEEP,TVSMOTOR,SELECTED,,1,,0.883093730856975,,,,,,,,,,,,,,2022-10-24,1,,,,,NIFTY_AUTO,1486468.6160419784,0.0,0.3943116492530307,
2022-10-21,2022-10-24,NIFTY_AUTO,KEEP,M&M,SELECTED,,2,,0.5306052789092064,,,,,,,,,,,,,,2022-10-24,2,,,,,NIFTY_AUTO,1486468.6160419784,0.0,0.3243548933068762,
2022-10-21,2022-10-24,NIFTY_AUTO,KEEP,EICHERMOT,SELECTED,,3,,0.5201505248745283,,,,,,,,,,,,,,2022-10-24,3,,,,,NIFTY_AUTO,1486468.6160419784,0.0,0.2813334574400931,
2022-10-21,2022-10-24,NIFTY_CONSUMER_DURABLES,SKIP,BLUESTARCO,ENTRY_FILTERED,,1,,0.8409320625166099,,,,,,,,,,,,,,2022-10-24,1,,,,,NIFTY_CONSUMER_DURABLES,1486468.6160419784,0.0,,
2022-10-21,2022-10-24,NIFTY_CONSUMER_DURABLES,SKIP,ORIENTELEC,ENTRY_FILTERED,,12,,0.37539341797431314,,,,,,,,,,,,,,2022-10-24,12,,,,,NIFTY_CONSUMER_DURABLES,1486468.6160419784,0.0,,
2022-10-21,2022-10-24,NIFTY_PSU_BANK,SKIP,J&KBANK,ENTRY_FILTERED,,10,,0.19351050878564519,,,,,,,,,,,,,,2022-10-24,10,,,,,NIFTY_PSU_BANK,1486468.6160419784,0.0,,
2022-11-21,2022-11-22,NIFTY_AUTO,KEEP,TVSMOTOR,SELECTED,,1,,0.8602489593128364,,,,,,,,,,,,,,2022-11-22,1,,,,,NIFTY_AUTO,1387205.1447352862,0.0,0.3846284190576129,
2022-11-21,2022-11-22,NIFTY_AUTO,KEEP,M&M,SELECTED,,2,,0.6540284305810928,,,,,,,,,,,,,,2022-11-22,2,,,,,NIFTY_AUTO,1387205.1447352862,0.0,0.3359421465385056,
2022-11-21,2022-11-22,NIFTY_AUTO,KEEP,EICHERMOT,SELECTED,,6,,0.468557837108771,,,,,,,,,,,,,,2022-11-22,6,,,,,NIFTY_AUTO,1387205.1447352862,0.0,0.27942943440388135,
2022-11-21,2022-11-22,NIFTY_PRIVATE_BANK,SKIP,FEDERALBNK,DUPLICATE_SKIPPED,,1,,0.8838699261347454,,,,,,,,,,,,,,2022-11-22,1,,,,,NIFTY_PRIVATE_BANK,1387205.1447352862,0.0,,
2022-11-21,2022-11-22,NIFTY_PSU_BANK,SKIP,BANKBARODA,DUPLICATE_SKIPPED,,5,,0.4158891427020232,,,,,,,,,,,,,,2022-11-22,5,,,,,NIFTY_PSU_BANK,1387205.1447352862,0.0,,
2022-11-21,2022-11-22,NIFTY_PSU_BANK,SKIP,PNB,DUPLICATE_SKIPPED,,8,,0.26290718776484334,,,,,,,,,,,,,,2022-11-22,8,,,,,NIFTY_PSU_BANK,1387205.1447352862,0.0,,
2022-11-21,2022-11-22,NIFTY_PSU_BANK,SKIP,PSB,ENTRY_FILTERED,,9,,0.1959373487625271,,,,,,,,,,,,,,2022-11-22,9,,,,,NIFTY_PSU_BANK,1387205.1447352862,0.0,,
2022-11-21,2022-11-22,NIFTY_PSU_BANK,SKIP,J&KBANK,ENTRY_FILTERED,,10,,0.16847994023313126,,,,,,,,,,,,,,2022-11-22,10,,,,,NIFTY_PSU_BANK,1387205.1447352862,0.0,,
2022-12-21,2022-12-22,NIFTY_AUTO,KEEP,APOLLOTYRE,SELECTED,,1,,0.7986231644948324,,,,,,,,,,,,,,2022-12-22,1,,,,,NIFTY_AUTO,1374616.8291952568,0.0,0.2728754138470921,
2022-12-21,2022-12-22,NIFTY_AUTO,KEEP,M&M,SELECTED,,2,,0.568618755787611,,,,,,,,,,,,,,2022-12-22,2,,,,,NIFTY_AUTO,1374616.8291952568,0.0,0.34053645512067926,
2022-12-21,2022-12-22,NIFTY_AUTO,KEEP,TVSMOTOR,SELECTED,,3,,0.5556748217592637,,,,,,,,,,,,,,2022-12-22,3,,,,,NIFTY_AUTO,1374616.8291952568,0.0,0.3865881310322288,
2022-12-21,2022-12-22,NIFTY_PRIVATE_BANK,SKIP,IDFCFIRSTB,DUPLICATE_SKIPPED,,1,,0.7769964697460334,,,,,,,,,,,,,,2022-12-22,1,,,,,NIFTY_PRIVATE_BANK,1374616.8291952568,0.0,,
2022-12-21,2022-12-22,NIFTY_PSU_BANK,SKIP,PSB,ENTRY_FILTERED,,2,,0.6056659544507663,,,,,,,,,,,,,,2022-12-22,2,,,,,NIFTY_PSU_BANK,1374616.8291952568,0.0,,
2022-12-21,2022-12-22,NIFTY_PSU_BANK,SKIP,BANKBARODA,DUPLICATE_SKIPPED,,8,,0.35643354679147404,,,,,,,,,,,,,,2022-12-22,8,,,,,NIFTY_PSU_BANK,1374616.8291952568,0.0,,
2022-12-21,2022-12-22,NIFTY_PSU_BANK,SKIP,J&KBANK,ENTRY_FILTERED,,10,,0.3474026887367169,,,,,,,,,,,,,,2022-12-22,10,,,,,NIFTY_PSU_BANK,1374616.8291952568,0.0,,
2022-12-21,2022-12-22,NIFTY_PSU_BANK,SKIP,PNB,DUPLICATE_SKIPPED,,11,,0.29376292290786904,,,,,,,,,,,,,,2022-12-22,11,,,,,NIFTY_PSU_BANK,1374616.8291952568,0.0,,
2023-01-23,2023-01-24,NIFTY_BANK,SKIP,RBLBANK,ENTRY_FILTERED,,3,,0.7168320240452886,,,,,,,,,,,,,,2023-01-24,3,,,,,NIFTY_BANK,1379482.5869671828,0.0,,
2023-01-23,2023-01-24,NIFTY_HEALTHCARE,KEEP,ZYDUSLIFE,SELECTED,,1,,0.8926867569486301,,,,,,,,,,,,,,2023-01-24,1,,,,,NIFTY_HEALTHCARE,1379482.5869671828,0.0,0.3333333333333333,
2023-01-23,2023-01-24,NIFTY_HEALTHCARE,KEEP,ABBOTINDIA,SELECTED,,2,,0.8805109312136968,,,,,,,,,,,,,,2023-01-24,2,,,,,NIFTY_HEALTHCARE,1379482.5869671828,0.0,0.3333333333333333,
2023-01-23,2023-01-24,NIFTY_HEALTHCARE,KEEP,SUNPHARMA,SELECTED,,3,,0.841291497151057,,,,,,,,,,,,,,2023-01-24,3,,,,,NIFTY_HEALTHCARE,1379482.5869671828,0.0,0.3333333333333333,
2023-01-23,2023-01-24,NIFTY_HEALTHCARE,SKIP,GRANULES,ENTRY_FILTERED,,12,,0.5739701228837173,,,,,,,,,,,,,,2023-01-24,12,,,,,NIFTY_HEALTHCARE,1379482.5869671828,0.0,,
2023-01-23,2023-01-24,NIFTY_HEALTHCARE,SKIP,METROPOLIS,ENTRY_FILTERED,,19,,0.15511663009723028,,,,,,,,,,,,,,2023-01-24,19,,,,,NIFTY_HEALTHCARE,1379482.5869671828,0.0,,
2023-01-23,2023-01-24,NIFTY_PRIVATE_BANK,SKIP,RBLBANK,ENTRY_FILTERED,,1,,0.78068807721138,,,,,,,,,,,,,,2023-01-24,1,,,,,NIFTY_PRIVATE_BANK,1379482.5869671828,0.0,,
2023-01-23,2023-01-24,NIFTY_PRIVATE_BANK,SKIP,IDFCFIRSTB,DUPLICATE_SKIPPED,,2,,0.7390517120560011,,,,,,,,,,,,,,2023-01-24,2,,,,,NIFTY_PRIVATE_BANK,1379482.5869671828,0.0,,
2023-01-23,2023-01-24,NIFTY_PSU_BANK,SKIP,J&KBANK,ENTRY_FILTERED,,5,,0.3929151128977537,,,,,,,,,,,,,,2023-01-24,5,,,,,NIFTY_PSU_BANK,1379482.5869671828,0.0,,
2023-01-23,2023-01-24,NIFTY_PSU_BANK,SKIP,PNB,DUPLICATE_SKIPPED,,7,,0.3776150569319725,,,,,,,,,,,,,,2023-01-24,7,,,,,NIFTY_PSU_BANK,1379482.5869671828,0.0,,
2023-01-23,2023-01-24,NIFTY_PSU_BANK,SKIP,BANKBARODA,DUPLICATE_SKIPPED,,9,,0.34760615477959317,,,,,,,,,,,,,,2023-01-24,9,,,,,NIFTY_PSU_BANK,1379482.5869671828,0.0,,
2023-02-21,2023-02-22,NIFTY_AUTO,KEEP,APOLLOTYRE,SELECTED,,1,,0.7894149422645569,,,,,,,,,,,,,,2023-02-22,1,,,,,NIFTY_AUTO,1345009.5796182975,0.0,0.2222222222222222,
2023-02-21,2023-02-22,NIFTY_AUTO,KEEP,TVSMOTOR,SELECTED,,2,,0.6737982699026664,,,,,,,,,,,,,,2023-02-22,2,,,,,NIFTY_AUTO,1345009.5796182975,0.0,0.2222222222222222,
2023-02-21,2023-02-22,NIFTY_AUTO,KEEP,M&M,SELECTED,,3,,0.593303982168436,,,,,,,,,,,,,,2023-02-22,3,,,,,NIFTY_AUTO,1345009.5796182975,0.0,0.2222222222222222,
2023-02-21,2023-02-22,NIFTY_IT,KEEP,TCS,SELECTED,,1,,0.8232775082190832,,,,,,,,,,,,,,2023-02-22,1,,,,,NIFTY_IT,1345009.5796182975,0.0,0.1111111111111111,
2023-02-21,2023-02-22,NIFTY_IT,KEEP,HCLTECH,SELECTED,,2,,0.7847873494029045,,,,,,,,,,,,,,2023-02-22,2,,,,,NIFTY_IT,1345009.5796182975,0.0,0.1111111111111111,
2023-02-21,2023-02-22,NIFTY_IT,KEEP,TECHM,SELECTED,,3,,0.7649096287786961,,,,,,,,,,,,,,2023-02-22,3,,,,,NIFTY_IT,1345009.5796182975,0.0,0.1111111111111111,
2023-02-21,2023-02-22,NIFTY_IT,SKIP,JUSTDIAL,ENTRY_FILTERED,,6,,0.5088254561026891,,,,,,,,,,,,,,2023-02-22,6,,,,,NIFTY_IT,1345009.5796182975,0.0,,
2023-03-21,2023-03-22,NIFTY_IT,KEEP,HCLTECH,SELECTED,,1,,0.9468327711025875,,,,,,,,,,,,,,2023-03-22,1,,,,,NIFTY_IT,1263507.4910617862,0.0,0.34239607403300315,
2023-03-21,2023-03-22,NIFTY_IT,KEEP,TECHM,SELECTED,,2,,0.783478111649553,,,,,,,,,,,,,,2023-03-22,2,,,,,NIFTY_IT,1263507.4910617862,0.0,0.3397647408584591,
2023-03-21,2023-03-22,NIFTY_IT,KEEP,TCS,SELECTED,,3,,0.6265592637161415,,,,,,,,,,,,,,2023-03-22,3,,,,,NIFTY_IT,1263507.4910617862,0.0,0.31783918510853776,
2023-03-21,2023-03-22,NIFTY_IT,SKIP,JUSTDIAL,ENTRY_FILTERED,,4,,0.5163220316171646,,,,,,,,,,,,,,2023-03-22,4,,,,,NIFTY_IT,1263507.4910617862,0.0,,
2023-04-21,2023-04-24,NIFTY_HEALTHCARE,SKIP,GRANULES,ENTRY_FILTERED,,14,,0.37809199964006746,,,,,,,,,,,,,,2023-04-24,14,,,,,NIFTY_HEALTHCARE,1257564.7478903162,0.0,,
2023-04-21,2023-04-24,NIFTY_HEALTHCARE,SKIP,METROPOLIS,ENTRY_FILTERED,,18,,0.24645208225895962,,,,,,,,,,,,,,2023-04-24,18,,,,,NIFTY_HEALTHCARE,1257564.7478903162,0.0,,
2023-04-21,2023-04-24,NIFTY_PHARMA,SKIP,GLENMARK,DUPLICATE_SKIPPED,,1,,0.8450206803778808,,,,,,,,,,,,,,2023-04-24,1,,,,,NIFTY_PHARMA,1257564.7478903162,0.0,,
2023-04-21,2023-04-24,NIFTY_PHARMA,KEEP,AUROPHARMA,SELECTED,,2,,0.6681038439273834,,,,,,,,,,,,,,2023-04-24,2,,,,,NIFTY_PHARMA,1257564.7478903162,0.0,0.3333333333333333,
2023-04-21,2023-04-24,NIFTY_PHARMA,KEEP,DRREDDY,SELECTED,,3,,0.6664491444826126,,,,,,,,,,,,,,2023-04-24,3,,,,,NIFTY_PHARMA,1257564.7478903162,0.0,0.3333333333333333,
2023-04-21,2023-04-24,NIFTY_PHARMA,KEEP,SUNPHARMA,SELECTED,,4,,0.5527341241637866,,,,,,,,,,,,,,2023-04-24,4,,,,,NIFTY_PHARMA,1257564.7478903162,0.0,0.3333333333333333,
2023-05-22,2023-05-23,NIFTY_BANK,KEEP,IDFCFIRSTB,SELECTED,,1,,0.9154961941142877,,,,,,,,,,,,,,2023-05-23,1,,,,,NIFTY_BANK,1213513.0723783649,0.0,0.33333333333333337,
2023-05-22,2023-05-23,NIFTY_BANK,KEEP,PNB,SELECTED,,2,,0.7613908375302951,,,,,,,,,,,,,,2023-05-23,2,,,,,NIFTY_BANK,1213513.0723783649,0.0,0.33333333333333337,
2023-05-22,2023-05-23,NIFTY_BANK,KEEP,BANKBARODA,SELECTED,,3,,0.7366161979734898,,,,,,,,,,,,,,2023-05-23,3,,,,,NIFTY_BANK,1213513.0723783649,0.0,0.33333333333333337,
2023-05-22,2023-05-23,NIFTY_BANK,SKIP,RBLBANK,ENTRY_FILTERED,,11,,0.34968961651126546,,,,,,,,,,,,,,2023-05-23,11,,,,,NIFTY_BANK,1213513.0723783649,0.0,,
2023-05-22,2023-05-23,NIFTY_HEALTHCARE,SKIP,GRANULES,ENTRY_FILTERED,,16,,0.23483100347220898,,,,,,,,,,,,,,2023-05-23,16,,,,,NIFTY_HEALTHCARE,1213513.0723783649,0.0,,
2023-05-22,2023-05-23,NIFTY_HEALTHCARE,SKIP,METROPOLIS,ENTRY_FILTERED,,17,,0.2333355446656545,,,,,,,,,,,,,,2023-05-23,17,,,,,NIFTY_HEALTHCARE,1213513.0723783649,0.0,,
2023-05-22,2023-05-23,NIFTY_PSU_BANK,SKIP,J&KBANK,ENTRY_FILTERED,,4,,0.5737040253976982,,,,,,,,,,,,,,2023-05-23,4,,,,,NIFTY_PSU_BANK,1213513.0723783649,0.0,,
2023-05-22,2023-05-23,NIFTY_PSU_BANK,SKIP,BANKBARODA,DUPLICATE_SKIPPED,,5,,0.43168716753522557,,,,,,,,,,,,,,2023-05-23,5,,,,,NIFTY_PSU_BANK,1213513.0723783649,0.0,,
2023-05-22,2023-05-23,NIFTY_PSU_BANK,SKIP,PNB,DUPLICATE_SKIPPED,,6,,0.3898741553227107,,,,,,,,,,,,,,2023-05-23,6,,,,,NIFTY_PSU_BANK,1213513.0723783649,0.0,,
2023-06-21,2023-06-22,NIFTY_BANK,KEEP,IDFCFIRSTB,SELECTED,,1,,0.9259690468509992,,,,,,,,,,,,,,2023-06-22,1,,,,,NIFTY_BANK,1313388.238214354,0.0,0.3593934766670613,
2023-06-21,2023-06-22,NIFTY_BANK,KEEP,BANKBARODA,SELECTED,,2,,0.5896870295206706,,,,,,,,,,,,,,2023-06-22,2,,,,,NIFTY_BANK,1313388.238214354,0.0,0.3284611111424772,
2023-06-21,2023-06-22,NIFTY_BANK,KEEP,AXISBANK,SELECTED,,3,,0.4813946535189947,,,,,,,,,,,,,,2023-06-22,3,,,,,NIFTY_BANK,1313388.238214354,0.0,0.3121454121904616,
2023-06-21,2023-06-22,NIFTY_BANK,SKIP,RBLBANK,ENTRY_FILTERED,,5,,0.41106188048919046,,,,,,,,,,,,,,2023-06-22,5,,,,,NIFTY_BANK,1313388.238214354,0.0,,
2023-06-21,2023-06-22,NIFTY_HEALTHCARE,SKIP,METROPOLIS,ENTRY_FILTERED,,14,,0.3567203227430582,,,,,,,,,,,,,,2023-06-22,14,,,,,NIFTY_HEALTHCARE,1313388.238214354,0.0,,
2023-06-21,2023-06-22,NIFTY_HEALTHCARE,SKIP,GRANULES,ENTRY_FILTERED,,18,,0.17938063014298677,,,,,,,,,,,,,,2023-06-22,18,,,,,NIFTY_HEALTHCARE,1313388.238214354,0.0,,
2023-06-21,2023-06-22,NIFTY_PSU_BANK,SKIP,BANKBARODA,DUPLICATE_SKIPPED,,1,,0.7612181144456069,,,,,,,,,,,,,,2023-06-22,1,,,,,NIFTY_PSU_BANK,1313388.238214354,0.0,,
2023-06-21,2023-06-22,NIFTY_PSU_BANK,SKIP,J&KBANK,ENTRY_FILTERED,,2,,0.7570561394095421,,,,,,,,,,,,,,2023-06-22,2,,,,,NIFTY_PSU_BANK,1313388.238214354,0.0,,
2023-07-21,2023-07-24,NIFTY_BANK,KEEP,IDFCFIRSTB,SELECTED,,1,,0.8139773023625215,,,,,,,,,,,,,,2023-07-24,1,,,,,NIFTY_BANK,1379344.3531362612,0.0,0.3691087292618708,
2023-07-21,2023-07-24,NIFTY_BANK,SKIP,RBLBANK,ENTRY_FILTERED,,2,,0.7569422821203868,,,,,,,,,,,,,,2023-07-24,2,,,,,NIFTY_BANK,1379344.3531362612,0.0,,
2023-07-21,2023-07-24,NIFTY_BANK,KEEP,BANKBARODA,SELECTED,,5,,0.5024129152297974,,,,,,,,,,,,,,2023-07-24,5,,,,,NIFTY_BANK,1379344.3531362612,0.0,0.33049277061799837,
2023-07-21,2023-07-24,NIFTY_BANK,KEEP,AXISBANK,SELECTED,,7,,0.4293929723401865,,,,,,,,,,,,,,2023-07-24,7,,,,,NIFTY_BANK,1379344.3531362612,0.0,0.30039850012013075,
2023-07-21,2023-07-24,NIFTY_HEALTHCARE,SKIP,GRANULES,ENTRY_FILTERED,,17,,0.21063567915310463,,,,,,,,,,,,,,2023-07-24,17,,,,,NIFTY_HEALTHCARE,1379344.3531362612,0.0,,
2023-07-21,2023-07-24,NIFTY_HEALTHCARE,SKIP,METROPOLIS,ENTRY_FILTERED,,18,,0.17640967077265185,,,,,,,,,,,,,,2023-07-24,18,,,,,NIFTY_HEALTHCARE,1379344.3531362612,0.0,,
2023-07-21,2023-07-24,NIFTY_PSU_BANK,SKIP,J&KBANK,ENTRY_FILTERED,,1,,0.8510031007851164,,,,,,,,,,,,,,2023-07-24,1,,,,,NIFTY_PSU_BANK,1379344.3531362612,0.0,,
2023-07-21,2023-07-24,NIFTY_PSU_BANK,SKIP,BANKBARODA,DUPLICATE_SKIPPED,,8,,0.39483373829474055,,,,,,,,,,,,,,2023-07-24,8,,,,,NIFTY_PSU_BANK,1379344.3531362612,0.0,,
2023-08-21,2023-08-22,NIFTY_BANK,KEEP,IDFCFIRSTB,SELECTED,,1,,0.8462256876130899,,,,,,,,,,,,,,2023-08-22,1,,,,,NIFTY_BANK,1404748.0843597427,0.0,0.39815744260372893,
2023-08-21,2023-08-22,NIFTY_BANK,SKIP,RBLBANK,ENTRY_FILTERED,,2,,0.6898774206638336,,,,,,,,,,,,,,2023-08-22,2,,,,,NIFTY_BANK,1404748.0843597427,0.0,,
2023-08-21,2023-08-22,NIFTY_BANK,KEEP,BANKBARODA,SELECTED,,5,,0.4006889214118322,,,,,,,,,,,,,,2023-08-22,5,,,,,NIFTY_BANK,1404748.0843597427,0.0,0.3112638139302589,
2023-08-21,2023-08-22,NIFTY_BANK,KEEP,AXISBANK,SELECTED,,6,,0.35607120643059414,,,,,,,,,,,,,,2023-08-22,6,,,,,NIFTY_BANK,1404748.0843597427,0.0,0.2905787434660122,
2023-08-21,2023-08-22,NIFTY_HEALTHCARE,SKIP,METROPOLIS,ENTRY_FILTERED,,19,,0.14404818415641785,,,,,,,,,,,,,,2023-08-22,19,,,,,NIFTY_HEALTHCARE,1404748.0843597427,0.0,,
2023-08-21,2023-08-22,NIFTY_HEALTHCARE,SKIP,GRANULES,ENTRY_FILTERED,,20,,0.13898372805366915,,,,,,,,,,,,,,2023-08-22,20,,,,,NIFTY_HEALTHCARE,1404748.0843597427,0.0,,
2023-08-21,2023-08-22,NIFTY_PSU_BANK,SKIP,J&KBANK,ENTRY_FILTERED,,1,,0.8333333333333334,,,,,,,,,,,,,,2023-08-22,1,,,,,NIFTY_PSU_BANK,1404748.0843597427,0.0,,
2023-08-21,2023-08-22,NIFTY_PSU_BANK,SKIP,BANKBARODA,DUPLICATE_SKIPPED,,11,,0.23382527753710747,,,,,,,,,,,,,,2023-08-22,11,,,,,NIFTY_PSU_BANK,1404748.0843597427,0.0,,
2023-09-21,2023-09-22,NIFTY_BANK,KEEP,IDFCFIRSTB,SELECTED,,1,,0.7780146226286888,,,,,,,,,,,,,,2023-09-22,1,,,,,NIFTY_BANK,1498573.753203955,0.0,0.37992625553184184,
2023-09-21,2023-09-22,NIFTY_BANK,SKIP,RBLBANK,ENTRY_FILTERED,,3,,0.6821252281467121,,,,,,,,,,,,,,2023-09-22,3,,,,,NIFTY_BANK,1498573.753203955,0.0,,
2023-09-21,2023-09-22,NIFTY_BANK,KEEP,BANKBARODA,SELECTED,,5,,0.41004857669274014,,,,,,,,,,,,,,2023-09-22,5,,,,,NIFTY_BANK,1498573.753203955,0.0,0.3302700223276812,
2023-09-21,2023-09-22,NIFTY_BANK,KEEP,AXISBANK,SELECTED,,6,,0.36801401836176717,,,,,,,,,,,,,,2023-09-22,6,,,,,NIFTY_BANK,1498573.753203955,0.0,0.289803722140477,
2023-09-21,2023-09-22,NIFTY_HEALTHCARE,SKIP,GRANULES,ENTRY_FILTERED,,18,,0.17398767561341327,,,,,,,,,,,,,,2023-09-22,18,,,,,NIFTY_HEALTHCARE,1498573.753203955,0.0,,
2023-09-21,2023-09-22,NIFTY_HEALTHCARE,SKIP,METROPOLIS,ENTRY_FILTERED,,20,,0.11101129193169376,,,,,,,,,,,,,,2023-09-22,20,,,,,NIFTY_HEALTHCARE,1498573.753203955,0.0,,
2023-09-21,2023-09-22,NIFTY_PSU_BANK,SKIP,J&KBANK,ENTRY_FILTERED,,1,,0.8445558751312395,,,,,,,,,,,,,,2023-09-22,1,,,,,NIFTY_PSU_BANK,1498573.753203955,0.0,,
2023-09-21,2023-09-22,NIFTY_PSU_BANK,SKIP,BANKBARODA,DUPLICATE_SKIPPED,,12,,0.24931146996095777,,,,,,,,,,,,,,2023-09-22,12,,,,,NIFTY_PSU_BANK,1498573.753203955,0.0,,
2023-10-23,2023-10-25,NIFTY_BANK,KEEP,IDFCFIRSTB,SELECTED,,1,,0.8370950259268284,,,,,,,,,,,,,,2023-10-25,1,,,,,NIFTY_BANK,1385325.5875106652,0.0,0.38266357832834835,
2023-10-23,2023-10-25,NIFTY_BANK,SKIP,RBLBANK,ENTRY_FILTERED,,2,,0.7214920649615427,,,,,,,,,,,,,,2023-10-25,2,,,,,NIFTY_BANK,1385325.5875106652,0.0,,
2023-10-23,2023-10-25,NIFTY_BANK,KEEP,AXISBANK,SELECTED,,6,,0.4079042188823223,,,,,,,,,,,,,,2023-10-25,6,,,,,NIFTY_BANK,1385325.5875106652,0.0,0.29416010112729296,
2023-10-23,2023-10-25,NIFTY_BANK,KEEP,BANKBARODA,SELECTED,,8,,0.3718021201590697,,,,,,,,,,,,,,2023-10-25,8,,,,,NIFTY_BANK,1385325.5875106652,0.0,0.3231763205443587,
2023-10-23,2023-10-25,NIFTY_HEALTHCARE,SKIP,METROPOLIS,ENTRY_FILTERED,,10,,0.32612267571190995,,,,,,,,,,,,,,2023-10-25,10,,,,,NIFTY_HEALTHCARE,1385325.5875106652,0.0,,
2023-10-23,2023-10-25,NIFTY_HEALTHCARE,SKIP,GRANULES,ENTRY_FILTERED,,16,,0.2607619327803453,,,,,,,,,,,,,,2023-10-25,16,,,,,NIFTY_HEALTHCARE,1385325.5875106652,0.0,,
2023-10-23,2023-10-25,NIFTY_PSU_BANK,SKIP,J&KBANK,ENTRY_FILTERED,,1,,0.8594692032784224,,,,,,,,,,,,,,2023-10-25,1,,,,,NIFTY_PSU_BANK,1385325.5875106652,0.0,,
2023-10-23,2023-10-25,NIFTY_PSU_BANK,SKIP,BANKBARODA,DUPLICATE_SKIPPED,,11,,0.2607398790617784,,,,,,,,,,,,,,2023-10-25,11,,,,,NIFTY_PSU_BANK,1385325.5875106652,0.0,,
2023-11-21,2023-11-22,NIFTY_HEALTHCARE,SKIP,GRANULES,ENTRY_FILTERED,,6,,0.510842160632213,,,,,,,,,,,,,,2023-11-22,6,,,,,NIFTY_HEALTHCARE,1380549.0140329439,0.0,,
2023-11-21,2023-11-22,NIFTY_HEALTHCARE,SKIP,METROPOLIS,ENTRY_FILTERED,,7,,0.4538451818128427,,,,,,,,,,,,,,2023-11-22,7,,,,,NIFTY_HEALTHCARE,1380549.0140329439,0.0,,
2023-11-21,2023-11-22,NIFTY_PSU_BANK,SKIP,J&KBANK,ENTRY_FILTERED,,1,,0.8802158137162527,,,,,,,,,,,,,,2023-11-22,1,,,,,NIFTY_PSU_BANK,1380549.0140329439,0.0,,
2023-11-21,2023-11-22,NIFTY_REALTY,KEEP,PRESTIGE,SELECTED,,1,,0.9012675719956558,,,,,,,,,,,,,,2023-11-22,1,,,,,NIFTY_REALTY,1380549.0140329439,0.0,0.3333333333333333,
2023-11-21,2023-11-22,NIFTY_REALTY,SKIP,SOBHA,ENTRY_FILTERED,,2,,0.4630347217122714,,,,,,,,,,,,,,2023-11-22,2,,,,,NIFTY_REALTY,1380549.0140329439,0.0,,
2023-11-21,2023-11-22,NIFTY_REALTY,KEEP,OBEROIRLTY,SELECTED,,4,,0.39180279088517034,,,,,,,,,,,,,,2023-11-22,4,,,,,NIFTY_REALTY,1380549.0140329439,0.0,0.3333333333333333,
2023-11-21,2023-11-22,NIFTY_REALTY,KEEP,DLF,SELECTED,,5,,0.3613929885129134,,,,,,,,,,,,,,2023-11-22,5,,,,,NIFTY_REALTY,1380549.0140329439,0.0,0.3333333333333333,
2023-11-21,2023-11-22,NIFTY_REALTY,SKIP,IBREALEST,ENTRY_FILTERED,,8,,0.09524668101221323,,,,,,,,,,,,,,2023-11-22,8,,,,,NIFTY_REALTY,1380549.0140329439,0.0,,
2023-12-21,2023-12-22,NIFTY_HEALTHCARE,SKIP,GRANULES,ENTRY_FILTERED,,7,,0.4253926407545805,,,,,,,,,,,,,,2023-12-22,7,,,,,NIFTY_HEALTHCARE,1496790.6363141905,0.0,,
2023-12-21,2023-12-22,NIFTY_HEALTHCARE,SKIP,METROPOLIS,ENTRY_FILTERED,,11,,0.3635462063054244,,,,,,,,,,,,,,2023-12-22,11,,,,,NIFTY_HEALTHCARE,1496790.6363141905,0.0,,
2023-12-21,2023-12-22,NIFTY_PSU_BANK,SKIP,J&KBANK,ENTRY_FILTERED,,1,,0.844529668490092,,,,,,,,,,,,,,2023-12-22,1,,,,,NIFTY_PSU_BANK,1496790.6363141905,0.0,,
2023-12-21,2023-12-22,NIFTY_REALTY,KEEP,PRESTIGE,SELECTED,,1,,0.8742921861509483,,,,,,,,,,,,,,2023-12-22,1,,,,,NIFTY_REALTY,1496790.6363141905,0.0,0.37980285531441227,
2023-12-21,2023-12-22,NIFTY_REALTY,SKIP,SOBHA,ENTRY_FILTERED,,2,,0.5318326813479265,,,,,,,,,,,,,,2023-12-22,2,,,,,NIFTY_REALTY,1496790.6363141905,0.0,,
2023-12-21,2023-12-22,NIFTY_REALTY,KEEP,DLF,SELECTED,,3,,0.4199228622019291,,,,,,,,,,,,,,2023-12-22,3,,,,,NIFTY_REALTY,1496790.6363141905,0.0,0.3100985723427938,
2023-12-21,2023-12-22,NIFTY_REALTY,KEEP,BRIGADE,SELECTED,,4,,0.3968222190936407,,,,,,,,,,,,,,2023-12-22,4,,,,,NIFTY_REALTY,1496790.6363141905,0.0,0.3100985723427938,
2023-12-21,2023-12-22,NIFTY_REALTY,SKIP,IBREALEST,ENTRY_FILTERED,,8,,0.09368838742375374,,,,,,,,,,,,,,2023-12-22,8,,,,,NIFTY_REALTY,1496790.6363141905,0.0,,
2024-01-23,2024-01-24,NIFTY_HEALTHCARE,SKIP,GRANULES,ENTRY_FILTERED,,11,,0.4589206787447135,,,,,,,,,,,,,,2024-01-24,11,,,,,NIFTY_HEALTHCARE,1609729.3673282326,0.0,,
2024-01-23,2024-01-24,NIFTY_HEALTHCARE,SKIP,METROPOLIS,ENTRY_FILTERED,,16,,0.23228371050208807,,,,,,,,,,,,,,2024-01-24,16,,,,,NIFTY_HEALTHCARE,1609729.3673282326,0.0,,
2024-01-23,2024-01-24,NIFTY_PSU_BANK,SKIP,J&KBANK,ENTRY_FILTERED,,3,,0.6829871299366157,,,,,,,,,,,,,,2024-01-24,3,,,,,NIFTY_PSU_BANK,1609729.3673282326,0.0,,
2024-01-23,2024-01-24,NIFTY_REALTY,SKIP,SOBHA,ENTRY_FILTERED,,1,,0.8333333333333334,,,,,,,,,,,,,,2024-01-24,1,,,,,NIFTY_REALTY,1609729.3673282326,0.0,,
2024-01-23,2024-01-24,NIFTY_REALTY,KEEP,PRESTIGE,SELECTED,,2,,0.5780710264419516,,,,,,,,,,,,,,2024-01-24,2,,,,,NIFTY_REALTY,1609729.3673282326,0.0,0.379003486520131,
2024-01-23,2024-01-24,NIFTY_REALTY,KEEP,BRIGADE,SELECTED,,3,,0.4011094135542711,,,,,,,,,,,,,,2024-01-24,3,,,,,NIFTY_REALTY,1609729.3673282326,0.0,0.31136023547614,
2024-01-23,2024-01-24,NIFTY_REALTY,KEEP,DLF,SELECTED,,4,,0.328977620229125,,,,,,,,,,,,,,2024-01-24,4,,,,,NIFTY_REALTY,1609729.3673282326,0.0,0.30963627800372906,
2024-01-23,2024-01-24,NIFTY_REALTY,SKIP,IBREALEST,ENTRY_FILTERED,,8,,0.12225272754828136,,,,,,,,,,,,,,2024-01-24,8,,,,,NIFTY_REALTY,1609729.3673282326,0.0,,
2024-02-21,2024-02-22,NIFTY_HEALTHCARE,SKIP,GRANULES,ENTRY_FILTERED,,4,,0.7188645377755165,,,,,,,,,,,,,,2024-02-22,4,,,,,NIFTY_HEALTHCARE,1742579.671138979,0.0,,
2024-02-21,2024-02-22,NIFTY_HEALTHCARE,SKIP,METROPOLIS,ENTRY_FILTERED,,15,,0.3983117453753948,,,,,,,,,,,,,,2024-02-22,15,,,,,NIFTY_HEALTHCARE,1742579.671138979,0.0,,
2024-02-21,2024-02-22,NIFTY_OIL_GAS,SKIP,ATGL,ENTRY_FILTERED,,8,,0.5143549541632335,,,,,,,,,,,,,,2024-02-22,8,,,,,NIFTY_OIL_GAS,1742579.671138979,0.0,,
2024-02-21,2024-02-22,NIFTY_OIL_GAS,SKIP,AEGISLOG,ENTRY_FILTERED,,12,,0.31992482021450996,,,,,,,,,,,,,,2024-02-22,12,,,,,NIFTY_OIL_GAS,1742579.671138979,0.0,,
2024-02-21,2024-02-22,NIFTY_PSU_BANK,SKIP,J&KBANK,ENTRY_FILTERED,,7,,0.44182781750957173,,,,,,,,,,,,,,2024-02-22,7,,,,,NIFTY_PSU_BANK,1742579.671138979,0.0,,
2024-02-21,2024-02-22,NIFTY_REALTY,SKIP,SOBHA,ENTRY_FILTERED,,1,,0.8333333333333334,,,,,,,,,,,,,,2024-02-22,1,,,,,NIFTY_REALTY,1742579.671138979,0.0,,
2024-02-21,2024-02-22,NIFTY_REALTY,KEEP,PRESTIGE,SELECTED,,2,,0.5836115467051666,,,,,,,,,,,,,,2024-02-22,2,,,,,NIFTY_REALTY,1742579.671138979,0.0,0.354673857448162,
2024-02-21,2024-02-22,NIFTY_REALTY,KEEP,DLF,SELECTED,,3,,0.5437914095818996,,,,,,,,,,,,,,2024-02-22,3,,,,,NIFTY_REALTY,1742579.671138979,0.0,0.34146444887805755,
2024-02-21,2024-02-22,NIFTY_REALTY,KEEP,BRIGADE,SELECTED,,4,,0.46117565905054414,,,,,,,,,,,,,,2024-02-22,4,,,,,NIFTY_REALTY,1742579.671138979,0.0,0.30386169367378046,
2024-02-21,2024-02-22,NIFTY_REALTY,SKIP,IBREALEST,ENTRY_FILTERED,,5,,0.4598667829607924,,,,,,,,,,,,,,2024-02-22,5,,,,,NIFTY_REALTY,1742579.671138979,0.0,,
2024-03-21,2024-03-22,NIFTY_HEALTHCARE,SKIP,GRANULES,ENTRY_FILTERED,,7,,0.5475646629929543,,,,,,,,,,,,,,2024-03-22,7,,,,,NIFTY_HEALTHCARE,1549266.2838354912,0.0,,
2024-03-21,2024-03-22,NIFTY_HEALTHCARE,SKIP,METROPOLIS,ENTRY_FILTERED,,15,,0.3243901301175356,,,,,,,,,,,,,,2024-03-22,15,,,,,NIFTY_HEALTHCARE,1549266.2838354912,0.0,,
2024-03-21,2024-03-22,NIFTY_OIL_GAS,SKIP,AEGISLOG,ENTRY_FILTERED,,12,,0.1619411197801431,,,,,,,,,,,,,,2024-03-22,12,,,,,NIFTY_OIL_GAS,1549266.2838354912,0.0,,
2024-03-21,2024-03-22,NIFTY_PHARMA,SKIP,LUPIN,DUPLICATE_SKIPPED,,1,,0.9525922561685245,,,,,,,,,,,,,,2024-03-22,1,,,,,NIFTY_PHARMA,1549266.2838354912,0.0,,
2024-03-21,2024-03-22,NIFTY_PHARMA,SKIP,SUNPHARMA,DUPLICATE_SKIPPED,,2,,0.881632814804713,,,,,,,,,,,,,,2024-03-22,2,,,,,NIFTY_PHARMA,1549266.2838354912,0.0,,
2024-03-21,2024-03-22,NIFTY_PHARMA,KEEP,CIPLA,SELECTED,,3,,0.6027536342541377,,,,,,,,,,,,,,2024-03-22,3,,,,,NIFTY_PHARMA,1549266.2838354912,0.0,0.3333333333333333,
2024-03-21,2024-03-22,NIFTY_PHARMA,KEEP,GLENMARK,SELECTED,,4,,0.47067026297251385,,,,,,,,,,,,,,2024-03-22,4,,,,,NIFTY_PHARMA,1549266.2838354912,0.0,0.3333333333333333,
2024-03-21,2024-03-22,NIFTY_PHARMA,KEEP,DRREDDY,SELECTED,,5,,0.45103849843144417,,,,,,,,,,,,,,2024-03-22,5,,,,,NIFTY_PHARMA,1549266.2838354912,0.0,0.3333333333333333,
2024-03-21,2024-03-22,NIFTY_PSU_BANK,SKIP,J&KBANK,ENTRY_FILTERED,,10,,0.36912222703297937,,,,,,,,,,,,,,2024-03-22,10,,,,,NIFTY_PSU_BANK,1549266.2838354912,0.0,,
2024-04-22,2024-04-23,NIFTY_HEALTHCARE,SKIP,METROPOLIS,ENTRY_FILTERED,,10,,0.4373397119343281,,,,,,,,,,,,,,2024-04-23,10,,,,,NIFTY_HEALTHCARE,1562456.5165429788,0.0,,
2024-04-22,2024-04-23,NIFTY_HEALTHCARE,SKIP,GRANULES,ENTRY_FILTERED,,11,,0.433553660598894,,,,,,,,,,,,,,2024-04-23,11,,,,,NIFTY_HEALTHCARE,1562456.5165429788,0.0,,
2024-04-22,2024-04-23,NIFTY_OIL_GAS,SKIP,AEGISLOG,ENTRY_FILTERED,,7,,0.4869923492272695,,,,,,,,,,,,,,2024-04-23,7,,,,,NIFTY_OIL_GAS,1562456.5165429788,0.0,,
2024-04-22,2024-04-23,NIFTY_PHARMA,SKIP,LUPIN,DUPLICATE_SKIPPED,,1,,0.9570366640885671,,,,,,,,,,,,,,2024-04-23,1,,,,,NIFTY_PHARMA,1562456.5165429788,0.0,,
2024-04-22,2024-04-23,NIFTY_PHARMA,KEEP,SUNPHARMA,SELECTED,,2,,0.8803533390164375,,,,,,,,,,,,,,2024-04-23,2,,,,,NIFTY_PHARMA,1562456.5165429788,0.0,0.3313401912380892,
2024-04-22,2024-04-23,NIFTY_PHARMA,KEEP,GLENMARK,SELECTED,,3,,0.7589325867593288,,,,,,,,,,,,,,2024-04-23,3,,,,,NIFTY_PHARMA,1562456.5165429788,0.0,0.3623209491928372,
2024-04-22,2024-04-23,NIFTY_PHARMA,KEEP,CIPLA,SELECTED,,4,,0.49774876485268277,,,,,,,,,,,,,,2024-04-23,4,,,,,NIFTY_PHARMA,1562456.5165429788,0.0,0.30633885956907364,
2024-04-22,2024-04-23,NIFTY_PSU_BANK,SKIP,J&KBANK,ENTRY_FILTERED,,13,,0.2318013149003188,,,,,,,,,,,,,,2024-04-23,13,,,,,NIFTY_PSU_BANK,1562456.5165429788,0.0,,
2024-05-21,2024-05-22,NIFTY_HEALTHCARE,SKIP,METROPOLIS,ENTRY_FILTERED,,8,,0.45477870541314286,,,,,,,,,,,,,,2024-05-22,8,,,,,NIFTY_HEALTHCARE,1567764.2298271817,0.0,,
2024-05-21,2024-05-22,NIFTY_HEALTHCARE,SKIP,GRANULES,ENTRY_FILTERED,,15,,0.3514573102196058,,,,,,,,,,,,,,2024-05-22,15,,,,,NIFTY_HEALTHCARE,1567764.2298271817,0.0,,
2024-05-21,2024-05-22,NIFTY_OIL_GAS,SKIP,AEGISLOG,ENTRY_FILTERED,,2,,0.6434142217040062,,,,,,,,,,,,,,2024-05-22,2,,,,,NIFTY_OIL_GAS,1567764.2298271817,0.0,,
2024-05-21,2024-05-22,NIFTY_PHARMA,SKIP,LUPIN,DUPLICATE_SKIPPED,,1,,0.8255250814060371,,,,,,,,,,,,,,2024-05-22,1,,,,,NIFTY_PHARMA,1567764.2298271817,0.0,,
2024-05-21,2024-05-22,NIFTY_PHARMA,SKIP,AUROPHARMA,DUPLICATE_SKIPPED,,2,,0.6840366932253044,,,,,,,,,,,,,,2024-05-22,2,,,,,NIFTY_PHARMA,1567764.2298271817,0.0,,
2024-05-21,2024-05-22,NIFTY_PHARMA,KEEP,GLENMARK,SELECTED,,3,,0.6607386531929176,,,,,,,,,,,,,,2024-05-22,3,,,,,NIFTY_PHARMA,1567764.2298271817,0.0,0.35790045126168,
2024-05-21,2024-05-22,NIFTY_PHARMA,KEEP,SUNPHARMA,SELECTED,,4,,0.6552672758698463,,,,,,,,,,,,,,2024-05-22,4,,,,,NIFTY_PHARMA,1567764.2298271817,0.0,0.32541948228419987,
2024-05-21,2024-05-22,NIFTY_PHARMA,KEEP,BIOCON,SELECTED,,5,,0.49870140850543976,,,,,,,,,,,,,,2024-05-22,5,,,,,NIFTY_PHARMA,1567764.2298271817,0.0,0.3166800664541201,
2024-05-21,2024-05-22,NIFTY_PSU_BANK,SKIP,J&KBANK,ENTRY_FILTERED,,12,,0.21599947785337767,,,,,,,,,,,,,,2024-05-22,12,,,,,NIFTY_PSU_BANK,1567764.2298271817,0.0,,
2024-06-21,2024-06-24,NIFTY_HEALTHCARE,SKIP,GRANULES,ENTRY_FILTERED,,8,,0.5136642667154472,,,,,,,,,,,,,,2024-06-24,8,,,,,NIFTY_HEALTHCARE,1648529.784862291,0.0,,
2024-06-21,2024-06-24,NIFTY_HEALTHCARE,SKIP,METROPOLIS,ENTRY_FILTERED,,9,,0.46880799035231274,,,,,,,,,,,,,,2024-06-24,9,,,,,NIFTY_HEALTHCARE,1648529.784862291,0.0,,
2024-06-21,2024-06-24,NIFTY_OIL_GAS,SKIP,AEGISLOG,ENTRY_FILTERED,,2,,0.7308902094761531,,,,,,,,,,,,,,2024-06-24,2,,,,,NIFTY_OIL_GAS,1648529.784862291,0.0,,
2024-06-21,2024-06-24,NIFTY_PHARMA,SKIP,GLENMARK,DUPLICATE_SKIPPED,,1,,0.894906638811032,,,,,,,,,,,,,,2024-06-24,1,,,,,NIFTY_PHARMA,1648529.784862291,0.0,,
2024-06-21,2024-06-24,NIFTY_PHARMA,KEEP,BIOCON,SELECTED,,2,,0.5707181369264921,,,,,,,,,,,,,,2024-06-24,2,,,,,NIFTY_PHARMA,1648529.784862291,0.0,0.3333333333333333,
2024-06-21,2024-06-24,NIFTY_PHARMA,KEEP,AUROPHARMA,SELECTED,,3,,0.5324796463052432,,,,,,,,,,,,,,2024-06-24,3,,,,,NIFTY_PHARMA,1648529.784862291,0.0,0.3333333333333333,
2024-06-21,2024-06-24,NIFTY_PHARMA,KEEP,DIVISLAB,SELECTED,,4,,0.5025134794414043,,,,,,,,,,,,,,2024-06-24,4,,,,,NIFTY_PHARMA,1648529.784862291,0.0,0.3333333333333333,
2024-06-21,2024-06-24,NIFTY_PSU_BANK,SKIP,J&KBANK,ENTRY_FILTERED,,13,,0.039263616005579635,,,,,,,,,,,,,,2024-06-24,13,,,,,NIFTY_PSU_BANK,1648529.784862291,0.0,,
2024-07-22,2024-07-23,NIFTY_HEALTHCARE,SKIP,METROPOLIS,ENTRY_FILTERED,,9,,0.4645848336319129,,,,,,,,,,,,,,2024-07-23,9,,,,,NIFTY_HEALTHCARE,1623146.5269368174,0.0,,
2024-07-22,2024-07-23,NIFTY_HEALTHCARE,SKIP,GRANULES,ENTRY_FILTERED,,10,,0.4621441351870696,,,,,,,,,,,,,,2024-07-23,10,,,,,NIFTY_HEALTHCARE,1623146.5269368174,0.0,,
2024-07-22,2024-07-23,NIFTY_OIL_GAS,SKIP,AEGISLOG,ENTRY_FILTERED,,1,,0.8259143928686778,,,,,,,,,,,,,,2024-07-23,1,,,,,NIFTY_OIL_GAS,1623146.5269368174,0.0,,
2024-07-22,2024-07-23,NIFTY_PHARMA,SKIP,GLENMARK,DUPLICATE_SKIPPED,,1,,0.9135807864367962,,,,,,,,,,,,,,2024-07-23,1,,,,,NIFTY_PHARMA,1623146.5269368174,0.0,,
2024-07-22,2024-07-23,NIFTY_PHARMA,KEEP,LUPIN,SELECTED,,2,,0.41250063727299374,,,,,,,,,,,,,,2024-07-23,2,,,,,NIFTY_PHARMA,1623146.5269368174,0.0,0.33333333333333337,
2024-07-22,2024-07-23,NIFTY_PHARMA,KEEP,AUROPHARMA,SELECTED,,3,,0.38266456996401155,,,,,,,,,,,,,,2024-07-23,3,,,,,NIFTY_PHARMA,1623146.5269368174,0.0,0.33333333333333337,
2024-07-22,2024-07-23,NIFTY_PHARMA,KEEP,SUNPHARMA,SELECTED,,4,,0.32615858440597856,,,,,,,,,,,,,,2024-07-23,4,,,,,NIFTY_PHARMA,1623146.5269368174,0.0,0.33333333333333337,
2024-07-22,2024-07-23,NIFTY_PSU_BANK,SKIP,J&KBANK,ENTRY_FILTERED,,13,,0.006718426787604889,,,,,,,,,,,,,,2024-07-23,13,,,,,NIFTY_PSU_BANK,1623146.5269368174,0.0,,
2024-08-21,2024-08-22,NIFTY_CONSUMER_DURABLES,SKIP,AMBER,ENTRY_FILTERED,,9,,0.3217928235729536,,,,,,,,,,,,,,2024-08-22,9,,,,,NIFTY_CONSUMER_DURABLES,1840726.943040394,0.0,,
2024-08-21,2024-08-22,NIFTY_HEALTHCARE,SKIP,GRANULES,ENTRY_FILTERED,,2,,0.6321739455840241,,,,,,,,,,,,,,2024-08-22,2,,,,,NIFTY_HEALTHCARE,1840726.943040394,0.0,,
2024-08-21,2024-08-22,NIFTY_HEALTHCARE,SKIP,METROPOLIS,ENTRY_FILTERED,,14,,0.24668183798591298,,,,,,,,,,,,,,2024-08-22,14,,,,,NIFTY_HEALTHCARE,1840726.943040394,0.0,,
2024-08-21,2024-08-22,NIFTY_OIL_GAS,SKIP,AEGISLOG,ENTRY_FILTERED,,2,,0.5723728487888973,,,,,,,,,,,,,,2024-08-22,2,,,,,NIFTY_OIL_GAS,1840726.943040394,0.0,,
2024-08-21,2024-08-22,NIFTY_PHARMA,SKIP,GLENMARK,DUPLICATE_SKIPPED,,1,,0.8969173766672611,,,,,,,,,,,,,,2024-08-22,1,,,,,NIFTY_PHARMA,1840726.943040394,0.0,,
2024-08-21,2024-08-22,NIFTY_PHARMA,SKIP,LUPIN,DUPLICATE_SKIPPED,,2,,0.38366725047429406,,,,,,,,,,,,,,2024-08-22,2,,,,,NIFTY_PHARMA,1840726.943040394,0.0,,
2024-08-21,2024-08-22,NIFTY_PHARMA,KEEP,AUROPHARMA,SELECTED,,3,,0.37822033899525803,,,,,,,,,,,,,,2024-08-22,3,,,,,NIFTY_PHARMA,1840726.943040394,0.0,0.3353150247560025,
2024-08-21,2024-08-22,NIFTY_PHARMA,KEEP,SUNPHARMA,SELECTED,,4,,0.2680438384413719,,,,,,,,,,,,,,2024-08-22,4,,,,,NIFTY_PHARMA,1840726.943040394,0.0,0.3242421363461935,
2024-08-21,2024-08-22,NIFTY_PHARMA,KEEP,DIVISLAB,SELECTED,,5,,0.2557207054148118,,,,,,,,,,,,,,2024-08-22,5,,,,,NIFTY_PHARMA,1840726.943040394,0.0,0.34044283889780397,
2024-09-23,2024-09-24,NIFTY_CONSUMER_DURABLES,SKIP,AMBER,ENTRY_FILTERED,,8,,0.3842800062072153,,,,,,,,,,,,,,2024-09-24,8,,,,,NIFTY_CONSUMER_DURABLES,1890759.4237690053,0.0,,
2024-09-23,2024-09-24,NIFTY_HEALTHCARE,SKIP,METROPOLIS,ENTRY_FILTERED,,12,,0.37920913348595303,,,,,,,,,,,,,,2024-09-24,12,,,,,NIFTY_HEALTHCARE,1890759.4237690053,0.0,,
2024-09-23,2024-09-24,NIFTY_HEALTHCARE,SKIP,GRANULES,ENTRY_FILTERED,,16,,0.30482903122901917,,,,,,,,,,,,,,2024-09-24,16,,,,,NIFTY_HEALTHCARE,1890759.4237690053,0.0,,
2024-09-23,2024-09-24,NIFTY_OIL_GAS,SKIP,AEGISLOG,ENTRY_FILTERED,,3,,0.5801876603315275,,,,,,,,,,,,,,2024-09-24,3,,,,,NIFTY_OIL_GAS,1890759.4237690053,0.0,,
2024-09-23,2024-09-24,NIFTY_PHARMA,SKIP,GLENMARK,DUPLICATE_SKIPPED,,1,,0.8959779143333435,,,,,,,,,,,,,,2024-09-24,1,,,,,NIFTY_PHARMA,1890759.4237690053,0.0,,
2024-09-23,2024-09-24,NIFTY_PHARMA,SKIP,LUPIN,DUPLICATE_SKIPPED,,2,,0.5727057779828708,,,,,,,,,,,,,,2024-09-24,2,,,,,NIFTY_PHARMA,1890759.4237690053,0.0,,
2024-09-23,2024-09-24,NIFTY_PHARMA,KEEP,SUNPHARMA,SELECTED,,3,,0.4416309980054697,,,,,,,,,,,,,,2024-09-24,3,,,,,NIFTY_PHARMA,1890759.4237690053,0.0,0.33683974323849375,
2024-09-23,2024-09-24,NIFTY_PHARMA,KEEP,DIVISLAB,SELECTED,,4,,0.4309922270476818,,,,,,,,,,,,,,2024-09-24,4,,,,,NIFTY_PHARMA,1890759.4237690053,0.0,0.34367756829084256,
2024-09-23,2024-09-24,NIFTY_PHARMA,KEEP,AUROPHARMA,SELECTED,,5,,0.41465602815151215,,,,,,,,,,,,,,2024-09-24,5,,,,,NIFTY_PHARMA,1890759.4237690053,0.0,0.3194826884706637,
2024-10-21,2024-10-22,NIFTY_CONSUMER_DURABLES,SKIP,AMBER,ENTRY_FILTERED,,3,,0.6460263083378475,,,,,,,,,,,,,,2024-10-22,3,,,,,NIFTY_CONSUMER_DURABLES,1926400.701583273,0.0,,
2024-10-21,2024-10-22,NIFTY_HEALTHCARE,SKIP,GRANULES,ENTRY_FILTERED,,9,,0.44422461340824765,,,,,,,,,,,,,,2024-10-22,9,,,,,NIFTY_HEALTHCARE,1926400.701583273,0.0,,
2024-10-21,2024-10-22,NIFTY_HEALTHCARE,SKIP,METROPOLIS,ENTRY_FILTERED,,11,,0.405511228988568,,,,,,,,,,,,,,2024-10-22,11,,,,,NIFTY_HEALTHCARE,1926400.701583273,0.0,,
2024-10-21,2024-10-22,NIFTY_PHARMA,SKIP,GLENMARK,DUPLICATE_SKIPPED,,1,,0.8117880734304588,,,,,,,,,,,,,,2024-10-22,1,,,,,NIFTY_PHARMA,1926400.701583273,0.0,,
2024-10-21,2024-10-22,NIFTY_PHARMA,SKIP,DIVISLAB,DUPLICATE_SKIPPED,,2,,0.6713747388372819,,,,,,,,,,,,,,2024-10-22,2,,,,,NIFTY_PHARMA,1926400.701583273,0.0,,
2024-10-21,2024-10-22,NIFTY_PHARMA,SKIP,SUNPHARMA,DUPLICATE_SKIPPED,,3,,0.4863256899019083,,,,,,,,,,,,,,2024-10-22,3,,,,,NIFTY_PHARMA,1926400.701583273,0.0,,
2024-10-21,2024-10-22,NIFTY_PHARMA,KEEP,LUPIN,SELECTED,,4,,0.4658748240520557,,,,,,,,,,,,,,2024-10-22,4,,,,,NIFTY_PHARMA,1926400.701583273,0.0,0.3488070758495236,
2024-10-21,2024-10-22,NIFTY_PHARMA,KEEP,AUROPHARMA,SELECTED,,5,,0.32898448407649994,,,,,,,,,,,,,,2024-10-22,5,,,,,NIFTY_PHARMA,1926400.701583273,0.0,0.30238584830095283,
2024-10-21,2024-10-22,NIFTY_PHARMA,KEEP,DRREDDY,SELECTED,,6,,0.16880673822015524,,,,,,,,,,,,,,2024-10-22,6,,,,,NIFTY_PHARMA,1926400.701583273,0.0,0.3488070758495236,
2024-10-21,2024-10-22,NIFTY_MIDSMALL_HEALTHCARE,SKIP,COHANCE,ENTRY_FILTERED,,1,,0.8748407972355684,,,,,,,,,,,,,,2024-10-22,1,,,,,NIFTY_MIDSMALL_HEALTHCARE,1926400.701583273,0.0,,
2024-10-21,2024-10-22,NIFTY_MIDSMALL_HEALTHCARE,SKIP,GLENMARK,DUPLICATE_SKIPPED,,2,,0.786856363217036,,,,,,,,,,,,,,2024-10-22,2,,,,,NIFTY_MIDSMALL_HEALTHCARE,1926400.701583273,0.0,,
2024-10-21,2024-10-22,NIFTY_MIDSMALL_HEALTHCARE,SKIP,LUPIN,DUPLICATE_SKIPPED,,7,,0.5996715898315113,,,,,,,,,,,,,,2024-10-22,7,,,,,NIFTY_MIDSMALL_HEALTHCARE,1926400.701583273,0.0,,
2024-10-21,2024-10-22,NIFTY_MIDSMALL_HEALTHCARE,SKIP,AUROPHARMA,DUPLICATE_SKIPPED,,13,,0.5202344246208668,,,,,,,,,,,,,,2024-10-22,13,,,,,NIFTY_MIDSMALL_HEALTHCARE,1926400.701583273,0.0,,
2024-10-21,2024-10-22,NIFTY_MIDSMALL_HEALTHCARE,SKIP,METROPOLIS,ENTRY_FILTERED,,15,,0.5001822796960672,,,,,,,,,,,,,,2024-10-22,15,,,,,NIFTY_MIDSMALL_HEALTHCARE,1926400.701583273,0.0,,
2024-10-21,2024-10-22,NIFTY_MIDSMALL_HEALTHCARE,SKIP,GRANULES,ENTRY_FILTERED,,18,,0.44247809797525406,,,,,,,,,,,,,,2024-10-22,18,,,,,NIFTY_MIDSMALL_HEALTHCARE,1926400.701583273,0.0,,
2024-11-21,2024-11-22,NIFTY_HEALTHCARE,SKIP,METROPOLIS,ENTRY_FILTERED,,12,,0.4003586992621422,,,,,,,,,,,,,,2024-11-22,12,,,,,NIFTY_HEALTHCARE,1796002.2739090146,0.0,,
2024-11-21,2024-11-22,NIFTY_HEALTHCARE,SKIP,GRANULES,ENTRY_FILTERED,,13,,0.3635723282059189,,,,,,,,,,,,,,2024-11-22,13,,,,,NIFTY_HEALTHCARE,1796002.2739090146,0.0,,
2024-11-21,2024-11-22,NIFTY_IT,SKIP,JUSTDIAL,ENTRY_FILTERED,,6,,0.43204303830862045,,,,,,,,,,,,,,2024-11-22,6,,,,,NIFTY_IT,1796002.2739090146,0.0,,
2024-11-21,2024-11-22,NIFTY_MIDSMALL_HEALTHCARE,SKIP,COHANCE,ENTRY_FILTERED,,1,,0.9306091691056888,,,,,,,,,,,,,,2024-11-22,1,,,,,NIFTY_MIDSMALL_HEALTHCARE,1796002.2739090146,0.0,,
2024-11-21,2024-11-22,NIFTY_MIDSMALL_HEALTHCARE,SKIP,GLENMARK,DUPLICATE_SKIPPED,,6,,0.6009155791252851,,,,,,,,,,,,,,2024-11-22,6,,,,,NIFTY_MIDSMALL_HEALTHCARE,1796002.2739090146,0.0,,
2024-11-21,2024-11-22,NIFTY_MIDSMALL_HEALTHCARE,SKIP,IPCALAB,DUPLICATE_SKIPPED,,8,,0.5648365244269371,,,,,,,,,,,,,,2024-11-22,8,,,,,NIFTY_MIDSMALL_HEALTHCARE,1796002.2739090146,0.0,,
2024-11-21,2024-11-22,NIFTY_MIDSMALL_HEALTHCARE,SKIP,METROPOLIS,ENTRY_FILTERED,,18,,0.42907776311039925,,,,,,,,,,,,,,2024-11-22,18,,,,,NIFTY_MIDSMALL_HEALTHCARE,1796002.2739090146,0.0,,
2024-11-21,2024-11-22,NIFTY_MIDSMALL_HEALTHCARE,SKIP,GRANULES,ENTRY_FILTERED,,25,,0.32908608322031796,,,,,,,,,,,,,,2024-11-22,25,,,,,NIFTY_MIDSMALL_HEALTHCARE,1796002.2739090146,0.0,,
2024-12-23,2024-12-24,NIFTY_CONSUMER_DURABLES,KEEP,DIXON,SELECTED,,1,,0.7924573620160421,,,,,,,,,,,,,,2024-12-24,1,,,,,NIFTY_CONSUMER_DURABLES,1793871.809315645,0.0,0.16666666666666666,
2024-12-23,2024-12-24,NIFTY_CONSUMER_DURABLES,SKIP,AMBER,ENTRY_FILTERED,,2,,0.7496771713097891,,,,,,,,,,,,,,2024-12-24,2,,,,,NIFTY_CONSUMER_DURABLES,1793871.809315645,0.0,,
2024-12-23,2024-12-24,NIFTY_CONSUMER_DURABLES,KEEP,KALYANKJIL,SELECTED,,3,,0.6376339371005695,,,,,,,,,,,,,,2024-12-24,3,,,,,NIFTY_CONSUMER_DURABLES,1793871.809315645,0.0,0.16666666666666666,
2024-12-23,2024-12-24,NIFTY_CONSUMER_DURABLES,KEEP,VOLTAS,SELECTED,,5,,0.42774343863129616,,,,,,,,,,,,,,2024-12-24,5,,,,,NIFTY_CONSUMER_DURABLES,1793871.809315645,0.0,0.16666666666666666,
2024-12-23,2024-12-24,NIFTY_HEALTHCARE,SKIP,GRANULES,ENTRY_FILTERED,,10,,0.5108696470657985,,,,,,,,,,,,,,2024-12-24,10,,,,,NIFTY_HEALTHCARE,1793871.809315645,0.0,,
2024-12-23,2024-12-24,NIFTY_HEALTHCARE,SKIP,METROPOLIS,ENTRY_FILTERED,,14,,0.38335395976901054,,,,,,,,,,,,,,2024-12-24,14,,,,,NIFTY_HEALTHCARE,1793871.809315645,0.0,,
2024-12-23,2024-12-24,NIFTY_IT,SKIP,JUSTDIAL,ENTRY_FILTERED,,6,,0.2284926602927347,,,,,,,,,,,,,,2024-12-24,6,,,,,NIFTY_IT,1793871.809315645,0.0,,
2024-12-23,2024-12-24,NIFTY_PSU_BANK,KEEP,SBIN,SELECTED,,1,,0.9943091745177906,,,,,,,,,,,,,,2024-12-24,1,,,,,NIFTY_PSU_BANK,1793871.809315645,0.0,0.16666666666666666,
2024-12-23,2024-12-24,NIFTY_PSU_BANK,KEEP,INDIANB,SELECTED,,2,,0.8475352264940739,,,,,,,,,,,,,,2024-12-24,2,,,,,NIFTY_PSU_BANK,1793871.809315645,0.0,0.16666666666666666,
2024-12-23,2024-12-24,NIFTY_PSU_BANK,KEEP,BANKBARODA,SELECTED,,3,,0.7075063635905584,,,,,,,,,,,,,,2024-12-24,3,,,,,NIFTY_PSU_BANK,1793871.809315645,0.0,0.16666666666666666,
2024-12-23,2024-12-24,NIFTY_PSU_BANK,SKIP,J&KBANK,ENTRY_FILTERED,,10,,0.22739296158154806,,,,,,,,,,,,,,2024-12-24,10,,,,,NIFTY_PSU_BANK,1793871.809315645,0.0,,
2024-12-23,2024-12-24,NIFTY_MIDSMALL_HEALTHCARE,SKIP,COHANCE,ENTRY_FILTERED,,3,,0.7005656789988279,,,,,,,,,,,,,,2024-12-24,3,,,,,NIFTY_MIDSMALL_HEALTHCARE,1793871.809315645,0.0,,
2024-12-23,2024-12-24,NIFTY_MIDSMALL_HEALTHCARE,SKIP,LAURUSLABS,DUPLICATE_SKIPPED,,6,,0.6561376651128134,,,,,,,,,,,,,,2024-12-24,6,,,,,NIFTY_MIDSMALL_HEALTHCARE,1793871.809315645,0.0,,
2024-12-23,2024-12-24,NIFTY_MIDSMALL_HEALTHCARE,SKIP,IPCALAB,DUPLICATE_SKIPPED,,8,,0.6306549782554309,,,,,,,,,,,,,,2024-12-24,8,,,,,NIFTY_MIDSMALL_HEALTHCARE,1793871.809315645,0.0,,
2024-12-23,2024-12-24,NIFTY_MIDSMALL_HEALTHCARE,SKIP,GRANULES,ENTRY_FILTERED,,14,,0.4820621820787589,,,,,,,,,,,,,,2024-12-24,14,,,,,NIFTY_MIDSMALL_HEALTHCARE,1793871.809315645,0.0,,
2024-12-23,2024-12-24,NIFTY_MIDSMALL_HEALTHCARE,SKIP,METROPOLIS,ENTRY_FILTERED,,21,,0.3874524496495724,,,,,,,,,,,,,,2024-12-24,21,,,,,NIFTY_MIDSMALL_HEALTHCARE,1793871.809315645,0.0,,
2025-01-21,2025-01-22,NIFTY_IT,SKIP,JUSTDIAL,ENTRY_FILTERED,,7,,0.051462125654021904,,,,,,,,,,,,,,2025-01-22,7,,,,,NIFTY_IT,1571751.8554713088,0.0,,
2025-01-21,2025-01-22,NIFTY_PHARMA,SKIP,DIVISLAB,DUPLICATE_SKIPPED,,1,,0.8592061698436737,,,,,,,,,,,,,,2025-01-22,1,,,,,NIFTY_PHARMA,1571751.8554713088,0.0,,
2025-01-21,2025-01-22,NIFTY_PHARMA,SKIP,BIOCON,DUPLICATE_SKIPPED,,2,,0.6648437678813934,,,,,,,,,,,,,,2025-01-22,2,,,,,NIFTY_PHARMA,1571751.8554713088,0.0,,
2025-01-21,2025-01-22,NIFTY_PHARMA,KEEP,LUPIN,SELECTED,,3,,0.5908558703958988,,,,,,,,,,,,,,2025-01-22,3,,,,,NIFTY_PHARMA,1571751.8554713088,0.0,0.3333333333333333,
2025-01-21,2025-01-22,NIFTY_PHARMA,KEEP,GLENMARK,SELECTED,,4,,0.48151163694759214,,,,,,,,,,,,,,2025-01-22,4,,,,,NIFTY_PHARMA,1571751.8554713088,0.0,0.3333333333333333,
2025-01-21,2025-01-22,NIFTY_PHARMA,KEEP,SUNPHARMA,SELECTED,,5,,0.4802719441552957,,,,,,,,,,,,,,2025-01-22,5,,,,,NIFTY_PHARMA,1571751.8554713088,0.0,0.3333333333333333,
2025-02-21,2025-02-24,NIFTY_FINANCIAL_SERVICES_EX_BANK,KEEP,BSE,SELECTED,,1,,0.8098809296886127,,,,,,,,,,,,,,2025-02-24,1,,,,,NIFTY_FINANCIAL_SERVICES_EX_BANK,1539726.8807508878,0.0,0.3333333333333333,
2025-02-21,2025-02-24,NIFTY_FINANCIAL_SERVICES_EX_BANK,KEEP,BAJFINANCE,SELECTED,,2,,0.5742673575878143,,,,,,,,,,,,,,2025-02-24,2,,,,,NIFTY_FINANCIAL_SERVICES_EX_BANK,1539726.8807508878,0.0,0.3333333333333333,
2025-02-21,2025-02-24,NIFTY_FINANCIAL_SERVICES_EX_BANK,KEEP,PAYTM,SELECTED,,3,,0.5629406279573839,,,,,,,,,,,,,,2025-02-24,3,,,,,NIFTY_FINANCIAL_SERVICES_EX_BANK,1539726.8807508878,0.0,0.3333333333333333,
2025-03-21,2025-03-24,NIFTY_BANK,KEEP,KOTAKBANK,SELECTED,,1,,0.9701914464433988,,,,,,,,,,,,,,2025-03-24,1,,,,,NIFTY_BANK,1355266.4228779345,0.0,0.06666666666666667,
2025-03-21,2025-03-24,NIFTY_BANK,KEEP,ICICIBANK,SELECTED,,2,,0.8915960292021434,,,,,,,,,,,,,,2025-03-24,2,,,,,NIFTY_BANK,1355266.4228779345,0.0,0.06666666666666667,
2025-03-21,2025-03-24,NIFTY_BANK,KEEP,HDFCBANK,SELECTED,,3,,0.824646366139253,,,,,,,,,,,,,,2025-03-24,3,,,,,NIFTY_BANK,1355266.4228779345,0.0,0.06666666666666667,
2025-03-21,2025-03-24,NIFTY_FINANCIAL_SERVICES,KEEP,BAJFINANCE,SELECTED,,1,,0.8238777269919714,,,,,,,,,,,,,,2025-03-24,1,,,,,NIFTY_FINANCIAL_SERVICES,1355266.4228779345,0.0,0.06666666666666667,
2025-03-21,2025-03-24,NIFTY_FINANCIAL_SERVICES,KEEP,BAJAJHLDNG,SELECTED,,2,,0.7642170662681262,,,,,,,,,,,,,,2025-03-24,2,,,,,NIFTY_FINANCIAL_SERVICES,1355266.4228779345,0.0,0.06666666666666667,
2025-03-21,2025-03-24,NIFTY_FINANCIAL_SERVICES,SKIP,KOTAKBANK,DUPLICATE_SKIPPED,,3,,0.71232620626688,,,,,,,,,,,,,,2025-03-24,3,,,,,NIFTY_FINANCIAL_SERVICES,1355266.4228779345,0.0,,
2025-03-21,2025-03-24,NIFTY_FINANCIAL_SERVICES,SKIP,ICICIBANK,DUPLICATE_SKIPPED,,4,,0.6519439195593199,,,,,,,,,,,,,,2025-03-24,4,,,,,NIFTY_FINANCIAL_SERVICES,1355266.4228779345,0.0,,
2025-03-21,2025-03-24,NIFTY_FINANCIAL_SERVICES,KEEP,BAJAJFINSV,SELECTED,,5,,0.5885116631786029,,,,,,,,,,,,,,2025-03-24,5,,,,,NIFTY_FINANCIAL_SERVICES,1355266.4228779345,0.0,0.06666666666666667,
2025-03-21,2025-03-24,NIFTY_FINANCIAL_SERVICES,SKIP,HDFCBANK,DUPLICATE_SKIPPED,,6,,0.581347377349933,,,,,,,,,,,,,,2025-03-24,6,,,,,NIFTY_FINANCIAL_SERVICES,1355266.4228779345,0.0,,
2025-03-21,2025-03-24,NIFTY_FINANCIAL_SERVICES,SKIP,EDELWEISS,ENTRY_FILTERED,,15,,0.2165193110704422,,,,,,,,,,,,,,2025-03-24,15,,,,,NIFTY_FINANCIAL_SERVICES,1355266.4228779345,0.0,,
2025-03-21,2025-03-24,NIFTY_HEALTHCARE,KEEP,LAURUSLABS,SELECTED,,1,,0.8333333333333334,,,,,,,,,,,,,,2025-03-24,1,,,,,NIFTY_HEALTHCARE,1355266.4228779345,0.0,0.06666666666666667,
2025-03-21,2025-03-24,NIFTY_HEALTHCARE,KEEP,DIVISLAB,SELECTED,,2,,0.680377297103405,,,,,,,,,,,,,,2025-03-24,2,,,,,NIFTY_HEALTHCARE,1355266.4228779345,0.0,0.06666666666666667,
2025-03-21,2025-03-24,NIFTY_HEALTHCARE,KEEP,MAXHEALTH,SELECTED,,3,,0.6623749031374853,,,,,,,,,,,,,,2025-03-24,3,,,,,NIFTY_HEALTHCARE,1355266.4228779345,0.0,0.06666666666666667,
2025-03-21,2025-03-24,NIFTY_PHARMA,SKIP,DIVISLAB,DUPLICATE_SKIPPED,,1,,0.803012897570928,,,,,,,,,,,,,,2025-03-24,1,,,,,NIFTY_PHARMA,1355266.4228779345,0.0,,
2025-03-21,2025-03-24,NIFTY_PHARMA,KEEP,LUPIN,SELECTED,,2,,0.7230643182992935,,,,,,,,,,,,,,2025-03-24,2,,,,,NIFTY_PHARMA,1355266.4228779345,0.0,0.06666666666666667,
2025-03-21,2025-03-24,NIFTY_PHARMA,KEEP,SUNPHARMA,SELECTED,,3,,0.6906201069553694,,,,,,,,,,,,,,2025-03-24,3,,,,,NIFTY_PHARMA,1355266.4228779345,0.0,0.06666666666666667,
2025-03-21,2025-03-24,NIFTY_PHARMA,KEEP,CIPLA,SELECTED,,4,,0.5675076724340519,,,,,,,,,,,,,,2025-03-24,4,,,,,NIFTY_PHARMA,1355266.4228779345,0.0,0.06666666666666667,
2025-03-21,2025-03-24,NIFTY_MIDSMALL_HEALTHCARE,KEEP,NH,SELECTED,,1,,0.8364942794044813,,,,,,,,,,,,,,2025-03-24,1,,,,,NIFTY_MIDSMALL_HEALTHCARE,1355266.4228779345,0.0,0.06666666666666667,
2025-03-21,2025-03-24,NIFTY_MIDSMALL_HEALTHCARE,KEEP,KIMS,SELECTED,,2,,0.7363454376657804,,,,,,,,,,,,,,2025-03-24,2,,,,,NIFTY_MIDSMALL_HEALTHCARE,1355266.4228779345,0.0,0.06666666666666667,
2025-03-21,2025-03-24,NIFTY_MIDSMALL_HEALTHCARE,SKIP,LAURUSLABS,DUPLICATE_SKIPPED,,3,,0.731609274322788,,,,,,,,,,,,,,2025-03-24,3,,,,,NIFTY_MIDSMALL_HEALTHCARE,1355266.4228779345,0.0,,
2025-03-21,2025-03-24,NIFTY_MIDSMALL_HEALTHCARE,SKIP,COHANCE,ENTRY_FILTERED,,4,,0.71830070267121,,,,,,,,,,,,,,2025-03-24,4,,,,,NIFTY_MIDSMALL_HEALTHCARE,1355266.4228779345,0.0,,
2025-03-21,2025-03-24,NIFTY_MIDSMALL_HEALTHCARE,KEEP,ABBOTINDIA,SELECTED,,5,,0.6480418021480243,,,,,,,,,,,,,,2025-03-24,5,,,,,NIFTY_MIDSMALL_HEALTHCARE,1355266.4228779345,0.0,0.06666666666666667,
2025-03-21,2025-03-24,NIFTY_MIDSMALL_HEALTHCARE,SKIP,LUPIN,DUPLICATE_SKIPPED,,6,,0.6384668871760368,,,,,,,,,,,,,,2025-03-24,6,,,,,NIFTY_MIDSMALL_HEALTHCARE,1355266.4228779345,0.0,,
2025-03-21,2025-03-24,NIFTY_MIDSMALL_HEALTHCARE,SKIP,MAXHEALTH,DUPLICATE_SKIPPED,,7,,0.6384160555899143,,,,,,,,,,,,,,2025-03-24,7,,,,,NIFTY_MIDSMALL_HEALTHCARE,1355266.4228779345,0.0,,
2025-04-21,2025-04-22,NIFTY_BANK,KEEP,KOTAKBANK,SELECTED,,1,,0.9729184334476789,,,,,,,,,,,,,,2025-04-22,1,,,,,NIFTY_BANK,1406887.524747262,0.0,0.06938266490445172,
2025-04-21,2025-04-22,NIFTY_BANK,KEEP,HDFCBANK,SELECTED,,2,,0.9222238510847092,,,,,,,,,,,,,,2025-04-22,2,,,,,NIFTY_BANK,1406887.524747262,0.0,0.0708158848145384,
2025-04-21,2025-04-22,NIFTY_BANK,KEEP,ICICIBANK,SELECTED,,3,,0.8762386192878088,,,,,,,,,,,,,,2025-04-22,3,,,,,NIFTY_BANK,1406887.524747262,0.0,0.06708832698937091,
2025-04-21,2025-04-22,NIFTY_FINANCIAL_SERVICES,KEEP,BAJFINANCE,SELECTED,,1,,0.9431034574906032,,,,,,,,,,,,,,2025-04-22,1,,,,,NIFTY_FINANCIAL_SERVICES,1406887.524747262,0.0,0.06538233144971363,
2025-04-21,2025-04-22,NIFTY_FINANCIAL_SERVICES,KEEP,BAJAJFINSV,SELECTED,,2,,0.8219955861568451,,,,,,,,,,,,,,2025-04-22,2,,,,,NIFTY_FINANCIAL_SERVICES,1406887.524747262,0.0,0.0718926872384347,
2025-04-21,2025-04-22,NIFTY_FINANCIAL_SERVICES,SKIP,KOTAKBANK,DUPLICATE_SKIPPED,,3,,0.8003333707650503,,,,,,,,,,,,,,2025-04-22,3,,,,,NIFTY_FINANCIAL_SERVICES,1406887.524747262,0.0,,
2025-04-21,2025-04-22,NIFTY_FINANCIAL_SERVICES,SKIP,HDFCBANK,DUPLICATE_SKIPPED,,4,,0.7806836192806562,,,,,,,,,,,,,,2025-04-22,4,,,,,NIFTY_FINANCIAL_SERVICES,1406887.524747262,0.0,,
2025-04-21,2025-04-22,NIFTY_FINANCIAL_SERVICES,SKIP,ICICIBANK,DUPLICATE_SKIPPED,,5,,0.7402688637375832,,,,,,,,,,,,,,2025-04-22,5,,,,,NIFTY_FINANCIAL_SERVICES,1406887.524747262,0.0,,
2025-04-21,2025-04-22,NIFTY_FINANCIAL_SERVICES,KEEP,BAJAJHLDNG,SELECTED,,7,,0.689072385430336,,,,,,,,,,,,,,2025-04-22,7,,,,,NIFTY_FINANCIAL_SERVICES,1406887.524747262,0.0,0.06382693824731944,
2025-04-21,2025-04-22,NIFTY_FINANCIAL_SERVICES,SKIP,EDELWEISS,ENTRY_FILTERED,,16,,0.291666661699613,,,,,,,,,,,,,,2025-04-22,16,,,,,NIFTY_FINANCIAL_SERVICES,1406887.524747262,0.0,,
2025-04-21,2025-04-22,NIFTY_HEALTHCARE,KEEP,LAURUSLABS,SELECTED,,1,,0.8333333333333334,,,,,,,,,,,,,,2025-04-22,1,,,,,NIFTY_HEALTHCARE,1406887.524747262,0.0,0.06740081181729385,
2025-04-21,2025-04-22,NIFTY_HEALTHCARE,KEEP,DIVISLAB,SELECTED,,4,,0.5974882716933887,,,,,,,,,,,,,,2025-04-22,4,,,,,NIFTY_HEALTHCARE,1406887.524747262,0.0,0.06550144393086423,
2025-04-21,2025-04-22,NIFTY_HEALTHCARE,KEEP,MAXHEALTH,SELECTED,,5,,0.5939571559429169,,,,,,,,,,,,,,2025-04-22,5,,,,,NIFTY_HEALTHCARE,1406887.524747262,0.0,0.06170836408402912,
2025-04-21,2025-04-22,NIFTY_PHARMA,SKIP,DIVISLAB,DUPLICATE_SKIPPED,,1,,0.8449603555103143,,,,,,,,,,,,,,2025-04-22,1,,,,,NIFTY_PHARMA,1406887.524747262,0.0,,
2025-04-21,2025-04-22,NIFTY_PHARMA,KEEP,CIPLA,SELECTED,,2,,0.7875622498492401,,,,,,,,,,,,,,2025-04-22,2,,,,,NIFTY_PHARMA,1406887.524747262,0.0,0.06435319656390501,
2025-04-21,2025-04-22,NIFTY_PHARMA,KEEP,SUNPHARMA,SELECTED,,3,,0.7357479259371758,,,,,,,,,,,,,,2025-04-22,3,,,,,NIFTY_PHARMA,1406887.524747262,0.0,0.06253496955913557,
2025-04-21,2025-04-22,NIFTY_PHARMA,KEEP,LUPIN,SELECTED,,4,,0.502538454408447,,,,,,,,,,,,,,2025-04-22,4,,,,,NIFTY_PHARMA,1406887.524747262,0.0,0.06173800368626275,
2025-04-21,2025-04-22,NIFTY_MIDSMALL_HEALTHCARE,KEEP,NH,SELECTED,,1,,0.9145053848624229,,,,,,,,,,,,,,2025-04-22,1,,,,,NIFTY_MIDSMALL_HEALTHCARE,1406887.524747262,0.0,0.07079303670258633,
2025-04-21,2025-04-22,NIFTY_MIDSMALL_HEALTHCARE,KEEP,KIMS,SELECTED,,3,,0.7524407034118971,,,,,,,,,,,,,,2025-04-22,3,,,,,NIFTY_MIDSMALL_HEALTHCARE,1406887.524747262,0.0,0.07184546165619342,
2025-04-21,2025-04-22,NIFTY_MIDSMALL_HEALTHCARE,SKIP,LAURUSLABS,DUPLICATE_SKIPPED,,4,,0.6975489420195421,,,,,,,,,,,,,,2025-04-22,4,,,,,NIFTY_MIDSMALL_HEALTHCARE,1406887.524747262,0.0,,
2025-04-21,2025-04-22,NIFTY_MIDSMALL_HEALTHCARE,SKIP,COHANCE,ENTRY_FILTERED,,6,,0.6065229823191961,,,,,,,,,,,,,,2025-04-22,6,,,,,NIFTY_MIDSMALL_HEALTHCARE,1406887.524747262,0.0,,
2025-04-21,2025-04-22,NIFTY_MIDSMALL_HEALTHCARE,KEEP,ABBOTINDIA,SELECTED,,7,,0.5989210059245428,,,,,,,,,,,,,,2025-04-22,7,,,,,NIFTY_MIDSMALL_HEALTHCARE,1406887.524747262,0.0,0.065735878355901,
2025-04-21,2025-04-22,NIFTY_MIDSMALL_HEALTHCARE,SKIP,MAXHEALTH,DUPLICATE_SKIPPED,,10,,0.5550123751163483,,,,,,,,,,,,,,2025-04-22,10,,,,,NIFTY_MIDSMALL_HEALTHCARE,1406887.524747262,0.0,,
2025-04-21,2025-04-22,NIFTY_MIDSMALL_HEALTHCARE,SKIP,LUPIN,DUPLICATE_SKIPPED,,16,,0.4544519757231077,,,,,,,,,,,,,,2025-04-22,16,,,,,NIFTY_MIDSMALL_HEALTHCARE,1406887.524747262,0.0,,
2025-05-21,2025-05-22,NIFTY_BANK,KEEP,ICICIBANK,SELECTED,,1,,0.8304440105954807,,,,,,,,,,,,,,2025-05-22,1,,,,,NIFTY_BANK,1387968.653356766,0.0,0.0692317747687328,
2025-05-21,2025-05-22,NIFTY_BANK,KEEP,KOTAKBANK,SELECTED,,3,,0.804345967868964,,,,,,,,,,,,,,2025-05-22,3,,,,,NIFTY_BANK,1387968.653356766,0.0,0.0640357866541604,
2025-05-21,2025-05-22,NIFTY_BANK,KEEP,HDFCBANK,SELECTED,,4,,0.7999340568979582,,,,,,,,,,,,,,2025-05-22,4,,,,,NIFTY_BANK,1387968.653356766,0.0,0.0702516360712316,
2025-05-21,2025-05-22,NIFTY_FINANCIAL_SERVICES,KEEP,BAJFINANCE,SELECTED,,1,,0.8968781555692356,,,,,,,,,,,,,,2025-05-22,1,,,,,NIFTY_FINANCIAL_SERVICES,1387968.653356766,0.0,0.06549298793508052,
2025-05-21,2025-05-22,NIFTY_FINANCIAL_SERVICES,KEEP,BAJAJFINSV,SELECTED,,3,,0.7490700607498487,,,,,,,,,,,,,,2025-05-22,3,,,,,NIFTY_FINANCIAL_SERVICES,1387968.653356766,0.0,0.07020612210620754,
2025-05-21,2025-05-22,NIFTY_FINANCIAL_SERVICES,SKIP,ICICIBANK,DUPLICATE_SKIPPED,,4,,0.7313058028618495,,,,,,,,,,,,,,2025-05-22,4,,,,,NIFTY_FINANCIAL_SERVICES,1387968.653356766,0.0,,
2025-05-21,2025-05-22,NIFTY_FINANCIAL_SERVICES,KEEP,BAJAJHLDNG,SELECTED,,5,,0.6980055135985216,,,,,,,,,,,,,,2025-05-22,5,,,,,NIFTY_FINANCIAL_SERVICES,1387968.653356766,0.0,0.06928515766003115,
2025-05-21,2025-05-22,NIFTY_FINANCIAL_SERVICES,SKIP,HDFCBANK,DUPLICATE_SKIPPED,,6,,0.6946342065930367,,,,,,,,,,,,,,2025-05-22,6,,,,,NIFTY_FINANCIAL_SERVICES,1387968.653356766,0.0,,
2025-05-21,2025-05-22,NIFTY_FINANCIAL_SERVICES,SKIP,KOTAKBANK,DUPLICATE_SKIPPED,,8,,0.6736766484876474,,,,,,,,,,,,,,2025-05-22,8,,,,,NIFTY_FINANCIAL_SERVICES,1387968.653356766,0.0,,
2025-05-21,2025-05-22,NIFTY_FINANCIAL_SERVICES,SKIP,EDELWEISS,ENTRY_FILTERED,,16,,0.26291823635498685,,,,,,,,,,,,,,2025-05-22,16,,,,,NIFTY_FINANCIAL_SERVICES,1387968.653356766,0.0,,
2025-05-21,2025-05-22,NIFTY_HEALTHCARE,KEEP,DIVISLAB,SELECTED,,1,,0.7812145786980789,,,,,,,,,,,,,,2025-05-22,1,,,,,NIFTY_HEALTHCARE,1387968.653356766,0.0,0.07343072434158558,
2025-05-21,2025-05-22,NIFTY_HEALTHCARE,KEEP,MAXHEALTH,SELECTED,,3,,0.7181446603499353,,,,,,,,,,,,,,2025-05-22,3,,,,,NIFTY_HEALTHCARE,1387968.653356766,0.0,0.06363012562473601,
2025-05-21,2025-05-22,NIFTY_HEALTHCARE,KEEP,LAURUSLABS,SELECTED,,4,,0.7025343827748051,,,,,,,,,,,,,,2025-05-22,4,,,,,NIFTY_HEALTHCARE,1387968.653356766,0.0,0.062004029661816513,
2025-05-21,2025-05-22,NIFTY_PHARMA,SKIP,DIVISLAB,DUPLICATE_SKIPPED,,1,,0.8945924850801628,,,,,,,,,,,,,,2025-05-22,1,,,,,NIFTY_PHARMA,1387968.653356766,0.0,,
2025-05-21,2025-05-22,NIFTY_PHARMA,KEEP,SUNPHARMA,SELECTED,,2,,0.40231620272000634,,,,,,,,,,,,,,2025-05-22,2,,,,,NIFTY_PHARMA,1387968.653356766,0.0,0.06234625417149538,
2025-05-21,2025-05-22,NIFTY_PHARMA,KEEP,CIPLA,SELECTED,,3,,0.39862989758451783,,,,,,,,,,,,,,2025-05-22,3,,,,,NIFTY_PHARMA,1387968.653356766,0.0,0.06268211329473711,
2025-05-21,2025-05-22,NIFTY_PHARMA,KEEP,DRREDDY,SELECTED,,4,,0.3729276855786642,,,,,,,,,,,,,,2025-05-22,4,,,,,NIFTY_PHARMA,1387968.653356766,0.0,0.06191884384990076,
2025-05-21,2025-05-22,NIFTY_MIDSMALL_HEALTHCARE,KEEP,NH,SELECTED,,1,,0.8856022730469704,,,,,,,,,,,,,,2025-05-22,1,,,,,NIFTY_MIDSMALL_HEALTHCARE,1387968.653356766,0.0,0.06735179317433151,
2025-05-21,2025-05-22,NIFTY_MIDSMALL_HEALTHCARE,KEEP,KIMS,SELECTED,,3,,0.7470708278318247,,,,,,,,,,,,,,2025-05-22,3,,,,,NIFTY_MIDSMALL_HEALTHCARE,1387968.653356766,0.0,0.07122146573597755,
2025-05-21,2025-05-22,NIFTY_MIDSMALL_HEALTHCARE,SKIP,LAURUSLABS,DUPLICATE_SKIPPED,,4,,0.7016782338420551,,,,,,,,,,,,,,2025-05-22,4,,,,,NIFTY_MIDSMALL_HEALTHCARE,1387968.653356766,0.0,,
2025-05-21,2025-05-22,NIFTY_MIDSMALL_HEALTHCARE,KEEP,ABBOTINDIA,SELECTED,,5,,0.679157879203558,,,,,,,,,,,,,,2025-05-22,5,,,,,NIFTY_MIDSMALL_HEALTHCARE,1387968.653356766,0.0,0.06691118494997562,
2025-05-21,2025-05-22,NIFTY_MIDSMALL_HEALTHCARE,SKIP,MAXHEALTH,DUPLICATE_SKIPPED,,6,,0.6671655612687271,,,,,,,,,,,,,,2025-05-22,6,,,,,NIFTY_MIDSMALL_HEALTHCARE,1387968.653356766,0.0,,
2025-05-21,2025-05-22,NIFTY_MIDSMALL_HEALTHCARE,SKIP,COHANCE,ENTRY_FILTERED,,25,,0.4040873174866041,,,,,,,,,,,,,,2025-05-22,25,,,,,NIFTY_MIDSMALL_HEALTHCARE,1387968.653356766,0.0,,
2025-06-23,2025-06-24,NIFTY_BANK,KEEP,KOTAKBANK,SELECTED,,2,,0.6490346416831017,,,,,,,,,,,,,,2025-06-24,2,,,,,NIFTY_BANK,1432331.0506119535,0.0,0.06679245217205367,
2025-06-23,2025-06-24,NIFTY_BANK,KEEP,HDFCBANK,SELECTED,,3,,0.6020513083785772,,,,,,,,,,,,,,2025-06-24,3,,,,,NIFTY_BANK,1432331.0506119535,0.0,0.06952956492098096,
2025-06-23,2025-06-24,NIFTY_BANK,KEEP,ICICIBANK,SELECTED,,4,,0.5563956605328713,,,,,,,,,,,,,,2025-06-24,4,,,,,NIFTY_BANK,1432331.0506119535,0.0,0.06625014346128669,
2025-06-23,2025-06-24,NIFTY_FINANCIAL_SERVICES,KEEP,BAJFINANCE,SELECTED,,2,,0.8204719486335914,,,,,,,,,,,,,,2025-06-24,2,,,,,NIFTY_FINANCIAL_SERVICES,1432331.0506119535,0.0,0.0639508033167069,
2025-06-23,2025-06-24,NIFTY_FINANCIAL_SERVICES,SKIP,KOTAKBANK,DUPLICATE_SKIPPED,,4,,0.7734599709510803,,,,,,,,,,,,,,2025-06-24,4,,,,,NIFTY_FINANCIAL_SERVICES,1432331.0506119535,0.0,,
2025-06-23,2025-06-24,NIFTY_FINANCIAL_SERVICES,KEEP,BAJAJHLDNG,SELECTED,,5,,0.7633477573593458,,,,,,,,,,,,,,2025-06-24,5,,,,,NIFTY_FINANCIAL_SERVICES,1432331.0506119535,0.0,0.07006940243038941,
2025-06-23,2025-06-24,NIFTY_FINANCIAL_SERVICES,SKIP,HDFCBANK,DUPLICATE_SKIPPED,,6,,0.7187591368953388,,,,,,,,,,,,,,2025-06-24,6,,,,,NIFTY_FINANCIAL_SERVICES,1432331.0506119535,0.0,,
2025-06-23,2025-06-24,NIFTY_FINANCIAL_SERVICES,KEEP,BAJAJFINSV,SELECTED,,7,,0.6981573005517324,,,,,,,,,,,,,,2025-06-24,7,,,,,NIFTY_FINANCIAL_SERVICES,1432331.0506119535,0.0,0.0683104791693988,
2025-06-23,2025-06-24,NIFTY_FINANCIAL_SERVICES,SKIP,ICICIBANK,DUPLICATE_SKIPPED,,8,,0.6713499625523885,,,,,,,,,,,,,,2025-06-24,8,,,,,NIFTY_FINANCIAL_SERVICES,1432331.0506119535,0.0,,
2025-06-23,2025-06-24,NIFTY_FINANCIAL_SERVICES,SKIP,EDELWEISS,ENTRY_FILTERED,,16,,0.17599902232177556,,,,,,,,,,,,,,2025-06-24,16,,,,,NIFTY_FINANCIAL_SERVICES,1432331.0506119535,0.0,,
2025-06-23,2025-06-24,NIFTY_HEALTHCARE,KEEP,LAURUSLABS,SELECTED,,2,,0.7892684979985158,,,,,,,,,,,,,,2025-06-24,2,,,,,NIFTY_HEALTHCARE,1432331.0506119535,0.0,0.06810969281486944,
2025-06-23,2025-06-24,NIFTY_HEALTHCARE,KEEP,DIVISLAB,SELECTED,,3,,0.7478122102717559,,,,,,,,,,,,,,2025-06-24,3,,,,,NIFTY_HEALTHCARE,1432331.0506119535,0.0,0.0714557138101083,
2025-06-23,2025-06-24,NIFTY_HEALTHCARE,KEEP,MAXHEALTH,SELECTED,,8,,0.5769111619641384,,,,,,,,,,,,,,2025-06-24,8,,,,,NIFTY_HEALTHCARE,1432331.0506119535,0.0,0.06434978477950874,
2025-06-23,2025-06-24,NIFTY_PHARMA,SKIP,DIVISLAB,DUPLICATE_SKIPPED,,1,,0.8831495760629575,,,,,,,,,,,,,,2025-06-24,1,,,,,NIFTY_PHARMA,1432331.0506119535,0.0,,
2025-06-23,2025-06-24,NIFTY_PHARMA,KEEP,DRREDDY,SELECTED,,2,,0.7222467040022215,,,,,,,,,,,,,,2025-06-24,2,,,,,NIFTY_PHARMA,1432331.0506119535,0.0,0.0655176425497292,
2025-06-23,2025-06-24,NIFTY_PHARMA,KEEP,GLENMARK,SELECTED,,3,,0.7186283605794113,,,,,,,,,,,,,,2025-06-24,3,,,,,NIFTY_PHARMA,1432331.0506119535,0.0,0.05780135545210833,
2025-06-23,2025-06-24,NIFTY_PHARMA,KEEP,CIPLA,SELECTED,,4,,0.4906237870454788,,,,,,,,,,,,,,2025-06-24,4,,,,,NIFTY_PHARMA,1432331.0506119535,0.0,0.062142899689418336,
2025-06-23,2025-06-24,NIFTY_MIDSMALL_HEALTHCARE,KEEP,NH,SELECTED,,1,,0.9040266399582227,,,,,,,,,,,,,,2025-06-24,1,,,,,NIFTY_MIDSMALL_HEALTHCARE,1432331.0506119535,0.0,0.07535852760104667,
2025-06-23,2025-06-24,NIFTY_MIDSMALL_HEALTHCARE,SKIP,LAURUSLABS,DUPLICATE_SKIPPED,,5,,0.6239002570509911,,,,,,,,,,,,,,2025-06-24,5,,,,,NIFTY_MIDSMALL_HEALTHCARE,1432331.0506119535,0.0,,
2025-06-23,2025-06-24,NIFTY_MIDSMALL_HEALTHCARE,KEEP,ABBOTINDIA,SELECTED,,7,,0.5639677122235298,,,,,,,,,,,,,,2025-06-24,7,,,,,NIFTY_MIDSMALL_HEALTHCARE,1432331.0506119535,0.0,0.06565072033559982,
2025-06-23,2025-06-24,NIFTY_MIDSMALL_HEALTHCARE,SKIP,GLENMARK,DUPLICATE_SKIPPED,,8,,0.5273064474264781,,,,,,,,,,,,,,2025-06-24,8,,,,,NIFTY_MIDSMALL_HEALTHCARE,1432331.0506119535,0.0,,
2025-06-23,2025-06-24,NIFTY_MIDSMALL_HEALTHCARE,SKIP,MAXHEALTH,DUPLICATE_SKIPPED,,9,,0.5124768863121669,,,,,,,,,,,,,,2025-06-24,9,,,,,NIFTY_MIDSMALL_HEALTHCARE,1432331.0506119535,0.0,,
2025-06-23,2025-06-24,NIFTY_MIDSMALL_HEALTHCARE,KEEP,KIMS,SELECTED,,11,,0.49409888684749603,,,,,,,,,,,,,,2025-06-24,11,,,,,NIFTY_MIDSMALL_HEALTHCARE,1432331.0506119535,0.0,0.0647108174967947,
2025-06-23,2025-06-24,NIFTY_MIDSMALL_HEALTHCARE,SKIP,COHANCE,ENTRY_FILTERED,,28,,0.2177113915483157,,,,,,,,,,,,,,2025-06-24,28,,,,,NIFTY_MIDSMALL_HEALTHCARE,1432331.0506119535,0.0,,
2025-07-21,2025-07-22,NIFTY_BANK,KEEP,HDFCBANK,SELECTED,,2,,0.639425398161014,,,,,,,,,,,,,,2025-07-22,2,,,,,NIFTY_BANK,1509987.703082178,0.0,0.0682503176075125,
2025-07-21,2025-07-22,NIFTY_BANK,KEEP,ICICIBANK,SELECTED,,3,,0.6070024768511455,,,,,,,,,,,,,,2025-07-22,3,,,,,NIFTY_BANK,1509987.703082178,0.0,0.06502733317625067,
2025-07-21,2025-07-22,NIFTY_BANK,KEEP,KOTAKBANK,SELECTED,,4,,0.5547364133720597,,,,,,,,,,,,,,2025-07-22,4,,,,,NIFTY_BANK,1509987.703082178,0.0,0.061621904449283935,
2025-07-21,2025-07-22,NIFTY_FINANCIAL_SERVICES,KEEP,BAJFINANCE,SELECTED,,1,,0.7952826532224815,,,,,,,,,,,,,,2025-07-22,1,,,,,NIFTY_FINANCIAL_SERVICES,1509987.703082178,0.0,0.06304799735940171,
2025-07-21,2025-07-22,NIFTY_FINANCIAL_SERVICES,KEEP,BAJAJHLDNG,SELECTED,,2,,0.7386628662546476,,,,,,,,,,,,,,2025-07-22,2,,,,,NIFTY_FINANCIAL_SERVICES,1509987.703082178,0.0,0.0680314999408523,
2025-07-21,2025-07-22,NIFTY_FINANCIAL_SERVICES,SKIP,HDFCBANK,DUPLICATE_SKIPPED,,3,,0.7074413386483988,,,,,,,,,,,,,,2025-07-22,3,,,,,NIFTY_FINANCIAL_SERVICES,1509987.703082178,0.0,,
2025-07-21,2025-07-22,NIFTY_FINANCIAL_SERVICES,SKIP,ICICIBANK,DUPLICATE_SKIPPED,,4,,0.662112683057785,,,,,,,,,,,,,,2025-07-22,4,,,,,NIFTY_FINANCIAL_SERVICES,1509987.703082178,0.0,,
2025-07-21,2025-07-22,NIFTY_FINANCIAL_SERVICES,SKIP,KOTAKBANK,DUPLICATE_SKIPPED,,6,,0.613006631222864,,,,,,,,,,,,,,2025-07-22,6,,,,,NIFTY_FINANCIAL_SERVICES,1509987.703082178,0.0,,
2025-07-21,2025-07-22,NIFTY_FINANCIAL_SERVICES,KEEP,BAJAJFINSV,SELECTED,,7,,0.5901380193730196,,,,,,,,,,,,,,2025-07-22,7,,,,,NIFTY_FINANCIAL_SERVICES,1509987.703082178,0.0,0.0658098203735479,
2025-07-21,2025-07-22,NIFTY_FINANCIAL_SERVICES,SKIP,EDELWEISS,ENTRY_FILTERED,,12,,0.41532352566719055,,,,,,,,,,,,,,2025-07-22,12,,,,,NIFTY_FINANCIAL_SERVICES,1509987.703082178,0.0,,
2025-07-21,2025-07-22,NIFTY_HEALTHCARE,KEEP,LAURUSLABS,SELECTED,,1,,0.827413642158111,,,,,,,,,,,,,,2025-07-22,1,,,,,NIFTY_HEALTHCARE,1509987.703082178,0.0,0.07944752631139088,
2025-07-21,2025-07-22,NIFTY_HEALTHCARE,KEEP,DIVISLAB,SELECTED,,5,,0.43173421795169514,,,,,,,,,,,,,,2025-07-22,5,,,,,NIFTY_HEALTHCARE,1509987.703082178,0.0,0.06827122154789254,
2025-07-21,2025-07-22,NIFTY_HEALTHCARE,KEEP,MAXHEALTH,SELECTED,,6,,0.4281751438975334,,,,,,,,,,,,,,2025-07-22,6,,,,,NIFTY_HEALTHCARE,1509987.703082178,0.0,0.06215625795370096,
2025-07-21,2025-07-22,NIFTY_PHARMA,KEEP,GLENMARK,SELECTED,,1,,0.8333333333333334,,,,,,,,,,,,,,2025-07-22,1,,,,,NIFTY_PHARMA,1509987.703082178,0.0,0.0699673959670746,
2025-07-21,2025-07-22,NIFTY_PHARMA,SKIP,DIVISLAB,DUPLICATE_SKIPPED,,2,,0.5036798492074013,,,,,,,,,,,,,,2025-07-22,2,,,,,NIFTY_PHARMA,1509987.703082178,0.0,,
2025-07-21,2025-07-22,NIFTY_PHARMA,KEEP,CIPLA,SELECTED,,4,,0.36370489125450456,,,,,,,,,,,,,,2025-07-22,4,,,,,NIFTY_PHARMA,1509987.703082178,0.0,0.05806979924492206,
2025-07-21,2025-07-22,NIFTY_PHARMA,KEEP,DRREDDY,SELECTED,,5,,0.3412763153513273,,,,,,,,,,,,,,2025-07-22,5,,,,,NIFTY_PHARMA,1509987.703082178,0.0,0.057991818852064746,
2025-07-21,2025-07-22,NIFTY_MIDSMALL_HEALTHCARE,SKIP,LAURUSLABS,DUPLICATE_SKIPPED,,1,,0.8707896495858829,,,,,,,,,,,,,,2025-07-22,1,,,,,NIFTY_MIDSMALL_HEALTHCARE,1509987.703082178,0.0,,
2025-07-21,2025-07-22,NIFTY_MIDSMALL_HEALTHCARE,SKIP,GLENMARK,DUPLICATE_SKIPPED,,2,,0.7563736227651437,,,,,,,,,,,,,,2025-07-22,2,,,,,NIFTY_MIDSMALL_HEALTHCARE,1509987.703082178,0.0,,
2025-07-21,2025-07-22,NIFTY_MIDSMALL_HEALTHCARE,KEEP,NH,SELECTED,,3,,0.6856797200938066,,,,,,,,,,,,,,2025-07-22,3,,,,,NIFTY_MIDSMALL_HEALTHCARE,1509987.703082178,0.0,0.07135356430468293,
2025-07-21,2025-07-22,NIFTY_MIDSMALL_HEALTHCARE,KEEP,ABBOTINDIA,SELECTED,,7,,0.5664297255376975,,,,,,,,,,,,,,2025-07-22,7,,,,,NIFTY_MIDSMALL_HEALTHCARE,1509987.703082178,0.0,0.06739892310179635,
2025-07-21,2025-07-22,NIFTY_MIDSMALL_HEALTHCARE,KEEP,KIMS,SELECTED,,9,,0.5544258654117584,,,,,,,,,,,,,,2025-07-22,9,,,,,NIFTY_MIDSMALL_HEALTHCARE,1509987.703082178,0.0,0.0735546198096259,
2025-07-21,2025-07-22,NIFTY_MIDSMALL_HEALTHCARE,SKIP,MAXHEALTH,DUPLICATE_SKIPPED,,11,,0.5060642585158348,,,,,,,,,,,,,,2025-07-22,11,,,,,NIFTY_MIDSMALL_HEALTHCARE,1509987.703082178,0.0,,
2025-07-21,2025-07-22,NIFTY_MIDSMALL_HEALTHCARE,SKIP,COHANCE,ENTRY_FILTERED,,25,,0.24784904982273778,,,,,,,,,,,,,,2025-07-22,25,,,,,NIFTY_MIDSMALL_HEALTHCARE,1509987.703082178,0.0,,
2025-08-21,2025-08-22,NIFTY_FINANCIAL_SERVICES,KEEP,BAJAJHLDNG,SELECTED,,6,,0.6368479194740455,,,,,,,,,,,,,,2025-08-22,6,,,,,NIFTY_FINANCIAL_SERVICES,1470774.9830224914,0.0,0.06723913369339646,
2025-08-21,2025-08-22,NIFTY_FINANCIAL_SERVICES,KEEP,BAJFINANCE,SELECTED,,8,,0.5802202286819618,,,,,,,,,,,,,,2025-08-22,8,,,,,NIFTY_FINANCIAL_SERVICES,1470774.9830224914,0.0,0.060784247738457066,
2025-08-21,2025-08-22,NIFTY_FINANCIAL_SERVICES,KEEP,BAJAJFINSV,SELECTED,,9,,0.5624961666762829,,,,,,,,,,,,,,2025-08-22,9,,,,,NIFTY_FINANCIAL_SERVICES,1470774.9830224914,0.0,0.06512298395839514,
2025-08-21,2025-08-22,NIFTY_FINANCIAL_SERVICES,SKIP,EDELWEISS,ENTRY_FILTERED,,17,,0.1564964217444261,,,,,,,,,,,,,,2025-08-22,17,,,,,NIFTY_FINANCIAL_SERVICES,1470774.9830224914,0.0,,
2025-08-21,2025-08-22,NIFTY_FINANCIAL_SERVICES_EX_BANK,KEEP,ABCAPITAL,SELECTED,,1,,0.8892952278256416,,,,,,,,,,,,,,2025-08-22,1,,,,,NIFTY_FINANCIAL_SERVICES_EX_BANK,1470774.9830224914,0.0,0.0640907284150421,
2025-08-21,2025-08-22,NIFTY_FINANCIAL_SERVICES_EX_BANK,KEEP,PAYTM,SELECTED,,2,,0.8832622319459915,,,,,,,,,,,,,,2025-08-22,2,,,,,NIFTY_FINANCIAL_SERVICES_EX_BANK,1470774.9830224914,0.0,0.0640907284150421,
2025-08-21,2025-08-22,NIFTY_FINANCIAL_SERVICES_EX_BANK,KEEP,LTF,SELECTED,,3,,0.8315613865852356,,,,,,,,,,,,,,2025-08-22,3,,,,,NIFTY_FINANCIAL_SERVICES_EX_BANK,1470774.9830224914,0.0,0.0640907284150421,
2025-08-21,2025-08-22,NIFTY_FINANCIAL_SERVICES_EX_BANK,SKIP,BAJFINANCE,DUPLICATE_SKIPPED,,12,,0.47135397170980775,,,,,,,,,,,,,,2025-08-22,12,,,,,NIFTY_FINANCIAL_SERVICES_EX_BANK,1470774.9830224914,0.0,,
2025-08-21,2025-08-22,NIFTY_FINANCIAL_SERVICES_EX_BANK,SKIP,BAJAJFINSV,DUPLICATE_SKIPPED,,14,,0.44197114805380505,,,,,,,,,,,,,,2025-08-22,14,,,,,NIFTY_FINANCIAL_SERVICES_EX_BANK,1470774.9830224914,0.0,,
2025-08-21,2025-08-22,NIFTY_HEALTHCARE,KEEP,LAURUSLABS,SELECTED,,1,,0.9065291409691175,,,,,,,,,,,,,,2025-08-22,1,,,,,NIFTY_HEALTHCARE,1470774.9830224914,0.0,0.08708860649369507,
2025-08-21,2025-08-22,NIFTY_HEALTHCARE,KEEP,MAXHEALTH,SELECTED,,6,,0.42951038107275963,,,,,,,,,,,,,,2025-08-22,6,,,,,NIFTY_HEALTHCARE,1470774.9830224914,0.0,0.06464589677803509,
2025-08-21,2025-08-22,NIFTY_HEALTHCARE,KEEP,DIVISLAB,SELECTED,,14,,0.27806721006830537,,,,,,,,,,,,,,2025-08-22,14,,,,,NIFTY_HEALTHCARE,1470774.9830224914,0.0,0.06549684498495295,
2025-08-21,2025-08-22,NIFTY_PHARMA,KEEP,GLENMARK,SELECTED,,1,,0.8333333333333334,,,,,,,,,,,,,,2025-08-22,1,,,,,NIFTY_PHARMA,1470774.9830224914,0.0,0.06448942226831798,
2025-08-21,2025-08-22,NIFTY_PHARMA,KEEP,CIPLA,SELECTED,,2,,0.5217841515938442,,,,,,,,,,,,,,2025-08-22,2,,,,,NIFTY_PHARMA,1470774.9830224914,0.0,0.06484538041455243,
2025-08-21,2025-08-22,NIFTY_PHARMA,KEEP,DRREDDY,SELECTED,,3,,0.4510944833358129,,,,,,,,,,,,,,2025-08-22,3,,,,,NIFTY_PHARMA,1470774.9830224914,0.0,0.06134329728312773,
2025-08-21,2025-08-22,NIFTY_PHARMA,SKIP,DIVISLAB,DUPLICATE_SKIPPED,,5,,0.3500329454739889,,,,,,,,,,,,,,2025-08-22,5,,,,,NIFTY_PHARMA,1470774.9830224914,0.0,,
2025-08-21,2025-08-22,NIFTY_MIDSMALL_HEALTHCARE,SKIP,LAURUSLABS,DUPLICATE_SKIPPED,,1,,0.9651578466097515,,,,,,,,,,,,,,2025-08-22,1,,,,,NIFTY_MIDSMALL_HEALTHCARE,1470774.9830224914,0.0,,
2025-08-21,2025-08-22,NIFTY_MIDSMALL_HEALTHCARE,SKIP,GLENMARK,DUPLICATE_SKIPPED,,3,,0.6762328557670116,,,,,,,,,,,,,,2025-08-22,3,,,,,NIFTY_MIDSMALL_HEALTHCARE,1470774.9830224914,0.0,,
2025-08-21,2025-08-22,NIFTY_MIDSMALL_HEALTHCARE,KEEP,NH,SELECTED,,6,,0.5993939936161041,,,,,,,,,,,,,,2025-08-22,6,,,,,NIFTY_MIDSMALL_HEALTHCARE,1470774.9830224914,0.0,0.06707489848871441,
2025-08-21,2025-08-22,NIFTY_MIDSMALL_HEALTHCARE,KEEP,KIMS,SELECTED,,10,,0.5562321903804939,,,,,,,,,,,,,,2025-08-22,10,,,,,NIFTY_MIDSMALL_HEALTHCARE,1470774.9830224914,0.0,0.0740730207229014,
2025-08-21,2025-08-22,NIFTY_MIDSMALL_HEALTHCARE,SKIP,MAXHEALTH,DUPLICATE_SKIPPED,,11,,0.5340354579190414,,,,,,,,,,,,,,2025-08-22,11,,,,,NIFTY_MIDSMALL_HEALTHCARE,1470774.9830224914,0.0,,
2025-08-21,2025-08-22,NIFTY_MIDSMALL_HEALTHCARE,KEEP,ABBOTINDIA,SELECTED,,12,,0.5082358419895172,,,,,,,,,,,,,,2025-08-22,12,,,,,NIFTY_MIDSMALL_HEALTHCARE,1470774.9830224914,0.0,0.06552408193032805,
2025-08-21,2025-08-22,NIFTY_MIDSMALL_HEALTHCARE,SKIP,COHANCE,ENTRY_FILTERED,,30,,0.11328622562966,,,,,,,,,,,,,,2025-08-22,30,,,,,NIFTY_MIDSMALL_HEALTHCARE,1470774.9830224914,0.0,,
2025-09-22,2025-09-23,NIFTY_AUTO,KEEP,EICHERMOT,SELECTED,,1,,0.8481781308849653,,,,,,,,,,,,,,2025-09-23,1,,,,,NIFTY_AUTO,1446553.512435384,0.0,0.0636138023226091,
2025-09-22,2025-09-23,NIFTY_AUTO,KEEP,TVSMOTOR,SELECTED,,2,,0.8429718638459842,,,,,,,,,,,,,,2025-09-23,2,,,,,NIFTY_AUTO,1446553.512435384,0.0,0.0636138023226091,
2025-09-22,2025-09-23,NIFTY_AUTO,KEEP,HEROMOTOCO,SELECTED,,3,,0.7623345560083787,,,,,,,,,,,,,,2025-09-23,3,,,,,NIFTY_AUTO,1446553.512435384,0.0,0.0636138023226091,
2025-09-22,2025-09-23,NIFTY_HEALTHCARE,KEEP,LAURUSLABS,SELECTED,,1,,0.8767939731478691,,,,,,,,,,,,,,2025-09-23,1,,,,,NIFTY_HEALTHCARE,1446553.512435384,0.0,0.09166426328156235,
2025-09-22,2025-09-23,NIFTY_HEALTHCARE,KEEP,FORTIS,SELECTED,,2,,0.8698376392324766,,,,,,,,,,,,,,2025-09-23,2,,,,,NIFTY_HEALTHCARE,1446553.512435384,0.0,0.06601896170420656,
2025-09-22,2025-09-23,NIFTY_HEALTHCARE,KEEP,MAXHEALTH,SELECTED,,13,,0.2933706374218067,,,,,,,,,,,,,,2025-09-23,13,,,,,NIFTY_HEALTHCARE,1446553.512435384,0.0,0.06159204986601271,
2025-09-22,2025-09-23,NIFTY_PHARMA,KEEP,GLENMARK,SELECTED,,1,,0.8333333333333334,,,,,,,,,,,,,,2025-09-23,1,,,,,NIFTY_PHARMA,1446553.512435384,0.0,0.06834009695860864,
2025-09-22,2025-09-23,NIFTY_PHARMA,KEEP,CIPLA,SELECTED,,2,,0.43612505619724595,,,,,,,,,,,,,,2025-09-23,2,,,,,NIFTY_PHARMA,1446553.512435384,0.0,0.06321162728765266,
2025-09-22,2025-09-23,NIFTY_PHARMA,KEEP,DRREDDY,SELECTED,,3,,0.4246858321130276,,,,,,,,,,,,,,2025-09-23,3,,,,,NIFTY_PHARMA,1446553.512435384,0.0,0.06387405602954123,
2025-09-22,2025-09-23,NIFTY_PSU_BANK,KEEP,INDIANB,SELECTED,,1,,0.8759743844469389,,,,,,,,,,,,,,2025-09-23,1,,,,,NIFTY_PSU_BANK,1446553.512435384,0.0,0.0636138023226091,
2025-09-22,2025-09-23,NIFTY_PSU_BANK,KEEP,CANBK,SELECTED,,2,,0.7656111661344767,,,,,,,,,,,,,,2025-09-23,2,,,,,NIFTY_PSU_BANK,1446553.512435384,0.0,0.0636138023226091,
2025-09-22,2025-09-23,NIFTY_PSU_BANK,KEEP,SBIN,SELECTED,,3,,0.6779912983377775,,,,,,,,,,,,,,2025-09-23,3,,,,,NIFTY_PSU_BANK,1446553.512435384,0.0,0.0636138023226091,
2025-09-22,2025-09-23,NIFTY_MIDSMALL_HEALTHCARE,SKIP,LAURUSLABS,DUPLICATE_SKIPPED,,1,,0.9279462446769079,,,,,,,,,,,,,,2025-09-23,1,,,,,NIFTY_MIDSMALL_HEALTHCARE,1446553.512435384,0.0,,
2025-09-22,2025-09-23,NIFTY_MIDSMALL_HEALTHCARE,SKIP,FORTIS,DUPLICATE_SKIPPED,,2,,0.913245218495528,,,,,,,,,,,,,,2025-09-23,2,,,,,NIFTY_MIDSMALL_HEALTHCARE,1446553.512435384,0.0,,
2025-09-22,2025-09-23,NIFTY_MIDSMALL_HEALTHCARE,SKIP,GLENMARK,DUPLICATE_SKIPPED,,5,,0.6612740146617095,,,,,,,,,,,,,,2025-09-23,5,,,,,NIFTY_MIDSMALL_HEALTHCARE,1446553.512435384,0.0,,
2025-09-22,2025-09-23,NIFTY_MIDSMALL_HEALTHCARE,KEEP,KIMS,SELECTED,,6,,0.6560489411155384,,,,,,,,,,,,,,2025-09-23,6,,,,,NIFTY_MIDSMALL_HEALTHCARE,1446553.512435384,0.0,0.07527243580058535,
2025-09-22,2025-09-23,NIFTY_MIDSMALL_HEALTHCARE,SKIP,MAXHEALTH,DUPLICATE_SKIPPED,,14,,0.4323939016709725,,,,,,,,,,,,,,2025-09-23,14,,,,,NIFTY_MIDSMALL_HEALTHCARE,1446553.512435384,0.0,,
2025-09-22,2025-09-23,NIFTY_MIDSMALL_HEALTHCARE,KEEP,NH,SELECTED,,17,,0.4201565415132791,,,,,,,,,,,,,,2025-09-23,17,,,,,NIFTY_MIDSMALL_HEALTHCARE,1446553.512435384,0.0,0.06517108942920598,
2025-09-22,2025-09-23,NIFTY_MIDSMALL_HEALTHCARE,KEEP,ABBOTINDIA,SELECTED,,18,,0.41595978662371635,,,,,,,,,,,,,,2025-09-23,18,,,,,NIFTY_MIDSMALL_HEALTHCARE,1446553.512435384,0.0,0.06317260570696985,
2025-09-22,2025-09-23,NIFTY_MIDSMALL_HEALTHCARE,SKIP,COHANCE,ENTRY_FILTERED,,30,,0.11113605927675962,,,,,,,,,,,,,,2025-09-23,30,,,,,NIFTY_MIDSMALL_HEALTHCARE,1446553.512435384,0.0,,
2025-10-21,2025-10-23,NIFTY_AUTO,KEEP,TVSMOTOR,SELECTED,,1,,0.7937967032194138,,,,,,,,,,,,,,2025-10-23,1,,,,,NIFTY_AUTO,1477618.9922502248,0.0,0.06330411408139756,
2025-10-21,2025-10-23,NIFTY_AUTO,KEEP,HEROMOTOCO,SELECTED,,2,,0.7734284146378438,,,,,,,,,,,,,,2025-10-23,2,,,,,NIFTY_AUTO,1477618.9922502248,0.0,0.06385900407372877,
2025-10-21,2025-10-23,NIFTY_AUTO,KEEP,EICHERMOT,SELECTED,,4,,0.6587491060296695,,,,,,,,,,,,,,2025-10-23,4,,,,,NIFTY_AUTO,1477618.9922502248,0.0,0.061117857772444474,
2025-10-21,2025-10-23,NIFTY_HEALTHCARE,KEEP,FORTIS,SELECTED,,1,,0.9068235009908676,,,,,,,,,,,,,,2025-10-23,1,,,,,NIFTY_HEALTHCARE,1477618.9922502248,0.0,0.06999688024975173,
2025-10-21,2025-10-23,NIFTY_HEALTHCARE,KEEP,LAURUSLABS,SELECTED,,2,,0.6516587144384782,,,,,,,,,,,,,,2025-10-23,2,,,,,NIFTY_HEALTHCARE,1477618.9922502248,0.0,0.09213819419366924,
2025-10-21,2025-10-23,NIFTY_HEALTHCARE,KEEP,APOLLOHOSP,SELECTED,,3,,0.4632091087599596,,,,,,,,,,,,,,2025-10-23,3,,,,,NIFTY_HEALTHCARE,1477618.9922502248,0.0,0.05892561911529517,
2025-10-21,2025-10-23,NIFTY_METAL,KEEP,HINDCOPPER,SELECTED,,1,,0.8333333333333334,,,,,,,,,,,,,,2025-10-23,1,,,,,NIFTY_METAL,1477618.9922502248,0.0,0.06522306482442893,
2025-10-21,2025-10-23,NIFTY_METAL,KEEP,NATIONALUM,SELECTED,,2,,0.7026773629089197,,,,,,,,,,,,,,2025-10-23,2,,,,,NIFTY_METAL,1477618.9922502248,0.0,0.06522306482442893,
2025-10-21,2025-10-23,NIFTY_METAL,KEEP,HINDALCO,SELECTED,,3,,0.7008133331934612,,,,,,,,,,,,,,2025-10-23,3,,,,,NIFTY_METAL,1477618.9922502248,0.0,0.06522306482442893,
2025-10-21,2025-10-23,NIFTY_PHARMA,KEEP,GLENMARK,SELECTED,,1,,0.7090428161124389,,,,,,,,,,,,,,2025-10-23,1,,,,,NIFTY_PHARMA,1477618.9922502248,0.0,0.061468393583803474,
2025-10-21,2025-10-23,NIFTY_PHARMA,KEEP,CIPLA,SELECTED,,2,,0.6772321214278539,,,,,,,,,,,,,,2025-10-23,2,,,,,NIFTY_PHARMA,1477618.9922502248,0.0,0.06666437578175219,
2025-10-21,2025-10-23,NIFTY_PHARMA,KEEP,DRREDDY,SELECTED,,3,,0.45711059123277664,,,,,,,,,,,,,,2025-10-23,3,,,,,NIFTY_PHARMA,1477618.9922502248,0.0,0.0611451965848483,
2025-10-21,2025-10-23,NIFTY_PSU_BANK,KEEP,INDIANB,SELECTED,,1,,0.8866200968623161,,,,,,,,,,,,,,2025-10-23,1,,,,,NIFTY_PSU_BANK,1477618.9922502248,0.0,0.07309148585926771,
2025-10-21,2025-10-23,NIFTY_PSU_BANK,KEEP,CANBK,SELECTED,,2,,0.623101390277346,,,,,,,,,,,,,,2025-10-23,2,,,,,NIFTY_PSU_BANK,1477618.9922502248,0.0,0.06619323797470499,
2025-10-21,2025-10-23,NIFTY_PSU_BANK,KEEP,SBIN,SELECTED,,3,,0.553193756689628,,,,,,,,,,,,,,2025-10-23,3,,,,,NIFTY_PSU_BANK,1477618.9922502248,0.0,0.06642644625604957,
2025-11-21,2025-11-24,NIFTY_AUTO,KEEP,HEROMOTOCO,SELECTED,,1,,0.8916629975040754,,,,,,,,,,,,,,2025-11-24,1,,,,,NIFTY_AUTO,1485248.9926383789,0.0,0.06800431612609008,
2025-11-21,2025-11-24,NIFTY_AUTO,KEEP,EICHERMOT,SELECTED,,2,,0.8549133812387785,,,,,,,,,,,,,,2025-11-24,2,,,,,NIFTY_AUTO,1485248.9926383789,0.0,0.06410705087851296,
2025-11-21,2025-11-24,NIFTY_AUTO,KEEP,TVSMOTOR,SELECTED,,4,,0.6436940903464954,,,,,,,,,,,,,,2025-11-24,4,,,,,NIFTY_AUTO,1485248.9926383789,0.0,0.06025295462522036,
2025-11-21,2025-11-24,NIFTY_HEALTHCARE,KEEP,LAURUSLABS,SELECTED,,1,,0.8702734671533108,,,,,,,,,,,,,,2025-11-24,1,,,,,NIFTY_HEALTHCARE,1485248.9926383789,0.0,0.09617337316841676,
2025-11-21,2025-11-24,NIFTY_HEALTHCARE,KEEP,FORTIS,SELECTED,,2,,0.5168323684483767,,,,,,,,,,,,,,2025-11-24,2,,,,,NIFTY_HEALTHCARE,1485248.9926383789,0.0,0.061193497238267766,
2025-11-21,2025-11-24,NIFTY_HEALTHCARE,KEEP,APOLLOHOSP,SELECTED,,10,,0.3520138406505188,,,,,,,,,,,,,,2025-11-24,10,,,,,NIFTY_HEALTHCARE,1485248.9926383789,0.0,0.05423171893005964,
2025-11-21,2025-11-24,NIFTY_METAL,KEEP,NATIONALUM,SELECTED,,1,,0.8942625857889652,,,,,,,,,,,,,,2025-11-24,1,,,,,NIFTY_METAL,1485248.9926383789,0.0,0.07237193872795744,
2025-11-21,2025-11-24,NIFTY_METAL,KEEP,HINDCOPPER,SELECTED,,2,,0.8185638611515363,,,,,,,,,,,,,,2025-11-24,2,,,,,NIFTY_METAL,1485248.9926383789,0.0,0.05858619599954636,
2025-11-21,2025-11-24,NIFTY_METAL,KEEP,HINDALCO,SELECTED,,3,,0.6719581720729669,,,,,,,,,,,,,,2025-11-24,3,,,,,NIFTY_METAL,1485248.9926383789,0.0,0.06350662309986664,
2025-11-21,2025-11-24,NIFTY_PHARMA,KEEP,GLENMARK,SELECTED,,1,,0.6690643448382616,,,,,,,,,,,,,,2025-11-24,1,,,,,NIFTY_PHARMA,1485248.9926383789,0.0,0.06088165364978537,
2025-11-21,2025-11-24,NIFTY_PHARMA,KEEP,BIOCON,SELECTED,,2,,0.48746370399991673,,,,,,,,,,,,,,2025-11-24,2,,,,,NIFTY_PHARMA,1485248.9926383789,0.0,0.05929260971238733,
2025-11-21,2025-11-24,NIFTY_PHARMA,KEEP,SUNPHARMA,SELECTED,,3,,0.39718509651720524,,,,,,,,,,,,,,2025-11-24,3,,,,,NIFTY_PHARMA,1485248.9926383789,0.0,0.05929260971238733,
2025-11-21,2025-11-24,NIFTY_PSU_BANK,KEEP,INDIANB,SELECTED,,1,,0.8898592740297318,,,,,,,,,,,,,,2025-11-24,1,,,,,NIFTY_PSU_BANK,1485248.9926383789,0.0,0.07522875827379874,
2025-11-21,2025-11-24,NIFTY_PSU_BANK,KEEP,CANBK,SELECTED,,2,,0.8669716430207094,,,,,,,,,,,,,,2025-11-24,2,,,,,NIFTY_PSU_BANK,1485248.9926383789,0.0,0.07651051509772683,
2025-11-21,2025-11-24,NIFTY_PSU_BANK,KEEP,SBIN,SELECTED,,4,,0.6575945143898329,,,,,,,,,,,,,,2025-11-24,4,,,,,NIFTY_PSU_BANK,1485248.9926383789,0.0,0.07036618475997647,
2025-12-22,2025-12-23,NIFTY_AUTO,KEEP,TVSMOTOR,SELECTED,,2,,0.6486784853041172,,,,,,,,,,,,,,2025-12-23,2,,,,,NIFTY_AUTO,1552780.2236683858,0.0,0.061735371970208425,
2025-12-22,2025-12-23,NIFTY_AUTO,KEEP,HEROMOTOCO,SELECTED,,4,,0.5941232418020567,,,,,,,,,,,,,,2025-12-23,4,,,,,NIFTY_AUTO,1552780.2236683858,0.0,0.06245882025314302,
2025-12-22,2025-12-23,NIFTY_AUTO,KEEP,EICHERMOT,SELECTED,,5,,0.5886567197740078,,,,,,,,,,,,,,2025-12-23,5,,,,,NIFTY_AUTO,1552780.2236683858,0.0,0.06169493247393701,
2025-12-22,2025-12-23,NIFTY_HEALTHCARE,KEEP,LAURUSLABS,SELECTED,,1,,0.9049108624458313,,,,,,,,,,,,,,2025-12-23,1,,,,,NIFTY_HEALTHCARE,1552780.2236683858,0.0,0.10033476379874376,
2025-12-22,2025-12-23,NIFTY_HEALTHCARE,KEEP,FORTIS,SELECTED,,6,,0.4794601909816265,,,,,,,,,,,,,,2025-12-23,6,,,,,NIFTY_HEALTHCARE,1552780.2236683858,0.0,0.057224672647041445,
2025-12-22,2025-12-23,NIFTY_HEALTHCARE,KEEP,APOLLOHOSP,SELECTED,,13,,0.3319036743293206,,,,,,,,,,,,,,2025-12-23,13,,,,,NIFTY_HEALTHCARE,1552780.2236683858,0.0,0.049891188592095716,
2025-12-22,2025-12-23,NIFTY_METAL,KEEP,HINDCOPPER,SELECTED,,1,,0.8333333333333334,,,,,,,,,,,,,,2025-12-23,1,,,,,NIFTY_METAL,1552780.2236683858,0.0,0.0729409536243764,
2025-12-22,2025-12-23,NIFTY_METAL,KEEP,NATIONALUM,SELECTED,,2,,0.8099112225075563,,,,,,,,,,,,,,2025-12-23,2,,,,,NIFTY_METAL,1552780.2236683858,0.0,0.08000267147998208,
2025-12-22,2025-12-23,NIFTY_METAL,KEEP,HINDALCO,SELECTED,,5,,0.5482504268487295,,,,,,,,,,,,,,2025-12-23,5,,,,,NIFTY_METAL,1552780.2236683858,0.0,0.06773935887039373,
2025-12-22,2025-12-23,NIFTY_PHARMA,KEEP,GLENMARK,SELECTED,,1,,0.7462902460247278,,,,,,,,,,,,,,2025-12-23,1,,,,,NIFTY_PHARMA,1552780.2236683858,0.0,0.06470079653717398,
2025-12-22,2025-12-23,NIFTY_PHARMA,KEEP,BIOCON,SELECTED,,3,,0.5141572405894598,,,,,,,,,,,,,,2025-12-23,3,,,,,NIFTY_PHARMA,1552780.2236683858,0.0,0.05722699344843953,
2025-12-22,2025-12-23,NIFTY_PHARMA,KEEP,SUNPHARMA,SELECTED,,4,,0.4599255579523742,,,,,,,,,,,,,,2025-12-23,4,,,,,NIFTY_PHARMA,1552780.2236683858,0.0,0.05576124587529019,
2025-12-22,2025-12-23,NIFTY_PSU_BANK,KEEP,CANBK,SELECTED,,1,,0.8965624185899894,,,,,,,,,,,,,,2025-12-23,1,,,,,NIFTY_PSU_BANK,1552780.2236683858,0.0,0.07495435274268747,
2025-12-22,2025-12-23,NIFTY_PSU_BANK,KEEP,SBIN,SELECTED,,2,,0.6845375522971153,,,,,,,,,,,,,,2025-12-23,2,,,,,NIFTY_PSU_BANK,1552780.2236683858,0.0,0.06739607429224005,
2025-12-22,2025-12-23,NIFTY_PSU_BANK,KEEP,INDIANB,SELECTED,,5,,0.634909764242669,,,,,,,,,,,,,,2025-12-23,5,,,,,NIFTY_PSU_BANK,1552780.2236683858,0.0,0.06593780339424724,
2026-01-21,2026-01-22,NIFTY_AUTO,KEEP,EICHERMOT,SELECTED,,3,,0.5825640944143137,,,,,,,,,,,,,,2026-01-22,3,,,,,NIFTY_AUTO,1631152.0096812386,0.0,0.056688016164579545,
2026-01-21,2026-01-22,NIFTY_AUTO,KEEP,HEROMOTOCO,SELECTED,,4,,0.5654584740598997,,,,,,,,,,,,,,2026-01-22,4,,,,,NIFTY_AUTO,1631152.0096812386,0.0,0.05681310990304258,
2026-01-21,2026-01-22,NIFTY_AUTO,KEEP,TVSMOTOR,SELECTED,,5,,0.5625066782037418,,,,,,,,,,,,,,2026-01-22,5,,,,,NIFTY_AUTO,1631152.0096812386,0.0,0.05691356491027778,
2026-01-21,2026-01-22,NIFTY_METAL,KEEP,NATIONALUM,SELECTED,,1,,0.8454992187519869,,,,,,,,,,,,,,2026-01-22,1,,,,,NIFTY_METAL,1631152.0096812386,0.0,0.09570049267522404,
2026-01-21,2026-01-22,NIFTY_METAL,KEEP,HINDCOPPER,SELECTED,,2,,0.8320145433147749,,,,,,,,,,,,,,2026-01-22,2,,,,,NIFTY_METAL,1631152.0096812386,0.0,0.09059249097311711,
2026-01-21,2026-01-22,NIFTY_METAL,KEEP,HINDALCO,SELECTED,,5,,0.5229169751207035,,,,,,,,,,,,,,2026-01-22,5,,,,,NIFTY_METAL,1631152.0096812386,0.0,0.07050132656090331,
2026-01-21,2026-01-22,NIFTY_PHARMA,KEEP,LUPIN,SELECTED,,1,,0.7836939518650373,,,,,,,,,,,,,,2026-01-22,1,,,,,NIFTY_PHARMA,1631152.0096812386,0.0,0.052393593462266214,
2026-01-21,2026-01-22,NIFTY_PHARMA,KEEP,GLENMARK,SELECTED,,2,,0.5388161974648635,,,,,,,,,,,,,,2026-01-22,2,,,,,NIFTY_PHARMA,1631152.0096812386,0.0,0.06009369205052859,
2026-01-21,2026-01-22,NIFTY_PHARMA,KEEP,SUNPHARMA,SELECTED,,4,,0.36125568517794215,,,,,,,,,,,,,,2026-01-22,4,,,,,NIFTY_PHARMA,1631152.0096812386,0.0,0.04940301507248768,
2026-01-21,2026-01-22,NIFTY_PSU_BANK,KEEP,CANBK,SELECTED,,1,,0.866803185393413,,,,,,,,,,,,,,2026-01-22,1,,,,,NIFTY_PSU_BANK,1631152.0096812386,0.0,0.07347148194202616,
2026-01-21,2026-01-22,NIFTY_PSU_BANK,KEEP,SBIN,SELECTED,,3,,0.7528851181268692,,,,,,,,,,,,,,2026-01-22,3,,,,,NIFTY_PSU_BANK,1631152.0096812386,0.0,0.06920458094916314,
2026-01-21,2026-01-22,NIFTY_PSU_BANK,KEEP,INDIANB,SELECTED,,4,,0.6949539432146897,,,,,,,,,,,,,,2026-01-22,4,,,,,NIFTY_PSU_BANK,1631152.0096812386,0.0,0.07186559187649347,
2026-01-21,2026-01-22,NIFTY_MIDSMALL_FINANCIAL_SERVICES,KEEP,MCX,SELECTED,,1,,0.8769871108233929,,,,,,,,,,,,,,2026-01-22,1,,,,,NIFTY_MIDSMALL_FINANCIAL_SERVICES,1631152.0096812386,0.0,0.06545301448663012,
2026-01-21,2026-01-22,NIFTY_MIDSMALL_FINANCIAL_SERVICES,KEEP,MUTHOOTFIN,SELECTED,,2,,0.8473772866030534,,,,,,,,,,,,,,2026-01-22,2,,,,,NIFTY_MIDSMALL_FINANCIAL_SERVICES,1631152.0096812386,0.0,0.06545301448663012,
2026-01-21,2026-01-22,NIFTY_MIDSMALL_FINANCIAL_SERVICES,KEEP,AUBANK,SELECTED,,3,,0.7970115294059118,,,,,,,,,,,,,,2026-01-22,3,,,,,NIFTY_MIDSMALL_FINANCIAL_SERVICES,1631152.0096812386,0.0,0.06545301448663012,
2026-01-21,2026-01-22,NIFTY_MIDSMALL_FINANCIAL_SERVICES,SKIP,INDIANB,DUPLICATE_SKIPPED,,9,,0.6638889200985432,,,,,,,,,,,,,,2026-01-22,9,,,,,NIFTY_MIDSMALL_FINANCIAL_SERVICES,1631152.0096812386,0.0,,
2026-02-23,2026-02-24,NIFTY_BANK,KEEP,SBIN,SELECTED,,1,,0.9349559247493744,,,,,,,,,,,,,,2026-02-24,1,,,,,NIFTY_BANK,1649867.3354498388,0.0,0.05463858510408085,
2026-02-23,2026-02-24,NIFTY_BANK,KEEP,FEDERALBNK,SELECTED,,2,,0.8372809737920761,,,,,,,,,,,,,,2026-02-24,2,,,,,NIFTY_BANK,1649867.3354498388,0.0,0.05463858510408085,
2026-02-23,2026-02-24,NIFTY_BANK,KEEP,RBLBANK,SELECTED,,3,,0.6374092400074005,,,,,,,,,,,,,,2026-02-24,3,,,,,NIFTY_BANK,1649867.3354498388,0.0,0.05463858510408085,
2026-02-23,2026-02-24,NIFTY_METAL,KEEP,HINDCOPPER,SELECTED,,1,,0.8333333333333334,,,,,,,,,,,,,,2026-02-24,1,,,,,NIFTY_METAL,1649867.3354498388,0.0,0.0950027826602312,
2026-02-23,2026-02-24,NIFTY_METAL,KEEP,NATIONALUM,SELECTED,,2,,0.6162321257094543,,,,,,,,,,,,,,2026-02-24,2,,,,,NIFTY_METAL,1649867.3354498388,0.0,0.09012427240690202,
2026-02-23,2026-02-24,NIFTY_METAL,KEEP,HINDALCO,SELECTED,,6,,0.3995415195822716,,,,,,,,,,,,,,2026-02-24,6,,,,,NIFTY_METAL,1649867.3354498388,0.0,0.06810748266133469,
2026-02-23,2026-02-24,NIFTY_PRIVATE_BANK,SKIP,FEDERALBNK,DUPLICATE_SKIPPED,,1,,0.8862692614396414,,,,,,,,,,,,,,2026-02-24,1,,,,,NIFTY_PRIVATE_BANK,1649867.3354498388,0.0,,
2026-02-23,2026-02-24,NIFTY_PRIVATE_BANK,SKIP,RBLBANK,DUPLICATE_SKIPPED,,2,,0.6665749537448089,,,,,,,,,,,,,,2026-02-24,2,,,,,NIFTY_PRIVATE_BANK,1649867.3354498388,0.0,,
2026-02-23,2026-02-24,NIFTY_PRIVATE_BANK,KEEP,AXISBANK,SELECTED,,3,,0.5436270932356517,,,,,,,,,,,,,,2026-02-24,3,,,,,NIFTY_PRIVATE_BANK,1649867.3354498388,0.0,0.05463858510408085,
2026-02-23,2026-02-24,NIFTY_PRIVATE_BANK,KEEP,INDUSINDBK,SELECTED,,4,,0.5155249126255512,,,,,,,,,,,,,,2026-02-24,4,,,,,NIFTY_PRIVATE_BANK,1649867.3354498388,0.0,0.05463858510408085,
2026-02-23,2026-02-24,NIFTY_PRIVATE_BANK,KEEP,KOTAKBANK,SELECTED,,5,,0.3471576205144326,,,,,,,,,,,,,,2026-02-24,5,,,,,NIFTY_PRIVATE_BANK,1649867.3354498388,0.0,0.05463858510408085,
2026-02-23,2026-02-24,NIFTY_PSU_BANK,SKIP,SBIN,DUPLICATE_SKIPPED,,1,,0.8934904386599859,,,,,,,,,,,,,,2026-02-24,1,,,,,NIFTY_PSU_BANK,1649867.3354498388,0.0,,
2026-02-23,2026-02-24,NIFTY_PSU_BANK,KEEP,UNIONBANK,SELECTED,,2,,0.7960638528068861,,,,,,,,,,,,,,2026-02-24,2,,,,,NIFTY_PSU_BANK,1649867.3354498388,0.0,0.07966016826630652,
2026-02-23,2026-02-24,NIFTY_PSU_BANK,KEEP,INDIANB,SELECTED,,4,,0.7319283237059911,,,,,,,,,,,,,,2026-02-24,4,,,,,NIFTY_PSU_BANK,1649867.3354498388,0.0,0.07810986200339329,
2026-02-23,2026-02-24,NIFTY_PSU_BANK,KEEP,CANBK,SELECTED,,5,,0.7174313440918922,,,,,,,,,,,,,,2026-02-24,5,,,,,NIFTY_PSU_BANK,1649867.3354498388,0.0,0.07374162515959666,
2026-02-23,2026-02-24,NIFTY_MIDSMALL_FINANCIAL_SERVICES,SKIP,UNIONBANK,DUPLICATE_SKIPPED,,1,,0.8176952476302783,,,,,,,,,,,,,,2026-02-24,1,,,,,NIFTY_MIDSMALL_FINANCIAL_SERVICES,1649867.3354498388,0.0,,
2026-02-23,2026-02-24,NIFTY_MIDSMALL_FINANCIAL_SERVICES,SKIP,FEDERALBNK,DUPLICATE_SKIPPED,,2,,0.8137068152427673,,,,,,,,,,,,,,2026-02-24,2,,,,,NIFTY_MIDSMALL_FINANCIAL_SERVICES,1649867.3354498388,0.0,,
2026-02-23,2026-02-24,NIFTY_MIDSMALL_FINANCIAL_SERVICES,KEEP,MCX,SELECTED,,3,,0.792223500708739,,,,,,,,,,,,,,2026-02-24,3,,,,,NIFTY_MIDSMALL_FINANCIAL_SERVICES,1649867.3354498388,0.0,0.06527727548982364,
2026-02-23,2026-02-24,NIFTY_MIDSMALL_FINANCIAL_SERVICES,SKIP,INDIANB,DUPLICATE_SKIPPED,,5,,0.7651941974957784,,,,,,,,,,,,,,2026-02-24,5,,,,,NIFTY_MIDSMALL_FINANCIAL_SERVICES,1649867.3354498388,0.0,,
2026-02-23,2026-02-24,NIFTY_MIDSMALL_FINANCIAL_SERVICES,KEEP,AUBANK,SELECTED,,8,,0.6619209858278434,,,,,,,,,,,,,,2026-02-24,8,,,,,NIFTY_MIDSMALL_FINANCIAL_SERVICES,1649867.3354498388,0.0,0.0646428208325524,
2026-02-23,2026-02-24,NIFTY_MIDSMALL_FINANCIAL_SERVICES,SKIP,RBLBANK,DUPLICATE_SKIPPED,,10,,0.6460688759883245,,,,,,,,,,,,,,2026-02-24,10,,,,,NIFTY_MIDSMALL_FINANCIAL_SERVICES,1649867.3354498388,0.0,,
2026-02-23,2026-02-24,NIFTY_MIDSMALL_FINANCIAL_SERVICES,KEEP,MUTHOOTFIN,SELECTED,,12,,0.5713812417040269,,,,,,,,,,,,,,2026-02-24,12,,,,,NIFTY_MIDSMALL_FINANCIAL_SERVICES,1649867.3354498388,0.0,0.05750219989537445,
2026-03-23,2026-03-24,NIFTY_HEALTHCARE,KEEP,TORNTPHARM,SELECTED,,1,,0.9249598160386086,,,,,,,,,,,,,,2026-03-24,1,,,,,NIFTY_HEALTHCARE,1520822.7491752142,0.0,0.05838190440939471,
2026-03-23,2026-03-24,NIFTY_HEALTHCARE,KEEP,LUPIN,SELECTED,,2,,0.8469516163070997,,,,,,,,,,,,,,2026-03-24,2,,,,,NIFTY_HEALTHCARE,1520822.7491752142,0.0,0.05838190440939471,
2026-03-23,2026-03-24,NIFTY_HEALTHCARE,KEEP,IPCALAB,SELECTED,,3,,0.7869512028992176,,,,,,,,,,,,,,2026-03-24,3,,,,,NIFTY_HEALTHCARE,1520822.7491752142,0.0,0.05838190440939471,
2026-03-23,2026-03-24,NIFTY_METAL,KEEP,NATIONALUM,SELECTED,,1,,0.9235964405039947,,,,,,,,,,,,,,2026-03-24,1,,,,,NIFTY_METAL,1520822.7491752142,0.0,0.10109228210105486,
2026-03-23,2026-03-24,NIFTY_METAL,KEEP,HINDCOPPER,SELECTED,,2,,0.7063466931382816,,,,,,,,,,,,,,2026-03-24,2,,,,,NIFTY_METAL,1520822.7491752142,0.0,0.08479064354366234,
2026-03-23,2026-03-24,NIFTY_METAL,KEEP,HINDALCO,SELECTED,,7,,0.45743437483906746,,,,,,,,,,,,,,2026-03-24,7,,,,,NIFTY_METAL,1520822.7491752142,0.0,0.06842620542428031,
2026-03-23,2026-03-24,NIFTY_PHARMA,SKIP,LUPIN,DUPLICATE_SKIPPED,,1,,0.9087758138775826,,,,,,,,,,,,,,2026-03-24,1,,,,,NIFTY_PHARMA,1520822.7491752142,0.0,,
2026-03-23,2026-03-24,NIFTY_PHARMA,KEEP,AUROPHARMA,SELECTED,,2,,0.7479322724975646,,,,,,,,,,,,,,2026-03-24,2,,,,,NIFTY_PHARMA,1520822.7491752142,0.0,0.05838190440939471,
2026-03-23,2026-03-24,NIFTY_PHARMA,KEEP,SUNPHARMA,SELECTED,,3,,0.7202562813957533,,,,,,,,,,,,,,2026-03-24,3,,,,,NIFTY_PHARMA,1520822.7491752142,0.0,0.05838190440939471,
2026-03-23,2026-03-24,NIFTY_PHARMA,KEEP,GLENMARK,SELECTED,,4,,0.660833865404129,,,,,,,,,,,,,,2026-03-24,4,,,,,NIFTY_PHARMA,1520822.7491752142,0.0,0.05838190440939471,
2026-03-23,2026-03-24,NIFTY_MIDSMALL_HEALTHCARE,KEEP,JBCHEPHARM,SELECTED,,1,,0.9243155022462209,,,,,,,,,,,,,,2026-03-24,1,,,,,NIFTY_MIDSMALL_HEALTHCARE,1520822.7491752142,0.0,0.1317998141582114,
2026-03-23,2026-03-24,NIFTY_MIDSMALL_HEALTHCARE,SKIP,LUPIN,DUPLICATE_SKIPPED,,2,,0.8579041933019956,,,,,,,,,,,,,,2026-03-24,2,,,,,NIFTY_MIDSMALL_HEALTHCARE,1520822.7491752142,0.0,,
2026-03-23,2026-03-24,NIFTY_MIDSMALL_HEALTHCARE,SKIP,IPCALAB,DUPLICATE_SKIPPED,,3,,0.8210793385903041,,,,,,,,,,,,,,2026-03-24,3,,,,,NIFTY_MIDSMALL_HEALTHCARE,1520822.7491752142,0.0,,
2026-03-23,2026-03-24,NIFTY_MIDSMALL_HEALTHCARE,SKIP,AUROPHARMA,DUPLICATE_SKIPPED,,4,,0.7864902416865032,,,,,,,,,,,,,,2026-03-24,4,,,,,NIFTY_MIDSMALL_HEALTHCARE,1520822.7491752142,0.0,,
2026-03-23,2026-03-24,NIFTY_MIDSMALL_HEALTHCARE,KEEP,AJANTPHARM,SELECTED,,5,,0.7696453606088957,,,,,,,,,,,,,,2026-03-24,5,,,,,NIFTY_MIDSMALL_HEALTHCARE,1520822.7491752142,0.0,0.1317998141582114,
2026-03-23,2026-03-24,NIFTY_MIDSMALL_HEALTHCARE,KEEP,LAURUSLABS,SELECTED,,6,,0.7578486762940884,,,,,,,,,,,,,,2026-03-24,6,,,,,NIFTY_MIDSMALL_HEALTHCARE,1520822.7491752142,0.0,0.1317998141582114,
2026-03-23,2026-03-24,NIFTY_MIDSMALL_HEALTHCARE,SKIP,GLENMARK,DUPLICATE_SKIPPED,,7,,0.7442645852764448,,,,,,,,,,,,,,2026-03-24,7,,,,,NIFTY_MIDSMALL_HEALTHCARE,1520822.7491752142,0.0,,
2026-04-21,2026-04-22,NIFTY_HEALTHCARE,KEEP,LUPIN,SELECTED,,2,,0.8061037212610245,,,,,,,,,,,,,,2026-04-22,2,,,,,NIFTY_HEALTHCARE,1616042.7484265645,0.0,0.054537851438047506,
2026-04-21,2026-04-22,NIFTY_HEALTHCARE,KEEP,TORNTPHARM,SELECTED,,5,,0.7720388596256574,,,,,,,,,,,,,,2026-04-22,5,,,,,NIFTY_HEALTHCARE,1616042.7484265645,0.0,0.053432351094436364,
2026-04-21,2026-04-22,NIFTY_HEALTHCARE,KEEP,IPCALAB,SELECTED,,8,,0.6075077131390572,,,,,,,,,,,,,,2026-04-22,8,,,,,NIFTY_HEALTHCARE,1616042.7484265645,0.0,0.052985302510164055,
2026-04-21,2026-04-22,NIFTY_METAL,KEEP,NATIONALUM,SELECTED,,1,,0.8111786097288132,,,,,,,,,,,,,,2026-04-22,1,,,,,NIFTY_METAL,1616042.7484265645,0.0,0.1169446920727822,
2026-04-21,2026-04-22,NIFTY_METAL,KEEP,HINDCOPPER,SELECTED,,4,,0.5073682793105643,,,,,,,,,,,,,,2026-04-22,4,,,,,NIFTY_METAL,1616042.7484265645,0.0,0.09587234072604396,
2026-04-21,2026-04-22,NIFTY_METAL,KEEP,HINDALCO,SELECTED,,6,,0.4545015593369802,,,,,,,,,,,,,,2026-04-22,6,,,,,NIFTY_METAL,1616042.7484265645,0.0,0.07835225342967031,
2026-04-21,2026-04-22,NIFTY_PHARMA,SKIP,LUPIN,DUPLICATE_SKIPPED,,1,,0.8643874898552895,,,,,,,,,,,,,,2026-04-22,1,,,,,NIFTY_PHARMA,1616042.7484265645,0.0,,
2026-04-21,2026-04-22,NIFTY_PHARMA,KEEP,AUROPHARMA,SELECTED,,2,,0.8411886690494915,,,,,,,,,,,,,,2026-04-22,2,,,,,NIFTY_PHARMA,1616042.7484265645,0.0,0.05992592980031037,
2026-04-21,2026-04-22,NIFTY_PHARMA,KEEP,GLENMARK,SELECTED,,3,,0.5825006465117137,,,,,,,,,,,,,,2026-04-22,3,,,,,NIFTY_PHARMA,1616042.7484265645,0.0,0.05852113744067549,
2026-04-21,2026-04-22,NIFTY_PHARMA,KEEP,SUNPHARMA,SELECTED,,4,,0.4727114054063956,,,,,,,,,,,,,,2026-04-22,4,,,,,NIFTY_PHARMA,1616042.7484265645,0.0,0.05168566698236775,
2026-04-21,2026-04-22,NIFTY_REALTY,SKIP,IBREALEST,ENTRY_FILTERED,,8,,0.0,,,,,,,,,,,,,,2026-04-22,8,,,,,NIFTY_REALTY,1616042.7484265645,0.0,,
2026-04-21,2026-04-22,NIFTY_MIDSMALL_HEALTHCARE,SKIP,AUROPHARMA,DUPLICATE_SKIPPED,,1,,0.863666149477164,,,,,,,,,,,,,,2026-04-22,1,,,,,NIFTY_MIDSMALL_HEALTHCARE,1616042.7484265645,0.0,,
2026-04-21,2026-04-22,NIFTY_MIDSMALL_HEALTHCARE,SKIP,LUPIN,DUPLICATE_SKIPPED,,3,,0.837531511982282,,,,,,,,,,,,,,2026-04-22,3,,,,,NIFTY_MIDSMALL_HEALTHCARE,1616042.7484265645,0.0,,
2026-04-21,2026-04-22,NIFTY_MIDSMALL_HEALTHCARE,KEEP,JBCHEPHARM,SELECTED,,4,,0.8318637435634931,,,,,,,,,,,,,,2026-04-22,4,,,,,NIFTY_MIDSMALL_HEALTHCARE,1616042.7484265645,0.0,0.11653887320679053,
2026-04-21,2026-04-22,NIFTY_MIDSMALL_HEALTHCARE,KEEP,LAURUSLABS,SELECTED,,5,,0.8221056995292505,,,,,,,,,,,,,,2026-04-22,5,,,,,NIFTY_MIDSMALL_HEALTHCARE,1616042.7484265645,0.0,0.1390118608117261,
2026-04-21,2026-04-22,NIFTY_MIDSMALL_HEALTHCARE,SKIP,GLENMARK,DUPLICATE_SKIPPED,,7,,0.7462585593263309,,,,,,,,,,,,,,2026-04-22,7,,,,,NIFTY_MIDSMALL_HEALTHCARE,1616042.7484265645,0.0,,
2026-04-21,2026-04-22,NIFTY_MIDSMALL_HEALTHCARE,KEEP,AJANTPHARM,SELECTED,,8,,0.7451638082663219,,,,,,,,,,,,,,2026-04-22,8,,,,,NIFTY_MIDSMALL_HEALTHCARE,1616042.7484265645,0.0,0.1221917404869854,
2026-04-21,2026-04-22,NIFTY_MIDSMALL_HEALTHCARE,SKIP,IPCALAB,DUPLICATE_SKIPPED,,11,,0.6988620137174925,,,,,,,,,,,,,,2026-04-22,11,,,,,NIFTY_MIDSMALL_HEALTHCARE,1616042.7484265645,0.0,,
2026-05-21,2026-05-22,NIFTY_HEALTHCARE,KEEP,TORNTPHARM,SELECTED,,4,,0.6128873117268085,,,,,,,,,,,,,,2026-05-22,4,,,,,NIFTY_HEALTHCARE,1725756.238270214,0.0,0.05495494716883826,
2026-05-21,2026-05-22,NIFTY_HEALTHCARE,KEEP,IPCALAB,SELECTED,,6,,0.5590500806768736,,,,,,,,,,,,,,2026-05-22,6,,,,,NIFTY_HEALTHCARE,1725756.238270214,0.0,0.053178406743577024,
2026-05-21,2026-05-22,NIFTY_HEALTHCARE,KEEP,LUPIN,SELECTED,,11,,0.5168189496422808,,,,,,,,,,,,,,2026-05-22,11,,,,,NIFTY_HEALTHCARE,1725756.238270214,0.0,0.05049309987025715,
2026-05-21,2026-05-22,NIFTY_METAL,KEEP,NATIONALUM,SELECTED,,1,,0.8739583070079486,,,,,,,,,,,,,,2026-05-22,1,,,,,NIFTY_METAL,1725756.238270214,0.0,0.1033151179408015,
2026-05-21,2026-05-22,NIFTY_METAL,KEEP,HINDCOPPER,SELECTED,,2,,0.85411270459493,,,,,,,,,,,,,,2026-05-22,2,,,,,NIFTY_METAL,1725756.238270214,0.0,0.08797195638172439,
2026-05-21,2026-05-22,NIFTY_METAL,KEEP,HINDALCO,SELECTED,,5,,0.6842673942446709,,,,,,,,,,,,,,2026-05-22,5,,,,,NIFTY_METAL,1725756.238270214,0.0,0.07826059359047277,
2026-05-21,2026-05-22,NIFTY_PHARMA,KEEP,AUROPHARMA,SELECTED,,1,,0.9315687417984009,,,,,,,,,,,,,,2026-05-22,1,,,,,NIFTY_PHARMA,1725756.238270214,0.0,0.05778641030365434,
2026-05-21,2026-05-22,NIFTY_PHARMA,KEEP,GLENMARK,SELECTED,,2,,0.5931516364216805,,,,,,,,,,,,,,2026-05-22,2,,,,,NIFTY_PHARMA,1725756.238270214,0.0,0.05526798200294245,
2026-05-21,2026-05-22,NIFTY_PHARMA,KEEP,DIVISLAB,SELECTED,,3,,0.48720301439364755,,,,,,,,,,,,,,2026-05-22,3,,,,,NIFTY_PHARMA,1725756.238270214,0.0,0.050134554103139176,
2026-05-21,2026-05-22,NIFTY_PHARMA,SKIP,LUPIN,DUPLICATE_SKIPPED,,5,,0.42687776188055676,,,,,,,,,,,,,,2026-05-22,5,,,,,NIFTY_PHARMA,1725756.238270214,0.0,,
2026-05-21,2026-05-22,NIFTY_REALTY,SKIP,IBREALEST,ENTRY_FILTERED,,7,,0.20459862425923347,,,,,,,,,,,,,,2026-05-22,7,,,,,NIFTY_REALTY,1725756.238270214,0.0,,
2026-05-21,2026-05-22,NIFTY_MIDSMALL_HEALTHCARE,KEEP,LAURUSLABS,SELECTED,,2,,0.8146009966731071,,,,,,,,,,,,,,2026-05-22,2,,,,,NIFTY_MIDSMALL_HEALTHCARE,1725756.238270214,0.0,0.15971471398050427,
2026-05-21,2026-05-22,NIFTY_MIDSMALL_HEALTHCARE,SKIP,AUROPHARMA,DUPLICATE_SKIPPED,,4,,0.7894877841075262,,,,,,,,,,,,,,2026-05-22,4,,,,,NIFTY_MIDSMALL_HEALTHCARE,1725756.238270214,0.0,,
2026-05-21,2026-05-22,NIFTY_MIDSMALL_HEALTHCARE,SKIP,GLENMARK,DUPLICATE_SKIPPED,,7,,0.6644780747592449,,,,,,,,,,,,,,2026-05-22,7,,,,,NIFTY_MIDSMALL_HEALTHCARE,1725756.238270214,0.0,,
2026-05-21,2026-05-22,NIFTY_MIDSMALL_HEALTHCARE,KEEP,JBCHEPHARM,SELECTED,,8,,0.6608889376123747,,,,,,,,,,,,,,2026-05-22,8,,,,,NIFTY_MIDSMALL_HEALTHCARE,1725756.238270214,0.0,0.1209821468629772,
2026-05-21,2026-05-22,NIFTY_MIDSMALL_HEALTHCARE,KEEP,AJANTPHARM,SELECTED,,10,,0.6194117975731691,,,,,,,,,,,,,,2026-05-22,10,,,,,NIFTY_MIDSMALL_HEALTHCARE,1725756.238270214,0.0,0.1279400710511114,
2026-05-21,2026-05-22,NIFTY_MIDSMALL_HEALTHCARE,SKIP,IPCALAB,DUPLICATE_SKIPPED,,11,,0.5847811512649059,,,,,,,,,,,,,,2026-05-22,11,,,,,NIFTY_MIDSMALL_HEALTHCARE,1725756.238270214,0.0,,
2026-05-21,2026-05-22,NIFTY_MIDSMALL_HEALTHCARE,SKIP,LUPIN,DUPLICATE_SKIPPED,,14,,0.5623852865149578,,,,,,,,,,,,,,2026-05-22,14,,,,,NIFTY_MIDSMALL_HEALTHCARE,1725756.238270214,0.0,,
2026-06-22,2026-06-23,NIFTY_HEALTHCARE,KEEP,TORNTPHARM,SELECTED,,4,,0.5900480753431718,,,,,,,,,,,,,,2026-06-23,4,,,,,NIFTY_HEALTHCARE,1717122.4246644508,0.0,0.05568519072480068,
2026-06-22,2026-06-23,NIFTY_HEALTHCARE,KEEP,LUPIN,SELECTED,,9,,0.5089354903126757,,,,,,,,,,,,,,2026-06-23,9,,,,,NIFTY_HEALTHCARE,1717122.4246644508,0.0,0.05243721442806583,
2026-06-22,2026-06-23,NIFTY_HEALTHCARE,KEEP,IPCALAB,SELECTED,,11,,0.4954573496555289,,,,,,,,,,,,,,2026-06-23,11,,,,,NIFTY_HEALTHCARE,1717122.4246644508,0.0,0.05420973259880009,
2026-06-22,2026-06-23,NIFTY_METAL,KEEP,NATIONALUM,SELECTED,,2,,0.7552850308517616,,,,,,,,,,,,,,2026-06-23,2,,,,,NIFTY_METAL,1717122.4246644508,0.0,0.09017181176871894,
2026-06-22,2026-06-23,NIFTY_METAL,KEEP,HINDCOPPER,SELECTED,,3,,0.7532002838949363,,,,,,,,,,,,,,2026-06-23,3,,,,,NIFTY_METAL,1717122.4246644508,0.0,0.08104305338923537,
2026-06-22,2026-06-23,NIFTY_METAL,KEEP,HINDALCO,SELECTED,,5,,0.6112853810191154,,,,,,,,,,,,,,2026-06-23,5,,,,,NIFTY_METAL,1717122.4246644508,0.0,0.06997463202430368,
2026-06-22,2026-06-23,NIFTY_PHARMA,KEEP,AUROPHARMA,SELECTED,,1,,0.9188049472868443,,,,,,,,,,,,,,2026-06-23,1,,,,,NIFTY_PHARMA,1717122.4246644508,0.0,0.06088259383174224,
2026-06-22,2026-06-23,NIFTY_PHARMA,KEEP,DIVISLAB,SELECTED,,2,,0.5323072274525961,,,,,,,,,,,,,,2026-06-23,2,,,,,NIFTY_PHARMA,1717122.4246644508,0.0,0.04957110250504995,
2026-06-22,2026-06-23,NIFTY_PHARMA,KEEP,BIOCON,SELECTED,,3,,0.5196711545189222,,,,,,,,,,,,,,2026-06-23,3,,,,,NIFTY_PHARMA,1717122.4246644508,0.0,0.05261100985092851,
2026-06-22,2026-06-23,NIFTY_PHARMA,SKIP,LUPIN,DUPLICATE_SKIPPED,,4,,0.484449885164698,,,,,,,,,,,,,,2026-06-23,4,,,,,NIFTY_PHARMA,1717122.4246644508,0.0,,
2026-06-22,2026-06-23,NIFTY_REALTY,SKIP,IBREALEST,ENTRY_FILTERED,,7,,0.43898987273375195,,,,,,,,,,,,,,2026-06-23,7,,,,,NIFTY_REALTY,1717122.4246644508,0.0,,
2026-06-22,2026-06-23,NIFTY_MIDSMALL_HEALTHCARE,KEEP,LAURUSLABS,SELECTED,,1,,0.9027219812075298,,,,,,,,,,,,,,2026-06-23,1,,,,,NIFTY_MIDSMALL_HEALTHCARE,1717122.4246644508,0.0,0.1769459015446235,
2026-06-22,2026-06-23,NIFTY_MIDSMALL_HEALTHCARE,SKIP,AUROPHARMA,DUPLICATE_SKIPPED,,5,,0.6989738779763381,,,,,,,,,,,,,,2026-06-23,5,,,,,NIFTY_MIDSMALL_HEALTHCARE,1717122.4246644508,0.0,,
2026-06-22,2026-06-23,NIFTY_MIDSMALL_HEALTHCARE,KEEP,JBCHEPHARM,SELECTED,,7,,0.659022309506933,,,,,,,,,,,,,,2026-06-23,7,,,,,NIFTY_MIDSMALL_HEALTHCARE,1717122.4246644508,0.0,0.12457826478238757,
2026-06-22,2026-06-23,NIFTY_MIDSMALL_HEALTHCARE,KEEP,AJANTPHARM,SELECTED,,9,,0.6188236208011707,,,,,,,,,,,,,,2026-06-23,9,,,,,NIFTY_MIDSMALL_HEALTHCARE,1717122.4246644508,0.0,0.13188949255134363,
2026-06-22,2026-06-23,NIFTY_MIDSMALL_HEALTHCARE,SKIP,BIOCON,DUPLICATE_SKIPPED,,13,,0.5590695887804031,,,,,,,,,,,,,,2026-06-23,13,,,,,NIFTY_MIDSMALL_HEALTHCARE,1717122.4246644508,0.0,,
2026-06-22,2026-06-23,NIFTY_MIDSMALL_HEALTHCARE,SKIP,IPCALAB,DUPLICATE_SKIPPED,,16,,0.5551120763023695,,,,,,,,,,,,,,2026-06-23,16,,,,,NIFTY_MIDSMALL_HEALTHCARE,1717122.4246644508,0.0,,
2026-06-22,2026-06-23,NIFTY_MIDSMALL_HEALTHCARE,SKIP,LUPIN,DUPLICATE_SKIPPED,,17,,0.5512432443598907,,,,,,,,,,,,,,2026-06-23,17,,,,,NIFTY_MIDSMALL_HEALTHCARE,1717122.4246644508,0.0,,
2026-07-21,2026-07-22,NIFTY_HEALTHCARE,KEEP,TORNTPHARM,SELECTED,,2,,0.6732148304581642,,,,,,,,,,,,,,2026-07-22,2,,,,,NIFTY_HEALTHCARE,1794397.391542418,0.0,0.059417256273112555,
2026-07-21,2026-07-22,NIFTY_HEALTHCARE,KEEP,IPCALAB,SELECTED,,6,,0.6058327729503314,,,,,,,,,,,,,,2026-07-22,6,,,,,NIFTY_HEALTHCARE,1794397.391542418,0.0,0.05709465786838448,
2026-07-21,2026-07-22,NIFTY_HEALTHCARE,KEEP,LUPIN,SELECTED,,10,,0.54549898331364,,,,,,,,,,,,,,2026-07-22,10,,,,,NIFTY_HEALTHCARE,1794397.391542418,0.0,0.05122397780179458,
2026-07-21,2026-07-22,NIFTY_METAL,KEEP,NATIONALUM,SELECTED,,2,,0.5492191078762214,,,,,,,,,,,,,,2026-07-22,2,,,,,NIFTY_METAL,1794397.391542418,0.0,0.08313229282205148,
2026-07-21,2026-07-22,NIFTY_METAL,KEEP,HINDCOPPER,SELECTED,,5,,0.5346921893457572,,,,,,,,,,,,,,2026-07-22,5,,,,,NIFTY_METAL,1794397.391542418,0.0,0.07584765582488759,
2026-07-21,2026-07-22,NIFTY_METAL,KEEP,HINDALCO,SELECTED,,8,,0.5259857575098674,,,,,,,,,,,,,,2026-07-22,8,,,,,NIFTY_METAL,1794397.391542418,0.0,0.06446407032281856,
2026-07-21,2026-07-22,NIFTY_PHARMA,KEEP,AUROPHARMA,SELECTED,,1,,0.8079164816687505,,,,,,,,,,,,,,2026-07-22,1,,,,,NIFTY_PHARMA,1794397.391542418,0.0,0.05823792674105322,
2026-07-21,2026-07-22,NIFTY_PHARMA,KEEP,BIOCON,SELECTED,,3,,0.5896666149298351,,,,,,,,,,,,,,2026-07-22,3,,,,,NIFTY_PHARMA,1794397.391542418,0.0,0.05213161970522481,
2026-07-21,2026-07-22,NIFTY_PHARMA,KEEP,DIVISLAB,SELECTED,,4,,0.5872543156147003,,,,,,,,,,,,,,2026-07-22,4,,,,,NIFTY_PHARMA,1794397.391542418,0.0,0.051932496529839604,
2026-07-21,2026-07-22,NIFTY_PHARMA,SKIP,LUPIN,DUPLICATE_SKIPPED,,5,,0.5868502830465635,,,,,,,,,,,,,,2026-07-22,5,,,,,NIFTY_PHARMA,1794397.391542418,0.0,,
2026-07-21,2026-07-22,NIFTY_REALTY,SKIP,IBREALEST,ENTRY_FILTERED,,7,,0.2834868555267652,,,,,,,,,,,,,,2026-07-22,7,,,,,NIFTY_REALTY,1794397.391542418,0.0,,
2026-07-21,2026-07-22,NIFTY_MIDSMALL_HEALTHCARE,KEEP,LAURUSLABS,SELECTED,,1,,0.9689640253782272,,,,,,,,,,,,,,2026-07-22,1,,,,,NIFTY_MIDSMALL_HEALTHCARE,1794397.391542418,0.0,0.18039315122358549,
2026-07-21,2026-07-22,NIFTY_MIDSMALL_HEALTHCARE,KEEP,GRANULES,SELECTED,,2,,0.8715935548146566,,,,,,,,,,,,,,2026-07-22,2,,,,,NIFTY_MIDSMALL_HEALTHCARE,1794397.391542418,0.0,0.1291647309951189,
2026-07-21,2026-07-22,NIFTY_MIDSMALL_HEALTHCARE,KEEP,AJANTPHARM,SELECTED,,4,,0.7726311186949413,,,,,,,,,,,,,,2026-07-22,4,,,,,NIFTY_MIDSMALL_HEALTHCARE,1794397.391542418,0.0,0.13696016389212873,
2026-07-21,2026-07-22,NIFTY_MIDSMALL_HEALTHCARE,SKIP,AUROPHARMA,DUPLICATE_SKIPPED,,7,,0.6999933533370495,,,,,,,,,,,,,,2026-07-22,7,,,,,NIFTY_MIDSMALL_HEALTHCARE,1794397.391542418,0.0,,
2026-07-21,2026-07-22,NIFTY_MIDSMALL_HEALTHCARE,SKIP,IPCALAB,DUPLICATE_SKIPPED,,10,,0.6729118898510933,,,,,,,,,,,,,,2026-07-22,10,,,,,NIFTY_MIDSMALL_HEALTHCARE,1794397.391542418,0.0,,
2026-07-21,2026-07-22,NIFTY_MIDSMALL_HEALTHCARE,SKIP,BIOCON,DUPLICATE_SKIPPED,,12,,0.6395678967237473,,,,,,,,,,,,,,2026-07-22,12,,,,,NIFTY_MIDSMALL_HEALTHCARE,1794397.391542418,0.0,,
2026-07-21,2026-07-22,NIFTY_MIDSMALL_HEALTHCARE,SKIP,LUPIN,DUPLICATE_SKIPPED,,13,,0.6028013800581297,,,,,,,,,,,,,,2026-07-22,13,,,,,NIFTY_MIDSMALL_HEALTHCARE,1794397.391542418,0.0,,
