rebalance_date,symbol,rank,score,weight,quantity,entry_date,entry_price,current_price,cost_value,market_value,unrealized_pnl,unrealized_return_pct,holding_days
2021-08-10 00:00:00,PRAJIND,1,0.7890011268299528,0.2,533.1271638433415,2021-08-10 00:00:00,374.70001220703125,351.75,200000.0,187527.47988189536,-12472.520118104643,-0.06236260059052322,0
2021-08-10 00:00:00,DEEPAKFERT,2,0.7209390706005374,0.2,451.0400283604084,2021-08-10 00:00:00,442.8936285902709,417.9219665527344,200000.0,188499.53564638298,-11500.464353617019,-0.05750232176808509,0
2021-08-10 00:00:00,ADANIENT,3,0.6785060765019688,0.2,134.54884495925447,2021-08-10 00:00:00,1484.685764939077,1443.2781982421875,200000.0,194191.4145283602,-5808.585471639788,-0.02904292735819894,0
2021-08-10 00:00:00,DALMIASUG,4,0.6688026203845319,0.2,476.7607513126492,2021-08-10 00:00:00,419.0,397.29998779296875,200000.0,189417.04067668214,-10582.95932331786,-0.0529147966165893,0
2021-08-10 00:00:00,BASF,5,0.604754329446088,0.2,54.83468427120505,2021-08-10 00:00:00,3643.0,3790.60009765625,200000.0,207856.3595533795,7856.359553379501,0.039281797766897504,0
2021-08-11 00:00:00,PRAJIND,1,0.7907712536809751,0.18745270041464326,533.1271638433415,2021-08-10 00:00:00,374.70001220703125,337.04998779296875,200000.0,179690.5040654983,-20309.495934501698,-0.10154747967250849,1
2021-08-11 00:00:00,DEEPAKFERT,2,0.7262740841820926,0.1940710713598229,451.0400283604084,2021-08-10 00:00:00,442.8936285902709,400.8187255859375,200000.0,180785.28935566402,-19214.71064433598,-0.0960735532216799,1
2021-08-11 00:00:00,ADANIENT,3,0.6936070982226328,0.20550810585926987,134.54884495925447,2021-08-10 00:00:00,1484.685764939077,1433.84912109375,200000.0,192922.74308900625,-7077.256910993747,-0.035386284554968735,1
2021-08-11 00:00:00,DALMIASUG,5,0.6589103159450422,0.19662602113751562,476.7607513126492,2021-08-10 00:00:00,419.0,413.0,200000.0,196902.1902921241,-3097.8097078758874,-0.015489048539379437,1
2021-08-11 00:00:00,BASF,4,0.6764265076118794,0.2163421012287483,54.83468427120505,2021-08-10 00:00:00,3643.0,3830.89990234375,200000.0,210066.1866196098,10066.186619609798,0.05033093309804899,1
2021-08-12 00:00:00,PRAJIND,1,0.7295892490993438,0.18331909927649903,533.1271638433415,2021-08-10 00:00:00,374.70001220703125,343.6000061035156,200000.0,183182.4967505221,-16817.503249477886,-0.08408751624738943,2
2021-08-12 00:00:00,DEEPAKFERT,4,0.6832094371725593,0.18991964884444726,451.0400283604084,2021-08-10 00:00:00,442.8936285902709,420.84320068359375,200000.0,189817.12917161317,-10182.870828386833,-0.05091435414193416,2
2021-08-12 00:00:00,ADANIENT,3,0.6859224655825831,0.20190896869402958,134.54884495925447,2021-08-10 00:00:00,1484.685764939077,1439.6861572265625,200000.0,193708.1095586616,-6291.890441338386,-0.03145945220669193,2
2021-08-12 00:00:00,DALMIASUG,2,0.6882996855325745,0.20553611885672102,476.7607513126492,2021-08-10 00:00:00,419.0,431.04998779296875,200000.0,205507.71603348403,5507.71603348403,0.02753858016742015,2
2021-08-12 00:00:00,BASF,5,0.6774353548968627,0.21931616432830311,54.83468427120505,2021-08-10 00:00:00,3643.0,3757.300048828125,200000.0,206030.36188967354,6030.3618896735425,0.030151809448367713,2
2021-08-13 00:00:00,PRAJIND,3,0.7081578638357023,0.18699630201024262,533.1271638433415,2021-08-10 00:00:00,374.70001220703125,336.70001220703125,200000.0,179503.92257395302,-20496.077426046977,-0.10248038713023488,3
2021-08-13 00:00:00,DEEPAKFERT,1,0.7097148086082186,0.20087220321918,451.0400283604084,2021-08-10 00:00:00,442.8936285902709,424.8009338378906,200000.0,191602.22524577018,-8397.774754229817,-0.041988873771149085,3
2021-08-13 00:00:00,ADANIENT,4,0.6544316760910063,0.1955250239836487,134.54884495925447,2021-08-10 00:00:00,1484.685764939077,1433.7991943359375,200000.0,192916.02550141,-7083.974498589989,-0.03541987249294994,3
2021-08-13 00:00:00,DALMIASUG,2,0.7093377804221016,0.2080228481082162,476.7607513126492,2021-08-10 00:00:00,419.0,420.04998779296875,200000.0,200263.3477690449,263.34776904489263,0.0013167388452244631,3
2021-08-13 00:00:00,BASF,5,0.6135024549694331,0.20858362267871253,54.83468427120505,2021-08-10 00:00:00,3643.0,3666.050048828125,200000.0,201026.6969499261,1026.6969499260886,0.005133484749630443,3
2021-08-16 00:00:00,PRAJIND,2,0.7093688235266788,0.1846814520161916,533.1271638433415,2021-08-10 00:00:00,374.70001220703125,330.20001220703125,200000.0,176038.5960089713,-23961.403991028696,-0.11980701995514348,6
2021-08-16 00:00:00,DEEPAKFERT,1,0.7583586889723337,0.20025624373871992,451.0400283604084,2021-08-10 00:00:00,442.8936285902709,415.566162109375,200000.0,187436.9735434386,-12563.026456561405,-0.06281513228280702,6
2021-08-16 00:00:00,ADANIENT,4,0.6636198172578894,0.1981327009065431,134.54884495925447,2021-08-10 00:00:00,1484.685764939077,1426.914794921875,200000.0,191989.73751200974,-8010.262487990258,-0.04005131243995129,6
2021-08-16 00:00:00,DALMIASUG,3,0.6710466799924796,0.20890200937658884,476.7607513126492,2021-08-10 00:00:00,419.0,420.5,200000.0,200477.89592696898,477.89592696898035,0.002389479634844902,6
2021-08-16 00:00:00,BASF,6,0.6199624172494922,0.20802759396195653,54.83468427120505,2021-08-10 00:00:00,3643.0,3651.14990234375,200000.0,200209.65212186068,209.65212186067947,0.0010482606093033973,6
2021-08-17 00:00:00,PRAJIND,2,0.7004959804084947,0.1822308709833325,533.1271638433415,2021-08-10 00:00:00,374.70001220703125,337.20001220703125,200000.0,179770.48615587468,-20229.513844125322,-0.1011475692206266,7
2021-08-17 00:00:00,DEEPAKFERT,1,0.7401528840409647,0.19750675225317293,451.0400283604084,2021-08-10 00:00:00,442.8936285902709,411.4440612792969,200000.0,185577.74106813569,-14422.258931864315,-0.07211129465932158,7
2021-08-17 00:00:00,ADANIENT,4,0.6497710776334008,0.19898871133563673,134.54884495925447,2021-08-10 00:00:00,1484.685764939077,1438.4390869140625,200000.0,193540.31768853177,-6459.682311468234,-0.03229841155734117,7
2021-08-17 00:00:00,DALMIASUG,3,0.6998226519228902,0.2150630767551918,476.7607513126492,2021-08-10 00:00:00,419.0,438.70001220703125,200000.0,209154.9474206926,9154.947420692595,0.04577473710346298,7
2021-08-17 00:00:00,BASF,7,0.5992702545085978,0.20621058867266606,54.83468427120505,2021-08-10 00:00:00,3643.0,3580.64990234375,200000.0,196343.8068807407,-3656.1931192592892,-0.018280965596296446,7
2021-08-18 00:00:00,PRAJIND,3,0.6892790565504573,0.18756342893121195,533.1271638433415,2021-08-10 00:00:00,374.70001220703125,322.70001220703125,200000.0,172040.14228014625,-27959.857719853753,-0.13979928859926877,8
2021-08-18 00:00:00,DEEPAKFERT,2,0.6956657746291438,0.1934216749153042,451.0400283604084,2021-08-10 00:00:00,442.8936285902709,399.65289306640625,200000.0,180259.45222299115,-19740.547777008847,-0.09870273888504423,8
2021-08-18 00:00:00,ADANIENT,4,0.6417644371553343,0.2017557717102967,134.54884495925447,2021-08-10 00:00:00,1484.685764939077,1456.748046875,200000.0,196003.76710368114,-3996.232896318863,-0.019981164481594316,8
2021-08-18 00:00:00,DALMIASUG,1,0.7043283935823674,0.2137965192508779,476.7607513126492,2021-08-10 00:00:00,419.0,429.0,200000.0,204530.3623131265,4530.362313126505,0.022651811565632524,8
2021-08-18 00:00:00,BASF,12,0.5593789545316605,0.2034626051923093,54.83468427120505,2021-08-10 00:00:00,3643.0,3487.199951171875,200000.0,191219.50831307142,-8780.49168692858,-0.0439024584346429,8
2021-08-20 00:00:00,PRAJIND,3,0.6842925077577828,0.1825076023058355,533.1271638433415,2021-08-10 00:00:00,374.70001220703125,307.3999938964844,200000.0,163883.2869114932,-36116.7130885068,-0.180583565442534,10
2021-08-20 00:00:00,DEEPAKFERT,2,0.6859660030874406,0.19281037068847356,451.0400283604084,2021-08-10 00:00:00,442.8936285902709,392.6069641113281,200000.0,177081.45622726728,-22918.543772732723,-0.11459271886366361,10
2021-08-20 00:00:00,ADANIENT,5,0.6461158574316931,0.20649181188898805,134.54884495925447,2021-08-10 00:00:00,1484.685764939077,1426.914794921875,200000.0,191989.73751200974,-8010.262487990258,-0.04005131243995129,10
2021-08-20 00:00:00,DALMIASUG,1,0.7155452402365929,0.2187711859405351,476.7607513126492,2021-08-10 00:00:00,419.0,427.6499938964844,200000.0,203886.73238893773,3886.7323889377294,0.019433661944688648,10
2021-08-20 00:00:00,BASF,13,0.5415637003565403,0.19941902917616777,54.83468427120505,2021-08-10 00:00:00,3643.0,3543.0,200000.0,194279.2863728795,-5720.713627120509,-0.028603568135602546,10
2021-08-23 00:00:00,PRAJIND,3,0.6675968322455332,0.17633599355667962,533.1271638433415,2021-08-10 00:00:00,374.70001220703125,322.75,200000.0,172066.79213043847,-27933.207869561535,-0.13966603934780766,13
2021-08-23 00:00:00,DEEPAKFERT,2,0.6796100174895379,0.18741281631220416,451.0400283604084,2021-08-10 00:00:00,442.8936285902709,375.92681884765625,200000.0,169558.043034485,-30441.95696551501,-0.15220978482757505,13
2021-08-23 00:00:00,ADANIENT,5,0.6170456633594189,0.2053393081386789,134.54884495925447,2021-08-10 00:00:00,1484.685764939077,1393.5889892578125,200000.0,187505.78885257355,-12494.211147426453,-0.06247105573713226,13
2021-08-23 00:00:00,DALMIASUG,1,0.742446878845968,0.21901716699226612,476.7607513126492,2021-08-10 00:00:00,419.0,378.1000061035156,200000.0,180263.24298122936,-19736.757018770644,-0.09868378509385323,13
2021-08-23 00:00:00,BASF,11,0.5661439581618304,0.2118947150001713,54.83468427120505,2021-08-10 00:00:00,3643.0,3433.64990234375,200000.0,188283.10829287357,-11716.89170712643,-0.05858445853563215,13
2021-08-24 00:00:00,PRAJIND,1,0.7336706179873497,0.19103793454032525,533.1271638433415,2021-08-10 00:00:00,374.70001220703125,338.8500061035156,200000.0,180650.14272226623,-19349.85727773377,-0.09674928638866884,14
2021-08-24 00:00:00,DEEPAKFERT,2,0.677410305773824,0.18343857165842345,451.0400283604084,2021-08-10 00:00:00,442.8936285902709,389.7790222167969,200000.0,175805.94123495632,-24194.05876504368,-0.1209702938252184,14
2021-08-24 00:00:00,ADANIENT,7,0.6065659015809841,0.2108576998262465,134.54884495925447,2021-08-10 00:00:00,1484.685764939077,1434.59765625,200000.0,193023.45762969108,-6976.542370308918,-0.03488271185154459,14
2021-08-24 00:00:00,DALMIASUG,3,0.6642096674775818,0.20293224374265909,476.7607513126492,2021-08-10 00:00:00,419.0,405.04998779296875,200000.0,193111.93649935516,-6888.063500644843,-0.03444031750322422,14
2021-08-24 00:00:00,BASF,11,0.5750136308215525,0.21173355023234575,54.83468427120505,2021-08-10 00:00:00,3643.0,3514.39990234375,200000.0,192711.00904777338,-7288.990952226624,-0.03644495476113312,14
2021-08-25 00:00:00,PRAJIND,1,0.7586857056977172,0.19430620159946202,533.1271638433415,2021-08-10 00:00:00,374.70001220703125,338.04998779296875,200000.0,180223.63122934164,-19776.36877065836,-0.0988818438532918,15
2021-08-25 00:00:00,DEEPAKFERT,3,0.6768320406218628,0.1887386242787034,451.0400283604084,2021-08-10 00:00:00,442.8936285902709,396.5852966308594,200000.0,178875.8434397038,-21124.156560296193,-0.10562078280148096,15
2021-08-25 00:00:00,ADANIENT,7,0.6020933319516611,0.20542407974201254,134.54884495925447,2021-08-10 00:00:00,1484.685764939077,1472.0638427734375,200000.0,198064.48975144757,-1935.5102485524258,-0.00967755124276213,15
2021-08-25 00:00:00,DALMIASUG,2,0.6921702049805888,0.20679771493282567,476.7607513126492,2021-08-10 00:00:00,419.0,428.75,200000.0,204411.17212529833,4411.172125298326,0.02205586062649163,15
2021-08-25 00:00:00,BASF,11,0.5621180826662829,0.20473337944699643,54.83468427120505,2021-08-10 00:00:00,3643.0,3475.89990234375,200000.0,190599.873703332,-9400.126296667993,-0.047000631483339966,15
2021-08-26 00:00:00,PRAJIND,2,0.709722684901196,0.1894499637204334,533.1271638433415,2021-08-10 00:00:00,374.70001220703125,336.1000061035156,200000.0,179184.04302169703,-20815.956978302973,-0.10407978489151487,16
2021-08-26 00:00:00,DEEPAKFERT,3,0.6940648203756089,0.18710013947814852,451.0400283604084,2021-08-10 00:00:00,442.8936285902709,390.2103576660156,200000.0,176000.4907882048,-23999.5092117952,-0.119997546058976,16
2021-08-26 00:00:00,ADANIENT,7,0.604717036579987,0.20800431366960853,134.54884495925447,2021-08-10 00:00:00,1484.685764939077,1472.4130859375,200000.0,198111.48001578212,-1888.5199842178845,-0.009442599921089423,16
2021-08-26 00:00:00,DALMIASUG,1,0.716772039494129,0.2148028064791641,476.7607513126492,2021-08-10 00:00:00,419.0,442.3999938964844,200000.0,210918.95347079932,10918.953470799315,0.05459476735399658,16
2021-08-26 00:00:00,BASF,10,0.5545729772828535,0.20064277665264538,54.83468427120505,2021-08-10 00:00:00,3643.0,3440.0,200000.0,188631.31389294536,-11368.686107054644,-0.05684343053527322,16
2021-08-27 00:00:00,PRAJIND,2,0.7021400075886078,0.18862736476184574,533.1271638433415,2021-08-10 00:00:00,374.70001220703125,330.79998779296875,200000.0,176358.4592914774,-23641.540708522603,-0.11820770354261302,17
2021-08-27 00:00:00,DEEPAKFERT,3,0.6853998058167746,0.1854606380306183,451.0400283604084,2021-08-10 00:00:00,442.8936285902709,394.1886901855469,200000.0,177794.8780006413,-22205.1219993587,-0.1110256099967935,17
2021-08-27 00:00:00,ADANIENT,5,0.6122647217793771,0.20673116517543352,134.54884495925447,2021-08-10 00:00:00,1484.685764939077,1502.6956787109375,200000.0,202185.9678958196,2185.967895819602,0.01092983947909801,17
2021-08-27 00:00:00,DALMIASUG,1,0.7432233532435464,0.2211211361527331,476.7607513126492,2021-08-10 00:00:00,419.0,435.45001220703125,200000.0,207605.47497892648,7605.474978926475,0.03802737489463238,17
2021-08-27 00:00:00,BASF,10,0.5493013869465568,0.19805969587936934,54.83468427120505,2021-08-10 00:00:00,3643.0,3432.89990234375,200000.0,188241.98227967016,-11758.017720329837,-0.058790088601649186,17
2021-08-30 00:00:00,PRAJIND,2,0.7198476977375523,0.18619379405328138,533.1271638433415,2021-08-10 00:00:00,374.70001220703125,324.5,200000.0,172999.7646671643,-27000.2353328357,-0.1350011766641785,20
2021-08-30 00:00:00,DEEPAKFERT,3,0.714697975511843,0.18529442479525327,451.0400283604084,2021-08-10 00:00:00,442.8936285902709,398.6942443847656,200000.0,179827.0632944363,-20172.936705563712,-0.10086468352781856,20
2021-08-30 00:00:00,ADANIENT,5,0.6519234907942866,0.21189470568146174,134.54884495925447,2021-08-10 00:00:00,1484.685764939077,1513.172119140625,200000.0,203595.56085491847,3595.560854918469,0.017977804274592345,20
2021-08-30 00:00:00,DALMIASUG,1,0.7593275891953192,0.2182324901193339,476.7607513126492,2021-08-10 00:00:00,419.0,431.04998779296875,200000.0,205507.71603348403,5507.71603348403,0.02753858016742015,20
2021-08-30 00:00:00,BASF,14,0.5664526017314592,0.19838458535066977,54.83468427120505,2021-08-10 00:00:00,3643.0,3600.949951171875,200000.0,197456.95364892101,-2543.046351078985,-0.012715231755394926,20
2021-08-31 00:00:00,PRAJIND,4,0.6829087395554133,0.1819910071535768,533.1271638433415,2021-08-10 00:00:00,374.70001220703125,332.3999938964844,200000.0,177211.46600757673,-22788.53399242327,-0.11394266996211634,21
2021-08-31 00:00:00,DEEPAKFERT,2,0.729393817218935,0.1860484410484059,451.0400283604084,2021-08-10 00:00:00,442.8936285902709,392.70281982421875,200000.0,177124.69099072798,-22875.309009272023,-0.11437654504636012,21
2021-08-31 00:00:00,ADANIENT,5,0.6520536951369716,0.2107434304188456,134.54884495925447,2021-08-10 00:00:00,1484.685764939077,1584.06396484375,200000.0,213133.97681130364,13133.97681130364,0.0656698840565182,21
2021-08-31 00:00:00,DALMIASUG,3,0.7145545181709939,0.21488652173571365,476.7607513126492,2021-08-10 00:00:00,419.0,431.54998779296875,200000.0,205746.09640914036,5746.096409140358,0.02873048204570179,21
2021-08-31 00:00:00,BASF,12,0.5916528924321014,0.20633059964345804,54.83468427120505,2021-08-10 00:00:00,3643.0,3586.89990234375,200000.0,196686.52365743576,-3313.476342564245,-0.016567381712821225,21
2021-09-01 00:00:00,PRAJIND,2,0.6955933829076945,0.18224122196360742,533.1271638433415,2021-08-10 00:00:00,374.70001220703125,339.3999938964844,200000.0,180943.3561544801,-19056.643845519895,-0.09528321922759947,22
2021-09-01 00:00:00,DEEPAKFERT,4,0.6863758279712123,0.1819791106237315,451.0400283604084,2021-08-10 00:00:00,442.8936285902709,394.0928039550781,200000.0,177751.62947253132,-22248.37052746868,-0.1112418526373434,22
2021-09-01 00:00:00,ADANIENT,5,0.6448101331752008,0.21979439823472613,134.54884495925447,2021-08-10 00:00:00,1484.685764939077,1561.7137451171875,200000.0,210126.7805625091,10126.780562509113,0.05063390281254557,22
2021-09-01 00:00:00,DALMIASUG,3,0.6919557518782964,0.2128929728372199,476.7607513126492,2021-08-10 00:00:00,419.0,426.70001220703125,200000.0,203433.8184049408,3433.818404940801,0.017169092024704007,22
2021-09-01 00:00:00,BASF,15,0.5602656822685091,0.20309229634071504,54.83468427120505,2021-08-10 00:00:00,3643.0,3587.75,200000.0,196733.1384940159,-3266.861505984096,-0.01633430752992048,22
2021-09-02 00:00:00,PRAJIND,2,0.6680059123145241,0.18571362431244268,533.1271638433415,2021-08-10 00:00:00,374.70001220703125,337.1000061035156,200000.0,179717.1701855404,-20282.829814459605,-0.10141414907229802,23
2021-09-02 00:00:00,DEEPAKFERT,5,0.6246062650341738,0.18412412515919369,451.0400283604084,2021-08-10 00:00:00,442.8936285902709,409.57470703125,200000.0,184734.58747508097,-15265.412524919026,-0.07632706262459513,23
2021-09-02 00:00:00,ADANIENT,7,0.5845115195544323,0.2164655938804715,134.54884495925447,2021-08-10 00:00:00,1484.685764939077,1567.0518798828125,200000.0,210845.0204294608,10845.020429460797,0.054225102147303986,23
2021-09-02 00:00:00,DALMIASUG,4,0.6499338199553335,0.21024052368524176,476.7607513126492,2021-08-10 00:00:00,419.0,420.8500061035156,200000.0,200644.7650998451,644.765099845099,0.003223825499225495,23
2021-09-02 00:00:00,BASF,14,0.538014562000505,0.2034561329626504,54.83468427120505,2021-08-10 00:00:00,3643.0,3636.5,200000.0,199406.32935223717,-593.6706477628322,-0.002968353238814161,23
2021-09-03 00:00:00,PRAJIND,5,0.610806974480357,0.18312015024778222,533.1271638433415,2021-08-10 00:00:00,374.70001220703125,338.3999938964844,200000.0,180410.22899063677,-19589.771009363234,-0.09794885504681616,24
2021-09-03 00:00:00,DEEPAKFERT,3,0.6614303411509758,0.18933399148651683,451.0400283604084,2021-08-10 00:00:00,442.8936285902709,403.9187927246094,200000.0,182183.54372580975,-17816.45627419025,-0.08908228137095124,24
2021-09-03 00:00:00,ADANIENT,8,0.5811488161631228,0.21592487497357252,134.54884495925447,2021-08-10 00:00:00,1484.685764939077,1562.0628662109375,200000.0,210173.7544024241,10173.754402424092,0.050868772012120464,24
2021-09-03 00:00:00,DALMIASUG,4,0.6416183958915875,0.2050026668909179,476.7607513126492,2021-08-10 00:00:00,419.0,427.8500061035156,200000.0,203982.09035903364,3982.0903590336384,0.01991045179516819,24
2021-09-03 00:00:00,BASF,11,0.5575289875534165,0.20661831640121053,54.83468427120505,2021-08-10 00:00:00,3643.0,3621.35009765625,200000.0,198575.58924047803,-1424.4107595219684,-0.0071220537976098425,24
2021-09-06 00:00:00,PRAJIND,5,0.607837865162866,0.18667488085482203,533.1271638433415,2021-08-10 00:00:00,374.70001220703125,339.5,200000.0,180996.67212481442,-19003.327875185583,-0.09501663937592791,27
2021-09-06 00:00:00,DEEPAKFERT,7,0.604847394197826,0.18609016442978005,451.0400283604084,2021-08-10 00:00:00,442.8936285902709,398.0232238769531,200000.0,179524.40618556214,-20475.59381443786,-0.1023779690721893,27
2021-09-06 00:00:00,ADANIENT,11,0.5735311204560426,0.21556506573061066,134.54884495925447,2021-08-10 00:00:00,1484.685764939077,1578.476318359375,200000.0,212382.16543079034,12382.165430790337,0.061910827153951686,27
2021-09-06 00:00:00,DALMIASUG,3,0.64990858486001,0.2069682365635894,476.7607513126492,2021-08-10 00:00:00,419.0,419.1499938964844,200000.0,199834.2660027802,-165.73399721979513,-0.0008286699860989757,27
2021-09-06 00:00:00,BASF,13,0.5554427921819626,0.2047016524211979,54.83468427120505,2021-08-10 00:00:00,3643.0,3592.60009765625,200000.0,196999.0920676809,-3000.9079323190963,-0.015004539661595482,27
2021-09-07 00:00:00,PRAJIND,8,0.6206781500936266,0.23607850394055438,533.1271638433415,2021-08-10 00:00:00,374.70001220703125,331.8999938964844,200000.0,176944.90242565505,-23055.097574344953,-0.11527548787172476,28
2021-09-07 00:00:00,DEEPAKFERT,6,0.6375389422982883,0.23145932435724267,451.0400283604084,2021-08-10 00:00:00,442.8936285902709,392.0797119140625,200000.0,176843.6443812595,-23156.35561874049,-0.11578177809370245,28
2021-09-07 00:00:00,ADANIENT,9,0.6129989274312906,0.27432611135539936,134.54884495925447,2021-08-10 00:00:00,1484.685764939077,1554.629638671875,200000.0,209173.6222227239,9173.622222723905,0.04586811111361953,28
2021-09-07 00:00:00,DALMIASUG,4,0.6470830191975574,0.2581360603468036,476.7607513126492,2021-08-10 00:00:00,419.0,415.3500061035156,200000.0,198022.58096762554,-1977.4190323744551,-0.009887095161872276,28
2021-09-08 00:00:00,PRAJIND,4,0.6552265208669333,0.23303800756990684,533.1271638433415,2021-08-10 00:00:00,374.70001220703125,342.6000061035156,200000.0,182649.36958667875,-17350.630413321254,-0.08675315206660628,29
2021-09-08 00:00:00,DEEPAKFERT,5,0.6487432713846699,0.23213530209223526,451.0400283604084,2021-08-10 00:00:00,442.8936285902709,403.29571533203125,200000.0,181902.51088099057,-18097.489119009435,-0.09048744559504718,29
2021-09-08 00:00:00,ADANIENT,12,0.6126417361898937,0.27489069099630303,134.54884495925447,2021-08-10 00:00:00,1484.685764939077,1552.4842529296875,200000.0,208884.96304912053,8884.963049120532,0.044424815245602656,29
2021-09-08 00:00:00,DALMIASUG,2,0.6864654348796184,0.2599359993415548,476.7607513126492,2021-08-10 00:00:00,419.0,417.6499938964844,200000.0,199119.12487581122,-880.8751241887803,-0.004404375620943902,29
2021-09-09 00:00:00,PRAJIND,3,0.6684668544660656,0.2365482397085943,533.1271638433415,2021-08-10 00:00:00,374.70001220703125,359.70001220703125,200000.0,191765.84734234988,-8234.15265765012,-0.0411707632882506,30
2021-09-09 00:00:00,DEEPAKFERT,5,0.6628509541023457,0.23523766783628403,451.0400283604084,2021-08-10 00:00:00,442.8936285902709,403.1518859863281,200000.0,181837.6380888256,-18162.361911174405,-0.09081180955587202,30
2021-09-09 00:00:00,ADANIENT,12,0.6153140787641191,0.2711125192916631,134.54884495925447,2021-08-10 00:00:00,1484.685764939077,1541.558837890625,200000.0,207414.9610749142,7414.961074914201,0.03707480537457101,30
2021-09-09 00:00:00,DALMIASUG,2,0.6815362885876041,0.25710157316345866,476.7607513126492,2021-08-10 00:00:00,419.0,412.45001220703125,200000.0,196639.97769873554,-3360.0223012644565,-0.016800111506322282,30
2021-09-13 00:00:00,PRAJIND,2,0.6983483969947955,0.24792364664609579,533.1271638433415,2021-08-10 00:00:00,374.70001220703125,365.0,200000.0,194591.41480281964,-5408.585197180364,-0.02704292598590182,34
2021-09-13 00:00:00,DEEPAKFERT,5,0.6505922926961148,0.23115014882820606,451.0400283604084,2021-08-10 00:00:00,442.8936285902709,398.885986328125,200000.0,179913.546586007,-20086.453413993004,-0.10043226706996503,34
2021-09-13 00:00:00,ADANIENT,13,0.6004409364056748,0.2677086818988867,134.54884495925447,2021-08-10 00:00:00,1484.685764939077,1529.03662109375,200000.0,205730.1112685653,5730.1112685652915,0.02865055634282646,34
2021-09-13 00:00:00,DALMIASUG,4,0.6739802294566553,0.25321752262681146,476.7607513126492,2021-08-10 00:00:00,419.0,402.25,200000.0,191777.01221551312,-8222.987784486875,-0.041114938922434376,34
2021-09-14 00:00:00,PRAJIND,2,0.6788150982827106,0.24813945599081944,533.1271638433415,2021-08-10 00:00:00,374.70001220703125,355.3999938964844,200000.0,189473.3907759736,-10526.609224026412,-0.05263304612013206,35
2021-09-14 00:00:00,DEEPAKFERT,10,0.617278622072102,0.23329007865267584,451.0400283604084,2021-08-10 00:00:00,442.8936285902709,399.70086669921875,200000.0,180281.09025169545,-19718.909748304548,-0.09859454874152274,35
2021-09-14 00:00:00,ADANIENT,14,0.5893889052351439,0.2687732863382991,134.54884495925447,2021-08-10 00:00:00,1484.685764939077,1509.82958984375,200000.0,203145.8273987815,3145.82739878149,0.01572913699390745,35
2021-09-14 00:00:00,DALMIASUG,7,0.6418865581078198,0.24979717901820564,476.7607513126492,2021-08-10 00:00:00,419.0,417.1499938964844,200000.0,198880.74450015492,-1119.2554998450796,-0.005596277499225398,35
2021-09-15 00:00:00,PRAJIND,8,0.6022215503036401,0.3188230878773307,533.1271638433415,2021-08-10 00:00:00,374.70001220703125,353.29998779296875,200000.0,188353.8204779526,-11646.179522047401,-0.05823089761023701,36
2021-09-15 00:00:00,ADANIENT,12,0.55215100473364,0.34417225414005903,134.54884495925447,2021-08-10 00:00:00,1484.685764939077,1513.4215087890625,200000.0,203629.11594406056,3629.115944060555,0.018145579720302774,36
2021-09-15 00:00:00,DALMIASUG,4,0.622025968058403,0.3370046579826103,476.7607513126492,2021-08-10 00:00:00,419.0,413.95001220703125,200000.0,197355.11882570453,-2644.8811742954713,-0.013224405871477357,36
2021-09-16 00:00:00,PRAJIND,10,0.5782232103465555,0.32102192882857317,533.1271638433415,2021-08-10 00:00:00,374.70001220703125,341.70001220703125,200000.0,182169.55839316972,-17830.44160683028,-0.08915220803415141,37
2021-09-16 00:00:00,ADANIENT,12,0.5421241274441017,0.3435162882399545,134.54884495925447,2021-08-10 00:00:00,1484.685764939077,1499.8516845703125,200000.0,201803.3117691276,1803.311769127613,0.009016558845638064,37
2021-09-16 00:00:00,DALMIASUG,7,0.5822513589204535,0.33546178293147233,476.7607513126492,2021-08-10 00:00:00,419.0,421.1000061035156,200000.0,200763.95528767328,763.9552876732778,0.0038197764383663887,37
2021-09-17 00:00:00,PRAJIND,12,0.5760124700064573,0.31200094730090994,533.1271638433415,2021-08-10 00:00:00,374.70001220703125,341.8999938964844,200000.0,182276.17406408847,-17723.825935911533,-0.08861912967955766,38
2021-09-17 00:00:00,ADANIENT,10,0.5781204376848255,0.34291801380353615,134.54884495925447,2021-08-10 00:00:00,1484.685764939077,1476.9530029296875,200000.0,198722.32060329182,-1277.6793967081758,-0.006388396983540879,38
2021-09-17 00:00:00,DALMIASUG,6,0.6267540877367794,0.34508103889555397,476.7607513126492,2021-08-10 00:00:00,419.0,414.3500061035156,200000.0,197545.8202163129,-2454.179783687112,-0.012270898918435559,38
2021-09-20 00:00:00,PRAJIND,11,0.5924428552248282,0.3170067554598335,533.1271638433415,2021-08-10 00:00:00,374.70001220703125,337.1000061035156,200000.0,179717.1701855404,-20282.829814459605,-0.10141414907229802,41
2021-09-20 00:00:00,ADANIENT,12,0.5866909834690639,0.3409780618676742,134.54884495925447,2021-08-10 00:00:00,1484.685764939077,1415.689697265625,200000.0,190479.41358780648,-9520.586412193516,-0.04760293206096758,41
2021-09-20 00:00:00,DALMIASUG,5,0.6459366498939512,0.34201518267249237,476.7607513126492,2021-08-10 00:00:00,419.0,397.5,200000.0,189512.39864677805,-10487.601353221951,-0.052438006766109754,41
2021-09-21 00:00:00,PRAJIND,7,0.6168087676972245,0.3159634938054452,533.1271638433415,2021-08-10 00:00:00,374.70001220703125,335.5,200000.0,178864.16346944106,-21135.83653055894,-0.1056791826527947,42
2021-09-21 00:00:00,ADANIENT,14,0.5684683854449848,0.34025343406860786,134.54884495925447,2021-08-10 00:00:00,1484.685764939077,1438.2392578125,200000.0,193513.43091372726,-6486.569086272735,-0.032432845431363676,42
2021-09-21 00:00:00,DALMIASUG,5,0.6438102646781809,0.3437830721259469,476.7607513126492,2021-08-10 00:00:00,419.0,408.79998779296875,200000.0,194899.7893167776,-5100.210683222394,-0.02550105341611197,42
2021-09-22 00:00:00,PRAJIND,9,0.6325274458196023,0.18995591704822182,533.1271638433415,2021-08-10 00:00:00,374.70001220703125,337.1000061035156,200000.0,179717.1701855404,-20282.829814459605,-0.10141414907229802,43
2021-09-22 00:00:00,ADANIENT,14,0.5895964462846208,0.2045940289073411,134.54884495925447,2021-08-10 00:00:00,1484.685764939077,1434.547607421875,200000.0,193016.7236176753,-6983.276382324693,-0.03491638191162347,43
2021-09-22 00:00:00,DALMIASUG,6,0.6674805913681785,0.20860619520572943,476.7607513126492,2021-08-10 00:00:00,419.0,410.8500061035156,200000.0,195877.15758671862,-4122.842413281382,-0.020614212066406908,43
2021-09-22 00:00:00,ADANIENSOL,1,0.7764290866958443,0.19842192941935385,119.70517003478076,2021-09-22 00:00:00,1560.800048828125,1560.800048828125,187057.7279756905,186835.83523526482,-221.89274042568286,-0.001186225999999954,0
2021-09-22 00:00:00,IRCTC,2,0.7398232480254185,0.19842192941935385,265.80892923129744,2021-09-22 00:00:00,702.8952555340493,702.3787231445312,187057.7279756905,186698.53631389377,-359.1916617967363,-0.0019202182432335319,0
2021-09-23 00:00:00,PRAJIND,8,0.6572791289054096,0.19214277735043364,533.1271638433415,2021-08-10 00:00:00,374.70001220703125,338.79998779296875,200000.0,180623.47660222414,-19376.52339777586,-0.0968826169888793,44
2021-09-23 00:00:00,ADANIENT,14,0.5875140634777261,0.20784165048120118,134.54884495925447,2021-08-10 00:00:00,1484.685764939077,1471.06591796875,200000.0,197930.2201216207,-2069.7798783793114,-0.010348899391896557,44
2021-09-23 00:00:00,DALMIASUG,6,0.6762720266425748,0.20802227855473868,476.7607513126492,2021-08-10 00:00:00,419.0,411.75,200000.0,196306.2393529833,-3693.760647016694,-0.01846880323508347,44
2021-09-23 00:00:00,ADANIENSOL,4,0.6879722393405691,0.1891258735618366,119.70517003478076,2021-09-22 00:00:00,1560.800048828125,1547.5999755859375,187057.7279756905,185255.7182233372,-1802.009752353304,-0.009633441889059447,1
2021-09-23 00:00:00,IRCTC,1,0.7517581507088213,0.20286742005178984,265.80892923129744,2021-09-22 00:00:00,702.8952555340493,706.7311401367188,187057.7279756905,187855.44761415521,797.7196384647104,0.004264563924182698,1
2021-09-24 00:00:00,PRAJIND,9,0.658288274524259,0.24655300157054735,533.1271638433415,2021-08-10 00:00:00,374.70001220703125,345.5,200000.0,184195.43510787448,-15804.56489212552,-0.0790228244606276,45
2021-09-24 00:00:00,ADANIENT,13,0.6071532005358912,0.26306565565105816,134.54884495925447,2021-08-10 00:00:00,1484.685764939077,1458.4442138671875,200000.0,196231.98441333798,-3768.015586662019,-0.018840077933310096,45
2021-09-24 00:00:00,ADANIENSOL,4,0.6939323764322712,0.24041852828984145,119.70517003478076,2021-09-22 00:00:00,1560.800048828125,1542.1500244140625,187057.7279756905,184603.33089162665,-2454.3970840638503,-0.013121067547569148,2
2021-09-24 00:00:00,IRCTC,1,0.7422525056297035,0.24996281448855306,265.80892923129744,2021-09-22 00:00:00,702.8952555340493,705.8128051757812,187057.7279756905,187611.34598151277,553.6180058222672,0.0029596104465366637,2
2021-09-27 00:00:00,PRAJIND,9,0.6582991444255502,0.2463645358235282,533.1271638433415,2021-08-10 00:00:00,374.70001220703125,346.1000061035156,200000.0,184515.31466013045,-15484.685339869553,-0.07742342669934776,48
2021-09-27 00:00:00,ADANIENT,15,0.5728497393354921,0.26078150655326265,134.54884495925447,2021-08-10 00:00:00,1484.685764939077,1527.8394775390625,200000.0,205569.03698603166,5569.036986031657,0.027845184930158286,48
2021-09-27 00:00:00,ADANIENSOL,3,0.6998918149410073,0.2404819676465132,119.70517003478076,2021-09-22 00:00:00,1560.800048828125,1578.4000244140625,187057.7279756905,188942.64330538746,1884.9153296969598,0.010076650401430718,5
2021-09-27 00:00:00,IRCTC,1,0.7495047985835747,0.25237198997669597,265.80892923129744,2021-09-22 00:00:00,702.8952555340493,733.6781005859375,187057.7279756905,195018.19031720018,7960.462341509672,0.04255617999671305,5
2021-09-28 00:00:00,PRAJIND,7,0.6395815965131768,0.236697669697687,533.1271638433415,2021-08-10 00:00:00,374.70001220703125,344.6499938964844,200000.0,183742.27376465767,-16257.726235342328,-0.08128863117671165,49
2021-09-28 00:00:00,ADANIENT,13,0.5815718495130617,0.2670598358771636,134.54884495925447,2021-08-10 00:00:00,1484.685764939077,1483.9874267578125,200000.0,199668.79420431991,-331.20579568008543,-0.0016560289784004272,49
2021-09-28 00:00:00,ADANIENSOL,2,0.7057421168781883,0.24317470312439698,119.70517003478076,2021-09-22 00:00:00,1560.800048828125,1549.9000244140625,187057.7279756905,185531.0459593962,-1526.682016294304,-0.008161555434334727,6
2021-09-28 00:00:00,IRCTC,1,0.7682544553575831,0.2530677913007523,265.80892923129744,2021-09-22 00:00:00,702.8952555340493,739.5514526367188,187057.7279756905,196579.3797368168,9521.651761126297,0.050902210051239925,6
2021-09-29 00:00:00,PRAJIND,7,0.6679948509692067,0.2409066652235206,533.1271638433415,2021-08-10 00:00:00,374.70001220703125,353.20001220703125,200000.0,188300.52077736816,-11699.479222631839,-0.05849739611315919,50
2021-09-29 00:00:00,ADANIENT,15,0.5760220831188214,0.25861703230864186,134.54884495925447,2021-08-10 00:00:00,1484.685764939077,1482.341064453125,200000.0,199447.27805783975,-552.7219421602495,-0.002763609710801247,50
2021-09-29 00:00:00,ADANIENSOL,2,0.7128855751639356,0.24266185289291345,119.70517003478076,2021-09-22 00:00:00,1560.800048828125,1530.5999755859375,187057.7279756905,183220.73033274594,-3836.997642944567,-0.020512371685831726,7
2021-09-29 00:00:00,IRCTC,1,0.8163648436315,0.257814449574924,265.80892923129744,2021-09-22 00:00:00,702.8952555340493,721.2903442382812,187057.7279756905,191725.41406685146,4667.686091160955,0.02495318499627855,7
2021-09-30 00:00:00,PRAJIND,7,0.6731676945832842,0.2451201268389639,533.1271638433415,2021-08-10 00:00:00,374.70001220703125,352.70001220703125,200000.0,188033.95719544648,-11966.042804553523,-0.059830214022767614,51
2021-09-30 00:00:00,ADANIENT,14,0.5835885213958075,0.2603489002372486,134.54884495925447,2021-08-10 00:00:00,1484.685764939077,1464.8299560546875,200000.0,197091.17864887367,-2908.821351126331,-0.014544106755631656,51
2021-09-30 00:00:00,ADANIENSOL,2,0.7066940618072808,0.2407903770025675,119.70517003478076,2021-09-22 00:00:00,1560.800048828125,1558.5,187057.7279756905,186560.50749920582,-497.2204764846829,-0.002658112454724673,8
2021-09-30 00:00:00,IRCTC,1,0.7939391486400417,0.25374059592122,265.80892923129744,2021-09-22 00:00:00,702.8952555340493,726.7142333984375,187057.7279756905,193167.13223678185,6109.404261091346,0.03266052852884702,8
2021-10-01 00:00:00,PRAJIND,8,0.634898591721526,0.24437686856541535,533.1271638433415,2021-08-10 00:00:00,374.70001220703125,349.45001220703125,200000.0,186301.29391295562,-13698.706087044382,-0.06849353043522191,52
2021-10-01 00:00:00,ADANIENT,16,0.554062984026959,0.2583170178465164,134.54884495925447,2021-08-10 00:00:00,1484.685764939077,1455.4508056640625,200000.0,195829.22479711595,-4170.775202884048,-0.02085387601442024,52
2021-10-01 00:00:00,ADANIENSOL,2,0.7091248787139957,0.24503243271763225,119.70517003478076,2021-09-22 00:00:00,1560.800048828125,1577.8499755859375,187057.7279756905,188876.79961688933,1819.071641198825,0.009724653778726675,9
2021-10-01 00:00:00,IRCTC,1,0.7886944942203888,0.252273680870436,265.80892923129744,2021-09-22 00:00:00,702.8952555340493,725.7767333984375,187057.7279756905,192917.9363656275,5860.2083899370045,0.03132834154116627,9
2021-10-04 00:00:00,PRAJIND,9,0.5957337892210164,0.32895466324714956,533.1271638433415,2021-08-10 00:00:00,374.70001220703125,351.54998779296875,200000.0,187420.84794122673,-12579.152058773267,-0.06289576029386633,55
2021-10-04 00:00:00,ADANIENSOL,2,0.7204907296110153,0.33113330731635915,119.70517003478076,2021-09-22 00:00:00,1560.800048828125,1636.0,187057.7279756905,195837.65817690134,8779.930201210838,0.04693700867761985,12
2021-10-04 00:00:00,IRCTC,1,0.7758456524479163,0.3399120294364913,265.80892923129744,2021-09-22 00:00:00,702.8952555340493,766.967041015625,187057.7279756905,203866.68792805987,16808.95995236936,0.08985974615576324,12
2021-10-05 00:00:00,PRAJIND,9,0.5887674297996152,0.31493066824649085,533.1271638433415,2021-08-10 00:00:00,374.70001220703125,349.20001220703125,200000.0,186168.01212199478,-13831.987878005224,-0.06915993939002613,56
2021-10-05 00:00:00,ADANIENSOL,2,0.7501481373595759,0.33644753654439413,119.70517003478076,2021-09-22 00:00:00,1560.800048828125,1717.800048828125,187057.7279756905,205629.5469307254,18571.81895503489,0.09928389035842684,13
2021-10-05 00:00:00,IRCTC,1,0.800590415107061,0.3486217952091151,265.80892923129744,2021-09-22 00:00:00,702.8952555340493,797.0418090820312,187057.7279756905,211860.82982467092,24803.101848980412,0.13259597514305185,13
2021-10-06 00:00:00,PRAJIND,10,0.5778259898314495,0.30614718326097257,533.1271638433415,2021-08-10 00:00:00,374.70001220703125,342.45001220703125,200000.0,182569.40376605224,-17430.596233947756,-0.08715298116973878,57
2021-10-06 00:00:00,ADANIENSOL,2,0.7801988936146278,0.34350584382246135,119.70517003478076,2021-09-22 00:00:00,1560.800048828125,1764.5,187057.7279756905,211219.77252637065,24162.044550680148,0.1291689192002812,14
2021-10-06 00:00:00,IRCTC,1,0.8263885330942585,0.35034697291656597,265.80892923129744,2021-09-22 00:00:00,702.8952555340493,853.9107055664062,187057.7279756905,226977.09030574813,39919.36233005763,0.21340664596998332,14
2021-10-07 00:00:00,PRAJIND,10,0.5607805071968354,0.29003150598098365,533.1271638433415,2021-08-10 00:00:00,374.70001220703125,342.29998779296875,200000.0,182489.42167567584,-17510.57832432416,-0.0875528916216208,58
2021-10-07 00:00:00,ADANIENSOL,2,0.7255640528254753,0.340186369835352,119.70517003478076,2021-09-22 00:00:00,1560.800048828125,1764.300048828125,187057.7279756905,211195.8373373427,24138.109361652198,0.12904096303783352,15
2021-10-07 00:00:00,IRCTC,1,0.8645278333975769,0.3697821241836644,265.80892923129744,2021-09-22 00:00:00,702.8952555340493,897.444580078125,187057.7279756905,238548.78287499776,51491.05489930726,0.27526825786101117,15
2021-10-08 00:00:00,PRAJIND,11,0.5240505767819496,0.2849618678987916,533.1271638433415,2021-08-10 00:00:00,374.70001220703125,340.5,200000.0,181529.79928865776,-18470.200711342244,-0.09235100355671122,59
2021-10-08 00:00:00,ADANIENSOL,2,0.7019000476474612,0.32732485926620136,119.70517003478076,2021-09-22 00:00:00,1560.800048828125,1678.699951171875,187057.7279756905,200949.06309240745,13891.335116716946,0.07426228933199822,16
2021-10-08 00:00:00,IRCTC,1,0.8737775884164323,0.38771327283500717,265.80892923129744,2021-09-22 00:00:00,702.8952555340493,932.9624633789062,187057.7279756905,247989.75340374061,60932.02542805011,0.32573915062182657,16
2021-10-11 00:00:00,PRAJIND,11,0.5241964732497773,0.2870919969165836,533.1271638433415,2021-08-10 00:00:00,374.70001220703125,338.45001220703125,200000.0,180436.89511067886,-19563.10488932114,-0.09781552444660571,62
2021-10-11 00:00:00,ADANIENSOL,3,0.6623502741490217,0.3184285930689382,119.70517003478076,2021-09-22 00:00:00,1560.800048828125,1696.699951171875,187057.7279756905,203103.75615303352,16046.028177343018,0.08578115617563961,19
2021-10-11 00:00:00,IRCTC,1,0.9034957831518657,0.3944794100144781,265.80892923129744,2021-09-22 00:00:00,702.8952555340493,913.0655517578125,187057.7279756905,242700.97663072794,55643.24865503743,0.29746565008139453,19
2021-10-12 00:00:00,PRAJIND,13,0.5083983174201677,0.2884935343537335,533.1271638433415,2021-08-10 00:00:00,374.70001220703125,339.04998779296875,200000.0,180756.75839318498,-19243.24160681502,-0.0962162080340751,63
2021-10-12 00:00:00,ADANIENSOL,2,0.6924831822449261,0.3243611388493116,119.70517003478076,2021-09-22 00:00:00,1560.800048828125,1688.800048828125,187057.7279756905,202158.09699971677,15100.369024026266,0.08072571599922708,20
2021-10-12 00:00:00,IRCTC,1,0.8894581964913095,0.38714532679695485,265.80892923129744,2021-09-22 00:00:00,702.8952555340493,921.617431640625,187057.7279756905,244974.142665293,57916.414689602505,0.30961786672149233,20
2021-10-13 00:00:00,PRAJIND,13,0.5055589706908367,0.28903011729513856,533.1271638433415,2021-08-10 00:00:00,374.70001220703125,341.3999938964844,200000.0,182009.6104821668,-17990.389517833188,-0.08995194758916594,64
2021-10-13 00:00:00,ADANIENSOL,2,0.6900865849642989,0.3176139732396005,119.70517003478076,2021-09-22 00:00:00,1560.800048828125,1702.75,187057.7279756905,203827.97827672295,16770.250301032444,0.08965280655612293,21
2021-10-13 00:00:00,IRCTC,1,0.8921442217652141,0.39335590946526106,265.80892923129744,2021-09-22 00:00:00,702.8952555340493,942.9586791992188,187057.7279756905,250646.83682730285,63589.10885161234,0.33994376783982005,21
2021-10-14 00:00:00,PRAJIND,16,0.48554647977550863,0.2902014924244931,533.1271638433415,2021-08-10 00:00:00,374.70001220703125,338.1000061035156,200000.0,180250.29734938373,-19749.702650616266,-0.09874851325308133,65
2021-10-14 00:00:00,ADANIENSOL,2,0.6698677329411256,0.3117573721844926,119.70517003478076,2021-09-22 00:00:00,1560.800048828125,1687.300048828125,187057.7279756905,201978.5392446646,14920.811268974096,0.07976581042892364,22
2021-10-14 00:00:00,IRCTC,1,0.8884438753423626,0.39804113539101416,265.80892923129744,2021-09-22 00:00:00,702.8952555340493,1045.2650146484375,187057.7279756905,277840.7743066376,90783.04633094708,0.48532101460542165,22
2021-10-18 00:00:00,ADANIENSOL,2,0.638542052166177,0.4168854031617046,119.70517003478076,2021-09-22 00:00:00,1560.800048828125,1748.199951171875,187057.7279756905,209268.57240982473,22210.844434134226,0.11873791408939108,26
2021-10-18 00:00:00,IRCTC,1,0.9187848247834182,0.5831145968382955,265.80892923129744,2021-09-22 00:00:00,702.8952555340493,1124.49853515625,187057.7279756905,298901.7515520453,111844.02357635478,0.5979118039479755,26
2021-10-19 00:00:00,ADANIENSOL,2,0.6242173431997099,0.4015255296141822,119.70517003478076,2021-09-22 00:00:00,1560.800048828125,1745.050048828125,187057.7279756905,208891.51281417318,21833.78483848268,0.1167221748856061,27
2021-10-19 00:00:00,IRCTC,1,0.9358348386671994,0.5984744703858178,265.80892923129744,2021-09-22 00:00:00,702.8952555340493,1043.6005859375,187057.7279756905,277398.35429320147,90340.62631751096,0.4829558623167463,27
2021-10-20 00:00:00,ADANIENSOL,2,0.6603245309853438,0.4490669983188036,119.70517003478076,2021-09-22 00:00:00,1560.800048828125,1710.199951171875,187057.7279756905,204719.77594850305,17662.04797281255,0.09442030630837053,28
2021-10-20 00:00:00,IRCTC,1,0.9140517051802438,0.5509330016811965,265.80892923129744,2021-09-22 00:00:00,702.8952555340493,848.3624877929688,187057.7279756905,225502.32448024867,38444.59650455817,0.2055226315458847,28
2021-10-21 00:00:00,ADANIENSOL,2,0.7485244868411123,0.4779717628954408,119.70517003478076,2021-09-22 00:00:00,1560.800048828125,1789.5999755859375,187057.7279756905,214224.36937175415,27166.641396063642,0.14523132345322906,29
2021-10-21 00:00:00,IRCTC,1,0.825656290240755,0.5220282371045591,265.80892923129744,2021-09-22 00:00:00,702.8952555340493,874.9362182617188,187057.7279756905,232565.8593218282,45508.1313461377,0.24328388802012932,29
2021-10-22 00:00:00,ADANIENSOL,2,0.7700061446272686,0.207300172573145,119.70517003478076,2021-09-22 00:00:00,1560.800048828125,1809.0,187057.7279756905,216546.6525929184,29488.924617227894,0.15764611778594997,30
2021-10-22 00:00:00,IRCTC,1,0.816383184336632,0.22974578544582056,265.80892923129744,2021-09-22 00:00:00,702.8952555340493,884.3682250976562,187057.7279756905,235072.97095939104,48015.24298370053,0.25668676457965134,30
2021-10-22 00:00:00,INDHOTEL,3,0.577424347755226,0.18765134732701147,922.9376090331441,2021-10-22 00:00:00,208.2793449751893,195.52462768554688,192457.13832375585,180457.03238319434,-12000.105940561509,-0.06235209587484696,0
2021-10-22 00:00:00,BAJAJFINSV,4,0.5767255573303347,0.1876513473270115,103.64460895269386,2021-10-22 00:00:00,1854.6921311665035,1860.490478515625,192457.13832375588,192829.80810596223,372.6697822063579,0.001936378070734088,0
2021-10-22 00:00:00,ARVIND,5,0.5624532464038007,0.1876513473270115,1434.543587032766,2021-10-22 00:00:00,134.0,129.3000030517578,192457.13832375588,185486.49018121624,-6970.648142539634,-0.03621922368404672,0
2021-10-25 00:00:00,ADANIENSOL,2,0.7572818374607349,0.21431456867852247,119.70517003478076,2021-09-22 00:00:00,1560.800048828125,1869.9000244140625,187057.7279756905,223836.70037052606,36778.97239483555,0.19661829956373278,33
2021-10-25 00:00:00,IRCTC,1,0.8208099570190938,0.23334217363518472,265.80892923129744,2021-09-22 00:00:00,702.8952555340493,769.5402221679688,187057.7279756905,204550.66245488252,17492.934479192016,0.0935162351670675,33
2021-10-25 00:00:00,INDHOTEL,7,0.5278518135724043,0.18041102210576745,922.9376090331441,2021-10-22 00:00:00,208.2793449751893,196.67111206054688,192457.13832375585,181515.1659310507,-10941.972392705153,-0.05685407404477933,3
2021-10-25 00:00:00,BAJAJFINSV,4,0.5723626188214317,0.1892822274424415,103.64460895269386,2021-10-22 00:00:00,1854.6921311665035,1803.5535888671875,192457.13832375588,186928.60644336723,-5528.531880388648,-0.028726042216674876,3
2021-10-25 00:00:00,ARVIND,6,0.5348525246582714,0.18265000813808382,1434.543587032766,2021-10-22 00:00:00,134.0,124.69999694824219,192457.13832375588,178887.58092510633,-13569.557398649544,-0.07050690619655021,3
2021-10-26 00:00:00,ADANIENSOL,1,0.8182321946022438,0.2272238240251208,119.70517003478076,2021-09-22 00:00:00,1560.800048828125,1854.8499755859375,187057.7279756905,222035.1317165236,34977.403740833106,0.18698721576142885,34
2021-10-26 00:00:00,IRCTC,2,0.7196550270053403,0.2106672460688562,265.80892923129744,2021-09-22 00:00:00,702.8952555340493,801.5187377929688,187057.7279756905,213050.83745157009,25993.10947587958,0.13895768839476963,34
2021-10-26 00:00:00,INDHOTEL,6,0.559449682427735,0.1866410258017546,922.9376090331441,2021-10-22 00:00:00,208.2793449751893,198.19976806640625,192457.13832375585,182926.02005013268,-9531.118273623171,-0.04952332948851034,4
2021-10-26 00:00:00,BAJAJFINSV,4,0.5841363015310976,0.19154554354266543,103.64460895269386,2021-10-22 00:00:00,1854.6921311665035,1830.0975341796875,192457.13832375588,189679.743275343,-2777.3950484128727,-0.014431239457279438,4
2021-10-26 00:00:00,ARVIND,5,0.5606272161552329,0.183922360561603,1434.543587032766,2021-10-22 00:00:00,134.0,136.60000610351562,192457.13832375588,195958.66274443505,3501.5244206791685,0.01819378824384691,4
2021-10-27 00:00:00,ADANIENSOL,1,0.8103811506108688,0.2174522737477264,119.70517003478076,2021-09-22 00:00:00,1560.800048828125,1874.25,187057.7279756905,224357.41493768783,37299.68696199733,0.1994020100941496,35
2021-10-27 00:00:00,IRCTC,2,0.739885926960329,0.21433181934830411,265.80892923129744,2021-09-22 00:00:00,702.8952555340493,790.1641845703125,187057.7279756905,210032.69581755606,22974.967841865553,0.12282287447034167,35
2021-10-27 00:00:00,INDHOTEL,9,0.5299234246572492,0.1827401286997804,922.9376090331441,2021-10-22 00:00:00,208.2793449751893,194.7602996826172,192457.13832375585,179751.60532365332,-12705.533000102529,-0.06601746815298161,5
2021-10-27 00:00:00,BAJAJFINSV,6,0.5648285290907569,0.19059908957114027,103.64460895269386,2021-10-22 00:00:00,1854.6921311665035,1796.06005859375,192457.13832375588,186151.94242850164,-6305.195895254234,-0.032761559016052114,5
2021-10-27 00:00:00,ARVIND,4,0.6207694736400495,0.1948766886330488,1434.543587032766,2021-10-22 00:00:00,134.0,130.64999389648438,192457.13832375588,187423.1108900717,-5034.027433684183,-0.026156615844593018,5
2021-10-28 00:00:00,ADANIENSOL,1,0.8315356317211987,0.22377582743523985,119.70517003478076,2021-09-22 00:00:00,1560.800048828125,1793.0,187057.7279756905,214631.36987236192,27573.64189667141,0.14740712503604664,36
2021-10-28 00:00:00,IRCTC,2,0.726979709662761,0.21142261733014567,265.80892923129744,2021-09-22 00:00:00,702.8952555340493,873.8361206054688,187057.7279756905,232273.44354177054,45215.715566080034,0.24172064985177272,36
2021-10-28 00:00:00,INDHOTEL,13,0.5157667002359761,0.18262693904806568,922.9376090331441,2021-10-22 00:00:00,208.2793449751893,190.41317749023438,192457.13832375585,175739.48276124062,-16717.655562515225,-0.08686430499861428,6
2021-10-28 00:00:00,BAJAJFINSV,7,0.5533783802603361,0.18945493831868246,103.64460895269386,2021-10-22 00:00:00,1854.6921311665035,1793.636962890625,192457.13832375588,185900.8016218963,-6556.3367018595745,-0.034066477133367495,6
2021-10-28 00:00:00,ARVIND,5,0.5877075956238242,0.19271967786786626,1434.543587032766,2021-10-22 00:00:00,134.0,130.9499969482422,192457.13832375588,187853.47834406112,-4603.659979694756,-0.023920442856997966,6
2021-10-29 00:00:00,ADANIENSOL,2,0.760418972876611,0.21766657107562443,119.70517003478076,2021-09-22 00:00:00,1560.800048828125,1767.4000244140625,187057.7279756905,211566.92044196103,24509.192466270528,0.1310247522596643,37
2021-10-29 00:00:00,IRCTC,1,0.8114395675812832,0.21536554703691205,265.80892923129744,2021-09-22 00:00:00,702.8952555340493,808.9800415039062,187057.7279756905,215034.1186016439,27976.390625953383,0.14956019689060435,37
2021-10-29 00:00:00,INDHOTEL,12,0.4937244749424456,0.18191508022580108,922.9376090331441,2021-10-22 00:00:00,208.2793449751893,187.88134765625,192457.13832375585,173402.7617877843,-19054.37653597156,-0.09900581865619268,7
2021-10-29 00:00:00,BAJAJFINSV,7,0.5265154978988652,0.19152054565626833,103.64460895269386,2021-10-22 00:00:00,1854.6921311665035,1777.0294189453125,192457.13832375588,184179.5192240197,-8277.619099736185,-0.04301019526649815,7
2021-10-29 00:00:00,ARVIND,5,0.5351414154610387,0.19353225600539414,1434.543587032766,2021-10-22 00:00:00,134.0,131.35000610351562,192457.13832375588,188427.30891251302,-4029.8294112428557,-0.020938840961376985,7
2021-11-01 00:00:00,ADANIENSOL,1,0.7811216946751058,0.21759455092469043,119.70517003478076,2021-09-22 00:00:00,1560.800048828125,1760.550048828125,187057.7279756905,210746.94294971228,23689.214974021772,0.12664119911207494,40
2021-11-01 00:00:00,IRCTC,2,0.7779747179779238,0.22649909639113303,265.80892923129744,2021-09-22 00:00:00,702.8952555340493,818.3067626953125,187057.7279756905,217513.24437477044,30455.516399079934,0.16281346260678334,40
2021-11-01 00:00:00,INDHOTEL,11,0.5179703073527626,0.17386318276654686,922.9376090331441,2021-10-22 00:00:00,208.2793449751893,197.29212951660156,192457.13832375585,182088.32629710966,-10368.812026646192,-0.053875954495403215,10
2021-11-01 00:00:00,BAJAJFINSV,12,0.5167718950922061,0.18850514285002856,103.64460895269386,2021-10-22 00:00:00,1854.6921311665035,1751.55712890625,192457.13832375588,181539.45368379148,-10917.684639964398,-0.05672787580161571,10
2021-11-01 00:00:00,ARVIND,6,0.5740177750152603,0.19353802706760118,1434.543587032766,2021-10-22 00:00:00,134.0,143.60000610351562,192457.13832375588,206000.4678536644,13543.329529908515,0.07037062718414534,10
2021-11-02 00:00:00,ADANIENSOL,1,0.7972859165206304,0.21058658576593536,119.70517003478076,2021-09-22 00:00:00,1560.800048828125,1758.300048828125,187057.7279756905,210477.60631713402,23419.878341443517,0.1252013407566198,41
2021-11-02 00:00:00,IRCTC,2,0.783367818562603,0.22084497358026858,265.80892923129744,2021-09-22 00:00:00,702.8952555340493,811.3715209960938,187057.7279756905,215669.79520474086,28612.067229050357,0.1529584879421218,41
2021-11-02 00:00:00,INDHOTEL,10,0.5499999332506195,0.18295831414416877,922.9376090331441,2021-10-22 00:00:00,208.2793449751893,194.1870574951172,192457.13832375585,179222.53854972514,-13234.599774030707,-0.06876647906801543,11
2021-11-02 00:00:00,BAJAJFINSV,17,0.5149580069884729,0.18244289575056033,103.64460895269386,2021-10-22 00:00:00,1854.6921311665035,1749.25390625,192457.13832375588,181300.73707225345,-11156.401251502422,-0.057968238272019114,11
2021-11-02 00:00:00,ARVIND,3,0.6809709577242498,0.2031672307590669,1434.543587032766,2021-10-22 00:00:00,134.0,139.5,192457.13832375588,200118.83039107086,7661.692067314987,0.03980986173880602,11
2021-11-03 00:00:00,ADANIENSOL,1,0.7952551627165922,0.2593043223467308,119.70517003478076,2021-09-22 00:00:00,1560.800048828125,1843.3499755859375,187057.7279756905,220658.5222611236,33600.794285433105,0.17962793972243568,42
2021-11-03 00:00:00,IRCTC,2,0.7643364936762632,0.2658997380147962,265.80892923129744,2021-09-22 00:00:00,702.8952555340493,784.2523803710938,187057.7279756905,208461.2854735366,21403.557497846108,0.11442220393389817,42
2021-11-03 00:00:00,INDHOTEL,13,0.5326363541132927,0.22476751532624425,922.9376090331441,2021-10-22 00:00:00,208.2793449751893,194.28257751464844,192457.13832375585,179310.6975681661,-13146.440755589749,-0.06830840814786772,12
2021-11-03 00:00:00,ARVIND,5,0.61980261728971,0.2500284243122288,1434.543587032766,2021-10-22 00:00:00,134.0,135.3000030517578,192457.13832375588,194093.75170341285,1636.6133796569775,0.008503781121923513,12
2021-11-04 00:00:00,ADANIENSOL,1,0.8198009243675722,0.2744622830209331,119.70517003478076,2021-09-22 00:00:00,1560.800048828125,1817.5,187057.7279756905,217564.14653821403,30506.418562523526,0.16308558268433612,43
2021-11-04 00:00:00,IRCTC,2,0.7126547224891576,0.26100601440121785,265.80892923129744,2021-09-22 00:00:00,702.8952555340493,786.5482177734375,187057.7279756905,209071.53955514278,22013.811579452275,0.11768458762801356,43
2021-11-04 00:00:00,INDHOTEL,11,0.540519042999245,0.22397936030658083,922.9376090331441,2021-10-22 00:00:00,208.2793449751893,205.79527282714844,192457.13832375585,189936.19705341195,-2520.941270343901,-0.013098715341506926,13
2021-11-04 00:00:00,ARVIND,9,0.5611566587797564,0.24055234227126812,1434.543587032766,2021-10-22 00:00:00,134.0,135.3000030517578,192457.13832375588,194093.75170341285,1636.6133796569775,0.008503781121923513,13
2021-11-08 00:00:00,ADANIENSOL,1,0.7918512479290929,0.2702733868197047,119.70517003478076,2021-09-22 00:00:00,1560.800048828125,1844.5,187057.7279756905,220796.18612915312,33738.45815346262,0.18036388294979813,47
2021-11-08 00:00:00,IRCTC,2,0.7111634366703034,0.2541520442606727,265.80892923129744,2021-09-22 00:00:00,702.8952555340493,796.68798828125,187057.7279756905,211766.78109647552,24709.053120785014,0.13209319597849564,47
2021-11-08 00:00:00,INDHOTEL,8,0.5662315855093388,0.23352877740757316,922.9376090331441,2021-10-22 00:00:00,208.2793449751893,203.693359375,192457.13832375585,187996.26207749147,-4460.876246264379,-0.023178543987078255,17
2021-11-08 00:00:00,ARVIND,10,0.5351704831576564,0.24204579151204936,1434.543587032766,2021-10-22 00:00:00,134.0,140.25,192457.13832375588,201194.73808134542,8737.599757589545,0.04540023733955221,17
2021-11-09 00:00:00,ADANIENSOL,1,0.7802440135066854,0.2655131621593433,119.70517003478076,2021-09-22 00:00:00,1560.800048828125,1859.800048828125,187057.7279756905,222627.68107566427,35569.95309997376,0.1901549510138193,48
2021-11-09 00:00:00,IRCTC,2,0.7276612628592751,0.25931928991584535,265.80892923129744,2021-09-22 00:00:00,702.8952555340493,818.8328247070312,187057.7279756905,217653.07635481466,30595.34837912416,0.16356099643795655,48
2021-11-09 00:00:00,INDHOTEL,10,0.5582876566575399,0.2304799416490138,922.9376090331441,2021-10-22 00:00:00,208.2793449751893,210.04684448242188,192457.13832375585,193860.1324315631,1402.9941078072588,0.007289904235441295,18
2021-11-09 00:00:00,ARVIND,9,0.5746585919972815,0.24468760627579755,1434.543587032766,2021-10-22 00:00:00,134.0,139.9499969482422,192457.13832375588,200764.370627356,8307.232303600118,0.04316406435195715,18
2021-11-10 00:00:00,ADANIENSOL,1,0.7481721231698013,0.2643543509160081,119.70517003478076,2021-09-22 00:00:00,1560.800048828125,1872.8499755859375,187057.7279756905,224189.82477714965,37132.09680145915,0.19850608260507008,49
2021-11-10 00:00:00,IRCTC,2,0.736811916924218,0.26264878502753375,265.80892923129744,2021-09-22 00:00:00,702.8952555340493,812.9498291015625,187057.7279756905,216089.32359225256,29031.59561656206,0.15520126289748865,49
2021-11-10 00:00:00,INDHOTEL,7,0.5652216866822851,0.23367108791407637,922.9376090331441,2021-10-22 00:00:00,208.2793449751893,205.6997528076172,192457.13832375585,189848.038034971,-2609.100288784859,-0.013556786261654635,19
2021-11-10 00:00:00,ARVIND,8,0.560175037461424,0.23932577614238168,1434.543587032766,2021-10-22 00:00:00,134.0,137.4499969482422,192457.13832375588,197178.01165977409,4720.873336018209,0.024529479016136287,19
2021-11-11 00:00:00,ADANIENSOL,1,0.7393116408023822,0.2662755576760734,119.70517003478076,2021-09-22 00:00:00,1560.800048828125,1893.699951171875,187057.7279756905,226685.67464988533,39627.94667419483,0.21184875440882486,50
2021-11-11 00:00:00,IRCTC,2,0.6982570974060301,0.2609681412642395,265.80892923129744,2021-09-22 00:00:00,702.8952555340493,810.5105590820312,187057.7279756905,215440.94384025497,28383.215864564467,0.15173506153273214,50
2021-11-11 00:00:00,INDHOTEL,6,0.5502233838531295,0.2352557976759494,922.9376090331441,2021-10-22 00:00:00,208.2793449751893,204.84243774414062,192457.13832375585,189056.78972009782,-3400.348603658029,-0.017668082531383605,20
2021-11-11 00:00:00,ARVIND,7,0.5496159669079175,0.2375005033837376,1434.543587032766,2021-10-22 00:00:00,134.0,134.10000610351562,192457.13832375588,192372.30377685314,-84.83454690274084,-0.0004407970919739552,20
2021-11-12 00:00:00,ADANIENSOL,1,0.7277983083774984,0.2772445627776447,119.70517003478076,2021-09-22 00:00:00,1560.800048828125,1988.3499755859375,187057.7279756905,238015.77191616682,50958.04394047632,0.272418811518435,51
2021-11-12 00:00:00,IRCTC,3,0.6777612078404117,0.26030897901150074,265.80892923129744,2021-09-22 00:00:00,702.8952555340493,827.2985229492188,187057.7279756905,219903.33453976578,32845.60656407528,0.1755907490138221,51
2021-11-12 00:00:00,INDHOTEL,7,0.5397600708922485,0.23001409542917675,922.9376090331441,2021-10-22 00:00:00,208.2793449751893,211.1483154296875,192457.13832375585,194876.7213940519,2419.5830702960666,0.012572061973746008,21
2021-11-12 00:00:00,ARVIND,6,0.5448155498705926,0.2324323627816777,1434.543587032766,2021-10-22 00:00:00,134.0,135.64999389648438,192457.13832375588,194595.8288252355,2138.6905014796357,0.011112554827048716,21
2021-11-15 00:00:00,ADANIENSOL,1,0.7297156266458388,0.280378947312205,119.70517003478076,2021-09-22 00:00:00,1560.800048828125,1935.8499755859375,187057.7279756905,231731.25048934083,44673.52251365033,0.23882211655781457,54
2021-11-15 00:00:00,IRCTC,3,0.6754453041697099,0.2615655205181536,265.80892923129744,2021-09-22 00:00:00,702.8952555340493,864.1746826171875,187057.7279756905,229705.34705527092,42647.619079580414,0.22799175175014838,54
2021-11-15 00:00:00,INDHOTEL,6,0.5446355067283366,0.2294575694765085,922.9376090331441,2021-10-22 00:00:00,208.2793449751893,213.06964111328125,192457.13832375585,196649.9851266419,4192.846802886052,0.021785873152871824,24
2021-11-15 00:00:00,ARVIND,7,0.5169004026166858,0.22859796269313296,1434.543587032766,2021-10-22 00:00:00,134.0,130.6999969482422,192457.13832375588,187494.84244730292,-4962.295876452961,-0.02578390139058013,24
2021-11-16 00:00:00,ADANIENSOL,1,0.6975812523923074,0.2703243203276096,119.70517003478076,2021-09-22 00:00:00,1560.800048828125,1877.9000244140625,187057.7279756905,224794.3417308043,37736.613755113794,0.20173779593868443,55
2021-11-16 00:00:00,IRCTC,3,0.6876536391867132,0.2740241924830602,265.80892923129744,2021-09-22 00:00:00,702.8952555340493,881.058349609375,187057.7279756905,234193.17649996208,47135.448524271575,0.25198343331956413,55
2021-11-16 00:00:00,INDHOTEL,6,0.5491703870816158,0.23425064927856845,922.9376090331441,2021-10-22 00:00:00,208.2793449751893,213.7100830078125,192457.13832375585,197241.07303750524,4783.93471374939,0.024857143545913812,25
2021-11-16 00:00:00,ARVIND,12,0.48591655281182794,0.22140083791076168,1434.543587032766,2021-10-22 00:00:00,134.0,128.4499969482422,192457.13832375588,184267.1193764792,-8190.018947276665,-0.04255502819281883,25
2021-11-17 00:00:00,ADANIENSOL,3,0.6656998547886148,0.3436970267034944,119.70517003478076,2021-09-22 00:00:00,1560.800048828125,1857.5,187057.7279756905,222352.35333960527,35294.62536391476,0.18868306455909456,56
2021-11-17 00:00:00,IRCTC,1,0.7097539978893533,0.3557946440365426,265.80892923129744,2021-09-22 00:00:00,702.8952555340493,864.365966796875,187057.7279756905,229756.19209825253,42698.46412256203,0.22826356646495247,56
2021-11-17 00:00:00,INDHOTEL,7,0.5515574903736723,0.30050832925996307,922.9376090331441,2021-10-22 00:00:00,208.2793449751893,212.37994384765625,192457.13832375585,196013.43758134925,3556.299257593404,0.018478396221453294,26
2021-11-18 00:00:00,ADANIENSOL,5,0.6444961950894154,0.34534549613414195,119.70517003478076,2021-09-22 00:00:00,1560.800048828125,1913.300048828125,187057.7279756905,229031.90767252503,41974.17969683453,0.22439158302130868,57
2021-11-18 00:00:00,IRCTC,1,0.6970265242814937,0.3525350150040485,265.80892923129744,2021-09-22 00:00:00,702.8952555340493,851.9783935546875,187057.7279756905,226463.4645189724,39405.736543281906,0.21066083165728905,57
2021-11-18 00:00:00,INDHOTEL,6,0.5395151356621468,0.3021194888618096,922.9376090331441,2021-10-22 00:00:00,208.2793449751893,207.40420532226562,192457.13832375585,191421.14136355114,-1035.9969602047058,-0.005383000959215801,27
2021-11-22 00:00:00,ADANIENSOL,5,0.6510172602797768,0.35287638404525706,119.70517003478076,2021-09-22 00:00:00,1560.800048828125,1913.449951171875,187057.7279756905,229049.85175807224,41992.123782381736,0.22448751108448678,61
2021-11-22 00:00:00,IRCTC,1,0.6939936162917681,0.3541916578112809,265.80892923129744,2021-09-22 00:00:00,702.8952555340493,848.247802734375,187057.7279756905,225471.84016762505,38414.112191934546,0.20535966414029544,61
2021-11-22 00:00:00,INDHOTEL,7,0.5198266203182612,0.2929319581434621,922.9376090331441,2021-10-22 00:00:00,208.2793449751893,198.97994995117188,192457.13832375585,183646.07925346924,-8811.059070286603,-0.045781929145514134,31
2021-11-23 00:00:00,ADANIENSOL,5,0.5896771585324669,0.22673350097462863,119.70517003478076,2021-09-22 00:00:00,1560.800048828125,1954.550048828125,187057.7279756905,233969.74593645975,46912.01796076924,0.25078898620465334,62
2021-11-23 00:00:00,IRCTC,3,0.6549573596435972,0.22430715985353689,265.80892923129744,2021-09-22 00:00:00,702.8952555340493,854.0350341796875,187057.7279756905,227010.13796131723,39952.40998562673,0.21358331686151363,62
2021-11-23 00:00:00,INDHOTEL,8,0.4760928628739072,0.18303636706689688,922.9376090331441,2021-10-22 00:00:00,208.2793449751893,204.20201110839844,192457.13832375585,188465.7158921448,-3991.4224316110485,-0.020739279750157075,32
2021-11-23 00:00:00,JBMA,1,0.7552191881862779,0.18296148605246879,998.317704794398,2021-11-23 00:00:00,182.1958328816256,186.89990234375,182105.34379904153,186585.48153410963,4480.1377350681,0.024601901523615147,0
2021-11-23 00:00:00,LTTS,4,0.6625146099122148,0.18296148605246879,36.289480760155236,2021-11-23 00:00:00,5012.177686080237,5077.75732421875,182105.34379904153,184269.17672197366,2163.832922932139,0.01188231425718067,0
2021-11-24 00:00:00,ADANIENSOL,6,0.587485894356861,0.22431941316685458,119.70517003478076,2021-09-22 00:00:00,1560.800048828125,1937.0,187057.7279756905,231868.91435737035,44811.18638167984,0.239558059785177,63
2021-11-24 00:00:00,IRCTC,2,0.6944709722280183,0.22331325337580982,265.80892923129744,2021-09-22 00:00:00,702.8952555340493,825.3375854492188,187057.7279756905,219382.09984260128,32324.371866910777,0.17280425789792314,63
2021-11-24 00:00:00,INDHOTEL,11,0.5020802839137734,0.18525681440013214,922.9376090331441,2021-10-22 00:00:00,208.2793449751893,203.11817932128906,192457.13832375585,187465.40677395594,-4991.731549799908,-0.02593684803419815,33
2021-11-24 00:00:00,JBMA,1,0.7197272517783584,0.18468828132268783,998.317704794398,2021-11-23 00:00:00,182.1958328816256,187.10874938964844,182105.34379904153,186793.97723762403,4688.633438582503,0.025746819619728155,1
2021-11-24 00:00:00,LTTS,4,0.6198908534619897,0.1824222377345156,36.289480760155236,2021-11-23 00:00:00,5012.177686080237,4998.72265625,182105.34379904153,181401.04965933645,-704.2941397050745,-0.0038675094591528476,1
2021-11-25 00:00:00,ADANIENSOL,7,0.5617750693999914,0.23146444883154194,119.70517003478076,2021-09-22 00:00:00,1560.800048828125,2029.5999755859375,187057.7279756905,242953.61018010153,55895.88220441103,0.29881621470177966,64
2021-11-25 00:00:00,IRCTC,2,0.7195619425449454,0.21770149611398934,265.80892923129744,2021-09-22 00:00:00,702.8952555340493,827.9682006835938,187057.7279756905,220081.34086127006,33023.612885579554,0.17654236070840768,64
2021-11-25 00:00:00,INDHOTEL,8,0.5287256529693268,0.18675304749268745,922.9376090331441,2021-10-22 00:00:00,208.2793449751893,202.52700805664062,192457.13832375585,186919.7925804322,-5537.345743323647,-0.028771838714595228,34
2021-11-25 00:00:00,JBMA,1,0.7521201880059227,0.18695519356508294,998.317704794398,2021-11-23 00:00:00,182.1958328816256,186.47227478027344,182105.34379904153,186158.5733664329,4053.2295673913613,0.022257609155414002,2
2021-11-25 00:00:00,LTTS,3,0.6392387871647685,0.17712581399669836,36.289480760155236,2021-11-23 00:00:00,5012.177686080237,5046.87890625,182105.34379904153,183148.61496719267,1043.2711681511428,0.005728943184129854,2
2021-11-26 00:00:00,ADANIENSOL,7,0.6136657349443961,0.2365657029160052,119.70517003478076,2021-09-22 00:00:00,1560.800048828125,1993.8499755859375,187057.7279756905,238674.1503513581,51616.42237566761,0.27593846527621424,65
2021-11-26 00:00:00,IRCTC,2,0.7239061750226959,0.21934009647032615,265.80892923129744,2021-09-22 00:00:00,702.8952555340493,787.3135375976562,187057.7279756905,209274.96839813783,22217.24042244733,0.11877210668000104,65
2021-11-26 00:00:00,INDHOTEL,14,0.5192235883961659,0.18525565990929582,922.9376090331441,2021-10-22 00:00:00,208.2793449751893,179.3726348876953,192457.13832375585,165549.75076922463,-26907.38755453122,-0.13980976641805298,35
2021-11-26 00:00:00,JBMA,1,0.7565792766935805,0.17378437350767667,998.317704794398,2021-11-23 00:00:00,182.1958328816256,180.435546875,182105.34379904153,180132.001019572,-1973.3427794695308,-0.01083627057999556,3
2021-11-26 00:00:00,LTTS,3,0.6584302874286465,0.18505416719669612,36.289480760155236,2021-11-23 00:00:00,5012.177686080237,4986.77734375,182105.34379904153,180967.56047119366,-1137.7833278478647,-0.00624794036304306,3
2021-11-29 00:00:00,GOLDBEES,0,0.0,1.0,22696.87715092337,2021-11-29 00:00:00,41.7599983215332,41.619998931884766,948947.2175887367,944644.0027785504,-4303.214810186299,-0.004534725146379284,0
2021-11-30 00:00:00,GOLDBEES,0,0.0,1.0,22696.87715092337,2021-11-29 00:00:00,41.7599983215332,41.5099983215332,948947.2175887367,942147.3324388744,-6799.885149862268,-0.0071657148298940095,1
2021-12-01 00:00:00,GOLDBEES,0,0.0,1.0,22696.87715092337,2021-11-29 00:00:00,41.7599983215332,41.209999084472656,948947.2175887367,935338.2866099405,-13608.930978796212,-0.014341083177815031,2
2021-12-02 00:00:00,GOLDBEES,0,0.0,1.0,22696.87715092337,2021-11-29 00:00:00,41.7599983215332,40.97999954223633,948947.2175887367,930118.0152550339,-18829.202333702822,-0.019842201952546525,3
2021-12-03 00:00:00,GOLDBEES,0,0.0,1.0,22696.87715092337,2021-11-29 00:00:00,41.7599983215332,40.91999816894531,948947.2175887367,928756.171456561,-20191.046132175718,-0.021277312118034256,4
2021-12-06 00:00:00,GOLDBEES,0,0.0,1.0,22696.87715092337,2021-11-29 00:00:00,41.7599983215332,41.29999923706055,948947.2175887367,937381.0090167922,-11566.208571944502,-0.012188463549462843,7
2021-12-07 00:00:00,GOLDBEES,0,0.0,1.0,22696.87715092337,2021-11-29 00:00:00,41.7599983215332,41.220001220703125,948947.2175887367,935565.3038672102,-13381.913721526507,-0.014101852530354415,8
2021-12-08 00:00:00,GOLDBEES,0,0.0,1.0,22696.87715092337,2021-11-29 00:00:00,41.7599983215332,41.470001220703125,948947.2175887367,941239.523154941,-7707.694433795637,-0.008122363700460385,9
2021-12-09 00:00:00,GOLDBEES,0,0.0,1.0,22696.87715092337,2021-11-29 00:00:00,41.7599983215332,41.349998474121094,948947.2175887367,938515.8355579952,-10431.382030741428,-0.01099258403143585,10
2021-12-10 00:00:00,GOLDBEES,0,0.0,1.0,22696.87715092337,2021-11-29 00:00:00,41.7599983215332,41.27000045776367,948947.2175887367,936700.1304084134,-12247.087180323317,-0.012905973012327298,11
2021-12-13 00:00:00,GOLDBEES,0,0.0,1.0,22696.87715092337,2021-11-29 00:00:00,41.7599983215332,41.54999923706055,948947.2175887367,943055.228304523,-5891.989284213632,-0.006208974719568813,14
2021-12-14 00:00:00,GOLDBEES,0,0.0,1.0,22696.87715092337,2021-11-29 00:00:00,41.7599983215332,41.54999923706055,948947.2175887367,943055.228304523,-5891.989284213632,-0.006208974719568813,15
2021-12-15 00:00:00,GOLDBEES,0,0.0,1.0,22696.87715092337,2021-11-29 00:00:00,41.7599983215332,41.470001220703125,948947.2175887367,941239.523154941,-7707.694433795637,-0.008122363700460385,16
2021-12-16 00:00:00,GOLDBEES,0,0.0,1.0,22696.87715092337,2021-11-29 00:00:00,41.7599983215332,41.720001220703125,948947.2175887367,946913.7424426719,-2033.4751460647676,-0.002142874870566356,17
2021-12-17 00:00:00,GOLDBEES,0,0.0,1.0,22696.87715092337,2021-11-29 00:00:00,41.7599983215332,42.13999938964844,948947.2175887367,956446.3892868364,7499.171698099701,0.007902622568571311,18
2021-12-20 00:00:00,GOLDBEES,0,0.0,1.0,22696.87715092337,2021-11-29 00:00:00,41.7599983215332,41.86000061035156,948947.2175887367,950091.2913907267,1144.0738019900164,0.0012056242758128255,21
2021-12-21 00:00:00,GOLDBEES,0,0.0,1.0,22696.87715092337,2021-11-29 00:00:00,41.7599983215332,41.689998626708984,948947.2175887367,946232.7772525778,-2714.4403361588484,-0.0028604755731896324,22
2021-12-22 00:00:00,GOLDBEES,0,0.0,1.0,22696.87715092337,2021-11-29 00:00:00,41.7599983215332,41.52000045776367,948947.2175887367,942374.3496961441,-6572.867892592563,-0.006926484182433392,23
2021-12-23 00:00:00,GOLDBEES,0,0.0,1.0,22696.87715092337,2021-11-29 00:00:00,41.7599983215332,41.689998626708984,948947.2175887367,946232.7772525778,-2714.4403361588484,-0.0028604755731896324,24
2021-12-24 00:00:00,GOLDBEES,0,0.0,1.0,22696.87715092337,2021-11-29 00:00:00,41.7599983215332,41.709999084472656,948947.2175887367,946686.7251854021,-2260.4924033345887,-0.002382105518027096,25
2021-12-27 00:00:00,GOLDBEES,0,0.0,1.0,22696.87715092337,2021-11-29 00:00:00,41.7599983215332,41.59000015258789,948947.2175887367,943963.1241701716,-4984.093418565113,-0.00525223460924374,28
2021-12-28 00:00:00,GOLDBEES,0,0.0,1.0,22696.87715092337,2021-11-29 00:00:00,41.7599983215332,41.61000061035156,948947.2175887367,944417.0721029958,-4530.1454857408535,-0.004773864554081204,29
2021-12-29 00:00:00,GOLDBEES,0,0.0,1.0,22696.87715092337,2021-11-29 00:00:00,41.7599983215332,41.5,948947.2175887367,941920.4017633199,-7026.815825416823,-0.007404854237595929,30
2021-12-30 00:00:00,GOLDBEES,0,0.0,1.0,22696.87715092337,2021-11-29 00:00:00,41.7599983215332,41.220001220703125,948947.2175887367,935565.3038672102,-13381.913721526507,-0.014101852530354415,31
2021-12-31 00:00:00,GOLDBEES,0,0.0,1.0,22696.87715092337,2021-11-29 00:00:00,41.7599983215332,41.47999954223633,948947.2175887367,941466.4538304956,-7480.7637582410825,-0.007883224292758466,32
2022-01-03 00:00:00,GOLDBEES,0,0.0,1.0,22696.87715092337,2021-11-29 00:00:00,41.7599983215332,41.72999954223633,948947.2175887367,947140.6731182265,-1806.5444705102127,-0.0019037354628644364,35
2022-01-04 00:00:00,GOLDBEES,0,0.0,1.0,22696.87715092337,2021-11-29 00:00:00,41.7599983215332,41.459999084472656,948947.2175887367,941012.5058976713,-7934.711691065342,-0.008361594347921003,36
2022-01-05 00:00:00,GOLDBEES,0,0.0,1.0,22696.87715092337,2021-11-29 00:00:00,41.7599983215332,41.560001373291016,948947.2175887367,943282.2455617927,-5664.972026943928,-0.005969744072108196,37
2022-01-06 00:00:00,GOLDBEES,0,0.0,1.0,22696.87715092337,2021-11-29 00:00:00,41.7599983215332,41.2400016784668,948947.2175887367,936019.2518000344,-12927.965788702248,-0.013623482475191878,38
2022-01-07 00:00:00,GOLDBEES,0,0.0,1.0,22696.87715092337,2021-11-29 00:00:00,41.7599983215332,41.09000015258789,948947.2175887367,932614.6855947099,-16332.531994026736,-0.017211212269031675,39
2022-01-10 00:00:00,GOLDBEES,0,0.0,1.0,22696.87715092337,2021-11-29 00:00:00,41.7599983215332,41.06999969482422,948947.2175887367,932160.7376618856,-16786.479926851112,-0.017689582324194337,42
2022-01-11 00:00:00,GOLDBEES,0,0.0,1.0,22696.87715092337,2021-11-29 00:00:00,41.7599983215332,41.209999084472656,948947.2175887367,935338.2866099405,-13608.930978796212,-0.014341083177815031,43
2022-01-12 00:00:00,GOLDBEES,0,0.0,1.0,22696.87715092337,2021-11-29 00:00:00,41.7599983215332,41.33000183105469,948947.2175887367,938061.9742068861,-10885.243381850538,-0.011470862846839689,44
2022-01-13 00:00:00,GOLDBEES,0,0.0,1.0,22696.87715092337,2021-11-29 00:00:00,41.7599983215332,41.41999816894531,948947.2175887367,940104.6100320227,-8842.607556713978,-0.009318334458246199,45
2022-01-14 00:00:00,GOLDBEES,0,0.0,1.0,22696.87715092337,2021-11-29 00:00:00,41.7599983215332,41.529998779296875,948947.2175887367,942601.2803716987,-6345.937217038008,-0.006687344774731473,46
2022-01-17 00:00:00,GOLDBEES,0,0.0,1.0,22696.87715092337,2021-11-29 00:00:00,41.7599983215332,41.529998779296875,948947.2175887367,942601.2803716987,-6345.937217038008,-0.006687344774731473,49
2022-01-18 00:00:00,GOLDBEES,0,0.0,1.0,22696.87715092337,2021-11-29 00:00:00,41.7599983215332,41.52000045776367,948947.2175887367,942374.3496961441,-6572.867892592563,-0.006926484182433392,50
2022-01-19 00:00:00,GOLDBEES,0,0.0,1.0,22696.87715092337,2021-11-29 00:00:00,41.7599983215332,41.599998474121094,948947.2175887367,944190.0548457261,-4757.162743010558,-0.005013095201541821,51
2022-01-20 00:00:00,GOLDBEES,0,0.0,1.0,22696.87715092337,2021-11-29 00:00:00,41.7599983215332,42.04999923706055,948947.2175887367,954403.6668799847,5456.449291247991,0.005750002940219122,52
2022-01-21 00:00:00,GOLDBEES,0,0.0,1.0,22696.87715092337,2021-11-29 00:00:00,41.7599983215332,41.84000015258789,948947.2175887367,949637.3434579024,690.1258691657567,0.0007272542206502888,53
2022-01-24 00:00:00,GOLDBEES,0,0.0,1.0,22696.87715092337,2021-11-29 00:00:00,41.7599983215332,42.040000915527344,948947.2175887367,954176.7362044301,5229.518615693436,0.005510863532517203,56
2022-01-25 00:00:00,GOLDBEES,0,0.0,1.0,22696.87715092337,2021-11-29 00:00:00,41.7599983215332,42.060001373291016,948947.2175887367,954630.6841372544,5683.466548517696,0.005989233587679739,57
2022-01-27 00:00:00,GOLDBEES,0,0.0,1.0,22696.87715092337,2021-11-29 00:00:00,41.7599983215332,41.81999969482422,948947.2175887367,949183.3955250782,236.17793634149712,0.0002488841654877522,59
2022-01-28 00:00:00,GOLDBEES,0,0.0,1.0,22696.87715092337,2021-11-29 00:00:00,41.7599983215332,41.43000030517578,948947.2175887367,940331.6272892924,-8615.590299444273,-0.00907910381078558,60
2022-01-31 00:00:00,GOLDBEES,0,0.0,1.0,22696.87715092337,2021-11-29 00:00:00,41.7599983215332,41.25,948947.2175887367,936246.182475589,-12701.035113147693,-0.013384343067489958,63
2022-02-01 00:00:00,GOLDBEES,0,0.0,1.0,22696.87715092337,2021-11-29 00:00:00,41.7599983215332,41.54999923706055,948947.2175887367,943055.228304523,-5891.989284213632,-0.006208974719568813,64
2022-02-02 00:00:00,GOLDBEES,0,0.0,1.0,22696.87715092337,2021-11-29 00:00:00,41.7599983215332,41.5099983215332,948947.2175887367,942147.3324388744,-6799.885149862268,-0.0071657148298940095,65
2022-02-03 00:00:00,GOLDBEES,0,0.0,1.0,22696.87715092337,2021-11-29 00:00:00,41.7599983215332,41.560001373291016,948947.2175887367,943282.2455617927,-5664.972026943928,-0.005969744072108196,66
2022-02-04 00:00:00,GOLDBEES,0,0.0,1.0,22696.87715092337,2021-11-29 00:00:00,41.7599983215332,41.599998474121094,948947.2175887367,944190.0548457261,-4757.162743010558,-0.005013095201541821,67
2022-02-07 00:00:00,GOLDBEES,0,0.0,1.0,22696.87715092337,2021-11-29 00:00:00,41.7599983215332,41.630001068115234,948947.2175887367,944871.0200358202,-4076.1975529164774,-0.004295494498918545,70
2022-02-08 00:00:00,GOLDBEES,0,0.0,1.0,22696.87715092337,2021-11-29 00:00:00,41.7599983215332,41.81999969482422,948947.2175887367,949183.3955250782,236.17793634149712,0.0002488841654877522,71
2022-02-09 00:00:00,GOLDBEES,0,0.0,1.0,22696.87715092337,2021-11-29 00:00:00,41.7599983215332,41.9900016784668,948947.2175887367,953041.909663227,4094.692074490362,0.00431498401449021,72
2022-02-10 00:00:00,GOLDBEES,0,0.0,1.0,22696.87715092337,2021-11-29 00:00:00,41.7599983215332,42.16999816894531,948947.2175887367,957127.2678952152,8180.050306478515,0.008620132031435766,73
2022-02-11 00:00:00,GOLDBEES,0,0.0,1.0,22696.87715092337,2021-11-29 00:00:00,41.7599983215332,42.189998626708984,948947.2175887367,957581.2158280396,8633.998239302891,0.009098502086598426,74
2022-02-14 00:00:00,GOLDBEES,0,0.0,1.0,22696.87715092337,2021-11-29 00:00:00,41.7599983215332,42.959999084472656,948947.2175887367,975057.8216240563,26110.604035319644,0.02751533863144293,77
2022-02-15 00:00:00,GOLDBEES,0,0.0,1.0,22696.87715092337,2021-11-29 00:00:00,41.7599983215332,42.720001220703125,948947.2175887367,969610.6195935953,20663.402004858595,0.021775080449009637,78
2022-02-16 00:00:00,GOLDBEES,0,0.0,1.0,22696.87715092337,2021-11-29 00:00:00,41.7599983215332,42.63999938964844,948947.2175887367,967794.8278622981,18847.61027356144,0.01986160022835937,79
2022-02-17 00:00:00,GOLDBEES,0,0.0,1.0,22696.87715092337,2021-11-29 00:00:00,41.7599983215332,43.38999938964844,948947.2175887367,984817.4857254906,35870.26813675393,0.037800066718041335,80
2022-02-18 00:00:00,GOLDBEES,0,0.0,1.0,22696.87715092337,2021-11-29 00:00:00,41.7599983215332,43.18000030517578,948947.2175887367,980051.1623034084,31103.9447146717,0.0327773179984725,81
2022-02-21 00:00:00,GOLDBEES,0,0.0,1.0,22696.87715092337,2021-11-29 00:00:00,41.7599983215332,43.099998474121094,948947.2175887367,978235.3705721112,29288.152983374544,0.030863837777822232,84
2022-02-22 00:00:00,GOLDBEES,0,0.0,1.0,22696.87715092337,2021-11-29 00:00:00,41.7599983215332,43.380001068115234,948947.2175887367,984590.555049936,35643.33746119938,0.037560927310339415,85
2022-02-23 00:00:00,GOLDBEES,0,0.0,1.0,22696.87715092337,2021-11-29 00:00:00,41.7599983215332,43.09000015258789,948947.2175887367,978008.4398965567,29061.22230781999,0.03062469837012031,86
2022-02-24 00:00:00,GOLDBEES,0,0.0,1.0,22696.87715092337,2021-11-29 00:00:00,41.7599983215332,44.619998931884766,948947.2175887367,1012734.6342313205,63787.41664258379,0.0672191408123487,87
2022-02-25 00:00:00,GOLDBEES,0,0.0,1.0,22696.87715092337,2021-11-29 00:00:00,41.7599983215332,43.619998931884766,948947.2175887367,990037.7570803971,41090.53949166043,0.043301185492772704,88
2022-02-28 00:00:00,GOLDBEES,0,0.0,1.0,22696.87715092337,2021-11-29 00:00:00,41.7599983215332,43.59000015258789,948947.2175887367,989356.8784720183,40409.66088328161,0.04258367602990825,91
2022-03-02 00:00:00,GOLDBEES,0,0.0,1.0,22696.87715092337,2021-11-29 00:00:00,41.7599983215332,44.38999938964844,948947.2175887367,1007514.362876414,58567.1452876773,0.06171802203761733,93
2022-03-03 00:00:00,GOLDBEES,0,0.0,1.0,22696.87715092337,2021-11-29 00:00:00,41.7599983215332,44.400001525878906,948947.2175887367,1007741.3801336837,58794.162544947,0.06195725268507794,94
2022-03-04 00:00:00,GOLDBEES,0,0.0,1.0,22696.87715092337,2021-11-29 00:00:00,41.7599983215332,44.650001525878906,948947.2175887367,1013415.5994214145,64468.38183267787,0.06793674151497198,95
2022-03-07 00:00:00,GOLDBEES,0,0.0,1.0,22696.87715092337,2021-11-29 00:00:00,41.7599983215332,46.0,948947.2175887367,1044056.348942475,95109.13135373837,0.1002259447004961,98
2022-03-08 00:00:00,GOLDBEES,0,0.0,1.0,22696.87715092337,2021-11-29 00:00:00,41.7599983215332,45.93000030517578,948947.2175887367,1042467.5744684476,93520.35687971092,0.09855169512730645,99
2022-03-09 00:00:00,GOLDBEES,0,0.0,1.0,22696.87715092337,2021-11-29 00:00:00,41.7599983215332,45.65999984741211,948947.2175887367,1036339.4072478925,87392.18965915579,0.09209383624224989,100
2022-03-10 00:00:00,GOLDBEES,0,0.0,1.0,22696.87715092337,2021-11-29 00:00:00,41.7599983215332,44.79999923706055,948947.2175887367,1016820.079045024,67872.86145628733,0.07152438006905319,101
2022-03-11 00:00:00,GOLDBEES,0,0.0,1.0,22696.87715092337,2021-11-29 00:00:00,41.7599983215332,45.279998779296875,948947.2175887367,1027714.5696876614,78767.35209892469,0.0830049876736786,102
2022-03-14 00:00:00,GOLDBEES,0,0.0,1.0,22696.87715092337,2021-11-29 00:00:00,41.7599983215332,44.63999938964844,948947.2175887367,1013188.5821641448,64241.364575408166,0.06769751086751136,105
2022-03-15 00:00:00,GOLDBEES,0,0.0,1.0,22696.87715092337,2021-11-29 00:00:00,41.7599983215332,44.33000183105469,948947.2175887367,1006152.6056596563,57205.38807091967,0.06028300311188842,106
2022-03-16 00:00:00,GOLDBEES,0,0.0,1.0,22696.87715092337,2021-11-29 00:00:00,41.7599983215332,44.22999954223633,948947.2175887367,1003882.8659955348,54935.64840679814,0.05789115283607549,107
2022-03-17 00:00:00,GOLDBEES,0,0.0,1.0,22696.87715092337,2021-11-29 00:00:00,41.7599983215332,44.22999954223633,948947.2175887367,1003882.8659955348,54935.64840679814,0.05789115283607549,108
2022-03-21 00:00:00,GOLDBEES,0,0.0,1.0,22696.87715092337,2021-11-29 00:00:00,41.7599983215332,44.13999938964844,948947.2175887367,1001840.1435886831,52892.92599994643,0.0557385332077233,112
2022-03-22 00:00:00,GOLDBEES,0,0.0,1.0,22696.87715092337,2021-11-29 00:00:00,41.7599983215332,44.31999969482422,948947.2175887367,1005925.5884023865,56978.370813649846,0.06004377246442768,113
2022-03-23 00:00:00,GOLDBEES,0,0.0,1.0,22696.87715092337,2021-11-29 00:00:00,41.7599983215332,44.41999816894531,948947.2175887367,1008195.2414847928,59248.02389605611,0.06243553150048178,114
2022-03-24 00:00:00,GOLDBEES,0,0.0,1.0,22696.87715092337,2021-11-29 00:00:00,41.7599983215332,44.58000183105469,948947.2175887367,1011826.8249473871,62879.60735865042,0.06626249194178233,115
2022-03-25 00:00:00,GOLDBEES,0,0.0,1.0,22696.87715092337,2021-11-29 00:00:00,41.7599983215332,44.790000915527344,948947.2175887367,1016593.1483694694,67645.93078073277,0.07128524066135128,116
2022-03-28 00:00:00,GOLDBEES,0,0.0,1.0,22696.87715092337,2021-11-29 00:00:00,41.7599983215332,44.4900016784668,948947.2175887367,1009784.1025405354,60836.88495179871,0.06410987231343014,119
2022-03-29 00:00:00,GOLDBEES,0,0.0,1.0,22696.87715092337,2021-11-29 00:00:00,41.7599983215332,44.18000030517578,948947.2175887367,1002748.0394543317,53800.82186559506,0.056695273318048495,120
2022-03-30 00:00:00,GOLDBEES,0,0.0,1.0,22696.87715092337,2021-11-29 00:00:00,41.7599983215332,44.11000061035156,948947.2175887367,1001159.2649803043,52212.04739156761,0.055021023744858844,121
2022-03-31 00:00:00,GOLDBEES,0,0.0,1.0,22696.87715092337,2021-11-29 00:00:00,41.7599983215332,44.119998931884766,948947.2175887367,1001386.1956558588,52438.97806712217,0.055260163152560764,122
2022-04-01 00:00:00,GOLDBEES,0,0.0,1.0,22696.87715092337,2021-11-29 00:00:00,41.7599983215332,44.56999969482422,948947.2175887367,1011599.8076901174,62652.590101380716,0.0660232612943217,123
2022-04-04 00:00:00,GOLDBEES,0,0.0,1.0,22696.87715092337,2021-11-29 00:00:00,41.7599983215332,44.220001220703125,948947.2175887367,1003655.9353199803,54708.71773124358,0.05765201342837357,126
2022-04-05 00:00:00,GOLDBEES,0,0.0,1.0,22696.87715092337,2021-11-29 00:00:00,41.7599983215332,44.310001373291016,948947.2175887367,1005698.657726832,56751.44013809529,0.05980463305672576,127
2022-04-06 00:00:00,GOLDBEES,0,0.0,1.0,22696.87715092337,2021-11-29 00:00:00,41.7599983215332,44.4900016784668,948947.2175887367,1009784.1025405354,60836.88495179871,0.06410987231343014,128
2022-04-07 00:00:00,GOLDBEES,0,0.0,1.0,22696.87715092337,2021-11-29 00:00:00,41.7599983215332,44.63999938964844,948947.2175887367,1013188.5821641448,64241.364575408166,0.06769751086751136,129
2022-04-08 00:00:00,GOLDBEES,0,0.0,1.0,22696.87715092337,2021-11-29 00:00:00,41.7599983215332,44.65999984741211,948947.2175887367,1013642.5300969691,64695.312508232426,0.06817588092267389,130
2022-04-11 00:00:00,GOLDBEES,0,0.0,1.0,22696.87715092337,2021-11-29 00:00:00,41.7599983215332,45.220001220703125,948947.2175887367,1026352.8124709036,77405.59488216694,0.08156996874794956,133
2022-04-12 00:00:00,GOLDBEES,0,0.0,1.0,22696.87715092337,2021-11-29 00:00:00,41.7599983215332,45.20000076293945,948947.2175887367,1025898.8645380794,76951.64694934268,0.08109159869278702,134
2022-04-13 00:00:00,GOLDBEES,0,0.0,1.0,22696.87715092337,2021-11-29 00:00:00,41.7599983215332,45.72999954223633,948947.2175887367,1037928.1817219199,88980.96413318324,0.09376808581543954,135
2022-04-18 00:00:00,GOLDBEES,0,0.0,1.0,22696.87715092337,2021-11-29 00:00:00,41.7599983215332,46.189998626708984,948947.2175887367,1048368.724431733,99421.50684299634,0.1047703233649024,140
2022-04-19 00:00:00,GOLDBEES,0,0.0,1.0,22696.87715092337,2021-11-29 00:00:00,41.7599983215332,45.97999954223633,948947.2175887367,1043602.4010096508,94655.18342091411,0.09974757464533357,141
2022-04-20 00:00:00,GOLDBEES,0,0.0,1.0,22696.87715092337,2021-11-29 00:00:00,41.7599983215332,45.220001220703125,948947.2175887367,1026352.8124709036,77405.59488216694,0.08156996874794956,142
2022-04-21 00:00:00,GOLDBEES,0,0.0,1.0,22696.87715092337,2021-11-29 00:00:00,41.7599983215332,45.209999084472656,948947.2175887367,1026125.7952136339,77178.57762489724,0.08133073810048895,143
2022-04-22 00:00:00,GOLDBEES,0,0.0,1.0,22696.87715092337,2021-11-29 00:00:00,41.7599983215332,45.33000183105469,948947.2175887367,1028849.4828105797,79902.26522184303,0.08420095843146441,144
2022-04-25 00:00:00,GOLDBEES,0,0.0,1.0,22696.87715092337,2021-11-29 00:00:00,41.7599983215332,44.900001525878906,948947.2175887367,1019089.8187091454,70142.60112040874,0.07391623034486601,147
2022-04-26 00:00:00,GOLDBEES,0,0.0,1.0,22696.87715092337,2021-11-29 00:00:00,41.7599983215332,44.63999938964844,948947.2175887367,1013188.5821641448,64241.364575408166,0.06769751086751136,148
2022-04-27 00:00:00,GOLDBEES,0,0.0,1.0,22696.87715092337,2021-11-29 00:00:00,41.7599983215332,44.43000030517578,948947.2175887367,1008422.2587420626,59475.04115332593,0.06267476214794253,149
2022-04-28 00:00:00,GOLDBEES,0,0.0,1.0,22696.87715092337,2021-11-29 00:00:00,41.7599983215332,44.33000183105469,948947.2175887367,1006152.6056596563,57205.38807091967,0.06028300311188842,150
2022-04-29 00:00:00,GOLDBEES,0,0.0,1.0,22696.87715092337,2021-11-29 00:00:00,41.7599983215332,44.790000915527344,948947.2175887367,1016593.1483694694,67645.93078073277,0.07128524066135128,151
2022-05-02 00:00:00,GOLDBEES,0,0.0,1.0,22696.87715092337,2021-11-29 00:00:00,41.7599983215332,44.15999984741211,948947.2175887367,1002294.0915215075,53346.8739327708,0.05621690326288596,154
2022-05-04 00:00:00,GOLDBEES,0,0.0,1.0,22696.87715092337,2021-11-29 00:00:00,41.7599983215332,43.97999954223633,948947.2175887367,998208.646707804,49261.42911906727,0.05191166400618146,156
2022-05-05 00:00:00,GOLDBEES,0,0.0,1.0,22696.87715092337,2021-11-29 00:00:00,41.7599983215332,44.540000915527344,948947.2175887367,1010918.9290817386,61971.7114930019,0.06530575183145725,157
2022-05-06 00:00:00,GOLDBEES,0,0.0,1.0,22696.87715092337,2021-11-29 00:00:00,41.7599983215332,44.54999923706055,948947.2175887367,1011145.8597572931,62198.64216855646,0.06554489123915917,158
2022-05-09 00:00:00,GOLDBEES,0,0.0,1.0,22696.87715092337,2021-11-29 00:00:00,41.7599983215332,44.41999816894531,948947.2175887367,1008195.2414847928,59248.02389605611,0.06243553150048178,161
2022-05-10 00:00:00,GOLDBEES,0,0.0,1.0,22696.87715092337,2021-11-29 00:00:00,41.7599983215332,44.2599983215332,948947.2175887367,1004563.7446039136,55616.52701517695,0.05860866229893994,162
2022-05-11 00:00:00,GOLDBEES,0,0.0,1.0,22696.87715092337,2021-11-29 00:00:00,41.7599983215332,44.060001373291016,948947.2175887367,1000024.4384391012,51077.22085036454,0.05382514422683185,163
2022-05-12 00:00:00,GOLDBEES,0,0.0,1.0,22696.87715092337,2021-11-29 00:00:00,41.7599983215332,44.02000045776367,948947.2175887367,999116.5425734526,50169.3249847159,0.05286840411650665,164
2022-05-13 00:00:00,GOLDBEES,0,0.0,1.0,22696.87715092337,2021-11-29 00:00:00,41.7599983215332,43.41999816894531,948947.2175887367,985498.3643338694,36551.14674513275,0.03851757618090579,165
2022-05-16 00:00:00,GOLDBEES,0,0.0,1.0,22696.87715092337,2021-11-29 00:00:00,41.7599983215332,43.13999938964844,948947.2175887367,979143.2664377597,30196.048849023064,0.03182057788814731,168
2022-05-17 00:00:00,GOLDBEES,0,0.0,1.0,22696.87715092337,2021-11-29 00:00:00,41.7599983215332,43.540000915527344,948947.2175887367,988222.0519308152,39274.83434207854,0.04138779651188126,169
2022-05-18 00:00:00,GOLDBEES,0,0.0,1.0,22696.87715092337,2021-11-29 00:00:00,41.7599983215332,43.38999938964844,948947.2175887367,984817.4857254906,35870.26813675393,0.037800066718041335,170
2022-05-19 00:00:00,GOLDBEES,0,0.0,1.0,22696.87715092337,2021-11-29 00:00:00,41.7599983215332,43.59000015258789,948947.2175887367,989356.8784720183,40409.66088328161,0.04258367602990825,171
2022-05-20 00:00:00,GOLDBEES,0,0.0,1.0,22696.87715092337,2021-11-29 00:00:00,41.7599983215332,43.91999816894531,948947.2175887367,996846.8029093312,47899.58532059449,0.05047655384069385,172
2022-05-23 00:00:00,GOLDBEES,0,0.0,1.0,22696.87715092337,2021-11-29 00:00:00,41.7599983215332,44.25,948947.2175887367,1004336.8139283592,55389.59633962251,0.058369522891238146,175
2022-05-24 00:00:00,GOLDBEES,0,0.0,1.0,22696.87715092337,2021-11-29 00:00:00,41.7599983215332,44.06999969482422,948947.2175887367,1000251.3691146557,51304.15152591898,0.054064283634533646,176
2022-05-25 00:00:00,GOLDBEES,0,0.0,1.0,22696.87715092337,2021-11-29 00:00:00,41.7599983215332,44.119998931884766,948947.2175887367,1001386.1956558588,52438.97806712217,0.055260163152560764,177
2022-05-26 00:00:00,GOLDBEES,0,0.0,1.0,22696.87715092337,2021-11-29 00:00:00,41.7599983215332,43.869998931884766,948947.2175887367,995711.976368128,46764.7587793913,0.04928067432266673,178
2022-05-27 00:00:00,GOLDBEES,0,0.0,1.0,22696.87715092337,2021-11-29 00:00:00,41.7599983215332,44.08000183105469,948947.2175887367,1000478.3863719255,51531.1687831888,0.05430351428199439,179
2022-05-30 00:00:00,GOLDBEES,0,0.0,1.0,22696.87715092337,2021-11-29 00:00:00,41.7599983215332,43.97999954223633,948947.2175887367,998208.646707804,49261.42911906727,0.05191166400618146,182
2022-05-31 00:00:00,GOLDBEES,0,0.0,1.0,22696.87715092337,2021-11-29 00:00:00,41.7599983215332,43.95000076293945,948947.2175887367,997527.7680994251,48580.55051068845,0.051194154543317,183
2022-06-01 00:00:00,GOLDBEES,0,0.0,1.0,22696.87715092337,2021-11-29 00:00:00,41.7599983215332,43.52000045776367,948947.2175887367,987768.1039979908,38820.88640925416,0.0409094264567186,184
2022-06-02 00:00:00,GOLDBEES,0,0.0,1.0,22696.87715092337,2021-11-29 00:00:00,41.7599983215332,43.97999954223633,948947.2175887367,998208.646707804,49261.42911906727,0.05191166400618146,185
2022-06-03 00:00:00,GOLDBEES,0,0.0,1.0,22696.87715092337,2021-11-29 00:00:00,41.7599983215332,44.150001525878906,948947.2175887367,1002067.1608459529,53119.94325721625,0.05597776385518404,186
2022-06-06 00:00:00,GOLDBEES,0,0.0,1.0,22696.87715092337,2021-11-29 00:00:00,41.7599983215332,44.0,948947.2175887367,998662.5946406283,49715.37705189164,0.05239003406134412,189
2022-06-07 00:00:00,GOLDBEES,0,0.0,1.0,22696.87715092337,2021-11-29 00:00:00,41.7599983215332,43.86000061035156,948947.2175887367,995485.0456925734,46537.82810383674,0.04904153491496482,190
2022-06-08 00:00:00,GOLDBEES,0,0.0,1.0,22696.87715092337,2021-11-29 00:00:00,41.7599983215332,43.880001068115234,948947.2175887367,995938.9936253978,46991.77603666112,0.049519904970127475,191
2022-06-09 00:00:00,GOLDBEES,0,0.0,1.0,22696.87715092337,2021-11-29 00:00:00,41.7599983215332,43.95000076293945,948947.2175887367,997527.7680994251,48580.55051068845,0.051194154543317,192
2022-06-10 00:00:00,GOLDBEES,0,0.0,1.0,22696.87715092337,2021-11-29 00:00:00,41.7599983215332,43.810001373291016,948947.2175887367,994350.2191513703,45403.00156263367,0.047845655396937824,193
2022-06-13 00:00:00,GOLDBEES,0,0.0,1.0,22696.87715092337,2021-11-29 00:00:00,41.7599983215332,44.189998626708984,948947.2175887367,1002974.9701298863,54027.75254114962,0.056934412725750415,196
2022-06-14 00:00:00,GOLDBEES,0,0.0,1.0,22696.87715092337,2021-11-29 00:00:00,41.7599983215332,43.56999969482422,948947.2175887367,988902.930539194,39955.71295045735,0.04210530597474571,197
2022-06-15 00:00:00,GOLDBEES,0,0.0,1.0,22696.87715092337,2021-11-29 00:00:00,41.7599983215332,43.61000061035156,948947.2175887367,989810.8264048427,40863.60881610599,0.04306204608507091,198
2022-06-16 00:00:00,GOLDBEES,0,0.0,1.0,22696.87715092337,2021-11-29 00:00:00,41.7599983215332,43.720001220703125,948947.2175887367,992307.4967445186,43360.27915578196,0.04569303576858563,199
2022-06-17 00:00:00,GOLDBEES,0,0.0,1.0,22696.87715092337,2021-11-29 00:00:00,41.7599983215332,44.08000183105469,948947.2175887367,1000478.3863719255,51531.1687831888,0.05430351428199439,200
2022-06-20 00:00:00,GOLDBEES,0,0.0,1.0,22696.87715092337,2021-11-29 00:00:00,41.7599983215332,43.81999969482422,948947.2175887367,994577.1498269249,45629.93223818822,0.048084794804639744,203
2022-06-21 00:00:00,GOLDBEES,0,0.0,1.0,22696.87715092337,2021-11-29 00:00:00,41.7599983215332,43.779998779296875,948947.2175887367,993669.2539612763,44722.03637253959,0.047128054694314546,204
2022-06-22 00:00:00,GOLDBEES,0,0.0,1.0,22696.87715092337,2021-11-29 00:00:00,41.7599983215332,43.68000030517578,948947.2175887367,991399.60087887,42452.38329013332,0.044736295658260435,205
2022-06-23 00:00:00,GOLDBEES,0,0.0,1.0,22696.87715092337,2021-11-29 00:00:00,41.7599983215332,43.7599983215332,948947.2175887367,993215.306028452,44268.08843971533,0.046649684639152006,206
2022-06-24 00:00:00,GOLDBEES,0,0.0,1.0,22696.87715092337,2021-11-29 00:00:00,41.7599983215332,43.65999984741211,948947.2175887367,990945.6529460457,41998.43535730906,0.0442579256030979,207
2022-06-27 00:00:00,GOLDBEES,0,0.0,1.0,22696.87715092337,2021-11-29 00:00:00,41.7599983215332,43.869998931884766,948947.2175887367,995711.976368128,46764.7587793913,0.04928067432266673,210
2022-06-28 00:00:00,GOLDBEES,0,0.0,1.0,22696.87715092337,2021-11-29 00:00:00,41.7599983215332,43.79999923706055,948947.2175887367,994123.2018941005,45175.98430536385,0.04760642474947708,211
2022-06-29 00:00:00,GOLDBEES,0,0.0,1.0,22696.87715092337,2021-11-29 00:00:00,41.7599983215332,43.7599983215332,948947.2175887367,993215.306028452,44268.08843971533,0.046649684639152006,212
2022-06-30 00:00:00,GOLDBEES,0,0.0,1.0,22696.87715092337,2021-11-29 00:00:00,41.7599983215332,43.7599983215332,948947.2175887367,993215.306028452,44268.08843971533,0.046649684639152006,213
2022-07-01 00:00:00,GOLDBEES,0,0.0,1.0,22696.87715092337,2021-11-29 00:00:00,41.7599983215332,44.36000061035156,948947.2175887367,1006833.4842680352,57886.26667929848,0.06100051257475287,214
2022-07-04 00:00:00,GOLDBEES,0,0.0,1.0,22696.87715092337,2021-11-29 00:00:00,41.7599983215332,44.68000030517578,948947.2175887367,1014096.4780297934,65149.260441056686,0.06865425097783644,217
2022-07-05 00:00:00,GOLDBEES,0,0.0,1.0,22696.87715092337,2021-11-29 00:00:00,41.7599983215332,44.79999923706055,948947.2175887367,1016820.079045024,67872.86145628733,0.07152438006905319,218
2022-07-06 00:00:00,GOLDBEES,0,0.0,1.0,22696.87715092337,2021-11-29 00:00:00,41.7599983215332,44.16999816894531,948947.2175887367,1002521.0221970619,53573.80460832524,0.05645604267058776,219
2022-07-07 00:00:00,GOLDBEES,0,0.0,1.0,22696.87715092337,2021-11-29 00:00:00,41.7599983215332,43.59000015258789,948947.2175887367,989356.8784720183,40409.66088328161,0.04258367602990825,220
2022-07-08 00:00:00,GOLDBEES,0,0.0,1.0,22696.87715092337,2021-11-29 00:00:00,41.7599983215332,43.56999969482422,948947.2175887367,988902.930539194,39955.71295045735,0.04210530597474571,221
2022-07-11 00:00:00,GOLDBEES,0,0.0,1.0,22696.87715092337,2021-11-29 00:00:00,41.7599983215332,43.560001373291016,948947.2175887367,988675.9998636395,39728.7822749028,0.04186616656704379,224
2022-07-12 00:00:00,GOLDBEES,0,0.0,1.0,22696.87715092337,2021-11-29 00:00:00,41.7599983215332,43.619998931884766,948947.2175887367,990037.7570803971,41090.53949166043,0.043301185492772704,225
2022-07-13 00:00:00,GOLDBEES,0,0.0,1.0,22696.87715092337,2021-11-29 00:00:00,41.7599983215332,43.439998626708984,948947.2175887367,985952.3122666937,37005.09467795701,0.03899594623606833,226
2022-07-14 00:00:00,GOLDBEES,0,0.0,1.0,22696.87715092337,2021-11-29 00:00:00,41.7599983215332,43.29999923706055,948947.2175887367,982774.7633186389,33827.545729902224,0.035647447089689144,227
2022-07-15 00:00:00,GOLDBEES,0,0.0,1.0,22696.87715092337,2021-11-29 00:00:00,41.7599983215332,43.11000061035156,948947.2175887367,978462.3878293809,29515.17024064425,0.031103068425282848,228
2022-07-18 00:00:00,GOLDBEES,0,0.0,1.0,22696.87715092337,2021-11-29 00:00:00,41.7599983215332,43.54999923706055,948947.2175887367,988448.9826063698,39501.76501763309,0.04162693591958318,231
2022-07-19 00:00:00,GOLDBEES,0,0.0,1.0,22696.87715092337,2021-11-29 00:00:00,41.7599983215332,43.38999938964844,948947.2175887367,984817.4857254906,35870.26813675393,0.037800066718041335,232
2022-07-20 00:00:00,GOLDBEES,0,0.0,1.0,22696.87715092337,2021-11-29 00:00:00,41.7599983215332,43.38999938964844,948947.2175887367,984817.4857254906,35870.26813675393,0.037800066718041335,233
2022-07-21 00:00:00,GOLDBEES,0,0.0,1.0,22696.87715092337,2021-11-29 00:00:00,41.7599983215332,43.029998779296875,948947.2175887367,976646.5960980838,27699.378509347094,0.02918958820463258,234
2022-07-22 00:00:00,GOLDBEES,0,0.0,1.0,22696.87715092337,2021-11-29 00:00:00,41.7599983215332,43.689998626708984,948947.2175887367,991626.5315544246,42679.31396568788,0.044975435065962355,235
2022-07-25 00:00:00,ADANIPOWER,1,0.8237458437868479,0.2,3443.226454582746,2022-07-25 00:00:00,58.2599983215332,58.34000015258789,200840.60981787133,200877.83188575206,37.22206788073527,0.0001853313825052086,0
2022-07-25 00:00:00,CHENNPETRO,2,0.7257083879962052,0.2,826.7135568595153,2022-07-25 00:00:00,242.6503905738396,244.351806640625,200840.60981787133,202008.95119291963,1168.3413750483014,0.005817256659934416,0
2022-07-25 00:00:00,ATGL,3,0.6305435840166922,0.2,70.23689027726446,2022-07-25 00:00:00,2856.0827034448603,2874.906982421875,200840.60981787133,201924.52628170673,1083.9164638353977,0.005396898888219508,0
2022-07-25 00:00:00,VBL,4,0.5885721125496225,0.2,1156.011038156011,2022-07-25 00:00:00,173.52980278167288,173.0058135986328,200840.60981787133,199996.63018518084,-843.9796326904907,-0.00420223595942991,0
2022-07-25 00:00:00,ITC,5,0.5863317245122456,0.2,812.2788068534433,2022-07-25 00:00:00,246.9624539900664,248.6969757080078,200840.60981787133,202011.28269616034,1170.6728782890132,0.00582886538410044,0
2022-07-26 00:00:00,ADANIPOWER,1,0.7955688393732417,0.19776373588051566,3443.226454582746,2022-07-25 00:00:00,58.2599983215332,59.540000915527344,200840.60981787133,205009.70625822467,4169.0964403533435,0.02075823432389502,1
2022-07-26 00:00:00,CHENNPETRO,2,0.7195281944588119,0.2072570567686563,826.7135568595153,2022-07-25 00:00:00,242.6503905738396,251.50657653808594,200840.60981787133,207923.89646336093,7083.286645489599,0.035268199254687334,1
2022-07-26 00:00:00,ATGL,3,0.5874582174529859,0.19946155329628001,70.23689027726446,2022-07-25 00:00:00,2856.0827034448603,2894.22998046875,200840.60981787133,203281.71357535286,2441.1037574815273,0.012154433108399731,1
2022-07-26 00:00:00,VBL,4,0.5852969478198968,0.19680621723425346,1156.011038156011,2022-07-25 00:00:00,173.52980278167288,173.63853454589844,200840.60981787133,200728.06258429243,-112.54723357889452,-0.0005603808596327005,1
2022-07-26 00:00:00,ITC,6,0.5681234061178893,0.19871143682029455,812.2788068534433,2022-07-25 00:00:00,246.9624539900664,249.81207275390625,200840.60981787133,202917.05239412852,2076.442576257192,0.010338758571486993,1
2022-07-27 00:00:00,ADANIPOWER,1,0.7985696234527443,0.20095919847174923,3443.226454582746,2022-07-25 00:00:00,58.2599983215332,62.4900016784668,200840.60981787133,215167.2269262171,14326.61710834576,0.07133326831330374,2
2022-07-27 00:00:00,CHENNPETRO,2,0.7259463616712308,0.20556966916066047,826.7135568595153,2022-07-25 00:00:00,242.6503905738396,246.92578125,200840.60981787133,204136.8908975021,3296.281079630775,0.016412423177862026,2
2022-07-27 00:00:00,ATGL,4,0.5784614400912373,0.19906985784683398,70.23689027726446,2022-07-25 00:00:00,2856.0827034448603,2956.04541015625,200840.60981787133,207623.43712775575,6782.827309884422,0.03377219037541913,2
2022-07-27 00:00:00,VBL,3,0.5856261579747722,0.19609632479186417,1156.011038156011,2022-07-25 00:00:00,173.52980278167288,172.00726318359375,200840.60981787133,198842.29488324042,-1998.3149346309074,-0.009949755362937024,2
2022-07-27 00:00:00,ITC,5,0.5652695908601212,0.19830494972889218,812.2788068534433,2022-07-25 00:00:00,246.9624539900664,251.21615600585938,200840.60981787133,204057.55946274791,3216.949644876586,0.01601742619579685,2
2022-07-28 00:00:00,ADANIPOWER,1,0.8185344765931349,0.21219726734476138,3443.226454582746,2022-07-25 00:00:00,58.2599983215332,64.38999938964844,200840.60981787133,221709.34930900438,20868.73949113305,0.10390697135433659,3
2022-07-28 00:00:00,CHENNPETRO,2,0.6257708933102456,0.19900363631249138,826.7135568595153,2022-07-25 00:00:00,242.6503905738396,245.74786376953125,200840.60981787133,203163.0905475368,2322.4807296654617,0.011563800427471124,3
2022-07-28 00:00:00,ATGL,3,0.5229317890825036,0.20044166679716433,70.23689027726446,2022-07-25 00:00:00,2856.0827034448603,3001.782470703125,200840.60981787133,210835.86603099122,9995.256213119894,0.04976710746986832,3
2022-07-28 00:00:00,VBL,4,0.5183291762353242,0.19199356942364204,1156.011038156011,2022-07-25 00:00:00,173.52980278167288,173.2628631591797,200840.60981787133,200293.78231452618,-546.82750334515,-0.0027226939006062103,3
2022-07-28 00:00:00,ITC,5,0.51365580306174,0.19636386012194082,812.2788068534433,2022-07-25 00:00:00,246.9624539900664,250.6380157470703,200840.60981787133,203587.9483831448,2747.3385652734723,0.01367919848363758,3
2022-07-29 00:00:00,ADANIPOWER,1,0.8227332739008841,0.21289124984447697,3443.226454582746,2022-07-25 00:00:00,58.2599983215332,62.790000915527344,200840.60981787133,216200.1922356186,15359.582417747268,0.07647647769878725,4
2022-07-29 00:00:00,CHENNPETRO,2,0.5874512838688701,0.19522940210959083,826.7135568595153,2022-07-25 00:00:00,242.6503905738396,240.81809997558594,200840.60981787133,199087.587986967,-1753.0218309043266,-0.008728423163492795,4
2022-07-29 00:00:00,ATGL,3,0.5375621211579439,0.20358809490043545,70.23689027726446,2022-07-25 00:00:00,2856.0827034448603,3122.91650390625,200840.60981787133,219343.94382992163,18503.334012050298,0.09212944547833087,4
2022-07-29 00:00:00,VBL,4,0.5156039455557441,0.19259232244696886,1156.011038156011,2022-07-25 00:00:00,173.52980278167288,174.5382080078125,200840.60981787133,201768.09503700113,927.4852191297978,0.004618016346250248,4
2022-07-29 00:00:00,ITC,5,0.5025103272506861,0.19569893069852792,812.2788068534433,2022-07-25 00:00:00,246.9624539900664,250.30763244628906,200840.60981787133,203319.5850297819,2478.9752119105833,0.012342997833747852,4
2022-08-01 00:00:00,ADANIPOWER,1,0.8004674494361635,0.20753069784818226,3443.226454582746,2022-07-25 00:00:00,58.2599983215332,64.37000274658203,200840.60981787133,221640.4963385953,20799.886520723958,0.1035641474081659,7
2022-08-01 00:00:00,CHENNPETRO,2,0.5411696722233688,0.19067914061136984,826.7135568595153,2022-07-25 00:00:00,242.6503905738396,245.39886474609375,200840.60981787133,202874.5683235303,2033.9585056589567,0.010127227294835518,7
2022-08-01 00:00:00,ATGL,3,0.5359412837236928,0.21120858944926613,70.23689027726446,2022-07-25 00:00:00,2856.0827034448603,3213.24267578125,200840.60981787133,225688.17325307132,24847.56343519999,0.1237178250839437,7
2022-08-01 00:00:00,VBL,5,0.5026407113284898,0.19523872354856284,1156.011038156011,2022-07-25 00:00:00,173.52980278167288,183.1198272705078,200840.60981787133,211688.54162992915,10847.931812057825,0.05401264127755375,7
2022-08-01 00:00:00,ITC,6,0.4799444103496555,0.19534284854261888,812.2788068534433,2022-07-25 00:00:00,246.9624539900664,253.983154296875,200840.60981787133,206305.1335331396,5464.523715268268,0.02720826092005831,7
2022-08-02 00:00:00,ADANIPOWER,1,0.8008467449165143,0.205794093404152,3443.226454582746,2022-07-25 00:00:00,58.2599983215332,65.70999908447266,200840.60981787133,226254.4071782643,25413.797360392957,0.12653714497002871,8
2022-08-02 00:00:00,CHENNPETRO,2,0.5347751843891007,0.18668617809532215,826.7135568595153,2022-07-25 00:00:00,242.6503905738396,241.64698791503906,200840.60981787133,199772.84088363024,-1067.7689342410886,-0.005316499164234641,8
2022-08-02 00:00:00,ATGL,4,0.5268423395069637,0.20960776068270923,70.23689027726446,2022-07-25 00:00:00,2856.0827034448603,3244.400146484375,200840.60981787133,227876.5771041638,27035.967286292464,0.13461404698387214,8
2022-08-02 00:00:00,VBL,6,0.4873998008787451,0.20428804550793775,1156.011038156011,2022-07-25 00:00:00,173.52980278167288,181.04360961914062,200840.60981787133,209288.41110733434,8447.801289463008,0.04206221688494047,8
2022-08-02 00:00:00,ITC,7,0.4628291591794117,0.19362392230987888,812.2788068534433,2022-07-25 00:00:00,246.9624539900664,256.0068054199219,200840.60981787133,207948.90245285575,7108.29263498442,0.03539270589464176,8
2022-08-03 00:00:00,ADANIPOWER,1,0.7974474215590034,0.21192817047519108,3443.226454582746,2022-07-25 00:00:00,58.2599983215332,67.91999816894531,200840.60981787133,233863.93449052417,33023.324672652845,0.16442553476908603,9
2022-08-03 00:00:00,CHENNPETRO,4,0.5089188180439959,0.18639129378724123,826.7135568595153,2022-07-25 00:00:00,242.6503905738396,236.19369506835938,200840.60981787133,195264.52975775514,-5576.08006011619,-0.027763708072649038,9
2022-08-03 00:00:00,ATGL,3,0.5169763800611675,0.2119950757602728,70.23689027726446,2022-07-25 00:00:00,2856.0827034448603,3265.470947265625,200840.60981787133,229356.52462669055,28515.914808819216,0.14198281330990958,9
2022-08-03 00:00:00,VBL,7,0.4614157646071839,0.19510625520703387,1156.011038156011,2022-07-25 00:00:00,173.52980278167288,186.38235473632812,200840.60981787133,215460.05939270457,14619.449574833241,0.07279130245666264,9
2022-08-03 00:00:00,ITC,8,0.45947285718797803,0.19457920477026114,812.2788068534433,2022-07-25 00:00:00,246.9624539900664,254.52001953125,200840.60981787133,206741.21778515883,5900.607967287506,0.029379556119842325,9
2022-08-04 00:00:00,ADANIPOWER,1,0.7929227513777612,0.21882715702054006,3443.226454582746,2022-07-25 00:00:00,58.2599983215332,69.44999694824219,200840.60981787133,239132.06676287847,38291.45694500714,0.190655948414671,10
2022-08-04 00:00:00,CHENNPETRO,4,0.4885494385139209,0.17874621314885614,826.7135568595153,2022-07-25 00:00:00,242.6503905738396,232.65992736816406,200840.60981787133,192343.1160932114,-8497.49372465993,-0.042309639133070384,10
2022-08-04 00:00:00,ATGL,3,0.5130732543664029,0.21224382041178746,70.23689027726446,2022-07-25 00:00:00,2856.0827034448603,3345.061767578125,200840.60981787133,234946.7363400571,34106.126522185776,0.16981688391164665,10
2022-08-04 00:00:00,VBL,8,0.4644705296642704,0.19982742628066236,1156.011038156011,2022-07-25 00:00:00,173.52980278167288,198.47369384765625,200840.60981787133,229437.7808714874,28597.171053616068,0.14238739406113582,10
2022-08-04 00:00:00,ITC,10,0.44236561411045594,0.19035538313815398,812.2788068534433,2022-07-25 00:00:00,246.9624539900664,255.63511657714844,200840.60981787133,207646.987483127,6806.377665255684,0.033889449307228876,10
2022-08-05 00:00:00,ADANIPOWER,1,0.8013228968013703,0.21503358382586693,3443.226454582746,2022-07-25 00:00:00,58.2599983215332,66.41000366210938,200840.60981787133,228664.68145831206,27824.07164044073,0.13853807586858297,11
2022-08-05 00:00:00,CHENNPETRO,8,0.46265292045207873,0.17383300177243566,826.7135568595153,2022-07-25 00:00:00,242.6503905738396,235.01577758789062,200840.60981787133,194290.72940778983,-6549.880410081503,-0.032612330823039944,11
2022-08-05 00:00:00,ATGL,3,0.5233453024661243,0.21324680959217854,70.23689027726446,2022-07-25 00:00:00,2856.0827034448603,3342.81494140625,200840.60981787133,234788.92625675103,33948.3164388797,0.16903113603202619,11
2022-08-05 00:00:00,VBL,4,0.48934241154531455,0.21032799112273529,1156.011038156011,2022-07-25 00:00:00,173.52980278167288,202.72496032714844,200840.60981787133,234352.291847923,33511.682030051685,0.16685710156148773,11
2022-08-05 00:00:00,ITC,9,0.4378921813045812,0.1875586136867835,812.2788068534433,2022-07-25 00:00:00,246.9624539900664,256.75018310546875,200840.60981787133,208552.73239231325,7712.122574441921,0.03839921906946767,11
2022-08-08 00:00:00,ADANIPOWER,1,0.7956548148697008,0.20555374161608356,3443.226454582746,2022-07-25 00:00:00,58.2599983215332,65.72000122070312,200840.60981787133,226288.84679833538,25448.236980464048,0.12670862234256966,14
2022-08-08 00:00:00,CHENNPETRO,6,0.48420833090020515,0.17761896176010752,826.7135568595153,2022-07-25 00:00:00,242.6503905738396,232.15884399414062,200840.60981787133,191928.86367478932,-8911.746143082011,-0.04437223204591675,14
2022-08-08 00:00:00,ATGL,3,0.5341000885788,0.21445994099343618,70.23689027726446,2022-07-25 00:00:00,2856.0827034448603,3360.390869140625,200840.60981787133,236023.40476455144,35182.79494668011,0.17517769428496055,14
2022-08-08 00:00:00,VBL,4,0.49707712127865866,0.21274824994354338,1156.011038156011,2022-07-25 00:00:00,173.52980278167288,200.03578186035156,200840.60981787133,231243.57185673434,30402.962038863014,0.15137855868110234,14
2022-08-08 00:00:00,ITC,9,0.44767129535299416,0.18961910568682944,812.2788068534433,2022-07-25 00:00:00,246.9624539900664,258.6498107910156,200840.60981787133,210095.75970219504,9255.149884323706,0.046082064243464366,14
2022-08-10 00:00:00,ADANIPOWER,1,0.7855427209662929,0.20734151982677457,3443.226454582746,2022-07-25 00:00:00,58.2599983215332,67.94999694824219,200840.60981787133,233967.22708100436,33126.61726313303,0.1649398360877977,16
2022-08-10 00:00:00,CHENNPETRO,8,0.47817495339897065,0.172756845369198,826.7135568595153,2022-07-25 00:00:00,242.6503905738396,219.72018432617188,200840.60981787133,181645.65509811786,-19194.95471975347,-0.09557307527177929,16
2022-08-10 00:00:00,ATGL,3,0.5321562459732846,0.21635647606645428,70.23689027726446,2022-07-25 00:00:00,2856.0827034448603,3346.809326171875,200840.60981787133,235069.4794212594,34228.86960338807,0.1704280306379666,16
2022-08-10 00:00:00,VBL,7,0.4824804361799198,0.2122632740240362,1156.011038156011,2022-07-25 00:00:00,173.52980278167288,198.325439453125,200840.60981787133,229266.39715495412,28425.787337082787,0.14153406207469793,16
2022-08-10 00:00:00,ITC,9,0.43976938131949567,0.19128188471353702,812.2788068534433,2022-07-25 00:00:00,246.9624539900664,257.0392150878906,200840.60981787133,208787.50694613738,7946.89712826605,0.039568178644112606,16
2022-08-11 00:00:00,ADANIPOWER,1,0.8060208546409513,0.21533461722889394,3443.226454582746,2022-07-25 00:00:00,58.2599983215332,68.4800033569336,200840.60981787133,235792.159168509,34951.54935063768,0.17402630564771168,17
2022-08-11 00:00:00,CHENNPETRO,9,0.4416625678950875,0.16589123920714977,826.7135568595153,2022-07-25 00:00:00,242.6503905738396,219.50042724609375,200840.60981787133,181463.97894080143,-19376.630877069896,-0.09647765406927036,17
2022-08-11 00:00:00,ATGL,3,0.5200350690667098,0.2151023605669656,70.23689027726446,2022-07-25 00:00:00,2856.0827034448603,3347.708251953125,200840.60981787133,235132.61717272445,34292.00735485312,0.17074239809344438,17
2022-08-11 00:00:00,VBL,8,0.46055412068032453,0.2121197676887088,1156.011038156011,2022-07-25 00:00:00,173.52980278167288,198.75157165527344,200840.60981787133,229759.01068435144,28918.400866480108,0.14398682065695895,17
2022-08-11 00:00:00,ITC,10,0.43699959723056175,0.1915520153082819,812.2788068534433,2022-07-25 00:00:00,246.9624539900664,252.95071411132812,200840.60981787133,205466.50425107605,4625.894433204725,0.023032664745439847,17
2022-08-12 00:00:00,ADANIPOWER,1,0.8090764670465938,0.21694581925616593,3443.226454582746,2022-07-25 00:00:00,58.2599983215332,69.02999877929688,200840.60981787133,237685.91795668966,36845.308138818335,0.1834554683548852,18
2022-08-12 00:00:00,CHENNPETRO,9,0.434812209024483,0.16720189881938746,826.7135568595153,2022-07-25 00:00:00,242.6503905738396,234.1806640625,200840.60981787133,193600.32973483263,-7240.280083038699,-0.03604988099570309,18
2022-08-12 00:00:00,ATGL,5,0.5157531094804552,0.21561915243471907,70.23689027726446,2022-07-25 00:00:00,2856.0827034448603,3420.708251953125,200840.60981787133,240259.91016296478,39419.30034509345,0.19627156271254168,18
2022-08-12 00:00:00,VBL,8,0.4699016428340105,0.21151976462871996,1156.011038156011,2022-07-25 00:00:00,173.52980278167288,203.28109741210938,200840.60981787133,234995.19245686574,34154.58263899441,0.17005815044062492,18
2022-08-12 00:00:00,ITC,10,0.42652032736370715,0.1887133648610076,812.2788068534433,2022-07-25 00:00:00,246.9624539900664,254.85043334960938,200840.60981787133,207009.60592730367,6168.996109432337,0.030715880194879808,18
2022-08-16 00:00:00,ADANIPOWER,1,0.7901585290406732,0.21505594012166732,3443.226454582746,2022-07-25 00:00:00,58.2599983215332,72.47000122070312,200840.60981787133,249530.62536676892,48690.01554889759,0.2424311278134997,22
2022-08-16 00:00:00,CHENNPETRO,8,0.4651047687736878,0.1727151240452392,826.7135568595153,2022-07-25 00:00:00,242.6503905738396,232.686279296875,200840.60981787133,192364.90158992613,-8475.7082279452,-0.04220116756083963,22
2022-08-16 00:00:00,ATGL,5,0.5133644696623633,0.21579639190015357,70.23689027726446,2022-07-25 00:00:00,2856.0827034448603,3484.919921875,200840.60981787133,244769.93817778744,43929.32835991611,0.21872732013586607,22
2022-08-16 00:00:00,VBL,7,0.47312598723837246,0.2111985112708489,1156.011038156011,2022-07-25 00:00:00,173.52980278167288,206.0066680908203,200840.60981787133,238145.98224672995,37305.37242885862,0.18574616190763574,22
2022-08-16 00:00:00,ITC,10,0.4213933153143166,0.18523403266209099,812.2788068534433,2022-07-25 00:00:00,246.9624539900664,256.5022888183594,200840.60981787133,208351.37311655426,7510.763298682927,0.037396636594033084,22
2022-08-17 00:00:00,ADANIPOWER,1,0.7936029315436246,0.22209373504194294,3443.226454582746,2022-07-25 00:00:00,58.2599983215332,76.08999633789062,200840.60981787133,261995.08831972926,61154.47850185793,0.3044925951843841,23
2022-08-17 00:00:00,CHENNPETRO,8,0.471314304463864,0.16885268992468083,826.7135568595153,2022-07-25 00:00:00,242.6503905738396,243.93820190429688,200840.60981787133,201667.01855021584,826.4087323445128,0.004114749168974973,23
2022-08-17 00:00:00,ATGL,5,0.5071468374718305,0.2148496595130056,70.23689027726446,2022-07-25 00:00:00,2856.0827034448603,3467.0947265625,200840.60981787133,243517.95189045256,42677.34207258123,0.21249358937558696,23
2022-08-17 00:00:00,VBL,6,0.5010139543430219,0.21043317069129808,1156.011038156011,2022-07-25 00:00:00,173.52980278167288,205.46156311035156,200840.60981787133,237515.83487235426,36675.22505448293,0.18260861231073333,23
2022-08-17 00:00:00,ITC,9,0.42589259288491466,0.18377074482907246,812.2788068534433,2022-07-25 00:00:00,246.9624539900664,258.1542663574219,200840.60981787133,209693.23946093261,8852.629643061286,0.04407788669377738,23
2022-08-18 00:00:00,ADANIPOWER,1,0.7925521366342242,0.2309300077332717,3443.226454582746,2022-07-25 00:00:00,58.2599983215332,79.88999938964844,200840.60981787133,275079.3593550369,74238.7495371656,0.369640132065361,24
2022-08-18 00:00:00,CHENNPETRO,7,0.47626604916874254,0.17484505766125785,826.7135568595153,2022-07-25 00:00:00,242.6503905738396,249.60813903808594,200840.60981787133,206354.43244526046,5513.822627389134,0.02745372378817832,24
2022-08-18 00:00:00,ATGL,5,0.48845472614104013,0.20894088706797495,70.23689027726446,2022-07-25 00:00:00,2856.0827034448603,3458.556396484375,200840.60981787133,242918.24613760423,42077.636319732905,0.20950761082577,24
2022-08-18 00:00:00,VBL,8,0.46560457345789796,0.20448897636583196,1156.011038156011,2022-07-25 00:00:00,173.52980278167288,206.33375549316406,200840.60981787133,238524.0988942811,37683.48907640978,0.1876288321897766,24
2022-08-18 00:00:00,ITC,9,0.4148327163987913,0.18079507117166352,812.2788068534433,2022-07-25 00:00:00,246.9624539900664,260.7147521972656,200840.60981787133,211773.06784388603,10932.458026014705,0.054433503442996946,24
2022-08-19 00:00:00,ADANIPOWER,1,0.8042990753536752,0.2371970638483129,3443.226454582746,2022-07-25 00:00:00,58.2599983215332,82.38999938964844,200840.60981787133,283687.4254914938,82846.81567362245,0.4125003192768165,25
2022-08-19 00:00:00,CHENNPETRO,8,0.46182634378433307,0.17488844857302766,826.7135568595153,2022-07-25 00:00:00,242.6503905738396,249.16859436035156,200840.60981787133,205991.054901332,5150.445083460683,0.025644440574698866,25
2022-08-19 00:00:00,ATGL,6,0.47776092064887404,0.20621594142461655,70.23689027726446,2022-07-25 00:00:00,2856.0827034448603,3386.255126953125,200840.60981787133,237840.0298026309,36999.41998475956,0.18422280244175623,25
2022-08-19 00:00:00,VBL,7,0.46955766426605744,0.20250137179583752,1156.011038156011,2022-07-25 00:00:00,173.52980278167288,195.87733459472656,200840.60981787133,226436.36091608217,25595.751098210836,0.12744310586102023,25
2022-08-19 00:00:00,ITC,9,0.40053511594879804,0.1791971743582054,812.2788068534433,2022-07-25 00:00:00,246.9624539900664,257.70001220703125,200840.60981787133,209324.2584416451,8483.64862377377,0.042240703369039824,25
2022-08-22 00:00:00,ADANIPOWER,1,0.8068825282840058,0.2471217389432988,3443.226454582746,2022-07-25 00:00:00,58.2599983215332,86.5,200840.60981787133,297839.08832140756,96998.47850353623,0.48296247751636256,28
2022-08-22 00:00:00,CHENNPETRO,7,0.4455595470148513,0.17627928392104616,826.7135568595153,2022-07-25 00:00:00,242.6503905738396,248.5972137451172,200840.60981787133,205518.686800591,4678.076982719678,0.02329248545382285,28
2022-08-22 00:00:00,ATGL,6,0.46600942166132503,0.20314024985716705,70.23689027726446,2022-07-25 00:00:00,2856.0827034448603,3359.69189453125,200840.60981787133,235974.31096160618,35133.701143734856,0.17493325267034002,28
2022-08-22 00:00:00,VBL,8,0.43722063185599885,0.1951324074818036,1156.011038156011,2022-07-25 00:00:00,173.52980278167288,182.31863403320312,200840.60981787133,210762.353403909,9921.743586037657,0.049401082754304576,28
2022-08-22 00:00:00,ITC,9,0.4000700078905665,0.17832631979668437,812.2788068534433,2022-07-25 00:00:00,246.9624539900664,259.6822509765625,200840.60981787133,210934.38898425858,10093.779166387249,0.05025766041808282,28
2022-08-23 00:00:00,ADANIPOWER,1,0.8011967471065292,0.252593445515455,3443.226454582746,2022-07-25 00:00:00,58.2599983215332,82.18000030517578,200840.60981787133,282964.3510883994,82123.74127052809,0.4089000792469238,29
2022-08-23 00:00:00,CHENNPETRO,7,0.44632771696848067,0.1791854394832794,826.7135568595153,2022-07-25 00:00:00,242.6503905738396,268.6836242675781,200840.60981787133,222124.3946881551,21283.784870283765,0.10597351247630935,29
2022-08-23 00:00:00,ATGL,6,0.46521551981505815,0.2016639907897151,70.23689027726446,2022-07-25 00:00:00,2856.0827034448603,3426.25048828125,200840.60981787133,240649.17960783394,39808.56978996261,0.1982097635834819,29
2022-08-23 00:00:00,VBL,11,0.3865530052598002,0.18362737781082134,1156.011038156011,2022-07-25 00:00:00,173.52980278167288,191.00094604492188,200840.60981787133,220799.20192617038,19958.592108299054,0.09937528135568868,29
2022-08-23 00:00:00,ITC,8,0.40588993268763607,0.18292974640072912,812.2788068534433,2022-07-25 00:00:00,246.9624539900664,260.9212646484375,200840.60981787133,211940.81353132433,11100.203713452996,0.055268721418038985,29
2022-08-24 00:00:00,ADANIPOWER,1,0.7893592152778166,0.22959640226824396,3443.226454582746,2022-07-25 00:00:00,58.2599983215332,78.08000183105469,200840.60981787133,268847.1278785567,68006.5180606854,0.33860939837991866,30
2022-08-24 00:00:00,CHENNPETRO,4,0.5446087365665232,0.19825973060580498,826.7135568595153,2022-07-25 00:00:00,242.6503905738396,276.46331787109375,200840.60981787133,228555.9728583947,27715.36304052337,0.1379968078450695,30
2022-08-24 00:00:00,ATGL,7,0.479990188713183,0.20140608635585028,70.23689027726446,2022-07-25 00:00:00,2856.0827034448603,3423.104736328125,200840.60981787133,240428.2317730628,39587.621955191484,0.19710964824838365,30
2022-08-24 00:00:00,VBL,10,0.40604405631929,0.18982553669509222,1156.011038156011,2022-07-25 00:00:00,173.52980278167288,204.35147094726562,200840.60981787133,236232.55607845646,35391.94626058513,0.17621907388490643,30
2022-08-24 00:00:00,ITC,8,0.41542866092686037,0.18091224407500847,812.2788068534433,2022-07-25 00:00:00,246.9624539900664,259.43450927734375,200840.60981787133,210733.15365240932,9892.543834537995,0.049255695068387166,30
2022-08-25 00:00:00,ADANIPOWER,1,0.7694913663231543,0.21726277661334717,3443.226454582746,2022-07-25 00:00:00,58.2599983215332,78.69999694824219,200840.60981787133,270981.9114677689,70141.30164989756,0.34923864109705666,31
2022-08-25 00:00:00,CHENNPETRO,3,0.6005637899769048,0.1963602834047929,826.7135568595153,2022-07-25 00:00:00,242.6503905738396,272.5514831542969,200840.60981787133,225322.00606582503,24481.3962479537,0.12189465203354148,31
2022-08-25 00:00:00,ATGL,7,0.4995583771888416,0.20404643936861586,70.23689027726446,2022-07-25 00:00:00,2856.0827034448603,3360.590576171875,200840.60981787133,236037.43156539297,35196.82174752164,0.17524753474628083,31
2022-08-25 00:00:00,VBL,8,0.44278532845492474,0.2023073408949361,1156.011038156011,2022-07-25 00:00:00,173.52980278167288,203.83609008789062,200840.60981787133,235636.7701161646,34796.16029829328,0.17325261225728975,31
2022-08-25 00:00:00,ITC,9,0.40981927214815966,0.18002315971830798,812.2788068534433,2022-07-25 00:00:00,246.9624539900664,257.98907470703125,200840.60981787133,209559.05778425117,8718.447966379841,0.04340978636883252,31
2022-08-26 00:00:00,ADANIPOWER,1,0.7761922283650478,0.22937513714468244,3443.226454582746,2022-07-25 00:00:00,58.2599983215332,75.0999984741211,200840.60981787133,258586.3014852176,57745.691667346284,0.2875199976723429,32
2022-08-26 00:00:00,CHENNPETRO,2,0.5722729778662488,0.19217149323043117,826.7135568595153,2022-07-25 00:00:00,242.6503905738396,269.2110900878906,200840.60981787133,222560.45783258745,21719.848014716117,0.10814470257988346,32
2022-08-26 00:00:00,ATGL,7,0.4774746750956496,0.1998138869355096,70.23689027726446,2022-07-25 00:00:00,2856.0827034448603,3454.911376953125,200840.60981787133,242662.23130072933,41821.621482858,0.20823289433737122,32
2022-08-26 00:00:00,VBL,8,0.4382669636017307,0.19989336174798833,1156.011038156011,2022-07-25 00:00:00,173.52980278167288,202.8647918701172,200840.60981787133,234513.93865507725,33673.32883720592,0.16766195276812776,32
2022-08-26 00:00:00,ITC,10,0.40486491399728897,0.17874612094138845,812.2788068534433,2022-07-25 00:00:00,246.9624539900664,258.44329833984375,200840.60981787133,209928.01401475674,9087.404196885414,0.04524684626842232,32
2022-08-29 00:00:00,ADANIPOWER,1,0.7745132594128316,0.21975007814080852,3443.226454582746,2022-07-25 00:00:00,58.2599983215332,78.8499984741211,200840.60981787133,271498.4006899029,70657.79087203156,0.3518102784895261,35
2022-08-29 00:00:00,CHENNPETRO,3,0.6179839683513682,0.1929031577918902,826.7135568595153,2022-07-25 00:00:00,242.6503905738396,258.1789245605469,200840.60981787133,213440.0170296142,12599.407211742859,0.06273336464756009,35
2022-08-29 00:00:00,ATGL,7,0.5375977166311379,0.20520416046554912,70.23689027726446,2022-07-25 00:00:00,2856.0827034448603,3532.5546875,200840.60981787133,248115.65598437376,47275.046166502434,0.23538589237193092,35
2022-08-29 00:00:00,VBL,8,0.4770190863580065,0.1978120962083996,1156.011038156011,2022-07-25 00:00:00,173.52980278167288,198.6623992919922,200840.60981787133,229655.92644809987,28815.31663022854,0.14347355674910162,35
2022-08-29 00:00:00,ITC,12,0.4378505131238097,0.18433050739335255,812.2788068534433,2022-07-25 00:00:00,246.9624539900664,258.980224609375,200840.60981787133,210364.14784433987,9523.538026468537,0.04741838831850185,35
2022-08-30 00:00:00,ADANIPOWER,1,0.7773520850564603,0.23260308898388962,3443.226454582746,2022-07-25 00:00:00,58.2599983215332,82.79000091552734,200840.60981787133,285064.7213272735,84224.1115094022,0.4193579753904318,36
2022-08-30 00:00:00,CHENNPETRO,3,0.5702325392743494,0.18290301965947006,826.7135568595153,2022-07-25 00:00:00,242.6503905738396,256.64056396484375,200840.60981787133,212168.23346980792,11327.623651936592,0.0564010618281275,36
2022-08-30 00:00:00,ATGL,7,0.5194744207203771,0.210260770090483,70.23689027726446,2022-07-25 00:00:00,2856.0827034448603,3739.8203125,200840.60981787133,262673.3489457474,61832.73912787609,0.30786970415967163,36
2022-08-30 00:00:00,VBL,8,0.45564822648231446,0.19620029132547978,1156.011038156011,2022-07-25 00:00:00,173.52980278167288,204.99571228027344,200840.60981787133,236977.30617064983,36136.6963527785,0.17992723874692676,36
2022-08-30 00:00:00,ITC,11,0.4316306226918494,0.17803282994067746,812.2788068534433,2022-07-25 00:00:00,246.9624539900664,264.7206726074219,200840.60981787133,215026.9920949976,14186.382277126278,0.07063502889177116,36
2022-09-01 00:00:00,ADANIPOWER,1,0.7961204673172277,0.23853956024829207,3443.226454582746,2022-07-25 00:00:00,58.2599983215332,81.69999694824219,200840.60981787133,281311.5908315171,80470.9810136458,0.40067086575080335,38
2022-09-01 00:00:00,CHENNPETRO,6,0.5094893323268866,0.1736460862390695,826.7135568595153,2022-07-25 00:00:00,242.6503905738396,246.3555908203125,200840.60981787133,203665.5067392879,2824.89692141657,0.014065367178372324,38
2022-09-01 00:00:00,ATGL,4,0.5388918272636638,0.21464673322555253,70.23689027726446,2022-07-25 00:00:00,2856.0827034448603,3634.26513671875,200840.60981787133,255259.4816462024,54418.87182833106,0.27095551979094185,38
2022-09-01 00:00:00,VBL,8,0.45220283805359246,0.1951083881837257,1156.011038156011,2022-07-25 00:00:00,173.52980278167288,206.5914764404297,200840.60981787133,238822.0271540842,37981.41733621288,0.18911223865858423,38
2022-09-01 00:00:00,ITC,11,0.4125721898859208,0.1780592321033602,812.2788068534433,2022-07-25 00:00:00,246.9624539900664,262.3253173828125,200840.60981787133,213081.29581116175,12240.685993290419,0.060947265617200944,38
2022-09-02 00:00:00,ADANIPOWER,1,0.8037715371090974,0.23754731365804374,3443.226454582746,2022-07-25 00:00:00,58.2599983215332,80.25,200840.60981787133,276318.9229802654,75478.31316239407,0.3758120094877237,39
2022-09-02 00:00:00,CHENNPETRO,6,0.49822932622361116,0.17041773177380865,826.7135568595153,2022-07-25 00:00:00,242.6503905738396,252.15736389160156,200840.60981787133,208461.91119114505,7621.301373273716,0.037947013704972096,39
2022-09-02 00:00:00,ATGL,3,0.5565089330211491,0.21452630411171825,70.23689027726446,2022-07-25 00:00:00,2856.0827034448603,3617.887451171875,200840.60981787133,254109.16394345099,53268.554125579656,0.26522800430592836,39
2022-09-02 00:00:00,VBL,8,0.4539722502553271,0.19907219351385108,1156.011038156011,2022-07-25 00:00:00,173.52980278167288,204.49026489257812,200840.60981787133,236393.00341126692,35552.393593395595,0.17701795282157148,39
2022-09-02 00:00:00,ITC,12,0.41952584146500327,0.17843645694257826,812.2788068534433,2022-07-25 00:00:00,246.9624539900664,266.9094543457031,200840.60981787133,216804.89311383132,15964.283295959991,0.07948732734100396,39
2022-09-05 00:00:00,ADANIPOWER,1,0.8177149280897661,0.23244875552441868,3443.226454582746,2022-07-25 00:00:00,58.2599983215332,77.97000122070312,200840.60981787133,268468.370866974,67627.76104910267,0.33672353967870183,42
2022-09-05 00:00:00,CHENNPETRO,6,0.5370215058739112,0.17432248823910898,826.7135568595153,2022-07-25 00:00:00,242.6503905738396,246.48745727539062,200840.60981787133,203774.522525396,2933.912707524665,0.014608164704265889,42
2022-09-05 00:00:00,ATGL,4,0.5554871428958208,0.21045302167642124,70.23689027726446,2022-07-25 00:00:00,2856.0827034448603,3525.76416015625,200840.60981787133,247638.71046040603,46798.1006425347,0.233011145927971,42
2022-09-05 00:00:00,VBL,7,0.45187678011056936,0.20043869146252066,1156.011038156011,2022-07-25 00:00:00,173.52980278167288,204.84703063964844,200840.60981787133,236805.4285529162,35964.81873504486,0.17907144759049926,42
2022-09-05 00:00:00,ITC,12,0.4386383647605046,0.1823370430975305,812.2788068534433,2022-07-25 00:00:00,246.9624539900664,271.6174011230469,200840.60981787133,220629.0585048616,19788.448686990276,0.09852812488935914,42
2022-09-06 00:00:00,ADANIPOWER,1,0.8117691130729903,0.2276956942567564,3443.226454582746,2022-07-25 00:00:00,58.2599983215332,81.55000305175781,200840.60981787133,280795.12787911616,79954.51806124483,0.3980993591572448,43
2022-09-06 00:00:00,CHENNPETRO,5,0.5069515391980982,0.17469879322277357,826.7135568595153,2022-07-25 00:00:00,242.6503905738396,246.48745727539062,200840.60981787133,203774.522525396,2933.912707524665,0.014608164704265889,43
2022-09-06 00:00:00,ATGL,4,0.5293010244456768,0.20978564735144695,70.23689027726446,2022-07-25 00:00:00,2856.0827034448603,3677.8056640625,200840.60981787133,258317.6328878596,57477.02306998827,0.2861822771904062,43
2022-09-06 00:00:00,VBL,9,0.45691047907739407,0.2010735770860779,1156.011038156011,2022-07-25 00:00:00,173.52980278167288,216.8100128173828,200840.60981787133,250634.76799964075,49794.158181769424,0.24792873426805642,43
2022-09-06 00:00:00,ITC,11,0.44930544364927044,0.18674628808294524,812.2788068534433,2022-07-25 00:00:00,246.9624539900664,270.2132873535156,200840.60981787133,219488.52664746027,18647.91682958894,0.09284933383990153,43
2022-09-07 00:00:00,ADANIPOWER,1,0.8127588562414261,0.23039323612054283,3443.226454582746,2022-07-25 00:00:00,58.2599983215332,81.26000213623047,200840.60981787133,279796.5890549192,78955.97923704787,0.39312756174484664,44
2022-09-07 00:00:00,CHENNPETRO,7,0.4581423420713965,0.16821737040274437,826.7135568595153,2022-07-25 00:00:00,242.6503905738396,255.05825805664062,200840.60981787133,210860.1197243975,10019.50990652616,0.04988786837289615,44
2022-09-07 00:00:00,ATGL,4,0.5170336268974273,0.2133824895992488,70.23689027726446,2022-07-25 00:00:00,2856.0827034448603,3656.2353515625,200840.60981787133,256802.60121555076,55961.991397679434,0.27863882433153114,44
2022-09-07 00:00:00,VBL,5,0.47314893020664905,0.20719644347825122,1156.011038156011,2022-07-25 00:00:00,173.52980278167288,214.65928649902344,200840.60981787133,248148.50463556466,47307.89481769333,0.23554944819473334,44
2022-09-07 00:00:00,ITC,13,0.4308688056955589,0.18081046039921278,812.2788068534433,2022-07-25 00:00:00,246.9624539900664,269.3460998535156,200840.60981787133,218784.12861964206,17943.518801770726,0.08934208484052344,44
2022-09-08 00:00:00,ADANIPOWER,1,0.8173896965475346,0.2316092508923826,3443.226454582746,2022-07-25 00:00:00,58.2599983215332,80.37999725341797,200840.60981787133,276766.5329622572,75925.92314438589,0.3780406921351112,45
2022-09-08 00:00:00,CHENNPETRO,6,0.4628397856702766,0.17340027854813414,826.7135568595153,2022-07-25 00:00:00,242.6503905738396,257.95916748046875,200840.60981787133,213258.34087229773,12417.731054426404,0.06182878585006886,45
2022-09-08 00:00:00,ATGL,4,0.4998389966513848,0.21052906216162232,70.23689027726446,2022-07-25 00:00:00,2856.0827034448603,3624.927978515625,200840.60981787133,254603.66868998803,53763.0588721167,0.2676901793958441,45
2022-09-08 00:00:00,VBL,5,0.47573438766087006,0.20471049754686352,1156.011038156011,2022-07-25 00:00:00,173.52980278167288,217.70201110839844,200840.60981787133,251665.92787007111,50825.318052199786,0.2530629542416238,45
2022-09-08 00:00:00,ITC,11,0.429244204141843,0.17975091085099734,812.2788068534433,2022-07-25 00:00:00,246.9624539900664,272.4847106933594,200840.60981787133,221333.55568780762,20492.945869936288,0.1020358675893284,45
2022-09-09 00:00:00,ADANIPOWER,1,0.8239087569095029,0.2280144113138785,3443.226454582746,2022-07-25 00:00:00,58.2599983215332,79.4000015258789,200840.60981787133,273392.18574781663,72551.5759299453,0.3612395719956108,46
2022-09-09 00:00:00,CHENNPETRO,6,0.4697970061660716,0.17435217366353373,826.7135568595153,2022-07-25 00:00:00,242.6503905738396,253.4759521484375,200840.60981787133,209552.00597898706,8711.396161115728,0.04337467491766481,46
2022-09-09 00:00:00,ATGL,4,0.5140814880287167,0.21006043123250742,70.23689027726446,2022-07-25 00:00:00,2856.0827034448603,3628.323486328125,200840.60981787133,254842.1585996502,54001.54878177887,0.26887763799736114,46
2022-09-09 00:00:00,VBL,5,0.4891004862303372,0.20657407445148254,1156.011038156011,2022-07-25 00:00:00,173.52980278167288,214.12405395507812,200840.60981787133,247529.76990678356,46689.160088912235,0.23246872299009375,46
2022-09-09 00:00:00,ITC,9,0.4486447021271385,0.18099890933859777,812.2788068534433,2022-07-25 00:00:00,246.9624539900664,272.98028564453125,200840.60981787133,221736.10071785198,20895.49089998065,0.10404016856416314,46
2022-09-12 00:00:00,ADANIPOWER,1,0.8206378594819881,0.22768093916127544,3443.226454582746,2022-07-25 00:00:00,58.2599983215332,79.5199966430664,200840.60981787133,273805.3561097374,72964.74629186609,0.36329677727045767,49
2022-09-12 00:00:00,CHENNPETRO,7,0.4666070034771609,0.17321091474948386,826.7135568595153,2022-07-25 00:00:00,242.6503905738396,256.9482116699219,200840.60981787133,212422.56999833274,11581.960180461407,0.057667421897216395,49
2022-09-12 00:00:00,ATGL,4,0.527299811870768,0.21077247357142523,70.23689027726446,2022-07-25 00:00:00,2856.0827034448603,3630.420654296875,200840.60981787133,254989.45715616428,54148.84733829295,0.26961104822076,49
2022-09-12 00:00:00,VBL,5,0.48986770947819697,0.20514301999906823,1156.011038156011,2022-07-25 00:00:00,173.52980278167288,211.5272979736328,200840.60981787133,244527.89132883513,43687.2815109638,0.21752215127498778,49
2022-09-12 00:00:00,ITC,9,0.4507888317734954,0.18319265251874722,812.2788068534433,2022-07-25 00:00:00,246.9624539900664,273.3106689453125,200840.60981787133,222004.46407121487,21163.85425334354,0.10537636921405286,49
2022-09-13 00:00:00,ADANIPOWER,1,0.8186855983226068,0.22726458303461286,3443.226454582746,2022-07-25 00:00:00,58.2599983215332,78.72000122070312,200840.60981787133,271050.7907079111,70210.18089003974,0.3495815958421386,50
2022-09-13 00:00:00,CHENNPETRO,9,0.44973946383325564,0.17587718441311456,826.7135568595153,2022-07-25 00:00:00,242.6503905738396,254.13525390625,200840.60981787133,210097.05968023196,9256.449862360634,0.04608853692863549,50
2022-09-13 00:00:00,ATGL,4,0.5351570178028993,0.21049588631630298,70.23689027726446,2022-07-25 00:00:00,2856.0827034448603,3599.8125,200840.60981787133,252839.6355812251,51999.02576335377,0.2589069302792306,50
2022-09-13 00:00:00,VBL,5,0.4729968883501671,0.20298568273580847,1156.011038156011,2022-07-25 00:00:00,173.52980278167288,213.23204040527344,200840.60981787133,246498.59239702462,45657.98257915329,0.2273344151890268,50
2022-09-13 00:00:00,ITC,12,0.4457490330870689,0.18337666350016124,812.2788068534433,2022-07-25 00:00:00,246.9624539900664,276.2015380859375,200840.60981787133,224352.65580753118,23512.045989659848,0.11706818661316215,50
2022-09-14 00:00:00,ADANIPOWER,1,0.825020760598985,0.22317348526668268,3443.226454582746,2022-07-25 00:00:00,58.2599983215332,76.91000366210938,200840.60981787133,264818.5592314309,63977.949413559545,0.31855086215669626,51
2022-09-14 00:00:00,CHENNPETRO,10,0.45212039291541384,0.17424764345297275,826.7135568595153,2022-07-25 00:00:00,242.6503905738396,252.20132446289062,200840.60981787133,208498.25399139698,7657.644173525652,0.03812796715001935,51
2022-09-14 00:00:00,ATGL,4,0.5103500944530137,0.21036780739547506,70.23689027726446,2022-07-25 00:00:00,2856.0827034448603,3559.517578125,200840.60981787133,250009.44557475977,49168.83575688844,0.24481520844552457,51
2022-09-14 00:00:00,VBL,6,0.4699079469972872,0.20564441728462166,1156.011038156011,2022-07-25 00:00:00,173.52980278167288,212.5382537841797,200840.60981787133,245696.5674049153,44855.95758704396,0.2233410744356969,51
2022-09-14 00:00:00,ITC,12,0.4418515855258946,0.18656664660024783,812.2788068534433,2022-07-25 00:00:00,246.9624539900664,276.9862060546875,200840.60981787133,224990.02496896355,24149.415151092224,0.12024169401293734,51
2022-09-15 00:00:00,ADANIPOWER,1,0.8121365116988549,0.22357213359241307,3443.226454582746,2022-07-25 00:00:00,58.2599983215332,79.83999633789062,200840.60981787133,274907.18752441456,74066.57770654323,0.36878287600156745,52
2022-09-15 00:00:00,CHENNPETRO,10,0.45726824524876,0.17551326590729394,826.7135568595153,2022-07-25 00:00:00,242.6503905738396,246.75119018554688,200840.60981787133,203992.55409761218,3151.9442797408556,0.015693759756053017,52
2022-09-15 00:00:00,ATGL,5,0.5007471885595384,0.2084222723499984,70.23689027726446,2022-07-25 00:00:00,2856.0827034448603,3596.4169921875,200840.60981787133,252601.14567156293,51760.5358536916,0.25771947167771353,52
2022-09-15 00:00:00,VBL,8,0.4658356763026097,0.20437211467273303,1156.011038156011,2022-07-25 00:00:00,173.52980278167288,216.92893981933594,200840.60981787133,250772.24892663336,49931.63910876203,0.24861326180019883,52
2022-09-15 00:00:00,ITC,11,0.4382826609082589,0.1881202134775615,812.2788068534433,2022-07-25 00:00:00,246.9624539900664,275.9537048339844,200840.60981787133,224151.3461093361,23310.736291464767,0.11606585098802322,52
2022-09-16 00:00:00,ADANIPOWER,1,0.808784323638549,0.22770108081089568,3443.226454582746,2022-07-25 00:00:00,58.2599983215332,77.55000305175781,200840.60981787133,267022.2220607852,66181.61224291389,0.32952305961891615,53
2022-09-16 00:00:00,CHENNPETRO,16,0.41171749968971466,0.16904834225552706,826.7135568595153,2022-07-25 00:00:00,242.6503905738396,241.4768524169922,200840.60981787133,199632.18756089185,-1208.4222569794802,-0.0060168222854696364,53
2022-09-16 00:00:00,ATGL,4,0.4925458620253842,0.20977197108254583,70.23689027726446,2022-07-25 00:00:00,2856.0827034448603,3523.966552734375,200840.60981787133,247512.4521051542,46671.84228728287,0.23238249639655237,53
2022-09-16 00:00:00,VBL,8,0.4595392459486066,0.20869765380493993,1156.011038156011,2022-07-25 00:00:00,173.52980278167288,218.5147705078125,200840.60981787133,252605.48670715882,51764.876889287494,0.25774108600959506,53
2022-09-16 00:00:00,ITC,12,0.4278626931549561,0.18478095204609146,812.2788068534433,2022-07-25 00:00:00,246.9624539900664,273.64105224609375,200840.60981787133,222272.82742457776,21432.21760670643,0.10671256986394259,53
2022-09-19 00:00:00,ADANIPOWER,1,0.8191720647128773,0.2262163759101755,3443.226454582746,2022-07-25 00:00:00,58.2599983215332,78.37000274658203,200840.60981787133,269845.66670275375,69005.05688488242,0.3435811957923171,56
2022-09-19 00:00:00,CHENNPETRO,15,0.42324153135352954,0.16983237694121045,826.7135568595153,2022-07-25 00:00:00,242.6503905738396,243.49867248535156,200840.60981787133,201303.6536209352,463.04380306386156,0.002305528764744164,56
2022-09-19 00:00:00,ATGL,5,0.48407432560179925,0.2095210480860143,70.23689027726446,2022-07-25 00:00:00,2856.0827034448603,3615.09130859375,200840.60981787133,253912.77158399162,53072.16176612029,0.26425015246790884,56
2022-09-19 00:00:00,VBL,8,0.4707911316628174,0.20845429269350066,1156.011038156011,2022-07-25 00:00:00,173.52980278167288,214.3024444580078,200840.60981787133,247735.9912972725,46895.38147940117,0.23349551428830753,56
2022-09-19 00:00:00,ITC,13,0.44071524003532697,0.18597590636909905,812.2788068534433,2022-07-25 00:00:00,246.9624539900664,277.19268798828125,200840.60981787133,225157.74586761987,24317.136049748544,0.12107678856283148,56
2022-09-20 00:00:00,ADANIPOWER,1,0.8135867836958404,0.22406439602998407,3443.226454582746,2022-07-25 00:00:00,58.2599983215332,79.6500015258789,200840.60981787133,274252.9923614623,73412.382543591,0.3655255907167564,57
2022-09-20 00:00:00,CHENNPETRO,16,0.41691736925302175,0.1678050795256641,826.7135568595153,2022-07-25 00:00:00,242.6503905738396,239.54290771484375,200840.60981787133,198033.3692574091,-2807.2405604622327,-0.013977454873334271,57
2022-09-20 00:00:00,ATGL,4,0.5193752593799078,0.21241857362390618,70.23689027726446,2022-07-25 00:00:00,2856.0827034448603,3669.916259765625,200840.60981787133,257763.505663907,56922.89584603568,0.2834232374501112,57
2022-09-20 00:00:00,VBL,8,0.4598846971797338,0.20755123294822164,1156.011038156011,2022-07-25 00:00:00,173.52980278167288,222.53875732421875,200840.60981787133,257257.25988431872,56416.650066447386,0.28090260290290797,57
2022-09-20 00:00:00,ITC,11,0.44065674577819774,0.1881607178722241,812.2788068534433,2022-07-25 00:00:00,246.9624539900664,277.5230712890625,200840.60981787133,225426.10922098276,24585.499403111433,0.12241298921272122,57
2022-09-21 00:00:00,ADANIPOWER,1,0.8123708932376099,0.22569962671226512,3443.226454582746,2022-07-25 00:00:00,58.2599983215332,78.0999984741211,200840.60981787133,268915.9808489659,68075.37103109455,0.3389522223260896,58
2022-09-21 00:00:00,CHENNPETRO,14,0.41108433703105657,0.16506678857707902,826.7135568595153,2022-07-25 00:00:00,242.6503905738396,234.4883270263672,200840.60981787133,193854.67887800522,-6985.9309398661135,-0.0347834581173657,58
2022-09-21 00:00:00,ATGL,4,0.5271842458381004,0.212651080758248,70.23689027726446,2022-07-25 00:00:00,2856.0827034448603,3560.6162109375,200840.60981787133,250086.61012706632,49246.00030919499,0.2451994163623225,58
2022-09-21 00:00:00,VBL,8,0.4585666826220216,0.21136782635492998,1156.011038156011,2022-07-25 00:00:00,173.52980278167288,222.8856658935547,200840.60981787133,257658.29001970196,56817.68020183063,0.28289936110707253,58
2022-09-21 00:00:00,ITC,11,0.4249131537820505,0.18521467759747795,812.2788068534433,2022-07-25 00:00:00,246.9624539900664,281.6115417480469,200840.60981787133,228747.08712726214,27906.477309390815,0.1389483796862462,58
2022-09-22 00:00:00,ADANIPOWER,1,0.8296652969015607,0.22315184345938155,3443.226454582746,2022-07-25 00:00:00,58.2599983215332,79.25,200840.60981787133,272875.69652568264,72035.08670781131,0.3586679346031414,59
2022-09-22 00:00:00,CHENNPETRO,17,0.42653571077574504,0.16187064494639367,826.7135568595153,2022-07-25 00:00:00,242.6503905738396,226.44497680664062,200840.60981787133,187205.1322087883,-13635.477609083027,-0.06789203449167035,59
2022-09-22 00:00:00,ATGL,4,0.5343276452025288,0.2088347285522906,70.23689027726446,2022-07-25 00:00:00,2856.0827034448603,3624.927978515625,200840.60981787133,254603.66868998803,53763.0588721167,0.2676901793958441,59
2022-09-22 00:00:00,VBL,6,0.5071588125900827,0.21507277245241396,1156.011038156011,2022-07-25 00:00:00,173.52980278167288,232.0238800048828,200840.60981787133,268222.16640143027,67381.55658355894,0.33549766974250217,59
2022-09-22 00:00:00,ITC,10,0.46601963212727426,0.1910700105895203,812.2788068534433,2022-07-25 00:00:00,246.9624539900664,284.998046875,200840.60981787133,231497.8734711867,30657.26365331537,0.15264474491048577,59
2022-09-23 00:00:00,ADANIPOWER,1,0.8247982923962613,0.26474022844786865,3443.226454582746,2022-07-25 00:00:00,58.2599983215332,77.12000274658203,200840.60981787133,265541.6336345253,64701.023816653964,0.3221511021865892,60
2022-09-23 00:00:00,ATGL,4,0.5340937973368746,0.24784316147627916,70.23689027726446,2022-07-25 00:00:00,2856.0827034448603,3540.393798828125,200840.60981787133,248666.25078659854,47825.64096872721,0.23812734392759027,60
2022-09-23 00:00:00,VBL,5,0.4996535667811187,0.26122589486453435,1156.011038156011,2022-07-25 00:00:00,173.52980278167288,229.734375,200840.60981787133,265575.47334387235,64734.86352600102,0.3223195925600139,60
2022-09-23 00:00:00,ITC,9,0.4566980127090123,0.22619071521131784,812.2788068534433,2022-07-25 00:00:00,246.9624539900664,286.113037109375,200840.60981787133,232403.55640841805,31562.946590546722,0.15715420610985503,60
2022-09-26 00:00:00,ADANIPOWER,1,0.8093910567321773,0.26142071516754045,3443.226454582746,2022-07-25 00:00:00,58.2599983215332,73.30000305175781,200840.60981787133,252388.50962880853,51547.899810937204,0.2566607413594416,63
2022-09-26 00:00:00,ATGL,3,0.5529129651121852,0.2452442675419298,70.23689027726446,2022-07-25 00:00:00,2856.0827034448603,3366.4326171875,200840.60981787133,236447.75835920268,35607.14854133135,0.17729058168873837,63
2022-09-26 00:00:00,VBL,5,0.5127624193876777,0.2622052033661949,1156.011038156011,2022-07-25 00:00:00,173.52980278167288,215.4521942138672,200840.60981787133,249065.1147061631,48224.50488829176,0.24011331638568156,63
2022-09-26 00:00:00,ITC,9,0.48323781084933065,0.23112981392433485,812.2788068534433,2022-07-25 00:00:00,246.9624539900664,274.7148132324219,200840.60981787133,223145.02071739815,22304.410899526818,0.11105528368865823,63
2022-09-27 00:00:00,ADANIPOWER,1,0.8031084472914043,0.26107362102883563,3443.226454582746,2022-07-25 00:00:00,58.2599983215332,74.51000213623047,200840.60981787133,256554.8104864857,55714.20066861436,0.27740505627391676,64
2022-09-27 00:00:00,ATGL,4,0.5432483601630449,0.24629797921590596,70.23689027726446,2022-07-25 00:00:00,2856.0827034448603,3374.07177734375,200840.60981787133,236984.30921290765,36143.699395036325,0.17996210740354046,64
2022-09-27 00:00:00,VBL,6,0.5047249498956483,0.25851004062136984,1156.011038156011,2022-07-25 00:00:00,173.52980278167288,205.86793518066406,200840.60981787133,237985.60547123384,37144.99565336251,0.18494763428096925,64
2022-09-27 00:00:00,ITC,9,0.4888721040279581,0.2341183591338886,812.2788068534433,2022-07-25 00:00:00,246.9624539900664,276.5732421875,200840.60981787133,224654.58317165088,23813.973353779555,0.11857150491314891,64
2022-09-28 00:00:00,ADANIPOWER,1,0.8016689182309775,0.2678804374599534,3443.226454582746,2022-07-25 00:00:00,58.2599983215332,73.55000305175781,200840.60981787133,253249.3162424542,52408.706424582866,0.26094676008058704,65
2022-09-28 00:00:00,ATGL,3,0.5494062603100149,0.24777240749048982,70.23689027726446,2022-07-25 00:00:00,2856.0827034448603,3443.326904296875,200840.60981787133,241848.57396585232,41007.964147980994,0.2041816353035789,65
2022-09-28 00:00:00,VBL,9,0.4817445881257867,0.2502040637594163,1156.011038156011,2022-07-25 00:00:00,173.52980278167288,204.11361694335938,200840.60981787133,235957.59422447122,35116.98440659989,0.17485001882062146,65
2022-09-28 00:00:00,ITC,7,0.49722456225050726,0.2341430912901406,812.2788068534433,2022-07-25 00:00:00,246.9624539900664,268.396240234375,200840.60981787133,218012.57778152823,17171.967963656905,0.08550047711580339,65
2022-09-29 00:00:00,ADANIPOWER,1,0.8124584041148558,0.2672756423722247,3443.226454582746,2022-07-25 00:00:00,58.2599983215332,73.88999938964844,200840.60981787133,254420.00062754046,53579.39080966913,0.26677568275786767,66
2022-09-29 00:00:00,ATGL,3,0.5747728763315704,0.2548647078543276,70.23689027726446,2022-07-25 00:00:00,2856.0827034448603,3367.631103515625,200840.60981787133,236531.93631193,35691.32649405868,0.17770970983619655,66
2022-09-29 00:00:00,VBL,8,0.5109843377625843,0.24922559102196784,1156.011038156011,2022-07-25 00:00:00,173.52980278167288,204.79750061035156,200840.60981787133,236748.1712923288,35907.56147445747,0.1787863595266893,66
2022-09-29 00:00:00,ITC,11,0.4941431111251963,0.22863405875147982,812.2788068534433,2022-07-25 00:00:00,246.9624539900664,275.08648681640625,200840.60981787133,223446.9232927359,22606.313474864583,0.11255847856349724,66
2022-09-30 00:00:00,ADANIPOWER,1,0.8153057671438245,0.2661544793590702,3443.226454582746,2022-07-25 00:00:00,58.2599983215332,74.69999694824219,200840.60981787133,257209.0056494379,56368.395831566566,0.2806623415587277,67
2022-09-30 00:00:00,ATGL,4,0.5856804657008202,0.24768140259572455,70.23689027726446,2022-07-25 00:00:00,2856.0827034448603,3335.275390625,200840.60981787133,234259.3716557885,33418.761837917176,0.16639444516834706,67
2022-09-30 00:00:00,VBL,7,0.5465735045213528,0.2502078696625251,1156.011038156011,2022-07-25 00:00:00,173.52980278167288,206.9879150390625,200840.60981787133,239280.31455005484,38439.70473218351,0.19139408492655874,67
2022-09-30 00:00:00,ITC,8,0.5350228964035874,0.23595624838268,812.2788068534433,2022-07-25 00:00:00,246.9624539900664,274.3843994140625,200840.60981787133,222876.63257525332,22036.022757381987,0.10971895961362074,67
2022-10-03 00:00:00,ADANIPOWER,1,0.8306655885557344,0.2705199714849874,3443.226454582746,2022-07-25 00:00:00,58.2599983215332,70.97000122070312,200840.60981787133,244365.78568489477,43525.17586702344,0.21671501548662622,70
2022-10-03 00:00:00,ATGL,5,0.5780722932724235,0.2446660380756418,70.23689027726446,2022-07-25 00:00:00,2856.0827034448603,3096.552978515625,200840.60981787133,217492.25178973842,16651.641971867095,0.08290973616823477,70
2022-10-03 00:00:00,VBL,9,0.5364259821661976,0.25084880685506084,1156.011038156011,2022-07-25 00:00:00,173.52980278167288,212.14178466796875,200840.60981787133,245238.2447302875,44397.634912416164,0.22105905251272318,70
2022-10-03 00:00:00,ITC,11,0.5335667284723593,0.2339651835843099,812.2788068534433,2022-07-25 00:00:00,246.9624539900664,267.9419250488281,200840.60981787133,217643.54718467683,16802.937366805505,0.08366304694077031,70
2022-10-04 00:00:00,ADANIPOWER,1,0.790340284767485,0.2630230802759044,3443.226454582746,2022-07-25 00:00:00,58.2599983215332,70.5,200840.60981787133,242747.4650480836,41906.85523021227,0.20865727936304687,71
2022-10-04 00:00:00,ATGL,9,0.5349444390067045,0.23679141396306524,70.23689027726446,2022-07-25 00:00:00,2856.0827034448603,3211.74462890625,200840.60981787133,225582.95509908177,24742.345281210437,0.12319393624450546,71
2022-10-04 00:00:00,VBL,6,0.5925338618262462,0.2662153947855883,1156.011038156011,2022-07-25 00:00:00,173.52980278167288,226.58258056640625,200840.60981787133,261931.96418863928,61091.35437076795,0.30417829554574416,71
2022-10-04 00:00:00,ITC,10,0.5320866695159705,0.23397011097544204,812.2788068534433,2022-07-25 00:00:00,246.9624539900664,274.9212646484375,200840.60981787133,223312.71682727252,22472.107009401196,0.11189025481340462,71
2022-10-06 00:00:00,ADANIPOWER,1,0.7216464513608201,0.2547798535939878,3443.226454582746,2022-07-25 00:00:00,58.2599983215332,74.0199966430664,200840.60981787133,254867.6106095323,54027.000791660976,0.26900436540525535,73
2022-10-06 00:00:00,ATGL,8,0.5304396216124655,0.23861685322024503,70.23689027726446,2022-07-25 00:00:00,2856.0827034448603,3303.46923828125,200840.60981787133,232025.40642347856,31184.796605607233,0.15527136983843356,73
2022-10-06 00:00:00,VBL,4,0.6242705408379492,0.2722037269900077,1156.011038156011,2022-07-25 00:00:00,173.52980278167288,226.51316833496094,200840.60981787133,261851.72288290545,61011.11306503412,0.30377876824991196,73
2022-10-06 00:00:00,ITC,10,0.5172259158983556,0.2343995661957595,812.2788068534433,2022-07-25 00:00:00,246.9624539900664,278.0599060058594,200840.60981787133,225862.16868422003,25021.5588663487,0.12458416098735732,73
2022-10-07 00:00:00,ADANIPOWER,1,0.710473313802096,0.2640415625652237,3443.226454582746,2022-07-25 00:00:00,58.2599983215332,74.56999969482422,200840.60981787133,256761.39566744605,55920.78584957472,0.27843365891134003,74
2022-10-07 00:00:00,ATGL,11,0.4969229722218994,0.23705558402228463,70.23689027726446,2022-07-25 00:00:00,2856.0827034448603,3183.234130859375,200840.60981787133,223580.46637601324,22739.85655814191,0.11322339928544897,74
2022-10-07 00:00:00,VBL,5,0.574936478664083,0.26780378911779573,1156.011038156011,2022-07-25 00:00:00,173.52980278167288,225.03640747070312,200840.60981787133,260144.57102310663,59303.961205235304,0.2952787350078952,74
2022-10-07 00:00:00,ITC,9,0.49854760447994106,0.23109906429469598,812.2788068534433,2022-07-25 00:00:00,246.9624539900664,275.9537048339844,200840.60981787133,224151.3461093361,23310.736291464767,0.11606585098802322,74
2022-10-10 00:00:00,ADANIPOWER,1,0.6842261790249924,0.26549370459093474,3443.226454582746,2022-07-25 00:00:00,58.2599983215332,73.06999969482422,200840.60981787133,251596.55598557193,50755.946167700604,0.2527175465844667,77
2022-10-10 00:00:00,ATGL,17,0.44985270443650316,0.23378224034641948,70.23689027726446,2022-07-25 00:00:00,2856.0827034448603,3156.67041015625,200840.60981787133,221714.71323963194,20874.103421760607,0.10393367875495851,77
2022-10-10 00:00:00,VBL,6,0.5649867198871937,0.26750908992180567,1156.011038156011,2022-07-25 00:00:00,173.52980278167288,215.98736572265625,200840.60981787133,249683.77887762987,48843.16905975854,0.2431936902803227,77
2022-10-10 00:00:00,ITC,12,0.489396566145279,0.23321496514084014,812.2788068534433,2022-07-25 00:00:00,246.9624539900664,270.7914733886719,200840.60981787133,219958.17491023632,19117.565092364996,0.09518774668978258,77
2022-10-11 00:00:00,ADANIPOWER,1,0.6528429049204517,0.35032764213865536,3443.226454582746,2022-07-25 00:00:00,58.2599983215332,71.37000274658203,200840.60981787133,245743.0815206745,44902.47170280316,0.22357267160024136,78
2022-10-11 00:00:00,VBL,8,0.5325635911249815,0.3461458375514079,1156.011038156011,2022-07-25 00:00:00,173.52980278167288,207.20594787597656,200840.60981787133,239532.36291620796,38691.75309833663,0.19264905206881988,78
2022-10-11 00:00:00,ITC,12,0.48137860785065484,0.30352652030993676,812.2788068534433,2022-07-25 00:00:00,246.9624539900664,269.5112609863281,200840.60981787133,218918.28550754156,18077.675689670228,0.09001006174032056,78
2022-10-12 00:00:00,ADANIPOWER,1,0.6578215416629417,0.3467220977038853,3443.226454582746,2022-07-25 00:00:00,58.2599983215332,71.36000061035156,200840.60981787133,245708.6419006034,44868.03208273207,0.2234011942277004,79
2022-10-12 00:00:00,VBL,8,0.4980678026176566,0.3428413352520235,1156.011038156011,2022-07-25 00:00:00,173.52980278167288,211.77505493164062,200840.60981787133,244814.30110707213,43973.6912892008,0.21894820638653478,79
2022-10-12 00:00:00,ITC,9,0.4846250351256259,0.3104365670440912,812.2788068534433,2022-07-25 00:00:00,246.9624539900664,272.6499328613281,200840.60981787133,221467.76215327103,20627.152335399704,0.10270409133942116,79
2022-10-13 00:00:00,ADANIPOWER,1,0.6883909670512133,0.34303661670367563,3443.226454582746,2022-07-25 00:00:00,58.2599983215332,69.37000274658203,200840.60981787133,238856.62861150902,38016.01879363769,0.18928452183107702,80
2022-10-13 00:00:00,VBL,7,0.5407376272310148,0.348040110474455,1156.011038156011,2022-07-25 00:00:00,173.52980278167288,211.666015625,200840.60981787133,244688.2504650027,43847.64064713137,0.2183205910741548,80
2022-10-13 00:00:00,ITC,12,0.4954403222641472,0.3089232728218694,812.2788068534433,2022-07-25 00:00:00,246.9624539900664,271.4522705078125,200840.60981787133,220494.92640574407,19654.316587872745,0.09786027141470993,80
2022-10-14 00:00:00,ADANIPOWER,1,0.6405626541618897,0.3422933367813823,3443.226454582746,2022-07-25 00:00:00,58.2599983215332,66.25,200840.60981787133,228113.75261610694,27273.14279823561,0.13579496110357248,81
2022-10-14 00:00:00,VBL,5,0.5407017641895687,0.34555205181763765,1156.011038156011,2022-07-25 00:00:00,173.52980278167288,203.47930908203125,200840.60981787133,235224.32733518677,34383.71751731544,0.17119902966086237,81
2022-10-14 00:00:00,ITC,10,0.4925536889817422,0.31215461140098,812.2788068534433,2022-07-25 00:00:00,246.9624539900664,274.3017883300781,200840.60981787133,222809.5293425216,21968.919524650264,0.10938484773857429,81
2022-10-17 00:00:00,ADANIPOWER,2,0.6177290062211602,0.3337856845250168,3443.226454582746,2022-07-25 00:00:00,58.2599983215332,68.12999725341797,200840.60981787133,234587.0088936186,33746.399075747264,0.16802577479897904,84
2022-10-17 00:00:00,VBL,9,0.5111560722300377,0.3399404053158182,1156.011038156011,2022-07-25 00:00:00,173.52980278167288,196.43234252929688,200840.60981787133,227077.95621470961,26237.346396838286,0.13063765550518466,84
2022-10-17 00:00:00,ITC,7,0.5163225778054842,0.32627391015916496,812.2788068534433,2022-07-25 00:00:00,246.9624539900664,274.4257507324219,200840.60981787133,222910.22137479208,22069.611556920747,0.10988620068886554,84
2022-10-18 00:00:00,ADANIPOWER,2,0.6343933208782941,0.3413046506900594,3443.226454582746,2022-07-25 00:00:00,58.2599983215332,69.12000274658203,200840.60981787133,237995.82199786333,37155.212179992,0.18499850310993146,85
2022-10-18 00:00:00,VBL,16,0.4661092596545568,0.3330546600664031,1156.011038156011,2022-07-25 00:00:00,173.52980278167288,198.08753967285156,200840.60981787133,228991.38238298314,28150.77256511181,0.14016474352791414,85
2022-10-18 00:00:00,ITC,7,0.5023902951520786,0.3256406892435375,812.2788068534433,2022-07-25 00:00:00,246.9624539900664,281.07470703125,200840.60981787133,228311.02766402488,27470.41784615355,0.1367772079116101,85
2022-10-19 00:00:00,ADANIPOWER,2,0.6215384974951766,0.5083367336349963,3443.226454582746,2022-07-25 00:00:00,58.2599983215332,66.72000122070312,200840.60981787133,229732.0732529181,28891.463435046782,0.14385269722715183,86
2022-10-19 00:00:00,ITC,6,0.5227873044659154,0.4916632663650037,812.2788068534433,2022-07-25 00:00:00,246.9624539900664,286.0717468261719,200840.60981787133,232370.01718644318,31529.407368571847,0.15698721188490575,86
2022-10-20 00:00:00,ADANIPOWER,2,0.6013783229030736,0.4947210352497001,3443.226454582746,2022-07-25 00:00:00,58.2599983215332,67.69000244140625,200840.60981787133,233072.00711702066,32231.397299149336,0.16048247079302236,87
2022-10-20 00:00:00,ITC,6,0.5472142826263164,0.5052789647502999,812.2788068534433,2022-07-25 00:00:00,246.9624539900664,288.8387451171875,200840.60981787133,234617.59125683486,33776.98143896353,0.16817804660916721,87
2022-10-21 00:00:00,ADANIPOWER,3,0.615024935347872,0.4984665554429374,3443.226454582746,2022-07-25 00:00:00,58.2599983215332,66.44000244140625,200840.60981787133,228767.97404879224,27927.36423092091,0.1390523771872946,88
2022-10-21 00:00:00,ITC,5,0.5712630967454977,0.5015334445570627,812.2788068534433,2022-07-25 00:00:00,246.9624539900664,285.4522705078125,200840.60981787133,231866.82970169227,31026.219883820944,0.15448180481007556,88
2022-10-24 00:00:00,ADANIPOWER,3,0.6315378739541332,0.20934185275127504,3443.226454582746,2022-07-25 00:00:00,58.2599983215332,67.11000061035156,200840.60981787133,231074.92946862674,30234.31965075541,0.15053887596822602,91
2022-10-24 00:00:00,ITC,6,0.5884459381988959,0.2111828868668946,812.2788068534433,2022-07-25 00:00:00,246.9624539900664,287.18682861328125,200840.60981787133,233275.77449002038,32435.164672149054,0.16149704335971843,91
2022-10-24 00:00:00,APARINDS,1,0.713489825958947,0.19315842012727683,150.59949612345767,2022-10-24 00:00:00,1421.8688995198768,1449.084716796875,214387.05131564266,218231.42818981272,3844.3768741700624,0.01793194528577183,0
2022-10-24 00:00:00,DEEPAKFERT,2,0.6340625699420691,0.19315842012727683,212.34863381545992,2022-10-24 00:00:00,1008.4017776511774,983.7239990234375,214387.05131564266,208892.44724410778,-5494.604071534879,-0.02562936538291745,0
2022-10-24 00:00:00,ADANIENT,4,0.6091788840104605,0.19315842012727683,64.51799627900208,2022-10-24 00:00:00,3318.9614087720825,3303.7890625,214387.05131564266,213153.85044098276,-1233.2008746599022,-0.005752217156269653,0
2022-10-25 00:00:00,ADANIPOWER,2,0.6122401555588957,0.20913192081841975,3443.226454582746,2022-07-25 00:00:00,58.2599983215332,66.47000122070312,200840.60981787133,228871.26663927242,28030.65682140109,0.13956667850600626,92
2022-10-25 00:00:00,ITC,6,0.573131563316818,0.2119021590042134,812.2788068534433,2022-07-25 00:00:00,246.9624539900664,286.0304260253906,200840.60981787133,232336.45317568636,31495.84335781503,0.15682009423480872,92
2022-10-25 00:00:00,APARINDS,1,0.7265572905449236,0.19622594454259992,150.59949612345767,2022-10-24 00:00:00,1421.8688995198768,1502.490234375,214387.05131564266,226274.2722272908,11887.220911648154,0.05544747613579779,1
2022-10-25 00:00:00,DEEPAKFERT,3,0.6081026295085208,0.18937849727924663,212.34863381545992,2022-10-24 00:00:00,1008.4017776511774,986.0950317382812,214387.05131564266,209395.9328018366,-4991.118513806054,-0.023280876728220008,1
2022-10-25 00:00:00,ADANIENT,4,0.5881882119505798,0.19336147835552034,64.51799627900208,2022-10-24 00:00:00,3318.9614087720825,3294.505615234375,214387.05131564266,212554.90102484287,-1832.1502907997929,-0.00854599323772737,1
2022-10-27 00:00:00,ADANIPOWER,3,0.5876719436791555,0.20722979145213993,3443.226454582746,2022-07-25 00:00:00,58.2599983215332,67.4800033569336,200840.60981787133,232348.93271392628,31508.322896054946,0.15688223076312952,94
2022-10-27 00:00:00,ITC,6,0.571724259136851,0.2089453663694684,812.2788068534433,2022-07-25 00:00:00,246.9624539900664,285.61749267578125,200840.60981787133,232001.03616715566,31160.42634928433,0.15515002856016818,94
2022-10-27 00:00:00,APARINDS,1,0.7349079383484438,0.20361860605298188,150.59949612345767,2022-10-24 00:00:00,1421.8688995198768,1504.9334716796875,214387.05131564266,226642.2225342868,12255.17121864413,0.057163765924467175,3
2022-10-27 00:00:00,DEEPAKFERT,2,0.6259613638303725,0.18812429305824957,212.34863381545992,2022-10-24 00:00:00,1008.4017776511774,959.5784912109375,214387.05131564266,203765.1816473429,-10621.869668299769,-0.04954529484460869,3
2022-10-27 00:00:00,ADANIENT,5,0.5786571716430199,0.1920819430671602,64.51799627900208,2022-10-24 00:00:00,3318.9614087720825,3318.96142578125,214387.05131564266,214132.7409187061,-254.31039693654748,-0.0011862208812328202,3
2022-10-28 00:00:00,ADANIPOWER,3,0.5938094490848876,0.20953013856527897,3443.226454582746,2022-07-25 00:00:00,58.2599983215332,66.66000366210938,200840.60981787133,229525.48807195775,28684.87825408642,0.14282409458972856,95
2022-10-28 00:00:00,ITC,4,0.5753075450917944,0.2096848055227793,812.2788068534433,2022-07-25 00:00:00,246.9624539900664,285.61749267578125,200840.60981787133,232001.03616715566,31160.42634928433,0.15515002856016818,95
2022-10-28 00:00:00,APARINDS,1,0.726653012993034,0.2043195410600915,150.59949612345767,2022-10-24 00:00:00,1421.8688995198768,1430.7615966796875,214387.05131564266,215471.9755327547,1084.9242171120422,0.005060586497431252,4
2022-10-28 00:00:00,DEEPAKFERT,2,0.6176652311613627,0.18407848806084387,212.34863381545992,2022-10-24 00:00:00,1008.4017776511774,938.1911010742188,214387.05131564266,199223.59857093243,-15163.45274471023,-0.07072933114036367,4
2022-10-28 00:00:00,ADANIENT,5,0.5740136925625599,0.1923870267910064,64.51799627900208,2022-10-24 00:00:00,3318.9614087720825,3317.264404296875,214387.05131564266,214023.25249289183,-363.7988227508322,-0.0016969253530858548,4
2022-10-31 00:00:00,ADANIPOWER,5,0.571830579153365,0.2103996472778082,3443.226454582746,2022-07-25 00:00:00,58.2599983215332,66.9800033569336,200840.60981787133,230627.3194866349,29786.709668763564,0.14831019332083836,98
2022-10-31 00:00:00,ITC,4,0.5760539267917679,0.21331793031330004,812.2788068534433,2022-07-25 00:00:00,246.9624539900664,288.0127868652344,200840.60981787133,233946.68287342764,33106.073055556306,0.1648375449844429,98
2022-10-31 00:00:00,APARINDS,1,0.7028451810198957,0.19699522806994313,150.59949612345767,2022-10-24 00:00:00,1421.8688995198768,1468.6292724609375,214387.05131564266,221174.82842477743,6787.777109134768,0.03166132034318203,7
2022-10-31 00:00:00,DEEPAKFERT,2,0.6173209419419716,0.1827636771452006,212.34863381545992,2022-10-24 00:00:00,1008.4017776511774,934.803955078125,214387.05131564266,198504.34274612842,-15882.708569514245,-0.07408427175076954,7
2022-10-31 00:00:00,ADANIENT,3,0.583688670237924,0.19652351719374797,64.51799627900208,2022-10-24 00:00:00,3318.9614087720825,3341.370361328125,214387.05131564266,215578.5205389358,1191.4692232931266,0.005557561503744567,7
2022-11-01 00:00:00,ADANIPOWER,3,0.5843397041369361,0.21028037795471866,3443.226454582746,2022-07-25 00:00:00,58.2599983215332,69.77999877929688,200840.60981787133,240268.33779762674,39427.72797975541,0.1963135245183219,99
2022-11-01 00:00:00,ITC,5,0.5708232292667702,0.21224904428726002,812.2788068534433,2022-07-25 00:00:00,246.9624539900664,288.67352294921875,200840.60981787133,234483.38479137147,33642.77497350014,0.1675098228590746,99
2022-11-01 00:00:00,APARINDS,1,0.701229624424782,0.2012989133101657,150.59949612345767,2022-10-24 00:00:00,1421.8688995198768,1388.8873291015625,214387.05131564266,209165.73193495025,-5221.31938069241,-0.024354639651277477,8
2022-11-01 00:00:00,DEEPAKFERT,2,0.5944892670539401,0.1800522451574452,212.34863381545992,2022-10-24 00:00:00,1008.4017776511774,893.2872314453125,214387.05131564266,189688.32320220667,-24698.728113435995,-0.11520624945334029,8
2022-11-01 00:00:00,ADANIENT,4,0.5837947875347671,0.19611941929041046,64.51799627900208,2022-10-24 00:00:00,3318.9614087720825,3569.205810546875,214387.05131564266,230278.00720385587,15890.955888213211,0.07412274104566564,8
2022-11-02 00:00:00,ADANIPOWER,3,0.6101416574230482,0.21775647386862557,3443.226454582746,2022-07-25 00:00:00,58.2599983215332,68.62999725341797,200840.60981787133,236308.62212090995,35468.01230303862,0.17659781224127002,100
2022-11-02 00:00:00,ITC,6,0.5807956429251582,0.2112395307193867,812.2788068534433,2022-07-25 00:00:00,246.9624539900664,292.9272766113281,200840.60981787133,237938.61874067815,37098.008922806825,0.18471368393298787,100
2022-11-02 00:00:00,APARINDS,1,0.6658704645079062,0.19133231657595784,150.59949612345767,2022-10-24 00:00:00,1421.8688995198768,1383.0240478515625,214387.05131564266,208282.72473307012,-6104.326582572539,-0.028473392143376804,9
2022-11-02 00:00:00,DEEPAKFERT,9,0.5636226373057874,0.17137522547107384,212.34863381545992,2022-10-24 00:00:00,1008.4017776511774,895.1259765625,214387.05131564266,190078.77821577628,-24308.273099866376,-0.11338498734271613,9
2022-11-02 00:00:00,ADANIENT,2,0.6507609359063887,0.20829645336495617,64.51799627900208,2022-10-24 00:00:00,3318.9614087720825,3574.19677734375,214387.05131564266,230600.0143810853,16212.96306544263,0.075624730905843,9
2022-11-03 00:00:00,ADANIPOWER,3,0.6076548555619672,0.21412828051785057,3443.226454582746,2022-07-25 00:00:00,58.2599983215332,67.3499984741211,200840.60981787133,231901.29646220134,31060.68664433001,0.15465341731683066,101
2022-11-03 00:00:00,ITC,4,0.5856461619989335,0.2165669977885484,812.2788068534433,2022-07-25 00:00:00,246.9624539900664,292.142578125,200840.60981787133,237301.22479046384,36460.614972592506,0.18154005310806492,101
2022-11-03 00:00:00,APARINDS,2,0.6522641846284178,0.18787639624045382,150.59949612345767,2022-10-24 00:00:00,1421.8688995198768,1400.8585205078125,214387.05131564266,210968.58732872896,-3418.4639869137027,-0.015945291312770046,10
2022-11-03 00:00:00,DEEPAKFERT,10,0.5510974532497908,0.1729582057254481,212.34863381545992,2022-10-24 00:00:00,1008.4017776511774,874.8515014648438,214387.05131564266,185773.5211274634,-28613.530188179255,-0.13346669032753977,10
2022-11-03 00:00:00,ADANIENT,1,0.6532825849834971,0.20847011972769922,64.51799627900208,2022-10-24 00:00:00,3318.9614087720825,3583.87890625,214387.05131564266,231224.68593783153,16837.634622188867,0.07853848690422431,10
2022-11-04 00:00:00,ADANIPOWER,4,0.6020764018354825,0.2535363313616698,3443.226454582746,2022-07-25 00:00:00,58.2599983215332,69.37000274658203,200840.60981787133,238856.62861150902,38016.01879363769,0.18928452183107702,102
2022-11-04 00:00:00,ITC,5,0.5840376681094681,0.258699845057619,812.2788068534433,2022-07-25 00:00:00,246.9624539900664,292.05999755859375,200840.60981787133,237234.14634651408,36393.536528642755,0.18120606465816635,102
2022-11-04 00:00:00,APARINDS,2,0.656263914414632,0.2322824378700064,150.59949612345767,2022-10-24 00:00:00,1421.8688995198768,1430.614990234375,214387.05131564266,215449.8966759622,1062.8453603195376,0.0049576005350934526,11
2022-11-04 00:00:00,ADANIENT,1,0.6616779502192036,0.2554813857107048,64.51799627900208,2022-10-24 00:00:00,3318.9614087720825,3826.2880859375,214387.05131564266,246864.4404909056,32477.389175262942,0.15148950916558104,11
2022-11-07 00:00:00,ADANIPOWER,3,0.5849434904750912,0.25413445611491847,3443.226454582746,2022-07-25 00:00:00,58.2599983215332,69.72000122070312,200840.60981787133,240061.75261666634,39221.142798795016,0.1952849218808985,105
2022-11-07 00:00:00,ITC,7,0.5580091249377455,0.2525701641082581,812.2788068534433,2022-07-25 00:00:00,246.9624539900664,291.9774169921875,200840.60981787133,237167.06790256433,36326.458084693004,0.1808720762082678,105
2022-11-07 00:00:00,APARINDS,2,0.6846482540718815,0.23019762448273484,150.59949612345767,2022-10-24 00:00:00,1421.8688995198768,1386.4443359375,214387.05131564266,208797.81839540938,-5589.232920233277,-0.02607075793959325,14
2022-11-07 00:00:00,ADANIENT,1,0.6885617102970977,0.2630977552940885,64.51799627900208,2022-10-24 00:00:00,3318.9614087720825,3953.406982421875,214387.05131564266,255065.89698127535,40678.84566563269,0.18974488158681332,14
2022-11-09 00:00:00,ADANIPOWER,8,0.5644094079797576,0.2548024152902373,3443.226454582746,2022-07-25 00:00:00,58.2599983215332,73.16000366210938,200840.60981787133,251906.4600267456,51065.85020887427,0.254260581339513,107
2022-11-09 00:00:00,ITC,11,0.5492643674982423,0.25172994495557277,812.2788068534433,2022-07-25 00:00:00,246.9624539900664,297.9242858886719,200840.60981787133,241997.5834743145,41156.97365644318,0.20492356448113574,107
2022-11-09 00:00:00,APARINDS,2,0.6682168952323807,0.22161876371458092,150.59949612345767,2022-10-24 00:00:00,1421.8688995198768,1368.3656005859375,214387.05131564266,206075.16996091473,-8311.881354727928,-0.03877044487397852,16
2022-11-09 00:00:00,ADANIENT,1,0.7135846395968632,0.27184887603960894,64.51799627900208,2022-10-24 00:00:00,3318.9614087720825,3989.940185546875,214387.05131564266,257422.94604455415,43035.89472891149,0.20073924458035303,16
2022-11-10 00:00:00,ADANIPOWER,5,0.5723833197764973,0.26316968365787957,3443.226454582746,2022-07-25 00:00:00,58.2599983215332,74.27999877929688,200840.60981787133,255762.8568432491,54922.24702537776,0.27346186149894186,108
2022-11-10 00:00:00,ITC,9,0.5365952642411536,0.2516262560985568,812.2788068534433,2022-07-25 00:00:00,246.9624539900664,294.04229736328125,200840.60981787133,238844.32646669145,38003.71664882012,0.18922326855750488,108
2022-11-10 00:00:00,APARINDS,3,0.6351400962362179,0.21641924831714807,150.59949612345767,2022-10-24 00:00:00,1421.8688995198768,1374.32666015625,214387.05131564266,206972.9025285657,-7414.148787076963,-0.03458300649026182,17
2022-11-10 00:00:00,ADANIENT,1,0.6828017158245268,0.26878481192641557,64.51799627900208,2022-10-24 00:00:00,3318.9614087720825,3984.999267578125,214387.05131564266,257104.16791743148,42717.11660178882,0.19925231649786668,17
2022-11-11 00:00:00,ADANIPOWER,4,0.5961275779972387,0.2660340151681738,3443.226454582746,2022-07-25 00:00:00,58.2599983215332,72.04000091552734,200840.60981787133,248050.036940509,47209.42712263766,0.23505917038117277,109
2022-11-11 00:00:00,ITC,10,0.5140559980572672,0.24815393890042353,812.2788068534433,2022-07-25 00:00:00,246.9624539900664,294.3313903808594,200840.60981787133,239079.1505980795,38238.54078020816,0.1903924749824455,109
2022-11-11 00:00:00,APARINDS,3,0.6330622247557148,0.2184950786333631,150.59949612345767,2022-10-24 00:00:00,1421.8688995198768,1464.8179931640625,214387.05131564266,220600.85168308226,6213.800367439602,0.028984028323105235,18
2022-11-11 00:00:00,ADANIENT,1,0.6762738719061917,0.26731696729803955,64.51799627900208,2022-10-24 00:00:00,3318.9614087720825,4001.5693359375,214387.05131564266,258173.23552618444,43786.184210541775,0.20423894046695595,18
2022-11-14 00:00:00,ADANIPOWER,4,0.5752538476766498,0.25014544237768443,3443.226454582746,2022-07-25 00:00:00,58.2599983215332,71.95999908447266,200840.60981787133,247774.57251940644,46933.962701535114,0.23368761299866758,112
2022-11-14 00:00:00,ITC,9,0.501385605658651,0.24944357052483496,812.2788068534433,2022-07-25 00:00:00,246.9624539900664,286.7738342285156,200840.60981787133,232940.3079039258,32099.69808605447,0.15982673083478238,112
2022-11-14 00:00:00,APARINDS,1,0.6599676815994098,0.2317074196219203,150.59949612345767,2022-10-24 00:00:00,1421.8688995198768,1456.0718994140625,214387.05131564266,219283.69437128375,4896.643055641092,0.022840199655676737,21
2022-11-14 00:00:00,ADANIENT,2,0.6461052801519981,0.26870356747556035,64.51799627900208,2022-10-24 00:00:00,3318.9614087720825,4015.244384765625,214387.05131564266,259055.52227559258,44668.47095994992,0.208354332436731,21
2022-11-15 00:00:00,ADANIPOWER,4,0.5812455553082095,0.2553265160156852,3443.226454582746,2022-07-25 00:00:00,58.2599983215332,71.41000366210938,200840.60981787133,245880.8137312258,45040.20391335446,0.2242584502914941,113
2022-11-15 00:00:00,ITC,10,0.49567720128986603,0.2438936582045176,812.2788068534433,2022-07-25 00:00:00,246.9624539900664,285.1632385253906,200840.60981787133,231632.05514786814,30791.445329996815,0.15331284523543062,113
2022-11-15 00:00:00,APARINDS,1,0.6758426062511077,0.230735512335962,150.59949612345767,2022-10-24 00:00:00,1421.8688995198768,1563.42041015625,214387.05131564266,235450.32599866076,21063.2746830181,0.09824881938418277,22
2022-11-15 00:00:00,ADANIENT,2,0.6745580529945501,0.2700443134438352,64.51799627900208,2022-10-24 00:00:00,3318.9614087720825,4050.430419921875,214387.05131564266,261325.65476087635,46938.60344523369,0.21894327645808165,22
2022-11-16 00:00:00,ADANIPOWER,4,0.5664478342472417,0.2510551133143038,3443.226454582746,2022-07-25 00:00:00,58.2599983215332,69.02999877929688,200840.60981787133,237685.91795668966,36845.308138818335,0.1834554683548852,114
2022-11-16 00:00:00,ITC,10,0.49414596132573846,0.23718008322879705,812.2788068534433,2022-07-25 00:00:00,246.9624539900664,284.2133483886719,200840.60981787133,230860.47952097238,30019.869703101052,0.14947111408556282,114
2022-11-16 00:00:00,APARINDS,1,0.736025226769358,0.24456110110105175,150.59949612345767,2022-10-24 00:00:00,1421.8688995198768,1509.184326171875,214387.05131564266,227282.39907890436,12895.3477632617,0.06014984433120377,23
2022-11-16 00:00:00,ADANIENT,2,0.6803525275833506,0.26720370235584734,64.51799627900208,2022-10-24 00:00:00,3318.9614087720825,3949.414306640625,214387.05131564266,254808.29754007742,40421.246224434755,0.18854331908750607,23
2022-11-17 00:00:00,ADANIPOWER,6,0.5410564726832039,0.24810746250323862,3443.226454582746,2022-07-25 00:00:00,58.2599983215332,67.19999694824219,200840.60981787133,231384.8072400673,30544.197422195983,0.1520817799243611,115
2022-11-17 00:00:00,ITC,10,0.5016877295729023,0.24249326352898726,812.2788068534433,2022-07-25 00:00:00,246.9624539900664,283.8829345703125,200840.60981787133,230592.09137882755,29751.48156095622,0.14813479001052532,115
2022-11-17 00:00:00,APARINDS,1,0.7046377207142092,0.24084501345966164,150.59949612345767,2022-10-24 00:00:00,1421.8688995198768,1535.9114990234375,214387.05131564266,231307.49784315424,16920.44652751158,0.07892475979157695,24
2022-11-17 00:00:00,ADANIENT,2,0.6420337702446393,0.26855426050811243,64.51799627900208,2022-10-24 00:00:00,3318.9614087720825,4010.852294921875,214387.05131564266,258772.15343939647,44385.10212375381,0.20703256960424116,24
2022-11-18 00:00:00,ADANIPOWER,9,0.5117583639315092,0.2450248324861995,3443.226454582746,2022-07-25 00:00:00,58.2599983215332,67.30000305175781,200840.60981787133,231729.15090131204,30888.54108344071,0.15379629205194817,116
2022-11-18 00:00:00,ITC,11,0.5061097327665928,0.2413481211699354,812.2788068534433,2022-07-25 00:00:00,246.9624539900664,281.69415283203125,200840.60981787133,228814.19035999384,27973.58054212251,0.13928249156129252,116
2022-11-18 00:00:00,APARINDS,1,0.7346109914252396,0.24209686666464764,150.59949612345767,2022-10-24 00:00:00,1421.8688995198768,1494.67236328125,214387.05131564266,225096.90477981392,10709.853464171261,0.04995569181276305,25
2022-11-18 00:00:00,ADANIENT,3,0.6606020797518949,0.27153017967921744,64.51799627900208,2022-10-24 00:00:00,3318.9614087720825,4012.49951171875,214387.05131564266,258878.42856656795,44491.37725092529,0.2075282857704895,25
2022-11-21 00:00:00,ADANIPOWER,9,0.493375617242716,0.24650394337745435,3443.226454582746,2022-07-25 00:00:00,58.2599983215332,66.23999786376953,200840.60981787133,228079.31299603585,27238.70317816452,0.1356234837310315,119
2022-11-21 00:00:00,ITC,10,0.48735587544625947,0.24093747098064644,812.2788068534433,2022-07-25 00:00:00,246.9624539900664,278.51422119140625,200840.60981787133,226231.19928107146,25390.58946320013,0.12642159116239055,119
2022-11-21 00:00:00,APARINDS,1,0.7350031479800959,0.23838624271738035,150.59949612345767,2022-10-24 00:00:00,1421.8688995198768,1485.68212890625,214387.05131564266,223742.98001290712,9355.928697264462,0.04364036279173271,28
2022-11-21 00:00:00,ADANIENT,3,0.658732371747098,0.27417234292451886,64.51799627900208,2022-10-24 00:00:00,3318.9614087720825,3994.58203125,214387.05131564266,257722.42862835605,43335.37731271339,0.20213616935712497,28
2022-11-22 00:00:00,ADANIPOWER,10,0.48555211619201144,0.2037811482695973,3443.226454582746,2022-07-25 00:00:00,58.2599983215332,65.69999694824219,200840.60981787133,226219.9675581932,25379.357740321866,0.12636566759748777,120
2022-11-22 00:00:00,ITC,14,0.46518295521998426,0.20152322886309593,812.2788068534433,2022-07-25 00:00:00,246.9624539900664,281.0333557128906,200840.60981787133,228277.4388644861,27436.82904661476,0.13660996683636517,120
2022-11-22 00:00:00,APARINDS,2,0.7241150443264652,0.20050067403970992,150.59949612345767,2022-10-24 00:00:00,1421.8688995198768,1452.4561767578125,214387.05131564266,218739.16836113035,4352.117045487685,0.020300279418835096,29
2022-11-22 00:00:00,ADANIENT,3,0.6542266482381742,0.2297114001365094,64.51799627900208,2022-10-24 00:00:00,3318.9614087720825,4026.673583984375,214387.05131564266,259792.91130825985,45405.85999261719,0.21179385468465636,29
2022-11-22 00:00:00,UNIONBANK,1,0.730698252644525,0.16448354869108742,2716.9075601268123,2022-11-22 00:00:00,67.92306508743948,67.96734619140625,184759.85598797907,184660.99670918795,-98.85927879111841,-0.0005350690400925104,0
2022-11-23 00:00:00,ADANIPOWER,14,0.4834592054797623,0.20193342272092685,3443.226454582746,2022-07-25 00:00:00,58.2599983215332,65.19000244140625,200840.60981787133,224463.9409805638,23623.331162692484,0.11762228358156687,121
2022-11-23 00:00:00,ITC,13,0.48683301388252437,0.20450678627178814,812.2788068534433,2022-07-25 00:00:00,246.9624539900664,280.6617126464844,200840.60981787133,227975.56107793027,27134.951260058937,0.13510689538667392,121
2022-11-23 00:00:00,APARINDS,2,0.7140135861092572,0.19714953738657479,150.59949612345767,2022-10-24 00:00:00,1421.8688995198768,1435.1591796875,214387.05131564266,216134.24931789233,1747.1980022496718,0.008149736616682448,30
2022-11-23 00:00:00,ADANIENT,3,0.6613675378226621,0.23246797090252302,64.51799627900208,2022-10-24 00:00:00,3318.9614087720825,3896.2109375,214387.05131564266,251375.7227678322,36988.671452189534,0.17253220856949522,30
2022-11-23 00:00:00,UNIONBANK,1,0.7603702305374057,0.1639422827181872,2716.9075601268123,2022-11-22 00:00:00,67.92306508743948,67.12606048583984,184759.85598797907,182375.30121550796,-2384.554772471107,-0.01290623853174172,1
2022-11-24 00:00:00,ADANIPOWER,16,0.4674209070209303,0.20423531845930473,3443.226454582746,2022-07-25 00:00:00,58.2599983215332,64.98999786376953,200840.60981787133,223775.2799278074,22934.670109936065,0.11419339012530362,122
2022-11-24 00:00:00,ITC,13,0.4980829727629107,0.20616546304493946,812.2788068534433,2022-07-25 00:00:00,246.9624539900664,281.44635009765625,200840.60981787133,228612.9054505807,27772.29563270937,0.13828027936130136,122
2022-11-24 00:00:00,APARINDS,2,0.7254318061809644,0.19695428805276458,150.59949612345767,2022-10-24 00:00:00,1421.8688995198768,1435.8433837890625,214387.05131564266,216237.29011083327,1850.238795190613,0.00863036635765143,31
2022-11-24 00:00:00,ADANIENT,3,0.6628588419555712,0.2277171909308739,64.51799627900208,2022-10-24 00:00:00,3318.9614087720825,3913.978759765625,214387.05131564266,252522.06705865177,38135.015743009106,0.17787928659395952,31
2022-11-24 00:00:00,UNIONBANK,1,0.7541213871025029,0.16492773951211728,2716.9075601268123,2022-11-22 00:00:00,67.92306508743948,69.60565185546875,184759.85598797907,189112.12175367793,4352.2657656988595,0.023556338807614294,2
2022-11-25 00:00:00,ADANIPOWER,16,0.48131529282658064,0.20143350685078695,3443.226454582746,2022-07-25 00:00:00,58.2599983215332,64.79000091552734,200840.60981787133,223086.6451447841,22246.035326912766,0.11076462746795172,123
2022-11-25 00:00:00,ITC,12,0.5066010160841665,0.2052758561171956,812.2788068534433,2022-07-25 00:00:00,246.9624539900664,281.07470703125,200840.60981787133,228311.02766402488,27470.41784615355,0.1367772079116101,123
2022-11-25 00:00:00,APARINDS,2,0.7293494918329356,0.1951700046424191,150.59949612345767,2022-10-24 00:00:00,1421.8688995198768,1442.8304443359375,214387.05131564266,217289.53790857672,2902.4865929340594,0.013538534977379396,32
2022-11-25 00:00:00,ADANIENT,3,0.6832540472323955,0.22703457106405062,64.51799627900208,2022-10-24 00:00:00,3318.9614087720825,3894.01513671875,214387.05131564266,251234.05410119807,36847.00278555541,0.17187140062533657,32
2022-11-25 00:00:00,UNIONBANK,1,0.7987479258182987,0.17108606132554777,2716.9075601268123,2022-11-22 00:00:00,67.92306508743948,67.74595642089844,184759.85598797907,184059.50116796052,-700.3548200185469,-0.0037906222446076904,3
2022-11-28 00:00:00,ADANIPOWER,16,0.49495209399318757,0.20327138719211824,3443.226454582746,2022-07-25 00:00:00,58.2599983215332,65.6500015258789,200840.60981787133,226047.8219973039,25207.212179432565,0.12550854233260528,126
2022-11-28 00:00:00,ITC,14,0.5047986339151633,0.2058467170684222,812.2788068534433,2022-07-25 00:00:00,246.9624539900664,280.8681945800781,200840.60981787133,228143.2819765866,27302.672158715257,0.13594198993656806,126
2022-11-28 00:00:00,APARINDS,2,0.7178873312949152,0.19708524672939967,150.59949612345767,2022-10-24 00:00:00,1421.8688995198768,1467.1634521484375,214387.05131564266,220954.07662430737,6567.0253086647135,0.0306316322201571,35
2022-11-28 00:00:00,ADANIENT,3,0.6873858383508953,0.2266153337945439,64.51799627900208,2022-10-24 00:00:00,3318.9614087720825,3879.091796875,214387.05131564266,250271.23011668873,35884.17880104607,0.1673803458783231,35
2022-11-28 00:00:00,UNIONBANK,1,0.790699650066985,0.1671813152155161,2716.9075601268123,2022-11-22 00:00:00,67.92306508743948,70.35839080810547,184759.85598797907,191157.24390489855,6397.387916919484,0.03462542164644096,6
2022-11-29 00:00:00,ADANIPOWER,14,0.49086111738876054,0.20316140897974572,3443.226454582746,2022-07-25 00:00:00,58.2599983215332,64.94000244140625,200840.60981787133,223603.13436691812,22762.524549046793,0.1133362648604213,127
2022-11-29 00:00:00,ITC,16,0.48953550555690584,0.20392732630667795,812.2788068534433,2022-07-25 00:00:00,246.9624539900664,282.7265625,200840.60981787133,229652.79485327547,28812.185035404138,0.14345796431076338,127
2022-11-29 00:00:00,APARINDS,2,0.7220271796850979,0.1986683555728591,150.59949612345767,2022-10-24 00:00:00,1421.8688995198768,1434.181884765625,214387.05131564266,215987.06919509397,1600.017879451305,0.0074632207012148045,36
2022-11-29 00:00:00,ADANIENT,3,0.6671437172336042,0.22367329400498018,64.51799627900208,2022-10-24 00:00:00,3318.9614087720825,3871.356201171875,214387.05131564266,249772.14498189866,35385.093666256,0.16505238282399073,36
2022-11-29 00:00:00,UNIONBANK,1,0.7769278949215135,0.170569615135737,2716.9075601268123,2022-11-22 00:00:00,67.92306508743948,72.79368591308594,184759.85598797907,197773.71558675982,13013.85959878075,0.07043661908692689,7
2022-11-30 00:00:00,ADANIPOWER,16,0.49242440428416356,0.20043677837226698,3443.226454582746,2022-07-25 00:00:00,58.2599983215332,66.55000305175781,200840.60981787133,229146.731060375,28306.121242503665,0.1409382358885116,128
2022-11-30 00:00:00,ITC,13,0.49875160463258084,0.20503879842986195,812.2788068534433,2022-07-25 00:00:00,246.9624539900664,280.826904296875,200840.60981787133,228109.7427546117,27269.13293674038,0.13577499571161877,128
2022-11-30 00:00:00,APARINDS,3,0.6692206899451824,0.19335199252993096,150.59949612345767,2022-10-24 00:00:00,1421.8688995198768,1434.37744140625,214387.05131564266,216016.51992663566,1629.4686109930044,0.007600592484449694,37
2022-11-30 00:00:00,ADANIENT,2,0.6703089106746524,0.22480678362626996,64.51799627900208,2022-10-24 00:00:00,3318.9614087720825,3910.7841796875,214387.05131564266,252315.95915305833,37928.90783741567,0.17691790434475835,37
2022-11-30 00:00:00,UNIONBANK,1,0.8296050387074521,0.1763656470416701,2716.9075601268123,2022-11-22 00:00:00,67.92306508743948,72.306640625,184759.85598797907,196450.458561435,11690.602573455923,0.06327458154230507,8
2022-12-01 00:00:00,ADANIPOWER,16,0.49365627566490694,0.20484754893834348,3443.226454582746,2022-07-25 00:00:00,58.2599983215332,66.08000183105469,200840.60981787133,227528.4104235638,26687.800605692464,0.13288049976493208,129
2022-12-01 00:00:00,ITC,15,0.5040207335513721,0.20265626662865818,812.2788068534433,2022-07-25 00:00:00,246.9624539900664,280.45526123046875,200840.60981787133,227807.8649680559,26967.25515018456,0.13427192426192755,129
2022-12-01 00:00:00,APARINDS,2,0.7021456385811428,0.19371572799682185,150.59949612345767,2022-10-24 00:00:00,1421.8688995198768,1523.2564697265625,214387.05131564266,229401.65680761726,15014.605491974595,0.07003503896263095,38
2022-12-01 00:00:00,ADANIENT,3,0.6826722400112076,0.2241620335168482,64.51799627900208,2022-10-24 00:00:00,3318.9614087720825,3907.989501953125,214387.05131564266,252135.6521453909,37748.60082974823,0.17607686937291217,38
2022-12-01 00:00:00,UNIONBANK,1,0.8224832106040361,0.17461842291932825,2716.9075601268123,2022-11-22 00:00:00,67.92306508743948,72.17379760742188,184759.85598797907,196089.53636266693,11329.680374687858,0.061321114990612435,9
2022-12-02 00:00:00,ADANIPOWER,15,0.5022620777575263,0.2508341581333145,3443.226454582746,2022-07-25 00:00:00,58.2599983215332,65.05999755859375,200840.60981787133,224016.30472883888,23175.694910967548,0.115393470135268,130
2022-12-02 00:00:00,APARINDS,2,0.7046926564460354,0.2541791063408573,150.59949612345767,2022-10-24 00:00:00,1421.8688995198768,1540.5533447265625,214387.05131564266,232006.55746712768,17619.506151485024,0.08218549601460666,39
2022-12-02 00:00:00,ADANIENT,3,0.6736196794725072,0.27842460126433444,64.51799627900208,2022-10-24 00:00:00,3318.9614087720825,3915.3759765625,214387.05131564266,252612.2126867535,38225.16137111085,0.17829976734383943,39
2022-12-02 00:00:00,UNIONBANK,1,0.816894435770502,0.21656213426149382,2716.9075601268123,2022-11-22 00:00:00,67.92306508743948,72.66085815429688,184759.85598797907,197412.83484471112,12652.97885673205,0.06848337691687356,10
2022-12-05 00:00:00,ADANIPOWER,17,0.5104109438307483,0.24716838657939333,3443.226454582746,2022-07-25 00:00:00,58.2599983215332,64.61000061035156,200840.60981787133,222466.86333216986,21626.25351429853,0.10767868875677038,133
2022-12-05 00:00:00,APARINDS,2,0.7631455793040525,0.2576895197907005,150.59949612345767,2022-10-24 00:00:00,1421.8688995198768,1529.6083984375,214387.05131564266,230358.25407089657,15971.202755253908,0.0744970494124641,42
2022-12-05 00:00:00,ADANIENT,3,0.7065367517074993,0.27776554845902834,64.51799627900208,2022-10-24 00:00:00,3318.9614087720825,3923.26171875,214387.05131564266,253120.9849718638,38733.93365622114,0.1806729157312447,42
2022-12-05 00:00:00,UNIONBANK,1,0.8437888577388453,0.2173765451708779,2716.9075601268123,2022-11-22 00:00:00,67.92306508743948,73.4135971069336,184759.85598797907,199457.95699593175,14698.101007952675,0.07955245975570023,13
2022-12-06 00:00:00,ADANIPOWER,17,0.5179846574503089,0.2460446637100887,3443.226454582746,2022-07-25 00:00:00,58.2599983215332,64.95999908447266,200840.60981787133,223671.9873373272,22831.377519455884,0.11367908880659199,134
2022-12-06 00:00:00,APARINDS,2,0.7483422940285525,0.25399651603612156,150.59949612345767,2022-10-24 00:00:00,1421.8688995198768,1576.515380859375,214387.05131564266,237422.42198830284,23035.37067266018,0.10744758385031912,43
2022-12-06 00:00:00,ADANIENT,4,0.6888409638732423,0.27929333013676816,64.51799627900208,2022-10-24 00:00:00,3318.9614087720825,4024.4775390625,214387.05131564266,259651.2268901618,45264.17557451915,0.21113297326841152,43
2022-12-06 00:00:00,UNIONBANK,1,0.8481304181317977,0.22066549011702155,2716.9075601268123,2022-11-22 00:00:00,67.92306508743948,78.06282043457031,184759.85598797907,212089.46700350588,27329.61101552681,0.1479196380046158,14
2022-12-07 00:00:00,ADANIPOWER,13,0.5179473444403906,0.24013070553707935,3443.226454582746,2022-07-25 00:00:00,58.2599983215332,64.88999938964844,200840.60981787133,223430.96253629576,22590.35271842443,0.11247900879662774,135
2022-12-07 00:00:00,APARINDS,2,0.7565644375570224,0.25415072860140087,150.59949612345767,2022-10-24 00:00:00,1421.8688995198768,1599.7735595703125,214387.05131564266,240925.09198291934,26538.040667276684,0.12378565078636514,44
2022-12-07 00:00:00,ADANIENT,4,0.6762854281629797,0.2777614366882016,64.51799627900208,2022-10-24 00:00:00,3318.9614087720825,3992.03662109375,214387.05131564266,257558.20386536658,43171.15254972392,0.20137014938538852,44
2022-12-07 00:00:00,UNIONBANK,1,0.8501290971724396,0.22795712917331823,2716.9075601268123,2022-11-22 00:00:00,67.92306508743948,76.82303619384766,184759.85598797907,208721.08782696043,23961.23183898136,0.12968851762116732,15
2022-12-08 00:00:00,ADANIPOWER,14,0.5102712663557049,0.24052164529392642,3443.226454582746,2022-07-25 00:00:00,58.2599983215332,64.75,200840.60981787133,222948.91293423282,22108.303116361494,0.11007884877669914,136
2022-12-08 00:00:00,APARINDS,3,0.7357768159357752,0.2593341783787942,150.59949612345767,2022-10-24 00:00:00,1421.8688995198768,1596.2066650390625,214387.05131564266,240387.91946378758,26000.868148144917,0.12128003062024378,45
2022-12-08 00:00:00,ADANIENT,4,0.6656227885511755,0.2765944919584589,64.51799627900208,2022-10-24 00:00:00,3318.9614087720825,4017.689697265625,214387.05131564266,259213.28893836858,44826.23762272592,0.20909022885308556,45
2022-12-08 00:00:00,UNIONBANK,1,0.8440863922545028,0.22354968436882044,2716.9075601268123,2022-11-22 00:00:00,67.92306508743948,78.37277221679688,184759.85598797907,212931.577343912,28171.72135593294,0.1524775022435927,16
2022-12-09 00:00:00,ADANIPOWER,13,0.5245735121863581,0.23838446312826184,3443.226454582746,2022-07-25 00:00:00,58.2599983215332,63.209999084472656,200840.60981787133,217646.3410418074,16805.731223936076,0.08367695775857308,137
2022-12-09 00:00:00,APARINDS,3,0.718003491910411,0.256760796532546,150.59949612345767,2022-10-24 00:00:00,1421.8688995198768,1557.850341796875,214387.05131564266,234611.47651036567,20224.425194723008,0.09433603881675917,46
2022-12-09 00:00:00,ADANIENT,4,0.6667442730316437,0.2770558559939064,64.51799627900208,2022-10-24 00:00:00,3318.9614087720825,3989.541015625,214387.05131564266,257397.1924010199,43010.141085377254,0.20061911771925675,46
2022-12-09 00:00:00,UNIONBANK,1,0.8520089951150597,0.22779888434528575,2716.9075601268123,2022-11-22 00:00:00,67.92306508743948,74.12203979492188,184759.85598797907,201382.73029084367,16622.8743028646,0.0899701626956568,17
2022-12-12 00:00:00,ADANIPOWER,15,0.5345948888832565,0.23836021218618483,3443.226454582746,2022-07-25 00:00:00,58.2599983215332,62.040000915527344,200840.60981787133,213617.77239468152,12777.162576810195,0.06361842153535051,140
2022-12-12 00:00:00,APARINDS,3,0.7333318162795017,0.2577721631071224,150.59949612345767,2022-10-24 00:00:00,1421.8688995198768,1573.29052734375,214387.05131564266,236936.76067377775,22549.709358135093,0.10518223567959378,49
2022-12-12 00:00:00,ADANIENT,4,0.6996522326920702,0.2828480485278825,64.51799627900208,2022-10-24 00:00:00,3318.9614087720825,4009.405029296875,214387.05131564266,258678.778761188,44291.727445545344,0.20659702707667035,49
2022-12-12 00:00:00,UNIONBANK,1,0.8452119424439679,0.22101957617881018,2716.9075601268123,2022-11-22 00:00:00,67.92306508743948,77.57576751708984,184759.85598797907,210766.1892498214,26006.333261842316,0.1407574882691744,20
2022-12-13 00:00:00,APARINDS,3,0.7223956057547134,0.3356261476349812,150.59949612345767,2022-10-24 00:00:00,1421.8688995198768,1672.332763671875,214387.05131564266,251852.4715597338,37465.42024409113,0.17475598462768485,50
2022-12-13 00:00:00,ADANIENT,4,0.682193440234034,0.36560872024863356,64.51799627900208,2022-10-24 00:00:00,3318.9614087720825,4052.826171875,214387.05131564266,261480.2238764735,47093.17256083083,0.21966425804091788,50
2022-12-13 00:00:00,UNIONBANK,1,0.8671879134008234,0.29876513211638517,2716.9075601268123,2022-11-22 00:00:00,67.92306508743948,83.02200317382812,184759.85598797907,225563.10807984584,40803.25209186677,0.220844792683328,21
2022-12-14 00:00:00,APARINDS,3,0.7223027677451431,0.3409646256882628,150.59949612345767,2022-10-24 00:00:00,1421.8688995198768,1654.205078125,214387.05131564266,249122.45125048992,34735.39993484726,0.16202191187240236,51
2022-12-14 00:00:00,ADANIENT,4,0.6451758347429719,0.3533221851157527,64.51799627900208,2022-10-24 00:00:00,3318.9614087720825,4048.43408203125,214387.05131564266,261196.85504027738,46809.80372463472,0.21834249520842802,51
2022-12-14 00:00:00,UNIONBANK,1,0.8689209679046145,0.3057131891959845,2716.9075601268123,2022-11-22 00:00:00,67.92306508743948,83.50907897949219,184759.85598797907,226886.4480186094,42126.59203063033,0.22800727899122844,22
2022-12-15 00:00:00,APARINDS,3,0.7195980722841787,0.3373440273220859,150.59949612345767,2022-10-24 00:00:00,1421.8688995198768,1670.9647216796875,214387.05131564266,251646.44512503463,37259.39380939197,0.17379498239627755,52
2022-12-15 00:00:00,ADANIENT,4,0.636049347292235,0.3542698277868772,64.51799627900208,2022-10-24 00:00:00,3318.9614087720825,4036.40576171875,214387.05131564266,260420.81191511286,46033.7605994702,0.21472267246072882,52
2022-12-15 00:00:00,UNIONBANK,1,0.871454801506282,0.3083861448910369,2716.9075601268123,2022-11-22 00:00:00,67.92306508743948,79.74540710449219,184759.85598797907,216660.89944758522,31901.043459606153,0.17266220136955354,23
2022-12-16 00:00:00,APARINDS,3,0.6947879220945515,0.3447193942083618,150.59949612345767,2022-10-24 00:00:00,1421.8688995198768,1641.0614013671875,214387.05131564266,247143.02015355378,32755.968837911118,0.15278893308572267,53
2022-12-16 00:00:00,ADANIENT,5,0.6344994703116176,0.35660100333629813,64.51799627900208,2022-10-24 00:00:00,3318.9614087720825,3973.5703125,214387.05131564266,256366.79463622812,41979.74332058546,0.19581286772202752,53
2022-12-16 00:00:00,UNIONBANK,1,0.8540314412560492,0.29867960245534003,2716.9075601268123,2022-11-22 00:00:00,67.92306508743948,75.00761413574219,184759.85598797907,203788.7539124727,19028.89792449362,0.10299259989535653,24
2022-12-19 00:00:00,APARINDS,3,0.6907880931866095,0.34937558515753675,150.59949612345767,2022-10-24 00:00:00,1421.8688995198768,1685.525390625,214387.05131564266,253839.27453141916,39452.223215776496,0.18402334923526176,56
2022-12-19 00:00:00,ADANIENT,5,0.6340774552063321,0.3612632721809992,64.51799627900208,2022-10-24 00:00:00,3318.9614087720825,4067.898681640625,214387.05131564266,262452.67200544727,48065.62068980461,0.2242002042326589,56
2022-12-19 00:00:00,UNIONBANK,1,0.7978721071749888,0.289361142661464,2716.9075601268123,2022-11-22 00:00:00,67.92306508743948,75.36184692382812,184759.85598797907,204751.17165246818,19991.315664489113,0.10820161965156434,27
2022-12-20 00:00:00,APARINDS,3,0.7077368539622448,0.3527712762713368,150.59949612345767,2022-10-24 00:00:00,1421.8688995198768,1673.1146240234375,214387.05131564266,251970.21933471801,37583.168019075354,0.1753052145100944,57
2022-12-20 00:00:00,ADANIENT,5,0.6532928644613029,0.36435014493936585,64.51799627900208,2022-10-24 00:00:00,3318.9614087720825,4157.73486328125,214387.05131564266,268248.7224382569,53861.671122614236,0.25123565435541884,57
2022-12-20 00:00:00,UNIONBANK,1,0.7929317446914224,0.28287857878929734,2716.9075601268123,2022-11-22 00:00:00,67.92306508743948,74.25489044189453,184759.85598797907,201743.67321797143,16983.81722999236,0.09192374143816917,28
2022-12-21 00:00:00,APARINDS,3,0.6344901511263769,0.34926390216855363,150.59949612345767,2022-10-24 00:00:00,1421.8688995198768,1608.1287841796875,214387.05131564266,242183.38459908954,27796.333283446875,0.12965490738767732,58
2022-12-21 00:00:00,ADANIENT,4,0.6255377759727242,0.3708313007987516,64.51799627900208,2022-10-24 00:00:00,3318.9614087720825,3894.863525390625,214387.05131564266,251288.79043837325,36901.73912273059,0.17212671612522,58
2022-12-21 00:00:00,UNIONBANK,2,0.7088363445825561,0.2799047970326949,2716.9075601268123,2022-11-22 00:00:00,67.92306508743948,71.90811920166016,184759.85598797907,195367.71269349047,10607.856705511396,0.05741429407804675,29
2022-12-22 00:00:00,APARINDS,5,0.556248366088071,0.2149643883671793,150.59949612345767,2022-10-24 00:00:00,1421.8688995198768,1578.9583740234375,214387.05131564266,237790.3355278437,23403.284212201048,0.10916370213863488,59
2022-12-22 00:00:00,ADANIENT,6,0.5412128400290332,0.22399097019144046,64.51799627900208,2022-10-24 00:00:00,3318.9614087720825,3861.524169921875,214387.05131564266,249137.80202629612,34750.75071065346,0.1620935149646227,59
2022-12-22 00:00:00,UNIONBANK,2,0.647973064403641,0.17296129790896086,2716.9075601268123,2022-11-22 00:00:00,67.92306508743948,67.4360122680664,184759.85598797907,183217.4115559141,-1542.4444320649782,-0.008348374292764839,30
2022-12-22 00:00:00,FACT,1,0.7956128975933628,0.19404167176620965,729.3252246885079,2022-12-22 00:00:00,302.0033880042484,266.7696533203125,220520.27569744858,194561.83734791228,-25958.4383495363,-0.11771451975305434,0
2022-12-22 00:00:00,BANKINDIA,3,0.5816624302779472,0.19404167176620965,2822.386444824237,2022-12-22 00:00:00,78.0398762248894,73.94889831542969,220520.27569744858,208712.3682151546,-11807.907482293987,-0.05354567712628071,0
2022-12-23 00:00:00,APARINDS,3,0.6226188112352464,0.2191252710392328,150.59949612345767,2022-10-24 00:00:00,1421.8688995198768,1616.09326171875,214387.05131564266,243382.83090335896,28995.7795877163,0.13524967767305002,60
2022-12-23 00:00:00,ADANIENT,6,0.5986662359337367,0.23309495762701546,64.51799627900208,2022-10-24 00:00:00,3318.9614087720825,3635.585205078125,214387.05131564266,234560.67273322548,20173.62141758282,0.09409906658905971,60
2022-12-23 00:00:00,UNIONBANK,2,0.672844726767014,0.1708869328226465,2716.9075601268123,2022-11-22 00:00:00,67.92306508743948,59.820125579833984,184759.85598797907,162525.75143558625,-22234.10455239282,-0.12034056009352716,31
2022-12-23 00:00:00,FACT,1,0.7677460791750712,0.1817377600206736,729.3252246885079,2022-12-22 00:00:00,302.0033880042484,242.2007598876953,220520.27569744858,176643.12362482073,-43877.152072627854,-0.19897105576281263,1
2022-12-23 00:00:00,BANKINDIA,4,0.6220719868393045,0.19515507849043162,2822.386444824237,2022-12-22 00:00:00,78.0398762248894,68.83517456054688,220520.27569744858,194279.46360679765,-26240.81209065093,-0.11899500854358189,1
2022-12-26 00:00:00,GOLDBEES,0,0.0,1.0,21571.981895518154,2022-12-26 00:00:00,47.119998931884766,46.689998626708984,1017678.961118785,1007195.8050771337,-10483.156041651266,-0.010301044280336317,0
2022-12-27 00:00:00,GOLDBEES,0,0.0,1.0,21571.981895518154,2022-12-26 00:00:00,47.119998931884766,46.869998931884766,1017678.961118785,1011078.7684015734,-6600.192717211554,-0.0064855351927052066,1
2022-12-28 00:00:00,GOLDBEES,0,0.0,1.0,21571.981895518154,2022-12-26 00:00:00,47.119998931884766,46.54999923706055,1017678.961118785,1004175.740778254,-13503.22034053097,-0.01326864449048471,2
2022-12-29 00:00:00,GOLDBEES,0,0.0,1.0,21571.981895518154,2022-12-26 00:00:00,47.119998931884766,46.61000061035156,1017678.961118785,1005470.0893165941,-12208.8718021909,-0.011996781174260576,3
2022-12-30 00:00:00,GOLDBEES,0,0.0,1.0,21571.981895518154,2022-12-26 00:00:00,47.119998931884766,46.790000915527344,1017678.961118785,1009353.0526410338,-8325.908477751189,-0.008181272086629466,4
2023-01-02 00:00:00,GOLDBEES,0,0.0,1.0,21571.981895518154,2022-12-26 00:00:00,47.119998931884766,47.16999816894531,1017678.961118785,1017550.3465121128,-128.61460667219944,-0.00012638033366711937,7
2023-01-03 00:00:00,GOLDBEES,0,0.0,1.0,21571.981895518154,2022-12-26 00:00:00,47.119998931884766,47.630001068115234,1017678.961118785,1027473.5207248922,9794.559606107185,0.00962441003530184,8
2023-01-04 00:00:00,GOLDBEES,0,0.0,1.0,21571.981895518154,2022-12-26 00:00:00,47.119998931884766,48.06999969482422,1017678.961118785,1036965.1631343112,19286.202015526243,0.01895116510448832,9
2023-01-05 00:00:00,GOLDBEES,0,0.0,1.0,21571.981895518154,2022-12-26 00:00:00,47.119998931884766,47.779998779296875,1017678.961118785,1030709.2686348717,13030.30751608673,0.012803947034300352,10
2023-01-06 00:00:00,GOLDBEES,0,0.0,1.0,21571.981895518154,2022-12-26 00:00:00,47.119998931884766,47.5,1017678.961118785,1024669.1400371123,6990.178918327321,0.006868746614003566,11
2023-01-09 00:00:00,GOLDBEES,0,0.0,1.0,21571.981895518154,2022-12-26 00:00:00,47.119998931884766,48.11000061035156,1017678.961118785,1037828.0621598712,20149.10104108625,0.01979907398197104,14
2023-01-10 00:00:00,GOLDBEES,0,0.0,1.0,21571.981895518154,2022-12-26 00:00:00,47.119998931884766,47.959999084472656,1017678.961118785,1034592.2319593114,16913.270840526442,0.016619456121931463,15
2023-01-11 00:00:00,GOLDBEES,0,0.0,1.0,21571.981895518154,2022-12-26 00:00:00,47.119998931884766,48.02000045776367,1017678.961118785,1035886.5804976515,18207.61937886651,0.017891319438155598,16
2023-01-12 00:00:00,GOLDBEES,0,0.0,1.0,21571.981895518154,2022-12-26 00:00:00,47.119998931884766,47.95000076293945,1017678.961118785,1034376.5483482116,16697.5872294266,0.016407519333081343,17
2023-01-13 00:00:00,GOLDBEES,0,0.0,1.0,21571.981895518154,2022-12-26 00:00:00,47.119998931884766,48.22999954223633,1017678.961118785,1040416.676945971,22737.71582718601,0.022342719753378128,18
2023-01-16 00:00:00,GOLDBEES,0,0.0,1.0,21571.981895518154,2022-12-26 00:00:00,47.119998931884766,48.70000076293945,1017678.961118785,1050555.53476985,32876.57365106512,0.03230544691119709,21
2023-01-17 00:00:00,GOLDBEES,0,0.0,1.0,21571.981895518154,2022-12-26 00:00:00,47.119998931884766,48.5,1017678.961118785,1046241.1219326305,28562.160813845578,0.028065983384824796,22
2023-01-18 00:00:00,GOLDBEES,0,0.0,1.0,21571.981895518154,2022-12-26 00:00:00,47.119998931884766,48.459999084472656,1017678.961118785,1045378.2229070705,27699.26178828557,0.027218074507342076,23
2023-01-19 00:00:00,GOLDBEES,0,0.0,1.0,21571.981895518154,2022-12-26 00:00:00,47.119998931884766,48.5,1017678.961118785,1046241.1219326305,28562.160813845578,0.028065983384824796,24
2023-01-20 00:00:00,GOLDBEES,0,0.0,1.0,21571.981895518154,2022-12-26 00:00:00,47.119998931884766,48.7599983215332,1017678.961118785,1051849.80101761,34170.839898824925,0.03357722936638016,25
2023-01-23 00:00:00,GOLDBEES,0,0.0,1.0,21571.981895518154,2022-12-26 00:00:00,47.119998931884766,48.77000045776367,1017678.961118785,1052065.56691929,34386.60580050503,0.03378924701627135,28
2023-01-24 00:00:00,GOLDBEES,0,0.0,1.0,21571.981895518154,2022-12-26 00:00:00,47.119998931884766,48.90999984741211,1017678.961118785,1055085.6312181698,37406.67009938485,0.03675684722641986,29
2023-01-25 00:00:00,GOLDBEES,0,0.0,1.0,21571.981895518154,2022-12-26 00:00:00,47.119998931884766,48.7599983215332,1017678.961118785,1051849.80101761,34170.839898824925,0.03357722936638016,30
2023-01-27 00:00:00,GOLDBEES,0,0.0,1.0,21571.981895518154,2022-12-26 00:00:00,47.119998931884766,48.779998779296875,1017678.961118785,1052281.2505303898,34602.28941160487,0.03400118380512147,32
2023-01-30 00:00:00,GOLDBEES,0,0.0,1.0,21571.981895518154,2022-12-26 00:00:00,47.119998931884766,48.77000045776367,1017678.961118785,1052065.56691929,34386.60580050503,0.03378924701627135,35
2023-01-31 00:00:00,GOLDBEES,0,0.0,1.0,21571.981895518154,2022-12-26 00:00:00,47.119998931884766,48.66999816894531,1017678.961118785,1049908.31935539,32229.35823660507,0.03166947482256461,36
2023-02-01 00:00:00,GOLDBEES,0,0.0,1.0,21571.981895518154,2022-12-26 00:00:00,47.119998931884766,49.40999984741211,1017678.961118785,1065871.6221659288,48192.66104714386,0.04735546561183036,37
2023-02-02 00:00:00,GOLDBEES,0,0.0,1.0,21571.981895518154,2022-12-26 00:00:00,47.119998931884766,50.470001220703125,1017678.961118785,1088737.952599787,71058.99148100195,0.06982456569887549,38
2023-02-03 00:00:00,GOLDBEES,0,0.0,1.0,21571.981895518154,2022-12-26 00:00:00,47.119998931884766,49.41999816894531,1017678.961118785,1066087.3057770287,48408.3446582437,0.04756740240068048,39
2023-02-06 00:00:00,GOLDBEES,0,0.0,1.0,21571.981895518154,2022-12-26 00:00:00,47.119998931884766,49.040000915527344,1017678.961118785,1057890.0119059496,40211.0507871646,0.03951251064771801,42
2023-02-07 00:00:00,GOLDBEES,0,0.0,1.0,21571.981895518154,2022-12-26 00:00:00,47.119998931884766,49.06999969482422,1017678.961118785,1058537.1450298293,40858.18391104438,0.040148401875309436,43
2023-02-08 00:00:00,GOLDBEES,0,0.0,1.0,21571.981895518154,2022-12-26 00:00:00,47.119998931884766,49.20000076293945,1017678.961118785,1061341.5257176093,43662.56459882436,0.04290406529660782,44
2023-02-09 00:00:00,GOLDBEES,0,0.0,1.0,21571.981895518154,2022-12-26 00:00:00,47.119998931884766,49.11000061035156,1017678.961118785,1059400.0440553895,41721.08293660451,0.04099631075279227,45
2023-02-10 00:00:00,GOLDBEES,0,0.0,1.0,21571.981895518154,2022-12-26 00:00:00,47.119998931884766,48.65999984741211,1017678.961118785,1049692.6357442902,32013.674625505228,0.03145753803371449,46
2023-02-13 00:00:00,GOLDBEES,0,0.0,1.0,21571.981895518154,2022-12-26 00:00:00,47.119998931884766,48.66999816894531,1017678.961118785,1049908.31935539,32229.35823660507,0.03166947482256461,49
2023-02-14 00:00:00,GOLDBEES,0,0.0,1.0,21571.981895518154,2022-12-26 00:00:00,47.119998931884766,48.790000915527344,1017678.961118785,1052497.01643207,34818.055313284975,0.03421320145501265,50
2023-02-15 00:00:00,GOLDBEES,0,0.0,1.0,21571.981895518154,2022-12-26 00:00:00,47.119998931884766,48.15999984741211,1017678.961118785,1038906.6447965311,21227.6836777461,0.020858919648303876,51
2023-02-16 00:00:00,GOLDBEES,0,0.0,1.0,21571.981895518154,2022-12-26 00:00:00,47.119998931884766,48.18000030517578,1017678.961118785,1039338.0943093111,21659.13319052616,0.02128287408704529,52
2023-02-17 00:00:00,GOLDBEES,0,0.0,1.0,21571.981895518154,2022-12-26 00:00:00,47.119998931884766,47.95000076293945,1017678.961118785,1034376.5483482116,16697.5872294266,0.016407519333081343,53
2023-02-20 00:00:00,GOLDBEES,0,0.0,1.0,21571.981895518154,2022-12-26 00:00:00,47.119998931884766,48.380001068115234,1017678.961118785,1043652.5071465308,25973.54602774582,0.025522337613417705,56
2023-02-21 00:00:00,GOLDBEES,0,0.0,1.0,21571.981895518154,2022-12-26 00:00:00,47.119998931884766,48.2599983215332,1017678.961118785,1041063.8100698508,23384.848951065796,0.022978610980969552,57
2023-02-22 00:00:00,GOLDBEES,0,0.0,1.0,21571.981895518154,2022-12-26 00:00:00,47.119998931884766,48.15999984741211,1017678.961118785,1038906.6447965311,21227.6836777461,0.020858919648303876,58
2023-02-23 00:00:00,GOLDBEES,0,0.0,1.0,21571.981895518154,2022-12-26 00:00:00,47.119998931884766,47.86000061035156,1017678.961118785,1032435.0666859917,14756.105567206745,0.014499764789265788,59
2023-02-24 00:00:00,GOLDBEES,0,0.0,1.0,21571.981895518154,2022-12-26 00:00:00,47.119998931884766,47.779998779296875,1017678.961118785,1030709.2686348717,13030.30751608673,0.012803947034300352,60
2023-02-27 00:00:00,GOLDBEES,0,0.0,1.0,21571.981895518154,2022-12-26 00:00:00,47.119998931884766,47.439998626708984,1017678.961118785,1023374.7914987723,5695.830379987368,0.005596883297779547,63
2023-02-28 00:00:00,GOLDBEES,0,0.0,1.0,21571.981895518154,2022-12-26 00:00:00,47.119998931884766,47.40999984741211,1017678.961118785,1022727.6583748925,5048.697256107582,0.004960992070188125,64
2023-03-01 00:00:00,GOLDBEES,0,0.0,1.0,21571.981895518154,2022-12-26 00:00:00,47.119998931884766,47.77000045776367,1017678.961118785,1030493.5850237719,12814.62390498689,0.012592010245450232,65
2023-03-02 00:00:00,GOLDBEES,0,0.0,1.0,21571.981895518154,2022-12-26 00:00:00,47.119998931884766,47.810001373291016,1017678.961118785,1031356.4840493319,13677.522930546897,0.01343991912293295,66
2023-03-03 00:00:00,GOLDBEES,0,0.0,1.0,21571.981895518154,2022-12-26 00:00:00,47.119998931884766,47.81999969482422,1017678.961118785,1031572.1676604317,13893.206541646738,0.01365185591178307,67
2023-03-06 00:00:00,GOLDBEES,0,0.0,1.0,21571.981895518154,2022-12-26 00:00:00,47.119998931884766,47.83000183105469,1017678.961118785,1031787.9335621119,14108.972443326958,0.013863873561674367,70
2023-03-08 00:00:00,GOLDBEES,0,0.0,1.0,21571.981895518154,2022-12-26 00:00:00,47.119998931884766,47.119998931884766,1017678.961118785,1016471.7638754529,-1207.197243332048,-0.001186225999999957,72
2023-03-09 00:00:00,GOLDBEES,0,0.0,1.0,21571.981895518154,2022-12-26 00:00:00,47.119998931884766,47.06999969482422,1017678.961118785,1015393.1812387931,-2285.7798799918965,-0.0022460716663327946,73
2023-03-10 00:00:00,GOLDBEES,0,0.0,1.0,21571.981895518154,2022-12-26 00:00:00,47.119998931884766,47.43000030517578,1017678.961118785,1023159.1078876725,5480.146768887527,0.005384946508929427,74
2023-03-13 00:00:00,GOLDBEES,0,0.0,1.0,21571.981895518154,2022-12-26 00:00:00,47.119998931884766,48.81999969482422,1017678.961118785,1053144.14955595,35465.188437164994,0.0348490926826043,77
2023-03-14 00:00:00,GOLDBEES,0,0.0,1.0,21571.981895518154,2022-12-26 00:00:00,47.119998931884766,49.130001068115234,1017678.961118785,1059831.4935681694,42152.53244938445,0.04142026519153357,78
2023-03-15 00:00:00,GOLDBEES,0,0.0,1.0,21571.981895518154,2022-12-26 00:00:00,47.119998931884766,48.93000030517578,1017678.961118785,1055517.0807309498,37838.119612164795,0.037180801665161155,79
2023-03-16 00:00:00,GOLDBEES,0,0.0,1.0,21571.981895518154,2022-12-26 00:00:00,47.119998931884766,49.70000076293945,1017678.961118785,1072127.5166653683,54448.555546583375,0.05350268368201832,80
2023-03-17 00:00:00,GOLDBEES,0,0.0,1.0,21571.981895518154,2022-12-26 00:00:00,47.119998931884766,49.75,1017678.961118785,1073206.099302028,55527.13818324311,0.05456252934835105,81
2023-03-20 00:00:00,GOLDBEES,0,0.0,1.0,21571.981895518154,2022-12-26 00:00:00,47.119998931884766,50.90999984741211,1017678.961118785,1098229.595009206,80550.63389042113,0.07915132076806208,84
2023-03-21 00:00:00,GOLDBEES,0,0.0,1.0,21571.981895518154,2022-12-26 00:00:00,47.119998931884766,50.47999954223633,1017678.961118785,1088953.6362108868,71274.6750921018,0.07003650248772561,85
2023-03-22 00:00:00,GOLDBEES,0,0.0,1.0,21571.981895518154,2022-12-26 00:00:00,47.119998931884766,50.040000915527344,1017678.961118785,1079461.9938014678,61783.03268268285,0.06070974741853924,86
2023-03-23 00:00:00,GOLDBEES,0,0.0,1.0,21571.981895518154,2022-12-26 00:00:00,47.119998931884766,50.36000061035156,1017678.961118785,1086365.0214247871,68686.06030600215,0.06749285671631863,87
2023-03-24 00:00:00,GOLDBEES,0,0.0,1.0,21571.981895518154,2022-12-26 00:00:00,47.119998931884766,50.900001525878906,1017678.961118785,1098013.9113981063,80334.95027932129,0.07893938397921196,88
2023-03-27 00:00:00,GOLDBEES,0,0.0,1.0,21571.981895518154,2022-12-26 00:00:00,47.119998931884766,50.400001525878906,1017678.961118785,1087227.9204503472,69548.95933156228,0.06834076559380146,91
2023-03-28 00:00:00,GOLDBEES,0,0.0,1.0,21571.981895518154,2022-12-26 00:00:00,47.119998931884766,50.40999984741211,1017678.961118785,1087443.6040614469,69764.64294266189,0.06855270238265135,92
2023-03-29 00:00:00,GOLDBEES,0,0.0,1.0,21571.981895518154,2022-12-26 00:00:00,47.119998931884766,50.689998626708984,1017678.961118785,1093483.7326592063,75804.7715404213,0.07448790280294813,93
2023-03-31 00:00:00,GOLDBEES,0,0.0,1.0,21571.981895518154,2022-12-26 00:00:00,47.119998931884766,51.06999969482422,1017678.961118785,1101681.1088208656,84002.14770208066,0.08254287541695167,95
2023-04-03 00:00:00,GOLDBEES,0,0.0,1.0,21571.981895518154,2022-12-26 00:00:00,47.119998931884766,50.79999923706055,1017678.961118785,1095856.663834206,78177.7027154211,0.076819611785505,98
2023-04-05 00:00:00,GOLDBEES,0,0.0,1.0,21571.981895518154,2022-12-26 00:00:00,47.119998931884766,51.86000061035156,1017678.961118785,1118722.9942680644,101044.03314927942,0.09928871187255037,100
2023-04-06 00:00:00,GOLDBEES,0,0.0,1.0,21571.981895518154,2022-12-26 00:00:00,47.119998931884766,51.810001373291016,1017678.961118785,1117644.4116314044,99965.45051261946,0.0982288662062174,101
2023-04-10 00:00:00,GOLDBEES,0,0.0,1.0,21571.981895518154,2022-12-26 00:00:00,47.119998931884766,51.380001068115234,1017678.961118785,1108368.4528330853,90689.49171430035,0.08911404792588117,105
2023-04-11 00:00:00,GOLDBEES,0,0.0,1.0,21571.981895518154,2022-12-26 00:00:00,47.119998931884766,51.54999923706055,1017678.961118785,1112035.6502558447,94356.68913705973,0.09271753936362086,106
2023-04-12 00:00:00,GOLDBEES,0,0.0,1.0,21571.981895518154,2022-12-26 00:00:00,47.119998931884766,51.720001220703125,1017678.961118785,1115702.9299691846,98023.9688503996,0.09632111166240186,107
2023-04-13 00:00:00,GOLDBEES,0,0.0,1.0,21571.981895518154,2022-12-26 00:00:00,47.119998931884766,51.939998626708984,1017678.961118785,1120448.710028604,102769.74890981894,0.1009844487664745,108
2023-04-17 00:00:00,GOLDBEES,0,0.0,1.0,21571.981895518154,2022-12-26 00:00:00,47.119998931884766,51.70000076293945,1017678.961118785,1115271.4804564046,97592.51933761965,0.09589715722366055,112
2023-04-18 00:00:00,GOLDBEES,0,0.0,1.0,21571.981895518154,2022-12-26 00:00:00,47.119998931884766,51.52000045776367,1017678.961118785,1111388.517131965,93709.55601317994,0.09208164813602944,113
2023-04-19 00:00:00,GOLDBEES,0,0.0,1.0,21571.981895518154,2022-12-26 00:00:00,47.119998931884766,51.119998931884766,1017678.961118785,1102759.6914575256,85080.73033874063,0.08360272108328462,114
2023-04-20 00:00:00,GOLDBEES,0,0.0,1.0,21571.981895518154,2022-12-26 00:00:00,47.119998931884766,51.63999938964844,1017678.961118785,1113977.1319180646,96298.17079927959,0.09462529390743642,115
2023-04-21 00:00:00,GOLDBEES,0,0.0,1.0,21571.981895518154,2022-12-26 00:00:00,47.119998931884766,51.290000915527344,1017678.961118785,1106426.9711708655,88748.0100520805,0.0872062933820656,116
2023-04-24 00:00:00,GOLDBEES,0,0.0,1.0,21571.981895518154,2022-12-26 00:00:00,47.119998931884766,51.2599983215332,1017678.961118785,1105779.7557564052,88100.79463762022,0.0865703212934329,119
2023-04-25 00:00:00,GOLDBEES,0,0.0,1.0,21571.981895518154,2022-12-26 00:00:00,47.119998931884766,51.31999969482422,1017678.961118785,1107074.1042947453,89395.14317596029,0.08784218460965702,120
2023-04-26 00:00:00,GOLDBEES,0,0.0,1.0,21571.981895518154,2022-12-26 00:00:00,47.119998931884766,51.47999954223633,1017678.961118785,1110525.618106405,92846.65698762005,0.09123373925854683,121
2023-04-27 00:00:00,GOLDBEES,0,0.0,1.0,21571.981895518154,2022-12-26 00:00:00,47.119998931884766,51.470001220703125,1017678.961118785,1110309.9344953052,92630.97337652021,0.09102180246969671,122
2023-04-28 00:00:00,GOLDBEES,0,0.0,1.0,21571.981895518154,2022-12-26 00:00:00,47.119998931884766,51.25,1017678.961118785,1105564.0721453053,87885.11102652038,0.08635838450458277,123
2023-05-02 00:00:00,FACT,1,0.7972496091303729,0.2,645.1920489998734,2023-05-02 00:00:00,343.81548311549045,349.2973937988281,222090.4655137091,225363.90121538157,3273.4357016724825,0.014739199605443763,0
2023-05-02 00:00:00,APARINDS,2,0.7312696676478431,0.2,79.92811751983666,2023-05-02 00:00:00,2775.3314216878853,2777.7255859375,222090.4655137091,222018.37707066964,-72.0884430394508,-0.00032459044503646626,0
2023-05-02 00:00:00,JSL,3,0.6414228308504031,0.2,797.9681461048928,2023-05-02 00:00:00,277.9898133928839,281.246337890625,222090.4655137091,224425.6188453723,2335.1533316631976,0.010514424049055155,0
2023-05-02 00:00:00,FINCABLES,4,0.6352625834209736,0.2,250.57770015721502,2023-05-02 00:00:00,885.2623992078628,889.3241577148438,222090.4655137091,222844.80213443792,754.3366207288345,0.0033965286127164754,0
2023-05-02 00:00:00,JBMA,5,0.594366759843589,0.2,553.8101468127644,2023-05-02 00:00:00,400.5470418081041,389.1811828613281,222090.4655137091,215532.48801719744,-6557.977496511652,-0.029528406279588103,0
2023-05-03 00:00:00,FACT,1,0.83155000671146,0.20230507671273343,645.1920489998734,2023-05-02 00:00:00,343.81548311549045,347.3537902832031,222090.4655137091,224109.90368069214,2019.4381669830473,0.00909286295704753,1
2023-05-03 00:00:00,APARINDS,2,0.7422542608215414,0.1999085166409892,79.92811751983666,2023-05-02 00:00:00,2775.3314216878853,2903.0556640625,222090.4655137091,232035.77428381497,9945.308770105883,0.04478044002069951,1
2023-05-03 00:00:00,JSL,4,0.6708845066313047,0.20189490066597288,797.9681461048928,2023-05-02 00:00:00,277.9898133928839,285.6871032714844,222090.4655137091,227969.20816362344,5878.742649914348,0.026470036146380483,1
2023-05-03 00:00:00,FINCABLES,3,0.6812448032236472,0.2011897944394033,250.57770015721502,2023-05-02 00:00:00,885.2623992078628,890.8900756835938,222090.4655137091,223237.18625768216,1146.72074397307,0.005163304698023094,1
2023-05-03 00:00:00,JBMA,5,0.6239797129589731,0.19470171154090124,553.8101468127644,2023-05-02 00:00:00,400.5470418081041,390.9010009765625,222090.4655137091,216484.94074008663,-5605.5247736224555,-0.025239826305269466,1
2023-05-04 00:00:00,FACT,1,0.8259362652091833,0.1991891776310179,645.1920489998734,2023-05-02 00:00:00,343.81548311549045,349.19769287109375,222090.4655137091,225299.57496952944,3209.1094558203476,0.014449559770148068,2
2023-05-04 00:00:00,APARINDS,2,0.7428573881748157,0.2082889249510487,79.92811751983666,2023-05-02 00:00:00,2775.3314216878853,2890.009521484375,222090.4655137091,230993.02066665003,8902.555152940942,0.04008526494979772,2
2023-05-04 00:00:00,JSL,4,0.6665188931408139,0.20319079372253515,797.9681461048928,2023-05-02 00:00:00,277.9898133928839,288.4008483886719,222090.4655137091,230134.69032378675,8044.224810077663,0.036220486959991145,2
2023-05-04 00:00:00,FINCABLES,3,0.6722388117381213,0.19667939929418712,250.57770015721502,2023-05-02 00:00:00,885.2623992078628,876.0133056640625,222090.4655137091,219509.3994404202,-2581.066073288879,-0.011621687888846162,2
2023-05-04 00:00:00,JBMA,5,0.6170601342133648,0.19265170440121107,553.8101468127644,2023-05-02 00:00:00,400.5470418081041,393.11932373046875,222090.4655137091,217713.47039010556,-4376.995123603527,-0.019708163128386733,2
2023-05-05 00:00:00,FACT,1,0.8222445034169772,0.20064704521504736,645.1920489998734,2023-05-02 00:00:00,343.81548311549045,322.1369934082031,222090.4655137091,207840.22683569728,-14250.23867801181,-0.06416411728909713,3
2023-05-05 00:00:00,APARINDS,2,0.7459847321973595,0.20527566987138254,79.92811751983666,2023-05-02 00:00:00,2775.3314216878853,2869.536376953125,222090.4655137091,229356.6407645557,7266.175250846602,0.03271718681862135,3
2023-05-05 00:00:00,JSL,3,0.6694357283228891,0.20513321500578377,797.9681461048928,2023-05-02 00:00:00,277.9898133928839,287.16729736328125,222090.4655137091,229150.35589893,7059.890385220904,0.03178835421363514,3
2023-05-05 00:00:00,FINCABLES,4,0.6442403408414759,0.19523408446369117,250.57770015721502,2023-05-02 00:00:00,885.2623992078628,881.8857421875,222090.4655137091,220980.9010787824,-1109.564434926695,-0.004996002112743576,3
2023-05-05 00:00:00,JBMA,5,0.6070249538837673,0.1937099854440953,553.8101468127644,2023-05-02 00:00:00,400.5470418081041,415.15313720703125,222090.4655137091,229916.0198664057,7825.554352696607,0.035235886126833996,3
2023-05-08 00:00:00,FACT,1,0.8034491303951373,0.1853771962207533,645.1920489998734,2023-05-02 00:00:00,343.81548311549045,306.63812255859375,222090.4655137091,197840.4785950534,-24249.98691865569,-0.10918968026188769,6
2023-05-08 00:00:00,APARINDS,2,0.7839355038590556,0.20499494802949167,79.92811751983666,2023-05-02 00:00:00,2775.3314216878853,2986.1689453125,222090.4655137091,238678.8623950242,16588.3968813151,0.0746920712825069,6
2023-05-08 00:00:00,JSL,3,0.6946624212721693,0.20524527096183232,797.9681461048928,2023-05-02 00:00:00,277.9898133928839,285.2923278808594,222090.4655137091,227654.18997703856,5563.724463329476,0.025051613316493505,6
2023-05-08 00:00:00,FINCABLES,4,0.6792909531972545,0.19815870798880542,250.57770015721502,2023-05-02 00:00:00,885.2623992078628,895.7348022460938,222090.4655137091,224451.16669760397,2360.701183894882,0.010629457588079852,6
2023-05-08 00:00:00,JBMA,5,0.6668928610279659,0.20622387679911738,553.8101468127644,2023-05-02 00:00:00,400.5470418081041,410.7912902832031,222090.4655137091,227500.38478114564,5409.919267436548,0.024359079327980458,6
2023-05-09 00:00:00,FACT,2,0.8037472086413046,0.17848758350823013,645.1920489998734,2023-05-02 00:00:00,343.81548311549045,317.00390625,222090.4655137091,204528.39981440126,-17562.06569930783,-0.07907618032447128,7
2023-05-09 00:00:00,APARINDS,1,0.8597787781923762,0.21063523467776227,79.92811751983666,2023-05-02 00:00:00,2775.3314216878853,2542.946533203125,222090.4655137091,203252.9293525206,-18837.536161188502,-0.0848192024705613,7
2023-05-09 00:00:00,JSL,4,0.7263780450591968,0.20392427636021399,797.9681461048928,2023-05-02 00:00:00,277.9898133928839,287.8581237792969,222090.4655137091,229701.6133733983,7611.1478596891975,0.03427048451667719,7
2023-05-09 00:00:00,FINCABLES,3,0.7426578651999346,0.20216653114699615,250.57770015721502,2023-05-02 00:00:00,885.2623992078628,880.4176635742188,222090.4655137091,220613.0333162164,-1477.432197492686,-0.006652389124743799,7
2023-05-09 00:00:00,JBMA,5,0.7045912355155435,0.20478637430679744,553.8101468127644,2023-05-02 00:00:00,400.5470418081041,413.4084167480469,222090.4655137091,228949.77597286832,6859.310459159227,0.030885209066914308,7
2023-05-10 00:00:00,FACT,1,0.8102864296375296,0.1893461482424169,645.1920489998734,2023-05-02 00:00:00,343.81548311549045,312.4689025878906,222090.4655137091,201602.45150942297,-20488.014004286117,-0.09225075897290802,8
2023-05-10 00:00:00,APARINDS,5,0.699312697873593,0.18632716049218548,79.92811751983666,2023-05-02 00:00:00,2775.3314216878853,2582.03564453125,222090.4655137091,206377.24843650096,-15713.21707720813,-0.07075142573483503,8
2023-05-10 00:00:00,JSL,4,0.7402721645127389,0.21092618154535203,797.9681461048928,2023-05-02 00:00:00,277.9898133928839,288.54888916015625,222090.4655137091,230252.82214375606,8162.356630046968,0.03675239552119867,8
2023-05-10 00:00:00,FINCABLES,2,0.7476200623990856,0.20233500793338013,250.57770015721502,2023-05-02 00:00:00,885.2623992078628,869.8963012695312,222090.4655137091,217976.614547387,-4113.85096632209,-0.018523311916189184,8
2023-05-10 00:00:00,JBMA,3,0.7434277894120493,0.2110655017866653,553.8101468127644,2023-05-02 00:00:00,400.5470418081041,385.36761474609375,222090.4655137091,213420.495299419,-8669.970214290079,-0.039038011804045245,8
2023-05-11 00:00:00,FACT,1,0.7937932832056377,0.1884252281183711,645.1920489998734,2023-05-02 00:00:00,343.81548311549045,312.668212890625,222090.4655137091,201731.04493203096,-20359.420581678132,-0.09167174527094409,9
2023-05-11 00:00:00,APARINDS,5,0.6700585283059672,0.1938439557016825,79.92811751983666,2023-05-02 00:00:00,2775.3314216878853,2509.427490234375,222090.4655137091,200573.8153469619,-21516.65016674719,-0.09688236780889191,9
2023-05-11 00:00:00,JSL,2,0.7325249634020589,0.2154966307923968,797.9681461048928,2023-05-02 00:00:00,277.9898133928839,292.2001037597656,222090.4655137091,233166.3750888375,11075.909575128404,0.04987116195875017,9
2023-05-11 00:00:00,FINCABLES,3,0.7296413080831688,0.20323809575075313,250.57770015721502,2023-05-02 00:00:00,885.2623992078628,881.2985229492188,222090.4655137091,220833.7570325658,-1256.708481143287,-0.005658543144733574,9
2023-05-11 00:00:00,JBMA,4,0.6847709004360086,0.19899608963679646,553.8101468127644,2023-05-02 00:00:00,400.5470418081041,385.19317626953125,222090.4655137091,213323.88950110413,-8766.576012604957,-0.039472995800730666,9
2023-05-12 00:00:00,FACT,1,0.7930686957517423,0.18811179777230408,645.1920489998734,2023-05-02 00:00:00,343.81548311549045,306.43878173828125,222090.4655137091,197711.86548274665,-24378.600030962436,-0.10976878262006078,10
2023-05-12 00:00:00,APARINDS,5,0.6564875933897981,0.18687429040101186,79.92811751983666,2023-05-02 00:00:00,2775.3314216878853,2625.8154296875,222090.4655137091,209876.4842494629,-12213.981264246191,-0.054995522819921566,10
2023-05-12 00:00:00,JSL,2,0.7384401712425307,0.21923581976178055,797.9681461048928,2023-05-02 00:00:00,277.9898133928839,274.2891845703125,222090.4655137091,218874.032108195,-3216.433405514079,-0.01448253709619757,10
2023-05-12 00:00:00,FINCABLES,3,0.7337928961849117,0.20628223450480562,250.57770015721502,2023-05-02 00:00:00,885.2623992078628,883.7942504882812,222090.4655137091,221459.1306995231,-631.3348141859751,-0.00284269211073811,10
2023-05-12 00:00:00,JBMA,4,0.6836907738426972,0.19949585756009783,553.8101468127644,2023-05-02 00:00:00,400.5470418081041,383.6727294921875,222090.4655137091,212481.8506481224,-9608.614865586685,-0.043264418593393285,10
2023-05-15 00:00:00,FACT,1,0.7840008604055838,0.1877944494757313,645.1920489998734,2023-05-02 00:00:00,343.81548311549045,306.83746337890625,222090.4655137091,197969.09170736012,-24121.373806348973,-0.10861057790371474,13
2023-05-15 00:00:00,APARINDS,3,0.7168197866100704,0.19581076878240905,79.92811751983666,2023-05-02 00:00:00,2775.3314216878853,2684.693359375,222090.4655137091,214582.48633285007,-7507.9791808590235,-0.03380595003703828,13
2023-05-15 00:00:00,JSL,5,0.691283395894754,0.20584164446633213,797.9681461048928,2023-05-02 00:00:00,277.9898133928839,276.6576232910156,222090.4655137091,220763.97076331754,-1326.4947503915464,-0.005972767661697144,13
2023-05-15 00:00:00,FINCABLES,2,0.7556660077412295,0.20964980200144434,250.57770015721502,2023-05-02 00:00:00,885.2623992078628,866.8622436523438,222090.4655137091,217216.34736752766,-4874.118146181427,-0.02194654387754687,13
2023-05-15 00:00:00,JBMA,4,0.7069961056613668,0.20090333527408308,553.8101468127644,2023-05-02 00:00:00,400.5470418081041,390.2030944824219,222090.4655137091,216098.43304210503,-5992.032471604063,-0.02698014278885912,13
2023-05-16 00:00:00,FACT,1,0.7732915918732729,0.18509176312116804,645.1920489998734,2023-05-02 00:00:00,343.81548311549045,309.4289245605469,222090.4655137091,199641.08185704646,-22449.383656662627,-0.10108215859125606,14
2023-05-16 00:00:00,APARINDS,4,0.7079048153268744,0.2025332933537972,79.92811751983666,2023-05-02 00:00:00,2775.3314216878853,2692.853759765625,222090.4655137091,215234.73177428087,-6855.733739428222,-0.03086910427951278,14
2023-05-16 00:00:00,JSL,5,0.6950356556065213,0.20667875804535757,797.9681461048928,2023-05-02 00:00:00,277.9898133928839,276.410888671875,222090.4655137091,220567.084396702,-1523.381117007084,-0.006859281930376473,14
2023-05-16 00:00:00,FINCABLES,2,0.7371927623654022,0.20401654049557447,250.57770015721502,2023-05-02 00:00:00,885.2623992078628,872.9793701171875,222090.4655137091,218749.16284865903,-3341.302665050054,-0.015044782122102418,14
2023-05-16 00:00:00,JBMA,3,0.7261622523700774,0.2016796449841027,553.8101468127644,2023-05-02 00:00:00,400.5470418081041,383.59796142578125,222090.4655137091,212440.44333428904,-9650.022179420048,-0.04345086204893553,14
2023-05-17 00:00:00,FACT,1,0.7399015683051299,0.18734396078375062,645.1920489998734,2023-05-02 00:00:00,343.81548311549045,315.5586853027344,222090.4655137091,203595.95475017742,-18494.510763531667,-0.08327467242122578,15
2023-05-17 00:00:00,APARINDS,4,0.6719032573613303,0.20268029665726908,79.92811751983666,2023-05-02 00:00:00,2775.3314216878853,2728.9130859375,222090.4655137091,218116.8858342326,-3973.5796794764756,-0.01789171664927325,15
2023-05-17 00:00:00,JSL,5,0.6680112659429638,0.20569537733322743,797.9681461048928,2023-05-02 00:00:00,277.9898133928839,276.7069091796875,222090.4655137091,220803.29933253015,-1287.1661811789381,-0.0057956841064817554,15
2023-05-17 00:00:00,FINCABLES,2,0.7178916183464173,0.20540025158414363,250.57770015721502,2023-05-02 00:00:00,885.2623992078628,885.1155395507812,222090.4655137091,221790.21627404727,-300.24923966181814,-0.0013519231407225112,15
2023-05-17 00:00:00,JBMA,3,0.681498203762238,0.19888011364160926,553.8101468127644,2023-05-02 00:00:00,400.5470418081041,377.34173583984375,222090.4655137091,208975.68212404722,-13114.783389661869,-0.059051537216271564,15
2023-05-18 00:00:00,FACT,1,0.7512474761755745,0.1903416337683175,645.1920489998734,2023-05-02 00:00:00,343.81548311549045,314.66168212890625,222090.4655137091,203017.21543449585,-19073.250079213234,-0.08588054437679536,16
2023-05-18 00:00:00,APARINDS,5,0.6655447412219392,0.20446757980001481,79.92811751983666,2023-05-02 00:00:00,2775.3314216878853,2652.493896484375,222090.4655137091,212008.84387885258,-10081.621634856507,-0.04539421182056189,16
2023-05-18 00:00:00,JSL,4,0.6677541867453606,0.20440019613516452,797.9681461048928,2023-05-02 00:00:00,277.9898133928839,292.1507873535156,222090.4655137091,233127.0221675696,11036.55665386052,0.04969396875427442,16
2023-05-18 00:00:00,FINCABLES,2,0.7334027557313229,0.20635187211146652,250.57770015721502,2023-05-02 00:00:00,885.2623992078628,871.7069702148438,222090.4655137091,218430.32780744947,-3660.137706259615,-0.01648039098749011,16
2023-05-18 00:00:00,JBMA,3,0.6786569272157205,0.1944387181850366,553.8101468127644,2023-05-02 00:00:00,400.5470418081041,381.2798767089844,222090.4655137091,211156.66449695535,-10933.801016753743,-0.049231294065070194,16
2023-05-19 00:00:00,FACT,1,0.7660605525744958,0.188502974341272,645.1920489998734,2023-05-02 00:00:00,343.81548311549045,306.0899658203125,222090.4655137091,197486.81222590862,-24603.653287800465,-0.11078212309065444,17
2023-05-19 00:00:00,APARINDS,5,0.6694177465247709,0.1969501781599719,79.92811751983666,2023-05-02 00:00:00,2775.3314216878853,2654.986083984375,222090.4655137091,212208.03973423404,-9882.425779475045,-0.0444972986868949,17
2023-05-19 00:00:00,JSL,3,0.7227292820510014,0.21533471039395205,797.9681461048928,2023-05-02 00:00:00,277.9898133928839,281.246337890625,222090.4655137091,224425.6188453723,2335.1533316631976,0.010514424049055155,17
2023-05-19 00:00:00,FINCABLES,2,0.7373150307228018,0.20387772763347597,250.57770015721502,2023-05-02 00:00:00,885.2623992078628,862.1153564453125,222090.4655137091,216026.88328828407,-6063.582225425023,-0.027302307694297364,17
2023-05-19 00:00:00,JBMA,4,0.6784801642866066,0.19533440947132805,553.8101468127644,2023-05-02 00:00:00,400.5470418081041,379.285888671875,222090.4655137091,210052.3736893809,-12038.091824328178,-0.05420355077595664,17
2023-05-22 00:00:00,FACT,1,0.7766722172954343,0.18602425623648758,645.1920489998734,2023-05-02 00:00:00,343.81548311549045,302.7011413574219,222090.4655137091,195300.36962699532,-26790.095886713767,-0.12062695183580531,20
2023-05-22 00:00:00,APARINDS,6,0.6743501545783966,0.1999274952327036,79.92811751983666,2023-05-02 00:00:00,2775.3314216878853,2730.330322265625,222090.4655137091,218230.16286602037,-3860.302647688717,-0.01738166759549806,20
2023-05-22 00:00:00,JSL,3,0.7119915721902574,0.21215650008445489,797.9681461048928,2023-05-02 00:00:00,277.9898133928839,281.5423583984375,222090.4655137091,224661.83378120046,2571.3682674913725,0.011578021872950005,20
2023-05-22 00:00:00,FINCABLES,2,0.7426281135970216,0.20422434688495436,250.57770015721502,2023-05-02 00:00:00,885.2623992078628,860.1089477539062,222090.4655137091,215524.12201281605,-6566.343500893039,-0.029566075633659813,20
2023-05-22 00:00:00,JBMA,4,0.7044328189684744,0.1976674015613996,553.8101468127644,2023-05-02 00:00:00,400.5470418081041,382.3018493652344,222090.4655137091,211722.64332375178,-10367.822189957311,-0.046682878375602,20
2023-05-23 00:00:00,FACT,1,0.7754642529128922,0.18292070012444428,645.1920489998734,2023-05-02 00:00:00,343.81548311549045,304.29583740234375,222090.4655137091,196329.25483575047,-25761.210677958617,-0.11599422162663009,21
2023-05-23 00:00:00,APARINDS,6,0.6834350541472061,0.20659539990111858,79.92811751983666,2023-05-02 00:00:00,2775.3314216878853,2755.787109375,222090.4655137091,220264.87593777597,-1825.5895759331179,-0.008220026788229811,21
2023-05-23 00:00:00,JSL,5,0.6951332850538791,0.21049476622014357,797.9681461048928,2023-05-02 00:00:00,277.9898133928839,291.904052734375,222090.4655137091,232930.13580095407,10839.670287244982,0.04880745448559509,21
2023-05-23 00:00:00,FINCABLES,2,0.7051774654442001,0.20212669907868097,250.57770015721502,2023-05-02 00:00:00,885.2623992078628,863.0941162109375,222090.4655137091,216272.1386593608,-5818.326854348299,-0.026198003776930028,21
2023-05-23 00:00:00,JBMA,3,0.7009312852237662,0.19786243467561265,553.8101468127644,2023-05-02 00:00:00,400.5470418081041,374.998779296875,222090.4655137091,207678.12901700978,-14412.33649669931,-0.0648939902186376,21
2023-05-24 00:00:00,FACT,1,0.7619482034283451,0.18347855946381839,645.1920489998734,2023-05-02 00:00:00,343.81548311549045,302.352294921875,222090.4655137091,195075.29668045853,-27015.16883325056,-0.12164038096260814,22
2023-05-24 00:00:00,APARINDS,3,0.6654145521918695,0.2033082306165071,79.92811751983666,2023-05-02 00:00:00,2775.3314216878853,2710.248046875,222090.4655137091,216625.02439853278,-5465.441115176305,-0.024609075867054443,22
2023-05-24 00:00:00,JSL,2,0.7021387707804543,0.21718575922095493,797.9681461048928,2023-05-02 00:00:00,277.9898133928839,288.0554504394531,222090.4655137091,229859.07376258023,7768.60824887114,0.034979476633100234,22
2023-05-24 00:00:00,FINCABLES,5,0.6593504854229368,0.20237401315640807,250.57770015721502,2023-05-02 00:00:00,885.2623992078628,854.9216918945312,222090.4655137091,214224.3113694468,-7866.154144262284,-0.03541869357636483,22
2023-05-24 00:00:00,JBMA,4,0.6601360771112406,0.1936534375423114,553.8101468127644,2023-05-02 00:00:00,400.5470418081041,380.3327331542969,222090.4655137091,210632.1267858811,-11458.338727827999,-0.05159311410025706,22
2023-05-25 00:00:00,FACT,1,0.7708144402766486,0.18313224382935425,645.1920489998734,2023-05-02 00:00:00,343.81548311549045,295.42510986328125,222090.4655137091,190605.93195870312,-31484.533555005968,-0.14176445387774878,23
2023-05-25 00:00:00,APARINDS,4,0.6611498032396083,0.2037070736635566,79.92811751983666,2023-05-02 00:00:00,2775.3314216878853,2672.575927734375,222090.4655137091,213613.9628326396,-8476.502681069484,-0.03816689141275293,23
2023-05-25 00:00:00,JSL,2,0.6971687111942564,0.21461754847869177,797.9681461048928,2023-05-02 00:00:00,277.9898133928839,284.8482666015625,222090.4655137091,227299.84322124106,5209.377707531967,0.023456106931391003,23
2023-05-25 00:00:00,FINCABLES,6,0.6518926092582051,0.20037439346563596,250.57770015721502,2023-05-02 00:00:00,885.2623992078628,823.161865234375,222090.4655137091,206266.00704755305,-15824.458466156037,-0.07125230896136436,23
2023-05-25 00:00:00,JBMA,3,0.6744776184753802,0.19816874056276143,553.8101468127644,2023-05-02 00:00:00,400.5470418081041,395.1383056640625,222090.4655137091,218831.60307116143,-3258.862442547659,-0.014673581033790475,23
2023-05-26 00:00:00,FACT,1,0.7749065552145721,0.1804446160282535,645.1920489998734,2023-05-02 00:00:00,343.81548311549045,297.31884765625,222090.4655137091,191827.75652561712,-30262.708988091967,-0.1362629814751049,24
2023-05-26 00:00:00,APARINDS,4,0.6928159033797425,0.20151539405137317,79.92811751983666,2023-05-02 00:00:00,2775.3314216878853,2688.846923828125,222090.4655137091,214914.47292058566,-7175.992593123432,-0.03231112410217572,24
2023-05-26 00:00:00,JSL,5,0.6729160617845229,0.21487968083332248,797.9681461048928,2023-05-02 00:00:00,277.9898133928839,286.3778381347656,222090.4655137091,228520.392581926,6429.927068216901,0.028951837501641858,24
2023-05-26 00:00:00,FINCABLES,8,0.6309703105792096,0.19628821193849522,250.57770015721502,2023-05-02 00:00:00,885.2623992078628,825.3150634765625,222090.4655137091,206805.55051106296,-15284.915002646128,-0.06882292298001703,24
2023-05-26 00:00:00,JBMA,2,0.7234996967236959,0.20687209714855562,553.8101468127644,2023-05-02 00:00:00,400.5470418081041,395.312744140625,222090.4655137091,218928.2088694763,-3162.2566442327807,-0.014238597037105056,24
2023-05-29 00:00:00,FACT,1,0.7734376009355983,0.18059838917724175,645.1920489998734,2023-05-02 00:00:00,343.81548311549045,302.2525939941406,222090.4655137091,195010.9704346064,-27079.495079102693,-0.12193002079790383,27
2023-05-29 00:00:00,APARINDS,4,0.6944690039320258,0.2029391680249593,79.92811751983666,2023-05-02 00:00:00,2775.3314216878853,2703.55419921875,222090.4655137091,216089.99775640413,-6000.467757304956,-0.02701812409382591,27
2023-05-29 00:00:00,JSL,5,0.6692583235191666,0.21690869840972274,797.9681461048928,2023-05-02 00:00:00,277.9898133928839,287.21661376953125,222090.4655137091,229189.70882019788,7099.243306488788,0.03196554741811088,27
2023-05-29 00:00:00,FINCABLES,8,0.6394563839275865,0.1928820852889919,250.57770015721502,2023-05-02 00:00:00,885.2623992078628,778.7764282226562,222090.4655137091,195144.00632068363,-26946.459193025454,-0.12133100415047811,27
2023-05-29 00:00:00,JBMA,3,0.7162659261706864,0.20667165909908428,553.8101468127644,2023-05-02 00:00:00,400.5470418081041,398.8022766113281,222090.4655137091,220860.74735938432,-1229.7181543247716,-0.005537014619156914,27
2023-05-30 00:00:00,FACT,1,0.7982607674363661,0.1853187450404809,645.1920489998734,2023-05-02 00:00:00,343.81548311549045,300.2093505859375,222090.4655137091,193692.68603346235,-28397.77948024674,-0.12786581996917745,28
2023-05-30 00:00:00,APARINDS,4,0.7278631867314487,0.20355242638393653,79.92811751983666,2023-05-02 00:00:00,2775.3314216878853,2652.542724609375,222090.4655137091,212012.74661896584,-10077.718894743244,-0.04537663907107787,28
2023-05-30 00:00:00,JSL,5,0.701598616037009,0.21769780533481134,797.9681461048928,2023-05-02 00:00:00,277.9898133928839,279.07525634765625,222090.4655137091,222693.16493148697,602.6994177778834,0.002713756380238125,28
2023-05-30 00:00:00,FINCABLES,13,0.6140765041294982,0.184309570745859,250.57770015721502,2023-05-02 00:00:00,885.2623992078628,773.0018920898438,222090.4655137091,193697.03633704875,-28393.429176660342,-0.1278462319892237,28
2023-05-30 00:00:00,JBMA,2,0.761642671999489,0.20912145249491226,553.8101468127644,2023-05-02 00:00:00,400.5470418081041,394.3905334472656,222090.4655137091,218417.47922999464,-3672.9862837144465,-0.01653824388732132,28
2023-05-31 00:00:00,FACT,1,0.7704250799535834,0.18552043154475192,645.1920489998734,2023-05-02 00:00:00,343.81548311549045,299.56146240234375,222090.4655137091,193274.67372876668,-28815.791784942412,-0.12974799128944906,29
2023-05-31 00:00:00,APARINDS,5,0.6672159247360083,0.20411267647173056,79.92811751983666,2023-05-02 00:00:00,2775.3314216878853,2716.06298828125,222090.4655137091,217089.8017186225,-5000.663795086584,-0.022516337130996315,29
2023-05-31 00:00:00,JSL,4,0.6764474914181928,0.21358264795450868,797.9681461048928,2023-05-02 00:00:00,277.9898133928839,289.7824401855469,222090.4655137091,231237.15656861282,9146.691054903727,0.04118452826755467,29
2023-05-31 00:00:00,FINCABLES,16,0.5938973180393426,0.18731618938940742,250.57770015721502,2023-05-02 00:00:00,885.2623992078628,783.9147338867188,222090.4655137091,196431.5511366892,-25658.914377019886,-0.1155336151764517,29
2023-05-31 00:00:00,JBMA,2,0.7295440413808615,0.2094680546396014,553.8101468127644,2023-05-02 00:00:00,400.5470418081041,402.6905822753906,222090.4655137091,223014.13049005167,923.6649763425812,0.004158958261472803,29
2023-06-01 00:00:00,FACT,1,0.7425225329209216,0.22224554274958322,645.1920489998734,2023-05-02 00:00:00,343.81548311549045,301.0565490722656,222090.4655137091,194239.29176076598,-27851.173752943112,-0.12540463494694207,30
2023-06-01 00:00:00,APARINDS,4,0.6669508210005459,0.25091454353948284,79.92811751983666,2023-05-02 00:00:00,2775.3314216878853,2657.0869140625,222090.4655137091,212375.95512760762,-9714.510386101465,-0.04374123114034273,30
2023-06-01 00:00:00,JSL,3,0.679384070906801,0.2684275634830429,797.9681461048928,2023-05-02 00:00:00,277.9898133928839,288.6475524902344,222090.4655137091,230331.55233834704,8241.086824637954,0.03710689157941025,30
2023-06-01 00:00:00,JBMA,2,0.7379736070558993,0.25841235022789105,553.8101468127644,2023-05-02 00:00:00,400.5470418081041,401.24493408203125,222090.4655137091,222213.5158518477,123.05033813862246,0.0005540550237219746,30
2023-06-02 00:00:00,FACT,1,0.7387147205051496,0.22647816227306747,645.1920489998734,2023-05-02 00:00:00,343.81548311549045,306.339111328125,222090.4655137091,197647.55892659328,-24442.90658711581,-0.11005833379914731,31
2023-06-02 00:00:00,APARINDS,5,0.6649908760496941,0.24715928157194225,79.92811751983666,2023-05-02 00:00:00,2775.3314216878853,2645.06689453125,222090.4655137091,211415.21759392315,-10675.247919785936,-0.048067114880836606,31
2023-06-02 00:00:00,JSL,3,0.6871621568565341,0.26862855099512745,797.9681461048928,2023-05-02 00:00:00,277.9898133928839,286.7725830078125,222090.4655137091,228835.3864164556,6744.920902746526,0.03037015068226861,31
2023-06-02 00:00:00,JBMA,2,0.7323765283026169,0.25773400515986283,553.8101468127644,2023-05-02 00:00:00,400.5470418081041,399.92388916015625,222090.4655137091,221481.90776971786,-608.5577439912304,-0.0027401344879150863,31
2023-06-05 00:00:00,FACT,1,0.7523119183929128,0.23091734657006632,645.1920489998734,2023-05-02 00:00:00,343.81548311549045,310.9737854003906,222090.4655137091,200637.81378772494,-21452.65172598415,-0.09659420397162403,34
2023-06-05 00:00:00,APARINDS,5,0.661476019668408,0.2454225765097865,79.92811751983666,2023-05-02 00:00:00,2775.3314216878853,2707.169677734375,222090.4655137091,216378.97614809146,-5711.489365617628,-0.025716949858277785,34
2023-06-05 00:00:00,JSL,4,0.684152614900796,0.26569147745693633,797.9681461048928,2023-05-02 00:00:00,277.9898133928839,280.50616455078125,222090.4655137091,223834.9840975809,1744.5185838718025,0.007854990892277263,34
2023-06-05 00:00:00,JBMA,2,0.7216176059498965,0.2579685994632109,553.8101468127644,2023-05-02 00:00:00,400.5470418081041,400.9208984375,222090.4655137091,222034.0616239773,-56.40388973179506,-0.0002539680827870271,34
2023-06-06 00:00:00,FACT,1,0.7587538000428676,0.23281117574034577,645.1920489998734,2023-05-02 00:00:00,343.81548311549045,331.1073913574219,222090.4655137091,213627.85626889797,-8462.609244811116,-0.03810433385889202,35
2023-06-06 00:00:00,APARINDS,3,0.6604644993946286,0.2503463226884986,79.92811751983666,2023-05-02 00:00:00,2775.3314216878853,2703.456298828125,222090.4655137091,216082.17276247704,-6008.292751232046,-0.02705335745654137,35
2023-06-06 00:00:00,JSL,6,0.6425305270442353,0.2595718887935562,797.9681461048928,2023-05-02 00:00:00,277.9898133928839,296.5915222167969,222090.4655137091,236670.5871337655,14580.121620056423,0.06564947120233952,35
2023-06-06 00:00:00,JBMA,2,0.7143534992487272,0.25727061277759944,553.8101468127644,2023-05-02 00:00:00,400.5470418081041,399.92388916015625,222090.4655137091,221481.90776971786,-608.5577439912304,-0.0027401344879150863,35
2023-06-07 00:00:00,FACT,1,0.7791524334016435,0.24260910340981656,645.1920489998734,2023-05-02 00:00:00,343.81548311549045,332.7021179199219,222090.4655137091,214656.76116735188,-7433.7043463572045,-0.03347151499350764,36
2023-06-07 00:00:00,APARINDS,6,0.5987095880173302,0.2421804032116122,79.92811751983666,2023-05-02 00:00:00,2775.3314216878853,2740.1025390625,222090.4655137091,219011.23775859032,-3079.2277551187726,-0.013864745377503384,36
2023-06-07 00:00:00,JSL,3,0.6394678692885057,0.2662976847322556,797.9681461048928,2023-05-02 00:00:00,277.9898133928839,304.8315124511719,222090.4655137091,243245.83686501216,21155.371351303067,0.09525564864916364,36
2023-06-07 00:00:00,JBMA,2,0.6812978578504131,0.24891280864631565,553.8101468127644,2023-05-02 00:00:00,400.5470418081041,436.414306640625,222090.4655137091,241690.67123183532,19600.205718126235,0.08825325154229263,36
2023-06-08 00:00:00,FACT,1,0.788178352750736,0.23379938128142047,645.1920489998734,2023-05-02 00:00:00,343.81548311549045,326.3730163574219,222090.4655137091,210573.2751619142,-11517.190351794881,-0.05185810352171086,37
2023-06-08 00:00:00,APARINDS,6,0.6172110664026882,0.23760716107895458,79.92811751983666,2023-05-02 00:00:00,2775.3314216878853,2779.386962890625,222090.4655137091,222151.16780302377,60.70228931467864,0.00027332235615910145,37
2023-06-08 00:00:00,JSL,3,0.6487283512867985,0.26492903045550514,797.9681461048928,2023-05-02 00:00:00,277.9898133928839,311.19659423828125,222090.4655137091,248324.96937847784,26234.503864768747,0.11812530449736644,37
2023-06-08 00:00:00,JBMA,2,0.7460483164276344,0.26366442718411987,553.8101468127644,2023-05-02 00:00:00,400.5470418081041,469.0911865234375,222090.4655137091,259787.45887711877,37696.99336340968,0.16973710814741275,37
2023-06-09 00:00:00,FACT,2,0.7597580163164974,0.2245256139462892,645.1920489998734,2023-05-02 00:00:00,343.81548311549045,318.1501159667969,222090.4655137091,205267.925210165,-16822.540303544083,-0.07574634176497626,38
2023-06-09 00:00:00,APARINDS,4,0.6424786156168829,0.23690279091929461,79.92811751983666,2023-05-02 00:00:00,2775.3314216878853,2965.793701171875,222090.4655137091,237050.30748685697,14959.841973147879,0.06735922651404612,38
2023-06-09 00:00:00,JSL,3,0.6715229016604638,0.2637402175352661,797.9681461048928,2023-05-02 00:00:00,277.9898133928839,310.70318603515625,222090.4655137091,247931.24534935722,25840.779835648136,0.1163524952585281,38
2023-06-09 00:00:00,JBMA,1,0.8262596884558842,0.27483137759915005,553.8101468127644,2023-05-02 00:00:00,400.5470418081041,459.7940673828125,222090.4655137091,254638.6199609135,32548.154447204404,0.14655358739475147,38
2023-06-12 00:00:00,FACT,2,0.7358356212620734,0.21737869613700023,645.1920489998734,2023-05-02 00:00:00,343.81548311549045,319.6452331542969,222090.4655137091,206232.56293186304,-15857.90258184605,-0.07140289676626024,41
2023-06-12 00:00:00,APARINDS,3,0.7209849239570549,0.2512852337368809,79.92811751983666,2023-05-02 00:00:00,2775.3314216878853,2974.002685546875,222090.4655137091,237706.43615470047,15615.970640991378,0.07031355715730823,41
2023-06-12 00:00:00,JSL,7,0.6502655547965877,0.2623608496790348,797.9681461048928,2023-05-02 00:00:00,277.9898133928839,314.1571044921875,222090.4655137091,250687.36225731194,28596.896743602847,0.12876237922891667,41
2023-06-12 00:00:00,JBMA,1,0.8279673439233414,0.2689752204470841,553.8101468127644,2023-05-02 00:00:00,400.5470418081041,459.56976318359375,222090.4655137091,254514.39801941343,32423.932505704346,0.14599425702812485,41
2023-06-13 00:00:00,FACT,3,0.7004224835555426,0.21667867857447423,645.1920489998734,2023-05-02 00:00:00,343.81548311549045,327.6189270019531,222090.4655137091,211377.12680353006,-10713.338710179029,-0.04823862512692028,42
2023-06-13 00:00:00,APARINDS,2,0.7186355108861059,0.25034784192352844,79.92811751983666,2023-05-02 00:00:00,2775.3314216878853,2925.28759765625,222090.4655137091,233812.7308847894,11722.265371080313,0.05278148858829208,42
2023-06-13 00:00:00,JSL,7,0.6365460886589049,0.2641299948438734,797.9681461048928,2023-05-02 00:00:00,277.9898133928839,322.594482421875,222090.4655137091,257420.12108185102,35329.65556814193,0.15907776809068427,42
2023-06-13 00:00:00,JBMA,1,0.8200119489350652,0.2688434846581239,553.8101468127644,2023-05-02 00:00:00,400.5470418081041,490.12799072265625,222090.4655137091,271437.8544991595,49347.38898545041,0.22219499099750556,42
2023-06-14 00:00:00,FACT,2,0.7167989969839643,0.21820914032158636,645.1920489998734,2023-05-02 00:00:00,343.81548311549045,375.5108642578125,222090.4655137091,242276.62393221134,20186.15841850225,0.09089160298624441,43
2023-06-14 00:00:00,APARINDS,3,0.7023455262254833,0.24087251104270263,79.92811751983666,2023-05-02 00:00:00,2775.3314216878853,2874.1298828125,222090.4655137091,229723.79104071186,7633.325527002773,0.03437034322633534,43
2023-06-14 00:00:00,JSL,5,0.6673610992548705,0.26192795454456436,797.9681461048928,2023-05-02 00:00:00,277.9898133928839,327.3805847167969,222090.4655137091,261239.2782571982,39148.81274348911,0.17627417121638006,43
2023-06-14 00:00:00,JBMA,1,0.8472874551577592,0.2789903940911466,553.8101468127644,2023-05-02 00:00:00,400.5470418081041,475.84588623046875,222090.4655137091,263528.2801135459,41437.8145998368,0.1865807904179432,43
2023-06-15 00:00:00,FACT,1,0.8333333333333334,0.24414100532014224,645.1920489998734,2023-05-02 00:00:00,343.81548311549045,387.9697265625,222090.4655137091,250314.98283077998,28224.517317070888,0.1270856776844779,44
2023-06-15 00:00:00,APARINDS,4,0.6678183158148859,0.2309618585536653,79.92811751983666,2023-05-02 00:00:00,2775.3314216878853,3039.47705078125,222090.4655137091,242939.6789136903,20849.213399981207,0.09387712053174221,44
2023-06-15 00:00:00,JSL,5,0.6502520995647192,0.2608871624350175,797.9681461048928,2023-05-02 00:00:00,277.9898133928839,328.1206970214844,222090.4655137091,261829.8643008791,39739.39878717001,0.1789333850746375,44
2023-06-15 00:00:00,JBMA,2,0.7799393221734318,0.26400997369117496,553.8101468127644,2023-05-02 00:00:00,400.5470418081041,492.19677734375,222090.4655137091,272583.5695215117,50493.10400780258,0.22735376726330367,44
2023-06-16 00:00:00,FACT,1,0.80394716683118,0.24371919914320256,645.1920489998734,2023-05-02 00:00:00,343.81548311549045,372.52069091796875,222090.4655137091,240347.38786821277,18256.92235450368,0.08220489030123054,45
2023-06-16 00:00:00,APARINDS,3,0.6731227328726577,0.2361093997900846,79.92811751983666,2023-05-02 00:00:00,2775.3314216878853,3052.229736328125,222090.4655137091,243958.97706277444,21868.511549065355,0.09846668337824464,45
2023-06-16 00:00:00,JSL,5,0.6084432990781432,0.2551758035203132,797.9681461048928,2023-05-02 00:00:00,277.9898133928839,321.4596252441406,222090.4655137091,256514.5412036405,34424.0756899314,0.15500024105180008,45
2023-06-16 00:00:00,JBMA,2,0.7860591253816783,0.2649955975463996,553.8101468127644,2023-05-02 00:00:00,400.5470418081041,489.8288879394531,222090.4655137091,271272.20834288164,49181.74282917255,0.22144914107596703,45
2023-06-19 00:00:00,FACT,2,0.7608128494024142,0.2374073840196094,645.1920489998734,2023-05-02 00:00:00,343.81548311549045,379.1986999511719,222090.4655137091,244655.98619958476,22565.520685875672,0.1016050852686549,48
2023-06-19 00:00:00,APARINDS,4,0.6773273874674645,0.24008752433000535,79.92811751983666,2023-05-02 00:00:00,2775.3314216878853,3026.4306640625,222090.4655137091,241896.90578282482,19806.44026911573,0.08918185759709314,48
2023-06-19 00:00:00,JSL,9,0.5945372808456859,0.2544554554094754,797.9681461048928,2023-05-02 00:00:00,277.9898133928839,322.8905029296875,222090.4655137091,257656.3360176792,35565.8705039701,0.16014136591457911,48
2023-06-19 00:00:00,JBMA,1,0.8132101289567886,0.2680496362409099,553.8101468127644,2023-05-02 00:00:00,400.5470418081041,500.3472900390625,222090.4655137091,277097.406153902,55006.940640192915,0.24767808250101342,48
2023-06-20 00:00:00,FACT,2,0.7665278628100617,0.2396778403660716,645.1920489998734,2023-05-02 00:00:00,343.81548311549045,415.3792724609375,222090.4655137091,267999.40391114895,45908.938397439866,0.20671278387052605,49
2023-06-20 00:00:00,APARINDS,5,0.6488704849259386,0.23658209339359115,79.92811751983666,2023-05-02 00:00:00,2775.3314216878853,2971.65673828125,222090.4655137091,237518.92900595826,15428.463492249168,0.06946927440834604,49
2023-06-20 00:00:00,JSL,8,0.5784680901645896,0.2520317234286995,797.9681461048928,2023-05-02 00:00:00,277.9898133928839,329.6009521484375,222090.4655137091,263011.06074029615,40920.59522658706,0.1842519224404126,49
2023-06-20 00:00:00,JBMA,1,0.8134915797472535,0.27170834281163775,553.8101468127644,2023-05-02 00:00:00,400.5470418081041,518.019287109375,222090.4655137091,286884.3374458865,64793.871932177426,0.2917454010567503,49
2023-06-21 00:00:00,FACT,2,0.7400227859991955,0.25420286123948405,645.1920489998734,2023-05-02 00:00:00,343.81548311549045,412.3393249511719,222090.4655137091,266038.0539484712,43947.58843476212,0.19788147290838715,50
2023-06-21 00:00:00,APARINDS,5,0.6024069698527063,0.22537869729773252,79.92811751983666,2023-05-02 00:00:00,2775.3314216878853,3093.517578125,222090.4655137091,247259.03653405549,25168.571020346397,0.11332576102323855,50
2023-06-21 00:00:00,JSL,8,0.545796999897609,0.24961605427869005,797.9681461048928,2023-05-02 00:00:00,277.9898133928839,329.0581970214844,222090.4655137091,262577.95943785243,40487.493924143346,0.18230181034783843,50
2023-06-21 00:00:00,JBMA,1,0.7977718085111866,0.27080238718409344,553.8101468127644,2023-05-02 00:00:00,400.5470418081041,508.69720458984375,222090.4655137091,281721.67355714424,59631.20804343515,0.2684996310197489,50
2023-06-22 00:00:00,FACT,2,0.6975564588046527,0.2126065083526448,645.1920489998734,2023-05-02 00:00:00,343.81548311549045,422.5057373046875,222090.4655137091,272597.34236581356,50506.87685210447,0.22741578183142133,51
2023-06-22 00:00:00,APARINDS,4,0.6220860041239737,0.19805335113846234,79.92811751983666,2023-05-02 00:00:00,2775.3314216878853,3076.269287109375,222090.4655137091,245880.41310274228,23789.947589033196,0.10711827513173772,51
2023-06-22 00:00:00,JSL,6,0.5817677861673143,0.20913824796189442,797.9681461048928,2023-05-02 00:00:00,277.9898133928839,323.3839416503906,222090.4655137091,258050.08439885502,35959.61888514593,0.16191428480267755,51
2023-06-22 00:00:00,JBMA,1,0.7741813636282346,0.22439919840073472,553.8101468127644,2023-05-02 00:00:00,400.5470418081041,518.4927978515625,222090.4655137091,287146.5724995348,65056.106985825725,0.2929261588756046,51
2023-06-22 00:00:00,MAZDOCK,3,0.6337737239833534,0.1558026941462637,328.20653941786605,2023-06-22 00:00:00,597.1704363037325,598.5574951171875,196228.01311298818,196450.48411503836,222.4710020501807,0.0011337372198845115,0
2023-06-23 00:00:00,FACT,2,0.72080105166284,0.2178285390737543,645.1920489998734,2023-05-02 00:00:00,343.81548311549045,414.28289794921875,222090.4655137091,267292.0317934619,45201.56627975279,0.20352772090057425,52
2023-06-23 00:00:00,APARINDS,4,0.6120921890577807,0.1947299322842928,79.92811751983666,2023-05-02 00:00:00,2775.3314216878853,3117.410888671875,222090.4655137091,249168.78386738407,27078.318353674986,0.12192472239202681,52
2023-06-23 00:00:00,JSL,6,0.5733814083994758,0.2032241350911568,797.9681461048928,2023-05-02 00:00:00,277.9898133928839,320.4728088378906,222090.4655137091,255727.09314539927,33636.62763169018,0.1514546225741234,52
2023-06-23 00:00:00,JBMA,1,0.7764787115591993,0.22782021796156463,553.8101468127644,2023-05-02 00:00:00,400.5470418081041,502.5406799316406,222090.4655137091,278312.1277323283,56221.662218619225,0.2531475724929254,52
2023-06-23 00:00:00,MAZDOCK,3,0.6702874190975074,0.1563971755892314,328.20653941786605,2023-06-22 00:00:00,597.1704363037325,570.9134521484375,196228.01311298818,187377.52843674613,-8850.48467624205,-0.04510306421512782,1
2023-06-26 00:00:00,FACT,2,0.714217504587448,0.2151657838568527,645.1920489998734,2023-05-02 00:00:00,343.81548311549045,417.12353515625,222090.4655137091,269124.78833353164,47034.322819822555,0.2117800181607492,55
2023-06-26 00:00:00,APARINDS,3,0.665613467101223,0.20230874050604605,79.92811751983666,2023-05-02 00:00:00,2775.3314216878853,3274.54931640625,222090.4655137091,261728.56258621954,39638.097072510456,0.17847725691791885,55
2023-06-26 00:00:00,JSL,6,0.6074591242128187,0.20615376416201328,797.9681461048928,2023-05-02 00:00:00,277.9898133928839,323.6306457519531,222090.4655137091,258246.9464134153,36156.48089970622,0.16280068942209666,55
2023-06-26 00:00:00,JBMA,1,0.7735866111705847,0.22453873367296667,553.8101468127644,2023-05-02 00:00:00,400.5470418081041,531.3043823242188,222090.4655137091,294241.7579772407,72151.29246353163,0.3248734352311847,55
2023-06-26 00:00:00,MAZDOCK,5,0.6315174382948627,0.1518329778021213,328.20653941786605,2023-06-22 00:00:00,597.1704363037325,611.8197631835938,196228.01311298818,200803.24722194564,4575.234108957462,0.023315907022526085,4
2023-06-27 00:00:00,FACT,2,0.6807687764448438,0.20963162663428797,645.1920489998734,2023-05-02 00:00:00,343.81548311549045,460.8293151855469,222090.4655137091,297323.4101037714,75232.94459006234,0.33874909675228,56
2023-06-27 00:00:00,APARINDS,4,0.6596009083144859,0.20292791905906246,79.92811751983666,2023-05-02 00:00:00,2775.3314216878853,3320.7236328125,222090.4655137091,265419.1887743364,43328.72326062733,0.1950949274675313,56
2023-06-27 00:00:00,JSL,6,0.5859247686524335,0.2012939615814192,797.9681461048928,2023-05-02 00:00:00,277.9898133928839,325.8510437011719,222090.4655137091,260018.7532485685,37928.28773485942,0.17077855029538944,56
2023-06-27 00:00:00,JBMA,1,0.7922727918931536,0.2288609371766101,553.8101468127644,2023-05-02 00:00:00,400.5470418081041,539.2803955078125,222090.4655137091,298658.95500942727,76568.48949571818,0.34476261427346955,56
2023-06-27 00:00:00,MAZDOCK,3,0.6689362086344818,0.1572855555486202,328.20653941786605,2023-06-22 00:00:00,597.1704363037325,605.7847900390625,196228.01311298818,198822.5295706993,2594.5164577111136,0.013221947348655005,5
2023-06-28 00:00:00,FACT,1,0.7563042905792066,0.22802428602381764,645.1920489998734,2023-05-02 00:00:00,343.81548311549045,459.18475341796875,222090.4655137091,296262.35192724084,74171.88641353176,0.3339715022973524,57
2023-06-28 00:00:00,APARINDS,3,0.6761816187568435,0.20147969795468085,79.92811751983666,2023-05-02 00:00:00,2775.3314216878853,3255.493408203125,222090.4655137091,260205.45971591296,38114.994202203874,0.17161922784051767,57
2023-06-28 00:00:00,JSL,7,0.5783915908950882,0.19546464596792842,797.9681461048928,2023-05-02 00:00:00,277.9898133928839,328.46612548828125,222090.4655137091,262105.50521414084,40015.03970043175,0.1801745050507885,57
2023-06-28 00:00:00,JBMA,2,0.7526462624821653,0.2251610503221482,553.8101468127644,2023-05-02 00:00:00,400.5470418081041,607.3260498046875,222090.4655137091,336343.32880555023,114252.86329184115,0.514442900678186,57
2023-06-28 00:00:00,MAZDOCK,4,0.6518440513806657,0.14987031973142495,328.20653941786605,2023-06-22 00:00:00,597.1704363037325,603.5460205078125,196228.01311298818,198087.75077029355,1859.737657305377,0.009477432033287415,6
2023-06-30 00:00:00,FACT,2,0.7317778798842475,0.21664211656974786,645.1920489998734,2023-05-02 00:00:00,343.81548311549045,432.97125244140625,222090.4655137091,279349.60952071234,57259.144007003255,0.2578190102603427,59
2023-06-30 00:00:00,APARINDS,4,0.5799702206415546,0.1939200151991994,79.92811751983666,2023-05-02 00:00:00,2775.3314216878853,3391.03515625,222090.4655137091,271039.05648264766,48948.59096893857,0.2203993352696048,59
2023-06-30 00:00:00,JSL,7,0.5347671921856573,0.19204303087877395,797.9681461048928,2023-05-02 00:00:00,277.9898133928839,326.04833984375,222090.4655137091,260176.18928569523,38085.723771986144,0.17148743276255238,59
2023-06-30 00:00:00,JBMA,1,0.7939007673841433,0.25133988083817094,553.8101468127644,2023-05-02 00:00:00,400.5470418081041,666.6229248046875,222090.4655137091,369182.5398548384,147092.0743411293,0.6623070198033768,59
2023-06-30 00:00:00,MAZDOCK,3,0.6263206582141979,0.1460549565141078,328.20653941786605,2023-06-22 00:00:00,597.1704363037325,606.6122436523438,196228.01311298818,199094.10525764312,2866.0921446549473,0.014605927559408403,8
2023-07-03 00:00:00,FACT,2,0.6808742310513662,0.20143848087300895,645.1920489998734,2023-05-02 00:00:00,343.81548311549045,468.45416259765625,222090.4655137091,302242.9010289017,80152.4355151926,0.3608999392648172,62
2023-07-03 00:00:00,APARINDS,4,0.6028593976834816,0.19685940459807674,79.92811751983666,2023-05-02 00:00:00,2775.3314216878853,3464.229248046875,222090.4655137091,276889.322453546,54798.8569398369,0.2467411503374705,62
2023-07-03 00:00:00,JSL,10,0.5161585814161253,0.1885880882276378,797.9681461048928,2023-05-02 00:00:00,277.9898133928839,335.6205749511719,222090.4655137091,267814.52798844484,45724.06247473575,0.20588034866320418,62
2023-07-03 00:00:00,JBMA,1,0.8466037008547611,0.26642036278467496,553.8101468127644,2023-05-02 00:00:00,400.5470418081041,694.0654907226562,222090.4655137091,384380.5113147876,162290.04580107852,0.73073846473189,62
2023-07-03 00:00:00,MAZDOCK,3,0.6088807283216061,0.14669366351660157,328.20653941786605,2023-06-22 00:00:00,597.1704363037325,627.3939208984375,196228.01311298818,205914.78762988257,9686.774516894395,0.049364891195818945,11
2023-07-04 00:00:00,FACT,2,0.6874265771318819,0.2074237820290254,645.1920489998734,2023-05-02 00:00:00,343.81548311549045,470.2481994628906,222090.4655137091,303400.3993499635,81309.93383625444,0.3661117718321653,63
2023-07-04 00:00:00,APARINDS,4,0.5872366066745816,0.19306301320424146,79.92811751983666,2023-05-02 00:00:00,2775.3314216878853,3472.7802734375,222090.4655137091,277572.789815883,55482.32430217389,0.24981857809086858,63
2023-07-04 00:00:00,JSL,8,0.5226257266576532,0.1878093613048635,797.9681461048928,2023-05-02 00:00:00,277.9898133928839,337.64361572265625,222090.4655137091,269428.85008236085,47338.38456865176,0.2131491077708137,63
2023-07-04 00:00:00,JBMA,1,0.8178857895459827,0.26733924080677396,553.8101468127644,2023-05-02 00:00:00,400.5470418081041,729.8829956054688,222090.4655137091,404216.60895240493,182126.14343869584,0.8200538596622179,63
2023-07-04 00:00:00,MAZDOCK,3,0.5956512145692694,0.14436460265509576,328.20653941786605,2023-06-22 00:00:00,597.1704363037325,624.5711669921875,196228.01311298818,204988.341338684,8760.32822569582,0.044643616814545324,12
2023-07-05 00:00:00,FACT,2,0.6581372122630245,0.20665035694650136,645.1920489998734,2023-05-02 00:00:00,343.81548311549045,479.91632080078125,222090.4655137091,309638.1943659366,87547.72885222753,0.3941985021721855,64
2023-07-05 00:00:00,APARINDS,4,0.5779925671177346,0.1905027011682709,79.92811751983666,2023-05-02 00:00:00,2775.3314216878853,3430.0751953125,222090.4655137091,274159.4533128142,52068.98779910509,0.2344494513920995,64
2023-07-05 00:00:00,JSL,6,0.5259582469066043,0.18532632025270798,797.9681461048928,2023-05-02 00:00:00,277.9898133928839,348.9921569824219,222090.4655137091,278484.6245124109,56394.15899870181,0.25392426851039557,64
2023-07-05 00:00:00,JBMA,1,0.8510322197045073,0.2767664634817994,553.8101468127644,2023-05-02 00:00:00,400.5470418081041,741.8718872070312,222090.4655137091,410856.1787703886,188765.7132566795,0.849949649211877,64
2023-07-05 00:00:00,MAZDOCK,3,0.5790680745688678,0.14075415815072045,328.20653941786605,2023-06-22 00:00:00,597.1704363037325,634.0372924804688,196228.01311298818,208095.18562688804,11867.172513899859,0.06047644434470595,13
2023-07-06 00:00:00,FACT,2,0.6450417138593166,0.20902043719814956,645.1920489998734,2023-05-02 00:00:00,343.81548311549045,474.4842529296875,222090.4655137091,306133.4673658792,84043.00185217013,0.37841787425576073,65
2023-07-06 00:00:00,APARINDS,5,0.5443106094138028,0.18497648224047003,79.92811751983666,2023-05-02 00:00:00,2775.3314216878853,3412.9736328125,222090.4655137091,272792.55761554133,50702.09210183224,0.22829477161279815,65
2023-07-06 00:00:00,JSL,6,0.5195650089417098,0.1889714725538158,797.9681461048928,2023-05-02 00:00:00,277.9898133928839,360.5874328613281,222090.4655137091,287737.2853090765,65646.8197953674,0.29558594351865675,65
2023-07-06 00:00:00,JBMA,1,0.8405494475742439,0.27538537342051655,553.8101468127644,2023-05-02 00:00:00,400.5470418081041,648.0287475585938,222090.4655137091,358884.89582431666,136794.43031060757,0.6159401304967934,65
2023-07-06 00:00:00,MAZDOCK,3,0.5729778247953222,0.14164623458704806,328.20653941786605,2023-06-22 00:00:00,597.1704363037325,629.072998046875,196228.01311298818,206465.87173018686,10237.858617198683,0.05217327768234457,14
2023-07-07 00:00:00,FACT,2,0.6563686903193704,0.21347212008200014,645.1920489998734,2023-05-02 00:00:00,343.81548311549045,467.60693359375,222090.4655137091,301696.27561189927,79605.81009819018,0.35843866558637255,66
2023-07-07 00:00:00,APARINDS,5,0.573446384040353,0.18996110931153493,79.92811751983666,2023-05-02 00:00:00,2775.3314216878853,3403.103759765625,222090.4655137091,272003.6772427449,49913.2117290358,0.22474270389583556,66
2023-07-07 00:00:00,JSL,6,0.563217233822098,0.2015278945375846,797.9681461048928,2023-05-02 00:00:00,277.9898133928839,358.3669738769531,222090.4655137091,285965.4297698128,63874.9642561037,0.2876078633468435,66
2023-07-07 00:00:00,JBMA,1,0.7378745547886716,0.2508098228397769,553.8101468127644,2023-05-02 00:00:00,400.5470418081041,672.3557739257812,222090.4655137091,372357.44986824674,150266.98435453765,0.6766025907819174,66
2023-07-07 00:00:00,MAZDOCK,4,0.6012354652194896,0.14422905322910348,328.20653941786605,2023-06-22 00:00:00,597.1704363037325,643.6980590820312,196228.01311298818,211265.91240131058,15037.899288322398,0.07663482420149446,15
2023-07-10 00:00:00,FACT,2,0.6580684289090004,0.20906128526934073,645.1920489998734,2023-05-02 00:00:00,343.81548311549045,454.1513366699219,222090.4655137091,293014.8314620982,70924.36594838914,0.3193489904410649,69
2023-07-10 00:00:00,APARINDS,5,0.5560467992719296,0.18838373500788613,79.92811751983666,2023-05-02 00:00:00,2775.3314216878853,3306.01611328125,222090.4655137091,264243.6444248174,42153.17891110832,0.18980183959543417,69
2023-07-10 00:00:00,JSL,6,0.5490624230901754,0.1986932007258895,797.9681461048928,2023-05-02 00:00:00,277.9898133928839,350.6697692871094,222090.4655137091,279823.3056930651,57732.84017935602,0.2599519076418538,69
2023-07-10 00:00:00,JBMA,1,0.7816248869353569,0.2579298110986732,553.8101468127644,2023-05-02 00:00:00,400.5470418081041,682.4005737304688,222090.4655137091,377920.3619227856,155829.8964090765,0.7016505460900009,69
2023-07-10 00:00:00,MAZDOCK,4,0.6107271790954114,0.1459319678982104,328.20653941786605,2023-06-22 00:00:00,597.1704363037325,704.3154296875,196228.01311298818,231160.92983634173,34932.916723353555,0.17802206815007177,18
2023-07-11 00:00:00,FACT,2,0.6538245883355082,0.20272959237780347,645.1920489998734,2023-05-02 00:00:00,343.81548311549045,474.1354064941406,222090.4655137091,305908.39441934245,83817.92890563337,0.37740444512895804,70
2023-07-11 00:00:00,APARINDS,5,0.5429858482529991,0.1815542084848566,79.92811751983666,2023-05-02 00:00:00,2775.3314216878853,3321.407470703125,222090.4655137091,265473.84664962284,43383.38113591375,0.19534103382405582,70
2023-07-11 00:00:00,JSL,6,0.5376319487412906,0.1923965798614805,797.9681461048928,2023-05-02 00:00:00,277.9898133928839,365.1268310546875,222090.4655137091,291359.5804698634,69269.11495615428,0.3118959420249334,70
2023-07-11 00:00:00,JBMA,1,0.7703554531098923,0.2597444555525649,553.8101468127644,2023-05-02 00:00:00,400.5470418081041,675.2221069335938,222090.4655137091,373944.85417211766,151854.38865840857,0.6837501479730789,70
2023-07-11 00:00:00,MAZDOCK,3,0.6483000925973157,0.1635751637232945,328.20653941786605,2023-06-22 00:00:00,597.1704363037325,774.73974609375,196228.01311298818,254274.6510149059,58046.63790191771,0.29581218797998243,19
2023-07-12 00:00:00,FACT,3,0.6269815022185794,0.20295740395986606,645.1920489998734,2023-05-02 00:00:00,343.81548311549045,468.70330810546875,222090.4655137091,302403.64772958634,80313.18221587726,0.36162372855632435,71
2023-07-12 00:00:00,APARINDS,6,0.5207247339371484,0.17623983985608552,79.92811751983666,2023-05-02 00:00:00,2775.3314216878853,3404.66748046875,222090.4655137091,272128.66249487246,50038.196981163375,0.22530547119806293,71
2023-07-12 00:00:00,JSL,5,0.553073253375238,0.1956825840919673,797.9681461048928,2023-05-02 00:00:00,277.9898133928839,364.7813720703125,222090.4655137091,291083.91520454636,68993.44969083727,0.310654712399522,71
2023-07-12 00:00:00,JBMA,1,0.7202884323538317,0.2491502328528371,553.8101468127644,2023-05-02 00:00:00,400.5470418081041,678.8611450195312,222090.4655137091,375960.19038874796,153869.72487503887,0.6928245412027418,71
2023-07-12 00:00:00,MAZDOCK,2,0.674182235257965,0.17596993923924403,328.20653941786605,2023-06-22 00:00:00,597.1704363037325,842.87646484375,196228.01311298818,276637.56768313184,80409.55457014366,0.4097761236763061,20
2023-07-13 00:00:00,FACT,3,0.5975417753306904,0.19935095605934003,645.1920489998734,2023-05-02 00:00:00,343.81548311549045,487.74053955078125,222090.4655137091,314686.31809307233,92595.85257936324,0.4169285356991047,72
2023-07-13 00:00:00,APARINDS,6,0.5381409298269838,0.1789344747628984,79.92811751983666,2023-05-02 00:00:00,2775.3314216878853,3389.17822265625,222090.4655137091,270890.6352761399,48800.1697624308,0.2197310436067256,72
2023-07-13 00:00:00,JSL,5,0.5704094628299166,0.19259839478412435,797.9681461048928,2023-05-02 00:00:00,277.9898133928839,355.9493408203125,222090.4655137091,284036.2356016434,61945.7700879343,0.27892133930490837,72
2023-07-13 00:00:00,JBMA,1,0.7289407293809708,0.24747074891225151,553.8101468127644,2023-05-02 00:00:00,400.5470418081041,656.02978515625,222090.4655137091,363315.9516309291,141225.48611722,0.6358917110221577,72
2023-07-13 00:00:00,MAZDOCK,2,0.7187176749327137,0.18164542548138576,328.20653941786605,2023-06-22 00:00:00,597.1704363037325,838.1069946289062,196228.01311298818,275072.19636906136,78844.18325607319,0.4017988155986407,21
2023-07-14 00:00:00,FACT,3,0.5940025458673903,0.20037947815103305,645.1920489998734,2023-05-02 00:00:00,343.81548311549045,492.3752136230469,222090.4655137091,317676.572954204,95586.1074404949,0.43039266552662797,73
2023-07-14 00:00:00,APARINDS,7,0.5297551112118586,0.17327548913301305,79.92811751983666,2023-05-02 00:00:00,2775.3314216878853,3446.8837890625,222090.4655137091,275502.9325694074,53412.467055698304,0.24049869467449644,73
2023-07-14 00:00:00,JSL,5,0.5693668883476299,0.18163765693386463,797.9681461048928,2023-05-02 00:00:00,277.9898133928839,359.7979431152344,222090.4655137091,287107.29764001723,65016.832126308145,0.2927493171574032,73
2023-07-14 00:00:00,JBMA,1,0.6942236605197,0.26949585445865903,553.8101468127644,2023-05-02 00:00:00,400.5470418081041,731.104248046875,222090.4655137091,404892.95094627555,182802.48543256646,0.8230992042352332,73
2023-07-14 00:00:00,MAZDOCK,2,0.6925499689595107,0.1752115213234303,328.20653941786605,2023-06-22 00:00:00,597.1704363037325,797.6141967773438,196228.01311298818,261782.19531485284,65554.18220186466,0.3340714771652839,22
2023-07-17 00:00:00,FACT,3,0.5868225411263577,0.20550431926992238,645.1920489998734,2023-05-02 00:00:00,343.81548311549045,489.33526611328125,222090.4655137091,315715.22299152624,93624.75747781715,0.4215613545644891,76
2023-07-17 00:00:00,APARINDS,7,0.5198359030916357,0.17724671280120555,79.92811751983666,2023-05-02 00:00:00,2775.3314216878853,3419.716796875,222090.4655137091,273331.5260251844,51241.06051147528,0.23072156831654847,76
2023-07-17 00:00:00,JSL,5,0.5564703123811641,0.18609295073767315,797.9681461048928,2023-05-02 00:00:00,277.9898133928839,354.81439208984375,222090.4655137091,283130.5826672671,61040.117153558036,0.2748434833182435,76
2023-07-17 00:00:00,JBMA,1,0.7440281590948837,0.2636353687919128,553.8101468127644,2023-05-02 00:00:00,400.5470418081041,736.8869018554688,222090.4655137091,408095.44330098026,186004.97778727117,0.8375189693849759,76
2023-07-17 00:00:00,MAZDOCK,2,0.6351484241602022,0.1675206483992861,328.20653941786605,2023-06-22 00:00:00,597.1704363037325,837.4742431640625,196228.01311298818,274864.5232004734,78636.51008748522,0.4007404898005377,25
2023-07-18 00:00:00,FACT,3,0.5691262484918894,0.20286248369944498,645.1920489998734,2023-05-02 00:00:00,343.81548311549045,482.1091003417969,222090.4655137091,311052.9582910095,88962.49277730039,0.40056871676829797,77
2023-07-18 00:00:00,APARINDS,7,0.5047712488014191,0.17675142221529372,79.92811751983666,2023-05-02 00:00:00,2775.3314216878853,3419.521240234375,222090.4655137091,273315.89555103076,51225.43003732167,0.23065118945486496,77
2023-07-18 00:00:00,JSL,4,0.553296814396719,0.18087773399589316,797.9681461048928,2023-05-02 00:00:00,277.9898133928839,345.5876159667969,222090.4655137091,275767.90922983456,53677.443716125475,0.2416917970430032,77
2023-07-18 00:00:00,JBMA,1,0.7473909864368947,0.26088397262613017,553.8101468127644,2023-05-02 00:00:00,400.5470418081041,701.2938232421875,222090.4655137091,388383.6352086407,166293.16969493162,0.7487632092187531,77
2023-07-18 00:00:00,MAZDOCK,2,0.6702015678524024,0.1786243874632379,328.20653941786605,2023-06-22 00:00:00,597.1704363037325,846.064453125,196228.01311298818,277683.8862846256,81455.87317163745,0.4151082808178622,26
2023-07-19 00:00:00,FACT,3,0.5764973037145759,0.20467407770213228,645.1920489998734,2023-05-02 00:00:00,343.81548311549045,488.9365539550781,222090.4655137091,315457.977077214,93367.5115635049,0.42040306119193377,78
2023-07-19 00:00:00,APARINDS,6,0.5305449628681679,0.17862429464750956,79.92811751983666,2023-05-02 00:00:00,2775.3314216878853,3584.135498046875,222090.4655137091,286473.2032949089,64382.73778119983,0.2898941997905157,78
2023-07-19 00:00:00,JSL,4,0.5408038752324699,0.18094725791300373,797.9681461048928,2023-05-02 00:00:00,277.9898133928839,362.4623107910156,222090.4655137091,289233.37817480223,67142.91266109314,0.30232235546801794,78
2023-07-19 00:00:00,JBMA,1,0.6832274072320476,0.2542232048170729,553.8101468127644,2023-05-02 00:00:00,400.5470418081041,696.7075805664062,222090.4655137091,385843.7274790473,163753.26196533823,0.737326843755164,78
2023-07-19 00:00:00,MAZDOCK,2,0.6826427425879675,0.18153116492028148,328.20653941786605,2023-06-22 00:00:00,597.1704363037325,843.436279296875,196228.01311298818,276821.3024475081,80593.28933451991,0.41071245667719347,27
2023-07-20 00:00:00,FACT,3,0.5828346235695688,0.20312069618307282,645.1920489998734,2023-05-02 00:00:00,343.81548311549045,489.9332580566406,222090.4655137091,316101.04263874766,94010.57712503857,0.42329857298279894,79
2023-07-20 00:00:00,APARINDS,5,0.5484836805626014,0.18601060630052177,79.92811751983666,2023-05-02 00:00:00,2775.3314216878853,3640.326171875,222090.4655137091,290964.4180761621,68873.95256245302,0.31011665630554325,79
2023-07-20 00:00:00,JSL,4,0.5544314308929543,0.18566257350387863,797.9681461048928,2023-05-02 00:00:00,277.9898133928839,362.70904541015625,222090.4655137091,289430.26454141777,67339.79902770868,0.3032088697366973,79
2023-07-20 00:00:00,JBMA,1,0.6738388938835482,0.2476136585064691,553.8101468127644,2023-05-02 00:00:00,400.5470418081041,698.9010009765625,222090.4655137091,387058.4659584181,164968.000444709,0.7427964098464458,79
2023-07-20 00:00:00,MAZDOCK,2,0.6678723118584139,0.17759246550605765,328.20653941786605,2023-06-22 00:00:00,597.1704363037325,885.6080932617188,196228.01311298818,290662.36756988347,94434.3544568953,0.48124807951105303,28
2023-07-21 00:00:00,FACT,3,0.5919353263441768,0.199699206054737,645.1920489998734,2023-05-02 00:00:00,343.81548311549045,485.04937744140625,222090.4655137091,312950.0016975338,90859.53618382473,0.4091104765513502,80
2023-07-21 00:00:00,APARINDS,4,0.5683379701706777,0.1845910101203628,79.92811751983666,2023-05-02 00:00:00,2775.3314216878853,3609.494873046875,222090.4655137091,288500.13040013856,66409.66488642947,0.29902078296256335,80
2023-07-21 00:00:00,JSL,5,0.5465134498969486,0.18292909179280606,797.9681461048928,2023-05-02 00:00:00,277.9898133928839,366.75506591796875,222090.4655137091,292658.86002513923,70568.39451143015,0.3177461686533956,80
2023-07-21 00:00:00,JBMA,2,0.6797935733208288,0.24661282358088132,553.8101468127644,2023-05-02 00:00:00,400.5470418081041,700.8700561523438,222090.4655137091,388148.9486943999,166058.48318069082,0.7477064933723616,80
2023-07-21 00:00:00,MAZDOCK,1,0.6980392764432396,0.18616786845121275,328.20653941786605,2023-06-22 00:00:00,597.1704363037325,907.4849243164062,196228.01311298818,297842.48658377177,101614.47347078359,0.5178387726541058,29
2023-07-24 00:00:00,FACT,3,0.6018052232652265,0.1978036434810004,645.1920489998734,2023-05-02 00:00:00,343.81548311549045,483.4048156738281,222090.4655137091,311888.94352100324,89798.47800729415,0.4043328820964226,83
2023-07-24 00:00:00,APARINDS,4,0.5700727952910443,0.18517556031302035,79.92811751983666,2023-05-02 00:00:00,2775.3314216878853,3725.49169921875,222090.4655137091,297771.5383543322,75681.07284062312,0.34076687022816615,83
2023-07-24 00:00:00,JSL,5,0.5551826932072799,0.1837674859312687,797.9681461048928,2023-05-02 00:00:00,277.9898133928839,355.40655517578125,222090.4655137091,283603.10994714446,61512.64443343537,0.2769711175630741,83
2023-07-24 00:00:00,JBMA,2,0.6772307555817411,0.2441549611527581,553.8101468127644,2023-05-02 00:00:00,400.5470418081041,675.4214477539062,222090.4655137091,374055.2511410807,151964.7856273716,0.6842472290553653,83
2023-07-24 00:00:00,MAZDOCK,1,0.7269920980524717,0.18909834912195247,328.20653941786605,2023-06-22 00:00:00,597.1704363037325,951.4817504882812,196228.01311298818,312282.53264701227,116054.51953402409,0.591426869654945,32
2023-07-25 00:00:00,FACT,3,0.5881116929664743,0.19652809097944335,645.1920489998734,2023-05-02 00:00:00,343.81548311549045,476.1288146972656,222090.4655137091,307194.5255424098,85104.06002870071,0.3831954687106883,84
2023-07-25 00:00:00,APARINDS,4,0.5774840328605276,0.18891567472324322,79.92811751983666,2023-05-02 00:00:00,2775.3314216878853,3727.5439453125,222090.4655137091,297935.5705212931,75845.105007584,0.34150545288898176,84
2023-07-25 00:00:00,JSL,7,0.5252132392698197,0.1789115027438794,797.9681461048928,2023-05-02 00:00:00,277.9898133928839,367.24847412109375,222090.4655137091,293052.5840542599,70962.11854055079,0.31951897789223405,84
2023-07-25 00:00:00,JBMA,2,0.6474886480709717,0.23541265354037422,553.8101468127644,2023-05-02 00:00:00,400.5470418081041,705.1322631835938,222090.4655137091,390509.40219612286,168418.93668241377,0.7583348357294415,84
2023-07-25 00:00:00,MAZDOCK,1,0.762124862412901,0.20023207801305976,328.20653941786605,2023-06-22 00:00:00,597.1704363037325,905.24609375,196228.01311298818,297107.68775122863,100879.67463824045,0.5140941552527156,33
2023-07-26 00:00:00,FACT,4,0.5706876019261994,0.19360695905452877,645.1920489998734,2023-05-02 00:00:00,343.81548311549045,465.31451416015625,222090.4655137091,300217.2248203718,78126.75930666269,0.35177898846738254,85
2023-07-26 00:00:00,APARINDS,3,0.5901190550363796,0.1887997800192169,79.92811751983666,2023-05-02 00:00:00,2775.3314216878853,3617.80126953125,222090.4655137091,289164.04503450805,67073.57952079896,0.30201017124104623,85
2023-07-26 00:00:00,JSL,6,0.5539413613511398,0.18483544848721065,797.9681461048928,2023-05-02 00:00:00,277.9898133928839,371.34381103515625,222090.4655137091,296320.53245924925,74230.06694554017,0.33423347001340825,85
2023-07-26 00:00:00,JBMA,2,0.6946426954345836,0.24628623666288588,553.8101468127644,2023-05-02 00:00:00,400.5470418081041,716.9717407226562,222090.4655137091,397066.22499021754,174975.75947650845,0.7878580427654948,85
2023-07-26 00:00:00,MAZDOCK,1,0.7390052460633225,0.18647157577615786,328.20653941786605,2023-06-22 00:00:00,597.1704363037325,906.9495239257812,196228.01311298818,297666.7646743618,101438.75156137362,0.5169432740623284,34
2023-07-27 00:00:00,FACT,6,0.5617083328248739,0.18857152761392512,645.1920489998734,2023-05-02 00:00:00,343.81548311549045,476.8763732910156,222090.4655137091,307676.8444032589,85586.37888954979,0.3853671912100466,86
2023-07-27 00:00:00,APARINDS,3,0.5806118064275029,0.1835554224963915,79.92811751983666,2023-05-02 00:00:00,2775.3314216878853,3641.841064453125,222090.4655137091,291085.5005881764,68995.03507446733,0.31066185085828657,86
2023-07-27 00:00:00,JSL,5,0.5631827141047433,0.18904164985707353,797.9681461048928,2023-05-02 00:00:00,277.9898133928839,376.0805969238281,222090.4655137091,300100.33671332855,78009.87119961946,0.3512526799346283,86
2023-07-27 00:00:00,JBMA,2,0.7087849660049447,0.2502622179949923,553.8101468127644,2023-05-02 00:00:00,400.5470418081041,712.385498046875,222090.4655137091,394526.31726062414,172435.85174691505,0.7764216773019057,86
2023-07-27 00:00:00,MAZDOCK,1,0.7444013465724002,0.1885691820376175,328.20653941786605,2023-06-22 00:00:00,597.1704363037325,925.7601928710938,196228.01311298818,303840.5492330379,107612.53612004974,0.5484055737652829,35
2023-07-28 00:00:00,FACT,3,0.5767518670004367,0.192202641734851,645.1920489998734,2023-05-02 00:00:00,343.81548311549045,475.3813171386719,222090.4655137091,306712.2460609583,84621.78054724922,0.3810239235237486,87
2023-07-28 00:00:00,APARINDS,4,0.5675738265122834,0.1817842591879731,79.92811751983666,2023-05-02 00:00:00,2775.3314216878853,3770.2978515625,222090.4655137091,301352.80976447515,79262.34425076607,0.35689215233723487,87
2023-07-28 00:00:00,JSL,6,0.5406757914927528,0.18863418173612284,797.9681461048928,2023-05-02 00:00:00,277.9898133928839,388.6133117675781,222090.4655137091,310101.043942857,88010.57842914792,0.3962825609175701,87
2023-07-28 00:00:00,JBMA,2,0.6930615853909786,0.24652955157010953,553.8101468127644,2023-05-02 00:00:00,400.5470418081041,703.861083984375,222090.4655137091,389805.4102571782,167714.9447434691,0.7551649925877456,87
2023-07-28 00:00:00,MAZDOCK,1,0.7267725560877634,0.19084936577094347,328.20653941786605,2023-06-22 00:00:00,597.1704363037325,954.6453247070312,196228.01311298818,313320.8383935398,117092.8252805516,0.5967181923873912,36
2023-07-31 00:00:00,FACT,4,0.5680632345467483,0.18820931547476613,645.1920489998734,2023-05-02 00:00:00,343.81548311549045,472.8895263671875,222090.4655137091,305104.56246742536,83014.09695371627,0.3737850553903766,90
2023-07-31 00:00:00,APARINDS,3,0.6134876329694082,0.18687851886388093,79.92811751983666,2023-05-02 00:00:00,2775.3314216878853,3696.175048828125,222090.4655137091,295428.3136766224,73337.84816291332,0.3302161035741823,90
2023-07-31 00:00:00,JSL,6,0.5573762223113532,0.19144853750682475,797.9681461048928,2023-05-02 00:00:00,277.9898133928839,395.669189453125,222090.4655137091,315731.40957873577,93640.94406502668,0.42163423741955486,90
2023-07-31 00:00:00,JBMA,2,0.6911345019570428,0.2405619461534745,553.8101468127644,2023-05-02 00:00:00,400.5470418081041,698.7265625,222090.4655137091,386961.8601601032,164871.3946463941,0.7423614258497603,90
2023-07-31 00:00:00,MAZDOCK,1,0.7483024815041416,0.19290168200105362,328.20653941786605,2023-06-22 00:00:00,597.1704363037325,923.2536010742188,196228.01311298818,303017.86941365234,106789.85630066416,0.5442131049819809,39
2023-08-01 00:00:00,FACT,5,0.5715554898195973,0.18984046431577156,645.1920489998734,2023-05-02 00:00:00,343.81548311549045,493.8204345703125,222090.4655137091,318609.0180184278,96518.55250471874,0.4345911576233825,91
2023-08-01 00:00:00,APARINDS,4,0.5807702284476591,0.18384478874039736,79.92811751983666,2023-05-02 00:00:00,2775.3314216878853,3627.427001953125,222090.4655137091,289933.4117067381,67842.94619302903,0.30547437521058846,91
2023-08-01 00:00:00,JSL,6,0.5629204461505382,0.19643891714184583,797.9681461048928,2023-05-02 00:00:00,277.9898133928839,396.1626281738281,222090.4655137091,316125.15795991156,94034.69244620248,0.42340715630765313,91
2023-08-01 00:00:00,JBMA,2,0.7115472064766886,0.24099711751835434,553.8101468127644,2023-05-02 00:00:00,400.5470418081041,698.4274291992188,222090.4655137091,386796.197102881,164705.7315891719,0.7416154998288524,91
2023-08-01 00:00:00,MAZDOCK,1,0.732066728092344,0.18887871228363085,328.20653941786605,2023-06-22 00:00:00,597.1704363037325,905.124267578125,196228.01311298818,297067.703604947,100839.69049195884,0.5138903915512578,40
2023-08-02 00:00:00,FACT,3,0.6006083129315625,0.1959050582851934,645.1920489998734,2023-05-02 00:00:00,343.81548311549045,477.2251892089844,222090.4655137091,307901.8976600969,85811.43214638779,0.3863805316806401,92
2023-08-02 00:00:00,APARINDS,4,0.5773544302182742,0.18307888419946752,79.92811751983666,2023-05-02 00:00:00,2775.3314216878853,3539.818115234375,222090.4655137091,282930.99831329985,60840.53279959076,0.2739448209037827,92
2023-08-02 00:00:00,JSL,6,0.5578616809142306,0.1968637880360815,797.9681461048928,2023-05-02 00:00:00,277.9898133928839,389.40283203125,222090.4655137091,310731.05596397154,88640.59045026245,0.39911929692808396,92
2023-08-02 00:00:00,JBMA,2,0.7093781669227867,0.2383230680301666,553.8101468127644,2023-05-02 00:00:00,400.5470418081041,678.1632690429688,222090.4655137091,375573.69959171076,153483.23407800167,0.6910843008185218,92
2023-08-02 00:00:00,MAZDOCK,1,0.7325480557267012,0.18582920144909099,328.20653941786605,2023-06-22 00:00:00,597.1704363037325,881.8605346679688,196228.01311298818,289432.3943325631,93204.38121957492,0.47497999771270066,41
2023-08-03 00:00:00,FACT,3,0.6024554197194125,0.19698521020446993,645.1920489998734,2023-05-02 00:00:00,343.81548311549045,471.1452941894531,222090.4655137091,303979.1977347414,81888.73222103229,0.3687179097563623,93
2023-08-03 00:00:00,APARINDS,4,0.5986611784249066,0.1807243947804158,79.92811751983666,2023-05-02 00:00:00,2775.3314216878853,3572.06689453125,222090.4655137091,285508.58253481175,63418.11702110266,0.28555083116428526,93
2023-08-03 00:00:00,JSL,6,0.5603763022316613,0.19753528788939886,797.9681461048928,2023-05-02 00:00:00,277.9898133928839,391.1297302246094,222090.4655137091,312109.0657138384,90018.6002001293,0.4053240196147577,93
2023-08-03 00:00:00,JBMA,2,0.7085497984790865,0.24001051831031628,553.8101468127644,2023-05-02 00:00:00,400.5470418081041,668.5919799804688,222090.4655137091,370273.0225908202,148182.55707711112,0.6672171033292925,93
2023-08-03 00:00:00,MAZDOCK,1,0.7304319875860088,0.18474458881539915,328.20653941786605,2023-06-22 00:00:00,597.1704363037325,899.1137084960938,196228.01311298818,295094.99880866695,98866.98569567877,0.5038372662864966,42
2023-08-04 00:00:00,FACT,4,0.6213446913661628,0.1931594626923375,645.1920489998734,2023-05-02 00:00:00,343.81548311549045,474.58392333984375,222090.4655137091,306197.7739220326,84107.30840832353,0.37870742543484737,94
2023-08-04 00:00:00,APARINDS,3,0.6224057748571313,0.18365656595363478,79.92811751983666,2023-05-02 00:00:00,2775.3314216878853,3612.18115234375,222090.4655137091,288714.8396474703,66624.37413376119,0.2999875477754295,94
2023-08-04 00:00:00,JSL,5,0.5586197429698516,0.19963866620292936,797.9681461048928,2023-05-02 00:00:00,277.9898133928839,387.971923828125,222090.4655137091,309589.2367978776,87498.7712841685,0.39397806241604466,94
2023-08-04 00:00:00,JBMA,2,0.6848763453984946,0.23580695440264215,553.8101468127644,2023-05-02 00:00:00,400.5470418081041,655.8552856445312,222090.4655137091,363219.31203072536,141128.84651701627,0.6354565748267331,94
2023-08-04 00:00:00,MAZDOCK,1,0.7254886647842228,0.18773835074845624,328.20653941786605,2023-06-22 00:00:00,597.1704363037325,897.3859252929688,196228.01311298818,294527.92906270496,98299.91594971679,0.5009474151537969,43
2023-08-07 00:00:00,FACT,3,0.6319096260965443,0.1949287053708904,645.1920489998734,2023-05-02 00:00:00,343.81548311549045,469.9990539550781,222090.4655137091,303239.65264927887,81149.18713556978,0.3653879825406582,97
2023-08-07 00:00:00,APARINDS,4,0.5853812711096067,0.18474871418422323,79.92811751983666,2023-05-02 00:00:00,2775.3314216878853,3767.84716796875,222090.4655137091,301156.93123819,79066.46572448089,0.35601017604062934,97
2023-08-07 00:00:00,JSL,6,0.5495544369534222,0.19809393066909134,797.9681461048928,2023-05-02 00:00:00,277.9898133928839,386.6889953613281,222090.4655137091,308565.5007476425,86475.03523393339,0.38936851716669263,97
2023-08-07 00:00:00,JBMA,2,0.6754255786744398,0.23138625428735957,553.8101468127644,2023-05-02 00:00:00,400.5470418081041,672.4305419921875,222090.4655137091,372398.8571820801,150308.391668371,0.6767890342374596,97
2023-08-07 00:00:00,MAZDOCK,1,0.7280651137840803,0.1908423954884354,328.20653941786605,2023-06-22 00:00:00,597.1704363037325,881.1304931640625,196228.01311298818,289192.78993693466,92964.77682394648,0.4737589467942955,46
2023-08-08 00:00:00,FACT,4,0.6147777408341815,0.19262995943357084,645.1920489998734,2023-05-02 00:00:00,343.81548311549045,472.24163818359375,222090.4655137091,304686.5501627297,82596.0846490206,0.37190288407010497,98
2023-08-08 00:00:00,APARINDS,3,0.6238674195513065,0.19135845165043952,79.92811751983666,2023-05-02 00:00:00,2775.3314216878853,3864.625732421875,222090.4655137091,308892.25971120043,86801.79419749134,0.3908398048367965,98
2023-08-08 00:00:00,JSL,9,0.5324964757225713,0.19550192580796286,797.9681461048928,2023-05-02 00:00:00,277.9898133928839,388.2679748535156,222090.4655137091,309825.476085761,87735.01057205189,0.39504176988919965,98
2023-08-08 00:00:00,JBMA,2,0.6959383045138705,0.23631817261349775,553.8101468127644,2023-05-02 00:00:00,400.5470418081041,662.6847534179688,222090.4655137091,367001.54058098583,144911.07506727675,0.6524867005528058,98
2023-08-08 00:00:00,MAZDOCK,1,0.698527938469399,0.1841914904945291,328.20653941786605,2023-06-22 00:00:00,597.1704363037325,885.3403930664062,196228.01311298818,290574.5066151785,94346.49350219031,0.48080033021516433,47
2023-08-09 00:00:00,FACT,3,0.6259293381824566,0.19267469257440245,645.1920489998734,2023-05-02 00:00:00,343.81548311549045,465.21484375,222090.4655137091,300152.91826421843,78062.45275050934,0.3514894372882961,99
2023-08-09 00:00:00,APARINDS,4,0.6228670757114958,0.19634995872359243,79.92811751983666,2023-05-02 00:00:00,2775.3314216878853,3930.923583984375,222090.4655137091,314191.3221822006,92100.85666849153,0.41469973263127935,99
2023-08-09 00:00:00,JSL,7,0.5248358756788274,0.1958984164241351,797.9681461048928,2023-05-02 00:00:00,277.9898133928839,386.24493408203125,222090.4655137091,308211.15399184497,86120.68847813588,0.3877730107815901,99
2023-08-09 00:00:00,JBMA,1,0.7034840914402345,0.2312026725114345,553.8101468127644,2023-05-02 00:00:00,400.5470418081041,656.0795288085938,222090.4655137091,363343.50017033657,141253.03465662748,0.6360157529946205,99
2023-08-09 00:00:00,MAZDOCK,2,0.6845654239111901,0.1838742597664355,328.20653941786605,2023-06-22 00:00:00,597.1704363037325,884.9996337890625,196228.01311298818,290462.667191987,94234.6540789988,0.48023038395001455,48
2023-08-10 00:00:00,FACT,4,0.6254001633909715,0.19117729090334357,645.1920489998734,2023-05-02 00:00:00,343.81548311549045,451.9585876464844,222090.4655137091,291600.0872267241,69509.62171301499,0.3129788645011613,100
2023-08-10 00:00:00,APARINDS,3,0.6662307845797681,0.19664239135240713,79.92811751983666,2023-05-02 00:00:00,2775.3314216878853,3927.366455078125,222090.4655137091,313907.0075649487,91816.54205123961,0.4134195578313649,100
2023-08-10 00:00:00,JSL,8,0.5246676527399647,0.19595597948757293,797.9681461048928,2023-05-02 00:00:00,277.9898133928839,408.6953125,222090.4655137091,326125.8408373848,104035.37532367572,0.4684369276413349,100
2023-08-10 00:00:00,JBMA,1,0.7093835827739776,0.23073672191723738,553.8101468127644,2023-05-02 00:00:00,400.5470418081041,639.230224609375,222090.4655137091,354012.1845380743,131921.71902436521,0.5939999212448047,100
2023-08-10 00:00:00,MAZDOCK,2,0.7028257584546854,0.18548761633943903,328.20653941786605,2023-06-22 00:00:00,597.1704363037325,873.2217407226562,196228.01311298818,286597.0856670281,90369.07255403991,0.46053094622124807,49
2023-08-11 00:00:00,FACT,4,0.610852985087214,0.1838191406319238,645.1920489998734,2023-05-02 00:00:00,343.81548311549045,442.7888488769531,222090.4655137091,285683.84468121664,63593.37916750755,0.2863399787127831,101
2023-08-11 00:00:00,APARINDS,3,0.684269121314509,0.2006127230117638,79.92811751983666,2023-05-02 00:00:00,2775.3314216878853,4013.177978515625,222090.4655137091,320765.7610948174,98675.29558110834,0.44430225922966227,101
2023-08-11 00:00:00,JSL,7,0.5775455789199769,0.2085968906176711,797.9681461048928,2023-05-02 00:00:00,277.9898133928839,406.0308837890625,222090.4655137091,323999.7115984894,101909.24608478029,0.4588636700321999,101
2023-08-11 00:00:00,JBMA,1,0.7163525987436695,0.22483849519802757,553.8101468127644,2023-05-02 00:00:00,400.5470418081041,612.610107421875,222090.4655137091,339269.69353029196,117179.22801658287,0.5276193543272558,101
2023-08-11 00:00:00,MAZDOCK,2,0.7036593479980274,0.1821327505406137,328.20653941786605,2023-06-22 00:00:00,597.1704363037325,847.475830078125,196228.01311298818,278147.10943022487,81919.09631723669,0.4174689180084988,50
2023-08-14 00:00:00,FACT,4,0.6179365062453496,0.1826864992224279,645.1920489998734,2023-05-02 00:00:00,343.81548311549045,417.22320556640625,222090.4655137091,269189.094889685,47098.6293759759,0.21206956933983562,104
2023-08-14 00:00:00,APARINDS,3,0.6620903498883667,0.20975374585497533,79.92811751983666,2023-05-02 00:00:00,2775.3314216878853,4095.679443359375,222090.4655137091,327359.9478724073,105269.48235869824,0.4739937039404342,104
2023-08-14 00:00:00,JSL,5,0.5836660820526739,0.21129682469500966,797.9681461048928,2023-05-02 00:00:00,277.9898133928839,398.6789855957031,222090.4655137091,318133.13102678244,96042.66551307336,0.4324483957063203,104
2023-08-14 00:00:00,JBMA,2,0.6936027240302205,0.21589908359472743,553.8101468127644,2023-05-02 00:00:00,400.5470418081041,653.5870361328125,222090.4655137091,361963.13243563246,139872.66692192337,0.6298004130811702,104
2023-08-14 00:00:00,MAZDOCK,1,0.6955826402293063,0.18036384663285973,328.20653941786605,2023-06-22 00:00:00,597.1704363037325,906.7547607421875,196228.01311298818,297602.84212386847,101374.82901088029,0.516617517563655,53
2023-08-16 00:00:00,FACT,4,0.5792623860282055,0.17018297214204645,645.1920489998734,2023-05-02 00:00:00,343.81548311549045,453.7028503417969,222090.4655137091,292725.4716491068,70635.00613539774,0.3180460987913847,106
2023-08-16 00:00:00,APARINDS,3,0.6672029287205019,0.2082407556595999,79.92811751983666,2023-05-02 00:00:00,2775.3314216878853,4242.84814453125,222090.4655137091,339122.86511491466,117032.39960120557,0.5269582344766685,106
2023-08-16 00:00:00,JSL,6,0.5647833867584884,0.20186460067676373,797.9681461048928,2023-05-02 00:00:00,277.9898133928839,409.6328430175781,222090.4655137091,326873.9603264134,104783.4948127043,0.471805462563796,106
2023-08-16 00:00:00,JBMA,1,0.7383960655971908,0.2296119204291996,553.8101468127644,2023-05-02 00:00:00,400.5470418081041,719.7633056640625,222090.4655137091,398612.2219802551,176521.756466546,0.794819156501114,106
2023-08-16 00:00:00,MAZDOCK,2,0.7319696691744955,0.19009975109239033,328.20653941786605,2023-06-22 00:00:00,597.1704363037325,942.0885620117188,196228.01311298818,309199.62676301994,112971.61365003177,0.575716034922,55
2023-08-17 00:00:00,FACT,4,0.560861167420096,0.1761739638653298,645.1920489998734,2023-05-02 00:00:00,343.81548311549045,460.3309326171875,222090.4655137091,297001.85763330583,74911.39211959674,0.3373012522006382,107
2023-08-17 00:00:00,APARINDS,3,0.6247582910528706,0.20386117461415185,79.92811751983666,2023-05-02 00:00:00,2775.3314216878853,4659.50537109375,222090.4655137091,372425.4928850914,150335.0273713823,0.6769089660091802,107
2023-08-17 00:00:00,JSL,5,0.5359969622454344,0.19603314436449742,797.9681461048928,2023-05-02 00:00:00,277.9898133928839,402.8730163574219,222090.4655137091,321479.8339784181,99389.368464709,0.44751749353496645,107
2023-08-17 00:00:00,JBMA,1,0.7663909658555034,0.23906646171452176,553.8101468127644,2023-05-02 00:00:00,400.5470418081041,717.7444458007812,222090.4655137091,397494.15690297686,175403.69138926777,0.789784878803996,107
2023-08-17 00:00:00,MAZDOCK,2,0.7050114390222886,0.18486525544149923,328.20653941786605,2023-06-22 00:00:00,597.1704363037325,935.9806518554688,196228.01311298818,307194.9707075619,110966.9575945737,0.5655000824509132,56
2023-08-18 00:00:00,FACT,4,0.5807758165283232,0.17612799592106262,645.1920489998734,2023-05-02 00:00:00,343.81548311549045,451.0615234375,222090.4655137091,291021.30853164505,68930.84301793596,0.31037281523317367,108
2023-08-18 00:00:00,APARINDS,3,0.7257033106723678,0.2177184698626353,79.92811751983666,2023-05-02 00:00:00,2775.3314216878853,4804.5498046875,222090.4655137091,384018.62141897075,161928.15590526166,0.7291089940791098,108
2023-08-18 00:00:00,JSL,7,0.5297694658262687,0.1901063986041752,797.9681461048928,2023-05-02 00:00:00,277.9898133928839,413.0867004394531,222090.4655137091,329630.0285302576,107539.56301654849,0.484215127235664,108
2023-08-18 00:00:00,JBMA,1,0.7488919306739765,0.23386449313028862,553.8101468127644,2023-05-02 00:00:00,400.5470418081041,692.096435546875,222090.4655137091,383290.0285788058,161199.5630650967,0.7258283812059741,108
2023-08-18 00:00:00,MAZDOCK,2,0.7389889916043336,0.18218264248183835,328.20653941786605,2023-06-22 00:00:00,597.1704363037325,911.0863037109375,196228.01311298818,299024.4828519817,102796.46973899353,0.5238623584279135,57
2023-08-21 00:00:00,FACT,4,0.5903381116760065,0.1710395727026415,645.1920489998734,2023-05-02 00:00:00,343.81548311549045,442.83868408203125,222090.4655137091,285715.99795929337,63625.53244558428,0.28648475430232656,111
2023-08-21 00:00:00,APARINDS,3,0.715324744868485,0.2303428341516218,79.92811751983666,2023-05-02 00:00:00,2775.3314216878853,4911.90087890625,222090.4655137091,392598.9906950077,170508.52518129864,0.7677435624573157,111
2023-08-21 00:00:00,JSL,6,0.5560050309186187,0.19511029385755765,797.9681461048928,2023-05-02 00:00:00,277.9898133928839,415.94854736328125,222090.4655137091,331913.6912145007,109823.2257007916,0.4944977059090026,111
2023-08-21 00:00:00,JBMA,1,0.731474325255132,0.22709459368433454,553.8101468127644,2023-05-02 00:00:00,400.5470418081041,766.348388671875,222090.4655137091,424411.5136400965,202321.04812638744,0.9109848442093461,111
2023-08-21 00:00:00,MAZDOCK,2,0.7206282662817786,0.1764127056038446,328.20653941786605,2023-06-22 00:00:00,597.1704363037325,909.188232421875,196228.01311298818,298401.5234426301,102173.5103296419,0.520687687291673,60
2023-08-22 00:00:00,FACT,4,0.5556501657466811,0.16470826790202087,645.1920489998734,2023-05-02 00:00:00,343.81548311549045,452.35723876953125,222090.4655137091,291857.2937616388,69766.82824792972,0.3141369805612983,112
2023-08-22 00:00:00,APARINDS,2,0.6886885130306505,0.22721553762603058,79.92811751983666,2023-05-02 00:00:00,2775.3314216878853,4924.30029296875,222090.4655137091,393590.0525193724,171499.58700566328,0.772205986461301,112
2023-08-22 00:00:00,JSL,6,0.5277387111054868,0.1913957098408235,797.9681461048928,2023-05-02 00:00:00,277.9898133928839,419.10638427734375,222090.4655137091,334433.54448251677,112343.07896880768,0.505843772756976,112
2023-08-22 00:00:00,JBMA,1,0.7688813114045705,0.24468595562286585,553.8101468127644,2023-05-02 00:00:00,400.5470418081041,756.3534545898438,222090.4655137091,418876.2177287429,196785.75221503383,0.8860612352712042,112
2023-08-22 00:00:00,MAZDOCK,3,0.6762902051698627,0.17199452900825915,328.20653941786605,2023-06-22 00:00:00,597.1704363037325,908.8232421875,196228.01311298818,298281.73126088455,102053.71814789638,0.5200772128754817,61
2023-08-23 00:00:00,FACT,4,0.5825469404580204,0.16790352672001635,645.1920489998734,2023-05-02 00:00:00,343.81548311549045,468.10528564453125,222090.4655137091,302017.8083926661,79927.34287895702,0.3598864214818051,113
2023-08-23 00:00:00,APARINDS,2,0.7016080641717197,0.2275417690213817,79.92811751983666,2023-05-02 00:00:00,2775.3314216878853,4798.72021484375,222090.4655137091,383552.67327684705,161462.20776313797,0.7270109835182065,113
2023-08-23 00:00:00,JSL,6,0.534575424273787,0.19347141249746774,797.9681461048928,2023-05-02 00:00:00,277.9898133928839,425.619384765625,222090.4655137091,339630.7114077308,117540.24589402173,0.5292448985693456,113
2023-08-23 00:00:00,JBMA,1,0.7767319658544907,0.23953733005236305,553.8101468127644,2023-05-02 00:00:00,400.5470418081041,754.6336669921875,222090.4655137091,417923.78190679813,195833.31639308904,0.881772731396255,113
2023-08-23 00:00:00,MAZDOCK,3,0.6781617374157516,0.17154596170877107,328.20653941786605,2023-06-22 00:00:00,597.1704363037325,911.9866943359375,196228.01311298818,299319.99694313726,103091.98383014908,0.5253683314358826,62
2023-08-24 00:00:00,FACT,4,0.600420663549091,0.17348602320770057,645.1920489998734,2023-05-02 00:00:00,343.81548311549045,466.0121765136719,222090.4655137091,300667.3510237466,78576.88551003751,0.35380575806477904,114
2023-08-24 00:00:00,APARINDS,3,0.6630987147491483,0.22042891840482595,79.92811751983666,2023-05-02 00:00:00,2775.3314216878853,4837.60009765625,222090.4655137091,386660.26911944203,164569.80360573294,0.7410034610223935,114
2023-08-24 00:00:00,JSL,6,0.5420462612659243,0.19651146922780166,797.9681461048928,2023-05-02 00:00:00,277.9898133928839,421.17864990234375,222090.4655137091,336087.1464415349,113996.68092782583,0.5132893961212806,114
2023-08-24 00:00:00,JBMA,1,0.7498935058203853,0.23751539057328422,553.8101468127644,2023-05-02 00:00:00,400.5470418081041,747.8788452148438,222090.4655137091,414182.89306659333,192092.42755288424,0.8649287447282461,114
2023-08-24 00:00:00,MAZDOCK,2,0.6684153866816602,0.17205819858638757,328.20653941786605,2023-06-22 00:00:00,597.1704363037325,904.5889892578125,196228.01311298818,296892.02175981185,100664.00864682367,0.5129950971315257,63
2023-08-25 00:00:00,FACT,4,0.6211411764957967,0.17307070661663548,645.1920489998734,2023-05-02 00:00:00,343.81548311549045,457.2909851074219,222090.4655137091,295040.5076706281,72950.042156919,0.3284699412384994,115
2023-08-25 00:00:00,APARINDS,2,0.7014966574758396,0.22297532880885435,79.92811751983666,2023-05-02 00:00:00,2775.3314216878853,4940.2080078125,222090.4655137091,394861.5262208757,172771.0607071666,0.7779310125157167,115
2023-08-25 00:00:00,JSL,7,0.5297274510995562,0.1942542155294918,797.9681461048928,2023-05-02 00:00:00,277.9898133928839,416.7873229980469,222090.4655137091,332583.0074527726,110492.54193906349,0.49751141582547165,115
2023-08-25 00:00:00,JBMA,1,0.7457123176588181,0.23816422251459846,553.8101468127644,2023-05-02 00:00:00,400.5470418081041,761.1640014648438,222090.4655137091,421540.34739983635,199449.88188612726,0.8980569311014196,115
2023-08-25 00:00:00,MAZDOCK,3,0.6999808117216837,0.17153552653041995,328.20653941786605,2023-06-22 00:00:00,597.1704363037325,895.1958618164062,196228.01311298818,293809.1359079569,97581.12279496875,0.4972843644846034,64
2023-08-28 00:00:00,FACT,4,0.6215098131695327,0.16817145026919866,645.1920489998734,2023-05-02 00:00:00,343.81548311549045,458.63653564453125,222090.4655137091,295908.6461786986,73818.18066498949,0.33237888215616745,118
2023-08-28 00:00:00,APARINDS,2,0.7472993125739519,0.22850626222167128,79.92811751983666,2023-05-02 00:00:00,2775.3314216878853,4987.0908203125,222090.4655137091,398608.7811680361,176518.31565432702,0.7948036636603428,118
2023-08-28 00:00:00,JSL,6,0.5242486501578946,0.1914452718194778,797.9681461048928,2023-05-02 00:00:00,277.9898133928839,411.85321044921875,222090.4655137091,328645.7428095113,106555.27729580223,0.47978321378782846,118
2023-08-28 00:00:00,JBMA,1,0.7698780705302318,0.24292535305762172,553.8101468127644,2023-05-02 00:00:00,400.5470418081041,775.4461059570312,222090.4655137091,429449.92178544996,207359.45627174087,0.933671131680982,118
2023-08-28 00:00:00,MAZDOCK,3,0.6877441652723425,0.16895166263203049,328.20653941786605,2023-06-22 00:00:00,597.1704363037325,892.4703979492188,196228.01311298818,292914.62084379885,96686.60773081068,0.4927258152236321,67
2023-08-29 00:00:00,FACT,4,0.5850227145741816,0.16930044932466046,645.1920489998734,2023-05-02 00:00:00,343.81548311549045,461.4771728515625,222090.4655137091,297741.40271876834,75650.93720505925,0.3406311794163424,119
2023-08-29 00:00:00,APARINDS,2,0.7460376135177443,0.22881303168132075,79.92811751983666,2023-05-02 00:00:00,2775.3314216878853,4970.244140625,222090.4655137091,397262.2577741546,175171.7922604455,0.7887407136333486,119
2023-08-29 00:00:00,JSL,8,0.5036358514974099,0.18828130390382444,797.9681461048928,2023-05-02 00:00:00,277.9898133928839,427.0010070800781,222090.4655137091,340733.20200461213,118642.73649090304,0.5342090495261694,119
2023-08-29 00:00:00,JBMA,1,0.7752412597483853,0.24635577587759633,553.8101468127644,2023-05-02 00:00:00,400.5470418081041,754.4591064453125,222090.4655137091,417827.10850470554,195736.64299099645,0.881337443002091,119
2023-08-29 00:00:00,MAZDOCK,3,0.6682133996848503,0.167249439212598,328.20653941786605,2023-06-22 00:00:00,597.1704363037325,885.02392578125,196228.01311298818,290470.6399826784,94242.62686969023,0.4802710141870788,68
2023-08-30 00:00:00,FACT,4,0.6199174975402931,0.17047131835734688,645.1920489998734,2023-05-02 00:00:00,343.81548311549045,462.02532958984375,222090.4655137091,298095.0690879131,76004.603574204,0.34222362224510905,120
2023-08-30 00:00:00,APARINDS,2,0.7765890997773082,0.22710951999461684,79.92811751983666,2023-05-02 00:00:00,2775.3314216878853,4908.5908203125,222090.4655137091,392334.42394272896,170243.95842901987,0.7665523057697906,120
2023-08-30 00:00:00,JSL,6,0.5643935241350098,0.19572012162947305,797.9681461048928,2023-05-02 00:00:00,277.9898133928839,436.1291809082031,222090.4655137091,348017.19395156426,125926.72843785517,0.5670064590417189,120
2023-08-30 00:00:00,JBMA,1,0.7795250941026323,0.24026037764886546,553.8101468127644,2023-05-02 00:00:00,400.5470418081041,762.9586181640625,222090.4655137091,422534.2243375033,200443.75882379423,0.9025320306306501,120
2023-08-30 00:00:00,MAZDOCK,3,0.6942883904753145,0.1664386623696977,328.20653941786605,2023-06-22 00:00:00,597.1704363037325,907.16845703125,196228.01311298818,297738.6199512717,101510.60683828351,0.5173094566260203,69
2023-08-31 00:00:00,FACT,4,0.5965361652356734,0.16903243391547915,645.1920489998734,2023-05-02 00:00:00,343.81548311549045,462.1250305175781,222090.4655137091,298159.39533376525,76068.92982005616,0.3425132620804049,121
2023-08-31 00:00:00,APARINDS,2,0.7444168992046254,0.2239587001962923,79.92811751983666,2023-05-02 00:00:00,2775.3314216878853,4948.55712890625,222090.4655137091,395528.85575284425,173438.39023913516,0.780935776949998,121
2023-08-31 00:00:00,JSL,6,0.5478482248539772,0.19896771871886867,797.9681461048928,2023-05-02 00:00:00,277.9898133928839,448.612548828125,222090.4655137091,357978.5239077696,135888.0583940605,0.6118590371709247,121
2023-08-31 00:00:00,JBMA,1,0.7731277589473471,0.23872060926253616,553.8101468127644,2023-05-02 00:00:00,400.5470418081041,755.7552490234375,222090.4655137091,418544.92541618727,196454.45990247818,0.8845695354281273,121
2023-08-31 00:00:00,MAZDOCK,3,0.7027379066924386,0.16932053790682366,328.20653941786605,2023-06-22 00:00:00,597.1704363037325,899.8681030273438,196228.01311298818,295342.59602712427,99114.58291413609,0.505099049527989,70
2023-09-01 00:00:00,FACT,4,0.6052653829533245,0.16895630607719914,645.1920489998734,2023-05-02 00:00:00,343.81548311549045,465.66339111328125,222090.4655137091,300442.31745660736,78351.85194289827,0.35279250625039466,122
2023-09-01 00:00:00,APARINDS,2,0.7724073097168651,0.22330480030798133,79.92811751983666,2023-05-02 00:00:00,2775.3314216878853,4898.1171875,222090.4655137091,391497.28618843184,169406.82067472275,0.7627829510054572,122
2023-09-01 00:00:00,JSL,5,0.5883564240950308,0.20395924068181295,797.9681461048928,2023-05-02 00:00:00,277.9898133928839,457.5433349609375,222090.4655137091,365105.00676142925,143014.54124772016,0.6439472352715305,122
2023-09-01 00:00:00,JBMA,1,0.7762011478026749,0.2352230774798311,553.8101468127644,2023-05-02 00:00:00,400.5470418081041,748.4522094726562,222090.4655137091,414500.4280103897,192409.9624966806,0.8663584996844612,122
2023-09-01 00:00:00,MAZDOCK,3,0.705285094407607,0.1685565754531755,328.20653941786605,2023-06-22 00:00:00,597.1704363037325,918.4110717773438,196228.01311298818,301428.5196310954,105200.50651810723,0.5361135999350548,71
2023-09-04 00:00:00,FACT,4,0.6189369309043669,0.1681255868988754,645.1920489998734,2023-05-02 00:00:00,343.81548311549045,467.3577575683594,222090.4655137091,301535.50922151585,79445.04370780676,0.3577147876386563,125
2023-09-04 00:00:00,APARINDS,1,0.7833785539530386,0.2192996407426723,79.92811751983666,2023-05-02 00:00:00,2775.3314216878853,4898.31494140625,222090.4655137091,391513.0922858906,169422.6267721815,0.7628541206408678,125
2023-09-04 00:00:00,JSL,5,0.6160627459214484,0.20563376258222033,797.9681461048928,2023-05-02 00:00:00,277.9898133928839,469.82940673828125,222090.4655137091,374908.9006805079,152818.4351667988,0.6880909309335735,125
2023-09-04 00:00:00,JBMA,2,0.7763618214182773,0.2381347648123337,553.8101468127644,2023-05-02 00:00:00,400.5470418081041,744.8130493164062,222090.4655137091,412485.0241899817,190394.5586762726,0.8572838020573198,125
2023-09-04 00:00:00,MAZDOCK,3,0.7181255722889689,0.16880624496389832,328.20653941786605,2023-06-22 00:00:00,597.1704363037325,929.7267456054688,196228.01311298818,305142.3977794056,108914.3846664174,0.5550399402133499,74
2023-09-05 00:00:00,FACT,6,0.6466581323707077,0.16852499996662196,645.1920489998734,2023-05-02 00:00:00,343.81548311549045,458.2876892089844,222090.4655137091,295683.57323216175,73593.10771845267,0.3313654530293645,126
2023-09-05 00:00:00,APARINDS,2,0.808119995317561,0.21888076748962657,79.92811751983666,2023-05-02 00:00:00,2775.3314216878853,4878.5048828125,222090.4655137091,389929.71159453446,167839.24608082537,0.7557246804476848,126
2023-09-05 00:00:00,JSL,4,0.67230989580769,0.21216614517942076,797.9681461048928,2023-05-02 00:00:00,277.9898133928839,468.4971923828125,222090.4655137091,373845.8360610602,151755.3705473511,0.6833043021290062,126
2023-09-05 00:00:00,JBMA,1,0.8086664212950628,0.2299826574582105,553.8101468127644,2023-05-02 00:00:00,400.5470418081041,746.4083251953125,222090.4655137091,413368.5041586856,191278.03864497654,0.8612618205042639,126
2023-09-05 00:00:00,MAZDOCK,3,0.7460990952709436,0.17044542990612022,328.20653941786605,2023-06-22 00:00:00,597.1704363037325,930.7243041992188,196228.01311298818,305469.80303332687,109241.78992033869,0.556708434169576,75
2023-09-06 00:00:00,FACT,7,0.627829287066917,0.16621237080842094,645.1920489998734,2023-05-02 00:00:00,343.81548311549045,544.453369140625,222090.4655137091,351276.98482072423,129186.51930701514,0.5816842204738446,127
2023-09-06 00:00:00,APARINDS,2,0.7919201688968135,0.21813978235144385,79.92811751983666,2023-05-02 00:00:00,2775.3314216878853,4821.64306640625,222090.4655137091,385384.85365042434,163294.38813671525,0.7352606864909988,127
2023-09-06 00:00:00,JSL,4,0.6601093416842373,0.21003073721616683,797.9681461048928,2023-05-02 00:00:00,277.9898133928839,470.4708557128906,222090.4655137091,375420.7565295978,153330.2910158887,0.6903956487336194,127
2023-09-06 00:00:00,JBMA,1,0.8333333333333334,0.2340190924254317,553.8101468127644,2023-05-02 00:00:00,400.5470418081041,744.8629150390625,222090.4655137091,412512.64033316687,190422.17481945778,0.857408148427261,127
2023-09-06 00:00:00,MAZDOCK,3,0.7375671512309443,0.17159801719853676,328.20653941786605,2023-06-22 00:00:00,597.1704363037325,927.6338500976562,196228.01311298818,304455.4957874233,108227.4826744351,0.5515394104924136,76
2023-09-07 00:00:00,FACT,3,0.7513202751738028,0.19370766417973379,645.1920489998734,2023-05-02 00:00:00,343.81548311549045,512.4090576171875,222090.4655137091,330602.24981012737,108511.78429641828,0.488592718491646,128
2023-09-07 00:00:00,APARINDS,2,0.7578921046450983,0.20989423233066296,79.92811751983666,2023-05-02 00:00:00,2775.3314216878853,4824.4091796875,222090.4655137091,385605.9438778413,163515.4783641322,0.7362561827492716,128
2023-09-07 00:00:00,JSL,5,0.626691069826304,0.2042063912436163,797.9681461048928,2023-05-02 00:00:00,277.9898133928839,474.6155700683594,222090.4655137091,378728.1065599656,156637.6410462565,0.7052875533577899,128
2023-09-07 00:00:00,JBMA,1,0.7744715377409378,0.2262565297521527,553.8101468127644,2023-05-02 00:00:00,400.5470418081041,735.7154541015625,222090.4655137091,407446.68364840595,185356.21813469686,0.8345978189831624,128
2023-09-07 00:00:00,MAZDOCK,4,0.7295106622390002,0.1659351824938342,328.20653941786605,2023-06-22 00:00:00,597.1704363037325,1016.1630249023438,196228.01311298818,333511.3498875891,137283.33677460093,0.699611307257915,77
2023-09-08 00:00:00,FACT,4,0.6295435204491675,0.17927731826611065,645.1920489998734,2023-05-02 00:00:00,343.81548311549045,516.39599609375,222090.4655137091,333174.59081505716,111084.12530134807,0.5001751202799435,129
2023-09-08 00:00:00,APARINDS,2,0.7121162334722314,0.2075977087688942,79.92811751983666,2023-05-02 00:00:00,2775.3314216878853,4812.50341796875,222090.4655137091,384654.33875602187,162563.87324231278,0.7319714192425704,129
2023-09-08 00:00:00,JSL,5,0.5911767617226623,0.20309673866386452,797.9681461048928,2023-05-02 00:00:00,277.9898133928839,485.4212951660156,222090.4655137091,387350.7309834614,165260.26546975234,0.7441123827062771,129
2023-09-08 00:00:00,JBMA,3,0.6898792583020293,0.22338387589989434,553.8101468127644,2023-05-02 00:00:00,400.5470418081041,750.184814453125,222090.4655137091,415459.96222899156,193369.49671528247,0.870678965294646,129
2023-09-08 00:00:00,MAZDOCK,1,0.7494834696649055,0.18664435840123633,328.20653941786605,2023-06-22 00:00:00,597.1704363037325,1076.7073974609375,196228.01311298818,353382.4088862712,157154.395773283,0.8008764563232541,78
2023-09-11 00:00:00,FACT,4,0.6015002269845875,0.1769454144435218,645.1920489998734,2023-05-02 00:00:00,343.81548311549045,538.4232788085938,222090.4655137091,347386.4184837467,125295.95297003762,0.5641662854829012,132
2023-09-11 00:00:00,APARINDS,3,0.6600406065982655,0.2044863741504595,79.92811751983666,2023-05-02 00:00:00,2775.3314216878853,4970.7880859375,222090.4655137091,397305.7342990164,175215.26878530733,0.788936474062601,132
2023-09-11 00:00:00,JSL,5,0.5510981078280252,0.20716650026621655,797.9681461048928,2023-05-02 00:00:00,277.9898133928839,515.3222045898438,222090.4655137091,411210.70424324385,189120.23872953476,0.8515459603008524,132
2023-09-11 00:00:00,JBMA,2,0.6862927095054906,0.22077837399133818,553.8101468127644,2023-05-02 00:00:00,400.5470418081041,748.8375854492188,222090.4655137091,414713.85313654784,192623.38762283875,0.8673194825238844,132
2023-09-11 00:00:00,MAZDOCK,1,0.7620087832628836,0.19062333714846405,328.20653941786605,2023-06-22 00:00:00,597.1704363037325,1105.8846435546875,196228.01311298818,362958.5718564443,166730.55874345612,0.8496776586503609,81
2023-09-12 00:00:00,FACT,4,0.6054193816487157,0.17946057484461117,645.1920489998734,2023-05-02 00:00:00,343.81548311549045,497.0597839355469,222090.4655137091,320699.02047280985,98608.55495910076,0.44400174825611277,133
2023-09-12 00:00:00,APARINDS,2,0.6793726894157361,0.2056160201232647,79.92811751983666,2023-05-02 00:00:00,2775.3314216878853,4854.10009765625,222090.4655137091,387979.08305851935,165888.61754481026,0.746941644528051,133
2023-09-12 00:00:00,JSL,6,0.566757893667668,0.21252192388399435,797.9681461048928,2023-05-02 00:00:00,277.9898133928839,501.50665283203125,222090.4655137091,400186.33401964605,178095.86850593696,0.8019068630163394,133
2023-09-12 00:00:00,JBMA,3,0.6686177934014119,0.2155194861745605,553.8101468127644,2023-05-02 00:00:00,400.5470418081041,724.1399536132812,222090.4655137091,401036.05402355967,178945.58850985058,0.8057328714942278,133
2023-09-12 00:00:00,MAZDOCK,1,0.7699910421983279,0.18688199497356936,328.20653941786605,2023-06-22 00:00:00,597.1704363037325,1008.3516845703125,196228.01311298818,330947.6169089979,134719.6037960097,0.6865462359772154,82
2023-09-13 00:00:00,FACT,6,0.5861589316445411,0.17386097419387256,645.1920489998734,2023-05-02 00:00:00,343.81548311549045,514.1034545898438,222090.4655137091,331695.4612647346,109604.99575102553,0.4935150885361168,134
2023-09-13 00:00:00,APARINDS,2,0.7244876991668896,0.20948935919692943,79.92811751983666,2023-05-02 00:00:00,2775.3314216878853,4815.81396484375,222090.4655137091,384918.94453570177,162828.47902199268,0.7331628516575903,134
2023-09-13 00:00:00,JSL,5,0.5920594574153293,0.21593630266260178,797.9681461048928,2023-05-02 00:00:00,277.9898133928839,506.7861328125,222090.4655137091,404399.19087205856,182308.72535834947,0.8208759657316131,134
2023-09-13 00:00:00,JBMA,3,0.6659688246181902,0.22098644218595434,553.8101468127644,2023-05-02 00:00:00,400.5470418081041,737.711181640625,222090.4655137091,408551.9378098124,186461.47229610334,0.8395744133581167,134
2023-09-13 00:00:00,MAZDOCK,1,0.7458227650322865,0.17972692176064195,328.20653941786605,2023-06-22 00:00:00,597.1704363037325,1003.1682739257812,196228.01311298818,329246.3876389746,133018.3745259864,0.6778765804930938,83
2023-09-14 00:00:00,FACT,4,0.5988755701808823,0.17784347447271823,645.1920489998734,2023-05-02 00:00:00,343.81548311549045,514.5520629882812,222090.4655137091,331984.8998365211,109894.43432281198,0.49481833481063364,135
2023-09-14 00:00:00,APARINDS,2,0.7099367921605048,0.20701887876744768,79.92811751983666,2023-05-02 00:00:00,2775.3314216878853,5069.54248046875,222090.4655137091,405198.9871507105,183108.5216370014,0.8244771841666412,135
2023-09-14 00:00:00,JSL,6,0.5865094008780347,0.2167276020683958,797.9681461048928,2023-05-02 00:00:00,277.9898133928839,512.2136840820312,222090.4655137091,408730.2038964957,186639.7383827866,0.8403770866573549,135
2023-09-14 00:00:00,JBMA,3,0.6646183717896175,0.22043412818392916,553.8101468127644,2023-05-02 00:00:00,400.5470418081041,751.881103515625,222090.4655137091,416399.3843237316,194308.9188100225,0.8749088726549961,135
2023-09-14 00:00:00,MAZDOCK,1,0.7336727454943338,0.17797591650750916,328.20653941786605,2023-06-22 00:00:00,597.1704363037325,1021.4678955078125,196228.01311298818,335252.44311106956,139024.42999808138,0.7084841139273578,84
2023-09-15 00:00:00,FACT,6,0.5666734805901119,0.17539403658161085,645.1920489998734,2023-05-02 00:00:00,343.81548311549045,564.9357299804688,222090.4655137091,364492.04117933783,142401.57566562874,0.6411872537447523,136
2023-09-15 00:00:00,APARINDS,2,0.7232670530198542,0.21522696333830094,79.92811751983666,2023-05-02 00:00:00,2775.3314216878853,5135.494140625,222090.4655137091,410470.3791943076,188379.91368059852,0.8482125211672822,136
2023-09-15 00:00:00,JSL,5,0.5702430526635485,0.2124936263759913,797.9681461048928,2023-05-02 00:00:00,277.9898133928839,486.1353759765625,222090.4655137091,387920.5447240226,165830.07921031353,0.746678065745588,136
2023-09-15 00:00:00,JBMA,3,0.6760141969623229,0.22020073917344188,553.8101468127644,2023-05-02 00:00:00,400.5470418081041,746.4926147460938,222090.4655137091,413415.18456717854,191324.71905346945,0.861472006963124,136
2023-09-15 00:00:00,MAZDOCK,1,0.7332200478128441,0.176684634530655,328.20653941786605,2023-06-22 00:00:00,597.1704363037325,1104.7896728515625,196228.01311298818,362599.1953112077,166371.1821982195,0.8478462354017868,85
2023-09-18 00:00:00,FACT,4,0.6069958242039069,0.18640456700345287,645.1920489998734,2023-05-02 00:00:00,343.81548311549045,544.0048217773438,222090.4655137091,350987.58562833536,128897.12011462628,0.5803811515117464,139
2023-09-18 00:00:00,APARINDS,2,0.6997802426463513,0.21267934173955805,79.92811751983666,2023-05-02 00:00:00,2775.3314216878853,5174.27490234375,222090.4655137091,413570.0524744726,191479.58696076352,0.8621693259900163,139
2023-09-18 00:00:00,JSL,9,0.512764809306221,0.19937100797916144,797.9681461048928,2023-05-02 00:00:00,277.9898133928839,482.6714782714844,222090.4655137091,385156.4646940044,163065.9991802953,0.7342323264671154,139
2023-09-18 00:00:00,JBMA,3,0.650580316872733,0.21302066295105104,553.8101468127644,2023-05-02 00:00:00,400.5470418081041,742.1018676757812,222090.4655137091,410983.5442875511,188893.078773842,0.8505231340612508,139
2023-09-18 00:00:00,MAZDOCK,1,0.7557437857981886,0.18852442032677658,328.20653941786605,2023-06-22 00:00:00,597.1704363037325,1070.1126708984375,196228.01311298818,351217.9765027859,154989.96338979775,0.789846265734518,88
2023-09-20 00:00:00,FACT,4,0.5948893576513741,0.18286113861598421,645.1920489998734,2023-05-02 00:00:00,343.81548311549045,526.7616577148438,222090.4655137091,339862.43327561,117771.96776190089,0.5302882655925233,141
2023-09-20 00:00:00,APARINDS,2,0.7282077985162593,0.2165281047768706,79.92811751983666,2023-05-02 00:00:00,2775.3314216878853,5385.91357421875,222090.4655137091,430485.93311183975,208395.46759813066,0.9383359484437973,141
2023-09-20 00:00:00,JSL,8,0.5135332975121397,0.20169905313991288,797.9681461048928,2023-05-02 00:00:00,277.9898133928839,463.3725280761719,222090.4655137091,369756.5171848802,147666.05167117112,0.664891450110703,141
2023-09-20 00:00:00,JBMA,3,0.6591687730878949,0.21553568461327133,553.8101468127644,2023-05-02 00:00:00,400.5470418081041,731.9234008789062,222090.4655137091,405346.6060964449,183256.1405827358,0.8251418635142798,141
2023-09-20 00:00:00,MAZDOCK,1,0.7502790219345707,0.18337601885396104,328.20653941786605,2023-06-22 00:00:00,597.1704363037325,1097.33544921875,196228.01311298818,360152.67036863544,163924.65725564727,0.8353784694403412,90
2023-09-21 00:00:00,FACT,8,0.5018016891224315,0.17920773854874558,645.1920489998734,2023-05-02 00:00:00,343.81548311549045,523.6221313476562,222090.4655137091,337836.83582587517,115746.37031216608,0.5211676694199254,142
2023-09-21 00:00:00,APARINDS,1,0.7809284805751134,0.22726400294967697,79.92811751983666,2023-05-02 00:00:00,2775.3314216878853,5169.77978515625,222090.4655137091,413210.7662196447,191120.3007059356,0.8605515786725128,142
2023-09-21 00:00:00,JSL,11,0.4740858650126524,0.19166214712568408,797.9681461048928,2023-05-02 00:00:00,277.9898133928839,458.3251037597656,222090.4655137091,365728.8333605128,143638.3678468037,0.6467561203699547,142
2023-09-21 00:00:00,JBMA,3,0.6376747970987066,0.21369634131628396,553.8101468127644,2023-05-02 00:00:00,400.5470418081041,720.44775390625,222090.4655137091,398991.27636174666,176900.81084803757,0.7965259131627058,142
2023-09-21 00:00:00,MAZDOCK,2,0.7476467850345357,0.18816977005960936,328.20653941786605,2023-06-22 00:00:00,597.1704363037325,1077.8802490234375,196228.01311298818,353767.3464388501,157539.33332586192,0.802838141336888,91
2023-09-22 00:00:00,FACT,11,0.4687412972787658,0.18119298711460918,645.1920489998734,2023-05-02 00:00:00,343.81548311549045,537.1533203125,222090.4655137091,346567.05135950714,124476.58584579805,0.5604769459952995,143
2023-09-22 00:00:00,APARINDS,2,0.7256131225399741,0.2222738057849787,79.92811751983666,2023-05-02 00:00:00,2775.3314216878853,5212.95654296875,222090.4655137091,416661.8031922077,194571.33767849862,0.8760904581312979,143
2023-09-22 00:00:00,JSL,9,0.49356619265493973,0.1965534291501267,797.9681461048928,2023-05-02 00:00:00,277.9898133928839,452.1890563964844,222090.4655137091,360832.46302162344,138741.99750791435,0.6247093822195179,143
2023-09-22 00:00:00,JBMA,3,0.613922519881856,0.21053950695169382,553.8101468127644,2023-05-02 00:00:00,400.5470418081041,712.5894165039062,222090.4655137091,394639.24937125045,172548.78385754136,0.7769301732896334,143
2023-09-22 00:00:00,MAZDOCK,1,0.7811624638474572,0.18944027099859156,328.20653941786605,2023-06-22 00:00:00,597.1704363037325,1074.2431640625,196228.01311298818,352573.63137025206,156345.61825726388,0.7967548352397575,92
2023-09-25 00:00:00,FACT,11,0.5058556001145513,0.185310212819451,645.1920489998734,2023-05-02 00:00:00,343.81548311549045,537.0534057617188,222090.4655137091,346502.5872857637,124412.12177205461,0.5601866855665398,146
2023-09-25 00:00:00,APARINDS,2,0.758395236882522,0.22435750129408316,79.92811751983666,2023-05-02 00:00:00,2775.3314216878853,5373.859375,222090.4655137091,429522.46366007597,207431.99814636688,0.9339977637786644,146
2023-09-25 00:00:00,JSL,9,0.5097250495852808,0.19135302706263713,797.9681461048928,2023-05-02 00:00:00,277.9898133928839,438.5313415527344,222090.4655137091,349934.041627727,127843.5761140179,0.575637390908735,146
2023-09-25 00:00:00,JBMA,3,0.6090628317052597,0.21034632746058693,553.8101468127644,2023-05-02 00:00:00,400.5470418081041,696.2990112304688,222090.4655137091,385617.4576351286,163526.9921214195,0.736308025394838,146
2023-09-25 00:00:00,MAZDOCK,1,0.8029378054888406,0.18863293136324172,328.20653941786605,2023-06-22 00:00:00,597.1704363037325,1053.4696044921875,196228.01311298818,345755.6132722889,149527.6001593007,0.762009449044376,95
2023-09-26 00:00:00,FACT,11,0.49048781075215675,0.1866312049988132,645.1920489998734,2023-05-02 00:00:00,343.81548311549045,536.5042114257812,222090.4655137091,346148.25146686105,124057.78595315196,0.558591228426662,147
2023-09-26 00:00:00,APARINDS,2,0.7864867685714698,0.23269834032770323,79.92811751983666,2023-05-02 00:00:00,2775.3314216878853,5735.630859375,222090.4655137091,458438.1773785267,236347.71186481763,1.0641956705261104,147
2023-09-26 00:00:00,JSL,14,0.4876589769195771,0.18754037213560076,797.9681461048928,2023-05-02 00:00:00,277.9898133928839,457.7807922363281,222090.4655137091,365294.4901032518,143204.02458954274,0.6448004161651105,147
2023-09-26 00:00:00,JBMA,4,0.5773466246011214,0.20747945113119484,553.8101468127644,2023-05-02 00:00:00,400.5470418081041,685.6964721679688,222090.4655137091,379745.6639203374,157655.1984066283,0.7098692780077794,147
2023-09-26 00:00:00,MAZDOCK,1,0.788134260883614,0.185650631406688,328.20653941786605,2023-06-22 00:00:00,597.1704363037325,1090.9400634765625,196228.01311298818,358053.6629459497,161825.64983296153,0.8246816918019867,96
2023-09-27 00:00:00,FACT,18,0.45370233317207714,0.18120286457962542,645.1920489998734,2023-05-02 00:00:00,343.81548311549045,531.0617065429688,222090.4655137091,342636.79058982746,120546.32507611837,0.542780280086708,148
2023-09-27 00:00:00,APARINDS,1,0.810408678832118,0.24072634159480266,79.92811751983666,2023-05-02 00:00:00,2775.3314216878853,5676.5458984375,222090.4655137091,453715.62767705927,231625.16216335018,1.0429315892854145,148
2023-09-27 00:00:00,JSL,8,0.5027322910767766,0.19302983922590874,797.9681461048928,2023-05-02 00:00:00,277.9898133928839,456.39520263671875,222090.4655137091,364188.8337391893,142098.36822548023,0.6398220108044613,148
2023-09-27 00:00:00,JBMA,6,0.5335862980879691,0.19815128534670487,553.8101468127644,2023-05-02 00:00:00,400.5470418081041,684.52392578125,222090.4655137091,379096.2958337639,157005.8303200548,0.70694538802866,148
2023-09-27 00:00:00,MAZDOCK,2,0.7863107850891395,0.18688966925295833,328.20653941786605,2023-06-22 00:00:00,597.1704363037325,1076.83056640625,196228.01311298818,353422.83373957593,157194.82062658775,0.8010824659172129,97
2023-09-28 00:00:00,APARINDS,1,0.7766359215411743,0.2911445737729115,79.92811751983666,2023-05-02 00:00:00,2775.3314216878853,5420.0009765625,222090.4655137091,433210.47501231695,211120.00949860786,0.9506036605861226,149
2023-09-28 00:00:00,JSL,11,0.4839708312491936,0.23644202055924907,797.9681461048928,2023-05-02 00:00:00,277.9898133928839,467.77667236328125,222090.4655137091,373270.8840368434,151180.41852313429,0.6807154830957941,149
2023-09-28 00:00:00,JBMA,8,0.4921998501069309,0.2444805982127297,553.8101468127644,2023-05-02 00:00:00,400.5470418081041,684.24951171875,222090.4655137091,378944.3225415233,156853.85702781423,0.7062611024971355,149
2023-09-28 00:00:00,MAZDOCK,2,0.7723031545848241,0.22793280745510983,328.20653941786605,2023-06-22 00:00:00,597.1704363037325,1066.8709716796875,196228.01311298818,350154.0296203664,153926.01650737823,0.7844242728929205,98
2023-09-29 00:00:00,APARINDS,2,0.7486828375219513,0.28246976356610015,79.92811751983666,2023-05-02 00:00:00,2775.3314216878853,5412.046875,222090.4655137091,432574.71864786476,210484.25313415568,0.9477410596951674,150
2023-09-29 00:00:00,JSL,8,0.5201208987095572,0.23986305211447703,797.9681461048928,2023-05-02 00:00:00,277.9898133928839,470.9436340332031,222090.4655137091,375798.0185693762,153707.55305566711,0.6920943350725659,150
2023-09-29 00:00:00,JBMA,7,0.5215732231783792,0.24883888555234937,553.8101468127644,2023-05-02 00:00:00,400.5470418081041,684.4739990234375,222090.4655137091,379068.6458886899,156978.18037498082,0.7068208894599798,150
2023-09-29 00:00:00,MAZDOCK,1,0.8226711786683273,0.22882829876707345,328.20653941786605,2023-06-22 00:00:00,597.1704363037325,1070.26416015625,196228.01311298818,351267.69626785157,155039.6831548634,0.7900996432430444,99
2023-10-03 00:00:00,APARINDS,2,0.7339917536129597,0.2817842972155657,79.92811751983666,2023-05-02 00:00:00,2775.3314216878853,5430.37548828125,222090.4655137091,434039.69020418415,211949.22469047506,0.9543373426690034,154
2023-10-03 00:00:00,JSL,8,0.5131550983854253,0.24363033479279103,797.9681461048928,2023-05-02 00:00:00,277.9898133928839,490.4405212402344,222090.4655137091,391355.9135087871,169265.44799507802,0.7621463965306052,154
2023-10-03 00:00:00,JBMA,14,0.4943276267771067,0.24619044682085722,553.8101468127644,2023-05-02 00:00:00,400.5470418081041,659.5767822265625,222090.4655137091,365280.31459918333,143189.84908547424,0.6447365885530799,154
2023-10-03 00:00:00,MAZDOCK,1,0.7886017622945535,0.22839492117078608,328.20653941786605,2023-06-22 00:00:00,597.1704363037325,1068.2379150390625,196228.01311298818,350602.66936992714,154374.65625693896,0.7867105914589777,103
2023-10-04 00:00:00,APARINDS,3,0.7115240259016394,0.3702994746326416,79.92811751983666,2023-05-02 00:00:00,2775.3314216878853,5277.92041015625,222090.4655137091,421854.24280331325,199763.77728960416,0.8994702984098759,155
2023-10-04 00:00:00,JSL,8,0.5326349646431965,0.3328453479307445,797.9681461048928,2023-05-02 00:00:00,277.9898133928839,491.3807067871094,222090.4655137091,392106.15162662155,170015.68611291246,0.7655244709387032,155
2023-10-04 00:00:00,MAZDOCK,2,0.7430002327900008,0.2968551774366139,328.20653941786605,2023-06-22 00:00:00,597.1704363037325,1039.3599853515625,196228.01311298818,341124.7440016403,144896.73088865212,0.7384100189875566,104
2023-10-05 00:00:00,APARINDS,3,0.717471795399791,0.3654031433628032,79.92811751983666,2023-05-02 00:00:00,2775.3314216878853,5328.4091796875,222090.4655137091,425889.715107839,203799.24959412988,0.917640697103901,156
2023-10-05 00:00:00,JSL,6,0.5622442719709768,0.3401855793971186,797.9681461048928,2023-05-02 00:00:00,277.9898133928839,474.803466796875,222090.4655137091,378878.04216407833,156787.57665036924,0.7059626638528125,156
2023-10-05 00:00:00,MAZDOCK,2,0.7639464030305952,0.29441127724007815,328.20653941786605,2023-06-22 00:00:00,597.1704363037325,1051.8096923828125,196228.01311298818,345210.8192631331,148982.80615014493,0.7592331175690016,105
2023-10-06 00:00:00,APARINDS,3,0.698743172126816,0.3700802910962821,79.92811751983666,2023-05-02 00:00:00,2775.3314216878853,5373.365234375,222090.4655137091,429482.9679301297,207392.50241642058,0.9338199275538858,157
2023-10-06 00:00:00,JSL,13,0.5077329595988563,0.33022647560467,797.9681461048928,2023-05-02 00:00:00,277.9898133928839,471.5374450683594,222090.4655137091,376271.86086023645,154181.39534652737,0.6942278903774468,157
2023-10-06 00:00:00,MAZDOCK,2,0.7545870661170522,0.29969323329904796,328.20653941786605,2023-06-22 00:00:00,597.1704363037325,1049.9300537109375,196228.01311298818,344593.909559281,148365.89644629284,0.756089276411639,106
2023-10-09 00:00:00,APARINDS,3,0.706515447904032,0.37383088515236074,79.92811751983666,2023-05-02 00:00:00,2775.3314216878853,5193.7890625,222090.4655137091,415129.7825607423,193039.3170470332,0.8691922753213256,160
2023-10-09 00:00:00,JSL,16,0.49182292329595645,0.3230534175298402,797.9681461048928,2023-05-02 00:00:00,277.9898133928839,455.4549865722656,222090.4655137091,363438.5712692996,141348.1057555905,0.636443826747103,160
2023-10-09 00:00:00,MAZDOCK,2,0.777089874870607,0.303115697317799,328.20653941786605,2023-06-22 00:00:00,597.1704363037325,1012.2398071289062,196228.01311298818,332223.7241587865,135995.71104579835,0.6930494218860177,109
2023-10-10 00:00:00,APARINDS,3,0.6618244371652802,0.36719519210551604,79.92811751983666,2023-05-02 00:00:00,2775.3314216878853,5117.70947265625,222090.4655137091,409048.88416285004,186958.41864914095,0.8418119986226985,161
2023-10-10 00:00:00,JSL,16,0.46196161415280973,0.3207897301961975,797.9681461048928,2023-05-02 00:00:00,277.9898133928839,459.2158508300781,222090.4655137091,366439.6211488584,144349.1556351493,0.6499565629765363,161
2023-10-10 00:00:00,MAZDOCK,2,0.721279251912329,0.3120150776982865,328.20653941786605,2023-06-22 00:00:00,597.1704363037325,1058.229736328125,196228.01311298818,347317.9196693348,151089.9065563466,0.7699711379605569,110
2023-10-11 00:00:00,APARINDS,3,0.6643632825671288,0.36312623567432073,79.92811751983666,2023-05-02 00:00:00,2775.3314216878853,5260.1357421875,222090.4655137091,420432.74777185573,198342.28225814665,0.8930697758652925,162
2023-10-11 00:00:00,JSL,17,0.47793910411685014,0.32821751980920677,797.9681461048928,2023-05-02 00:00:00,277.9898133928839,460.2550048828125,222090.4655137091,367268.8329818362,145178.36746812714,0.6536902299354478,162
2023-10-11 00:00:00,MAZDOCK,2,0.741102831638524,0.30865624451647244,328.20653941786605,2023-06-22 00:00:00,597.1704363037325,1051.7607421875,196228.01311298818,345194.75348892575,148966.74037593757,0.7591512445787364,111
2023-10-12 00:00:00,APARINDS,3,0.6601294606659837,0.3725812618513328,79.92811751983666,2023-05-02 00:00:00,2775.3314216878853,5416.6416015625,222090.4655137091,432941.9664925238,210851.5009788147,0.9493946554216186,163
2023-10-12 00:00:00,JSL,17,0.4626430051365153,0.3231612315688156,797.9681461048928,2023-05-02 00:00:00,277.9898133928839,460.6014099121094,222090.4655137091,367545.2531608657,145454.7876471566,0.6549348586879252,163
2023-10-12 00:00:00,MAZDOCK,2,0.6904831772294523,0.3042575065798516,328.20653941786605,2023-06-22 00:00:00,597.1704363037325,1045.3162841796875,196228.01311298818,343079.64022775786,146851.62711476968,0.7483723897780713,112
2023-10-13 00:00:00,APARINDS,3,0.6844435522318603,0.3788535582822115,79.92811751983666,2023-05-02 00:00:00,2775.3314216878853,5346.83642578125,222090.4655137091,427362.57019918715,205272.10468547806,0.9242724770316947,164
2023-10-13 00:00:00,JSL,18,0.4837424759674734,0.3219291177545658,797.9681461048928,2023-05-02 00:00:00,277.9898133928839,459.80963134765625,222090.4655137091,366913.4390876634,144822.97357395434,0.652090008632157,164
2023-10-13 00:00:00,MAZDOCK,2,0.687708985863279,0.29921732396322276,328.20653941786605,2023-06-22 00:00:00,597.1704363037325,1050.5889892578125,196228.01311298818,344810.1765148203,148582.16340183213,0.7571913971135124,113
2023-10-16 00:00:00,APARINDS,4,0.6532773327011203,0.37591255869012424,79.92811751983666,2023-05-02 00:00:00,2775.3314216878853,5430.7705078125,222090.4655137091,434071.26337170054,211980.79785799145,0.9544795062123295,167
2023-10-16 00:00:00,JSL,17,0.4877653971680197,0.3216832354784612,797.9681461048928,2023-05-02 00:00:00,277.9898133928839,462.6302795410156,222090.4655137091,369164.2264973325,147073.76098362342,0.662224560804232,167
2023-10-16 00:00:00,MAZDOCK,3,0.6861883826891038,0.3024042058314144,328.20653941786605,2023-06-22 00:00:00,597.1704363037325,1056.05712890625,196228.01311298818,346604.8557058876,150376.84259289943,0.7663372838938769,116
2023-10-17 00:00:00,APARINDS,4,0.631700100333172,0.37726886632109724,79.92811751983666,2023-05-02 00:00:00,2775.3314216878853,5352.171875,222090.4655137091,427789.02261136455,205698.55709765546,0.9261926513678194,168
2023-10-17 00:00:00,JSL,16,0.47005156311618496,0.3220376848785452,797.9681461048928,2023-05-02 00:00:00,277.9898133928839,463.1745910644531,222090.4655137091,369598.5697545935,147508.1042408844,0.6641802650090761,168
2023-10-17 00:00:00,MAZDOCK,3,0.6716468089543158,0.3006934488003575,328.20653941786605,2023-06-22 00:00:00,597.1704363037325,1051.516845703125,196228.01311298818,345114.7050678129,148886.6919548247,0.7587433088317297,117
2023-10-18 00:00:00,APARINDS,5,0.6063908901492495,0.37410739451226166,79.92811751983666,2023-05-02 00:00:00,2775.3314216878853,5226.5419921875,222090.4655137091,417747.6625739237,195657.19706021462,0.8809797242202511,169
2023-10-18 00:00:00,JSL,16,0.4696650865533147,0.32221048261755747,797.9681461048928,2023-05-02 00:00:00,277.9898133928839,458.5230407714844,222090.4655137091,365886.78079079953,143796.31527709044,0.6474673054715816,169
2023-10-18 00:00:00,MAZDOCK,3,0.6456849721886833,0.30368212287018087,328.20653941786605,2023-06-22 00:00:00,597.1704363037325,1045.4140625,196228.01311298818,343111.7317118977,146883.71859890953,0.748535931586556,118
2023-10-19 00:00:00,APARINDS,5,0.5991974854273315,0.36865203790852447,79.92811751983666,2023-05-02 00:00:00,2775.3314216878853,5241.560546875,222090.4655137091,418948.0673779643,196857.60186425524,0.886384750506562,170
2023-10-19 00:00:00,JSL,12,0.4689368782150835,0.3255558582746147,797.9681461048928,2023-05-02 00:00:00,277.9898133928839,445.36016845703125,222090.4655137091,355383.22797261993,133292.76245891085,0.6001732769148661,170
2023-10-19 00:00:00,MAZDOCK,4,0.6308988566982539,0.30579210381686095,328.20653941786605,2023-06-22 00:00:00,597.1704363037325,1039.7752685546875,196228.01311298818,341261.0426646163,145033.02955162813,0.7391046122865141,119
2023-10-20 00:00:00,APARINDS,5,0.5869694304524666,0.37075881992648935,79.92811751983666,2023-05-02 00:00:00,2775.3314216878853,5245.908203125,222090.4655137091,419295.56735765014,197205.10184394105,0.8879494281206236,171
2023-10-20 00:00:00,JSL,16,0.4395035944124896,0.3268853884839475,797.9681461048928,2023-05-02 00:00:00,277.9898133928839,464.1642761230469,222090.4655137091,370388.30690602725,148297.84139231817,0.6677361905172111,171
2023-10-20 00:00:00,MAZDOCK,4,0.6159812033581917,0.3023557915895631,328.20653941786605,2023-06-22 00:00:00,597.1704363037325,1013.4603881835938,196228.01311298818,332624.3268428245,136396.31372983634,0.6950909381694614,120
2023-10-23 00:00:00,APARINDS,4,0.5783377808937145,0.3701239119591878,79.92811751983666,2023-05-02 00:00:00,2775.3314216878853,5135.2470703125,222090.4655137091,410450.6313293344,188360.1658156253,0.8481236030548925,174
2023-10-23 00:00:00,JSL,12,0.44609570375164775,0.33458191309178903,797.9681461048928,2023-05-02 00:00:00,277.9898133928839,448.27978515625,222090.4655137091,357712.9890974324,135622.52358372332,0.6106634216377546,174
2023-10-23 00:00:00,MAZDOCK,5,0.577285809609533,0.2952941749490232,328.20653941786605,2023-06-22 00:00:00,597.1704363037325,944.9638061523438,196228.01311298818,310143.30069239595,113915.28757940777,0.5805251032828594,123
2023-10-25 00:00:00,APARINDS,4,0.5968477361235032,0.22922788780805411,79.92811751983666,2023-05-02 00:00:00,2775.3314216878853,4933.1435546875,222090.4655137091,394296.8777812873,172206.4122675782,0.7753885871203613,176
2023-10-25 00:00:00,JSL,13,0.43682021973802027,0.20055018280970136,797.9681461048928,2023-05-02 00:00:00,277.9898133928839,450.1601867675781,222090.4655137091,359213.4896851566,137123.02417144753,0.6174196801032112,176
2023-10-25 00:00:00,MAZDOCK,5,0.540682210484252,0.17318428040672576,328.20653941786605,2023-06-22 00:00:00,597.1704363037325,905.6868896484375,196228.01311298818,297252.3598476444,101024.34673465622,0.5148314205091928,125
2023-10-25 00:00:00,SUZLON,1,0.8096148246982408,0.1985188244877594,11078.32201279108,2023-10-25 00:00:00,32.099998474121094,31.899999618530273,356036.4594115177,353398.467981991,-2637.991429526708,-0.007409329465546779,0
2023-10-25 00:00:00,ITI,2,0.6333357461795868,0.1985188244877594,1321.7399585242028,2023-10-25 00:00:00,269.04998779296875,264.3500061035156,356036.4594115177,349401.9661031335,-6634.493308384204,-0.01863430874284663,0
2023-10-26 00:00:00,APARINDS,4,0.555439255473895,0.22488981408844005,79.92811751983666,2023-05-02 00:00:00,2775.3314216878853,5103.6298828125,222090.4655137091,407923.5290511877,185833.0635374786,0.8367448963089664,177
2023-10-26 00:00:00,JSL,9,0.445252386562138,0.20672146918085554,797.9681461048928,2023-05-02 00:00:00,277.9898133928839,440.8570861816406,222090.4655137091,351789.9117575687,129699.44624385962,0.5839937610282221,177
2023-10-26 00:00:00,MAZDOCK,6,0.5081608085943821,0.16943116749436962,328.20653941786605,2023-06-22 00:00:00,597.1704363037325,926.89990234375,196228.01311298818,304214.60933500016,107986.59622201198,0.5503118260685504,126
2023-10-26 00:00:00,SUZLON,1,0.8076833189855441,0.19916535127099008,11078.32201279108,2023-10-25 00:00:00,32.099998474121094,31.399999618530273,356036.4594115177,347859.3069755955,-8177.1524359222385,-0.02296717715213216,1
2023-10-26 00:00:00,ITI,2,0.6512021524269546,0.1997921979653447,1321.7399585242028,2023-10-25 00:00:00,269.04998779296875,269.25,356036.4594115177,355878.4838326416,-157.97557887609582,-0.00044370618429699323,1
2023-10-27 00:00:00,APARINDS,4,0.5831000111914991,0.22911907719044636,79.92811751983666,2023-05-02 00:00:00,2775.3314216878853,4960.26513671875,222090.4655137091,396464.6547772049,174374.18926349582,0.7851493708212888,178
2023-10-27 00:00:00,JSL,10,0.4338854323641739,0.19906528837388707,797.9681461048928,2023-05-02 00:00:00,277.9898133928839,446.2630310058594,222090.4655137091,356103.6835268959,134013.2180131868,0.6034172502777455,178
2023-10-27 00:00:00,MAZDOCK,5,0.5415503974437874,0.17200704356485913,328.20653941786605,2023-06-22 00:00:00,597.1704363037325,1003.7205200195312,196228.01311298818,329427.6384183113,133199.62530532313,0.6788002548271572,127
2023-10-27 00:00:00,SUZLON,1,0.8114724275263507,0.19817233851295218,11078.32201279108,2023-10-25 00:00:00,32.099998474121094,32.099998474121094,356036.4594115177,355614.1197064158,-422.33970510191284,-0.0011862260000000725,2
2023-10-27 00:00:00,ITI,2,0.6704914774679748,0.20163625235785526,1321.7399585242028,2023-10-25 00:00:00,269.04998779296875,272.6499938964844,356036.4594115177,360372.39162436343,4335.932212845713,0.012178337634332308,2
2023-10-30 00:00:00,GOLDBEES,0,0.0,1.0,34450.13435180171,2023-10-30 00:00:00,52.29999923706055,52.02000045776367,1803881.811821973,1792096.004750745,-11785.807071228046,-0.006533580522841482,0
2023-10-31 00:00:00,GOLDBEES,0,0.0,1.0,34450.13435180171,2023-10-30 00:00:00,52.29999923706055,52.060001373291016,1803881.811821973,1793474.041664857,-10407.770157116,-0.005769651918937998,1
2023-11-01 00:00:00,GOLDBEES,0,0.0,1.0,34450.13435180171,2023-10-30 00:00:00,52.29999923706055,51.7599983215332,1803881.811821973,1783138.8962258499,-20742.915596123086,-0.011499043595972699,2
2023-11-02 00:00:00,GOLDBEES,0,0.0,1.0,34450.13435180171,2023-10-30 00:00:00,52.29999923706055,51.849998474121094,1803881.811821973,1786239.4135741852,-17642.39824778773,-0.009780240663310638,3
2023-11-03 00:00:00,GOLDBEES,0,0.0,1.0,34450.13435180171,2023-10-30 00:00:00,52.29999923706055,51.79999923706055,1803881.811821973,1784516.933139962,-19364.87868201104,-0.010735114992069215,4
2023-11-06 00:00:00,GOLDBEES,0,0.0,1.0,34450.13435180171,2023-10-30 00:00:00,52.29999923706055,51.75,1803881.811821973,1782794.4527057384,-21087.359116234584,-0.01168998932082792,7
2023-11-07 00:00:00,GOLDBEES,0,0.0,1.0,34450.13435180171,2023-10-30 00:00:00,52.29999923706055,51.36000061035156,1803881.811821973,1769358.9213352292,-34522.89048674377,-0.019138111078283254,8
2023-11-08 00:00:00,GOLDBEES,0,0.0,1.0,34450.13435180171,2023-10-30 00:00:00,52.29999923706055,51.400001525878906,1803881.811821973,1770736.9582493412,-33144.85357263172,-0.01837418247437977,9
2023-11-09 00:00:00,GOLDBEES,0,0.0,1.0,34450.13435180171,2023-10-30 00:00:00,52.29999923706055,50.939998626708984,1803881.811821973,1754889.796570719,-48992.015251253964,-0.027159215714787105,10
2023-11-10 00:00:00,GOLDBEES,0,0.0,1.0,34450.13435180171,2023-10-30 00:00:00,52.29999923706055,51.310001373291016,1803881.811821973,1767636.4409010056,-36245.37092096731,-0.02009298540704196,11
2023-11-13 00:00:00,GOLDBEES,0,0.0,1.0,34450.13435180171,2023-10-30 00:00:00,52.29999923706055,50.93000030517578,1803881.811821973,1754545.3530506077,-49336.45877136523,-0.0273501614396422,14
2023-11-15 00:00:00,GOLDBEES,0,0.0,1.0,34450.13435180171,2023-10-30 00:00:00,52.29999923706055,51.459999084472656,1803881.811821973,1772803.882203676,-31077.929618296912,-0.01722836242076597,16
2023-11-16 00:00:00,GOLDBEES,0,0.0,1.0,34450.13435180171,2023-10-30 00:00:00,52.29999923706055,51.38999938964844,1803881.811821973,1770392.3833123965,-33489.42850957648,-0.018565201051476417,17
2023-11-17 00:00:00,GOLDBEES,0,0.0,1.0,34450.13435180171,2023-10-30 00:00:00,52.29999923706055,51.86000061035156,1803881.811821973,1786583.98851113,-17297.82331084297,-0.009589222086213989,18
2023-11-20 00:00:00,GOLDBEES,0,0.0,1.0,34450.13435180171,2023-10-30 00:00:00,52.29999923706055,51.65999984741211,1803881.811821973,1779693.935357403,-24187.87646456994,-0.01340879225348998,21
2023-11-21 00:00:00,GOLDBEES,0,0.0,1.0,34450.13435180171,2023-10-30 00:00:00,52.29999923706055,51.880001068115234,1803881.811821973,1787273.006968186,-16608.804853786947,-0.009207257784262247,22
2023-11-22 00:00:00,GOLDBEES,0,0.0,1.0,34450.13435180171,2023-10-30 00:00:00,52.29999923706055,52.16999816894531,1803881.811821973,1797263.446053415,-6618.36576855788,-0.003668957536565624,23
2023-11-23 00:00:00,GOLDBEES,0,0.0,1.0,34450.13435180171,2023-10-30 00:00:00,52.29999923706055,52.02000045776367,1803881.811821973,1792096.004750745,-11785.807071228046,-0.006533580522841482,24
2023-11-24 00:00:00,GOLDBEES,0,0.0,1.0,34450.13435180171,2023-10-30 00:00:00,52.29999923706055,52.150001525878906,1803881.811821973,1796574.5590131925,-7307.252808780409,-0.004050848986275809,25
2023-11-28 00:00:00,GOLDBEES,0,0.0,1.0,34450.13435180171,2023-10-30 00:00:00,52.29999923706055,52.29999923706055,1803881.811821973,1801742.0003158627,-2139.8115061102435,-0.001186225999999951,29
2023-11-29 00:00:00,GOLDBEES,0,0.0,1.0,34450.13435180171,2023-10-30 00:00:00,52.29999923706055,53.04999923706055,1803881.811821973,1827579.601079714,23697.789257741068,0.013137107488104009,30
2023-11-30 00:00:00,GOLDBEES,0,0.0,1.0,34450.13435180171,2023-10-30 00:00:00,52.29999923706055,53.150001525878906,1803881.811821973,1831024.6933649941,27142.881543021183,0.015046928997862717,31
2023-12-01 00:00:00,GOLDBEES,0,0.0,1.0,34450.13435180171,2023-10-30 00:00:00,52.29999923706055,53.290000915527344,1803881.811821973,1835847.691147553,31965.879325580085,0.017720606259283483,32
2023-12-04 00:00:00,SUZLON,1,0.8220905239229785,0.2,9113.199074043707,2023-12-04 00:00:00,41.0,40.099998474121094,374084.91128376446,365439.2689635144,-8645.642320250045,-0.02311144357728943,0
2023-12-04 00:00:00,KALYANKJIL,2,0.620244193456986,0.2,1104.6308731707072,2023-12-04 00:00:00,338.2497910485707,334.369873046875,374084.91128376446,369355.28482574807,-4729.626458016399,-0.012643189595072202,0
2023-12-04 00:00:00,ITI,3,0.5669094406481627,0.2,1363.6538760430365,2023-12-04 00:00:00,274.0,274.6499938964844,374084.91128376446,374527.52873213723,442.6174483727664,0.0011832004847611086,0
2023-12-04 00:00:00,FACT,4,0.5296024696989045,0.2,507.06132942842385,2023-12-04 00:00:00,736.8756802199302,748.2098999023438,374084.91128376446,379388.3065359903,5303.395252225862,0.01417698253058632,0
2023-12-04 00:00:00,MAZDOCK,5,0.5094476728120764,0.2,372.2346285630194,2023-12-04 00:00:00,1003.7786207000739,993.9622802734375,374084.91128376446,369987.1802032348,-4097.7310805296875,-0.010954013265243217,0
2023-12-05 00:00:00,SUZLON,1,0.8120851137656415,0.19758876205525244,9113.199074043707,2023-12-04 00:00:00,41.0,39.650001525878906,374084.91128376446,361338.3571914712,-12746.554092293256,-0.03407395943490561,1
2023-12-05 00:00:00,KALYANKJIL,2,0.6348681700930723,0.19885149543777808,1104.6308731707072,2023-12-04 00:00:00,338.2497910485707,335.4144592285156,374084.91128376446,370509.1669716758,-3575.7443120886455,-0.009558643517103105,1
2023-12-05 00:00:00,ITI,3,0.5961990471889471,0.20050264431756767,1363.6538760430365,2023-12-04 00:00:00,274.0,272.1000061035156,374084.91128376446,371050.227994393,-3034.683289371489,-0.008112284665417876,1
2023-12-05 00:00:00,FACT,4,0.5444782181857167,0.2040536147148278,507.06132942842385,2023-12-04 00:00:00,736.8756802199302,738.173828125,374084.91128376446,374299.40263833135,214.49135456688236,0.0005733761188891647,1
2023-12-05 00:00:00,MAZDOCK,5,0.5181213747799248,0.19900348347457408,372.2346285630194,2023-12-04 00:00:00,1003.7786207000739,984.7363891601562,374084.91128376446,366552.98405151966,-7531.927232244809,-0.02013427167216434,1
2023-12-06 00:00:00,SUZLON,1,0.8286073665320075,0.1945935368616738,9113.199074043707,2023-12-04 00:00:00,41.0,38.95000076293945,374084.91128376446,354959.1108868215,-19125.80039694294,-0.05112689611379419,2
2023-12-06 00:00:00,KALYANKJIL,2,0.6142908114222889,0.2005870898201888,1104.6308731707072,2023-12-04 00:00:00,338.2497910485707,326.1623229980469,374084.91128376446,360288.97164871875,-13795.93963504571,-0.03687916625052196,2
2023-12-06 00:00:00,ITI,3,0.5873092214663854,0.20194631560059706,1363.6538760430365,2023-12-04 00:00:00,274.0,271.45001220703125,374084.91128376446,370163.8612980477,-3921.0499857167597,-0.01048171115017901,2
2023-12-06 00:00:00,FACT,5,0.5421902251110339,0.20377607659365293,507.06132942842385,2023-12-04 00:00:00,736.8756802199302,811.9712524414062,374084.91128376446,411719.22272060177,37634.311436837306,0.10060366056381666,2
2023-12-06 00:00:00,MAZDOCK,7,0.5102459205832129,0.19909698112388738,372.2346285630194,2023-12-04 00:00:00,1003.7786207000739,1040.4854736328125,374084.91128376446,387304.72380292724,13219.812519162777,0.0353390690733709,2
2023-12-07 00:00:00,SUZLON,1,0.822819082652879,0.18615389233395904,9113.199074043707,2023-12-04 00:00:00,41.0,39.04999923706055,374084.91128376446,355870.41688858764,-18214.494395176822,-0.04869080213010811,3
2023-12-07 00:00:00,KALYANKJIL,4,0.592632756130486,0.18961186933280433,1104.6308731707072,2023-12-04 00:00:00,338.2497910485707,320.24298095703125,374084.91128376446,353750.2836813556,-20334.627602408873,-0.054358320769008275,3
2023-12-07 00:00:00,ITI,5,0.5915503166722721,0.20024236969857492,1363.6538760430365,2023-12-04 00:00:00,274.0,300.1000061035156,374084.91128376446,409232.53652359796,35147.62523983349,0.09395627618129734,3
2023-12-07 00:00:00,FACT,3,0.6112196139333016,0.2204088667034326,507.06132942842385,2023-12-04 00:00:00,736.8756802199302,780.8145751953125,374084.91128376446,395920.8765356252,21835.965251860733,0.058371681383580114,3
2023-12-07 00:00:00,MAZDOCK,6,0.5364598632297272,0.20358300193122905,372.2346285630194,2023-12-04 00:00:00,1003.7786207000739,1023.5098266601562,374084.91128376446,380985.8001574436,6900.888873679156,0.018447386316644145,3
2023-12-08 00:00:00,SUZLON,1,0.8272281836061698,0.18909644623581337,9113.199074043707,2023-12-04 00:00:00,41.0,38.75,374084.91128376446,353136.4641191936,-20948.447164570855,-0.05599917701219517,4
2023-12-08 00:00:00,KALYANKJIL,4,0.5921327062535242,0.1853591917690565,1104.6308731707072,2023-12-04 00:00:00,338.2497910485707,321.9342346191406,374084.91128376446,355618.4946908846,-18466.41659287986,-0.04936423800015832,4
2023-12-08 00:00:00,ITI,2,0.6462936130943394,0.21650310054057625,1363.6538760430365,2023-12-04 00:00:00,274.0,294.29998779296875,374084.91128376446,401323.31907330017,27238.407789535704,0.07281343611550758,4
2023-12-08 00:00:00,FACT,5,0.5695835710189342,0.20833143827210487,507.06132942842385,2023-12-04 00:00:00,736.8756802199302,757.1474609375,374084.91128376446,383920.1981163244,9835.286832559912,0.02629158925124166,4
2023-12-08 00:00:00,MAZDOCK,10,0.48436303059157565,0.20070982318244898,372.2346285630194,2023-12-04 00:00:00,1003.7786207000739,1013.2998046875,374084.91128376446,377185.2764208317,3100.365137067216,0.008287864716135034,4
2023-12-11 00:00:00,SUZLON,1,0.8321283194593841,0.1871411318547028,9113.199074043707,2023-12-04 00:00:00,41.0,39.20000076293945,374084.91128376446,357237.41065533244,-16847.500628432026,-0.045036568223550316,7
2023-12-11 00:00:00,KALYANKJIL,3,0.6328427402878849,0.18872650265029633,1104.6308731707072,2023-12-04 00:00:00,338.2497910485707,316.61175537109375,374084.91128376446,349739.11979168165,-24345.79149208282,-0.06508092349550866,7
2023-12-11 00:00:00,ITI,2,0.6640427494949165,0.21292272792934774,1363.6538760430365,2023-12-04 00:00:00,274.0,298.79998779296875,374084.91128376446,407459.7615154938,33374.85023172933,0.08921731196587245,7
2023-12-11 00:00:00,FACT,5,0.562181524786163,0.2035465575088862,507.06132942842385,2023-12-04 00:00:00,736.8756802199302,784.958740234375,374084.91128376446,398022.222369703,23937.311085938534,0.06398897780664758,7
2023-12-11 00:00:00,MAZDOCK,11,0.4849879997445719,0.2076630800567669,372.2346285630194,2023-12-04 00:00:00,1003.7786207000739,1042.0355224609375,374084.91128376446,387881.7056527189,13796.794368954434,0.036881451116558904,7
2023-12-12 00:00:00,SUZLON,1,0.8060579766072805,0.18850029517336633,9113.199074043707,2023-12-04 00:00:00,41.0,38.5,374084.91128376446,350858.1643506827,-23226.74693308177,-0.062089504902439044,8
2023-12-12 00:00:00,KALYANKJIL,3,0.6517102818289353,0.18412045030679458,1104.6308731707072,2023-12-04 00:00:00,338.2497910485707,313.3287658691406,374084.91128376446,346112.6282315289,-27972.28305223555,-0.07477522404269601,8
2023-12-12 00:00:00,ITI,2,0.6846368417314237,0.21390332678963955,1363.6538760430365,2023-12-04 00:00:00,274.0,300.54998779296875,374084.91128376446,409846.15579856915,35761.24451480468,0.09559659701879225,8
2023-12-12 00:00:00,FACT,4,0.5937741198335866,0.20947313850819949,507.06132942842385,2023-12-04 00:00:00,736.8756802199302,799.6383666992188,374084.91128376446,405465.69328047935,31380.781996714883,0.08388678893522865,8
2023-12-12 00:00:00,MAZDOCK,9,0.5218842070084527,0.20400278922200005,372.2346285630194,2023-12-04 00:00:00,1003.7786207000739,1020.360595703125,374084.91128376446,379813.54734189395,5728.636058129487,0.015313731950508941,8
2023-12-13 00:00:00,SUZLON,1,0.8239348256110076,0.18511613779520178,9113.199074043707,2023-12-04 00:00:00,41.0,38.20000076293945,374084.91128376446,348124.2115812887,-25960.699702475744,-0.06939787978452595,9
2023-12-13 00:00:00,KALYANKJIL,3,0.6456391805803112,0.18306455395086396,1104.6308731707072,2023-12-04 00:00:00,338.2497910485707,318.0543212890625,374084.91128376446,351332.62264125375,-22752.288642510714,-0.06082118780046657,9
2023-12-13 00:00:00,ITI,2,0.7053813927317315,0.21736496806275293,1363.6538760430365,2023-12-04 00:00:00,274.0,302.8500061035156,374084.91128376446,412982.58468271635,38897.67339895188,0.10398086697874272,9
2023-12-13 00:00:00,FACT,4,0.6292669146592189,0.213972934802159,507.06132942842385,2023-12-04 00:00:00,736.8756802199302,791.9490356445312,374084.91128376446,401566.73085347423,27481.81956970977,0.0734641220235244,9
2023-12-13 00:00:00,MAZDOCK,10,0.5177091391270336,0.20048140538902234,372.2346285630194,2023-12-04 00:00:00,1003.7786207000739,1021.3941650390625,374084.91128376446,380198.27763975074,6113.366355986276,0.016342189090190123,9
2023-12-14 00:00:00,SUZLON,1,0.7945360340666976,0.18254342614675767,9113.199074043707,2023-12-04 00:00:00,41.0,37.349998474121094,374084.91128376446,340377.97150989424,-33706.939773870225,-0.09010505036997232,10
2023-12-14 00:00:00,KALYANKJIL,3,0.6573519099959438,0.18598332386977476,1104.6308731707072,2023-12-04 00:00:00,338.2497910485707,322.5311279296875,374084.91128376446,356277.84146970377,-17807.0698140607,-0.04760167886202989,10
2023-12-14 00:00:00,ITI,2,0.7172500822777212,0.21916267807336326,1363.6538760430365,2023-12-04 00:00:00,274.0,304.45001220703125,374084.91128376446,415164.43920746795,41079.527923703485,0.10981337841916418,10
2023-12-14 00:00:00,FACT,4,0.6167342930327288,0.2119739228925253,507.06132942842385,2023-12-04 00:00:00,736.8756802199302,778.0183715820312,374084.91128376446,394503.02981412224,20418.11853035778,0.05458150787287298,10
2023-12-14 00:00:00,MAZDOCK,12,0.5087146501379566,0.20033664901757905,372.2346285630194,2023-12-04 00:00:00,1003.7786207000739,1019.8685913085938,374084.91128376446,379630.4062688442,5545.494985079742,0.014824161086981591,10
2023-12-15 00:00:00,SUZLON,1,0.7619503551144542,0.17915608200843516,9113.199074043707,2023-12-04 00:00:00,41.0,38.54999923706055,374084.91128376446,351313.81735156575,-22771.09393219871,-0.060871457910596005,11
2023-12-15 00:00:00,KALYANKJIL,3,0.6813305765942032,0.18896362232551878,1104.6308731707072,2023-12-04 00:00:00,338.2497910485707,314.57232666015625,374084.91128376446,347486.30387394933,-26598.60740981513,-0.07110312821368672,11
2023-12-15 00:00:00,ITI,2,0.7217808156081595,0.22100451557908124,1363.6538760430365,2023-12-04 00:00:00,274.0,302.54998779296875,374084.91128376446,412573.46355065523,38488.552266890765,0.10288720850784337,11
2023-12-15 00:00:00,FACT,4,0.6101282967576042,0.20915049195012897,507.06132942842385,2023-12-04 00:00:00,736.8756802199302,799.9379272460938,374084.91128376446,405617.5888496221,31532.67756585765,0.08429283463384157,11
2023-12-15 00:00:00,MAZDOCK,13,0.501965724786478,0.20172528813683582,372.2346285630194,2023-12-04 00:00:00,1003.7786207000739,1024.8629150390625,374084.91128376446,381489.46650757873,7404.55522381427,0.019793782107927625,11
2023-12-18 00:00:00,SUZLON,1,0.8502831561014178,0.18393329066099545,9113.199074043707,2023-12-04 00:00:00,41.0,37.849998474121094,374084.91128376446,344934.57104691607,-29150.340236848395,-0.07792439458948458,14
2023-12-18 00:00:00,KALYANKJIL,4,0.6962721441835511,0.18224961804755271,1104.6308731707072,2023-12-04 00:00:00,338.2497910485707,315.1194763183594,374084.91128376446,348090.7022786453,-25994.209005119163,-0.06948745651331842,14
2023-12-18 00:00:00,ITI,2,0.7379455912367173,0.21442974640400353,1363.6538760430365,2023-12-04 00:00:00,274.0,299.1000061035156,374084.91128376446,407868.882647555,33783.97136379051,0.09031097043677194,14
2023-12-18 00:00:00,FACT,3,0.6976211055990732,0.21208601677499464,507.06132942842385,2023-12-04 00:00:00,736.8756802199302,806.3291015625,374084.91128376446,408858.30619510787,34773.39491134341,0.09295588745349269,14
2023-12-18 00:00:00,MAZDOCK,13,0.5437898604124514,0.20730132811245366,372.2346285630194,2023-12-04 00:00:00,1003.7786207000739,1046.488525390625,374084.91128376446,389539.26754424116,15454.356260476692,0.041312428794417995,14
2023-12-19 00:00:00,SUZLON,1,0.8797647888275517,0.18093801779230523,9113.199074043707,2023-12-04 00:00:00,41.0,37.5,374084.91128376446,341744.965276639,-32339.946007125487,-0.08645081646341468,15
2023-12-19 00:00:00,KALYANKJIL,2,0.719590897723482,0.18340063513019841,1104.6308731707072,2023-12-04 00:00:00,338.2497910485707,313.77642822265625,374084.91128376446,346607.1298879785,-27477.781395785976,-0.07345332721784796,15
2023-12-19 00:00:00,ITI,3,0.6962471062208527,0.21523824127243965,1363.6538760430365,2023-12-04 00:00:00,274.0,296.8999938964844,374084.91128376446,404868.8274740948,30783.916190330347,0.0822912533004546,15
2023-12-19 00:00:00,FACT,5,0.6551181626446707,0.21538605328597274,507.06132942842385,2023-12-04 00:00:00,736.8756802199302,806.4788208007812,374084.91128376446,408934.22303111176,34849.311747347296,0.09315882757140165,15
2023-12-19 00:00:00,MAZDOCK,13,0.5545477928055971,0.20503705251908402,372.2346285630194,2023-12-04 00:00:00,1003.7786207000739,1052.9586181640625,374084.91128376446,391947.66012452997,17862.748840765504,0.04775051947287872,15
2023-12-20 00:00:00,SUZLON,1,0.8651785435694225,0.18146660048451307,9113.199074043707,2023-12-04 00:00:00,41.0,35.650001525878906,374084.91128376446,324885.5608952964,-49199.35038846807,-0.131519205678808,16
2023-12-20 00:00:00,KALYANKJIL,2,0.7260320217322704,0.1824812238947359,1104.6308731707072,2023-12-04 00:00:00,338.2497910485707,320.5911560058594,374084.91128376446,354134.88858955883,-19950.022694205632,-0.05333019881968032,16
2023-12-20 00:00:00,ITI,3,0.7067832003345876,0.21321792160876032,1363.6538760430365,2023-12-04 00:00:00,274.0,282.6499938964844,374084.91128376446,385436.7597404815,11351.848456717038,0.030345646440965435,16
2023-12-20 00:00:00,FACT,4,0.6613517329691347,0.21592980633350195,507.06132942842385,2023-12-04 00:00:00,736.8756802199302,751.6550903320312,374084.91128376446,381135.2293754018,7050.3180916373385,0.018846838990224,16
2023-12-20 00:00:00,MAZDOCK,13,0.5592398357891202,0.20690444767848878,372.2346285630194,2023-12-04 00:00:00,1003.7786207000739,1006.8538818359375,374084.91128376446,374785.8807224344,700.969438669912,0.00187382441131978,16
2023-12-21 00:00:00,SUZLON,1,0.8418546969410023,0.17264950116136116,9113.199074043707,2023-12-04 00:00:00,41.0,37.099998474121094,374084.91128376446,338099.67174138327,-35985.2395423812,-0.09619537826021635,17
2023-12-21 00:00:00,KALYANKJIL,2,0.7324817208959049,0.19365774908342986,1104.6308731707072,2023-12-04 00:00:00,338.2497910485707,325.51568603515625,374084.91128376446,359574.67649577645,-14510.23478798801,-0.03878861282641037,17
2023-12-21 00:00:00,ITI,3,0.7057946126394264,0.21288913227347556,1363.6538760430365,2023-12-04 00:00:00,274.0,290.8500061035156,374084.91128376446,396618.7381701999,22533.826886435447,0.06023719804443615,17
2023-12-21 00:00:00,FACT,6,0.6312809062063572,0.20835975184333239,507.06132942842385,2023-12-04 00:00:00,736.8756802199302,786.1571655273438,374084.91128376446,398629.8974919764,24544.98620821192,0.06561340879529132,17
2023-12-21 00:00:00,MAZDOCK,15,0.5301581610118783,0.21244386563840098,372.2346285630194,2023-12-04 00:00:00,1003.7786207000739,1043.634521484375,374084.91128376446,388476.9084602808,14391.997176516335,0.03847254123970586,17
2023-12-22 00:00:00,SUZLON,1,0.8393087464135429,0.18018745222819949,9113.199074043707,2023-12-04 00:00:00,41.0,37.25,374084.91128376446,339466.66550812806,-34618.2457756364,-0.09254114435365855,18
2023-12-22 00:00:00,KALYANKJIL,3,0.7000795425032799,0.19121068761466498,1104.6308731707072,2023-12-04 00:00:00,338.2497910485707,331.98223876953125,374084.91128376446,366717.8302891535,-7367.080994610966,-0.01969360637757084,18
2023-12-22 00:00:00,ITI,2,0.708527434005365,0.2112410629555949,1363.6538760430365,2023-12-04 00:00:00,274.0,304.5,374084.91128376446,415232.6052551046,41147.69397134014,0.10999559920802926,18
2023-12-22 00:00:00,FACT,5,0.6456640849734667,0.21118160118704138,507.06132942842385,2023-12-04 00:00:00,736.8756802199302,793.546875,374084.91128376446,402376.9334012713,28292.02211750683,0.0756299472769853,18
2023-12-22 00:00:00,MAZDOCK,14,0.5363803679461023,0.20617919601449924,372.2346285630194,2023-12-04 00:00:00,1003.7786207000739,1043.831298828125,374084.91128376446,388550.1558017412,14465.24451797671,0.038668345291809986,18
2023-12-26 00:00:00,SUZLON,1,0.8211702378413047,0.2221426413485826,9113.199074043707,2023-12-04 00:00:00,41.0,36.900001525878906,374084.91128376446,336277.059737851,-37807.851545913436,-0.1010675662275885,22
2023-12-26 00:00:00,KALYANKJIL,3,0.7301758978132181,0.24148560645532674,1104.6308731707072,2023-12-04 00:00:00,338.2497910485707,341.53277587890625,374084.91128376446,377267.64843553165,3182.7371517671854,0.0085080607524234,22
2023-12-26 00:00:00,ITI,2,0.736925028277355,0.2730614391181421,1363.6538760430365,2023-12-04 00:00:00,274.0,303.0,374084.91128376446,413187.12444104004,39102.213157275575,0.10452764059124092,22
2023-12-26 00:00:00,FACT,7,0.6181203984292306,0.26331031307794855,507.06132942842385,2023-12-04 00:00:00,736.8756802199302,799.6882934570312,374084.91128376446,405491.0092086698,31406.097924905363,0.08395446321833085,22
2023-12-27 00:00:00,SUZLON,1,0.8168615400609579,0.22001772133472955,9113.199074043707,2023-12-04 00:00:00,41.0,37.04999923706055,374084.91128376446,337644.0187405002,-36440.89254326426,-0.09741342525205939,23
2023-12-27 00:00:00,KALYANKJIL,3,0.7381800458755263,0.2461103563298435,1104.6308731707072,2023-12-04 00:00:00,338.2497910485707,350.3372497558594,374084.91128376446,386993.3421020391,12908.430818274617,0.034506686660994046,23
2023-12-27 00:00:00,ITI,2,0.7442725026719796,0.27008692474960855,1363.6538760430365,2023-12-04 00:00:00,274.0,300.79998779296875,374084.91128376446,410187.0692675799,36102.157983815414,0.09650792345492357,23
2023-12-27 00:00:00,FACT,7,0.6197282405991321,0.26378499758581847,507.06132942842385,2023-12-04 00:00:00,736.8756802199302,802.6342163085938,374084.91128376446,406984.77276617667,32899.861482412205,0.08794757684694694,23
2023-12-28 00:00:00,SUZLON,1,0.8086317590049322,0.21852271818163357,9113.199074043707,2023-12-04 00:00:00,41.0,38.150001525878906,374084.91128376446,347668.55858040566,-26416.352703358803,-0.07061592677636899,24
2023-12-28 00:00:00,KALYANKJIL,2,0.7411267600062524,0.25147044118241657,1104.6308731707072,2023-12-04 00:00:00,338.2497910485707,343.6717529296875,374084.91128376446,379630.42852282827,5545.517239063804,0.014824220576106628,24
2023-12-28 00:00:00,ITI,3,0.6844212851539183,0.26637975183356705,1363.6538760430365,2023-12-04 00:00:00,274.0,301.3500061035156,374084.91128376446,410937.1038686518,36852.19258488732,0.09851290836195438,24
2023-12-28 00:00:00,FACT,6,0.5841379562054276,0.26362708880238284,507.06132942842385,2023-12-04 00:00:00,736.8756802199302,807.5274047851562,374084.91128376446,409465.91942024627,35381.0081364818,0.09458015297934141,24
2023-12-29 00:00:00,SUZLON,1,0.8381774488684628,0.22559925246832996,9113.199074043707,2023-12-04 00:00:00,41.0,38.20000076293945,374084.91128376446,348124.2115812887,-25960.699702475744,-0.06939787978452595,25
2023-12-29 00:00:00,KALYANKJIL,2,0.7537787318029012,0.2446298378017507,1104.6308731707072,2023-12-04 00:00:00,338.2497910485707,352.2772216796875,374084.91128376446,389136.294982184,15051.383698419551,0.04023520661864448,25
2023-12-29 00:00:00,ITI,3,0.6995340107626289,0.26546308688646775,1363.6538760430365,2023-12-04 00:00:00,274.0,304.54998779296875,374084.91128376446,415300.77130274125,41215.86001897679,0.11017781999689434,25
2023-12-29 00:00:00,FACT,7,0.5986860865317503,0.2643078228434515,507.06132942842385,2023-12-04 00:00:00,736.8756802199302,804.681396484375,374084.91128376446,408022.8186676878,33937.90738392336,0.09072247064832707,25
2024-01-01 00:00:00,SUZLON,1,0.8301131889730766,0.224090398936,9113.199074043707,2023-12-04 00:00:00,41.0,38.5,374084.91128376446,350858.1643506827,-23226.74693308177,-0.062089504902439044,28
2024-01-01 00:00:00,KALYANKJIL,2,0.7490832514643627,0.2492753218449177,1104.6308731707072,2023-12-04 00:00:00,338.2497910485707,360.43499755859375,374084.91128376446,398147.6260744311,24062.71479066665,0.0643242057213415,28
2024-01-01 00:00:00,ITI,3,0.7159148437371872,0.26603327506964336,1363.6538760430365,2023-12-04 00:00:00,274.0,307.25,374084.91128376446,418982.65341422294,44897.74213045847,0.12002019000547447,28
2024-01-01 00:00:00,FACT,8,0.5831848389741474,0.26060100414943893,507.06132942842385,2023-12-04 00:00:00,736.8756802199302,820.3595581054688,374084.91128376446,415972.6081422733,41887.69685850886,0.111973767438951,28
2024-01-02 00:00:00,SUZLON,1,0.8226190079375724,0.22130693749807998,9113.199074043707,2023-12-04 00:00:00,41.0,38.25,374084.91128376446,348579.8645821718,-25505.046701592684,-0.06817983279268292,29
2024-01-02 00:00:00,KALYANKJIL,2,0.7267106153182348,0.24980284687105136,1104.6308731707072,2023-12-04 00:00:00,338.2497910485707,360.83294677734375,374084.91128376446,398587.21306741657,24502.301783652103,0.06549930522342219,29
2024-01-02 00:00:00,ITI,3,0.6937429209656387,0.2661201365931859,1363.6538760430365,2023-12-04 00:00:00,274.0,311.20001220703125,374084.91128376446,424369.10287075845,50284.191586993984,0.13441919219471163,29
2024-01-02 00:00:00,FACT,7,0.560650670129882,0.26277007903768274,507.06132942842385,2023-12-04 00:00:00,736.8756802199302,819.7105102539062,374084.91128376446,415643.50107579737,41558.5897920329,0.1110940017586231,29
2024-01-03 00:00:00,SUZLON,1,0.7974498907961433,0.21912835167742842,9113.199074043707,2023-12-04 00:00:00,41.0,37.79999923706055,374084.91128376446,344478.918046033,-29605.993237731454,-0.07914244158132762,30
2024-01-03 00:00:00,KALYANKJIL,2,0.7057187691993543,0.2508063321114899,1104.6308731707072,2023-12-04 00:00:00,338.2497910485707,357.7489013671875,374084.91128376446,395180.48129309755,21095.57000933308,0.05639246431228258,30
2024-01-03 00:00:00,ITI,3,0.6811137025979778,0.2674576475032359,1363.6538760430365,2023-12-04 00:00:00,274.0,311.79998779296875,374084.91128376446,425187.2619040533,51102.35062028881,0.1366062866447046,30
2024-01-03 00:00:00,FACT,8,0.5645030313927301,0.26260766870784574,507.06132942842385,2023-12-04 00:00:00,736.8756802199302,818.7118530273438,374084.91128376446,415137.1206148533,41052.209331088816,0.1097403506337854,30
2024-01-04 00:00:00,SUZLON,1,0.7767640540150365,0.21722991969307082,9113.199074043707,2023-12-04 00:00:00,41.0,38.70000076293945,374084.91128376446,352680.81111831055,-21404.100165453914,-0.05721722400403821,31
2024-01-04 00:00:00,KALYANKJIL,3,0.6730615415051003,0.2501727525551074,1104.6308731707072,2023-12-04 00:00:00,338.2497910485707,361.9272766113281,374084.91128376446,399796.04358746746,25711.132303702994,0.06873073873915127,31
2024-01-04 00:00:00,ITI,2,0.7001430983411804,0.2695008430928768,1363.6538760430365,2023-12-04 00:00:00,274.0,313.8500061035156,374084.91128376446,427982.77731918974,53897.86603542528,0.14407923016852373,31
2024-01-04 00:00:00,FACT,6,0.5913570227214748,0.2630964846589449,507.06132942842385,2023-12-04 00:00:00,736.8756802199302,820.6092529296875,374084.91128376446,416099.21873179305,42014.30744802859,0.11231222158585907,31
2024-01-05 00:00:00,SUZLON,1,0.7387843470317637,0.2203390736808435,9113.199074043707,2023-12-04 00:00:00,41.0,40.599998474121094,374084.91128376446,369995.86850053625,-4089.042783228215,-0.010930787796801688,32
2024-01-05 00:00:00,KALYANKJIL,3,0.6737484089467213,0.25272520698098816,1104.6308731707072,2023-12-04 00:00:00,338.2497910485707,355.9084167480469,374084.91128376446,393147.425161199,19062.51387743454,0.0509577192301524,32
2024-01-05 00:00:00,ITI,2,0.6934023490844843,0.26706907757769477,1363.6538760430365,2023-12-04 00:00:00,274.0,311.6000061035156,374084.91128376446,424914.55609809293,50829.644814328465,0.1358772922433413,32
2024-01-05 00:00:00,FACT,8,0.5581502244901977,0.2598666417604736,507.06132942842385,2023-12-04 00:00:00,736.8756802199302,809.8242797851562,374084.91128376446,410630.5759112772,36545.66462751274,0.09769350092762977,32
2024-01-08 00:00:00,SUZLON,1,0.7347315908651849,0.23447081568827224,9113.199074043707,2023-12-04 00:00:00,41.0,42.599998474121094,374084.91128376446,388222.2666486237,14137.35536485922,0.03779183532514959,35
2024-01-08 00:00:00,KALYANKJIL,3,0.6896424308492481,0.2453061429371922,1104.6308731707072,2023-12-04 00:00:00,338.2497910485707,370.4332580566406,374084.91128376446,409192.0132985769,35107.10201481241,0.09384794990616901,35
2024-01-08 00:00:00,ITI,2,0.7203528703087063,0.26482871370929584,1363.6538760430365,2023-12-04 00:00:00,274.0,302.6499938964844,374084.91128376446,412709.83726134227,38624.925977577805,0.10325176133147648,35
2024-01-08 00:00:00,FACT,10,0.5629330723597691,0.2553943276652397,507.06132942842385,2023-12-04 00:00:00,736.8756802199302,805.4302978515625,374084.91128376446,408402.5575905447,34317.646306780225,0.09173758489485923,35
2024-01-09 00:00:00,SUZLON,1,0.7972407283558803,0.24148508714227568,9113.199074043707,2023-12-04 00:00:00,41.0,43.54999923706055,374084.91128376446,396879.8127217843,22794.90143801982,0.06093509989428204,36
2024-01-09 00:00:00,KALYANKJIL,2,0.7398669237245941,0.25339676738060346,1104.6308731707072,2023-12-04 00:00:00,338.2497910485707,380.33203125,374084.91128376446,420126.5037744762,46041.592490711715,0.12307791921547612,36
2024-01-09 00:00:00,ITI,3,0.7045616447806022,0.25361078481271615,1363.6538760430365,2023-12-04 00:00:00,274.0,307.3999938964844,374084.91128376446,419187.1931725467,45102.28188878222,0.12056696361797282,36
2024-01-09 00:00:00,FACT,9,0.5593709474781859,0.25150736066440477,507.06132942842385,2023-12-04 00:00:00,736.8756802199302,810.6231079101562,374084.91128376446,411035.6307623245,36950.71947856003,0.09877628945726397,36
2024-01-10 00:00:00,SUZLON,1,0.8039362615234875,0.24248234703468755,9113.199074043707,2023-12-04 00:00:00,41.0,43.54999923706055,374084.91128376446,396879.8127217843,22794.90143801982,0.06093509989428204,37
2024-01-10 00:00:00,KALYANKJIL,2,0.7217478471868797,0.25464447549776986,1104.6308731707072,2023-12-04 00:00:00,338.2497910485707,378.193115234375,374084.91128376446,417763.79110849753,43678.87982473307,0.11676193962177796,37
2024-01-10 00:00:00,ITI,3,0.7154581637932632,0.25357562118087057,1363.6538760430365,2023-12-04 00:00:00,274.0,306.3500061035156,374084.91128376446,417755.37324886693,43670.46196510247,0.11673943708458202,37
2024-01-10 00:00:00,FACT,11,0.5533257855451236,0.24929755628667202,507.06132942842385,2023-12-04 00:00:00,736.8756802199302,805.8297729492188,374084.91128376446,408605.1159646358,34520.204680871335,0.09227906189107375,37
2024-01-11 00:00:00,SUZLON,1,0.8103213512393702,0.24210887333292525,9113.199074043707,2023-12-04 00:00:00,41.0,43.599998474121094,374084.91128376446,397335.4657226674,23250.55443890294,0.06215314688612523,38
2024-01-11 00:00:00,KALYANKJIL,2,0.6966014040687334,0.2541802504472695,1104.6308731707072,2023-12-04 00:00:00,338.2497910485707,388.6888122558594,374084.91128376446,429357.662073875,55272.75079011056,0.1477545581842061,38
2024-01-11 00:00:00,ITI,3,0.6784371130668067,0.25475112579821274,1363.6538760430365,2023-12-04 00:00:00,274.0,306.54998779296875,374084.91128376446,418028.07905482734,43943.16777106287,0.11746843148594546,38
2024-01-11 00:00:00,FACT,11,0.5477447512922352,0.24895975042159246,507.06132942842385,2023-12-04 00:00:00,736.8756802199302,811.0225830078125,374084.91128376446,411238.18913641566,37153.2778526512,0.09931776645347865,38
2024-01-12 00:00:00,SUZLON,1,0.8483452892569597,0.23981403648347152,9113.199074043707,2023-12-04 00:00:00,41.0,44.900001525878906,374084.91128376446,409182.65233020065,35097.74104643619,0.0938229262602163,39
2024-01-12 00:00:00,KALYANKJIL,2,0.7186978113277758,0.25898130094238947,1104.6308731707072,2023-12-04 00:00:00,338.2497910485707,387.3955078125,374084.91128376446,427929.0380573314,53844.12677356694,0.1439355749174367,39
2024-01-12 00:00:00,ITI,3,0.6793408876901518,0.25274871623647205,1363.6538760430365,2023-12-04 00:00:00,274.0,305.95001220703125,374084.91128376446,417209.9200215325,43125.00873776805,0.11528133703595252,39
2024-01-12 00:00:00,FACT,12,0.5642089002199443,0.24845594633766685,507.06132942842385,2023-12-04 00:00:00,736.8756802199302,808.6758422851562,374084.91128376446,410048.24766576174,35963.33638199727,0.09613682695348559,39
2024-01-15 00:00:00,SUZLON,1,0.839946261548658,0.24655590801592567,9113.199074043707,2023-12-04 00:00:00,41.0,43.849998474121094,374084.91128376446,399613.7654911783,25528.854207413853,0.0682434747763691,42
2024-01-15 00:00:00,KALYANKJIL,2,0.6740736848328607,0.25614027509062604,1104.6308731707072,2023-12-04 00:00:00,338.2497910485707,387.3955078125,374084.91128376446,427929.0380573314,53844.12677356694,0.1439355749174367,42
2024-01-15 00:00:00,ITI,3,0.6596154120861641,0.25180562866583434,1363.6538760430365,2023-12-04 00:00:00,274.0,315.29998779296875,374084.91128376446,429960.0504702039,55875.13918643945,0.14936485675054403,42
2024-01-15 00:00:00,FACT,18,0.5271635746370902,0.245498188227614,507.06132942842385,2023-12-04 00:00:00,736.8756802199302,798.0905151367188,374084.91128376446,404680.83760944026,30595.9263256758,0.08178872069626744,42
2024-01-16 00:00:00,SUZLON,1,0.8188916108216295,0.24107810040564082,9113.199074043707,2023-12-04 00:00:00,41.0,42.04999923706055,374084.91128376446,383210.01411071874,9125.102826954273,0.024393132552818653,43
2024-01-16 00:00:00,KALYANKJIL,3,0.6581437513703152,0.2551657068564443,1104.6308731707072,2023-12-04 00:00:00,338.2497910485707,366.00616455078125,374084.91128376446,404301.70913359104,30216.797849826573,0.08077523829049986,43
2024-01-16 00:00:00,ITI,2,0.68421719345785,0.2604687403044558,1363.6538760430365,2023-12-04 00:00:00,274.0,373.8500061035156,374084.91128376446,509802.0098817719,135717.09859800746,0.3627975748400566,43
2024-01-16 00:00:00,FACT,15,0.5149833673509984,0.24328745243345903,507.06132942842385,2023-12-04 00:00:00,736.8756802199302,804.7312622070312,374084.91128376446,408048.1036473108,33963.192363546346,0.09079006220003179,43
2024-01-17 00:00:00,SUZLON,1,0.7470995937798149,0.2970252433554013,9113.199074043707,2023-12-04 00:00:00,41.0,40.900001525878906,374084.91128376446,372729.85603402584,-1355.0552497386234,-0.003622319983686104,44
2024-01-17 00:00:00,KALYANKJIL,7,0.5799878727213534,0.3152824989820478,1104.6308731707072,2023-12-04 00:00:00,338.2497910485707,360.2857666015625,374084.91128376446,397982.7809520616,23897.86966829712,0.06388354340806128,44
2024-01-17 00:00:00,ITI,2,0.7302411637005478,0.38769225766255083,1363.6538760430365,2023-12-04 00:00:00,274.0,366.6499938964844,374084.91128376446,499983.68532809656,125898.7740443321,0.3365513289811114,44
2024-01-18 00:00:00,SUZLON,1,0.7218849238941829,0.293127496226184,9113.199074043707,2023-12-04 00:00:00,41.0,42.900001525878906,374084.91128376446,390956.2541821133,16871.342898348812,0.04510030313826517,45
2024-01-18 00:00:00,KALYANKJIL,7,0.5572291043107316,0.3137218556059468,1104.6308731707072,2023-12-04 00:00:00,338.2497910485707,360.0867919921875,374084.91128376446,397762.9874555689,23678.076171804452,0.06329599365702109,45
2024-01-18 00:00:00,ITI,2,0.710843674926488,0.3931506481678692,1363.6538760430365,2023-12-04 00:00:00,274.0,347.04998779296875,374084.91128376446,473256.06103457033,99171.14975080587,0.2651033141392302,45
2024-01-19 00:00:00,SUZLON,1,0.7477889069282412,0.3102449211657214,9113.199074043707,2023-12-04 00:00:00,41.0,41.849998474121094,374084.91128376446,381387.3673430909,7302.456059326418,0.01952085165441782,46
2024-01-19 00:00:00,KALYANKJIL,9,0.5612160598376597,0.3140448221786755,1104.6308731707072,2023-12-04 00:00:00,338.2497910485707,362.72314453125,374084.91128376446,400675.18386277935,26590.272579014883,0.07108084762832004,46
2024-01-19 00:00:00,ITI,2,0.6601896106186335,0.3757102566556031,1363.6538760430365,2023-12-04 00:00:00,274.0,342.79998779296875,374084.91128376446,467460.53206138744,93375.62077762297,0.24961076472499663,46
2024-01-23 00:00:00,SUZLON,1,0.7218125108298602,0.3041461666603902,9113.199074043707,2023-12-04 00:00:00,41.0,41.150001525878906,374084.91128376446,375008.15580253676,923.2445187722915,0.0024680079065577667,50
2024-01-23 00:00:00,KALYANKJIL,9,0.5707792576804888,0.3135620822526084,1104.6308731707072,2023-12-04 00:00:00,338.2497910485707,350.3372497558594,374084.91128376446,386993.3421020391,12908.430818274617,0.034506686660994046,50
2024-01-23 00:00:00,ITI,2,0.6666324794479549,0.38229175108700136,1363.6538760430365,2023-12-04 00:00:00,274.0,330.8999938964844,374084.91128376446,451233.05925955804,77148.14797579357,0.2062316486143232,50
2024-01-24 00:00:00,SUZLON,1,0.753458778703734,0.18856802874544953,9113.199074043707,2023-12-04 00:00:00,41.0,41.20000076293945,374084.91128376446,375463.8088034198,1378.897519655351,0.0036860548984008062,51
2024-01-24 00:00:00,KALYANKJIL,7,0.5940673856776886,0.19303624842267406,1104.6308731707072,2023-12-04 00:00:00,338.2497910485707,359.63909912109375,374084.91128376446,397268.4520884603,23183.540804695862,0.061974006717180424,51
2024-01-24 00:00:00,ITI,2,0.7011679847630115,0.22417103867552177,1363.6538760430365,2023-12-04 00:00:00,274.0,343.5,374084.91128376446,468415.10642078303,94330.19513701857,0.25216252324452565,51
2024-01-24 00:00:00,BSOFT,3,0.6503419742870458,0.1971123420781773,507.2662758343557,2024-01-24 00:00:00,781.2210535219876,801.78466796875,396757.7387689195,406718.3225415933,9960.583772673795,0.02510495145874158,0
2024-01-24 00:00:00,BHEL,4,0.6207034584925911,0.1971123420781773,1943.5375134485967,2024-01-24 00:00:00,203.89989474415756,209.28404235839844,396757.7387689195,406751.3872897125,9993.648520793009,0.025188288832882808,0
2024-01-25 00:00:00,SUZLON,1,0.7137670785598474,0.18330236413287532,9113.199074043707,2023-12-04 00:00:00,41.0,42.54999923706055,374084.91128376446,387766.6136477406,13681.702363976161,0.03657378833330655,52
2024-01-25 00:00:00,KALYANKJIL,7,0.5985436084047557,0.19187850254195968,1104.6308731707072,2023-12-04 00:00:00,338.2497910485707,353.1228332519531,374084.91128376446,390070.38363161904,15985.472347854578,0.04273220294557323,52
2024-01-25 00:00:00,ITI,2,0.7048416642819619,0.2277911739985001,1363.6538760430365,2023-12-04 00:00:00,274.0,341.6499938964844,374084.91128376446,465892.33842702064,91807.42714325618,0.24541868536797273,52
2024-01-25 00:00:00,BSOFT,3,0.6506696609420938,0.19956699022761376,507.2662758343557,2024-01-24 00:00:00,781.2210535219876,797.4476928710938,396757.7387689195,404518.32133541885,7760.582566499361,0.01956000301488586,1
2024-01-25 00:00:00,BHEL,4,0.631022378054277,0.19746096909905117,1943.5375134485967,2024-01-24 00:00:00,203.89989474415756,219.25469970703125,396757.7387689195,426129.73388052225,29371.995111602766,0.07403004967903012,1
2024-01-29 00:00:00,SUZLON,1,0.7112576770520695,0.18753615094778858,9113.199074043707,2023-12-04 00:00:00,41.0,43.25,374084.91128376446,394145.8599523903,20060.948668625846,0.05362672501219513,56
2024-01-29 00:00:00,KALYANKJIL,10,0.5749630629924306,0.18722828758416285,1104.6308731707072,2023-12-04 00:00:00,338.2497910485707,353.1228332519531,374084.91128376446,390070.38363161904,15985.472347854578,0.04273220294557323,56
2024-01-29 00:00:00,ITI,2,0.7108653254425372,0.22508317009062645,1363.6538760430365,2023-12-04 00:00:00,274.0,333.1000061035156,374084.91128376446,454233.1144330182,80148.20314925374,0.21425136575064052,56
2024-01-29 00:00:00,BSOFT,5,0.6469834864280511,0.19519924600541355,507.2662758343557,2024-01-24 00:00:00,781.2210535219876,811.432861328125,396757.7387689195,411612.5256555332,14854.7868866137,0.03744044648683074,5
2024-01-29 00:00:00,BHEL,4,0.6749559468247827,0.20495314537200854,1943.5375134485967,2024-01-24 00:00:00,203.89989474415756,220.65060424804688,396757.7387689195,428842.7267211794,32084.987952259893,0.08086795748915915,5
2024-01-30 00:00:00,SUZLON,1,0.7116131038591882,0.18893469998765614,9113.199074043707,2023-12-04 00:00:00,41.0,43.79999923706055,374084.91128376446,399158.11249029526,25073.201206530794,0.06702542778452607,57
2024-01-30 00:00:00,KALYANKJIL,12,0.5691101833208552,0.1892585309541623,1104.6308731707072,2023-12-04 00:00:00,338.2497910485707,365.50872802734375,374084.91128376446,403752.22539235925,29667.314108594786,0.07930636391289907,57
2024-01-30 00:00:00,ITI,2,0.6910314105894141,0.21801359544465415,1363.6538760430365,2023-12-04 00:00:00,274.0,338.6499938964844,374084.91128376446,461801.3767988916,87716.46551512711,0.2344827681343962,57
2024-01-30 00:00:00,BSOFT,6,0.6501206579192459,0.1974222097707759,507.2662758343557,2024-01-24 00:00:00,781.2210535219876,823.7612915039062,396757.7387689195,417866.3225176856,21108.583748766105,0.053202702017263515,6
2024-01-30 00:00:00,BHEL,4,0.6607945239867221,0.20637096384275164,1943.5375134485967,2024-01-24 00:00:00,203.89989474415756,227.2810821533203,396757.7387689195,441729.3092621704,44971.57049325091,0.11334768323055534,6
2024-01-31 00:00:00,SUZLON,1,0.7198243045174891,0.18971184795697218,9113.199074043707,2023-12-04 00:00:00,41.0,45.95000076293945,374084.91128376446,418751.50440512743,44666.59312136297,0.11940228481303498,58
2024-01-31 00:00:00,KALYANKJIL,10,0.5811259089840929,0.18961131143837417,1104.6308731707072,2023-12-04 00:00:00,338.2497910485707,348.3973083496094,374084.91128376446,384850.4229325531,10765.51164878864,0.028778256818336075,58
2024-01-31 00:00:00,ITI,3,0.6854326309213781,0.2178935295493309,1363.6538760430365,2023-12-04 00:00:00,274.0,341.04998779296875,374084.91128376446,465074.1377783121,90989.22649454762,0.24323147967207684,58
2024-01-31 00:00:00,BSOFT,6,0.646166294229405,0.19562990634787022,507.2662758343557,2024-01-24 00:00:00,781.2210535219876,826.8799438476562,396757.7387689195,419448.30967772176,22690.57090880227,0.057189989486299,7
2024-01-31 00:00:00,BHEL,4,0.6604578606191587,0.2071534047074526,1943.5375134485967,2024-01-24 00:00:00,203.89989474415756,227.5802001953125,396757.7387689195,442310.6563977315,45552.91762881202,0.11481292783388669,7
2024-02-01 00:00:00,SUZLON,1,0.7558502530251482,0.19938878536363605,9113.199074043707,2023-12-04 00:00:00,41.0,48.20000076293945,374084.91128376446,439256.2023217258,65171.29103796132,0.17421523582523013,59
2024-02-01 00:00:00,KALYANKJIL,13,0.5385530849204572,0.1822358017734538,1104.6308731707072,2023-12-04 00:00:00,338.2497910485707,332.3304138183594,374084.91128376446,367102.4351973568,-6982.476086407667,-0.018665484428242726,59
2024-02-01 00:00:00,ITI,2,0.6790723014573652,0.21774274334643642,1363.6538760430365,2023-12-04 00:00:00,274.0,342.0,374084.91128376446,466369.6256067185,92284.71432295401,0.2466945646277373,59
2024-02-01 00:00:00,BSOFT,6,0.631876812265247,0.1940203062660919,507.2662758343557,2024-01-24 00:00:00,781.2210535219876,807.7781982421875,396757.7387689195,409758.63832250034,13000.89955358085,0.03276785373845691,8
2024-02-01 00:00:00,BHEL,4,0.6415855726400415,0.20661236325038185,1943.5375134485967,2024-01-24 00:00:00,203.89989474415756,226.83241271972656,396757.7387689195,440857.3033868432,44099.564617923694,0.11114985369852674,8
2024-02-02 00:00:00,SUZLON,1,0.8051322966067553,0.21105050069044598,9113.199074043707,2023-12-04 00:00:00,41.0,48.599998474121094,374084.91128376446,442901.46109288593,68816.54980912147,0.18395970469100328,60
2024-02-02 00:00:00,KALYANKJIL,17,0.502535340033826,0.17144463169897137,1104.6308731707072,2023-12-04 00:00:00,338.2497910485707,346.109130859375,374084.91128376446,382322.831433546,8237.920149781508,0.022021524796365235,60
2024-02-02 00:00:00,ITI,2,0.6743438987280587,0.21859561577686107,1363.6538760430365,2023-12-04 00:00:00,274.0,341.8999938964844,374084.91128376446,466233.25189603143,92148.34061226697,0.2463300118041042,60
2024-02-02 00:00:00,BSOFT,8,0.5977269412894669,0.19232720006893428,507.2662758343557,2024-01-24 00:00:00,781.2210535219876,824.73583984375,396757.7387689195,418360.6780246587,21602.939255739213,0.05444869033372842,9
2024-02-02 00:00:00,BHEL,5,0.6303173546912685,0.20658205176478733,1943.5375134485967,2024-01-24 00:00:00,203.89989474415756,233.11392211914062,396757.7387689195,453065.65254568437,56307.91377676488,0.14192013986035912,9
2024-02-05 00:00:00,SUZLON,1,0.8094887721951869,0.20755345368411815,9113.199074043707,2023-12-04 00:00:00,41.0,48.25,374084.91128376446,439711.85532260884,65626.94403884438,0.17543328281707316,63
2024-02-05 00:00:00,KALYANKJIL,16,0.526947693263935,0.17608259948759789,1104.6308731707072,2023-12-04 00:00:00,338.2497910485707,338.1005554199219,374084.91128376446,373476.3117530094,-608.5995307550766,-0.0016269021080441803,63
2024-02-05 00:00:00,ITI,2,0.6713475515255305,0.21545981148028848,1363.6538760430365,2023-12-04 00:00:00,274.0,344.04998779296875,374084.91128376446,469165.0994064412,95080.18812267674,0.2541673969056535,63
2024-02-05 00:00:00,BSOFT,7,0.5950633369247542,0.19211176196188956,507.2662758343557,2024-01-24 00:00:00,781.2210535219876,812.9434814453125,396757.7387689195,412378.81229657936,15621.073527659872,0.039371818117851336,12
2024-02-05 00:00:00,BHEL,3,0.6434479217779431,0.208792373386106,1943.5375134485967,2024-01-24 00:00:00,203.89989474415756,234.60952758789062,396757.7387689195,455972.4178795189,59214.67911059939,0.14924643762295292,12
2024-02-06 00:00:00,SUZLON,1,0.7882765814952981,0.20535681943295997,9113.199074043707,2023-12-04 00:00:00,41.0,48.0,374084.91128376446,437433.5555540979,63348.64427033346,0.1693429549268293,64
2024-02-06 00:00:00,KALYANKJIL,18,0.5039727648462,0.17377665854765456,1104.6308731707072,2023-12-04 00:00:00,338.2497910485707,328.30126953125,374084.91128376446,362651.71802535636,-11433.193258408108,-0.030563096541831345,64
2024-02-06 00:00:00,ITI,2,0.6791837907845545,0.21761876910963976,1363.6538760430365,2023-12-04 00:00:00,274.0,353.6499938964844,374084.91128376446,482256.1849395371,108171.27365577262,0.28916235430227927,64
2024-02-06 00:00:00,BSOFT,10,0.5703969541000224,0.19180208460857656,507.2662758343557,2024-01-24 00:00:00,781.2210535219876,831.7041015625,396757.7387689195,421895.4421957681,25137.70342684863,0.063357815035561,13
2024-02-06 00:00:00,BHEL,4,0.6459550111575377,0.21144566830116918,1943.5375134485967,2024-01-24 00:00:00,203.89989474415756,231.11978149414062,396757.7387689195,449189.9654339051,52432.22666498559,0.1321517428435675,13
2024-02-07 00:00:00,SUZLON,1,0.7577081241885385,0.24405202520791633,9113.199074043707,2023-12-04 00:00:00,41.0,49.25,374084.91128376446,448825.05439665256,74740.1431128881,0.1997945943780488,65
2024-02-07 00:00:00,ITI,2,0.6815578736365151,0.2704431998611976,1363.6538760430365,2023-12-04 00:00:00,274.0,348.70001220703125,374084.91128376446,475506.1232223723,101421.21193860786,0.27111815761441965,65
2024-02-07 00:00:00,BSOFT,8,0.5727667740700932,0.23539517363426793,507.2662758343557,2024-01-24 00:00:00,781.2210535219876,812.0177001953125,396757.7387689195,411909.19468965457,15151.455920735083,0.038188179940101,14
2024-02-07 00:00:00,BHEL,5,0.5947087140726959,0.25010960129661824,1943.5375134485967,2024-01-24 00:00:00,203.89989474415756,230.8705291748047,396757.7387689195,448705.5342009616,51947.7954320421,0.13093076796240552,14
2024-02-08 00:00:00,SUZLON,1,0.7754814973581116,0.251423053316971,9113.199074043707,2023-12-04 00:00:00,41.0,49.349998474121094,374084.91128376446,449736.3603984187,75651.44911465421,0.20223068836173488,66
2024-02-08 00:00:00,ITI,2,0.6823174221248856,0.2670760477358831,1363.6538760430365,2023-12-04 00:00:00,274.0,343.3500061035156,374084.91128376446,468210.5666624593,94125.65537869482,0.2516157496320273,66
2024-02-08 00:00:00,BSOFT,10,0.5544015661437409,0.23092825643313586,507.2662758343557,2024-01-24 00:00:00,781.2210535219876,816.5982055664062,396757.7387689195,414232.73059068853,17474.991821769043,0.044044488901442365,15
2024-02-08 00:00:00,BHEL,4,0.6110154025100991,0.25057264251400996,1943.5375134485967,2024-01-24 00:00:00,203.89989474415756,230.1227264404297,396757.7387689195,447252.15153404436,50494.41276512487,0.12726761908110867,15
2024-02-09 00:00:00,SUZLON,1,0.7850196266663008,0.2502628921219832,9113.199074043707,2023-12-04 00:00:00,41.0,47.349998474121094,374084.91128376446,431509.9622503313,57425.050966566836,0.15350806523978378,67
2024-02-09 00:00:00,ITI,3,0.6549241709261152,0.26225051571768826,1363.6538760430365,2023-12-04 00:00:00,274.0,327.54998779296875,374084.91128376446,446664.8104517311,72579.89916796662,0.1940198521209819,67
2024-02-09 00:00:00,BSOFT,12,0.5577793058837041,0.23245955177341004,507.2662758343557,2024-01-24 00:00:00,781.2210535219876,812.212646484375,396757.7387689195,412008.08436769503,15250.345598775544,0.03843742442452442,16
2024-02-09 00:00:00,BHEL,5,0.6242966648444459,0.2550270403869184,1943.5375134485967,2024-01-24 00:00:00,203.89989474415756,226.88226318359375,396757.7387689195,440954.1896334319,44196.450864512415,0.1113940486747592,16
2024-02-12 00:00:00,SUZLON,1,0.7664077167939308,0.2527166223440816,9113.199074043707,2023-12-04 00:00:00,41.0,45.0,374084.91128376446,410093.95833196683,36009.04704820237,0.09625902024390254,70
2024-02-12 00:00:00,ITI,3,0.6517550063681514,0.2583188338764441,1363.6538760430365,2023-12-04 00:00:00,274.0,281.25,374084.91128376446,383527.652637104,9442.741353339516,0.02524224064781021,70
2024-02-12 00:00:00,BSOFT,8,0.5804485651084617,0.2334440021401821,507.2662758343557,2024-01-24 00:00:00,781.2210535219876,803.4901123046875,396757.7387689195,407583.43693852704,10825.698169607553,0.027285411503750603,19
2024-02-12 00:00:00,BHEL,2,0.6602577814766568,0.25552054163929216,1943.5375134485967,2024-01-24 00:00:00,203.89989474415756,216.06410217285156,396757.7387689195,419928.6878825275,23170.94911360799,0.05840074899485014,19
2024-02-13 00:00:00,SUZLON,1,0.8161982494579381,0.2464920684644545,9113.199074043707,2023-12-04 00:00:00,41.0,43.900001525878906,374084.91128376446,400069.45325615694,25984.54197239247,0.06946161469924066,71
2024-02-13 00:00:00,ITI,14,0.5745226637173338,0.24082237768258843,1363.6538760430365,2023-12-04 00:00:00,274.0,292.6499938964844,374084.91128376446,399073.29850091186,24988.387217147392,0.06679870388622089,71
2024-02-13 00:00:00,BSOFT,8,0.619874474282343,0.2521156848158327,507.2662758343557,2024-01-24 00:00:00,781.2210535219876,821.7147216796875,396757.7387689195,416828.1666647192,20070.427895799687,0.05058610314212207,20
2024-02-13 00:00:00,BHEL,2,0.7215359890947364,0.2605698690371244,1943.5375134485967,2024-01-24 00:00:00,203.89989474415756,212.72393798828125,396757.7387689195,413436.95348873764,16679.21471981815,0.04203878863603589,20
2024-02-14 00:00:00,SUZLON,1,0.8027217965908083,0.24376039470087238,9113.199074043707,2023-12-04 00:00:00,41.0,46.04999923706055,374084.91128376446,419662.8104068936,45577.899123129144,0.12183837879672121,72
2024-02-14 00:00:00,ITI,9,0.6171803094211573,0.24918203819891255,1363.6538760430365,2023-12-04 00:00:00,274.0,296.54998779296875,374084.91128376446,404391.540294397,30306.629010632518,0.08101537404069001,72
2024-02-14 00:00:00,BSOFT,7,0.6414418265052978,0.2597962178640037,507.2662758343557,2024-01-24 00:00:00,781.2210535219876,812.5536499023438,396757.7387689195,412181.0639015748,15423.325132655329,0.038873407184221845,21
2024-02-14 00:00:00,BHEL,2,0.6996796437610668,0.24726134923621138,1943.5375134485967,2024-01-24 00:00:00,203.89989474415756,223.79135131835938,396757.7387689195,434946.8864725855,38189.14770366601,0.09625306319710682,21
2024-02-15 00:00:00,SUZLON,1,0.7920289259508809,0.2519009146368937,9113.199074043707,2023-12-04 00:00:00,41.0,47.04999923706055,374084.91128376446,428776.00948093727,54691.0981971728,0.1461996903576967,73
2024-02-15 00:00:00,ITI,10,0.6079282962927183,0.24406247903221334,1363.6538760430365,2023-12-04 00:00:00,274.0,315.8999938964844,374084.91128376446,430778.2511189125,56693.339835148014,0.15155206244643993,73
2024-02-15 00:00:00,BSOFT,8,0.6141258765103068,0.24448643970599096,507.2662758343557,2024-01-24 00:00:00,781.2210535219876,822.7867431640625,396757.7387689195,417371.96701071254,20614.228241793055,0.05195671370079876,22
2024-02-15 00:00:00,BHEL,3,0.7084567468891271,0.25955016662490193,1943.5375134485967,2024-01-24 00:00:00,203.89989474415756,226.88226318359375,396757.7387689195,440954.1896334319,44196.450864512415,0.1113940486747592,22
2024-02-16 00:00:00,SUZLON,2,0.7255475438319227,0.2517616297607112,9113.199074043707,2023-12-04 00:00:00,41.0,46.849998474121094,374084.91128376446,426953.3627133094,52868.45142954495,0.14132740945929587,74
2024-02-16 00:00:00,ITI,7,0.5903929444163252,0.24949053063865037,1363.6538760430365,2023-12-04 00:00:00,274.0,312.5,374084.91128376446,426141.8362634489,52056.92497968441,0.13915804516423358,74
2024-02-16 00:00:00,BSOFT,11,0.5725931296510385,0.24224148445616492,507.2662758343557,2024-01-24 00:00:00,781.2210535219876,821.1786499023438,396757.7387689195,416556.2355306461,19798.496761726623,0.04990071982756638,23
2024-02-16 00:00:00,BHEL,4,0.6314860582910559,0.25650635514447345,1943.5375134485967,2024-01-24 00:00:00,203.89989474415756,225.18724060058594,396757.7387689195,437659.84965721366,40902.11088829418,0.10309089626129882,23
2024-02-19 00:00:00,SUZLON,2,0.7273197505330607,0.2511656827334193,9113.199074043707,2023-12-04 00:00:00,41.0,46.150001525878906,374084.91128376446,420574.1511727553,46489.23988899082,0.1242745657114358,77
2024-02-19 00:00:00,ITI,8,0.592254159613039,0.25160954064374347,1363.6538760430365,2023-12-04 00:00:00,274.0,327.25,374084.91128376446,446255.7309350837,72170.81965131924,0.19292630489598553,77
2024-02-19 00:00:00,BSOFT,12,0.572357532110344,0.24238443453279374,507.2662758343557,2024-01-24 00:00:00,781.2210535219876,810.0684814453125,396757.7387689195,410920.42175355554,14162.682984636049,0.03569604723673635,26
2024-02-19 00:00:00,BHEL,4,0.6266351628137398,0.2548403420900434,1943.5375134485967,2024-01-24 00:00:00,203.89989474415756,225.03768920898438,396757.7387689195,437369.19091744756,40611.45214852807,0.10235831133260159,26
2024-02-20 00:00:00,SUZLON,2,0.6485247235966328,0.24651768629152473,9113.199074043707,2023-12-04 00:00:00,41.0,45.79999923706055,374084.91128376446,417384.51063838264,43299.59935461817,0.11574805090647719,78
2024-02-20 00:00:00,ITI,4,0.5538895942825593,0.2605859609832844,1363.6538760430365,2023-12-04 00:00:00,274.0,325.3999938964844,374084.91128376446,443732.9629413213,69648.05165755685,0.1861824670194326,78
2024-02-20 00:00:00,BSOFT,13,0.4831228883655156,0.23793363347767718,507.2662758343557,2024-01-24 00:00:00,781.2210535219876,785.9476928710938,396757.7387689195,398684.75916332373,1927.0203944042441,0.004856919490426332,27
2024-02-20 00:00:00,BHEL,5,0.5383258604000584,0.2549627192475137,1943.5375134485967,2024-01-24 00:00:00,203.89989474415756,230.22242736816406,396757.7387689195,447445.92402722174,50688.185258302256,0.12775600903357345,27
2024-02-21 00:00:00,SUZLON,2,0.6440824936304098,0.24453286953914366,9113.199074043707,2023-12-04 00:00:00,41.0,44.75,374084.91128376446,407815.65856345586,33730.74727969139,0.0901686923536585,79
2024-02-21 00:00:00,ITI,5,0.5649243098998852,0.2595987609502764,1363.6538760430365,2023-12-04 00:00:00,274.0,314.6499938964844,374084.91128376446,429073.6837738587,54988.77249009424,0.14699543026578304,79
2024-02-21 00:00:00,BSOFT,14,0.4767004269900561,0.23333440961873134,507.2662758343557,2024-01-24 00:00:00,781.2210535219876,776.1532592773438,396757.7387689195,393716.37331031525,-3041.3654586042394,-0.007665547918589178,28
2024-02-21 00:00:00,BHEL,4,0.5715357077911275,0.26253395989184863,1943.5375134485967,2024-01-24 00:00:00,203.89989474415756,221.24884033203125,396757.7387689195,430005.4209923016,33247.682223382115,0.08379844669582186,28
2024-02-22 00:00:00,SUZLON,2,0.6940826721226417,0.20092825307212195,9113.199074043707,2023-12-04 00:00:00,41.0,44.79999923706055,374084.91128376446,408271.3115643389,34186.40028057445,0.09138673934550154,80
2024-02-22 00:00:00,ITI,4,0.5961146274684124,0.21247245820655972,1363.6538760430365,2023-12-04 00:00:00,274.0,312.3999938964844,374084.91128376446,426005.46255276183,51920.55126899737,0.13879349234060048,80
2024-02-22 00:00:00,BSOFT,16,0.5027662929666437,0.19441186134422195,507.2662758343557,2024-01-24 00:00:00,781.2210535219876,796.814208984375,396757.7387689195,404196.97632340196,7439.237554482475,0.018750075493335877,29
2024-02-22 00:00:00,BHEL,5,0.5960555501565246,0.21338916086769977,1943.5375134485967,2024-01-24 00:00:00,203.89989474415756,227.8294677734375,396757.7387689195,442795.1172867039,46037.37851778441,0.1160339774609856,29
2024-02-22 00:00:00,MRPL,1,0.7972786742905175,0.17879826650939665,1460.6523330410444,2024-02-22 00:00:00,249.00537897510904,245.3692169189453,364142.242735794,358399.11914911156,-5743.123586682428,-0.015771648857694855,0
2024-02-23 00:00:00,SUZLON,2,0.7043324049287136,0.20002159508649964,9113.199074043707,2023-12-04 00:00:00,41.0,44.900001525878906,374084.91128376446,409182.65233020065,35097.74104643619,0.0938229262602163,81
2024-02-23 00:00:00,ITI,5,0.5983255210236723,0.20881561164635745,1363.6538760430365,2023-12-04 00:00:00,274.0,314.6499938964844,374084.91128376446,429073.6837738587,54988.77249009424,0.14699543026578304,81
2024-02-23 00:00:00,BSOFT,16,0.5213731325197056,0.1988936488494715,507.2662758343557,2024-01-24 00:00:00,781.2210535219876,789.5536499023438,396757.7387689195,400513.93955738464,3756.200788465154,0.00946724013530294,30
2024-02-23 00:00:00,BHEL,3,0.6295752563212871,0.2161488461891884,1943.5375134485967,2024-01-24 00:00:00,203.89989474415756,228.92623901367188,396757.7387689195,444926.73333577096,48168.99456685147,0.12140656592184623,30
2024-02-23 00:00:00,MRPL,1,0.8028628210833492,0.17612029822848305,1460.6523330410444,2024-02-22 00:00:00,249.00537897510904,238.3877716064453,364142.242735794,348201.65476541,-15940.58797038399,-0.04377571756196876,1
2024-02-26 00:00:00,SUZLON,2,0.731670437874893,0.20416881055337302,9113.199074043707,2023-12-04 00:00:00,41.0,43.75,374084.91128376446,398702.4594894122,24617.548205647734,0.06580738079268303,84
2024-02-26 00:00:00,ITI,5,0.6406183600943437,0.2110175987818197,1363.6538760430365,2023-12-04 00:00:00,274.0,318.5,374084.91128376446,434323.7595197071,60238.848235942656,0.16102987963138696,84
2024-02-26 00:00:00,BSOFT,15,0.5279691343980005,0.19605783406753682,507.2662758343557,2024-01-24 00:00:00,781.2210535219876,759.2442626953125,396757.7387689195,385139.00958605245,-11618.729182867042,-0.029284190445580817,33
2024-02-26 00:00:00,BHEL,4,0.6554453638262183,0.2180690723438249,1943.5375134485967,2024-01-24 00:00:00,203.89989474415756,227.3807830810547,396757.7387689195,441923.0817553478,45165.342986428295,0.11383607318302011,33
2024-02-26 00:00:00,MRPL,1,0.8031973970753602,0.17068668425344558,1460.6523330410444,2024-02-22 00:00:00,249.00537897510904,236.15756225585938,364142.242735794,344944.09427430667,-19198.14846148732,-0.05272156374182787,4
2024-02-27 00:00:00,SUZLON,2,0.7035739880262577,0.24793520876519806,9113.199074043707,2023-12-04 00:00:00,41.0,44.54999923706055,374084.91128376446,405993.011795828,31908.10051206354,0.08529641145525768,85
2024-02-27 00:00:00,ITI,4,0.648700975306709,0.26733674635654286,1363.6538760430365,2023-12-04 00:00:00,274.0,315.1000061035156,374084.91128376446,429687.3446642435,55602.43338047905,0.1486358623491806,85
2024-02-27 00:00:00,BHEL,5,0.6302048382801184,0.27201432870334824,1943.5375134485967,2024-01-24 00:00:00,203.89989474415756,221.94679260253906,396757.7387689195,431361.91741263017,34604.17864371068,0.08721740060088638,34
2024-02-27 00:00:00,MRPL,1,0.8135609738997149,0.21271371617491083,1460.6523330410444,2024-02-22 00:00:00,249.00537897510904,228.44888305664062,364142.242735794,333684.39401730284,-30457.84871849115,-0.08364272293613037,5
2024-02-28 00:00:00,SUZLON,2,0.7087394368288318,0.253344961170681,9113.199074043707,2023-12-04 00:00:00,41.0,43.20000076293945,374084.91128376446,393690.20695150725,19605.295667742786,0.05240867802035209,86
2024-02-28 00:00:00,ITI,4,0.6606254792239372,0.2681699336636061,1363.6538760430365,2023-12-04 00:00:00,274.0,301.6499938964844,374084.91128376446,411346.1833852992,37261.27210153476,0.09960645558695093,86
2024-02-28 00:00:00,BHEL,6,0.6359323386853698,0.2701419840553047,1943.5375134485967,2024-01-24 00:00:00,203.89989474415756,224.04061889648438,396757.7387689195,435431.34736155794,38673.608592638455,0.09747411282420586,35
2024-02-28 00:00:00,MRPL,1,0.8094858597578118,0.20834312111040829,1460.6523330410444,2024-02-22 00:00:00,249.00537897510904,223.16429138183594,364142.242735794,325965.4428583301,-38176.7998774639,-0.10484034917410927,6
2024-02-29 00:00:00,SUZLON,2,0.7323570330085784,0.24949890089344326,9113.199074043707,2023-12-04 00:00:00,41.0,45.25,374084.91128376446,412372.25810047775,38287.34681671328,0.10234934813414641,87
2024-02-29 00:00:00,ITI,5,0.6613380846874789,0.26263878104998556,1363.6538760430365,2023-12-04 00:00:00,274.0,298.45001220703125,374084.91128376446,406982.5159512097,32897.60466744524,0.08794154395201081,87
2024-02-29 00:00:00,BHEL,4,0.6682906009953181,0.27865449823295185,1943.5375134485967,2024-01-24 00:00:00,203.89989474415756,226.88226318359375,396757.7387689195,440954.1896334319,44196.450864512415,0.1113940486747592,36
2024-02-29 00:00:00,MRPL,1,0.8060512507328805,0.20920781982361922,1460.6523330410444,2024-02-22 00:00:00,249.00537897510904,220.88563537597656,364142.242735794,322637.11864717363,-41505.12408862036,-0.11398052523869004,7
2024-03-01 00:00:00,SUZLON,2,0.7348681061109479,0.26061129697642815,9113.199074043707,2023-12-04 00:00:00,41.0,44.29999923706055,374084.91128376446,403714.7120273171,29629.800743552623,0.07920608356501381,88
2024-03-01 00:00:00,ITI,6,0.6548546137036749,0.25523093081939296,1363.6538760430365,2023-12-04 00:00:00,274.0,292.29998779296875,374084.91128376446,398596.0113212141,24511.10003744962,0.06552282462645646,88
2024-03-01 00:00:00,BHEL,3,0.6767877252871752,0.2795130105893535,1943.5375134485967,2024-01-24 00:00:00,203.89989474415756,234.60952758789062,396757.7387689195,455972.4178795189,59214.67911059939,0.14924643762295292,37
2024-03-01 00:00:00,MRPL,1,0.7890252801962163,0.20464476161482534,1460.6523330410444,2024-02-22 00:00:00,249.00537897510904,222.1946563720703,364142.242735794,324549.14321911766,-39593.09951667633,-0.10872976235663871,8
2024-03-04 00:00:00,SUZLON,2,0.7168584121855859,0.2460357676239788,9113.199074043707,2023-12-04 00:00:00,41.0,42.79999923706055,374084.91128376446,390044.91341625154,15960.002132487076,0.04266411622355042,91
2024-03-04 00:00:00,ITI,6,0.6629541475466602,0.25504245364932404,1363.6538760430365,2023-12-04 00:00:00,274.0,293.04998779296875,374084.91128376446,399618.75172824634,25533.840444481873,0.06825680393485055,91
2024-03-04 00:00:00,BHEL,3,0.695838775255512,0.28982232558258736,1943.5375134485967,2024-01-24 00:00:00,203.89989474415756,263.773681640625,396757.7387689195,512654.0453290021,115896.3065600826,0.2921084965341613,40
2024-03-04 00:00:00,MRPL,1,0.8186283558528447,0.2090994531441097,1460.6523330410444,2024-02-22 00:00:00,249.00537897510904,222.1946563720703,364142.242735794,324549.14321911766,-39593.09951667633,-0.10872976235663871,11
2024-03-05 00:00:00,SUZLON,5,0.6954876252658787,0.2345349409532082,9113.199074043707,2023-12-04 00:00:00,41.0,40.70000076293945,374084.91128376446,370907.209266398,-3177.7020173664787,-0.008494600882086936,92
2024-03-05 00:00:00,ITI,6,0.6841601633858495,0.24688428443939653,1363.6538760430365,2023-12-04 00:00:00,274.0,289.54998779296875,374084.91128376446,394845.96316209575,20761.051878331287,0.05549823382901124,92
2024-03-05 00:00:00,BHEL,2,0.7913719419033518,0.31790898463498635,1943.5375134485967,2024-01-24 00:00:00,203.89989474415756,265.0199890136719,396757.7387689195,515076.29046180623,118318.55169288674,0.298213595177782,41
2024-03-05 00:00:00,MRPL,1,0.8315794285093746,0.20067178997240886,1460.6523330410444,2024-02-22 00:00:00,249.00537897510904,232.42442321777344,364142.242735794,339491.27602875984,-24650.966707034153,-0.0676959819927287,12
2024-03-06 00:00:00,SUZLON,14,0.6051265551058296,0.2202365848706188,9113.199074043707,2023-12-04 00:00:00,41.0,38.70000076293945,374084.91128376446,352680.81111831055,-21404.100165453914,-0.05721722400403821,93
2024-03-06 00:00:00,ITI,6,0.6618930686729398,0.24420581079280948,1363.6538760430365,2023-12-04 00:00:00,274.0,283.70001220703125,374084.91128376446,386868.62127957493,12783.709995810466,0.034173284220259025,93
2024-03-06 00:00:00,BHEL,2,0.7707020167717907,0.32505652551126585,1943.5375134485967,2024-01-24 00:00:00,203.89989474415756,254.45111083984375,396757.7387689195,494535.2792559032,97777.54048698372,0.246441419870909,42
2024-03-06 00:00:00,MRPL,1,0.870104372349725,0.2105010788253058,1460.6523330410444,2024-02-22 00:00:00,249.00537897510904,227.47923278808594,364142.242735794,332268.0720903046,-31874.170645489416,-0.08753219732492269,13
2024-03-07 00:00:00,SUZLON,16,0.609640676345494,0.2180411501507868,9113.199074043707,2023-12-04 00:00:00,41.0,40.599998474121094,374084.91128376446,369995.86850053625,-4089.042783228215,-0.010930787796801688,94
2024-03-07 00:00:00,ITI,7,0.6539294330262239,0.24820769693439482,1363.6538760430365,2023-12-04 00:00:00,274.0,280.25,374084.91128376446,382163.998761061,8079.087477296533,0.021596934903284806,94
2024-03-07 00:00:00,BHEL,2,0.7374386207938171,0.32000131174192187,1943.5375134485967,2024-01-24 00:00:00,203.89989474415756,256.744384765625,396757.7387689195,498992.34315927257,102234.60439035308,0.25767513623696897,43
2024-03-07 00:00:00,MRPL,1,0.8715379872056139,0.21374984117289647,1460.6523330410444,2024-02-22 00:00:00,249.00537897510904,226.12171936035156,364142.242735794,330285.2169349498,-33857.02580084419,-0.0929774737104846,14
2024-03-11 00:00:00,SUZLON,7,0.6550777862765821,0.23720342549113205,9113.199074043707,2023-12-04 00:00:00,41.0,39.349998474121094,374084.91128376446,358604.3696579816,-15480.541625782847,-0.0413824272480212,98
2024-03-11 00:00:00,ITI,8,0.6547564918624016,0.2402897297316516,1363.6538760430365,2023-12-04 00:00:00,274.0,264.95001220703125,374084.91128376446,361300.111103768,-12784.80017999647,-0.034176198489594994,98
2024-03-11 00:00:00,BHEL,2,0.7086145161486183,0.3149097198510562,1943.5375134485967,2024-01-24 00:00:00,203.89989474415756,253.80303955078125,396757.7387689195,493275.7283942212,96517.98962530174,0.24326681043395088,47
2024-03-11 00:00:00,MRPL,1,0.8767512306147434,0.20759712492616017,1460.6523330410444,2024-02-22 00:00:00,249.00537897510904,212.20730590820312,364142.242735794,309961.0964631715,-54181.146272622515,-0.148791158821785,18
2024-03-12 00:00:00,SUZLON,11,0.6749971782020361,0.3084203239103545,9113.199074043707,2023-12-04 00:00:00,41.0,39.29999923706055,374084.91128376446,358148.71665709856,-15936.194626665907,-0.04260047423986424,99
2024-03-12 00:00:00,BHEL,2,0.7326690085802603,0.4249953850847158,1943.5375134485967,2024-01-24 00:00:00,203.89989474415756,243.38369750976562,396757.7387689195,473025.3462720553,76267.6075031358,0.19222714530983792,48
2024-03-12 00:00:00,MRPL,1,0.8506747521021074,0.26658429100492964,1460.6523330410444,2024-02-22 00:00:00,249.00537897510904,203.6259002685547,364142.242735794,297426.6462948474,-66715.59644094657,-0.18321301022291045,19
2024-03-13 00:00:00,SUZLON,10,0.6905367773057064,0.312414267571606,9113.199074043707,2023-12-04 00:00:00,41.0,37.349998474121094,374084.91128376446,340377.97150989424,-33706.939773870225,-0.09010505036997232,100
2024-03-13 00:00:00,BHEL,3,0.743909293330724,0.42274842004567853,1943.5375134485967,2024-01-24 00:00:00,203.89989474415756,224.6388702392578,396757.7387689195,436594.07128870906,39836.332519789576,0.10040467677680545,49
2024-03-13 00:00:00,MRPL,1,0.8586402735963591,0.2648373123827155,1460.6523330410444,2024-02-22 00:00:00,249.00537897510904,183.26332092285156,364142.242735794,267683.9972668128,-96458.24546898121,-0.26489166635623534,20
2024-03-14 00:00:00,SUZLON,17,0.6332156475131492,0.31593762590774943,9113.199074043707,2023-12-04 00:00:00,41.0,39.04999923706055,374084.91128376446,355870.41688858764,-18214.494395176822,-0.04869080213010811,101
2024-03-14 00:00:00,BHEL,7,0.713429341132119,0.4254172191027126,1943.5375134485967,2024-01-24 00:00:00,203.89989474415756,225.7854766845703,396757.7387689195,438822.5439283359,42064.8051594164,0.10602138546796154,50
2024-03-14 00:00:00,MRPL,1,0.8034155255515936,0.258645154989538,1460.6523330410444,2024-02-22 00:00:00,249.00537897510904,201.5896453857422,364142.242735794,294452.3858496011,-69689.85688619287,-0.19138086359499037,21
2024-03-15 00:00:00,SUZLON,11,0.6498427068286974,0.32718454156873156,9113.199074043707,2023-12-04 00:00:00,41.0,39.400001525878906,374084.91128376446,359060.0574229603,-15024.85386080417,-0.040164287325149484,102
2024-03-15 00:00:00,BHEL,8,0.6675512984640404,0.4022726312894694,1943.5375134485967,2024-01-24 00:00:00,203.89989474415756,216.11395263671875,396757.7387689195,420025.57412911614,23267.835360196652,0.058644943971082455,51
2024-03-15 00:00:00,MRPL,1,0.8360277492103158,0.27054282714179895,1460.6523330410444,2024-02-22 00:00:00,249.00537897510904,209.1044158935547,364142.242735794,305428.8529241055,-58713.38981168851,-0.16123751358967828,22
2024-03-18 00:00:00,SUZLON,9,0.6465971978692339,0.3311886509561126,9113.199074043707,2023-12-04 00:00:00,41.0,38.54999923706055,374084.91128376446,351313.81735156575,-22771.09393219871,-0.060871457910596005,105
2024-03-18 00:00:00,BHEL,14,0.6091300325107267,0.39290659258543514,1943.5375134485967,2024-01-24 00:00:00,203.89989474415756,223.6417999267578,396757.7387689195,434656.22773281945,37898.48896389996,0.09552047826840973,54
2024-03-18 00:00:00,MRPL,1,0.8694265730416145,0.27590475645845225,1460.6523330410444,2024-02-22 00:00:00,249.00537897510904,205.46823120117188,364142.242735794,300117.6512698084,-64024.59146598558,-0.17582302724608384,25
2024-03-19 00:00:00,SUZLON,11,0.6176869661084796,0.3222437713049721,9113.199074043707,2023-12-04 00:00:00,41.0,37.150001525878906,374084.91128376446,338555.35950636194,-35529.55177740252,-0.09497723833734463,106
2024-03-19 00:00:00,BHEL,7,0.6525180736189856,0.40015798666346103,1943.5375134485967,2024-01-24 00:00:00,203.89989474415756,218.15792846679688,396757.7387689195,423998.1178314552,27240.379062535707,0.06865746121816949,55
2024-03-19 00:00:00,MRPL,1,0.8534106937087862,0.2775982420315668,1460.6523330410444,2024-02-22 00:00:00,249.00537897510904,213.3223876953125,364142.242735794,311589.84327704436,-52552.39945874963,-0.14431832754124985,26
2024-03-20 00:00:00,SUZLON,14,0.5814094595767159,0.3136801014309711,9113.199074043707,2023-12-04 00:00:00,41.0,36.29999923706055,374084.91128376446,330809.11943496746,-43275.791848797,-0.115684408922791,107
2024-03-20 00:00:00,BHEL,7,0.6428772659252678,0.39499952259838106,1943.5375134485967,2024-01-24 00:00:00,203.89989474415756,224.09046936035156,396757.7387689195,435528.2336081466,38770.49483922712,0.09771830780043818,56
2024-03-20 00:00:00,MRPL,1,0.8713641799422854,0.29132037597064786,1460.6523330410444,2024-02-22 00:00:00,249.00537897510904,212.1588134765625,364142.242735794,309890.2658797608,-54251.9768560332,-0.14898567232529544,27
2024-03-21 00:00:00,SUZLON,11,0.5900650574855252,0.3075979633395345,9113.199074043707,2023-12-04 00:00:00,41.0,37.29999923706055,374084.91128376446,339922.3185090111,-34162.59277475334,-0.09132309736181551,108
2024-03-21 00:00:00,BHEL,5,0.6548876440296546,0.4064119382034865,1943.5375134485967,2024-01-24 00:00:00,203.89989474415756,236.50393676757812,396757.7387689195,459654.2731860629,62896.53441714344,0.15852629519540581,57
2024-03-21 00:00:00,MRPL,1,0.8714882712649826,0.28599009845697904,1460.6523330410444,2024-02-22 00:00:00,249.00537897510904,211.3345947265625,364142.242735794,308686.3688396371,-55455.8738961569,-0.1522917898223451,28
2024-03-22 00:00:00,SUZLON,12,0.601944977471823,0.18247547806709874,9113.199074043707,2023-12-04 00:00:00,41.0,37.349998474121094,374084.91128376446,340377.97150989424,-33706.939773870225,-0.09010505036997232,109
2024-03-22 00:00:00,BHEL,4,0.7028868062118727,0.246442964797395,1943.5375134485967,2024-01-24 00:00:00,203.89989474415756,238.39837646484375,396757.7387689195,463336.1878046649,66578.4490357454,0.16780630225973278,58
2024-03-22 00:00:00,MRPL,1,0.8579025926809662,0.16747267660069712,1460.6523330410444,2024-02-22 00:00:00,249.00537897510904,214.72836303710938,364142.242735794,313643.48444023816,-50498.75829555583,-0.13867866006470325,29
2024-03-22 00:00:00,KALYANKJIL,2,0.7346956499134315,0.20180444026740454,976.7687930280249,2024-03-22 00:00:00,381.77458453471866,383.2171325683594,373348.37569506007,374314.536046457,966.1603513969458,0.002587825243911271,0
2024-03-22 00:00:00,TRENT,3,0.7065212851832068,0.20180444026740454,93.22768775465379,2024-03-22 00:00:00,3999.9436768841015,3938.69775390625,373348.37569506007,367195.6843611281,-6152.691333931987,-0.016479759212766266,0
2024-03-26 00:00:00,SUZLON,15,0.6017740570213501,0.18380211818886635,9113.199074043707,2023-12-04 00:00:00,41.0,37.099998474121094,374084.91128376446,338099.67174138327,-35985.2395423812,-0.09619537826021635,113
2024-03-26 00:00:00,BHEL,2,0.7320751649961748,0.248572679376634,1943.5375134485967,2024-01-24 00:00:00,203.89989474415756,239.0963134765625,396757.7387689195,464692.6545689645,67934.91580004501,0.17122518141886028,62
2024-03-26 00:00:00,MRPL,1,0.8650540179773464,0.16948801716514048,1460.6523330410444,2024-02-22 00:00:00,249.00537897510904,216.95855712890625,364142.242735794,316901.0226435556,-47241.22009223839,-0.12973287509110717,33
2024-03-26 00:00:00,KALYANKJIL,3,0.7054787137331063,0.20382778661700102,976.7687930280249,2024-03-22 00:00:00,381.77458453471866,398.78656005859375,373348.37569506007,389522.2669442306,16173.891249170527,0.04332117749021864,4
2024-03-26 00:00:00,TRENT,5,0.693670428049226,0.19430939865235813,93.22768775465379,2024-03-22 00:00:00,3999.9436768841015,3872.01513671875,373348.37569506007,360979.0181473087,-12369.357547751337,-0.03313087280672747,4
2024-03-27 00:00:00,SUZLON,17,0.5954251644617352,0.181646574684645,9113.199074043707,2023-12-04 00:00:00,41.0,38.5,374084.91128376446,350858.1643506827,-23226.74693308177,-0.062089504902439044,114
2024-03-27 00:00:00,BHEL,4,0.7301597328706337,0.2492577614688092,1943.5375134485967,2024-01-24 00:00:00,203.89989474415756,242.3866424560547,396757.7387689195,471087.5323721946,74329.79360327509,0.18734302154737908,63
2024-03-27 00:00:00,MRPL,1,0.8411054482601625,0.16908042933971623,1460.6523330410444,2024-02-22 00:00:00,249.00537897510904,213.03147888183594,364142.242735794,311164.9266399376,-52977.31609585637,-0.14548522494352417,34
2024-03-27 00:00:00,KALYANKJIL,3,0.735586439064691,0.20759506637689515,976.7687930280249,2024-03-22 00:00:00,381.77458453471866,413.012939453125,373348.37569506007,403418.15037458565,30069.77467952558,0.08054079416723024,5
2024-03-27 00:00:00,TRENT,6,0.6839665274653525,0.19242016812993437,93.22768775465379,2024-03-22 00:00:00,3999.9436768841015,3865.4814453125,373348.37569506007,360369.89720500156,-12978.478490058507,-0.03476238102254112,5
2024-03-28 00:00:00,SUZLON,13,0.6025199687520656,0.1845180837609967,9113.199074043707,2023-12-04 00:00:00,41.0,40.400001525878906,374084.91128376446,368173.256497004,-5911.654786760453,-0.015802975764173846,115
2024-03-28 00:00:00,BHEL,3,0.7415906614257938,0.254581271488313,1943.5375134485967,2024-01-24 00:00:00,203.89989474415756,246.57431030273438,396757.7387689195,479226.421926079,82468.68315715954,0.20785652073995495,64
2024-03-28 00:00:00,MRPL,1,0.813135229843217,0.16154522434337365,1460.6523330410444,2024-02-22 00:00:00,249.00537897510904,211.91639709472656,364142.242735794,309536.17982606473,-54606.062909729255,-0.14995805622405933,35
2024-03-28 00:00:00,KALYANKJIL,2,0.7758354846840934,0.21226481840887843,976.7687930280249,2024-03-22 00:00:00,381.77458453471866,425.59783935546875,373348.37569506007,415710.68786257645,42362.312167516386,0.11346590724722122,6
2024-03-28 00:00:00,TRENT,7,0.6748080441858982,0.18709060199843822,93.22768775465379,2024-03-22 00:00:00,3999.9436768841015,3938.098876953125,373348.37569506007,367139.8524475387,-6208.523247521371,-0.016629302955886726,6
2024-04-01 00:00:00,SUZLON,8,0.6360305257455793,0.18651374646416807,9113.199074043707,2023-12-04 00:00:00,41.0,41.349998474121094,374084.91128376446,376830.76780606905,2745.856522304588,0.00734019587393008,119
2024-04-01 00:00:00,BHEL,3,0.7400475012290537,0.24719470356948267,1943.5375134485967,2024-01-24 00:00:00,203.89989474415756,253.00537109375,396757.7387689195,491725.4298246863,94967.69105576683,0.23935939183048455,68
2024-04-01 00:00:00,MRPL,1,0.7970980593984922,0.15890146759224044,1460.6523330410444,2024-02-22 00:00:00,249.00537897510904,221.80679321289062,364142.242735794,323982.60999076115,-40159.63274503284,-0.11028556435340832,39
2024-04-01 00:00:00,KALYANKJIL,2,0.7905333841548492,0.21802090924842227,976.7687930280249,2024-03-22 00:00:00,381.77458453471866,423.7076110839844,373348.37569506007,413864.3718752912,40515.99618023116,0.10852061725138837,10
2024-04-01 00:00:00,TRENT,6,0.6807703339426541,0.18936917312568657,93.22768775465379,2024-03-22 00:00:00,3999.9436768841015,3877.052734375,373348.37569506007,361448.66172863916,-11899.71396642091,-0.03187294961245592,10
2024-04-02 00:00:00,SUZLON,6,0.6328738467109012,0.19233284981379753,9113.199074043707,2023-12-04 00:00:00,41.0,42.5,374084.91128376446,387310.96064685757,13226.049363093101,0.03535574134146351,120
2024-04-02 00:00:00,BHEL,4,0.7281689290360257,0.24827271967936193,1943.5375134485967,2024-01-24 00:00:00,203.89989474415756,251.4599151611328,396757.7387689195,488721.77824426314,91964.03947534366,0.23178889909165842,69
2024-04-02 00:00:00,MRPL,1,0.7932687244486618,0.16533117972221212,1460.6523330410444,2024-02-22 00:00:00,249.00537897510904,230.5821075439453,364142.242735794,336800.29334158474,-27341.949394209252,-0.0750859037632923,40
2024-04-02 00:00:00,KALYANKJIL,2,0.7577174886630588,0.21094764955202244,976.7687930280249,2024-03-22 00:00:00,381.77458453471866,426.3937072753906,373348.37569506007,416488.0668101283,43139.69111506821,0.11554808838997987,11
2024-04-02 00:00:00,TRENT,8,0.6252928657006537,0.183115601232606,93.22768775465379,2024-03-22 00:00:00,3999.9436768841015,3882.1396484375,373348.37569506007,361922.9029644927,-11425.472730567388,-0.030602711768322723,11
2024-04-03 00:00:00,SUZLON,7,0.6320223593077638,0.19471842558413996,9113.199074043707,2023-12-04 00:00:00,41.0,43.5,374084.91128376446,396424.1597209012,22339.24843713676,0.059717052902439,121
2024-04-03 00:00:00,BHEL,4,0.7065300889350796,0.2440946673573988,1943.5375134485967,2024-01-24 00:00:00,203.89989474415756,251.06109619140625,396757.7387689195,487946.65861552465,91188.91984660516,0.2298352645358623,70
2024-04-03 00:00:00,MRPL,1,0.8252215983621797,0.17014330698111532,1460.6523330410444,2024-02-22 00:00:00,249.00537897510904,230.48512268066406,364142.242735794,336658.6321747633,-27483.610561030684,-0.07547493077031334,41
2024-04-03 00:00:00,KALYANKJIL,2,0.768864265525957,0.20941147643986374,976.7687930280249,2024-03-22 00:00:00,381.77458453471866,426.6424255371094,373348.37569506007,416731.0070464313,43382.63135137124,0.11619879494749667,12
2024-04-03 00:00:00,TRENT,11,0.599094971971733,0.18163212363748224,93.22768775465379,2024-03-22 00:00:00,3999.9436768841015,3913.011962890625,373348.37569506007,364801.0574565921,-8547.318238467968,-0.02289367999139004,12
2024-04-04 00:00:00,SUZLON,6,0.6528712530740857,0.20040257060080155,9113.199074043707,2023-12-04 00:00:00,41.0,42.95000076293945,374084.91128376446,391411.90718299634,17326.99589923187,0.04631835013010822,122
2024-04-04 00:00:00,BHEL,4,0.7221290710457764,0.24227553776792637,1943.5375134485967,2024-01-24 00:00:00,203.89989474415756,250.76197814941406,396757.7387689195,487365.31147996354,90607.57271104405,0.22837001993253095,71
2024-04-04 00:00:00,MRPL,1,0.8364750993917061,0.16727495395587647,1460.6523330410444,2024-02-22 00:00:00,249.00537897510904,227.818603515625,364142.242735794,332763.77473525034,-31378.468000543653,-0.08617090883166369,42
2024-04-04 00:00:00,KALYANKJIL,2,0.7480194977570502,0.20852716972825927,976.7687930280249,2024-03-22 00:00:00,381.77458453471866,428.73162841796875,373348.37569506007,418771.675222759,45423.29952769895,0.12166465018934317,13
2024-04-04 00:00:00,TRENT,11,0.6091300160216148,0.18151976794713637,93.22768775465379,2024-03-22 00:00:00,3999.9436768841015,3993.16064453125,373348.37569506007,372273.13372253143,-1075.2419725286309,-0.002879996385485434,13
2024-04-05 00:00:00,SUZLON,6,0.658852170110577,0.19464199589819164,9113.199074043707,2023-12-04 00:00:00,41.0,42.650001525878906,374084.91128376446,388677.9544136023,14593.043129837839,0.03900997524802115,123
2024-04-05 00:00:00,BHEL,4,0.7240855971036217,0.24207607198825062,1943.5375134485967,2024-01-24 00:00:00,203.89989474415756,254.2018585205078,396757.7387689195,494050.8480229597,97293.10925404023,0.245220444989747,72
2024-04-05 00:00:00,MRPL,1,0.8350582304599635,0.16570703999491262,1460.6523330410444,2024-02-22 00:00:00,249.00537897510904,231.01844787597656,364142.242735794,337437.63486556604,-26704.60787022795,-0.0733356494692753,43
2024-04-05 00:00:00,KALYANKJIL,3,0.7396353348315973,0.21239762413166552,976.7687930280249,2024-03-22 00:00:00,381.77458453471866,428.283935546875,373348.37569506007,418334.3827974135,44986.00710235344,0.12049337838581273,14
2024-04-05 00:00:00,TRENT,7,0.6482782521824729,0.18517726798697962,93.22768775465379,2024-03-22 00:00:00,3999.9436768841015,3922.737548828125,373348.37569506007,365707.7513456044,-7640.62434945564,-0.020465133496914627,14
2024-04-08 00:00:00,SUZLON,6,0.6485902418014343,0.19480442061726602,9113.199074043707,2023-12-04 00:00:00,41.0,41.5,374084.91128376446,378197.76157281385,4112.850289049384,0.010994429780487872,126
2024-04-08 00:00:00,BHEL,3,0.741383078449482,0.24551578962665857,1943.5375134485967,2024-01-24 00:00:00,203.89989474415756,255.69747924804688,396757.7387689195,496957.6430128232,100199.9042439037,0.25254681749827784,75
2024-04-08 00:00:00,MRPL,1,0.8721647450117924,0.16860152293101344,1460.6523330410444,2024-02-22 00:00:00,249.00537897510904,226.07322692871094,364142.242735794,330214.3863515391,-33927.856384254876,-0.09317198721399504,46
2024-04-08 00:00:00,KALYANKJIL,5,0.732829589200905,0.20991034246045773,976.7687930280249,2024-03-22 00:00:00,381.77458453471866,431.2187805175781,373348.37569506007,421201.04777717154,47852.67208211147,0.12817163592321645,17
2024-04-08 00:00:00,TRENT,8,0.6445794625462541,0.18116792436460435,93.22768775465379,2024-03-22 00:00:00,3999.9436768841015,3921.989501953125,373348.37569506007,365638.01266511605,-7710.363029944012,-0.020651926007685673,17
2024-04-09 00:00:00,SUZLON,12,0.634853808231722,0.18914389325313075,9113.199074043707,2023-12-04 00:00:00,41.0,40.900001525878906,374084.91128376446,372729.85603402584,-1355.0552497386234,-0.003622319983686104,127
2024-04-09 00:00:00,BHEL,4,0.7578150691549808,0.24926482019421586,1943.5375134485967,2024-01-24 00:00:00,203.89989474415756,254.99951171875,396757.7387689195,495601.11693646567,98843.37816754618,0.2491277888472763,76
2024-04-09 00:00:00,MRPL,1,0.8662759422700493,0.16574857998179204,1460.6523330410444,2024-02-22 00:00:00,249.00537897510904,220.3038330078125,364142.242735794,321787.307660746,-42354.93507504801,-0.11631425883697578,47
2024-04-09 00:00:00,KALYANKJIL,5,0.746287785681881,0.21171981117034122,976.7687930280249,2024-03-22 00:00:00,381.77458453471866,423.5086669921875,373348.37569506007,413670.0494948667,40321.673799806624,0.10800013184667014,18
2024-04-09 00:00:00,TRENT,6,0.6612951639116409,0.18412289540052007,93.22768775465379,2024-03-22 00:00:00,3999.9436768841015,3892.563720703125,373348.37569506007,362894.7151188043,-10453.66057625576,-0.02799974837655113,18
2024-04-10 00:00:00,BHEL,4,0.7830092946200875,0.3114395801231102,1943.5375134485967,2024-01-24 00:00:00,203.89989474415756,261.7297058105469,396757.7387689195,508681.50162666297,111923.76285774348,0.28209597928707414,77
2024-04-10 00:00:00,MRPL,1,0.8629861812315534,0.20143117194177548,1460.6523330410444,2024-02-22 00:00:00,249.00537897510904,216.71615600585938,364142.242735794,316546.95887764543,-47595.283858148556,-0.13070519778360803,48
2024-04-10 00:00:00,KALYANKJIL,5,0.746411248426112,0.25846484163057215,976.7687930280249,2024-03-22 00:00:00,381.77458453471866,415.79852294921875,373348.37569506007,406139.0214039439,32790.64570888382,0.08782854792882842,19
2024-04-10 00:00:00,TRENT,6,0.6856823320075998,0.2286644063045422,93.22768775465379,2024-03-22 00:00:00,3999.9436768841015,4011.065185546875,373348.37569506007,373942.3326817265,593.9569866664242,0.0015908921139958319,19
2024-04-12 00:00:00,BHEL,3,0.8214083895394361,0.31358569207830456,1943.5375134485967,2024-01-24 00:00:00,203.89989474415756,261.7297058105469,396757.7387689195,508681.50162666297,111923.76285774348,0.28209597928707414,79
2024-04-12 00:00:00,MRPL,2,0.8345575757556905,0.19803960466400414,1460.6523330410444,2024-02-22 00:00:00,249.00537897510904,215.1647186279297,364142.242735794,314280.84825200535,-49861.39448378864,-0.1369283445644232,50
2024-04-12 00:00:00,KALYANKJIL,5,0.7419728491719103,0.2528704965336663,976.7687930280249,2024-03-22 00:00:00,381.77458453471866,425.5480651855469,373348.37569506007,415662.0700066979,42313.69431163784,0.11333568609442247,21
2024-04-12 00:00:00,TRENT,6,0.7217958971595788,0.23550420672402506,93.22768775465379,2024-03-22 00:00:00,3999.9436768841015,4043.68359375,373348.37569506007,376983.27145674126,3634.8957616811967,0.009735935652362587,21
2024-04-15 00:00:00,BHEL,2,0.8215749261840921,0.31261995509907287,1943.5375134485967,2024-01-24 00:00:00,203.89989474415756,255.74729919433594,396757.7387689195,497054.46994735394,100296.73117843445,0.2527908629826361,82
2024-04-15 00:00:00,MRPL,4,0.8059567192143705,0.19576859518452497,1460.6523330410444,2024-02-22 00:00:00,249.00537897510904,216.1343536376953,364142.242735794,315697.1478912178,-48445.094844576204,-0.13303893138189377,53
2024-04-15 00:00:00,KALYANKJIL,5,0.7641204528954747,0.2584903847560179,976.7687930280249,2024-03-22 00:00:00,381.77458453471866,416.6441345214844,373348.37569506007,406964.9883987563,33616.61270369624,0.0900408703830904,24
2024-04-15 00:00:00,TRENT,6,0.7455092588607424,0.23312106496038434,93.22768775465379,2024-03-22 00:00:00,3999.9436768841015,3959.24560546875,373348.37569506007,369111.3130506258,-4237.062644434278,-0.011348817673429455,24
2024-04-16 00:00:00,BHEL,3,0.8061088514753028,0.3118423921981146,1943.5375134485967,2024-01-24 00:00:00,203.89989474415756,256.99365234375,396757.7387689195,499476.804048245,102719.06527932553,0.25889618586406804,83
2024-04-16 00:00:00,MRPL,1,0.8284581476096751,0.1989592322819528,1460.6523330410444,2024-02-22 00:00:00,249.00537897510904,218.5584716796875,364142.242735794,319237.9415648206,-44904.3011709734,-0.12331527601304426,54
2024-04-16 00:00:00,KALYANKJIL,7,0.7081775923254355,0.2563332942865548,976.7687930280249,2024-03-22 00:00:00,381.77458453471866,411.12274169921875,373348.37569506007,401571.8641959183,28223.48850085825,0.07559558401269265,25
2024-04-16 00:00:00,TRENT,6,0.7231960711992225,0.2328650812333778,93.22768775465379,2024-03-22 00:00:00,3999.9436768841015,3978.197998046875,373348.37569506007,370878.20078810287,-2470.174906957196,-0.006616273346197071,25
2024-04-18 00:00:00,BHEL,3,0.7894833267530931,0.3146567088499251,1943.5375134485967,2024-01-24 00:00:00,203.89989474415756,252.4569854736328,396757.7387689195,490659.6218001528,93901.88303123333,0.2366730976000543,85
2024-04-18 00:00:00,MRPL,1,0.8370290784386383,0.19967798469575565,1460.6523330410444,2024-02-22 00:00:00,249.00537897510904,216.37677001953125,364142.242735794,316051.23394491384,-48091.00879088015,-0.1320665474831299,56
2024-04-18 00:00:00,KALYANKJIL,11,0.6594009853351822,0.2536988408490237,976.7687930280249,2024-03-22 00:00:00,381.77458453471866,400.079833984375,373348.37569506007,390785.4965557706,17437.120860710507,0.046704691906715654,27
2024-04-18 00:00:00,TRENT,5,0.7046539173875126,0.23196646560529563,93.22768775465379,2024-03-22 00:00:00,3999.9436768841015,4076.85009765625,373348.37569506007,380075.30792682664,6726.932231766579,0.018017842502309263,27
2024-04-19 00:00:00,BHEL,3,0.7919646785586499,0.41166869044143334,1943.5375134485967,2024-01-24 00:00:00,203.89989474415756,253.80303955078125,396757.7387689195,493275.7283942212,96517.98962530174,0.24326681043395088,86
2024-04-19 00:00:00,MRPL,2,0.8204980630442887,0.2662613565941785,1460.6523330410444,2024-02-22 00:00:00,249.00537897510904,220.1099090576172,364142.242735794,321504.0521904607,-42638.19054533332,-0.11709212923222907,57
2024-04-19 00:00:00,TRENT,5,0.7657009596046773,0.3220699529643881,93.22768775465379,2024-03-22 00:00:00,3999.9436768841015,4148.52001953125,373348.37569506007,386756.9290247896,13408.553329729533,0.035914320786227936,28
2024-04-22 00:00:00,BHEL,3,0.8004641483124263,0.4105360829486655,1943.5375134485967,2024-01-24 00:00:00,203.89989474415756,258.5889587402344,396757.7387689195,502577.34187525685,105819.60310633737,0.2667108735791265,89
2024-04-22 00:00:00,MRPL,1,0.8339545554061913,0.2668934108913594,1460.6523330410444,2024-02-22 00:00:00,249.00537897510904,216.4252471923828,364142.242735794,316122.0422405387,-48020.200495255296,-0.13187209518588233,60
2024-04-22 00:00:00,TRENT,5,0.7775676768139499,0.3225705061599752,93.22768775465379,2024-03-22 00:00:00,3999.9436768841015,4158.14599609375,373348.37569506007,387654.33656209195,14305.960867031885,0.03831799412652748,31
2024-04-23 00:00:00,BHEL,2,0.8160626862852635,0.25466471347615927,1943.5375134485967,2024-01-24 00:00:00,203.89989474415756,259.3865966796875,396757.7387689195,504127.58113273385,107369.84236381436,0.2706181426907187,90
2024-04-23 00:00:00,MRPL,4,0.7955261736317281,0.16092951673275813,1460.6523330410444,2024-02-22 00:00:00,249.00537897510904,217.73428344726562,364142.242735794,318034.08910026855,-46108.153635525436,-0.12662127109756816,61
2024-04-23 00:00:00,TRENT,5,0.7913826764010949,0.1981211004347937,93.22768775465379,2024-03-22 00:00:00,3999.9436768841015,4147.87109375,373348.37569506007,386696.4311746793,13348.055479619245,0.03575227950240647,32
2024-04-23 00:00:00,EIHOTEL,1,0.81947580566173,0.19314233467814446,798.3535471144751,2024-04-23 00:00:00,478.63387374225863,464.92596435546875,382572.86875508586,371175.2927888065,-11397.575966279372,-0.029791908671850515,0
2024-04-23 00:00:00,TORNTPOWER,3,0.8138625567290305,0.19314233467814446,264.30047228994204,2024-04-23 00:00:00,1445.775134491939,1458.9141845703125,382572.86875508586,385591.70801242924,3018.839257343381,0.007890886949633564,0
2024-04-24 00:00:00,BHEL,2,0.8261086605259093,0.25651426019413665,1943.5375134485967,2024-01-24 00:00:00,203.89989474415756,263.275146484375,396757.7387689195,511685.12355105724,114927.38478213776,0.28966639727996335,91
2024-04-24 00:00:00,MRPL,4,0.7922695541967157,0.16223904504974862,1460.6523330410444,2024-02-22 00:00:00,249.00537897510904,241.1512451171875,364142.242735794,352238.1287961727,-11904.113939621311,-0.03269083490612328,62
2024-04-24 00:00:00,TRENT,5,0.7875439360894789,0.1957836483483319,93.22768775465379,2024-03-22 00:00:00,3999.9436768841015,4211.16259765625,373348.37569506007,392596.9517383736,19248.576043313544,0.05155660850935431,33
2024-04-24 00:00:00,EIHOTEL,3,0.8009284428641504,0.18868816957312934,798.3535471144751,2024-04-23 00:00:00,478.63387374225863,451.6650695800781,382572.86875508586,360588.4104069616,-21984.458348124288,-0.057464760686409835,1
2024-04-24 00:00:00,TORNTPOWER,1,0.8410316144300795,0.1967748768346535,264.30047228994204,2024-04-23 00:00:00,1445.775134491939,1469.14404296875,382572.86875508586,388295.46441859554,5722.595663509681,0.014958184782238575,1
2024-04-25 00:00:00,BHEL,3,0.7900265920826866,0.2544949557664166,1943.5375134485967,2024-01-24 00:00:00,203.89989474415756,270.8030090332031,396757.7387689195,526315.8068107895,129558.06804187002,0.32654200632322766,92
2024-04-25 00:00:00,MRPL,1,0.8416086114678628,0.17614262287256727,1460.6523330410444,2024-02-22 00:00:00,249.00537897510904,242.4602813720703,364142.242735794,354150.1756559026,-9992.067079891392,-0.02744001081780893,63
2024-04-25 00:00:00,TRENT,4,0.7603796780480131,0.19586642561316447,93.22768775465379,2024-03-22 00:00:00,3999.9436768841015,4312.30810546875,373348.37569506007,402026.51355850324,28678.137863443175,0.07681334573922623,34
2024-04-25 00:00:00,EIHOTEL,5,0.7427163635938014,0.180136082647224,798.3535471144751,2024-04-23 00:00:00,478.63387374225863,453.00604248046875,382572.86875508586,361658.9808785728,-20913.887876513065,-0.054666416739294815,2
2024-04-25 00:00:00,TORNTPOWER,2,0.8113126137582333,0.19335991310062764,264.30047228994204,2024-04-23 00:00:00,1445.775134491939,1464.0047607421875,382572.86875508586,386937.14969888376,4364.280943797901,0.011407711576619437,2
2024-04-26 00:00:00,BHEL,3,0.8289562226583312,0.2592878268810384,1943.5375134485967,2024-01-24 00:00:00,203.89989474415756,278.03173828125,396757.7387689195,540365.1132789316,143607.3745100121,0.3619522960172233,93
2024-04-26 00:00:00,MRPL,2,0.8360550836246652,0.1733842152480738,1460.6523330410444,2024-02-22 00:00:00,249.00537897510904,243.3329620361328,364142.242735794,355424.85870386526,-8717.384031928726,-0.023939502229774774,64
2024-04-26 00:00:00,TRENT,4,0.813353186422973,0.19676432506920896,93.22768775465379,2024-03-22 00:00:00,3999.9436768841015,4294.05419921875,373348.37569506007,400324.7440863255,26976.368391265452,0.07225521830929017,35
2024-04-26 00:00:00,EIHOTEL,5,0.7673949231140689,0.18090145797929888,798.3535471144751,2024-04-23 00:00:00,478.63387374225863,471.730224609375,382572.86875508586,376607.4980980026,-5965.370657083287,-0.015592769755197087,3
2024-04-26 00:00:00,TORNTPOWER,1,0.8382068283439023,0.18966217482237993,264.30047228994204,2024-04-23 00:00:00,1445.775134491939,1444.611572265625,382572.86875508586,381811.5208253204,-761.3479297654703,-0.0019900729820254643,3
2024-04-29 00:00:00,BHEL,2,0.8225554494850972,0.2636089167218585,1943.5375134485967,2024-01-24 00:00:00,203.89989474415756,276.0874328613281,396757.7387689195,536586.2827577121,139828.54398879257,0.35242801923072714,96
2024-04-29 00:00:00,MRPL,1,0.8255245632371527,0.17253784445418707,1460.6523330410444,2024-02-22 00:00:00,249.00537897510904,242.84812927246094,364142.242735794,354716.6865964732,-9425.556139320775,-0.025884270027302366,67
2024-04-29 00:00:00,TRENT,4,0.7858907029855159,0.19560937085665644,93.22768775465379,2024-03-22 00:00:00,3999.9436768841015,4303.28076171875,373348.37569506007,401184.91517412435,27836.53947906429,0.07455915517843408,38
2024-04-29 00:00:00,EIHOTEL,5,0.7830654301344713,0.18215545167990266,798.3535471144751,2024-04-23 00:00:00,478.63387374225863,471.382568359375,382572.86875508586,376329.94549763855,-6242.9232574473135,-0.016318259258065387,6
2024-04-29 00:00:00,TORNTPOWER,3,0.8015871659133114,0.1860884162873954,264.30047228994204,2024-04-23 00:00:00,1445.775134491939,1488.343505859375,382572.86875508586,393369.89152830094,10797.022773215082,0.02822213401684551,6
2024-04-30 00:00:00,BHEL,1,0.8150010561556273,0.25939446800331195,1943.5375134485967,2024-01-24 00:00:00,203.89989474415756,280.87335205078125,396757.7387689195,545887.8962387476,149130.15746982815,0.3758720823759026,97
2024-04-30 00:00:00,MRPL,3,0.7909069527430345,0.17125260909114753,1460.6523330410444,2024-02-22 00:00:00,249.00537897510904,242.55723571777344,364142.242735794,354291.7922471523,-9850.450488641683,-0.027051106223313807,68
2024-04-30 00:00:00,TRENT,4,0.7526532330288219,0.198756601219846,93.22768775465379,2024-03-22 00:00:00,3999.9436768841015,4398.8408203125,373348.37569506007,410093.75847851887,36745.3827834588,0.0984211668660676,39
2024-04-30 00:00:00,EIHOTEL,5,0.7492599793235805,0.18166313360223743,798.3535471144751,2024-04-23 00:00:00,478.63387374225863,475.1572265625,382572.86875508586,379343.45726324816,-3229.4114918377018,-0.008441297738510293,7
2024-04-30 00:00:00,TORNTPOWER,2,0.8113109608452448,0.18893318808345708,264.30047228994204,2024-04-23 00:00:00,1445.775134491939,1455.5687255859375,382572.86875508586,384707.5016228323,2134.6328677464626,0.005579676558593088,7
2024-05-02 00:00:00,BHEL,1,0.8258230356055892,0.2635178530235508,1943.5375134485967,2024-01-24 00:00:00,203.89989474415756,291.8410949707031,396757.7387689195,567204.1160414761,170446.37727255665,0.4295981164763831,99
2024-05-02 00:00:00,MRPL,2,0.8049054667682717,0.1710328030729144,1460.6523330410444,2024-02-22 00:00:00,249.00537897510904,246.33888244628906,364142.242735794,359815.4633638957,-4326.779371898272,-0.011882113262639505,70
2024-05-02 00:00:00,TRENT,4,0.7694010699519321,0.19698658631048982,93.22768775465379,2024-03-22 00:00:00,3999.9436768841015,4635.046875,373348.37569506007,432114.7027906838,58766.32709562371,0.15740346261375546,41
2024-05-02 00:00:00,EIHOTEL,5,0.7413024311861265,0.18288246601115296,798.3535471144751,2024-04-23 00:00:00,478.63387374225863,464.031982421875,382572.86875508586,370461.57914106565,-12111.289614020206,-0.031657471303260576,9
2024-05-02 00:00:00,TORNTPOWER,3,0.7766990368962845,0.18558029158189193,264.30047228994204,2024-04-23 00:00:00,1445.775134491939,1460.3685302734375,382572.86875508586,385976.092268638,3403.2235135521623,0.008895621701106112,9
2024-05-03 00:00:00,BHEL,1,0.8262450764452586,0.2692001964051993,1943.5375134485967,2024-01-24 00:00:00,203.89989474415756,304.10498046875,396757.7387689195,591039.4375675684,194281.6987986489,0.4896733694507793,100
2024-05-03 00:00:00,MRPL,2,0.7872855415772096,0.16973190755404052,1460.6523330410444,2024-02-22 00:00:00,249.00537897510904,243.8662567138672,364142.242735794,356203.81681909633,-7938.425916697655,-0.02180034334126249,71
2024-05-03 00:00:00,TRENT,3,0.7796783058239009,0.20426119170343857,93.22768775465379,2024-03-22 00:00:00,3999.9436768841015,4512.30517578125,373348.37569506007,420671.7779814425,47323.40228638245,0.1267540060895693,42
2024-05-03 00:00:00,EIHOTEL,6,0.6794935237484788,0.1748132759032157,798.3535471144751,2024-04-23 00:00:00,478.63387374225863,474.014892578125,382572.86875508586,378431.47087483294,-4141.397880252916,-0.010825121744072609,10
2024-05-03 00:00:00,TORNTPOWER,4,0.7396359975577401,0.18199342843410593,264.30047228994204,2024-04-23 00:00:00,1445.775134491939,1439.2298583984375,382572.86875508586,380389.13130849344,-2183.737446592422,-0.005708030090315681,10
2024-05-06 00:00:00,BHEL,1,0.8787002783281622,0.27863512751658986,1943.5375134485967,2024-01-24 00:00:00,203.89989474415756,288.10211181640625,396757.7387689195,559937.2620189477,163179.52325002826,0.4112825215617726,103
2024-05-06 00:00:00,MRPL,2,0.7749499578920207,0.16786159987678756,1460.6523330410444,2024-02-22 00:00:00,249.00537897510904,222.09768676757812,364142.242735794,324407.50434008206,-39734.73839571193,-0.10911872815739687,74
2024-05-06 00:00:00,TRENT,3,0.7656991799569736,0.19765136773461245,93.22768775465379,2024-03-22 00:00:00,3999.9436768841015,4497.74169921875,373348.37569506007,419314.05873585155,45965.68304079148,0.12311740463640022,45
2024-05-06 00:00:00,EIHOTEL,5,0.7074700730282386,0.17835730419807685,798.3535471144751,2024-04-23 00:00:00,478.63387374225863,479.1305236816406,382572.86875508586,382515.5531120538,-57.315643032081425,-0.00014981627740249807,13
2024-05-06 00:00:00,TORNTPOWER,4,0.7506031078943572,0.17749460067393336,264.30047228994204,2024-04-23 00:00:00,1445.775134491939,1396.90380859375,382572.86875508586,369202.3363549469,-13370.532400138967,-0.03494898225179284,13
2024-05-07 00:00:00,BHEL,1,0.8489104254378326,0.2720507070735158,1943.5375134485967,2024-01-24 00:00:00,203.89989474415756,279.4276123046875,396757.7387689195,543078.0468075308,146320.3080386113,0.3687900543354783,104
2024-05-07 00:00:00,MRPL,6,0.73830974834306,0.15848556368959665,1460.6523330410444,2024-02-22 00:00:00,249.00537897510904,208.18324279785156,364142.242735794,304083.33929273207,-60058.90344306192,-0.16493253568122304,75
2024-05-07 00:00:00,TRENT,2,0.8250627038116883,0.20402320500229987,93.22768775465379,2024-03-22 00:00:00,3999.9436768841015,4492.6552734375,373348.37569506007,418839.86302133,45491.48732626991,0.12184728871949349,46
2024-05-07 00:00:00,EIHOTEL,3,0.7698876858239905,0.18603963223526235,798.3535471144751,2024-04-23 00:00:00,478.63387374225863,488.8154602050781,382572.86875508586,390247.55653911864,7674.68778403278,0.02006072152739596,14
2024-05-07 00:00:00,TORNTPOWER,5,0.7438242239041806,0.1794008919993253,264.30047228994204,2024-04-23 00:00:00,1445.775134491939,1331.3543701171875,382572.86875508586,351877.58880725096,-30695.279947834904,-0.08023381283602027,14
2024-05-08 00:00:00,BHEL,2,0.844841324728437,0.26986880115336104,1943.5375134485967,2024-01-24 00:00:00,203.89989474415756,285.4598693847656,396757.7387689195,554801.9647334286,158044.22596450907,0.3983393656161488,105
2024-05-08 00:00:00,MRPL,8,0.6939677263428611,0.1520162619382844,1460.6523330410444,2024-02-22 00:00:00,249.00537897510904,215.01927185058594,364142.242735794,314068.4010773449,-50073.84165844909,-0.13751176266242893,76
2024-05-08 00:00:00,TRENT,1,0.8449490428780748,0.20808634398860046,93.22768775465379,2024-03-22 00:00:00,3999.9436768841015,4487.318359375,373348.37569506007,418342.3148635378,44993.93916847772,0.12051462413546817,47
2024-05-08 00:00:00,EIHOTEL,3,0.8242686817940703,0.19539829848189202,798.3535471144751,2024-04-23 00:00:00,478.63387374225863,480.3721618652344,382572.86875508586,383506.81936015864,933.9506050727796,0.002441235856875864,15
2024-05-08 00:00:00,TORNTPOWER,7,0.7092440492042795,0.17463029443786204,264.30047228994204,2024-04-23 00:00:00,1445.775134491939,1290.53125,382572.86875508586,341088.01887992927,-41484.84987515659,-0.10843646599966872,15
2024-05-09 00:00:00,BHEL,1,0.8282594941833917,0.2754081343500366,1943.5375134485967,2024-01-24 00:00:00,203.89989474415756,272.3484191894531,396757.7387689195,529319.3694231258,132561.63065420627,0.33411227482424255,106
2024-05-09 00:00:00,MRPL,8,0.6823043757660062,0.15589126726951208,1460.6523330410444,2024-02-22 00:00:00,249.00537897510904,207.94082641601562,364142.242735794,303729.2532390361,-60412.98949675792,-0.16590491957998676,77
2024-05-09 00:00:00,TRENT,2,0.8171207773888866,0.20806962374452573,93.22768775465379,2024-03-22 00:00:00,3999.9436768841015,4396.8955078125,373348.37569506007,409912.4014921836,36564.025797123555,0.09793540879628193,48
2024-05-09 00:00:00,EIHOTEL,5,0.755971672176709,0.1908708318715709,798.3535471144751,2024-04-23 00:00:00,478.63387374225863,474.362548828125,382572.86875508586,378709.02347519697,-3863.84527988889,-0.01009963224120431,16
2024-05-09 00:00:00,TORNTPOWER,10,0.6569689881667529,0.16976014276435475,264.30047228994204,2024-04-23 00:00:00,1445.775134491939,1281.1739501953125,382572.86875508586,338614.8801221918,-43957.98863289406,-0.11490095671430096,16
2024-05-10 00:00:00,BHEL,2,0.8175147390882213,0.27057869827572845,1943.5375134485967,2024-01-24 00:00:00,203.89989474415756,273.49505615234375,396757.7387689195,531547.9013748105,134790.162605891,0.3397291330072727,107
2024-05-10 00:00:00,MRPL,9,0.6750926524239835,0.15679793830048314,1460.6523330410444,2024-02-22 00:00:00,249.00537897510904,204.1592254638672,364142.242735794,298205.6489856502,-65936.59375014377,-0.18107372892187226,78
2024-05-10 00:00:00,TRENT,1,0.8260367097570325,0.20935114719788828,93.22768775465379,2024-03-22 00:00:00,3999.9436768841015,4460.18603515625,373348.37569506007,415812.83101321413,42464.45531815407,0.11373949394877717,49
2024-05-10 00:00:00,EIHOTEL,4,0.7742776377509107,0.19119434320490183,798.3535471144751,2024-04-23 00:00:00,478.63387374225863,482.5574951171875,382572.86875508586,385251.48791348265,2678.6191583967884,0.007001592055163685,17
2024-05-10 00:00:00,TORNTPOWER,11,0.6673365911891466,0.17207787302099825,264.30047228994204,2024-04-23 00:00:00,1445.775134491939,1286.7010498046875,382572.86875508586,340075.69515934313,-42497.17359574273,-0.1110825598637744,17
2024-05-13 00:00:00,BHEL,2,0.8089281114695991,0.26932029989399026,1943.5375134485967,2024-01-24 00:00:00,203.89989474415756,282.4686584472656,396757.7387689195,548988.4340657595,152230.69529684004,0.3836867700909612,110
2024-05-13 00:00:00,MRPL,13,0.6499169304514842,0.1512166339738387,1460.6523330410444,2024-02-22 00:00:00,249.00537897510904,199.16552734375,364142.242735794,290911.5921759984,-73230.65055979561,-0.20110451896383974,81
2024-05-13 00:00:00,TRENT,1,0.8297656445790447,0.21080635591785948,93.22768775465379,2024-03-22 00:00:00,3999.9436768841015,4454.50048828125,373348.37569506007,415282.7806244372,41934.40492937714,0.11231977332513675,52
2024-05-13 00:00:00,EIHOTEL,3,0.7776564041195315,0.19606878745394735,798.3535471144751,2024-04-23 00:00:00,478.63387374225863,471.0845947265625,382572.86875508586,376092.0571909361,-6480.8115641497425,-0.0169400710124549,20
2024-05-13 00:00:00,TORNTPOWER,12,0.6527892949167405,0.17258792276036422,264.30047228994204,2024-04-23 00:00:00,1445.775134491939,1275.259033203125,382572.86875508586,337051.5647676008,-45521.303987485066,-0.11898727720973526,20
2024-05-14 00:00:00,BHEL,2,0.7989758216303127,0.27865421148994984,1943.5375134485967,2024-01-24 00:00:00,203.89989474415756,287.4041442871094,396757.7387689195,558580.7359425903,161822.9971736708,0.4078634929107712,111
2024-05-14 00:00:00,MRPL,17,0.6090886495283986,0.14772651426974384,1460.6523330410444,2024-02-22 00:00:00,249.00537897510904,203.57742309570312,364142.242735794,297355.83799922257,-66786.40473657142,-0.18340746252015802,82
2024-05-14 00:00:00,TRENT,1,0.8078602716578136,0.21051823980543197,93.22768775465379,2024-03-22 00:00:00,3999.9436768841015,4528.9638671875,373348.37569506007,422224.8292622655,48876.45356720546,0.130913797271014,53
2024-05-14 00:00:00,EIHOTEL,7,0.7266211976771879,0.192332615971864,798.3535471144751,2024-04-23 00:00:00,478.63387374225863,471.13421630859375,382572.86875508586,376131.67275696417,-6441.195998121693,-0.016836520632217637,21
2024-05-14 00:00:00,TORNTPOWER,14,0.6148342195000488,0.17076841846301039,264.30047228994204,2024-04-23 00:00:00,1445.775134491939,1318.5546875,382572.86875508586,348494.6266463669,-34078.24210871896,-0.08907647376985074,21
2024-05-15 00:00:00,BHEL,1,0.8136047554236125,0.32701115747487375,1943.5375134485967,2024-01-24 00:00:00,203.89989474415756,290.49505615234375,396757.7387689195,564588.0391034366,167830.30033451715,0.4230044783884234,112
2024-05-15 00:00:00,TRENT,2,0.8103831741489946,0.24672502891363196,93.22768775465379,2024-03-22 00:00:00,3999.9436768841015,4515.64697265625,373348.37569506007,420983.32597704453,47634.950281984464,0.1275884760267212,54
2024-05-15 00:00:00,EIHOTEL,5,0.709906911140125,0.22182166991235042,798.3535471144751,2024-04-23 00:00:00,478.63387374225863,477.0445556640625,382572.86875508586,380850.21314605296,-1722.6556090328959,-0.004502816978732748,22
2024-05-15 00:00:00,TORNTPOWER,15,0.6305414104413719,0.2044421436991439,264.30047228994204,2024-04-23 00:00:00,1445.775134491939,1324.3726806640625,382572.86875508586,350032.3249874083,-32540.543767677562,-0.08505711310257406,22
2024-05-16 00:00:00,BHEL,1,0.813452696079838,0.3295548647859093,1943.5375134485967,2024-01-24 00:00:00,203.89989474415756,293.9349060058594,396757.7387689195,571273.5163343749,174515.7775654554,0.4398547539537654,113
2024-05-16 00:00:00,TRENT,2,0.7887204519510699,0.24401539274822415,93.22768775465379,2024-03-22 00:00:00,3999.9436768841015,4585.1220703125,373348.37569506007,427460.32868806546,54111.9529930054,0.14493689142818836,55
2024-05-16 00:00:00,EIHOTEL,6,0.7017257933197848,0.22170431661160953,798.3535471144751,2024-04-23 00:00:00,478.63387374225863,478.4351806640625,382572.86875508586,381960.423547509,-612.4452075768495,-0.0016008589672597052,23
2024-05-16 00:00:00,TORNTPOWER,18,0.6193099098866628,0.20472542585425704,264.30047228994204,2024-04-23 00:00:00,1445.775134491939,1298.094482421875,382572.86875508586,343086.98478106945,-39485.88397401641,-0.10321140676416954,23
2024-05-17 00:00:00,BHEL,1,0.8133916582052635,0.41365964799845406,1943.5375134485967,2024-01-24 00:00:00,203.89989474415756,299.01995849609375,396757.7387689195,581156.5066070006,184398.7678380811,0.4647641364482094,114
2024-05-17 00:00:00,TRENT,3,0.7533993426530607,0.30912083522908845,93.22768775465379,2024-03-22 00:00:00,3999.9436768841015,4622.92724609375,373348.37569506007,430984.81781130965,57636.442116249586,0.15437710692847725,56
2024-05-17 00:00:00,EIHOTEL,7,0.6819899642209732,0.2772195167724575,798.3535471144751,2024-04-23 00:00:00,478.63387374225863,479.52783203125,382572.86875508586,382832.7456422626,259.8768871767679,0.0006792872898238243,24
2024-05-21 00:00:00,BHEL,1,0.8225941260734642,0.42500795169361916,1943.5375134485967,2024-01-24 00:00:00,203.89989474415756,318.2633361816406,396757.7387689195,618556.7330243206,221798.99425540108,0.5590287789813767,118
2024-05-21 00:00:00,TRENT,3,0.7196664714694704,0.30668484812731944,93.22768775465379,2024-03-22 00:00:00,3999.9436768841015,4655.59521484375,373348.37569506007,434030.37700151344,60682.00130645337,0.1625345260803187,60
2024-05-21 00:00:00,EIHOTEL,7,0.6536038052716864,0.26830720017906146,798.3535471144751,2024-04-23 00:00:00,478.63387374225863,477.2928466796875,382572.86875508586,381048.4371590938,-1524.431595992064,-0.003984682972822021,28
2024-05-22 00:00:00,BHEL,1,0.7916650872235895,0.2860489146922111,1943.5375134485967,2024-01-24 00:00:00,203.89989474415756,301.0639343261719,396757.7387689195,585129.0503093397,188371.31154042017,0.4747766536952964,119
2024-05-22 00:00:00,TRENT,4,0.6534383820311297,0.21283516212149314,93.22768775465379,2024-03-22 00:00:00,3999.9436768841015,4637.416015625,373348.37569506007,432335.57229311817,58987.1965980581,0.1579950535160145,61
2024-05-22 00:00:00,EIHOTEL,7,0.5996049145799183,0.18718056552161927,798.3535471144751,2024-04-23 00:00:00,478.63387374225863,477.7895202636719,382572.86875508586,381444.9582766258,-1127.9104784600786,-0.002948223908638279,29
2024-05-22 00:00:00,HINDZINC,2,0.7574795271622377,0.15696767883233825,450.3285597569033,2024-05-22 00:00:00,713.122259750234,717.114990234375,321520.7163972402,322937.3607323319,1416.6443350916961,0.004406074827668106,0
2024-05-22 00:00:00,CUMMINSIND,3,0.6675617223613708,0.15696767883233825,86.98220882263827,2024-05-22 00:00:00,3692.0115562796605,3639.720458984375,321520.7163972402,316590.9250194077,-4929.791377832473,-0.015332733246779954,0
2024-05-23 00:00:00,BHEL,2,0.7201892882751637,0.2884759608977535,1943.5375134485967,2024-01-24 00:00:00,203.89989474415756,303.9055480957031,396757.7387689195,590651.8332691557,193894.0945002362,0.4886964400539757,120
2024-05-23 00:00:00,TRENT,4,0.6428468312259688,0.21208979145709198,93.22768775465379,2024-03-22 00:00:00,3999.9436768841015,4688.90966796875,373348.37569506007,437136.206435168,63787.83074010792,0.17085337687985,62
2024-05-23 00:00:00,EIHOTEL,6,0.600182488516287,0.18761941597901244,798.3535471144751,2024-04-23 00:00:00,478.63387374225863,479.0808410644531,382572.86875508586,382475.88881839224,-96.9799366936204,-0.0002534940258811313,30
2024-05-23 00:00:00,HINDZINC,1,0.7810357248555498,0.15544068733150865,450.3285597569033,2024-05-22 00:00:00,713.122259750234,687.9586791992188,321520.7163972402,309807.4411760456,-11713.275221194548,-0.036430856936517736,1
2024-05-23 00:00:00,CUMMINSIND,3,0.6585734601327585,0.15637414433463348,86.98220882263827,2024-05-22 00:00:00,3692.0115562796605,3663.794921875,321520.7163972402,318684.9749778529,-2835.741419387283,-0.008819778243725087,1
2024-05-24 00:00:00,BHEL,2,0.7178038347066603,0.28956581732544573,1943.5375134485967,2024-01-24 00:00:00,203.89989474415756,304.7530517578125,396757.7387689195,592298.9884292504,195541.24966033094,0.4928479788877376,121
2024-05-24 00:00:00,TRENT,5,0.6327082698719396,0.21473616012264612,93.22768775465379,2024-03-22 00:00:00,3999.9436768841015,4705.7255859375,373348.37569506007,438703.9155848665,65355.539889806416,0.17505242862817996,63
2024-05-24 00:00:00,EIHOTEL,7,0.613226281229356,0.1873913669184988,798.3535471144751,2024-04-23 00:00:00,478.63387374225863,468.7999267578125,382572.86875508586,374268.08441410575,-8304.784340980113,-0.02170771902357938,31
2024-05-24 00:00:00,HINDZINC,1,0.7581827559444959,0.15169795744071582,450.3285597569033,2024-05-22 00:00:00,713.122259750234,689.5836791992188,321520.7163972402,310539.2250856506,-10981.491311589547,-0.03415484835515815,2
2024-05-24 00:00:00,CUMMINSIND,3,0.6723941495127116,0.15660869819269352,86.98220882263827,2024-05-22 00:00:00,3692.0115562796605,3619.788330078125,321520.7163972402,314857.18442060455,-6663.531976635626,-0.02072504705545258,2
2024-05-27 00:00:00,BHEL,2,0.71928918834018,0.29196847998198555,1943.5375134485967,2024-01-24 00:00:00,203.89989474415756,297.6739196777344,396757.7387689195,578540.4296689612,181782.69090004172,0.45817049836025,124
2024-05-27 00:00:00,TRENT,5,0.6438746777847799,0.21711813069183686,93.22768775465379,2024-03-22 00:00:00,3999.9436768841015,4672.39404296875,373348.37569506007,435596.49290459504,62248.117209534976,0.1667293103757264,66
2024-05-27 00:00:00,EIHOTEL,7,0.6060961423232485,0.18277301346659428,798.3535471144751,2024-04-23 00:00:00,478.63387374225863,440.98681640625,382572.86875508586,352063.38910864946,-30509.479646436404,-0.07974815293545516,34
2024-05-27 00:00:00,HINDZINC,1,0.7687949980531797,0.15296726334573987,450.3285597569033,2024-05-22 00:00:00,713.122259750234,656.38818359375,321520.7163972402,295590.34535922325,-25930.37103801692,-0.08064914550009848,5
2024-05-27 00:00:00,CUMMINSIND,4,0.6643804494937373,0.15517311251384341,86.98220882263827,2024-05-22 00:00:00,3692.0115562796605,3708.873291015625,321520.7163972402,322605.9910958267,1085.2746985865524,0.0033754425243494764,5
2024-05-28 00:00:00,BHEL,2,0.7238476565392249,0.29193410138426634,1943.5375134485967,2024-01-24 00:00:00,203.89989474415756,290.6446228027344,396757.7387689195,564878.7274992317,168120.9887303122,0.4237371380630577,125
2024-05-28 00:00:00,TRENT,6,0.6506707429511684,0.21955523493565943,93.22768775465379,2024-03-22 00:00:00,3999.9436768841015,4606.42919921875,373348.37569506007,429446.7430486855,56098.36735362542,0.15025742980450224,67
2024-05-28 00:00:00,EIHOTEL,11,0.5802792323299936,0.1764746125904852,798.3535471144751,2024-04-23 00:00:00,478.63387374225863,427.6762390136719,382572.86875508586,341436.842433143,-41136.02632194286,-0.10752468269849312,35
2024-05-28 00:00:00,HINDZINC,1,0.7579341151824112,0.1499761503681768,450.3285597569033,2024-05-22 00:00:00,713.122259750234,665.1165161132812,321520.7163972402,299520.9627718231,-21999.75362541707,-0.06842406259830637,6
2024-05-28 00:00:00,CUMMINSIND,3,0.7010047635944547,0.1620599007214122,86.98220882263827,2024-05-22 00:00:00,3692.0115562796605,3735.23828125,321520.7163972402,324899.27618199994,3378.5597847597674,0.010508062505638183,6
2024-05-29 00:00:00,BHEL,3,0.6941404827043146,0.28588512509650765,1943.5375134485967,2024-01-24 00:00:00,203.89989474415756,293.2369689941406,396757.7387689195,569917.0495700754,173159.31080115587,0.4364358747946381,126
2024-05-29 00:00:00,TRENT,6,0.6296505732118233,0.21932487014997232,93.22768775465379,2024-03-22 00:00:00,3999.9436768841015,4662.46435546875,373348.37569506007,434670.7710988437,61322.39540378365,0.1642497983006359,68
2024-05-29 00:00:00,EIHOTEL,14,0.5494535302424368,0.17689739578933025,798.3535471144751,2024-04-23 00:00:00,478.63387374225863,433.6361999511719,382572.86875508586,346194.99838825985,-36377.87036682601,-0.09508742866477098,36
2024-05-29 00:00:00,HINDZINC,1,0.7651497976494659,0.15261120142887993,450.3285597569033,2024-05-22 00:00:00,713.122259750234,660.9380493164062,321520.7163972402,297639.27983719436,-23881.43656004581,-0.07427650954391442,7
2024-05-29 00:00:00,CUMMINSIND,2,0.712189645365564,0.16528140753530993,86.98220882263827,2024-05-22 00:00:00,3692.0115562796605,3737.528564453125,321520.7163972402,325098.49007383717,3577.7736765969894,0.011127661435590469,7
2024-05-30 00:00:00,BHEL,2,0.7092890087208465,0.2882115402886455,1943.5375134485967,2024-01-24 00:00:00,203.89989474415756,289.89678955078125,396757.7387689195,563425.2855202565,166667.546751337,0.42007383968988665,127
2024-05-30 00:00:00,TRENT,5,0.6345565236104078,0.21997681292757973,93.22768775465379,2024-03-22 00:00:00,3999.9436768841015,4641.806640625,373348.37569506007,432744.90010966593,59396.52441460587,0.15909142313536995,69
2024-05-30 00:00:00,EIHOTEL,15,0.5355542904619189,0.17531198123231873,798.3535471144751,2024-04-23 00:00:00,478.63387374225863,413.1737365722656,382572.86875508586,329858.71816701,-52714.15058807586,-0.13778852316321005,37
2024-05-30 00:00:00,HINDZINC,1,0.7611097186462353,0.14970711427840094,450.3285597569033,2024-05-22 00:00:00,713.122259750234,618.8749389648438,321520.7163972402,278697.0599336795,-42823.65646356065,-0.13319097115550044,8
2024-05-30 00:00:00,CUMMINSIND,3,0.7022947326546646,0.16679255127305515,86.98220882263827,2024-05-22 00:00:00,3692.0115562796605,3505.702880859375,321520.7163972402,304933.7800530347,-16586.93634420546,-0.051589012770524655,8
2024-05-31 00:00:00,BHEL,2,0.7392654483856833,0.3565754389730631,1943.5375134485967,2024-01-24 00:00:00,203.89989474415756,298.02288818359375,396757.7387689195,579218.6630511109,182460.92428219144,0.4598799379398135,128
2024-05-31 00:00:00,TRENT,5,0.6585024465784844,0.27312536185546094,93.22768775465379,2024-03-22 00:00:00,3999.9436768841015,4549.7958984375,373348.37569506007,424166.95136693574,50818.575671875675,0.13611570045608767,70
2024-05-31 00:00:00,HINDZINC,1,0.7403228596926749,0.17862058547428372,450.3285597569033,2024-05-22 00:00:00,713.122259750234,638.1422729492188,321520.7163972402,287373.69069721835,-34147.025700021826,-0.10620474500881938,9
2024-05-31 00:00:00,CUMMINSIND,4,0.6658336947459219,0.1916786136971922,86.98220882263827,2024-05-22 00:00:00,3692.0115562796605,3461.355224609375,321520.7163972402,301076.32295630267,-20444.393440937507,-0.06358655103168648,9
2024-06-03 00:00:00,BHEL,2,0.736369453555547,0.36899832759504986,1943.5375134485967,2024-01-24 00:00:00,203.89989474415756,310.53607177734375,396757.7387689195,603538.5047782336,206780.7660093141,0.521176390033183,131
2024-06-03 00:00:00,TRENT,9,0.6334736187376243,0.2627363482935267,93.22768775465379,2024-03-22 00:00:00,3999.9436768841015,4652.634765625,373348.37569506007,433754.3811661343,60406.005471074255,0.16179528130694773,73
2024-06-03 00:00:00,HINDZINC,1,0.7488613131038061,0.18412882116928572,450.3285597569033,2024-05-22 00:00:00,713.122259750234,646.6384887695312,321520.7163972402,291199.7793309635,-30320.937066276674,-0.09430476955274954,12
2024-06-03 00:00:00,CUMMINSIND,6,0.6443161170678093,0.18413650294213765,86.98220882263827,2024-05-22 00:00:00,3692.0115562796605,3618.228759765625,321520.7163972402,314721.52955000906,-6799.186847231118,-0.0211469634784923,12
2024-06-04 00:00:00,BHEL,4,0.7504419490767941,0.3668599254253876,1943.5375134485967,2024-01-24 00:00:00,203.89989474415756,245.82650756835938,396757.7387689195,477773.0392591618,81015.30049024231,0.20419337185865813,132
2024-06-04 00:00:00,TRENT,9,0.6535335968303467,0.2652870181097464,93.22768775465379,2024-03-22 00:00:00,3999.9436768841015,4528.8388671875,373348.37569506007,422213.1758012962,48864.80010623613,0.13088258390106794,74
2024-06-04 00:00:00,HINDZINC,2,0.7652512574930517,0.17630403821416052,450.3285597569033,2024-05-22 00:00:00,713.122259750234,593.6649780273438,321520.7163972402,267344.2945331674,-54176.42186407279,-0.1685005634198003,13
2024-06-04 00:00:00,CUMMINSIND,6,0.6843721893110937,0.19154901825070555,86.98220882263827,2024-05-22 00:00:00,3692.0115562796605,3163.690185546875,321520.7163972402,275184.76036936947,-46335.95602787071,-0.14411499373067593,13
2024-06-05 00:00:00,BHEL,17,0.5920205452446566,0.33537385106708617,1943.5375134485967,2024-01-24 00:00:00,203.89989474415756,254.60069274902344,396757.7387689195,494825.9973077272,98068.25853880768,0.24717415429148015,133
2024-06-05 00:00:00,TRENT,2,0.7285392272497169,0.2957619026684549,93.22768775465379,2024-03-22 00:00:00,3999.9436768841015,4893.73876953125,373348.37569506007,456231.949958703,82883.57426364295,0.22200062906217063,75
2024-06-05 00:00:00,HINDZINC,1,0.793324139544976,0.18134495266531336,450.3285597569033,2024-05-22 00:00:00,713.122259750234,628.4853515625,321520.7163972402,283024.90319745167,-38495.81319978851,-0.11973042866770292,14
2024-06-05 00:00:00,CUMMINSIND,9,0.6464732914791642,0.18751929359914554,86.98220882263827,2024-05-22 00:00:00,3692.0115562796605,3317.88330078125,321520.7163972402,288596.818117699,-32923.89827954117,-0.1024005502614754,14
2024-06-06 00:00:00,BHEL,16,0.5880688112027718,0.3357293456401394,1943.5375134485967,2024-01-24 00:00:00,203.89989474415756,277.1343688964844,396757.7387689195,538621.0422162194,141863.30344729987,0.35755648746129237,134
2024-06-06 00:00:00,TRENT,3,0.7499884103966397,0.2932301975502957,93.22768775465379,2024-03-22 00:00:00,3999.9436768841015,4868.44140625,373348.37569506007,453873.5352737026,80525.15957864252,0.21568370139210968,76
2024-06-06 00:00:00,HINDZINC,1,0.8080495264678641,0.18304362356461104,450.3285597569033,2024-05-22 00:00:00,713.122259750234,638.6529541015625,321520.7163972402,287603.66500504833,-33917.05139219185,-0.10548947443338982,15
2024-06-06 00:00:00,CUMMINSIND,4,0.6572982910511433,0.18799683324495386,86.98220882263827,2024-05-22 00:00:00,3692.0115562796605,3416.520263671875,321520.7163972402,297176.47902148217,-24344.237375758006,-0.07571592166297801,15
2024-06-07 00:00:00,BHEL,11,0.5446465900962175,0.342426481213335,1943.5375134485967,2024-01-24 00:00:00,203.89989474415756,284.6622009277344,396757.7387689195,553251.6661638936,156493.92739497416,0.39443194701268247,135
2024-06-07 00:00:00,TRENT,3,0.6555830965049613,0.28746259288145454,93.22768775465379,2024-03-22 00:00:00,3999.9436768841015,4954.4140625,373348.37569506007,461888.5672260158,88540.19153095572,0.23715167199032558,77
2024-06-07 00:00:00,HINDZINC,2,0.6970900635582594,0.1832407714994663,450.3285597569033,2024-05-22 00:00:00,713.122259750234,638.9779663085938,321520.7163972402,287750.02728414413,-33770.68911309604,-0.10503425561969766,16
2024-06-07 00:00:00,CUMMINSIND,5,0.5818009602702765,0.18687015440574412,86.98220882263827,2024-05-22 00:00:00,3692.0115562796605,3515.205810546875,321520.7163972402,305760.3658675397,-15760.35052970046,-0.049018149456436524,16
2024-06-10 00:00:00,BHEL,15,0.5496546301494485,0.34486518827409784,1943.5375134485967,2024-01-24 00:00:00,203.89989474415756,283.6153259277344,396757.7387689195,551217.0253295022,154459.2865605827,0.3893037777658654,138
2024-06-10 00:00:00,TRENT,3,0.6736784822236153,0.2884871464169438,93.22768775465379,2024-03-22 00:00:00,3999.9436768841015,4959.25439453125,373348.37569506007,462339.820189254,88991.44449419394,0.23836033658515104,80
2024-06-10 00:00:00,HINDZINC,2,0.7190721257773156,0.17702127873727033,450.3285597569033,2024-05-22 00:00:00,713.122259750234,621.7999267578125,321520.7163972402,280014.26547379367,-41506.45092344651,-0.1290941728064736,19
2024-06-10 00:00:00,CUMMINSIND,4,0.6124618299054673,0.189626386571688,86.98220882263827,2024-05-22 00:00:00,3692.0115562796605,3454.2890625,321520.7163972402,300461.6925681304,-21059.023829109792,-0.06549818644684556,19
2024-06-11 00:00:00,BHEL,18,0.5033747753331205,0.34597982281621437,1943.5375134485967,2024-01-24 00:00:00,203.89989474415756,294.3337707519531,396757.7387689195,572048.7249312003,175290.98616228078,0.4418086127473726,139
2024-06-11 00:00:00,TRENT,3,0.6426220364412409,0.2909190204192147,93.22768775465379,2024-03-22 00:00:00,3999.9436768841015,4896.53369140625,373348.37569506007,456492.5140625642,83144.13836750411,0.22269854050580842,81
2024-06-11 00:00:00,HINDZINC,2,0.6694919365954776,0.1755206003065902,450.3285597569033,2024-05-22 00:00:00,713.122259750234,646.7777709960938,321520.7163972402,291262.5020954511,-30258.214301789063,-0.09410968798789597,20
2024-06-11 00:00:00,CUMMINSIND,5,0.5724513697692541,0.18758055645798072,86.98220882263827,2024-05-22 00:00:00,3692.0115562796605,3475.293212890625,321520.7163972402,302288.67996354983,-19232.036433690344,-0.05981585463354431,20
2024-06-12 00:00:00,BHEL,15,0.527789833239165,0.35171306252500567,1943.5375134485967,2024-01-24 00:00:00,203.89989474415756,294.28387451171875,396757.7387689195,571951.7497165247,175194.01094760525,0.4415641935333292,140
2024-06-12 00:00:00,TRENT,3,0.6478682522699987,0.28257495139863154,93.22768775465379,2024-03-22 00:00:00,3999.9436768841015,5017.73388671875,373348.37569506007,467791.728026961,94443.35233190091,0.2529630727764019,82
2024-06-12 00:00:00,HINDZINC,2,0.6987134535926478,0.179781369477626,450.3285597569033,2024-05-22 00:00:00,713.122259750234,639.07080078125,321520.7163972402,287791.83329851116,-33728.88309872901,-0.10490422973882914,21
2024-06-12 00:00:00,CUMMINSIND,6,0.5849259371175557,0.1859306165987369,86.98220882263827,2024-05-22 00:00:00,3692.0115562796605,3581.776123046875,321520.7163972402,311550.798690803,-9969.917706437176,-0.031008632408368056,21
2024-06-13 00:00:00,BHEL,14,0.5221234863242616,0.34581628217506627,1943.5375134485967,2024-01-24 00:00:00,203.89989474415756,303.0580749511719,396757.7387689195,589004.737421119,192246.99865219952,0.48454505071208814,141
2024-06-13 00:00:00,TRENT,3,0.6609704246822306,0.2898230342399207,93.22768775465379,2024-03-22 00:00:00,3999.9436768841015,5013.54248046875,373348.37569506007,467400.97291383304,94052.59721877298,0.2519164494653979,83
2024-06-13 00:00:00,HINDZINC,2,0.682042398890441,0.1742495675808199,450.3285597569033,2024-05-22 00:00:00,713.122259750234,624.3533935546875,321520.7163972402,281164.16449881747,-40356.55189842271,-0.12551773444222494,22
2024-06-13 00:00:00,CUMMINSIND,6,0.6057535751021209,0.1901111160041932,86.98220882263827,2024-05-22 00:00:00,3692.0115562796605,3618.472412109375,321520.7163972402,314742.72296905325,-6777.993428186921,-0.02108104729342753,22
2024-06-14 00:00:00,BHEL,18,0.510933239667242,0.35625811980611605,1943.5375134485967,2024-01-24 00:00:00,203.89989474415756,304.8029479980469,396757.7387689195,592395.963643926,195638.22487500648,0.493092398101781,142
2024-06-14 00:00:00,TRENT,3,0.6679310229487248,0.28306318914848305,93.22768775465379,2024-03-22 00:00:00,3999.9436768841015,5234.78759765625,373348.37569506007,488027.1436162311,114678.76792117103,0.30716289499766636,84
2024-06-14 00:00:00,HINDZINC,2,0.6762321310739416,0.17027443716098972,450.3285597569033,2024-05-22 00:00:00,713.122259750234,614.6036376953125,321520.7163972402,276773.5709846837,-44747.14541255648,-0.13917344398197717,23
2024-06-14 00:00:00,CUMMINSIND,5,0.6284785557413926,0.19040425388441126,86.98220882263827,2024-05-22 00:00:00,3692.0115562796605,3728.708251953125,321520.7163972402,324331.27981008124,2810.56341284106,0.00874146911693428,23
2024-06-18 00:00:00,TRENT,2,0.7019127475930318,0.4493880672317953,93.22768775465379,2024-03-22 00:00:00,3999.9436768841015,5346.60791015625,373348.37569506007,498451.8927946089,125103.51709954883,0.33508520525004154,88
2024-06-18 00:00:00,HINDZINC,3,0.6685393914385248,0.25309000419284233,450.3285597569033,2024-05-22 00:00:00,713.122259750234,599.607666015625,321520.7163972402,270020.4566560147,-51500.259741225454,-0.16017711181508026,27
2024-06-18 00:00:00,CUMMINSIND,4,0.6454149391683932,0.2975219285753623,86.98220882263827,2024-05-22 00:00:00,3692.0115562796605,3728.95166015625,321520.7163972402,324352.4519932346,2831.735595994396,0.00880731925371731,27
2024-06-19 00:00:00,TRENT,2,0.7396272509779523,0.4554929925419366,93.22768775465379,2024-03-22 00:00:00,3999.9436768841015,5345.8095703125,373348.37569506007,498377.4654169337,125029.08972187364,0.3348858542349564,89
2024-06-19 00:00:00,HINDZINC,3,0.6870231048215685,0.24642840547533293,450.3285597569033,2024-05-22 00:00:00,713.122259750234,588.1865234375,321520.7163972402,264877.18996802944,-56643.52642921073,-0.1761738001330758,28
2024-06-19 00:00:00,CUMMINSIND,5,0.6804641760799006,0.2980786019827305,86.98220882263827,2024-05-22 00:00:00,3692.0115562796605,3695.471435546875,321520.7163972402,321440.2681048331,-80.44829240709078,-0.00025021184733768935,28
2024-06-20 00:00:00,TRENT,2,0.7472915693258946,0.46000967669279524,93.22768775465379,2024-03-22 00:00:00,3999.9436768841015,5326.19970703125,373348.37569506007,496549.2832060378,123200.90751097776,0.32998913489744125,90
2024-06-20 00:00:00,HINDZINC,4,0.6912873934950463,0.24441233546676222,450.3285597569033,2024-05-22 00:00:00,713.122259750234,601.279052734375,321520.7163972402,270773.12982986623,-50747.586567373946,-0.15783613303683702,29
2024-06-20 00:00:00,CUMMINSIND,5,0.6776853917006928,0.29557798784044254,86.98220882263827,2024-05-22 00:00:00,3692.0115562796605,3759.312744140625,321520.7163972402,326993.32614044513,5472.609743204957,0.01702101750869305,29
2024-06-21 00:00:00,TRENT,2,0.7464710041273056,0.45191939263992587,93.22768775465379,2024-03-22 00:00:00,3999.9436768841015,5255.544921875,373348.37569506007,489962.3009571188,116613.92526205874,0.3123461433171081,91
2024-06-21 00:00:00,HINDZINC,4,0.7167888363945182,0.24824370559453124,450.3285597569033,2024-05-22 00:00:00,713.122259750234,617.0642700195312,321520.7163972402,277881.6639953404,-43639.05240189977,-0.13572703149859724,30
2024-06-21 00:00:00,CUMMINSIND,5,0.7145903653278415,0.29983690176554295,86.98220882263827,2024-05-22 00:00:00,3692.0115562796605,3801.1748046875,321520.7163972402,330634.58063267934,9113.864235439163,0.02834611821460035,30
2024-06-24 00:00:00,TRENT,3,0.7196750373716492,0.2424183258239107,93.22768775465379,2024-03-22 00:00:00,3999.9436768841015,5384.6796875,373348.37569506007,502001.23656507675,128652.86087001668,0.3445919930159186,94
2024-06-24 00:00:00,HINDZINC,1,0.735724595478888,0.13698043938872914,450.3285597569033,2024-05-22 00:00:00,713.122259750234,612.3751220703125,321520.7163972402,275770.0067528817,-45750.70964435849,-0.14229474901963485,33
2024-06-24 00:00:00,CUMMINSIND,4,0.7060114716080372,0.16183029647606206,86.98220882263827,2024-05-22 00:00:00,3692.0115562796605,3940.1142578125,321520.7163972402,342719.8411581013,21199.1247608611,0.06593393109596551,33
2024-06-24 00:00:00,HERITGFOOD,2,0.7317585955059132,0.229385469155649,820.9314813374219,2024-06-24 00:00:00,564.75,556.0999755859375,464171.6665846751,456519.97672946786,-7651.689855207223,-0.01648461206498779,0
2024-06-24 00:00:00,EXIDEIND,5,0.697891853566551,0.229385469155649,829.2613896135734,2024-06-24 00:00:00,559.0771014931146,565.8313598632812,464171.6665846751,469222.0997671626,5050.433182487497,0.010880528791531025,0
2024-06-25 00:00:00,TRENT,3,0.7381116289232349,0.2460745134979255,93.22768775465379,2024-03-22 00:00:00,3999.9436768841015,5327.84619140625,373348.37569506007,496702.78113724326,123354.4054421832,0.33040027350469964,95
2024-06-25 00:00:00,HINDZINC,4,0.7304197247866525,0.13396537429620264,450.3285597569033,2024-05-22 00:00:00,713.122259750234,616.4608154296875,321520.7163972402,277609.91115901736,-43910.80523822282,-0.1365722424677943,34
2024-06-25 00:00:00,CUMMINSIND,2,0.7417645939573622,0.16857071046838668,86.98220882263827,2024-05-22 00:00:00,3692.0115562796605,3905.31884765625,321520.7163972402,339693.259525821,18172.543128580844,0.056520597901780587,34
2024-06-25 00:00:00,HERITGFOOD,1,0.7450339960672847,0.22281754944014076,820.9314813374219,2024-06-24 00:00:00,564.75,583.9000244140625,464171.6665846751,479341.91199519316,15170.24541051808,0.0326824028750809,1
2024-06-25 00:00:00,EXIDEIND,5,0.6937843867091551,0.22857185229734442,829.2613896135734,2024-06-24 00:00:00,559.0771014931146,571.55029296875,464171.6665846751,473964.59018131066,9792.923596635577,0.02109763327152398,1
2024-06-26 00:00:00,TRENT,4,0.7189883607784935,0.23922410410221373,93.22768775465379,2024-03-22 00:00:00,3999.9436768841015,5352.794921875,373348.37569506007,499028.6935912589,125680.31789619883,0.33663014513514533,96
2024-06-26 00:00:00,HINDZINC,3,0.7211881791803582,0.13372958802027016,450.3285597569033,2024-05-22 00:00:00,713.122259750234,603.553955078125,321520.7163972402,271797.58332591475,-49723.13307132543,-0.15464985780229568,35
2024-06-26 00:00:00,CUMMINSIND,2,0.7229802603978314,0.1643201290367117,86.98220882263827,2024-05-22 00:00:00,3692.0115562796605,3898.008544921875,321520.7163972402,339057.3932468229,17536.6768495827,0.05454291420499344,35
2024-06-26 00:00:00,HERITGFOOD,1,0.8075327533323933,0.23379374449940352,820.9314813374219,2024-06-24 00:00:00,564.75,576.6500244140625,464171.6665846751,473390.15875549684,9218.492170821759,0.019860092363350023,2
2024-06-26 00:00:00,EXIDEIND,5,0.7036521887669178,0.22893243434140095,829.2613896135734,2024-06-24 00:00:00,559.0771014931146,560.1616821289062,464171.6665846751,464520.4549304936,348.78834581852425,0.0007514210171096206,2
2024-06-27 00:00:00,TRENT,2,0.7288052678461314,0.24389794374613746,93.22768775465379,2024-03-22 00:00:00,3999.9436768841015,5318.06640625,373348.37569506007,495791.0343803888,122442.65868532873,0.32795819308809926,97
2024-06-27 00:00:00,HINDZINC,4,0.7166165873354197,0.1331180474403657,450.3285597569033,2024-05-22 00:00:00,713.122259750234,625.1426391601562,321520.7163972402,281519.58433562267,-40001.13206161751,-0.12441230073708825,36
2024-06-27 00:00:00,CUMMINSIND,3,0.7172077231437692,0.16492211459810865,86.98220882263827,2024-05-22 00:00:00,3692.0115562796605,4000.202880859375,321520.7163972402,347946.4823158294,26425.765918589197,0.08218993231509242,36
2024-06-27 00:00:00,HERITGFOOD,1,0.7855302351869253,0.2308687521664126,820.9314813374219,2024-06-24 00:00:00,564.75,564.9500122070312,464171.6665846751,463785.2504027128,-386.41618196229683,-0.000832485500042485,3
2024-06-27 00:00:00,EXIDEIND,6,0.676958415476754,0.22719314204897556,829.2613896135734,2024-06-24 00:00:00,559.0771014931146,558.3375244140625,464171.6665846751,463007.751369008,-1163.9152156671043,-0.0025075102585021326,3
2024-06-28 00:00:00,TRENT,4,0.7342342752648845,0.24230006006414143,93.22768775465379,2024-03-22 00:00:00,3999.9436768841015,5468.60693359375,373348.37569506007,509825.57965801284,136477.20396295277,0.3655492104629466,98
2024-06-28 00:00:00,HINDZINC,2,0.7609502065521254,0.13684782197542877,450.3285597569033,2024-05-22 00:00:00,713.122259750234,621.7999267578125,321520.7163972402,280014.26547379367,-41506.45092344651,-0.1290941728064736,37
2024-06-28 00:00:00,CUMMINSIND,3,0.7480483496673526,0.1690402164816263,86.98220882263827,2024-05-22 00:00:00,3692.0115562796605,3866.38037109375,321520.7163972402,336306.3048262262,14785.588428986026,0.045986425368368396,37
2024-06-28 00:00:00,HERITGFOOD,1,0.7652996049839607,0.22656406856903094,820.9314813374219,2024-06-24 00:00:00,564.75,561.1500244140625,464171.6665846751,460665.7207947668,-3505.9457899082918,-0.007553123213453897,4
2024-06-28 00:00:00,EXIDEIND,6,0.6815383197181035,0.2252478329097726,829.2613896135734,2024-06-24 00:00:00,559.0771014931146,556.6119995117188,464171.6665846751,461576.84019067755,-2594.8263939975295,-0.005590230039437739,4
2024-07-01 00:00:00,TRENT,2,0.7593599675881327,0.24935666522656597,93.22768775465379,2024-03-22 00:00:00,3999.9436768841015,5504.33349609375,373348.37569506007,513156.28447131,139807.9087762499,0.37447038176065583,101
2024-07-01 00:00:00,HINDZINC,1,0.7657151822587359,0.1365250495910825,450.3285597569033,2024-05-22 00:00:00,713.122259750234,609.8215942382812,321520.7163972402,274620.0802419839,-46900.6361552563,-0.1458712728709847,40
2024-07-01 00:00:00,CUMMINSIND,4,0.7201229877643754,0.16360449190943463,86.98220882263827,2024-05-22 00:00:00,3692.0115562796605,3884.850341796875,321520.7163972402,337912.8636748734,16392.147277633252,0.05098317601837104,40
2024-07-01 00:00:00,HERITGFOOD,3,0.7493513736126866,0.22448701677222402,820.9314813374219,2024-06-24 00:00:00,564.75,559.3499755859375,464171.6665846751,459188.00404381444,-4983.662540860649,-0.010736679766625781,7
2024-07-01 00:00:00,EXIDEIND,5,0.70051528797562,0.22602677650069294,829.2613896135734,2024-06-24 00:00:00,559.0771014931146,561.4435424804688,464171.6665846751,465583.45222692087,1411.7856422457844,0.0030415161973016375,7
2024-07-02 00:00:00,TRENT,1,0.7769885179222866,0.2494157528481254,93.22768775465379,2024-03-22 00:00:00,3999.9436768841015,5524.5419921875,373348.37569506007,515040.2758351292,141691.90014006913,0.37951658387767806,102
2024-07-02 00:00:00,HINDZINC,2,0.7564167658359767,0.13413305435971676,450.3285597569033,2024-05-22 00:00:00,713.122259750234,605.8753662109375,321520.7163972402,272842.98105795786,-48677.73533928231,-0.1513984413966681,41
2024-07-02 00:00:00,CUMMINSIND,3,0.7267176568903084,0.16496819829116174,86.98220882263827,2024-05-22 00:00:00,3692.0115562796605,3836.360595703125,321520.7163972402,333695.11845439015,12174.402057149971,0.03786506261110854,41
2024-07-02 00:00:00,HERITGFOOD,5,0.7155317695318942,0.2242686793949886,820.9314813374219,2024-06-24 00:00:00,564.75,562.5499877929688,464171.6665846751,461814.99480523047,-2356.671779444616,-0.005077155606641724,8
2024-07-02 00:00:00,EXIDEIND,6,0.7112079079089588,0.22721431510600745,829.2613896135734,2024-06-24 00:00:00,559.0771014931146,556.6119995117188,464171.6665846751,461576.84019067755,-2594.8263939975295,-0.005590230039437739,8
2024-07-03 00:00:00,TRENT,1,0.7930636015235323,0.2520186343778009,93.22768775465379,2024-03-22 00:00:00,3999.9436768841015,5482.82763671875,373348.37569506007,511151.34292860195,137802.9672335419,0.36910021900321666,103
2024-07-03 00:00:00,HINDZINC,2,0.7623930622174248,0.13341730970547824,450.3285597569033,2024-05-22 00:00:00,713.122259750234,625.0498046875,321520.7163972402,281477.7783212556,-40042.938075984595,-0.12454232661795696,42
2024-07-03 00:00:00,CUMMINSIND,5,0.714473046314522,0.1631515703804684,86.98220882263827,2024-05-22 00:00:00,3692.0115562796605,3857.705810546875,321520.7163972402,335551.7723892933,14031.055992053123,0.043639663873844124,42
2024-07-03 00:00:00,HERITGFOOD,3,0.7387796023511214,0.22617491903198364,820.9314813374219,2024-06-24 00:00:00,564.75,559.5499877929688,464171.6665846751,459352.2003612182,-4819.466223456897,-0.010382939266668317,9
2024-07-03 00:00:00,EXIDEIND,4,0.7217331733102799,0.2252375665042688,829.2613896135734,2024-06-24 00:00:00,559.0771014931146,560.9505615234375,464171.6665846751,465174.6421534401,1002.9755687650177,0.0021607858492199736,9
2024-07-04 00:00:00,TRENT,1,0.7641690087622608,0.2502207487128318,93.22768775465379,2024-03-22 00:00:00,3999.9436768841015,5585.9658203125,373348.37569506007,520766.67730426224,147418.30160920217,0.39485454124383035,104
2024-07-04 00:00:00,HINDZINC,2,0.7619321223970779,0.1378399454435951,450.3285597569033,2024-05-22 00:00:00,713.122259750234,637.0280151367188,321520.7163972402,286871.90858131734,-34648.80781592283,-0.10776539752764822,43
2024-07-04 00:00:00,CUMMINSIND,6,0.6940732246635732,0.1633223218092731,86.98220882263827,2024-05-22 00:00:00,3692.0115562796605,3961.3623046875,321520.7163972402,344568.0432084557,23047.32681121555,0.07168224514261308,43
2024-07-04 00:00:00,HERITGFOOD,9,0.6663470469258989,0.2226792341629325,820.9314813374219,2024-06-24 00:00:00,564.75,554.3499755859375,464171.6665846751,455083.34663712734,-9088.319947547745,-0.019579652533336687,10
2024-07-04 00:00:00,EXIDEIND,5,0.7038808426884088,0.22593774987136747,829.2613896135734,2024-06-24 00:00:00,559.0771014931146,558.2882080078125,464171.6665846751,462966.8551774303,-1204.8114072447643,-0.002595616005840331,10
2024-07-05 00:00:00,TRENT,2,0.7381629091034064,0.2496357485303156,93.22768775465379,2024-03-22 00:00:00,3999.9436768841015,5608.36962890625,373348.37569506007,522855.3325763554,149506.9568812953,0.4004489281705304,105
2024-07-05 00:00:00,HINDZINC,3,0.717228928340605,0.13883524551919055,450.3285597569033,2024-05-22 00:00:00,713.122259750234,643.6207275390625,321520.7163972402,289840.7952623563,-31679.921134883887,-0.0985315082955439,44
2024-07-05 00:00:00,CUMMINSIND,4,0.6905858080644318,0.16750049298345662,86.98220882263827,2024-05-22 00:00:00,3692.0115562796605,4029.296875,321520.7163972402,350477.1421896538,28956.425792413647,0.09006083998841886,44
2024-07-05 00:00:00,HERITGFOOD,8,0.6270104806845438,0.21948037815568003,820.9314813374219,2024-06-24 00:00:00,564.75,539.8499755859375,464171.6665846751,443179.84015773475,-20991.82642694033,-0.045224273556798325,11
2024-07-05 00:00:00,EXIDEIND,6,0.650967136510887,0.22454813481135721,829.2613896135734,2024-06-24 00:00:00,559.0771014931146,560.0137329101562,464171.6665846751,464397.76635576074,226.0997710856609,0.0004871037750952758,11
2024-07-08 00:00:00,TRENT,2,0.7163274964456283,0.2536095547785657,93.22768775465379,2024-03-22 00:00:00,3999.9436768841015,5582.7724609375,373348.37569506007,520468.96779356134,147120.59209850128,0.39405713718348956,108
2024-07-08 00:00:00,HINDZINC,3,0.7046814314154702,0.14053735527765474,450.3285597569033,2024-05-22 00:00:00,713.122259750234,637.120849609375,321520.7163972402,286913.71459568443,-34607.00180155574,-0.10763537164677951,47
2024-07-08 00:00:00,CUMMINSIND,4,0.6981606672146675,0.16916601840789988,86.98220882263827,2024-05-22 00:00:00,3692.0115562796605,3899.51953125,321520.7163972402,339188.822175144,17668.10577790381,0.054951687019989065,47
2024-07-08 00:00:00,HERITGFOOD,10,0.5921567631405706,0.2122683895044663,820.9314813374219,2024-06-24 00:00:00,564.75,521.1500244140625,464171.6665846751,427828.4615412699,-36343.20504340518,-0.0782969053471414,14
2024-07-08 00:00:00,EXIDEIND,6,0.6305473823947387,0.22441868203141338,829.2613896135734,2024-06-24 00:00:00,559.0771014931146,563.46484375,464171.6665846751,467259.63932652003,3087.9727418449474,0.006652652378732887,14
2024-07-09 00:00:00,TRENT,2,0.7307647187155342,0.2551204831075263,93.22768775465379,2024-03-22 00:00:00,3999.9436768841015,5581.37548828125,373348.37569506007,520338.7312629627,146990.35556790262,0.393708303388897,109
2024-07-09 00:00:00,HINDZINC,3,0.7144116917456846,0.1408752633577618,450.3285597569033,2024-05-22 00:00:00,713.122259750234,625.0498046875,321520.7163972402,281477.7783212556,-40042.938075984595,-0.12454232661795696,48
2024-07-09 00:00:00,CUMMINSIND,4,0.6850931664143238,0.1651458317967531,86.98220882263827,2024-05-22 00:00:00,3692.0115562796605,3884.850341796875,321520.7163972402,337912.8636748734,16392.147277633252,0.05098317601837104,48
2024-07-09 00:00:00,HERITGFOOD,16,0.5830706779772713,0.20996886056992162,820.9314813374219,2024-06-24 00:00:00,564.75,547.2000122070312,464171.6665846751,449213.7166089735,-14957.949975701573,-0.032225038821866385,15
2024-07-09 00:00:00,EXIDEIND,5,0.6547965604290642,0.2288895611680372,829.2613896135734,2024-06-24 00:00:00,559.0771014931146,570.3670654296875,464171.6665846751,472983.3852680386,8811.71868336352,0.01898374958600811,15
2024-07-10 00:00:00,TRENT,2,0.7453651728870319,0.2513443839809024,93.22768775465379,2024-03-22 00:00:00,3999.9436768841015,5556.576171875,373348.37569506007,518026.74833651196,144678.3726414519,0.387515741489715,110
2024-07-10 00:00:00,HINDZINC,3,0.6938078803096589,0.13643535614188118,450.3285597569033,2024-05-22 00:00:00,713.122259750234,612.0965576171875,321520.7163972402,275644.5612239064,-45876.15517333377,-0.14268491214934215,49
2024-07-10 00:00:00,CUMMINSIND,4,0.6899306606384064,0.16326534248581032,86.98220882263827,2024-05-22 00:00:00,3692.0115562796605,3930.611328125,321520.7163972402,341893.2553435963,20372.5389463561,0.06336306778187738,49
2024-07-10 00:00:00,HERITGFOOD,9,0.6411489457383955,0.22019906555732646,820.9314813374219,2024-06-24 00:00:00,564.75,554.5499877929688,464171.6665846751,455247.5429545311,-8924.123630143993,-0.019225912033379224,16
2024-07-10 00:00:00,EXIDEIND,6,0.6576637537518142,0.22875585183407965,829.2613896135734,2024-06-24 00:00:00,559.0771014931146,559.5208129882812,464171.6665846751,463989.0068963785,-182.65968829661142,-0.0003935175312198645,16
2024-07-11 00:00:00,TRENT,2,0.7549365230479181,0.24987346677092367,93.22768775465379,2024-03-22 00:00:00,3999.9436768841015,5623.68798828125,373348.37569506007,524283.4278010815,150935.05210602144,0.40427402911563953,111
2024-07-11 00:00:00,HINDZINC,4,0.6921728494954276,0.13440154861249062,450.3285597569033,2024-05-22 00:00:00,713.122259750234,623.6105346679688,321520.7163972402,280829.6339262588,-40691.082470981404,-0.12655819795047796,50
2024-07-11 00:00:00,CUMMINSIND,3,0.7124135332743672,0.16559842450464726,86.98220882263827,2024-05-22 00:00:00,3692.0115562796605,3895.084716796875,321520.7163972402,338803.0722182926,17282.35582105245,0.05375191998421659,50
2024-07-11 00:00:00,HERITGFOOD,6,0.6579834939980559,0.22465754439133986,820.9314813374219,2024-06-24 00:00:00,564.75,548.0499877929688,464171.6665846751,449911.4883258378,-14260.178258837259,-0.030721776630103486,17
2024-07-11 00:00:00,EXIDEIND,7,0.6457723514366664,0.2254690157205986,829.2613896135734,2024-06-24 00:00:00,559.0771014931146,555.57666015625,464171.6665846751,460718.2732380399,-3453.393346635159,-0.007439905524705663,17
2024-07-12 00:00:00,TRENT,2,0.7080023600938279,0.25565521252251233,93.22768775465379,2024-03-22 00:00:00,3999.9436768841015,5639.65576171875,373348.37569506007,525772.0663972498,152423.69070218975,0.40826129327179644,112
2024-07-12 00:00:00,HINDZINC,4,0.634119593263541,0.137917283047524,450.3285597569033,2024-05-22 00:00:00,713.122259750234,617.1572265625,321520.7163972402,277923.52498145547,-43597.191415784706,-0.13559683464352634,51
2024-07-12 00:00:00,CUMMINSIND,3,0.6476064071273734,0.16408601541462395,86.98220882263827,2024-05-22 00:00:00,3692.0115562796605,3853.90478515625,321520.7163972402,335221.1508050258,13700.434407785651,0.04261135817717795,51
2024-07-12 00:00:00,HERITGFOOD,5,0.6166613952807091,0.218858308293813,820.9314813374219,2024-06-24 00:00:00,564.75,539.3499755859375,464171.6665846751,442769.37441706605,-21402.292167609034,-0.0461085708334694,18
2024-07-12 00:00:00,EXIDEIND,10,0.5804172575208659,0.22348318072152673,829.2613896135734,2024-06-24 00:00:00,559.0771014931146,551.2380981445312,464171.6665846751,457120.4712752774,-7051.195309397706,-0.015190921413363376,18
2024-07-15 00:00:00,TRENT,2,0.7158413330457475,0.25823266343735235,93.22768775465379,2024-03-22 00:00:00,3999.9436768841015,5663.9052734375,373348.37569506007,528032.7923039682,154684.41660890816,0.41431656511410625,115
2024-07-15 00:00:00,HINDZINC,4,0.6136470320611928,0.13625569155547526,450.3285597569033,2024-05-22 00:00:00,713.122259750234,612.5608520507812,321520.7163972402,275853.6462674898,-45667.070129750355,-0.14203461177079643,54
2024-07-15 00:00:00,CUMMINSIND,3,0.6443208948138897,0.16418205755044343,86.98220882263827,2024-05-22 00:00:00,3692.0115562796605,3792.256591796875,321520.7163972402,329858.8547767023,8338.138379462122,0.02593344053501149,54
2024-07-15 00:00:00,HERITGFOOD,5,0.6022413857854291,0.2174466358859701,820.9314813374219,2024-06-24 00:00:00,564.75,542.0,464171.6665846751,444944.86288488266,-19226.80369979242,-0.04142175208853475,21
2024-07-15 00:00:00,EXIDEIND,9,0.5743483883078221,0.22388295157075883,829.2613896135734,2024-06-24 00:00:00,559.0771014931146,554.787841796875,464171.6665846751,460064.1366291919,-4107.529955483158,-0.008849161315049493,21
2024-07-16 00:00:00,TRENT,2,0.7161609129650448,0.2589925602262113,93.22768775465379,2024-03-22 00:00:00,3999.9436768841015,5635.71337890625,373348.37569506007,525404.5271633967,152056.15146833664,0.4072768528462318,116
2024-07-16 00:00:00,HINDZINC,6,0.59717462072139,0.13488644454155754,450.3285597569033,2024-05-22 00:00:00,713.122259750234,614.789306640625,321520.7163972402,276857.1830134178,-44663.53338382236,-0.13891339222023996,55
2024-07-16 00:00:00,CUMMINSIND,4,0.6177405299308466,0.16350824340807824,86.98220882263827,2024-05-22 00:00:00,3692.0115562796605,3771.1064453125,321520.7163972402,328019.16831856896,6498.451921328786,0.020211611849296582,55
2024-07-16 00:00:00,HERITGFOOD,5,0.6069606074540157,0.2173048695697411,820.9314813374219,2024-06-24 00:00:00,564.75,545.75,464171.6665846751,448023.355939898,-16148.310644777084,-0.03478952251350154,22
2024-07-16 00:00:00,EXIDEIND,10,0.5730255547524853,0.2253078822544118,829.2613896135734,2024-06-24 00:00:00,559.0771014931146,548.8223266601562,464171.6665846751,455117.1652571557,-9054.501327519363,-0.019506794531733065,22
2024-07-18 00:00:00,TRENT,2,0.7257408776270562,0.2583072737256003,93.22768775465379,2024-03-22 00:00:00,3999.9436768841015,5297.60888671875,373348.37569506007,493883.8271372947,120535.45144223463,0.3228498080856375,118
2024-07-18 00:00:00,HINDZINC,5,0.6159420407869884,0.137056912839555,450.3285597569033,2024-05-22 00:00:00,713.122259750234,601.60400390625,321520.7163972402,270919.464623088,-50601.25177415216,-0.15738099971024605,57
2024-07-18 00:00:00,CUMMINSIND,3,0.6284918163684224,0.16056239264756864,86.98220882263827,2024-05-22 00:00:00,3692.0115562796605,3700.68603515625,321520.7163972402,321893.8454969822,373.12909974204376,0.0011605133999547364,57
2024-07-18 00:00:00,HERITGFOOD,4,0.6261206327709076,0.22042483251180991,820.9314813374219,2024-06-24 00:00:00,564.75,536.4000244140625,464171.6665846751,440347.6666316656,-23823.99995300948,-0.05132583840867301,24
2024-07-18 00:00:00,EXIDEIND,13,0.5800692813899715,0.22364858827546613,829.2613896135734,2024-06-24 00:00:00,559.0771014931146,547.9349975585938,464171.6665846751,454381.33749334945,-9790.329091325635,-0.02109204373322012,24
2024-07-19 00:00:00,TRENT,2,0.6969068717774269,0.24886029987045016,93.22768775465379,2024-03-22 00:00:00,3999.9436768841015,5155.75048828125,373348.37569506007,480658.69666238816,107310.3209673281,0.2874267787225516,119
2024-07-19 00:00:00,HINDZINC,5,0.6519931399615669,0.13652261113066402,450.3285597569033,2024-05-22 00:00:00,713.122259750234,595.8934936523438,321520.7163972402,268347.85876496934,-53172.85763227084,-0.1653792583821428,58
2024-07-19 00:00:00,CUMMINSIND,6,0.6433138347514217,0.16305616564059783,86.98220882263827,2024-05-22 00:00:00,3692.0115562796605,3487.670166015625,321520.7163972402,303365.25468485657,-18155.461712383607,-0.056467470948131565,58
2024-07-19 00:00:00,HERITGFOOD,4,0.6528482118749173,0.2218842756849449,820.9314813374219,2024-06-24 00:00:00,564.75,531.0,464171.6665846751,435914.61659017106,-28257.04999450402,-0.06087629217529872,25
2024-07-19 00:00:00,EXIDEIND,11,0.6014169818444726,0.22967664767334317,829.2613896135734,2024-06-24 00:00:00,559.0771014931146,532.9473876953125,464171.6665846751,441952.69131113874,-22218.975273536344,-0.047868012791519914,25
2024-07-22 00:00:00,TRENT,2,0.6705985722004763,0.24802401125143897,93.22768775465379,2024-03-22 00:00:00,3999.9436768841015,5199.5107421875,373348.37569506007,484738.3639496244,111389.98825456435,0.29835401867542716,122
2024-07-22 00:00:00,HINDZINC,5,0.6340697100204139,0.13786981711269342,450.3285597569033,2024-05-22 00:00:00,713.122259750234,586.8402099609375,321520.7163972402,264270.9065591477,-57249.80983809248,-0.17805947461052588,61
2024-07-22 00:00:00,CUMMINSIND,9,0.5877342463503661,0.15762278521761044,86.98220882263827,2024-05-22 00:00:00,3692.0115562796605,3538.8662109375,321520.7163972402,307818.39975514426,-13702.316642095917,-0.04261721233902281,61
2024-07-22 00:00:00,HERITGFOOD,3,0.6494640346601271,0.22613129922070888,820.9314813374219,2024-06-24 00:00:00,564.75,548.2000122070312,464171.6665846751,450034.648090311,-14137.018494364107,-0.0304564442685241,28
2024-07-22 00:00:00,EXIDEIND,11,0.5809351770026887,0.2303520871975483,829.2613896135734,2024-06-24 00:00:00,559.0771014931146,541.2607421875,464171.6665846751,448846.63520968036,-15325.031374994724,-0.03301586994258966,28
2024-07-23 00:00:00,TRENT,2,0.6704699711089608,0.24664928475217765,93.22768775465379,2024-03-22 00:00:00,3999.9436768841015,5253.0,373348.37569506007,489725.04377519636,116376.6680801363,0.31171065861336256,123
2024-07-23 00:00:00,HINDZINC,6,0.6036153770493177,0.13446888057782536,450.3285597569033,2024-05-22 00:00:00,713.122259750234,577.9725341796875,321520.7163972402,260277.53889618625,-61243.17750105393,-0.19047972456427265,62
2024-07-23 00:00:00,CUMMINSIND,7,0.5925517120701845,0.1582881082433554,86.98220882263827,2024-05-22 00:00:00,3692.0115562796605,3504.71923828125,321520.7163972402,304848.2206488974,-16672.49574834277,-0.05185512129720386,62
2024-07-23 00:00:00,HERITGFOOD,3,0.6491704123191228,0.23141375779199344,820.9314813374219,2024-06-24 00:00:00,564.75,575.5999755859375,464171.6665846751,472528.14061554754,8356.474030872458,0.018002981725184757,29
2024-07-23 00:00:00,EXIDEIND,9,0.5769386422366641,0.2291799686346482,829.2613896135734,2024-06-24 00:00:00,559.0771014931146,541.1123046875,464171.6665846751,448723.5417221596,-15448.124862515484,-0.03328105951873606,29
2024-07-24 00:00:00,TRENT,3,0.700929662873847,0.2474195203572505,93.22768775465379,2024-03-22 00:00:00,3999.9436768841015,5276.0029296875,373348.37569506007,491869.55372154486,118521.17802648479,0.3174546502467963,124
2024-07-24 00:00:00,HINDZINC,6,0.6459238762887808,0.1313174465676472,450.3285597569033,2024-05-22 00:00:00,713.122259750234,589.022216796875,321520.7163972402,265253.52655495517,-56267.189842285006,-0.17500331074395425,63
2024-07-24 00:00:00,CUMMINSIND,7,0.6194373611321349,0.15339799386531522,86.98220882263827,2024-05-22 00:00:00,3692.0115562796605,3469.93505859375,321520.7163972402,301822.61586759513,-19698.100529645046,-0.061265416270433914,63
2024-07-24 00:00:00,HERITGFOOD,2,0.7289330592855946,0.24206976645630052,820.9314813374219,2024-06-24 00:00:00,564.75,604.3499755859375,464171.6665846751,496129.9207039985,31958.254119323392,0.06885007513377274,30
2024-07-24 00:00:00,EXIDEIND,8,0.6099048753326299,0.22579527275348654,829.2613896135734,2024-06-24 00:00:00,559.0771014931146,534.2833862304688,464171.6665846751,443060.5833129241,-21111.083271751006,-0.04548119756443575,30
2024-07-25 00:00:00,TRENT,4,0.6898647802298319,0.24896504344487183,93.22768775465379,2024-03-22 00:00:00,3999.9436768841015,5299.0556640625,373348.37569506007,494018.70684374834,120670.33114868827,0.32321107845731795,125
2024-07-25 00:00:00,HINDZINC,6,0.6274482963888671,0.13301651925977043,450.3285597569033,2024-05-22 00:00:00,713.122259750234,567.758544921875,321520.7163972402,255677.88782434305,-65842.82857289712,-0.2047856489954695,64
2024-07-25 00:00:00,CUMMINSIND,11,0.592636527841706,0.15038861234631068,86.98220882263827,2024-05-22 00:00:00,3692.0115562796605,3537.88671875,321520.7163972402,307733.201361151,-13787.515036089171,-0.04288219804491428,64
2024-07-25 00:00:00,HERITGFOOD,2,0.7486982822337954,0.24488119732335237,820.9314813374219,2024-06-24 00:00:00,564.75,585.0,464171.6665846751,480244.91658239183,16073.249997716746,0.03462781370517934,31
2024-07-25 00:00:00,EXIDEIND,12,0.5854358502745026,0.2227486276256947,829.2613896135734,2024-06-24 00:00:00,559.0771014931146,534.3329467773438,464171.6665846751,443101.68196089566,-21069.984623779426,-0.04539265565003158,31
2024-07-26 00:00:00,TRENT,4,0.7394996917201528,0.25033001103440455,93.22768775465379,2024-03-22 00:00:00,3999.9436768841015,5382.28466796875,373348.37569506007,501777.95443205105,128429.57873699098,0.34399393997066285,126
2024-07-26 00:00:00,HINDZINC,10,0.6521412090409942,0.12805390673560807,450.3285597569033,2024-05-22 00:00:00,713.122259750234,560.3766479492188,321520.7163972402,252353.60879237292,-69167.10760486725,-0.21512488644560934,65
2024-07-26 00:00:00,CUMMINSIND,8,0.6564685552550429,0.15526196145283397,86.98220882263827,2024-05-22 00:00:00,3692.0115562796605,3643.169677734375,321520.7163972402,316890.94568499515,-4629.770712245023,-0.014399603123939678,65
2024-07-26 00:00:00,HERITGFOOD,3,0.7439623749278628,0.24313869797090543,820.9314813374219,2024-06-24 00:00:00,564.75,565.9500122070312,464171.6665846751,464606.1818840502,434.51529937511077,0.0009361090532996711,32
2024-07-26 00:00:00,EXIDEIND,11,0.6300485929158997,0.22321542280624795,829.2613896135734,2024-06-24 00:00:00,559.0771014931146,548.0401000976562,464171.6665846751,454468.4949709443,-9703.171613730781,-0.020904273811294144,32
2024-07-29 00:00:00,TRENT,4,0.761336206317469,0.25141034336515605,93.22768775465379,2024-03-22 00:00:00,3999.9436768841015,5506.080078125,373348.37569506007,513319.1142755572,139970.73858049716,0.37490651544931625,129
2024-07-29 00:00:00,HINDZINC,10,0.6566822828866006,0.12749969734029631,450.3285597569033,2024-05-22 00:00:00,713.122259750234,588.418701171875,321520.7163972402,264981.74623275816,-56538.970164482016,-0.17584860720025233,68
2024-07-29 00:00:00,CUMMINSIND,6,0.6927083445202458,0.15864539455985235,86.98220882263827,2024-05-22 00:00:00,3692.0115562796605,3700.8330078125,321520.7163972402,321906.6295032594,385.9131060192012,0.0012002744654947956,68
2024-07-29 00:00:00,HERITGFOOD,5,0.7196471155162008,0.23431532043200437,820.9314813374219,2024-06-24 00:00:00,564.75,565.1500244140625,464171.6665846751,463949.4467201165,-222.21986455860315,-0.0004787450000851471,35
2024-07-29 00:00:00,EXIDEIND,8,0.6763752479788495,0.22812924430269088,829.2613896135734,2024-06-24 00:00:00,559.0771014931146,546.209228515625,464171.6665846751,452950.22385862505,-11221.442726050038,-0.02417519968122182,35
2024-07-30 00:00:00,TRENT,3,0.7365607376359364,0.2547976219411405,93.22768775465379,2024-03-22 00:00:00,3999.9436768841015,5608.96826171875,373348.37569506007,522911.14172927884,149562.76603421877,0.4005984109500378,130
2024-07-30 00:00:00,HINDZINC,7,0.6556960203577528,0.1320570661330056,450.3285597569033,2024-05-22 00:00:00,713.122259750234,595.6613159179688,321520.7163972402,268243.3025002406,-53277.413896999555,-0.16570445131496625,69
2024-07-30 00:00:00,CUMMINSIND,6,0.6577444181294919,0.1589732877381075,86.98220882263827,2024-05-22 00:00:00,3692.0115562796605,3730.668701171875,321520.7163972402,324501.80401341274,2981.087616172561,0.009271836818407106,69
2024-07-30 00:00:00,HERITGFOOD,5,0.6590719644829661,0.22960756165398305,820.9314813374219,2024-06-24 00:00:00,564.75,579.5999755859375,464171.6665846751,475811.86654089723,11640.199956222146,0.025077359938553506,36
2024-07-30 00:00:00,EXIDEIND,10,0.6255980384771453,0.2245644625337633,829.2613896135734,2024-06-24 00:00:00,559.0771014931146,526.2174682617188,464171.6665846751,436371.8289696494,-27799.837615025695,-0.05989128509194431,36
2024-07-31 00:00:00,TRENT,2,0.7302256941788583,0.2574816053933299,93.22768775465379,2024-03-22 00:00:00,3999.9436768841015,5827.0205078125,373348.37569506007,543239.6484423078,169891.27274724777,0.45504757434919163,131
2024-07-31 00:00:00,HINDZINC,7,0.6457915937416764,0.13105043973746777,450.3285597569033,2024-05-22 00:00:00,713.122259750234,600.6289672851562,321520.7163972402,270480.3777858006,-51040.33861143957,-0.15874665615132252,70
2024-07-31 00:00:00,CUMMINSIND,8,0.6291538273182349,0.16008745464436233,86.98220882263827,2024-05-22 00:00:00,3692.0115562796605,3774.663818359375,321520.7163972402,328328.5964837923,6807.880086552119,0.021174001360898174,70
2024-07-31 00:00:00,HERITGFOOD,5,0.6590690119749603,0.23426195104330133,820.9314813374219,2024-06-24 00:00:00,564.75,578.0,464171.6665846751,474498.39621302986,10326.729628354777,0.022247651831783996,37
2024-07-31 00:00:00,EXIDEIND,15,0.5647747713854817,0.2171185491815386,829.2613896135734,2024-06-24 00:00:00,559.0771014931146,517.904052734375,464171.6665846751,429477.8344570092,-34693.83212766587,-0.07474353698264122,37
2024-08-01 00:00:00,TRENT,2,0.7346059889154343,0.26638288328941145,93.22768775465379,2024-03-22 00:00:00,3999.9436768841015,5758.9599609375,373348.37569506007,536894.5210298344,163546.14533477434,0.4380523821224657,132
2024-08-01 00:00:00,HINDZINC,6,0.641561546649347,0.13284744703818072,450.3285597569033,2024-05-22 00:00:00,713.122259750234,601.325439453125,321520.7163972402,270794.01909411274,-50726.69730312744,-0.15777116283995335,71
2024-08-01 00:00:00,CUMMINSIND,9,0.6112630024214811,0.15939947256057574,86.98220882263827,2024-05-22 00:00:00,3692.0115562796605,3738.066650390625,321520.7163972402,325145.2939772173,3624.5775799771072,0.011273231848298468,71
2024-08-01 00:00:00,HERITGFOOD,5,0.6590968039404727,0.23170012231359013,820.9314813374219,2024-06-24 00:00:00,564.75,579.0999755859375,464171.6665846751,475401.4008002285,11229.734215553442,0.02419306266188243,38
2024-08-01 00:00:00,EXIDEIND,17,0.5366225320421196,0.20967007479824196,829.2613896135734,2024-06-24 00:00:00,559.0771014931146,507.4628601074219,464171.6665846751,420819.3565499591,-43352.31003471598,-0.09339714841644167,38
2024-08-02 00:00:00,TRENT,3,0.7386743529674353,0.26609161317525626,93.22768775465379,2024-03-22 00:00:00,3999.9436768841015,5526.88720703125,373348.37569506007,515258.9147922999,141910.53909723985,0.38010220034584585,133
2024-08-02 00:00:00,HINDZINC,5,0.6736464928624157,0.13369492266586222,450.3285597569033,2024-05-22 00:00:00,713.122259750234,605.2252807617188,321520.7163972402,272550.22901389224,-48970.487383347936,-0.1523089645111536,72
2024-08-02 00:00:00,CUMMINSIND,9,0.6161674104894018,0.15752597558329548,86.98220882263827,2024-05-22 00:00:00,3692.0115562796605,3440.05029296875,321520.7163972402,299223.1729433858,-22297.543453854392,-0.06935025432795343,72
2024-08-02 00:00:00,HERITGFOOD,4,0.677453344338883,0.23376769962206756,820.9314813374219,2024-06-24 00:00:00,564.75,568.9500122070312,464171.6665846751,467068.9763280625,2897.309743387392,0.006241892713326265,39
2024-08-02 00:00:00,EXIDEIND,18,0.5440761485096596,0.2089197889535185,829.2613896135734,2024-06-24 00:00:00,559.0771014931146,503.60308837890625,464171.6665846751,417618.59688277903,-46553.06970189605,-0.10029278616773078,39
2024-08-05 00:00:00,TRENT,3,0.7074731035183561,0.3089458103618284,93.22768775465379,2024-03-22 00:00:00,3999.9436768841015,5335.9296875,373348.37569506007,497456.38678703737,124108.0110919773,0.33241877873695386,136
2024-08-05 00:00:00,HINDZINC,6,0.687417360218038,0.16218319063672895,450.3285597569033,2024-05-22 00:00:00,713.122259750234,573.0513305664062,321520.7163972402,258061.3803607468,-63459.33603649336,-0.19737246404393144,75
2024-08-05 00:00:00,HERITGFOOD,4,0.6930087113950555,0.2797268553765052,820.9314813374219,2024-06-24 00:00:00,564.75,540.5,464171.6665846751,443713.46566287655,-20458.200921798532,-0.044074643918547984,42
2024-08-05 00:00:00,EXIDEIND,14,0.5614866906294498,0.24914414362493745,829.2613896135734,2024-06-24 00:00:00,559.0771014931146,480.34539794921875,464171.6665846751,398331.89219785406,-65839.77438682102,-0.14184358746250705,42
2024-08-06 00:00:00,TRENT,3,0.7184683406562045,0.31153651905914476,93.22768775465379,2024-03-22 00:00:00,3999.9436768841015,5209.98876953125,373348.37569506007,485715.20621111227,112366.8305160522,0.3009704550257106,137
2024-08-06 00:00:00,HINDZINC,8,0.6647226365586411,0.16080360288245696,450.3285597569033,2024-05-22 00:00:00,713.122259750234,565.205078125,321520.7163972402,254527.98879931925,-66992.72759792092,-0.20836208735971815,76
2024-08-06 00:00:00,HERITGFOOD,5,0.6777424119078226,0.2771973628177814,820.9314813374219,2024-06-24 00:00:00,564.75,533.6500244140625,464171.6665846751,438090.10505798773,-26081.56152668735,-0.05618947343036394,43
2024-08-06 00:00:00,EXIDEIND,17,0.5500293902230827,0.25046251524061686,829.2613896135734,2024-06-24 00:00:00,559.0771014931146,476.6835021972656,464171.6665846751,395295.2234379694,-68876.44314670569,-0.14838571180677854,43
2024-08-07 00:00:00,TRENT,3,0.7349271288908359,0.41256809782859705,93.22768775465379,2024-03-22 00:00:00,3999.9436768841015,5461.22265625,373348.37569506007,509137.16055551596,135788.7848604559,0.36370530501882825,138
2024-08-07 00:00:00,HINDZINC,7,0.6710180694408572,0.21561374213045206,450.3285597569033,2024-05-22 00:00:00,713.122259750234,552.8089599609375,321520.7163972402,248945.6627599206,-72575.05363731956,-0.22572434663168883,77
2024-08-07 00:00:00,HERITGFOOD,5,0.7067559113725833,0.37181816004095086,820.9314813374219,2024-06-24 00:00:00,564.75,545.2999877929688,464171.6665846751,447653.92675215995,-16517.73983251513,-0.035585411651794414,44
2024-08-08 00:00:00,TRENT,3,0.6862569345703431,0.4226457889950867,93.22768775465379,2024-03-22 00:00:00,3999.9436768841015,5632.52001953125,373348.37569506007,525106.8176526958,151758.44195763575,0.406479448785891,139
2024-08-08 00:00:00,HINDZINC,8,0.583592989014826,0.20614581596857914,450.3285597569033,2024-05-22 00:00:00,713.122259750234,557.0803833007812,321520.7163972402,250869.20668066447,-70651.5097165757,-0.21974170283100972,78
2024-08-08 00:00:00,HERITGFOOD,6,0.6389015810301439,0.3712083950363341,820.9314813374219,2024-06-24 00:00:00,564.75,557.1500244140625,464171.6665846751,457381.9948694171,-6789.67171525798,-0.014627501426822646,45
2024-08-09 00:00:00,TRENT,3,0.6613695203409344,0.4269865492390071,93.22768775465379,2024-03-22 00:00:00,3999.9436768841015,6262.47509765625,373348.37569506007,583836.0729755919,210487.6972805318,0.5637836160092256,140
2024-08-09 00:00:00,HINDZINC,11,0.5376909560147455,0.2041188406776613,450.3285597569033,2024-05-22 00:00:00,713.122259750234,551.555419921875,321520.7163972402,248381.157879532,-73139.55851770818,-0.22748008071537124,79
2024-08-09 00:00:00,HERITGFOOD,6,0.611030376653601,0.3688946100833316,820.9314813374219,2024-06-24 00:00:00,564.75,549.4500122070312,464171.6665846751,451060.81244198274,-13110.854142692348,-0.028245701076846406,46
2024-08-12 00:00:00,TRENT,2,0.7552956319006938,0.45896645358234267,93.22768775465379,2024-03-22 00:00:00,3999.9436768841015,6369.255859375,373348.37569506007,593790.9964873116,220442.6207922515,0.5904475153584237,143
2024-08-12 00:00:00,HINDZINC,12,0.545793916119081,0.1963502376951789,450.3285597569033,2024-05-22 00:00:00,713.122259750234,570.3121337890625,321520.7163972402,256827.84182111485,-64692.87457612532,-0.20120903965701858,82
2024-08-12 00:00:00,HERITGFOOD,7,0.6183437693362865,0.34468330872247843,820.9314813374219,2024-06-24 00:00:00,564.75,550.6500244140625,464171.6665846751,452045.9402407239,-12125.726343951188,-0.026123366023546785,49
2024-08-13 00:00:00,TRENT,3,0.7788771502714874,0.4559631460943429,93.22768775465379,2024-03-22 00:00:00,3999.9436768841015,6368.60693359375,373348.37569506007,593730.4986372013,220382.1229421412,0.5902854740746022,144
2024-08-13 00:00:00,HINDZINC,10,0.5700414053408709,0.19866314645031952,450.3285597569033,2024-05-22 00:00:00,713.122259750234,538.5558471679688,321520.7163972402,242527.0790038103,-78993.63739342988,-0.24568755095653902,83
2024-08-13 00:00:00,HERITGFOOD,6,0.6226742718465871,0.34537370745533763,820.9314813374219,2024-06-24 00:00:00,564.75,541.0499877929688,464171.6665846751,444164.9679564759,-20006.69862819917,-0.04310193850349871,50
2024-08-14 00:00:00,TRENT,1,0.8012575401613669,0.4659679721185731,93.22768775465379,2024-03-22 00:00:00,3999.9436768841015,6425.14013671875,373348.37569506007,599000.9584459092,225652.58275084913,0.6044022083416147,145
2024-08-14 00:00:00,HINDZINC,18,0.5320432152323452,0.1839042424061993,450.3285597569033,2024-05-22 00:00:00,713.122259750234,530.8953857421875,321520.7163972402,239077.35444286492,-82443.36195437526,-0.25641695153638605,84
2024-08-14 00:00:00,HERITGFOOD,6,0.6137671253850245,0.3501277854752276,820.9314813374219,2024-06-24 00:00:00,564.75,549.2999877929688,464171.6665846751,450937.65267750964,-13234.013907165441,-0.028511033438425665,51
2024-08-16 00:00:00,TRENT,2,0.7265567836266166,0.5702611867125364,93.22768775465379,2024-03-22 00:00:00,3999.9436768841015,6489.05908203125,373348.37569506007,604959.9739211097,231611.59822604962,0.6203632138344246,147
2024-08-16 00:00:00,HERITGFOOD,5,0.616282562107657,0.42973881328746355,820.9314813374219,2024-06-24 00:00:00,564.75,546.5999755859375,464171.6665846751,448721.1276567623,-15450.53892791277,-0.03328626032173865,53
2024-08-19 00:00:00,TRENT,2,0.720156869581214,0.5740080981681495,93.22768775465379,2024-03-22 00:00:00,3999.9436768841015,6676.17431640625,373348.37569506007,622404.2945655611,249055.91887050105,0.6670871900991544,150
2024-08-19 00:00:00,HERITGFOOD,6,0.6284922386716879,0.42599190183185054,820.9314813374219,2024-06-24 00:00:00,564.75,550.8499755859375,464171.6665846751,452210.08645244635,-11961.58013222873,-0.025769733470034358,56
2024-08-20 00:00:00,TRENT,3,0.7646863799063621,0.579499687880073,93.22768775465379,2024-03-22 00:00:00,3999.9436768841015,6779.9609375,373348.37569506007,632080.0812699997,258731.70557493967,0.6930034316963631,151
2024-08-20 00:00:00,HERITGFOOD,7,0.6609008799281932,0.42050031211992694,820.9314813374219,2024-06-24 00:00:00,564.75,545.3499755859375,464171.6665846751,447694.96330509055,-16476.70327958453,-0.03549700351341634,57
2024-08-21 00:00:00,TRENT,2,0.7670187211620124,0.5830735914509148,93.22768775465379,2024-03-22 00:00:00,3999.9436768841015,6769.283203125,373348.37569506007,631084.6207837601,257736.24508870003,0.6903371271105018,152
2024-08-21 00:00:00,HERITGFOOD,6,0.655729663716935,0.4169264085490853,820.9314813374219,2024-06-24 00:00:00,564.75,547.4000244140625,464171.6665846751,449377.91292637726,-14793.753658297821,-0.031871298321908915,58
2024-08-22 00:00:00,TRENT,2,0.7595414302991982,0.31764486492569133,93.22768775465379,2024-03-22 00:00:00,3999.9436768841015,6975.458984375,373348.37569506007,650305.9121407069,276957.53644564684,0.7418206545831006,153
2024-08-22 00:00:00,HERITGFOOD,10,0.6665444597638429,0.22506776639742856,820.9314813374219,2024-06-24 00:00:00,564.75,544.8499755859375,464171.6665846751,447284.49756442185,-16887.169020253234,-0.03638130079008742,59
2024-08-22 00:00:00,GODFRYPHLP,1,0.8112932607873731,0.15242912289229338,166.36557767104253,2024-08-22 00:00:00,1831.5478115391081,1826.875732421875,305068.38975454244,303929.2365575741,-1139.1531969683128,-0.003734091224216556,0
2024-08-22 00:00:00,DEEPAKFERT,3,0.7385771830917531,0.1524291228922934,291.8868941378101,2024-08-22 00:00:00,1043.9198053029913,1046.0867919921875,305068.3897545425,305339.024713185,270.6349586424767,0.0008871288135104037,0
2024-08-22 00:00:00,SUZLON,4,0.7239457662295903,0.1524291228922934,3845.847491967473,2024-08-22 00:00:00,79.2300033569336,77.56999969482422,305068.3897545425,298322.38877825736,-6746.0009762851405,-0.022113077601101056,0
2024-08-23 00:00:00,TRENT,2,0.7779968070522765,0.3246819887581895,93.22768775465379,2024-03-22 00:00:00,3999.9436768841015,6934.4931640625,373348.37569506007,646486.7634359999,273138.3877409398,0.7315912041466364,154
2024-08-23 00:00:00,HERITGFOOD,10,0.6528571231741588,0.2228065354400417,820.9314813374219,2024-06-24 00:00:00,564.75,547.8499755859375,464171.6665846751,449747.29200843413,-14424.374576240953,-0.031075517130060827,60
2024-08-23 00:00:00,GODFRYPHLP,1,0.8017797166496714,0.1517801139346757,166.36557767104253,2024-08-22 00:00:00,1831.5478115391081,1770.4267578125,305068.38975454244,294538.0702877475,-10530.319466794957,-0.034517897692604715,1
2024-08-23 00:00:00,DEEPAKFERT,3,0.7514974185429005,0.15217844112380627,291.8868941378101,2024-08-22 00:00:00,1043.9198053029913,1052.6370849609375,305068.3897545425,307250.9693835262,2182.579628983687,0.0071543945629364844,1
2024-08-23 00:00:00,SUZLON,7,0.6716303419788866,0.14855292074328688,3845.847491967473,2024-08-22 00:00:00,79.2300033569336,78.83999633789062,305068.3897545425,303206.6021828014,-1861.7875717410934,-0.006102853111851689,1
2024-08-26 00:00:00,TRENT,2,0.7822575516580282,0.322881895514074,93.22768775465379,2024-03-22 00:00:00,3999.9436768841015,6911.39111328125,373348.37569506007,644333.0126592733,270984.6369642133,0.7258224612862533,157
2024-08-26 00:00:00,HERITGFOOD,9,0.6704293779917246,0.22385267141093068,820.9314813374219,2024-06-24 00:00:00,564.75,543.6500244140625,464171.6665846751,446299.4198713619,-17872.246713313158,-0.03850352789694213,63
2024-08-26 00:00:00,GODFRYPHLP,1,0.7878114510733402,0.1481316276572529,166.36557767104253,2024-08-22 00:00:00,1831.5478115391081,1863.4320068359375,305068.38975454244,310010.9422679708,4942.552513428382,0.016201457376180967,4
2024-08-26 00:00:00,DEEPAKFERT,3,0.7758602809327685,0.15385540773879958,291.8868941378101,2024-08-22 00:00:00,1043.9198053029913,1069.7271728515625,305068.3897545425,312239.3420584629,7170.952303920407,0.023506048298514777,4
2024-08-26 00:00:00,SUZLON,8,0.6818735732397595,0.15127839767894286,3845.847491967473,2024-08-22 00:00:00,79.2300033569336,76.4000015258789,305068.3897545425,293822.7542546125,-11245.63549993001,-0.036862670396556746,4
2024-08-27 00:00:00,TRENT,3,0.7450949431789776,0.32218329918033844,93.22768775465379,2024-03-22 00:00:00,3999.9436768841015,6855.8046875,373348.37569506007,639150.8187131417,265802.44301808166,0.7119421439111369,158
2024-08-27 00:00:00,HERITGFOOD,7,0.6404410291867528,0.22147624378540975,820.9314813374219,2024-06-24 00:00:00,564.75,557.2999877929688,464171.6665846751,457505.104528209,-6666.562056466064,-0.014362277011688167,64
2024-08-27 00:00:00,GODFRYPHLP,1,0.815459864909122,0.1536168314852303,166.36557767104253,2024-08-22 00:00:00,1831.5478115391081,1879.44091796875,305068.38975454244,312674.2740164655,7605.884261923085,0.024931735038306552,5
2024-08-27 00:00:00,DEEPAKFERT,2,0.7675039688998269,0.1551343773320212,291.8868941378101,2024-08-22 00:00:00,1043.9198053029913,1059.0889892578125,305068.3897545425,309134.1956900154,4065.8059354728903,0.01332752285067696,5
2024-08-27 00:00:00,SUZLON,9,0.6347485757531262,0.14758924821700034,3845.847491967473,2024-08-22 00:00:00,79.2300033569336,77.5,305068.3897545425,298053.18062747916,-7015.209127063339,-0.02299552940475991,5
2024-08-28 00:00:00,TRENT,4,0.7429201835661572,0.3196366146499016,93.22768775465379,2024-03-22 00:00:00,3999.9436768841015,7227.24169921875,373348.37569506007,673779.0324621791,300430.656767119,0.8046925507786377,159
2024-08-28 00:00:00,HERITGFOOD,7,0.6639509256923675,0.22674147801253386,820.9314813374219,2024-06-24 00:00:00,564.75,555.8499755859375,464171.6665846751,456314.7438591335,-7856.922725541575,-0.016926760703323326,65
2024-08-28 00:00:00,GODFRYPHLP,1,0.8054905641732192,0.15408237259432248,166.36557767104253,2024-08-22 00:00:00,1831.5478115391081,1900.31640625,305068.38975454244,316147.2366835408,11078.846928998362,0.03631594521448907,6
2024-08-28 00:00:00,DEEPAKFERT,2,0.7719090171004567,0.15219482806855458,291.8868941378101,2024-08-22 00:00:00,1043.9198053029913,1053.720703125,305068.3897545425,307567.2633238657,2498.8735693232156,0.008191191395915535,6
2024-08-28 00:00:00,SUZLON,8,0.6536517885965565,0.14734470667468755,3845.847491967473,2024-08-22 00:00:00,79.2300033569336,78.95999908447266,305068.3897545425,303668.1144447731,-1400.2753097693785,-0.004590037371279396,6
2024-08-29 00:00:00,TRENT,2,0.7841576146751615,0.32810750720168613,93.22768775465379,2024-03-22 00:00:00,3999.9436768841015,7155.93798828125,373348.37569506007,667131.5523631497,293783.17666808964,0.7868875179144829,160
2024-08-29 00:00:00,HERITGFOOD,8,0.6353056296037854,0.22181651365956193,820.9314813374219,2024-06-24 00:00:00,564.75,548.2999877929688,464171.6665846751,450116.7211961722,-14054.945388502907,-0.03027962799176795,66
2024-08-29 00:00:00,GODFRYPHLP,1,0.814697530651772,0.15410638714995184,166.36557767104253,2024-08-22 00:00:00,1831.5478115391081,2008.8717041015625,305068.38975454244,334207.10151986807,29138.71176532563,0.09551534260488473,7
2024-08-29 00:00:00,DEEPAKFERT,3,0.7420625893547924,0.14920105412270135,291.8868941378101,2024-08-22 00:00:00,1043.9198053029913,1027.6671142578125,305068.3897545425,299962.5621882789,-5105.827566263615,-0.01673666540926038,7
2024-08-29 00:00:00,SUZLON,6,0.6718683476372146,0.14676853786609884,3845.847491967473,2024-08-22 00:00:00,79.2300033569336,77.0,305068.3897545425,296130.2568814954,-8938.132873047085,-0.02929878405376149,7
2024-08-30 00:00:00,TRENT,2,0.7505863478955915,0.32679800074254883,93.22768775465379,2024-03-22 00:00:00,3999.9436768841015,7144.0625,373348.37569506007,666024.4280497313,292676.05235467124,0.7839221258423805,161
2024-08-30 00:00:00,HERITGFOOD,9,0.5978581770001099,0.21878880047856833,820.9314813374219,2024-06-24 00:00:00,564.75,563.9500122070312,464171.6665846751,462964.3189213753,-1207.3476632997626,-0.002601080053384766,67
2024-08-30 00:00:00,GODFRYPHLP,1,0.8440764259810557,0.1629272083755361,166.36557767104253,2024-08-22 00:00:00,1831.5478115391081,2132.894775390625,305068.38975454244,354840.27141940984,49771.8816648674,0.16314991436809884,8
2024-08-30 00:00:00,DEEPAKFERT,4,0.6833741660045933,0.14665458886767205,291.8868941378101,2024-08-22 00:00:00,1043.9198053029913,1030.425048828125,305068.3897545425,300767.5671442427,-4300.822610299801,-0.01409789658561556,8
2024-08-30 00:00:00,SUZLON,6,0.6350246617000093,0.1448314015356747,3845.847491967473,2024-08-22 00:00:00,79.2300033569336,75.83999633789062,305068.3897545425,291669.059706899,-13399.33004764351,-0.043922381005860975,8
2024-09-02 00:00:00,TRENT,2,0.7129558005088531,0.32086226853540123,93.22768775465379,2024-03-22 00:00:00,3999.9436768841015,7133.53466796875,373348.37569506007,665042.9426123885,291694.56691732846,0.7812932529150093,164
2024-09-02 00:00:00,HERITGFOOD,9,0.5784873410672713,0.222399656219129,820.9314813374219,2024-06-24 00:00:00,564.75,551.9500122070312,464171.6665846751,453113.14114532626,-11058.525439348829,-0.023824214693491014,70
2024-09-02 00:00:00,GODFRYPHLP,1,0.8543462929732974,0.17154836910707902,166.36557767104253,2024-08-22 00:00:00,1831.5478115391081,2188.04931640625,305068.38975454244,364016.0884966555,58947.698742113076,0.19322781619407473,11
2024-09-02 00:00:00,DEEPAKFERT,3,0.6750440188235091,0.14507718351526552,291.8868941378101,2024-08-22 00:00:00,1043.9198053029913,1055.7891845703125,305068.3897545425,308171.02594851964,3102.636193977145,0.010170297212613607,11
2024-09-02 00:00:00,SUZLON,6,0.6140596452699479,0.14011252262312518,3845.847491967473,2024-08-22 00:00:00,79.2300033569336,73.80999755859375,305068.3897545425,283861.9939928431,-21206.395761699416,-0.06951357949200193,11
2024-09-03 00:00:00,TRENT,2,0.7025682154427235,0.3210236803454247,93.22768775465379,2024-03-22 00:00:00,3999.9436768841015,7028.35009765625,373348.37569506007,655236.8283346873,281888.4526396272,0.755027933668755,165
2024-09-03 00:00:00,HERITGFOOD,10,0.5430738106264831,0.2177844250778026,820.9314813374219,2024-06-24 00:00:00,564.75,561.2999877929688,464171.6665846751,460788.8304535587,-3382.8361311163753,-0.0072878987983194185,71
2024-09-03 00:00:00,GODFRYPHLP,1,0.8564347393489429,0.17557136695866538,166.36557767104253,2024-08-22 00:00:00,1831.5478115391081,2174.629638671875,305068.38975454244,361783.516058217,56715.12630367454,0.18590954752574476,12
2024-09-03 00:00:00,DEEPAKFERT,3,0.6688018855909308,0.14918502056813118,291.8868941378101,2024-08-22 00:00:00,1043.9198053029913,1046.0589599609375,305068.3897545425,305330.9009080259,262.5111534834141,0.0008604993578476948,12
2024-09-03 00:00:00,SUZLON,7,0.5703195255771961,0.13643550704997612,3845.847491967473,2024-08-22 00:00:00,79.2300033569336,74.47000122070312,305068.3897545425,286400.26742145576,-18668.122333086736,-0.06119323718890402,12
2024-09-04 00:00:00,TRENT,2,0.693471846717826,0.317753501401354,93.22768775465379,2024-03-22 00:00:00,3999.9436768841015,7125.2509765625,373348.37569506007,664270.6732165107,290922.2975214506,0.7792247575199507,166
2024-09-04 00:00:00,HERITGFOOD,12,0.5417624395151881,0.22094266797731513,820.9314813374219,2024-06-24 00:00:00,564.75,569.0499877929688,464171.6665846751,467151.0494339237,2979.382849248592,0.006418708990082416,72
2024-09-04 00:00:00,GODFRYPHLP,1,0.8706784939494804,0.17443656612482478,166.36557767104253,2024-08-22 00:00:00,1831.5478115391081,2087.162353515625,305068.38975454244,347231.9706358796,42163.58088133717,0.13821025808430012,13
2024-09-04 00:00:00,DEEPAKFERT,3,0.6789986530929384,0.14811352288501398,291.8868941378101,2024-08-22 00:00:00,1043.9198053029913,1084.4837646484375,305068.3897545425,316546.5978061122,11478.208051569702,0.037625032409306806,13
2024-09-04 00:00:00,SUZLON,8,0.5738355637939743,0.13875374161149207,3845.847491967473,2024-08-22 00:00:00,79.2300033569336,74.16000366210938,305068.3897545425,285208.064088222,-19860.32566632051,-0.06510122429367426,13
2024-09-05 00:00:00,TRENT,3,0.6938530955789224,0.4097613112809158,93.22768775465379,2024-03-22 00:00:00,3999.9436768841015,7152.9443359375,373348.37569506007,666852.4610772006,293504.08538214053,0.7861399820897199,167
2024-09-05 00:00:00,GODFRYPHLP,1,0.8261699637961005,0.2150066463106604,166.36557767104253,2024-08-22 00:00:00,1831.5478115391081,2101.320068359375,305068.38975454244,349587.327044362,44518.93728981959,0.14593100689861527,14
2024-09-05 00:00:00,DEEPAKFERT,2,0.7171799530349747,0.19639692481490334,291.8868941378101,2024-08-22 00:00:00,1043.9198053029913,1063.8812255859375,305068.3897545425,310532.98666780617,5464.596913263667,0.017912694650732162,14
2024-09-05 00:00:00,SUZLON,10,0.5567322082548969,0.17883511759352042,3845.847491967473,2024-08-22 00:00:00,79.2300033569336,76.0,305068.3897545425,292284.409389528,-12783.980365014519,-0.04190529335176446,14
2024-09-06 00:00:00,TRENT,3,0.6887131346203038,0.41185870315340417,93.22768775465379,2024-03-22 00:00:00,3999.9436768841015,7088.9755859375,373348.37569506007,660888.8024261451,287540.426731085,0.770166540019822,168
2024-09-06 00:00:00,GODFRYPHLP,1,0.8402600455391417,0.21444837882125561,166.36557767104253,2024-08-22 00:00:00,1831.5478115391081,2361.459228515625,305068.38975454244,392865.52869861637,87797.13894407393,0.2877949400615232,15
2024-09-06 00:00:00,DEEPAKFERT,2,0.6973497570751593,0.19182964449553017,291.8868941378101,2024-08-22 00:00:00,1043.9198053029913,1043.477294921875,305068.3897545425,304577.34671806975,-491.0430364727508,-0.0016096162465991418,15
2024-09-06 00:00:00,SUZLON,8,0.6000836717125462,0.18186327352981008,3845.847491967473,2024-08-22 00:00:00,79.2300033569336,74.72000122070312,305068.3897545425,287361.72929444764,-17706.660460094863,-0.05804160986440323,15
2024-09-09 00:00:00,TRENT,2,0.6264951071759816,0.4034285407588137,93.22768775465379,2024-03-22 00:00:00,3999.9436768841015,7122.0078125,373348.37569506007,663968.3205299549,290619.9448348948,0.7784149168825221,171
2024-09-09 00:00:00,GODFRYPHLP,1,0.8375855451384189,0.23677966092571145,166.36557767104253,2024-08-22 00:00:00,1831.5478115391081,2242.941650390625,305068.38975454244,373148.28334967786,68079.89359513542,0.22316272639689874,18
2024-09-09 00:00:00,DEEPAKFERT,3,0.617191265687523,0.18307315780000274,291.8868941378101,2024-08-22 00:00:00,1043.9198053029913,1054.697021484375,305068.3897545425,307852.2378574734,2783.848102930875,0.009125324669562633,18
2024-09-09 00:00:00,SUZLON,12,0.516644628810221,0.17671864051547215,3845.847491967473,2024-08-22 00:00:00,79.2300033569336,74.33999633789062,305068.3897545425,285900.2884689478,-19168.10128559469,-0.06283214495286553,18
2024-09-10 00:00:00,TRENT,3,0.6641795182321871,0.4049700002777639,93.22768775465379,2024-03-22 00:00:00,3999.9436768841015,7123.3056640625,373348.37569506007,664089.3162301754,290740.94053511537,0.778738999450165,172
2024-09-10 00:00:00,GODFRYPHLP,1,0.8420582630376454,0.22813228216977088,166.36557767104253,2024-08-22 00:00:00,1831.5478115391081,2217.134033203125,305068.38975454244,368854.7842079663,63786.394453423854,0.2090888358008717,19
2024-09-10 00:00:00,DEEPAKFERT,2,0.6713552420677543,0.18950627515120616,291.8868941378101,2024-08-22 00:00:00,1043.9198053029913,1060.753662109375,305068.3897545425,309620.0918784135,4551.702123871015,0.014920267968547337,19
2024-09-10 00:00:00,SUZLON,10,0.5533279063205828,0.17739144240125898,3845.847491967473,2024-08-22 00:00:00,79.2300033569336,78.05000305175781,305068.3897545425,300168.4084846564,-4899.981269886077,-0.016061910818844893,19
2024-09-11 00:00:00,TRENT,4,0.6588364622531933,0.40391177072570444,93.22768775465379,2024-03-22 00:00:00,3999.9436768841015,7134.18310546875,373348.37569506007,665103.3949411669,291755.0192461068,0.7814551722716042,173
2024-09-11 00:00:00,GODFRYPHLP,1,0.8045202938067749,0.22362392779675583,166.36557767104253,2024-08-22 00:00:00,1831.5478115391081,2167.73095703125,305068.38975454244,360635.8129019058,55567.423147363355,0.1821474299322615,20
2024-09-11 00:00:00,DEEPAKFERT,2,0.6814489662610014,0.1874747853248392,291.8868941378101,2024-08-22 00:00:00,1043.9198053029913,1016.5700073242188,305068.3897545425,296723.4621115171,-8344.92764302541,-0.027354284885889767,20
2024-09-11 00:00:00,SUZLON,5,0.6390630309749231,0.18498951615270048,3845.847491967473,2024-08-22 00:00:00,79.2300033569336,81.94999694824219,305068.3897545425,315167.1902301393,10098.8004755968,0.03310339849934068,20
2024-09-12 00:00:00,TRENT,3,0.7097419307896302,0.40265511689205025,93.22768775465379,2024-03-22 00:00:00,3999.9436768841015,7195.70654296875,373348.37569506007,670839.0827620098,297490.70706694975,0.7968180027919323,174
2024-09-12 00:00:00,GODFRYPHLP,1,0.8152023551910559,0.21880582718264016,166.36557767104253,2024-08-22 00:00:00,1831.5478115391081,2175.399658203125,305068.38975454244,361911.6208023514,56843.23104780895,0.18632946892185365,21
2024-09-12 00:00:00,DEEPAKFERT,5,0.6531854307542196,0.17967379962692848,291.8868941378101,2024-08-22 00:00:00,1043.9198053029913,1002.3220825195312,305068.3897545425,292564.6795923678,-12503.710162174713,-0.04098658065568569,21
2024-09-12 00:00:00,SUZLON,2,0.7349814110385248,0.19886525629838114,3845.847491967473,2024-08-22 00:00:00,79.2300033569336,81.69999694824219,305068.3897545425,314205.7283571474,9137.338602604927,0.029951771174839888,21
2024-09-13 00:00:00,TRENT,3,0.700535512857902,0.41004484766818167,93.22768775465379,2024-03-22 00:00:00,3999.9436768841015,7218.3095703125,373348.37569506007,672946.3107375229,299597.93504246284,0.802462136026984,175
2024-09-13 00:00:00,GODFRYPHLP,1,0.8017081407212161,0.22078013265263013,166.36557767104253,2024-08-22 00:00:00,1831.5478115391081,2397.8193359375,305068.38975454244,398914.5989740378,93846.20921949536,0.30762351122318465,22
2024-09-13 00:00:00,DEEPAKFERT,6,0.6599324289534956,0.17709728789099483,291.8868941378101,2024-08-22 00:00:00,1043.9198053029913,993.6839599609375,305068.3897545425,290043.32482755807,-15025.064926984429,-0.04925146436532992,22
2024-09-13 00:00:00,SUZLON,2,0.7480826887227714,0.19207773178819343,3845.847491967473,2024-08-22 00:00:00,79.2300033569336,83.11000061035156,305068.3897545425,319628.3874047357,14559.997650193225,0.047726995451440164,22
2024-09-16 00:00:00,TRENT,4,0.6515875507183762,0.3994957893000598,93.22768775465379,2024-03-22 00:00:00,3999.9436768841015,7303.78369140625,373348.37569506007,680914.8654099545,307566.4897148944,0.8238056189270946,178
2024-09-16 00:00:00,GODFRYPHLP,1,0.8315211950316455,0.24012909747394964,166.36557767104253,2024-08-22 00:00:00,1831.5478115391081,2698.873779296875,305068.38975454244,448999.69535395433,143931.3055994119,0.4718001288669036,25
2024-09-16 00:00:00,DEEPAKFERT,8,0.5842842572693665,0.1698398723666728,291.8868941378101,2024-08-22 00:00:00,1043.9198053029913,966.5284423828125,305068.3897545425,282116.9851429745,-22951.404611568025,-0.07523363738221021,25
2024-09-16 00:00:00,SUZLON,2,0.6925820815023231,0.1905352408593177,3845.847491967473,2024-08-22 00:00:00,79.2300033569336,84.69999694824219,305068.3897545425,325743.27083304984,20674.881078507344,0.06777129906884918,25
2024-09-17 00:00:00,TRENT,4,0.6106111886533337,0.39649543946167387,93.22768775465379,2024-03-22 00:00:00,3999.9436768841015,7388.2607421875,373348.37569506007,688790.4655226229,315442.08982756286,0.844900126430995,179
2024-09-17 00:00:00,GODFRYPHLP,1,0.8333333333333334,0.25398763044751127,166.36557767104253,2024-08-22 00:00:00,1831.5478115391081,2535.80322265625,305068.38975454244,421870.3679972983,116801.97824275587,0.38287145494403585,26
2024-09-17 00:00:00,DEEPAKFERT,9,0.5402482612261282,0.16123711253732134,291.8868941378101,2024-08-22 00:00:00,1043.9198053029913,951.4861450195312,305068.3897545425,277726.33568490896,-27342.054069633537,-0.08962598219905021,26
2024-09-17 00:00:00,SUZLON,2,0.686925040718029,0.18827981755349357,3845.847491967473,2024-08-22 00:00:00,79.2300033569336,82.0,305068.3897545425,315359.4943413328,10291.104586790316,0.03373376243625412,26
2024-09-18 00:00:00,TRENT,5,0.621097700851147,0.4048871953444,93.22768775465379,2024-03-22 00:00:00,3999.9436768841015,7320.94873046875,373348.37569506007,682515.1223119696,309166.7466169096,0.828091848642266,180
2024-09-18 00:00:00,GODFRYPHLP,1,0.826982896107913,0.2475122059398893,166.36557767104253,2024-08-22 00:00:00,1831.5478115391081,2484.25390625,305068.38975454244,413294.3361948252,108225.94644028274,0.35475962136674066,27
2024-09-18 00:00:00,DEEPAKFERT,11,0.5332594832879896,0.16256130019926965,291.8868941378101,2024-08-22 00:00:00,1043.9198053029913,1011.7048950195312,305068.3897545425,295303.3995912702,-9764.990163272305,-0.03200918381327282,27
2024-09-18 00:00:00,SUZLON,2,0.660786358766738,0.18503929851644113,3845.847491967473,2024-08-22 00:00:00,79.2300033569336,80.81999969482422,305068.3897545425,310821.39312715165,5753.00337260915,0.01885807761740902,27
2024-09-19 00:00:00,TRENT,4,0.5937980997455352,0.4031194585483595,93.22768775465379,2024-03-22 00:00:00,3999.9436768841015,7311.11865234375,373348.37569506007,681598.6868579283,308250.3111628682,0.8256372097213515,181
2024-09-19 00:00:00,GODFRYPHLP,1,0.8241151846433719,0.24108001768529574,166.36557767104253,2024-08-22 00:00:00,1831.5478115391081,2548.8134765625,305068.38975454244,424034.82640405855,118966.43664951611,0.38996644898291927,28
2024-09-19 00:00:00,DEEPAKFERT,6,0.5707415181633193,0.17278082158254734,291.8868941378101,2024-08-22 00:00:00,1043.9198053029913,973.9254760742188,305068.3897545425,284276.08233299176,-20792.307421550737,-0.06815621716258506,28
2024-09-19 00:00:00,SUZLON,2,0.6461360501072112,0.18301970218379732,3845.847491967473,2024-08-22 00:00:00,79.2300033569336,80.97000122070312,305068.3897545425,311398.27611924434,6329.886364701844,0.020749073248116135,28
2024-09-20 00:00:00,TRENT,4,0.5937698476988895,0.3994023763586179,93.22768775465379,2024-03-22 00:00:00,3999.9436768841015,7449.83349609375,373348.37569506007,694530.7509979889,321182.3753029288,0.8602752716011843,182
2024-09-20 00:00:00,GODFRYPHLP,1,0.8331059943383539,0.24902092891898048,166.36557767104253,2024-08-22 00:00:00,1831.5478115391081,2490.021484375,305068.38975454244,414253.86266135366,109185.47290681122,0.35790490451882506,29
2024-09-20 00:00:00,DEEPAKFERT,10,0.5140980945822939,0.16684325893475493,291.8868941378101,2024-08-22 00:00:00,1043.9198053029913,964.9397583007812,305068.3897545425,281653.2690805042,-23415.120674038306,-0.07675367707836944,29
2024-09-20 00:00:00,SUZLON,2,0.6359698237528429,0.18473343578764664,3845.847491967473,2024-08-22 00:00:00,79.2300033569336,83.44999694824219,305068.3897545425,320935.9614680905,15867.571713547979,0.052013162446345226,29
2024-09-23 00:00:00,TRENT,4,0.6042652769026557,0.41047887300855695,93.22768775465379,2024-03-22 00:00:00,3999.9436768841015,7607.80908203125,373348.37569506007,709258.4495966287,335910.0739015686,0.8997228748516909,185
2024-09-23 00:00:00,GODFRYPHLP,1,0.8136305039996475,0.23347839563863124,166.36557767104253,2024-08-22 00:00:00,1831.5478115391081,2409.469482421875,305068.38975454244,400852.78232386307,95784.39256932063,0.3139767861442105,32
2024-09-23 00:00:00,DEEPAKFERT,14,0.5070208960705912,0.16610216622295454,291.8868941378101,2024-08-22 00:00:00,1043.9198053029913,1026.796875,305068.3897545425,299708.5507541592,-5359.839000383276,-0.01756930308215739,32
2024-09-23 00:00:00,SUZLON,3,0.6396290998208172,0.18994056512985724,3845.847491967473,2024-08-22 00:00:00,79.2300033569336,82.88999938964844,305068.3897545425,318782.29626186483,13713.906507322332,0.0449535480170742,32
2024-09-24 00:00:00,TRENT,5,0.6296842084390348,0.322517641551812,93.22768775465379,2024-03-22 00:00:00,3999.9436768841015,7605.71337890625,373348.37569506007,709063.0720400647,335714.69634500466,0.899199563196189,186
2024-09-24 00:00:00,GODFRYPHLP,1,0.7763008017851588,0.18368757259169669,166.36557767104253,2024-08-22 00:00:00,1831.5478115391081,2394.820556640625,305068.38975454244,398415.7053240052,93347.31556946278,0.3059881610302853,33
2024-09-24 00:00:00,DEEPAKFERT,9,0.5819247496614587,0.1363654434796455,291.8868941378101,2024-08-22 00:00:00,1043.9198053029913,1065.96630859375,305068.3897545425,311141.5950709761,6073.205316433625,0.019907684704141636,33
2024-09-24 00:00:00,SUZLON,3,0.6614481949370093,0.1448372073751338,3845.847491967473,2024-08-22 00:00:00,79.2300033569336,83.79000091552734,305068.3897545425,322243.5648729331,17175.175118390587,0.05629942562128349,33
2024-09-24 00:00:00,KALYANKJIL,2,0.6988980164040737,0.21259213500171203,608.6797889352667,2024-09-24 00:00:00,769.74755859375,769.74755859375,469086.2237731622,468529.78149828064,-556.4422748815268,-0.0011862259999999654,0
2024-09-25 00:00:00,TRENT,4,0.6428885189466382,0.3206907255078024,93.22768775465379,2024-03-22 00:00:00,3999.9436768841015,7599.2763671875,373348.37569506007,708462.964321476,335114.588626416,0.897592196571193,187
2024-09-25 00:00:00,GODFRYPHLP,1,0.7716538231166232,0.17982725070547384,166.36557767104253,2024-08-22 00:00:00,1831.5478115391081,2331.3095703125,305068.38975454244,387849.663395069,82781.27364052658,0.2713531667674001,34
2024-09-25 00:00:00,DEEPAKFERT,6,0.6120024290654761,0.14083094234363236,291.8868941378101,2024-08-22 00:00:00,1043.9198053029913,1055.2431640625,305068.3897545425,308011.6497183587,2943.2599638162064,0.009647869339017222,34
2024-09-25 00:00:00,SUZLON,3,0.6858047973165741,0.14564504938514303,3845.847491967473,2024-08-22 00:00:00,79.2300033569336,82.95999908447266,305068.3897545425,319051.50441264303,13983.11465810053,0.04583599982073305,34
2024-09-25 00:00:00,KALYANKJIL,2,0.7214125584295749,0.21300603205794838,608.6797889352667,2024-09-24 00:00:00,769.74755859375,755.98779296875,469086.2237731622,460154.4902618569,-8931.733511305298,-0.01904070735538047,1
2024-09-26 00:00:00,TRENT,4,0.6483692348155164,0.32708979517154596,93.22768775465379,2024-03-22 00:00:00,3999.9436768841015,7829.3037109375,373348.37569506007,729907.8816996334,356559.50600457337,0.9550316251966251,188
2024-09-26 00:00:00,GODFRYPHLP,1,0.7680923834705858,0.17639712740012567,166.36557767104253,2024-08-22 00:00:00,1831.5478115391081,2338.880126953125,305068.38975454244,389109.14342387795,84040.7536693355,0.2754816837527958,35
2024-09-26 00:00:00,DEEPAKFERT,7,0.5914330944608298,0.1405764218954569,291.8868941378101,2024-08-22 00:00:00,1043.9198053029913,1063.6827392578125,305068.3897545425,310475.05110996094,5406.661355418444,0.017722784585347026,35
2024-09-26 00:00:00,SUZLON,2,0.7024638020506973,0.1451876243849833,3845.847491967473,2024-08-22 00:00:00,79.2300033569336,81.83999633789062,305068.3897545425,314744.1446587038,9675.754904161324,0.031716674782157596,35
2024-09-26 00:00:00,KALYANKJIL,3,0.700034841021797,0.21074903114788807,608.6797889352667,2024-09-24 00:00:00,769.74755859375,714.60888671875,469086.2237731622,434967.9863392347,-34118.23743392748,-0.07273340316731657,2
2024-09-27 00:00:00,TRENT,3,0.6777922283010258,0.3359409473709577,93.22768775465379,2024-03-22 00:00:00,3999.9436768841015,7817.62744140625,373348.37569506007,728819.3300896349,355470.9543945748,0.9521159794328742,189
2024-09-27 00:00:00,GODFRYPHLP,1,0.7718848651786874,0.17873346564170073,166.36557767104253,2024-08-22 00:00:00,1831.5478115391081,2293.3603515625,305068.38975454244,381536.2196955605,76467.82994101808,0.25065799181142295,36
2024-09-27 00:00:00,DEEPAKFERT,5,0.6265059840973516,0.14163159833672617,291.8868941378101,2024-08-22 00:00:00,1043.9198053029913,1058.1224365234375,305068.3897545425,308852.0716143583,3783.6818598157843,0.012402733245683462,36
2024-09-27 00:00:00,SUZLON,2,0.682701161704035,0.1437028802139489,3845.847491967473,2024-08-22 00:00:00,79.2300033569336,81.08999633789062,305068.3897545425,311859.75903972826,6791.369285185763,0.02226179280865542,36
2024-09-27 00:00:00,KALYANKJIL,4,0.6271021231008433,0.19999110843666643,608.6797889352667,2024-09-24 00:00:00,769.74755859375,704.6380615234375,469086.2237731622,428898.9465638414,-40187.277209320746,-0.08567140788332821,3
2024-09-30 00:00:00,TRENT,3,0.6887576916882991,0.337038682253056,93.22768775465379,2024-03-22 00:00:00,3999.9436768841015,7559.109375,373348.37569506007,704718.2885157762,331369.9128207161,0.8875622190770405,192
2024-09-30 00:00:00,GODFRYPHLP,1,0.7655889324851914,0.1758815906075121,166.36557767104253,2024-08-22 00:00:00,1831.5478115391081,2286.65869140625,305068.38975454244,380421.29413231096,75352.90437776851,0.24700331764427427,39
2024-09-30 00:00:00,DEEPAKFERT,6,0.631773141564219,0.14334801446394047,291.8868941378101,2024-08-22 00:00:00,1043.9198053029913,1059.1650390625,305068.3897545425,309156.39363130543,4088.0038767629303,0.013400286670317207,39
2024-09-30 00:00:00,SUZLON,2,0.6952947987574295,0.14405061500695426,3845.847491967473,2024-08-22 00:00:00,79.2300033569336,80.05000305175781,305068.3897545425,307860.10346859135,2791.7137140488485,0.009151107777161235,39
2024-09-30 00:00:00,KALYANKJIL,8,0.5980393335821129,0.1996810976685372,608.6797889352667,2024-09-24 00:00:00,769.74755859375,728.1193237304688,469086.2237731622,443191.51628795086,-25894.707485211315,-0.055202447168291424,6
2024-10-01 00:00:00,TRENT,5,0.6534965646958454,0.3292819828190327,93.22768775465379,2024-03-22 00:00:00,3999.9436768841015,7597.08154296875,373348.37569506007,708258.345934534,334909.9702394739,0.8970441336887414,193
2024-10-01 00:00:00,GODFRYPHLP,1,0.756773146982565,0.17531818097342972,166.36557767104253,2024-08-22 00:00:00,1831.5478115391081,2234.781494140625,305068.38975454244,371790.7142412606,66722.32448671816,0.21871267796838226,40
2024-10-01 00:00:00,DEEPAKFERT,6,0.5992991495472201,0.14495100849428383,291.8868941378101,2024-08-22 00:00:00,1043.9198053029913,1102.504638671875,305068.3897545425,321806.6547544621,16738.26499991963,0.0548672545634348,40
2024-10-01 00:00:00,SUZLON,4,0.661784409706233,0.1438166014881644,3845.847491967473,2024-08-22 00:00:00,79.2300033569336,79.73999786376953,305068.3897545425,306667.8707938697,1599.48103932722,0.005243024492357795,40
2024-10-01 00:00:00,KALYANKJIL,8,0.5963278795113239,0.20663222622508928,608.6797889352667,2024-09-24 00:00:00,769.74755859375,747.9613037109375,469086.2237731622,455268.9284745204,-13817.29529864178,-0.02945576868043659,7
2024-10-03 00:00:00,TRENT,3,0.6460320130089563,0.33134904512428714,93.22768775465379,2024-03-22 00:00:00,3999.9436768841015,7472.537109375,373348.37569506007,696647.3563678757,323298.98067281564,0.8659445218448646,195
2024-10-03 00:00:00,GODFRYPHLP,1,0.7159155285411235,0.17292775927058984,166.36557767104253,2024-08-22 00:00:00,1831.5478115391081,2161.66845703125,305068.38975454244,359627.2215872751,54558.831832732656,0.1788413144889597,42
2024-10-03 00:00:00,DEEPAKFERT,6,0.605599952545502,0.14983716008015519,291.8868941378101,2024-08-22 00:00:00,1043.9198053029913,1117.7454833984375,305068.3897545425,326255.2575857351,21186.86783119262,0.06944956784358923,42
2024-10-03 00:00:00,SUZLON,5,0.6245812633406856,0.1388607184104277,3845.847491967473,2024-08-22 00:00:00,79.2300033569336,75.75,305068.3897545425,291322.9475165361,-13745.442238006392,-0.04505692067626525,42
2024-10-03 00:00:00,KALYANKJIL,7,0.5925153001822725,0.20702531711454009,608.6797889352667,2024-09-24 00:00:00,769.74755859375,728.41845703125,469086.2237731622,443373.5926823339,-25712.631090828276,-0.05481429593903877,9
2024-10-04 00:00:00,TRENT,3,0.6538513117932881,0.32782252557476804,93.22768775465379,2024-03-22 00:00:00,3999.9436768841015,7338.212890625,373348.37569506007,684124.6200443628,310776.2443493028,0.832402829584387,196
2024-10-04 00:00:00,GODFRYPHLP,2,0.7059547524410369,0.17013697439770253,166.36557767104253,2024-08-22 00:00:00,1831.5478115391081,2171.89306640625,305068.38975454244,361328.24463240773,56259.85487786529,0.18441718895599732,43
2024-10-04 00:00:00,DEEPAKFERT,4,0.6190318784207843,0.15449415633510555,291.8868941378101,2024-08-22 00:00:00,1043.9198053029913,1080.3631591796875,305068.3897545425,315343.8470738715,10275.457319329027,0.03368247142090546,43
2024-10-04 00:00:00,SUZLON,7,0.5838571257754375,0.13631335108482254,3845.847491967473,2024-08-22 00:00:00,79.2300033569336,74.66999816894531,305068.3897545425,287169.4251832541,-17898.96457128838,-0.05867197380131667,43
2024-10-04 00:00:00,KALYANKJIL,9,0.5829844817682338,0.2112329926076014,608.6797889352667,2024-09-24 00:00:00,769.74755859375,710.8698120117188,469086.2237731622,432692.08713574574,-36394.136637416435,-0.07758517473541429,10
2024-10-07 00:00:00,TRENT,3,0.6742942159167274,0.3256599076231638,93.22768775465379,2024-03-22 00:00:00,3999.9436768841015,7434.2158203125,373348.37569506007,693074.7511968011,319726.375501741,0.8563754292663217,199
2024-10-07 00:00:00,GODFRYPHLP,2,0.7496521832240092,0.17293071377250901,166.36557767104253,2024-08-22 00:00:00,1831.5478115391081,2099.697509765625,305068.38975454244,349317.38914660766,44248.99939206522,0.14504616301829204,46
2024-10-07 00:00:00,DEEPAKFERT,4,0.6135264538444289,0.15070434052009654,291.8868941378101,2024-08-22 00:00:00,1043.9198053029913,1040.54833984375,305068.3897545425,303722.4231172467,-1345.9666372957872,-0.0044120160675406245,46
2024-10-07 00:00:00,SUZLON,6,0.5995540939398801,0.13934901752810744,3845.847491967473,2024-08-22 00:00:00,79.2300033569336,70.93000030517578,305068.3897545425,272785.9637789124,-32282.425975630118,-0.10582029164543892,46
2024-10-07 00:00:00,KALYANKJIL,8,0.5949450632449277,0.21135602055612318,608.6797889352667,2024-09-24 00:00:00,769.74755859375,700.1511840820312,469086.2237731622,426167.87494982785,-42918.34882333432,-0.09149351792537083,13
2024-10-08 00:00:00,TRENT,3,0.7084335467780803,0.3440435484413431,93.22768775465379,2024-03-22 00:00:00,3999.9436768841015,8025.4501953125,373348.37569506007,748194.164899119,374845.7892040589,1.0040107674399577,200
2024-10-08 00:00:00,GODFRYPHLP,2,0.7112607741950928,0.1685026113620211,166.36557767104253,2024-08-22 00:00:00,1831.5478115391081,2256.164794921875,305068.38975454244,375348.15942824696,70279.76967370452,0.23037381791752176,47
2024-10-08 00:00:00,DEEPAKFERT,6,0.5919472511986995,0.1484998272225527,291.8868941378101,2024-08-22 00:00:00,1043.9198053029913,1063.037353515625,305068.3897545425,310286.671470153,5218.28171561053,0.017105284883199963,47
2024-10-08 00:00:00,SUZLON,11,0.5543684686940235,0.1287898983341685,3845.847491967473,2024-08-22 00:00:00,79.2300033569336,73.63999938964844,305068.3897545425,283208.2069611657,-21860.182793376793,-0.07165666298945446,47
2024-10-08 00:00:00,KALYANKJIL,5,0.6061811972207041,0.2101641146399146,608.6797889352667,2024-09-24 00:00:00,769.74755859375,707.8786010742188,469086.2237731622,430871.39749364735,-38214.82627951482,-0.08146652863119364,14
2024-10-09 00:00:00,TRENT,3,0.7215895988139934,0.3482548992687081,93.22768775465379,2024-03-22 00:00:00,3999.9436768841015,8203.982421875,373348.37569506007,764838.3115712309,391489.9358761708,1.0485915069198755,201
2024-10-09 00:00:00,GODFRYPHLP,2,0.7419938719101097,0.1745072293807653,166.36557767104253,2024-08-22 00:00:00,1831.5478115391081,2322.67431640625,305068.38975454244,386413.0543906196,81344.66463607718,0.26664402923399233,48
2024-10-09 00:00:00,DEEPAKFERT,9,0.5492424266515299,0.14399519155417564,291.8868941378101,2024-08-22 00:00:00,1043.9198053029913,1072.122314453125,305068.3897545425,312938.45250156324,7870.06274702074,0.02579769983167702,48
2024-10-09 00:00:00,SUZLON,11,0.5397570700507625,0.13274620455901837,3845.847491967473,2024-08-22 00:00:00,79.2300033569336,76.69000244140625,305068.3897545425,294938.05354826164,-10130.33620628086,-0.03320677115853173,48
2024-10-09 00:00:00,KALYANKJIL,4,0.5708915417399738,0.2004964752373327,608.6797889352667,2024-09-24 00:00:00,769.74755859375,719.4447021484375,469086.2237731622,437911.4494543068,-31174.774318855372,-0.06645851602312389,15
2024-10-10 00:00:00,TRENT,3,0.7436573483951578,0.3463859221742733,93.22768775465379,2024-03-22 00:00:00,3999.9436768841015,8012.37744140625,373348.37569506007,746975.4222798537,373627.04658479366,1.0007464098088408,202
2024-10-10 00:00:00,GODFRYPHLP,1,0.8020705583357471,0.1758551640772587,166.36557767104253,2024-08-22 00:00:00,1831.5478115391081,2259.1962890625,305068.38975454244,375852.49570215837,70784.10594761593,0.2320270087784864,49
2024-10-10 00:00:00,DEEPAKFERT,10,0.5437598310201551,0.14237582317475952,291.8868941378101,2024-08-22 00:00:00,1043.9198053029913,1059.8599853515625,305068.3897545425,309359.23934521247,4290.849590669968,0.014065205490881498,49
2024-10-10 00:00:00,SUZLON,6,0.577045536135027,0.1353278488680417,3845.847491967473,2024-08-22 00:00:00,79.2300033569336,75.44000244140625,305068.3897545425,290130.7441833023,-14937.645571240224,-0.04896490778103568,49
2024-10-10 00:00:00,KALYANKJIL,5,0.5809570717803921,0.20005524170566683,608.6797889352667,2024-09-24 00:00:00,769.74755859375,716.7027587890625,469086.2237731622,436242.48394904996,-32843.739824112214,-0.07001642376092158,16
2024-10-11 00:00:00,TRENT,2,0.7628789688278704,0.3463003674166844,93.22768775465379,2024-03-22 00:00:00,3999.9436768841015,8218.0546875,373348.37569506007,766150.2363569189,392801.86066185887,1.0521054495833346,203
2024-10-11 00:00:00,GODFRYPHLP,1,0.8103989935052733,0.17471744908664955,166.36557767104253,2024-08-22 00:00:00,1831.5478115391081,2295.883544921875,305068.38975454244,381955.9922163687,76887.60246182623,0.2520339866208029,50
2024-10-11 00:00:00,DEEPAKFERT,9,0.5743399327733358,0.1423788436716684,291.8868941378101,2024-08-22 00:00:00,1043.9198053029913,1050.67578125,305068.3897545425,306678.4905348797,1610.1007803371758,0.00527783550971197,50
2024-10-11 00:00:00,SUZLON,6,0.5932849508411344,0.13438629145366526,3845.847491967473,2024-08-22 00:00:00,79.2300033569336,74.38999938964844,305068.3897545425,286092.5925801413,-18975.797174401174,-0.062201781015952085,50
2024-10-11 00:00:00,KALYANKJIL,5,0.5975574933745601,0.20221704837133234,608.6797889352667,2024-09-24 00:00:00,769.74755859375,718.1983642578125,469086.2237731622,437152.82877009915,-31933.395003063022,-0.06807574681303191,17
2024-10-14 00:00:00,TRENT,2,0.7638143916339278,0.35263343294641486,93.22768775465379,2024-03-22 00:00:00,3999.9436768841015,8175.04296875,373348.37569506007,762140.3532715029,388791.9775764428,1.0413651240684563,206
2024-10-14 00:00:00,GODFRYPHLP,1,0.7827552719155203,0.17497886036036342,166.36557767104253,2024-08-22 00:00:00,1831.5478115391081,2270.027099609375,305068.38975454244,377654.36975543486,72585.98000089242,0.23793346816199146,53
2024-10-14 00:00:00,DEEPAKFERT,8,0.5662155122227651,0.14038506646580182,291.8868941378101,2024-08-22 00:00:00,1043.9198053029913,1028.931640625,305068.3897545425,300331.66086215264,-4736.7288923898595,-0.015526777114472671,53
2024-10-14 00:00:00,SUZLON,6,0.5845981220430999,0.1314193923369943,3845.847491967473,2024-08-22 00:00:00,79.2300033569336,74.01000213623047,305068.3897545425,284631.1810961293,-20437.208658413205,-0.06699221992438137,53
2024-10-14 00:00:00,KALYANKJIL,5,0.5872157213733106,0.20058324789042567,608.6797889352667,2024-09-24 00:00:00,769.74755859375,748.609375,469086.2237731622,455663.39636996196,-13422.827403200208,-0.028614840349033863,20
2024-10-15 00:00:00,TRENT,2,0.7604369625576941,0.3493306282186967,93.22768775465379,2024-03-22 00:00:00,3999.9436768841015,8107.58154296875,373348.37569506007,755851.0805332848,382502.70483822474,1.024519536548464,207
2024-10-15 00:00:00,GODFRYPHLP,1,0.7951840671640086,0.17304774982368987,166.36557767104253,2024-08-22 00:00:00,1831.5478115391081,2296.916015625,305068.38975454244,382127.7598013225,77059.37004678004,0.2525970327793774,54
2024-10-15 00:00:00,DEEPAKFERT,11,0.5513831820011628,0.1374775295606056,291.8868941378101,2024-08-22 00:00:00,1043.9198053029913,1038.9100341796875,305068.3897545425,303244.2231653151,-1824.1665892273886,-0.005979533280046189,54
2024-10-15 00:00:00,SUZLON,7,0.5809238181752134,0.13011005524865726,3845.847491967473,2024-08-22 00:00:00,79.2300033569336,73.70999908447266,305068.3897545425,283477.4151119439,-21590.974642598594,-0.0707742111857956,54
2024-10-15 00:00:00,KALYANKJIL,5,0.622078550243027,0.21003403714835062,608.6797889352667,2024-09-24 00:00:00,769.74755859375,748.8087768554688,469086.2237731622,455784.76824926195,-13301.455523900222,-0.028356099262323377,21
2024-10-16 00:00:00,TRENT,3,0.7219423116209701,0.3460685050519661,93.22768775465379,2024-03-22 00:00:00,3999.9436768841015,7789.78466796875,373348.37569506007,726223.61270138,352875.23700632,0.9451634451318413,208
2024-10-16 00:00:00,GODFRYPHLP,1,0.7607007583638008,0.1752931904631235,166.36557767104253,2024-08-22 00:00:00,1831.5478115391081,2327.197021484375,305068.38975454244,387165.4768335776,82097.08707903518,0.2691104350243903,55
2024-10-16 00:00:00,DEEPAKFERT,12,0.524933010439171,0.13957033999694995,291.8868941378101,2024-08-22 00:00:00,1043.9198053029913,1053.6048583984375,305068.3897545425,307533.4497664271,2465.060011884605,0.00808035212651166,55
2024-10-16 00:00:00,SUZLON,9,0.5387880337419988,0.1300189725519335,3845.847491967473,2024-08-22 00:00:00,79.2300033569336,75.05000305175781,305068.3897545425,288630.866008754,-16437.523745788494,-0.05388143871285418,55
2024-10-16 00:00:00,KALYANKJIL,5,0.6155295633423948,0.20904899193602683,608.6797889352667,2024-09-24 00:00:00,769.74755859375,749.2076416015625,469086.2237731622,456027.54915872804,-13058.67461443413,-0.027838537890528554,22
2024-10-17 00:00:00,TRENT,3,0.6718936115985452,0.33448104155268177,93.22768775465379,2024-03-22 00:00:00,3999.9436768841015,7703.8115234375,373348.37569506007,718208.535227735,344860.1595326749,0.9236953526063991,209
2024-10-17 00:00:00,GODFRYPHLP,1,0.7899594683037402,0.1788959200672621,166.36557767104253,2024-08-22 00:00:00,1831.5478115391081,2279.399658203125,305068.38975454244,379213.6408801398,74145.25112559734,0.2430446864234426,56
2024-10-17 00:00:00,DEEPAKFERT,8,0.5450594830364702,0.14258210302841468,291.8868941378101,2024-08-22 00:00:00,1043.9198053029913,1027.0450439453125,305068.3897545425,299780.98801682796,-5287.401737714536,-0.01733185710249682,56
2024-10-17 00:00:00,SUZLON,11,0.5327361763132201,0.13397631099781868,3845.847491967473,2024-08-22 00:00:00,79.2300033569336,73.01000213623047,305068.3897545425,280785.3336041618,-24283.056150380697,-0.07959872922238453,56
2024-10-17 00:00:00,KALYANKJIL,6,0.5860087468964841,0.21006462435382278,608.6797889352667,2024-09-24 00:00:00,769.74755859375,725.92578125,469086.2237731622,441856.3513139186,-27229.872459243576,-0.05804875751885485,23
2024-10-18 00:00:00,TRENT,3,0.6930512014620209,0.3399417255610686,93.22768775465379,2024-03-22 00:00:00,3999.9436768841015,7752.1123046875,373348.37569506007,722711.5053804158,349363.12968535576,0.9357563938371203,210
2024-10-18 00:00:00,GODFRYPHLP,1,0.793947381668328,0.17753393280428637,166.36557767104253,2024-08-22 00:00:00,1831.5478115391081,2214.1845703125,305068.38975454244,368364.09511034813,63295.705355805694,0.20748037974938446,57
2024-10-18 00:00:00,DEEPAKFERT,9,0.5460102847085885,0.14128891900092608,291.8868941378101,2024-08-22 00:00:00,1043.9198053029913,1012.548828125,305068.3897545425,295549.7326042855,-9518.657150256971,-0.031201715647811518,57
2024-10-18 00:00:00,SUZLON,12,0.5256504279708735,0.13269476895227694,3845.847491967473,2024-08-22 00:00:00,79.2300033569336,72.19000244140625,305068.3897545425,277631.739834408,-27436.649920134514,-0.08993606299954576,57
2024-10-18 00:00:00,KALYANKJIL,7,0.5710310931668934,0.20854065368144192,608.6797889352667,2024-09-24 00:00:00,769.74755859375,716.8523559570312,469086.2237731622,436333.5407216745,-32752.683051487664,-0.0698223085471084,24
2024-10-21 00:00:00,GOLDBEES,0,0.0,1.0,31909.069425401092,2024-10-21 00:00:00,65.98999786376953,65.79000091552734,2108180.2013846594,2099297.7067107633,-8882.494673896115,-0.004213346974827894,0
2024-10-22 00:00:00,GOLDBEES,0,0.0,1.0,31909.069425401092,2024-10-21 00:00:00,65.98999786376953,65.7300033569336,2108180.2013846594,2097383.240448241,-10796.960936418269,-0.005121460171823448,1
2024-10-23 00:00:00,GOLDBEES,0,0.0,1.0,31909.069425401092,2024-10-21 00:00:00,65.98999786376953,66.16000366210938,2108180.2013846594,2111104.1500390386,2923.94865437923,0.001386953853593147,2
2024-10-24 00:00:00,GOLDBEES,0,0.0,1.0,31909.069425401092,2024-10-21 00:00:00,65.98999786376953,65.75,2108180.2013846594,2098021.3147201217,-10158.886664537713,-0.0048187942652460755,3
2024-10-25 00:00:00,GOLDBEES,0,0.0,1.0,31909.069425401092,2024-10-21 00:00:00,65.98999786376953,65.44999694824219,2108180.2013846594,2088448.4965137495,-19731.704870909918,-0.009359591204750937,4
2024-10-28 00:00:00,GOLDBEES,0,0.0,1.0,31909.069425401092,2024-10-21 00:00:00,65.98999786376953,65.77999877929688,2108180.2013846594,2098978.547851383,-9201.65353327617,-0.004364737666748077,7
2024-10-29 00:00:00,GOLDBEES,0,0.0,1.0,31909.069425401092,2024-10-21 00:00:00,65.98999786376953,66.30000305175781,2108180.2013846594,2115571.4002828444,7391.1988981850445,0.003505961631425284,8
2024-10-30 00:00:00,GOLDBEES,0,0.0,1.0,31909.069425401092,2024-10-21 00:00:00,65.98999786376953,67.0199966430664,2108180.2013846594,2138545.725773754,30365.524389094673,0.014403666427163342,9
2024-10-31 00:00:00,GOLDBEES,0,0.0,1.0,31909.069425401092,2024-10-21 00:00:00,65.98999786376953,66.91999816894531,2108180.2013846594,2135354.86752059,27174.666135930456,0.012890105939749387,10
2024-11-01 00:00:00,GOLDBEES,0,0.0,1.0,31909.069425401092,2024-10-21 00:00:00,65.98999786376953,66.91999816894531,2108180.2013846594,2135354.86752059,27174.666135930456,0.012890105939749387,11
2024-11-04 00:00:00,GOLDBEES,0,0.0,1.0,31909.069425401092,2024-10-21 00:00:00,65.98999786376953,66.0199966430664,2108180.2013846594,2106636.656348353,-1543.5450363066047,-0.0007321694015022054,14
2024-11-05 00:00:00,GOLDBEES,0,0.0,1.0,31909.069425401092,2024-10-21 00:00:00,65.98999786376953,65.94000244140625,2108180.2013846594,2104084.1158139496,-4096.08557070978,-0.0019429485050753527,15
2024-11-06 00:00:00,GOLDBEES,0,0.0,1.0,31909.069425401092,2024-10-21 00:00:00,65.98999786376953,65.58999633789062,2108180.2013846594,2092915.7467575553,-15264.454627104104,-0.0072405834269188,16
2024-11-07 00:00:00,GOLDBEES,0,0.0,1.0,31909.069425401092,2024-10-21 00:00:00,65.98999786376953,64.33000183105469,2108180.2013846594,2052710.4945633034,-55469.70682135597,-0.026311653427407815,17
2024-11-08 00:00:00,GOLDBEES,0,0.0,1.0,31909.069425401092,2024-10-21 00:00:00,65.98999786376953,65.0,2108180.2013846594,2074089.512651071,-34090.68873358844,-0.016170671136745127,18
2024-11-11 00:00:00,GOLDBEES,0,0.0,1.0,31909.069425401092,2024-10-21 00:00:00,65.98999786376953,64.48999786376953,2108180.2013846594,2057815.81907899,-50364.382305669365,-0.023889979742998193,21
2024-11-12 00:00:00,GOLDBEES,0,0.0,1.0,31909.069425401092,2024-10-21 00:00:00,65.98999786376953,62.84000015258789,2108180.2013846594,2005165.9275611422,-103014.27382351714,-0.04886407421711723,22
2024-11-13 00:00:00,GOLDBEES,0,0.0,1.0,31909.069425401092,2024-10-21 00:00:00,65.98999786376953,63.25,2108180.2013846594,2018248.6411566192,-89931.56022804021,-0.04265838383690961,23
2024-11-14 00:00:00,GOLDBEES,0,0.0,1.0,31909.069425401092,2024-10-21 00:00:00,65.98999786376953,61.790000915527344,2108180.2013846594,1971661.429009159,-136518.7723755003,-0.06475669028948965,24
2024-11-18 00:00:00,GOLDBEES,0,0.0,1.0,31909.069425401092,2024-10-21 00:00:00,65.98999786376953,62.900001525878906,2108180.2013846594,2007080.5155471046,-101099.68583755475,-0.04795590328148996,28
2024-11-19 00:00:00,GOLDBEES,0,0.0,1.0,31909.069425401092,2024-10-21 00:00:00,65.98999786376953,63.720001220703125,2108180.2013846594,2033245.9427380583,-74934.25864660111,-0.03554452252107484,29
2024-11-21 00:00:00,GOLDBEES,0,0.0,1.0,31909.069425401092,2024-10-21 00:00:00,65.98999786376953,64.56999969482422,2108180.2013846594,2060368.6030602735,-47811.59832438594,-0.02267908516216172,31
2024-11-22 00:00:00,GOLDBEES,0,0.0,1.0,31909.069425401092,2024-10-21 00:00:00,65.98999786376953,65.33000183105469,2108180.2013846594,2084619.5639887045,-23560.637395954924,-0.011175817598742376,32
2024-11-25 00:00:00,GOLDBEES,0,0.0,1.0,31909.069425401092,2024-10-21 00:00:00,65.98999786376953,64.37999725341797,2108180.2013846594,2054305.8019664455,-53874.39941821387,-0.025554930922332443,35
2024-11-26 00:00:00,GOLDBEES,0,0.0,1.0,31909.069425401092,2024-10-21 00:00:00,65.98999786376953,63.38999938964844,2108180.2013846594,2022715.8914004248,-85464.30998423463,-0.040539376059077585,36
2024-11-27 00:00:00,GOLDBEES,0,0.0,1.0,31909.069425401092,2024-10-21 00:00:00,65.98999786376953,63.959999084472656,2108180.2013846594,2040904.0512350283,-67276.15014963108,-0.031911954255828746,37
2024-11-28 00:00:00,GOLDBEES,0,0.0,1.0,31909.069425401092,2024-10-21 00:00:00,65.98999786376953,64.04000091552734,2108180.2013846594,2043456.8352163115,-64723.366168347886,-0.03070105967499238,38
2024-11-29 00:00:00,GOLDBEES,0,0.0,1.0,31909.069425401092,2024-10-21 00:00:00,65.98999786376953,64.29000091552734,2108180.2013846594,2051434.1025726618,-56746.09881199757,-0.026917100717825996,39
2024-12-02 00:00:00,GOLDBEES,0,0.0,1.0,31909.069425401092,2024-10-21 00:00:00,65.98999786376953,63.7599983215332,2108180.2013846594,2034522.21300526,-73657.98837939929,-0.034939132969288154,42
2024-12-03 00:00:00,GOLDBEES,0,0.0,1.0,31909.069425401092,2024-10-21 00:00:00,65.98999786376953,64.05999755859375,2108180.2013846594,2044094.9094881925,-64085.291896466864,-0.03039839376841479,43
2024-12-04 00:00:00,GOLDBEES,0,0.0,1.0,31909.069425401092,2024-10-21 00:00:00,65.98999786376953,64.01000213623047,2108180.2013846594,2042499.6020850502,-65680.5992996092,-0.03115511627349027,44
2024-12-05 00:00:00,GOLDBEES,0,0.0,1.0,31909.069425401092,2024-10-21 00:00:00,65.98999786376953,64.05999755859375,2108180.2013846594,2044094.9094881925,-64085.291896466864,-0.03039839376841479,45
2024-12-06 00:00:00,GOLDBEES,0,0.0,1.0,31909.069425401092,2024-10-21 00:00:00,65.98999786376953,63.9900016784668,2108180.2013846594,2041861.4060897294,-66318.79529493,-0.03145783991869936,46
2024-12-09 00:00:00,GOLDBEES,0,0.0,1.0,31909.069425401092,2024-10-21 00:00:00,65.98999786376953,64.29000091552734,2108180.2013846594,2051434.1025726618,-56746.09881199757,-0.026917100717825996,49
2024-12-10 00:00:00,GOLDBEES,0,0.0,1.0,31909.069425401092,2024-10-21 00:00:00,65.98999786376953,64.66999816894531,2108180.2013846594,2063559.4613134374,-44620.74007122195,-0.021165524674747874,50
2024-12-11 00:00:00,GOLDBEES,0,0.0,1.0,31909.069425401092,2024-10-21 00:00:00,65.98999786376953,65.04000091552734,2108180.2013846594,2075365.9046417126,-32814.29674294684,-0.015565223846326944,51
2024-12-12 00:00:00,GOLDBEES,0,0.0,1.0,31909.069425401092,2024-10-21 00:00:00,65.98999786376953,65.48999786376953,2108180.2013846594,2089724.8885043913,-18455.312880268088,-0.008754143914332645,52
2024-12-13 00:00:00,GOLDBEES,0,0.0,1.0,31909.069425401092,2024-10-21 00:00:00,65.98999786376953,64.61000061035156,2108180.2013846594,2061644.995050915,-46535.20633374434,-0.02207363787174354,53
2024-12-16 00:00:00,GOLDBEES,0,0.0,1.0,31909.069425401092,2024-10-21 00:00:00,65.98999786376953,64.4800033569336,2108180.2013846594,2057496.9036664895,-50683.297718169866,-0.024041254957655384,56
2024-12-17 00:00:00,GOLDBEES,0,0.0,1.0,31909.069425401092,2024-10-21 00:00:00,65.98999786376953,64.0999984741211,2108180.2013846594,2045371.3014788341,-62808.89990582527,-0.02979294647799661,57
2024-12-18 00:00:00,GOLDBEES,0,0.0,1.0,31909.069425401092,2024-10-21 00:00:00,65.98999786376953,64.37999725341797,2108180.2013846594,2054305.8019664455,-53874.39941821387,-0.025554930922332443,58
2024-12-19 00:00:00,GOLDBEES,0,0.0,1.0,31909.069425401092,2024-10-21 00:00:00,65.98999786376953,63.779998779296875,2108180.2013846594,2035160.409000581,-73019.7923840785,-0.03463640932407906,59
2024-12-20 00:00:00,GOLDBEES,0,0.0,1.0,31909.069425401092,2024-10-21 00:00:00,65.98999786376953,63.31999969482422,2108180.2013846594,2020482.266278522,-87697.9351061373,-0.04159887994799354,60
2024-12-23 00:00:00,GOLDBEES,0,0.0,1.0,31909.069425401092,2024-10-21 00:00:00,65.98999786376953,63.970001220703125,2108180.2013846594,2041223.2100944086,-66956.9912902508,-0.03176056356390845,63
2024-12-24 00:00:00,GOLDBEES,0,0.0,1.0,31909.069425401092,2024-10-21 00:00:00,65.98999786376953,63.68000030517578,2108180.2013846594,2031969.5507474167,-76210.65063724271,-0.036149969811493016,64
2024-12-26 00:00:00,GOLDBEES,0,0.0,1.0,31909.069425401092,2024-10-21 00:00:00,65.98999786376953,64.0,2108180.2013846594,2042180.44322567,-65999.75815898948,-0.03130650696541056,66
2024-12-27 00:00:00,GOLDBEES,0,0.0,1.0,31909.069425401092,2024-10-21 00:00:00,65.98999786376953,64.20999908447266,2108180.2013846594,2048881.3185913786,-59298.88279328076,-0.028127995298662358,67
2024-12-30 00:00:00,GOLDBEES,0,0.0,1.0,31909.069425401092,2024-10-21 00:00:00,65.98999786376953,64.0,2108180.2013846594,2042180.44322567,-65999.75815898948,-0.03130650696541056,70
2024-12-31 00:00:00,GOLDBEES,0,0.0,1.0,31909.069425401092,2024-10-21 00:00:00,65.98999786376953,64.08999633789062,2108180.2013846594,2045052.1426194536,-63128.05876520579,-0.029944337169917012,71
2025-01-01 00:00:00,GOLDBEES,0,0.0,1.0,31909.069425401092,2024-10-21 00:00:00,65.98999786376953,64.3499984741211,2108180.2013846594,2053348.5688351844,-54831.63254947495,-0.02600898752083022,72
2025-01-02 00:00:00,GOLDBEES,0,0.0,1.0,31909.069425401092,2024-10-21 00:00:00,65.98999786376953,64.5999984741211,2108180.2013846594,2061325.8361915345,-46854.36519312486,-0.022225028563663943,73
2025-01-03 00:00:00,GOLDBEES,0,0.0,1.0,31909.069425401092,2024-10-21 00:00:00,65.98999786376953,65.06999969482422,2108180.2013846594,2076323.1377729739,-31857.06361168553,-0.015111167247829058,74
2025-01-06 00:00:00,GOLDBEES,0,0.0,1.0,31909.069425401092,2024-10-21 00:00:00,65.98999786376953,64.61000061035156,2108180.2013846594,2061644.995050915,-46535.20633374434,-0.02207363787174354,77
2025-01-07 00:00:00,GOLDBEES,0,0.0,1.0,31909.069425401092,2024-10-21 00:00:00,65.98999786376953,64.7699966430664,2108180.2013846594,2066750.3195666017,-41429.88181805774,-0.01965196418733392,78
2025-01-08 00:00:00,GOLDBEES,0,0.0,1.0,31909.069425401092,2024-10-21 00:00:00,65.98999786376953,65.12000274658203,2108180.2013846594,2077918.6886229957,-30261.512761663646,-0.014354329265490582,79
2025-01-09 00:00:00,GOLDBEES,0,0.0,1.0,31909.069425401092,2024-10-21 00:00:00,65.98999786376953,65.4000015258789,2108180.2013846594,2086853.1891106074,-21327.012274052016,-0.010116313709826307,80
2025-01-10 00:00:00,GOLDBEES,0,0.0,1.0,31909.069425401092,2024-10-21 00:00:00,65.98999786376953,65.93000030517578,2108180.2013846594,2103764.956954569,-4415.244430090301,-0.002094339196995757,81
2025-01-13 00:00:00,GOLDBEES,0,0.0,1.0,31909.069425401092,2024-10-21 00:00:00,65.98999786376953,66.25,2108180.2013846594,2113975.8494328223,5795.648048162926,0.0027491236490866985,84
2025-01-14 00:00:00,GOLDBEES,0,0.0,1.0,31909.069425401092,2024-10-21 00:00:00,65.98999786376953,66.04000091552734,2108180.2013846594,2107274.974067114,-905.227317545563,-0.0004293880176613967,85
2025-01-15 00:00:00,GOLDBEES,0,0.0,1.0,31909.069425401092,2024-10-21 00:00:00,65.98999786376953,66.26000213623047,2108180.2013846594,2114295.008292203,6114.806907543447,0.002900514341007103,86
2025-01-16 00:00:00,GOLDBEES,0,0.0,1.0,31909.069425401092,2024-10-21 00:00:00,65.98999786376953,66.58999633789062,2108180.2013846594,2124824.8161829566,16644.614798297174,0.007895252401746747,87
2025-01-17 00:00:00,GOLDBEES,0,0.0,1.0,31909.069425401092,2024-10-21 00:00:00,65.98999786376953,66.66000366210938,2108180.2013846594,2127058.6847517393,18878.48336707987,0.00895487176792592,88
2025-01-20 00:00:00,GOLDBEES,0,0.0,1.0,31909.069425401092,2024-10-21 00:00:00,65.98999786376953,66.58999633789062,2108180.2013846594,2124824.8161829566,16644.614798297174,0.007895252401746747,91
2025-01-21 00:00:00,GOLDBEES,0,0.0,1.0,31909.069425401092,2024-10-21 00:00:00,65.98999786376953,66.94999694824219,2108180.2013846594,2136312.1006518514,28131.899267192,0.013344162538247384,92
2025-01-22 00:00:00,GOLDBEES,0,0.0,1.0,31909.069425401092,2024-10-21 00:00:00,65.98999786376953,67.62000274658203,2108180.2013846594,2157691.3621864985,49511.16080183908,0.023485260306173067,93
2025-01-23 00:00:00,GOLDBEES,0,0.0,1.0,31909.069425401092,2024-10-21 00:00:00,65.98999786376953,67.43000030517578,2108180.2013846594,2151628.561092671,43448.359708011616,0.020609414546002566,94
2025-01-24 00:00:00,GOLDBEES,0,0.0,1.0,31909.069425401092,2024-10-21 00:00:00,65.98999786376953,67.7699966430664,2108180.2013846594,2162477.527842805,54297.3264581454,0.025755543298662392,95
2025-01-27 00:00:00,GOLDBEES,0,0.0,1.0,31909.069425401092,2024-10-21 00:00:00,65.98999786376953,67.69000244140625,2108180.2013846594,2159924.9873084016,51744.78592374222,0.024544764195089247,98
2025-01-28 00:00:00,GOLDBEES,0,0.0,1.0,31909.069425401092,2024-10-21 00:00:00,65.98999786376953,67.58000183105469,2108180.2013846594,2156414.970195857,48234.768811197486,0.022879813015754886,99
2025-01-29 00:00:00,GOLDBEES,0,0.0,1.0,31909.069425401092,2024-10-21 00:00:00,65.98999786376953,67.86000061035156,2108180.2013846594,2165349.4706834685,57169.269298809115,0.02711782857141916,100
2025-01-30 00:00:00,GOLDBEES,0,0.0,1.0,31909.069425401092,2024-10-21 00:00:00,65.98999786376953,68.08999633789062,2108180.2013846594,2172688.420321058,64508.218936398625,0.03059900614474485,101
2025-01-31 00:00:00,GOLDBEES,0,0.0,1.0,31909.069425401092,2024-10-21 00:00:00,65.98999786376953,69.08000183105469,2108180.2013846594,2204278.574333959,96098.3729492994,0.045583566758753205,102
2025-02-03 00:00:00,GOLDBEES,0,0.0,1.0,31909.069425401092,2024-10-21 00:00:00,65.98999786376953,69.63999938964844,2108180.2013846594,2222147.5753091816,113967.3739245222,0.054059597870081535,105
2025-02-04 00:00:00,GOLDBEES,0,0.0,1.0,31909.069425401092,2024-10-21 00:00:00,65.98999786376953,70.08000183105469,2108180.2013846594,2236187.6437593596,128007.44237470021,0.060719402587418536,106
2025-02-05 00:00:00,GOLDBEES,0,0.0,1.0,31909.069425401092,2024-10-21 00:00:00,65.98999786376953,71.56999969482422,2108180.2013846594,2283732.089038081,175551.8876534216,0.08327176563849645,107
2025-02-06 00:00:00,GOLDBEES,0,0.0,1.0,31909.069425401092,2024-10-21 00:00:00,65.98999786376953,71.43000030517578,2108180.2013846594,2279264.838794275,171084.6374096158,0.08115275786066431,108
2025-02-07 00:00:00,GOLDBEES,0,0.0,1.0,31909.069425401092,2024-10-21 00:00:00,65.98999786376953,71.54000091552734,2108180.2013846594,2282774.85590682,174594.65452216053,0.08281770903999867,109
2025-02-10 00:00:00,GOLDBEES,0,0.0,1.0,31909.069425401092,2024-10-21 00:00:00,65.98999786376953,72.5199966430664,2108180.2013846594,2314045.60761346,205865.40622880077,0.09765076348482342,112
2025-02-11 00:00:00,GOLDBEES,0,0.0,1.0,31909.069425401092,2024-10-21 00:00:00,65.98999786376953,71.9800033569336,2108180.2013846594,2296814.924356998,188634.72297233855,0.08947751375733567,113
2025-02-12 00:00:00,GOLDBEES,0,0.0,1.0,31909.069425401092,2024-10-21 00:00:00,65.98999786376953,71.47000122070312,2108180.2013846594,2280541.230784917,172361.0294002574,0.0817582051510825,114
2025-02-13 00:00:00,GOLDBEES,0,0.0,1.0,31909.069425401092,2024-10-21 00:00:00,65.98999786376953,71.87000274658203,2108180.2013846594,2293304.907244453,185124.70585979382,0.08781256257800131,115
2025-02-14 00:00:00,GOLDBEES,0,0.0,1.0,31909.069425401092,2024-10-21 00:00:00,65.98999786376953,72.22000122070312,2108180.2013846594,2304473.0328539675,196292.83146930812,0.09311008202258154,116
2025-02-17 00:00:00,GOLDBEES,0,0.0,1.0,31909.069425401092,2024-10-21 00:00:00,65.98999786376953,71.6500015258789,2108180.2013846594,2286284.873019364,178104.6716347048,0.08448266021933282,119
2025-02-18 00:00:00,GOLDBEES,0,0.0,1.0,31909.069425401092,2024-10-21 00:00:00,65.98999786376953,71.9800033569336,2108180.2013846594,2296814.924356998,188634.72297233855,0.08947751375733567,120
2025-02-19 00:00:00,GOLDBEES,0,0.0,1.0,31909.069425401092,2024-10-21 00:00:00,65.98999786376953,72.7300033569336,2108180.2013846594,2320746.7264260487,212566.52504138928,0.10082939062883473,121
2025-02-20 00:00:00,GOLDBEES,0,0.0,1.0,31909.069425401092,2024-10-21 00:00:00,65.98999786376953,72.48999786376953,2108180.2013846594,2313088.3744821986,204908.17309753923,0.09719670688632542,122
2025-02-21 00:00:00,GOLDBEES,0,0.0,1.0,31909.069425401092,2024-10-21 00:00:00,65.98999786376953,72.08000183105469,2108180.2013846594,2300005.7826101617,191825.5812255023,0.0909910742447494,123
2025-02-24 00:00:00,GOLDBEES,0,0.0,1.0,31909.069425401092,2024-10-21 00:00:00,65.98999786376953,72.5999984741211,2108180.2013846594,2316598.3915947434,208418.19021008397,0.09886165806565977,126
2025-02-25 00:00:00,GOLDBEES,0,0.0,1.0,31909.069425401092,2024-10-21 00:00:00,65.98999786376953,72.75,2108180.2013846594,2321384.8006979297,213204.5993132703,0.10113205653541232,127
2025-02-27 00:00:00,GOLDBEES,0,0.0,1.0,31909.069425401092,2024-10-21 00:00:00,65.98999786376953,71.87999725341797,2108180.2013846594,2293623.8226569537,185443.62127229432,0.0879638377926585,129
2025-02-28 00:00:00,GOLDBEES,0,0.0,1.0,31909.069425401092,2024-10-21 00:00:00,65.98999786376953,71.0999984741211,2108180.2013846594,2268734.787456642,160554.5860719825,0.07615790432266167,130
2025-03-03 00:00:00,GOLDBEES,0,0.0,1.0,31909.069425401092,2024-10-21 00:00:00,65.98999786376953,71.36000061035156,2108180.2013846594,2277031.2136723725,168851.01228771312,0.08009325397174835,133
2025-03-04 00:00:00,GOLDBEES,0,0.0,1.0,31909.069425401092,2024-10-21 00:00:00,65.98999786376953,72.41999816894531,2108180.2013846594,2310854.749360296,202674.54797563655,0.09613720299740947,134
2025-03-05 00:00:00,GOLDBEES,0,0.0,1.0,31909.069425401092,2024-10-21 00:00:00,65.98999786376953,72.2699966430664,2108180.2013846594,2306068.3402571096,197888.13887245022,0.09386680452765692,135
2025-03-06 00:00:00,GOLDBEES,0,0.0,1.0,31909.069425401092,2024-10-21 00:00:00,65.98999786376953,71.88999938964844,2108180.2013846594,2293942.981516334,185762.78013167484,0.08811522848457891,136
2025-03-07 00:00:00,GOLDBEES,0,0.0,1.0,31909.069425401092,2024-10-21 00:00:00,65.98999786376953,72.20999908447266,2108180.2013846594,2304153.8739945875,195973.67260992806,0.09295869133066137,137
2025-03-10 00:00:00,GOLDBEES,0,0.0,1.0,31909.069425401092,2024-10-21 00:00:00,65.98999786376953,72.16999816894531,2108180.2013846594,2302877.482003946,194697.28061928647,0.09235324404024318,140
2025-03-11 00:00:00,GOLDBEES,0,0.0,1.0,31909.069425401092,2024-10-21 00:00:00,65.98999786376953,72.08000183105469,2108180.2013846594,2300005.7826101617,191825.5812255023,0.0909910742447494,141
2025-03-12 00:00:00,GOLDBEES,0,0.0,1.0,31909.069425401092,2024-10-21 00:00:00,65.98999786376953,72.31999969482422,2108180.2013846594,2307663.8911071317,199483.68972247234,0.0946236425099955,142
2025-03-13 00:00:00,GOLDBEES,0,0.0,1.0,31909.069425401092,2024-10-21 00:00:00,65.98999786376953,72.81999969482422,2108180.2013846594,2323618.4258198324,215438.22443517298,0.10219156042432828,143
2025-03-17 00:00:00,GOLDBEES,0,0.0,1.0,31909.069425401092,2024-10-21 00:00:00,65.98999786376953,73.52999877929688,2108180.2013846594,2346273.8358982415,238093.6345135821,0.11293799000540915,147
2025-03-18 00:00:00,GOLDBEES,0,0.0,1.0,31909.069425401092,2024-10-21 00:00:00,65.98999786376953,73.52999877929688,2108180.2013846594,2346273.8358982415,238093.6345135821,0.11293799000540915,148
2025-03-19 00:00:00,GOLDBEES,0,0.0,1.0,31909.069425401092,2024-10-21 00:00:00,65.98999786376953,74.25,2108180.2013846594,2369248.404836031,261068.20345137175,0.12383581027841042,149
2025-03-20 00:00:00,GOLDBEES,0,0.0,1.0,31909.069425401092,2024-10-21 00:00:00,65.98999786376953,74.48999786376953,2108180.2013846594,2376906.513333001,268726.3119483418,0.1274683785436565,150
2025-03-21 00:00:00,GOLDBEES,0,0.0,1.0,31909.069425401092,2024-10-21 00:00:00,65.98999786376953,73.94999694824219,2108180.2013846594,2359675.586629659,251495.38524499955,0.11929501333890556,151
2025-03-24 00:00:00,GOLDBEES,0,0.0,1.0,31909.069425401092,2024-10-21 00:00:00,65.98999786376953,73.0,2108180.2013846594,2329362.06805428,221181.8666696204,0.10491601549257859,154
2025-03-25 00:00:00,GOLDBEES,0,0.0,1.0,31909.069425401092,2024-10-21 00:00:00,65.98999786376953,73.2300033569336,2108180.2013846594,2336701.2611387493,228521.05975408992,0.1083973085431675,155
2025-03-26 00:00:00,GOLDBEES,0,0.0,1.0,31909.069425401092,2024-10-21 00:00:00,65.98999786376953,73.25,2108180.2013846594,2337339.33541063,229159.13402597047,0.10869997444974487,156
2025-03-27 00:00:00,GOLDBEES,0,0.0,1.0,31909.069425401092,2024-10-21 00:00:00,65.98999786376953,73.80000305175781,2108180.2013846594,2354889.4209733526,246709.21958869323,0.11702473034641624,157
2025-03-28 00:00:00,GOLDBEES,0,0.0,1.0,31909.069425401092,2024-10-21 00:00:00,65.98999786376953,74.16000366210938,2108180.2013846594,2366376.7054422474,258196.50405758806,0.12247364048291687,158
2025-04-01 00:00:00,GOLDBEES,0,0.0,1.0,31909.069425401092,2024-10-21 00:00:00,65.98999786376953,76.72000122070312,2108180.2013846594,2448063.845268273,339883.6438836134,0.1612213432515763,162
2025-04-02 00:00:00,GOLDBEES,0,0.0,1.0,31909.069425401092,2024-10-21 00:00:00,65.98999786376953,76.2300033569336,2108180.2013846594,2432428.469414952,324248.2680302928,0.1538048160291637,163
2025-04-03 00:00:00,GOLDBEES,0,0.0,1.0,31909.069425401092,2024-10-21 00:00:00,65.98999786376953,75.8499984741211,2108180.2013846594,2420302.867227297,312122.6658426374,0.14805312450882246,164
2025-04-04 00:00:00,GOLDBEES,0,0.0,1.0,31909.069425401092,2024-10-21 00:00:00,65.98999786376953,74.98999786376953,2108180.2013846594,2392861.0480457013,284680.84666104196,0.13503629645798906,165
2025-04-07 00:00:00,GOLDBEES,0,0.0,1.0,31909.069425401092,2024-10-21 00:00:00,65.98999786376953,73.83000183105469,2108180.2013846594,2355846.6541046137,247666.4527199543,0.11747878694491401,168
2025-04-08 00:00:00,GOLDBEES,0,0.0,1.0,31909.069425401092,2024-10-21 00:00:00,65.98999786376953,73.68000030517578,2108180.2013846594,2351060.245001428,242880.04361676844,0.11520838847516168,169
2025-04-09 00:00:00,GOLDBEES,0,0.0,1.0,31909.069425401092,2024-10-21 00:00:00,65.98999786376953,74.88999938964844,2108180.2013846594,2389670.1897925376,281489.9884078782,0.13352273597057532,170
2025-04-11 00:00:00,GOLDBEES,0,0.0,1.0,31909.069425401092,2024-10-21 00:00:00,65.98999786376953,77.9000015258789,2108180.2013846594,2485716.556928121,377536.3555434616,0.17908163414849193,172
2025-04-15 00:00:00,GOLDBEES,0,0.0,1.0,31909.069425401092,2024-10-21 00:00:00,65.98999786376953,77.66000366210938,2108180.2013846594,2478058.448431151,369878.2470464916,0.17544906588324585,176
2025-04-16 00:00:00,GOLDBEES,0,0.0,1.0,31909.069425401092,2024-10-21 00:00:00,65.98999786376953,79.2300033569336,2108180.2013846594,2528155.6776911556,419975.4763064962,0.19921232351516013,177
2025-04-17 00:00:00,GOLDBEES,0,0.0,1.0,31909.069425401092,2024-10-21 00:00:00,65.98999786376953,79.52999877929688,2108180.2013846594,2537728.252450648,429548.05106598884,0.20375300497740198,178
2025-04-21 00:00:00,GODFRYPHLP,1,0.8418654660448764,0.19999999999999998,203.21341888133145,2025-04-21 00:00:00,2533.4132074994886,2493.851806640625,515434.98171170696,506784.15181082656,-8650.829900880402,-0.016783552160452672,0
2025-04-21 00:00:00,CHAMBLFERT,2,0.8278440840703848,0.19999999999999998,775.8788055439298,2025-04-21 00:00:00,663.5360518375985,676.3255615234375,515434.98171170696,524746.6688336324,9311.68712192541,0.01806568714254172,0
2025-04-21 00:00:00,BAJFINANCE,3,0.7811954340897882,0.19999999999999998,568.358280833476,2025-04-21 00:00:00,905.8081437295533,916.0317993164062,515434.98171170696,520634.25864826835,5199.276936561393,0.010087163504687099,0
2025-04-21 00:00:00,DEEPAKFERT,4,0.7761281059974137,0.19999999999999998,400.4559110549211,2025-04-21 00:00:00,1285.5936074932474,1291.352294921875,515434.98171170696,517129.6597558026,1694.6780440956354,0.0032878599711408463,0
2025-04-21 00:00:00,COROMANDEL,5,0.7656650025116689,0.19999999999999998,241.57943676890125,2025-04-21 00:00:00,2131.0735972432103,2180.986328125,515434.98171170696,526881.4487491115,11446.467037404538,0.022207392675196374,0
2025-04-22 00:00:00,GODFRYPHLP,4,0.8170736534061775,0.19506780428917375,203.21341888133145,2025-04-21 00:00:00,2533.4132074994886,2487.258056640625,515434.98171170696,505444.21333007776,-9990.768381629197,-0.019383178744389593,1
2025-04-22 00:00:00,CHAMBLFERT,1,0.8641822902102074,0.20164024079161127,775.8788055439298,2025-04-21 00:00:00,663.5360518375985,671.0333251953125,515434.98171170696,520640.5348327105,5205.553121003555,0.010099339986037511,1
2025-04-22 00:00:00,BAJFINANCE,2,0.826138820288679,0.20032064831958138,568.358280833476,2025-04-21 00:00:00,905.8081437295533,914.7476806640625,515434.98171170696,519904.41917863605,4469.437466929085,0.008671195447554876,1
2025-04-22 00:00:00,DEEPAKFERT,5,0.8052226651960596,0.20009932965615984,400.4559110549211,2025-04-21 00:00:00,1285.5936074932474,1266.530029296875,515434.98171170696,507189.436760496,-8245.544951210963,-0.015997255218938283,1
2025-04-22 00:00:00,COROMANDEL,3,0.819418975311031,0.2028719769434738,241.57943676890125,2025-04-21 00:00:00,2131.0735972432103,2155.484130859375,515434.98171170696,520720.64229731244,5285.660585605481,0.010254757191784581,1
2025-04-23 00:00:00,GODFRYPHLP,2,0.8248429893011668,0.19736029988883913,203.21341888133145,2025-04-21 00:00:00,2533.4132074994886,2611.547119140625,515434.98171170696,530701.4186502582,15266.436938551255,0.029618550312307045,2
2025-04-23 00:00:00,CHAMBLFERT,1,0.8432778089535722,0.2016296000769073,775.8788055439298,2025-04-21 00:00:00,663.5360518375985,674.85546875,515434.98171170696,523606.0550085389,8171.073296831921,0.015852772098813743,2
2025-04-23 00:00:00,BAJFINANCE,3,0.8148278409466633,0.2020185138226339,568.358280833476,2025-04-21 00:00:00,905.8081437295533,920.92138671875,515434.98171170696,523413.29613824945,7978.314426542493,0.015478798897287345,2
2025-04-23 00:00:00,DEEPAKFERT,7,0.7668843422202607,0.1969758931288077,400.4559110549211,2025-04-21 00:00:00,1285.5936074932474,1274.2745361328125,515434.98171170696,510290.7703011524,-5144.211410554533,-0.009980330387105532,2
2025-04-23 00:00:00,COROMANDEL,4,0.7950475241493681,0.20201569308281195,241.57943676890125,2025-04-21 00:00:00,2131.0735972432103,2188.627197265625,515434.98171170696,528727.3256125286,13292.343900821637,0.025788594822724525,2
2025-04-24 00:00:00,GODFRYPHLP,1,0.8443612191346245,0.20375123999285583,203.21341888133145,2025-04-21 00:00:00,2533.4132074994886,2711.6044921875,515434.98171170696,551034.4195113985,35599.43779969157,0.06906678642856073,3
2025-04-24 00:00:00,CHAMBLFERT,2,0.8099676806790163,0.19781820976683456,775.8788055439298,2025-04-21 00:00:00,663.5360518375985,674.5125122070312,515434.98171170696,523339.9622956268,7904.9805839198525,0.015336523255888102,3
2025-04-24 00:00:00,BAJFINANCE,3,0.7924671719527588,0.20404490776179357,568.358280833476,2025-04-21 00:00:00,905.8081437295533,918.748291015625,515434.98171170696,522178.1992003347,6743.217488627764,0.013082576324630174,3
2025-04-24 00:00:00,DEEPAKFERT,6,0.7477577502530255,0.19332848141806894,400.4559110549211,2025-04-21 00:00:00,1285.5936074932474,1308.3306884765625,515434.98171170696,523928.757814994,8493.776103287062,0.016478850688558425,3
2025-04-24 00:00:00,COROMANDEL,4,0.7834866877166736,0.20105716106044705,241.57943676890125,2025-04-21 00:00:00,2131.0735972432103,2215.41943359375,515434.98171170696,535199.7789744564,19764.797262749402,0.03834585925292173,3
2025-04-25 00:00:00,GODFRYPHLP,1,0.8625793264488117,0.20728455110464605,203.21341888133145,2025-04-21 00:00:00,2533.4132074994886,2644.18505859375,515434.98171170696,537333.8859117697,21898.904200062738,0.04248625913464141,4
2025-04-25 00:00:00,CHAMBLFERT,2,0.8027776234894117,0.19595130834043745,775.8788055439298,2025-04-21 00:00:00,663.5360518375985,663.3400268554688,515434.98171170696,514671.46770609944,-763.5140056075179,-0.0014813003243822642,4
2025-04-25 00:00:00,BAJFINANCE,3,0.7672435994111098,0.19663023274436123,568.358280833476,2025-04-21 00:00:00,905.8081437295533,900.0789184570312,515434.98171170696,511567.3067086927,-3867.675003014272,-0.0075037107302459724,4
2025-04-25 00:00:00,DEEPAKFERT,5,0.7555420119549544,0.1980304209750097,400.4559110549211,2025-04-21 00:00:00,1285.5936074932474,1299.990478515625,515434.98171170696,520588.87143669743,5153.889724990469,0.009999107371166249,4
2025-04-25 00:00:00,COROMANDEL,4,0.764382855414618,0.20210348683554555,241.57943676890125,2025-04-21 00:00:00,2131.0735972432103,2184.55859375,515434.98171170696,527744.434666788,12309.452955081011,0.02388167934237326,4
2025-04-28 00:00:00,GODFRYPHLP,1,0.8608273641792418,0.20586487076263374,203.21341888133145,2025-04-21 00:00:00,2533.4132074994886,2678.96630859375,515434.98171170696,544401.9026372359,28966.920925528975,0.05619898135227995,7
2025-04-28 00:00:00,CHAMBLFERT,2,0.7945822880231462,0.1972212839467341,775.8788055439298,2025-04-21 00:00:00,663.5360518375985,677.1586303710938,515434.98171170696,525393.0292960877,9958.047584380722,0.019319696834140095,7
2025-04-28 00:00:00,BAJFINANCE,3,0.7712758102106259,0.19587872844090962,568.358280833476,2025-04-21 00:00:00,905.8081437295533,898.2021484375,515434.98171170696,510500.6289268721,-4934.35278483486,-0.00957318179772816,7
2025-04-28 00:00:00,DEEPAKFERT,5,0.7638560312434168,0.1978355177493752,400.4559110549211,2025-04-21 00:00:00,1285.5936074932474,1304.5577392578125,515434.98171170696,522417.8579982355,6982.876286528539,0.01354754049354415,7
2025-04-28 00:00:00,COROMANDEL,4,0.7644559288674724,0.20319959910034738,241.57943676890125,2025-04-21 00:00:00,2131.0735972432103,2220.28173828125,515434.98171170696,536374.4118022614,20939.430090554408,0.04062477486688369,7
2025-04-29 00:00:00,GODFRYPHLP,1,0.8748489005729942,0.20683790271149902,203.21341888133145,2025-04-21 00:00:00,2533.4132074994886,2703.03271484375,515434.98171170696,549292.5193314855,33857.53761977854,0.06568731037102121,8
2025-04-29 00:00:00,CHAMBLFERT,2,0.7991081015444212,0.19803072328843832,775.8788055439298,2025-04-21 00:00:00,663.5360518375985,677.795654296875,515434.98171170696,525887.2826587257,10452.300947018783,0.020278602186269465,8
2025-04-29 00:00:00,BAJFINANCE,4,0.7523951481192588,0.19350852157519577,568.358280833476,2025-04-21 00:00:00,905.8081437295533,898.2021484375,515434.98171170696,510500.6289268721,-4934.35278483486,-0.00957318179772816,8
2025-04-29 00:00:00,DEEPAKFERT,5,0.7504167310823303,0.19828904158658456,400.4559110549211,2025-04-21 00:00:00,1285.5936074932474,1292.3450927734375,515434.98171170696,517527.2315239434,2092.249812236463,0.004059192500455276,8
2025-04-29 00:00:00,COROMANDEL,3,0.7733202748509982,0.20333381083828223,241.57943676890125,2025-04-21 00:00:00,2131.0735972432103,2234.570556640625,515434.98171170696,539826.2964936123,24391.314781905385,0.04732180710921932,8
2025-04-30 00:00:00,GODFRYPHLP,1,0.8396140476627098,0.20888392389356158,203.21341888133145,2025-04-21 00:00:00,2533.4132074994886,2675.669189453125,515434.98171170696,543731.8837842105,28296.90207250358,0.05489907180636529,9
2025-04-30 00:00:00,CHAMBLFERT,2,0.7933251305767596,0.20086537810130672,775.8788055439298,2025-04-21 00:00:00,663.5360518375985,678.82470703125,515434.98171170696,526685.7028651143,11250.721153407358,0.02182762434176443,9
2025-04-30 00:00:00,BAJFINANCE,4,0.7309518989995942,0.18873076778727133,568.358280833476,2025-04-21 00:00:00,905.8081437295533,852.9117431640625,515434.98171170696,484759.4520474098,-30675.52966429718,-0.059513868388262815,9
2025-04-30 00:00:00,DEEPAKFERT,11,0.6595201822481916,0.19686477530649327,400.4559110549211,2025-04-21 00:00:00,1285.5936074932474,1270.7994384765625,515434.98171170696,508899.146903214,-6535.834808492975,-0.012680231339340094,9
2025-04-30 00:00:00,COROMANDEL,3,0.7482765855806917,0.20465515491136713,241.57943676890125,2025-04-21 00:00:00,2131.0735972432103,2197.160888671875,515434.98171170696,530788.8899760101,15353.908264303114,0.029788254210675325,9
2025-05-02 00:00:00,GODFRYPHLP,1,0.8550509931674631,0.21091974500269742,203.21341888133145,2025-04-21 00:00:00,2533.4132074994886,2767.6494140625,515434.98171170696,562423.4996965544,46988.51798484742,0.0911628423604532,11
2025-05-02 00:00:00,CHAMBLFERT,2,0.8144738872973841,0.20231659590107556,775.8788055439298,2025-04-21 00:00:00,663.5360518375985,679.5596923828125,515434.98171170696,527255.962421777,11820.980710069998,0.022933989988055774,11
2025-05-02 00:00:00,BAJFINANCE,7,0.6961932601640646,0.18484560665409908,568.358280833476,2025-04-21 00:00:00,905.8081437295533,876.0260620117188,515434.98171170696,497896.66657030047,-17538.315141406492,-0.034026241453700985,11
2025-05-02 00:00:00,DEEPAKFERT,13,0.6568614630380878,0.19538551818032346,400.4559110549211,2025-04-21 00:00:00,1285.5936074932474,1259.1826171875,515434.98171170696,504247.1221503403,-11187.85956136667,-0.021705666007015918,11
2025-05-02 00:00:00,COROMANDEL,4,0.7413506665093337,0.2065325342618045,241.57943676890125,2025-04-21 00:00:00,2131.0735972432103,2231.197021484375,515434.98171170696,539011.3197706454,23576.33805893839,0.04574066350840949,11
2025-05-05 00:00:00,GODFRYPHLP,1,0.8559741324865158,0.21424191412456559,203.21341888133145,2025-04-21 00:00:00,2533.4132074994886,2903.312255859375,515434.98171170696,589992.0095932545,74557.02788154758,0.14464875401733754,14
2025-05-05 00:00:00,CHAMBLFERT,2,0.7894538918379591,0.20126995767240435,775.8788055439298,2025-04-21 00:00:00,663.5360518375985,677.0606079101562,515434.98171170696,525316.975746179,9881.994034472038,0.019172144664405477,14
2025-05-05 00:00:00,BAJFINANCE,5,0.665398636713576,0.18859637569539803,568.358280833476,2025-04-21 00:00:00,905.8081437295533,882.2987060546875,515434.98171170696,501461.77575484256,-13973.205956864404,-0.02710954136341467,14
2025-05-05 00:00:00,DEEPAKFERT,13,0.5897909260635785,0.1904320254935707,400.4559110549211,2025-04-21 00:00:00,1285.5936074932474,1280.430419921875,515434.98171170696,512755.93035224965,-2679.051359457313,-0.005197651410000262,14
2025-05-05 00:00:00,COROMANDEL,3,0.7258494133790337,0.2054597270140614,241.57943676890125,2025-04-21 00:00:00,2131.0735972432103,2211.052978515625,515434.98171170696,534144.9332160061,18709.951504299184,0.03629934359939123,14
2025-05-06 00:00:00,GODFRYPHLP,1,0.8676511319225763,0.22457902683795955,203.21341888133145,2025-04-21 00:00:00,2533.4132074994886,2853.036376953125,515434.98171170696,579775.2763534517,64340.294641744695,0.12482717883849703,15
2025-05-06 00:00:00,CHAMBLFERT,2,0.7666785947216225,0.19653244094828234,775.8788055439298,2025-04-21 00:00:00,663.5360518375985,712.1460571289062,515434.98171170696,552539.032177995,37104.050466288,0.07198589886753366,15
2025-05-06 00:00:00,BAJFINANCE,7,0.6355046513869199,0.1865859223100371,568.358280833476,2025-04-21 00:00:00,905.8081437295533,869.0128173828125,515434.98171170696,493910.6309099507,-21524.350801756256,-0.04175958474971195,15
2025-05-06 00:00:00,DEEPAKFERT,16,0.5601228375215669,0.19211287472136968,400.4559110549211,2025-04-21 00:00:00,1285.5936074932474,1238.0341796875,515434.98171170696,495778.10534388974,-19656.876367817225,-0.038136480963202664,15
2025-05-06 00:00:00,COROMANDEL,3,0.6784088750908731,0.20018973518235142,241.57943676890125,2025-04-21 00:00:00,2131.0735972432103,2266.52294921875,515434.98171170696,547545.3374960546,32110.35578434763,0.0622975873265575,15
2025-05-07 00:00:00,GODFRYPHLP,1,0.8461038564658668,0.2657289280067712,203.21341888133145,2025-04-21 00:00:00,2533.4132074994886,2779.1884765625,515434.98171170696,564768.3920378648,49333.41032615781,0.09571218888234281,16
2025-05-07 00:00:00,CHAMBLFERT,2,0.786731483960591,0.25222030237060067,775.8788055439298,2025-04-21 00:00:00,663.5360518375985,695.5343627929688,515434.98171170696,539650.370618567,24215.388906860026,0.04698049175173014,16
2025-05-07 00:00:00,BAJFINANCE,7,0.615976916129191,0.22885454529214314,568.358280833476,2025-04-21 00:00:00,905.8081437295533,887.6821899414062,515434.98171170696,504521.52340159274,-10913.45831011422,-0.021173297694835804,16
2025-05-07 00:00:00,COROMANDEL,3,0.6972142245603682,0.2531962243304849,241.57943676890125,2025-04-21 00:00:00,2131.0735972432103,2296.193115234375,515434.98171170696,554713.039490949,39278.05777924205,0.07620370982350408,16
2025-05-08 00:00:00,GODFRYPHLP,1,0.8573664053293878,0.2608126389443259,203.21341888133145,2025-04-21 00:00:00,2533.4132074994886,2720.3408203125,515434.98171170696,552809.7586181489,37374.7769064419,0.07251113764596279,17
2025-05-08 00:00:00,CHAMBLFERT,2,0.7824642793487694,0.2497226899607831,775.8788055439298,2025-04-21 00:00:00,663.5360518375985,677.256591796875,515434.98171170696,525469.0354901123,10034.053778405301,0.019467157128302066,17
2025-05-08 00:00:00,BAJFINANCE,5,0.6629833144587755,0.23300663854874337,568.358280833476,2025-04-21 00:00:00,905.8081437295533,872.4700927734375,515434.98171170696,495875.60200733424,-19559.379704372725,-0.037947326817861726,17
2025-05-08 00:00:00,COROMANDEL,3,0.7269990714605506,0.2564580325461475,241.57943676890125,2025-04-21 00:00:00,2131.0735972432103,2261.0654296875,515434.98171170696,546226.9130015399,30791.931289832923,0.059739700218980216,17
2025-05-09 00:00:00,GODFRYPHLP,1,0.850365624799407,0.2607399895338797,203.21341888133145,2025-04-21 00:00:00,2533.4132074994886,2701.219482421875,515434.98171170696,548924.0461718098,33489.06446010282,0.06497243231122779,18
2025-05-09 00:00:00,CHAMBLFERT,2,0.7745594347568235,0.24599946970169917,775.8788055439298,2025-04-21 00:00:00,663.5360518375985,680.0497436523438,515434.98171170696,527636.1828154362,12201.201103729196,0.02367165896115598,18
2025-05-09 00:00:00,BAJFINANCE,4,0.6849118202872359,0.23657590196097578,568.358280833476,2025-04-21 00:00:00,905.8081437295533,854.7150268554688,515434.98171170696,485784.36326611246,-29650.618445594504,-0.05752542900198164,18
2025-05-09 00:00:00,COROMANDEL,3,0.7462053543915483,0.2566846388034453,241.57943676890125,2025-04-21 00:00:00,2131.0735972432103,2324.9697265625,515434.98171170696,561664.8770477151,46229.895336008165,0.08969103180091387,18
2025-05-12 00:00:00,GODFRYPHLP,1,0.8441938395914721,0.26236150006423115,203.21341888133145,2025-04-21 00:00:00,2533.4132074994886,2836.222900390625,515434.98171170696,576358.5522979049,60923.57058619789,0.11819836205892921,21
2025-05-12 00:00:00,CHAMBLFERT,2,0.8033679498219176,0.24696774945668906,775.8788055439298,2025-04-21 00:00:00,663.5360518375985,675.5905151367188,515434.98171170696,524176.3619210856,8741.380209378665,0.01695922962067773,21
2025-05-12 00:00:00,BAJFINANCE,6,0.6780926336002329,0.22855335432779875,568.358280833476,2025-04-21 00:00:00,905.8081437295533,892.0549926757812,515434.98171170696,507006.842046126,-8428.139665580937,-0.01635150885101346,21
2025-05-12 00:00:00,COROMANDEL,3,0.7861412508130238,0.262117396151281,241.57943676890125,2025-04-21 00:00:00,2131.0735972432103,2405.8427734375,515434.98171170696,581202.1421615626,65767.16044985561,0.12759545390467986,21
2025-05-13 00:00:00,GODFRYPHLP,1,0.8428473033968975,0.2651516022667153,203.21341888133145,2025-04-21 00:00:00,2533.4132074994886,2964.962158203125,515434.98171170696,602520.0970222282,87085.11531052121,0.16895460805031207,22
2025-05-13 00:00:00,CHAMBLFERT,3,0.7567793839939426,0.23908333882097557,775.8788055439298,2025-04-21 00:00:00,663.5360518375985,644.4252319335938,515434.98171170696,499995.87921500666,-15439.102496700303,-0.029953540299939713,22
2025-05-13 00:00:00,BAJFINANCE,6,0.6633262988879326,0.23116535280870884,568.358280833476,2025-04-21 00:00:00,905.8081437295533,894.3795166015625,515434.98171170696,508328.0044683394,-7106.977243367583,-0.013788309865515989,22
2025-05-13 00:00:00,COROMANDEL,2,0.7793612725042097,0.2645997061036003,241.57943676890125,2025-04-21 00:00:00,2131.0735972432103,2414.574951171875,515434.98171170696,583311.6567403988,67876.67502869188,0.13168814193262626,22
2025-05-14 00:00:00,GODFRYPHLP,1,0.8693221177159433,0.2755415460812394,203.21341888133145,2025-04-21 00:00:00,2533.4132074994886,2956.2255859375,515434.98171170696,600744.7083028267,85309.72659111978,0.1655101605789636,23
2025-05-14 00:00:00,CHAMBLFERT,5,0.6875353812014167,0.22699462398540893,775.8788055439298,2025-04-21 00:00:00,663.5360518375985,635.0169067382812,515434.98171170696,492696.15910029877,-22738.82261140819,-0.04411579232727837,23
2025-05-14 00:00:00,BAJFINANCE,6,0.6522075204904257,0.23083635468612235,568.358280833476,2025-04-21 00:00:00,905.8081437295533,898.2371215820312,515434.98171170696,510520.50620317325,-4914.475508533709,-0.009534617716890766,23
2025-05-14 00:00:00,COROMANDEL,2,0.7551224358607183,0.26662747524722935,241.57943676890125,2025-04-21 00:00:00,2131.0735972432103,2384.8056640625,515434.98171170696,576120.0091275043,60685.02741579735,0.11773556232886749,23
2025-05-15 00:00:00,GODFRYPHLP,1,0.8566471909138389,0.2757796813807484,203.21341888133145,2025-04-21 00:00:00,2533.4132074994886,3025.4580078125,515434.98171170696,614813.6654494802,99378.68373777322,0.19280546967872988,24
2025-05-15 00:00:00,CHAMBLFERT,6,0.6551585166378953,0.22536664779165289,775.8788055439298,2025-04-21 00:00:00,663.5360518375985,623.4033813476562,515434.98171170696,483685.47089206654,-31749.510819640418,-0.06159750879578164,24
2025-05-15 00:00:00,BAJFINANCE,5,0.6607330438014942,0.23397746742860753,568.358280833476,2025-04-21 00:00:00,905.8081437295533,908.870361328125,515434.98171170696,516563.9960649533,1129.0143532463117,0.0021904108050582252,24
2025-05-15 00:00:00,COROMANDEL,2,0.7368260621773252,0.26487620339899115,241.57943676890125,2025-04-21 00:00:00,2131.0735972432103,2450.992431640625,515434.98171170696,592109.3711605818,76674.38944887486,0.14875666605756374,24
2025-05-16 00:00:00,GODFRYPHLP,1,0.8618800230434334,0.27942833367502545,203.21341888133145,2025-04-21 00:00:00,2533.4132074994886,2874.300537109375,515434.98171170696,584096.4390384434,68661.45732673642,0.13321070506064359,25
2025-05-16 00:00:00,CHAMBLFERT,8,0.6065798788083112,0.2190921029889249,775.8788055439298,2025-04-21 00:00:00,663.5360518375985,619.4832153320312,515434.98171170696,480643.8971663295,-34791.08454537747,-0.06749849307829249,25
2025-05-16 00:00:00,BAJFINANCE,5,0.6555798804342319,0.23365428448749134,568.358280833476,2025-04-21 00:00:00,905.8081437295533,906.7437133789062,515434.98171170696,515355.2980925973,-79.68361910968088,-0.00015459489933155042,25
2025-05-16 00:00:00,COROMANDEL,2,0.7183128375391545,0.2678252788485584,241.57943676890125,2025-04-21 00:00:00,2131.0735972432103,2432.039306640625,515434.98171170696,587530.6858980713,72095.70418636431,0.13987351798851883,25
2025-05-19 00:00:00,GODFRYPHLP,2,0.8167451070895592,0.26868738903061995,203.21341888133145,2025-04-21 00:00:00,2533.4132074994886,2768.30908203125,515434.98171170696,562557.5530798106,47122.571368103614,0.09142292052358256,28
2025-05-19 00:00:00,CHAMBLFERT,11,0.6228150246387368,0.22008471229873966,775.8788055439298,2025-04-21 00:00:00,663.5360518375985,609.33984375,515434.98171170696,472773.87013907486,-42661.1115726321,-0.08276720262749514,28
2025-05-19 00:00:00,BAJFINANCE,5,0.6598850313836324,0.23789835174422788,568.358280833476,2025-04-21 00:00:00,905.8081437295533,915.4976196289062,515434.98171170696,520330.6531994247,4895.671487717715,0.009498135868581696,28
2025-05-19 00:00:00,COROMANDEL,3,0.7293102008284934,0.2733295469264125,241.57943676890125,2025-04-21 00:00:00,2131.0735972432103,2472.92236328125,515434.98171170696,597407.1916947046,81972.20998299762,0.15903501487379898,28
2025-05-20 00:00:00,GODFRYPHLP,2,0.7980925051411318,0.2630283843094362,203.21341888133145,2025-04-21 00:00:00,2533.4132074994886,2843.805419921875,515434.98171170696,577899.4220155847,62464.440303877695,0.121187817125721,29
2025-05-20 00:00:00,CHAMBLFERT,14,0.6243480985889721,0.2185356294251539,775.8788055439298,2025-04-21 00:00:00,663.5360518375985,591.3561401367188,515434.98171170696,458820.69566034613,-56614.28605136083,-0.10983788074171948,29
2025-05-20 00:00:00,BAJFINANCE,5,0.695569952385296,0.2415256386063403,568.358280833476,2025-04-21 00:00:00,905.8081437295533,898.039306640625,515434.98171170696,510408.0764431524,-5026.905268554576,-0.009752743695937626,29
2025-05-20 00:00:00,COROMANDEL,3,0.7623699767604072,0.2769103476590696,241.57943676890125,2025-04-21 00:00:00,2131.0735972432103,2377.26416015625,515434.98171170696,574298.1368614419,58863.15514973493,0.11420093171452275,29
2025-05-21 00:00:00,GODFRYPHLP,1,0.8425085914605495,0.273617003243491,203.21341888133145,2025-04-21 00:00:00,2533.4132074994886,2819.73876953125,515434.98171170696,573008.755708684,57573.77399697702,0.11169939185303332,30
2025-05-21 00:00:00,CHAMBLFERT,14,0.6421300179411124,0.21591909224101344,775.8788055439298,2025-04-21 00:00:00,663.5360518375985,591.797119140625,515434.98171170696,459162.8419231669,-56272.13978854008,-0.10917407972905922,30
2025-05-21 00:00:00,BAJFINANCE,5,0.7053127140448389,0.2404924271551384,568.358280833476,2025-04-21 00:00:00,905.8081437295533,909.7606201171875,515434.98171170696,517069.98201980174,1635.000308094779,0.003172078663860008,30
2025-05-21 00:00:00,COROMANDEL,3,0.734755217508009,0.2699714773603572,241.57943676890125,2025-04-21 00:00:00,2131.0735972432103,2395.42333984375,515434.98171170696,578685.0212625335,63250.039550826536,0.12271196522358574,30
2025-05-22 00:00:00,GODFRYPHLP,1,0.8344447180695884,0.21878522230386563,203.21341888133145,2025-04-21 00:00:00,2533.4132074994886,2744.4072265625,515434.98171170696,557700.3753123984,42265.39360069146,0.08199946666470405,31
2025-05-22 00:00:00,CHAMBLFERT,13,0.6521477705832441,0.17640993276149564,775.8788055439298,2025-04-21 00:00:00,663.5360518375985,579.3016357421875,515434.98171170696,449467.86118929315,-65967.12052241381,-0.12798339822288302,31
2025-05-22 00:00:00,BAJFINANCE,6,0.7103938520499397,0.19865777941894172,568.358280833476,2025-04-21 00:00:00,905.8081437295533,903.97412109375,515434.98171170696,513781.1773827962,-1653.8043289107736,-0.0032085605121690776,31
2025-05-22 00:00:00,COROMANDEL,4,0.7467016993037408,0.2222657728325727,241.57943676890125,2025-04-21 00:00:00,2131.0735972432103,2395.621826171875,515434.98171170696,578732.9714778882,63297.989766181214,0.12280499386358111,31
2025-05-22 00:00:00,MAZDOCK,2,0.8327515127714264,0.1838812926831243,140.66715918021487,2025-05-22 00:00:00,3402.424930450678,3478.352294921875,479177.86252959404,489289.9359546411,10112.073425047041,0.021102964506050235,0
2025-05-23 00:00:00,GODFRYPHLP,2,0.8343206736646963,0.2162974506257224,203.21341888133145,2025-04-21 00:00:00,2533.4132074994886,2758.41845703125,515434.98171170696,560547.6453586874,45112.66364698042,0.08752348064767718,32
2025-05-23 00:00:00,CHAMBLFERT,18,0.6268190008979565,0.173204356912876,775.8788055439298,2025-04-21 00:00:00,663.5360518375985,582.437744140625,515434.98171170696,451901.1012275292,-63533.88048417779,-0.12326264754710334,32
2025-05-23 00:00:00,BAJFINANCE,6,0.6993949550732258,0.19751995804971242,568.358280833476,2025-04-21 00:00:00,905.8081437295533,914.3106079101562,515434.98171170696,519656.0052596267,4221.023547919758,0.008189245390179319,32
2025-05-23 00:00:00,COROMANDEL,4,0.727550304784727,0.22379890149994844,241.57943676890125,2025-04-21 00:00:00,2131.0735972432103,2371.11181640625,515434.98171170696,572811.8571235082,57376.87541180127,0.1113173871537755,32
2025-05-23 00:00:00,MAZDOCK,1,0.8435726830660849,0.1891793329117407,140.66715918021487,2025-05-22 00:00:00,3402.424930450678,3480.63818359375,479177.86252959404,489611.485420316,10433.622890721948,0.02177400858137007,1
2025-05-26 00:00:00,GODFRYPHLP,2,0.8134765670084703,0.2608625058718787,203.21341888133145,2025-04-21 00:00:00,2533.4132074994886,2728.74755859375,515434.98171170696,554518.1206459223,39083.1389342153,0.0758255460357467,35
2025-05-26 00:00:00,BAJFINANCE,7,0.7538749753752682,0.2421335866995849,568.358280833476,2025-04-21 00:00:00,905.8081437295533,916.8823852539062,515434.98171170696,521117.69620940695,5682.714497699984,0.011025085023969986,35
2025-05-26 00:00:00,COROMANDEL,4,0.785162724673265,0.26774127920698987,241.57943676890125,2025-04-21 00:00:00,2131.0735972432103,2381.2333984375,515434.98171170696,575257.0232098278,59822.041498120874,0.1160612756616906,35
2025-05-26 00:00:00,MAZDOCK,1,0.9151958613990036,0.22926262822154655,140.66715918021487,2025-05-22 00:00:00,3402.424930450678,3528.241943359375,479177.86252959404,496307.77107284387,17129.908543249825,0.03574853907653524,4
2025-05-27 00:00:00,GODFRYPHLP,6,0.7248858580650207,0.25862042064180624,203.21341888133145,2025-04-21 00:00:00,2533.4132074994886,2702.867919921875,515434.98171170696,549259.030791997,33824.04908029002,0.06562233895721203,36
2025-05-27 00:00:00,BAJFINANCE,5,0.7361453592504065,0.24216362514269418,568.358280833476,2025-04-21 00:00:00,905.8081437295533,907.139404296875,515434.98171170696,515580.1923024754,145.21059076843085,0.00028172436082277787,36
2025-05-27 00:00:00,COROMANDEL,3,0.7697326991020732,0.26730775379995086,241.57943676890125,2025-04-21 00:00:00,2131.0735972432103,2396.8125,515434.98171170696,579020.6137906621,63585.63207895518,0.12336305127718299,36
2025-05-27 00:00:00,MAZDOCK,1,0.943747554492938,0.2319082004155487,140.66715918021487,2025-05-22 00:00:00,3402.424930450678,3600.691162109375,479177.86252959404,506498.9968592323,27321.13432963827,0.057016687259735244,5
2025-05-28 00:00:00,GODFRYPHLP,5,0.7267403259988638,0.2553343985016453,203.21341888133145,2025-04-21 00:00:00,2533.4132074994886,2748.5283203125,515434.98171170696,558537.8368628664,43102.855151159456,0.08362423327966463,37
2025-05-28 00:00:00,BAJFINANCE,6,0.7196661999473207,0.24035141743390975,568.358280833476,2025-04-21 00:00:00,905.8081437295533,916.6845703125,515434.98171170696,521005.26644938614,5570.284737679176,0.01080695904492324,37
2025-05-28 00:00:00,COROMANDEL,3,0.7537353650950681,0.2677652972076851,241.57943676890125,2025-04-21 00:00:00,2131.0735972432103,2390.4619140625,515434.98171170696,577486.4428167284,62051.461105021415,0.1203865925028116,37
2025-05-28 00:00:00,MAZDOCK,1,0.9460760415956934,0.23654888685675973,140.66715918021487,2025-05-22 00:00:00,3402.424930450678,3641.238525390625,479177.86252959404,512202.6792642539,33024.816734659835,0.06891974633452568,6
2025-05-29 00:00:00,GODFRYPHLP,3,0.7706410908591925,0.25798273216473105,203.21341888133145,2025-04-21 00:00:00,2533.4132074994886,2732.538818359375,515434.98171170696,555288.5555047621,39853.57379305514,0.07732027356914249,38
2025-05-29 00:00:00,BAJFINANCE,6,0.720650450457315,0.2386751055036297,568.358280833476,2025-04-21 00:00:00,905.8081437295533,910.403564453125,515434.98171170696,517435.4047572468,2000.423045539821,0.0038810385723076464,38
2025-05-29 00:00:00,COROMANDEL,5,0.7503429992918389,0.26626018040245647,241.57943676890125,2025-04-21 00:00:00,2131.0735972432103,2291.132080078125,515434.98171170696,553490.3974684345,38055.41575672757,0.07383165114317507,38
2025-05-29 00:00:00,MAZDOCK,1,0.950293279100724,0.2370819819291828,140.66715918021487,2025-05-22 00:00:00,3402.424930450678,3727.99853515625,479177.86252959404,524406.963368432,45229.10083883797,0.09438896154357428,7
2025-05-30 00:00:00,GODFRYPHLP,2,0.785448445641018,0.26145834492252745,203.21341888133145,2025-04-21 00:00:00,2533.4132074994886,2869.025634765625,515434.98171170696,583024.5080989049,67589.5263871979,0.13113104229507275,39
2025-05-30 00:00:00,BAJFINANCE,6,0.7105429698059889,0.2453069266597481,568.358280833476,2025-04-21 00:00:00,905.8081437295533,912.4410400390625,515434.98171170696,518593.4208785104,3158.439166803437,0.006127715965871356,39
2025-05-30 00:00:00,COROMANDEL,7,0.7094463228511063,0.2635101268906558,241.57943676890125,2025-04-21 00:00:00,2131.0735972432103,2271.781982421875,515434.98171170696,548815.8117752145,33380.83006350754,0.06476244579413919,39
2025-05-30 00:00:00,MAZDOCK,1,0.9502502134091617,0.22972460152706864,140.66715918021487,2025-05-22 00:00:00,3402.424930450678,3456.68701171875,479177.86252959404,486242.34211362264,7064.479584028595,0.014742917268203919,8
2025-06-02 00:00:00,GODFRYPHLP,2,0.8828771811775059,0.27372792827225745,203.21341888133145,2025-04-21 00:00:00,2533.4132074994886,2761.71533203125,515434.98171170696,561217.6145990618,45782.63288735482,0.08882329393964564,42
2025-06-02 00:00:00,BAJFINANCE,5,0.7663147274428086,0.24116848984986755,568.358280833476,2025-04-21 00:00:00,905.8081437295533,906.2788696289062,515434.98171170696,515091.10029799107,-343.88141371589154,-0.0006671673943702783,42
2025-06-02 00:00:00,COROMANDEL,6,0.7632856017600497,0.2582715696684314,241.57943676890125,2025-04-21 00:00:00,2131.0735972432103,2265.828369140625,515434.98171170696,547377.5412319902,31942.55952028325,0.061972044299758756,42
2025-06-02 00:00:00,MAZDOCK,1,0.9474200347462793,0.2268320122094436,140.66715918021487,2025-05-22 00:00:00,3402.424930450678,3363.56689453125,479177.86252959404,473143.39976632834,-6034.462763265707,-0.012593367171449866,11
2025-06-03 00:00:00,GODFRYPHLP,2,0.8935547055532577,0.26775411906285423,203.21341888133145,2025-04-21 00:00:00,2533.4132074994886,2767.814453125,515434.98171170696,562457.0378486939,47022.05613698694,0.09122791002820858,43
2025-06-03 00:00:00,BAJFINANCE,6,0.7930147095122175,0.2447239816461612,568.358280833476,2025-04-21 00:00:00,905.8081437295533,892.4141845703125,515434.98171170696,507210.99173379113,-8223.98997791583,-0.015955436223216355,43
2025-06-03 00:00:00,COROMANDEL,5,0.8102360889706273,0.26172069436294615,241.57943676890125,2025-04-21 00:00:00,2131.0735972432103,2297.0859375,515434.98171170696,554928.7269910135,39493.745279306546,0.07662216706392695,43
2025-06-03 00:00:00,MAZDOCK,1,0.9404078925048797,0.2258012049280384,140.66715918021487,2025-05-22 00:00:00,3402.424930450678,3417.332275390625,479177.86252959404,480706.4231540589,1528.5606244648807,0.0031899650296772146,12
2025-06-04 00:00:00,GODFRYPHLP,2,0.8719279287093092,0.2681215509421759,203.21341888133145,2025-04-21 00:00:00,2533.4132074994886,2774.408203125,515434.98171170696,563796.9763294427,48361.994617735734,0.0938275366121455,44
2025-06-04 00:00:00,BAJFINANCE,7,0.7767354507572376,0.2395524695551442,568.358280833476,2025-04-21 00:00:00,905.8081437295533,893.2092895507812,515434.98171170696,507662.8962335725,-7772.085478134453,-0.015078692277198864,44
2025-06-04 00:00:00,COROMANDEL,5,0.8099952356739918,0.26364460117189087,241.57943676890125,2025-04-21 00:00:00,2131.0735972432103,2312.169189453125,515434.98171170696,558572.5305024929,43137.54879078595,0.08369154271898767,44
2025-06-04 00:00:00,MAZDOCK,1,0.9399874574070934,0.22868137833078897,140.66715918021487,2025-05-22 00:00:00,3402.424930450678,3391.592041015625,479177.86252959404,477085.61750789476,-2092.2450216992875,-0.004366322372770445,13
2025-06-05 00:00:00,GODFRYPHLP,2,0.8824866105827743,0.26916099604268634,203.21341888133145,2025-04-21 00:00:00,2533.4132074994886,2709.461181640625,515434.98171170696,550598.8700474435,35163.888335736585,0.0682217730332561,45
2025-06-05 00:00:00,BAJFINANCE,8,0.7624512312814197,0.23951605199994044,568.358280833476,2025-04-21 00:00:00,905.8081437295533,887.941650390625,515434.98171170696,504668.989896455,-10765.991815251939,-0.020887196634382824,45
2025-06-05 00:00:00,COROMANDEL,6,0.8111920874264614,0.26488116428335484,241.57943676890125,2025-04-21 00:00:00,2131.0735972432103,2298.078125,515434.98171170696,555168.4190884327,39733.43737672572,0.07708719583753325,45
2025-06-05 00:00:00,MAZDOCK,1,0.9323261493457784,0.22644178767401849,140.66715918021487,2025-05-22 00:00:00,3402.424930450678,3408.984130859375,479177.86252959404,479532.1133784221,354.2508488280582,0.0007392888456030868,14
2025-06-06 00:00:00,GODFRYPHLP,4,0.8151534533607271,0.2640783217468796,203.21341888133145,2025-04-21 00:00:00,2533.4132074994886,2699.900634765625,515434.98171170696,548656.0386305996,33221.05691889266,0.06445246849286193,46
2025-06-06 00:00:00,BAJFINANCE,10,0.7312032692526198,0.24099853754754194,568.358280833476,2025-04-21 00:00:00,905.8081437295533,931.4243774414062,515434.98171170696,529382.7578889884,13947.776177281397,0.02706020482149321,46
2025-06-06 00:00:00,COROMANDEL,7,0.7768622148507308,0.2646964668818695,241.57943676890125,2025-04-21 00:00:00,2131.0735972432103,2280.61376953125,515434.98171170696,550949.3899307601,35514.40821905318,0.06890181978164045,46
2025-06-06 00:00:00,MAZDOCK,1,0.9087421938675572,0.2302266738237089,140.66715918021487,2025-05-22 00:00:00,3402.424930450678,3383.641845703125,479177.86252959404,475967.2861183575,-3210.576411236543,-0.006700176828469946,15
2025-06-09 00:00:00,GODFRYPHLP,4,0.8172416006942866,0.26037709500308825,203.21341888133145,2025-04-21 00:00:00,2533.4132074994886,2747.20947265625,515434.98171170696,558269.8293216563,42834.8476099493,0.08310426946129877,49
2025-06-09 00:00:00,BAJFINANCE,9,0.766126524651449,0.2541999143355661,568.358280833476,2025-04-21 00:00:00,905.8081437295533,954.880126953125,515434.98171170696,542714.0273571294,27279.04564542242,0.05292431948415975,49
2025-06-09 00:00:00,COROMANDEL,8,0.7769576252970091,0.2600176165974879,241.57943676890125,2025-04-21 00:00:00,2131.0735972432103,2392.644775390625,515434.98171170696,578013.7772269214,62578.79551521444,0.12140967869001955,49
2025-06-09 00:00:00,MAZDOCK,1,0.8908643425102096,0.22540537406385772,140.66715918021487,2025-05-22 00:00:00,3402.424930450678,3348.26220703125,479177.86252959404,470990.5328535624,-8187.329676031659,-0.01708620183914696,18
2025-06-10 00:00:00,GODFRYPHLP,2,0.8665448715700294,0.2602228732326037,203.21341888133145,2025-04-21 00:00:00,2533.4132074994886,2730.890380859375,515434.98171170696,554953.5708845749,39518.58917286794,0.07667036692315826,50
2025-06-10 00:00:00,BAJFINANCE,9,0.8078347649952415,0.25341561115697037,568.358280833476,2025-04-21 00:00:00,905.8081437295533,943.9473266601562,515434.98171170696,536500.279777922,21065.298066215008,0.0408689724478135,50
2025-06-10 00:00:00,COROMANDEL,3,0.8619113303056923,0.2673247593371274,241.57943676890125,2025-04-21 00:00:00,2131.0735972432103,2312.56591796875,515434.98171170696,558668.3719538477,43233.39024214074,0.08387748557260717,50
2025-06-10 00:00:00,MAZDOCK,1,0.8756302904415749,0.21903675627329858,140.66715918021487,2025-05-22 00:00:00,3402.424930450678,3376.68505859375,479177.86252959404,474988.6946386602,-4189.167890933866,-0.008742406981864992,19
2025-06-11 00:00:00,GODFRYPHLP,1,0.8945657939930657,0.2617519570223693,203.21341888133145,2025-04-21 00:00:00,2533.4132074994886,2716.054931640625,515434.98171170696,551938.8085281923,36503.82681648538,0.07082139961719303,51
2025-06-11 00:00:00,BAJFINANCE,8,0.8220386356795831,0.25187535755691676,568.358280833476,2025-04-21 00:00:00,905.8081437295533,936.7416381835938,515434.98171170696,532404.8670631613,16969.885351454373,0.03292342575410601,51
2025-06-11 00:00:00,COROMANDEL,5,0.8392815762323024,0.262490081736588,241.57943676890125,2025-04-21 00:00:00,2131.0735972432103,2362.875732421875,515434.98171170696,570822.1885933816,55387.20688167459,0.10745721351263224,51
2025-06-11 00:00:00,MAZDOCK,2,0.8756266200593396,0.22388260368412602,140.66715918021487,2025-05-22 00:00:00,3402.424930450678,3294.09912109375,479177.86252959404,463371.5654223004,-15806.29710729362,-0.032986284098876585,20
2025-06-12 00:00:00,GODFRYPHLP,1,0.8851166165601889,0.2606306658087314,203.21341888133145,2025-04-21 00:00:00,2533.4132074994886,2696.43896484375,515434.98171170696,547952.5808507367,32517.599139029742,0.06308768378708429,52
2025-06-12 00:00:00,BAJFINANCE,8,0.8192819722455508,0.251710683183252,568.358280833476,2025-04-21 00:00:00,905.8081437295533,931.1261596679688,515434.98171170696,529213.2633479633,13778.281636256375,0.02673136695243328,52
2025-06-12 00:00:00,COROMANDEL,4,0.86436295509515,0.2691881765823463,241.57943676890125,2025-04-21 00:00:00,2131.0735972432103,2289.34619140625,515434.98171170696,553058.9634889511,37623.98177724413,0.07299462223595832,52
2025-06-12 00:00:00,MAZDOCK,3,0.872144630870849,0.2184704744256702,140.66715918021487,2025-05-22 00:00:00,3402.424930450678,3190.54345703125,479177.86252959404,448804.68434160785,-30373.178187986196,-0.06338602127328107,21
2025-06-13 00:00:00,GODFRYPHLP,2,0.8651745994754608,0.2645441173990972,203.21341888133145,2025-04-21 00:00:00,2533.4132074994886,2751.0009765625,515434.98171170696,559040.3137931472,43605.332081440254,0.08459909324864098,53
2025-06-13 00:00:00,BAJFINANCE,8,0.8275267944422273,0.2519718562152838,568.358280833476,2025-04-21 00:00:00,905.8081437295533,927.3990478515625,515434.98171170696,527094.9284835166,11659.946771809598,0.02262156660979452,53
2025-06-13 00:00:00,COROMANDEL,5,0.853984960512569,0.2690759760935915,241.57943676890125,2025-04-21 00:00:00,2131.0735972432103,2273.766845703125,515434.98171170696,549295.3139287621,33860.33221705514,0.06569273219409445,53
2025-06-13 00:00:00,MAZDOCK,3,0.8641597794729006,0.21440805029202745,140.66715918021487,2025-05-22 00:00:00,3402.424930450678,3180.60546875,479177.86252959404,447406.7357621182,-31771.126767475856,-0.0663034110126773,22
2025-06-16 00:00:00,GODFRYPHLP,1,0.8909557573910676,0.26781403139000526,203.21341888133145,2025-04-21 00:00:00,2533.4132074994886,2732.3740234375,515434.98171170696,555255.0669652737,39820.085253566736,0.07725530215533354,56
2025-06-16 00:00:00,BAJFINANCE,9,0.8114965538735862,0.25669247327986594,568.358280833476,2025-04-21 00:00:00,905.8081437295533,932.2691650390625,515434.98171170696,529862.8999156617,14427.918203954701,0.027991732645000263,56
2025-06-16 00:00:00,COROMANDEL,5,0.8323422283124147,0.2621900433547509,241.57943676890125,2025-04-21 00:00:00,2131.0735972432103,2248.364013671875,515434.98171170696,543158.5120743178,27723.53036261082,0.053786668243866194,56
2025-06-16 00:00:00,MAZDOCK,4,0.8586715147177251,0.21330345197537792,140.66715918021487,2025-05-22 00:00:00,3402.424930450678,3146.02099609375,479177.86252959404,442541.8362418177,-36636.02628777636,-0.07645600757592118,25
2025-06-17 00:00:00,GODFRYPHLP,3,0.8687539599346141,0.2687599509872248,203.21341888133145,2025-04-21 00:00:00,2533.4132074994886,2700.724853515625,515434.98171170696,548823.5309406932,33388.54922898626,0.06477742181585405,57
2025-06-17 00:00:00,BAJFINANCE,9,0.8186575219553732,0.25551494494784033,568.358280833476,2025-04-21 00:00:00,905.8081437295533,917.3607788085938,515434.98171170696,521389.595147711,5954.6134360040305,0.01155259857650594,57
2025-06-17 00:00:00,COROMANDEL,8,0.8315480163212733,0.26315249745484814,241.57943676890125,2025-04-21 00:00:00,2131.0735972432103,2289.94140625,515434.98171170696,553202.7551556607,37767.773443953716,0.07327359372957341,57
2025-06-17 00:00:00,MAZDOCK,4,0.8488081168950375,0.21257260661008667,140.66715918021487,2025-05-22 00:00:00,3402.424930450678,3285.452880859375,479177.86252959404,462155.3233709412,-17022.539158652828,-0.035524469074573566,26
2025-06-18 00:00:00,GODFRYPHLP,4,0.838686511969709,0.26266603597012517,203.21341888133145,2025-04-21 00:00:00,2533.4132074994886,2688.362060546875,515434.98171170696,546311.2455145915,30876.263802884496,0.05990331447886516,58
2025-06-18 00:00:00,BAJFINANCE,12,0.7769149970837621,0.2504341863438138,568.358280833476,2025-04-21 00:00:00,905.8081437295533,913.38525390625,515434.98171170696,519130.0726488042,3695.090937097266,0.007168878846418701,58
2025-06-18 00:00:00,COROMANDEL,7,0.8251402385057648,0.26507260043289177,241.57943676890125,2025-04-21 00:00:00,2131.0735972432103,2273.766845703125,515434.98171170696,549295.3139287621,33860.33221705514,0.06569273219409445,58
2025-06-18 00:00:00,MAZDOCK,2,0.8749501222318481,0.2218271772531693,140.66715918021487,2025-05-22 00:00:00,3402.424930450678,3237.2529296875,479177.86252959404,455375.1731669685,-23802.689362625533,-0.04967401715298456,27
2025-06-19 00:00:00,GODFRYPHLP,7,0.8231008207411149,0.2657391373257627,203.21341888133145,2025-04-21 00:00:00,2533.4132074994886,2653.91064453125,515434.98171170696,539310.2554807533,23875.273769046296,0.046320631342791185,59
2025-06-19 00:00:00,BAJFINANCE,14,0.7727551028007775,0.2500490841555811,568.358280833476,2025-04-21 00:00:00,905.8081437295533,894.9982299804688,515434.98171170696,508679.6553407032,-6755.326371003757,-0.013106068875205186,59
2025-06-19 00:00:00,COROMANDEL,9,0.8208050300065539,0.2655717688831428,241.57943676890125,2025-04-21 00:00:00,2131.0735972432103,2286.269775390625,515434.98171170696,552315.7646406295,36880.78292892256,0.07155273552921311,59
2025-06-19 00:00:00,MAZDOCK,2,0.8683124819613144,0.2186400096355134,140.66715918021487,2025-05-22 00:00:00,3402.424930450678,3203.5625,479177.86252959404,450636.0361312671,-28541.826398326957,-0.059564159011131726,28
2025-06-20 00:00:00,GODFRYPHLP,9,0.796186498178425,0.26264161457355206,203.21341888133145,2025-04-21 00:00:00,2533.4132074994886,2640.393798828125,515434.98171170696,536563.4510529297,21128.46934122278,0.0409915316012454,60
2025-06-20 00:00:00,BAJFINANCE,14,0.7590342919406778,0.24737642500928106,568.358280833476,2025-04-21 00:00:00,905.8081437295533,899.4707641601562,515434.98171170696,511221.6571780393,-4213.324533667648,-0.008174308464038719,60
2025-06-20 00:00:00,COROMANDEL,7,0.8234878966994855,0.26973880214897716,241.57943676890125,2025-04-21 00:00:00,2131.0735972432103,2298.078125,515434.98171170696,555168.4190884327,39733.43737672572,0.07708719583753325,60
2025-06-20 00:00:00,MAZDOCK,4,0.8592437850201677,0.22024315826818971,140.66715918021487,2025-05-22 00:00:00,3402.424930450678,3236.259033203125,479177.86252959404,455235.36457199225,-23942.497957601794,-0.04996578479483305,29
2025-06-23 00:00:00,GODFRYPHLP,16,0.7350822002356274,0.2604298688384883,203.21341888133145,2025-04-21 00:00:00,2533.4132074994886,2631.16259765625,515434.98171170696,534687.5471024117,19252.56539070478,0.03735207363452317,63
2025-06-23 00:00:00,BAJFINANCE,13,0.7451268470960273,0.24831402498422792,568.358280833476,2025-04-21 00:00:00,905.8081437295533,909.9066162109375,515434.98171170696,517152.9601086539,1717.9783969469136,0.0033330651932891374,63
2025-06-23 00:00:00,COROMANDEL,8,0.7916348496580998,0.2684826183120716,241.57943676890125,2025-04-21 00:00:00,2131.0735972432103,2302.24609375,515434.98171170696,556175.314631528,40740.33291982103,0.07904068285106793,63
2025-06-23 00:00:00,MAZDOCK,6,0.8138683940283796,0.22277348786521217,140.66715918021487,2025-05-22 00:00:00,3402.424930450678,3321.926025390625,479177.86252959404,467285.8969985215,-11891.965531072521,-0.024817435155068485,32
2025-06-24 00:00:00,GODFRYPHLP,11,0.7601277759957524,0.2126231039463618,203.21341888133145,2025-04-21 00:00:00,2533.4132074994886,2676.8232421875,515434.98171170696,543966.4027859322,28531.421074225218,0.05535406421092197,64
2025-06-24 00:00:00,BAJFINANCE,12,0.7535617927675718,0.20410377607962893,568.358280833476,2025-04-21 00:00:00,905.8081437295533,910.9005126953125,515434.98171170696,517717.8494058397,2282.8676941327285,0.004429011951326155,64
2025-06-24 00:00:00,COROMANDEL,8,0.779562024157216,0.22006913917202647,241.57943676890125,2025-04-21 00:00:00,2131.0735972432103,2370.715087890625,515434.98171170696,572716.0156721534,57281.03396044648,0.111131444300156,64
2025-06-24 00:00:00,MAZDOCK,4,0.837392683134956,0.1844211751565469,140.66715918021487,2025-05-22 00:00:00,3402.424930450678,3261.104248046875,479177.86252959404,458730.2703632847,-20447.59216630936,-0.042672238776570184,33
2025-06-24 00:00:00,BEL,1,0.8965318565998226,0.17878280564543583,1074.6259639596387,2025-06-24 00:00:00,423.6096802813512,415.7613830566406,455762.5984591011,446787.97704443504,-8974.621414666064,-0.01969143901892911,0
2025-06-25 00:00:00,GODFRYPHLP,10,0.7931827318847451,0.21479006006796458,203.21341888133145,2025-04-21 00:00:00,2533.4132074994886,2729.736572265625,515434.98171170696,554719.1014955044,39284.11978379742,0.076215470772548,65
2025-06-25 00:00:00,BAJFINANCE,13,0.7597372046140087,0.20338249229532565,568.358280833476,2025-04-21 00:00:00,905.8081437295533,922.3302612304688,515434.98171170696,524214.04163364,8779.059921933047,0.017032332366690918,65
2025-06-25 00:00:00,COROMANDEL,8,0.8079262673309827,0.2257299781573973,241.57943676890125,2025-04-21 00:00:00,2131.0735972432103,2336.678955078125,515434.98171170696,564493.5858775182,49058.60416581121,0.09517903500242182,65
2025-06-25 00:00:00,MAZDOCK,6,0.836297385296531,0.18011248494249504,140.66715918021487,2025-05-22 00:00:00,3402.424930450678,3172.952880859375,479177.86252959404,446330.26796316705,-32847.594566427,-0.06854990001629786,34
2025-06-25 00:00:00,BEL,2,0.9075160365361714,0.17598498453681743,1074.6259639596387,2025-06-24 00:00:00,423.6096802813512,403.3928527832031,455762.5984591011,433496.4332765783,-22266.16518252279,-0.048854744241416496,1
2025-06-26 00:00:00,GODFRYPHLP,8,0.7901916683237663,0.22000361964513218,203.21341888133145,2025-04-21 00:00:00,2533.4132074994886,2835.563232421875,515434.98171170696,576224.4989146487,60789.5172029417,0.11793828389579986,66
2025-06-26 00:00:00,BAJFINANCE,13,0.7434331603047195,0.20747625138105819,568.358280833476,2025-04-21 00:00:00,905.8081437295533,945.6866455078125,515434.98171170696,537488.8360479971,22053.854336290155,0.04278687927437823,66
2025-06-26 00:00:00,COROMANDEL,9,0.7786808279904767,0.223420666145127,241.57943676890125,2025-04-21 00:00:00,2131.0735972432103,2261.5615234375,515434.98171170696,546346.7590502495,30911.77733854251,0.05997221460578336,66
2025-06-26 00:00:00,MAZDOCK,6,0.8165472605860982,0.1766741370259238,140.66715918021487,2025-05-22 00:00:00,3402.424930450678,3102.590576171875,479177.86252959404,436432.6024494037,-42745.26008019032,-0.08920541498836534,35
2025-06-26 00:00:00,BEL,3,0.8691301316002039,0.1724253258027588,1074.6259639596387,2025-06-24 00:00:00,423.6096802813512,407.4163818359375,455762.5984591011,437820.2220633926,-17942.376395708532,-0.03936781222586134,2
2025-06-27 00:00:00,GODFRYPHLP,5,0.8205399730731834,0.22930887599157937,203.21341888133145,2025-04-21 00:00:00,2533.4132074994886,2981.28125,515434.98171170696,605836.3554593094,90401.37374760245,0.17538851058845234,67
2025-06-27 00:00:00,BAJFINANCE,10,0.7397103093912617,0.21088427006916743,568.358280833476,2025-04-21 00:00:00,905.8081437295533,941.2141723632812,515434.98171170696,534946.8689004974,19511.887188790482,0.03785518616527248,67
2025-06-27 00:00:00,COROMANDEL,12,0.7315142578302448,0.2152539450861876,241.57943676890125,2025-04-21 00:00:00,2131.0735972432103,2413.4833984375,515434.98171170696,583047.9600456249,67612.97833391791,0.13117654162583633,67
2025-06-27 00:00:00,MAZDOCK,8,0.7513524415451276,0.1723346759352373,140.66715918021487,2025-05-22 00:00:00,3402.424930450678,3154.36865234375,479177.86252959404,443716.0773323181,-35461.78519727592,-0.07400547473139121,36
2025-06-27 00:00:00,BEL,3,0.8453031038334702,0.17221823291782828,1074.6259639596387,2025-06-24 00:00:00,423.6096802813512,411.78759765625,455762.5984591011,442517.6440779715,-13244.954381129588,-0.029061082295716623,3
2025-06-30 00:00:00,GODFRYPHLP,1,0.8669835116044655,0.23462681416927125,203.21341888133145,2025-04-21 00:00:00,2533.4132074994886,2959.357666015625,515434.98171170696,601381.1890037126,85946.20729200565,0.16674500245712287,70
2025-06-30 00:00:00,BAJFINANCE,11,0.7295517132356755,0.2044615701831195,568.358280833476,2025-04-21 00:00:00,905.8081437295533,930.7783203125,515434.98171170696,529015.565969883,13580.584258176037,0.026347812507944848,70
2025-06-30 00:00:00,COROMANDEL,6,0.7775751438128097,0.22101154027583225,241.57943676890125,2025-04-21 00:00:00,2131.0735972432103,2485.921630859375,515434.98171170696,600547.5474346363,85112.56572292931,0.16512764702209223,70
2025-06-30 00:00:00,MAZDOCK,8,0.7697379725318428,0.17148903211704547,140.66715918021487,2025-05-22 00:00:00,3402.424930450678,3224.233642578125,479177.86252959404,453543.78703474114,-25634.075494852907,-0.05349595108490586,39
2025-06-30 00:00:00,BEL,3,0.8396913931524973,0.16841104325473152,1074.6259639596387,2025-06-24 00:00:00,423.6096802813512,418.7417907714844,455762.5984591011,449990.8005579918,-5771.797901109327,-0.01266404465970516,6
2025-07-01 00:00:00,GODFRYPHLP,4,0.855002769364958,0.2289045841702881,203.21341888133145,2025-04-21 00:00:00,2533.4132074994886,2922.268798828125,515434.98171170696,593844.2335001051,78409.25178839813,0.15212248793826336,71
2025-07-01 00:00:00,BAJFINANCE,15,0.7447804216514513,0.19931200864241289,568.358280833476,2025-04-21 00:00:00,905.8081437295533,930.9274291992188,515434.98171170696,529100.3132403954,13665.331528688432,0.02651223144247459,71
2025-07-01 00:00:00,COROMANDEL,6,0.8221413313915921,0.2272148380662611,241.57943676890125,2025-04-21 00:00:00,2131.0735972432103,2307.703857421875,515434.98171170696,557493.7981053974,42058.81639369042,0.08159868438501668,71
2025-07-01 00:00:00,MAZDOCK,7,0.8032969823597124,0.17296967706078276,140.66715918021487,2025-05-22 00:00:00,3402.424930450678,3254.744140625,479177.86252959404,457835.6121201685,-21342.250409425527,-0.04453930800717537,40
2025-07-01 00:00:00,BEL,3,0.8631890024020343,0.1715988920602552,1074.6259639596387,2025-06-24 00:00:00,423.6096802813512,429.4214172363281,455762.5984591011,461467.40444250335,5704.805983402242,0.012517056034632417,7
2025-07-02 00:00:00,GODFRYPHLP,4,0.8493682308946184,0.230437710526481,203.21341888133145,2025-04-21 00:00:00,2533.4132074994886,2916.0048828125,515434.98171170696,592571.3217109843,77136.33999927738,0.149652900435891,72
2025-07-02 00:00:00,BAJFINANCE,16,0.7245348231734596,0.2024132683191577,568.358280833476,2025-04-21 00:00:00,905.8081437295533,917.3607788085938,515434.98171170696,521389.595147711,5954.6134360040305,0.01155259857650594,72
2025-07-02 00:00:00,COROMANDEL,11,0.7476115906904711,0.21431242619887786,241.57943676890125,2025-04-21 00:00:00,2131.0735972432103,2255.508544921875,515434.98171170696,544884.4839096706,29449.50219796365,0.05713524157821974,72
2025-07-02 00:00:00,MAZDOCK,8,0.802072642560588,0.17609843662116623,140.66715918021487,2025-05-22 00:00:00,3402.424930450678,3257.924072265625,479177.86252959404,458282.9240704425,-20894.93845915154,-0.04360580922675882,41
2025-07-02 00:00:00,BEL,2,0.884491280296237,0.17673815833431714,1074.6259639596387,2025-06-24 00:00:00,423.6096802813512,424.1560974121094,455762.5984591011,455809.15505084646,46.55659174534958,0.0001021509704893598,8
2025-07-03 00:00:00,GODFRYPHLP,4,0.8291460542895835,0.288690222948244,203.21341888133145,2025-04-21 00:00:00,2533.4132074994886,2925.73046875,515434.98171170696,594547.691279968,79112.70956826105,0.153487272644041,73
2025-07-03 00:00:00,COROMANDEL,13,0.698414249509055,0.2671570926869094,241.57943676890125,2025-04-21 00:00:00,2131.0735972432103,2216.411865234375,515434.98171170696,535439.5300512302,20004.54833952326,0.03881100245289948,73
2025-07-03 00:00:00,MAZDOCK,5,0.7836823882936806,0.2225772589766853,140.66715918021487,2025-05-22 00:00:00,3402.424930450678,3267.26611328125,479177.86252959404,459597.0424410555,-19580.820088538516,-0.04086336540083632,42
2025-07-03 00:00:00,BEL,2,0.8440469789471796,0.2215754253881613,1074.6259639596387,2025-06-24 00:00:00,423.6096802813512,423.4606628417969,455762.5984591011,455061.82300535357,-700.7754537475412,-0.001537588771252424,9
2025-07-04 00:00:00,GODFRYPHLP,5,0.8226281870707551,0.3944188735234994,203.21341888133145,2025-04-21 00:00:00,2533.4132074994886,2867.8720703125,515434.98171170696,582790.0883224853,67355.10661077837,0.1306762423984087,74
2025-07-04 00:00:00,MAZDOCK,4,0.8235017669621545,0.30445052273417117,140.66715918021487,2025-05-22 00:00:00,3402.424930450678,3308.409912109375,479177.86252959404,465384.6237400901,-13793.238789503928,-0.02878521707302799,43
2025-07-04 00:00:00,BEL,2,0.8599043538240031,0.3011306037423295,1074.6259639596387,2025-06-24 00:00:00,423.6096802813512,424.7521667480469,455762.5984591011,456449.7066355651,687.1081764639821,0.001507601059821589,10
2025-07-07 00:00:00,GODFRYPHLP,5,0.8215649684552018,0.38880106252706326,203.21341888133145,2025-04-21 00:00:00,2533.4132074994886,2811.33203125,515434.98171170696,571300.3936809107,55865.411969203735,0.10838498346324964,77
2025-07-07 00:00:00,MAZDOCK,3,0.8329510855695934,0.3081836286868671,140.66715918021487,2025-05-22 00:00:00,3402.424930450678,3256.532958984375,479177.86252959404,458087.2401170712,-21090.622412522847,-0.044014183587665824,46
2025-07-07 00:00:00,BEL,1,0.8879806258312373,0.30301530878606964,1074.6259639596387,2025-06-24 00:00:00,423.6096802813512,414.37054443359375,455762.5984591011,445293.345748431,-10469.252710670116,-0.022970846546131404,13
2025-07-08 00:00:00,GODFRYPHLP,3,0.82588755040943,0.3885272032761724,203.21341888133145,2025-04-21 00:00:00,2533.4132074994886,2718.032958984375,515434.98171170696,552340.7702273566,36905.78851564962,0.07160124909079563,78
2025-07-08 00:00:00,MAZDOCK,2,0.8259650375546929,0.3091386318022383,140.66715918021487,2025-05-22 00:00:00,3402.424930450678,3271.042236328125,479177.86252959404,460128.2189427744,-19049.643586819642,-0.03975484903717382,47
2025-07-08 00:00:00,BEL,1,0.8714369045674579,0.3023341649215893,1074.6259639596387,2025-06-24 00:00:00,423.6096802813512,419.2384948730469,455762.5984591011,450524.57168193604,-5238.026777165069,-0.011492884222782742,14
2025-07-09 00:00:00,GODFRYPHLP,5,0.8084834354441766,0.37735270999284437,203.21341888133145,2025-04-21 00:00:00,2533.4132074994886,2802.76025390625,515434.98171170696,569558.4935009977,54123.5117892907,0.10500550740571012,79
2025-07-09 00:00:00,MAZDOCK,2,0.8476971973113316,0.31401216973341106,140.66715918021487,2025-05-22 00:00:00,3402.424930450678,3273.924560546875,479177.86252959404,460533.6673024623,-18644.19522713177,-0.03890871570883621,48
2025-07-09 00:00:00,BEL,1,0.8860330966114581,0.3086351202737446,1074.6259639596387,2025-06-24 00:00:00,423.6096802813512,414.9169616699219,455762.5984591011,445880.53989774425,-9882.058561356855,-0.021682469326722614,15
2025-07-10 00:00:00,GODFRYPHLP,3,0.8241560160525404,0.3857111797547296,203.21341888133145,2025-04-21 00:00:00,2533.4132074994886,2814.464111328125,515434.98171170696,571936.8743817966,56501.89267008961,0.1096198253414089,80
2025-07-10 00:00:00,MAZDOCK,2,0.8547044195783581,0.31175532005599527,140.66715918021487,2025-05-22 00:00:00,3402.424930450678,3242.818359375,479177.86252959404,456158.04635072633,-23019.81617886771,-0.0480402330302686,49
2025-07-10 00:00:00,BEL,1,0.8586859327290075,0.3025335001892751,1074.6259639596387,2025-06-24 00:00:00,423.6096802813512,410.7940979003906,455762.5984591011,441450.00344513747,-14312.59501396364,-0.03140361903840605,16
2025-07-11 00:00:00,GODFRYPHLP,3,0.8151449244062728,0.3903105157232777,203.21341888133145,2025-04-21 00:00:00,2533.4132074994886,2769.792724609375,515434.98171170696,562859.0491605093,47424.06744880229,0.09200785575575761,81
2025-07-11 00:00:00,MAZDOCK,2,0.8355790668232899,0.31024936810889436,140.66715918021487,2025-05-22 00:00:00,3402.424930450678,3154.865478515625,479177.86252959404,443785.96445852215,-35391.89807107189,-0.073859626745353,50
2025-07-11 00:00:00,BEL,1,0.8364654289025855,0.29944011616782795,1074.6259639596387,2025-06-24 00:00:00,423.6096802813512,406.62158203125,455762.5984591011,436966.10955712537,-18796.48890197574,-0.041241841620012806,17
2025-07-14 00:00:00,GODFRYPHLP,3,0.7947227117285277,0.3933204200737385,203.21341888133145,2025-04-21 00:00:00,2533.4132074994886,2983.918701171875,515434.98171170696,606372.3209290787,90937.33921737177,0.17642834197123786,84
2025-07-14 00:00:00,MAZDOCK,2,0.8154274909382285,0.3058318738127756,140.66715918021487,2025-05-22 00:00:00,3402.424930450678,3094.34228515625,479177.86252959404,435272.338784144,-43905.52374545002,-0.09162677823568782,53
2025-07-14 00:00:00,BEL,1,0.8358705054874773,0.3008477061134859,1074.6259639596387,2025-06-24 00:00:00,423.6096802813512,404.63470458984375,455762.5984591011,434830.95947138447,-20931.638987716637,-0.045926627280265926,20
2025-07-15 00:00:00,GODFRYPHLP,1,0.8265540717044261,0.4096595201985679,203.21341888133145,2025-04-21 00:00:00,2533.4132074994886,3085.7890625,515434.98171170696,627073.7453372435,111638.76362553658,0.21659135989333833,85
2025-07-15 00:00:00,MAZDOCK,5,0.7600799980450773,0.2952834156064733,140.66715918021487,2025-05-22 00:00:00,3402.424930450678,3096.130859375,479177.86252959404,435523.9324384786,-43653.93009111547,-0.09110172548595022,54
2025-07-15 00:00:00,BEL,2,0.80513500151847,0.2950570641949588,1074.6259639596387,2025-06-24 00:00:00,423.6096802813512,406.2738952636719,455762.5984591011,436592.4763293607,-19170.122129740426,-0.04206163953460235,21
2025-07-16 00:00:00,GODFRYPHLP,1,0.7548336540064021,0.41901586413043995,203.21341888133145,2025-04-21 00:00:00,2533.4132074994886,3072.272216796875,515434.98171170696,624326.9409094201,108891.95919771318,0.21126226015179275,86
2025-07-16 00:00:00,MAZDOCK,18,0.6017958510987426,0.290372162417166,140.66715918021487,2025-05-22 00:00:00,3402.424930450678,3088.578125,479177.86252959404,434461.51074990456,-44716.35177968949,-0.09331890155281913,55
2025-07-16 00:00:00,BEL,2,0.7540345045608439,0.29061197345239403,1074.6259639596387,2025-06-24 00:00:00,423.6096802813512,403.4922180175781,455762.5984591011,433603.21373735263,-22159.384721748473,-0.048620454589006816,22
2025-07-17 00:00:00,GODFRYPHLP,1,0.7421862538963745,0.41880148032582515,203.21341888133145,2025-04-21 00:00:00,2533.4132074994886,3033.864990234375,515434.98171170696,616522.0770899046,101087.09537819761,0.19611997432246,87
2025-07-17 00:00:00,MAZDOCK,15,0.6003258890636949,0.29098942090150576,140.66715918021487,2025-05-22 00:00:00,3402.424930450678,3029.148193359375,479177.86252959404,426101.6710957435,-53076.19143385056,-0.11076511580409784,56
2025-07-17 00:00:00,BEL,2,0.7342137283929188,0.290209098772669,1074.6259639596387,2025-06-24 00:00:00,423.6096802813512,401.55499267578125,455762.5984591011,431521.4210870171,-24241.177372084,-0.053188167379336494,23
2025-07-18 00:00:00,GODFRYPHLP,1,0.7204753202669819,0.5887426663894674,203.21341888133145,2025-04-21 00:00:00,2533.4132074994886,3084.3056640625,515434.98171170696,626772.298869196,111337.31715748901,0.2160065209151097,88
2025-07-18 00:00:00,BEL,2,0.7162405539231202,0.41125733361053257,1074.6259639596387,2025-06-24 00:00:00,423.6096802813512,392.16680908203125,455762.5984591011,421432.63524275343,-34329.96321634768,-0.07532422215516299,24
2025-07-21 00:00:00,GODFRYPHLP,1,0.7429581345722459,0.5989497061042373,203.21341888133145,2025-04-21 00:00:00,2533.4132074994886,3029.743896484375,515434.98171170696,615684.6155394366,100249.63382772962,0.19449520770749942,91
2025-07-21 00:00:00,BEL,2,0.6929669629264976,0.40105029389576263,1074.6259639596387,2025-06-24 00:00:00,423.6096802813512,397.3327941894531,455762.5984591011,426984.1369686178,-28778.461490483314,-0.06314353478714821,27
2025-07-22 00:00:00,GODFRYPHLP,1,0.7236236783535994,0.24342207744569178,203.21341888133145,2025-04-21 00:00:00,2533.4132074994886,3104.25146484375,515434.98171170696,630825.5532382798,115390.5715265728,0.22387027582678323,92
2025-07-22 00:00:00,BEL,2,0.6932690431725033,0.1700107965590148,1074.6259639596387,2025-06-24 00:00:00,423.6096802813512,400.4621887207031,455762.5984591011,430347.0655833724,-25415.532875728735,-0.055764849861872676,28
2025-07-22 00:00:00,MFSL,3,0.6720126277590217,0.19552237533176448,321.3205665404985,2025-07-22 00:00:00,1539.9000244140625,1562.4000244140625,495389.191799886,502031.2610076152,6642.06920772919,0.013407779817716075,0
2025-07-22 00:00:00,DEEPAKFERT,4,0.6692316217265925,0.19552237533176445,305.19013200469186,2025-07-22 00:00:00,1621.289472927149,1585.942626953125,495389.19179988594,484014.039671692,-11375.152128193935,-0.02296205148696293,0
2025-07-22 00:00:00,ABCAPITAL,5,0.6338054508935209,0.19552237533176445,1815.7854982035005,2025-07-22 00:00:00,272.5,268.54998779296875,495389.19179988594,487629.17337719974,-7760.018422686204,-0.015664488751746704,0
2025-07-23 00:00:00,GODFRYPHLP,1,0.737724119148997,0.24922531707064707,203.21341888133145,2025-04-21 00:00:00,2533.4132074994886,3093.701416015625,515434.98171170696,628681.6417465515,113246.66003484454,0.2197108540416949,93
2025-07-23 00:00:00,BEL,2,0.6901479044501064,0.16948740055074243,1074.6259639596387,2025-06-24 00:00:00,423.6096802813512,397.5811767578125,455762.5984591011,427251.0553255718,-28511.54313352931,-0.06255788261240541,29
2025-07-23 00:00:00,MFSL,3,0.6786904257876625,0.1984715920954293,321.3205665404985,2025-07-22 00:00:00,1539.9000244140625,1549.699951171875,495389.191799886,497950.4662783297,2561.2744784437236,0.0051702268051870585,1
2025-07-23 00:00:00,DEEPAKFERT,5,0.6517889942754672,0.1906372534388236,305.19013200469186,2025-07-22 00:00:00,1621.289472927149,1584.453369140625,495389.19179988594,483559.5328833061,-11829.65891657985,-0.02387952565860274,1
2025-07-23 00:00:00,ABCAPITAL,6,0.627845635519954,0.19217843684435748,1815.7854982035005,2025-07-22 00:00:00,272.5,268.6000061035156,495389.19179988594,487719.99590013543,-7669.1958997505135,-0.015481153054401942,1
2025-07-24 00:00:00,GODFRYPHLP,1,0.7380421526988006,0.25036879995377015,203.21341888133145,2025-04-21 00:00:00,2533.4132074994886,2903.1474609375,515434.98171170696,589958.521053766,74523.53934205906,0.14458378260352836,94
2025-07-24 00:00:00,BEL,2,0.6832964376276407,0.16956773187546248,1074.6259639596387,2025-06-24 00:00:00,423.6096802813512,395.6439208984375,455762.5984591011,425169.2298802545,-30593.368578846625,-0.0671256673590165,30
2025-07-24 00:00:00,MFSL,3,0.672778104929517,0.19506229906215503,321.3205665404985,2025-07-22 00:00:00,1539.9000244140625,1525.800048828125,495389.191799886,490270.93611697335,-5118.255682912655,-0.010331787143592326,2
2025-07-24 00:00:00,DEEPAKFERT,4,0.6609969937648373,0.1916760105936123,305.19013200469186,2025-07-22 00:00:00,1621.289472927149,1586.7369384765625,495389.19179988594,484256.4557103827,-11132.736089503218,-0.022472706861154778,2
2025-07-24 00:00:00,ABCAPITAL,6,0.6392296412327032,0.19332515851500004,1815.7854982035005,2025-07-22 00:00:00,272.5,270.95001220703125,495389.19179988594,491987.1029035888,-3402.088896297151,-0.006867507310638775,2
2025-07-25 00:00:00,GODFRYPHLP,2,0.6914289031638164,0.23922940156866462,203.21341888133145,2025-04-21 00:00:00,2533.4132074994886,2893.75146484375,515434.98171170696,588049.1285637595,72614.14685205254,0.14087935322299694,95
2025-07-25 00:00:00,BEL,1,0.6976367630334606,0.17187291236292315,1074.6259639596387,2025-06-24 00:00:00,423.6096802813512,392.6138916015625,455762.5984591011,421913.0817262742,-33849.51673282689,-0.07427006263188235,31
2025-07-25 00:00:00,MFSL,6,0.656058328032554,0.19781747176826228,321.3205665404985,2025-07-22 00:00:00,1539.9000244140625,1526.699951171875,495389.191799886,490560.0932478982,-4829.098551987787,-0.00974809025292283,3
2025-07-25 00:00:00,DEEPAKFERT,4,0.6684931078685469,0.1956107840132679,305.19013200469186,2025-07-22 00:00:00,1621.289472927149,1523.0926513671875,495389.19179988594,464832.84732612805,-30556.344473757898,-0.061681492005786896,3
2025-07-25 00:00:00,ABCAPITAL,3,0.676003874779501,0.19546943028688205,1815.7854982035005,2025-07-22 00:00:00,272.5,260.3500061035156,495389.19179988594,472739.7655399565,-22649.42625992943,-0.045720469147979996,3
2025-07-28 00:00:00,GODFRYPHLP,1,0.7180814615054598,0.2415718843658299,203.21341888133145,2025-04-21 00:00:00,2533.4132074994886,2865.3994140625,515434.98171170696,582287.6113922045,66852.62968049757,0.12970138242943235,98
2025-07-28 00:00:00,BEL,2,0.7178519391670467,0.17332282289496873,1074.6259639596387,2025-06-24 00:00:00,423.6096802813512,386.70281982421875,455762.5984591011,415560.8905195116,-40201.70793958951,-0.08820756261156236,34
2025-07-28 00:00:00,MFSL,3,0.6747879810465328,0.20182676857479373,321.3205665404985,2025-07-22 00:00:00,1539.9000244140625,1527.5,495389.191799886,490817.1653906114,-4572.026409274607,-0.00922916059727337,6
2025-07-28 00:00:00,DEEPAKFERT,6,0.6513576851751625,0.19008299821259966,305.19013200469186,2025-07-22 00:00:00,1621.289472927149,1509.5894775390625,495389.19179988594,460711.8119230403,-34677.37987684563,-0.07000027544172516,6
2025-07-28 00:00:00,ABCAPITAL,5,0.6520082340851384,0.19319552595180794,1815.7854982035005,2025-07-22 00:00:00,272.5,253.75,495389.19179988594,460755.57016913826,-34633.621630747686,-0.06991194439449548,6
2025-07-29 00:00:00,GODFRYPHLP,3,0.6985978207177889,0.24453484372750928,203.21341888133145,2025-04-21 00:00:00,2533.4132074994886,2948.1484375,515434.98171170696,599103.3233540303,83668.3416423233,0.1623256950167978,99
2025-07-29 00:00:00,BEL,1,0.7288623158864229,0.17269745515238488,1074.6259639596387,2025-06-24 00:00:00,423.6096802813512,385.7093505859375,455762.5984591011,414493.28268165933,-41269.31577744178,-0.09055002739797038,35
2025-07-29 00:00:00,MFSL,6,0.6723213770263727,0.2031134998623588,321.3205665404985,2025-07-22 00:00:00,1539.9000244140625,1504.9000244140625,495389.191799886,483555.32843153656,-11833.86336834944,-0.023888012827558352,7
2025-07-29 00:00:00,DEEPAKFERT,13,0.613577017997169,0.1897857980374062,305.19013200469186,2025-07-22 00:00:00,1621.289472927149,1595.9708251953125,495389.19179988594,487074.54681699444,-8314.644982891507,-0.016784066185784357,7
2025-07-29 00:00:00,ABCAPITAL,7,0.64891806725632,0.18986840322034085,1815.7854982035005,2025-07-22 00:00:00,272.5,252.35000610351562,495389.19179988594,458213.4815543285,-37175.71024555742,-0.07504344232963134,7
2025-07-30 00:00:00,GODFRYPHLP,1,0.7138624792071143,0.24561349728106915,203.21341888133145,2025-04-21 00:00:00,2533.4132074994886,3095.844482421875,515434.98171170696,629117.1415978553,113682.15988614829,0.2205557711830529,100
2025-07-30 00:00:00,BEL,2,0.6928666497662155,0.1700366068577844,1074.6259639596387,2025-06-24 00:00:00,423.6096802813512,383.9707946777344,455762.5984591011,412624.9853629088,-43137.613096192305,-0.09464930479604362,36
2025-07-30 00:00:00,MFSL,8,0.626327455694693,0.19765230860982255,321.3205665404985,2025-07-22 00:00:00,1539.9000244140625,1508.199951171875,495389.191799886,484615.66276689904,-10773.52903298696,-0.021747606147489308,8
2025-07-30 00:00:00,DEEPAKFERT,7,0.6300939148593964,0.1999869511590385,305.19013200469186,2025-07-22 00:00:00,1621.289472927149,1553.3758544921875,495389.19179988594,474074.98208537174,-21314.209714514203,-0.04302518114509884,8
2025-07-30 00:00:00,ABCAPITAL,9,0.6151838729501371,0.18671063609228541,1815.7854982035005,2025-07-22 00:00:00,272.5,248.8000030517578,495389.19179988594,451767.4374943685,-43621.75430551742,-0.08805552286481567,8
2025-07-31 00:00:00,GODFRYPHLP,1,0.7079630863103226,0.25791680765958996,203.21341888133145,2025-04-21 00:00:00,2533.4132074994886,3003.5341796875,515434.98171170696,610358.4493812321,94923.46766952518,0.18416186529345377,101
2025-07-31 00:00:00,BEL,2,0.6499713344828529,0.16641139344372516,1074.6259639596387,2025-06-24 00:00:00,423.6096802813512,380.5930480957031,455762.5984591011,408995.1711861821,-46767.42727291898,-0.10261356993978031,37
2025-07-31 00:00:00,MFSL,7,0.5911078240647036,0.19822919104636227,321.3205665404985,2025-07-22 00:00:00,1539.9000244140625,1501.4000244140625,495389.191799886,482430.7064486448,-12958.485351241194,-0.026158191510314205,9
2025-07-31 00:00:00,DEEPAKFERT,11,0.5667496077372828,0.19313318906401084,305.19013200469186,2025-07-22 00:00:00,1621.289472927149,1587.4320068359375,495389.19179988594,484468.58371473267,-10920.608085153275,-0.02204450211252225,9
2025-07-31 00:00:00,ABCAPITAL,8,0.5816199823847983,0.1843094187863117,1815.7854982035005,2025-07-22 00:00:00,272.5,256.6499938964844,495389.19179988594,466021.33703125326,-29367.85476863268,-0.05928238898779996,9
2025-08-01 00:00:00,GODFRYPHLP,1,0.7049660895322167,0.24941944756051707,203.21341888133145,2025-04-21 00:00:00,2533.4132074994886,2893.5869140625,515434.98171170696,588015.6896369221,72580.70792521513,0.14081447806313419,102
2025-08-01 00:00:00,BEL,5,0.6857288038569095,0.16677652444042285,1074.6259639596387,2025-06-24 00:00:00,423.6096802813512,374.7316589355469,455762.5984591011,402696.37020980666,-53066.22824929445,-0.11643392509325547,38
2025-08-01 00:00:00,MFSL,8,0.6332426616164017,0.1961842353091874,321.3205665404985,2025-07-22 00:00:00,1539.9000244140625,1472.5,495389.191799886,473144.534230884,-22244.65756900201,-0.04490339704057938,10
2025-08-01 00:00:00,DEEPAKFERT,10,0.6253261128855798,0.19770068725325396,305.19013200469186,2025-07-22 00:00:00,1621.289472927149,1547.41845703125,495389.19179988594,472256.8431678638,-23132.348632022156,-0.04669530344006081,10
2025-08-01 00:00:00,ABCAPITAL,7,0.6428697541363981,0.18991910543661872,1815.7854982035005,2025-07-22 00:00:00,272.5,251.4499969482422,495389.19179988594,456579.2579819326,-38809.93381795334,-0.07834231037004685,10
2025-08-04 00:00:00,GOLDBEES,0,0.0,1.0,28427.86349162916,2025-08-04 00:00:00,83.98999786376953,83.2300033569336,2390491.8575276528,2366051.173838745,-24440.683688907884,-0.010224123379439355,0
2025-08-05 00:00:00,GOLDBEES,0,0.0,1.0,28427.86349162916,2025-08-04 00:00:00,83.98999786376953,83.61000061035156,2390491.8575276528,2376853.6838861047,-13638.173641548026,-0.005705174689719796,1
2025-08-06 00:00:00,GOLDBEES,0,0.0,1.0,28427.86349162916,2025-08-04 00:00:00,83.98999786376953,83.44000244140625,2390491.8575276528,2372020.999145501,-18470.858382151928,-0.0077268024670267095,2
2025-08-07 00:00:00,GOLDBEES,0,0.0,1.0,28427.86349162916,2025-08-04 00:00:00,83.98999786376953,83.94000244140625,2390491.8575276528,2386234.9308913155,-4256.926636337303,-0.0017807743719905388,3
2025-08-08 00:00:00,GOLDBEES,0,0.0,1.0,28427.86349162916,2025-08-04 00:00:00,83.98999786376953,84.36000061035156,2390491.8575276528,2398174.581504827,7682.723977174144,0.0032138674528345563,4
2025-08-11 00:00:00,GOLDBEES,0,0.0,1.0,28427.86349162916,2025-08-04 00:00:00,83.98999786376953,83.2300033569336,2390491.8575276528,2366051.173838745,-24440.683688907884,-0.010224123379439355,7
2025-08-12 00:00:00,GOLDBEES,0,0.0,1.0,28427.86349162916,2025-08-04 00:00:00,83.98999786376953,82.9800033569336,2390491.8575276528,2358944.207965838,-31547.649561814964,-0.013197137426957342,8
2025-08-13 00:00:00,GOLDBEES,0,0.0,1.0,28427.86349162916,2025-08-04 00:00:00,83.98999786376953,83.19000244140625,2390491.8575276528,2364914.0332725933,-25577.824255059473,-0.010699816514544892,9
2025-08-14 00:00:00,GOLDBEES,0,0.0,1.0,28427.86349162916,2025-08-04 00:00:00,83.98999786376953,83.13999938964844,2390491.8575276528,2363492.5533430576,-26999.304184595123,-0.011294455615723762,10
2025-08-18 00:00:00,GOLDBEES,0,0.0,1.0,28427.86349162916,2025-08-04 00:00:00,83.98999786376953,82.75,2390491.8575276528,2352405.703932313,-38086.15359533997,-0.01593235027151704,14
2025-08-19 00:00:00,GOLDBEES,0,0.0,1.0,28427.86349162916,2025-08-04 00:00:00,83.98999786376953,82.30999755859375,2390491.8575276528,2339897.3745920323,-50594.48293562047,-0.02116488402848919,15
2025-08-20 00:00:00,GOLDBEES,0,0.0,1.0,28427.86349162916,2025-08-04 00:00:00,83.98999786376953,82.08000183105469,2390491.8575276528,2333359.0874458943,-57132.7700817585,-0.023900006143860123,16
2025-08-21 00:00:00,GOLDBEES,0,0.0,1.0,28427.86349162916,2025-08-04 00:00:00,83.98999786376953,82.55000305175781,2390491.8575276528,2346720.217988942,-43771.63953871094,-0.018310725217855962,17
2025-08-22 00:00:00,GOLDBEES,0,0.0,1.0,28427.86349162916,2025-08-04 00:00:00,83.98999786376953,82.62000274658203,2390491.8575276528,2348710.15975786,-41781.69776979275,-0.01747828491371861,18
2025-08-25 00:00:00,GOLDBEES,0,0.0,1.0,28427.86349162916,2025-08-04 00:00:00,83.98999786376953,83.5,2390491.8575276528,2373726.601551035,-16765.255976617802,-0.007013308128962688,21
2025-08-26 00:00:00,GOLDBEES,0,0.0,1.0,28427.86349162916,2025-08-04 00:00:00,83.98999786376953,83.83000183105469,2390491.8575276528,2383107.848556245,-7384.008971407544,-0.0030889078112336247,22
2025-08-28 00:00:00,GOLDBEES,0,0.0,1.0,28427.86349162916,2025-08-04 00:00:00,83.98999786376953,84.41999816894531,2390491.8575276528,2399880.183910361,9388.32638270827,0.003927361790898577,24
2025-08-29 00:00:00,GOLDBEES,0,0.0,1.0,28427.86349162916,2025-08-04 00:00:00,83.98999786376953,85.33999633789062,2390491.8575276528,2426033.766269687,35541.90874203434,0.014868031710759844,25
2025-09-01 00:00:00,GOLDBEES,0,0.0,1.0,28427.86349162916,2025-08-04 00:00:00,83.98999786376953,86.61000061035156,2390491.8575276528,2462137.2743609925,71645.41683333972,0.029970993880497225,28
2025-09-02 00:00:00,GOLDBEES,0,0.0,1.0,28427.86349162916,2025-08-04 00:00:00,83.98999786376953,86.61000061035156,2390491.8575276528,2462137.2743609925,71645.41683333972,0.029970993880497225,29
2025-09-03 00:00:00,GOLDBEES,0,0.0,1.0,28427.86349162916,2025-08-04 00:00:00,83.98999786376953,87.87999725341797,2390491.8575276528,2498240.5655649113,107748.70803725859,0.045073865321046035,30
2025-09-04 00:00:00,GOLDBEES,0,0.0,1.0,28427.86349162916,2025-08-04 00:00:00,83.98999786376953,88.16000366210938,2390491.8575276528,2506200.549527972,115708.69200031925,0.04840371726678461,31
2025-09-05 00:00:00,GOLDBEES,0,0.0,1.0,28427.86349162916,2025-08-04 00:00:00,83.98999786376953,88.6500015258789,2390491.8575276528,2520130.141910402,129638.28438274935,0.05423079939574725,32
2025-09-08 00:00:00,GOLDBEES,0,0.0,1.0,28427.86349162916,2025-08-04 00:00:00,83.98999786376953,89.9800033569336,2390491.8575276528,2557939.2524072416,167447.39487958886,0.07004725590354866,35
2025-09-09 00:00:00,GOLDBEES,0,0.0,1.0,28427.86349162916,2025-08-04 00:00:00,83.98999786376953,91.16999816894531,2390491.8575276528,2591768.2624788578,201276.404951205,0.08419874107388658,36
2025-09-10 00:00:00,GOLDBEES,0,0.0,1.0,28427.86349162916,2025-08-04 00:00:00,83.98999786376953,90.9000015258789,2390491.8575276528,2584092.8347665677,193600.97723891493,0.08098792582340991,37
2025-09-11 00:00:00,GOLDBEES,0,0.0,1.0,28427.86349162916,2025-08-04 00:00:00,83.98999786376953,90.62000274658203,2390491.8575276528,2576133.0676908935,185641.2101632408,0.07765816460685993,38
2025-09-12 00:00:00,GOLDBEES,0,0.0,1.0,28427.86349162916,2025-08-04 00:00:00,83.98999786376953,91.26000213623047,2390491.8575276528,2594326.8829745455,203835.02544689272,0.08526907331017118,39
2025-09-15 00:00:00,GOLDBEES,0,0.0,1.0,28427.86349162916,2025-08-04 00:00:00,83.98999786376953,90.91999816894531,2390491.8575276528,2584661.2966059507,194169.43907829793,0.0812257270263686,42
2025-09-16 00:00:00,GOLDBEES,0,0.0,1.0,28427.86349162916,2025-08-04 00:00:00,83.98999786376953,92.2699966430664,2390491.8575276528,2623038.8689421727,232547.01141451998,0.09727998473712848,43
2025-09-17 00:00:00,GOLDBEES,0,0.0,1.0,28427.86349162916,2025-08-04 00:00:00,83.98999786376953,91.25,2390491.8575276528,2594042.543611161,203550.6860835082,0.08515012734409766,44
2025-09-18 00:00:00,GOLDBEES,0,0.0,1.0,28427.86349162916,2025-08-04 00:00:00,83.98999786376953,91.5999984741211,2390491.8575276528,2603992.2524557537,213500.39492810098,0.08931232886478521,45
2025-09-19 00:00:00,GOLDBEES,0,0.0,1.0,28427.86349162916,2025-08-04 00:00:00,83.98999786376953,91.29000091552734,2390491.8575276528,2595179.6841773125,204687.82664965978,0.0856258204792032,46
2025-09-22 00:00:00,DELHIVERY,1,0.7984834966975304,0.2,1091.8636553637193,2025-09-22 00:00:00,478.0,467.8999938964844,522530.66672652616,510882.9976804774,-11647.669046048773,-0.02229088125873528,0
2025-09-22 00:00:00,GODFRYPHLP,2,0.753036295807315,0.2,149.1487907851504,2025-09-22 00:00:00,3499.2628804860583,3433.633056640625,522530.66672652616,512122.21839786903,-10408.448328657134,-0.019919306160272775,0
2025-09-22 00:00:00,FORTIS,3,0.7418998429855351,0.2,549.3798181724819,2025-09-22 00:00:00,950.0,966.25,522530.66672652616,530838.2493091606,8307.582582634466,0.015898746449999952,0
2025-09-22 00:00:00,EICHERMOT,4,0.7349258395650622,0.2,74.55868960912255,2025-09-22 00:00:00,7000.0,6946.0,522530.66672652616,517884.65802496526,-4646.008701560902,-0.008891360827999894,0
2025-09-22 00:00:00,ABCAPITAL,5,0.7212081403773128,0.2,1818.504624612745,2025-09-22 00:00:00,287.0,288.1499938964844,522530.66672652616,524002.09648289107,1471.4297563649016,0.0028159682293536947,0
2025-09-23 00:00:00,DELHIVERY,2,0.7587687486994882,0.19600385609607987,1091.8636553637193,2025-09-22 00:00:00,478.0,459.04998779296875,522530.66672652616,501219.9976663016,-21310.66906022455,-0.040783575811403606,1
2025-09-23 00:00:00,GODFRYPHLP,4,0.7415749840770464,0.19746770292885646,149.1487907851504,2025-09-22 00:00:00,3499.2628804860583,3329.221923828125,522530.66672652616,496549.4241943769,-25981.24253214925,-0.04972194779478254,1
2025-09-23 00:00:00,FORTIS,3,0.7562033338944909,0.20426127782727968,549.3798181724819,2025-09-22 00:00:00,950.0,967.7000122070312,522530.66672652616,531634.8567518074,9104.19002528122,0.0174232645182642,1
2025-09-23 00:00:00,EICHERMOT,5,0.7264278356641076,0.2006852750641971,74.55868960912255,2025-09-22 00:00:00,7000.0,6990.5,522530.66672652616,521202.51971257123,-1328.1470139549347,-0.0025417589789998667,1
2025-09-23 00:00:00,ABCAPITAL,7,0.7116952845000628,0.2015818880835868,1818.504624612745,2025-09-22 00:00:00,287.0,291.45001220703125,522530.66672652616,530003.1950419273,7472.528315401112,0.014300650260804628,1
2025-09-24 00:00:00,DELHIVERY,3,0.7651456565427972,0.19414561653333484,1091.8636553637193,2025-09-22 00:00:00,478.0,456.0,522530.66672652616,497889.82684585603,-24640.83988067013,-0.047156734426778174,2
2025-09-24 00:00:00,GODFRYPHLP,5,0.7297254282148358,0.19317314526157467,149.1487907851504,2025-09-22 00:00:00,3499.2628804860583,3388.885498046875,522530.66672652616,505448.17414302356,-17082.492583502608,-0.03269184695037808,2
2025-09-24 00:00:00,FORTIS,2,0.7691277050223247,0.20636065898831854,549.3798181724819,2025-09-22 00:00:00,950.0,960.4000244140625,522530.66672652616,527624.3907854449,5093.724058918713,0.009748182036528366,2
2025-09-24 00:00:00,EICHERMOT,4,0.7430306743252371,0.20086926890319526,74.55868960912255,2025-09-22 00:00:00,7000.0,7011.5,522530.66672652616,522768.25219436275,237.58546783658676,0.0004546823430000339,2
2025-09-24 00:00:00,ABCAPITAL,6,0.7228142565767247,0.20545131031357672,1818.504624612745,2025-09-22 00:00:00,287.0,291.95001220703125,522530.66672652616,530912.4473542337,8381.780627707543,0.016040743943731568,2
2025-09-25 00:00:00,DELHIVERY,4,0.7747440272044476,0.19215071905311118,1091.8636553637193,2025-09-22 00:00:00,478.0,455.3999938964844,522530.66672652616,497234.70198843087,-25295.964738095296,-0.048410488319404796,3
2025-09-25 00:00:00,GODFRYPHLP,3,0.7756624800973437,0.1955537931812332,149.1487907851504,2025-09-22 00:00:00,3499.2628804860583,3326.23876953125,522530.66672652616,496104.4903382725,-26426.17638825369,-0.050573445868363175,3
2025-09-25 00:00:00,FORTIS,1,0.7842552123515586,0.2040737152549647,549.3798181724819,2025-09-22 00:00:00,950.0,944.5999755859375,522530.66672652616,518944.1628331332,-3586.5038933929754,-0.006863719436528351,3
2025-09-25 00:00:00,EICHERMOT,2,0.777789859066365,0.2021377903820817,74.55868960912255,2025-09-22 00:00:00,7000.0,6986.0,522530.66672652616,520867.00560933014,-1663.6611171960249,-0.0031838535479999405,3
2025-09-25 00:00:00,ABCAPITAL,5,0.7310509585567554,0.2060839821286092,1818.504624612745,2025-09-22 00:00:00,287.0,286.5,522530.66672652616,521001.57495155145,-1529.0917749747168,-0.002926319682926837,3
2025-09-26 00:00:00,DELHIVERY,1,0.7793886201875606,0.19459294824960618,1091.8636553637193,2025-09-22 00:00:00,478.0,445.70001220703125,522530.66672652616,486643.64452402346,-35887.0222025027,-0.06867926513734109,4
2025-09-26 00:00:00,GODFRYPHLP,4,0.7497879072598611,0.1951283843741883,149.1487907851504,2025-09-22 00:00:00,3499.2628804860583,3264.58642578125,522530.66672652616,486909.11781888956,-35621.54890763661,-0.0681712120951547,4
2025-09-26 00:00:00,FORTIS,5,0.7493068405150056,0.20199584694343753,549.3798181724819,2025-09-22 00:00:00,950.0,932.75,522530.66672652616,512434.0254003825,-10096.64132614364,-0.019322581369999973,4
2025-09-26 00:00:00,EICHERMOT,2,0.7675879921026717,0.20377825362573168,74.55868960912255,2025-09-22 00:00:00,7000.0,7047.0,522530.66672652616,525415.0856754866,2884.4189489604323,0.005520095054000025,4
2025-09-26 00:00:00,ABCAPITAL,8,0.708498849058384,0.20450456680703627,1818.504624612745,2025-09-22 00:00:00,287.0,278.8999938964844,522530.66672652616,507180.9287052232,-15349.738021302968,-0.029375764904792604,4
2025-09-29 00:00:00,DELHIVERY,2,0.7788629491700186,0.19235922659598625,1091.8636553637193,2025-09-22 00:00:00,478.0,439.8999938964844,522530.66672652616,480310.81533029326,-42219.8513962329,-0.08079880107463484,7
2025-09-29 00:00:00,GODFRYPHLP,5,0.7342237181901019,0.19310132032752356,149.1487907851504,2025-09-22 00:00:00,3499.2628804860583,3492.302001953125,522530.66672652616,520872.62064786855,-1658.046078657615,-0.003173107693457879,7
2025-09-29 00:00:00,FORTIS,4,0.754265342258072,0.20424356704394714,549.3798181724819,2025-09-22 00:00:00,950.0,970.75,522530.66672652616,533310.4584909368,10779.79176441062,0.020629969589999925,7
2025-09-29 00:00:00,EICHERMOT,1,0.7831901406352697,0.20830448658058853,74.55868960912255,2025-09-22 00:00:00,7000.0,6985.0,522530.66672652616,520792.446919721,-1738.2198068051366,-0.00332654122999992,7
2025-09-29 00:00:00,ABCAPITAL,8,0.7098435347617587,0.20199139945195455,1818.504624612745,2025-09-22 00:00:00,287.0,289.8500061035156,522530.66672652616,527093.5765432755,4562.909816749336,0.00873232923406082,7
2025-09-30 00:00:00,DELHIVERY,4,0.7791916327986876,0.1860474719226995,1091.8636553637193,2025-09-22 00:00:00,478.0,450.04998779296875,522530.66672652616,491393.2247680281,-31137.441958498035,-0.05958969289508563,8
2025-09-30 00:00:00,GODFRYPHLP,1,0.8004087480196036,0.2009090621666164,149.1487907851504,2025-09-22 00:00:00,3499.2628804860583,3365.02001953125,522530.66672652616,501888.6668809091,-20641.999845617043,-0.03950390122541904,8
2025-09-30 00:00:00,FORTIS,2,0.7999245485040096,0.2067957708488922,549.3798181724819,2025-09-22 00:00:00,950.0,969.7999877929688,522530.66672652616,532788.5409573764,10257.874230850197,0.019631142981735846,8
2025-09-30 00:00:00,EICHERMOT,3,0.7815900287134422,0.2016676673161939,74.55868960912255,2025-09-22 00:00:00,7000.0,7005.5,522530.66672652616,522320.900056708,-209.76666981814196,-0.00040144374899995356,8
2025-09-30 00:00:00,ABCAPITAL,6,0.7532056392626512,0.20458002774559808,1818.504624612745,2025-09-22 00:00:00,287.0,292.3500061035156,522530.66672652616,531639.8381048074,9109.171378281259,0.01743279764869508,8
2025-10-01 00:00:00,DELHIVERY,2,0.7796451589371528,0.19067507335334793,1091.8636553637193,2025-09-22 00:00:00,478.0,434.45001220703125,522530.66672652616,474360.1784011816,-48170.48832534457,-0.09218691149194365,9
2025-10-01 00:00:00,GODFRYPHLP,6,0.7336995283280647,0.19464609851649864,149.1487907851504,2025-09-22 00:00:00,3499.2628804860583,3357.56201171875,522530.66672652616,500776.31403400854,-21754.352692517627,-0.04163268125256862,9
2025-10-01 00:00:00,FORTIS,3,0.7686039553420909,0.20658036496152538,549.3798181724819,2025-09-22 00:00:00,950.0,989.6500244140625,522530.66672652616,543693.7504669899,21163.08374046377,0.040501132446528296,9
2025-10-01 00:00:00,EICHERMOT,5,0.7559727913058175,0.20211261247523082,74.55868960912255,2025-09-22 00:00:00,7000.0,7021.5,522530.66672652616,523513.839090454,983.1723639278207,0.0018815591630000502,9
2025-10-01 00:00:00,ABCAPITAL,7,0.7310075375469434,0.20598585069339723,1818.504624612745,2025-09-22 00:00:00,287.0,299.8500061035156,522530.66672652616,545278.622789403,22747.956062876794,0.04353420289259742,9
2025-10-03 00:00:00,DELHIVERY,6,0.738331401704798,0.18321969849895103,1091.8636553637193,2025-09-22 00:00:00,478.0,437.29998779296875,522530.66672652616,477471.9631621407,-45058.703564385476,-0.08623169209696852,11
2025-10-03 00:00:00,GODFRYPHLP,7,0.7309389795297297,0.19362007119277763,149.1487907851504,2025-09-22 00:00:00,3499.2628804860583,3406.187744140625,522530.66672652616,508028.7832257735,-14501.88350075268,-0.027753172060889675,11
2025-10-03 00:00:00,FORTIS,5,0.7487998595192079,0.21105240019510033,549.3798181724819,2025-09-22 00:00:00,950.0,980.4000244140625,522530.66672652616,538611.9871488945,16081.320422368299,0.030775840436528267,11
2025-10-03 00:00:00,EICHERMOT,4,0.7539579443475193,0.20128479580315722,74.55868960912255,2025-09-22 00:00:00,7000.0,6941.0,522530.66672652616,517511.86457691964,-5018.802149606519,-0.009604799237999902,11
2025-10-03 00:00:00,ABCAPITAL,2,0.763685051872269,0.21082303431001378,1818.504624612745,2025-09-22 00:00:00,287.0,303.95001220703125,522530.66672652616,552734.5028495867,30203.836123060493,0.05780299233397549,11
2025-10-06 00:00:00,DELHIVERY,6,0.730609771707149,0.18467902099529995,1091.8636553637193,2025-09-22 00:00:00,478.0,462.6000061035156,522530.66672652616,505096.1336354634,-17434.533091062738,-0.03336556914503039,14
2025-10-06 00:00:00,GODFRYPHLP,8,0.7084350078928534,0.19466161486715694,149.1487907851504,2025-09-22 00:00:00,3499.2628804860583,3437.411865234375,522530.66672652616,512685.82313023537,-9844.843596290797,-0.018840700121899707,14
2025-10-06 00:00:00,FORTIS,5,0.7450922307944535,0.2094448325660314,549.3798181724819,2025-09-22 00:00:00,950.0,1053.9000244140625,522530.66672652616,578991.4037845719,56460.73705804575,0.10805248505652833,14
2025-10-06 00:00:00,EICHERMOT,4,0.7489923325367688,0.1984864549725184,74.55868960912255,2025-09-22 00:00:00,7000.0,6880.0,522530.66672652616,512963.7845107632,-9566.882215762977,-0.01830874783999987,14
2025-10-06 00:00:00,ABCAPITAL,2,0.7886095655607432,0.2127280765989933,1818.504624612745,2025-09-22 00:00:00,287.0,304.04998779296875,522530.66672652616,552916.3089149623,30385.642188436177,0.05815092610504894,14
2025-10-07 00:00:00,DELHIVERY,3,0.7701270711003083,0.19020734159048802,1091.8636553637193,2025-09-22 00:00:00,478.0,468.95001220703125,522530.66672652616,512029.47451122996,-10501.192215296207,-0.020096796004495855,15
2025-10-07 00:00:00,GODFRYPHLP,8,0.7189139889259202,0.19302465126164237,149.1487907851504,2025-09-22 00:00:00,3499.2628804860583,3406.9833984375,522530.66672652616,508147.4541020354,-14383.212624490785,-0.02752606409609724,15
2025-10-07 00:00:00,FORTIS,2,0.8071370477031141,0.21690922804790888,549.3798181724819,2025-09-22 00:00:00,950.0,1041.800048828125,522530.66672652616,572343.9213972781,49813.25467075192,0.09533077739305662,15
2025-10-07 00:00:00,EICHERMOT,6,0.7308135404172255,0.1921731096307658,74.55868960912255,2025-09-22 00:00:00,7000.0,6957.0,522530.66672652616,518704.8036106656,-3825.8631158605567,-0.007321796325999898,15
2025-10-07 00:00:00,ABCAPITAL,5,0.7553077609788358,0.20768566946919498,1818.504624612745,2025-09-22 00:00:00,287.0,303.5,522530.66672652616,551916.1535699681,29385.486843441904,0.05623686553658527,15
2025-10-08 00:00:00,DELHIVERY,4,0.7734025847646692,0.19307640568290002,1091.8636553637193,2025-09-22 00:00:00,478.0,467.29998779296875,522530.66672652616,510227.8728230523,-12302.793903473881,-0.023544635151361792,16
2025-10-08 00:00:00,GODFRYPHLP,7,0.7223882771610143,0.1910920202301046,149.1487907851504,2025-09-22 00:00:00,3499.2628804860583,3373.372802734375,522530.66672652616,503134.4743953457,-19396.192331180442,-0.03711972055667254,16
2025-10-08 00:00:00,FORTIS,2,0.7978070297283868,0.21524607164424145,549.3798181724819,2025-09-22 00:00:00,950.0,1055.3499755859375,522530.66672652616,579787.9776957355,57257.31096920936,0.10957693895347158,16
2025-10-08 00:00:00,EICHERMOT,8,0.7196527622669574,0.19507356878644136,74.55868960912255,2025-09-22 00:00:00,7000.0,6902.5,522530.66672652616,514641.3550269684,-7889.311699557758,-0.015098274994999942,16
2025-10-08 00:00:00,ABCAPITAL,5,0.7423690639493323,0.20551193365631254,1818.504624612745,2025-09-22 00:00:00,287.0,295.25,522530.66672652616,536913.490416913,14382.82369038678,0.027525319768292634,16
2025-10-09 00:00:00,DELHIVERY,3,0.7474051999235858,0.1923840886216334,1091.8636553637193,2025-09-22 00:00:00,478.0,468.0,522530.66672652616,510992.19071022066,-11538.476016305503,-0.02208191164853551,17
2025-10-09 00:00:00,GODFRYPHLP,5,0.7254976440025566,0.18957528375426316,149.1487907851504,2025-09-22 00:00:00,3499.2628804860583,3292.230712890625,522530.66672652616,491032.2298133704,-31498.436913155776,-0.060280551781740556,17
2025-10-09 00:00:00,FORTIS,2,0.7864307984711497,0.21978247303302798,549.3798181724819,2025-09-22 00:00:00,950.0,1068.8499755859375,522530.66672652616,587204.6052410641,64673.938514537935,0.12377060837347172,17
2025-10-09 00:00:00,EICHERMOT,8,0.688877313006023,0.19468075191410167,74.55868960912255,2025-09-22 00:00:00,7000.0,6896.5,522530.66672652616,514194.0028893137,-8336.663837212487,-0.01595440108699993,17
2025-10-09 00:00:00,ABCAPITAL,7,0.7003778999553333,0.20357740267697372,1818.504624612745,2025-09-22 00:00:00,287.0,297.95001220703125,522530.66672652616,541823.4751019102,19292.80837538402,0.03692186813885353,17
2025-10-10 00:00:00,DELHIVERY,5,0.7266730572545181,0.19366523060267857,1091.8636553637193,2025-09-22 00:00:00,478.0,464.8500061035156,522530.66672652616,507552.8268600318,-14977.839866494352,-0.028664039874109853,18
2025-10-10 00:00:00,GODFRYPHLP,7,0.7204132216870944,0.18620327504018336,149.1487907851504,2025-09-22 00:00:00,3499.2628804860583,3321.962890625,522530.66672652616,495466.74816986156,-27063.918556664605,-0.05179393340913499,18
2025-10-10 00:00:00,FORTIS,2,0.8180772648895248,0.22069893542986105,549.3798181724819,2025-09-22 00:00:00,950.0,1060.300048828125,522530.66672652616,582507.448033469,59976.78130694287,0.11478136141305667,18
2025-10-10 00:00:00,EICHERMOT,10,0.7008584779459847,0.19447646405619812,74.55868960912255,2025-09-22 00:00:00,7000.0,6965.0,522530.66672652616,519301.27312753856,-3229.3935989876045,-0.0061802948699999525,18
2025-10-10 00:00:00,ABCAPITAL,4,0.7428540189217929,0.20495609487107885,1818.504624612745,2025-09-22 00:00:00,287.0,293.3500061035156,522530.66672652616,533458.3427294202,10927.676002894004,0.020912985014548743,18
2025-10-13 00:00:00,DELHIVERY,3,0.7306329729657064,0.1927439083327902,1091.8636553637193,2025-09-22 00:00:00,478.0,473.79998779296875,522530.66672652616,517324.98658291646,-5205.680143609701,-0.009962439479813666,21
2025-10-13 00:00:00,GODFRYPHLP,6,0.6850994073822887,0.18586190170056163,149.1487907851504,2025-09-22 00:00:00,3499.2628804860583,3277.314697265625,522530.66672652616,488807.5241195692,-33723.14260695694,-0.06453811183603972,21
2025-10-13 00:00:00,FORTIS,2,0.7727248683754877,0.22156268941475976,549.3798181724819,2025-09-22 00:00:00,950.0,1095.1500244140625,522530.66672652616,601653.3212841868,79122.65455766063,0.15142203050652833,21
2025-10-13 00:00:00,EICHERMOT,7,0.6838105286765345,0.19818222253573856,74.55868960912255,2025-09-22 00:00:00,7000.0,6912.0,522530.66672652616,515349.66257825505,-7181.004148271109,-0.013742742015999971,21
2025-10-13 00:00:00,ABCAPITAL,5,0.6916702268331663,0.20164927801614976,1818.504624612745,2025-09-22 00:00:00,287.0,299.04998779296875,522530.66672652616,543823.7857918986,21293.119065372448,0.040749989275780635,21
2025-10-14 00:00:00,DELHIVERY,3,0.7585128659260814,0.19439913417507457,1091.8636553637193,2025-09-22 00:00:00,478.0,469.3500061035156,522530.66672652616,512466.2133091685,-10064.45341735764,-0.019260981332268893,22
2025-10-14 00:00:00,GODFRYPHLP,10,0.6671822701915678,0.18279555186288038,149.1487907851504,2025-09-22 00:00:00,3499.2628804860583,3244.9970703125,522530.66672652616,483987.38913846505,-38543.277588061115,-0.07376270914302775,22
2025-10-14 00:00:00,FORTIS,2,0.8059694773539959,0.2249956117147389,549.3798181724819,2025-09-22 00:00:00,950.0,1081.4000244140625,522530.66672652616,594099.3487843152,71568.682057789,0.13696551535652832,22
2025-10-14 00:00:00,EICHERMOT,9,0.6748054760947375,0.19348806256845463,74.55868960912255,2025-09-22 00:00:00,7000.0,6887.0,522530.66672652616,513485.695338027,-9044.971388499136,-0.0173099340659999,22
2025-10-14 00:00:00,ABCAPITAL,5,0.7130107454984747,0.20432163967885159,1818.504624612745,2025-09-22 00:00:00,287.0,298.0,522530.66672652616,541914.378134598,19383.71140807186,0.037095835024390254,22
2025-10-15 00:00:00,DELHIVERY,3,0.7547072815859864,0.1928439112175225,1091.8636553637193,2025-09-22 00:00:00,478.0,460.75,522530.66672652616,503076.17920883367,-19454.487517692498,-0.03723128374372385,23
2025-10-15 00:00:00,GODFRYPHLP,12,0.6483035518509377,0.18356488644873162,149.1487907851504,2025-09-22 00:00:00,3499.2628804860583,3312.01904296875,522530.66672652616,493983.6353161801,-28547.03141034604,-0.05463226032107037,23
2025-10-15 00:00:00,FORTIS,2,0.7988882044176565,0.22510969909337647,549.3798181724819,2025-09-22 00:00:00,950.0,1087.5999755859375,522530.66672652616,597505.4768317981,74974.81010527193,0.14348403812347163,23
2025-10-15 00:00:00,EICHERMOT,7,0.6801865455146365,0.19396783331669107,74.55868960912255,2025-09-22 00:00:00,7000.0,6895.0,522530.66672652616,514082.1648549,-8448.501871626184,-0.016168432609999953,23
2025-10-15 00:00:00,ABCAPITAL,6,0.7157587038156791,0.2045136699236783,1818.504624612745,2025-09-22 00:00:00,287.0,303.5,522530.66672652616,551916.1535699681,29385.486843441904,0.05623686553658527,23
2025-10-16 00:00:00,DELHIVERY,5,0.7405394810425299,0.18851352644911054,1091.8636553637193,2025-09-22 00:00:00,478.0,446.79998779296875,522530.66672652616,487844.667888096,-34685.998838430154,-0.06638079073085976,24
2025-10-16 00:00:00,GODFRYPHLP,15,0.6401827245788831,0.18754830155711263,149.1487907851504,2025-09-22 00:00:00,3499.2628804860583,3297.69970703125,522530.66672652616,491847.9236762557,-30682.74305027048,-0.05871950682337412,24
2025-10-16 00:00:00,FORTIS,2,0.815536813364977,0.22510406813122272,549.3798181724819,2025-09-22 00:00:00,950.0,1095.25,522530.66672652616,601708.2458534108,79177.57912688464,0.15152714312999996,24
2025-10-16 00:00:00,EICHERMOT,9,0.6634047710931326,0.1923105315782247,74.55868960912255,2025-09-22 00:00:00,7000.0,6988.0,522530.66672652616,521016.1229885484,-1514.5437379777431,-0.0028984781839998704,24
2025-10-16 00:00:00,ABCAPITAL,4,0.7487964339466602,0.20652357228432938,1818.504624612745,2025-09-22 00:00:00,287.0,300.0,522530.66672652616,545551.3873838235,23020.720657297352,0.04405620975609757,24
2025-10-17 00:00:00,DELHIVERY,6,0.6801684438038529,0.18499843464797106,1091.8636553637193,2025-09-22 00:00:00,478.0,465.3500061035156,522530.66672652616,508098.75868771365,-14431.908038812515,-0.027619255591683118,25
2025-10-17 00:00:00,GODFRYPHLP,17,0.6289543929365317,0.18560048220795797,149.1487907851504,2025-09-22 00:00:00,3499.2628804860583,3392.564697265625,522530.66672652616,505996.9222575578,-16533.74446896836,-0.031641672961601565,25
2025-10-17 00:00:00,FORTIS,2,0.8158281111921526,0.2269569064752224,549.3798181724819,2025-09-22 00:00:00,950.0,1084.9000244140625,522530.66672652616,596022.1781479189,73491.51142139273,0.1406453555765284,25
2025-10-17 00:00:00,EICHERMOT,9,0.6445694883309426,0.19662196183283945,74.55868960912255,2025-09-22 00:00:00,7000.0,7042.5,522530.66672652616,525079.5715722456,2548.9048457194003,0.004878000485000062,25
2025-10-17 00:00:00,ABCAPITAL,5,0.6899828121268566,0.20582221483600904,1818.504624612745,2025-09-22 00:00:00,287.0,299.29998779296875,522530.66672652616,544278.4119480518,21747.745221525605,0.041620036117244,25
2025-10-20 00:00:00,DELHIVERY,5,0.6906633430151469,0.18853147425765795,1091.8636553637193,2025-09-22 00:00:00,478.0,474.8999938964844,522530.66672652616,518526.0432680234,-4004.623458502756,-0.00766390130476042,28
2025-10-20 00:00:00,GODFRYPHLP,12,0.6469001822552927,0.18882588937194936,149.1487907851504,2025-09-22 00:00:00,3499.2628804860583,3384.808349609375,522530.66672652616,504840.07238371886,-17690.594342807308,-0.033855609764748856,28
2025-10-20 00:00:00,FORTIS,2,0.8002989470391388,0.22263633101600727,549.3798181724819,2025-09-22 00:00:00,950.0,1093.0,522530.66672652616,600472.1412625228,77941.47453599662,0.1491615315600001,28
2025-10-20 00:00:00,EICHERMOT,9,0.6557794056452079,0.19593840484495248,74.55868960912255,2025-09-22 00:00:00,7000.0,7013.5,522530.66672652616,522917.36957358103,386.70284705486847,0.000740057707000104,28
2025-10-20 00:00:00,ABCAPITAL,6,0.6868577838530959,0.2040679005094329,1818.504624612745,2025-09-22 00:00:00,287.0,305.3500061035156,522530.66672652616,555280.398224773,32749.731498246838,0.06267523340479243,28
2025-10-21 00:00:00,DELHIVERY,6,0.6897274395045871,0.19309966393526387,1091.8636553637193,2025-09-22 00:00:00,478.0,476.54998779296875,522530.66672652616,520327.6116351667,-2203.055091359478,-0.004216125926466394,29
2025-10-21 00:00:00,GODFRYPHLP,12,0.6409770837128147,0.18683846637847848,149.1487907851504,2025-09-22 00:00:00,3499.2628804860583,3380.134765625,522530.66672652616,504143.0129838165,-18387.653742709663,-0.03518961644471884,29
2025-10-21 00:00:00,FORTIS,1,0.8186777348278058,0.2216324335939586,549.3798181724819,2025-09-22 00:00:00,950.0,1097.9000244140625,522530.66672652616,603164.1157841611,80633.44905763498,0.15431333353652837,29
2025-10-21 00:00:00,EICHERMOT,13,0.6321493680693101,0.19329136926223411,74.55868960912255,2025-09-22 00:00:00,7000.0,7018.5,522530.66672652616,523290.16302162665,759.4962951004854,0.0014534961170001122,29
2025-10-21 00:00:00,ABCAPITAL,5,0.6999140746367307,0.20513806683006502,1818.504624612745,2025-09-22 00:00:00,287.0,304.8500061035156,522530.66672652616,554371.1459124667,31840.479185940523,0.06093513972186572,29
2025-10-23 00:00:00,DELHIVERY,4,0.6886845413039011,0.19173830185586724,1091.8636553637193,2025-09-22 00:00:00,478.0,473.70001220703125,522530.66672652616,517215.8268742076,-5314.839852318575,-0.01017134532144153,31
2025-10-23 00:00:00,GODFRYPHLP,9,0.6546178483833069,0.1865285560033165,149.1487907851504,2025-09-22 00:00:00,3499.2628804860583,3146.651611328125,522530.66672652616,469319.2828517349,-53211.38387479127,-0.10183399226717578,31
2025-10-23 00:00:00,FORTIS,1,0.8188097556760187,0.22231377886267312,549.3798181724819,2025-09-22 00:00:00,950.0,1049.449951171875,522530.66672652616,576546.6233559247,54015.95662939857,0.10337375405694339,31
2025-10-23 00:00:00,EICHERMOT,12,0.641658448304993,0.19506916243444697,74.55868960912255,2025-09-22 00:00:00,7000.0,6884.5,522530.66672652616,513299.2986140042,-9231.368112521945,-0.017666653270999904,31
2025-10-23 00:00:00,ABCAPITAL,5,0.6879118588008591,0.20435020084369612,1818.504624612745,2025-09-22 00:00:00,287.0,308.0,522530.66672652616,560099.4243807255,37568.75765419932,0.07189770868292686,31
2025-10-24 00:00:00,DELHIVERY,6,0.6800359344512835,0.2381261175475596,1091.8636553637193,2025-09-22 00:00:00,478.0,466.8999938964844,522530.66672652616,509791.13402511366,-12739.532701412507,-0.024380449823588866,32
2025-10-24 00:00:00,FORTIS,2,0.7796124464093372,0.26664344908659404,549.3798181724819,2025-09-22 00:00:00,950.0,1037.300048828125,522530.66672652616,569871.7122155019,47341.04548897577,0.09059955425305664,32
2025-10-24 00:00:00,EICHERMOT,10,0.653911008880471,0.23664905303801623,74.55868960912255,2025-09-22 00:00:00,7000.0,6840.0,522530.66672652616,509981.43692639825,-12549.229800127912,-0.024016255119999934,32
2025-10-24 00:00:00,ABCAPITAL,4,0.7157021947012708,0.2585813803278301,1818.504624612745,2025-09-22 00:00:00,287.0,306.1499938964844,522530.66672652616,556735.1797259204,34204.51299939427,0.06545934081471946,32
2025-10-27 00:00:00,DELHIVERY,9,0.6656844733708027,0.23772364442622942,1091.8636553637193,2025-09-22 00:00:00,478.0,473.0,522530.66672652616,516451.5089870392,-6079.157739486953,-0.011634068824267813,35
2025-10-27 00:00:00,FORTIS,2,0.7718191059666328,0.26637206657285334,549.3798181724819,2025-09-22 00:00:00,950.0,1052.550048828125,522530.66672652616,578249.7544426323,55719.08771610615,0.1066331437830567,35
2025-10-27 00:00:00,EICHERMOT,11,0.6616805433941421,0.23759004587303334,74.55868960912255,2025-09-22 00:00:00,7000.0,6906.5,522530.66672652616,514939.5897854049,-7591.076941121253,-0.014527524266999913,35
2025-10-27 00:00:00,ABCAPITAL,3,0.7274135347603843,0.258314243127884,1818.504624612745,2025-09-22 00:00:00,287.0,310.75,522530.66672652616,565100.3120984104,42569.64537188428,0.08146822393902425,35
2025-10-28 00:00:00,DELHIVERY,8,0.6287631986988301,0.23523819978370464,1091.8636553637193,2025-09-22 00:00:00,478.0,475.79998779296875,522530.66672652616,519508.7138936439,-3021.9528328822926,-0.00578330235010661,36
2025-10-28 00:00:00,FORTIS,2,0.7297844128050434,0.2663269813050195,549.3798181724819,2025-09-22 00:00:00,950.0,1057.0,522530.66672652616,580694.4678083134,58163.80108178727,0.11131174644000008,36
2025-10-28 00:00:00,EICHERMOT,11,0.6241058154523914,0.23549434328908028,74.55868960912255,2025-09-22 00:00:00,7000.0,7002.5,522530.66672652616,522097.2239878807,-433.4427386454772,-0.0008295067949998916,36
2025-10-28 00:00:00,ABCAPITAL,3,0.7013391070626026,0.2629404756221956,1818.504624612745,2025-09-22 00:00:00,287.0,312.6000061035156,522530.66672652616,568464.5567532155,45933.89002668933,0.08790659180723165,36
2025-10-29 00:00:00,DELHIVERY,7,0.6206209150768104,0.23723484966982153,1091.8636553637193,2025-09-22 00:00:00,478.0,484.70001220703125,522530.66672652616,529226.3270832085,6695.660356682318,0.012813908891947555,37
2025-10-29 00:00:00,FORTIS,2,0.6921635348193071,0.26550932779178493,549.3798181724819,2025-09-22 00:00:00,950.0,1055.449951171875,522530.66672652616,579842.9022649596,57312.23553843348,0.10968205157694343,37
2025-10-29 00:00:00,EICHERMOT,9,0.6071165801533323,0.237986910431653,74.55868960912255,2025-09-22 00:00:00,7000.0,6952.0,522530.66672652616,518332.01016262,-4198.656563906174,-0.008035234735999907,37
2025-10-29 00:00:00,ABCAPITAL,3,0.685534986293056,0.2592689121067406,1818.504624612745,2025-09-22 00:00:00,287.0,310.79998779296875,522530.66672652616,565191.2151310983,42660.548404572124,0.08164219082456098,37
2025-10-30 00:00:00,DELHIVERY,7,0.6336648531314358,0.24117888290055461,1091.8636553637193,2025-09-22 00:00:00,478.0,475.29998779296875,522530.66672652616,518962.78206596203,-3567.88466056413,-0.006828086632533346,38
2025-10-30 00:00:00,FORTIS,2,0.7055023675219265,0.26437510256152225,549.3798181724819,2025-09-22 00:00:00,950.0,1044.5999755859375,522530.66672652616,573882.1446503814,51351.477923855244,0.0982745725634717,38
2025-10-30 00:00:00,EICHERMOT,11,0.6104021913152912,0.23653133652291036,74.55868960912255,2025-09-22 00:00:00,7000.0,6889.0,522530.66672652616,513634.81271724525,-8895.854009280913,-0.017024558701999943,38
2025-10-30 00:00:00,ABCAPITAL,3,0.69799807247391,0.2579146780150127,1818.504624612745,2025-09-22 00:00:00,287.0,326.79998779296875,522530.66672652616,594287.2891249022,71756.62239837606,0.13732518867821955,38
2025-10-31 00:00:00,DELHIVERY,9,0.6264018042929681,0.2357355354080848,1091.8636553637193,2025-09-22 00:00:00,478.0,465.95001220703125,522530.66672652616,508753.88354513876,-13776.783181387407,-0.026365501699056607,39
2025-10-31 00:00:00,FORTIS,4,0.6887178872984412,0.2602615588620148,549.3798181724819,2025-09-22 00:00:00,950.0,1023.0499877929688,522530.66672652616,562043.0162750611,39512.3495485349,0.07561728347173592,39
2025-10-31 00:00:00,EICHERMOT,17,0.5920778811955826,0.2343249426394875,74.55868960912255,2025-09-22 00:00:00,7000.0,7007.0,522530.66672652616,522432.7380911217,-97.92863540444523,-0.00018741222599992887,39
2025-10-31 00:00:00,ABCAPITAL,2,0.7630875599066285,0.2696779630904129,1818.504624612745,2025-09-22 00:00:00,287.0,324.20001220703125,522530.66672652616,589559.2214979947,67028.55477146857,0.12827678649251206,39
2025-11-03 00:00:00,DELHIVERY,11,0.6295126793639191,0.23288136589876876,1091.8636553637193,2025-09-22 00:00:00,478.0,472.25,522530.66672652616,515632.61124551645,-6898.055481009709,-0.013201245247907917,42
2025-11-03 00:00:00,FORTIS,6,0.6912427143563508,0.2570444029000671,549.3798181724819,2025-09-22 00:00:00,950.0,1030.699951171875,522530.66672652616,566245.7517651906,43715.08503866446,0.08366032430694326,42
2025-11-03 00:00:00,EICHERMOT,12,0.6264817555025906,0.2394909381651923,74.55868960912255,2025-09-22 00:00:00,7000.0,7023.5,522530.66672652616,523662.95646967227,1132.2897431461024,0.0021669345270001203,42
2025-11-03 00:00:00,ABCAPITAL,2,0.7780198134320806,0.2705832930359719,1818.504624612745,2025-09-22 00:00:00,287.0,334.25,522530.66672652616,607835.17077681,85304.50405028387,0.16325262703658538,42
2025-11-04 00:00:00,DELHIVERY,13,0.6354430674986807,0.23280073601122944,1091.8636553637193,2025-09-22 00:00:00,478.0,484.8500061035156,522530.66672652616,529390.0999673062,6859.433240780083,0.013127331422961372,43
2025-11-04 00:00:00,FORTIS,5,0.7001630361787277,0.25532078139441877,549.3798181724819,2025-09-22 00:00:00,950.0,1019.0999755859375,522530.66672652616,559872.9592869831,37342.29256045696,0.07146430810347171,43
2025-11-04 00:00:00,EICHERMOT,14,0.6325619360596417,0.2369420719674546,74.55868960912255,2025-09-22 00:00:00,7000.0,6930.0,522530.66672652616,516691.7189912193,-5838.947735306865,-0.011174363739999898,43
2025-11-04 00:00:00,ABCAPITAL,2,0.7870805795158483,0.27493641062689717,1818.504624612745,2025-09-22 00:00:00,287.0,331.45001220703125,522530.66672652616,602743.3800264371,80212.71329991095,0.15350814489495104,43
2025-11-06 00:00:00,DELHIVERY,9,0.6573398411476354,0.3057701440847107,1091.8636553637193,2025-09-22 00:00:00,478.0,442.6000061035156,522530.66672652616,483258.86052818905,-39271.806198337115,-0.0751569404421015,45
2025-11-06 00:00:00,FORTIS,8,0.6686567062365464,0.33552537983046804,549.3798181724819,2025-09-22 00:00:00,950.0,1009.9000244140625,522530.66672652616,554818.6917849827,32288.025058456522,0.06179163657652828,45
2025-11-06 00:00:00,ABCAPITAL,2,0.7940560843510455,0.35870447608482126,1818.504624612745,2025-09-22 00:00:00,287.0,327.04998779296875,522530.66672652616,594741.9152810555,72211.24855452933,0.13819523551968313,45
2025-11-07 00:00:00,FORTIS,6,0.6861461057732575,0.4841415136861488,549.3798181724819,2025-09-22 00:00:00,950.0,1020.0,522530.66672652616,560367.4145359315,37836.74780940538,0.07241057839999997,46
2025-11-07 00:00:00,ABCAPITAL,3,0.783087920027613,0.5158584863138512,1818.504624612745,2025-09-22 00:00:00,287.0,338.1000061035156,522530.66672652616,614836.4246808405,92305.7579543143,0.17665136963649986,46
2025-11-10 00:00:00,FORTIS,6,0.6701061826778317,0.47623618666392153,549.3798181724819,2025-09-22 00:00:00,950.0,992.7000122070312,522530.66672652616,545369.3522061195,22838.68547959329,0.04370783751826424,49
2025-11-10 00:00:00,ABCAPITAL,3,0.780116096376645,0.5237638133360785,1818.504624612745,2025-09-22 00:00:00,287.0,333.54998779296875,522530.66672652616,606562.1953410383,84031.52861451212,0.1608164533977318,49
2025-11-11 00:00:00,FORTIS,10,0.6560274223476215,0.47550285049476443,549.3798181724819,2025-09-22 00:00:00,950.0,986.9000244140625,522530.66672652616,542182.9559670156,19652.289240489423,0.03760982941652825,50
2025-11-11 00:00:00,ABCAPITAL,3,0.7853693219975288,0.5244971495052355,1818.504624612745,2025-09-22 00:00:00,287.0,329.3500061035156,522530.66672652616,598924.5092154789,76393.84248895274,0.1461997301852803,50
2025-11-12 00:00:00,FORTIS,10,0.6801321405662922,0.479448103568792,549.3798181724819,2025-09-22 00:00:00,950.0,969.4000244140625,522530.66672652616,532568.8091489972,10038.14242247102,0.01921062831652831,51
2025-11-12 00:00:00,ABCAPITAL,3,0.7945344513308336,0.520551896431208,1818.504624612745,2025-09-22 00:00:00,287.0,329.6000061035156,522530.66672652616,599379.1353716321,76848.4686451059,0.14706977702674365,51
2025-11-13 00:00:00,FORTIS,11,0.6682307794895012,0.47211224560672366,549.3798181724819,2025-09-22 00:00:00,950.0,953.0,522530.66672652616,523558.9667183753,1028.2999918491114,0.0019679227600000113,52
2025-11-13 00:00:00,ABCAPITAL,3,0.8228890588091669,0.5278877543932763,1818.504624612745,2025-09-22 00:00:00,287.0,331.79998779296875,522530.66672652616,603379.812247966,80849.14552143979,0.15472612550748785,52
2025-11-14 00:00:00,ABCAPITAL,3,0.8124213907293428,1.0,1818.504624612745,2025-09-22 00:00:00,287.0,331.3999938964844,522530.66672652616,602652.4214973922,80121.75477086607,0.1533340718025243,53
2025-11-17 00:00:00,ABCAPITAL,4,0.8055205406188725,1.0,1818.504624612745,2025-09-22 00:00:00,287.0,334.79998779296875,522530.66672652616,608835.3261218042,86304.65939527802,0.16516668760504882,56
2025-11-18 00:00:00,ABCAPITAL,4,0.7732940169979183,1.0,1818.504624612745,2025-09-22 00:00:00,287.0,333.1000061035156,522530.66672652616,605743.9015577767,83213.23483125056,0.15925043280723156,57
2025-11-19 00:00:00,ABCAPITAL,4,0.7595534477498244,1.0,1818.504624612745,2025-09-22 00:00:00,287.0,330.6499938964844,522530.66672652616,601288.5430289328,78757.8763024066,0.15072393127813424,58
2025-11-20 00:00:00,ABCAPITAL,4,0.7445276375346209,1.0,1818.504624612745,2025-09-22 00:00:00,287.0,327.8500061035156,522530.66672652616,596196.7522785598,73666.08555203368,0.1409794491364999,59
2025-11-21 00:00:00,ABCAPITAL,4,0.7380720677692051,1.0,1818.504624612745,2025-09-22 00:00:00,287.0,325.6499938964844,522530.66672652616,592196.019905869,69665.35317934287,0.13332299444886594,60
2025-11-24 00:00:00,ABCAPITAL,4,0.7633717317779564,0.22996751006023564,1818.504624612745,2025-09-22 00:00:00,287.0,331.8500061035156,522530.66672652616,603470.7707770108,80940.10405048466,0.15490019859991455,63
2025-11-24 00:00:00,LTF,1,0.8682879169184581,0.1925081224849411,1734.80145801121,2025-11-24 00:00:00,285.7579233595631,289.56866455078125,496322.01215761935,502344.14145705424,6022.129299434891,0.01213351242121096,0
2025-11-24 00:00:00,CHENNPETRO,2,0.8157597084741113,0.19250812248494106,487.7115241498343,2025-11-24 00:00:00,1016.4477104505057,981.4251708984375,496322.0121576193,478652.36593788856,-17669.646219730726,-0.0356011738083446,0
2025-11-24 00:00:00,MUTHOOTFIN,3,0.8107796917081035,0.1925081224849411,137.49310112927756,2025-11-24 00:00:00,3605.5137167668768,3584.0947265625,496322.01215761935,492788.29869616823,-3533.713461451116,-0.007119799998572092,0
2025-11-24 00:00:00,CANBK,5,0.7328608725437964,0.1925081224849411,3507.441064415707,2025-11-24 00:00:00,141.3375885661555,141.98619079589844,496322.01215761935,498008.1961774977,1686.184019878332,0.0033973589294339873,0
2025-11-25 00:00:00,ABCAPITAL,4,0.7850841609016481,0.23480654335343523,1818.504624612745,2025-09-22 00:00:00,287.0,345.45001220703125,522530.66672652616,628202.4447710156,105671.77804448939,0.20223076801690226,64
2025-11-25 00:00:00,LTF,1,0.8800635606787338,0.1944952869635574,1734.80145801121,2025-11-24 00:00:00,285.7579233595631,293.87432861328125,496322.01215761935,509813.6137503857,13491.601592766354,0.027183161863233586,1
2025-11-25 00:00:00,CHENNPETRO,3,0.7872571492440799,0.1863790010463376,487.7115241498343,2025-11-24 00:00:00,1016.4477104505057,1010.7925415039062,496322.0121576193,492975.17101615475,-3346.841141464538,-0.00674328572878542,1
2025-11-25 00:00:00,MUTHOOTFIN,2,0.8176713473481808,0.19177906693503038,137.49310112927756,2025-11-24 00:00:00,3605.5137167668768,3650.532958984375,496322.01215761935,501923.09730539954,5601.085147780192,0.011285183833437209,1
2025-11-25 00:00:00,CANBK,5,0.7544371233357825,0.19254010170163946,3507.441064415707,2025-11-24 00:00:00,141.3375885661555,143.94168090820312,496322.01215761935,504866.962498454,8544.950340834679,0.0172165451693104,1
2025-11-26 00:00:00,ABCAPITAL,3,0.8015741519161707,0.23814179975122113,1818.504624612745,2025-09-22 00:00:00,287.0,349.79998779296875,522530.66672652616,636112.8954909954,113582.22876446921,0.21736949809285372,65
2025-11-26 00:00:00,LTF,1,0.8687825605206305,0.19313982013019984,1734.80145801121,2025-11-24 00:00:00,285.7579233595631,304.4653015136719,496322.01215761935,528186.8489797406,31864.836822121288,0.06420194156531148,2
2025-11-26 00:00:00,CHENNPETRO,4,0.7834083401458041,0.18596170765357356,487.7115241498343,2025-11-24 00:00:00,1016.4477104505057,889.552978515625,496322.0121576193,433845.2389638803,-62476.773193739005,-0.12587951302449582,2
2025-11-26 00:00:00,MUTHOOTFIN,2,0.8072014928212057,0.1909152808429555,137.49310112927756,2025-11-24 00:00:00,3605.5137167668768,3694.362548828125,496322.01215761935,507949.363534241,11627.351376621635,0.023427031426784838,2
2025-11-26 00:00:00,CANBK,5,0.7439970507203568,0.1918413916220499,3507.441064415707,2025-11-24 00:00:00,141.3375885661555,145.36474609375,496322.01215761935,509858.2797675815,13536.267609962146,0.027273155891508936,2
2025-11-27 00:00:00,ABCAPITAL,3,0.8147479411678705,0.24233729842728813,1818.504624612745,2025-09-22 00:00:00,287.0,351.75,522530.66672652616,639659.001707533,117128.33498100686,0.22415590593902432,66
2025-11-27 00:00:00,LTF,1,0.9317699837885252,0.20195609005161236,1734.80145801121,2025-11-24 00:00:00,285.7579233595631,305.1086730957031,496322.01215761935,529302.9709382914,32980.95878067205,0.06645072749704709,3
2025-11-27 00:00:00,CHENNPETRO,14,0.6325522195706124,0.16722158060691686,487.7115241498343,2025-11-24 00:00:00,1016.4477104505057,909.9414672851562,496322.0121576193,443788.9398967801,-52533.072260839166,-0.10584473582476531,3
2025-11-27 00:00:00,MUTHOOTFIN,2,0.8351855928606302,0.19340077775663275,137.49310112927756,2025-11-24 00:00:00,3605.5137167668768,3728.9697265625,496322.01215761935,512707.6117222723,16385.599564652948,0.03301404967597789,3
2025-11-27 00:00:00,CANBK,4,0.7678091931406499,0.19508425315754985,3507.441064415707,2025-11-24 00:00:00,141.3375885661555,146.91363525390625,496322.01215761935,515290.91721214185,18968.905054522504,0.03821894775946076,3
2025-11-28 00:00:00,ABCAPITAL,3,0.8280208605732217,0.24220524058108478,1818.504624612745,2025-09-22 00:00:00,287.0,358.04998779296875,522530.66672652616,651115.5586440505,128584.89191752434,0.24608104386114635,67
2025-11-28 00:00:00,LTF,1,0.9150380854275514,0.20058415949671507,1734.80145801121,2025-11-24 00:00:00,285.7579233595631,309.1669006347656,496322.01215761935,536343.1899899982,40021.17783237889,0.08063550850464632,4
2025-11-28 00:00:00,CHENNPETRO,13,0.6327961603877232,0.16881378413327958,487.7115241498343,2025-11-24 00:00:00,1016.4477104505057,908.9493408203125,496322.0121576193,443305.0683864618,-53016.94377115747,-0.10681965029252145,4
2025-11-28 00:00:00,MUTHOOTFIN,2,0.8380581596269356,0.193679465929316,137.49310112927756,2025-11-24 00:00:00,3605.5137167668768,3712.806396484375,496322.01215761935,510485.2653452548,14163.253187635448,0.028536419583859916,4
2025-11-28 00:00:00,CANBK,4,0.7793838525719581,0.19471734985960462,3507.441064415707,2025-11-24 00:00:00,141.3375885661555,146.73939514160156,496322.01215761935,514679.780287176,18357.768129556673,0.036987616264995936,4
2025-12-01 00:00:00,ABCAPITAL,2,0.8396890458187495,0.244214380802771,1818.504624612745,2025-09-22 00:00:00,287.0,356.1000061035156,522530.66672652616,647569.5079238699,125038.84119734372,0.23929474222186575,70
2025-12-01 00:00:00,LTF,1,0.9348434898886728,0.2020964843368,1734.80145801121,2025-11-24 00:00:00,285.7579233595631,305.9994812011719,496322.01215761935,530848.3461384667,34526.33398084738,0.06956438186320596,7
2025-12-01 00:00:00,CHENNPETRO,13,0.6294320741926143,0.16681128464467967,487.7115241498343,2025-11-24 00:00:00,1016.4477104505057,904.385498046875,496322.0121576193,441079.2296714484,-55242.78248617088,-0.11130431682048221,7
2025-12-01 00:00:00,MUTHOOTFIN,3,0.8349730775642819,0.19327463215879723,137.49310112927756,2025-11-24 00:00:00,3605.5137167668768,3779.1455078125,496322.01215761935,519606.4354879191,23284.42333029973,0.046913944495585225,7
2025-12-01 00:00:00,CANBK,4,0.7735373951461544,0.19360321805695216,3507.441064415707,2025-11-24 00:00:00,141.3375885661555,145.69387817382812,496322.01215761935,511012.69114086404,14690.678983244696,0.02959908813913195,7
2025-12-02 00:00:00,ABCAPITAL,2,0.8362345176047944,0.24422184881243172,1818.504624612745,2025-09-22 00:00:00,287.0,355.75,522530.66672652616,646933.020205984,124402.35347945784,0.23807665540243894,71
2025-12-02 00:00:00,LTF,1,0.9265174121911262,0.20020209937066036,1734.80145801121,2025-11-24 00:00:00,285.7579233595631,302.93109130859375,496322.01215761935,525525.2988790754,29203.286721456097,0.058839394598887686,8
2025-12-02 00:00:00,CHENNPETRO,12,0.6486699329368784,0.1669764929590984,487.7115241498343,2025-11-24 00:00:00,1016.4477104505057,925.4188842773438,496322.0121576193,451337.45452794246,-44984.55762967683,-0.09063583022263956,8
2025-12-02 00:00:00,MUTHOOTFIN,3,0.8318411081797451,0.1953916046795295,137.49310112927756,2025-11-24 00:00:00,3605.5137167668768,3748.20703125,496322.01215761935,515352.6084011255,19030.596243506123,0.03834324446094179,8
2025-12-02 00:00:00,CANBK,4,0.7607175634421719,0.19320795417828007,3507.441064415707,2025-11-24 00:00:00,141.3375885661555,147.17501831054688,496322.01215761935,516207.7028785457,19885.69072092633,0.040066106748880476,8
2025-12-03 00:00:00,ABCAPITAL,2,0.8498735408194191,0.2434452327423037,1818.504624612745,2025-09-22 00:00:00,287.0,350.0,522530.66672652616,636476.6186144607,113945.95188793453,0.21806557804878035,72
2025-12-03 00:00:00,LTF,1,0.9151862745706562,0.1976198121265496,1734.80145801121,2025-11-24 00:00:00,285.7579233595631,299.7142028808594,496322.01215761935,519944.6361443824,23622.623986763065,0.04759535827168011,9
2025-12-03 00:00:00,CHENNPETRO,10,0.6668089810818005,0.16926713853937472,487.7115241498343,2025-11-24 00:00:00,1016.4477104505057,934.1992797851562,496322.0121576193,455619.75460369606,-40702.257553923235,-0.08200776221264437,9
2025-12-03 00:00:00,MUTHOOTFIN,3,0.830600726390807,0.19456863661797463,137.49310112927756,2025-11-24 00:00:00,3605.5137167668768,3731.845458984375,496322.01215761935,513103.0050909739,16780.992933354573,0.03381069652825584,9
2025-12-03 00:00:00,CANBK,4,0.7735895872684495,0.19509917997379728,3507.441064415707,2025-11-24 00:00:00,141.3375885661555,141.4150390625,496322.01215761935,496004.9151337638,-317.09702385554556,-0.0006388937344871247,9
2025-12-04 00:00:00,ABCAPITAL,2,0.8588126076783228,0.2425439444275092,1818.504624612745,2025-09-22 00:00:00,287.0,349.3999938964844,522530.66672652616,635385.5047404217,112854.8380138955,0.2159774443878902,73
2025-12-04 00:00:00,LTF,1,0.9210391511712753,0.19852512370078784,1734.80145801121,2025-11-24 00:00:00,285.7579233595631,297.38818359375,496322.01215761935,515909.45449374284,19587.442336123495,0.03946518964768989,10
2025-12-04 00:00:00,CHENNPETRO,10,0.6928544172975203,0.17316268574546825,487.7115241498343,2025-11-24 00:00:00,1016.4477104505057,923.0377197265625,496322.0121576193,450176.13313562935,-46145.87902198994,-0.09297568492153674,10
2025-12-04 00:00:00,MUTHOOTFIN,3,0.8380271433580108,0.1963212433639649,137.49310112927756,2025-11-24 00:00:00,3605.5137167668768,3670.960205078125,496322.01215761935,504731.7027183601,8409.690560740768,0.016944020927425765,10
2025-12-04 00:00:00,CANBK,4,0.7425547160239617,0.18944700276226978,3507.441064415707,2025-11-24 00:00:00,141.3375885661555,142.68319702148438,496322.01215761935,500452.90443527116,4130.892277651816,0.008323008402738238,10
2025-12-05 00:00:00,ABCAPITAL,2,0.8617889462835886,0.24387663708836713,1818.504624612745,2025-09-22 00:00:00,287.0,358.75,522530.66672652616,652388.5340798222,129857.86735329608,0.24851721749999994,74
2025-12-05 00:00:00,LTF,1,0.9115160151311767,0.1971290164227096,1734.80145801121,2025-11-24 00:00:00,285.7579233595631,306.4449157714844,496322.01215761935,531621.0866804936,35299.0745228742,0.07112131571481481,11
2025-12-05 00:00:00,CHENNPETRO,10,0.7144379329270711,0.1727887062028984,487.7115241498343,2025-11-24 00:00:00,1016.4477104505057,920.8550415039062,496322.0121576193,449111.61581292906,-47210.396344690234,-0.09512049675060032,11
2025-12-05 00:00:00,MUTHOOTFIN,3,0.8202099980610946,0.193728484582954,137.49310112927756,2025-11-24 00:00:00,3605.5137167668768,3768.23779296875,496322.01215761935,518106.699947818,21784.68779019866,0.04389224587379451,11
2025-12-05 00:00:00,CANBK,5,0.7688859391901828,0.19247715570307075,3507.441064415707,2025-11-24 00:00:00,141.3375885661555,143.89328002929688,496322.01215761935,504697.1992682244,8375.187110605068,0.01687450265241373,11
2025-12-08 00:00:00,ABCAPITAL,2,0.880567969258453,0.24520194752877164,1818.504624612745,2025-09-22 00:00:00,287.0,357.1000061035156,522530.66672652616,649388.0125484826,126857.34582195646,0.2427749295877194,77
2025-12-08 00:00:00,LTF,1,0.9167167934529887,0.20093633518781828,1734.80145801121,2025-11-24 00:00:00,285.7579233595631,296.2498779296875,496322.01215761935,513934.7201680648,17612.708010445465,0.03548645351004927,14
2025-12-08 00:00:00,CHENNPETRO,9,0.7144537858031706,0.1696145378657539,487.7115241498343,2025-11-24 00:00:00,1016.4477104505057,922.1448364257812,496322.0121576193,449740.6636601174,-46581.348497501865,-0.09385307795437614,14
2025-12-08 00:00:00,MUTHOOTFIN,3,0.8339914742926674,0.19470765346975868,137.49310112927756,2025-11-24 00:00:00,3605.5137167668768,3744.042236328125,496322.01215761935,514779.9778317494,18457.96567413007,0.037189496379355196,14
2025-12-08 00:00:00,CANBK,4,0.7844342408582649,0.18953952594789755,3507.441064415707,2025-11-24 00:00:00,141.3375885661555,138.27850341796875,496322.01215761935,485003.70121413126,-11318.31094348809,-0.022804370280264094,14
2025-12-09 00:00:00,ABCAPITAL,1,0.9017118642112171,0.24889976861301738,1818.504624612745,2025-09-22 00:00:00,287.0,364.04998779296875,522530.66672652616,662026.586391727,139495.9196652008,0.2669621680562683,78
2025-12-09 00:00:00,LTF,2,0.8851284155303742,0.1963470853407902,1734.80145801121,2025-11-24 00:00:00,285.7579233595631,304.1683349609375,496322.01215761935,527671.6709710765,31349.65881345712,0.06316395010806262,15
2025-12-09 00:00:00,CHENNPETRO,8,0.7517111366593635,0.1726829048937711,487.7115241498343,2025-11-24 00:00:00,1016.4477104505057,911.8760986328125,496322.0121576193,444732.48190001363,-51589.53025760566,-0.1039436676067112,15
2025-12-09 00:00:00,MUTHOOTFIN,3,0.8333387732363172,0.19634564857769107,137.49310112927756,2025-11-24 00:00:00,3605.5137167668768,3710.72412109375,496322.01215761935,510198.9668443926,13876.954686773242,0.027959579359470906,15
2025-12-09 00:00:00,CANBK,5,0.7630434559535856,0.18572459257473026,3507.441064415707,2025-11-24 00:00:00,141.3375885661555,141.5215301513672,496322.01215761935,496378.4263518509,56.41419423156185,0.00011366450177439667,15
2025-12-10 00:00:00,ABCAPITAL,2,0.8859790440488651,0.2507448622321967,1818.504624612745,2025-09-22 00:00:00,287.0,358.95001220703125,522530.66672652616,652752.2572032876,130221.5904767614,0.24921329745592657,79
2025-12-10 00:00:00,LTF,1,0.8886792250212022,0.19927083495607656,1734.80145801121,2025-11-24 00:00:00,285.7579233595631,300.8525085449219,496322.01215761935,521919.37047006044,25597.358312441094,0.05157409440932074,16
2025-12-10 00:00:00,CHENNPETRO,9,0.7139970196635462,0.16803196489360867,487.7115241498343,2025-11-24 00:00:00,1016.4477104505057,938.3662719726562,496322.0121576193,457652.0447145821,-38669.967443037196,-0.07791306147178617,16
2025-12-10 00:00:00,MUTHOOTFIN,3,0.7838409175483599,0.1939369992812048,137.49310112927756,2025-11-24 00:00:00,3605.5137167668768,3714.39306640625,496322.01215761935,510703.42151328194,14381.409355662588,0.028975965206829102,16
2025-12-10 00:00:00,CANBK,4,0.7651702396011119,0.1880153386369132,3507.441064415707,2025-11-24 00:00:00,141.3375885661555,140.91163635253906,496322.01215761935,494239.25979690865,-2082.7523607106996,-0.004196373140204932,16
2025-12-11 00:00:00,ABCAPITAL,2,0.8690736615292383,0.2488405743207316,1818.504624612745,2025-09-22 00:00:00,287.0,354.45001220703125,522530.66672652616,644568.9863925303,122038.3196660041,0.2335524543095852,80
2025-12-11 00:00:00,LTF,1,0.8784460514019032,0.197528792890085,1734.80145801121,2025-11-24 00:00:00,285.7579233595631,298.62542724609375,496322.01215761935,518055.8265857439,21733.814428124577,0.04378974515686495,17
2025-12-11 00:00:00,CHENNPETRO,6,0.7300875407996524,0.17231849956739506,487.7115241498343,2025-11-24 00:00:00,1016.4477104505057,914.9022216796875,496322.0121576193,446208.35698347,-50113.65517414932,-0.10097004353341978,17
2025-12-11 00:00:00,MUTHOOTFIN,3,0.7897224978595965,0.19404859113000741,137.49310112927756,2025-11-24 00:00:00,3605.5137167668768,3702.89013671875,496322.01215761935,509121.8480384755,12799.835880856146,0.025789377797717426,17
2025-12-11 00:00:00,CANBK,5,0.7577101822249833,0.187263542091781,3507.441064415707,2025-11-24 00:00:00,141.3375885661555,142.11204528808594,496322.01215761935,498449.6233915373,2127.611233917938,0.004286755738817126,17
2025-12-12 00:00:00,ABCAPITAL,2,0.8603933092694901,0.24650085081448708,1818.504624612745,2025-09-22 00:00:00,287.0,362.95001220703125,522530.66672652616,660026.2757017385,137495.60897521238,0.2631340469193412,81
2025-12-12 00:00:00,LTF,1,0.8974324543157352,0.19815472795941866,1734.80145801121,2025-11-24 00:00:00,285.7579233595631,304.7127685546875,496322.01215761935,528616.1551633042,32294.143005684833,0.06506691666826381,18
2025-12-12 00:00:00,CHENNPETRO,14,0.6740198213805019,0.17036939639098103,487.7115241498343,2025-11-24 00:00:00,1016.4477104505057,920.1109619140625,496322.0121576193,448748.71962207754,-47573.292535541754,-0.09585166760734698,18
2025-12-12 00:00:00,MUTHOOTFIN,3,0.8054505846424267,0.19517924226407068,137.49310112927756,2025-11-24 00:00:00,3605.5137167668768,3805.42333984375,496322.01215761935,523219.4561048499,26897.443947230524,0.05419353421441355,18
2025-12-12 00:00:00,CANBK,4,0.7782525904227654,0.18979578257104263,3507.441064415707,2025-11-24 00:00:00,141.3375885661555,141.94747924804688,496322.01215761935,497872.417704896,1550.4055472766631,0.0031237896150056173,18
2025-12-15 00:00:00,ABCAPITAL,2,0.865856708879198,0.24854789579249084,1818.504624612745,2025-09-22 00:00:00,287.0,351.79998779296875,522530.66672652616,639749.9047402209,117219.2380136947,0.22432987282456104,84
2025-12-15 00:00:00,LTF,1,0.9037985468730019,0.1986819649361782,1734.80145801121,2025-11-24 00:00:00,285.7579233595631,301.99078369140625,496322.01215761935,523894.0518537995,27572.039696180145,0.0555527238784323,21
2025-12-15 00:00:00,CHENNPETRO,14,0.6640996549047689,0.1686653746160088,487.7115241498343,2025-11-24 00:00:00,1016.4477104505057,916.8367919921875,496322.0121576193,447151.86921915435,-49170.14293846494,-0.09906903529164801,21
2025-12-15 00:00:00,MUTHOOTFIN,3,0.8147609634995894,0.19715570899093277,137.49310112927756,2025-11-24 00:00:00,3605.5137167668768,3824.065673828125,496322.01215761935,525782.6484166493,29460.63625902997,0.05935790784486507,21
2025-12-15 00:00:00,CANBK,5,0.7604082036610937,0.1869490556643894,3507.441064415707,2025-11-24 00:00:00,141.3375885661555,143.55445861816406,496322.01215761935,503508.8031373139,7186.790979694575,0.014480097202322415,21
2025-12-16 00:00:00,ABCAPITAL,2,0.830819066955726,0.24277516350722517,1818.504624612745,2025-09-22 00:00:00,287.0,348.04998779296875,522530.66672652616,632930.512397923,110399.84567139688,0.21127917020260975,85
2025-12-16 00:00:00,LTF,1,0.8961749936561325,0.19769949622036442,1734.80145801121,2025-11-24 00:00:00,285.7579233595631,297.7345886230469,496322.01215761935,516510.3984436295,20188.38628601015,0.040675984122176774,22
2025-12-16 00:00:00,CHENNPETRO,14,0.6818671546254623,0.17006494922256707,487.7115241498343,2025-11-24 00:00:00,1016.4477104505057,908.552490234375,496322.0121576193,443111.51978233445,-53210.49237528484,-0.10720961607962401,22
2025-12-16 00:00:00,MUTHOOTFIN,3,0.7988629197992295,0.19875318321415872,137.49310112927756,2025-11-24 00:00:00,3605.5137167668768,3814.744384765625,496322.01215761935,524501.0354769238,28179.023319304455,0.05677568721323508,22
2025-12-16 00:00:00,CANBK,4,0.7795091545832115,0.19070720783568465,3507.441064415707,2025-11-24 00:00:00,141.3375885661555,142.47023010253906,496322.01215761935,499705.9355184003,3383.923360780929,0.00681799976203006,22
2025-12-17 00:00:00,ABCAPITAL,2,0.8286539302663994,0.2420791162815694,1818.504624612745,2025-09-22 00:00:00,287.0,346.79998779296875,522530.66672652616,630657.3816171571,108126.71489063097,0.20692893599529275,86
2025-12-17 00:00:00,LTF,1,0.8846734706034343,0.19720125491111792,1734.80145801121,2025-11-24 00:00:00,285.7579233595631,298.8233642578125,496322.01215761935,518399.208002268,22077.19584464864,0.04448159723699194,23
2025-12-17 00:00:00,CHENNPETRO,13,0.6815036827909224,0.16985013659484155,487.7115241498343,2025-11-24 00:00:00,1016.4477104505057,906.7666625976562,496322.0121576193,442240.55106376146,-54081.461093857826,-0.10896446212158514,23
2025-12-17 00:00:00,MUTHOOTFIN,3,0.8150021480113224,0.20043111218322057,137.49310112927756,2025-11-24 00:00:00,3605.5137167668768,3734.91943359375,496322.01215761935,513525.65539280954,17203.64323519019,0.03466226122110165,23
2025-12-17 00:00:00,CANBK,5,0.7871703134489474,0.1904383800292505,3507.441064415707,2025-11-24 00:00:00,141.3375885661555,145.41314697265625,496322.01215761935,510028.04299781105,13706.0308401917,0.027615198408405487,23
2025-12-18 00:00:00,ABCAPITAL,4,0.7976326878989205,0.2414391438803401,1818.504624612745,2025-09-22 00:00:00,287.0,344.25,522530.66672652616,626020.2170229375,103489.55029641133,0.19805450069512198,87
2025-12-18 00:00:00,LTF,1,0.8827722436071755,0.19786781027784572,1734.80145801121,2025-11-24 00:00:00,285.7579233595631,296.7942810058594,496322.01215761935,514879.1514183536,18557.139260734257,0.0373893134017215,24
2025-12-18 00:00:00,CHENNPETRO,16,0.6639984389557358,0.1682260783813314,487.7115241498343,2025-11-24 00:00:00,1016.4477104505057,884.0465698242188,496322.0121576193,431159.69998840266,-65162.31216921663,-0.13129039327903663,24
2025-12-18 00:00:00,MUTHOOTFIN,8,0.7697126348646416,0.19693251204532813,137.49310112927756,2025-11-24 00:00:00,3605.5137167668768,3718.45849609375,496322.01215761935,511262.3900484393,14940.377890819975,0.030102186735323132,24
2025-12-18 00:00:00,CANBK,2,0.8114921854779708,0.1955344554151546,3507.441064415707,2025-11-24 00:00:00,141.3375885661555,145.0452880859375,496322.01215761935,508737.7996326235,12415.787475004152,0.025015589014539236,24
2025-12-19 00:00:00,ABCAPITAL,5,0.7934651921685998,0.2902237783007801,1818.504624612745,2025-09-22 00:00:00,287.0,348.70001220703125,522530.66672652616,634112.584801007,111581.91807448078,0.21354137695592662,88
2025-12-19 00:00:00,LTF,1,0.8760866203969294,0.23814711872629438,1734.80145801121,2025-11-24 00:00:00,285.7579233595631,297.23968505859375,496322.01215761935,515651.8390184413,19329.826860821922,0.038946140584800934,25
2025-12-19 00:00:00,MUTHOOTFIN,8,0.7721963713239288,0.2361733537631274,137.49310112927756,2025-11-24 00:00:00,3605.5137167668768,3749.49609375,496322.01215761935,515529.84560179996,19207.833444180607,0.038700345690250555,25
2025-12-19 00:00:00,CANBK,3,0.799760955570295,0.23545574920979817,3507.441064415707,2025-11-24 00:00:00,141.3375885661555,143.835205078125,496322.01215761935,504493.50479967025,8171.4926420509,0.016464094764863744,25
2025-12-22 00:00:00,ABCAPITAL,5,0.8064923030747762,0.29249738570216915,1818.504624612745,2025-09-22 00:00:00,287.0,346.1000061035156,522530.66672652616,629384.4616777424,106853.79495121626,0.20449286856332916,91
2025-12-22 00:00:00,LTF,1,0.8757479551985348,0.23768720407920715,1734.80145801121,2025-11-24 00:00:00,285.7579233595631,300.25860595703125,496322.01215761935,520889.06739467115,24567.055237051798,0.049498218163352224,28
2025-12-22 00:00:00,MUTHOOTFIN,9,0.7718264150035098,0.23688159785198454,137.49310112927756,2025-11-24 00:00:00,3605.5137167668768,3758.618896484375,496322.01215761935,516784.1680407398,20462.15588312043,0.04122758084850399,28
2025-12-22 00:00:00,CANBK,3,0.8137608420987307,0.23293381236663918,3507.441064415707,2025-11-24 00:00:00,141.3375885661555,145.50027465820312,496322.01215761935,510333.63821994566,14011.626062326308,0.028230918071545392,28
2025-12-23 00:00:00,ABCAPITAL,7,0.7758501117031922,0.2414814788265177,1818.504624612745,2025-09-22 00:00:00,287.0,346.79998779296875,522530.66672652616,630657.3816171571,108126.71489063097,0.20692893599529275,92
2025-12-23 00:00:00,LTF,1,0.8638425059051162,0.19968025635982797,1734.80145801121,2025-11-24 00:00:00,285.7579233595631,300.4070739746094,496322.01215761935,521146.62992803374,24824.617770414392,0.05001716055771212,29
2025-12-23 00:00:00,MUTHOOTFIN,9,0.7664242187606086,0.19775845705189024,137.49310112927756,2025-11-24 00:00:00,3605.5137167668768,3776.269775390625,496322.01215761935,519211.04211921745,22889.029961598106,0.04611729764330728,29
2025-12-23 00:00:00,CANBK,4,0.7927311357494234,0.19544775732232048,3507.441064415707,2025-11-24 00:00:00,141.3375885661555,145.42282104492188,496322.01215761935,510061.97423613566,13739.962078516313,0.027683563779058923,29
2025-12-23 00:00:00,NATIONALUM,2,0.8301137930331826,0.16563205043944365,1517.5721387090362,2025-12-23 00:00:00,286.0255705171217,285.14111328125,434579.94680712186,432722.20911610214,-1857.73769101972,-0.004274789264135635,0
2025-12-24 00:00:00,ABCAPITAL,7,0.7767256978598895,0.24077169180163313,1818.504624612745,2025-09-22 00:00:00,287.0,347.3999938964844,522530.66672652616,631748.4954911962,109217.82876467,0.20901706965618289,93
2025-12-24 00:00:00,LTF,1,0.8635538245920632,0.19901191898023954,1734.80145801121,2025-11-24 00:00:00,285.7579233595631,300.1596374511719,496322.01215761935,520717.3766864091,24395.364528789767,0.049152292123288734,30
2025-12-24 00:00:00,MUTHOOTFIN,9,0.7684744029619668,0.1987234297204891,137.49310112927756,2025-11-24 00:00:00,3605.5137167668768,3772.799072265625,496322.01215761935,518733.84438346216,22411.83222584281,0.04515582963651706,30
2025-12-24 00:00:00,CANBK,6,0.7969434253284103,0.19533122326677754,3507.441064415707,2025-11-24 00:00:00,141.3375885661555,144.890380859375,496322.01215761935,508194.4716650034,11872.459507384046,0.023920880429566062,30
2025-12-24 00:00:00,NATIONALUM,3,0.8368697967928533,0.16616173623086075,1517.5721387090362,2025-12-23 00:00:00,286.0255705171217,290.20220947265625,434579.94680712186,440402.78768750664,5822.840880384785,0.013398779495385038,1
2025-12-26 00:00:00,ABCAPITAL,9,0.7462549528962772,0.24091273976426889,1818.504624612745,2025-09-22 00:00:00,287.0,348.1499938964844,522530.66672652616,633112.3739596558,110581.7072331296,0.21162721018057318,95
2025-12-26 00:00:00,LTF,3,0.8301547965933994,0.19811558343528768,1734.80145801121,2025-11-24 00:00:00,285.7579233595631,298.2294921875,496322.01215761935,517368.9578688177,21046.94571119838,0.04240582765955261,32
2025-12-26 00:00:00,MUTHOOTFIN,6,0.7670809783153886,0.19836207625532937,137.49310112927756,2025-11-24 00:00:00,3605.5137167668768,3765.163818359375,496322.01215761935,517684.0496459824,21362.037488363043,0.043040681180948705,32
2025-12-26 00:00:00,CANBK,7,0.7638187202919143,0.19351898934398004,3507.441064415707,2025-11-24 00:00:00,141.3375885661555,145.27761840820312,496322.01215761935,509552.6845454469,13230.672387827537,0.02665743622836903,32
2025-12-26 00:00:00,NATIONALUM,2,0.8396142725527106,0.16909061120113394,1517.5721387090362,2025-12-23 00:00:00,286.0255705171217,301.5528564453125,434579.94680712186,457628.2132895318,23048.266482409963,0.05303573405019398,3
2025-12-29 00:00:00,ABCAPITAL,10,0.7200937859174968,0.2404390997799095,1818.504624612745,2025-09-22 00:00:00,287.0,346.75,522530.66672652616,630566.4785844693,108035.81185794313,0.20675496910975602,98
2025-12-29 00:00:00,LTF,2,0.7879227865275248,0.19561195727297695,1734.80145801121,2025-11-24 00:00:00,285.7579233595631,296.9427490234375,496322.01215761935,515136.71395171614,18814.701794096793,0.03790825579608127,35
2025-12-29 00:00:00,MUTHOOTFIN,7,0.7428684659958116,0.19650431578791355,137.49310112927756,2025-11-24 00:00:00,3605.5137167668768,3705.1708984375,496322.01215761935,509435.4370401234,13113.424882504041,0.026421203495482985,35
2025-12-29 00:00:00,CANBK,6,0.7433331402998377,0.19264385346178012,3507.441064415707,2025-11-24 00:00:00,141.3375885661555,146.1004638671875,496322.01215761935,512438.76649795665,16116.754340337298,0.03247237467924156,35
2025-12-29 00:00:00,NATIONALUM,1,0.8719411936427884,0.17480077369741984,1517.5721387090362,2025-12-23 00:00:00,286.0255705171217,295.7055358886719,434579.94680712186,448754.4825266734,14174.535719551553,0.03261663549754768,6
2025-12-30 00:00:00,ABCAPITAL,9,0.7446653354897804,0.24203676992720213,1818.504624612745,2025-09-22 00:00:00,287.0,349.29998779296875,522530.66672652616,635203.6431786891,112672.9764521629,0.215629404409927,99
2025-12-30 00:00:00,LTF,3,0.8014830844666931,0.19707108296825682,1734.80145801121,2025-11-24 00:00:00,285.7579233595631,302.33721923828125,496322.01215761935,524495.0487456251,28173.03658800572,0.056763625021448126,36
2025-12-30 00:00:00,MUTHOOTFIN,7,0.7585914349144498,0.1941549954199878,137.49310112927756,2025-11-24 00:00:00,3605.5137167668768,3767.246337890625,496322.01215761935,517970.38171449624,21648.36955687689,0.04361758903814629,36
2025-12-30 00:00:00,CANBK,6,0.7682455203458753,0.19614723422754735,3507.441064415707,2025-11-24 00:00:00,141.3375885661555,149.1111602783203,496322.01215761935,522998.60672285286,26676.594565233507,0.053748562247450136,36
2025-12-30 00:00:00,NATIONALUM,1,0.8703579005099592,0.17058991745700594,1517.5721387090362,2025-12-23 00:00:00,286.0255705171217,311.134521484375,434579.94680712186,472169.0811952555,37589.13438813365,0.08649532649700634,7
2025-12-31 00:00:00,ABCAPITAL,7,0.7249316804722388,0.2384225715068653,1818.504624612745,2025-09-22 00:00:00,287.0,357.70001220703125,522530.66672652616,650479.1264225217,127948.4596959955,0.24486306324860954,100
2025-12-31 00:00:00,LTF,2,0.787476464083589,0.1953247907150899,1734.80145801121,2025-11-24 00:00:00,285.7579233595631,312.730224609375,496322.01215761935,542524.8496165168,46202.8374588975,0.09309044597486972,37
2025-12-31 00:00:00,MUTHOOTFIN,8,0.7239855562852554,0.19356034542298806,137.49310112927756,2025-11-24 00:00:00,3605.5137167668768,3779.740478515625,496322.01215761935,519688.2398549728,23366.22769735346,0.047078765650097616,37
2025-12-31 00:00:00,CANBK,5,0.7532409450496962,0.19543934063626583,3507.441064415707,2025-11-24 00:00:00,141.3375885661555,149.9630584716797,496322.01215761935,525986.5894289431,29664.577271323767,0.05976881247391269,37
2025-12-31 00:00:00,NATIONALUM,1,0.8817714055738651,0.17725295171879096,1517.5721387090362,2025-12-23 00:00:00,286.0255705171217,308.87420654296875,434579.94680712186,468738.89021546964,34158.94340834778,0.078602208084646,8
2026-01-02 00:00:00,ABCAPITAL,6,0.7244847885249388,0.24187843312806356,1818.504624612745,2025-09-22 00:00:00,287.0,361.25,522530.66672652616,656934.795641354,134404.1289148279,0.25721768591463395,102
2026-01-02 00:00:00,LTF,2,0.8089212064390299,0.20102414816224456,1734.80145801121,2025-11-24 00:00:00,285.7579233595631,316.4914855957031,496322.01215761935,549049.8906595596,52727.878501940286,0.10623723552522035,39
2026-01-02 00:00:00,MUTHOOTFIN,7,0.7169291500681251,0.19158682900075902,137.49310112927756,2025-11-24 00:00:00,3605.5137167668768,3788.76416015625,496322.01215761935,520928.93382734567,24606.92166972632,0.04957854188806718,39
2026-01-02 00:00:00,CANBK,4,0.7432061373085564,0.1927182003851323,3507.441064415707,2025-11-24 00:00:00,141.3375885661555,149.92433166503906,496322.01215761935,525850.7574370381,29528.74527941877,0.05949513532766946,39
2026-01-02 00:00:00,NATIONALUM,1,0.8692275767748957,0.17279238932380053,1517.5721387090362,2025-12-23 00:00:00,286.0255705171217,324.5979919433594,434579.94680712186,492600.8688541424,58020.92204702052,0.13351035286672291,10
2026-01-05 00:00:00,ABCAPITAL,5,0.7482397262158245,0.23906219013649171,1818.504624612745,2025-09-22 00:00:00,287.0,363.29998779296875,522530.66672652616,660662.7079232675,138132.04119674134,0.26435202753187825,105
2026-01-05 00:00:00,LTF,2,0.8273965759048112,0.198893171033282,1734.80145801121,2025-11-24 00:00:00,285.7579233595631,317.0358581542969,496322.01215761935,549994.2689679094,53672.25681029004,0.1081399887483634,42
2026-01-05 00:00:00,MUTHOOTFIN,9,0.7253074676511565,0.19054608618945534,137.49310112927756,2025-11-24 00:00:00,3605.5137167668768,3888.1240234375,496322.01215761935,534590.2295576658,38268.217400046415,0.07710360705882494,42
2026-01-05 00:00:00,CANBK,6,0.7481813425326149,0.19171387295410824,3507.441064415707,2025-11-24 00:00:00,141.3375885661555,149.3047637939453,496322.01215761935,523677.65964377124,27355.647486151895,0.0551167323150367,42
2026-01-05 00:00:00,NATIONALUM,1,0.9178339776216847,0.17978467968666276,1517.5721387090362,2025-12-23 00:00:00,286.0255705171217,325.0893859863281,434579.94680712186,493346.59476287937,58766.64795575751,0.13522632230851578,13
2026-01-06 00:00:00,ABCAPITAL,6,0.754969766751291,0.23841266097598018,1818.504624612745,2025-09-22 00:00:00,287.0,360.6499938964844,522530.66672652616,655843.681767315,133313.01504078886,0.25512955225374384,106
2026-01-06 00:00:00,LTF,2,0.8376359738551428,0.2003546573040562,1734.80145801121,2025-11-24 00:00:00,285.7579233595631,316.0955505371094,496322.01215761935,548363.0219426334,52041.00978501409,0.10485331802790801,43
2026-01-06 00:00:00,MUTHOOTFIN,7,0.7530905327666426,0.1937040308458439,137.49310112927756,2025-11-24 00:00:00,3605.5137167668768,3907.658935546875,496322.01215761935,537276.1452038717,40954.133046252304,0.08251524623744938,43
2026-01-06 00:00:00,CANBK,9,0.7398878902091219,0.1886866091958137,3507.441064415707,2025-11-24 00:00:00,141.3375885661555,148.96595764160156,496322.01215761935,522489.3170321641,26167.30487454473,0.052722434696760245,43
2026-01-06 00:00:00,NATIONALUM,1,0.9162201840344438,0.178842041678306,1517.5721387090362,2025-12-23 00:00:00,286.0255705171217,340.7149353027344,434579.94680712186,517059.4930574815,82479.54625035962,0.1897914223984344,14
2026-01-07 00:00:00,ABCAPITAL,8,0.7143716738790659,0.23508734590570327,1818.504624612745,2025-09-22 00:00:00,287.0,361.1000061035156,522530.66672652616,656662.0310469336,134131.36432040745,0.25669567905113405,107
2026-01-07 00:00:00,LTF,2,0.8062053485220876,0.1963454589662085,1734.80145801121,2025-11-24 00:00:00,285.7579233595631,310.7506103515625,496322.01215761935,539090.611915764,42768.5997581447,0.08617107182536662,44
2026-01-07 00:00:00,MUTHOOTFIN,5,0.7244746102006308,0.19348111688823155,137.49310112927756,2025-11-24 00:00:00,3605.5137167668768,3926.896240234375,496322.01215761935,539921.1418827247,43599.12972510536,0.08784444102241304,44
2026-01-07 00:00:00,CANBK,9,0.7097417166435748,0.18755419181989114,3507.441064415707,2025-11-24 00:00:00,141.3375885661555,148.07533264160156,496322.01215761935,519365.5023341689,23043.49017654953,0.04642850732405457,44
2026-01-07 00:00:00,NATIONALUM,1,0.9363878723904231,0.18753188641996554,1517.5721387090362,2025-12-23 00:00:00,286.0255705171217,346.5130615234375,434579.94680712186,525858.5678667389,91278.62105961703,0.2100387321832153,15
2026-01-08 00:00:00,ABCAPITAL,6,0.7016559626106791,0.23759861760669784,1818.504624612745,2025-09-22 00:00:00,287.0,358.54998779296875,522530.66672652616,652024.8109563569,129494.14422983077,0.2478211375440733,108
2026-01-08 00:00:00,LTF,2,0.7719256035435954,0.19364633476968024,1734.80145801121,2025-11-24 00:00:00,285.7579233595631,304.1683349609375,496322.01215761935,527671.6709710765,31349.65881345712,0.06316395010806262,45
2026-01-08 00:00:00,MUTHOOTFIN,5,0.713965416590526,0.1941612646693058,137.49310112927756,2025-11-24 00:00:00,3605.5137167668768,3821.487548828125,496322.01215761935,525428.1740153005,29106.161857681116,0.058643705386247774,45
2026-01-08 00:00:00,CANBK,9,0.6836524591018823,0.18747937697839814,3507.441064415707,2025-11-24 00:00:00,141.3375885661555,145.65516662597656,496322.01215761935,510876.9126682624,14554.900510643027,0.02932551882470358,45
2026-01-08 00:00:00,NATIONALUM,1,0.9514086583084171,0.18711440597591797,1517.5721387090362,2025-12-23 00:00:00,286.0255705171217,327.7427978515625,434579.94680712186,497373.338682079,62793.39187495713,0.14449215233308155,16
2026-01-09 00:00:00,ABCAPITAL,5,0.7348879154594493,0.2401221171140064,1818.504624612745,2025-09-22 00:00:00,287.0,353.8500061035156,522530.66672652616,643477.8725184912,120947.20579196507,0.23146432064869507,109
2026-01-09 00:00:00,LTF,3,0.7817477642679826,0.1943444778660319,1734.80145801121,2025-11-24 00:00:00,285.7579233595631,296.64581298828125,496322.01215761935,514621.588884991,18299.576727371663,0.0368703710073616,46
2026-01-09 00:00:00,MUTHOOTFIN,6,0.7197234087012636,0.1941486758965518,137.49310112927756,2025-11-24 00:00:00,3605.5137167668768,3788.96240234375,496322.01215761935,520956.19076047966,24634.17860286031,0.04963345972863504,46
2026-01-09 00:00:00,CANBK,7,0.7126822676203267,0.18888287061552392,3507.441064415707,2025-11-24 00:00:00,141.3375885661555,145.73260498046875,496322.01215761935,511148.52313276904,14826.510975149693,0.029872765285375188,46
2026-01-09 00:00:00,NATIONALUM,1,0.946741866532372,0.1825018585078859,1517.5721387090362,2025-12-23 00:00:00,286.0255705171217,342.04156494140625,434579.94680712186,519072.74923551554,84492.80242839368,0.1944240709889309,17
2026-01-12 00:00:00,ABCAPITAL,5,0.6840909308517152,0.2353795845403315,1818.504624612745,2025-09-22 00:00:00,287.0,355.25,522530.66672652616,646023.7678936776,123493.10116715141,0.236336561719512,112
2026-01-12 00:00:00,LTF,4,0.7017253695045144,0.18950343127293212,1734.80145801121,2025-11-24 00:00:00,285.7579233595631,293.1319885253906,496322.01215761935,508525.8010835729,12203.788925953559,0.02458844989143448,49
2026-01-12 00:00:00,MUTHOOTFIN,7,0.6713865725030149,0.19356816443747168,137.49310112927756,2025-11-24 00:00:00,3605.5137167668768,3876.224609375,496322.01215761935,532954.1422165913,36632.13005897193,0.07380718396857743,49
2026-01-12 00:00:00,CANBK,8,0.6701763256784348,0.1882370151556972,3507.441064415707,2025-11-24 00:00:00,141.3375885661555,145.22921752929688,496322.01215761935,509382.9213152173,13060.909157597926,0.026315393711472363,49
2026-01-12 00:00:00,NATIONALUM,1,0.9456381831204745,0.19331180459356742,1517.5721387090362,2025-12-23 00:00:00,286.0255705171217,344.007080078125,434579.94680712186,522055.5602452108,87475.61343808897,0.2012877356186731,20
2026-01-13 00:00:00,ABCAPITAL,6,0.6834011967968678,0.23753893438500412,1818.504624612745,2025-09-22 00:00:00,287.0,350.8500061035156,522530.66672652616,638022.358644653,115491.69191812683,0.2210237585511341,113
2026-01-13 00:00:00,LTF,5,0.6868670382832084,0.18753136088415515,1734.80145801121,2025-11-24 00:00:00,285.7579233595631,285.7084045410156,496322.01215761935,495647.3567638105,-674.6553938088473,-0.001359309837732109,50
2026-01-13 00:00:00,MUTHOOTFIN,4,0.6922226847329739,0.19461386707863784,137.49310112927756,2025-11-24 00:00:00,3605.5137167668768,3893.379638671875,496322.01215761935,535312.8403945823,38990.8282369629,0.07855953852915232,50
2026-01-13 00:00:00,CANBK,9,0.6599188620490377,0.18763647258886829,3507.441064415707,2025-11-24 00:00:00,141.3375885661555,146.04238891601562,496322.01215761935,512235.0720294025,15913.05987178313,0.03206196679169157,50
2026-01-13 00:00:00,NATIONALUM,1,0.9468882007459534,0.19267936506333458,1517.5721387090362,2025-12-23 00:00:00,286.0255705171217,351.2301940917969,434579.94680712186,533017.1568270781,98437.21001995623,0.22651116496096696,21
2026-01-14 00:00:00,ABCAPITAL,5,0.6577070838723291,0.2349683050369406,1818.504624612745,2025-09-22 00:00:00,287.0,358.6000061035156,522530.66672652616,652115.7694854017,129585.10275887552,0.2479952106364998,114
2026-01-14 00:00:00,LTF,9,0.6459499252663291,0.18094825386759225,1734.80145801121,2025-11-24 00:00:00,285.7579233595631,292.7855224609375,496322.01215761935,507924.75124980824,11602.739092188887,0.023377442079889357,51
2026-01-14 00:00:00,MUTHOOTFIN,3,0.6912027987144347,0.1976580819210133,137.49310112927756,2025-11-24 00:00:00,3605.5137167668768,3905.080810546875,496322.01215761935,536921.6708025227,40599.658644903335,0.08180104377883185,51
2026-01-14 00:00:00,CANBK,7,0.6516193160464464,0.1892210558422659,3507.441064415707,2025-11-24 00:00:00,141.3375885661555,148.9756317138672,496322.01215761935,522523.2482704887,26201.236112869345,0.05279080006741368,51
2026-01-14 00:00:00,NATIONALUM,1,0.9467383642996038,0.19720430333218797,1517.5721387090362,2025-12-23 00:00:00,286.0255705171217,367.10137939453125,434579.94680712186,557102.825450796,122522.8786436742,0.28193403663435285,22
2026-01-16 00:00:00,ABCAPITAL,5,0.6367273893449811,0.2365205045918052,1818.504624612745,2025-09-22 00:00:00,287.0,362.0,522530.66672652616,658298.6741098136,135768.00738328748,0.2598278264390243,116
2026-01-16 00:00:00,LTF,6,0.6311150868737836,0.18487125590281134,1734.80145801121,2025-11-24 00:00:00,285.7579233595631,293.3794250488281,496322.01215761935,508955.0543251975,12633.042167578125,0.02545331832585775,53
2026-01-16 00:00:00,MUTHOOTFIN,3,0.6712320032939967,0.1923521690803305,137.49310112927756,2025-11-24 00:00:00,3605.5137167668768,3903.097412109375,496322.01215761935,536648.9672005759,40326.95504295651,0.08125159484191825,53
2026-01-16 00:00:00,CANBK,7,0.6309193647280643,0.18891559905475871,3507.441064415707,2025-11-24 00:00:00,141.3375885661555,152.11216735839844,496322.01215761935,533524.4621901212,37202.45003250183,0.07495627661319053,53
2026-01-16 00:00:00,NATIONALUM,1,0.9456959220359816,0.19734047137029417,1517.5721387090362,2025-12-23 00:00:00,286.0255705171217,355.3576965332031,434579.94680712186,539280.9395346097,104700.99272748781,0.24092458360476743,24
2026-01-19 00:00:00,ABCAPITAL,4,0.660674291406227,0.23849213401971714,1818.504624612745,2025-09-22 00:00:00,287.0,361.1000061035156,522530.66672652616,656662.0310469336,134131.36432040745,0.25669567905113405,119
2026-01-19 00:00:00,LTF,5,0.6582886776499558,0.1769842357620453,1734.80145801121,2025-11-24 00:00:00,285.7579233595631,296.9922180175781,496322.01215761935,515222.53283487767,18900.52067725832,0.038081165481848485,56
2026-01-19 00:00:00,MUTHOOTFIN,3,0.6934847285370453,0.19471162767502467,137.49310112927756,2025-11-24 00:00:00,3605.5137167668768,3913.806884765625,496322.01215761935,538121.4458075429,41799.433649923536,0.084218375623141,56
2026-01-19 00:00:00,CANBK,6,0.6509367107004443,0.19368185910666982,3507.441064415707,2025-11-24 00:00:00,141.3375885661555,151.8507843017578,496322.01215761935,532607.6765237174,36285.664366098004,0.07310911762377083,56
2026-01-19 00:00:00,NATIONALUM,1,0.9427050611763692,0.19613014343654303,1517.5721387090362,2025-12-23 00:00:00,286.0255705171217,362.2859802246094,434579.94680712186,549795.1098337601,115215.16302663821,0.26511845259572864,27
2026-01-20 00:00:00,ABCAPITAL,5,0.6463005276172211,0.23495517022357562,1818.504624612745,2025-09-22 00:00:00,287.0,355.3500061035156,522530.66672652616,646205.6294554103,123674.96272888413,0.23668460169747543,120
2026-01-20 00:00:00,LTF,4,0.6567917049955013,0.18431708189212137,1734.80145801121,2025-11-24 00:00:00,285.7579233595631,290.805908203125,496322.01215761935,504490.5135490553,8168.501391435973,0.016458067930386015,57
2026-01-20 00:00:00,MUTHOOTFIN,3,0.6748543373935736,0.193277696840325,137.49310112927756,2025-11-24 00:00:00,3605.5137167668768,3897.445068359375,496322.01215761935,535871.8089297396,39549.79677212029,0.07968576005764634,57
2026-01-20 00:00:00,CANBK,6,0.6430897482395275,0.19134576562019542,3507.441064415707,2025-11-24 00:00:00,141.3375885661555,148.77232360839844,496322.01215761935,521810.15707263903,25488.144915019686,0.05135404896554396,57
2026-01-20 00:00:00,NATIONALUM,1,0.9426441066267152,0.19610428542378253,1517.5721387090362,2025-12-23 00:00:00,286.0255705171217,352.7534484863281,434579.94680712186,535328.8052563848,100748.85844926292,0.23183043577935256,28
2026-01-21 00:00:00,ABCAPITAL,5,0.6630665862576689,0.23606205737761804,1818.504624612745,2025-09-22 00:00:00,287.0,346.25,522530.66672652616,629657.226272163,107126.55954563682,0.2050148754268293,121
2026-01-21 00:00:00,LTF,6,0.6550387499910024,0.184336915229283,1734.80145801121,2025-11-24 00:00:00,285.7579233595631,278.4828186035156,496322.01215761935,483112.3997444502,-13209.612413169176,-0.026615004149713465,58
2026-01-21 00:00:00,MUTHOOTFIN,4,0.6963326077202829,0.19637526147985118,137.49310112927756,2025-11-24 00:00:00,3605.5137167668768,3873.844970703125,496322.01215761935,532626.958316028,36304.94615840865,0.07314796698333645,58
2026-01-21 00:00:00,CANBK,7,0.6507360132641337,0.18992913671219486,3507.441064415707,2025-11-24 00:00:00,141.3375885661555,145.94557189941406,496322.01215761935,511895.4920496399,15573.47989202058,0.03137777392608337,58
2026-01-21 00:00:00,NATIONALUM,1,0.9413059841464424,0.19329662920105292,1517.5721387090362,2025-12-23 00:00:00,286.0255705171217,355.2594299316406,434579.94680712186,539131.8128779129,104551.86607079103,0.2405814323438949,29
2026-01-22 00:00:00,ABCAPITAL,9,0.635490085026225,0.23457671144297576,1818.504624612745,2025-09-22 00:00:00,287.0,354.5,522530.66672652616,644659.8894252181,122129.22269869194,0.23372642119512194,122
2026-01-22 00:00:00,LTF,11,0.6072467227084835,0.18127794225754898,1734.80145801121,2025-11-24 00:00:00,285.7579233595631,284.3721618652344,496322.01215761935,493329.24102160835,-2992.771136010997,-0.0060298980554998405,59
2026-01-22 00:00:00,MUTHOOTFIN,4,0.6875364462459863,0.196511928163701,137.49310112927756,2025-11-24 00:00:00,3605.5137167668768,3829.51953125,496322.01215761935,526532.5161866999,30210.504029080505,0.06086875715576042,59
2026-01-22 00:00:00,CANBK,8,0.6423172444386476,0.18918643911355554,3507.441064415707,2025-11-24 00:00:00,141.3375885661555,149.74038696289062,496322.01215761935,525205.582235141,28883.57007752161,0.05819522279892135,59
2026-01-22 00:00:00,NATIONALUM,1,0.9414903404857149,0.1984469790222187,1517.5721387090362,2025-12-23 00:00:00,286.0255705171217,358.305908203125,434579.94680712186,543755.0634238999,109175.11661677808,0.25121986741195146,30
2026-01-23 00:00:00,ABCAPITAL,8,0.6492378849775351,0.2342197903543951,1818.504624612745,2025-09-22 00:00:00,287.0,347.45001220703125,522530.66672652616,631839.454020241,109308.78729371488,0.2091911427486096,123
2026-01-23 00:00:00,LTF,13,0.6165786337288565,0.18027304120387583,1734.80145801121,2025-11-24 00:00:00,285.7579233595631,285.0650329589844,496322.01215761935,494531.2348052597,-1790.7773523596697,-0.003608095769467835,60
2026-01-23 00:00:00,MUTHOOTFIN,3,0.6981175090199764,0.19470674715460334,137.49310112927756,2025-11-24 00:00:00,3605.5137167668768,3770.9150390625,496322.01215761935,518474.80281573394,22152.790658114594,0.04463390725269591,60
2026-01-23 00:00:00,CANBK,6,0.6788783380882575,0.19205053525146396,3507.441064415707,2025-11-24 00:00:00,141.3375885661555,146.96205139160156,496322.01215761935,515460.7339616748,19138.721804055443,0.0385610981081723,60
2026-01-23 00:00:00,NATIONALUM,1,0.941556130755112,0.19874988603566168,1517.5721387090362,2025-12-23 00:00:00,286.0255705171217,364.25146484375,434579.94680712186,552777.874530829,118197.92772370717,0.2719820106567562,31
2026-01-27 00:00:00,GOLDBEES,0,0.0,1.0,20857.655699053124,2026-01-27 00:00:00,130.5500030517578,131.4499969482422,2726200.9055592967,2741738.7779880194,15537.87242872268,0.005699459785607763,0
2026-01-28 00:00:00,GOLDBEES,0,0.0,1.0,20857.655699053124,2026-01-27 00:00:00,130.5500030517578,135.82000732421875,2726200.9055592967,2832886.9498114283,106686.0442521316,0.039133595779598025,1
2026-01-29 00:00:00,GOLDBEES,0,0.0,1.0,20857.655699053124,2026-01-27 00:00:00,130.5500030517578,146.52999877929688,2726200.9055592967,3056272.264121249,330071.35856195213,0.12107374694538002,2
2026-01-30 00:00:00,GOLDBEES,0,0.0,1.0,20857.655699053124,2026-01-27 00:00:00,130.5500030517578,131.1199951171875,2726200.9055592967,2734855.713415824,8654.807856527157,0.0031746771996437185,3
2026-02-02 00:00:00,GOLDBEES,0,0.0,1.0,20857.655699053124,2026-01-27 00:00:00,130.5500030517578,118.66999816894531,2726200.9055592967,2475177.963615126,-251022.94194417074,-0.0920779321260888,6
2026-02-03 00:00:00,GOLDBEES,0,0.0,1.0,20857.655699053124,2026-01-27 00:00:00,130.5500030517578,125.19999694824219,2726200.9055592967,2611378.4298689375,-114822.47569035925,-0.042118126898209186,7
2026-02-04 00:00:00,GOLDBEES,0,0.0,1.0,20857.655699053124,2026-01-27 00:00:00,130.5500030517578,129.60000610351562,2726200.9055592967,2703152.3059023125,-23048.59965698421,-0.008454475827508997,8
2026-02-05 00:00:00,GOLDBEES,0,0.0,1.0,20857.655699053124,2026-01-27 00:00:00,130.5500030517578,125.22000122070312,2726200.9055592967,2611795.672096438,-114405.23346285895,-0.04196507793301756,9
2026-02-06 00:00:00,GOLDBEES,0,0.0,1.0,20857.655699053124,2026-01-27 00:00:00,130.5500030517578,125.04000091552734,2726200.9055592967,2608041.2877053567,-118159.61785394,-0.04334222676435464,10
2026-02-09 00:00:00,GOLDBEES,0,0.0,1.0,20857.655699053124,2026-01-27 00:00:00,130.5500030517578,127.9800033569336,2726200.9055592967,2669362.846382584,-56838.05917671276,-0.020848815309542305,13
2026-02-10 00:00:00,GOLDBEES,0,0.0,1.0,20857.655699053124,2026-01-27 00:00:00,130.5500030517578,128.33999633789062,2726200.9055592967,2676871.4560334617,-49329.44952583499,-0.01809457601794566,14
2026-02-11 00:00:00,GOLDBEES,0,0.0,1.0,20857.655699053124,2026-01-27 00:00:00,130.5500030517578,128.6999969482422,2726200.9055592967,2684380.2248156234,-41820.68074367335,-0.015340278355271686,15
2026-02-12 00:00:00,GOLDBEES,0,0.0,1.0,20857.655699053124,2026-01-27 00:00:00,130.5500030517578,128.52000427246094,2726200.9055592967,2680625.9995558267,-45574.90600347007,-0.01671736881553126,16
2026-02-13 00:00:00,GOLDBEES,0,0.0,1.0,20857.655699053124,2026-01-27 00:00:00,130.5500030517578,126.0999984741211,2726200.9055592967,2630150.3518243423,-96050.55373495445,-0.035232382741523995,17
2026-02-16 00:00:00,GOLDBEES,0,0.0,1.0,20857.655699053124,2026-01-27 00:00:00,130.5500030517578,126.91999816894531,2726200.9055592967,2647253.6231323145,-78947.28242698219,-0.02895871770345028,20
2026-02-17 00:00:00,GOLDBEES,0,0.0,1.0,20857.655699053124,2026-01-27 00:00:00,130.5500030517578,124.58000183105469,2726200.9055592967,2598446.7851795466,-127754.12037975015,-0.04686159413975421,21
2026-02-18 00:00:00,GOLDBEES,0,0.0,1.0,20857.655699053124,2026-01-27 00:00:00,130.5500030517578,124.63999938964844,2726200.9055592967,2599698.193599479,-126502.71195981791,-0.04640256398633435,22
2026-02-19 00:00:00,GOLDBEES,0,0.0,1.0,20857.655699053124,2026-01-27 00:00:00,130.5500030517578,127.08999633789062,2726200.9055592967,2650799.386409645,-75401.51914965175,-0.027658093354709187,23
2026-02-20 00:00:00,GOLDBEES,0,0.0,1.0,20857.655699053124,2026-01-27 00:00:00,130.5500030517578,127.54000091552734,2726200.9055592967,2660185.42695299,-66015.47860630695,-0.024215192090827755,24
2026-02-23 00:00:00,GOLDBEES,0,0.0,1.0,20857.655699053124,2026-01-27 00:00:00,130.5500030517578,130.0,2726200.9055592967,2711495.240876906,-14705.664682390634,-0.005394196976606784,27
2026-02-24 00:00:00,GOLDBEES,0,0.0,1.0,20857.655699053124,2026-01-27 00:00:00,130.5500030517578,131.22000122070312,2726200.9055592967,2736941.6062907563,10740.70073145954,0.003939805283446643,28
2026-02-25 00:00:00,GOLDBEES,0,0.0,1.0,20857.655699053124,2026-01-27 00:00:00,130.5500030517578,131.69000244140625,2726200.9055592967,2746744.729930317,20543.82437102031,0.007535697141442193,29
2026-02-26 00:00:00,GOLDBEES,0,0.0,1.0,20857.655699053124,2026-01-27 00:00:00,130.5500030517578,130.47999572753906,2726200.9055592967,2721506.8264989327,-4694.079060364049,-0.0017218390070929237,30
2026-02-27 00:00:00,GOLDBEES,0,0.0,1.0,20857.655699053124,2026-01-27 00:00:00,130.5500030517578,131.60000610351562,2726200.9055592967,2744867.6173004187,18666.71174112195,0.006847151911312407,31
2026-03-02 00:00:00,GOLDBEES,0,0.0,1.0,20857.655699053124,2026-01-27 00:00:00,130.5500030517578,138.32000732421875,2726200.9055592967,2885031.089059061,158830.18349976419,0.05826063045312473,34
2026-03-04 00:00:00,GOLDBEES,0,0.0,1.0,20857.655699053124,2026-01-27 00:00:00,130.5500030517578,133.9600067138672,2726200.9055592967,2794091.697480687,67890.79192139022,0.024903077312807952,36
2026-03-05 00:00:00,GOLDBEES,0,0.0,1.0,20857.655699053124,2026-01-27 00:00:00,130.5500030517578,132.24000549316406,2726200.9055592967,2758216.50421731,32015.598658013158,0.011743668118049048,37
2026-03-06 00:00:00,GOLDBEES,0,0.0,1.0,20857.655699053124,2026-01-27 00:00:00,130.5500030517578,130.82000732421875,2726200.9055592967,2728598.6713161627,2397.7657568659633,0.0008795264325444302,38
2026-03-09 00:00:00,GOLDBEES,0,0.0,1.0,20857.655699053124,2026-01-27 00:00:00,130.5500030517578,131.35000610351562,2726200.9055592967,2739653.203375655,13452.297816358507,0.004934448443959667,41
2026-03-10 00:00:00,GOLDBEES,0,0.0,1.0,20857.655699053124,2026-01-27 00:00:00,130.5500030517578,132.1999969482422,2726200.9055592967,2757382.0197623093,31181.11420301255,0.011437570187665811,42
2026-03-11 00:00:00,GOLDBEES,0,0.0,1.0,20857.655699053124,2026-01-27 00:00:00,130.5500030517578,132.7100067138672,2726200.9055592967,2768019.62785687,41818.72229757346,0.015339559976044427,43
2026-03-12 00:00:00,GOLDBEES,0,0.0,1.0,20857.655699053124,2026-01-27 00:00:00,130.5500030517578,132.42999267578125,2726200.9055592967,2762179.1914595724,35978.28590027569,0.01319722468982693,44
2026-03-13 00:00:00,GOLDBEES,0,0.0,1.0,20857.655699053124,2026-01-27 00:00:00,130.5500030517578,130.32000732421875,2726200.9055592967,2718169.8434666363,-8031.062092660461,-0.0029458805021608777,45
2026-03-16 00:00:00,GOLDBEES,0,0.0,1.0,20857.655699053124,2026-01-27 00:00:00,130.5500030517578,127.22000122070312,2726200.9055592967,2653510.983494544,-72689.92206475278,-0.02666345019419616,48
2026-03-17 00:00:00,GOLDBEES,0,0.0,1.0,20857.655699053124,2026-01-27 00:00:00,130.5500030517578,128.22000122070312,2726200.9055592967,2674368.6391935972,-51832.26636569947,-0.019012636324785375,49
2026-03-18 00:00:00,GOLDBEES,0,0.0,1.0,20857.655699053124,2026-01-27 00:00:00,130.5500030517578,127.91000366210938,2726200.9055592967,2667902.8168489016,-58298.08871039515,-0.021384369945557972,50
2026-03-19 00:00:00,GOLDBEES,0,0.0,1.0,20857.655699053124,2026-01-27 00:00:00,130.5500030517578,121.31999969482422,2726200.9055592967,2530450.7830438735,-195750.12251542322,-0.07180326369793494,51
2026-03-20 00:00:00,GOLDBEES,0,0.0,1.0,20857.655699053124,2026-01-27 00:00:00,130.5500030517578,121.05999755859375,2726200.9055592967,2525027.7480053604,-201173.15755393635,-0.07379249164788332,52
2026-03-23 00:00:00,GOLDBEES,0,0.0,1.0,20857.655699053124,2026-01-27 00:00:00,130.5500030517578,110.72000122070312,2726200.9055592967,2309359.6644601673,-416841.24109912943,-0.15290187903947303,55
2026-03-24 00:00:00,GOLDBEES,0,0.0,1.0,20857.655699053124,2026-01-27 00:00:00,130.5500030517578,115.48999786376953,2726200.9055592967,2408850.612126886,-317350.2934324108,-0.1164075225656579,56
2026-03-25 00:00:00,GOLDBEES,0,0.0,1.0,20857.655699053124,2026-01-27 00:00:00,130.5500030517578,119.29000091552734,2726200.9055592967,2488109.767435801,-238091.1381234955,-0.08733440651346627,57
2026-03-27 00:00:00,GOLDBEES,0,0.0,1.0,20857.655699053124,2026-01-27 00:00:00,130.5500030517578,117.52999877929688,2726200.9055592967,2451400.2488487083,-274800.6567105884,-0.10079985526753076,59
2026-03-30 00:00:00,GOLDBEES,0,0.0,1.0,20857.655699053124,2026-01-27 00:00:00,130.5500030517578,121.19000244140625,2726200.9055592967,2527739.3450902593,-198461.5604690374,-0.0727978484873703,62
2026-04-01 00:00:00,GOLDBEES,0,0.0,1.0,20857.655699053124,2026-01-27 00:00:00,130.5500030517578,123.37000274658203,2726200.9055592967,2573209.0408794465,-152991.86467985017,-0.05611907191721183,64
2026-04-02 00:00:00,GOLDBEES,0,0.0,1.0,20857.655699053124,2026-01-27 00:00:00,130.5500030517578,120.58000183105469,2726200.9055592967,2515016.162383334,-211184.74317596294,-0.07746484961739718,65
2026-04-06 00:00:00,GOLDBEES,0,0.0,1.0,20857.655699053124,2026-01-27 00:00:00,130.5500030517578,122.80999755859375,2726200.9055592967,2561528.645478703,-164672.26008059364,-0.06040356737641466,69
2026-04-07 00:00:00,GOLDBEES,0,0.0,1.0,20857.655699053124,2026-01-27 00:00:00,130.5500030517578,121.77999877929688,2726200.9055592967,2540045.285569684,-186155.6199896126,-0.0682838963225352,70
2026-04-08 00:00:00,GOLDBEES,0,0.0,1.0,20857.655699053124,2026-01-27 00:00:00,130.5500030517578,124.38999938964844,2726200.9055592967,2594483.7796747154,-131717.12588458136,-0.04831526745368709,71
2026-04-09 00:00:00,GOLDBEES,0,0.0,1.0,20857.655699053124,2026-01-27 00:00:00,130.5500030517578,123.20999908447266,2726200.9055592967,2569871.7395845815,-156329.16597471526,-0.05734323015443478,72
2026-04-10 00:00:00,GOLDBEES,0,0.0,1.0,20857.655699053124,2026-01-27 00:00:00,130.5500030517578,123.48999786376953,2726200.9055592967,2575711.8577193106,-150489.04783998616,-0.05520101161037228,73
2026-04-13 00:00:00,GOLDBEES,0,0.0,1.0,20857.655699053124,2026-01-27 00:00:00,130.5500030517578,123.76000213623047,2726200.9055592967,2581343.5138715743,-144857.3916877224,-0.05313525917782792,76
2026-04-15 00:00:00,GOLDBEES,0,0.0,1.0,20857.655699053124,2026-01-27 00:00:00,130.5500030517578,125.05999755859375,2726200.9055592967,2608458.3708015727,-117742.53475772403,-0.043189236170240515,78
2026-04-16 00:00:00,GOLDBEES,0,0.0,1.0,20857.655699053124,2026-01-27 00:00:00,130.5500030517578,125.61000061035156,2726200.9055592967,2619930.1450885655,-106270.76047073118,-0.03898126519363366,79
2026-04-17 00:00:00,GOLDBEES,0,0.0,1.0,20857.655699053124,2026-01-27 00:00:00,130.5500030517578,124.80000305175781,2726200.9055592967,2603035.4948943434,-123165.41066495329,-0.04517840574911157,80
2026-04-20 00:00:00,NATIONALUM,1,0.8457625523690682,0.2,1209.3020626485077,2026-04-20 00:00:00,430.8537792764719,424.5352478027344,521651.1601480401,513391.350834842,-8259.809313198086,-0.01583397094497791,0
2026-04-20 00:00:00,GVT&D,2,0.6611698405817716,0.2,125.28431000493751,2026-04-20 00:00:00,4158.7998046875,4232.2998046875,521651.1601480401,530240.7607643052,8589.600616265147,0.01646617753869749,0
2026-04-20 00:00:00,ADANIPOWER,3,0.6193527052799402,0.2,2624.8481812541177,2026-04-20 00:00:00,198.5,200.8300018310547,521651.1601480401,527148.265047505,5497.104899464932,0.010537894515378631,0
2026-04-20 00:00:00,HINDCOPPER,4,0.600244323523013,0.2,915.6983549717792,2026-04-20 00:00:00,569.0,556.5999755859375,521651.1601480401,509677.6820213754,-11973.478126664704,-0.022953036514414604,0
2026-04-20 00:00:00,CUMMINSIND,5,0.5887684586095184,0.2,100.70204174312762,2026-04-20 00:00:00,5174.0,5200.2998046875,521651.1601480401,523680.80800841906,2029.6478603789583,0.0038908144281764117,0
2026-04-21 00:00:00,NATIONALUM,1,0.8257380639479497,0.1959077360773922,1209.3020626485077,2026-04-20 00:00:00,430.8537792764719,420.8536071777344,521651.1601480401,508939.135233099,-12712.02491494111,-0.024368823240675908,1
2026-04-21 00:00:00,GVT&D,2,0.6910323964298487,0.20375239804506784,125.28431000493751,2026-04-20 00:00:00,4158.7998046875,4252.10009765625,521651.1601480401,532721.4268067906,11070.266658750537,0.02122158926208252,1
2026-04-21 00:00:00,ADANIPOWER,3,0.6252697581037091,0.20372682806626843,2624.8481812541177,2026-04-20 00:00:00,198.5,202.97999572753906,521651.1601480401,532791.6726163995,11140.512468359375,0.02135624976890264,1
2026-04-21 00:00:00,HINDCOPPER,4,0.6066238899774731,0.19612002695994904,915.6983549717792,2026-04-20 00:00:00,569.0,551.8499755859375,521651.1601480401,505328.11483525945,-16323.045312780654,-0.031291112835152735,1
2026-04-21 00:00:00,CUMMINSIND,5,0.6033098895890715,0.20049301085132243,100.70204174312762,2026-04-20 00:00:00,5174.0,5116.39990234375,521651.1601480401,515231.91654035443,-6419.243607685668,-0.012305625096019996,1
2026-04-22 00:00:00,NATIONALUM,1,0.8115360705890173,0.19543193809099724,1209.3020626485077,2026-04-20 00:00:00,430.8537792764719,433.7891845703125,521651.1601480401,524582.1556554931,2930.9955074530444,0.005618688754801682,2
2026-04-22 00:00:00,GVT&D,2,0.6976961076278579,0.20524284138062512,125.28431000493751,2026-04-20 00:00:00,4158.7998046875,4239.39990234375,521651.1601480401,531130.2916001362,9479.131452096102,0.01817139915764015,2
2026-04-22 00:00:00,ADANIPOWER,3,0.6301025494460466,0.2061943245942446,2624.8481812541177,2026-04-20 00:00:00,198.5,215.64999389648438,521651.1601480401,566048.4942666485,44397.33411860844,0.08510924063891445,2
2026-04-22 00:00:00,HINDCOPPER,5,0.5978270646309717,0.19535558292813254,915.6983549717792,2026-04-20 00:00:00,569.0,556.9500122070312,521651.1601480401,509998.20997949084,-11652.950168549258,-0.022338587659312886,2
2026-04-22 00:00:00,CUMMINSIND,6,0.5849313895182323,0.19777531300600049,100.70204174312762,2026-04-20 00:00:00,5174.0,5211.7998046875,521651.1601480401,524838.881488465,3187.721340424905,0.0061108295810561545,2
2026-04-23 00:00:00,NATIONALUM,1,0.8179988777748722,0.19661011951996288,1209.3020626485077,2026-04-20 00:00:00,430.8537792764719,437.07281494140625,521651.1601480401,528553.0566362321,6901.896488191967,0.013230865788227651,3
2026-04-23 00:00:00,GVT&D,2,0.6861740624442322,0.2023508032803079,125.28431000493751,2026-04-20 00:00:00,4158.7998046875,4496.39990234375,521651.1601480401,563328.3592714051,41677.19912336505,0.0798947693541742,3
2026-04-23 00:00:00,ADANIPOWER,3,0.6661107697838295,0.21295984995684933,2624.8481812541177,2026-04-20 00:00:00,198.5,214.17999267578125,521651.1601480401,562189.9642360447,40538.804088004574,0.07771247758080325,3
2026-04-23 00:00:00,HINDCOPPER,7,0.5802238883360524,0.19138962080125238,915.6983549717792,2026-04-20 00:00:00,569.0,549.4500122070312,521651.1601480401,503130.4723172025,-18520.687830837618,-0.035503971323636294,3
2026-04-23 00:00:00,CUMMINSIND,6,0.5861764185933676,0.1966896064416275,100.70204174312762,2026-04-20 00:00:00,5174.0,5176.89990234375,521651.1601480401,521324.3900658136,-326.77008222648874,-0.0006264149439133888,3
2026-04-24 00:00:00,NATIONALUM,1,0.8132643299126915,0.1954789025370705,1209.3020626485077,2026-04-20 00:00:00,430.8537792764719,434.8836975097656,521651.1601480401,525905.7524107692,4254.592262729129,0.008156010352822205,4
2026-04-24 00:00:00,GVT&D,2,0.7296555132759585,0.21143734278205245,125.28431000493751,2026-04-20 00:00:00,4158.7998046875,4598.2998046875,521651.1601480401,576094.8182261124,54443.6580780723,0.10436794209874212,4
2026-04-24 00:00:00,ADANIPOWER,3,0.6304938575985115,0.21067710374502505,2624.8481812541177,2026-04-20 00:00:00,198.5,212.89999389648438,521651.1601480401,558830.1617681998,37179.00162015966,0.07127177021825962,4
2026-04-24 00:00:00,HINDCOPPER,7,0.5512652389557883,0.18810746020702662,915.6983549717792,2026-04-20 00:00:00,569.0,541.5,521651.1601480401,495850.6592172184,-25800.500930821698,-0.04945929943585238,4
2026-04-24 00:00:00,CUMMINSIND,6,0.5567379229106706,0.19429919072882534,100.70204174312762,2026-04-20 00:00:00,5174.0,5232.0,521651.1601480401,526873.0824000437,5221.922252003627,0.010010372162350201,4
2026-04-27 00:00:00,NATIONALUM,1,0.8061994486275096,0.1967922733824472,1209.3020626485077,2026-04-20 00:00:00,430.8537792764719,438.81414794921875,521651.1601480401,530658.8542343377,9007.69408629759,0.01726765849373609,7
2026-04-27 00:00:00,GVT&D,2,0.730975898379739,0.21463036559551382,125.28431000493751,2026-04-20 00:00:00,4158.7998046875,4556.7998046875,521651.1601480401,570895.5193609075,49244.35921286739,0.09440093874015783,7
2026-04-27 00:00:00,ADANIPOWER,4,0.6146785798166976,0.20797465788730654,2624.8481812541177,2026-04-20 00:00:00,198.5,218.0500030517578,521651.1601480401,572348.1539328613,50696.993784821185,0.09718562452814984,7
2026-04-27 00:00:00,HINDCOPPER,8,0.5411396397823123,0.18486616393594818,915.6983549717792,2026-04-20 00:00:00,569.0,559.3499755859375,521651.1601480401,512195.8524975478,-9455.307650492294,-0.01812572917082933,7
2026-04-27 00:00:00,CUMMINSIND,6,0.5626206384028398,0.19573653919878425,100.70204174312762,2026-04-20 00:00:00,5174.0,5233.2001953125,521651.1601480401,526993.944518503,5342.784370462934,0.010242063621495058,7
2026-04-28 00:00:00,NATIONALUM,1,0.8122589019146343,0.1939436098842266,1209.3020626485077,2026-04-20 00:00:00,430.8537792764719,439.3116455078125,521651.1601480401,531260.4790581077,9609.31891006761,0.018420967198348737,8
2026-04-28 00:00:00,GVT&D,2,0.7269420420528544,0.20975558629443947,125.28431000493751,2026-04-20 00:00:00,4158.7998046875,4520.7998046875,521651.1601480401,566385.2842007297,44734.124052689585,0.08575486353753038,8
2026-04-28 00:00:00,ADANIPOWER,4,0.6288645937770354,0.21201338333576009,2624.8481812541177,2026-04-20 00:00:00,198.5,223.35000610351562,521651.1601480401,586259.857303909,64608.697155868926,0.1238542192401787,8
2026-04-28 00:00:00,HINDCOPPER,8,0.5595217242034989,0.18937093013589273,915.6983549717792,2026-04-20 00:00:00,569.0,556.4000244140625,521651.1601480401,509494.5870622148,-12156.573085825308,-0.02330402769999664,8
2026-04-28 00:00:00,CUMMINSIND,9,0.5548082724534836,0.19491649034968117,100.70204174312762,2026-04-20 00:00:00,5174.0,5258.0,521651.1601480401,529491.335485365,7840.1753373249085,0.015029536855817467,8
2026-04-29 00:00:00,NATIONALUM,1,0.8069669600235153,0.1936448671408865,1209.3020626485077,2026-04-20 00:00:00,430.8537792764719,431.15228271484375,521651.1601480401,521393.3448026731,-257.8153453670093,-0.0004942294105007713,9
2026-04-29 00:00:00,GVT&D,2,0.7222431057338023,0.2084896925234127,125.28431000493751,2026-04-20 00:00:00,4158.7998046875,4479.39990234375,521651.1601480401,561198.5260013212,39547.36585328105,0.07581190050848895,9
2026-04-29 00:00:00,ADANIPOWER,3,0.6543011268425731,0.21600470653282952,2624.8481812541177,2026-04-20 00:00:00,198.5,219.27999877929688,521651.1601480401,575576.7059812426,53925.54583320249,0.1033747261635513,9
2026-04-29 00:00:00,HINDCOPPER,8,0.5499905959434087,0.18709783529589022,915.6983549717792,2026-04-20 00:00:00,569.0,555.25,521651.1601480401,508441.5115980804,-13209.648549959704,-0.02532276271792613,9
2026-04-29 00:00:00,CUMMINSIND,7,0.5590615023976652,0.19476289850698114,100.70204174312762,2026-04-20 00:00:00,5174.0,5288.0,521651.1601480401,532512.3967376589,10861.236589618784,0.02082088073289525,9
2026-04-30 00:00:00,NATIONALUM,1,0.8059069094465912,0.1928344945202554,1209.3020626485077,2026-04-20 00:00:00,430.8537792764719,397.3208312988281,521651.1601480401,480480.9008228926,-41170.25932514749,-0.07892297088625994,10
2026-04-30 00:00:00,GVT&D,2,0.7427787715406186,0.2093905139962565,125.28431000493751,2026-04-20 00:00:00,4158.7998046875,4466.2001953125,521651.1601480401,559544.8098136437,37893.64966560359,0.07264174329613242,10
2026-04-30 00:00:00,ADANIPOWER,3,0.6650299671488354,0.21168707911382525,2624.8481812541177,2026-04-20 00:00:00,198.5,221.85000610351562,521651.1601480401,582322.5850320279,60671.42488398781,0.11630650810163977,10
2026-04-30 00:00:00,HINDCOPPER,5,0.600385811048072,0.1884008902088707,915.6983549717792,2026-04-20 00:00:00,569.0,534.8499755859375,521651.1601480401,489761.24280073924,-31889.917347300856,-0.0611326491409523,10
2026-04-30 00:00:00,CUMMINSIND,10,0.5742355986126099,0.19768702216079212,100.70204174312762,2026-04-20 00:00:00,5174.0,5266.39990234375,521651.1601480401,530337.2228018235,8686.062653783418,0.016651094289368375,10
2026-05-04 00:00:00,NATIONALUM,2,0.7743934847219929,0.18067019365980996,1209.3020626485077,2026-04-20 00:00:00,430.8537792764719,405.7786865234375,521651.1601480401,490709.00259159517,-30942.15755644493,-0.059315803203933856,14
2026-05-04 00:00:00,GVT&D,1,0.7786864819679836,0.21215144610441772,125.28431000493751,2026-04-20 00:00:00,4158.7998046875,4486.60009765625,521651.1601480401,562100.5975029485,40449.43735490838,0.07754116245697447,14
2026-05-04 00:00:00,ADANIPOWER,3,0.751939034710551,0.22026518058212008,2624.8481812541177,2026-04-20 00:00:00,198.5,227.3000030517578,521651.1601480401,596627.9996094619,74976.83946142177,0.14372984321580726,14
2026-05-04 00:00:00,HINDCOPPER,10,0.616559196072472,0.18607284202950225,915.6983549717792,2026-04-20 00:00:00,569.0,537.4000244140625,521651.1601480401,492096.318317751,-29554.841830289108,-0.05665633298294918,14
2026-05-04 00:00:00,CUMMINSIND,9,0.6192233755480056,0.2008403376241499,100.70204174312762,2026-04-20 00:00:00,5174.0,5289.0,521651.1601480401,532613.098779402,10961.938631361874,0.021013925528797772,14
2026-05-05 00:00:00,NATIONALUM,2,0.7563814322910165,0.18415801358743208,1209.3020626485077,2026-04-20 00:00:00,430.8537792764719,411.5499572753906,521651.1601480401,497688.2122160351,-23962.947932004987,-0.04593672891517103,15
2026-05-05 00:00:00,GVT&D,3,0.745904796288918,0.21139016350749074,125.28431000493751,2026-04-20 00:00:00,4158.7998046875,4578.89990234375,521651.1601480401,573664.3148468125,52013.154698772414,0.09970869169352854,15
2026-05-05 00:00:00,ADANIPOWER,1,0.7802546518801103,0.2234723281109156,2624.8481812541177,2026-04-20 00:00:00,198.5,229.9600067138672,521651.1601480401,603610.1053840789,81958.94523603882,0.15711446939517892,15
2026-05-05 00:00:00,HINDCOPPER,10,0.5898531655858806,0.18184518044746556,915.6983549717792,2026-04-20 00:00:00,569.0,532.0499877929688,521651.1601480401,487197.2985847767,-34453.8615632634,-0.06604770428093305,15
2026-05-05 00:00:00,CUMMINSIND,9,0.5972824196825073,0.19913431434669598,100.70204174312762,2026-04-20 00:00:00,5174.0,5260.0,521651.1601480401,529692.7395688513,8041.579420811206,0.015415626447622727,15
2026-05-06 00:00:00,NATIONALUM,2,0.742794016302564,0.18454258373247456,1209.3020626485077,2026-04-20 00:00:00,430.8537792764719,404.5348815917969,521651.1601480401,489204.86672222975,-32446.29342581035,-0.06219921645837492,16
2026-05-06 00:00:00,GVT&D,3,0.7149440742365543,0.2119049537205238,125.28431000493751,2026-04-20 00:00:00,4158.7998046875,4563.10009765625,521651.1601480401,571684.8472183263,50033.68707028619,0.09591407226255773,16
2026-05-06 00:00:00,ADANIPOWER,1,0.7670966198781398,0.22380259742544664,2624.8481812541177,2026-04-20 00:00:00,198.5,229.1199951171875,521651.1601480401,601405.2024723019,79754.0423242618,0.15288769280533812,16
2026-05-06 00:00:00,HINDCOPPER,10,0.559408109393681,0.18276575809408144,915.6983549717792,2026-04-20 00:00:00,569.0,550.5,521651.1601480401,504091.94441196445,-17559.215736075654,-0.033660839038664264,16
2026-05-06 00:00:00,CUMMINSIND,9,0.5670532308915553,0.19698410702747357,100.70204174312762,2026-04-20 00:00:00,5174.0,5324.5,521651.1601480401,536188.0212612831,14536.86111324298,0.027867015783339853,16
2026-05-07 00:00:00,NATIONALUM,1,0.7776179349506633,0.18126343307208312,1209.3020626485077,2026-04-20 00:00:00,430.8537792764719,401.5,521651.1601480401,485534.77815337584,-36116.38199466426,-0.06923473913949457,17
2026-05-07 00:00:00,GVT&D,3,0.71181897095093,0.21119916250166648,125.28431000493751,2026-04-20 00:00:00,4158.7998046875,4768.2001953125,521651.1601480401,597380.6714351348,75729.51128709473,0.14517270749595065,17
2026-05-07 00:00:00,ADANIPOWER,2,0.7628382006105955,0.22191848614420806,2624.8481812541177,2026-04-20 00:00:00,198.5,230.19000244140625,521651.1601480401,604213.8092512061,82562.64910316601,0.15827176360488768,17
2026-05-07 00:00:00,HINDCOPPER,6,0.6207617987089276,0.18748610423543435,915.6983549717792,2026-04-20 00:00:00,569.0,568.5999755859375,521651.1601480401,520666.06228103675,-985.097867003351,-0.0018884226514971974,17
2026-05-07 00:00:00,CUMMINSIND,9,0.5793726888065144,0.19813281404660799,100.70204174312762,2026-04-20 00:00:00,5174.0,5403.0,521651.1601480401,544093.1315381186,22441.971390078485,0.04302103226169313,17
2026-05-08 00:00:00,NATIONALUM,1,0.7845143387804624,0.17666075688660804,1209.3020626485077,2026-04-20 00:00:00,430.8537792764719,401.95001220703125,521651.1601480401,486078.9788435557,-35572.18130448437,-0.06819151191840404,18
2026-05-08 00:00:00,GVT&D,3,0.728572356859318,0.21697482096072543,125.28431000493751,2026-04-20 00:00:00,4158.7998046875,4625.5,521651.1601480401,579502.5759278385,57851.41577979835,0.11090057915979831,18
2026-05-08 00:00:00,ADANIPOWER,2,0.7728303134729886,0.21968526368343616,2624.8481812541177,2026-04-20 00:00:00,198.5,225.3300018310547,521651.1601480401,591457.0454882309,69805.88534019078,0.1338171764448496,18
2026-05-08 00:00:00,HINDCOPPER,5,0.6897046974099018,0.18910893387398248,915.6983549717792,2026-04-20 00:00:00,569.0,569.2000122070312,521651.1601480401,521215.51482789515,-435.6453201449476,-0.0008351276742513431,18
2026-05-08 00:00:00,CUMMINSIND,9,0.5855349632590836,0.19757022459524784,100.70204174312762,2026-04-20 00:00:00,5174.0,5401.0,521651.1601480401,543891.7274546323,22240.567306592187,0.042634942669887876,18
2026-05-11 00:00:00,NATIONALUM,1,0.7840881635623672,0.1789458396604934,1209.3020626485077,2026-04-20 00:00:00,430.8537792764719,393.04998779296875,521651.1601480401,475316.1609620079,-46334.99918603222,-0.0888237249829613,21
2026-05-11 00:00:00,GVT&D,5,0.6676782109080656,0.2136620452165117,125.28431000493751,2026-04-20 00:00:00,4158.7998046875,4432.89990234375,521651.1601480401,555372.8055860916,33721.64543805149,0.06464405337176204,21
2026-05-11 00:00:00,ADANIPOWER,2,0.7575152184346514,0.2170458375293406,2624.8481812541177,2026-04-20 00:00:00,198.5,222.02999877929688,521651.1601480401,582795.0384796914,61143.87833165127,0.11721219658420613,21
2026-05-11 00:00:00,HINDCOPPER,4,0.708763052672846,0.19190912583329223,915.6983549717792,2026-04-20 00:00:00,569.0,572.9000244140625,521651.1601480401,524603.6099192492,2952.449771209096,0.0056598163615148795,21
2026-05-11 00:00:00,CUMMINSIND,10,0.5960381350195597,0.19843715176036208,100.70204174312762,2026-04-20 00:00:00,5174.0,5238.5,521651.1601480401,527527.645671374,5876.485523333948,0.011265163335717018,21
2026-05-12 00:00:00,NATIONALUM,1,0.7638886401399936,0.17807818587147686,1209.3020626485077,2026-04-20 00:00:00,430.8537792764719,394.04998779296875,521651.1601480401,476525.4630246564,-45125.697123383696,-0.08650550515516425,22
2026-05-12 00:00:00,GVT&D,9,0.6079321232641821,0.2069089349397578,125.28431000493751,2026-04-20 00:00:00,4158.7998046875,4282.39990234375,521651.1601480401,536517.5169303485,14866.356782308372,0.02849865564966716,22
2026-05-12 00:00:00,ADANIPOWER,2,0.7296896563739048,0.21799158843209296,2624.8481812541177,2026-04-20 00:00:00,198.5,209.6300048828125,521651.1601480401,550246.9370529422,28595.77690490213,0.05481781521733201,22
2026-05-12 00:00:00,HINDCOPPER,3,0.7237358640801344,0.19936279541466714,915.6983549717792,2026-04-20 00:00:00,569.0,564.2000122070312,521651.1601480401,516637.02305303625,-5014.1370950038545,-0.009612050117133614,22
2026-05-12 00:00:00,CUMMINSIND,11,0.5682084080805841,0.1976584953420053,100.70204174312762,2026-04-20 00:00:00,5174.0,5160.0,521651.1601480401,519622.53539453854,-2028.6247535015573,-0.003888853142636261,22
2026-05-13 00:00:00,NATIONALUM,1,0.7904494923889678,0.18404976928632222,1209.3020626485077,2026-04-20 00:00:00,430.8537792764719,408.25,521651.1601480401,493697.56707625324,-27953.59307178686,-0.05358675530186471,23
2026-05-13 00:00:00,GVT&D,7,0.6194761860214001,0.20398551761779987,125.28431000493751,2026-04-20 00:00:00,4158.7998046875,4351.39990234375,521651.1601480401,545162.1343206891,23510.974172649032,0.045070299788036165,23
2026-05-13 00:00:00,ADANIPOWER,4,0.6970521516681165,0.20978183844211873,2624.8481812541177,2026-04-20 00:00:00,198.5,213.8699951171875,521651.1601480401,561376.2677081766,39725.10756013653,0.07615262956352457,23
2026-05-13 00:00:00,HINDCOPPER,2,0.7331227341707551,0.20309434885210456,915.6983549717792,2026-04-20 00:00:00,569.0,595.2999877929688,521651.1601480401,545115.2195367417,23464.05938870163,0.04498036462152741,23
2026-05-13 00:00:00,CUMMINSIND,15,0.5660874376463559,0.19908852580165468,100.70204174312762,2026-04-20 00:00:00,5174.0,5212.0,521651.1601480401,524859.0415651812,3207.8814171411213,0.006149476244298493,23
2026-05-14 00:00:00,NATIONALUM,1,0.7915679306524954,0.18594566734935833,1209.3020626485077,2026-04-20 00:00:00,430.8537792764719,416.45001220703125,521651.1601480401,503613.8587519591,-18037.30139608099,-0.034577324415347145,24
2026-05-14 00:00:00,GVT&D,10,0.5907055922403073,0.202955713044786,125.28431000493751,2026-04-20 00:00:00,4158.7998046875,4337.7998046875,521651.1601480401,543458.2554698262,21807.095321786066,0.04180398125750818,24
2026-05-14 00:00:00,ADANIPOWER,4,0.6925331731274991,0.2106606399538783,2624.8481812541177,2026-04-20 00:00:00,198.5,224.49000549316406,521651.1601480401,589252.1826284586,67601.0224804185,0.12959047663429696,24
2026-05-14 00:00:00,HINDCOPPER,2,0.7519376250417814,0.20410275724806864,915.6983549717792,2026-04-20 00:00:00,569.0,606.4500122070312,521651.1601480401,555325.2785505939,33674.11840255378,0.06455294452522133,24
2026-05-14 00:00:00,CUMMINSIND,13,0.5534205400863828,0.19633522240390874,100.70204174312762,2026-04-20 00:00:00,5174.0,5367.0,521651.1601480401,540467.8580353659,18816.697887325834,0.03607141960919979,24
2026-05-15 00:00:00,NATIONALUM,2,0.7509087740469169,0.18371176186595706,1209.3020626485077,2026-04-20 00:00:00,430.8537792764719,403.6000061035156,521651.1601480401,488074.31986593176,-33576.840282108344,-0.06436646335182984,25
2026-05-15 00:00:00,GVT&D,10,0.5720684199933579,0.19939360438322754,125.28431000493751,2026-04-20 00:00:00,4158.7998046875,4342.60009765625,521651.1601480401,544059.6568622375,22408.49671419739,0.042956861646465144,25
2026-05-15 00:00:00,ADANIPOWER,3,0.7452609122377672,0.21926987099140544,2624.8481812541177,2026-04-20 00:00:00,198.5,221.3300018310547,521651.1601480401,580957.6527632144,59306.49261517433,0.11368994674207886,25
2026-05-15 00:00:00,HINDCOPPER,1,0.7527436971402156,0.19975281460842814,915.6983549717792,2026-04-20 00:00:00,569.0,570.25,521651.1601480401,522176.98692265706,525.8267746169586,0.0010080046107205694,25
2026-05-15 00:00:00,CUMMINSIND,12,0.5608542751929977,0.19787194815098183,100.70204174312762,2026-04-20 00:00:00,5174.0,5392.0,521651.1601480401,542985.4090789441,21334.248930904025,0.04089753950676454,25
2026-05-18 00:00:00,NATIONALUM,2,0.7727174415166774,0.18051527410903215,1209.3020626485077,2026-04-20 00:00:00,430.8537792764719,400.45001220703125,521651.1601480401,484265.025749583,-37386.13439845713,-0.07166884166009957,28
2026-05-18 00:00:00,GVT&D,8,0.6385715970042313,0.20337853406055753,125.28431000493751,2026-04-20 00:00:00,4158.7998046875,4426.7998046875,521651.1601480401,554608.5590602655,32957.39891222544,0.06317900050844787,28
2026-05-18 00:00:00,ADANIPOWER,1,0.7986944722464535,0.21647893026206616,2624.8481812541177,2026-04-20 00:00:00,198.5,219.3000030517578,521651.1601480401,575629.214159429,53978.05401138886,0.10347538381026575,28
2026-05-18 00:00:00,HINDCOPPER,3,0.7353962412082963,0.19819815061011758,915.6983549717792,2026-04-20 00:00:00,569.0,581.1500244140625,521651.1601480401,532158.1213477664,10506.96119972627,0.020141738392270583,28
2026-05-18 00:00:00,CUMMINSIND,12,0.6085159598339889,0.2014291109582265,100.70204174312762,2026-04-20 00:00:00,5174.0,5298.5,521651.1601480401,533569.7681759617,11918.608027921582,0.022847851089872365,28
2026-05-19 00:00:00,NATIONALUM,3,0.7256116736984769,0.18089430580720425,1209.3020626485077,2026-04-20 00:00:00,430.8537792764719,398.95001220703125,521651.1601480401,482451.0726556102,-39200.087492429884,-0.0751461714017951,29
2026-05-19 00:00:00,GVT&D,8,0.6168230235585208,0.20279161415327734,125.28431000493751,2026-04-20 00:00:00,4158.7998046875,4385.2998046875,521651.1601480401,549409.2601950606,27758.100047020533,0.05321199714986356,29
2026-05-19 00:00:00,ADANIPOWER,2,0.7376710973219873,0.21858901196127975,2624.8481812541177,2026-04-20 00:00:00,198.5,219.08999633789062,521651.1601480401,575077.9784184835,53426.818270443415,0.10241867046798352,29
2026-05-19 00:00:00,HINDCOPPER,1,0.7449755049299868,0.19968762185577152,915.6983549717792,2026-04-20 00:00:00,569.0,569.5,521651.1601480401,521490.21315642825,-160.94699161185417,-0.0003085337557117266,29
2026-05-19 00:00:00,CUMMINSIND,12,0.5625044442120458,0.19803744622246705,100.70204174312762,2026-04-20 00:00:00,5174.0,5254.0,521651.1601480401,529088.5273183925,7437.367170352431,0.01425735767220717,29
2026-05-20 00:00:00,NATIONALUM,4,0.7204661446105501,0.18191624911504964,1209.3020626485077,2026-04-20 00:00:00,430.8537792764719,402.3999938964844,521651.1601480401,486623.14262876543,-35028.01751927467,-0.06714835544376824,30
2026-05-20 00:00:00,GVT&D,7,0.6125202729723538,0.2100361740604839,125.28431000493751,2026-04-20 00:00:00,4158.7998046875,4679.39990234375,521651.1601480401,586255.3880023087,64604.22785426857,0.12384565163419639,30
2026-05-20 00:00:00,ADANIPOWER,2,0.7331306281151612,0.21646482818234947,2624.8481812541177,2026-04-20 00:00:00,198.5,220.24000549316406,521651.1601480401,578096.5778581286,56445.417710088484,0.10820529507510299,30
2026-05-20 00:00:00,HINDCOPPER,3,0.7270315760119321,0.19377344908349853,915.6983549717792,2026-04-20 00:00:00,569.0,554.5999755859375,521651.1601480401,507846.28531143186,-13804.874836608244,-0.026463805491567467,30
2026-05-20 00:00:00,CUMMINSIND,12,0.5507436378343624,0.19780929955861856,100.70204174312762,2026-04-20 00:00:00,5174.0,5399.5,521651.1601480401,543740.6743920177,22089.51424397755,0.0423453754760341,30
2026-05-21 00:00:00,NATIONALUM,2,0.7767990641720023,0.18010889989136897,1209.3020626485077,2026-04-20 00:00:00,430.8537792764719,406.3999938964844,521651.1601480401,491460.35087935947,-30190.809268680634,-0.057875476132580136,31
2026-05-21 00:00:00,GVT&D,5,0.7059512187977598,0.21772325865524303,125.28431000493751,2026-04-20 00:00:00,4158.7998046875,4794.60009765625,521651.1601480401,600688.1649844693,79037.0048364292,0.15151313919056403,31
2026-05-21 00:00:00,ADANIPOWER,1,0.7773728323254283,0.21352544156322834,2624.8481812541177,2026-04-20 00:00:00,198.5,219.3300018310547,521651.1601480401,575707.9564007062,54056.7962526661,0.10362633189069348,31
2026-05-21 00:00:00,HINDCOPPER,4,0.742572302470125,0.18865433953412836,915.6983549717792,2026-04-20 00:00:00,569.0,552.1500244140625,521651.1601480401,505602.86905358476,-16048.291094455344,-0.0307644117764465,31
2026-05-21 00:00:00,CUMMINSIND,12,0.5947876641460459,0.19998806035603126,100.70204174312762,2026-04-20 00:00:00,5174.0,5390.0,521651.1601480401,542784.004995458,21132.844847417844,0.0405114499149595,31
2026-05-22 00:00:00,NATIONALUM,1,0.8018527227297547,0.180625324982828,1209.3020626485077,2026-04-20 00:00:00,430.8537792764719,409.25,521651.1601480401,494906.86913890176,-26744.29100913834,-0.05126853547406765,32
2026-05-22 00:00:00,GVT&D,5,0.7274521068320615,0.2211521676352798,125.28431000493751,2026-04-20 00:00:00,4158.7998046875,4849.5,521651.1601480401,607566.2613689444,85915.10122090433,0.16469838042059057,32
2026-05-22 00:00:00,ADANIPOWER,2,0.7903717000168463,0.21240377042025596,2624.8481812541177,2026-04-20 00:00:00,198.5,219.32000732421875,521651.1601480401,575681.7223376153,54030.56218957523,0.10357604145698021,32
2026-05-22 00:00:00,HINDCOPPER,4,0.7494829689488364,0.18717897632103414,915.6983549717792,2026-04-20 00:00:00,569.0,545.75,521651.1601480401,499742.3772258485,-21908.782922191604,-0.0419989153594024,32
2026-05-22 00:00:00,CUMMINSIND,12,0.5894674023932777,0.19863976064060215,100.70204174312762,2026-04-20 00:00:00,5174.0,5353.0,521651.1601480401,539058.0294509622,17406.869302922103,0.033368792466563636,32
2026-05-25 00:00:00,NATIONALUM,1,0.8239405063138601,0.18126891913068727,1209.3020626485077,2026-04-20 00:00:00,430.8537792764719,403.0,521651.1601480401,487348.7312473486,-34302.428900691506,-0.06575740939779905,35
2026-05-25 00:00:00,GVT&D,5,0.7506248687881311,0.22430625578535782,125.28431000493751,2026-04-20 00:00:00,4158.7998046875,4774.7001953125,521651.1601480401,598195.019450167,76543.85930212686,0.1467338044075362,35
2026-05-25 00:00:00,ADANIPOWER,2,0.795299717575768,0.21105118670236392,2624.8481812541177,2026-04-20 00:00:00,198.5,233.3800048828125,521651.1601480401,612587.0813577275,90935.92120968743,0.17432324157753354,35
2026-05-25 00:00:00,HINDCOPPER,4,0.7596996017619615,0.1848332978196516,915.6983549717792,2026-04-20 00:00:00,569.0,545.5499877929688,521651.1601480401,499559.2263768957,-22091.933771144424,-0.04235001368515106,35
2026-05-25 00:00:00,CUMMINSIND,12,0.5861441315519343,0.1985403405619394,100.70204174312762,2026-04-20 00:00:00,5174.0,5382.0,521651.1601480401,541978.3886615129,20327.22851347277,0.03896709154773868,35
2026-05-26 00:00:00,NATIONALUM,3,0.7897598942624712,0.17885109873724359,1209.3020626485077,2026-04-20 00:00:00,430.8537792764719,416.20001220703125,521651.1601480401,503311.53323629696,-18339.626911743137,-0.03515687937229644,36
2026-05-26 00:00:00,GVT&D,5,0.7068907831362643,0.2187866338257908,125.28431000493751,2026-04-20 00:00:00,4158.7998046875,4848.2998046875,521651.1601480401,607415.8957273468,85764.73557930667,0.16441013100587637,36
2026-05-26 00:00:00,ADANIPOWER,1,0.8312160096343307,0.22384491530823736,2624.8481812541177,2026-04-20 00:00:00,198.5,244.52999877929688,521651.1601480401,641854.122557909,120202.9624098689,0.23042786366229173,36
2026-05-26 00:00:00,HINDCOPPER,4,0.7433399901596526,0.18201556225715373,915.6983549717792,2026-04-20 00:00:00,569.0,556.0,521651.1601480401,509128.2853643092,-12522.874783730891,-0.024006224351493837,36
2026-05-26 00:00:00,CUMMINSIND,15,0.5709647448104109,0.1965017898715746,100.70204174312762,2026-04-20 00:00:00,5174.0,5418.5,521651.1601480401,545654.0131851371,24002.853037096967,0.046013226598183285,36
2026-05-27 00:00:00,NATIONALUM,2,0.7876318078595018,0.18027563407175168,1209.3020626485077,2026-04-20 00:00:00,430.8537792764719,433.04998779296875,521651.1601480401,523688.24346794817,2037.0833199080662,0.0039050681289196395,37
2026-05-27 00:00:00,GVT&D,5,0.7046706763904985,0.21589884702093545,125.28431000493751,2026-04-20 00:00:00,4158.7998046875,5097.7001953125,521651.1601480401,638661.8515817617,117010.69143372163,0.2243083124755536,37
2026-05-27 00:00:00,ADANIPOWER,1,0.8505253771335671,0.23002164414168166,2624.8481812541177,2026-04-20 00:00:00,198.5,248.91000366210938,521651.1601480401,653350.9704084436,131699.8102604035,0.25246720475619805,37
2026-05-27 00:00:00,HINDCOPPER,4,0.7374551154190794,0.18084249740934485,915.6983549717792,2026-04-20 00:00:00,569.0,555.3499755859375,521651.1601480401,508533.05907766067,-13118.10107037943,-0.02514726712513517,37
2026-05-27 00:00:00,CUMMINSIND,14,0.5456652977376758,0.19296137735628646,100.70204174312762,2026-04-20 00:00:00,5174.0,6027.5,521651.1601480401,606981.5566067017,85330.39645866159,0.16357750730286033,37
2026-05-29 00:00:00,NATIONALUM,2,0.8105076191413677,0.17916531176425052,1209.3020626485077,2026-04-20 00:00:00,430.8537792764719,424.45001220703125,521651.1601480401,513288.2752531472,-8362.884894892923,-0.016031565792970937,39
2026-05-29 00:00:00,GVT&D,3,0.7507346898111386,0.21772412563856705,125.28431000493751,2026-04-20 00:00:00,4158.7998046875,5148.60009765625,521651.1601480401,645038.8107262171,123387.65057817701,0.23653287868306602,39
2026-05-29 00:00:00,ADANIPOWER,1,0.8503668853024517,0.22266481217581663,2624.8481812541177,2026-04-20 00:00:00,198.5,243.3699951171875,521651.1601480401,638809.289055173,117158.12890713295,0.224590948621459,39
2026-05-29 00:00:00,HINDCOPPER,6,0.723315232324841,0.17275609696827585,915.6983549717792,2026-04-20 00:00:00,569.0,538.7000122070312,521651.1601480401,493286.71500125586,-28364.445146784245,-0.05437435457583313,39
2026-05-29 00:00:00,CUMMINSIND,9,0.5943806281919355,0.20768965345309004,100.70204174312762,2026-04-20 00:00:00,5174.0,5881.0,521651.1601480401,592228.7074913336,70577.5473432935,0.1352964447031311,39
2026-06-01 00:00:00,NATIONALUM,2,0.7843420914926124,0.17760752205304706,1209.3020626485077,2026-04-20 00:00:00,430.8537792764719,434.20001220703125,521651.1601480401,525078.9703639701,3427.810215930047,0.006571077528050094,42
2026-06-01 00:00:00,GVT&D,3,0.76448097074981,0.2205692074154687,125.28431000493751,2026-04-20 00:00:00,4158.7998046875,4755.0,521651.1601480401,595726.8940734778,74075.73392543773,0.1420024330136938,42
2026-06-01 00:00:00,ADANIPOWER,1,0.8329502834308741,0.22199760783946695,2624.8481812541177,2026-04-20 00:00:00,198.5,232.3000030517578,521651.1601480401,609752.2405157324,88101.08036769234,0.16888888034427071,42
2026-06-01 00:00:00,HINDCOPPER,6,0.6813349275739449,0.17196075954906206,915.6983549717792,2026-04-20 00:00:00,569.0,539.9500122070312,521651.1601480401,494431.3379449706,-27219.822203069518,-0.05218012396511256,42
2026-06-01 00:00:00,CUMMINSIND,12,0.5585854825310517,0.20786490314295525,100.70204174312762,2026-04-20 00:00:00,5174.0,5680.5,521651.1601480401,572037.9481218364,50386.78797379631,0.09659096312466164,42
2026-06-02 00:00:00,NATIONALUM,1,0.8164732492159587,0.1886897196195924,1209.3020626485077,2026-04-20 00:00:00,430.8537792764719,434.3999938964844,521651.1601480401,525320.8086335177,3669.6484854776063,0.007034679045736602,43
2026-06-02 00:00:00,GVT&D,6,0.6734224740524279,0.2133056890841805,125.28431000493751,2026-04-20 00:00:00,4158.7998046875,4781.0,521651.1601480401,598984.2861336062,77333.12598556612,0.1482468206600358,43
2026-06-02 00:00:00,ADANIPOWER,2,0.8025845296999636,0.2160523435630234,2624.8481812541177,2026-04-20 00:00:00,198.5,235.92999267578125,521651.1601480401,619280.4121783217,97629.25203028164,0.1871542890896194,43
2026-06-02 00:00:00,HINDCOPPER,5,0.6943346733669336,0.17779483822119652,915.6983549717792,2026-04-20 00:00:00,569.0,546.2000122070312,521651.1601480401,500154.4526635442,-21496.707484495884,-0.04120897091150972,43
2026-06-02 00:00:00,CUMMINSIND,12,0.5438489112118571,0.20415740951200712,100.70204174312762,2026-04-20 00:00:00,5174.0,5708.0,521651.1601480401,574807.2542697724,53156.09412173234,0.10189969501198291,43
2026-06-03 00:00:00,NATIONALUM,2,0.8139375836164857,0.18656758552658037,1209.3020626485077,2026-04-20 00:00:00,430.8537792764719,436.8999938964844,521651.1601480401,528344.0637901389,6692.903642098827,0.012830228615229072,44
2026-06-03 00:00:00,GVT&D,6,0.6939914111410714,0.2121846260096832,125.28431000493751,2026-04-20 00:00:00,4158.7998046875,4964.5,521651.1601480401,621973.9570195123,100322.79687147221,0.19231778731787247,44
2026-06-03 00:00:00,ADANIPOWER,1,0.8205620747502678,0.21951983489674204,2624.8481812541177,2026-04-20 00:00:00,198.5,232.52000427246094,521651.1601480401,610329.7103197688,88678.55017172865,0.1699958841202662,44
2026-06-03 00:00:00,HINDCOPPER,5,0.717063024714818,0.17772002087348307,915.6983549717792,2026-04-20 00:00:00,569.0,545.4000244140625,521651.1601480401,499421.9051575252,-22229.25499051489,-0.042613257074337614,44
2026-06-03 00:00:00,CUMMINSIND,15,0.539719664806979,0.2040079326935113,100.70204174312762,2026-04-20 00:00:00,5174.0,5692.5,521651.1601480401,573246.372622754,51595.21247471386,0.09890750067549275,44
2026-06-04 00:00:00,NATIONALUM,1,0.8174802063130369,0.1846412929134293,1209.3020626485077,2026-04-20 00:00:00,430.8537792764719,414.0,521651.1601480401,500651.0539364822,-21000.106211557926,-0.04025699129203178,45
2026-06-04 00:00:00,GVT&D,3,0.7244068987700335,0.22628556942604625,125.28431000493751,2026-04-20 00:00:00,4158.7998046875,5086.5,521651.1601480401,637258.6428401147,115607.48269207455,0.22161837550455393,45
2026-06-04 00:00:00,ADANIPOWER,2,0.7963213411331798,0.21285282983839035,2624.8481812541177,2026-04-20 00:00:00,198.5,230.02999877929688,521651.1601480401,603793.8239297243,82142.66378168418,0.15746665598974763,45
2026-06-04 00:00:00,HINDCOPPER,6,0.7069444579365436,0.17428259127288795,915.6983549717792,2026-04-20 00:00:00,569.0,541.4000244140625,521651.1601480401,495759.11173763813,-25892.04841040197,-0.04963479502864334,45
2026-06-04 00:00:00,CUMMINSIND,15,0.5304767461427318,0.2019377165492461,100.70204174312762,2026-04-20 00:00:00,5174.0,5787.5,521651.1601480401,582813.0665883512,61161.90644031105,0.11724675628623893,45
2026-06-05 00:00:00,NATIONALUM,4,0.7279027311035512,0.17660104992363868,1209.3020626485077,2026-04-20 00:00:00,430.8537792764719,395.70001220703125,521651.1601480401,478520.84095200256,-43130.31919603754,-0.08268038584213544,46
2026-06-05 00:00:00,GVT&D,2,0.7437880099496864,0.2253175044402016,125.28431000493751,2026-04-20 00:00:00,4158.7998046875,5067.0,521651.1601480401,634815.5987950184,113164.43864697829,0.2169350847697975,46
2026-06-05 00:00:00,ADANIPOWER,1,0.7754021509707433,0.21529168398155757,2624.8481812541177,2026-04-20 00:00:00,198.5,232.60000610351562,521651.1601480401,610539.7029805096,88888.54283246951,0.17039843792783613,46
2026-06-05 00:00:00,HINDCOPPER,5,0.6706268746483042,0.1744091414972804,915.6983549717792,2026-04-20 00:00:00,569.0,526.3499755859375,521651.1601480401,481977.8067834791,-39673.353364560986,-0.07605341729385214,46
2026-06-05 00:00:00,CUMMINSIND,15,0.5369233352183201,0.20838062015732173,100.70204174312762,2026-04-20 00:00:00,5174.0,5784.0,521651.1601480401,582460.6094422502,60809.44929421012,0.1165710995005799,46
2026-06-08 00:00:00,NATIONALUM,6,0.67542709084667,0.17113114653361622,1209.3020626485077,2026-04-20 00:00:00,430.8537792764719,378.20001220703125,521651.1601480401,457358.05485565367,-64293.10529238643,-0.12324923282858338,49
2026-06-08 00:00:00,GVT&D,3,0.75425359122111,0.2253526396504293,125.28431000493751,2026-04-20 00:00:00,4158.7998046875,4744.0,521651.1601480401,594348.7666634235,72697.6065153834,0.1393605767017799,49
2026-06-08 00:00:00,ADANIPOWER,2,0.8036723456671884,0.2225510511778275,2624.8481812541177,2026-04-20 00:00:00,198.5,225.85000610351562,521651.1601480401,592821.9777570444,71170.81760900427,0.13643373780441054,49
2026-06-08 00:00:00,HINDCOPPER,8,0.6677125789999283,0.17210452101688503,915.6983549717792,2026-04-20 00:00:00,569.0,506.1499938964844,521651.1601480401,463480.7167799868,-58170.4433680533,-0.11151215182104651,49
2026-06-08 00:00:00,CUMMINSIND,13,0.5626729637268928,0.20886064162124204,100.70204174312762,2026-04-20 00:00:00,5174.0,5610.5,521651.1601480401,564988.8051998175,43337.64505177742,0.08307782741148044,49
2026-06-09 00:00:00,NATIONALUM,8,0.6665945498450455,0.1697349409580416,1209.3020626485077,2026-04-20 00:00:00,430.8537792764719,383.8999938964844,521651.1601480401,464251.0544697681,-57400.105678272026,-0.11003542225801313,50
2026-06-09 00:00:00,GVT&D,4,0.7352219431756714,0.22303132233805945,125.28431000493751,2026-04-20 00:00:00,4158.7998046875,4931.0,521651.1601480401,617776.9326343469,96125.77248630679,0.18427213400431644,50
2026-06-09 00:00:00,ADANIPOWER,2,0.8410545080598502,0.22367912647926672,2624.8481812541177,2026-04-20 00:00:00,198.5,226.13999938964844,521651.1601480401,593583.1661067259,71932.00595868583,0.13789292817497453,50
2026-06-09 00:00:00,HINDCOPPER,7,0.6822420027578773,0.17309918154062448,915.6983549717792,2026-04-20 00:00:00,569.0,519.5999755859375,521651.1601480401,475796.84288741957,-45854.31726062053,-0.08790226259174325,50
2026-06-09 00:00:00,CUMMINSIND,15,0.5820430485497093,0.21045542868400768,100.70204174312762,2026-04-20 00:00:00,5174.0,5625.5,521651.1601480401,566499.3358259645,44848.17567792436,0.08597349935001934,50
2026-06-10 00:00:00,NATIONALUM,7,0.6338448565656847,0.17009364256749462,1209.3020626485077,2026-04-20 00:00:00,430.8537792764719,376.1499938964844,521651.1601480401,454878.96348424215,-66772.19666379795,-0.12800162592344005,51
2026-06-10 00:00:00,GVT&D,4,0.744794157029129,0.22768950533574045,125.28431000493751,2026-04-20 00:00:00,4158.7998046875,4866.0,521651.1601480401,609633.452484026,87982.29233598587,0.16866116488846158,51
2026-06-10 00:00:00,ADANIPOWER,2,0.8215761318893583,0.21905075782857963,2624.8481812541177,2026-04-20 00:00:00,198.5,220.5800018310547,521651.1601480401,578989.0166272739,57337.85647923377,0.1099160911728094,51
2026-06-10 00:00:00,HINDCOPPER,8,0.6271959237436946,0.1751585278573249,915.6983549717792,2026-04-20 00:00:00,569.0,510.70001220703125,521651.1601480401,467647.16106204607,-54003.99908599403,-0.10352512025597367,51
2026-06-10 00:00:00,CUMMINSIND,15,0.5592915589616131,0.20800756641086035,100.70204174312762,2026-04-20 00:00:00,5174.0,5609.5,521651.1601480401,564888.1031580744,43236.94301003433,0.08288478261557793,51
2026-06-11 00:00:00,NATIONALUM,8,0.6119974779873352,0.1683404209328854,1209.3020626485077,2026-04-20 00:00:00,430.8537792764719,370.6000061035156,521651.1601480401,448167.35179853096,-73483.80834950914,-0.14086771766913175,52
2026-06-11 00:00:00,GVT&D,3,0.7586706982919105,0.22842347261288132,125.28431000493751,2026-04-20 00:00:00,4158.7998046875,4735.0,521651.1601480401,593221.2078733791,71570.04772533901,0.13719905790112313,52
2026-06-11 00:00:00,ADANIPOWER,2,0.7934903451947877,0.21709571053217375,2624.8481812541177,2026-04-20 00:00:00,198.5,215.50999450683594,521651.1601480401,565681.0171233532,44029.8569753131,0.08440479067048909,52
2026-06-11 00:00:00,HINDCOPPER,7,0.6172384705181344,0.1737591438488799,915.6983549717792,2026-04-20 00:00:00,569.0,499.25,521651.1601480401,457162.40371966077,-64488.75642837933,-0.12362429407820733,52
2026-06-11 00:00:00,CUMMINSIND,14,0.562680717819184,0.21238125207317968,100.70204174312762,2026-04-20 00:00:00,5174.0,5557.0,521651.1601480401,559601.2459665602,37950.08581852011,0.07274993083069191,52
2026-06-12 00:00:00,NATIONALUM,9,0.6242153137799261,0.171755723178043,1209.3020626485077,2026-04-20 00:00:00,430.8537792764719,376.8500061035156,521651.1601480401,455725.4896900841,-65925.67045795597,-0.12637884374540034,53
2026-06-12 00:00:00,GVT&D,5,0.7501937817982711,0.22572600733295314,125.28431000493751,2026-04-20 00:00:00,4158.7998046875,4942.5,521651.1601480401,619217.7021994037,97566.54205136356,0.18703407469404462,53
2026-06-12 00:00:00,ADANIPOWER,2,0.8120272750355164,0.2143034630578425,2624.8481812541177,2026-04-20 00:00:00,198.5,223.07000732421875,521651.1601480401,585524.9030173183,63873.74286927824,0.12244531930332796,53
2026-06-12 00:00:00,HINDCOPPER,8,0.6279205865534203,0.17555787104244044,915.6983549717792,2026-04-20 00:00:00,569.0,510.0,521651.1601480401,467006.1610356074,-54644.999112432706,-0.10475391082601049,53
2026-06-12 00:00:00,CUMMINSIND,17,0.5783952122169108,0.2126569353887209,100.70204174312762,2026-04-20 00:00:00,5174.0,5621.5,521651.1601480401,566096.527658992,44445.36751095188,0.08520132016640904,53
2026-06-15 00:00:00,NATIONALUM,8,0.6133246270217607,0.16873129632716058,1209.3020626485077,2026-04-20 00:00:00,430.8537792764719,382.3500061035156,521651.1601480401,462376.6510346509,-59274.509113389184,-0.11362863469251672,56
2026-06-15 00:00:00,GVT&D,4,0.7439815035429145,0.22896122175414163,125.28431000493751,2026-04-20 00:00:00,4158.7998046875,4805.5,521651.1601480401,602053.7517287272,80402.59158068715,0.1541309551729351,56
2026-06-15 00:00:00,ADANIPOWER,2,0.7947366746800326,0.21775746203209093,2624.8481812541177,2026-04-20 00:00:00,198.5,220.52000427246094,521651.1601480401,578831.5321447194,57180.371996679285,0.10961419501195395,56
2026-06-15 00:00:00,HINDCOPPER,7,0.6206770531836279,0.17472764064136986,915.6983549717792,2026-04-20 00:00:00,569.0,516.0999755859375,521651.1601480401,472591.89864501834,-49059.26150302176,-0.09404610830176081,56
2026-06-15 00:00:00,CUMMINSIND,16,0.5606548778471043,0.20982237924523697,100.70204174312762,2026-04-20 00:00:00,5174.0,5754.0,521651.1601480401,579439.5481899563,57788.388041916245,0.1107797556235021,56
2026-06-16 00:00:00,NATIONALUM,8,0.597168876807442,0.1660308388533966,1209.3020626485077,2026-04-20 00:00:00,430.8537792764719,366.6499938964844,521651.1601480401,443390.5938890813,-78260.56625895877,-0.1500247142875118,57
2026-06-16 00:00:00,GVT&D,5,0.6753945646840123,0.225006099692818,125.28431000493751,2026-04-20 00:00:00,4158.7998046875,4872.5,521651.1601480401,610447.800499058,88796.64035101788,0.1702222618000469,57
2026-06-16 00:00:00,ADANIPOWER,2,0.7191428691513256,0.2161293383886238,2624.8481812541177,2026-04-20 00:00:00,198.5,222.60000610351562,521651.1601480401,584291.2211679685,62640.06101992837,0.12008036367090924,57
2026-06-16 00:00:00,HINDCOPPER,7,0.6106658960348926,0.17617871545408417,915.6983549717792,2026-04-20 00:00:00,569.0,511.75,521651.1601480401,468608.633156808,-53042.526991232124,-0.10168198797100175,57
2026-06-16 00:00:00,CUMMINSIND,16,0.5329643831832678,0.21665500761107734,100.70204174312762,2026-04-20 00:00:00,5174.0,5723.5,521651.1601480401,576368.1359167909,54716.975768750824,0.10489188934847307,57
2026-06-17 00:00:00,NATIONALUM,9,0.5637530048982258,0.16503892128886768,1209.3020626485077,2026-04-20 00:00:00,430.8537792764719,370.0,521651.1601480401,447441.76317994785,-74209.39696809225,-0.14225866371510082,58
2026-06-17 00:00:00,GVT&D,4,0.679726385347211,0.22803693941196182,125.28431000493751,2026-04-20 00:00:00,4158.7998046875,5152.5,521651.1601480401,645527.4073004405,123876.24715240038,0.23746951337603728,58
2026-06-17 00:00:00,ADANIPOWER,2,0.7303710673127403,0.21704100872186213,2624.8481812541177,2026-04-20 00:00:00,198.5,220.39999389648438,521651.1601480401,578516.5231276057,56865.36297956557,0.10901032591095489,58
2026-06-17 00:00:00,HINDCOPPER,7,0.6215997371467924,0.17449469863783404,915.6983549717792,2026-04-20 00:00:00,569.0,515.2000122070312,521651.1601480401,471767.80365941906,-49883.35648862104,-0.09562589005737966,58
2026-06-17 00:00:00,CUMMINSIND,15,0.5279911309799957,0.21538843193947427,100.70204174312762,2026-04-20 00:00:00,5174.0,5833.0,521651.1601480401,587395.0094876634,65743.8493396233,0.12603029449980666,58
2026-06-18 00:00:00,NATIONALUM,11,0.5720728079973627,0.1637400380018191,1209.3020626485077,2026-04-20 00:00:00,430.8537792764719,367.75,521651.1601480401,444720.8335389887,-76930.32660905138,-0.14747465832764411,59
2026-06-18 00:00:00,GVT&D,2,0.7572376923576634,0.23622891491262293,125.28431000493751,2026-04-20 00:00:00,4158.7998046875,5250.0,521651.1601480401,657742.6275259219,136091.4673778818,0.2608859670498197,59
2026-06-18 00:00:00,ADANIPOWER,3,0.7139340287976542,0.21170647283431676,2624.8481812541177,2026-04-20 00:00:00,198.5,230.57000732421875,521651.1601480401,605211.2643767241,83560.10422868404,0.16018387499602302,59
2026-06-18 00:00:00,HINDCOPPER,7,0.6254748178897203,0.1725583088839121,915.6983549717792,2026-04-20 00:00:00,569.0,509.70001220703125,521651.1601480401,466731.4627070743,-54919.6974409658,-0.1052805047445501,59
2026-06-18 00:00:00,CUMMINSIND,14,0.5553228084714819,0.21576626536732915,100.70204174312762,2026-04-20 00:00:00,5174.0,5858.0,521651.1601480401,589912.5605312416,68261.40038320149,0.1308564143973714,59
2026-06-19 00:00:00,NATIONALUM,16,0.5953886507920042,0.1602268180292641,1209.3020626485077,2026-04-20 00:00:00,430.8537792764719,376.0,521651.1601480401,454697.5755558389,-66953.58459220122,-0.12834934474831872,60
2026-06-19 00:00:00,GVT&D,2,0.8307438518605289,0.23724379637208992,125.28431000493751,2026-04-20 00:00:00,4158.7998046875,5533.5,521651.1601480401,693260.7294123217,171609.5692642816,0.32897380927050995,60
2026-06-19 00:00:00,ADANIPOWER,3,0.8053483098663615,0.22023533091953953,2624.8481812541177,2026-04-20 00:00:00,198.5,231.75999450683594,521651.1601480401,608334.8000687326,86683.63992069248,0.16617166133799532,60
2026-06-19 00:00:00,HINDCOPPER,11,0.6129157141397561,0.1680621450097204,915.6983549717792,2026-04-20 00:00:00,569.0,511.1499938964844,521651.1601480401,468059.2085548457,-53591.95159319439,-0.10273522937816425,60
2026-06-19 00:00:00,CUMMINSIND,13,0.6052174657908249,0.21423190966938607,100.70204174312762,2026-04-20 00:00:00,5174.0,5865.0,521651.1601480401,590617.4748234435,68966.31467540335,0.13220772796868946,60
2026-06-22 00:00:00,NATIONALUM,11,0.5957704713732308,0.16311308238814784,1209.3020626485077,2026-04-20 00:00:00,430.8537792764719,377.95001220703125,521651.1601480401,457055.7293399915,-64595.43080804858,-0.12382878778553268,63
2026-06-22 00:00:00,GVT&D,2,0.8316358511636557,0.24672399632432837,125.28431000493751,2026-04-20 00:00:00,4158.7998046875,5494.5,521651.1601480401,688374.6413221292,166723.48117408907,0.3196072278009971,63
2026-06-22 00:00:00,ADANIPOWER,3,0.7772939896969372,0.21625690131340197,2624.8481812541177,2026-04-20 00:00:00,198.5,233.77999877929688,521651.1601480401,613637.0046094273,91985.8444613872,0.1763359338360954,63
2026-06-22 00:00:00,HINDCOPPER,10,0.5962296555999692,0.16620244227083433,915.6983549717792,2026-04-20 00:00:00,569.0,510.75,521651.1601480401,467692.9348018362,-53958.22534620389,-0.10343737245957818,63
2026-06-22 00:00:00,CUMMINSIND,14,0.5748171058132635,0.20770357770328754,100.70204174312762,2026-04-20 00:00:00,5174.0,5764.0,521651.1601480401,580446.5686073876,58795.4084593475,0.11271020358252797,63
2026-06-23 00:00:00,NATIONALUM,11,0.6064559243984151,0.1601783670417872,1209.3020626485077,2026-04-20 00:00:00,430.8537792764719,355.3999938964844,521651.1601480401,429785.9456842856,-91865.2144637545,-0.17610468735022836,64
2026-06-23 00:00:00,GVT&D,2,0.8202794240203184,0.24700021845387943,125.28431000493751,2026-04-20 00:00:00,4158.7998046875,5404.0,521651.1601480401,677036.4112666823,155385.25111864222,0.2978719554166145,64
2026-06-23 00:00:00,ADANIPOWER,3,0.8036858251464188,0.2187921533748259,2624.8481812541177,2026-04-20 00:00:00,198.5,231.38999938964844,521651.1601480401,607363.61905831,85712.45891026995,0.1643099171598612,64
2026-06-23 00:00:00,HINDCOPPER,12,0.5956378572521226,0.16597359224171368,915.6983549717792,2026-04-20 00:00:00,569.0,500.25,521651.1601480401,458078.10207463254,-63573.05807340756,-0.12186890958963088,64
2026-06-23 00:00:00,CUMMINSIND,17,0.5637735939014529,0.20805566888779373,100.70204174312762,2026-04-20 00:00:00,5174.0,5735.5,521651.1601480401,577576.5604177085,55925.400269668375,0.10720842689930418,64
2026-06-24 00:00:00,NATIONALUM,18,0.549502799199767,0.15608545966255796,1209.3020626485077,2026-04-20 00:00:00,430.8537792764719,348.54998779296875,521651.1601480401,421502.2191741493,-100148.94097389083,-0.19198450731992894,65
2026-06-24 00:00:00,GVT&D,2,0.7990852824566901,0.24510039014659749,125.28431000493751,2026-04-20 00:00:00,4158.7998046875,5052.5,521651.1601480401,632998.9762999468,111347.81615190668,0.2134526378131837,65
2026-06-24 00:00:00,ADANIPOWER,3,0.7875002453425627,0.22126986468696705,2624.8481812541177,2026-04-20 00:00:00,198.5,229.75999450683594,521651.1601480401,603085.1037062244,81433.94355818426,0.15610804648660995,65
2026-06-24 00:00:00,HINDCOPPER,16,0.5520830324584335,0.1657336067049225,915.6983549717792,2026-04-20 00:00:00,569.0,502.25,521651.1601480401,459909.4987845761,-61741.66136346402,-0.11835814061247803,65
2026-06-24 00:00:00,CUMMINSIND,14,0.5588573487168835,0.21181067879895507,100.70204174312762,2026-04-20 00:00:00,5174.0,5555.5,521651.1601480401,559450.1929039455,37799.032755905355,0.07246036363683792,65
2026-06-25 00:00:00,NATIONALUM,17,0.5393796827543496,0.19458808027608954,1209.3020626485077,2026-04-20 00:00:00,430.8537792764719,332.1499938964844,521651.1601480401,401669.6727277078,-119981.48742033233,-0.2300032983465092,66
2026-06-25 00:00:00,GVT&D,5,0.7192171172249122,0.30357721279869365,125.28431000493751,2026-04-20 00:00:00,4158.7998046875,5043.0,521651.1601480401,631808.7753548998,110157.61520685971,0.21117103463471246,66
2026-06-25 00:00:00,ADANIPOWER,3,0.7741930515059026,0.2873184769779005,2624.8481812541177,2026-04-20 00:00:00,198.5,229.27000427246094,521651.1601480401,601798.9537306929,80147.79358265275,0.1536425099867649,66
2026-06-25 00:00:00,HINDCOPPER,10,0.5826683818631362,0.21451622994731626,915.6983549717792,2026-04-20 00:00:00,569.0,491.3999938964844,521651.1601480401,449974.16604415304,-71676.99410388706,-0.1374040730275492,66
2026-06-29 00:00:00,GVT&D,6,0.7212076964522253,0.37645779144298774,125.28431000493751,2026-04-20 00:00:00,4158.7998046875,4956.5,521651.1601480401,620971.6825394728,99320.52239143272,0.1903964372728442,70
2026-06-29 00:00:00,ADANIPOWER,3,0.7649813753773447,0.35579037389689094,2624.8481812541177,2026-04-20 00:00:00,198.5,227.0500030517578,521651.1601480401,595971.7875641483,74320.62741610821,0.14247189135938404,70
2026-06-29 00:00:00,HINDCOPPER,14,0.5661874260199127,0.26775183466012126,915.6983549717792,2026-04-20 00:00:00,569.0,496.20001220703125,521651.1601480401,454369.53491495526,-67281.62523308484,-0.1289781953403322,70
2026-06-30 00:00:00,GVT&D,6,0.6765822850565087,0.5103851140767836,125.28431000493751,2026-04-20 00:00:00,4158.7998046875,4944.0,521651.1601480401,619405.628664411,97754.46851637092,0.18739432782748733,71
2026-06-30 00:00:00,ADANIPOWER,5,0.6935980753259285,0.48961488592321634,2624.8481812541177,2026-04-20 00:00:00,198.5,223.77000427246094,521651.1601480401,587362.2887337953,65711.12858575518,0.12596756914545523,71
2026-07-01 00:00:00,GVT&D,6,0.6557166973125877,0.5149383324203289,125.28431000493751,2026-04-20 00:00:00,4158.7998046875,4895.7001953125,521651.1601480401,613354.4209607644,91703.2608127243,0.1757942238385892,72
2026-07-01 00:00:00,ADANIPOWER,5,0.6850938137927346,0.48506166757967106,2624.8481812541177,2026-04-20 00:00:00,198.5,226.86000061035156,521651.1601480401,595473.0600013894,73821.89985334926,0.14151583566381648,72
2026-07-02 00:00:00,GVT&D,7,0.6864382349960457,0.5050408632611968,125.28431000493751,2026-04-20 00:00:00,4158.7998046875,4822.7998046875,521651.1601480401,604221.1458222208,82569.98567418073,0.15828582773734862,73
2026-07-02 00:00:00,ADANIPOWER,5,0.7309618261033006,0.49495913673880326,2624.8481812541177,2026-04-20 00:00:00,198.5,224.5500030517578,521651.1601480401,589409.6671110131,67758.50696297298,0.12989237279515242,73
2026-07-03 00:00:00,GVT&D,9,0.639010693627695,0.49204634274452264,125.28431000493751,2026-04-20 00:00:00,4158.7998046875,4401.5,521651.1601480401,551438.8904867325,29787.730338692374,0.05710277789900606,74
2026-07-03 00:00:00,ADANIPOWER,5,0.6833707336608155,0.5079536572554775,2624.8481812541177,2026-04-20 00:00:00,198.5,221.7899932861328,521651.1601480401,582165.0604974687,60513.900349428586,0.11600453516149617,74
2026-07-06 00:00:00,ADANIPOWER,6,0.674849518938942,1.0,2624.8481812541177,2026-04-20 00:00:00,198.5,219.85000610351562,521651.1601480401,577072.8886695197,55421.728521479585,0.10624289325025439,77
2026-07-07 00:00:00,ADANIPOWER,7,0.670126589615847,1.0,2624.8481812541177,2026-04-20 00:00:00,198.5,218.07000732421875,521651.1601480401,572400.6621110477,50749.501963007555,0.09728628217486429,78
2026-07-08 00:00:00,ADANIPOWER,6,0.6626482686936144,1.0,2624.8481812541177,2026-04-20 00:00:00,198.5,216.47999572753906,521651.1601480401,568227.1230633301,46575.96291528997,0.08928565001575405,79
2026-07-09 00:00:00,ADANIPOWER,6,0.7012251033371277,1.0,2624.8481812541177,2026-04-20 00:00:00,198.5,216.32000732421875,521651.1601480401,567807.177793853,46156.017645812884,0.08848061917990215,80
2026-07-10 00:00:00,ADANIPOWER,7,0.6617232323513149,1.0,2624.8481812541177,2026-04-20 00:00:00,198.5,218.4499969482422,521651.1601480401,573398.077184561,51746.91703652096,0.09919831678671169,81
2026-07-13 00:00:00,ADANIPOWER,8,0.6488124146547869,1.0,2624.8481812541177,2026-04-20 00:00:00,198.5,215.4600067138672,521651.1601480401,565549.8067558942,43898.64660785411,0.08415326172263482,84
2026-07-14 00:00:00,ADANIPOWER,9,0.6230138369437164,1.0,2624.8481812541177,2026-04-20 00:00:00,198.5,226.1699981689453,521651.1601480401,593661.9083480032,72010.74819996307,0.13804387625540224,85
2026-07-15 00:00:00,ADANIPOWER,6,0.6655091116407501,1.0,2624.8481812541177,2026-04-20 00:00:00,198.5,218.77999877929688,521651.1601480401,574264.2818906155,52613.12174257537,0.10085882245070484,86
2026-07-16 00:00:00,ADANIPOWER,6,0.6626298966136173,1.0,2624.8481812541177,2026-04-20 00:00:00,198.5,218.77999877929688,521651.1601480401,574264.2818906155,52613.12174257537,0.10085882245070484,87
2026-07-17 00:00:00,ADANIPOWER,12,0.6293078374593026,1.0,2624.8481812541177,2026-04-20 00:00:00,198.5,214.4499969482422,521651.1601480401,562898.6844595446,41247.5243115045,0.07907108708394094,88
2026-07-20 00:00:00,ADANIPOWER,16,0.596761906853171,1.0,2624.8481812541177,2026-04-20 00:00:00,198.5,219.89999389648438,521651.1601480401,577204.0990369786,55552.93888893846,0.10649442219810842,91
2026-07-21 00:00:00,ADANIPOWER,12,0.6218953835550872,1.0,2624.8481812541177,2026-04-20 00:00:00,198.5,220.3699951171875,521651.1601480401,578437.7808863284,56786.62073828833,0.10885937783052715,92
2026-07-22 00:00:00,ADANIPOWER,16,0.6026652644599666,0.22681463643525668,2624.8481812541177,2026-04-20 00:00:00,198.5,216.9499969482422,521651.1601480401,569460.8049126798,47809.64476463973,0.09165060564817255,93
2026-07-22 00:00:00,ADANIENSOL,1,0.8475553641926633,0.19329634089118583,281.64153523177106,2026-07-22 00:00:00,1750.300048828125,1724.4000244140625,493542.6459869755,485662.6702296801,-7879.97575729544,-0.01596614967595605,0
2026-07-22 00:00:00,ARVIND,2,0.7865326853376057,0.19329634089118583,929.0561921414113,2026-07-22 00:00:00,530.5999755859375,522.3499755859375,493542.64598697546,485292.47928303026,-8250.1667039452,-0.016716218488975157,0
2026-07-22 00:00:00,APARINDS,3,0.7366625274529991,0.19329634089118583,35.36024624260792,2026-07-22 00:00:00,13941.0,13630.0,493542.6459869755,481960.156286746,-11582.489700229547,-0.023468062576572576,0
2026-07-22 00:00:00,BHEL,4,0.7276371819153216,0.19329634089118583,1190.7178571695579,2026-07-22 00:00:00,414.0,416.45001220703125,493542.6459869755,495874.46615339245,2331.820166416932,0.004724657910267937,0
2026-07-23 00:00:00,ADANIPOWER,18,0.5925857208846829,0.22647709331547833,2624.8481812541177,2026-04-20 00:00:00,198.5,212.22999572753906,521651.1601480401,557071.5182930001,35420.35814495996,0.06790046845656006,94
2026-07-23 00:00:00,ADANIENSOL,1,0.8459944229928035,0.19353867133034644,281.64153523177106,2026-07-22 00:00:00,1750.300048828125,1683.800048828125,493542.6459869755,474228.0307752842,-19314.6152116913,-0.03913464291027246,1
2026-07-23 00:00:00,ARVIND,2,0.7848798484639236,0.19337070473293616,929.0561921414113,2026-07-22 00:00:00,530.5999755859375,513.4500122070312,493542.64598697546,477023.9131960256,-16518.73279094987,-0.03346971720734706,1
2026-07-23 00:00:00,APARINDS,4,0.7076951330974447,0.19008395247869123,35.36024624260792,2026-07-22 00:00:00,13941.0,13423.0,493542.6459869755,474640.5853145261,-18902.060672449414,-0.03829873836869658,1
2026-07-23 00:00:00,BHEL,3,0.7379109513643266,0.1965295781425479,1190.7178571695579,2026-07-22 00:00:00,414.0,409.6000061035156,493542.6459869755,487718.04156421596,-5824.604422759556,-0.011801623365518175,1
2026-07-24 00:00:00,ADANIENSOL,1,0.836845870112916,0.248077891941535,281.64153523177106,2026-07-22 00:00:00,1750.300048828125,1702.199951171875,493542.6459869755,479410.2075194926,-14132.43846748292,-0.028634685538108235,2
2026-07-24 00:00:00,ARVIND,2,0.7829846617552809,0.24945673007839006,929.0561921414113,2026-07-22 00:00:00,530.5999755859375,527.2000122070312,493542.64598697546,489798.43583797,-3744.210149005463,-0.007586396392388495,2
2026-07-24 00:00:00,APARINDS,4,0.732857230374878,0.24902183243905965,35.36024624260792,2026-07-22 00:00:00,13941.0,13889.0,493542.6459869755,491118.4600635814,-2424.185923394107,-0.004911806392224271,2
2026-07-24 00:00:00,BHEL,3,0.747485712620755,0.2534435455410153,1190.7178571695579,2026-07-22 00:00:00,414.0,417.29998779296875,493542.6459869755,496886.5472617264,3343.9012747508823,0.006775303617509736,2
2026-07-27 00:00:00,ADANIENSOL,1,0.8255025304418719,0.2433790377360496,281.64153523177106,2026-07-22 00:00:00,1750.300048828125,1672.5,493542.6459869755,471045.4676751371,-22497.17831183842,-0.04558304838449992,5
2026-07-27 00:00:00,ARVIND,2,0.7679818489166204,0.2501497106687056,929.0561921414113,2026-07-22 00:00:00,530.5999755859375,523.4500122070312,493542.64598697546,486314.4751174397,-7228.1708695357665,-0.014645483887377216,5
2026-07-27 00:00:00,APARINDS,4,0.747420532853304,0.2524089019601582,35.36024624260792,2026-07-22 00:00:00,13941.0,13689.0,493542.6459869755,484046.41081505985,-9496.235171915672,-0.019240961746933367,5
2026-07-27 00:00:00,BHEL,3,0.7525536139455629,0.2540623496350866,1190.7178571695579,2026-07-22 00:00:00,414.0,415.95001220703125,493542.6459869755,495279.10722480767,1736.4612378321472,0.0035183610817655095,5
2026-07-28 00:00:00,ADANIENSOL,1,0.8262145981762186,0.24473520031518964,281.64153523177106,2026-07-22 00:00:00,1750.300048828125,1672.5,493542.6459869755,471045.4676751371,-22497.17831183842,-0.04558304838449992,6
2026-07-28 00:00:00,ARVIND,2,0.7496430868888893,0.2484349075300629,929.0561921414113,2026-07-22 00:00:00,530.5999755859375,511.3500061035156,493542.64598697546,475072.88952201966,-18469.756464955804,-0.037422817693940916,6
2026-07-28 00:00:00,APARINDS,3,0.7480428197101522,0.25381538096781797,35.36024624260792,2026-07-22 00:00:00,13941.0,13689.0,493542.6459869755,484046.41081505985,-9496.235171915672,-0.019240961746933367,6
2026-07-28 00:00:00,BHEL,4,0.7391842046272799,0.2530145111869295,1190.7178571695579,2026-07-22 00:00:00,414.0,404.0,493542.6459869755,481050.0142965014,-12492.63169047411,-0.02531216257004828,6
2026-07-29 00:00:00,ADANIENSOL,1,0.7952197612391969,0.24358520431041814,281.64153523177106,2026-07-22 00:00:00,1750.300048828125,1655.5999755859375,493542.6459869755,466285.71885370614,-27256.927133269375,-0.05522709608763714,7
2026-07-29 00:00:00,ARVIND,4,0.7137086819830162,0.2509841250098984,929.0561921414113,2026-07-22 00:00:00,530.5999755859375,517.3499755859375,493542.64598697546,480647.1983223232,-12895.447664652253,-0.02612833514896008,7
2026-07-29 00:00:00,APARINDS,2,0.7393767113265869,0.25093748464498616,35.36024624260792,2026-07-22 00:00:00,13941.0,13440.0,493542.6459869755,475241.70950065047,-18300.936486325052,-0.03708076016354625,7
2026-07-29 00:00:00,BHEL,3,0.7139621279041124,0.2544931860346974,1190.7178571695579,2026-07-22 00:00:00,414.0,397.8500061035156,493542.6459869755,473727.10674247367,-19815.53924450185,-0.04014959883532492,7
2026-07-30 00:00:00,ADANIENSOL,1,0.8035438352038053,0.24441669946170622,281.64153523177106,2026-07-22 00:00:00,1750.300048828125,1659.0,493542.6459869755,467243.3069495082,-26299.339037467318,-0.05328686234372815,8
2026-07-30 00:00:00,ARVIND,2,0.754343435422099,0.2501016777803371,929.0561921414113,2026-07-22 00:00:00,530.5999755859375,506.6499938964844,493542.64598697546,470706.31407793704,-22836.331909038418,-0.046270230333127216,8
2026-07-30 00:00:00,APARINDS,4,0.7263792738075316,0.2539311775217986,35.36024624260792,2026-07-22 00:00:00,13941.0,13745.0,493542.6459869755,486026.5846046459,-7516.061382329615,-0.015228798247614781,8
2026-07-30 00:00:00,BHEL,3,0.7420676673811254,0.25155044523615805,1190.7178571695579,2026-07-22 00:00:00,414.0,403.0,493542.6459869755,479859.29643933184,-13683.34954764368,-0.027724756227053133,8
2026-07-31 00:00:00,ADANIENSOL,1,0.8470347905943603,0.24460171728164953,281.64153523177106,2026-07-22 00:00:00,1750.300048828125,1645.4000244140625,493542.6459869755,463412.98894637014,-30129.65704060538,-0.061047727659588095,9
2026-07-31 00:00:00,ARVIND,4,0.7003240664378692,0.24651739299965392,929.0561921414113,2026-07-22 00:00:00,530.5999755859375,513.2000122070312,493542.64598697546,476791.6491479903,-16750.996838985186,-0.03394032304034623,9
2026-07-31 00:00:00,APARINDS,2,0.7150826455443073,0.2568680302751875,35.36024624260792,2026-07-22 00:00:00,13941.0,14348.0,493542.6459869755,507348.8130889385,13806.167101962958,0.027973605146833246,9
2026-07-31 00:00:00,BHEL,3,0.7049916412740395,0.25201285944350904,1190.7178571695579,2026-07-22 00:00:00,414.0,407.0,493542.6459869755,484622.16786801006,-8920.47811896546,-0.018074381599033833,9
2026-08-03 00:00:00,ADANIENSOL,1,0.8361138605041831,0.23717166092456493,281.64153523177106,2026-07-22 00:00:00,1750.300048828125,1649.0999755859375,493542.6459869755,464455.0488746996,-29087.597112275893,-0.058936339845784086,12
2026-08-03 00:00:00,ARVIND,3,0.7300039350883899,0.24551959886689248,929.0561921414113,2026-07-22 00:00:00,530.5999755859375,528.9500122070312,493542.64598697546,491424.2841742175,-2118.3618127579684,-0.0042921555613937195,12
2026-08-03 00:00:00,APARINDS,2,0.7579624021285816,0.26745186588972397,35.36024624260792,2026-07-22 00:00:00,13941.0,15263.0,493542.6459869755,539703.4384009247,46160.79241394915,0.09352949089462742,12
2026-08-03 00:00:00,BHEL,5,0.6934945120267191,0.24985687431881862,1190.7178571695579,2026-07-22 00:00:00,414.0,408.45001220703125,493542.6459869755,486348.723296036,-7193.922690939507,-0.014576091345770661,12
2026-08-04 00:00:00,ADANIENSOL,1,0.8291581686972362,0.23470111745018454,281.64153523177106,2026-07-22 00:00:00,1750.300048828125,1649.0999755859375,493542.6459869755,464455.0488746996,-29087.597112275893,-0.058936339845784086,13
2026-08-04 00:00:00,ARVIND,4,0.7454561292388322,0.2533787866986131,929.0561921414113,2026-07-22 00:00:00,530.5999755859375,547.3499755859375,493542.64598697546,508518.8840865655,14976.23809959006,0.030344364810949452,13
2026-08-04 00:00:00,APARINDS,2,0.7519667760955322,0.26466590293188613,35.36024624260792,2026-07-22 00:00:00,13941.0,15263.0,493542.6459869755,539703.4384009247,46160.79241394915,0.09352949089462742,13
2026-08-04 00:00:00,BHEL,5,0.6887959019154377,0.24725419291931627,1190.7178571695579,2026-07-22 00:00:00,414.0,408.45001220703125,493542.6459869755,486348.723296036,-7193.922690939507,-0.014576091345770661,13
2026-08-05 00:00:00,ADANIENSOL,1,0.7970648624165557,0.23112134642122104,281.64153523177106,2026-07-22 00:00:00,1750.300048828125,1642.0,493542.6459869755,462455.4008505681,-31087.245136407437,-0.06298796140349708,14
2026-08-05 00:00:00,ARVIND,3,0.7333255439824138,0.25248512920314486,929.0561921414113,2026-07-22 00:00:00,530.5999755859375,545.0999755859375,493542.64598697546,506428.50765424734,12885.861667271878,0.026108912313956217,14
2026-08-05 00:00:00,APARINDS,2,0.7815334806238472,0.27446024626783816,35.36024624260792,2026-07-22 00:00:00,13941.0,15666.0,493542.6459869755,553953.6176366957,60410.97164972022,0.12240273893436647,14
2026-08-05 00:00:00,BHEL,5,0.6618345605813076,0.24193327810779597,1190.7178571695579,2026-07-22 00:00:00,414.0,412.3999938964844,493542.6459869755,491052.0370291606,-2490.608957814926,-0.005046390576510895,14
2026-08-06 00:00:00,ADANIENSOL,2,0.7983467291918256,0.22949883654639464,281.64153523177106,2026-07-22 00:00:00,1750.300048828125,1628.4000244140625,493542.6459869755,458625.08284743,-34917.5631395455,-0.07074882671935702,15
2026-08-06 00:00:00,ARVIND,3,0.7485096563901882,0.25244291223095455,929.0561921414113,2026-07-22 00:00:00,530.5999755859375,546.0999755859375,493542.64598697546,507357.5638463888,13814.917859413312,0.02799133564595325,15
2026-08-06 00:00:00,APARINDS,1,0.8174879595897154,0.2757123279651992,35.36024624260792,2026-07-22 00:00:00,13941.0,15793.0,493542.6459869755,558444.368909507,64901.72292253142,0.13150175258460678,15
2026-08-06 00:00:00,BHEL,5,0.674253622289927,0.2423459232574516,1190.7178571695579,2026-07-22 00:00:00,414.0,407.3500061035156,493542.6459869755,485038.92638558446,-8503.719601391058,-0.01722995909377904,15
2026-08-07 00:00:00,ADANIENSOL,2,0.8006885845076794,0.22605011490747542,281.64153523177106,2026-07-22 00:00:00,1750.300048828125,1630.0999755859375,493542.6459869755,459103.85970529594,-34438.78628167958,-0.06977874467729059,16
2026-08-07 00:00:00,ARVIND,3,0.7358789229966788,0.25136635868122637,929.0561921414113,2026-07-22 00:00:00,530.5999755859375,560.5499877929688,493542.64598697546,520782.4371638501,27239.791176874656,0.0551923757721101,16
2026-08-07 00:00:00,APARINDS,1,0.8365620499889694,0.28251073222091605,35.36024624260792,2026-07-22 00:00:00,13941.0,16324.0,493542.6459869755,577220.6596643317,83678.01367735618,0.16954566005135943,16
2026-08-07 00:00:00,BHEL,6,0.6491990915016033,0.24007279419038213,1190.7178571695579,2026-07-22 00:00:00,414.0,412.6499938964844,493542.6459869755,491349.716493453,-2192.9294935225043,-0.004443242162259622,16
