rebalance_date,beginning_value,ending_value,monthly_return,cash,invested_value,realized_pnl,unrealized_pnl,buy_value,sell_value,buy_transaction_costs,sell_transaction_costs,transaction_costs,turnover,holdings
2021-08-10 00:00:00,1000000,967491.8302867002,-0.03250816971329984,0.0,967491.8302867002,0.0,-32508.16971329981,0.0,0.0,0,0,0,0.0,5
2021-08-11 00:00:00,967491.8302867002,960366.9134219025,-0.007364317342800047,0.0,960366.9134219025,0.0,9881.248130166583,0.0,0.0,0,0,0,0.0,5
2021-08-12 00:00:00,960366.9134219025,978245.8134039545,0.018616738802826282,0.0,978245.8134039545,0.0,18397.03270927281,0.0,0.0,0,0,0,0.0,5
2021-08-13 00:00:00,978245.8134039545,965312.2180401043,-0.013221212078430303,0.0,965312.2180401043,0.0,-26837.097336841864,0.0,0.0,0,0,0,0.0,5
2021-08-16 00:00:00,965312.2180401043,956152.8551132493,-0.009488497872171816,0.0,956152.8551132493,0.0,-13791.473869272391,0.0,0.0,0,0,0,0.0,5
2021-08-17 00:00:00,956152.8551132493,964387.2992139754,0.008612058267347697,0.0,964387.2992139754,0.0,-1047.1692652652273,0.0,0.0,0,0,0,0.0,5
2021-08-18 00:00:00,964387.2992139754,944053.2322330165,-0.02108495932861436,0.0,944053.2322330165,0.0,-15393.22634830125,0.0,0.0,0,0,0,0.0,5
2021-08-20 00:00:00,944053.2322330165,931120.4994125874,-0.013699156338714819,0.0,931120.4994125874,0.0,-3784.8969896634226,0.0,0.0,0,0,0,0.0,5
2021-08-23 00:00:00,931120.4994125874,897676.9752916,-0.03591750384841252,0.0,897676.9752916,0.0,-27471.140221331152,0.0,0.0,0,0,0,0.0,5
2021-08-24 00:00:00,897676.9752916,935302.4871340422,0.04191431091370033,0.0,935302.4871340422,0.0,39491.81997260041,0.0,0.0,0,0,0,0.0,5
2021-08-25 00:00:00,935302.4871340422,952175.0102491233,0.01803964316055866,0.0,952175.0102491233,0.0,8325.854368052213,0.0,0.0,0,0,0,0.0,5
2021-08-26 00:00:00,952175.0102491233,952846.2811894286,0.0007049869331581042,0.0,952846.2811894286,0.0,-3659.1526348225016,0.0,0.0,0,0,0,0.0,5
2021-08-27 00:00:00,952846.2811894286,952186.7624465349,-0.000692156495663115,0.0,952186.7624465349,0.0,-5663.615205056616,0.0,0.0,0,0,0,0.0,5
2021-08-30 00:00:00,952186.7624465349,959387.0584989241,0.0075618527124750815,0.0,959387.0584989241,0.0,327.43492131348467,0.0,0.0,0,0,0,0.0,5
2021-08-31 00:00:00,959387.0584989241,969902.7538761845,0.010960847641319441,0.0,969902.7538761845,0.0,3342.279437086516,0.0,0.0,0,0,0,0.0,5
2021-09-01 00:00:00,969902.7538761845,968988.7230884773,-0.00094239425968665,0.0,968988.7230884773,0.0,-5167.088900561852,0.0,0.0,0,0,0,0.0,5
2021-09-02 00:00:00,968988.7230884773,975347.8725421644,0.006562666109692678,0.0,975347.8725421644,0.0,1034.023332787794,0.0,0.0,0,0,0,0.0,5
2021-09-03 00:00:00,975347.8725421644,975325.2067183823,-2.323870735783641e-05,0.0,975325.2067183823,0.0,-6091.474855779699,0.0,0.0,0,0,0,0.0,5
2021-09-06 00:00:00,975325.2067183823,969736.601811628,-0.005729991256514302,0.0,969736.601811628,0.0,-9270.238426977652,0.0,0.0,0,0,0,0.0,5
2021-09-07 00:00:00,969736.601811628,957878.2959386287,-0.012228378150155388,196893.54594136478,760984.749997264,-3106.454058635225,-14728.318848261028,0.0,0.0,0,204.23784810502715,204.23784810502715,0.0,4
2021-09-08 00:00:00,957878.2959386287,969449.5143339657,0.012080050716670968,196893.54594136478,772555.968392601,0.0,10743.13188962519,0.0,0.0,0,0,0,0.0,4
2021-09-09 00:00:00,969449.5143339657,974551.9701461899,0.005263250676575657,196893.54594136478,777658.4242048252,0.0,4387.258061563829,0.0,0.0,0,0,0,0.0,4
2021-09-13 00:00:00,974551.9701461899,968905.6308142699,-0.005793779608359966,196893.54594136478,772012.084872905,0.0,-4270.8907569915755,0.0,0.0,0,0,0,0.0,4
2021-09-14 00:00:00,968905.6308142699,968674.5988679703,-0.00023844628305590298,196893.54594136478,771781.0529266055,0.0,2618.712766652927,0.0,0.0,0,0,0,0.0,4
2021-09-15 00:00:00,968674.5988679703,963453.5111990987,-0.005389929368410386,374115.455951381,589338.0552477177,-22778.089989983782,-5119.228282606695,0.0,0.0,0,183.8324428789938,183.8324428789938,0.0,3
2021-09-16 00:00:00,963453.5111990987,958852.2814013516,-0.004775767324798564,374115.455951381,584736.8254499706,0.0,-10464.795089594263,0.0,0.0,0,0,0,0.0,3
2021-09-17 00:00:00,958852.2814013516,952659.7708350741,-0.006458252940929698,374115.455951381,578544.3148836931,0.0,-9944.25722507923,0.0,0.0,0,0,0,0.0,3
2021-09-20 00:00:00,952659.7708350741,933824.4383715059,-0.019771310850103058,374115.455951381,559708.9824201249,0.0,-17048.339621046034,0.0,0.0,0,0,0,0.0,3
2021-09-21 00:00:00,933824.4383715059,941392.8396513269,0.008104736788661753,374115.455951381,567277.3836999459,0.0,7007.3787249889865,0.0,0.0,0,0,0,0.0,3
2021-09-22 00:00:00,941392.8396513269,942145.4229390929,0.0007994359592162527,0.0,942145.4229390929,0.0,92.83553797821514,0.0,0.0,0,0,0,0.0,5
2021-09-23 00:00:00,942145.4229390929,947971.1019143206,0.006183418008924901,0.0,947971.1019143206,0.0,9448.896413353592,0.0,0.0,0,0,0,0.0,5
2021-09-24 00:00:00,947971.1019143206,952674.1185534229,0.004961139247393765,200032.02215907097,752642.0963943519,32.02215907097744,-4170.865348392777,0.0,0.0,0,207.4933922416745,207.4933922416745,0.0,4
2021-09-27 00:00:00,952674.1185534229,974077.2074278207,0.022466327632472135,200032.02215907097,774045.1852687497,0.0,21414.046793395537,0.0,0.0,0,0,0,0.0,4
2021-09-28 00:00:00,974077.2074278207,965553.5158242616,-0.008750529771728261,200032.02215907097,765521.4936651906,0.0,-17171.845361676533,0.0,0.0,0,0,0,0.0,4
2021-09-29 00:00:00,965553.5158242616,962725.9653938762,-0.0029284243535394393,200032.02215907097,762693.9432348053,0.0,1531.5472434709081,0.0,0.0,0,0,0,0.0,4
2021-09-30 00:00:00,962725.9653938762,964884.7977393788,0.002242416246267268,200032.02215907097,764852.7755803078,0.0,-734.1392638710968,0.0,0.0,0,0,0,0.0,4
2021-10-01 00:00:00,964884.7977393788,963957.2768516594,-0.0009612762994011643,200032.02215907097,763925.2546925885,0.0,2554.584573207365,0.0,0.0,0,0,0,0.0,4
2021-10-04 00:00:00,963957.2768516594,984433.0917126929,0.021241413237637112,397307.89766650496,587125.1940461879,-2724.1244925660267,16730.14334100581,0.0,0.0,0,204.6344388996495,204.6344388996495,0.0,3
2021-10-05 00:00:00,984433.0917126929,1000966.2865438961,0.016794635379880567,397307.89766650496,603658.3888773911,0.0,7778.785542039346,0.0,0.0,0,0,0,0.0,3
2021-10-06 00:00:00,1000966.2865438961,1018074.164264676,0.01709136256711452,397307.89766650496,620766.2665981711,0.0,11273.455468471395,0.0,0.0,0,0,0,0.0,3
2021-10-07 00:00:00,1018074.164264676,1029541.9395545212,0.011264184567661642,397307.89766650496,632234.0418880163,0.0,-96.37939433252905,0.0,0.0,0,0,0,0.0,3
2021-10-08 00:00:00,1029541.9395545212,1027776.5134513108,-0.0017147685153791005,397307.89766650496,630468.6157848059,0.0,-2260.298610700469,0.0,0.0,0,0,0,0.0,3
2021-10-11 00:00:00,1027776.5134513108,1023549.5255609453,-0.004112750033731706,397307.89766650496,626241.6278944403,0.0,-6063.70014785399,0.0,0.0,0,0,0,0.0,3
2021-10-12 00:00:00,1023549.5255609453,1025196.8957246997,0.0016094679569624345,397307.89766650496,627888.9980581948,0.0,1981.8098567588313,0.0,0.0,0,0,0,0.0,3
2021-10-13 00:00:00,1025196.8957246997,1033792.3232526976,0.008384172410044091,397307.89766650496,636484.4255861926,0.0,9341.353427930182,0.0,0.0,0,0,0,0.0,3
2021-10-14 00:00:00,1033792.3232526976,1057377.5085671907,0.022814239169706076,397307.89766650496,660069.6109006859,0.0,20761.20670371232,0.0,0.0,0,0,0,0.0,3
2021-10-18 00:00:00,1057377.5085671907,1085541.7389331376,0.02663592722348624,577371.4149712676,508170.32396187005,-19936.482695237428,20316.63000510569,0.0,0.0,0,186.78004462116252,186.78004462116252,0.0,2
2021-10-19 00:00:00,1085541.7389331376,1063661.2820786422,-0.020156255692203418,577371.4149712676,486289.86710737465,0.0,-38411.76136355562,0.0,0.0,0,0,0,0.0,2
2021-10-20 00:00:00,1063661.2820786422,1007593.5154000192,-0.05271204999495087,577371.4149712676,430222.1004287517,0.0,-22936.98233835594,0.0,0.0,0,0,0,0.0,2
2021-10-21 00:00:00,1007593.5154000192,1024161.6436648499,0.016443266070696235,577371.4149712676,446790.22869358235,0.0,14198.259675347159,0.0,0.0,0,0,0,0.0,2
2021-10-22 00:00:00,1024161.6436648499,1010392.9542226823,-0.013443863600376497,0.0,1010392.9542226823,0.0,-14685.546377788094,0.0,0.0,0,0,0,0.0,5
2021-10-25 00:00:00,1010392.9542226823,975718.7161249329,-0.03431757709001947,0.0,975718.7161249329,0.0,-45308.70246281885,0.0,0.0,0,0,0,0.0,5
2021-10-26 00:00:00,975718.7161249329,1003650.3952380044,0.028626773937474724,0.0,1003650.3952380044,0.0,21665.174708650593,0.0,0.0,0,0,0,0.0,5
2021-10-27 00:00:00,1003650.3952380044,987716.7693974705,-0.015875673358107325,0.0,987716.7693974705,0.0,-20779.797339446726,0.0,0.0,0,0,0,0.0,5
2021-10-28 00:00:00,987716.7693974705,996398.5761413305,0.008789773559434564,0.0,996398.5761413305,0.0,13832.83307198403,0.0,0.0,0,0,0,0.0,5
2021-10-29 00:00:00,996398.5761413305,972610.628967922,-0.023873927304804244,0.0,972610.628967922,0.0,1953.4257633808593,0.0,0.0,0,0,0,0.0,5
2021-11-01 00:00:00,972610.628967922,997888.4351590483,0.025989646255408182,0.0,997888.4351590483,0.0,16512.500697151176,0.0,0.0,0,0,0,0.0,5
2021-11-02 00:00:00,997888.4351590483,986789.5075349243,-0.011122413321039226,0.0,986789.5075349243,0.0,-13034.036452292057,0.0,0.0,0,0,0,0.0,5
2021-11-03 00:00:00,986789.5075349243,984020.1674564292,-0.0028064141920328247,181495.91045019004,802524.2570062391,-10961.22787356584,-728.8240666091733,0.0,0.0,0,188.2658672887558,188.2658672887558,0.0,4
2021-11-04 00:00:00,984020.1674564292,992161.5453003717,0.00827358840112693,181495.91045019004,810665.6348501816,0.0,3798.6142641357437,0.0,0.0,0,0,0,0.0,4
2021-11-08 00:00:00,992161.5453003717,1003249.8778346556,0.011175934591303808,181495.91045019004,821753.9673844655,0.0,2381.526870840724,0.0,0.0,0,0,0,0.0,4
2021-11-09 00:00:00,1003249.8778346556,1016401.1709395881,0.0131086914591182,181495.91045019004,834905.260489398,0.0,16171.503506374574,0.0,0.0,0,0,0,0.0,4
2021-11-10 00:00:00,1016401.1709395881,1008801.1085143373,-0.007477423917393829,181495.91045019004,827305.1980641473,0.0,-1379.6770213108102,0.0,0.0,0,0,0,0.0,4
2021-11-11 00:00:00,1008801.1085143373,1005051.6224372813,-0.0037167743427422542,181495.91045019004,823555.7119870912,0.0,-3645.6499773060495,0.0,0.0,0,0,0,0.0,4
2021-11-12 00:00:00,1005051.6224372813,1028887.5671254101,0.023716139704670958,181495.91045019004,847391.65667522,0.0,14188.474761476595,0.0,0.0,0,0,0,0.0,4
2021-11-15 00:00:00,1028887.5671254101,1027077.3355687467,-0.0017594065809551753,181495.91045019004,845581.4251185566,0.0,-7872.934395369666,0.0,0.0,0,0,0,0.0,4
2021-11-16 00:00:00,1027077.3355687467,1021991.6210949409,-0.004951637328253877,181495.91045019004,840495.7106447509,0.0,-9276.966184143326,0.0,0.0,0,0,0,0.0,4
2021-11-17 00:00:00,1021991.6210949409,1012332.6706172901,-0.009451105349868184,364210.68759808305,648121.983019207,-9742.361175862825,-12926.542495150963,0.0,0.0,0,189.53019878461845,189.53019878461845,0.0,3
2021-11-18 00:00:00,1012332.6706172901,1011127.2011531317,-0.0011907839183174316,364210.68759808305,646916.5135550486,0.0,-4737.329290997208,0.0,0.0,0,0,0,0.0,3
2021-11-22 00:00:00,1011127.2011531317,1002378.4587772496,-0.008652464661127382,364210.68759808305,638167.7711791665,0.0,-16540.190625091695,0.0,0.0,0,0,0,0.0,3
2021-11-23 00:00:00,1002378.4587772496,1020300.258046005,0.017879274152217288,0.0,1020300.258046005,0.0,25728.25486427726,0.0,0.0,0,0,0,0.0,5
2021-11-24 00:00:00,1020300.258046005,1006911.447870888,-0.013122421629842704,0.0,1006911.447870888,0.0,-15564.019820871472,0.0,0.0,0,0,0,0.0,5
2021-11-25 00:00:00,1006911.447870888,1019261.9319554294,0.012265710267428578,0.0,1019261.9319554294,0.0,11308.539650308696,0.0,0.0,0,0,0,0.0,5
2021-11-26 00:00:00,1019261.9319554294,974598.4310094862,-0.043819453612142005,0.0,974598.4310094862,0.0,-9595.612538389192,0.0,0.0,0,0,0,0.0,5
2021-11-29 00:00:00,974598.4310094862,944644.0027785504,-0.030735149244914252,0.0,944644.0027785504,0.0,-4303.214810186299,0.0,0.0,0,984.3437821130703,984.3437821130703,0.0,1
2021-11-30 00:00:00,944644.0027785504,942147.3324388744,-0.0026429748480192865,0.0,942147.3324388744,0.0,-6799.885149862268,0.0,0.0,0,0,0,0.0,1
2021-12-01 00:00:00,942147.3324388744,935338.2866099405,-0.0072271560874750005,0.0,935338.2866099405,0.0,-13608.930978796212,0.0,0.0,0,0,0,0.0,1
2021-12-02 00:00:00,935338.2866099405,930118.0152550339,-0.0055811586349438025,0.0,930118.0152550339,0.0,-18829.202333702822,0.0,0.0,0,0,0,0.0,1
2021-12-03 00:00:00,930118.0152550339,928756.171456561,-0.001464162370943309,0.0,928756.171456561,0.0,-20191.046132175718,0.0,0.0,0,0,0,0.0,1
2021-12-06 00:00:00,928756.171456561,937381.0090167922,0.00928643903028386,0.0,937381.0090167922,0.0,-11566.208571944502,0.0,0.0,0,0,0,0.0,1
2021-12-07 00:00:00,937381.0090167922,935565.3038672102,-0.0019369980105384008,0.0,935565.3038672102,0.0,-13381.913721526507,0.0,0.0,0,0,0,0.0,1
2021-12-08 00:00:00,935565.3038672102,941239.523154941,0.006065016802436105,0.0,941239.523154941,0.0,-7707.694433795637,0.0,0.0,0,0,0,0.0,1
2021-12-09 00:00:00,941239.523154941,938515.8355579952,-0.0028937242114698515,0.0,938515.8355579952,0.0,-10431.382030741428,0.0,0.0,0,0,0,0.0,1
2021-12-10 00:00:00,938515.8355579952,936700.1304084134,-0.0019346558478710804,0.0,936700.1304084134,0.0,-12247.087180323317,0.0,0.0,0,0,0,0.0,1
2021-12-13 00:00:00,936700.1304084134,943055.228304523,0.006784559636325426,0.0,943055.228304523,0.0,-5891.989284213632,0.0,0.0,0,0,0,0.0,1
2021-12-14 00:00:00,943055.228304523,943055.228304523,0.0,0.0,943055.228304523,0.0,-5891.989284213632,0.0,0.0,0,0,0,0.0,1
2021-12-15 00:00:00,943055.228304523,941239.523154941,-0.001925343389322363,0.0,941239.523154941,0.0,-7707.694433795637,0.0,0.0,0,0,0,0.0,1
2021-12-16 00:00:00,941239.523154941,946913.7424426719,0.006028454126863959,0.0,946913.7424426719,0.0,-2033.4751460647676,0.0,0.0,0,0,0,0.0,1
2021-12-17 00:00:00,946913.7424426719,956446.3892868364,0.010067069910268615,0.0,956446.3892868364,0.0,7499.171698099701,0.0,0.0,0,0,0,0.0,1
2021-12-20 00:00:00,956446.3892868364,950091.2913907267,-0.006644489400862596,0.0,950091.2913907267,0.0,1144.0738019900164,0.0,0.0,0,0,0,0.0,1
2021-12-21 00:00:00,950091.2913907267,946232.7772525778,-0.004061203563397409,0.0,946232.7772525778,0.0,-2714.4403361588484,0.0,0.0,0,0,0,0.0,1
2021-12-22 00:00:00,946232.7772525778,942374.3496961441,-0.0040776726923757636,0.0,942374.3496961441,0.0,-6572.867892592563,0.0,0.0,0,0,0,0.0,1
2021-12-23 00:00:00,942374.3496961441,946232.7772525778,0.004094368185719202,0.0,946232.7772525778,0.0,-2714.4403361588484,0.0,0.0,0,0,0,0.0,1
2021-12-24 00:00:00,946232.7772525778,946686.7251854021,0.00047974234642591266,0.0,946686.7251854021,0.0,-2260.4924033345887,0.0,0.0,0,0,0,0.0,1
2021-12-27 00:00:00,946686.7251854021,943963.1241701716,-0.002876982366787837,0.0,943963.1241701716,0.0,-4984.093418565113,0.0,0.0,0,0,0,0.0,1
2021-12-28 00:00:00,943963.1241701716,944417.0721029958,0.00048089583289953266,0.0,944417.0721029958,0.0,-4530.1454857408535,0.0,0.0,0,0,0,0.0,1
2021-12-29 00:00:00,944417.0721029958,941920.4017633199,-0.0026436099192028253,0.0,941920.4017633199,0.0,-7026.815825416823,0.0,0.0,0,0,0,0.0,1
2021-12-30 00:00:00,941920.4017633199,935565.3038672102,-0.006746958537274104,0.0,935565.3038672102,0.0,-13381.913721526507,0.0,0.0,0,0,0,0.0,1
2021-12-31 00:00:00,935565.3038672102,941466.4538304956,0.006307576754816259,0.0,941466.4538304956,0.0,-7480.7637582410825,0.0,0.0,0,0,0,0.0,1
2022-01-03 00:00:00,941466.4538304956,947140.6731182265,0.00602700103083277,0.0,947140.6731182265,0.0,-1806.5444705102127,0.0,0.0,0,0,0,0.0,1
2022-01-04 00:00:00,947140.6731182265,941012.5058976713,-0.006470176389299864,0.0,941012.5058976713,0.0,-7934.711691065342,0.0,0.0,0,0,0,0.0,1
2022-01-05 00:00:00,941012.5058976713,943282.2455617927,0.002412018596879554,0.0,943282.2455617927,0.0,-5664.972026943928,0.0,0.0,0,0,0,0.0,1
2022-01-06 00:00:00,943282.2455617927,936019.2518000344,-0.007699703663385165,0.0,936019.2518000344,0.0,-12927.965788702248,0.0,0.0,0,0,0,0.0,1
2022-01-07 00:00:00,936019.2518000344,932614.6855947099,-0.003637282244758594,0.0,932614.6855947099,0.0,-16332.531994026736,0.0,0.0,0,0,0,0.0,1
2022-01-10 00:00:00,932614.6855947099,932160.7376618856,-0.00048674757092732505,0.0,932160.7376618856,0.0,-16786.479926851112,0.0,0.0,0,0,0,0.0,1
2022-01-11 00:00:00,932160.7376618856,935338.2866099405,0.003408799383703999,0.0,935338.2866099405,0.0,-13608.930978796212,0.0,0.0,0,0,0,0.0,1
2022-01-12 00:00:00,935338.2866099405,938061.9742068861,0.0029119812969673935,0.0,938061.9742068861,0.0,-10885.243381850538,0.0,0.0,0,0,0,0.0,1
2022-01-13 00:00:00,938061.9742068861,940104.6100320227,0.0021775062642994036,0.0,940104.6100320227,0.0,-8842.607556713978,0.0,0.0,0,0,0,0.0,1
2022-01-14 00:00:00,940104.6100320227,942601.2803716987,0.0026557367265659143,0.0,942601.2803716987,0.0,-6345.937217038008,0.0,0.0,0,0,0,0.0,1
2022-01-17 00:00:00,942601.2803716987,942601.2803716987,0.0,0.0,942601.2803716987,0.0,-6345.937217038008,0.0,0.0,0,0,0,0.0,1
2022-01-18 00:00:00,942601.2803716987,942374.3496961441,-0.0002407493818224697,0.0,942374.3496961441,0.0,-6572.867892592563,0.0,0.0,0,0,0,0.0,1
2022-01-19 00:00:00,942374.3496961441,944190.0548457261,0.0019267344767686587,0.0,944190.0548457261,0.0,-4757.162743010558,0.0,0.0,0,0,0,0.0,1
2022-01-20 00:00:00,944190.0548457261,954403.6668799847,0.010817326428975552,0.0,954403.6668799847,0.0,5456.449291247991,0.0,0.0,0,0,0,0.0,1
2022-01-21 00:00:00,954403.6668799847,949637.3434579024,-0.0049940330150487515,0.0,949637.3434579024,0.0,690.1258691657567,0.0,0.0,0,0,0,0.0,1
2022-01-24 00:00:00,949637.3434579024,954176.7362044301,0.004780132940011022,0.0,954176.7362044301,0.0,5229.518615693436,0.0,0.0,0,0,0,0.0,1
2022-01-25 00:00:00,954176.7362044301,954630.6841372544,0.000475748271363223,0.0,954630.6841372544,0.0,5683.466548517696,0.0,0.0,0,0,0,0.0,1
2022-01-27 00:00:00,954630.6841372544,949183.3955250782,-0.005706173814326087,0.0,949183.3955250782,0.0,236.17793634149712,0.0,0.0,0,0,0,0.0,1
2022-01-28 00:00:00,949183.3955250782,940331.6272892924,-0.009325666965433025,0.0,940331.6272892924,0.0,-8615.590299444273,0.0,0.0,0,0,0,0.0,1
2022-01-31 00:00:00,940331.6272892924,936246.182475589,-0.004344685103786832,0.0,936246.182475589,0.0,-12701.035113147693,0.0,0.0,0,0,0,0.0,1
2022-02-01 00:00:00,936246.182475589,943055.228304523,0.007272708777225476,0.0,943055.228304523,0.0,-5891.989284213632,0.0,0.0,0,0,0,0.0,1
2022-02-02 00:00:00,943055.228304523,942147.3324388744,-0.0009627175995629664,0.0,942147.3324388744,0.0,-6799.885149862268,0.0,0.0,0,0,0,0.0,1
2022-02-03 00:00:00,942147.3324388744,943282.2455617927,0.0012046025964755065,0.0,943282.2455617927,0.0,-5664.972026943928,0.0,0.0,0,0,0,0.0,1
2022-02-04 00:00:00,943282.2455617927,944190.0548457261,0.0009623941171422169,0.0,944190.0548457261,0.0,-4757.162743010558,0.0,0.0,0,0,0,0.0,1
2022-02-07 00:00:00,944190.0548457261,944871.0200358202,0.0007212162282363222,0.0,944871.0200358202,0.0,-4076.1975529164774,0.0,0.0,0,0,0,0.0,1
2022-02-08 00:00:00,944871.0200358202,949183.3955250782,0.004563983229260743,0.0,949183.3955250782,0.0,236.17793634149712,0.0,0.0,0,0,0,0.0,1
2022-02-09 00:00:00,949183.3955250782,953041.909663227,0.004065088112939834,0.0,953041.909663227,0.0,4094.692074490362,0.0,0.0,0,0,0,0.0,1
2022-02-10 00:00:00,953041.909663227,957127.2678952152,0.00428665118560398,0.0,957127.2678952152,0.0,8180.050306478515,0.0,0.0,0,0,0,0.0,1
2022-02-11 00:00:00,957127.2678952152,957581.2158280396,0.0004742816844228427,0.0,957581.2158280396,0.0,8633.998239302891,0.0,0.0,0,0,0,0.0,1
2022-02-14 00:00:00,957581.2158280396,975057.8216240563,0.01825078176883867,0.0,975057.8216240563,0.0,26110.604035319644,0.0,0.0,0,0,0,0.0,1
2022-02-15 00:00:00,975057.8216240563,969610.6195935953,-0.005586542571791475,0.0,969610.6195935953,0.0,20663.402004858595,0.0,0.0,0,0,0,0.0,1
2022-02-16 00:00:00,969610.6195935953,967794.8278622981,-0.001872701984285434,0.0,967794.8278622981,0.0,18847.61027356144,0.0,0.0,0,0,0,0.0,1
2022-02-17 00:00:00,967794.8278622981,984817.4857254906,0.017589118450645976,0.0,984817.4857254906,0.0,35870.26813675393,0.0,0.0,0,0,0,0.0,1
2022-02-18 00:00:00,984817.4857254906,980051.1623034084,-0.004839803812552132,0.0,980051.1623034084,0.0,31103.9447146717,0.0,0.0,0,0,0,0.0,1
2022-02-21 00:00:00,980051.1623034084,978235.3705721112,-0.0018527519798349206,0.0,978235.3705721112,0.0,29288.152983374544,0.0,0.0,0,0,0,0.0,1
2022-02-22 00:00:00,978235.3705721112,984590.555049936,0.0064965801370564505,0.0,984590.555049936,0.0,35643.33746119938,0.0,0.0,0,0,0,0.0,1
2022-02-23 00:00:00,984590.555049936,978008.4398965567,-0.00668512928508192,0.0,978008.4398965567,0.0,29061.22230781999,0.0,0.0,0,0,0,0.0,1
2022-02-24 00:00:00,978008.4398965567,1012734.6342313205,0.03550704975351416,0.0,1012734.6342313205,0.0,63787.41664258379,0.0,0.0,0,0,0,0.0,1
2022-02-25 00:00:00,1012734.6342313205,990037.7570803971,-0.022411475211520347,0.0,990037.7570803971,0.0,41090.53949166043,0.0,0.0,0,0,0,0.0,1
2022-02-28 00:00:00,990037.7570803971,989356.8784720183,-0.0006877299411152892,0.0,989356.8784720183,0.0,40409.66088328161,0.0,0.0,0,0,0,0.0,1
2022-03-02 00:00:00,989356.8784720183,1007514.362876414,0.01835281565175799,0.0,1007514.362876414,0.0,58567.1452876773,0.0,0.0,0,0,0,0.0,1
2022-03-03 00:00:00,1007514.362876414,1007741.3801336837,0.0002253240902904643,0.0,1007741.3801336837,0.0,58794.162544947,0.0,0.0,0,0,0,0.0,1
2022-03-04 00:00:00,1007741.3801336837,1013415.5994214145,0.0056306304371247975,0.0,1013415.5994214145,0.0,64468.38183267787,0.0,0.0,0,0,0,0.0,1
2022-03-07 00:00:00,1013415.5994214145,1044056.348942475,0.030235127166538686,0.0,1044056.348942475,0.0,95109.13135373837,0.0,0.0,0,0,0,0.0,1
2022-03-08 00:00:00,1044056.348942475,1042467.5744684476,-0.001521732496178698,0.0,1042467.5744684476,0.0,93520.35687971092,0.0,0.0,0,0,0,0.0,1
2022-03-09 00:00:00,1042467.5744684476,1036339.4072478925,-0.0058785207047613655,0.0,1036339.4072478925,0.0,87392.18965915579,0.0,0.0,0,0,0,0.0,1
2022-03-10 00:00:00,1036339.4072478925,1016820.079045024,-0.018834879834111567,0.0,1016820.079045024,0.0,67872.86145628733,0.0,0.0,0,0,0,0.0,1
2022-03-11 00:00:00,1016820.079045024,1027714.5696876614,0.010714275678809608,0.0,1027714.5696876614,0.0,78767.35209892469,0.0,0.0,0,0,0,0.0,1
2022-03-14 00:00:00,1027714.5696876614,1013188.5821641448,-0.01413426251992438,0.0,1013188.5821641448,0.0,64241.364575408166,0.0,0.0,0,0,0,0.0,1
2022-03-15 00:00:00,1013188.5821641448,1006152.6056596563,-0.006944389848393113,0.0,1006152.6056596563,0.0,57205.38807091967,0.0,0.0,0,0,0,0.0,1
2022-03-16 00:00:00,1006152.6056596563,1003882.8659955348,-0.0022558602456070154,0.0,1003882.8659955348,0.0,54935.64840679814,0.0,0.0,0,0,0,0.0,1
2022-03-17 00:00:00,1003882.8659955348,1003882.8659955348,0.0,0.0,1003882.8659955348,0.0,54935.64840679814,0.0,0.0,0,0,0,0.0,1
2022-03-21 00:00:00,1003882.8659955348,1001840.1435886831,-0.002034821467767531,0.0,1001840.1435886831,0.0,52892.92599994643,0.0,0.0,0,0,0,0.0,1
2022-03-22 00:00:00,1001840.1435886831,1005925.5884023865,0.0040779408170538885,0.0,1005925.5884023865,0.0,56978.370813649846,0.0,0.0,0,0,0,0.0,1
2022-03-23 00:00:00,1005925.5884023865,1008195.2414847928,0.0022562832763911825,0.0,1008195.2414847928,0.0,59248.02389605611,0.0,0.0,0,0,0,0.0,1
2022-03-24 00:00:00,1008195.2414847928,1011826.8249473871,0.0036020636808858485,0.0,1011826.8249473871,0.0,62879.60735865042,0.0,0.0,0,0,0,0.0,1
2022-03-25 00:00:00,1011826.8249473871,1016593.1483694694,0.004710611840450256,0.0,1016593.1483694694,0.0,67645.93078073277,0.0,0.0,0,0,0,0.0,1
2022-03-28 00:00:00,1016593.1483694694,1009784.1025405354,-0.006697906473061717,0.0,1009784.1025405354,0.0,60836.88495179871,0.0,0.0,0,0,0,0.0,1
2022-03-29 00:00:00,1009784.1025405354,1002748.0394543317,-0.006967888550138075,0.0,1002748.0394543317,0.0,53800.82186559506,0.0,0.0,0,0,0,0.0,1
2022-03-30 00:00:00,1002748.0394543317,1001159.2649803043,-0.0015844204241895284,0.0,1001159.2649803043,0.0,52212.04739156761,0.0,0.0,0,0,0,0.0,1
2022-03-31 00:00:00,1001159.2649803043,1001386.1956558588,0.0002266679073873619,0.0,1001386.1956558588,0.0,52438.97806712217,0.0,0.0,0,0,0,0.0,1
2022-04-01 00:00:00,1001386.1956558588,1011599.8076901174,0.010199473568306116,0.0,1011599.8076901174,0.0,62652.590101380716,0.0,0.0,0,0,0,0.0,1
2022-04-04 00:00:00,1011599.8076901174,1003655.9353199803,-0.007852781613587035,0.0,1003655.9353199803,0.0,54708.71773124358,0.0,0.0,0,0,0,0.0,1
2022-04-05 00:00:00,1003655.9353199803,1005698.657726832,0.0020352815491500678,0.0,1005698.657726832,0.0,56751.44013809529,0.0,0.0,0,0,0,0.0,1
2022-04-06 00:00:00,1005698.657726832,1009784.1025405354,0.0040622951838652135,0.0,1009784.1025405354,0.0,60836.88495179871,0.0,0.0,0,0,0,0.0,1
2022-04-07 00:00:00,1009784.1025405354,1013188.5821641448,0.0033714925943516627,0.0,1013188.5821641448,0.0,64241.364575408166,0.0,0.0,0,0,0,0.0,1
2022-04-08 00:00:00,1013188.5821641448,1013642.5300969691,0.00044803893452355977,0.0,1013642.5300969691,0.0,64695.312508232426,0.0,0.0,0,0,0,0.0,1
2022-04-11 00:00:00,1013642.5300969691,1026352.8124709036,0.012539215745730995,0.0,1026352.8124709036,0.0,77405.59488216694,0.0,0.0,0,0,0,0.0,1
2022-04-12 00:00:00,1026352.8124709036,1025898.8645380794,-0.0004422922871243447,0.0,1025898.8645380794,0.0,76951.64694934268,0.0,0.0,0,0,0,0.0,1
2022-04-13 00:00:00,1025898.8645380794,1037928.1817219199,0.011725636512188624,0.0,1037928.1817219199,0.0,88980.96413318324,0.0,0.0,0,0,0,0.0,1
2022-04-18 00:00:00,1037928.1817219199,1048368.724431733,0.010059022284655836,0.0,1048368.724431733,0.0,99421.50684299634,0.0,0.0,0,0,0,0.0,1
2022-04-19 00:00:00,1048368.724431733,1043602.4010096508,-0.004546418937350324,0.0,1043602.4010096508,0.0,94655.18342091411,0.0,0.0,0,0,0,0.0,1
2022-04-20 00:00:00,1043602.4010096508,1026352.8124709036,-0.01652888928011162,0.0,1026352.8124709036,0.0,77405.59488216694,0.0,0.0,0,0,0,0.0,1
2022-04-21 00:00:00,1026352.8124709036,1026125.7952136339,-0.00022118832287619468,0.0,1026125.7952136339,0.0,77178.57762489724,0.0,0.0,0,0,0,0.0,1
2022-04-22 00:00:00,1026125.7952136339,1028849.4828105797,0.0026543408319432546,0.0,1028849.4828105797,0.0,79902.26522184303,0.0,0.0,0,0,0,0.0,1
2022-04-25 00:00:00,1028849.4828105797,1019089.8187091454,-0.009485997966168128,0.0,1019089.8187091454,0.0,70142.60112040874,0.0,0.0,0,0,0,0.0,1
2022-04-26 00:00:00,1019089.8187091454,1013188.5821641448,-0.005790693260458158,0.0,1013188.5821641448,0.0,64241.364575408166,0.0,0.0,0,0,0,0.0,1
2022-04-27 00:00:00,1013188.5821641448,1008422.2587420626,-0.004704280630464163,0.0,1008422.2587420626,0.0,59475.04115332593,0.0,0.0,0,0,0,0.0,1
2022-04-28 00:00:00,1008422.2587420626,1006152.6056596563,-0.0022506971288371804,0.0,1006152.6056596563,0.0,57205.38807091967,0.0,0.0,0,0,0,0.0,1
2022-04-29 00:00:00,1006152.6056596563,1016593.1483694694,0.010376698972983376,0.0,1016593.1483694694,0.0,67645.93078073277,0.0,0.0,0,0,0,0.0,1
2022-05-02 00:00:00,1016593.1483694694,1002294.0915215075,-0.014065663211380544,0.0,1002294.0915215075,0.0,53346.8739327708,0.0,0.0,0,0,0,0.0,1
2022-05-04 00:00:00,1002294.0915215075,998208.646707804,-0.0040760938812896014,0.0,998208.646707804,0.0,49261.42911906727,0.0,0.0,0,0,0,0.0,1
2022-05-05 00:00:00,998208.646707804,1010918.9290817386,0.012733091839921913,0.0,1010918.9290817386,0.0,61971.7114930019,0.0,0.0,0,0,0,0.0,1
2022-05-06 00:00:00,1010918.9290817386,1011145.8597572931,0.00022447959873566308,0.0,1011145.8597572931,0.0,62198.64216855646,0.0,0.0,0,0,0,0.0,1
2022-05-09 00:00:00,1011145.8597572931,1008195.2414847928,-0.002918093610360613,0.0,1008195.2414847928,0.0,59248.02389605611,0.0,0.0,0,0,0,0.0,1
2022-05-10 00:00:00,1008195.2414847928,1004563.7446039136,-0.003601977802961031,0.0,1004563.7446039136,0.0,55616.52701517695,0.0,0.0,0,0,0,0.0,1
2022-05-11 00:00:00,1004563.7446039136,1000024.4384391012,-0.004518684044885775,0.0,1000024.4384391012,0.0,51077.22085036454,0.0,0.0,0,0,0,0.0,1
2022-05-12 00:00:00,1000024.4384391012,999116.5425734526,-0.0009078736786330288,0.0,999116.5425734526,0.0,50169.3249847159,0.0,0.0,0,0,0,0.0,1
2022-05-13 00:00:00,999116.5425734526,985498.3643338694,-0.013630219958631081,0.0,985498.3643338694,0.0,36551.14674513275,0.0,0.0,0,0,0,0.0,1
2022-05-16 00:00:00,985498.3643338694,979143.2664377597,-0.00644861333727865,0.0,979143.2664377597,0.0,30196.048849023064,0.0,0.0,0,0,0,0.0,1
2022-05-17 00:00:00,979143.2664377597,988222.0519308152,0.009272172729211714,0.0,988222.0519308152,0.0,39274.83434207854,0.0,0.0,0,0,0,0.0,1
2022-05-18 00:00:00,988222.0519308152,984817.4857254906,-0.0034451429197240343,0.0,984817.4857254906,0.0,35870.26813675393,0.0,0.0,0,0,0,0.0,1
2022-05-19 00:00:00,984817.4857254906,989356.8784720183,0.004609374642839146,0.0,989356.8784720183,0.0,40409.66088328161,0.0,0.0,0,0,0,0.0,1
2022-05-20 00:00:00,989356.8784720183,996846.8029093312,0.0075704981693567016,0.0,996846.8029093312,0.0,47899.58532059449,0.0,0.0,0,0,0,0.0,1
2022-05-23 00:00:00,996846.8029093312,1004336.8139283592,0.0075137032061177045,0.0,1004336.8139283592,0.0,55389.59633962251,0.0,0.0,0,0,0,0.0,1
2022-05-24 00:00:00,1004336.8139283592,1000251.3691146557,-0.004067803506797429,0.0,1000251.3691146557,0.0,51304.15152591898,0.0,0.0,0,0,0,0.0,1
2022-05-25 00:00:00,1000251.3691146557,1001386.1956558588,0.0011345413525478605,0.0,1001386.1956558588,0.0,52438.97806712217,0.0,0.0,0,0,0,0.0,1
2022-05-26 00:00:00,1001386.1956558588,995711.976368128,-0.005666364597740969,0.0,995711.976368128,0.0,46764.7587793913,0.0,0.0,0,0,0,0.0,1
2022-05-27 00:00:00,995711.976368128,1000478.3863719255,0.0047869365006365005,0.0,1000478.3863719255,0.0,51531.1687831888,0.0,0.0,0,0,0,0.0,1
2022-05-30 00:00:00,1000478.3863719255,998208.646707804,-0.002268654370787937,0.0,998208.646707804,0.0,49261.42911906727,0.0,0.0,0,0,0,0.0,1
2022-05-31 00:00:00,998208.646707804,997527.7680994251,-0.0006821004913395843,0.0,997527.7680994251,0.0,48580.55051068845,0.0,0.0,0,0,0,0.0,1
2022-06-01 00:00:00,997527.7680994251,987768.1039979908,-0.009783852052589205,0.0,987768.1039979908,0.0,38820.88640925416,0.0,0.0,0,0,0,0.0,1
2022-06-02 00:00:00,987768.1039979908,998208.646707804,0.0105698317930646,0.0,998208.646707804,0.0,49261.42911906727,0.0,0.0,0,0,0,0.0,1
2022-06-03 00:00:00,998208.646707804,1002067.1608459529,0.0038654385041391524,0.0,1002067.1608459529,0.0,53119.94325721625,0.0,0.0,0,0,0,0.0,1
2022-06-06 00:00:00,1002067.1608459529,998662.5946406283,-0.003397542937591572,0.0,998662.5946406283,0.0,49715.37705189164,0.0,0.0,0,0,0,0.0,1
2022-06-07 00:00:00,998662.5946406283,995485.0456925734,-0.003181804310191823,0.0,995485.0456925734,0.0,46537.82810383674,0.0,0.0,0,0,0,0.0,1
2022-06-08 00:00:00,995485.0456925734,995938.9936253978,0.0004560067826117447,0.0,995938.9936253978,0.0,46991.77603666112,0.0,0.0,0,0,0,0.0,1
2022-06-09 00:00:00,995938.9936253978,997527.7680994251,0.001595252805840956,0.0,997527.7680994251,0.0,48580.55051068845,0.0,0.0,0,0,0,0.0,1
2022-06-10 00:00:00,997527.7680994251,994350.2191513703,-0.003185424055020464,0.0,994350.2191513703,0.0,45403.00156263367,0.0,0.0,0,0,0,0.0,1
2022-06-13 00:00:00,994350.2191513703,1002974.9701298863,0.008673755797908664,0.0,1002974.9701298863,0.0,54027.75254114962,0.0,0.0,0,0,0,0.0,1
2022-06-14 00:00:00,1002974.9701298863,988902.930539194,-0.014030299867672591,0.0,988902.930539194,0.0,39955.71295045735,0.0,0.0,0,0,0,0.0,1
2022-06-15 00:00:00,988902.930539194,989810.8264048427,0.0009180839065302499,0.0,989810.8264048427,0.0,40863.60881610599,0.0,0.0,0,0,0,0.0,1
2022-06-16 00:00:00,989810.8264048427,992307.4967445186,0.0025223712178864426,0.0,992307.4967445186,0.0,43360.27915578196,0.0,0.0,0,0,0,0.0,1
2022-06-17 00:00:00,992307.4967445186,1000478.3863719255,0.008234231479872144,0.0,1000478.3863719255,0.0,51531.1687831888,0.0,0.0,0,0,0,0.0,1
2022-06-20 00:00:00,1000478.3863719255,994577.1498269249,-0.005898414823732937,0.0,994577.1498269249,0.0,45629.93223818822,0.0,0.0,0,0,0,0.0,1
2022-06-21 00:00:00,994577.1498269249,993669.2539612763,-0.0009128460932433714,0.0,993669.2539612763,0.0,44722.03637253959,0.0,0.0,0,0,0,0.0,1
2022-06-22 00:00:00,993669.2539612763,991399.60087887,-0.0022841132231456907,0.0,991399.60087887,0.0,42452.38329013332,0.0,0.0,0,0,0,0.0,1
2022-06-23 00:00:00,991399.60087887,993215.306028452,0.0018314564056434893,0.0,993215.306028452,0.0,44268.08843971533,0.0,0.0,0,0,0,0.0,1
2022-06-24 00:00:00,993215.306028452,990945.6529460457,-0.0022851571745122175,0.0,990945.6529460457,0.0,41998.43535730906,0.0,0.0,0,0,0,0.0,1
2022-06-27 00:00:00,990945.6529460457,995711.976368128,0.0048098736877366845,0.0,995711.976368128,0.0,46764.7587793913,0.0,0.0,0,0,0,0.0,1
2022-06-28 00:00:00,995711.976368128,994123.2018941005,-0.0015956165153526878,0.0,994123.2018941005,0.0,45175.98430536385,0.0,0.0,0,0,0,0.0,1
2022-06-29 00:00:00,994123.2018941005,993215.306028452,-0.0009132629274909864,0.0,993215.306028452,0.0,44268.08843971533,0.0,0.0,0,0,0,0.0,1
2022-06-30 00:00:00,993215.306028452,993215.306028452,0.0,0.0,993215.306028452,0.0,44268.08843971533,0.0,0.0,0,0,0,0.0,1
2022-07-01 00:00:00,993215.306028452,1006833.4842680352,0.013711204566548478,0.0,1006833.4842680352,0.0,57886.26667929848,0.0,0.0,0,0,0,0.0,1
2022-07-04 00:00:00,1006833.4842680352,1014096.4780297934,0.007213699062698911,0.0,1014096.4780297934,0.0,65149.260441056686,0.0,0.0,0,0,0,0.0,1
2022-07-05 00:00:00,1014096.4780297934,1016820.079045024,0.002685741518915544,0.0,1016820.079045024,0.0,67872.86145628733,0.0,0.0,0,0,0,0.0,1
2022-07-06 00:00:00,1016820.079045024,1002521.0221970619,-0.01406252408134137,0.0,1002521.0221970619,0.0,53573.80460832524,0.0,0.0,0,0,0,0.0,1
2022-07-07 00:00:00,1002521.0221970619,989356.8784720183,-0.013131040081527587,0.0,989356.8784720183,0.0,40409.66088328161,0.0,0.0,0,0,0,0.0,1
2022-07-08 00:00:00,989356.8784720183,988902.930539194,-0.00045883133043492404,0.0,988902.930539194,0.0,39955.71295045735,0.0,0.0,0,0,0,0.0,1
2022-07-11 00:00:00,988902.930539194,988675.9998636395,-0.0002294771999824312,0.0,988675.9998636395,0.0,39728.7822749028,0.0,0.0,0,0,0,0.0,1
2022-07-12 00:00:00,988675.9998636395,990037.7570803971,0.0013773543779210236,0.0,990037.7570803971,0.0,41090.53949166043,0.0,0.0,0,0,0,0.0,1
2022-07-13 00:00:00,990037.7570803971,985952.3122666937,-0.004126554552577186,0.0,985952.3122666937,0.0,37005.09467795701,0.0,0.0,0,0,0,0.0,1
2022-07-14 00:00:00,985952.3122666937,982774.7633186389,-0.0032228221471986137,0.0,982774.7633186389,0.0,33827.545729902224,0.0,0.0,0,0,0,0.0,1
2022-07-15 00:00:00,982774.7633186389,978462.3878293809,-0.004387959123712052,0.0,978462.3878293809,0.0,29515.17024064425,0.0,0.0,0,0,0,0.0,1
2022-07-18 00:00:00,978462.3878293809,988448.9826063698,0.01020641661979781,0.0,988448.9826063698,0.0,39501.76501763309,0.0,0.0,0,0,0,0.0,1
2022-07-19 00:00:00,988448.9826063698,984817.4857254906,-0.0036739345629184907,0.0,984817.4857254906,0.0,35870.26813675393,0.0,0.0,0,0,0,0.0,1
2022-07-20 00:00:00,984817.4857254906,984817.4857254906,0.0,0.0,984817.4857254906,0.0,35870.26813675393,0.0,0.0,0,0,0,0.0,1
2022-07-21 00:00:00,984817.4857254906,976646.5960980838,-0.00829685677380875,0.0,976646.5960980838,0.0,27699.378509347094,0.0,0.0,0,0,0,0.0,1
2022-07-22 00:00:00,976646.5960980838,991626.5315544246,0.015338133073098184,0.0,991626.5315544246,0.0,42679.31396568788,0.0,0.0,0,0,0,0.0,1
2022-07-25 00:00:00,991626.5315544246,1006819.2222417196,0.015320980433510326,0.0,1006819.2222417196,0.0,2616.173152362957,0.0,0.0,0,1041.6607046510055,1041.6607046510055,0.0,5
2022-07-26 00:00:00,1006819.2222417196,1019860.4312753594,0.012952880463091503,0.0,1019860.4312753594,0.0,3591.581066843675,0.0,0.0,0,0,0,0.0,5
2022-07-27 00:00:00,1019860.4312753594,1029827.4092974633,0.009772884324612886,0.0,1029827.4092974633,0.0,5216.737464887585,0.0,0.0,0,0,0,0.0,5
2022-07-28 00:00:00,1029827.4092974633,1039590.0365852034,0.009479867402636016,0.0,1039590.0365852034,0.0,-2153.4818040609243,0.0,0.0,0,0,0,0.0,5
2022-07-29 00:00:00,1039590.0365852034,1039719.4041192903,0.0001244409137585269,0.0,1039719.4041192903,0.0,-5906.452769332711,0.0,0.0,0,0,0,0.0,5
2022-08-01 00:00:00,1039719.4041192903,1068196.9130782657,0.0273896099718344,0.0,1068196.9130782657,0.0,24099.61044116848,0.0,0.0,0,0,0,0.0,5
2022-08-02 00:00:00,1068196.9130782657,1071141.1387262484,0.0027562574015479813,0.0,1071141.1387262484,0.0,-3015.676076965872,0.0,0.0,0,0,0,0.0,5
2022-08-03 00:00:00,1071141.1387262484,1080686.2660528333,0.008911176110680905,0.0,1080686.2660528333,0.0,8699.976912253856,0.0,0.0,0,0,0,0.0,5
2022-08-04 00:00:00,1080686.2660528333,1103506.6875507613,0.021116601750921407,0.0,1103506.6875507613,0.0,17955.017545556795,0.0,0.0,0,0,0,0.0,5
2022-08-05 00:00:00,1103506.6875507613,1100649.3613630892,-0.0025893147906642447,0.0,1100649.3613630892,0.0,-6455.262633950857,0.0,0.0,0,0,0,0.0,5
2022-08-08 00:00:00,1100649.3613630892,1095580.4467966056,-0.004605385461002794,0.0,1095580.4467966056,0.0,-4623.873542017245,0.0,0.0,0,0,0,0.0,5
2022-08-10 00:00:00,1095580.4467966056,1088736.2657014732,-0.006247082188390857,0.0,1088736.2657014732,0.0,-9620.666353368404,0.0,0.0,0,0,0,0.0,5
2022-08-11 00:00:00,1088736.2657014732,1087614.2702174624,-0.0010305484618792229,0.0,1087614.2702174624,0.0,-8668.344987625838,0.0,0.0,0,0,0,0.0,5
2022-08-12 00:00:00,1087614.2702174624,1113550.9562386565,0.02384732044386306,0.0,1113550.9562386565,0.0,24775.287086339085,0.0,0.0,0,0,0,0.0,5
2022-08-16 00:00:00,1113550.9562386565,1133162.8204977666,0.01761200432655086,0.0,1133162.8204977666,0.0,15606.072696246818,0.0,0.0,0,0,0,0.0,5
2022-08-17 00:00:00,1133162.8204977666,1154389.1330936844,0.01873191761321089,0.0,1154389.1330936844,0.0,16433.454278201738,0.0,0.0,0,0,0,0.0,5
2022-08-18 00:00:00,1154389.1330936844,1174649.2046760689,0.017550469769313223,0.0,1174649.2046760689,0.0,13139.928775684588,0.0,0.0,0,0,0,0.0,5
2022-08-19 00:00:00,1174649.2046760689,1163279.129553184,-0.009679549500925639,0.0,1163279.129553184,0.0,-20380.91962259775,0.0,0.0,0,0,0,0.0,5
2022-08-22 00:00:00,1163279.129553184,1161028.8284717724,-0.0019344463630804434,0.0,1161028.8284717724,0.0,-9788.097682254185,0.0,0.0,0,0,0,0.0,5
2022-08-23 00:00:00,1161028.8284717724,1178477.9408418832,0.015029008705217563,0.0,1178477.9408418832,0.0,30706.048438463156,0.0,0.0,0,0,0,0.0,5
2022-08-24 00:00:00,1178477.9408418832,1184797.04224088,0.005362087129507511,0.0,1184797.04224088,0.0,13841.725770132325,0.0,0.0,0,0,0,0.0,5
2022-08-25 00:00:00,1184797.04224088,1177537.1769994027,-0.006127518032747814,0.0,1177537.1769994027,0.0,1916.8363540542487,0.0,0.0,0,0,0,0.0,5
2022-08-26 00:00:00,1177537.1769994027,1168250.9432883684,-0.007886149068089255,0.0,1168250.9432883684,0.0,-13140.879910160118,0.0,0.0,0,0,0,0.0,5
2022-08-29 00:00:00,1168250.9432883684,1173074.1479963306,0.004128569067863084,0.0,1173074.1479963306,0.0,44761.71940573506,0.0,0.0,0,0,0,0.0,5
2022-08-30 00:00:00,1173074.1479963306,1211910.6020084764,0.03310656370569615,0.0,1211910.6020084764,0.0,27669.59484928823,0.0,0.0,0,0,0,0.0,5
2022-09-01 00:00:00,1211910.6020084764,1192139.9021822533,-0.016313661909927574,0.0,1192139.9021822533,0.0,-11706.919985281449,0.0,0.0,0,0,0,0.0,5
2022-09-02 00:00:00,1192139.9021822533,1192087.8946399596,-4.3625368296581644e-05,0.0,1192087.8946399596,0.0,-6206.122295899375,0.0,0.0,0,0,0,0.0,5
2022-09-05 00:00:00,1192087.8946399596,1177316.090910554,-0.01239153907679524,0.0,1177316.090910554,0.0,-18524.612172697583,0.0,0.0,0,0,0,0.0,5
2022-09-06 00:00:00,1177316.090910554,1213010.5779394729,0.03031852473987022,0.0,1213010.5779394729,0.0,27441.565866580815,0.0,0.0,0,0,0,0.0,5
2022-09-07 00:00:00,1213010.5779394729,1214391.943250074,0.001138790819901753,0.0,1214391.943250074,0.0,4743.768099534442,0.0,0.0,0,0,0,0.0,5
2022-09-08 00:00:00,1214391.943250074,1217628.0260824217,0.0026647762695846625,0.0,1217628.0260824217,0.0,-10347.535337358102,0.0,0.0,0,0,0,0.0,5
2022-09-09 00:00:00,1217628.0260824217,1207052.2209510894,-0.00868557958981832,0.0,1207052.2209510894,0.0,-18387.129277951026,0.0,0.0,0,0,0,0.0,5
2022-09-12 00:00:00,1207052.2209510894,1207749.7386642843,0.0005778687127930066,0.0,1207749.7386642843,0.0,-8142.172280030005,0.0,0.0,0,0,0,0.0,5
2022-09-13 00:00:00,1207749.7386642843,1204838.734173924,-0.0024102712649557863,0.0,1204838.734173924,0.0,-8735.462365649088,0.0,0.0,0,0,0,0.0,5
2022-09-14 00:00:00,1204838.734173924,1194012.8511714665,-0.008985337784545924,0.0,1194012.8511714665,0.0,3706.010250954627,0.0,0.0,0,0,0,0.0,5
2022-09-15 00:00:00,1194012.8511714665,1206424.482329559,0.010394889088434233,0.0,1206424.482329559,0.0,6689.337542065565,0.0,0.0,0,0,0,0.0,5
2022-09-16 00:00:00,1206424.482329559,1189045.175858568,-0.01440563145521744,0.0,1189045.175858568,0.0,-17666.187148930097,0.0,0.0,0,0,0,0.0,5
2022-09-19 00:00:00,1189045.175858568,1197955.829072573,0.007493956827646169,0.0,1197955.829072573,0.0,10722.312591445865,0.0,0.0,0,0,0,0.0,5
2022-09-20 00:00:00,1197955.829072573,1212733.2363880798,0.012335519354621887,0.0,1212733.2363880798,0.0,4876.928686070954,0.0,0.0,0,0,0,0.0,5
2022-09-21 00:00:00,1212733.2363880798,1199262.6470010015,-0.011107627780696577,0.0,1199262.6470010015,0.0,-17844.383014862746,0.0,0.0,0,0,0,0.0,5
2022-09-22 00:00:00,1199262.6470010015,1214404.5372970758,0.012626000095925346,0.0,1214404.5372970758,0.0,17038.81770664084,0.0,0.0,0,0,0,0.0,5
2022-09-23 00:00:00,1214404.5372970758,1200613.714708365,-0.011356036777831313,188426.80053495083,1012186.9141734142,-12413.809282920503,-18543.089066029177,0.0,0.0,0,195.45528565996824,195.45528565996824,0.0,4
2022-09-26 00:00:00,1200613.714708365,1149473.2039465234,-0.04259530782909968,188426.80053495083,961046.4034115724,0.0,-39965.35795775417,0.0,0.0,0,0,0,0.0,4
2022-09-27 00:00:00,1149473.2039465234,1144606.1088772288,-0.004234196197513964,188426.80053495083,956179.308342278,0.0,-3827.5119322362298,0.0,0.0,0,0,0,0.0,4
2022-09-28 00:00:00,1144606.1088772288,1137494.862749257,-0.006212832583033742,188426.80053495083,949068.062214306,0.0,-2097.9133796162787,0.0,0.0,0,0,0,0.0,4
2022-09-29 00:00:00,1137494.862749257,1139573.832059486,0.001827673581931117,188426.80053495083,951147.0315245352,0.0,-14281.00607190773,0.0,0.0,0,0,0,0.0,4
2022-09-30 00:00:00,1139573.832059486,1142052.1249654854,0.0021747541372729414,188426.80053495083,953625.3244305346,0.0,6640.826651221141,0.0,0.0,0,0,0,0.0,4
2022-10-03 00:00:00,1142052.1249654854,1113166.6299245483,-0.02529262404884546,188426.80053495083,924739.8293895975,0.0,-29873.549711831118,0.0,0.0,0,0,0,0.0,4
2022-10-04 00:00:00,1113166.6299245483,1142001.901698028,0.025903823379464883,188426.80053495083,953575.1011630772,0.0,11025.479776603548,0.0,0.0,0,0,0,0.0,4
2022-10-06 00:00:00,1142001.901698028,1163033.7091350872,0.018416613322436076,188426.80053495083,974606.9086001364,0.0,15752.026635805727,0.0,0.0,0,0,0,0.0,4
2022-10-07 00:00:00,1163033.7091350872,1153064.5797108528,-0.008571659914868784,188426.80053495083,964637.779175902,0.0,-13136.812881069287,0.0,0.0,0,0,0,0.0,4
2022-10-10 00:00:00,1153064.5797108528,1131380.023548021,-0.018806020533793127,188426.80053495083,942953.2230130701,0.0,-6388.179849594337,0.0,0.0,0,0,0,0.0,4
2022-10-11 00:00:00,1131380.023548021,1116838.1440394684,-0.012853222795068541,412644.4140950445,704193.729944424,23377.003742222365,-23023.55860233461,0.0,0.0,0,232.58112744028458,232.58112744028458,0.0,3
2022-10-12 00:00:00,1116838.1440394684,1124635.1192559912,0.006981293805315511,412644.4140950445,711990.7051609466,0.0,3229.760450266389,0.0,0.0,0,0,0,0.0,3
2022-10-13 00:00:00,1124635.1192559912,1116684.2195773004,-0.007069759375779397,412644.4140950445,704039.8054822558,0.0,-12536.567189419264,0.0,0.0,0,0,0,0.0,3
2022-10-14 00:00:00,1116684.2195773004,1098792.0233888598,-0.016022610398500392,412644.4140950445,686147.6092938153,0.0,-28061.6726458848,0.0,0.0,0,0,0,0.0,3
2022-10-17 00:00:00,1098792.0233888598,1097219.6005781647,-0.0014310468016008318,412644.4140950445,684575.1864831203,0.0,3740.2779224179685,0.0,0.0,0,0,0,0.0,3
2022-10-18 00:00:00,1097219.6005781647,1107942.6461399158,0.009772925635033094,412644.4140950445,695298.2320448713,0.0,7267.661058311147,0.0,0.0,0,0,0,0.0,3
2022-10-19 00:00:00,1107942.6461399158,1105263.2443862893,-0.0024183578120777244,643161.153946928,462102.0904393613,29676.13003401212,-6083.280104315985,0.0,0.0,0,239.11521667427132,239.11521667427132,0.0,2
2022-10-20 00:00:00,1105263.2443862893,1110850.7523207834,0.005055363926081436,643161.153946928,467689.5983738555,0.0,6941.895033455221,0.0,0.0,0,0,0,0.0,2
2022-10-21 00:00:00,1110850.7523207834,1103795.9576974125,-0.006350803299752142,643161.153946928,460634.8037504845,0.0,-11847.636998476693,0.0,0.0,0,0,0,0.0,2
2022-10-24 00:00:00,1103795.9576974125,1104628.4298335505,0.0007541902380894708,0.0,1104628.4298335505,0.0,-4720.605530849309,0.0,0.0,0,0,0,0.0,5
2022-10-25 00:00:00,1104628.4298335505,1109432.825868929,0.004349332233013875,0.0,1109432.825868929,0.0,3026.8485577523243,0.0,0.0,0,0,0,0.0,5
2022-10-27 00:00:00,1109432.825868929,1108890.1139814178,-0.0004891795833480315,0.0,1108890.1139814178,0.0,-4182.148556879547,0.0,0.0,0,0,0,0.0,5
2022-10-28 00:00:00,1108890.1139814178,1090245.3508356924,-0.0168138960846015,0.0,1090245.3508356924,0.0,-21781.441454556305,0.0,0.0,0,0,0,0.0,5
2022-10-31 00:00:00,1090245.3508356924,1099831.6940699043,0.008792831106194401,0.0,1099831.6940699043,0.0,5329.023533920234,0.0,0.0,0,0,0,0.0,5
2022-11-01 00:00:00,1099831.6940699043,1103883.784930011,0.0036842826788452254,0.0,1103883.784930011,0.0,-81.89898759085918,0.0,0.0,0,0,0,0.0,5
2022-11-02 00:00:00,1103883.784930011,1103208.7581915199,-0.0006115016342358362,0.0,1103208.7581915199,0.0,-3650.879727696738,0.0,0.0,0,0,0,0.0,5
2022-11-03 00:00:00,1103208.7581915199,1097169.3156466892,-0.005474433102517363,0.0,1097169.3156466892,0.0,499.4450124181167,0.0,0.0,0,0,0,0.0,5
2022-11-04 00:00:00,1097169.3156466892,1123164.96811287,0.02369338268529546,184759.85598797907,938405.1121248909,-29627.195327663598,20342.987356619822,0.0,0.0,0,191.65156086130466,191.65156086130466,0.0,4
2022-11-07 00:00:00,1123164.96811287,1125852.3918838946,0.002392723996315575,184759.85598797907,941092.5358959155,0.0,-1906.5349449329078,0.0,0.0,0,0,0,0.0,4
2022-11-09 00:00:00,1125852.3918838946,1142162.015494508,0.014486467078799225,184759.85598797907,957402.159506529,0.0,15253.505447580392,0.0,0.0,0,0,0,0.0,4
2022-11-10 00:00:00,1142162.015494508,1143444.1097439167,0.001122515222898215,184759.85598797907,958684.2537559377,0.0,1482.586278828705,0.0,0.0,0,0,0,0.0,4
2022-11-11 00:00:00,1143444.1097439167,1150663.1307358341,0.00631340083035123,184759.85598797907,965903.2747478551,0.0,-7395.642358838435,0.0,0.0,0,0,0,0.0,4
2022-11-14 00:00:00,1150663.1307358341,1143813.9530581876,-0.005952374326330029,184759.85598797907,959054.0970702085,0.0,604.2996379565739,0.0,0.0,0,0,0,0.0,4
2022-11-15 00:00:00,1143813.9530581876,1159048.7056266102,0.01331925749610747,184759.85598797907,974288.8496386311,0.0,14385.178400141478,0.0,0.0,0,0,0,0.0,4
2022-11-16 00:00:00,1159048.7056266102,1135396.950084623,-0.020406179159831363,184759.85598797907,950637.0940966439,0.0,-27244.031201494363,0.0,0.0,0,0,0,0.0,4
2022-11-17 00:00:00,1135396.950084623,1136816.4058894247,0.0012501846201859047,184759.85598797907,952056.5499014456,0.0,28.23464129291824,0.0,0.0,0,0,0,0.0,4
2022-11-18 00:00:00,1136816.4058894247,1129278.5305956667,-0.006630688345723249,184759.85598797907,944518.6746076877,0.0,-10914.931513606542,0.0,0.0,0,0,0,0.0,4
2022-11-21 00:00:00,1129278.5305956667,1120535.7769063495,-0.007741893122421868,184759.85598797907,935775.9209183705,0.0,-8477.140053699259,0.0,0.0,0,0,0,0.0,4
2022-11-22 00:00:00,1120535.7769063495,1117690.4828012574,-0.0025392264698120954,0.0,1117690.4828012574,0.0,-4468.783999076084,0.0,0.0,0,0,0,0.0,5
2022-11-23 00:00:00,1117690.4828012574,1102324.7753597265,-0.01374773041192939,0.0,1102324.7753597265,0.0,-19650.518113861035,0.0,0.0,0,0,0,0.0,5
2022-11-24 00:00:00,1102324.7753597265,1110259.664301551,0.007198322236053352,0.0,1110259.664301551,0.0,4470.4587405607745,0.0,0.0,0,0,0,0.0,5
2022-11-25 00:00:00,1110259.664301551,1103980.7659865443,-0.005655342184259754,0.0,1103980.7659865443,0.0,-10522.76344463561,0.0,0.0,0,0,0,0.0,5
2022-11-28 00:00:00,1103980.7659865443,1116573.654619785,0.01140680075344193,0.0,1116573.654619785,0.0,8420.306204000022,0.0,0.0,0,0,0,0.0,5
2022-11-29 00:00:00,1116573.654619785,1116788.858983946,0.00019273637996974625,0.0,1116788.858983946,0.0,-1794.3756160726189,0.0,0.0,0,0,0,0.0,5
2022-11-30 00:00:00,1116788.858983946,1122039.4114561158,0.004701472825352765,0.0,1122039.4114561158,0.0,5429.36930007278,0.0,0.0,0,0,0,0.0,5
2022-12-01 00:00:00,1122039.4114561158,1132963.1207072947,0.009735584275959394,0.0,1132963.1207072947,0.0,1735.766012122971,0.0,0.0,0,0,0,0.0,5
2022-12-02 00:00:00,1132963.1207072947,1133485.6739054397,0.00046122701489063525,227437.76417800845,906047.9097274311,26597.154360137112,2804.4563416986784,0.0,0.0,0,235.92139250398984,235.92139250398984,0.0,4
2022-12-05 00:00:00,1133485.6739054397,1132841.8235488704,-0.0005680269026699615,227437.76417800845,905404.059370862,0.0,-5523.826187291794,0.0,0.0,0,0,0,0.0,4
2022-12-06 00:00:00,1132841.8235488704,1160272.8673973063,0.024214363628014917,227437.76417800845,932835.1032192977,0.0,28942.367898379045,0.0,0.0,0,0,0,0.0,4
2022-12-07 00:00:00,1160272.8673973063,1158073.1103895507,-0.0018958962754080507,227437.76417800845,930635.3462115421,0.0,-3978.579394226981,0.0,0.0,0,0,0,0.0,4
2022-12-08 00:00:00,1158073.1103895507,1162919.4628583095,0.004184841548672703,227437.76417800845,935481.698680301,0.0,1814.2389528637577,0.0,0.0,0,0,0,0.0,4
2022-12-09 00:00:00,1162919.4628583095,1138475.504422045,-0.021019476599165563,227437.76417800845,911037.7402440367,0.0,-28978.152689442388,0.0,0.0,0,0,0,0.0,4
2022-12-12 00:00:00,1138475.504422045,1147437.265257477,0.007871720384516733,227437.76417800845,919999.5010794686,0.0,9934.584417652979,0.0,0.0,0,0,0,0.0,4
2022-12-13 00:00:00,1147437.265257477,1179936.3549109502,0.028323195208568148,441040.55139489716,738895.8035160531,12762.17739901741,29411.513096739916,0.0,0.0,0,221.57035875317712,221.57035875317712,0.0,3
2022-12-14 00:00:00,1179936.3549109502,1178246.3057042737,-0.00143232234488103,441040.55139489716,737205.7543093767,0.0,-5735.842760978383,0.0,0.0,0,0,0,0.0,3
2022-12-15 00:00:00,1178246.3057042737,1169768.7078826297,-0.007195098156133596,441040.55139489716,728728.1564877327,0.0,-8554.063001801784,0.0,0.0,0,0,0,0.0,3
2022-12-16 00:00:00,1169768.7078826297,1148339.1200971517,-0.018319508498622062,441040.55139489716,707298.5687022546,0.0,-18499.884168842167,0.0,0.0,0,0,0,0.0,3
2022-12-19 00:00:00,1148339.1200971517,1162083.669584232,0.011969068410660238,441040.55139489716,721043.1181893346,0.0,10119.819587902515,0.0,0.0,0,0,0,0.0,3
2022-12-20 00:00:00,1162083.669584232,1163003.1663858434,0.0007912483633303939,441040.55139489716,721962.6149909464,0.0,-1850.34636622775,0.0,0.0,0,0,0,0.0,3
2022-12-21 00:00:00,1163003.1663858434,1129880.4391258503,-0.02848034142755217,441040.55139489716,688839.8877309533,0.0,-36216.055182633776,0.0,0.0,0,0,0,0.0,3
2022-12-22 00:00:00,1129880.4391258503,1073419.7546731208,-0.04997049466261335,0.0,1073419.7546731208,0.0,-62213.66014909992,0.0,0.0,0,0,0,0.0,5
2022-12-23 00:00:00,1073419.7546731208,1011391.8423037891,-0.05778532778001698,0.0,1011391.8423037891,0.0,-44572.414827260975,0.0,0.0,0,0,0,0.0,5
2022-12-26 00:00:00,1011391.8423037891,1007195.8050771337,-0.004148775035694871,0.0,1007195.8050771337,0.0,-10483.156041651266,0.0,0.0,0,1055.6392800328654,1055.6392800328654,0.0,1
2022-12-27 00:00:00,1007195.8050771337,1011078.7684015734,0.0038552218991245147,0.0,1011078.7684015734,0.0,-6600.192717211554,0.0,0.0,0,0,0,0.0,1
2022-12-28 00:00:00,1011078.7684015734,1004175.740778254,-0.006827388566602477,0.0,1004175.740778254,0.0,-13503.22034053097,0.0,0.0,0,0,0,0.0,1
2022-12-29 00:00:00,1004175.740778254,1005470.0893165941,0.00128896614982645,0.0,1005470.0893165941,0.0,-12208.8718021909,0.0,0.0,0,0,0,0.0,1
2022-12-30 00:00:00,1005470.0893165941,1009353.0526410338,0.0038618387217057002,0.0,1009353.0526410338,0.0,-8325.908477751189,0.0,0.0,0,0,0,0.0,1
2023-01-02 00:00:00,1009353.0526410338,1017550.3465121128,0.008121334601040014,0.0,1017550.3465121128,0.0,-128.61460667219944,0.0,0.0,0,0,0,0.0,1
2023-01-03 00:00:00,1017550.3465121128,1027473.5207248922,0.009752022832868506,0.0,1027473.5207248922,0.0,9794.559606107185,0.0,0.0,0,0,0,0.0,1
2023-01-04 00:00:00,1027473.5207248922,1036965.1631343112,0.009237846249042619,0.0,1036965.1631343112,0.0,19286.202015526243,0.0,0.0,0,0,0,0.0,1
2023-01-05 00:00:00,1036965.1631343112,1030709.2686348717,-0.006032887817109077,0.0,1030709.2686348717,0.0,13030.30751608673,0.0,0.0,0,0,0,0.0,1
2023-01-06 00:00:00,1030709.2686348717,1024669.1400371123,-0.005860167150489768,0.0,1024669.1400371123,0.0,6990.178918327321,0.0,0.0,0,0,0,0.0,1
2023-01-09 00:00:00,1024669.1400371123,1037828.0621598712,0.012842118112664473,0.0,1037828.0621598712,0.0,20149.10104108625,0.0,0.0,0,0,0,0.0,1
2023-01-10 00:00:00,1037828.0621598712,1034592.2319593114,-0.0031178865927228593,0.0,1034592.2319593114,0.0,16913.270840526442,0.0,0.0,0,0,0,0.0,1
2023-01-11 00:00:00,1034592.2319593114,1035886.5804976515,0.0012510711934196831,0.0,1035886.5804976515,0.0,18207.61937886651,0.0,0.0,0,0,0,0.0,1
2023-01-12 00:00:00,1035886.5804976515,1034376.5483482116,-0.00145771957844504,0.0,1034376.5483482116,0.0,16697.5872294266,0.0,0.0,0,0,0,0.0,1
2023-01-13 00:00:00,1034376.5483482116,1040416.676945971,0.005839390507649121,0.0,1040416.676945971,0.0,22737.71582718601,0.0,0.0,0,0,0,0.0,1
2023-01-16 00:00:00,1040416.676945971,1050555.53476985,0.009744997411653005,0.0,1050555.53476985,0.0,32876.57365106512,0.0,0.0,0,0,0,0.0,1
2023-01-17 00:00:00,1050555.53476985,1046241.1219326305,-0.004106791782468424,0.0,1046241.1219326305,0.0,28562.160813845578,0.0,0.0,0,0,0,0.0,1
2023-01-18 00:00:00,1046241.1219326305,1045378.2229070705,-0.0008247611448936827,0.0,1045378.2229070705,0.0,27699.26178828557,0.0,0.0,0,0,0,0.0,1
2023-01-19 00:00:00,1045378.2229070705,1046241.1219326305,0.000825441937330959,0.0,1046241.1219326305,0.0,28562.160813845578,0.0,0.0,0,0,0,0.0,1
2023-01-20 00:00:00,1046241.1219326305,1051849.80101761,0.005360790134705201,0.0,1051849.80101761,0.0,34170.839898824925,0.0,0.0,0,0,0,0.0,1
2023-01-23 00:00:00,1051849.80101761,1052065.56691929,0.00020512995436360035,0.0,1052065.56691929,0.0,34386.60580050503,0.0,0.0,0,0,0,0.0,1
2023-01-24 00:00:00,1052065.56691929,1055085.6312181698,0.0028706046408526814,0.0,1055085.6312181698,0.0,37406.67009938485,0.0,0.0,0,0,0,0.0,1
2023-01-25 00:00:00,1055085.6312181698,1051849.80101761,-0.003066888700610901,0.0,1051849.80101761,0.0,34170.839898824925,0.0,0.0,0,0,0,0.0,1
2023-01-27 00:00:00,1051849.80101761,1052281.2505303898,0.00041018167457230163,0.0,1052281.2505303898,0.0,34602.28941160487,0.0,0.0,0,0,0,0.0,1
2023-01-30 00:00:00,1052281.2505303898,1052065.56691929,-0.00020496764623633494,0.0,1052065.56691929,0.0,34386.60580050503,0.0,0.0,0,0,0,0.0,1
2023-01-31 00:00:00,1052065.56691929,1049908.31935539,-0.002050487756401836,0.0,1049908.31935539,0.0,32229.35823660507,0.0,0.0,0,0,0,0.0,1
2023-02-01 00:00:00,1049908.31935539,1065871.6221659288,0.015204473110890052,0.0,1065871.6221659288,0.0,48192.66104714386,0.0,0.0,0,0,0,0.0,1
2023-02-02 00:00:00,1065871.6221659288,1088737.952599787,0.021453174996245834,0.0,1088737.952599787,0.0,71058.99148100195,0.0,0.0,0,0,0,0.0,1
2023-02-03 00:00:00,1088737.952599787,1066087.3057770287,-0.020804498243742666,0.0,1066087.3057770287,0.0,48408.3446582437,0.0,0.0,0,0,0,0.0,1
2023-02-06 00:00:00,1066087.3057770287,1057890.0119059496,-0.007689139366596645,0.0,1057890.0119059496,0.0,40211.0507871646,0.0,0.0,0,0,0,0.0,1
2023-02-07 00:00:00,1057890.0119059496,1058537.1450298293,0.0006117206104572988,0.0,1058537.1450298293,0.0,40858.18391104438,0.0,0.0,0,0,0,0.0,1
2023-02-08 00:00:00,1058537.1450298293,1061341.5257176093,0.0026492983273638006,0.0,1061341.5257176093,0.0,43662.56459882436,0.0,0.0,0,0,0,0.0,1
2023-02-09 00:00:00,1061341.5257176093,1059400.0440553895,-0.001829271365696498,0.0,1059400.0440553895,0.0,41721.08293660451,0.0,0.0,0,0,0,0.0,1
2023-02-10 00:00:00,1059400.0440553895,1049692.6357442902,-0.009163118659065998,0.0,1049692.6357442902,0.0,32013.674625505228,0.0,0.0,0,0,0,0.0,1
2023-02-13 00:00:00,1049692.6357442902,1049908.31935539,0.00020547311065672997,0.0,1049908.31935539,0.0,32229.35823660507,0.0,0.0,0,0,0,0.0,1
2023-02-14 00:00:00,1049908.31935539,1052497.01643207,0.0024656410745171374,0.0,1052497.01643207,0.0,34818.055313284975,0.0,0.0,0,0,0,0.0,1
2023-02-15 00:00:00,1052497.01643207,1038906.6447965311,-0.01291250371579179,0.0,1038906.6447965311,0.0,21227.6836777461,0.0,0.0,0,0,0,0.0,1
2023-02-16 00:00:00,1038906.6447965311,1039338.0943093111,0.00041529189840205607,0.0,1039338.0943093111,0.0,21659.13319052616,0.0,0.0,0,0,0,0.0,1
2023-02-17 00:00:00,1039338.0943093111,1034376.5483482116,-0.004773755516386359,0.0,1034376.5483482116,0.0,16697.5872294266,0.0,0.0,0,0,0,0.0,1
2023-02-20 00:00:00,1034376.5483482116,1043652.5071465308,0.008967680882877641,0.0,1043652.5071465308,0.0,25973.54602774582,0.0,0.0,0,0,0,0.0,1
2023-02-21 00:00:00,1043652.5071465308,1041063.8100698508,-0.0024804205029486546,0.0,1041063.8100698508,0.0,23384.848951065796,0.0,0.0,0,0,0,0.0,1
2023-02-22 00:00:00,1041063.8100698508,1038906.6447965311,-0.00207207786156255,0.0,1038906.6447965311,0.0,21227.6836777461,0.0,0.0,0,0,0,0.0,1
2023-02-23 00:00:00,1038906.6447965311,1032435.0666859917,-0.0062292200583689665,0.0,1032435.0666859917,0.0,14756.105567206745,0.0,0.0,0,0,0,0.0,1
2023-02-24 00:00:00,1032435.0666859917,1030709.2686348717,-0.001671580234735387,0.0,1030709.2686348717,0.0,13030.30751608673,0.0,0.0,0,0,0,0.0,1
2023-02-27 00:00:00,1030709.2686348717,1023374.7914987723,-0.0071159514707901566,0.0,1023374.7914987723,0.0,5695.830379987368,0.0,0.0,0,0,0,0.0,1
2023-02-28 00:00:00,1023374.7914987723,1022727.6583748925,-0.0006323520270926694,0.0,1022727.6583748925,0.0,5048.697256107582,0.0,0.0,0,0,0,0.0,1
2023-03-01 00:00:00,1022727.6583748925,1030493.5850237719,0.007593347637844579,0.0,1030493.5850237719,0.0,12814.62390498689,0.0,0.0,0,0,0,0.0,1
2023-03-02 00:00:00,1030493.5850237719,1031356.4840493319,0.0008373647716983136,0.0,1031356.4840493319,0.0,13677.522930546897,0.0,0.0,0,0,0,0.0,1
2023-03-03 00:00:00,1031356.4840493319,1031572.1676604317,0.00020912615030354965,0.0,1031572.1676604317,0.0,13893.206541646738,0.0,0.0,0,0,0,0.0,1
2023-03-06 00:00:00,1031572.1676604317,1031787.9335621119,0.00020916219770602195,0.0,1031787.9335621119,0.0,14108.972443326958,0.0,0.0,0,0,0,0.0,1
2023-03-08 00:00:00,1031787.9335621119,1016471.7638754529,-0.01484430006249632,0.0,1016471.7638754529,0.0,-1207.197243332048,0.0,0.0,0,0,0,0.0,1
2023-03-09 00:00:00,1016471.7638754529,1015393.1812387931,-0.001061104375932282,0.0,1015393.1812387931,0.0,-2285.7798799918965,0.0,0.0,0,0,0,0.0,1
2023-03-10 00:00:00,1015393.1812387931,1023159.1078876725,0.007648196572883118,0.0,1023159.1078876725,0.0,5480.146768887527,0.0,0.0,0,0,0,0.0,1
2023-03-13 00:00:00,1023159.1078876725,1053144.14955595,0.029306333137357338,0.0,1053144.14955595,0.0,35465.188437164994,0.0,0.0,0,0,0,0.0,1
2023-03-14 00:00:00,1053144.14955595,1059831.4935681694,0.006349884785514999,0.0,1059831.4935681694,0.0,42152.53244938445,0.0,0.0,0,0,0,0.0,1
2023-03-15 00:00:00,1059831.4935681694,1055517.0807309498,-0.004070847925734102,0.0,1055517.0807309498,0.0,37838.119612164795,0.0,0.0,0,0,0,0.0,1
2023-03-16 00:00:00,1055517.0807309498,1072127.5166653683,0.015736776067058797,0.0,1072127.5166653683,0.0,54448.555546583375,0.0,0.0,0,0,0,0.0,1
2023-03-17 00:00:00,1072127.5166653683,1073206.099302028,0.0010060208509659757,0.0,1073206.099302028,0.0,55527.13818324311,0.0,0.0,0,0,0,0.0,1
2023-03-20 00:00:00,1073206.099302028,1098229.595009206,0.023316579847479754,0.0,1098229.595009206,0.0,80550.63389042113,0.0,0.0,0,0,0,0.0,1
2023-03-21 00:00:00,1098229.595009206,1088953.6362108868,-0.008446283764772864,0.0,1088953.6362108868,0.0,71274.6750921018,0.0,0.0,0,0,0,0.0,1
2023-03-22 00:00:00,1088953.6362108868,1079461.9938014678,-0.008716296170740543,0.0,1079461.9938014678,0.0,61783.03268268285,0.0,0.0,0,0,0,0.0,1
2023-03-23 00:00:00,1079461.9938014678,1086365.0214247871,0.0063948778770889165,0.0,1086365.0214247871,0.0,68686.06030600215,0.0,0.0,0,0,0,0.0,1
2023-03-24 00:00:00,1086365.0214247871,1098013.9113981063,0.010722813919433275,0.0,1098013.9113981063,0.0,80334.95027932129,0.0,0.0,0,0,0,0.0,1
2023-03-27 00:00:00,1098013.9113981063,1087227.9204503472,-0.009823182416719256,0.0,1087227.9204503472,0.0,69548.95933156228,0.0,0.0,0,0,0,0.0,1
2023-03-28 00:00:00,1087227.9204503472,1087443.6040614469,0.00019837938949385022,0.0,1087443.6040614469,0.0,69764.64294266189,0.0,0.0,0,0,0,0.0,1
2023-03-29 00:00:00,1087443.6040614469,1093483.7326592063,0.005554429282769598,0.0,1093483.7326592063,0.0,75804.7715404213,0.0,0.0,0,0,0,0.0,1
2023-03-31 00:00:00,1093483.7326592063,1101681.1088208656,0.0074965689171474425,0.0,1101681.1088208656,0.0,84002.14770208066,0.0,0.0,0,0,0,0.0,1
2023-04-03 00:00:00,1101681.1088208656,1095856.663834206,-0.005286870165989774,0.0,1095856.663834206,0.0,78177.7027154211,0.0,0.0,0,0,0,0.0,1
2023-04-05 00:00:00,1095856.663834206,1118722.9942680644,0.020866169078949736,0.0,1118722.9942680644,0.0,101044.03314927942,0.0,0.0,0,0,0,0.0,1
2023-04-06 00:00:00,1118722.9942680644,1117644.4116314044,-0.0009641194846143645,0.0,1117644.4116314044,0.0,99965.45051261946,0.0,0.0,0,0,0,0.0,1
2023-04-10 00:00:00,1117644.4116314044,1108368.4528330853,-0.008299561740553204,0.0,1108368.4528330853,0.0,90689.49171430035,0.0,0.0,0,0,0,0.0,1
2023-04-11 00:00:00,1108368.4528330853,1112035.6502558447,0.0033086447141162326,0.0,1112035.6502558447,0.0,94356.68913705973,0.0,0.0,0,0,0,0.0,1
2023-04-12 00:00:00,1112035.6502558447,1115702.9299691846,0.0032978076849390072,0.0,1115702.9299691846,0.0,98023.9688503996,0.0,0.0,0,0,0,0.0,1
2023-04-13 00:00:00,1115702.9299691846,1120448.710028604,0.004253623372263096,0.0,1120448.710028604,0.0,102769.74890981894,0.0,0.0,0,0,0,0.0,1
2023-04-17 00:00:00,1120448.710028604,1115271.4804564046,-0.004620675204371573,0.0,1115271.4804564046,0.0,97592.51933761965,0.0,0.0,0,0,0,0.0,1
2023-04-18 00:00:00,1115271.4804564046,1111388.517131965,-0.003481630609661676,0.0,1111388.517131965,0.0,93709.55601317994,0.0,0.0,0,0,0,0.0,1
2023-04-19 00:00:00,1111388.517131965,1102759.6914575256,-0.007764004703509761,0.0,1102759.6914575256,0.0,85080.73033874063,0.0,0.0,0,0,0,0.0,1
2023-04-20 00:00:00,1102759.6914575256,1113977.1319180646,0.010172153142188924,0.0,1113977.1319180646,0.0,96298.17079927959,0.0,0.0,0,0,0,0.0,1
2023-04-21 00:00:00,1113977.1319180646,1106426.9711708655,-0.006777662243567867,0.0,1106426.9711708655,0.0,88748.0100520805,0.0,0.0,0,0,0,0.0,1
2023-04-24 00:00:00,1106426.9711708655,1105779.7557564052,-0.0005849599036576029,0.0,1105779.7557564052,0.0,88100.79463762022,0.0,0.0,0,0,0,0.0,1
2023-04-25 00:00:00,1105779.7557564052,1107074.1042947453,0.0011705301454489681,0.0,1107074.1042947453,0.0,89395.14317596029,0.0,0.0,0,0,0,0.0,1
2023-04-26 00:00:00,1107074.1042947453,1110525.618106405,0.0031176899525244806,0.0,1110525.618106405,0.0,92846.65698762005,0.0,0.0,0,0,0,0.0,1
2023-04-27 00:00:00,1110525.618106405,1110309.9344953052,-0.00019421759172706934,0.0,1110309.9344953052,0.0,92630.97337652021,0.0,0.0,0,0,0,0.0,1
2023-04-28 00:00:00,1110309.9344953052,1105564.0721453053,-0.004274358179238559,0.0,1105564.0721453053,0.0,87885.11102652038,0.0,0.0,0,0,0,0.0,1
2023-05-02 00:00:00,1105564.0721453053,1110185.187283059,0.004179870940258074,0.0,1110185.187283059,0.0,-267.14028548658825,0.0,0.0,0,1151.873174519183,1151.873174519183,0.0,5
2023-05-03 00:00:00,1110185.187283059,1123837.0131258992,0.012296890644208911,0.0,1123837.0131258992,0.0,12240.610234423802,0.0,0.0,0,0,0,0.0,5
2023-05-04 00:00:00,1123837.0131258992,1123650.155790492,-0.00016626729074134343,0.0,1123650.155790492,0.0,153.5922258310893,0.0,0.0,0,0,0,0.0,5
2023-05-05 00:00:00,1123650.155790492,1117244.144444371,-0.005701072805542576,0.0,1117244.144444371,0.0,-8665.671260444622,0.0,0.0,0,0,0,0.0,5
2023-05-08 00:00:00,1117244.144444371,1116125.0824458657,-0.001001627087570829,0.0,1116125.0824458657,0.0,-4182.406585882272,0.0,0.0,0,0,0,0.0,5
2023-05-09 00:00:00,1116125.0824458657,1087045.7518294048,-0.026053827723982976,0.0,1087045.7518294048,0.0,-29127.533448935486,0.0,0.0,0,0,0,0.0,5
2023-05-10 00:00:00,1087045.7518294048,1069629.6319364859,-0.01602151506834844,0.0,1069629.6319364859,0.0,-21251.278167010518,0.0,0.0,0,0,0,0.0,5
2023-05-11 00:00:00,1069629.6319364859,1069628.8819015003,-7.012099919486088e-07,0.0,1069628.8819015003,0.0,-5423.700038170937,0.0,0.0,0,0,0,0.0,5
2023-05-12 00:00:00,1069628.8819015003,1060403.36318805,-0.008624971585518433,0.0,1060403.36318805,0.0,-9603.400162755366,0.0,0.0,0,0,0,0.0,5
2023-05-15 00:00:00,1060403.36318805,1066630.3292131603,0.0058722616706809285,0.0,1066630.3292131603,0.0,7142.986249384179,0.0,0.0,0,0,0,0.0,5
2023-05-16 00:00:00,1066630.3292131603,1066632.5042109773,2.0391299192016407e-06,0.0,1066632.5042109773,0.0,-7804.232910849998,0.0,0.0,0,0,0,0.0,5
2023-05-17 00:00:00,1066632.5042109773,1073282.0383150347,0.00623413788517183,0.0,1073282.0383150347,0.0,2322.3545964483055,0.0,0.0,0,0,0,0.0,5
2023-05-18 00:00:00,1073282.0383150347,1077740.073785323,0.004153647700363083,0.0,1077740.073785323,0.0,-1354.1773975249962,0.0,0.0,0,0,0,0.0,5
2023-05-19 00:00:00,1077740.073785323,1060199.7277831798,-0.016275117190860812,0.0,1060199.7277831798,0.0,-22426.585229932418,0.0,0.0,0,0,0,0.0,5
2023-05-22 00:00:00,1060199.7277831798,1065439.131610784,0.004941902634288964,0.0,1065439.131610784,0.0,2783.5355870076164,0.0,0.0,0,0,0,0.0,5
2023-05-23 00:00:00,1065439.131610784,1073474.534250851,0.007541869264665283,0.0,1073474.534250851,0.0,5796.800421888009,0.0,0.0,0,0,0,0.0,5
2023-05-24 00:00:00,1073474.534250851,1066415.8329968995,-0.006575564700170186,0.0,1066415.8329968995,0.0,-6076.936199890886,0.0,0.0,0,0,0,0.0,5
2023-05-25 00:00:00,1066415.8329968995,1056617.3481312983,-0.009188240236517252,0.0,1056617.3481312983,0.0,-14216.42632346187,0.0,0.0,0,0,0,0.0,5
2023-05-26 00:00:00,1056617.3481312983,1060996.3814086681,0.004144388964571166,0.0,1060996.3814086681,0.0,-1018.3664423043956,0.0,0.0,0,0,0,0.0,5
2023-05-29 00:00:00,1060996.3814086681,1056295.4306912764,-0.004430694392331764,0.0,1056295.4306912764,0.0,-11758.654620438814,0.0,0.0,0,0,0,0.0,5
2023-05-30 00:00:00,1056295.4306912764,1040513.1131509586,-0.014941196451062363,0.0,1040513.1131509586,0.0,-17339.33180902773,0.0,0.0,0,0,0,0.0,5
2023-05-31 00:00:00,1040513.1131509586,1061047.3136427428,0.019734686888857246,0.0,1061047.3136427428,0.0,21156.49684680064,0.0,0.0,0,0,0,0.0,5
2023-06-01 00:00:00,1061047.3136427428,1055388.3281915565,-0.005333395955509391,196228.01311298818,859160.3150785684,-25862.452400720907,-9037.756896785286,0.0,0.0,0,203.54749031772127,203.54749031772127,0.0,4
2023-06-02 00:00:00,1055388.3281915565,1055608.083819678,0.000208222530277656,196228.01311298818,859380.07070669,0.0,-4943.8566120359465,0.0,0.0,0,0,0,0.0,4
2023-06-05 00:00:00,1055608.083819678,1059113.8487703628,0.0033210857366677785,196228.01311298818,862885.8356573746,0.0,418.100820048101,0.0,0.0,0,0,0,0.0,4
2023-06-06 00:00:00,1059113.8487703628,1084090.5370478465,0.02358262835150514,196228.01311298818,887862.5239348584,0.0,20533.13528946624,0.0,0.0,0,0,0,0.0,4
2023-06-07 00:00:00,1084090.5370478465,1114832.5201357778,0.028357394550870885,196228.01311298818,918604.5070227897,0.0,25868.133364907117,0.0,0.0,0,0,0,0.0,4
2023-06-08 00:00:00,1114832.5201357778,1137064.8843335228,0.019942335549233227,196228.01311298818,940836.8712205346,0.0,19412.509296893957,0.0,0.0,0,0,0,0.0,4
2023-06-09 00:00:00,1137064.8843335228,1141116.1111202808,0.003562880924893421,196228.01311298818,944888.0980072927,0.0,2590.2513441805495,0.0,0.0,0,0,0,0.0,4
2023-06-12 00:00:00,1141116.1111202808,1145368.772476277,0.0037267560369656496,196228.01311298818,949140.7593632889,0.0,2338.9090574405855,0.0,0.0,0,0,0,0.0,4
2023-06-13 00:00:00,1145368.772476277,1170275.846382318,0.0217458992287629,196228.01311298818,974047.83326933,0.0,22109.62887456431,0.0,0.0,0,0,0,0.0,4
2023-06-14 00:00:00,1170275.846382318,1192995.9864566554,0.019414345895091566,196228.01311298818,996767.9733436673,0.0,19089.066553896293,0.0,0.0,0,0,0,0.0,4
2023-06-15 00:00:00,1192995.9864566554,1223896.1086798492,0.025901279278374535,196228.01311298818,1027668.0955668611,0.0,30695.13554840861,0.0,0.0,0,0,0,0.0,4
2023-06-16 00:00:00,1223896.1086798492,1208321.1275904975,-0.012725737894658062,196228.01311298818,1012093.1144775094,0.0,-21698.204443660856,0.0,0.0,0,0,0,0.0,4
2023-06-19 00:00:00,1208321.1275904975,1217534.6472669789,0.007625058824266337,196228.01311298818,1021306.6341539908,0.0,2692.7290528147714,0.0,0.0,0,0,0,0.0,4
2023-06-20 00:00:00,1217534.6472669789,1251641.744216278,0.028013245475896634,196228.01311298818,1055413.7311032899,0.0,30753.24657321014,0.0,0.0,0,0,0,0.0,4
2023-06-21 00:00:00,1251641.744216278,1253824.7365905114,0.0017441032023107603,196228.01311298818,1057596.7234775233,0.0,-4898.740126152086,0.0,0.0,0,0,0,0.0,4
2023-06-22 00:00:00,1253824.7365905114,1260124.896481984,0.005024753227157172,0.0,1260124.896481984,0.0,1921.309378869133,0.0,0.0,0,0,0,0.0,5
2023-06-23 00:00:00,1260124.896481984,1237877.5649753197,-0.017654862282916944,0.0,1237877.5649753197,0.0,-22409.86198925457,0.0,0.0,0,0,0,0.0,5
2023-06-26 00:00:00,1237877.5649753197,1284145.302532353,0.03737666701953337,0.0,1284145.302532353,0.0,43677.676805753115,0.0,0.0,0,0,0,0.0,5
2023-06-27 00:00:00,1284145.302532353,1320242.836706803,0.028110163315058754,0.0,1320242.836706803,0.0,30462.348314423376,0.0,0.0,0,0,0,0.0,5
2023-06-28 00:00:00,1320242.836706803,1353004.3964331385,0.02481479832002391,0.0,1353004.3964331385,0.0,21737.512982382963,0.0,0.0,0,0,0,0.0,5
2023-06-30 00:00:00,1353004.3964331385,1378841.5004015367,0.019096097571087954,0.0,1378841.5004015367,0.0,13399.681190964184,0.0,0.0,0,0,0,0.0,5
2023-07-03 00:00:00,1378841.5004015367,1437242.0504155627,0.04235479567232274,0.0,1437242.0504155627,0.0,43444.96822960436,0.0,0.0,0,0,0,0.0,5
2023-07-04 00:00:00,1437242.0504155627,1459606.9895392964,0.01556101083826979,0.0,1459606.9895392964,0.0,24181.46292859601,0.0,0.0,0,0,0,0.0,5
2023-07-05 00:00:00,1459606.9895392964,1481233.6365884384,0.014816760404777304,0.0,1481233.6365884384,0.0,24876.366699951992,0.0,0.0,0,0,0,0.0,5
2023-07-06 00:00:00,1481233.6365884384,1432014.0778450007,-0.0332287611674818,0.0,1432014.0778450007,0.0,-41672.11215410207,0.0,0.0,0,0,0,0.0,5
2023-07-07 00:00:00,1432014.0778450007,1443288.7448940142,0.007873293442743583,0.0,1443288.7448940142,0.0,12384.143474168202,0.0,0.0,0,0,0,0.0,5
2023-07-10 00:00:00,1443288.7448940142,1446163.0733391081,0.0019915131017702293,0.0,1446163.0733391081,0.0,-4165.207885561977,0.0,0.0,0,0,0,0.0,5
2023-07-11 00:00:00,1446163.0733391081,1490961.3267258522,0.030977317988978553,0.0,1490961.3267258522,0.0,35938.399861475686,0.0,0.0,0,0,0,0.0,5
2023-07-12 00:00:00,1490961.3267258522,1518213.9835008848,0.01827858059529915,0.0,1518213.9835008848,0.0,13177.832711883704,0.0,0.0,0,0,0,0.0,5
2023-07-13 00:00:00,1518213.9835008848,1508001.3369708462,-0.006726750406085115,0.0,1508001.3369708462,0.0,-16843.14934614976,0.0,0.0,0,0,0,0.0,5
2023-07-14 00:00:00,1508001.3369708462,1546961.949424757,0.025835926997367094,0.0,1546961.949424757,0.0,-30229.26425003563,0.0,0.0,0,0,0,0.0,5
2023-07-17 00:00:00,1546961.949424757,1555137.2981854314,0.005284776890417057,0.0,1555137.2981854314,0.0,1318.8655097188894,0.0,0.0,0,0,0,0.0,5
2023-07-18 00:00:00,1555137.2981854314,1526204.2845651412,-0.018604796923107618,0.0,1526204.2845651412,0.0,-38022.30298182706,0.0,0.0,0,0,0,0.0,5
2023-07-19 00:00:00,1526204.2845651412,1553829.5884734807,0.018100659385981675,0.0,1553829.5884734807,0.0,23713.56220845785,0.0,0.0,0,0,0,0.0,5
2023-07-20 00:00:00,1553829.5884734807,1574216.5587846292,0.013120467303739019,0.0,1574216.5587846292,0.0,13403.170869945665,0.0,0.0,0,0,0,0.0,5
2023-07-21 00:00:00,1574216.5587846292,1580100.4274009834,0.0037376487901364824,0.0,1580100.4274009834,0.0,2205.8714849337703,0.0,0.0,0,0,0,0.0,5
2023-07-24 00:00:00,1580100.4274009834,1579601.3756105728,-0.0003158354885274694,0.0,1579601.3756105728,0.0,-10163.190570297767,0.0,0.0,0,0,0,0.0,5
2023-07-25 00:00:00,1579601.3756105728,1585799.7700653141,0.003924024472532181,0.0,1585799.7700653141,0.0,-9701.985501201707,0.0,0.0,0,0,0,0.0,5
2023-07-26 00:00:00,1585799.7700653141,1580434.7919787085,-0.0033831371323661506,0.0,1580434.7919787085,0.0,-13564.11042102531,0.0,0.0,0,0,0,0.0,5
2023-07-27 00:00:00,1580434.7919787085,1597229.548198426,0.01062666824658445,0.0,1597229.548198426,0.0,-2333.0931884855963,0.0,0.0,0,0,0,0.0,5
2023-07-28 00:00:00,1597229.548198426,1621292.3484190083,0.015065336255345214,0.0,1621292.3484190083,0.0,14308.63536934706,0.0,0.0,0,0,0,0.0,5
2023-07-31 00:00:00,1621292.3484190083,1606244.015296539,-0.009281690089479253,0.0,1606244.015296539,0.0,-23389.654309370322,0.0,0.0,0,0,0,0.0,5
2023-08-01 00:00:00,1606244.015296539,1608531.4883929056,0.0014241130703569974,0.0,1608531.4883929056,0.0,-6761.1943314570235,0.0,0.0,0,0,0,0.0,5
2023-08-02 00:00:00,1608531.4883929056,1566570.045861642,-0.026086802051470816,0.0,1566570.045861642,0.0,-32036.350888502784,0.0,0.0,0,0,0,0.0,5
2023-08-03 00:00:00,1566570.045861642,1566964.8673828787,0.00025202928032458464,0.0,1566964.8673828787,0.0,302.63089863129426,0.0,0.0,0,0,0,0.0,5
2023-08-04 00:00:00,1566964.8673828787,1562249.0914608107,-0.003009496907192404,0.0,1562249.0914608107,0.0,-19462.48517828842,0.0,0.0,0,0,0,0.0,5
2023-08-07 00:00:00,1562249.0914608107,1574553.731754126,0.007876234565007554,0.0,1574553.731754126,0.0,-3193.5217480685096,0.0,0.0,0,0,0,0.0,5
2023-08-08 00:00:00,1574553.731754126,1580980.3331558555,0.00408153832551016,0.0,1580980.3331558555,0.0,-1573.6919548800215,0.0,0.0,0,0,0,0.0,5
2023-08-09 00:00:00,1580980.3331558555,1576361.5618005875,-0.0029214603486232955,0.0,1576361.5618005875,0.0,-11832.793244030443,0.0,0.0,0,0,0,0.0,5
2023-08-10 00:00:00,1576361.5618005875,1572242.20583416,-0.002613205032557416,0.0,1572242.20583416,0.0,-2827.267941900529,0.0,0.0,0,0,0,0.0,5
2023-08-11 00:00:00,1572242.20583416,1547866.1203350401,-0.015504026929608537,0.0,1547866.1203350401,0.0,-29905.194128493662,0.0,0.0,0,0,0,0.0,5
2023-08-14 00:00:00,1547866.1203350401,1574248.1483483757,0.01704412782652357,0.0,1574248.1483483757,0.0,32103.76124398329,0.0,0.0,0,0,0,0.0,5
2023-08-16 00:00:00,1574248.1483483757,1666534.14583371,0.05862226840295556,0.0,1666534.14583371,0.0,92706.5681095887,0.0,0.0,0,0,0,0.0,5
2023-08-17 00:00:00,1666534.14583371,1695596.312107354,0.017438686357731454,0.0,1695596.312107354,0.0,16504.987706241664,0.0,0.0,0,0,0,0.0,5
2023-08-18 00:00:00,1695596.312107354,1686984.469911661,-0.005078946052312299,0.0,1686984.469911661,0.0,-6967.25176717178,0.0,0.0,0,0,0,0.0,5
2023-08-21 00:00:00,1686984.469911661,1733041.7169515283,0.02730152402782885,0.0,1733041.7169515283,0.0,29864.43288583844,0.0,0.0,0,0,0,0.0,5
2023-08-22 00:00:00,1733041.7169515283,1737038.8397531554,0.002306420418233261,0.0,1737038.8397531554,0.0,-7010.510731339338,0.0,0.0,0,0,0,0.0,5
2023-08-23 00:00:00,1737038.8397531554,1742444.9719271795,0.0031122690237556073,0.0,1742444.9719271795,0.0,-3650.5509350975044,0.0,0.0,0,0,0,0.0,5
2023-08-24 00:00:00,1742444.9719271795,1734489.6814111287,-0.004565590675298085,0.0,1734489.6814111287,0.0,-20658.194446364185,0.0,0.0,0,0,0,0.0,5
2023-08-25 00:00:00,1734489.6814111287,1737834.5246520697,0.0019284307521620304,0.0,1737834.5246520697,0.0,4855.851074239588,0.0,0.0,0,0,0,0.0,5
2023-08-28 00:00:00,1737834.5246520697,1745527.7127854947,0.004426881860322879,0.0,1745527.7127854947,0.0,-2183.47632103099,0.0,0.0,0,0,0,0.0,5
2023-08-29 00:00:00,1745527.7127854947,1744034.6109849191,-0.0008553870497953559,0.0,1744034.6109849191,0.0,-12343.22492377332,0.0,0.0,0,0,0,0.0,5
2023-08-30 00:00:00,1744034.6109849191,1758719.5312709813,0.008420085354710404,0.0,1758719.5312709813,0.0,2711.152666907874,0.0,0.0,0,0,0,0.0,5
2023-08-31 00:00:00,1758719.5312709813,1765554.2964376905,0.0038862166736556856,0.0,1765554.2964376905,0.0,-2358.663651493611,0.0,0.0,0,0,0,0.0,5
2023-09-01 00:00:00,1765554.2964376905,1772973.5580479535,0.004202227949167388,0.0,1772973.5580479535,0.0,838.4512611646205,0.0,0.0,0,0,0,0.0,5
2023-09-04 00:00:00,1772973.5580479535,1785584.9241573017,0.007113115732663981,0.0,1785584.9241573017,0.0,-11370.993440963677,0.0,0.0,0,0,0,0.0,5
2023-09-05 00:00:00,1785584.9241573017,1778297.428079769,-0.0040812934624052935,0.0,1778297.428079769,0.0,-19932.70109805849,0.0,0.0,0,0,0,0.0,5
2023-09-06 00:00:00,1778297.428079769,1829050.7311213366,0.028540390510698597,0.0,1829050.7311213366,0.0,41781.88561174355,0.0,0.0,0,0,0,0.0,5
2023-09-07 00:00:00,1829050.7311213366,1835894.3337839292,0.003741614459428936,0.0,1835894.3337839292,0.0,-6592.530696854577,0.0,0.0,0,0,0,0.0,5
2023-09-08 00:00:00,1835894.3337839292,1874022.0316698032,0.020767915224886413,0.0,1874022.0316698032,0.0,10030.624027525075,0.0,0.0,0,0,0,0.0,5
2023-09-11 00:00:00,1874022.0316698032,1933575.282018999,0.031778308548556594,0.0,1933575.282018999,0.0,41203.24933127023,0.0,0.0,0,0,0,0.0,5
2023-09-12 00:00:00,1933575.282018999,1840848.108483533,-0.047956329602353215,0.0,1840848.108483533,0.0,-107956.56938903057,0.0,0.0,0,0,0,0.0,5
2023-09-13 00:00:00,1840848.108483533,1858811.922121282,0.009758444249127876,0.0,1858811.922121282,0.0,5733.416913962108,0.0,0.0,0,0,0,0.0,5
2023-09-14 00:00:00,1858811.922121282,1897565.9183185284,0.020848799029124097,0.0,1897565.9183185284,0.0,17280.946280208766,0.0,0.0,0,0,0,0.0,5
2023-09-15 00:00:00,1897565.9183185284,1938897.3449760543,0.021781286361925407,0.0,1938897.3449760543,0.0,35286.859399839304,0.0,0.0,0,0,0,0.0,5
2023-09-18 00:00:00,1938897.3449760543,1911915.6235871494,-0.013916013376787656,0.0,1911915.6235871494,0.0,-33806.377172894776,0.0,0.0,0,0,0,0.0,5
2023-09-20 00:00:00,1911915.6235871494,1905604.1600374102,-0.0033011203380919098,0.0,1905604.1600374102,0.0,-11003.649588862201,0.0,0.0,0,0,0,0.0,5
2023-09-21 00:00:00,1905604.1600374102,1869535.0582066295,-0.018927908842344594,0.0,1869535.0582066295,0.0,-31243.428582479246,0.0,0.0,0,0,0,0.0,5
2023-09-22 00:00:00,1869535.0582066295,1871274.198314841,0.0009302527388171685,0.0,1871274.198314841,0.0,-5507.235122818849,0.0,0.0,0,0,0,0.0,5
2023-09-25 00:00:00,1871274.198314841,1857332.163480984,-0.007450556869972467,0.0,1857332.163480984,0.0,-20516.098677981296,0.0,0.0,0,0,0,0.0,5
2023-09-26 00:00:00,1857332.163480984,1907680.2458149267,0.027107742666546527,0.0,1907680.2458149267,0.0,44504.22676598758,0.0,0.0,0,0,0,0.0,5
2023-09-27 00:00:00,1907680.2458149267,1893060.3815794159,-0.007663686966190434,0.0,1893060.3815794159,0.0,-25753.326646279194,0.0,0.0,0,0,0,0.0,5
2023-09-28 00:00:00,1893060.3815794159,1879438.4032861497,-0.007195744217044506,343858.69207509985,1535579.71121105,121768.2265613908,-24081.199630111456,0.0,0.0,0,356.6849232454874,356.6849232454874,0.0,4
2023-09-29 00:00:00,1879438.4032861497,1882567.7714488823,0.0016650549213323253,343858.69207509985,1538709.0793737825,0.0,-353.3147353521781,0.0,0.0,0,0,0,0.0,4
2023-10-03 00:00:00,1882567.7714488823,1885137.2797571816,0.0013648955151940047,343858.69207509985,1541278.5876820819,0.0,1541.1184902345994,0.0,0.0,0,0,0,0.0,4
2023-10-04 00:00:00,1885137.2797571816,1867158.0572546106,-0.009537354491704132,712072.9188230354,1155085.1384315751,146123.76123422652,-21652.96662026737,0.0,0.0,0,381.9489407491831,381.9489407491831,0.0,3
2023-10-05 00:00:00,1867158.0572546106,1862051.4953580857,-0.002734938200161441,712072.9188230354,1149978.5765350503,0.0,-14485.47661388223,0.0,0.0,0,0,0,0.0,3
2023-10-06 00:00:00,1862051.4953580857,1862421.6571726827,0.00019879246923070991,712072.9188230354,1150348.7383496473,0.0,-6664.591367500485,0.0,0.0,0,0,0,0.0,3
2023-10-09 00:00:00,1862421.6571726827,1822864.996811864,-0.02123936875866723,712072.9188230354,1110792.0779888285,0.0,-8840.5059142455,0.0,0.0,0,0,0,0.0,3
2023-10-10 00:00:00,1822864.996811864,1834879.3438040786,0.006590914309741756,712072.9188230354,1122806.4249810432,0.0,-12112.698638430797,0.0,0.0,0,0,0,0.0,3
2023-10-11 00:00:00,1834879.3438040786,1844969.2530656531,0.00549894972421242,712072.9188230354,1132896.3342426177,0.0,2005.8852536751656,0.0,0.0,0,0,0,0.0,3
2023-10-12 00:00:00,1844969.2530656531,1855639.7787041827,0.005783579114285573,712072.9188230354,1143566.8598811473,0.0,5490.401870110771,0.0,0.0,0,0,0,0.0,3
2023-10-13 00:00:00,1855639.7787041827,1851159.1046247063,-0.002414624934697888,712072.9188230354,1139086.185801671,0.0,-5308.405712202191,0.0,0.0,0,0,0,0.0,3
2023-10-16 00:00:00,1851159.1046247063,1861913.264397956,0.0058094194855443735,712072.9188230354,1149840.3455749205,0.0,6166.705694287317,0.0,0.0,0,0,0,0.0,3
2023-10-17 00:00:00,1861913.264397956,1854575.2162568064,-0.003941133178146356,712072.9188230354,1142502.297433771,0.0,-16097.89841132611,0.0,0.0,0,0,0,0.0,3
2023-10-18 00:00:00,1854575.2162568064,1838819.0938996563,-0.00849581198920125,712072.9188230354,1126746.175076621,0.0,-23511.94501077896,0.0,0.0,0,0,0,0.0,3
2023-10-19 00:00:00,1838819.0938996563,1827665.256838236,-0.006065760954094692,712072.9188230354,1115592.3380152006,0.0,-4773.487158873235,0.0,0.0,0,0,0,0.0,3
2023-10-20 00:00:00,1827665.256838236,1834381.1199295374,0.0036745586021148602,712072.9188230354,1122308.201106502,0.0,-3768.635508011328,0.0,0.0,0,0,0,0.0,3
2023-10-23 00:00:00,1834381.1199295374,1790379.8399421982,-0.02398698913180558,712072.9188230354,1078306.9211191628,0.0,-52315.22499628167,0.0,0.0,0,0,0,0.0,3
2023-10-25 00:00:00,1790379.8399421982,1753563.161399213,-0.020563613218619554,0.0,1753563.161399213,0.0,-38618.53919279261,0.0,0.0,0,0,0,0.0,5
2023-10-26 00:00:00,1753563.161399213,1767665.8409519936,0.00804229916732957,0.0,1767665.8409519936,0.0,29423.91940071457,0.0,0.0,0,0,0,0.0,5
2023-10-27 00:00:00,1767665.8409519936,1797982.4880531915,0.01715066637530911,0.0,1797982.4880531915,0.0,9103.64113912161,0.0,0.0,0,0,0,0.0,5
2023-10-30 00:00:00,1797982.4880531915,1792096.004750745,-0.0032739380619998576,0.0,1792096.004750745,0.0,-11785.807071228046,0.0,0.0,0,1871.1681874632582,1871.1681874632582,0.0,1
2023-10-31 00:00:00,1792096.004750745,1793474.041664857,0.0007689526177498017,0.0,1793474.041664857,0.0,-10407.770157116,0.0,0.0,0,0,0,0.0,1
2023-11-01 00:00:00,1793474.041664857,1783138.8962258499,-0.005762640104572194,0.0,1783138.8962258499,0.0,-20742.915596123086,0.0,0.0,0,0,0,0.0,1
2023-11-02 00:00:00,1783138.8962258499,1786239.4135741852,0.0017387974402318519,0.0,1786239.4135741852,0.0,-17642.39824778773,0.0,0.0,0,0,0,0.0,1
2023-11-03 00:00:00,1786239.4135741852,1784516.933139962,-0.0009643054683116105,0.0,1784516.933139962,0.0,-19364.87868201104,0.0,0.0,0,0,0,0.0,1
2023-11-06 00:00:00,1784516.933139962,1782794.4527057384,-0.0009652362509067027,0.0,1782794.4527057384,0.0,-21087.359116234584,0.0,0.0,0,0,0,0.0,1
2023-11-07 00:00:00,1782794.4527057384,1769358.9213352292,-0.007536220089824793,0.0,1769358.9213352292,0.0,-34522.89048674377,0.0,0.0,0,0,0,0.0,1
2023-11-08 00:00:00,1769358.9213352292,1770736.9582493412,0.0007788340158095931,0.0,1770736.9582493412,0.0,-33144.85357263172,0.0,0.0,0,0,0,0.0,1
2023-11-09 00:00:00,1770736.9582493412,1754889.796570719,-0.008949472480819351,0.0,1754889.796570719,0.0,-48992.015251253964,0.0,0.0,0,0,0,0.0,1
2023-11-10 00:00:00,1754889.796570719,1767636.4409010056,0.007263501306575057,0.0,1767636.4409010056,0.0,-36245.37092096731,0.0,0.0,0,0,0,0.0,1
2023-11-13 00:00:00,1767636.4409010056,1754545.3530506077,-0.0074059843684400875,0.0,1754545.3530506077,0.0,-49336.45877136523,0.0,0.0,0,0,0,0.0,1
2023-11-15 00:00:00,1754545.3530506077,1772803.882203676,0.010406416181446904,0.0,1772803.882203676,0.0,-31077.929618296912,0.0,0.0,0,0,0,0.0,1
2023-11-16 00:00:00,1772803.882203676,1770392.3833123965,-0.0013602739228447333,0.0,1770392.3833123965,0.0,-33489.42850957648,0.0,0.0,0,0,0,0.0,1
2023-11-17 00:00:00,1770392.3833123965,1786583.98851113,0.009145772062371329,0.0,1786583.98851113,0.0,-17297.82331084297,0.0,0.0,0,0,0,0.0,1
2023-11-20 00:00:00,1786583.98851113,1779693.935357403,-0.003856551496058618,0.0,1779693.935357403,0.0,-24187.87646456994,0.0,0.0,0,0,0,0.0,1
2023-11-21 00:00:00,1779693.935357403,1787273.006968186,0.0042586376568513416,0.0,1787273.006968186,0.0,-16608.804853786947,0.0,0.0,0,0,0,0.0,1
2023-11-22 00:00:00,1787273.006968186,1797263.446053415,0.005589766670384733,0.0,1797263.446053415,0.0,-6618.36576855788,0.0,0.0,0,0,0,0.0,1
2023-11-23 00:00:00,1797263.446053415,1792096.004750745,-0.002875171869776396,0.0,1792096.004750745,0.0,-11785.807071228046,0.0,0.0,0,0,0,0.0,1
2023-11-24 00:00:00,1792096.004750745,1796574.5590131925,0.0024990593420080413,0.0,1796574.5590131925,0.0,-7307.252808780409,0.0,0.0,0,0,0,0.0,1
2023-11-28 00:00:00,1796574.5590131925,1801742.0003158627,0.0028762743392673302,0.0,1801742.0003158627,0.0,-2139.8115061102435,0.0,0.0,0,0,0,0.0,1
2023-11-29 00:00:00,1801742.0003158627,1827579.601079714,0.014340344377453448,0.0,1827579.601079714,0.0,23697.789257741068,0.0,0.0,0,0,0,0.0,1
2023-11-30 00:00:00,1827579.601079714,1831024.6933649941,0.00188505730926565,0.0,1831024.6933649941,0.0,27142.881543021183,0.0,0.0,0,0,0,0.0,1
2023-12-01 00:00:00,1831024.6933649941,1835847.691147553,0.0026340430033717143,0.0,1835847.691147553,0.0,31965.879325580085,0.0,0.0,0,0,0,0.0,1
2023-12-04 00:00:00,1835847.691147553,1858697.5692606247,0.012446499904787117,0.0,1858697.5692606247,0.0,-11726.987158197502,0.0,0.0,0,1940.193034867399,1940.193034867399,0.0,5
2023-12-05 00:00:00,1858697.5692606247,1843750.1388473911,-0.008041884091546724,0.0,1843750.1388473911,0.0,-24192.949917757185,0.0,0.0,0,0,0,0.0,5
2023-12-06 00:00:00,1843750.1388473911,1884435.890357117,0.022066846614672127,0.0,1884435.890357117,0.0,34572.995472736075,0.0,0.0,0,0,0,0.0,5
2023-12-07 00:00:00,1884435.890357117,1895759.9137866101,0.006009237824135894,0.0,1895759.9137866101,0.0,-11044.754310401157,0.0,0.0,0,0,0,0.0,5
2023-12-08 00:00:00,1895759.9137866101,1871183.7524205344,-0.01296375199588806,0.0,1871183.7524205344,0.0,-37274.47939865355,0.0,0.0,0,0,0,0.0,5
2023-12-11 00:00:00,1871183.7524205344,1900340.2199849298,0.015581830232695769,0.0,1900340.2199849298,0.0,8464.464975368115,0.0,0.0,0,0,0,0.0,5
2023-12-12 00:00:00,1900340.2199849298,1892096.1890031542,-0.004338186865213527,0.0,1892096.1890031542,0.0,-17563.226085059694,0.0,0.0,0,0,0,0.0,5
2023-12-13 00:00:00,1892096.1890031542,1894204.4273984837,0.0011142342591156978,0.0,1894204.4273984837,0.0,-6059.237034811173,0.0,0.0,0,0,0,0.0,5
2023-12-14 00:00:00,1894204.4273984837,1885953.6882700324,-0.004355780722032712,0.0,1885953.6882700324,0.0,-21122.446596696158,0.0,0.0,0,0,0,0.0,5
2023-12-15 00:00:00,1885953.6882700324,1898480.640133371,0.006642237262373903,0.0,1898480.640133371,0.0,1127.7024139213027,0.0,0.0,0,0,0,0.0,5
2023-12-18 00:00:00,1898480.640133371,1899291.7297124653,0.0004272308929298437,0.0,1899291.7297124653,0.0,-20624.25096801872,0.0,0.0,0,0,0,0.0,5
2023-12-19 00:00:00,1899291.7297124653,1894102.805794354,-0.002732031018161072,0.0,1894102.805794354,0.0,-12265.879215000372,0.0,0.0,0,0,0,0.0,5
2023-12-20 00:00:00,1894102.805794354,1820378.3193231728,-0.038923170508826994,0.0,1820378.3193231728,0.0,-82948.56226114061,0.0,0.0,0,0,0,0.0,5
2023-12-21 00:00:00,1820378.3193231728,1881399.8923596167,0.03352136882136241,0.0,1881399.8923596167,0.0,70895.26197128528,0.0,0.0,0,0,0,0.0,5
2023-12-22 00:00:00,1881399.8923596167,1912344.1902553986,0.01644748573732093,0.0,1912344.1902553986,0.0,15736.17981617013,0.0,0.0,0,0,0,0.0,5
2023-12-26 00:00:00,1912344.1902553986,1921578.0000510875,0.004828529217042063,389355.1582279948,1532222.8418230927,15270.246944230326,4075.5962186679826,0.0,0.0,0,403.8784475381408,403.8784475381408,0.0,4
2023-12-27 00:00:00,1921578.0000510875,1931164.3611042907,0.004988796214854858,389355.1582279948,1541809.202876296,0.0,-3167.7946441069944,0.0,0.0,0,0,0,0.0,4
2023-12-28 00:00:00,1931164.3611042907,1937057.1686201268,0.0030514272293562963,389355.1582279948,1547702.010392132,0.0,-3674.502440107928,0.0,0.0,0,0,0,0.0,4
2023-12-29 00:00:00,1937057.1686201268,1949939.2547618966,0.006650338642791012,389355.1582279948,1560584.0965339018,0.0,3336.8383636478684,0.0,0.0,0,0,0,0.0,4
2024-01-01 00:00:00,1949939.2547618966,1973316.2102096048,0.011988555741221166,389355.1582279948,1583961.05198161,0.0,18261.825166955357,0.0,0.0,0,0,0,0.0,4
2024-01-02 00:00:00,1973316.2102096048,1976534.839824139,0.0016310764579348426,389355.1582279948,1587179.681596144,0.0,-6447.771322589368,0.0,0.0,0,0,0,0.0,4
2024-01-03 00:00:00,1976534.839824139,1969338.940086032,-0.003640664253986602,389355.1582279948,1579983.7818580372,0.0,-10772.785759943421,0.0,0.0,0,0,0,0.0,4
2024-01-04 00:00:00,1969338.940086032,1985914.0089847555,0.008416564848912888,389355.1582279948,1596558.8507567607,0.0,10778.59298768721,0.0,0.0,0,0,0,0.0,4
2024-01-05 00:00:00,1985914.0089847555,1988043.5838991,0.001072339942570461,389355.1582279948,1598688.4256711053,0.0,-10211.221422034432,0.0,0.0,0,0,0,0.0,4
2024-01-08 00:00:00,1988043.5838991,2007881.8330270823,0.009978779785639267,389355.1582279948,1618526.6747990875,0.0,5542.302041900519,0.0,0.0,0,0,0,0.0,4
2024-01-09 00:00:00,2007881.8330270823,2036584.2986591265,0.014294897817155112,389355.1582279948,1647229.1404311317,0.0,15054.39781370631,0.0,0.0,0,0,0,0.0,4
2024-01-10 00:00:00,2036584.2986591265,2030359.2512717794,-0.0030566116960862462,389355.1582279948,1641004.0930437846,0.0,-16403.426202133298,0.0,0.0,0,0,0,0.0,4
2024-01-11 00:00:00,2030359.2512717794,2045314.5542157802,0.007365840766668798,389355.1582279948,1655959.3959877854,0.0,3523.251253762399,0.0,0.0,0,0,0,0.0,4
2024-01-12 00:00:00,2045314.5542157802,2053725.016302821,0.0041120628950227795,389355.1582279948,1664369.8580748262,0.0,-78.63853269419633,0.0,0.0,0,0,0,0.0,4
2024-01-15 00:00:00,2053725.016302821,2051538.8498561487,-0.0010644883951444926,389355.1582279948,1662183.691628154,0.0,-8498.663600535132,0.0,0.0,0,0,0,0.0,4
2024-01-16 00:00:00,2051538.8498561487,2094716.9950013873,0.021046710935191993,389355.1582279948,1705361.8367733925,0.0,42080.2753904704,0.0,0.0,0,0,0,0.0,4
2024-01-17 00:00:00,2094716.9950013873,2064211.799852023,-0.014562919583962325,793515.477537839,1270696.322314184,30075.408026079785,-2588.5921275381697,0.0,0.0,0,419.23585412934375,419.23585412934375,0.0,3
2024-01-18 00:00:00,2064211.799852023,2055490.7802100915,-0.004224866674319265,793515.477537839,1261975.3026722525,0.0,-9586.938443534134,0.0,0.0,0,0,0,0.0,3
2024-01-19 00:00:00,2055490.7802100915,2043038.5608050965,-0.006058027369853849,793515.477537839,1249523.0832672575,0.0,-28254.996810147015,0.0,0.0,0,0,0,0.0,3
2024-01-23 00:00:00,2043038.5608050965,2006750.034701973,-0.017762036801118136,793515.477537839,1213234.557164134,0.0,-60202.37251885381,0.0,0.0,0,0,0,0.0,3
2024-01-24 00:00:00,2006750.034701973,2054617.077143969,0.023853016875170947,0.0,2054617.077143969,0.0,43212.66754758218,0.0,0.0,0,0,0,0.0,5
2024-01-25 00:00:00,2054617.077143969,2074377.3909223215,0.009617516567038556,0.0,2074377.3909223215,0.0,3674.390799456858,0.0,0.0,0,0,0,0.0,5
2024-01-29 00:00:00,2074377.3909223215,2078904.6103937402,0.0021824473652819008,0.0,2078904.6103937402,0.0,-10652.833349349967,0.0,0.0,0,0,0,0.0,5
2024-01-30 00:00:00,2078904.6103937402,2124307.3464614023,0.02183973994798291,0.0,2124307.3464614023,0.0,26100.083598617988,0.0,0.0,0,0,0,0.0,5
2024-01-31 00:00:00,2124307.3464614023,2130435.031191446,0.002884556578053981,0.0,2130435.031191446,0.0,-2410.424433184031,0.0,0.0,0,0,0,0.0,5
2024-02-01 00:00:00,2130435.031191446,2123344.204835145,-0.003328346676845404,0.0,2123344.204835145,0.0,-38534.20002755278,0.0,0.0,0,0,0,0.0,5
2024-02-02 00:00:00,2123344.204835145,2162883.8749928065,0.018621413366530226,0.0,2162883.8749928065,0.0,8192.717129066004,0.0,0.0,0,0,0,0.0,5
2024-02-05 00:00:00,2162883.8749928065,2150704.4966581576,-0.005631082868325242,0.0,2150704.4966581576,0.0,-27118.382911287365,0.0,0.0,0,0,0,0.0,5
2024-02-06 00:00:00,2150704.4966581576,2153426.8661486646,0.001265803598187094,0.0,2153426.8661486646,0.0,-12189.591529756028,0.0,0.0,0,0,0,0.0,5
2024-02-07 00:00:00,2153426.8661486646,2149088.149245435,-0.0020147964954989935,364142.242735794,1784945.906509641,-9942.668547970496,-14900.671069497359,0.0,0.0,0,377.72506815761756,377.72506815761756,0.0,4
2024-02-08 00:00:00,2149088.149245435,2143574.051921405,-0.0025657846217085416,364142.242735794,1779431.8091856109,0.0,-14768.635896304098,0.0,0.0,0,0,0,0.0,4
2024-02-09 00:00:00,2143574.051921405,2095279.2894389834,-0.022530018237127,364142.242735794,1731137.0467031894,0.0,-65918.66773012764,0.0,0.0,0,0,0,0.0,4
2024-02-12 00:00:00,2095279.2894389834,1985275.9785259194,-0.052500548002131844,364142.242735794,1621133.7357901253,0.0,-107988.38724243006,0.0,0.0,0,0,0,0.0,4
2024-02-13 00:00:00,1985275.9785259194,1993550.1146463195,0.004167751088462653,364142.242735794,1629407.8719105255,0.0,15598.730035400018,0.0,0.0,0,0,0,0.0,4
2024-02-14 00:00:00,1993550.1146463195,2035324.543811245,0.020954792587362,364142.242735794,1671182.3010754508,0.0,84151.28186209901,0.0,0.0,0,0,0,0.0,4
2024-02-15 00:00:00,2035324.543811245,2082022.6599797884,0.022943818129908145,364142.242735794,1717880.4172439943,0.0,19336.749405697396,0.0,0.0,0,0,0,0.0,4
2024-02-16 00:00:00,2082022.6599797884,2071453.526900412,-0.005076377545035416,364142.242735794,1707311.284164618,0.0,-19320.38404418534,0.0,0.0,0,0,0,0.0,4
2024-02-19 00:00:00,2071453.526900412,2079261.7375146362,0.0037694355740183535,364142.242735794,1715119.4947788422,0.0,-8352.244298348262,0.0,0.0,0,0,0,0.0,4
2024-02-20 00:00:00,2079261.7375146362,2071390.3995060434,-0.0037856407717104107,364142.242735794,1707248.1567702494,0.0,-17296.467614346533,0.0,0.0,0,0,0,0.0,4
2024-02-21 00:00:00,2071390.3995060434,2024753.3793757255,-0.022514838410682622,364142.242735794,1660611.1366399315,0.0,-51843.737808330334,0.0,0.0,0,0,0,0.0,4
2024-02-22 00:00:00,2024753.3793757255,2039667.9868763182,0.007366135378517656,0.0,2039667.9868763182,0.0,5042.4413028977,0.0,0.0,0,0,0,0.0,5
2024-02-23 00:00:00,2039667.9868763182,2031898.6637626248,-0.0038091116611541484,0.0,2031898.6637626248,0.0,-25183.982342535164,0.0,0.0,0,0,0,0.0,5
2024-02-26 00:00:00,2031898.6637626248,2005032.4046248263,-0.013222243617232477,0.0,2005032.4046248263,0.0,-37046.67938153172,0.0,0.0,0,0,0,0.0,5
2024-02-27 00:00:00,2005032.4046248263,1986429.6013330796,-0.009278056179459869,385702.933443075,1600726.6678900046,-11054.805325844476,-23905.057598478394,0.0,0.0,0,400.0899915615798,400.0899915615798,0.0,4
2024-02-28 00:00:00,1986429.6013330796,1952136.1139997696,-0.01726388255103324,385702.933443075,1566433.1805566945,0.0,-37895.80597042508,0.0,0.0,0,0,0,0.0,4
2024-02-29 00:00:00,1952136.1139997696,1968649.015775368,0.008458888525844092,385702.933443075,1582946.082332293,0.0,12327.699723708502,0.0,0.0,0,0,0,0.0,4
2024-03-01 00:00:00,1968649.015775368,1968535.2178902428,-5.78050654095138e-05,385702.933443075,1582832.2844471678,0.0,-11733.52560035931,0.0,0.0,0,0,0,0.0,4
2024-03-04 00:00:00,1968535.2178902428,2012569.7871356928,0.02236920571461432,385702.933443075,1626866.8536926177,0.0,41548.92539706733,0.0,0.0,0,0,0,0.0,4
2024-03-05 00:00:00,2012569.7871356928,2006023.6723621348,-0.003252615047388978,385702.933443075,1620320.7389190597,0.0,1948.850291662733,0.0,0.0,0,0,0,0.0,4
2024-03-06 00:00:00,2006023.6723621348,1952055.7171871683,-0.026902950308367042,385702.933443075,1566352.7837440933,0.0,-47433.42755453428,0.0,0.0,0,0,0,0.0,4
2024-03-07 00:00:00,1952055.7171871683,1967140.3607988947,0.007727568162584365,385702.933443075,1581437.4273558196,0.0,26634.527660962718,0.0,0.0,0,0,0,0.0,4
2024-03-11 00:00:00,1967140.3607988947,1908844.2390622173,-0.029634957880180016,385702.933443075,1523141.3056191423,0.0,-71261.30804358883,0.0,0.0,0,0,0,0.0,4
2024-03-12 00:00:00,1908844.2390622173,1875297.4606141215,-0.01757439279832321,746696.7513901201,1128600.7092240013,-13091.093336719308,-34112.451541025366,0.0,0.0,0,374.4592043594915,374.4592043594915,0.0,3
2024-03-13 00:00:00,1875297.4606141215,1791352.7914555361,-0.044763388700529254,746696.7513901201,1044656.0400654161,0.0,-78398.18878879363,0.0,0.0,0,0,0,0.0,3
2024-03-14 00:00:00,1791352.7914555361,1835842.0980566447,0.0248355917456993,746696.7513901201,1089145.3466665247,0.0,65150.29005045793,0.0,0.0,0,0,0,0.0,3
2024-03-15 00:00:00,1835842.0980566447,1831211.2358663022,-0.0025224730358044244,746696.7513901201,1084514.484476182,0.0,-1767.7774657156551,0.0,0.0,0,0,0,0.0,3
2024-03-18 00:00:00,1831211.2358663022,1832784.4477443136,0.0008591099962682459,746696.7513901201,1086087.6963541936,0.0,17066.25163120893,0.0,0.0,0,0,0,0.0,3
2024-03-19 00:00:00,1832784.4477443136,1820840.0720049818,-0.006517065197728123,746696.7513901201,1074143.3206148616,0.0,-11826.02778171678,0.0,0.0,0,0,0,0.0,3
2024-03-20 00:00:00,1820840.0720049818,1822924.3703129948,0.00114469048658289,746696.7513901201,1076227.6189228748,0.0,-3073.739250349754,0.0,0.0,0,0,0,0.0,3
2024-03-21 00:00:00,1822924.3703129948,1854959.7119248314,0.017573598846745423,746696.7513901201,1108262.9605347111,0.0,12064.656492561102,0.0,0.0,0,0,0,0.0,3
2024-03-22 00:00:00,1854959.7119248314,1858867.8641623824,0.002106866371505013,0.0,1858867.8641623824,0.0,10126.33917181904,0.0,0.0,0,0,0,0.0,5
2024-03-26 00:00:00,1858867.8641623824,1870194.6340454426,0.006093370110609795,0.0,1870194.6340454426,0.0,10885.456087667379,0.0,0.0,0,0,0,0.0,5
2024-03-27 00:00:00,1870194.6340454426,1896898.670942402,0.014278747468757068,0.0,1896898.670942402,0.0,20542.566421350173,0.0,0.0,0,0,0,0.0,5
2024-03-28 00:00:00,1896898.670942402,1939786.398559263,0.022609393044465503,0.0,1939786.398559263,0.0,13607.908931831073,0.0,0.0,0,0,0,0.0,5
2024-04-01 00:00:00,1939786.398559263,1967851.841225447,0.014468316040894484,0.0,1967851.841225447,0.0,15865.36911408091,0.0,0.0,0,0,0,0.0,5
2024-04-02 00:00:00,1967851.841225447,1991244.0020073263,0.011887155471680412,0.0,1991244.0020073263,0.0,10658.185746621108,0.0,0.0,0,0,0,0.0,5
2024-04-03 00:00:00,1991244.0020073263,2002561.5150142126,0.005683639471344202,0.0,2002561.5150142126,0.0,13479.282631965296,0.0,0.0,0,0,0,0.0,5
2024-04-04 00:00:00,2002561.5150142126,2002585.8023435008,1.2128131448699678e-05,0.0,2002585.8023435008,0.0,-21027.755003367667,0.0,0.0,0,0,0,0.0,5
2024-04-05 00:00:00,2002585.8023435008,2004208.571445146,0.0008103368653399553,0.0,2004208.571445146,0.0,-9064.866157946875,0.0,0.0,0,0,0,0.0,5
2024-04-08 00:00:00,2004208.571445146,1992208.8513794637,-0.005987261124739109,0.0,1992208.8513794637,0.0,-26403.21453055815,0.0,0.0,0,0,0,0.0,5
2024-04-09 00:00:00,1992208.8513794637,1966683.0452449084,-0.012812816345475245,0.0,1966683.0452449084,0.0,-32840.99472329096,0.0,0.0,0,0,0,0.0,5
2024-04-10 00:00:00,1966683.0452449084,1979929.377191261,0.006735366930822831,374619.56260128214,1605309.8145899787,534.6513175176519,7453.105719341489,0.0,0.0,0,388.5932012546395,388.5932012546395,0.0,4
2024-04-12 00:00:00,1979929.377191261,1990227.2539433897,0.0052011333690787755,374619.56260128214,1615607.6913421075,0.0,17562.970632473356,0.0,0.0,0,0,0,0.0,4
2024-04-15 00:00:00,1990227.2539433897,1963447.4818892358,-0.013455635280389788,374619.56260128214,1588827.9192879538,0.0,13120.939103213837,0.0,0.0,0,0,0,0.0,4
2024-04-16 00:00:00,1963447.4818892358,1965784.373198369,0.0011901980219428637,374619.56260128214,1591164.8105970868,0.0,6557.419347249845,0.0,0.0,0,0,0,0.0,4
2024-04-18 00:00:00,1965784.373198369,1952191.222828946,-0.006914873551114184,374619.56260128214,1577571.6602276638,0.0,-21192.213167534268,0.0,0.0,0,0,0,0.0,4
2024-04-19 00:00:00,1952191.222828946,1966682.4471196432,0.007423055754598524,765145.7375101717,1201536.7096094715,17177.79921382956,21189.59212952468,0.0,0.0,0,405.0931441695493,405.0931441695493,0.0,3
2024-04-22 00:00:00,1966682.4471196432,1971499.4581880593,0.0024493080087590866,765145.7375101717,1206353.7206778876,0.0,-8875.559335065249,0.0,0.0,0,0,0,0.0,3
2024-04-23 00:00:00,1971499.4581880593,1965625.1022089175,-0.002979638647499659,0.0,1965625.1022089175,0.0,-13714.923889098689,0.0,0.0,0,0,0,0.0,5
2024-04-24 00:00:00,1965625.1022089175,2005404.0789111606,0.020237316188901195,0.0,2005404.0789111606,0.0,30282.690746800392,0.0,0.0,0,0,0,0.0,5
2024-04-25 00:00:00,2005404.0789111606,2031088.626602652,0.012807667024112629,0.0,2031088.626602652,0.0,13264.394768718572,0.0,0.0,0,0,0,0.0,5
2024-04-26 00:00:00,2031088.626602652,2054533.7349924454,0.011543124255000847,0.0,2054533.7349924454,0.0,3382.084430291492,0.0,0.0,0,0,0,0.0,5
2024-04-29 00:00:00,2054533.7349924454,2062187.721554249,0.0037254129399008173,0.0,2062187.721554249,0.0,-10107.330654708203,0.0,0.0,0,0,0,0.0,5
2024-04-30 00:00:00,2062187.721554249,2074324.4058504994,0.005885344078716099,0.0,2074324.4058504994,0.0,-7733.850925509469,0.0,0.0,0,0,0,0.0,5
2024-05-02 00:00:00,2074324.4058504994,2115571.9536057594,0.019884810514172204,0.0,2115571.9536057594,0.0,33736.173311321996,0.0,0.0,0,0,0,0.0,5
2024-05-03 00:00:00,2115571.9536057594,2126735.634551434,0.005276909124573692,0.0,2126735.634551434,0.0,-4016.6354446549085,0.0,0.0,0,0,0,0.0,5
2024-05-06 00:00:00,2126735.634551434,2055376.714561882,-0.03355326295861062,0.0,2055376.714561882,0.0,-87725.81372705719,0.0,0.0,0,0,0,0.0,5
2024-05-07 00:00:00,2055376.714561882,2008126.3944679624,-0.02298864230540398,0.0,2008126.3944679624,0.0,-57561.78818437684,0.0,0.0,0,0,0,0.0,5
2024-05-08 00:00:00,2008126.3944679624,2011807.5189143992,0.0018331139198098376,0.0,2011807.5189143992,0.0,1224.4898387994617,0.0,0.0,0,0,0,0.0,5
2024-05-09 00:00:00,2011807.5189143992,1960284.9277517342,-0.025610099712952358,0.0,1960284.9277517342,0.0,-56649.433782903245,0.0,0.0,0,0,0,0.0,5
2024-05-10 00:00:00,1960284.9277517342,1970893.5644465005,0.00541178302428386,0.0,1970893.5644465005,0.0,1752.8141954384628,0.0,0.0,0,0,0,0.0,5
2024-05-13 00:00:00,1970893.5644465005,1968326.428824732,-0.0013025237222738452,0.0,1968326.428824732,0.0,-6057.681158752006,0.0,0.0,0,0,0,0.0,5
2024-05-14 00:00:00,1968326.428824732,2002787.7026074096,0.017507905842250954,0.0,2002787.7026074096,0.0,27777.394167619408,0.0,0.0,0,0,0,0.0,5
2024-05-15 00:00:00,2002787.7026074096,2014421.2697951903,0.005808687147736687,297967.3665812478,1716453.9032139424,-66174.87615454616,1499.456805653812,0.0,0.0,0,309.08181101171755,309.08181101171755,0.0,4
2024-05-16 00:00:00,2014421.2697951903,2021748.6199322667,0.0036374467679351524,297967.3665812478,1723781.2533510188,0.0,-2632.802391149802,0.0,0.0,0,0,0,0.0,4
2024-05-17 00:00:00,2021748.6199322667,2038015.5028550532,0.008045947336089439,643041.4327944804,1394974.0700605728,-37498.802541853416,11140.150439020537,0.0,0.0,0,357.9456319062407,357.9456319062407,0.0,3
2024-05-21 00:00:00,2038015.5028550532,2076676.9799794082,0.018970158504777918,643041.4327944804,1433635.5471849279,0.0,11519.785057447501,0.0,0.0,0,0,0,0.0,3
2024-05-22 00:00:00,2076676.9799794082,2038437.8666308231,-0.018413606794526253,0.0,2038437.8666308231,0.0,-8219.48548546451,0.0,0.0,0,0,0,0.0,5
2024-05-23 00:00:00,2038437.8666308231,2038756.3446766145,0.00015623632733911846,0.0,2038756.3446766145,0.0,-2352.8155185658834,0.0,0.0,0,0,0,0.0,5
2024-05-24 00:00:00,2038756.3446766145,2030667.3979344778,-0.003967588752455748,0.0,2030667.3979344778,0.0,-9116.935213166173,0.0,0.0,0,0,0,0.0,5
2024-05-27 00:00:00,2030667.3979344778,1984396.6481372556,-0.022785981517350975,0.0,1984396.6481372556,0.0,-54863.24883129989,0.0,0.0,0,0,0,0.0,5
2024-05-28 00:00:00,1984396.6481372556,1960182.5519348832,-0.012202246070664353,0.0,1960182.5519348832,0.0,-30528.782825429167,0.0,0.0,0,0,0,0.0,5
2024-05-29 00:00:00,1960182.5519348832,1973520.5889682104,0.006804487173993702,0.0,1973520.5889682104,0.0,1015.8931147772819,0.0,0.0,0,0,0,0.0,5
2024-05-30 00:00:00,1973520.5889682104,1909659.7437836467,-0.03235884415979221,0.0,1909659.7437836467,0.0,-65077.0048315344,0.0,0.0,0,0,0,0.0,5
2024-05-31 00:00:00,1909659.7437836467,1922976.5408792107,0.006973387347622004,331140.912807643,1591835.6280715677,-51431.95594744287,2767.2904534365516,0.0,0.0,0,343.4927596433669,343.4927596433669,0.0,4
2024-06-03 00:00:00,1922976.5408792107,1974355.1076329835,0.02671824937098911,331140.912807643,1643214.1948253405,0.0,-37300.09940143465,0.0,0.0,0,0,0,0.0,4
2024-06-04 00:00:00,1974355.1076329835,1773656.1827706378,-0.10165290128732707,331140.912807643,1442515.2699629948,0.0,-200518.69690236385,0.0,0.0,0,0,0,0.0,4
2024-06-05 00:00:00,1773656.1827706378,1853820.5813892237,0.045197259422263374,331140.912807643,1522679.6685815807,0.0,49256.0790351645,0.0,0.0,0,0,0,0.0,4
2024-06-06 00:00:00,1853820.5813892237,1908415.6343240954,0.029450019857886728,331140.912807643,1577274.7215164525,0.0,19408.3981278743,0.0,0.0,0,0,0,0.0,4
2024-06-07 00:00:00,1908415.6343240954,1939791.5393492363,0.01644081323838728,331140.912807643,1608650.6265415933,0.0,29754.794942427194,0.0,0.0,0,0,0,0.0,4
2024-06-10 00:00:00,1939791.5393492363,1925173.7163683232,-0.007535770047650123,331140.912807643,1594032.8035606802,0.0,-26517.64577628224,0.0,0.0,0,0,0,0.0,4
2024-06-11 00:00:00,1925173.7163683232,1953233.3338604083,0.014575109380267863,331140.912807643,1622092.4210527653,0.0,20205.291599055694,0.0,0.0,0,0,0,0.0,4
2024-06-12 00:00:00,1953233.3338604083,1970227.0225404429,0.008700286025964926,331140.912807643,1639086.1097328,0.0,10969.145864426508,0.0,0.0,0,0,0,0.0,4
2024-06-13 00:00:00,1970227.0225404429,1983453.5106104657,0.006713179709091763,331140.912807643,1652312.5978028227,0.0,-13092.95440565137,0.0,0.0,0,0,0,0.0,4
2024-06-14 00:00:00,1983453.5106104657,2012668.870862565,0.014729541224844472,331140.912807643,1681527.958054922,0.0,21691.770663965843,0.0,0.0,0,0,0,0.0,4
2024-06-18 00:00:00,2012668.870862565,2021168.1346132082,0.004222882300057995,928343.3331693502,1092824.801443858,200444.68159278767,-4222.4632338400115,0.0,0.0,0,619.4785950683838,619.4785950683838,0.0,3
2024-06-19 00:00:00,2021168.1346132082,2013038.2566591464,-0.004022365984716883,928343.3331693502,1084694.9234897962,0.0,-13161.950123344373,0.0,0.0,0,0,0,0.0,3
2024-06-20 00:00:00,2013038.2566591464,2022659.0723456994,0.004779251290792554,928343.3331693502,1094315.7391763492,0.0,7248.590075205022,0.0,0.0,0,0,0,0.0,3
2024-06-21 00:00:00,2022659.0723456994,2026821.8787544887,0.002058086044111028,928343.3331693502,1098478.5455851385,0.0,-277.7118827290833,0.0,0.0,0,0,0,0.0,3
2024-06-24 00:00:00,2026821.8787544887,2046233.1609726902,0.009577201835876207,0.0,2046233.1609726902,0.0,23987.98212254845,0.0,0.0,0,0,0,0.0,5
2024-06-25 00:00:00,2046233.1609726902,2067312.4539985855,0.010301510809195896,0.0,2067312.4539985855,0.0,10355.822166162077,0.0,0.0,0,0,0,0.0,5
2024-06-26 00:00:00,2067312.4539985855,2047794.283849987,-0.009441325674233012,0.0,2047794.283849987,0.0,-30924.45172761852,0.0,0.0,0,0,0,0.0,5
2024-06-27 00:00:00,2047794.283849987,2052050.1028035616,0.002078245352640314,0.0,2052050.1028035616,0.0,7444.250605904788,0.0,0.0,0,0,0,0.0,5
2024-06-28 00:00:00,2052050.1028035616,2048388.710943477,-0.0017842604598602755,0.0,2048388.710943477,0.0,-9700.571901405463,0.0,0.0,0,0,0,0.0,5
2024-07-01 00:00:00,2048388.710943477,2050460.6846589027,0.0010115139301228437,0.0,2050460.6846589027,0.0,-1621.1124019126873,0.0,0.0,0,0,0,0.0,5
2024-07-02 00:00:00,2050460.6846589027,2044970.210343385,-0.002677678414707537,0.0,2044970.210343385,0.0,-12220.71687951131,0.0,0.0,0,0,0,0.0,5
2024-07-03 00:00:00,2044970.210343385,2052707.7361538091,0.0037836863203619697,0.0,2052707.7361538091,0.0,151.44616719096666,0.0,0.0,0,0,0,0.0,5
2024-07-04 00:00:00,2052707.7361538091,2070256.830908593,0.008549241787175177,0.0,2070256.830908593,0.0,7414.275840732036,0.0,0.0,0,0,0,0.0,5
2024-07-05 00:00:00,2070256.830908593,2070750.8765418609,0.00023863977932197798,0.0,2070750.8765418609,0.0,-1398.0986086170305,0.0,0.0,0,0,0,0.0,5
2024-07-08 00:00:00,2070750.8765418609,2041659.6054321798,-0.014048658116838914,0.0,2041659.6054321798,0.0,-35146.114474221715,0.0,0.0,0,0,0,0.0,5
2024-07-09 00:00:00,2041659.6054321798,2061926.4751361038,0.00992666439106726,0.0,2061926.4751361038,0.0,17112.95576904982,0.0,0.0,0,0,0,0.0,5
2024-07-10 00:00:00,2061926.4751361038,2054801.114754924,-0.0034556811152586762,0.0,2054801.114754924,0.0,-21769.16472204117,0.0,0.0,0,0,0,0.0,5
2024-07-11 00:00:00,2054801.114754924,2054545.8955095108,-0.0001242063008340144,0.0,2054545.8955095108,0.0,-10046.630026538332,0.0,0.0,0,0,0,0.0,5
2024-07-12 00:00:00,2054545.8955095108,2038806.5878760745,-0.007660723310117666,0.0,2038806.5878760745,0.0,-22727.770212214207,0.0,0.0,0,0,0,0.0,5
2024-07-15 00:00:00,2038806.5878760745,2038754.2928622349,-2.564981600049178e-05,0.0,2038754.2928622349,0.0,-11246.584594344778,0.0,0.0,0,0,0,0.0,5
2024-07-16 00:00:00,2038754.2928622349,2033421.3996924371,-0.0026157606085580832,0.0,2033421.3996924371,0.0,-14139.079581974773,0.0,0.0,0,0,0,0.0,5
2024-07-18 00:00:00,2033421.3996924371,1981426.14138238,-0.025570331028247125,0.0,1981426.14138238,0.0,-53539.594254538824,0.0,0.0,0,0,0,0.0,5
2024-07-19 00:00:00,1981426.14138238,1930239.118013524,-0.025833424875046987,0.0,1930239.118013524,0.0,-54343.45446636877,0.0,0.0,0,0,0,0.0,5
2024-07-22 00:00:00,1930239.118013524,1955708.9535639076,0.013195171164386905,0.0,1955708.9535639076,0.0,38894.148891067016,0.0,0.0,0,0,0,0.0,5
2024-07-23 00:00:00,1955708.9535639076,1976102.4856579872,0.010427692759148136,0.0,1976102.4856579872,0.0,10808.611169652868,0.0,0.0,0,0,0,0.0,5
2024-07-24 00:00:00,1976102.4856579872,1998136.2001610177,0.011150086932709824,0.0,1998136.2001610177,0.0,10833.716640948085,0.0,0.0,0,0,0,0.0,5
2024-07-25 00:00:00,1998136.2001610177,1980776.39457253,-0.008687999139942936,0.0,1980776.39457253,0.0,9584.991138583515,0.0,0.0,0,0,0,0.0,5
2024-07-26 00:00:00,1980776.39457253,1990097.1857644136,0.004705625136397656,0.0,1990097.1857644136,0.0,-1973.916167033749,0.0,0.0,0,0,0,0.0,5
2024-07-29 00:00:00,1990097.1857644136,2017107.1605903162,0.013572188845404475,0.0,2017107.1605903162,0.0,13261.360382269486,0.0,0.0,0,0,0,0.0,5
2024-07-30 00:00:00,2017107.1605903162,2027839.9437534788,0.005320879015679884,0.0,2027839.9437534788,0.0,1321.5214110813104,0.0,0.0,0,0,0,0.0,5
2024-07-31 00:00:00,2027839.9437534788,2046024.8533819397,0.008967625716456245,0.0,2046024.8533819397,0.0,13512.714491342776,0.0,0.0,0,0,0,0.0,5
2024-08-01 00:00:00,2046024.8533819397,2029054.591451352,-0.008294259916998083,0.0,2029054.591451352,0.0,-29473.41403458407,0.0,0.0,0,0,0,0.0,5
2024-08-02 00:00:00,2029054.591451352,1971719.8899604194,-0.028256855055793232,0.0,1971719.8899604194,0.0,-29972.153546167887,0.0,0.0,0,0,0,0.0,5
2024-08-05 00:00:00,1971719.8899604194,1889728.890918066,-0.04158349239150763,292165.7659095512,1597563.1250085148,-29354.950487689024,-16555.45551839948,0.0,0.0,0,303.0638055403504,303.0638055403504,0.0,4
2024-08-06 00:00:00,1889728.890918066,1865794.2894159397,-0.012665627126279704,292165.7659095512,1573628.5235063885,0.0,-25603.862458328134,0.0,0.0,0,0,0,0.0,4
2024-08-07 00:00:00,1865794.2894159397,1899551.9977804106,0.018092942269127766,693815.2477128139,1205736.7500675966,-62522.18478141239,13037.619420590141,0.0,0.0,0,416.6313601789004,416.6313601789004,0.0,3
2024-08-08 00:00:00,1899551.9977804106,1927173.2669155914,0.014540938688414834,693815.2477128139,1233358.0192027774,0.0,19348.98081019451,0.0,0.0,0,0,0,0.0,3
2024-08-09 00:00:00,1927173.2669155914,1977093.2910099206,0.02590323607706814,693815.2477128139,1283278.0432971066,0.0,32835.75762215865,0.0,0.0,0,0,0,0.0,3
2024-08-12 00:00:00,1977093.2910099206,1996480.0262619643,0.00980567550362823,693815.2477128139,1302664.7785491503,0.0,25002.95959761247,0.0,0.0,0,0,0,0.0,3
2024-08-13 00:00:00,1996480.0262619643,1974237.7933103014,-0.011140724003789506,693815.2477128139,1280422.5455974876,0.0,-20356.128239460697,0.0,0.0,0,0,0,0.0,3
2024-08-14 00:00:00,1974237.7933103014,1982831.2132790978,0.004352778575060818,693815.2477128139,1289015.9655662838,0.0,11174.914700727357,0.0,0.0,0,0,0,0.0,3
2024-08-16 00:00:00,1982831.2132790978,1968886.2708414993,-0.007032843917429108,915205.1692636274,1053681.101577872,-100130.79484642672,3014.276113462285,0.0,0.0,0,229.6479600359494,229.6479600359494,0.0,2
2024-08-19 00:00:00,1968886.2708414993,1989819.5502816348,0.010632040941190883,915205.1692636274,1074614.3810180074,0.0,8924.852115203452,0.0,0.0,0,0,0,0.0,2
2024-08-20 00:00:00,1989819.5502816348,1994980.2138387177,0.0025935334469663097,915205.1692636274,1079775.0445750903,0.0,2510.727939672128,0.0,0.0,0,0,0,0.0,2
2024-08-21 00:00:00,1994980.2138387177,1995667.7029737649,0.00034460950052448363,915205.1692636274,1080462.5337101375,0.0,-4559.363425437128,0.0,0.0,0,0,0,0.0,2
2024-08-22 00:00:00,1995667.7029737649,2005181.0597541453,0.004767004429747761,0.0,2005181.0597541453,0.0,5090.872968051699,0.0,0.0,0,0,0,0.0,5
2024-08-23 00:00:00,2005181.0597541453,2001229.697298509,-0.001970576390802703,0.0,2001229.697298509,0.0,-10325.086640542664,0.0,0.0,0,0,0,0.0,5
2024-08-26 00:00:00,2001229.697298509,2006705.4711116815,0.0027362045549115667,0.0,2006705.4711116815,0.0,-10301.124743197404,0.0,0.0,0,0,0,0.0,5
2024-08-27 00:00:00,2006705.4711116815,2016517.5735753109,0.004889657503247643,0.0,2016517.5735753109,0.0,3815.0518632012536,0.0,0.0,0,0,0,0.0,5
2024-08-28 00:00:00,2016517.5735753109,2057476.3907734922,0.020311658938613066,0.0,2057476.3907734922,0.0,22901.773009028926,0.0,0.0,0,0,0,0.0,5
2024-08-29 00:00:00,2057476.3907734922,2047548.1941489642,-0.004825424325182895,0.0,2047548.1941489642,0.0,-13880.089800772374,0.0,0.0,0,0,0,0.0,5
2024-08-30 00:00:00,2047548.1941489642,2076265.6452416582,0.014025287011439541,0.0,2076265.6452416582,0.0,23644.32339071855,0.0,0.0,0,0,0,0.0,5
2024-09-02 00:00:00,2076265.6452416582,2074205.192195733,-0.0009923841155139413,0.0,2074205.192195733,0.0,-7472.121483292838,0.0,0.0,0,0,0,0.0,5
2024-09-03 00:00:00,2074205.192195733,2069540.3431759446,-0.0022489814591825775,0.0,2069540.3431759446,0.0,-11017.717775629077,0.0,0.0,0,0,0,0.0,5
2024-09-04 00:00:00,2069540.3431759446,2080408.3551806482,0.005251413455427169,0.0,2080408.3551806482,0.0,18258.13171612128,0.0,0.0,0,0,0,0.0,5
2024-09-05 00:00:00,2080408.3551806482,2088343.4079520588,0.003814180399559897,469086.2237731622,1619257.1841788967,4914.5571884871115,-8670.525562441384,0.0,0.0,0,486.583551843161,486.583551843161,0.0,4
2024-09-06 00:00:00,2088343.4079520588,2114779.6309104413,0.012658944337276035,469086.2237731622,1645693.407137279,0.0,22667.552166505833,0.0,0.0,0,0,0,0.0,4
2024-09-09 00:00:00,2114779.6309104413,2099955.353979216,-0.007009844768006996,469086.2237731622,1630869.1302060538,0.0,-7415.2842517721,0.0,0.0,0,0,0,0.0,4
2024-09-10 00:00:00,2099955.353979216,2111818.824574374,0.0056493918181060475,469086.2237731622,1642732.6008012118,0.0,-1262.2752209518803,0.0,0.0,0,0,0,0.0,4
2024-09-11 00:00:00,2111818.824574374,2106716.0839578914,-0.002416277645176836,469086.2237731622,1637629.860184729,0.0,-11812.401596822543,0.0,0.0,0,0,0,0.0,4
2024-09-12 00:00:00,2106716.0839578914,2108607.3352870387,0.0008977248256415072,469086.2237731622,1639521.1115138764,0.0,-23629.55877188663,0.0,0.0,0,0,0,0.0,4
2024-09-13 00:00:00,2108607.3352870387,2150618.8457170166,0.01992381878167895,469086.2237731622,1681532.6219438545,0.0,36896.839846875635,0.0,0.0,0,0,0,0.0,4
2024-09-16 00:00:00,2150618.8457170166,2206861.0405130954,0.026151633009301414,469086.2237731622,1737774.816739933,0.0,44703.88871417672,0.0,0.0,0,0,0,0.0,4
2024-09-17 00:00:00,2206861.0405130954,2172832.8873193255,-0.01541925502742956,469086.2237731622,1703746.6635461631,0.0,-36159.901034902956,0.0,0.0,0,0,0,0.0,4
2024-09-18 00:00:00,2172832.8873193255,2171020.474998379,-0.0008341241204160706,469086.2237731622,1701934.2512252168,0.0,-6506.359162432782,0.0,0.0,0,0,0,0.0,4
2024-09-19 00:00:00,2171020.474998379,2170394.095487385,-0.0002885184723992697,469086.2237731622,1701307.871714223,0.0,-19471.066356732685,0.0,0.0,0,0,0,0.0,4
2024-09-20 00:00:00,2170394.095487385,2180460.0679810992,0.004637854717096328,469086.2237731622,1711373.8442079371,0.0,-728.1809357893071,0.0,0.0,0,0,0,0.0,4
2024-09-23 00:00:00,2180460.0679810992,2197688.302709678,0.007901192496742518,469086.2237731622,1728602.0789365158,0.0,23953.52470768802,0.0,0.0,0,0,0,0.0,4
2024-09-24 00:00:00,2197688.302709678,2209393.71880626,0.005326240341794246,0.0,2209393.71880626,0.0,4946.801022923901,0.0,0.0,0,0,0,0.0,5
2024-09-25 00:00:00,2209393.71880626,2183530.2721094037,-0.011706128462621925,0.0,2183530.2721094037,0.0,-26619.847650990356,0.0,0.0,0,0,0,0.0,5
2024-09-26 00:00:00,2183530.2721094037,2179204.207231411,-0.0019812250524989324,0.0,2179204.207231411,0.0,-18042.555868751602,0.0,0.0,0,0,0,0.0,5
2024-09-27 00:00:00,2179204.207231411,2159966.3270031232,-0.008827938274187014,0.0,2159966.3270031232,0.0,-27867.57027337019,0.0,0.0,0,0,0,0.0,5
2024-09-30 00:00:00,2159966.3270031232,2145347.596035935,-0.006768036512620651,0.0,2145347.596035935,0.0,-11842.007580580947,0.0,0.0,0,0,0,0.0,5
2024-10-01 00:00:00,2145347.596035935,2163792.514198647,0.00859763620440505,0.0,2163792.514198647,0.0,16463.47049990401,0.0,0.0,0,0,0,0.0,5
2024-10-03 00:00:00,2163792.514198647,2117226.375739756,-0.021520611682186382,0.0,2117226.375739756,0.0,-8143.0714040846215,0.0,0.0,0,0,0,0.0,5
2024-10-04 00:00:00,2117226.375739756,2080658.224069642,-0.01727172497430147,0.0,2080658.224069642,0.0,-31106.152747289336,0.0,0.0,0,0,0,0.0,5
2024-10-07 00:00:00,2080658.224069642,2045068.4021893956,-0.01710507832018405,0.0,2045068.4021893956,0.0,-42494.94849174272,0.0,0.0,0,0,0,0.0,5
2024-10-08 00:00:00,2045068.4021893956,2147908.600252332,0.05028692338742243,0.0,2147908.600252332,0.0,114346.87124828342,0.0,0.0,0,0,0,0.0,5
2024-10-09 00:00:00,2147908.600252332,2197039.321465982,0.022873748542129854,0.0,2197039.321465982,0.0,36060.39709754748,0.0,0.0,0,0,0,0.0,5
2024-10-10 00:00:00,2197039.321465982,2158560.3854595767,-0.017513995143578126,0.0,2158560.3854595767,0.0,-43892.27391958097,0.0,0.0,0,0,0,0.0,5
2024-10-11 00:00:00,2158560.3854595767,2178030.140458408,0.00901978704417194,0.0,2178030.140458408,0.0,10227.573951982136,0.0,0.0,0,0,0,0.0,5
2024-10-14 00:00:00,2178030.140458408,2180420.9613551814,0.0010976987197571129,0.0,2180420.9613551814,0.0,-4131.22716421017,0.0,0.0,0,0,0,0.0,5
2024-10-15 00:00:00,2180420.9613551814,2180485.246861128,2.9483070969364878e-05,0.0,2180485.246861128,0.0,-9793.534758504946,0.0,0.0,0,0,0,0.0,5
2024-10-16 00:00:00,2180485.246861128,2165580.954468867,-0.006835309898893601,0.0,2165580.954468867,0.0,-14696.350819901389,0.0,0.0,0,0,0,0.0,5
2024-10-17 00:00:00,2165580.954468867,2119844.849042783,-0.021119554700415752,0.0,2119844.849042783,0.0,-44257.43077614246,0.0,0.0,0,0,0,0.0,5
2024-10-18 00:00:00,2119844.849042783,2100590.613651132,-0.0090828512286383,0.0,2100590.613651132,0.0,-12245.410303643032,0.0,0.0,0,0,0,0.0,5
2024-10-21 00:00:00,2100590.613651132,2099297.7067107633,-0.0006154968664368518,0.0,2099297.7067107633,0.0,-8882.494673896115,0.0,0.0,0,2186.817174173145,2186.817174173145,0.0,1
2024-10-22 00:00:00,2099297.7067107633,2097383.240448241,-0.0009119555822893701,0.0,2097383.240448241,0.0,-10796.960936418269,0.0,0.0,0,0,0,0.0,1
2024-10-23 00:00:00,2097383.240448241,2111104.1500390386,0.006541918198919689,0.0,2111104.1500390386,0.0,2923.94865437923,0.0,0.0,0,0,0,0.0,1
2024-10-24 00:00:00,2111104.1500390386,2098021.3147201217,-0.006197152953668825,0.0,2098021.3147201217,0.0,-10158.886664537713,0.0,0.0,0,0,0,0.0,1
2024-10-25 00:00:00,2098021.3147201217,2088448.4965137495,-0.004562784057153027,0.0,2088448.4965137495,0.0,-19731.704870909918,0.0,0.0,0,0,0,0.0,1
2024-10-28 00:00:00,2088448.4965137495,2098978.547851383,0.005042045018209249,0.0,2098978.547851383,0.0,-9201.65353327617,0.0,0.0,0,0,0,0.0,1
2024-10-29 00:00:00,2098978.547851383,2115571.4002828444,0.0079052034373798,0.0,2115571.4002828444,0.0,7391.1988981850445,0.0,0.0,0,0,0,0.0,1
2024-10-30 00:00:00,2115571.4002828444,2138545.725773754,0.010859631344911375,0.0,2138545.725773754,0.0,30365.524389094673,0.0,0.0,0,0,0,0.0,1
2024-10-31 00:00:00,2138545.725773754,2135354.86752059,-0.0014920692200816618,0.0,2135354.86752059,0.0,27174.666135930456,0.0,0.0,0,0,0,0.0,1
2024-11-01 00:00:00,2135354.86752059,2135354.86752059,0.0,0.0,2135354.86752059,0.0,27174.666135930456,0.0,0.0,0,0,0,0.0,1
2024-11-04 00:00:00,2135354.86752059,2106636.656348353,-0.013448917371557283,0.0,2106636.656348353,0.0,-1543.5450363066047,0.0,0.0,0,0,0,0.0,1
2024-11-05 00:00:00,2106636.656348353,2104084.1158139496,-0.0012116662485251505,0.0,2104084.1158139496,0.0,-4096.08557070978,0.0,0.0,0,0,0,0.0,1
2024-11-06 00:00:00,2104084.1158139496,2092915.7467575553,-0.0053079479914584695,0.0,2092915.7467575553,0.0,-15264.454627104104,0.0,0.0,0,0,0,0.0,1
2024-11-07 00:00:00,2092915.7467575553,2052710.4945633034,-0.019210162786791468,0.0,2052710.4945633034,0.0,-55469.70682135597,0.0,0.0,0,0,0,0.0,1
2024-11-08 00:00:00,2052710.4945633034,2074089.512651071,0.010415018651870698,0.0,2074089.512651071,0.0,-34090.68873358844,0.0,0.0,0,0,0,0.0,1
2024-11-11 00:00:00,2074089.512651071,2057815.81907899,-0.007846186711237997,0.0,2057815.81907899,0.0,-50364.382305669365,0.0,0.0,0,0,0,0.0,1
2024-11-12 00:00:00,2057815.81907899,2005165.9275611422,-0.02558532742809418,0.0,2005165.9275611422,0.0,-103014.27382351714,0.0,0.0,0,0,0,0.0,1
2024-11-13 00:00:00,2005165.9275611422,2018248.6411566192,0.006524504239601393,0.0,2018248.6411566192,0.0,-89931.56022804021,0.0,0.0,0,0,0,0.0,1
2024-11-14 00:00:00,2018248.6411566192,1971661.429009159,-0.023082989477828587,0.0,1971661.429009159,0.0,-136518.7723755003,0.0,0.0,0,0,0,0.0,1
2024-11-18 00:00:00,1971661.429009159,2007080.5155471046,0.017964081467955223,0.0,2007080.5155471046,0.0,-101099.68583755475,0.0,0.0,0,0,0,0.0,1
2024-11-19 00:00:00,2007080.5155471046,2033245.9427380583,0.013036560809729782,0.0,2033245.9427380583,0.0,-74934.25864660111,0.0,0.0,0,0,0,0.0,1
2024-11-21 00:00:00,2033245.9427380583,2060368.6030602735,0.013339586595063168,0.0,2060368.6030602735,0.0,-47811.59832438594,0.0,0.0,0,0,0,0.0,1
2024-11-22 00:00:00,2060368.6030602735,2084619.5639887045,0.011770205046034465,0.0,2084619.5639887045,0.0,-23560.637395954924,0.0,0.0,0,0,0,0.0,1
2024-11-25 00:00:00,2084619.5639887045,2054305.8019664455,-0.014541627904641119,0.0,2054305.8019664455,0.0,-53874.39941821387,0.0,0.0,0,0,0,0.0,1
2024-11-26 00:00:00,2054305.8019664455,2022715.8914004248,-0.015377413886375587,0.0,2022715.8914004248,0.0,-85464.30998423463,0.0,0.0,0,0,0,0.0,1
2024-11-27 00:00:00,2022715.8914004248,2040904.0512350283,0.008991949839288105,0.0,2040904.0512350283,0.0,-67276.15014963108,0.0,0.0,0,0,0,0.0,1
2024-11-28 00:00:00,2040904.0512350283,2043456.8352163115,0.001250810384612843,0.0,2043456.8352163115,0.0,-64723.366168347886,0.0,0.0,0,0,0,0.0,1
2024-11-29 00:00:00,2043456.8352163115,2051434.1025726618,0.0039038100628662805,0.0,2051434.1025726618,0.0,-56746.09881199757,0.0,0.0,0,0,0,0.0,1
2024-12-02 00:00:00,2051434.1025726618,2034522.21300526,-0.00824393508238596,0.0,2034522.21300526,0.0,-73657.98837939929,0.0,0.0,0,0,0,0.0,1
2024-12-03 00:00:00,2034522.21300526,2044094.9094881925,0.004705132449152414,0.0,2044094.9094881925,0.0,-64085.291896466864,0.0,0.0,0,0,0,0.0,1
2024-12-04 00:00:00,2044094.9094881925,2042499.6020850502,-0.0007804468352899375,0.0,2042499.6020850502,0.0,-65680.5992996092,0.0,0.0,0,0,0,0.0,1
2024-12-05 00:00:00,2042499.6020850502,2044094.9094881925,0.000781056408291972,0.0,2044094.9094881925,0.0,-64085.291896466864,0.0,0.0,0,0,0,0.0,1
2024-12-06 00:00:00,2044094.9094881925,2041861.4060897294,-0.0010926612986978976,0.0,2041861.4060897294,0.0,-66318.79529493,0.0,0.0,0,0,0,0.0,1
2024-12-09 00:00:00,2041861.4060897294,2051434.1025726618,0.004688220490569259,0.0,2051434.1025726618,0.0,-56746.09881199757,0.0,0.0,0,0,0,0.0,1
2024-12-10 00:00:00,2051434.1025726618,2063559.4613134374,0.005910674257374121,0.0,2063559.4613134374,0.0,-44620.74007122195,0.0,0.0,0,0,0,0.0,1
2024-12-11 00:00:00,2063559.4613134374,2075365.9046417126,0.005721397202075493,0.0,2075365.9046417126,0.0,-32814.29674294684,0.0,0.0,0,0,0,0.0,1
2024-12-12 00:00:00,2075365.9046417126,2089724.8885043913,0.006918772169555162,0.0,2089724.8885043913,0.0,-18455.312880268088,0.0,0.0,0,0,0,0.0,1
2024-12-13 00:00:00,2089724.8885043913,2061644.995050915,-0.013437124478893933,0.0,2061644.995050915,0.0,-46535.20633374434,0.0,0.0,0,0,0,0.0,1
2024-12-16 00:00:00,2061644.995050915,2057496.9036664895,-0.0020120299054314558,0.0,2057496.9036664895,0.0,-50683.297718169866,0.0,0.0,0,0,0,0.0,1
2024-12-17 00:00:00,2057496.9036664895,2045371.3014788341,-0.005893375667320519,0.0,2045371.3014788341,0.0,-62808.89990582527,0.0,0.0,0,0,0,0.0,1
2024-12-18 00:00:00,2045371.3014788341,2054305.8019664455,0.004368155787240985,0.0,2054305.8019664455,0.0,-53874.39941821387,0.0,0.0,0,0,0,0.0,1
2024-12-19 00:00:00,2054305.8019664455,2035160.409000581,-0.009319641188540702,0.0,2035160.409000581,0.0,-73019.7923840785,0.0,0.0,0,0,0,0.0,1
2024-12-20 00:00:00,2035160.409000581,2020482.266278522,-0.00721227803820481,0.0,2020482.266278522,0.0,-87697.9351061373,0.0,0.0,0,0,0,0.0,1
2024-12-23 00:00:00,2020482.266278522,2041223.2100944086,0.010265343161902012,0.0,2041223.2100944086,0.0,-66956.9912902508,0.0,0.0,0,0,0,0.0,1
2024-12-24 00:00:00,2041223.2100944086,2031969.5507474167,-0.004533389244855748,0.0,2031969.5507474167,0.0,-76210.65063724271,0.0,0.0,0,0,0,0.0,1
2024-12-26 00:00:00,2031969.5507474167,2042180.44322567,0.005025120811725435,0.0,2042180.44322567,0.0,-65999.75815898948,0.0,0.0,0,0,0,0.0,1
2024-12-27 00:00:00,2042180.44322567,2048881.3185913786,0.0032812356948852856,0.0,2048881.3185913786,0.0,-59298.88279328076,0.0,0.0,0,0,0,0.0,1
2024-12-30 00:00:00,2048881.3185913786,2042180.44322567,-0.0032705043991106447,0.0,2042180.44322567,0.0,-65999.75815898948,0.0,0.0,0,0,0,0.0,1
2024-12-31 00:00:00,2042180.44322567,2045052.1426194536,0.0014061927795409608,0.0,2045052.1426194536,0.0,-63128.05876520579,0.0,0.0,0,0,0,0.0,1
2025-01-01 00:00:00,2045052.1426194536,2053348.5688351844,0.0040568286953819015,0.0,2053348.5688351844,0.0,-54831.63254947495,0.0,0.0,0,0,0,0.0,1
2025-01-02 00:00:00,2053348.5688351844,2061325.8361915345,0.003885003977125715,0.0,2061325.8361915345,0.0,-46854.36519312486,0.0,0.0,0,0,0,0.0,1
2025-01-03 00:00:00,2061325.8361915345,2076323.1377729739,0.007275560863850642,0.0,2076323.1377729739,0.0,-31857.06361168553,0.0,0.0,0,0,0,0.0,1
2025-01-06 00:00:00,2076323.1377729739,2061644.995050915,-0.00706929593714508,0.0,2061644.995050915,0.0,-46535.20633374434,0.0,0.0,0,0,0,0.0,1
2025-01-07 00:00:00,2061644.995050915,2066750.3195666017,0.0024763354156230573,0.0,2066750.3195666017,0.0,-41429.88181805774,0.0,0.0,0,0,0,0.0,1
2025-01-08 00:00:00,2066750.3195666017,2077918.6886229957,0.00540383081142385,0.0,2077918.6886229957,0.0,-30261.512761663646,0.0,0.0,0,0,0,0.0,1
2025-01-09 00:00:00,2077918.6886229957,2086853.1891106074,0.004299735372962251,0.0,2086853.1891106074,0.0,-21327.012274052016,0.0,0.0,0,0,0,0.0,1
2025-01-10 00:00:00,2086853.1891106074,2103764.956954569,0.008103956680905433,0.0,2103764.956954569,0.0,-4415.244430090301,0.0,0.0,0,0,0,0.0,1
2025-01-13 00:00:00,2103764.956954569,2113975.8494328223,0.004853627989428351,0.0,2113975.8494328223,0.0,5795.648048162926,0.0,0.0,0,0,0,0.0,1
2025-01-14 00:00:00,2113975.8494328223,2107274.974067114,-0.003169797501473977,0.0,2107274.974067114,0.0,-905.227317545563,0.0,0.0,0,0,0,0.0,1
2025-01-15 00:00:00,2107274.974067114,2114295.008292203,0.003331332793052679,0.0,2114295.008292203,0.0,6114.806907543447,0.0,0.0,0,0,0,0.0,1
2025-01-16 00:00:00,2114295.008292203,2124824.8161829566,0.004980292650484502,0.0,2124824.8161829566,0.0,16644.614798297174,0.0,0.0,0,0,0,0.0,1
2025-01-17 00:00:00,2124824.8161829566,2127058.6847517393,0.0010513189378104236,0.0,2127058.6847517393,0.0,18878.48336707987,0.0,0.0,0,0,0,0.0,1
2025-01-20 00:00:00,2127058.6847517393,2124824.8161829566,-0.0010502148270739515,0.0,2124824.8161829566,0.0,16644.614798297174,0.0,0.0,0,0,0,0.0,1
2025-01-21 00:00:00,2124824.8161829566,2136312.1006518514,0.005406226612851137,0.0,2136312.1006518514,0.0,28131.899267192,0.0,0.0,0,0,0,0.0,1
2025-01-22 00:00:00,2136312.1006518514,2157691.3621864985,0.010007555323083948,0.0,2157691.3621864985,0.0,49511.16080183908,0.0,0.0,0,0,0,0.0,1
2025-01-23 00:00:00,2157691.3621864985,2151628.561092671,-0.0028098555706705533,0.0,2151628.561092671,0.0,43448.359708011616,0.0,0.0,0,0,0,0.0,1
2025-01-24 00:00:00,2151628.561092671,2162477.527842805,0.005042211721071552,0.0,2162477.527842805,0.0,54297.3264581454,0.0,0.0,0,0,0,0.0,1
2025-01-27 00:00:00,2162477.527842805,2159924.9873084016,-0.0011803778312320687,0.0,2159924.9873084016,0.0,51744.78592374222,0.0,0.0,0,0,0,0.0,1
2025-01-28 00:00:00,2159924.9873084016,2156414.970195857,-0.0016250643578686306,0.0,2156414.970195857,0.0,48234.768811197486,0.0,0.0,0,0,0,0.0,1
2025-01-29 00:00:00,2156414.970195857,2165349.4706834685,0.004143219468931878,0.0,2165349.4706834685,0.0,57169.269298809115,0.0,0.0,0,0,0,0.0,1
2025-01-30 00:00:00,2165349.4706834685,2172688.420321058,0.0033892679851225366,0.0,2172688.420321058,0.0,64508.218936398625,0.0,0.0,0,0,0,0.0,1
2025-01-31 00:00:00,2172688.420321058,2204278.574333959,0.01453966142473052,0.0,2204278.574333959,0.0,96098.3729492994,0.0,0.0,0,0,0,0.0,1
2025-02-03 00:00:00,2204278.574333959,2222147.5753091816,0.008106507581793314,0.0,2222147.5753091816,0.0,113967.3739245222,0.0,0.0,0,0,0,0.0,1
2025-02-04 00:00:00,2222147.5753091816,2236187.6437593596,0.0063182430393825375,0.0,2236187.6437593596,0.0,128007.44237470021,0.0,0.0,0,0,0,0.0,1
2025-02-05 00:00:00,2236187.6437593596,2283732.089038081,0.021261384486854693,0.0,2283732.089038081,0.0,175551.8876534216,0.0,0.0,0,0,0,0.0,1
2025-02-06 00:00:00,2283732.089038081,2279264.838794275,-0.0019561183491043567,0.0,2279264.838794275,0.0,171084.6374096158,0.0,0.0,0,0,0,0.0,1
2025-02-07 00:00:00,2279264.838794275,2282774.85590682,0.001539977738787708,0.0,2282774.85590682,0.0,174594.65452216053,0.0,0.0,0,0,0,0.0,1
2025-02-10 00:00:00,2282774.85590682,2314045.60761346,0.013698570240391972,0.0,2314045.60761346,0.0,205865.40622880077,0.0,0.0,0,0,0,0.0,1
2025-02-11 00:00:00,2314045.60761346,2296814.924356998,-0.007446129497090034,0.0,2296814.924356998,0.0,188634.72297233855,0.0,0.0,0,0,0,0.0,1
2025-02-12 00:00:00,2296814.924356998,2280541.230784917,-0.0070853308203041405,0.0,2280541.230784917,0.0,172361.0294002574,0.0,0.0,0,0,0,0.0,1
2025-02-13 00:00:00,2280541.230784917,2293304.907244453,0.005596775137077184,0.0,2293304.907244453,0.0,185124.70585979382,0.0,0.0,0,0,0,0.0,1
2025-02-14 00:00:00,2293304.907244453,2304473.0328539675,0.0048698825761174045,0.0,2304473.0328539675,0.0,196292.83146930812,0.0,0.0,0,0,0,0.0,1
2025-02-17 00:00:00,2304473.0328539675,2286284.873019364,-0.007892546180971466,0.0,2286284.873019364,0.0,178104.6716347048,0.0,0.0,0,0,0,0.0,1
2025-02-18 00:00:00,2286284.873019364,2296814.924356998,0.004605747718449153,0.0,2296814.924356998,0.0,188634.72297233855,0.0,0.0,0,0,0,0.0,1
2025-02-19 00:00:00,2296814.924356998,2320746.7264260487,0.010419560503226235,0.0,2320746.7264260487,0.0,212566.52504138928,0.0,0.0,0,0,0,0.0,1
2025-02-20 00:00:00,2320746.7264260487,2313088.3744821986,-0.0032999516305012386,0.0,2313088.3744821986,0.0,204908.17309753923,0.0,0.0,0,0,0,0.0,1
2025-02-21 00:00:00,2313088.3744821986,2300005.7826101617,-0.005655897983130694,0.0,2300005.7826101617,0.0,191825.5812255023,0.0,0.0,0,0,0,0.0,1
2025-02-24 00:00:00,2300005.7826101617,2316598.3915947434,0.007214159681699381,0.0,2316598.3915947434,0.0,208418.19021008397,0.0,0.0,0,0,0,0.0,1
2025-02-25 00:00:00,2316598.3915947434,2321384.8006979297,0.00206613676352049,0.0,2321384.8006979297,0.0,213204.5993132703,0.0,0.0,0,0,0,0.0,1
2025-02-27 00:00:00,2321384.8006979297,2293623.8226569537,-0.01195880064030297,0.0,2293623.8226569537,0.0,185443.62127229432,0.0,0.0,0,0,0,0.0,1
2025-02-28 00:00:00,2293623.8226569537,2268734.787456642,-0.010851402463844367,0.0,2268734.787456642,0.0,160554.5860719825,0.0,0.0,0,0,0,0.0,1
2025-03-03 00:00:00,2268734.787456642,2277031.2136723725,0.003656851502255709,0.0,2277031.2136723725,0.0,168851.01228771312,0.0,0.0,0,0,0,0.0,1
2025-03-04 00:00:00,2277031.2136723725,2310854.749360296,0.014854225750104312,0.0,2310854.749360296,0.0,202674.54797563655,0.0,0.0,0,0,0,0.0,1
2025-03-05 00:00:00,2310854.749360296,2306068.3402571096,-0.002071272157850396,0.0,2306068.3402571096,0.0,197888.13887245022,0.0,0.0,0,0,0,0.0,1
2025-03-06 00:00:00,2306068.3402571096,2293942.981516334,-0.005258022292359077,0.0,2293942.981516334,0.0,185762.78013167484,0.0,0.0,0,0,0,0.0,1
2025-03-07 00:00:00,2293942.981516334,2304153.8739945875,0.004451240750327481,0.0,2304153.8739945875,0.0,195973.67260992806,0.0,0.0,0,0,0,0.0,1
2025-03-10 00:00:00,2304153.8739945875,2302877.482003946,-0.0005539525832225717,0.0,2302877.482003946,0.0,194697.28061928647,0.0,0.0,0,0,0,0.0,1
2025-03-11 00:00:00,2302877.482003946,2300005.7826101617,-0.0012470048520710844,0.0,2300005.7826101617,0.0,191825.5812255023,0.0,0.0,0,0,0,0.0,1
2025-03-12 00:00:00,2300005.7826101617,2307663.8911071317,0.003329604018768695,0.0,2307663.8911071317,0.0,199483.68972247234,0.0,0.0,0,0,0,0.0,1
2025-03-13 00:00:00,2307663.8911071317,2323618.4258198324,0.00691371684333382,0.0,2323618.4258198324,0.0,215438.22443517298,0.0,0.0,0,0,0,0.0,1
2025-03-17 00:00:00,2323618.4258198324,2346273.8358982415,0.009750056130845028,0.0,2346273.8358982415,0.0,238093.6345135821,0.0,0.0,0,0,0,0.0,1
2025-03-18 00:00:00,2346273.8358982415,2346273.8358982415,0.0,0.0,2346273.8358982415,0.0,238093.6345135821,0.0,0.0,0,0,0,0.0,1
2025-03-19 00:00:00,2346273.8358982415,2369248.404836031,0.009791938428616592,0.0,2369248.404836031,0.0,261068.20345137175,0.0,0.0,0,0,0,0.0,1
2025-03-20 00:00:00,2369248.404836031,2376906.513333001,0.0032322944615425526,0.0,2376906.513333001,0.0,268726.3119483418,0.0,0.0,0,0,0,0.0,1
2025-03-21 00:00:00,2376906.513333001,2359675.586629659,-0.007249307705914056,0.0,2359675.586629659,0.0,251495.38524499955,0.0,0.0,0,0,0,0.0,1
2025-03-24 00:00:00,2359675.586629659,2329362.06805428,-0.012846477179804267,0.0,2329362.06805428,0.0,221181.8666696204,0.0,0.0,0,0,0,0.0,1
2025-03-25 00:00:00,2329362.06805428,2336701.2611387493,0.0031507309168986217,0.0,2336701.2611387493,0.0,228521.05975408992,0.0,0.0,0,0,0,0.0,1
2025-03-26 00:00:00,2336701.2611387493,2337339.33541063,0.0002730662590431444,0.0,2337339.33541063,0.0,229159.13402597047,0.0,0.0,0,0,0,0.0,1
2025-03-27 00:00:00,2337339.33541063,2354889.4209733526,0.007508574085430994,0.0,2354889.4209733526,0.0,246709.21958869323,0.0,0.0,0,0,0,0.0,1
2025-03-28 00:00:00,2354889.4209733526,2366376.7054422474,0.004878056849118102,0.0,2366376.7054422474,0.0,258196.50405758806,0.0,0.0,0,0,0,0.0,1
2025-04-01 00:00:00,2366376.7054422474,2448063.845268273,0.034519922224622725,0.0,2448063.845268273,0.0,339883.6438836134,0.0,0.0,0,0,0,0.0,1
2025-04-02 00:00:00,2448063.845268273,2432428.469414952,-0.006386833367741342,0.0,2432428.469414952,0.0,324248.2680302928,0.0,0.0,0,0,0,0.0,1
2025-04-03 00:00:00,2432428.469414952,2420302.867227297,-0.004984977909986332,0.0,2420302.867227297,0.0,312122.6658426374,0.0,0.0,0,0,0,0.0,1
2025-04-04 00:00:00,2420302.867227297,2392861.0480457013,-0.011338175710642717,0.0,2392861.0480457013,0.0,284680.84666104196,0.0,0.0,0,0,0,0.0,1
2025-04-07 00:00:00,2392861.0480457013,2355846.6541046137,-0.015468676700353354,0.0,2355846.6541046137,0.0,247666.4527199543,0.0,0.0,0,0,0,0.0,1
2025-04-08 00:00:00,2355846.6541046137,2351060.245001428,-0.0020317150502331995,0.0,2351060.245001428,0.0,242880.04361676844,0.0,0.0,0,0,0,0.0,1
2025-04-09 00:00:00,2351060.245001428,2389670.1897925376,0.016422354498655697,0.0,2389670.1897925376,0.0,281489.9884078782,0.0,0.0,0,0,0,0.0,1
2025-04-11 00:00:00,2389670.1897925376,2485716.556928121,0.040192310866095635,0.0,2485716.556928121,0.0,377536.3555434616,0.0,0.0,0,0,0,0.0,1
2025-04-15 00:00:00,2485716.556928121,2478058.448431151,-0.003080845430918325,0.0,2478058.448431151,0.0,369878.2470464916,0.0,0.0,0,0,0,0.0,1
2025-04-16 00:00:00,2478058.448431151,2528155.6776911556,0.02021632269881324,0.0,2528155.6776911556,0.0,419975.4763064962,0.0,0.0,0,0,0,0.0,1
2025-04-17 00:00:00,2528155.6776911556,2537728.252450648,0.003786386591602155,0.0,2537728.252450648,0.0,429548.05106598884,0.0,0.0,0,0,0,0.0,1
2025-04-21 00:00:00,2537728.252450648,2596176.1877976414,0.023031597370818096,0.0,2596176.1877976414,0.0,19001.279239106574,0.0,0.0,0,2673.3057957675014,2673.3057957675014,0.0,5
2025-04-22 00:00:00,2596176.1877976414,2573899.2463992327,-0.008580673955455408,0.0,2573899.2463992327,0.0,-31130.912776470243,0.0,0.0,0,0,0,0.0,5
2025-04-23 00:00:00,2573899.2463992327,2616738.8657107274,0.016643860233233845,0.0,2616738.8657107274,0.0,37215.47617200983,0.0,0.0,0,0,0,0.0,5
2025-04-24 00:00:00,2616738.8657107274,2655681.1177968103,0.014881978708833031,0.0,2655681.1177968103,0.0,8775.751328707032,0.0,0.0,0,0,0,0.0,5
2025-04-25 00:00:00,2655681.1177968103,2611905.966430047,-0.016483587232445945,0.0,2611905.966430047,0.0,-46441.64936942817,0.0,0.0,0,0,0,0.0,5
2025-04-28 00:00:00,2611905.966430047,2639087.8306606924,0.010406907668195086,0.0,2639087.8306606924,0.0,36606.22485514457,0.0,0.0,0,0,0,0.0,5
2025-04-29 00:00:00,2639087.8306606924,2643033.958934639,0.0014952621993481704,0.0,2643033.958934639,0.0,-5830.759918822208,0.0,0.0,0,0,0,0.0,5
2025-04-30 00:00:00,2643033.958934639,2594865.075575959,-0.018224844669833987,0.0,2594865.075575959,0.0,-34789.13529850065,0.0,0.0,0,0,0,0.0,5
2025-05-02 00:00:00,2594865.075575959,2630834.5706096175,0.013861797814545232,0.0,2630834.5706096175,0.0,26244.54854553833,0.0,0.0,0,0,0,0.0,5
2025-05-05 00:00:00,2630834.5706096175,2663671.624662532,0.012481611128177278,0.0,2663671.624662532,0.0,20980.21890476602,0.0,0.0,0,0,0,0.0,5
2025-05-06 00:00:00,2663671.624662532,2669548.3822813416,0.002206262049870403,0.0,2669548.3822813416,0.0,-11697.586813002883,0.0,0.0,0,0,0,0.0,5
2025-05-07 00:00:00,2669548.3822813416,2642831.1880785674,-0.010008132604040777,479177.86252959404,2163653.3255489734,-36257.119182112896,17120.083129769948,0.0,0.0,0,497.0516175870769,497.0516175870769,0.0,4
2025-05-08 00:00:00,2642831.1880785674,2599559.171646729,-0.01637335620490334,479177.86252959404,2120381.309117135,0.0,-42596.33688963775,0.0,0.0,0,0,0,0.0,4
2025-05-09 00:00:00,2599559.171646729,2603187.3318306673,0.0013956828617368647,479177.86252959404,2124009.4693010733,0.0,68473.21310503734,0.0,0.0,0,0,0,0.0,4
2025-05-12 00:00:00,2603187.3318306673,2667921.760956273,0.024867372522161795,479177.86252959404,2188743.898426679,0.0,12106.284346670553,0.0,0.0,0,0,0,0.0,4
2025-05-13 00:00:00,2667921.760956273,2673333.499975567,0.0020284474224440976,479177.86252959404,2194155.637445973,0.0,4416.990052518784,0.0,0.0,0,0,0,0.0,4
2025-05-14 00:00:00,2673333.499975567,2659259.245263397,-0.005264683479370838,479177.86252959404,2180081.3827338032,0.0,-22763.369972415443,0.0,0.0,0,0,0,0.0,4
2025-05-15 00:00:00,2659259.245263397,2686350.366096676,0.010187468890644124,479177.86252959404,2207172.503567082,0.0,20805.702307661588,0.0,0.0,0,0,0,0.0,4
2025-05-16 00:00:00,2686350.366096676,2646804.1827250356,-0.014721156209084417,479177.86252959404,2167626.3201954416,0.0,-43178.31835625635,0.0,0.0,0,0,0,0.0,4
2025-05-19 00:00:00,2646804.1827250356,2632247.1306426087,-0.005499859860218118,479177.86252959404,2153069.2681130148,0.0,-13214.452261970262,0.0,0.0,0,0,0,0.0,4
2025-05-20 00:00:00,2632247.1306426087,2600604.193510119,-0.012021263795533095,479177.86252959404,2121426.330980525,0.0,-42815.60058990994,0.0,0.0,0,0,0,0.0,4
2025-05-21 00:00:00,2600604.193510119,2607104.46344378,0.0024995229761924508,479177.86252959404,2127926.600914186,0.0,671.7811194203096,0.0,0.0,0,0,0,0.0,4
2025-05-22 00:00:00,2607104.46344378,2588972.321317017,-0.0069548966606469,0.0,2588972.321317017,0.0,-14413.60699805728,0.0,0.0,0,0,0,0.0,5
2025-05-23 00:00:00,2588972.321317017,2594528.0943896677,0.0021459376088750226,0.0,2594528.0943896677,0.0,-6632.826160304772,0.0,0.0,0,0,0,0.0,5
2025-05-26 00:00:00,2594528.0943896677,2602963.2095971024,0.0032511173132696,455762.5984591011,2147200.611138001,-59672.38325260583,-1623.629703171784,0.0,0.0,0,472.7629436048805,472.7629436048805,0.0,4
2025-05-27 00:00:00,2602963.2095971024,2606121.432203468,0.001213318188563415,455762.5984591011,2150358.8337443667,0.0,-1681.304068122292,0.0,0.0,0,0,0,0.0,4
2025-05-28 00:00:00,2606121.432203468,2624994.823852336,0.007241946371206004,455762.5984591011,2169232.2253932348,0.0,6813.734264603059,0.0,0.0,0,0,0,0.0,4
2025-05-29 00:00:00,2624994.823852336,2606383.9195579765,-0.007089882282909377,455762.5984591011,2150621.3210988753,0.0,-28162.438184229133,0.0,0.0,0,0,0,0.0,4
2025-05-30 00:00:00,2606383.9195579765,2592438.6813253537,-0.005350416002792046,455762.5984591011,2136676.0828662524,0.0,25034.537657248788,0.0,0.0,0,0,0,0.0,4
2025-06-02 00:00:00,2592438.6813253537,2552592.2543544727,-0.015370248584051342,455762.5984591011,2096829.6558953715,0.0,-41678.29378278559,0.0,0.0,0,0,0,0.0,4
2025-06-03 00:00:00,2552592.2543544727,2561065.778186659,0.0033195759400002577,455762.5984591011,2105303.1797275576,0.0,3404.4993949630298,0.0,0.0,0,0,0,0.0,4
2025-06-04 00:00:00,2561065.778186659,2562880.619032504,0.0007086271900170237,455762.5984591011,2107118.0205734028,0.0,-9266.032121197495,0.0,0.0,0,0,0,0.0,4
2025-06-05 00:00:00,2562880.619032504,2545730.9908698546,-0.006691543896072499,455762.5984591011,2089968.3924107533,0.0,-29567.536459488387,0.0,0.0,0,0,0,0.0,4
2025-06-06 00:00:00,2545730.9908698546,2560718.071027807,0.005887142126054499,455762.5984591011,2104955.4725687057,0.0,8302.235113213828,0.0,0.0,0,0,0,0.0,4
2025-06-09 00:00:00,2560718.071027807,2605750.7652183706,0.01758596336709908,455762.5984591011,2149988.1667592693,0.0,27776.85348215711,0.0,0.0,0,0,0,0.0,4
2025-06-10 00:00:00,2605750.7652183706,2580873.515714106,-0.009547056394006142,455762.5984591011,2125110.917255005,0.0,-37104.79841961176,0.0,0.0,0,0,0,0.0,4
2025-06-11 00:00:00,2580873.515714106,2574300.028066137,-0.0025470010862389926,455762.5984591011,2118537.4296070356,0.0,-9803.468711716705,0.0,0.0,0,0,0,0.0,4
2025-06-12 00:00:00,2574300.028066137,2534792.0904883603,-0.015347060228817122,455762.5984591011,2079029.492029259,0.0,-41502.759532315016,0.0,0.0,0,0,0,0.0,4
2025-06-13 00:00:00,2534792.0904883603,2538599.890426645,0.0015022139103926155,455762.5984591011,2082837.291967544,0.0,31534.74963698216,0.0,0.0,0,0,0,0.0,4
2025-06-16 00:00:00,2538599.890426645,2526580.913656172,-0.004734490384167326,455762.5984591011,2070818.3151970708,0.0,-32986.4352498941,0.0,0.0,0,0,0,0.0,4
2025-06-17 00:00:00,2526580.913656172,2541333.8030741075,0.005839072613188934,455762.5984591011,2085571.2046150062,0.0,4127.465223134612,0.0,0.0,0,0,0,0.0,4
2025-06-18 00:00:00,2541333.8030741075,2525874.4037182275,-0.006083183302083192,455762.5984591011,2070111.8052591262,0.0,-20853.357641281153,0.0,0.0,0,0,0,0.0,4
2025-06-19 00:00:00,2525874.4037182275,2506704.3100524545,-0.007589488074923126,455762.5984591011,2050941.7115933532,0.0,-25170.84142203827,0.0,0.0,0,0,0,0.0,4
2025-06-20 00:00:00,2506704.3100524545,2513951.490350495,0.002891118936117746,455762.5984591011,2058188.891891394,0.0,9883.073393383238,0.0,0.0,0,0,0,0.0,4
2025-06-23 00:00:00,2513951.490350495,2531064.3173002163,0.006807142864692004,455762.5984591011,2075301.718841115,0.0,30180.247120298212,0.0,0.0,0,0,0,0.0,4
2025-06-24 00:00:00,2531064.3173002163,2539918.515271645,0.003498211369386756,0.0,2539918.515271645,0.0,-6851.103038693429,0.0,0.0,0,0,0,0.0,5
2025-06-25 00:00:00,2539918.515271645,2523253.430246408,-0.006561267585962145,0.0,2523253.430246408,0.0,-26450.71377296996,0.0,0.0,0,0,0,0.0,5
2025-06-26 00:00:00,2523253.430246408,2534312.9185256916,0.004383027145316711,0.0,2534312.9185256916,0.0,2245.812478664855,0.0,0.0,0,0,0,0.0,5
2025-06-27 00:00:00,2534312.9185256916,2610064.9058157215,0.029890542220057718,0.0,2610064.9058157215,0.0,65344.40022218408,0.0,0.0,0,0,0,0.0,5
2025-06-30 00:00:00,2610064.9058157215,2634478.890000965,0.009353784318100475,0.0,2634478.890000965,0.0,-6755.053782954987,0.0,0.0,0,0,0,0.0,5
2025-07-01 00:00:00,2634478.890000965,2599741.36140857,-0.013185730477567959,0.0,2599741.36140857,0.0,-43130.118846136844,0.0,0.0,0,0,0,0.0,5
2025-07-02 00:00:00,2599741.36140857,2572937.479889655,-0.010310210822045843,0.0,2572937.479889655,0.0,-30836.756568161712,0.0,0.0,0,0,0,0.0,5
2025-07-03 00:00:00,2572937.479889655,2564931.093756891,-0.0031117686284034903,520285.00697928324,2044646.0867776074,4850.025267576247,-16096.191528350872,0.0,0.0,0,539.6920946225572,539.6920946225572,0.0,4
2025-07-04 00:00:00,2564931.093756891,2563889.004955058,-0.0004062833517708686,1059264.5862569176,1504624.4186981404,23544.597565927357,-19848.081665726786,0.0,0.0,0,559.0839908840838,559.0839908840838,0.0,3
2025-07-07 00:00:00,2563889.004955058,2533945.5658033304,-0.011678913983350254,1059264.5862569176,1474680.9795464128,0.0,-31325.265024060733,0.0,0.0,0,0,0,0.0,3
2025-07-08 00:00:00,2533945.5658033304,2522258.1471089846,-0.004612340080257609,1059264.5862569176,1462993.560852067,0.0,-13036.105562378943,0.0,0.0,0,0,0,0.0,3
2025-07-09 00:00:00,2522258.1471089846,2535237.2869581217,0.005145841183628945,1059264.5862569176,1475972.7007012041,0.0,9495.392733670596,0.0,0.0,0,0,0,0.0,3
2025-07-10 00:00:00,2535237.2869581217,2528809.510434578,-0.0025353747188121482,1059264.5862569176,1469544.9241776604,0.0,-7100.158480922284,0.0,0.0,0,0,0,0.0,3
2025-07-11 00:00:00,2528809.510434578,2502875.709433074,-0.010255339872178556,1059264.5862569176,1443611.1231761568,0.0,-21727.047215540428,0.0,0.0,0,0,0,0.0,3
2025-07-14 00:00:00,2502875.709433074,2535740.2054415247,0.01313069437870519,1059264.5862569176,1476475.6191846072,0.0,37510.671844339,0.0,0.0,0,0,0,0.0,3
2025-07-15 00:00:00,2535740.2054415247,2558454.7403620007,0.008957753192433545,1059264.5862569176,1499190.1541050829,0.0,21130.147982363007,0.0,0.0,0,0,0,0.0,3
2025-07-16 00:00:00,2558454.7403620007,2551656.251653595,-0.0026572636213388024,1059264.5862569176,1492391.6653966773,0.0,-11582.477107175626,0.0,0.0,0,0,0,0.0,3
2025-07-17 00:00:00,2551656.251653595,2533409.7555295825,-0.007150844128078693,1059264.5862569176,1474145.1692726652,0.0,-19961.01573002909,0.0,0.0,0,0,0,0.0,3
2025-07-18 00:00:00,2533409.7555295825,2534372.5095116072,0.00038002300256536253,1486167.575399658,1048204.9341119494,-52274.87338685366,-1198.2999588815728,0.0,0.0,0,442.82684551824934,442.82684551824934,0.0,2
2025-07-21 00:00:00,2534372.5095116072,2528836.327907712,-0.0021844387844002847,1486167.575399658,1042668.7525080544,0.0,-7754.374599936942,0.0,0.0,0,0,0,0.0,2
2025-07-22 00:00:00,2528836.327907712,2534847.092878159,0.0023768896800925327,0.0,2534847.092878159,0.0,2419.590387363278,0.0,0.0,0,0,0,0.0,5
2025-07-23 00:00:00,2534847.092878159,2525162.6921338947,-0.003820506874546209,0.0,2525162.6921338947,0.0,-16466.363847693778,0.0,0.0,0,0,0,0.0,5
2025-07-24 00:00:00,2525162.6921338947,2481642.2456649654,-0.017234709907800926,0.0,2481642.2456649654,0.0,-41154.061067628674,0.0,0.0,0,0,0,0.0,5
2025-07-25 00:00:00,2481642.2456649654,2438094.9164040163,-0.017547786888710212,0.0,2438094.9164040163,0.0,-40305.66032214969,0.0,0.0,0,0,0,0.0,5
2025-07-28 00:00:00,2438094.9164040163,2410133.049394506,-0.011468736028846519,0.0,2410133.049394506,0.0,-24128.519126592437,0.0,0.0,0,0,0,0.0,5
2025-07-29 00:00:00,2410133.049394506,2442439.962838549,0.013404618243859837,0.0,2442439.962838549,0.0,31509.405590689683,0.0,0.0,0,0,0,0.0,5
2025-07-30 00:00:00,2442439.962838549,2452200.2093074033,0.003996104967718837,0.0,2452200.2093074033,0.0,-2422.9351253672503,0.0,0.0,0,0,0,0.0,5
2025-07-31 00:00:00,2452200.2093074033,2452274.247762045,3.0192663046260554e-05,0.0,2452274.247762045,0.0,20841.988635179354,0.0,0.0,0,0,0,0.0,5
2025-08-01 00:00:00,2452274.247762045,2392692.6952274092,-0.02429644750745558,0.0,2392692.6952274092,0.0,-59661.84392468928,0.0,0.0,0,0,0,0.0,5
2025-08-04 00:00:00,2392692.6952274092,2366051.173838745,-0.011134535346643118,0.0,2366051.173838745,0.0,-24440.683688907884,0.0,0.0,0,2479.6593029993596,2479.6593029993596,0.0,1
2025-08-05 00:00:00,2366051.173838745,2376853.6838861047,0.0045656282361102,0.0,2376853.6838861047,0.0,-13638.173641548026,0.0,0.0,0,0,0,0.0,1
2025-08-06 00:00:00,2376853.6838861047,2372020.999145501,-0.0020332276964994183,0.0,2372020.999145501,0.0,-18470.858382151928,0.0,0.0,0,0,0,0.0,1
2025-08-07 00:00:00,2372020.999145501,2386234.9308913155,0.005992329642501085,0.0,2386234.9308913155,0.0,-4256.926636337303,0.0,0.0,0,0,0,0.0,1
2025-08-08 00:00:00,2386234.9308913155,2398174.581504827,0.005003552022034856,0.0,2398174.581504827,0.0,7682.723977174144,0.0,0.0,0,0,0,0.0,1
2025-08-11 00:00:00,2398174.581504827,2366051.173838745,-0.01339494126650486,0.0,2366051.173838745,0.0,-24440.683688907884,0.0,0.0,0,0,0,0.0,1
2025-08-12 00:00:00,2366051.173838745,2358944.207965838,-0.0030037244973770147,0.0,2358944.207965838,0.0,-31547.649561814964,0.0,0.0,0,0,0,0.0,1
2025-08-13 00:00:00,2358944.207965838,2364914.0332725933,0.0025307191609687894,0.0,2364914.0332725933,0.0,-25577.824255059473,0.0,0.0,0,0,0,0.0,1
2025-08-14 00:00:00,2364914.0332725933,2363492.5533430576,-0.000601070444648929,0.0,2363492.5533430576,0.0,-26999.304184595123,0.0,0.0,0,0,0,0.0,1
2025-08-18 00:00:00,2363492.5533430576,2352405.703932313,-0.004690875541394443,0.0,2352405.703932313,0.0,-38086.15359533997,0.0,0.0,0,0,0,0.0,1
2025-08-19 00:00:00,2352405.703932313,2339897.3745920323,-0.005317250047205467,0.0,2339897.3745920323,0.0,-50594.48293562047,0.0,0.0,0,0,0,0.0,1
2025-08-20 00:00:00,2339897.3745920323,2333359.0874458943,-0.00279426235403935,0.0,2333359.0874458943,0.0,-57132.7700817585,0.0,0.0,0,0,0,0.0,1
2025-08-21 00:00:00,2333359.0874458943,2346720.217988942,0.005726135602074312,0.0,2346720.217988942,0.0,-43771.63953871094,0.0,0.0,0,0,0,0.0,1
2025-08-22 00:00:00,2346720.217988942,2348710.15975786,0.0008479671985028951,0.0,2348710.15975786,0.0,-41781.69776979275,0.0,0.0,0,0,0,0.0,1
2025-08-25 00:00:00,2348710.15975786,2373726.601551035,0.010651140452236139,0.0,2373726.601551035,0.0,-16765.255976617802,0.0,0.0,0,0,0,0.0,1
2025-08-26 00:00:00,2373726.601551035,2383107.848556245,0.003952117737181858,0.0,2383107.848556245,0.0,-7384.008971407544,0.0,0.0,0,0,0,0.0,1
2025-08-28 00:00:00,2383107.848556245,2399880.183910361,0.007038009364232917,0.0,2399880.183910361,0.0,9388.32638270827,0.0,0.0,0,0,0,0.0,1
2025-08-29 00:00:00,2399880.183910361,2426033.766269687,0.010897870041458264,0.0,2426033.766269687,0.0,35541.90874203434,0.0,0.0,0,0,0,0.0,1
2025-09-01 00:00:00,2426033.766269687,2462137.2743609925,0.014881700573697613,0.0,2462137.2743609925,0.0,71645.41683333972,0.0,0.0,0,0,0,0.0,1
2025-09-02 00:00:00,2462137.2743609925,2462137.2743609925,0.0,0.0,2462137.2743609925,0.0,71645.41683333972,0.0,0.0,0,0,0,0.0,1
2025-09-03 00:00:00,2462137.2743609925,2498240.5655649113,0.014663394921101174,0.0,2498240.5655649113,0.0,107748.70803725859,0.0,0.0,0,0,0,0.0,1
2025-09-04 00:00:00,2498240.5655649113,2506200.549527972,0.0031862359745410337,0.0,2506200.549527972,0.0,115708.69200031925,0.0,0.0,0,0,0,0.0,1
2025-09-05 00:00:00,2506200.549527972,2520130.141910402,0.005558051762878136,0.0,2520130.141910402,0.0,129638.28438274935,0.0,0.0,0,0,0,0.0,1
2025-09-08 00:00:00,2520130.141910402,2557939.2524072416,0.0150028404756026,0.0,2557939.2524072416,0.0,167447.39487958886,0.0,0.0,0,0,0,0.0,1
2025-09-09 00:00:00,2557939.2524072416,2591768.2624788578,0.013225102996398423,0.0,2591768.2624788578,0.0,201276.404951205,0.0,0.0,0,0,0,0.0,1
2025-09-10 00:00:00,2591768.2624788578,2584092.8347665677,-0.002961463732466974,0.0,2584092.8347665677,0.0,193600.97723891493,0.0,0.0,0,0,0,0.0,1
2025-09-11 00:00:00,2584092.8347665677,2576133.0676908935,-0.0030802945500188203,0.0,2576133.0676908935,0.0,185641.2101632408,0.0,0.0,0,0,0,0.0,1
2025-09-12 00:00:00,2576133.0676908935,2594326.8829745455,0.007062451669066878,0.0,2594326.8829745455,0.0,203835.02544689272,0.0,0.0,0,0,0,0.0,1
2025-09-15 00:00:00,2594326.8829745455,2584661.2966059507,-0.003725662495357035,0.0,2584661.2966059507,0.0,194169.43907829793,0.0,0.0,0,0,0,0.0,1
2025-09-16 00:00:00,2584661.2966059507,2623038.8689421727,0.014848201730190944,0.0,2623038.8689421727,0.0,232547.01141451998,0.0,0.0,0,0,0,0.0,1
2025-09-17 00:00:00,2623038.8689421727,2594042.543611161,-0.011054477947063558,0.0,2594042.543611161,0.0,203550.6860835082,0.0,0.0,0,0,0,0.0,1
2025-09-18 00:00:00,2594042.543611161,2603992.2524557537,0.003835599716395486,0.0,2603992.2524557537,0.0,213500.39492810098,0.0,0.0,0,0,0,0.0,1
2025-09-19 00:00:00,2603992.2524557537,2595179.6841773125,-0.003384252879450895,0.0,2595179.6841773125,0.0,204687.82664965978,0.0,0.0,0,0,0,0.0,1
2025-09-22 00:00:00,2595179.6841773125,2595730.2198953633,0.0002121378035622641,0.0,2595730.2198953633,0.0,-16923.113737267442,0.0,0.0,0,2710.107597251876,2710.107597251876,0.0,5
2025-09-23 00:00:00,2595730.2198953633,2580609.9933669847,-0.005825037753341016,0.0,2580609.9933669847,0.0,-25606.169929915108,0.0,0.0,0,0,0,0.0,5
2025-09-24 00:00:00,2580609.9933669847,2584643.0913229208,0.0015628467557292605,0.0,2584643.0913229208,0.0,4940.901869893132,0.0,0.0,0,0,0,0.0,5
2025-09-25 00:00:00,2584643.0913229208,2554151.935720718,-0.011797046835815228,0.0,2554151.935720718,0.0,-31307.882689721766,0.0,0.0,0,0,0,0.0,5
2025-09-26 00:00:00,2554151.935720718,2518582.8021240053,-0.013926005379423914,0.0,2518582.8021240053,0.0,-35269.94816750317,0.0,0.0,0,0,0,0.0,5
2025-09-29 00:00:00,2518582.8021240053,2582379.917932095,0.025330561200643267,0.0,2582379.917932095,0.0,59322.38958944293,0.0,0.0,0,0,0,0.0,5
2025-09-30 00:00:00,2582379.917932095,2580031.170767829,-0.0009095281247954413,0.0,2580031.170767829,0.0,-2213.0456956190756,0.0,0.0,0,0,0,0.0,5
2025-10-01 00:00:00,2580031.170767829,2587622.704782037,0.0029424194948578734,0.0,2587622.704782037,0.0,5345.325492712553,0.0,0.0,0,0,0,0.0,5
2025-10-03 00:00:00,2587622.704782037,2594359.100963315,0.00260331468294384,0.0,2594359.100963315,0.0,1461.6832455307012,0.0,0.0,0,0,0,0.0,5
2025-10-06 00:00:00,2594359.100963315,2662653.453975996,0.026324171155536077,0.0,2662653.453975996,0.0,55362.87261833041,0.0,0.0,0,0,0,0.0,5
2025-10-07 00:00:00,2662653.453975996,2663141.8071911773,0.00018340847715350917,0.0,2663141.8071911773,0.0,-6137.9140786331845,0.0,0.0,0,0,0,0.0,5
2025-10-08 00:00:00,2663141.8071911773,2644705.1703580148,-0.006922889642368569,0.0,2644705.1703580148,0.0,-14316.279024103016,0.0,0.0,0,0,0,0.0,5
2025-10-09 00:00:00,2644705.1703580148,2645246.503755879,0.00020468572600517267,0.0,2645246.503755879,0.0,-6884.847015702631,0.0,0.0,0,0,0,0.0,5
2025-10-10 00:00:00,2645246.503755879,2638286.638920321,-0.002631083653518098,0.0,2638286.638920321,0.0,-5320.888061138219,0.0,0.0,0,0,0,0.0,5
2025-10-13 00:00:00,2638286.638920321,2666959.2803568263,0.010867902302017864,0.0,2666959.2803568263,0.0,33657.75995964289,0.0,0.0,0,0,0,0.0,5
2025-10-14 00:00:00,2666959.2803568263,2645953.0247045737,-0.007876481582216752,0.0,2645953.0247045737,0.0,-28113.890195944812,0.0,0.0,0,0,0,0.0,5
2025-10-15 00:00:00,2645953.0247045737,2660563.6097816797,0.005521861099078781,0.0,2660563.6097816797,0.0,10792.675952009624,0.0,0.0,0,0,0,0.0,5
2025-10-16 00:00:00,2660563.6097816797,2647968.3477901346,-0.004734057830919004,0.0,2647968.3477901346,0.0,-24444.04303430213,0.0,0.0,0,0,0,0.0,5
2025-10-17 00:00:00,2647968.3477901346,2679475.8426134875,0.011898742992773128,0.0,2679475.8426134875,0.0,28880.580977142265,0.0,0.0,0,0,0,0.0,5
2025-10-20 00:00:00,2679475.8426134875,2702036.024712619,0.00841962511486083,0.0,2702036.024712619,0.0,19743.069073893363,0.0,0.0,0,0,0,0.0,5
2025-10-21 00:00:00,2702036.024712619,2705296.0493372376,0.001206506721154996,0.0,2705296.0493372376,0.0,-9100.877861244313,0.0,0.0,0,0,0,0.0,5
2025-10-23 00:00:00,2705296.0493372376,2636480.456076597,-0.025437361385087474,0.0,2636480.456076597,0.0,-77258.0437370984,0.0,0.0,0,0,0,0.0,5
2025-10-24 00:00:00,2636480.456076597,2618664.527194995,-0.006757466697900034,472285.0643020607,2146379.462892934,-50245.6024244655,-25645.312049725908,0.0,0.0,0,489.90171193281645,489.90171193281645,0.0,4
2025-10-27 00:00:00,2618664.527194995,2647026.2296155477,0.010830597858570531,472285.0643020607,2174741.165313487,0.0,19477.975082443852,0.0,0.0,0,0,0,0.0,4
2025-10-28 00:00:00,2647026.2296155477,2663050.0267451145,0.006053509009577917,472285.0643020607,2190764.9624430537,0.0,4607.347952007607,0.0,0.0,0,0,0,0.0,4
2025-10-29 00:00:00,2663050.0267451145,2664877.5189439473,0.0006862402810608978,472285.0643020607,2192592.4546418865,0.0,-2780.4609873264562,0.0,0.0,0,0,0,0.0,4
2025-10-30 00:00:00,2664877.5189439473,2673052.0928605516,0.003067523313358035,472285.0643020607,2200767.028558491,0.0,9378.700135400752,0.0,0.0,0,0,0,0.0,4
2025-10-31 00:00:00,2673052.0928605516,2655073.923711377,-0.006725708487759069,472285.0643020607,2182788.8594093164,0.0,-21915.234326166275,0.0,0.0,0,0,0,0.0,4
2025-11-03 00:00:00,2655073.923711377,2685661.5545592504,0.011520444148355935,472285.0643020607,2213376.4902571896,0.0,24786.00759519695,0.0,0.0,0,0,0,0.0,4
2025-11-04 00:00:00,2685661.5545592504,2680983.2225740068,-0.0017419663238286804,472285.0643020607,2208698.158271946,0.0,-9729.144991079462,0.0,0.0,0,0,0,0.0,4
2025-11-06 00:00:00,2680983.2225740068,2622378.0629436504,-0.021859577164414203,989558.5953494229,1632819.4675942273,-5257.135679163893,-45486.69783302123,0.0,0.0,0,536.5682879938788,536.5682879938788,0.0,3
2025-11-07 00:00:00,2622378.0629436504,2639121.878152284,0.006384973793533912,1463918.0389355118,1175203.839216772,-48171.22314043724,32510.099348132848,0.0,0.0,0,492.05346738573377,492.05346738573377,0.0,2
2025-11-10 00:00:00,2639121.878152284,2615849.5864826697,-0.008818195120987618,1463918.0389355118,1151931.5475471579,0.0,-24727.073170761694,0.0,0.0,0,0,0,0.0,2
2025-11-11 00:00:00,2615849.5864826697,2605025.504118006,-0.004137884081942871,1463918.0389355118,1141107.4651824944,0.0,-13103.15160612634,0.0,0.0,0,0,0,0.0,2
2025-11-12 00:00:00,2605025.504118006,2595865.9834561413,-0.003516096348149217,1463918.0389355118,1131947.9445206292,0.0,-18608.826709245564,0.0,0.0,0,0,0,0.0,2
2025-11-13 00:00:00,2595865.9834561413,2590856.817901853,-0.001929670324359001,1463918.0389355118,1126938.7789663412,0.0,-2978.5413521190058,0.0,0.0,0,0,0,0.0,2
2025-11-14 00:00:00,2590856.817901853,2587940.4701278694,-0.0011256306229787516,1985288.0486304774,602652.4214973922,-1160.6570315606623,2091.2692190331873,0.0,0.0,0,540.8175688923184,540.8175688923184,0.0,1
2025-11-17 00:00:00,2587940.4701278694,2594123.3747522817,0.002389121657078459,1985288.0486304774,608835.3261218042,0.0,4182.538438066491,0.0,0.0,0,0,0,0.0,1
2025-11-18 00:00:00,2594123.3747522817,2591031.950188254,-0.0011917029830252,1985288.0486304774,605743.9015577767,0.0,-5273.652312105522,0.0,0.0,0,0,0,0.0,1
2025-11-19 00:00:00,2591031.950188254,2586576.59165941,-0.0017195305247086484,1985288.0486304774,601288.5430289328,0.0,-3909.773843645933,0.0,0.0,0,0,0,0.0,1
2025-11-20 00:00:00,2586576.59165941,2581484.8009090372,-0.001968544355806633,1985288.0486304774,596196.7522785598,0.0,-7455.880060183583,0.0,0.0,0,0,0,0.0,1
2025-11-21 00:00:00,2581484.8009090372,2577484.0685363463,-0.001549779557594961,1985288.0486304774,592196.019905869,0.0,-2454.9923424985027,0.0,0.0,0,0,0,0.0,1
2025-11-24 00:00:00,2577484.0685363463,2575263.7730456195,-0.0008614196758110899,0.0,2575263.7730456195,0.0,-2220.2954907268286,0.0,0.0,0,0,0,0.0,5
2025-11-25 00:00:00,2575263.7730456195,2637781.2893414097,0.024276160349141346,0.0,2637781.2893414097,0.0,51440.92201244162,0.0,0.0,0,0,0,0.0,5
2025-11-26 00:00:00,2637781.2893414097,2615952.626736439,-0.008275387611996044,0.0,2615952.626736439,0.0,-33436.10874404613,0.0,0.0,0,0,0,0.0,5
2025-11-27 00:00:00,2615952.626736439,2640749.441477019,0.009479076374374404,0.0,2640749.441477019,0.0,14341.44425560988,0.0,0.0,0,0,0,0.0,5
2025-11-28 00:00:00,2640749.441477019,2655928.8626529416,0.005748148967678134,0.0,2655928.8626529416,0.0,5564.523102679814,0.0,0.0,0,0,0,0.0,5
2025-12-01 00:00:00,2655928.8626529416,2650116.210362568,-0.002188557220831382,0.0,2650116.210362568,0.0,-15675.433320913988,0.0,0.0,0,0,0,0.0,5
2025-12-02 00:00:00,2650116.210362568,2655356.084892673,0.00197722443627785,0.0,2655356.084892673,0.0,3793.5360348150134,0.0,0.0,0,0,0,0.0,5
2025-12-03 00:00:00,2655356.084892673,2621148.9295872767,-0.012882323203284776,0.0,2621148.9295872767,0.0,-38125.35181720753,0.0,0.0,0,0,0,0.0,5
2025-12-04 00:00:00,2621148.9295872767,2606655.699523425,-0.0055293424575205445,0.0,2606655.699523425,0.0,-11516.601632939652,0.0,0.0,0,0,0,0.0,5
2025-12-05 00:00:00,2606655.699523425,2655925.1357892873,0.018901397785242604,0.0,2655925.1357892873,0.0,50568.951095819706,0.0,0.0,0,0,0,0.0,5
2025-12-08 00:00:00,2655925.1357892873,2612847.0754225454,-0.01621960641369506,0.0,2612847.0754225454,0.0,-47399.45859242091,0.0,0.0,0,0,0,0.0,5
2025-12-09 00:00:00,2612847.0754225454,2641008.1324590608,0.010777920109220768,0.0,2641008.1324590608,0.0,34896.34130497201,0.0,0.0,0,0,0,0.0,5
2025-12-10 00:00:00,2641008.1324590608,2637266.3536981205,-0.0014167994088894783,0.0,2637266.3536981205,0.0,-12039.044860087452,0.0,0.0,0,0,0,0.0,5
2025-12-11 00:00:00,2637266.3536981205,2616404.641391757,-0.007910354703881186,0.0,2616404.641391757,0.0,-25404.97342690837,0.0,0.0,0,0,0,0.0,5
2025-12-12 00:00:00,2616404.641391757,2658483.0242968663,0.016082521120558156,0.0,2658483.0242968663,0.0,28484.399414462154,0.0,0.0,0,0,0,0.0,5
2025-12-15 00:00:00,2658483.0242968663,2640087.277367138,-0.006919640547486234,0.0,2640087.277367138,0.0,-13613.118858515809,0.0,0.0,0,0,0,0.0,5
2025-12-16 00:00:00,2640087.277367138,2616759.401619211,-0.008836024455672933,0.0,2616759.401619211,0.0,-23637.873437779315,0.0,0.0,0,0,0,0.0,5
2025-12-17 00:00:00,2616759.401619211,2614850.839073807,-0.0007293611113894723,0.0,2614850.839073807,0.0,-6094.99951780925,0.0,0.0,0,0,0,0.0,5
2025-12-18 00:00:00,2614850.839073807,2592059.2581107565,-0.008716206914166993,0.0,2592059.2581107565,0.0,-28301.871553680743,0.0,0.0,0,0,0,0.0,5
2025-12-19 00:00:00,2592059.2581107565,2604367.72102804,0.004748526824288256,434579.94680712186,2169787.7742209183,-61742.06535049741,5242.717130649777,0.0,0.0,0,450.7901604449539,450.7901604449539,0.0,4
2025-12-22 00:00:00,2604367.72102804,2611971.282140221,0.0029195420641979896,434579.94680712186,2177391.335333099,0.0,1072.6645900949952,0.0,0.0,0,0,0,0.0,4
2025-12-23 00:00:00,2611971.282140221,2613799.237016646,0.0006998372795765978,0.0,2613799.237016646,0.0,-7371.125886566879,0.0,0.0,0,0,0,0.0,5
2025-12-24 00:00:00,2613799.237016646,2619796.9759135777,0.002294644061407431,0.0,2619796.9759135777,0.0,-1030.6638261801563,0.0,0.0,0,0,0,0.0,5
2025-12-26 00:00:00,2619796.9759135777,2635346.279309435,0.005935308552081498,0.0,2635346.279309435,0.0,6994.897359751572,0.0,0.0,0,0,0,0.0,5
2025-12-29 00:00:00,2635346.279309435,2616331.8786009387,-0.007215143170285247,0.0,2616331.8786009387,0.0,-28541.979302086518,0.0,0.0,0,0,0,0.0,5
2025-12-30 00:00:00,2616331.8786009387,2672836.7615569187,0.021596986000948597,0.0,2672836.7615569187,0.0,67586.00245066389,0.0,0.0,0,0,0,0.0,5
2025-12-31 00:00:00,2672836.7615569187,2707417.695538424,0.01293791468258688,0.0,2707417.695538424,0.0,31402.775423021463,0.0,0.0,0,0,0,0.0,5
2026-01-02 00:00:00,2707417.695538424,2745365.24641944,0.014016142002599064,0.0,2745365.24641944,0.0,16237.352718704322,0.0,0.0,0,0,0,0.0,5
2026-01-05 00:00:00,2745365.24641944,2762271.4608554933,0.006158092974369337,0.0,2762271.4608554933,0.0,8219.986774224555,0.0,0.0,0,0,0,0.0,5
2026-01-06 00:00:00,2762271.4608554933,2781031.6590034654,0.006791583815647851,0.0,2781031.6590034654,0.0,789.4816044791951,0.0,0.0,0,0,0,0.0,5
2026-01-07 00:00:00,2781031.6590034654,2780897.85504633,-4.811306505707415e-05,0.0,2780897.85504633,0.0,-8889.401433152554,0.0,0.0,0,0,0,0.0,5
2026-01-08 00:00:00,2780897.85504633,2713374.907293075,-0.024280988109910227,0.0,2713374.907293075,0.0,-60319.954649629944,0.0,0.0,0,0,0,0.0,5
2026-01-09 00:00:00,2713374.907293075,2709276.9245322463,-0.0015102899160061743,0.0,2709276.9245322463,0.0,5626.970127936336,0.0,0.0,0,0,0,0.0,5
2026-01-12 00:00:00,2709276.9245322463,2718942.19275427,0.0035674715030071837,0.0,2718942.19275427,0.0,3310.0074070555856,0.0,0.0,0,0,0,0.0,5
2026-01-13 00:00:00,2718942.19275427,2714234.7846595263,-0.001731338057605101,0.0,2714234.7846595263,0.0,-18051.15029830241,0.0,0.0,0,0,0,0.0,5
2026-01-14 00:00:00,2714234.7846595263,2776588.2652590172,0.02297276600827019,0.0,2776588.2652590172,0.0,61620.3889945331,0.0,0.0,0,0,0,0.0,5
2026-01-16 00:00:00,2776588.2652590172,2776708.0973603176,4.315803779757749e-05,0.0,2776708.0973603176,0.0,8822.64070435235,0.0,0.0,0,0,0,0.0,5
2026-01-19 00:00:00,2776708.0973603176,2792408.7960468316,0.005654428962641031,0.0,2792408.7960468316,0.0,32155.60440324759,0.0,0.0,0,0,0,0.0,5
2026-01-20 00:00:00,2792408.7960468316,2743706.914263229,-0.017440813770730573,0.0,2743706.914263229,0.0,-51132.758437208075,0.0,0.0,0,0,0,0.0,5
2026-01-21 00:00:00,2743706.914263229,2696423.889260194,-0.017233263785294668,0.0,2696423.889260194,0.0,-35238.107379214605,0.0,0.0,0,0,0,0.0,5
2026-01-22 00:00:00,2696423.889260194,2733482.292292567,0.01374353757210656,0.0,2733482.292292567,0.0,5454.593526241661,0.0,0.0,0,0,0,0.0,5
2026-01-23 00:00:00,2733482.292292567,2713084.1001337385,-0.007462346551994877,0.0,2713084.1001337385,0.0,-39675.56839103188,0.0,0.0,0,0,0,0.0,5
2026-01-27 00:00:00,2713084.1001337385,2741738.7779880194,0.01056166222523969,0.0,2741738.7779880194,0.0,15537.87242872268,0.0,0.0,0,2827.890593322044,2827.890593322044,0.0,1
2026-01-28 00:00:00,2741738.7779880194,2832886.9498114283,0.03324465939468403,0.0,2832886.9498114283,0.0,106686.0442521316,0.0,0.0,0,0,0,0.0,1
2026-01-29 00:00:00,2832886.9498114283,3056272.264121249,0.07885429890687669,0.0,3056272.264121249,0.0,330071.35856195213,0.0,0.0,0,0,0,0.0,1
2026-01-30 00:00:00,3056272.264121249,2734855.713415824,-0.10516620344288596,0.0,2734855.713415824,0.0,8654.807856527157,0.0,0.0,0,0,0,0.0,1
2026-02-02 00:00:00,2734855.713415824,2475177.963615126,-0.0949511700112184,0.0,2475177.963615126,0.0,-251022.94194417074,0.0,0.0,0,0,0,0.0,1
2026-02-03 00:00:00,2475177.963615126,2611378.4298689375,0.05502653476071015,0.0,2611378.4298689375,0.0,-114822.47569035925,0.0,0.0,0,0,0,0.0,1
2026-02-04 00:00:00,2611378.4298689375,2703152.3059023125,0.035143843949871745,0.0,2703152.3059023125,0.0,-23048.59965698421,0.0,0.0,0,0,0,0.0,1
2026-02-05 00:00:00,2703152.3059023125,2611795.672096438,-0.033796332380679486,0.0,2611795.672096438,0.0,-114405.23346285895,0.0,0.0,0,0,0,0.0,1
2026-02-06 00:00:00,2611795.672096438,2608041.2877053567,-0.0014374724758110507,0.0,2608041.2877053567,0.0,-118159.61785394,0.0,0.0,0,0,0,0.0,1
2026-02-09 00:00:00,2608041.2877053567,2669362.846382584,0.023512495360524,0.0,2669362.846382584,0.0,-56838.05917671276,0.0,0.0,0,0,0,0.0,1
2026-02-10 00:00:00,2669362.846382584,2676871.4560334617,0.002812884603175302,0.0,2676871.4560334617,0.0,-49329.44952583499,0.0,0.0,0,0,0,0.0,1
2026-02-11 00:00:00,2676871.4560334617,2684380.2248156234,0.002805053924138739,0.0,2684380.2248156234,0.0,-41820.68074367335,0.0,0.0,0,0,0,0.0,1
2026-02-12 00:00:00,2684380.2248156234,2680625.9995558267,-0.0013985445225273834,0.0,2680625.9995558267,0.0,-45574.90600347007,0.0,0.0,0,0,0,0.0,1
2026-02-13 00:00:00,2680625.9995558267,2630150.3518243423,-0.01882979861414762,0.0,2630150.3518243423,0.0,-96050.55373495445,0.0,0.0,0,0,0,0.0,1
2026-02-16 00:00:00,2630150.3518243423,2647253.6231323145,0.006502773233518371,0.0,2647253.6231323145,0.0,-78947.28242698219,0.0,0.0,0,0,0,0.0,1
2026-02-17 00:00:00,2647253.6231323145,2598446.7851795466,-0.018436782001649756,0.0,2598446.7851795466,0.0,-127754.12037975015,0.0,0.0,0,0,0,0.0,1
2026-02-18 00:00:00,2598446.7851795466,2599698.193599479,0.0004815986331025707,0.0,2599698.193599479,0.0,-126502.71195981791,0.0,0.0,0,0,0,0.0,1
2026-02-19 00:00:00,2599698.193599479,2650799.386409645,0.019656586651473067,0.0,2650799.386409645,0.0,-75401.51914965175,0.0,0.0,0,0,0,0.0,1
2026-02-20 00:00:00,2650799.386409645,2660185.42695299,0.003540833980672394,0.0,2660185.42695299,0.0,-66015.47860630695,0.0,0.0,0,0,0,0.0,1
2026-02-23 00:00:00,2660185.42695299,2711495.240876906,0.019288059172133436,0.0,2711495.240876906,0.0,-14705.664682390634,0.0,0.0,0,0,0,0.0,1
2026-02-24 00:00:00,2711495.240876906,2736941.6062907563,0.009384624774639375,0.0,2736941.6062907563,0.0,10740.70073145954,0.0,0.0,0,0,0,0.0,1
2026-02-25 00:00:00,2736941.6062907563,2746744.729930317,0.003581780340884388,0.0,2746744.729930317,0.0,20543.82437102031,0.0,0.0,0,0,0,0.0,1
2026-02-26 00:00:00,2746744.729930317,2721506.8264989327,-0.009188295933137051,0.0,2721506.8264989327,0.0,-4694.079060364049,0.0,0.0,0,0,0,0.0,1
2026-02-27 00:00:00,2721506.8264989327,2744867.6173004187,0.008583770789779116,0.0,2744867.6173004187,0.0,18666.71174112195,0.0,0.0,0,0,0,0.0,1
2026-03-02 00:00:00,2744867.6173004187,2885031.089059061,0.05106383669478866,0.0,2885031.089059061,0.0,158830.18349976419,0.0,0.0,0,0,0,0.0,1
2026-03-04 00:00:00,2885031.089059061,2794091.697480687,-0.03152111321200127,0.0,2794091.697480687,0.0,67890.79192139022,0.0,0.0,0,0,0,0.0,1
2026-03-05 00:00:00,2794091.697480687,2758216.50421731,-0.01283966209688973,0.0,2758216.50421731,0.0,32015.598658013158,0.0,0.0,0,0,0,0.0,1
2026-03-06 00:00:00,2758216.50421731,2728598.6713161627,-0.010738037734116072,0.0,2728598.6713161627,0.0,2397.7657568659633,0.0,0.0,0,0,0,0.0,1
2026-03-09 00:00:00,2728598.6713161627,2739653.203375655,0.004051358734320682,0.0,2739653.203375655,0.0,13452.297816358507,0.0,0.0,0,0,0,0.0,1
2026-03-10 00:00:00,2739653.203375655,2757382.0197623093,0.006471189990327804,0.0,2757382.0197623093,0.0,31181.11420301255,0.0,0.0,0,0,0,0.0,1
2026-03-11 00:00:00,2757382.0197623093,2768019.62785687,0.0038578651845557086,0.0,2768019.62785687,0.0,41818.72229757346,0.0,0.0,0,0,0,0.0,1
2026-03-12 00:00:00,2768019.62785687,2762179.1914595724,-0.002109969285810199,0.0,2762179.1914595724,0.0,35978.28590027569,0.0,0.0,0,0,0,0.0,1
2026-03-13 00:00:00,2762179.1914595724,2718169.8434666363,-0.015932835975670724,0.0,2718169.8434666363,0.0,-8031.062092660461,0.0,0.0,0,0,0,0.0,1
2026-03-16 00:00:00,2718169.8434666363,2653510.983494544,-0.02378764525237658,0.0,2653510.983494544,0.0,-72689.92206475278,0.0,0.0,0,0,0,0.0,1
2026-03-17 00:00:00,2653510.983494544,2674368.6391935972,0.00786039923286272,0.0,2674368.6391935972,0.0,-51832.26636569947,0.0,0.0,0,0,0,0.0,1
2026-03-18 00:00:00,2674368.6391935972,2667902.8168489016,-0.0024177004807554594,0.0,2667902.8168489016,0.0,-58298.08871039515,0.0,0.0,0,0,0,0.0,1
2026-03-19 00:00:00,2667902.8168489016,2530450.7830438735,-0.05152062996334126,0.0,2530450.7830438735,0.0,-195750.12251542322,0.0,0.0,0,0,0,0.0,1
2026-03-20 00:00:00,2530450.7830438735,2525027.7480053604,-0.0021431102611645246,0.0,2525027.7480053604,0.0,-201173.15755393635,0.0,0.0,0,0,0,0.0,1
2026-03-23 00:00:00,2525027.7480053604,2309359.6644601673,-0.08541216377347123,0.0,2309359.6644601673,0.0,-416841.24109912943,0.0,0.0,0,0,0,0.0,1
2026-03-24 00:00:00,2309359.6644601673,2408850.612126886,0.0430816166047377,0.0,2408850.612126886,0.0,-317350.2934324108,0.0,0.0,0,0,0,0.0,1
2026-03-25 00:00:00,2408850.612126886,2488109.767435801,0.03290330870245777,0.0,2488109.767435801,0.0,-238091.1381234955,0.0,0.0,0,0,0,0.0,1
2026-03-27 00:00:00,2488109.767435801,2451400.2488487083,-0.014753978730176765,0.0,2451400.2488487083,0.0,-274800.6567105884,0.0,0.0,0,0,0,0.0,1
2026-03-30 00:00:00,2451400.2488487083,2527739.3450902593,0.03114101676272709,0.0,2527739.3450902593,0.0,-198461.5604690374,0.0,0.0,0,0,0,0.0,1
2026-04-01 00:00:00,2527739.3450902593,2573209.0408794465,0.017988285017403013,0.0,2573209.0408794465,0.0,-152991.86467985017,0.0,0.0,0,0,0,0.0,1
2026-04-02 00:00:00,2573209.0408794465,2515016.162383334,-0.022614905191000016,0.0,2515016.162383334,0.0,-211184.74317596294,0.0,0.0,0,0,0,0.0,1
2026-04-06 00:00:00,2515016.162383334,2561528.645478703,0.018493910214593668,0.0,2561528.645478703,0.0,-164672.26008059364,0.0,0.0,0,0,0,0.0,1
2026-04-07 00:00:00,2561528.645478703,2540045.285569684,-0.008386929401292766,0.0,2540045.285569684,0.0,-186155.6199896126,0.0,0.0,0,0,0,0.0,1
2026-04-08 00:00:00,2540045.285569684,2594483.7796747154,0.02143209588203138,0.0,2594483.7796747154,0.0,-131717.12588458136,0.0,0.0,0,0,0,0.0,1
2026-04-09 00:00:00,2594483.7796747154,2569871.7395845815,-0.009486295610304276,0.0,2569871.7395845815,0.0,-156329.16597471526,0.0,0.0,0,0,0,0.0,1
2026-04-10 00:00:00,2569871.7395845815,2575711.8577193106,0.0022725329224691777,0.0,2575711.8577193106,0.0,-150489.04783998616,0.0,0.0,0,0,0,0.0,1
2026-04-13 00:00:00,2575711.8577193106,2581343.5138715743,0.002186446490660782,0.0,2581343.5138715743,0.0,-144857.3916877224,0.0,0.0,0,0,0,0.0,1
2026-04-15 00:00:00,2581343.5138715743,2608458.3708015727,0.01050416451134422,0.0,2608458.3708015727,0.0,-117742.53475772403,0.0,0.0,0,0,0,0.0,1
2026-04-16 00:00:00,2608458.3708015727,2619930.1450885655,0.0043979135014785,0.0,2619930.1450885655,0.0,-106270.76047073118,0.0,0.0,0,0,0,0.0,1
2026-04-17 00:00:00,2619930.1450885655,2603035.4948943434,-0.006448511700166339,0.0,2603035.4948943434,0.0,-123165.41066495329,0.0,0.0,0,0,0,0.0,1
2026-04-20 00:00:00,2603035.4948943434,2604138.866676447,0.0004238788845821478,0.0,2604138.866676447,0.0,-4116.934063753753,0.0,0.0,0,2705.5460325209106,2705.5460325209106,0.0,5
2026-04-21 00:00:00,2604138.866676447,2595012.266031903,-0.003504652060353319,0.0,2595012.266031903,0.0,-24336.635261464457,0.0,0.0,0,0,0,0.0,5
2026-04-22 00:00:00,2595012.266031903,2656598.032990234,0.023732360638319086,0.0,2656598.032990234,0.0,59810.77433794242,0.0,0.0,0,0,0,0.0,5
2026-04-23 00:00:00,2656598.032990234,2678526.242526698,0.0082542444374928,0.0,2678526.242526698,0.0,16206.52702271752,0.0,0.0,0,0,0,0.0,5
2026-04-24 00:00:00,2678526.242526698,2683554.4740223438,0.0018772380930278342,0.0,2683554.4740223438,0.0,-635.1627504733042,0.0,0.0,0,0,0,0.0,5
2026-04-27 00:00:00,2683554.4740223438,2713092.3245441574,0.011006987489074416,0.0,2713092.3245441574,0.0,4625.622686847055,0.0,0.0,0,0,0,0.0,5
2026-04-28 00:00:00,2713092.3245441574,2722891.5431103264,0.0036118264304977,0.0,2722891.5431103264,0.0,5354.7219897537725,0.0,0.0,0,0,0,0.0,5
2026-04-29 00:00:00,2722891.5431103264,2699122.4851209763,-0.008729344380055236,0.0,2699122.4851209763,0.0,-35034.79442152055,0.0,0.0,0,0,0,0.0,5
2026-04-30 00:00:00,2699122.4851209763,2642446.761271127,-0.02099783324479588,0.0,2642446.761271127,0.0,-47039.80010319635,0.0,0.0,0,0,0,0.0,5
2026-05-04 00:00:00,2642446.761271127,2674147.0168011584,0.011996554100784325,0.0,2674147.0168011584,0.0,16708.637876627792,0.0,0.0,0,0,0,0.0,5
2026-05-05 00:00:00,2674147.0168011584,2691852.6706005544,0.006621047267840827,0.0,2691852.6706005544,0.0,14175.983992334164,0.0,0.0,0,0,0,0.0,5
2026-05-06 00:00:00,2691852.6706005544,2702574.8820861056,0.003983208889050778,0.0,2702574.8820861056,0.0,-22989.853340006608,0.0,0.0,0,0,0,0.0,5
2026-05-07 00:00:00,2702574.8820861056,2751888.452658872,0.018246884073273687,0.0,2751888.452658872,0.0,31452.25927145779,0.0,0.0,0,0,0,0.0,5
2026-05-08 00:00:00,2751888.452658872,2722145.8425421524,-0.010808072575755188,0.0,2722145.8425421524,0.0,-37893.31394596654,0.0,0.0,0,0,0,0.0,5
2026-05-11 00:00:00,2722145.8425421524,2665615.2606184143,-0.02076691889180539,0.0,2665615.2606184143,0.0,-49379.98370130191,0.0,0.0,0,0,0,0.0,5
2026-05-12 00:00:00,2665615.2606184143,2599549.475455522,-0.024784441377922312,0.0,2599549.475455522,0.0,-82835.8622461388,0.0,0.0,0,0,0,0.0,5
2026-05-13 00:00:00,2599549.475455522,2670210.230207042,0.027181923413532184,0.0,2670210.230207042,0.0,55144.627025792375,0.0,0.0,0,0,0,0.0,5
2026-05-14 00:00:00,2670210.230207042,2732117.4334362037,0.02318439294735298,0.0,2732117.4334362037,0.0,35756.44959532091,0.0,0.0,0,0,0,0.0,5
2026-05-15 00:00:00,2732117.4334362037,2678254.025492985,-0.019714894859213482,0.0,2678254.025492985,0.0,-63072.13477439387,0.0,0.0,0,0,0,0.0,5
2026-05-18 00:00:00,2678254.025492985,2680230.6884930055,0.0007380416425050723,0.0,2680230.6884930055,0.0,563.6772281682934,0.0,0.0,0,0,0,0.0,5
2026-05-19 00:00:00,2680230.6884930055,2657517.051743975,-0.008474508125941053,0.0,2657517.051743975,0.0,-29905.45730295783,0.0,0.0,0,0,0,0.0,5
2026-05-20 00:00:00,2657517.051743975,2702562.0681926524,0.016950038540342414,0.0,2702562.0681926524,0.0,48185.11614712054,0.0,0.0,0,0,0,0.0,5
2026-05-21 00:00:00,2702562.0681926524,2716243.3463135776,0.005062336322242022,0.0,2716243.3463135776,0.0,-16469.694490069756,0.0,0.0,0,0,0,0.0,5
2026-05-22 00:00:00,2716243.3463135776,2716955.2595222723,0.0002620947823621381,0.0,2716955.2595222723,0.0,-7944.693154544744,0.0,0.0,0,0,0,0.0,5
2026-05-25 00:00:00,2716955.2595222723,2739668.4470936516,0.008359794476473293,0.0,2739668.4470936516,0.0,-8913.340675384272,0.0,0.0,0,0,0,0.0,5
2026-05-26 00:00:00,2739668.4470936516,2807363.850070999,0.024709341398285376,0.0,2807363.850070999,0.0,60503.66067562136,0.0,0.0,0,0,0,0.0,5
2026-05-27 00:00:00,2807363.850070999,2931215.681142516,0.044116772063010186,0.0,2931215.681142516,0.0,105775.37040806853,0.0,0.0,0,0,0,0.0,5
2026-05-29 00:00:00,2931215.681142516,2882651.797527127,-0.0165678301763383,0.0,2882651.797527127,0.0,-75042.26387600362,0.0,0.0,0,0,0,0.0,5
2026-06-01 00:00:00,2882651.797527127,2797027.3910199874,-0.02970334696011227,0.0,2797027.3910199874,0.0,-99795.73543592781,0.0,0.0,0,0,0,0.0,5
2026-06-02 00:00:00,2797027.3910199874,2818547.2138787624,0.007693819133793836,0.0,2818547.2138787624,0.0,24247.130240277445,0.0,0.0,0,0,0,0.0,5
2026-06-03 00:00:00,2818547.2138787624,2833316.008909699,0.005239860790060147,0.0,2833316.008909699,0.0,-546.4493499141536,0.0,0.0,0,0,0,0.0,5
2026-06-04 00:00:00,2833316.008909699,2820275.6990323104,-0.004602490451605765,0.0,2820275.6990323104,0.0,-22192.997477125202,0.0,0.0,0,0,0,0.0,5
2026-06-05 00:00:00,2820275.6990323104,2788314.55895326,-0.011332629675182747,0.0,2788314.55895326,0.0,-36340.7930857219,0.0,0.0,0,0,0,0.0,5
2026-06-08 00:00:00,2788314.55895326,2672998.321255926,-0.041356968612832556,0.0,2672998.321255926,0.0,-51146.02414191363,0.0,0.0,0,0,0,0.0,5
2026-06-09 00:00:00,2672998.321255926,2717907.3319242247,0.01680098723264364,0.0,2717907.3319242247,0.0,21583.417778290634,0.0,0.0,0,0,0,0.0,5
2026-06-10 00:00:00,2717907.3319242247,2676036.6968156626,-0.015405468250059359,0.0,2676036.6968156626,0.0,-47660.79468701035,0.0,0.0,0,0,0,0.0,5
2026-06-11 00:00:00,2676036.6968156626,2623833.2264814842,-0.019507755777900048,0.0,2623833.2264814842,0.0,-26941.071482312516,0.0,0.0,0,0,0,0.0,5
2026-06-12 00:00:00,2623833.2264814842,2693570.7836014056,0.026578502176160868,0.0,2693570.7836014056,0.0,18057.122085297422,0.0,0.0,0,0,0,0.0,5
2026-06-15 00:00:00,2693570.7836014056,2695293.381743072,0.0006395221362489399,0.0,2695293.381743072,0.0,-40361.60415785364,0.0,0.0,0,0,0,0.0,5
2026-06-16 00:00:00,2695293.381743072,2683106.384629707,-0.004521584624484837,0.0,2683106.384629707,0.0,-11825.269453147019,0.0,0.0,0,0,0,0.0,5
2026-06-17 00:00:00,2683106.384629707,2730648.5067550763,0.017719059668195283,0.0,2730648.5067550763,0.0,38570.98366939492,0.0,0.0,0,0,0,0.0,5
2026-06-18 00:00:00,2730648.5067550763,2764318.748679951,0.012330492863355011,0.0,2764318.748679951,0.0,31683.721595268347,0.0,0.0,0,0,0,0.0,5
2026-06-19 00:00:00,2764318.748679951,2814969.7884151824,0.018323154578110436,0.0,2814969.7884151824,0.0,53362.07015369262,0.0,0.0,0,0,0,0.0,5
2026-06-22 00:00:00,2814969.7884151824,2807206.8786807717,-0.0027577239963137187,0.0,2807206.8786807717,0.0,-2656.530393566063,0.0,0.0,0,0,0,0.0,5
2026-06-23 00:00:00,2807206.8786807717,2749840.638501619,-0.02043534468899263,0.0,2749840.638501619,0.0,-58655.76218827942,0.0,0.0,0,0,0,0.0,5
2026-06-24 00:00:00,2749840.638501619,2676945.9908688418,-0.02650868076213221,0.0,2676945.9908688418,0.0,-57989.27496440947,0.0,0.0,0,0,0,0.0,5
2026-06-25 00:00:00,2676945.9908688418,2644122.043925807,-0.01226171430241721,558870.4760683534,2085251.5678574536,37219.315920313275,-27738.604598732723,0.0,0.0,0,579.7168355920837,579.7168355920837,0.0,4
2026-06-29 00:00:00,2644122.043925807,2633732.218892578,-0.003929404490650046,962419.2138740013,1671313.0050185765,-118102.4223423922,-11645.271038032137,0.0,0.0,0,418.60146009798683,418.60146009798683,0.0,3
2026-06-30 00:00:00,2633732.218892578,2623863.351390574,-0.0037471036087919117,1417095.4339923677,1206767.9173982064,-66974.94002967374,-15550.68959731888,0.0,0.0,0,471.6360423980443,471.6360423980443,0.0,2
2026-07-01 00:00:00,2623863.351390574,2625922.9149545217,0.0007849355275517892,1417095.4339923677,1208827.4809621538,0.0,-2074.8186662155204,0.0,0.0,0,0,0,0.0,2
2026-07-02 00:00:00,2625922.9149545217,2610726.2469256017,-0.005787172175685571,1417095.4339923677,1193630.812933234,0.0,-9497.384655193076,0.0,0.0,0,0,0,0.0,2
2026-07-03 00:00:00,2610726.2469256017,2550699.3849765686,-0.02299239991926419,1417095.4339923677,1133603.9509842012,0.0,-32958.132887333515,0.0,0.0,0,0,0,0.0,2
2026-07-06 00:00:00,2550699.3849765686,2551243.4726174218,0.00021330919827627245,1974170.583947902,577072.8886695197,35423.989807494436,-7743.294124298729,0.0,0.0,0,577.8545422387097,577.8545422387097,0.0,1
2026-07-07 00:00:00,2551243.4726174218,2546571.2460589497,-0.0018313526751245765,1974170.583947902,572400.6621110477,0.0,-6325.853677298874,0.0,0.0,0,0,0,0.0,1
2026-07-08 00:00:00,2546571.2460589497,2542397.707011232,-0.0016388856405162484,1974170.583947902,568227.1230633301,0.0,-3727.2796111402567,0.0,0.0,0,0,0,0.0,1
2026-07-09 00:00:00,2542397.707011232,2541977.761741755,-0.0001651768597489664,1974170.583947902,567807.177793853,0.0,-4409.725719544687,0.0,0.0,0,0,0,0.0,1
2026-07-10 00:00:00,2541977.761741755,2547568.6611324633,0.0021994289150969295,1974170.583947902,573398.077184561,0.0,-131.25041946361307,0.0,0.0,0,0,0,0.0,1
2026-07-13 00:00:00,2547568.6611324633,2539720.3907037964,-0.003080690443561225,1974170.583947902,565549.8067558942,0.0,-4304.749415176571,0.0,0.0,0,0,0,0.0,1
2026-07-14 00:00:00,2539720.3907037964,2567832.492295905,0.011068975031664137,1974170.583947902,593661.9083480032,0.0,25775.98831287294,0.0,0.0,0,0,0,0.0,1
2026-07-15 00:00:00,2567832.492295905,2548434.8658385174,-0.007554085601605624,1974170.583947902,574264.2818906155,0.0,-8452.014347798657,0.0,0.0,0,0,0,0.0,1
2026-07-16 00:00:00,2548434.8658385174,2548434.8658385174,0.0,1974170.583947902,574264.2818906155,0.0,-8452.014347798657,0.0,0.0,0,0,0,0.0,1
2026-07-17 00:00:00,2548434.8658385174,2537069.268407447,-0.004459834380476107,1974170.583947902,562898.6844595446,0.0,-6693.370872598956,0.0,0.0,0,0,0,0.0,1
2026-07-20 00:00:00,2537069.268407447,2551374.6829848806,0.0056385589292221195,1974170.583947902,577204.0990369786,0.0,10893.103931402671,0.0,0.0,0,0,0,0.0,1
2026-07-21 00:00:00,2551374.6829848806,2552608.3648342304,0.00048353613351154607,1974170.583947902,578437.7808863284,0.0,209.9926607409725,0.0,0.0,0,0,0,0.0,1
2026-07-22 00:00:00,2552608.3648342304,2518250.5768655287,-0.013459874394375779,0.0,2518250.5768655287,0.0,-34357.78796870186,0.0,0.0,0,0,0,0.0,5
2026-07-23 00:00:00,2518250.5768655287,2470682.0891430518,-0.018889497399295956,0.0,2470682.0891430518,0.0,-46413.57132499339,0.0,0.0,0,0,0,0.0,5
2026-07-24 00:00:00,2470682.0891430518,2513681.710105983,0.01740394733579244,556468.0594232128,1957213.6506827704,34816.89927517266,54459.60293516697,0.0,0.0,0,577.224806696422,577.224806696422,0.0,4
2026-07-27 00:00:00,2513681.710105983,2493153.520255657,-0.00816658281269057,556468.0594232128,1936685.4608324443,0.0,-31734.892397844407,0.0,0.0,0,0,0,0.0,4
2026-07-28 00:00:00,2493153.520255657,2467682.8417319306,-0.010216249547727185,556468.0594232128,1911214.782308718,0.0,-46297.871417655784,0.0,0.0,0,0,0,0.0,4
2026-07-29 00:00:00,2467682.8417319306,2452369.7928423663,-0.006205436383719783,556468.0594232128,1895901.7334191534,0.0,-13040.87245063344,0.0,0.0,0,0,0,0.0,4
2026-07-30 00:00:00,2452369.7928423663,2460303.561494636,0.0032351436864968696,556468.0594232128,1903835.502071423,0.0,-17971.6708675485,0.0,0.0,0,0,0,0.0,4
2026-07-31 00:00:00,2460303.561494636,2488643.6784745217,0.011518951329188504,556468.0594232128,1932175.6190513088,0.0,13894.73815361812,0.0,0.0,0,0,0,0.0,4
2026-08-03 00:00:00,2488643.6784745217,2538399.5541690905,0.01999316982376034,556468.0594232128,1981931.4947458778,0.0,22555.18764050264,0.0,0.0,0,0,0,0.0,4
2026-08-04 00:00:00,2538399.5541690905,2555494.1540814387,0.006734400770072575,556468.0594232128,1999026.0946582258,0.0,19024.728746293404,0.0,0.0,0,0,0,0.0,4
2026-08-05 00:00:00,2555494.1540814387,2570357.6225938844,0.00581627959849053,556468.0594232128,2013889.5631706717,0.0,-13596.029685945017,0.0,0.0,0,0,0,0.0,4
2026-08-06 00:00:00,2570357.6225938844,2565934.001412123,-0.0017210138942834225,556468.0594232128,2009465.94198891,0.0,-5477.7959919851855,0.0,0.0,0,0,0,0.0,4
2026-08-07 00:00:00,2565934.001412123,2604924.7324501434,0.015195531536104397,556468.0594232128,2048456.6730269308,0.0,30057.844686495897,0.0,0.0,0,0,0,0.0,4
