date,universe,cash,stock_value,gold_value,total_value,holdings,month,year
2021-08-10,NIFTY100,0.0,499406.887,0.0,499406.887,"ADANIENT,BAJAJFINSV,AMBUJACEM,JSWSTEEL,TECHM",2021-08,2021
2021-08-10,NIFTY500,0.0,499406.887,0.0,499406.887,"TATASTEEL,DEEPAKNTR,LAURUSLABS,SAIL,COFORGE,IRCTC,MPHASIS,SRF,LTTS,TATAPOWER",2021-08,2021
2021-08-11,NIFTY100,200132.53050581733,295804.2371244343,0.0,495936.76763025165,"ADANIENT,BAJAJFINSV,JSWSTEEL",2021-08,2021
2021-08-11,NIFTY500,97871.87412257309,392584.9755683089,0.0,490456.849690882,"TATASTEEL,DEEPAKNTR,LAURUSLABS,SAIL,COFORGE,IRCTC,MPHASIS,SRF",2021-08,2021
2021-08-12,NIFTY100,200132.53050581733,297111.6754719992,0.0,497244.20597781654,"ADANIENT,BAJAJFINSV,JSWSTEEL",2021-08,2021
2021-08-12,NIFTY500,97871.87412257309,400190.73559316667,0.0,498062.60971573973,"TATASTEEL,DEEPAKNTR,LAURUSLABS,SAIL,COFORGE,IRCTC,MPHASIS,SRF",2021-08,2021
2021-08-13,NIFTY100,200132.53050581733,296573.25345536135,0.0,496705.7839611787,"ADANIENT,BAJAJFINSV,JSWSTEEL",2021-08,2021
2021-08-13,NIFTY500,146965.09443570324,350577.333495196,0.0,497542.42793089926,"TATASTEEL,DEEPAKNTR,LAURUSLABS,SAIL,COFORGE,IRCTC,MPHASIS",2021-08,2021
2021-08-16,NIFTY100,200132.53050581733,299413.05677728547,0.0,499545.5872831028,"ADANIENT,BAJAJFINSV,JSWSTEEL",2021-08,2021
2021-08-16,NIFTY500,196191.33862090413,301023.04324150825,0.0,497214.3818624124,"TATASTEEL,DEEPAKNTR,LAURUSLABS,SAIL,COFORGE,MPHASIS",2021-08,2021
2021-08-17,NIFTY100,200132.53050581733,299183.22667552315,0.0,499315.7571813405,"ADANIENT,BAJAJFINSV,JSWSTEEL",2021-08,2021
2021-08-17,NIFTY500,196191.33862090413,301817.5888170147,0.0,498008.92743791884,"TATASTEEL,DEEPAKNTR,LAURUSLABS,SAIL,COFORGE,MPHASIS",2021-08,2021
2021-08-18,NIFTY100,200132.53050581733,301391.5646775825,0.0,501524.0951833998,"ADANIENT,BAJAJFINSV,JSWSTEEL",2021-08,2021
2021-08-18,NIFTY500,243588.60353867162,254804.47086143336,0.0,498393.074400105,"TATASTEEL,DEEPAKNTR,LAURUSLABS,COFORGE,MPHASIS",2021-08,2021
2021-08-20,NIFTY100,200132.53050581733,292141.30798911967,0.0,492273.838494937,"ADANIENT,BAJAJFINSV,JSWSTEEL",2021-08,2021
2021-08-20,NIFTY500,243588.60353867162,247969.55163446133,0.0,491558.15517313295,"TATASTEEL,DEEPAKNTR,LAURUSLABS,COFORGE,MPHASIS",2021-08,2021
2021-08-23,NIFTY100,291290.2582147451,200646.9714945685,0.0,491937.2297093136,"ADANIENT,BAJAJFINSV",2021-08,2021
2021-08-23,NIFTY500,243588.60353867162,244615.5210308735,0.0,488204.12456954515,"TATASTEEL,DEEPAKNTR,LAURUSLABS,COFORGE,MPHASIS",2021-08,2021
2021-08-24,NIFTY100,0.0,502678.4203079008,0.0,502678.4203079008,"ADANIENT,BAJAJFINSV,TECHM,APOLLOHOSP,JSWSTEEL",2021-08,2021
2021-08-24,NIFTY500,0.0,491047.8001184755,0.0,491047.8001184755,"TATASTEEL,DEEPAKNTR,LAURUSLABS,COFORGE,MPHASIS,SAIL,LTTS,FORTIS,SRF,LALPATHLAB",2021-08,2021
2021-08-25,NIFTY100,96003.6615911278,406153.8091980954,0.0,502157.4707892232,"ADANIENT,BAJAJFINSV,TECHM,APOLLOHOSP",2021-08,2021
2021-08-25,NIFTY500,145560.83397505654,345222.63282457925,0.0,490783.4667996358,"TATASTEEL,DEEPAKNTR,LAURUSLABS,COFORGE,MPHASIS,FORTIS,SRF",2021-08,2021
2021-08-26,NIFTY100,96003.6615911278,404196.87635295856,0.0,500200.53794408636,"ADANIENT,BAJAJFINSV,TECHM,APOLLOHOSP",2021-08,2021
2021-08-26,NIFTY500,145560.83397505654,342768.8426963526,0.0,488329.67667140916,"TATASTEEL,DEEPAKNTR,LAURUSLABS,COFORGE,MPHASIS,FORTIS,SRF",2021-08,2021
2021-08-27,NIFTY100,96003.6615911278,408913.7430159758,0.0,504917.4046071036,"ADANIENT,BAJAJFINSV,TECHM,APOLLOHOSP",2021-08,2021
2021-08-27,NIFTY500,145560.83397505654,352292.6853987548,0.0,497853.5193738113,"TATASTEEL,DEEPAKNTR,LAURUSLABS,COFORGE,MPHASIS,FORTIS,SRF",2021-08,2021
2021-08-30,NIFTY100,96003.6615911278,410233.0076488055,0.0,506236.6692399333,"ADANIENT,BAJAJFINSV,TECHM,APOLLOHOSP",2021-08,2021
2021-08-30,NIFTY500,145560.83397505654,356748.2730499234,0.0,502309.10702497995,"TATASTEEL,DEEPAKNTR,LAURUSLABS,COFORGE,MPHASIS,FORTIS,SRF",2021-08,2021
2021-08-31,NIFTY100,194639.18869670946,326588.49292689026,0.0,521227.6816235997,"ADANIENT,BAJAJFINSV,APOLLOHOSP",2021-08,2021
2021-08-31,NIFTY500,145560.83397505654,363281.00708135276,0.0,508841.8410564093,"TATASTEEL,DEEPAKNTR,LAURUSLABS,COFORGE,MPHASIS,FORTIS,SRF",2021-08,2021
2021-09-01,NIFTY100,194639.18869670946,323946.3403521513,0.0,518585.5290488608,"ADANIENT,BAJAJFINSV,APOLLOHOSP",2021-09,2021
2021-09-01,NIFTY500,145560.83397505654,358301.6076575734,0.0,503862.44163262995,"TATASTEEL,DEEPAKNTR,LAURUSLABS,COFORGE,MPHASIS,FORTIS,SRF",2021-09,2021
2021-09-02,NIFTY100,194639.18869670946,323813.71754458477,0.0,518452.90624129423,"ADANIENT,BAJAJFINSV,APOLLOHOSP",2021-09,2021
2021-09-02,NIFTY500,145560.83397505654,359795.4340817566,0.0,505356.26805681316,"TATASTEEL,DEEPAKNTR,LAURUSLABS,COFORGE,MPHASIS,FORTIS,SRF",2021-09,2021
2021-09-03,NIFTY100,194639.18869670946,323113.26730509225,0.0,517752.4560018017,"ADANIENT,BAJAJFINSV,APOLLOHOSP",2021-09,2021
2021-09-03,NIFTY500,195437.65539464133,315486.5868325905,0.0,510924.24222723185,"TATASTEEL,DEEPAKNTR,LAURUSLABS,COFORGE,MPHASIS,SRF",2021-09,2021
2021-09-06,NIFTY100,194639.18869670946,323922.7004732564,0.0,518561.88916996587,"ADANIENT,BAJAJFINSV,APOLLOHOSP",2021-09,2021
2021-09-06,NIFTY500,242052.64674060483,270574.3011362415,0.0,512626.94787684636,"TATASTEEL,DEEPAKNTR,COFORGE,MPHASIS,SRF",2021-09,2021
2021-09-07,NIFTY100,194639.18869670946,320174.5169257334,0.0,514813.7056224429,"ADANIENT,BAJAJFINSV,APOLLOHOSP",2021-09,2021
2021-09-07,NIFTY500,242052.64674060483,268053.74626322225,0.0,510106.3930038271,"TATASTEEL,DEEPAKNTR,COFORGE,MPHASIS,SRF",2021-09,2021
2021-09-08,NIFTY100,194639.18869670946,317166.24077403283,0.0,511805.4294707423,"ADANIENT,BAJAJFINSV,APOLLOHOSP",2021-09,2021
2021-09-08,NIFTY500,242052.64674060483,267278.2461652845,0.0,509330.8929058893,"TATASTEEL,DEEPAKNTR,COFORGE,MPHASIS,SRF",2021-09,2021
2021-09-09,NIFTY100,194639.18869670946,315911.30608583236,0.0,510550.4947825418,"ADANIENT,BAJAJFINSV,APOLLOHOSP",2021-09,2021
2021-09-09,NIFTY500,242052.64674060483,269175.3767914518,0.0,511228.02353205666,"TATASTEEL,DEEPAKNTR,COFORGE,MPHASIS,SRF",2021-09,2021
2021-09-13,NIFTY100,194639.18869670946,316911.84536471,0.0,511551.0340614195,"ADANIENT,BAJAJFINSV,APOLLOHOSP",2021-09,2021
2021-09-13,NIFTY500,242052.64674060483,275213.8223068393,0.0,517266.4690474441,"TATASTEEL,DEEPAKNTR,COFORGE,MPHASIS,SRF",2021-09,2021
2021-09-14,NIFTY100,194639.18869670946,314601.5314042786,0.0,509240.72010098805,"ADANIENT,BAJAJFINSV,APOLLOHOSP",2021-09,2021
2021-09-14,NIFTY500,242052.64674060483,277569.63875674957,0.0,519622.2854973544,"TATASTEEL,DEEPAKNTR,COFORGE,MPHASIS,SRF",2021-09,2021
2021-09-15,NIFTY100,194639.18869670946,316025.88577226584,0.0,510665.0744689753,"ADANIENT,BAJAJFINSV,APOLLOHOSP",2021-09,2021
2021-09-15,NIFTY500,242052.64674060483,283982.9458436227,0.0,526035.5925842276,"TATASTEEL,DEEPAKNTR,COFORGE,MPHASIS,SRF",2021-09,2021
2021-09-16,NIFTY100,194639.18869670946,316226.4572826272,0.0,510865.64597933664,"ADANIENT,BAJAJFINSV,APOLLOHOSP",2021-09,2021
2021-09-16,NIFTY500,242052.64674060483,284482.6525124,0.0,526535.2992530048,"TATASTEEL,DEEPAKNTR,COFORGE,MPHASIS,SRF",2021-09,2021
2021-09-17,NIFTY100,194639.18869670946,315989.61066410854,0.0,510628.799360818,"ADANIENT,BAJAJFINSV,APOLLOHOSP",2021-09,2021
2021-09-17,NIFTY500,242052.64674060483,280875.2565138239,0.0,522927.9032544287,"TATASTEEL,DEEPAKNTR,COFORGE,MPHASIS,SRF",2021-09,2021
2021-09-20,NIFTY100,194639.18869670946,312512.6647651552,0.0,507151.85346186464,"ADANIENT,BAJAJFINSV,APOLLOHOSP",2021-09,2021
2021-09-20,NIFTY500,242052.64674060483,269964.3787711028,0.0,512017.02551170764,"TATASTEEL,DEEPAKNTR,COFORGE,MPHASIS,SRF",2021-09,2021
2021-09-21,NIFTY100,194639.18869670946,318279.05243384524,0.0,512918.2411305547,"ADANIENT,BAJAJFINSV,APOLLOHOSP",2021-09,2021
2021-09-21,NIFTY500,287708.80164007103,230866.22681247542,0.0,518575.02845254645,"DEEPAKNTR,COFORGE,MPHASIS,SRF",2021-09,2021
2021-09-22,NIFTY100,0.0,512899.09942789417,0.0,512899.09942789417,"ADANIENT,BAJAJFINSV,APOLLOHOSP,WIPRO,DMART",2021-09,2021
2021-09-22,NIFTY500,0.0,519519.4535493625,0.0,519519.4535493625,"DEEPAKNTR,COFORGE,MPHASIS,SRF,IRCTC,LTTS,POLYCAB,HATSUN,TATASTEEL,LALPATHLAB",2021-09,2021
2021-09-23,NIFTY100,0.0,526776.9462886415,0.0,526776.9462886415,"ADANIENT,BAJAJFINSV,APOLLOHOSP,WIPRO,DMART",2021-09,2021
2021-09-23,NIFTY500,97002.52736480936,429787.2815020095,0.0,526789.8088668189,"DEEPAKNTR,COFORGE,MPHASIS,SRF,IRCTC,LTTS,POLYCAB,HATSUN",2021-09,2021
2021-09-24,NIFTY100,0.0,519588.71564512793,0.0,519588.71564512793,"ADANIENT,BAJAJFINSV,APOLLOHOSP,WIPRO,DMART",2021-09,2021
2021-09-24,NIFTY500,144554.62313116138,383510.2144244587,0.0,528064.8375556201,"DEEPAKNTR,COFORGE,MPHASIS,SRF,IRCTC,LTTS,POLYCAB",2021-09,2021
2021-09-27,NIFTY100,0.0,513350.9048688008,0.0,513350.9048688008,"ADANIENT,BAJAJFINSV,APOLLOHOSP,WIPRO,DMART",2021-09,2021
2021-09-27,NIFTY500,144554.62313116138,378515.6973652093,0.0,523070.32049637067,"DEEPAKNTR,COFORGE,MPHASIS,SRF,IRCTC,LTTS,POLYCAB",2021-09,2021
2021-09-28,NIFTY100,88661.25919767194,411540.2270894555,0.0,500201.4862871275,"ADANIENT,BAJAJFINSV,WIPRO,DMART",2021-09,2021
2021-09-28,NIFTY500,144554.62313116138,371634.2040633866,0.0,516188.827194548,"DEEPAKNTR,COFORGE,MPHASIS,SRF,IRCTC,LTTS,POLYCAB",2021-09,2021
2021-09-29,NIFTY100,88661.25919767194,409345.59648085973,0.0,498006.8556785317,"ADANIENT,BAJAJFINSV,WIPRO,DMART",2021-09,2021
2021-09-29,NIFTY500,144554.62313116138,373197.0016734424,0.0,517751.6248046038,"DEEPAKNTR,COFORGE,MPHASIS,SRF,IRCTC,LTTS,POLYCAB",2021-09,2021
2021-09-30,NIFTY100,88661.25919767194,409649.8738462089,0.0,498311.13304388087,"ADANIENT,BAJAJFINSV,WIPRO,DMART",2021-09,2021
2021-09-30,NIFTY500,144554.62313116138,373868.23294643126,0.0,518422.85607759265,"DEEPAKNTR,COFORGE,MPHASIS,SRF,IRCTC,LTTS,POLYCAB",2021-09,2021
2021-10-01,NIFTY100,181011.1160212707,312298.8401323484,0.0,493309.9561536191,"ADANIENT,BAJAJFINSV,DMART",2021-10,2021
2021-10-01,NIFTY500,144554.62313116138,369770.1053337349,0.0,514324.72846489627,"DEEPAKNTR,COFORGE,MPHASIS,SRF,IRCTC,LTTS,POLYCAB",2021-10,2021
2021-10-04,NIFTY100,181011.1160212707,321741.832828159,0.0,502752.94884942967,"ADANIENT,BAJAJFINSV,DMART",2021-10,2021
2021-10-04,NIFTY500,199758.74811324786,327940.6322475197,0.0,527699.3803607675,"DEEPAKNTR,MPHASIS,SRF,IRCTC,LTTS,POLYCAB",2021-10,2021
2021-10-05,NIFTY100,181011.1160212707,322096.92195895256,0.0,503108.03798022325,"ADANIENT,BAJAJFINSV,DMART",2021-10,2021
2021-10-05,NIFTY500,199758.74811324786,333109.5715492042,0.0,532868.319662452,"DEEPAKNTR,MPHASIS,SRF,IRCTC,LTTS,POLYCAB",2021-10,2021
2021-10-06,NIFTY100,181011.1160212707,316390.73311338405,0.0,497401.84913465474,"ADANIENT,BAJAJFINSV,DMART",2021-10,2021
2021-10-06,NIFTY500,199758.74811324786,338681.55416076066,0.0,538440.3022740085,"DEEPAKNTR,MPHASIS,SRF,IRCTC,LTTS,POLYCAB",2021-10,2021
2021-10-07,NIFTY100,181011.1160212707,320202.45897351374,0.0,501213.57499478443,"ADANIENT,BAJAJFINSV,DMART",2021-10,2021
2021-10-07,NIFTY500,199758.74811324786,345438.5722766183,0.0,545197.3203898661,"DEEPAKNTR,MPHASIS,SRF,IRCTC,LTTS,POLYCAB",2021-10,2021
2021-10-08,NIFTY100,284805.59267746104,220816.57892036543,0.0,505622.17159782647,"BAJAJFINSV,DMART",2021-10,2021
2021-10-08,NIFTY500,199758.74811324786,354462.29933094664,0.0,554221.0474441946,"DEEPAKNTR,MPHASIS,SRF,IRCTC,LTTS,POLYCAB",2021-10,2021
2021-10-11,NIFTY100,284805.59267746104,228892.09035446524,0.0,513697.6830319263,"BAJAJFINSV,DMART",2021-10,2021
2021-10-11,NIFTY500,248443.30923554284,300987.7577688525,0.0,549431.0670043954,"DEEPAKNTR,MPHASIS,SRF,IRCTC,POLYCAB",2021-10,2021
2021-10-12,NIFTY100,284805.59267746104,232887.25109103468,0.0,517692.8437684957,"BAJAJFINSV,DMART",2021-10,2021
2021-10-12,NIFTY500,248443.30923554284,304156.2496242747,0.0,552599.5588598175,"DEEPAKNTR,MPHASIS,SRF,IRCTC,POLYCAB",2021-10,2021
2021-10-13,NIFTY100,284805.59267746104,241052.0670454047,0.0,525857.6597228658,"BAJAJFINSV,DMART",2021-10,2021
2021-10-13,NIFTY500,248443.30923554284,303568.2568412231,0.0,552011.566076766,"DEEPAKNTR,MPHASIS,SRF,IRCTC,POLYCAB",2021-10,2021
2021-10-14,NIFTY100,284805.59267746104,247748.80638758687,0.0,532554.399065048,"BAJAJFINSV,DMART",2021-10,2021
2021-10-14,NIFTY500,248443.30923554284,314347.33655625035,0.0,562790.6457917932,"DEEPAKNTR,MPHASIS,SRF,IRCTC,POLYCAB",2021-10,2021
2021-10-18,NIFTY100,284805.59267746104,239603.9150176515,0.0,524409.5076951126,"BAJAJFINSV,DMART",2021-10,2021
2021-10-18,NIFTY500,248443.30923554284,317135.3484596703,0.0,565578.6576952131,"DEEPAKNTR,MPHASIS,SRF,IRCTC,POLYCAB",2021-10,2021
2021-10-19,NIFTY100,284805.59267746104,239209.6658554637,0.0,524015.25853292475,"BAJAJFINSV,DMART",2021-10,2021
2021-10-19,NIFTY500,248443.30923554284,313660.3644018831,0.0,562103.673637426,"DEEPAKNTR,MPHASIS,SRF,IRCTC,POLYCAB",2021-10,2021
2021-10-20,NIFTY100,284805.59267746104,232381.11214313522,0.0,517186.70482059626,"BAJAJFINSV,DMART",2021-10,2021
2021-10-20,NIFTY500,293250.2278547437,241389.969218513,0.0,534640.1970732567,"DEEPAKNTR,MPHASIS,SRF,IRCTC",2021-10,2021
2021-10-21,NIFTY100,385200.9423476446,130045.98505170085,0.0,515246.92739934544,BAJAJFINSV,2021-10,2021
2021-10-21,NIFTY500,293250.2278547437,240626.21542476298,0.0,533876.4432795066,"DEEPAKNTR,MPHASIS,SRF,IRCTC",2021-10,2021
2021-10-22,NIFTY100,0.0,515339.7814631935,0.0,515339.7814631935,"BAJAJFINSV,ADANIENT,BAJFINANCE,TECHM,DMART",2021-10,2021
2021-10-22,NIFTY500,0.0,530095.0355700321,0.0,530095.0355700321,"MPHASIS,SRF,IRCTC,TATAPOWER,INDHOTEL,LTTS,COFORGE,DEEPAKNTR,HATSUN,TITAN",2021-10,2021
2021-10-25,NIFTY100,0.0,502421.5560045745,0.0,502421.5560045745,"BAJAJFINSV,ADANIENT,BAJFINANCE,TECHM,DMART",2021-10,2021
2021-10-25,NIFTY500,47684.34885388754,455393.13505536935,0.0,503077.4839092569,"MPHASIS,SRF,IRCTC,TATAPOWER,INDHOTEL,LTTS,COFORGE,HATSUN,TITAN",2021-10,2021
2021-10-26,NIFTY100,0.0,513584.35655182303,0.0,513584.35655182303,"BAJAJFINSV,ADANIENT,BAJFINANCE,TECHM,DMART",2021-10,2021
2021-10-26,NIFTY500,93595.12518242229,416993.2202346468,0.0,510588.3454170691,"MPHASIS,SRF,IRCTC,TATAPOWER,INDHOTEL,LTTS,HATSUN,TITAN",2021-10,2021
2021-10-27,NIFTY100,0.0,511688.53568092186,0.0,511688.53568092186,"BAJAJFINSV,ADANIENT,BAJFINANCE,TECHM,DMART",2021-10,2021
2021-10-27,NIFTY500,142514.22494718648,370484.231088912,0.0,512998.4560360985,"MPHASIS,SRF,IRCTC,TATAPOWER,INDHOTEL,LTTS,TITAN",2021-10,2021
2021-10-28,NIFTY100,92719.7203307636,405217.13000410143,0.0,497936.85033486504,"BAJAJFINSV,ADANIENT,TECHM,DMART",2021-10,2021
2021-10-28,NIFTY500,187964.25161100028,324002.09557371127,0.0,511966.34718471154,"MPHASIS,SRF,IRCTC,TATAPOWER,LTTS,TITAN",2021-10,2021
2021-10-29,NIFTY100,178477.8318903479,315383.06318719476,0.0,493860.89507754263,"BAJAJFINSV,TECHM,DMART",2021-10,2021
2021-10-29,NIFTY500,187964.25161100028,318870.76550593576,0.0,506835.01711693604,"MPHASIS,SRF,IRCTC,TATAPOWER,LTTS,TITAN",2021-10,2021
2021-11-01,NIFTY100,178477.8318903479,314886.579930769,0.0,493364.4118211169,"BAJAJFINSV,TECHM,DMART",2021-11,2021
2021-11-01,NIFTY500,187964.25161100028,325466.76847600564,0.0,513431.0200870059,"MPHASIS,SRF,IRCTC,TATAPOWER,LTTS,TITAN",2021-11,2021
2021-11-02,NIFTY100,178477.8318903479,314356.25298265286,0.0,492834.08487300074,"BAJAJFINSV,TECHM,DMART",2021-11,2021
2021-11-02,NIFTY500,187964.25161100028,328215.93730902526,0.0,516180.18892002554,"MPHASIS,SRF,IRCTC,TATAPOWER,LTTS,TITAN",2021-11,2021
2021-11-03,NIFTY100,178477.8318903479,317672.08637769223,0.0,496149.9182680402,"BAJAJFINSV,TECHM,DMART",2021-11,2021
2021-11-03,NIFTY500,187964.25161100028,323882.99219210405,0.0,511847.2438031043,"MPHASIS,SRF,IRCTC,TATAPOWER,LTTS,TITAN",2021-11,2021
2021-11-04,NIFTY100,178477.8318903479,319621.6210710028,0.0,498099.4529613507,"BAJAJFINSV,TECHM,DMART",2021-11,2021
2021-11-04,NIFTY500,244686.61840059888,269320.03512159217,0.0,514006.65352219105,"MPHASIS,IRCTC,TATAPOWER,LTTS,TITAN",2021-11,2021
2021-11-08,NIFTY100,178477.8318903479,327153.5312382,0.0,505631.3631285479,"BAJAJFINSV,TECHM,DMART",2021-11,2021
2021-11-08,NIFTY500,244686.61840059888,274859.5258082062,0.0,519546.14420880505,"MPHASIS,IRCTC,TATAPOWER,LTTS,TITAN",2021-11,2021
2021-11-09,NIFTY100,178477.8318903479,326495.7232188341,0.0,504973.555109182,"BAJAJFINSV,TECHM,DMART",2021-11,2021
2021-11-09,NIFTY500,244686.61840059888,277394.2266398462,0.0,522080.8450404451,"MPHASIS,IRCTC,TATAPOWER,LTTS,TITAN",2021-11,2021
2021-11-10,NIFTY100,178477.8318903479,332326.7678254089,0.0,510804.59971575683,"BAJAJFINSV,TECHM,DMART",2021-11,2021
2021-11-10,NIFTY500,244686.61840059888,275163.76968332735,0.0,519850.3880839262,"MPHASIS,IRCTC,TATAPOWER,LTTS,TITAN",2021-11,2021
2021-11-11,NIFTY100,178477.8318903479,327100.48404379317,0.0,505578.31593414105,"BAJAJFINSV,TECHM,DMART",2021-11,2021
2021-11-11,NIFTY500,244686.61840059888,277028.1617293866,0.0,521714.7801299855,"MPHASIS,IRCTC,TATAPOWER,LTTS,TITAN",2021-11,2021
2021-11-12,NIFTY100,178477.8318903479,335622.70173108566,0.0,514100.53362143354,"BAJAJFINSV,TECHM,DMART",2021-11,2021
2021-11-12,NIFTY500,300999.5059292349,223395.36195927282,0.0,524394.8678885077,"MPHASIS,TATAPOWER,LTTS,TITAN",2021-11,2021
2021-11-15,NIFTY100,178477.8318903479,333082.841553795,0.0,511560.6734441429,"BAJAJFINSV,TECHM,DMART",2021-11,2021
2021-11-15,NIFTY500,300999.5059292349,225477.1541147529,0.0,526476.6600439878,"MPHASIS,TATAPOWER,LTTS,TITAN",2021-11,2021
2021-11-16,NIFTY100,178477.8318903479,336182.0611628854,0.0,514659.8930532333,"BAJAJFINSV,TECHM,DMART",2021-11,2021
2021-11-16,NIFTY500,300999.5059292349,226975.1689705141,0.0,527974.674899749,"MPHASIS,TATAPOWER,LTTS,TITAN",2021-11,2021
2021-11-17,NIFTY100,178477.8318903479,338625.87495058536,0.0,517103.7068409333,"BAJAJFINSV,TECHM,DMART",2021-11,2021
2021-11-17,NIFTY500,300999.5059292349,230501.72455028867,0.0,531501.2304795235,"MPHASIS,TATAPOWER,LTTS,TITAN",2021-11,2021
2021-11-18,NIFTY100,178477.8318903479,332110.1084394363,0.0,510587.9403297842,"BAJAJFINSV,TECHM,DMART",2021-11,2021
2021-11-18,NIFTY500,300999.5059292349,224715.29039339826,0.0,525714.7963226332,"MPHASIS,TATAPOWER,LTTS,TITAN",2021-11,2021
2021-11-22,NIFTY100,178477.8318903479,319170.4892380739,0.0,497648.3211284218,"BAJAJFINSV,TECHM,DMART",2021-11,2021
2021-11-22,NIFTY500,300999.5059292349,216314.9389859558,0.0,517314.4449151907,"MPHASIS,TATAPOWER,LTTS,TITAN",2021-11,2021
2021-11-23,NIFTY100,0.0,501034.7712860656,0.0,501034.7712860656,"BAJAJFINSV,TECHM,DMART,APOLLOHOSP,ADANIENT",2021-11,2021
2021-11-23,NIFTY500,0.0,520030.33076748106,0.0,520030.33076748106,"MPHASIS,TATAPOWER,LTTS,TITAN,IRCTC,COFORGE,HATSUN,SRF,INDHOTEL,CRISIL",2021-11,2021
2021-11-24,NIFTY100,94135.93997819134,411967.0369093901,0.0,506102.97688758146,"BAJAJFINSV,TECHM,DMART,APOLLOHOSP",2021-11,2021
2021-11-24,NIFTY500,199581.62255542647,319025.2463696514,0.0,518606.86892507784,"MPHASIS,TATAPOWER,LTTS,TITAN,SRF,CRISIL",2021-11,2021
2021-11-25,NIFTY100,215581.4307165424,296755.1990676774,0.0,512336.6297842198,"TECHM,DMART,APOLLOHOSP",2021-11,2021
2021-11-25,NIFTY500,199581.62255542647,321671.1863565488,0.0,521252.80891197524,"MPHASIS,TATAPOWER,LTTS,TITAN,SRF,CRISIL",2021-11,2021
2021-11-26,NIFTY100,215581.4307165424,290796.9110290882,0.0,506378.3417456306,"TECHM,DMART,APOLLOHOSP",2021-11,2021
2021-11-26,NIFTY500,246723.42943625237,262130.78795287918,0.0,508854.21738913155,"MPHASIS,TATAPOWER,LTTS,SRF,CRISIL",2021-11,2021
2021-11-29,NIFTY100,0.0,0.0,505766.8629043521,505766.8629043521,GOLDBEES,2021-11,2021
2021-11-29,NIFTY500,0.0,0.0,501432.77577725507,501432.77577725507,GOLDBEES,2021-11,2021
2021-11-30,NIFTY100,0.0,0.0,502739.04391948186,502739.04391948186,GOLDBEES,2021-11,2021
2021-11-30,NIFTY500,0.0,0.0,498430.90319624793,498430.90319624793,GOLDBEES,2021-11,2021
2021-12-01,NIFTY100,0.0,0.0,499105.6703778078,499105.6703778078,GOLDBEES,2021-12,2021
2021-12-01,NIFTY500,0.0,0.0,494828.6652600275,494828.6652600275,GOLDBEES,2021-12,2021
2021-12-02,NIFTY100,0.0,0.0,496320.0824558293,496320.0824558293,GOLDBEES,2021-12,2021
2021-12-02,NIFTY500,0.0,0.0,492066.9479820938,492066.9479820938,GOLDBEES,2021-12,2021
2021-12-03,NIFTY100,0.0,0.0,495593.38926715404,495593.38926715404,GOLDBEES,2021-12,2021
2021-12-03,NIFTY500,0.0,0.0,491346.4820728735,491346.4820728735,GOLDBEES,2021-12,2021
2021-12-06,NIFTY100,0.0,0.0,500195.68706039514,500195.68706039514,GOLDBEES,2021-12,2021
2021-12-06,NIFTY500,0.0,0.0,495909.3412213877,495909.3412213877,GOLDBEES,2021-12,2021
2021-12-07,NIFTY100,0.0,0.0,499226.8090096793,499226.8090096793,GOLDBEES,2021-12,2021
2021-12-07,NIFTY500,0.0,0.0,494948.76581403444,494948.76581403444,GOLDBEES,2021-12,2021
2021-12-08,NIFTY100,0.0,0.0,502254.6279945495,502254.6279945495,GOLDBEES,2021-12,2021
2021-12-08,NIFTY500,0.0,0.0,497950.6383950416,497950.6383950416,GOLDBEES,2021-12,2021
2021-12-09,NIFTY100,0.0,0.0,500801.2416171989,500801.2416171989,GOLDBEES,2021-12,2021
2021-12-09,NIFTY500,0.0,0.0,496509.706576601,496509.706576601,GOLDBEES,2021-12,2021
2021-12-10,NIFTY100,0.0,0.0,499832.3635664831,499832.3635664831,GOLDBEES,2021-12,2021
2021-12-10,NIFTY500,0.0,0.0,495549.1311692478,495549.1311692478,GOLDBEES,2021-12,2021
2021-12-13,NIFTY100,0.0,0.0,503223.50604526536,503223.50604526536,GOLDBEES,2021-12,2021
2021-12-13,NIFTY500,0.0,0.0,498911.2138023948,498911.2138023948,GOLDBEES,2021-12,2021
2021-12-14,NIFTY100,0.0,0.0,503223.50604526536,503223.50604526536,GOLDBEES,2021-12,2021
2021-12-14,NIFTY500,0.0,0.0,498911.2138023948,498911.2138023948,GOLDBEES,2021-12,2021
2021-12-15,NIFTY100,0.0,0.0,502254.6279945495,502254.6279945495,GOLDBEES,2021-12,2021
2021-12-15,NIFTY500,0.0,0.0,497950.6383950416,497950.6383950416,GOLDBEES,2021-12,2021
2021-12-16,NIFTY100,0.0,0.0,505282.4469794198,505282.4469794198,GOLDBEES,2021-12,2021
2021-12-16,NIFTY500,0.0,0.0,500952.5109760487,500952.5109760487,GOLDBEES,2021-12,2021
2021-12-17,NIFTY100,0.0,0.0,510369.16069759324,510369.16069759324,GOLDBEES,2021-12,2021
2021-12-17,NIFTY500,0.0,0.0,505995.63492576923,505995.63492576923,GOLDBEES,2021-12,2021
2021-12-20,NIFTY100,0.0,0.0,506978.0182188109,506978.0182188109,GOLDBEES,2021-12,2021
2021-12-20,NIFTY500,0.0,0.0,502633.5522926222,502633.5522926222,GOLDBEES,2021-12,2021
2021-12-21,NIFTY100,0.0,0.0,504919.0772846565,504919.0772846565,GOLDBEES,2021-12,2021
2021-12-21,NIFTY500,0.0,0.0,500592.2551189683,500592.2551189683,GOLDBEES,2021-12,2021
2021-12-22,NIFTY100,0.0,0.0,502860.18255135335,502860.18255135335,GOLDBEES,2021-12,2021
2021-12-22,NIFTY500,0.0,0.0,498551.0037502549,498551.0037502549,GOLDBEES,2021-12,2021
2021-12-23,NIFTY100,0.0,0.0,504919.0772846565,504919.0772846565,GOLDBEES,2021-12,2021
2021-12-23,NIFTY500,0.0,0.0,500592.2551189683,500592.2551189683,GOLDBEES,2021-12,2021
2021-12-24,NIFTY100,0.0,0.0,505161.3083475483,505161.3083475483,GOLDBEES,2021-12,2021
2021-12-24,NIFTY500,0.0,0.0,500832.4104220417,500832.4104220417,GOLDBEES,2021-12,2021
2021-12-27,NIFTY100,0.0,0.0,503707.9681710489,503707.9681710489,GOLDBEES,2021-12,2021
2021-12-27,NIFTY500,0.0,0.0,499391.5244085417,499391.5244085417,GOLDBEES,2021-12,2021
2021-12-28,NIFTY100,0.0,0.0,503950.1992339407,503950.1992339407,GOLDBEES,2021-12,2021
2021-12-28,NIFTY500,0.0,0.0,499631.6797116151,499631.6797116151,GOLDBEES,2021-12,2021
2021-12-29,NIFTY100,0.0,0.0,502617.9514884616,502617.9514884616,GOLDBEES,2021-12,2021
2021-12-29,NIFTY500,0.0,0.0,498310.84844718146,498310.84844718146,GOLDBEES,2021-12,2021
2021-12-30,NIFTY100,0.0,0.0,499226.8090096793,499226.8090096793,GOLDBEES,2021-12,2021
2021-12-30,NIFTY500,0.0,0.0,494948.76581403444,494948.76581403444,GOLDBEES,2021-12,2021
2021-12-31,NIFTY100,0.0,0.0,502375.7204255698,502375.7204255698,GOLDBEES,2021-12,2021
2021-12-31,NIFTY500,0.0,0.0,498070.69314410805,498070.69314410805,GOLDBEES,2021-12,2021
2022-01-03,NIFTY100,0.0,0.0,505403.5394104401,505403.5394104401,GOLDBEES,2022-01,2022
2022-01-03,NIFTY500,0.0,0.0,501072.5657251152,501072.5657251152,GOLDBEES,2022-01,2022
2022-01-04,NIFTY100,0.0,0.0,502133.489362678,502133.489362678,GOLDBEES,2022-01,2022
2022-01-04,NIFTY500,0.0,0.0,497830.53784103465,497830.53784103465,GOLDBEES,2022-01,2022
2022-01-05,NIFTY100,0.0,0.0,503344.64467713685,503344.64467713685,GOLDBEES,2022-01,2022
2022-01-05,NIFTY500,0.0,0.0,499031.3143564018,499031.3143564018,GOLDBEES,2022-01,2022
2022-01-06,NIFTY100,0.0,0.0,499469.040072571,499469.040072571,GOLDBEES,2022-01,2022
2022-01-06,NIFTY500,0.0,0.0,495188.9211171079,495188.9211171079,GOLDBEES,2022-01,2022
2022-01-07,NIFTY100,0.0,0.0,497652.3302013084,497652.3302013084,GOLDBEES,2022-01,2022
2022-01-07,NIFTY500,0.0,0.0,493387.7792465274,493387.7792465274,GOLDBEES,2022-01,2022
2022-01-10,NIFTY100,0.0,0.0,497410.09913841664,497410.09913841664,GOLDBEES,2022-01,2022
2022-01-10,NIFTY500,0.0,0.0,493147.623943454,493147.623943454,GOLDBEES,2022-01,2022
2022-01-11,NIFTY100,0.0,0.0,499105.6703778078,499105.6703778078,GOLDBEES,2022-01,2022
2022-01-11,NIFTY500,0.0,0.0,494828.6652600275,494828.6652600275,GOLDBEES,2022-01,2022
2022-01-12,NIFTY100,0.0,0.0,500559.0567551584,500559.0567551584,GOLDBEES,2022-01,2022
2022-01-12,NIFTY500,0.0,0.0,496269.59707846807,496269.59707846807,GOLDBEES,2022-01,2022
2022-01-13,NIFTY100,0.0,0.0,501649.02723689453,501649.02723689453,GOLDBEES,2022-01,2022
2022-01-13,NIFTY500,0.0,0.0,497350.2272348878,497350.2272348878,GOLDBEES,2022-01,2022
2022-01-14,NIFTY100,0.0,0.0,502981.27498237364,502981.27498237364,GOLDBEES,2022-01,2022
2022-01-14,NIFTY500,0.0,0.0,498671.05849932134,498671.05849932134,GOLDBEES,2022-01,2022
2022-01-17,NIFTY100,0.0,0.0,502981.27498237364,502981.27498237364,GOLDBEES,2022-01,2022
2022-01-17,NIFTY500,0.0,0.0,498671.05849932134,498671.05849932134,GOLDBEES,2022-01,2022
2022-01-18,NIFTY100,0.0,0.0,502860.18255135335,502860.18255135335,GOLDBEES,2022-01,2022
2022-01-18,NIFTY500,0.0,0.0,498551.0037502549,498551.0037502549,GOLDBEES,2022-01,2022
2022-01-19,NIFTY100,0.0,0.0,503829.0606020692,503829.0606020692,GOLDBEES,2022-01,2022
2022-01-19,NIFTY500,0.0,0.0,499511.5791576081,499511.5791576081,GOLDBEES,2022-01,2022
2022-01-20,NIFTY100,0.0,0.0,509279.1440150059,509279.1440150059,GOLDBEES,2022-01,2022
2022-01-20,NIFTY500,0.0,0.0,504914.958964409,504914.958964409,GOLDBEES,2022-01,2022
2022-01-21,NIFTY100,0.0,0.0,506735.7871559192,506735.7871559192,GOLDBEES,2022-01,2022
2022-01-21,NIFTY500,0.0,0.0,502393.39698954875,502393.39698954875,GOLDBEES,2022-01,2022
2022-01-24,NIFTY100,0.0,0.0,509158.0515839856,509158.0515839856,GOLDBEES,2022-01,2022
2022-01-24,NIFTY500,0.0,0.0,504794.9042153426,504794.9042153426,GOLDBEES,2022-01,2022
2022-01-25,NIFTY100,0.0,0.0,509400.2826468774,509400.2826468774,GOLDBEES,2022-01,2022
2022-01-25,NIFTY500,0.0,0.0,505035.059518416,505035.059518416,GOLDBEES,2022-01,2022
2022-01-27,NIFTY100,0.0,0.0,506493.5560930274,506493.5560930274,GOLDBEES,2022-01,2022
2022-01-27,NIFTY500,0.0,0.0,502153.24168647535,502153.24168647535,GOLDBEES,2022-01,2022
2022-01-28,NIFTY100,0.0,0.0,501770.165868766,501770.165868766,GOLDBEES,2022-01,2022
2022-01-28,NIFTY500,0.0,0.0,497470.3277888947,497470.3277888947,GOLDBEES,2022-01,2022
2022-01-31,NIFTY100,0.0,0.0,499590.1325035913,499590.1325035913,GOLDBEES,2022-01,2022
2022-01-31,NIFTY500,0.0,0.0,495308.9758661744,495308.9758661744,GOLDBEES,2022-01,2022
2022-02-01,NIFTY100,0.0,0.0,503223.50604526536,503223.50604526536,GOLDBEES,2022-02,2022
2022-02-01,NIFTY500,0.0,0.0,498911.2138023948,498911.2138023948,GOLDBEES,2022-02,2022
2022-02-02,NIFTY100,0.0,0.0,502739.04391948186,502739.04391948186,GOLDBEES,2022-02,2022
2022-02-02,NIFTY500,0.0,0.0,498430.90319624793,498430.90319624793,GOLDBEES,2022-02,2022
2022-02-03,NIFTY100,0.0,0.0,503344.64467713685,503344.64467713685,GOLDBEES,2022-02,2022
2022-02-03,NIFTY500,0.0,0.0,499031.3143564018,499031.3143564018,GOLDBEES,2022-02,2022
2022-02-04,NIFTY100,0.0,0.0,503829.0606020692,503829.0606020692,GOLDBEES,2022-02,2022
2022-02-04,NIFTY500,0.0,0.0,499511.5791576081,499511.5791576081,GOLDBEES,2022-02,2022
2022-02-07,NIFTY100,0.0,0.0,504192.43029683246,504192.43029683246,GOLDBEES,2022-02,2022
2022-02-07,NIFTY500,0.0,0.0,499871.8350146885,499871.8350146885,GOLDBEES,2022-02,2022
2022-02-08,NIFTY100,0.0,0.0,506493.5560930274,506493.5560930274,GOLDBEES,2022-02,2022
2022-02-08,NIFTY500,0.0,0.0,502153.24168647535,502153.24168647535,GOLDBEES,2022-02,2022
2022-02-09,NIFTY100,0.0,0.0,508552.4970271818,508552.4970271818,GOLDBEES,2022-02,2022
2022-02-09,NIFTY500,0.0,0.0,504194.53886012925,504194.53886012925,GOLDBEES,2022-02,2022
2022-02-10,NIFTY100,0.0,0.0,510732.48419150524,510732.48419150524,GOLDBEES,2022-02,2022
2022-02-10,NIFTY500,0.0,0.0,506355.8449779091,506355.8449779091,GOLDBEES,2022-02,2022
2022-02-11,NIFTY100,0.0,0.0,510974.715254397,510974.715254397,GOLDBEES,2022-02,2022
2022-02-11,NIFTY500,0.0,0.0,506596.0002809825,506596.0002809825,GOLDBEES,2022-02,2022
2022-02-14,NIFTY100,0.0,0.0,520300.40327189956,520300.40327189956,GOLDBEES,2022-02,2022
2022-02-14,NIFTY500,0.0,0.0,515841.77332707733,515841.77332707733,GOLDBEES,2022-02,2022
2022-02-15,NIFTY100,0.0,0.0,517393.7229189008,517393.7229189008,GOLDBEES,2022-02,2022
2022-02-15,NIFTY500,0.0,0.0,512960.0013000772,512960.0013000772,GOLDBEES,2022-02,2022
2022-02-16,NIFTY100,0.0,0.0,516424.7986673337,516424.7986673337,GOLDBEES,2022-02,2022
2022-02-16,NIFTY500,0.0,0.0,511999.38008778344,511999.38008778344,GOLDBEES,2022-02,2022
2022-02-17,NIFTY100,0.0,0.0,525508.2556219444,525508.2556219444,GOLDBEES,2022-02,2022
2022-02-17,NIFTY500,0.0,0.0,521004.9978308048,521004.9978308048,GOLDBEES,2022-02,2022
2022-02-18,NIFTY100,0.0,0.0,522964.8987628578,522964.8987628578,GOLDBEES,2022-02,2022
2022-02-18,NIFTY500,0.0,0.0,518483.4358559445,518483.4358559445,GOLDBEES,2022-02,2022
2022-02-21,NIFTY100,0.0,0.0,521995.97451129067,521995.97451129067,GOLDBEES,2022-02,2022
2022-02-21,NIFTY500,0.0,0.0,517522.81464365084,517522.81464365084,GOLDBEES,2022-02,2022
2022-02-22,NIFTY100,0.0,0.0,525387.1631909242,525387.1631909242,GOLDBEES,2022-02,2022
2022-02-22,NIFTY500,0.0,0.0,520884.94308173837,520884.94308173837,GOLDBEES,2022-02,2022
2022-02-23,NIFTY100,0.0,0.0,521874.88208027044,521874.88208027044,GOLDBEES,2022-02,2022
2022-02-23,NIFTY500,0.0,0.0,517402.75989458436,517402.75989458436,GOLDBEES,2022-02,2022
2022-02-24,NIFTY100,0.0,0.0,540405.119483404,540405.119483404,GOLDBEES,2022-02,2022
2022-02-24,NIFTY500,0.0,0.0,535774.2054327669,535774.2054327669,GOLDBEES,2022-02,2022
2022-02-25,NIFTY100,0.0,0.0,528293.843543923,528293.843543923,GOLDBEES,2022-02,2022
2022-02-25,NIFTY500,0.0,0.0,523766.7151087385,523766.7151087385,GOLDBEES,2022-02,2022
2022-02-28,NIFTY100,0.0,0.0,527930.5200500109,527930.5200500109,GOLDBEES,2022-02,2022
2022-02-28,NIFTY500,0.0,0.0,523406.5050565986,523406.5050565986,GOLDBEES,2022-02,2022
2022-03-02,NIFTY100,0.0,0.0,537619.5315614254,537619.5315614254,GOLDBEES,2022-03,2022
2022-03-02,NIFTY500,0.0,0.0,533012.4881548333,533012.4881548333,GOLDBEES,2022-03,2022
2022-03-03,NIFTY100,0.0,0.0,537740.670193297,537740.670193297,GOLDBEES,2022-03,2022
2022-03-03,NIFTY500,0.0,0.0,533132.5887088402,533132.5887088402,GOLDBEES,2022-03,2022
2022-03-04,NIFTY100,0.0,0.0,540768.4891781672,540768.4891781672,GOLDBEES,2022-03,2022
2022-03-04,NIFTY500,0.0,0.0,536134.4612898474,536134.4612898474,GOLDBEES,2022-03,2022
2022-03-07,NIFTY100,0.0,0.0,557118.6932161261,557118.6932161261,GOLDBEES,2022-03,2022
2022-03-07,NIFTY500,0.0,0.0,552344.5549053096,552344.5549053096,GOLDBEES,2022-03,2022
2022-03-08,NIFTY100,0.0,0.0,556270.9075964305,556270.9075964305,GOLDBEES,2022-03,2022
2022-03-08,NIFTY500,0.0,0.0,551504.0342470228,551504.0342470228,GOLDBEES,2022-03,2022
2022-03-09,NIFTY100,0.0,0.0,553000.8575486685,553000.8575486685,GOLDBEES,2022-03,2022
2022-03-09,NIFTY500,0.0,0.0,548262.0063629423,548262.0063629423,GOLDBEES,2022-03,2022
2022-03-10,NIFTY100,0.0,0.0,542585.1528485786,542585.1528485786,GOLDBEES,2022-03,2022
2022-03-10,NIFTY500,0.0,0.0,537935.5573554874,537935.5573554874,GOLDBEES,2022-03,2022
2022-03-11,NIFTY100,0.0,0.0,548398.5597554274,548398.5597554274,GOLDBEES,2022-03,2022
2022-03-11,NIFTY500,0.0,0.0,543699.1472144282,543699.1472144282,GOLDBEES,2022-03,2022
2022-03-14,NIFTY100,0.0,0.0,540647.3505462958,540647.3505462958,GOLDBEES,2022-03,2022
2022-03-14,NIFTY500,0.0,0.0,536014.3607358404,536014.3607358404,GOLDBEES,2022-03,2022
2022-03-15,NIFTY100,0.0,0.0,536892.8845736014,536892.8845736014,GOLDBEES,2022-03,2022
2022-03-15,NIFTY500,0.0,0.0,532292.0680505534,532292.0680505534,GOLDBEES,2022-03,2022
2022-03-16,NIFTY100,0.0,0.0,535681.7292591425,535681.7292591425,GOLDBEES,2022-03,2022
2022-03-16,NIFTY500,0.0,0.0,531091.2915351863,531091.2915351863,GOLDBEES,2022-03,2022
2022-03-17,NIFTY100,0.0,0.0,535681.7292591425,535681.7292591425,GOLDBEES,2022-03,2022
2022-03-17,NIFTY500,0.0,0.0,531091.2915351863,531091.2915351863,GOLDBEES,2022-03,2022
2022-03-21,NIFTY100,0.0,0.0,534591.7125765552,534591.7125765552,GOLDBEES,2022-03,2022
2022-03-21,NIFTY500,0.0,0.0,530010.6155738261,530010.6155738261,GOLDBEES,2022-03,2022
2022-03-22,NIFTY100,0.0,0.0,536771.7459417299,536771.7459417299,GOLDBEES,2022-03,2022
2022-03-22,NIFTY500,0.0,0.0,532171.9674965466,532171.9674965466,GOLDBEES,2022-03,2022
2022-03-23,NIFTY100,0.0,0.0,537982.8550553375,537982.8550553375,GOLDBEES,2022-03,2022
2022-03-23,NIFTY500,0.0,0.0,533372.6982069731,533372.6982069731,GOLDBEES,2022-03,2022
2022-03-24,NIFTY100,0.0,0.0,539920.7035584716,539920.7035584716,GOLDBEES,2022-03,2022
2022-03-24,NIFTY500,0.0,0.0,535293.9406315606,535293.9406315606,GOLDBEES,2022-03,2022
2022-03-25,NIFTY100,0.0,0.0,542464.0604175584,542464.0604175584,GOLDBEES,2022-03,2022
2022-03-25,NIFTY500,0.0,0.0,537815.5026064209,537815.5026064209,GOLDBEES,2022-03,2022
2022-03-28,NIFTY100,0.0,0.0,538830.6868758843,538830.6868758843,GOLDBEES,2022-03,2022
2022-03-28,NIFTY500,0.0,0.0,534213.2646702004,534213.2646702004,GOLDBEES,2022-03,2022
2022-03-29,NIFTY100,0.0,0.0,535076.1747023388,535076.1747023388,GOLDBEES,2022-03,2022
2022-03-29,NIFTY500,0.0,0.0,530490.9261799731,530490.9261799731,GOLDBEES,2022-03,2022
2022-03-30,NIFTY100,0.0,0.0,534228.3890826432,534228.3890826432,GOLDBEES,2022-03,2022
2022-03-30,NIFTY500,0.0,0.0,529650.4055216863,529650.4055216863,GOLDBEES,2022-03,2022
2022-03-31,NIFTY100,0.0,0.0,534349.4815136634,534349.4815136634,GOLDBEES,2022-03,2022
2022-03-31,NIFTY500,0.0,0.0,529770.4602707528,529770.4602707528,GOLDBEES,2022-03,2022
2022-04-01,NIFTY100,0.0,0.0,539799.5649266002,539799.5649266002,GOLDBEES,2022-04,2022
2022-04-01,NIFTY500,0.0,0.0,535173.8400775536,535173.8400775536,GOLDBEES,2022-04,2022
2022-04-04,NIFTY100,0.0,0.0,535560.6368281223,535560.6368281223,GOLDBEES,2022-04,2022
2022-04-04,NIFTY500,0.0,0.0,530971.2367861199,530971.2367861199,GOLDBEES,2022-04,2022
2022-04-05,NIFTY100,0.0,0.0,536650.6535107096,536650.6535107096,GOLDBEES,2022-04,2022
2022-04-05,NIFTY500,0.0,0.0,532051.9127474801,532051.9127474801,GOLDBEES,2022-04,2022
2022-04-06,NIFTY100,0.0,0.0,538830.6868758843,538830.6868758843,GOLDBEES,2022-04,2022
2022-04-06,NIFTY500,0.0,0.0,534213.2646702004,534213.2646702004,GOLDBEES,2022-04,2022
2022-04-07,NIFTY100,0.0,0.0,540647.3505462958,540647.3505462958,GOLDBEES,2022-04,2022
2022-04-07,NIFTY500,0.0,0.0,536014.3607358404,536014.3607358404,GOLDBEES,2022-04,2022
2022-04-08,NIFTY100,0.0,0.0,540889.5816091875,540889.5816091875,GOLDBEES,2022-04,2022
2022-04-08,NIFTY500,0.0,0.0,536254.5160389139,536254.5160389139,GOLDBEES,2022-04,2022
2022-04-11,NIFTY100,0.0,0.0,547671.9127676033,547671.9127676033,GOLDBEES,2022-04,2022
2022-04-11,NIFTY500,0.0,0.0,542978.7271101483,542978.7271101483,GOLDBEES,2022-04,2022
2022-04-12,NIFTY100,0.0,0.0,547429.6817047115,547429.6817047115,GOLDBEES,2022-04,2022
2022-04-12,NIFTY500,0.0,0.0,542738.571807075,542738.571807075,GOLDBEES,2022-04,2022
2022-04-13,NIFTY100,0.0,0.0,553848.6431683641,553848.6431683641,GOLDBEES,2022-04,2022
2022-04-13,NIFTY500,0.0,0.0,549102.527021229,549102.527021229,GOLDBEES,2022-04,2022
2022-04-18,NIFTY100,0.0,0.0,559419.8190123211,559419.8190123211,GOLDBEES,2022-04,2022
2022-04-18,NIFTY500,0.0,0.0,554625.9615770964,554625.9615770964,GOLDBEES,2022-04,2022
2022-04-19,NIFTY100,0.0,0.0,556876.4621532343,556876.4621532343,GOLDBEES,2022-04,2022
2022-04-19,NIFTY500,0.0,0.0,552104.3996022361,552104.3996022361,GOLDBEES,2022-04,2022
2022-04-20,NIFTY100,0.0,0.0,547671.9127676033,547671.9127676033,GOLDBEES,2022-04,2022
2022-04-20,NIFTY500,0.0,0.0,542978.7271101483,542978.7271101483,GOLDBEES,2022-04,2022
2022-04-21,NIFTY100,0.0,0.0,547550.7741357319,547550.7741357319,GOLDBEES,2022-04,2022
2022-04-21,NIFTY500,0.0,0.0,542858.6265561414,542858.6265561414,GOLDBEES,2022-04,2022
2022-04-22,NIFTY100,0.0,0.0,549004.1605130824,549004.1605130824,GOLDBEES,2022-04,2022
2022-04-22,NIFTY500,0.0,0.0,544299.558374582,544299.558374582,GOLDBEES,2022-04,2022
2022-04-25,NIFTY100,0.0,0.0,543796.3081630375,543796.3081630375,GOLDBEES,2022-04,2022
2022-04-25,NIFTY500,0.0,0.0,539136.3338708545,539136.3338708545,GOLDBEES,2022-04,2022
2022-04-26,NIFTY100,0.0,0.0,540647.3505462958,540647.3505462958,GOLDBEES,2022-04,2022
2022-04-26,NIFTY500,0.0,0.0,536014.3607358404,536014.3607358404,GOLDBEES,2022-04,2022
2022-04-27,NIFTY100,0.0,0.0,538103.993687209,538103.993687209,GOLDBEES,2022-04,2022
2022-04-27,NIFTY500,0.0,0.0,533492.7987609801,533492.7987609801,GOLDBEES,2022-04,2022
2022-04-28,NIFTY100,0.0,0.0,536892.8845736014,536892.8845736014,GOLDBEES,2022-04,2022
2022-04-28,NIFTY500,0.0,0.0,532292.0680505534,532292.0680505534,GOLDBEES,2022-04,2022
2022-04-29,NIFTY100,0.0,0.0,542464.0604175584,542464.0604175584,GOLDBEES,2022-04,2022
2022-04-29,NIFTY500,0.0,0.0,537815.5026064209,537815.5026064209,GOLDBEES,2022-04,2022
2022-05-02,NIFTY100,0.0,0.0,534833.943639447,534833.943639447,GOLDBEES,2022-05,2022
2022-05-02,NIFTY500,0.0,0.0,530250.7708768996,530250.7708768996,GOLDBEES,2022-05,2022
2022-05-04,NIFTY100,0.0,0.0,532653.9102742723,532653.9102742723,GOLDBEES,2022-05,2022
2022-05-04,NIFTY500,0.0,0.0,528089.4189541793,528089.4189541793,GOLDBEES,2022-05,2022
2022-05-05,NIFTY100,0.0,0.0,539436.2414326881,539436.2414326881,GOLDBEES,2022-05,2022
2022-05-05,NIFTY500,0.0,0.0,534813.6300254137,534813.6300254137,GOLDBEES,2022-05,2022
2022-05-06,NIFTY100,0.0,0.0,539557.3338637084,539557.3338637084,GOLDBEES,2022-05,2022
2022-05-06,NIFTY500,0.0,0.0,534933.6847744802,534933.6847744802,GOLDBEES,2022-05,2022
2022-05-09,NIFTY100,0.0,0.0,537982.8550553375,537982.8550553375,GOLDBEES,2022-05,2022
2022-05-09,NIFTY500,0.0,0.0,533372.6982069731,533372.6982069731,GOLDBEES,2022-05,2022
2022-05-10,NIFTY100,0.0,0.0,536045.0527530547,536045.0527530547,GOLDBEES,2022-05,2022
2022-05-10,NIFTY500,0.0,0.0,531451.5015873262,531451.5015873262,GOLDBEES,2022-05,2022
2022-05-11,NIFTY100,0.0,0.0,533622.8345258394,533622.8345258394,GOLDBEES,2022-05,2022
2022-05-11,NIFTY500,0.0,0.0,529050.0401664729,529050.0401664729,GOLDBEES,2022-05,2022
2022-05-12,NIFTY100,0.0,0.0,533138.3724000559,533138.3724000559,GOLDBEES,2022-05,2022
2022-05-12,NIFTY500,0.0,0.0,528569.7295603261,528569.7295603261,GOLDBEES,2022-05,2022
2022-05-13,NIFTY100,0.0,0.0,525871.5791158566,525871.5791158566,GOLDBEES,2022-05,2022
2022-05-13,NIFTY500,0.0,0.0,521365.20788294467,521365.20788294467,GOLDBEES,2022-05,2022
2022-05-16,NIFTY100,0.0,0.0,522480.4366370742,522480.4366370742,GOLDBEES,2022-05,2022
2022-05-16,NIFTY500,0.0,0.0,518003.1252497977,518003.1252497977,GOLDBEES,2022-05,2022
2022-05-17,NIFTY100,0.0,0.0,527324.9654932071,527324.9654932071,GOLDBEES,2022-05,2022
2022-05-17,NIFTY500,0.0,0.0,522806.1397013853,522806.1397013853,GOLDBEES,2022-05,2022
2022-05-18,NIFTY100,0.0,0.0,525508.2556219444,525508.2556219444,GOLDBEES,2022-05,2022
2022-05-18,NIFTY500,0.0,0.0,521004.9978308048,521004.9978308048,GOLDBEES,2022-05,2022
2022-05-19,NIFTY100,0.0,0.0,527930.5200500109,527930.5200500109,GOLDBEES,2022-05,2022
2022-05-19,NIFTY500,0.0,0.0,523406.5050565986,523406.5050565986,GOLDBEES,2022-05,2022
2022-05-20,NIFTY100,0.0,0.0,531927.217085597,531927.217085597,GOLDBEES,2022-05,2022
2022-05-20,NIFTY500,0.0,0.0,527368.9530449589,527368.9530449589,GOLDBEES,2022-05,2022
2022-05-23,NIFTY100,0.0,0.0,535923.9603220343,535923.9603220343,GOLDBEES,2022-05,2022
2022-05-23,NIFTY500,0.0,0.0,531331.4468382598,531331.4468382598,GOLDBEES,2022-05,2022
2022-05-24,NIFTY100,0.0,0.0,533743.9269568597,533743.9269568597,GOLDBEES,2022-05,2022
2022-05-24,NIFTY500,0.0,0.0,529170.0949155394,529170.0949155394,GOLDBEES,2022-05,2022
2022-05-25,NIFTY100,0.0,0.0,534349.4815136634,534349.4815136634,GOLDBEES,2022-05,2022
2022-05-25,NIFTY500,0.0,0.0,529770.4602707528,529770.4602707528,GOLDBEES,2022-05,2022
2022-05-26,NIFTY100,0.0,0.0,531321.6625287932,531321.6625287932,GOLDBEES,2022-05,2022
2022-05-26,NIFTY500,0.0,0.0,526768.5876897456,526768.5876897456,GOLDBEES,2022-05,2022
2022-05-27,NIFTY100,0.0,0.0,533865.0655887311,533865.0655887311,GOLDBEES,2022-05,2022
2022-05-27,NIFTY500,0.0,0.0,529290.1954695464,529290.1954695464,GOLDBEES,2022-05,2022
2022-05-30,NIFTY100,0.0,0.0,532653.9102742723,532653.9102742723,GOLDBEES,2022-05,2022
2022-05-30,NIFTY500,0.0,0.0,528089.4189541793,528089.4189541793,GOLDBEES,2022-05,2022
2022-05-31,NIFTY100,0.0,0.0,532290.5867803603,532290.5867803603,GOLDBEES,2022-05,2022
2022-05-31,NIFTY500,0.0,0.0,527729.2089020393,527729.2089020393,GOLDBEES,2022-05,2022
2022-06-01,NIFTY100,0.0,0.0,527082.7344303153,527082.7344303153,GOLDBEES,2022-06,2022
2022-06-01,NIFTY500,0.0,0.0,522565.9843983118,522565.9843983118,GOLDBEES,2022-06,2022
2022-06-02,NIFTY100,0.0,0.0,532653.9102742723,532653.9102742723,GOLDBEES,2022-06,2022
2022-06-02,NIFTY500,0.0,0.0,528089.4189541793,528089.4189541793,GOLDBEES,2022-06,2022
2022-06-03,NIFTY100,0.0,0.0,534712.8512084268,534712.8512084268,GOLDBEES,2022-06,2022
2022-06-03,NIFTY500,0.0,0.0,530130.7161278331,530130.7161278331,GOLDBEES,2022-06,2022
2022-06-06,NIFTY100,0.0,0.0,532896.1413371641,532896.1413371641,GOLDBEES,2022-06,2022
2022-06-06,NIFTY500,0.0,0.0,528329.5742572526,528329.5742572526,GOLDBEES,2022-06,2022
2022-06-07,NIFTY100,0.0,0.0,531200.570097773,531200.570097773,GOLDBEES,2022-06,2022
2022-06-07,NIFTY500,0.0,0.0,526648.5329406791,526648.5329406791,GOLDBEES,2022-06,2022
2022-06-08,NIFTY100,0.0,0.0,531442.8011606646,531442.8011606646,GOLDBEES,2022-06,2022
2022-06-08,NIFTY500,0.0,0.0,526888.6882437526,526888.6882437526,GOLDBEES,2022-06,2022
2022-06-09,NIFTY100,0.0,0.0,532290.5867803603,532290.5867803603,GOLDBEES,2022-06,2022
2022-06-09,NIFTY500,0.0,0.0,527729.2089020393,527729.2089020393,GOLDBEES,2022-06,2022
2022-06-10,NIFTY100,0.0,0.0,530595.0155409691,530595.0155409691,GOLDBEES,2022-06,2022
2022-06-10,NIFTY500,0.0,0.0,526048.1675854658,526048.1675854658,GOLDBEES,2022-06,2022
2022-06-13,NIFTY100,0.0,0.0,535197.267133359,535197.267133359,GOLDBEES,2022-06,2022
2022-06-13,NIFTY500,0.0,0.0,530610.9809290395,530610.9809290395,GOLDBEES,2022-06,2022
2022-06-14,NIFTY100,0.0,0.0,527688.2889871191,527688.2889871191,GOLDBEES,2022-06,2022
2022-06-14,NIFTY500,0.0,0.0,523166.34975352517,523166.34975352517,GOLDBEES,2022-06,2022
2022-06-15,NIFTY100,0.0,0.0,528172.7511129027,528172.7511129027,GOLDBEES,2022-06,2022
2022-06-15,NIFTY500,0.0,0.0,523646.66035967204,523646.66035967204,GOLDBEES,2022-06,2022
2022-06-16,NIFTY100,0.0,0.0,529504.9988583818,529504.9988583818,GOLDBEES,2022-06,2022
2022-06-16,NIFTY500,0.0,0.0,524967.4916241056,524967.4916241056,GOLDBEES,2022-06,2022
2022-06-17,NIFTY100,0.0,0.0,533865.0655887311,533865.0655887311,GOLDBEES,2022-06,2022
2022-06-17,NIFTY500,0.0,0.0,529290.1954695464,529290.1954695464,GOLDBEES,2022-06,2022
2022-06-20,NIFTY100,0.0,0.0,530716.1079719894,530716.1079719894,GOLDBEES,2022-06,2022
2022-06-20,NIFTY500,0.0,0.0,526168.2223345323,526168.2223345323,GOLDBEES,2022-06,2022
2022-06-21,NIFTY100,0.0,0.0,530231.6458462059,530231.6458462059,GOLDBEES,2022-06,2022
2022-06-21,NIFTY500,0.0,0.0,525687.9117283854,525687.9117283854,GOLDBEES,2022-06,2022
2022-06-22,NIFTY100,0.0,0.0,529020.5367325982,529020.5367325982,GOLDBEES,2022-06,2022
2022-06-22,NIFTY500,0.0,0.0,524487.1810179588,524487.1810179588,GOLDBEES,2022-06,2022
2022-06-23,NIFTY100,0.0,0.0,529989.4147833141,529989.4147833141,GOLDBEES,2022-06,2022
2022-06-23,NIFTY500,0.0,0.0,525447.756425312,525447.756425312,GOLDBEES,2022-06,2022
2022-06-24,NIFTY100,0.0,0.0,528778.3056697065,528778.3056697065,GOLDBEES,2022-06,2022
2022-06-24,NIFTY500,0.0,0.0,524247.0257148853,524247.0257148853,GOLDBEES,2022-06,2022
2022-06-27,NIFTY100,0.0,0.0,531321.6625287932,531321.6625287932,GOLDBEES,2022-06,2022
2022-06-27,NIFTY500,0.0,0.0,526768.5876897456,526768.5876897456,GOLDBEES,2022-06,2022
2022-06-28,NIFTY100,0.0,0.0,530473.8769090977,530473.8769090977,GOLDBEES,2022-06,2022
2022-06-28,NIFTY500,0.0,0.0,525928.0670314588,525928.0670314588,GOLDBEES,2022-06,2022
2022-06-29,NIFTY100,0.0,0.0,529989.4147833141,529989.4147833141,GOLDBEES,2022-06,2022
2022-06-29,NIFTY500,0.0,0.0,525447.756425312,525447.756425312,GOLDBEES,2022-06,2022
2022-06-30,NIFTY100,0.0,0.0,529989.4147833141,529989.4147833141,GOLDBEES,2022-06,2022
2022-06-30,NIFTY500,0.0,0.0,525447.756425312,525447.756425312,GOLDBEES,2022-06,2022
2022-07-01,NIFTY100,0.0,0.0,537256.2080675134,537256.2080675134,GOLDBEES,2022-07,2022
2022-07-01,NIFTY500,0.0,0.0,532652.2781026934,532652.2781026934,GOLDBEES,2022-07,2022
2022-07-04,NIFTY100,0.0,0.0,541131.8126720793,541131.8126720793,GOLDBEES,2022-07,2022
2022-07-04,NIFTY500,0.0,0.0,536494.6713419872,536494.6713419872,GOLDBEES,2022-07,2022
2022-07-05,NIFTY100,0.0,0.0,542585.1528485786,542585.1528485786,GOLDBEES,2022-07,2022
2022-07-05,NIFTY500,0.0,0.0,537935.5573554874,537935.5573554874,GOLDBEES,2022-07,2022
2022-07-06,NIFTY100,0.0,0.0,534955.0360704673,534955.0360704673,GOLDBEES,2022-07,2022
2022-07-06,NIFTY500,0.0,0.0,530370.8256259661,530370.8256259661,GOLDBEES,2022-07,2022
2022-07-07,NIFTY100,0.0,0.0,527930.5200500109,527930.5200500109,GOLDBEES,2022-07,2022
2022-07-07,NIFTY500,0.0,0.0,523406.5050565986,523406.5050565986,GOLDBEES,2022-07,2022
2022-07-08,NIFTY100,0.0,0.0,527688.2889871191,527688.2889871191,GOLDBEES,2022-07,2022
2022-07-08,NIFTY500,0.0,0.0,523166.34975352517,523166.34975352517,GOLDBEES,2022-07,2022
2022-07-11,NIFTY100,0.0,0.0,527567.1965560989,527567.1965560989,GOLDBEES,2022-07,2022
2022-07-11,NIFTY500,0.0,0.0,523046.2950044587,523046.2950044587,GOLDBEES,2022-07,2022
2022-07-12,NIFTY100,0.0,0.0,528293.843543923,528293.843543923,GOLDBEES,2022-07,2022
2022-07-12,NIFTY500,0.0,0.0,523766.7151087385,523766.7151087385,GOLDBEES,2022-07,2022
2022-07-13,NIFTY100,0.0,0.0,526113.8101787483,526113.8101787483,GOLDBEES,2022-07,2022
2022-07-13,NIFTY500,0.0,0.0,521605.36318601813,521605.36318601813,GOLDBEES,2022-07,2022
2022-07-14,NIFTY100,0.0,0.0,524418.2389393571,524418.2389393571,GOLDBEES,2022-07,2022
2022-07-14,NIFTY500,0.0,0.0,519924.3218694446,519924.3218694446,GOLDBEES,2022-07,2022
2022-07-15,NIFTY100,0.0,0.0,522117.11314316216,522117.11314316216,GOLDBEES,2022-07,2022
2022-07-15,NIFTY500,0.0,0.0,517642.91519765777,517642.91519765777,GOLDBEES,2022-07,2022
2022-07-18,NIFTY100,0.0,0.0,527446.0579242274,527446.0579242274,GOLDBEES,2022-07,2022
2022-07-18,NIFTY500,0.0,0.0,522926.19445045176,522926.19445045176,GOLDBEES,2022-07,2022
2022-07-19,NIFTY100,0.0,0.0,525508.2556219444,525508.2556219444,GOLDBEES,2022-07,2022
2022-07-19,NIFTY500,0.0,0.0,521004.9978308048,521004.9978308048,GOLDBEES,2022-07,2022
2022-07-20,NIFTY100,0.0,0.0,525508.2556219444,525508.2556219444,GOLDBEES,2022-07,2022
2022-07-20,NIFTY500,0.0,0.0,521004.9978308048,521004.9978308048,GOLDBEES,2022-07,2022
2022-07-21,NIFTY100,0.0,0.0,521148.1888915951,521148.1888915951,GOLDBEES,2022-07,2022
2022-07-21,NIFTY500,0.0,0.0,516682.2939853641,516682.2939853641,GOLDBEES,2022-07,2022
2022-07-22,NIFTY100,0.0,0.0,529141.6291636185,529141.6291636185,GOLDBEES,2022-07,2022
2022-07-22,NIFTY500,0.0,0.0,524607.2357670253,524607.2357670253,GOLDBEES,2022-07,2022
2022-07-25,NIFTY100,0.0,526878.6921988733,0.0,526878.6921988733,"ADANIENT,ABB,EICHERMOT,BAJAJ-AUTO,BANKBARODA",2022-07,2022
2022-07-25,NIFTY500,0.0,522363.69067368883,0.0,522363.69067368883,"ADANIPOWER,ATGL,TIMKEN,M&M,ITC,SCHAEFFLER,VBL,CUMMINSIND,BLUEDART,COROMANDEL",2022-07,2022
2022-07-26,NIFTY100,101354.25638455621,421197.9850784865,0.0,522552.2414630427,"ADANIENT,ABB,BAJAJ-AUTO,BANKBARODA",2022-07,2022
2022-07-26,NIFTY500,158276.61734097794,363622.1010828129,0.0,521898.7184237908,"ADANIPOWER,M&M,ITC,SCHAEFFLER,VBL,CUMMINSIND,BLUEDART",2022-07,2022
2022-07-27,NIFTY100,101354.25638455621,421816.9763594983,0.0,523171.2327440545,"ADANIENT,ABB,BAJAJ-AUTO,BANKBARODA",2022-07,2022
2022-07-27,NIFTY500,158276.61734097794,366341.46484207374,0.0,524618.0821830516,"ADANIPOWER,M&M,ITC,SCHAEFFLER,VBL,CUMMINSIND,BLUEDART",2022-07,2022
2022-07-28,NIFTY100,201525.58340066642,319716.89715750964,0.0,521242.48055817606,"ADANIENT,ABB,BANKBARODA",2022-07,2022
2022-07-28,NIFTY500,158276.61734097794,371489.37056595,0.0,529765.9879069279,"ADANIPOWER,M&M,ITC,SCHAEFFLER,VBL,CUMMINSIND,BLUEDART",2022-07,2022
2022-07-29,NIFTY100,201525.58340066642,320227.9555914852,0.0,521753.5389921516,"ADANIENT,ABB,BANKBARODA",2022-07,2022
2022-07-29,NIFTY500,158276.61734097794,377706.22928105696,0.0,535982.8466220349,"ADANIPOWER,M&M,ITC,SCHAEFFLER,VBL,CUMMINSIND,BLUEDART",2022-07,2022
2022-08-01,NIFTY100,307338.017531443,218546.2123164101,0.0,525884.2298478531,"ADANIENT,ABB",2022-08,2022
2022-08-01,NIFTY500,158276.61734097794,387459.77237753104,0.0,545736.389718509,"ADANIPOWER,M&M,ITC,SCHAEFFLER,VBL,CUMMINSIND,BLUEDART",2022-08,2022
2022-08-02,NIFTY100,307338.017531443,220074.6436624517,0.0,527412.6611938947,"ADANIENT,ABB",2022-08,2022
2022-08-02,NIFTY500,158276.61734097794,389394.5649809975,0.0,547671.1823219755,"ADANIPOWER,M&M,ITC,SCHAEFFLER,VBL,CUMMINSIND,BLUEDART",2022-08,2022
2022-08-03,NIFTY100,307338.017531443,217825.9135421942,0.0,525163.9310736372,"ADANIENT,ABB",2022-08,2022
2022-08-03,NIFTY500,158276.61734097794,391950.8899322125,0.0,550227.5072731904,"ADANIPOWER,M&M,ITC,SCHAEFFLER,VBL,CUMMINSIND,BLUEDART",2022-08,2022
2022-08-04,NIFTY100,307338.017531443,218212.89157491538,0.0,525550.9091063584,"ADANIENT,ABB",2022-08,2022
2022-08-04,NIFTY500,158276.61734097794,396757.15487094957,0.0,555033.7722119275,"ADANIPOWER,M&M,ITC,SCHAEFFLER,VBL,CUMMINSIND,BLUEDART",2022-08,2022
2022-08-05,NIFTY100,307338.017531443,217923.8016717179,0.0,525261.8192031609,"ADANIENT,ABB",2022-08,2022
2022-08-05,NIFTY500,158276.61734097794,394670.53792279,0.0,552947.1552637679,"ADANIPOWER,M&M,ITC,SCHAEFFLER,VBL,CUMMINSIND,BLUEDART",2022-08,2022
2022-08-08,NIFTY100,307338.017531443,223134.87809194738,0.0,530472.8956233903,"ADANIENT,ABB",2022-08,2022
2022-08-08,NIFTY500,158276.61734097794,396378.9602136346,0.0,554655.5775546125,"ADANIPOWER,M&M,ITC,SCHAEFFLER,VBL,CUMMINSIND,BLUEDART",2022-08,2022
2022-08-10,NIFTY100,307338.017531443,226534.67315534514,0.0,533872.6906867882,"ADANIENT,ABB",2022-08,2022
2022-08-10,NIFTY500,158276.61734097794,396655.96621155326,0.0,554932.5835525312,"ADANIPOWER,M&M,ITC,SCHAEFFLER,VBL,CUMMINSIND,BLUEDART",2022-08,2022
2022-08-11,NIFTY100,307338.017531443,227906.4863566552,0.0,535244.5038880982,"ADANIENT,ABB",2022-08,2022
2022-08-11,NIFTY500,158276.61734097794,400535.35897828976,0.0,558811.9763192676,"ADANIPOWER,M&M,ITC,SCHAEFFLER,VBL,CUMMINSIND,BLUEDART",2022-08,2022
2022-08-12,NIFTY100,307338.017531443,229148.72173073195,0.0,536486.7392621749,"ADANIENT,ABB",2022-08,2022
2022-08-12,NIFTY500,158276.61734097794,403178.60187739076,0.0,561455.2192183686,"ADANIPOWER,M&M,ITC,SCHAEFFLER,VBL,CUMMINSIND,BLUEDART",2022-08,2022
2022-08-16,NIFTY100,307338.017531443,237743.92931699072,0.0,545081.9468484337,"ADANIENT,ABB",2022-08,2022
2022-08-16,NIFTY500,158276.61734097794,409174.8781476717,0.0,567451.4954886497,"ADANIPOWER,M&M,ITC,SCHAEFFLER,VBL,CUMMINSIND,BLUEDART",2022-08,2022
2022-08-17,NIFTY100,307338.017531443,238880.9139959258,0.0,546218.9315273687,"ADANIENT,ABB",2022-08,2022
2022-08-17,NIFTY500,158276.61734097794,409840.1115449184,0.0,568116.7288858963,"ADANIPOWER,M&M,ITC,SCHAEFFLER,VBL,CUMMINSIND,BLUEDART",2022-08,2022
2022-08-18,NIFTY100,307338.017531443,244931.96478316057,0.0,552269.9823146035,"ADANIENT,ABB",2022-08,2022
2022-08-18,NIFTY500,211783.11852756594,360819.4298855727,0.0,572602.5484131386,"ADANIPOWER,M&M,ITC,SCHAEFFLER,VBL,CUMMINSIND",2022-08,2022
2022-08-19,NIFTY100,307338.017531443,243862.03188680718,0.0,551200.0494182501,"ADANIENT,ABB",2022-08,2022
2022-08-19,NIFTY500,211783.11852756594,357208.471504565,0.0,568991.590032131,"ADANIPOWER,M&M,ITC,SCHAEFFLER,VBL,CUMMINSIND",2022-08,2022
2022-08-22,NIFTY100,307338.017531443,239825.4026942507,0.0,547163.4202256936,"ADANIENT,ABB",2022-08,2022
2022-08-22,NIFTY500,211783.11852756594,356293.36192436394,0.0,568076.4804519298,"ADANIPOWER,M&M,ITC,SCHAEFFLER,VBL,CUMMINSIND",2022-08,2022
2022-08-23,NIFTY100,0.0,545861.2378975137,0.0,545861.2378975137,"ADANIENT,ABB,COALINDIA,EICHERMOT,BASF",2022-08,2022
2022-08-23,NIFTY500,0.0,569209.7500945169,0.0,569209.7500945169,"ADANIPOWER,M&M,ITC,SCHAEFFLER,VBL,CUMMINSIND,ATGL,TIMKEN,HAL,SKFINDIA",2022-08,2022
2022-08-24,NIFTY100,105135.15593016462,461249.3368093077,0.0,566384.4927394723,"ADANIENT,ABB,COALINDIA,EICHERMOT",2022-08,2022
2022-08-24,NIFTY500,0.0,574331.2449674673,0.0,574331.2449674673,"ADANIPOWER,M&M,ITC,SCHAEFFLER,VBL,CUMMINSIND,ATGL,TIMKEN,HAL,SKFINDIA",2022-08,2022
2022-08-25,NIFTY100,105135.15593016462,463162.53841849684,0.0,568297.6943486615,"ADANIENT,ABB,COALINDIA,EICHERMOT",2022-08,2022
2022-08-25,NIFTY500,52402.44325415167,520892.8475464631,0.0,573295.2908006147,"ADANIPOWER,M&M,ITC,SCHAEFFLER,VBL,ATGL,TIMKEN,HAL,SKFINDIA",2022-08,2022
2022-08-26,NIFTY100,105135.15593016462,465795.9759408068,0.0,570931.1318709714,"ADANIENT,ABB,COALINDIA,EICHERMOT",2022-08,2022
2022-08-26,NIFTY500,107786.38401950317,464453.60670574254,0.0,572239.9907252457,"ADANIPOWER,M&M,ITC,SCHAEFFLER,VBL,TIMKEN,HAL,SKFINDIA",2022-08,2022
2022-08-29,NIFTY100,105135.15593016462,465299.62811895355,0.0,570434.7840491182,"ADANIENT,ABB,COALINDIA,EICHERMOT",2022-08,2022
2022-08-29,NIFTY500,107786.38401950317,467716.0697111159,0.0,575502.453730619,"ADANIPOWER,M&M,ITC,SCHAEFFLER,VBL,TIMKEN,HAL,SKFINDIA",2022-08,2022
2022-08-30,NIFTY100,105135.15593016462,474076.5568119007,0.0,579211.7127420653,"ADANIENT,ABB,COALINDIA,EICHERMOT",2022-08,2022
2022-08-30,NIFTY500,107786.38401950317,478672.7518983709,0.0,586459.135917874,"ADANIPOWER,M&M,ITC,SCHAEFFLER,VBL,TIMKEN,HAL,SKFINDIA",2022-08,2022
2022-09-01,NIFTY100,105135.15593016462,480674.65126952785,0.0,585809.8071996925,"ADANIENT,ABB,COALINDIA,EICHERMOT",2022-09,2022
2022-09-01,NIFTY500,163880.2897184297,426262.5812084601,0.0,590142.8709268898,"ADANIPOWER,M&M,ITC,SCHAEFFLER,VBL,HAL,SKFINDIA",2022-09,2022
2022-09-02,NIFTY100,105135.15593016462,484326.30377864995,0.0,589461.4597088145,"ADANIENT,ABB,COALINDIA,EICHERMOT",2022-09,2022
2022-09-02,NIFTY500,163880.2897184297,426913.78073884186,0.0,590794.0704572715,"ADANIPOWER,M&M,ITC,SCHAEFFLER,VBL,HAL,SKFINDIA",2022-09,2022
2022-09-05,NIFTY100,105135.15593016462,481268.47975533816,0.0,586403.6356855028,"ADANIENT,ABB,COALINDIA,EICHERMOT",2022-09,2022
2022-09-05,NIFTY500,163880.2897184297,429679.334651138,0.0,593559.6243695677,"ADANIPOWER,M&M,ITC,SCHAEFFLER,VBL,HAL,SKFINDIA",2022-09,2022
2022-09-06,NIFTY100,105135.15593016462,488671.0259929474,0.0,593806.181923112,"ADANIENT,ABB,COALINDIA,EICHERMOT",2022-09,2022
2022-09-06,NIFTY500,163880.2897184297,435166.26194714283,0.0,599046.5516655726,"ADANIPOWER,M&M,ITC,SCHAEFFLER,VBL,HAL,SKFINDIA",2022-09,2022
2022-09-07,NIFTY100,217646.094353673,377716.8669702483,0.0,595362.9613239213,"ADANIENT,ABB,EICHERMOT",2022-09,2022
2022-09-07,NIFTY500,163880.2897184297,434712.7308414015,0.0,598593.0205598312,"ADANIPOWER,M&M,ITC,SCHAEFFLER,VBL,HAL,SKFINDIA",2022-09,2022
2022-09-08,NIFTY100,217646.094353673,378846.7688621495,0.0,596492.8632158225,"ADANIENT,ABB,EICHERMOT",2022-09,2022
2022-09-08,NIFTY500,163880.2897184297,442246.1811618295,0.0,606126.4708802592,"ADANIPOWER,M&M,ITC,SCHAEFFLER,VBL,HAL,SKFINDIA",2022-09,2022
2022-09-09,NIFTY100,217646.094353673,379662.05114221177,0.0,597308.1454958848,"ADANIENT,ABB,EICHERMOT",2022-09,2022
2022-09-09,NIFTY500,163880.2897184297,441800.2399364403,0.0,605680.52965487,"ADANIPOWER,M&M,ITC,SCHAEFFLER,VBL,HAL,SKFINDIA",2022-09,2022
2022-09-12,NIFTY100,217646.094353673,382776.0226052197,0.0,600422.1169588927,"ADANIENT,ABB,EICHERMOT",2022-09,2022
2022-09-12,NIFTY500,163880.2897184297,443930.5818733761,0.0,607810.8715918058,"ADANIPOWER,M&M,ITC,SCHAEFFLER,VBL,HAL,SKFINDIA",2022-09,2022
2022-09-13,NIFTY100,217646.094353673,387266.1664683623,0.0,604912.2608220354,"ADANIENT,ABB,EICHERMOT",2022-09,2022
2022-09-13,NIFTY500,163880.2897184297,444485.38302111777,0.0,608365.6727395474,"ADANIPOWER,M&M,ITC,SCHAEFFLER,VBL,HAL,SKFINDIA",2022-09,2022
2022-09-14,NIFTY100,217646.094353673,385828.0004752792,0.0,603474.0948289521,"ADANIENT,ABB,EICHERMOT",2022-09,2022
2022-09-14,NIFTY500,163880.2897184297,441418.35047455574,0.0,605298.6401929854,"ADANIPOWER,M&M,ITC,SCHAEFFLER,VBL,HAL,SKFINDIA",2022-09,2022
2022-09-15,NIFTY100,217646.094353673,396028.547735514,0.0,613674.6420891869,"ADANIENT,ABB,EICHERMOT",2022-09,2022
2022-09-15,NIFTY500,163880.2897184297,445672.07928853517,0.0,609552.3690069648,"ADANIPOWER,M&M,ITC,SCHAEFFLER,VBL,HAL,SKFINDIA",2022-09,2022
2022-09-16,NIFTY100,217646.094353673,387305.75485638727,0.0,604951.8492100602,"ADANIENT,ABB,EICHERMOT",2022-09,2022
2022-09-16,NIFTY500,163880.2897184297,434028.6293449232,0.0,597908.9190633529,"ADANIPOWER,M&M,ITC,SCHAEFFLER,VBL,HAL,SKFINDIA",2022-09,2022
2022-09-19,NIFTY100,217646.094353673,390909.4573769866,0.0,608555.5517306596,"ADANIENT,ABB,EICHERMOT",2022-09,2022
2022-09-19,NIFTY500,273719.39520610054,323221.82178549696,0.0,596941.2169915976,"ADANIPOWER,ITC,SCHAEFFLER,VBL,HAL",2022-09,2022
2022-09-20,NIFTY100,217646.094353673,396672.33209729206,0.0,614318.426450965,"ADANIENT,ABB,EICHERMOT",2022-09,2022
2022-09-20,NIFTY500,332323.3119154243,266337.43213518854,0.0,598660.7440506129,"ADANIPOWER,ITC,SCHAEFFLER,VBL",2022-09,2022
2022-09-21,NIFTY100,217646.094353673,386782.65452942095,0.0,604428.7488830939,"ADANIENT,ABB,EICHERMOT",2022-09,2022
2022-09-21,NIFTY500,332323.3119154243,266476.86257863074,0.0,598800.1744940551,"ADANIPOWER,ITC,SCHAEFFLER,VBL",2022-09,2022
2022-09-22,NIFTY100,0.0,609967.9304336982,0.0,609967.9304336982,"ADANIENT,ABB,EICHERMOT,AMBUJACEM,APOLLOTYRE",2022-09,2022
2022-09-22,NIFTY500,0.0,602608.51265171,0.0,602608.51265171,"ADANIPOWER,ITC,SCHAEFFLER,VBL,ATGL,HAL,TIINDIA,INDHOTEL,BEL,M&M",2022-09,2022
2022-09-23,NIFTY100,0.0,608763.5728476552,0.0,608763.5728476552,"ADANIENT,ABB,EICHERMOT,AMBUJACEM,APOLLOTYRE",2022-09,2022
2022-09-23,NIFTY500,54211.74475548687,542652.0585411824,0.0,596863.8032966693,"ADANIPOWER,ITC,SCHAEFFLER,VBL,ATGL,HAL,TIINDIA,INDHOTEL,BEL",2022-09,2022
2022-09-26,NIFTY100,0.0,584933.2003857476,0.0,584933.2003857476,"ADANIENT,ABB,EICHERMOT,AMBUJACEM,APOLLOTYRE",2022-09,2022
2022-09-26,NIFTY500,54211.74475548687,519646.18123374553,0.0,573857.9259892324,"ADANIPOWER,ITC,SCHAEFFLER,VBL,ATGL,HAL,TIINDIA,INDHOTEL,BEL",2022-09,2022
2022-09-27,NIFTY100,0.0,584834.3253927061,0.0,584834.3253927061,"ADANIENT,ABB,EICHERMOT,AMBUJACEM,APOLLOTYRE",2022-09,2022
2022-09-27,NIFTY500,54211.74475548687,515999.50640530593,0.0,570211.2511607928,"ADANIPOWER,ITC,SCHAEFFLER,VBL,ATGL,HAL,TIINDIA,INDHOTEL,BEL",2022-09,2022
2022-09-28,NIFTY100,0.0,584580.4778771356,0.0,584580.4778771356,"ADANIENT,ABB,EICHERMOT,AMBUJACEM,APOLLOTYRE",2022-09,2022
2022-09-28,NIFTY500,54211.74475548687,514424.5863820004,0.0,568636.3311374873,"ADANIPOWER,ITC,SCHAEFFLER,VBL,ATGL,HAL,TIINDIA,INDHOTEL,BEL",2022-09,2022
2022-09-29,NIFTY100,0.0,580882.8673995542,0.0,580882.8673995542,"ADANIENT,ABB,EICHERMOT,AMBUJACEM,APOLLOTYRE",2022-09,2022
2022-09-29,NIFTY500,54211.74475548687,514120.15627610154,0.0,568331.9010315884,"ADANIPOWER,ITC,SCHAEFFLER,VBL,ATGL,HAL,TIINDIA,INDHOTEL,BEL",2022-09,2022
2022-09-30,NIFTY100,0.0,590229.6022984596,0.0,590229.6022984596,"ADANIENT,ABB,EICHERMOT,AMBUJACEM,APOLLOTYRE",2022-09,2022
2022-09-30,NIFTY500,109868.36483891249,466914.0138172995,0.0,576782.378656212,"ADANIPOWER,ITC,SCHAEFFLER,VBL,ATGL,HAL,INDHOTEL,BEL",2022-09,2022
2022-10-03,NIFTY100,0.0,556490.0118488251,0.0,556490.0118488251,"ADANIENT,ABB,EICHERMOT,AMBUJACEM,APOLLOTYRE",2022-10,2022
2022-10-03,NIFTY500,173661.63507547663,394044.8324650121,0.0,567706.4675404887,"ADANIPOWER,ITC,SCHAEFFLER,ATGL,HAL,INDHOTEL,BEL",2022-10,2022
2022-10-04,NIFTY100,103762.69988963506,466090.14887503453,0.0,569852.8487646696,"ADANIENT,ABB,EICHERMOT,AMBUJACEM",2022-10,2022
2022-10-04,NIFTY500,223517.99402378194,353723.39135484694,0.0,577241.3853786289,"ADANIPOWER,ITC,SCHAEFFLER,HAL,INDHOTEL,BEL",2022-10,2022
2022-10-06,NIFTY100,103762.69988963506,474602.9983809606,0.0,578365.6982705956,"ADANIENT,ABB,EICHERMOT,AMBUJACEM",2022-10,2022
2022-10-06,NIFTY500,223517.99402378194,363140.4870122134,0.0,586658.4810359953,"ADANIPOWER,ITC,SCHAEFFLER,HAL,INDHOTEL,BEL",2022-10,2022
2022-10-07,NIFTY100,103762.69988963506,480546.5978304222,0.0,584309.2977200573,"ADANIENT,ABB,EICHERMOT,AMBUJACEM",2022-10,2022
2022-10-07,NIFTY500,223517.99402378194,361622.6449673531,0.0,585140.638991135,"ADANIPOWER,ITC,SCHAEFFLER,HAL,INDHOTEL,BEL",2022-10,2022
2022-10-10,NIFTY100,211169.63653582922,370345.78993640677,0.0,581515.4264722359,"ADANIENT,ABB,AMBUJACEM",2022-10,2022
2022-10-10,NIFTY500,223517.99402378194,356117.21390852955,0.0,579635.2079323115,"ADANIPOWER,ITC,SCHAEFFLER,HAL,INDHOTEL,BEL",2022-10,2022
2022-10-11,NIFTY100,211169.63653582922,365557.44329232094,0.0,576727.0798281501,"ADANIENT,ABB,AMBUJACEM",2022-10,2022
2022-10-11,NIFTY500,223517.99402378194,351802.4856461364,0.0,575320.4796699183,"ADANIPOWER,ITC,SCHAEFFLER,HAL,INDHOTEL,BEL",2022-10,2022
2022-10-12,NIFTY100,211169.63653582922,366489.0217936647,0.0,577658.658329494,"ADANIENT,ABB,AMBUJACEM",2022-10,2022
2022-10-12,NIFTY500,223517.99402378194,352374.71676549426,0.0,575892.7107892762,"ADANIPOWER,ITC,SCHAEFFLER,HAL,INDHOTEL,BEL",2022-10,2022
2022-10-13,NIFTY100,211169.63653582922,365840.2194112359,0.0,577009.8559470652,"ADANIENT,ABB,AMBUJACEM",2022-10,2022
2022-10-13,NIFTY500,223517.99402378194,347314.84480241465,0.0,570832.8388261966,"ADANIPOWER,ITC,SCHAEFFLER,HAL,INDHOTEL,BEL",2022-10,2022
2022-10-14,NIFTY100,211169.63653582922,363081.4129619453,0.0,574251.0494977746,"ADANIENT,ABB,AMBUJACEM",2022-10,2022
2022-10-14,NIFTY500,223517.99402378194,340980.3996905555,0.0,564498.3937143375,"ADANIPOWER,ITC,SCHAEFFLER,HAL,INDHOTEL,BEL",2022-10,2022
2022-10-17,NIFTY100,211169.63653582922,367174.4707910444,0.0,578344.1073268736,"ADANIENT,ABB,AMBUJACEM",2022-10,2022
2022-10-17,NIFTY500,223517.99402378194,347000.99362246087,0.0,570518.9876462428,"ADANIPOWER,ITC,SCHAEFFLER,HAL,INDHOTEL,BEL",2022-10,2022
2022-10-18,NIFTY100,211169.63653582922,368143.3027548065,0.0,579312.9392906358,"ADANIENT,ABB,AMBUJACEM",2022-10,2022
2022-10-18,NIFTY500,223517.99402378194,352895.05483898154,0.0,576413.0488627634,"ADANIPOWER,ITC,SCHAEFFLER,HAL,INDHOTEL,BEL",2022-10,2022
2022-10-19,NIFTY100,316894.10326142027,263640.2627533384,0.0,580534.3660147586,"ADANIENT,ABB",2022-10,2022
2022-10-19,NIFTY500,223517.99402378194,351155.34874522797,0.0,574673.3427690099,"ADANIPOWER,ITC,SCHAEFFLER,HAL,INDHOTEL,BEL",2022-10,2022
2022-10-20,NIFTY100,316894.10326142027,262901.53107116045,0.0,579795.6343325807,"ADANIENT,ABB",2022-10,2022
2022-10-20,NIFTY500,223517.99402378194,346830.7771964369,0.0,570348.7712202189,"ADANIPOWER,ITC,SCHAEFFLER,HAL,INDHOTEL,BEL",2022-10,2022
2022-10-21,NIFTY100,316894.10326142027,257444.23347053633,0.0,574338.3367319566,"ADANIENT,ABB",2022-10,2022
2022-10-21,NIFTY500,287131.2801180622,280132.4112129692,0.0,567263.6913310315,"ADANIPOWER,ITC,HAL,INDHOTEL,BEL",2022-10,2022
2022-10-24,NIFTY100,0.0,574322.7124708171,0.0,574322.7124708171,"ADANIENT,ABB,BANKBARODA,COALINDIA,EICHERMOT",2022-10,2022
2022-10-24,NIFTY500,0.0,569121.9871390162,0.0,569121.9871390162,"ADANIPOWER,ITC,HAL,INDHOTEL,METROBRAND,SCHAEFFLER,IDFCFIRSTB,SOLARINDS,INDIANB,TIINDIA",2022-10,2022
2022-10-25,NIFTY100,0.0,577009.1753401821,0.0,577009.1753401821,"ADANIENT,ABB,BANKBARODA,COALINDIA,EICHERMOT",2022-10,2022
2022-10-25,NIFTY500,118075.07685287445,448912.86696837493,0.0,566987.9438212494,"ITC,HAL,INDHOTEL,METROBRAND,SCHAEFFLER,IDFCFIRSTB,SOLARINDS,INDIANB",2022-10,2022
2022-10-27,NIFTY100,0.0,578824.5994441216,0.0,578824.5994441216,"ADANIENT,ABB,BANKBARODA,COALINDIA,EICHERMOT",2022-10,2022
2022-10-27,NIFTY500,171103.17986725798,394366.23430752265,0.0,565469.4141747806,"ITC,HAL,INDHOTEL,METROBRAND,IDFCFIRSTB,SOLARINDS,INDIANB",2022-10,2022
2022-10-28,NIFTY100,0.0,576319.8609143562,0.0,576319.8609143562,"ADANIENT,ABB,BANKBARODA,COALINDIA,EICHERMOT",2022-10,2022
2022-10-28,NIFTY500,222959.74035817842,342815.64895182126,0.0,565775.3893099996,"ITC,HAL,INDHOTEL,IDFCFIRSTB,SOLARINDS,INDIANB",2022-10,2022
2022-10-31,NIFTY100,118332.71709031133,466471.7431214522,0.0,584804.4602117635,"ADANIENT,BANKBARODA,COALINDIA,EICHERMOT",2022-10,2022
2022-10-31,NIFTY500,222959.74035817842,347922.9253396406,0.0,570882.665697819,"ITC,HAL,INDHOTEL,IDFCFIRSTB,SOLARINDS,INDIANB",2022-10,2022
2022-11-01,NIFTY100,118332.71709031133,474451.6520090455,0.0,592784.3690993568,"ADANIENT,BANKBARODA,COALINDIA,EICHERMOT",2022-11,2022
2022-11-01,NIFTY500,222959.74035817842,348759.71783662774,0.0,571719.4581948061,"ITC,HAL,INDHOTEL,IDFCFIRSTB,SOLARINDS,INDIANB",2022-11,2022
2022-11-02,NIFTY100,118332.71709031133,472272.40559664427,0.0,590605.1226869556,"ADANIENT,BANKBARODA,COALINDIA,EICHERMOT",2022-11,2022
2022-11-02,NIFTY500,222959.74035817842,347492.85263039597,0.0,570452.5929885744,"ITC,HAL,INDHOTEL,IDFCFIRSTB,SOLARINDS,INDIANB",2022-11,2022
2022-11-03,NIFTY100,118332.71709031133,472112.9544662767,0.0,590445.671556588,"ADANIENT,BANKBARODA,COALINDIA,EICHERMOT",2022-11,2022
2022-11-03,NIFTY500,222959.74035817842,351893.23817710363,0.0,574852.9785352821,"ITC,HAL,INDHOTEL,IDFCFIRSTB,SOLARINDS,INDIANB",2022-11,2022
2022-11-04,NIFTY100,118332.71709031133,479399.0898291031,0.0,597731.8069194144,"ADANIENT,BANKBARODA,COALINDIA,EICHERMOT",2022-11,2022
2022-11-04,NIFTY500,222959.74035817842,351174.0192341594,0.0,574133.7595923378,"ITC,HAL,INDHOTEL,IDFCFIRSTB,SOLARINDS,INDIANB",2022-11,2022
2022-11-07,NIFTY100,233671.8609153856,383419.1619434796,0.0,617091.0228588652,"ADANIENT,COALINDIA,EICHERMOT",2022-11,2022
2022-11-07,NIFTY500,222959.74035817842,357173.41444045474,0.0,580133.1547986332,"ITC,HAL,INDHOTEL,IDFCFIRSTB,SOLARINDS,INDIANB",2022-11,2022
2022-11-09,NIFTY100,233671.8609153856,387060.44653172034,0.0,620732.3074471059,"ADANIENT,COALINDIA,EICHERMOT",2022-11,2022
2022-11-09,NIFTY500,337092.365080142,244174.2311274097,0.0,581266.5962075517,"ITC,HAL,SOLARINDS,INDIANB",2022-11,2022
2022-11-10,NIFTY100,233671.8609153856,384969.59698445356,0.0,618641.4578998392,"ADANIENT,COALINDIA,EICHERMOT",2022-11,2022
2022-11-10,NIFTY500,337092.365080142,241773.49768977464,0.0,578865.8627699167,"ITC,HAL,SOLARINDS,INDIANB",2022-11,2022
2022-11-11,NIFTY100,233671.8609153856,380326.4958964514,0.0,613998.3568118371,"ADANIENT,COALINDIA,EICHERMOT",2022-11,2022
2022-11-11,NIFTY500,337092.365080142,240952.35386100778,0.0,578044.7189411498,"ITC,HAL,SOLARINDS,INDIANB",2022-11,2022
2022-11-14,NIFTY100,233671.8609153856,378165.7970493746,0.0,611837.6579647602,"ADANIENT,COALINDIA,EICHERMOT",2022-11,2022
2022-11-14,NIFTY500,337092.365080142,238676.2274061162,0.0,575768.5924862581,"ITC,HAL,SOLARINDS,INDIANB",2022-11,2022
2022-11-15,NIFTY100,233671.8609153856,379377.6497141413,0.0,613049.5106295269,"ADANIENT,COALINDIA,EICHERMOT",2022-11,2022
2022-11-15,NIFTY500,397346.2879776489,180420.55544642243,0.0,577766.8434240713,"HAL,SOLARINDS,INDIANB",2022-11,2022
2022-11-16,NIFTY100,333867.2702205254,275963.12638637575,0.0,609830.3966069012,"ADANIENT,COALINDIA",2022-11,2022
2022-11-16,NIFTY500,397346.2879776489,183501.84645134571,0.0,580848.1344289946,"HAL,SOLARINDS,INDIANB",2022-11,2022
2022-11-17,NIFTY100,333867.2702205254,277386.6293532982,0.0,611253.8995738237,"ADANIENT,COALINDIA",2022-11,2022
2022-11-17,NIFTY500,397346.2879776489,183763.53893931303,0.0,581109.8269169619,"HAL,SOLARINDS,INDIANB",2022-11,2022
2022-11-18,NIFTY100,333867.2702205254,276127.2163771066,0.0,609994.486597632,"ADANIENT,COALINDIA",2022-11,2022
2022-11-18,NIFTY500,397346.2879776489,182899.9680923992,0.0,580246.2560700481,"HAL,SOLARINDS,INDIANB",2022-11,2022
2022-11-21,NIFTY100,333867.2702205254,275325.49859834457,0.0,609192.76881887,"ADANIENT,COALINDIA",2022-11,2022
2022-11-21,NIFTY500,397346.2879776489,182140.46944135745,0.0,579486.7574190063,"HAL,SOLARINDS,INDIANB",2022-11,2022
2022-11-22,NIFTY100,0.0,609985.9801903373,0.0,609985.9801903373,"ADANIENT,COALINDIA,BANKINDIA,BANKBARODA,AMBUJACEM",2022-11,2022
2022-11-22,NIFTY500,0.0,580706.1177530901,0.0,580706.1177530901,"HAL,INDIANB,UNIONBANK,MAHABANK,TIMKEN,ATGL,CANBK,SKFINDIA,FEDERALBNK,SOLARINDS",2022-11,2022
2022-11-23,NIFTY100,0.0,610375.84157349,0.0,610375.84157349,"ADANIENT,COALINDIA,BANKINDIA,BANKBARODA,AMBUJACEM",2022-11,2022
2022-11-23,NIFTY500,55094.11657327134,521424.76472371916,0.0,576518.8812969904,"HAL,INDIANB,UNIONBANK,MAHABANK,TIMKEN,ATGL,CANBK,SKFINDIA,FEDERALBNK",2022-11,2022
2022-11-24,NIFTY100,0.0,612970.3276766897,0.0,612970.3276766897,"ADANIENT,COALINDIA,BANKINDIA,BANKBARODA,AMBUJACEM",2022-11,2022
2022-11-24,NIFTY500,55094.11657327134,523407.8740115658,0.0,578501.9905848372,"HAL,INDIANB,UNIONBANK,MAHABANK,TIMKEN,ATGL,CANBK,SKFINDIA,FEDERALBNK",2022-11,2022
2022-11-25,NIFTY100,0.0,613787.2392656433,0.0,613787.2392656433,"ADANIENT,COALINDIA,BANKINDIA,BANKBARODA,AMBUJACEM",2022-11,2022
2022-11-25,NIFTY500,109693.87793875631,465639.51806117466,0.0,575333.395999931,"HAL,INDIANB,UNIONBANK,MAHABANK,TIMKEN,ATGL,CANBK,FEDERALBNK",2022-11,2022
2022-11-28,NIFTY100,0.0,612405.7775748214,0.0,612405.7775748214,"ADANIENT,COALINDIA,BANKINDIA,BANKBARODA,AMBUJACEM",2022-11,2022
2022-11-28,NIFTY500,109693.87793875631,466663.8220193989,0.0,576357.6999581552,"HAL,INDIANB,UNIONBANK,MAHABANK,TIMKEN,ATGL,CANBK,FEDERALBNK",2022-11,2022
2022-11-29,NIFTY100,0.0,613660.2407494563,0.0,613660.2407494563,"ADANIENT,COALINDIA,BANKINDIA,BANKBARODA,AMBUJACEM",2022-11,2022
2022-11-29,NIFTY500,165167.30736808354,408587.545490466,0.0,573754.8528585496,"HAL,INDIANB,UNIONBANK,MAHABANK,TIMKEN,CANBK,FEDERALBNK",2022-11,2022
2022-11-30,NIFTY100,0.0,613376.0604877253,0.0,613376.0604877253,"ADANIENT,COALINDIA,BANKINDIA,BANKBARODA,AMBUJACEM",2022-11,2022
2022-11-30,NIFTY500,217263.03036023938,351172.4437070093,0.0,568435.4740672486,"HAL,INDIANB,UNIONBANK,MAHABANK,CANBK,FEDERALBNK",2022-11,2022
2022-12-01,NIFTY100,0.0,619622.8057248214,0.0,619622.8057248214,"ADANIENT,COALINDIA,BANKINDIA,BANKBARODA,AMBUJACEM",2022-12,2022
2022-12-01,NIFTY500,273591.5317135802,299841.2120405962,0.0,573432.7437541764,"HAL,INDIANB,UNIONBANK,MAHABANK,CANBK",2022-12,2022
2022-12-02,NIFTY100,0.0,621253.421848905,0.0,621253.421848905,"ADANIENT,COALINDIA,BANKINDIA,BANKBARODA,AMBUJACEM",2022-12,2022
2022-12-02,NIFTY500,273591.5317135802,302381.92140783754,0.0,575973.4531214177,"HAL,INDIANB,UNIONBANK,MAHABANK,CANBK",2022-12,2022
2022-12-05,NIFTY100,107710.57416971796,518015.36417997396,0.0,625725.9383496919,"ADANIENT,BANKINDIA,BANKBARODA,AMBUJACEM",2022-12,2022
2022-12-05,NIFTY500,273591.5317135802,304919.08006839035,0.0,578510.6117819706,"HAL,INDIANB,UNIONBANK,MAHABANK,CANBK",2022-12,2022
2022-12-06,NIFTY100,107710.57416971796,531126.5077668435,0.0,638837.0819365615,"ADANIENT,BANKINDIA,BANKBARODA,AMBUJACEM",2022-12,2022
2022-12-06,NIFTY500,273591.5317135802,311119.0801257752,0.0,584710.6118393554,"HAL,INDIANB,UNIONBANK,MAHABANK,CANBK",2022-12,2022
2022-12-07,NIFTY100,107710.57416971796,535001.9965030237,0.0,642712.5706727416,"ADANIENT,BANKINDIA,BANKBARODA,AMBUJACEM",2022-12,2022
2022-12-07,NIFTY500,273591.5317135802,309153.94476091303,0.0,582745.4764744933,"HAL,INDIANB,UNIONBANK,MAHABANK,CANBK",2022-12,2022
2022-12-08,NIFTY100,107710.57416971796,555651.6661422858,0.0,663362.2403120038,"ADANIENT,BANKINDIA,BANKBARODA,AMBUJACEM",2022-12,2022
2022-12-08,NIFTY500,273591.5317135802,315890.8569079545,0.0,589482.3886215347,"HAL,INDIANB,UNIONBANK,MAHABANK,CANBK",2022-12,2022
2022-12-09,NIFTY100,107710.57416971796,546364.915837752,0.0,654075.49000747,"ADANIENT,BANKINDIA,BANKBARODA,AMBUJACEM",2022-12,2022
2022-12-09,NIFTY500,273591.5317135802,302233.05674494454,0.0,575824.5884585248,"HAL,INDIANB,UNIONBANK,MAHABANK,CANBK",2022-12,2022
2022-12-12,NIFTY100,107710.57416971796,552884.9298696221,0.0,660595.5040393401,"ADANIENT,BANKINDIA,BANKBARODA,AMBUJACEM",2022-12,2022
2022-12-12,NIFTY500,273591.5317135802,306398.34062027634,0.0,579989.8723338565,"HAL,INDIANB,UNIONBANK,MAHABANK,CANBK",2022-12,2022
2022-12-13,NIFTY100,107710.57416971796,562012.5913187847,0.0,669723.1654885027,"ADANIENT,BANKINDIA,BANKBARODA,AMBUJACEM",2022-12,2022
2022-12-13,NIFTY500,273591.5317135802,323909.60965480405,0.0,597501.1413683842,"HAL,INDIANB,UNIONBANK,MAHABANK,CANBK",2022-12,2022
2022-12-14,NIFTY100,107710.57416971796,557255.9789722544,0.0,664966.5531419724,"ADANIENT,BANKINDIA,BANKBARODA,AMBUJACEM",2022-12,2022
2022-12-14,NIFTY500,273591.5317135802,328192.7474129697,0.0,601784.2791265498,"HAL,INDIANB,UNIONBANK,MAHABANK,CANBK",2022-12,2022
2022-12-15,NIFTY100,107710.57416971796,540537.8336502966,0.0,648248.4078200145,"ADANIENT,BANKINDIA,BANKBARODA,AMBUJACEM",2022-12,2022
2022-12-15,NIFTY500,332525.62969252456,263384.48585243226,0.0,595910.1155449569,"INDIANB,UNIONBANK,MAHABANK,CANBK",2022-12,2022
2022-12-16,NIFTY100,107710.57416971796,530318.1686607474,0.0,638028.7428304653,"ADANIENT,BANKINDIA,BANKBARODA,AMBUJACEM",2022-12,2022
2022-12-16,NIFTY500,332525.62969252456,252566.57370571274,0.0,585092.2033982372,"INDIANB,UNIONBANK,MAHABANK,CANBK",2022-12,2022
2022-12-19,NIFTY100,107710.57416971796,534722.132407319,0.0,642432.706577037,"ADANIENT,BANKINDIA,BANKBARODA,AMBUJACEM",2022-12,2022
2022-12-19,NIFTY500,332525.62969252456,255948.99468476238,0.0,588474.624377287,"INDIANB,UNIONBANK,MAHABANK,CANBK",2022-12,2022
2022-12-20,NIFTY100,107710.57416971796,536394.0047945578,0.0,644104.5789642758,"ADANIENT,BANKINDIA,BANKBARODA,AMBUJACEM",2022-12,2022
2022-12-20,NIFTY500,332525.62969252456,255895.99826894715,0.0,588421.6279614717,"INDIANB,UNIONBANK,MAHABANK,CANBK",2022-12,2022
2022-12-21,NIFTY100,107710.57416971796,514338.83963473607,0.0,622049.413804454,"ADANIENT,BANKINDIA,BANKBARODA,AMBUJACEM",2022-12,2022
2022-12-21,NIFTY500,332525.62969252456,243941.7372967002,0.0,576467.3669892247,"INDIANB,UNIONBANK,MAHABANK,CANBK",2022-12,2022
2022-12-22,NIFTY100,0.0,613730.8188648724,0.0,613730.8188648724,"ADANIENT,BANKINDIA,BANKBARODA,AMBUJACEM,APOLLOTYRE",2022-12,2022
2022-12-22,NIFTY500,0.0,568439.3951949548,0.0,568439.3951949548,"INDIANB,UNIONBANK,MAHABANK,CANBK,CENTRALBK,IOB,VBL,BHEL,TIINDIA,ATGL",2022-12,2022
2022-12-23,NIFTY100,0.0,579050.8974068274,0.0,579050.8974068274,"ADANIENT,BANKINDIA,BANKBARODA,AMBUJACEM,APOLLOTYRE",2022-12,2022
2022-12-23,NIFTY500,50424.76270261354,463666.39602838794,0.0,514091.1587310015,"INDIANB,UNIONBANK,MAHABANK,CANBK,CENTRALBK,IOB,VBL,BHEL,TIINDIA",2022-12,2022
2022-12-26,NIFTY100,0.0,0.0,609189.2337705764,609189.2337705764,GOLDBEES,2022-12,2022
2022-12-26,NIFTY500,0.0,0.0,550205.5129880165,550205.5129880165,GOLDBEES,2022-12,2022
2022-12-27,NIFTY100,0.0,0.0,605957.1176437743,605957.1176437743,GOLDBEES,2022-12,2022
2022-12-27,NIFTY500,0.0,0.0,547286.3410575195,547286.3410575195,GOLDBEES,2022-12,2022
2022-12-28,NIFTY100,0.0,0.0,601820.0129469219,601820.0129469219,GOLDBEES,2022-12,2022
2022-12-28,NIFTY500,0.0,0.0,543549.8045499257,543549.8045499257,GOLDBEES,2022-12,2022
2022-12-29,NIFTY100,0.0,0.0,602595.7385718985,602595.7385718985,GOLDBEES,2022-12,2022
2022-12-29,NIFTY500,0.0,0.0,544250.4218487353,544250.4218487353,GOLDBEES,2022-12,2022
2022-12-30,NIFTY100,0.0,0.0,604922.8661286503,604922.8661286503,GOLDBEES,2022-12,2022
2022-12-30,NIFTY500,0.0,0.0,546352.2292021353,546352.2292021353,GOLDBEES,2022-12,2022
2023-01-02,NIFTY100,0.0,0.0,609835.6471323012,609835.6471323012,GOLDBEES,2023-01,2023
2023-01-02,NIFTY500,0.0,0.0,550789.33846551,550789.33846551,GOLDBEES,2023-01,2023
2023-01-03,NIFTY100,0.0,0.0,615782.7782874326,615782.7782874326,GOLDBEES,2023-01,2023
2023-01-03,NIFTY500,0.0,0.0,556160.6486703263,556160.6486703263,GOLDBEES,2023-01,2023
2023-01-04,NIFTY100,0.0,0.0,621471.2849160602,621471.2849160602,GOLDBEES,2023-01,2023
2023-01-04,NIFTY500,0.0,0.0,561298.3752325106,561298.3752325106,GOLDBEES,2023-01,2023
2023-01-05,NIFTY100,0.0,0.0,617722.018372607,617722.018372607,GOLDBEES,2023-01,2023
2023-01-05,NIFTY500,0.0,0.0,557912.1251028072,557912.1251028072,GOLDBEES,2023-01,2023
2023-01-06,NIFTY100,0.0,0.0,614102.0640924056,614102.0640924056,GOLDBEES,2023-01,2023
2023-01-06,NIFTY500,0.0,0.0,554642.6667944199,554642.6667944199,GOLDBEES,2023-01,2023
2023-01-09,NIFTY100,0.0,0.0,621988.4353327113,621988.4353327113,GOLDBEES,2023-01,2023
2023-01-09,NIFTY500,0.0,0.0,561765.453431717,561765.453431717,GOLDBEES,2023-01,2023
2023-01-10,NIFTY100,0.0,0.0,620049.1459293588,620049.1459293588,GOLDBEES,2023-01,2023
2023-01-10,NIFTY500,0.0,0.0,560013.9324562073,560013.9324562073,GOLDBEES,2023-01,2023
2023-01-11,NIFTY100,0.0,0.0,620824.8715543355,620824.8715543355,GOLDBEES,2023-01,2023
2023-01-11,NIFTY500,0.0,0.0,560714.5497550169,560714.5497550169,GOLDBEES,2023-01,2023
2023-01-12,NIFTY100,0.0,0.0,619919.8829842851,619919.8829842851,GOLDBEES,2023-01,2023
2023-01-12,NIFTY500,0.0,0.0,559897.18517792,559897.18517792,GOLDBEES,2023-01,2023
2023-01-13,NIFTY100,0.0,0.0,623539.8372644865,623539.8372644865,GOLDBEES,2023-01,2023
2023-01-13,NIFTY500,0.0,0.0,563166.6434863075,563166.6434863075,GOLDBEES,2023-01,2023
2023-01-16,NIFTY100,0.0,0.0,629616.2313646915,629616.2313646915,GOLDBEES,2023-01,2023
2023-01-16,NIFTY500,0.0,0.0,568654.700969411,568654.700969411,GOLDBEES,2023-01,2023
2023-01-17,NIFTY100,0.0,0.0,627030.5285996142,627030.5285996142,GOLDBEES,2023-01,2023
2023-01-17,NIFTY500,0.0,0.0,566319.3545164076,566319.3545164076,GOLDBEES,2023-01,2023
2023-01-18,NIFTY100,0.0,0.0,626513.378182963,626513.378182963,GOLDBEES,2023-01,2023
2023-01-18,NIFTY500,0.0,0.0,565852.2763172012,565852.2763172012,GOLDBEES,2023-01,2023
2023-01-19,NIFTY100,0.0,0.0,627030.5285996142,627030.5285996142,GOLDBEES,2023-01,2023
2023-01-19,NIFTY500,0.0,0.0,566319.3545164076,566319.3545164076,GOLDBEES,2023-01,2023
2023-01-20,NIFTY100,0.0,0.0,630391.90767149,630391.90767149,GOLDBEES,2023-01,2023
2023-01-20,NIFTY500,0.0,0.0,569355.2737251918,569355.2737251918,GOLDBEES,2023-01,2023
2023-01-23,NIFTY100,0.0,0.0,630521.2199347419,630521.2199347419,GOLDBEES,2023-01,2023
2023-01-23,NIFTY500,0.0,0.0,569472.0655465078,569472.0655465078,GOLDBEES,2023-01,2023
2023-01-24,NIFTY100,0.0,0.0,632331.1970748425,632331.1970748425,GOLDBEES,2023-01,2023
2023-01-24,NIFTY500,0.0,0.0,571106.7947007015,571106.7947007015,GOLDBEES,2023-01,2023
2023-01-25,NIFTY100,0.0,0.0,630391.90767149,630391.90767149,GOLDBEES,2023-01,2023
2023-01-25,NIFTY500,0.0,0.0,569355.2737251918,569355.2737251918,GOLDBEES,2023-01,2023
2023-01-27,NIFTY100,0.0,0.0,630650.4828798155,630650.4828798155,GOLDBEES,2023-01,2023
2023-01-27,NIFTY500,0.0,0.0,569588.812824795,569588.812824795,GOLDBEES,2023-01,2023
2023-01-30,NIFTY100,0.0,0.0,630521.2199347419,630521.2199347419,GOLDBEES,2023-01,2023
2023-01-30,NIFTY500,0.0,0.0,569472.0655465078,569472.0655465078,GOLDBEES,2023-01,2023
2023-01-31,NIFTY100,0.0,0.0,629228.343893114,629228.343893114,GOLDBEES,2023-01,2023
2023-01-31,NIFTY500,0.0,0.0,568304.3700484917,568304.3700484917,GOLDBEES,2023-01,2023
2023-02-01,NIFTY100,0.0,0.0,638795.4293284467,638795.4293284467,GOLDBEES,2023-02,2023
2023-02-01,NIFTY500,0.0,0.0,576945.1385616953,576945.1385616953,GOLDBEES,2023-02,2023
2023-02-02,NIFTY100,0.0,0.0,652499.619460632,652499.619460632,GOLDBEES,2023-02,2023
2023-02-02,NIFTY500,0.0,0.0,589322.4435824928,589322.4435824928,GOLDBEES,2023-02,2023
2023-02-03,NIFTY100,0.0,0.0,638924.6922735204,638924.6922735204,GOLDBEES,2023-02,2023
2023-02-03,NIFTY500,0.0,0.0,577061.8858399827,577061.8858399827,GOLDBEES,2023-02,2023
2023-02-06,NIFTY100,0.0,0.0,634011.9112698695,634011.9112698695,GOLDBEES,2023-02,2023
2023-02-06,NIFTY500,0.0,0.0,572624.776576608,572624.776576608,GOLDBEES,2023-02,2023
2023-02-07,NIFTY100,0.0,0.0,634399.7494232687,634399.7494232687,GOLDBEES,2023-02,2023
2023-02-07,NIFTY500,0.0,0.0,572975.0629544983,572975.0629544983,GOLDBEES,2023-02,2023
2023-02-08,NIFTY100,0.0,0.0,636080.4636182957,636080.4636182957,GOLDBEES,2023-02,2023
2023-02-08,NIFTY500,0.0,0.0,574493.0448304048,574493.0448304048,GOLDBEES,2023-02,2023
2023-02-09,NIFTY100,0.0,0.0,634916.8998399199,634916.8998399199,GOLDBEES,2023-02,2023
2023-02-09,NIFTY500,0.0,0.0,573442.1411537047,573442.1411537047,GOLDBEES,2023-02,2023
2023-02-10,NIFTY100,0.0,0.0,629099.0809480404,629099.0809480404,GOLDBEES,2023-02,2023
2023-02-10,NIFTY500,0.0,0.0,568187.6227702046,568187.6227702046,GOLDBEES,2023-02,2023
2023-02-13,NIFTY100,0.0,0.0,629228.343893114,629228.343893114,GOLDBEES,2023-02,2023
2023-02-13,NIFTY500,0.0,0.0,568304.3700484917,568304.3700484917,GOLDBEES,2023-02,2023
2023-02-14,NIFTY100,0.0,0.0,630779.7951430674,630779.7951430674,GOLDBEES,2023-02,2023
2023-02-14,NIFTY500,0.0,0.0,569705.604646111,569705.604646111,GOLDBEES,2023-02,2023
2023-02-15,NIFTY100,0.0,0.0,622634.8486944361,622634.8486944361,GOLDBEES,2023-02,2023
2023-02-15,NIFTY500,0.0,0.0,562349.2789092106,562349.2789092106,GOLDBEES,2023-02,2023
2023-02-16,NIFTY100,0.0,0.0,622893.4239027617,622893.4239027617,GOLDBEES,2023-02,2023
2023-02-16,NIFTY500,0.0,0.0,562582.8180088138,562582.8180088138,GOLDBEES,2023-02,2023
2023-02-17,NIFTY100,0.0,0.0,619919.8829842851,619919.8829842851,GOLDBEES,2023-02,2023
2023-02-17,NIFTY500,0.0,0.0,559897.18517792,559897.18517792,GOLDBEES,2023-02,2023
2023-02-20,NIFTY100,0.0,0.0,625479.126667839,625479.126667839,GOLDBEES,2023-02,2023
2023-02-20,NIFTY500,0.0,0.0,564918.1644618171,564918.1644618171,GOLDBEES,2023-02,2023
2023-02-21,NIFTY100,0.0,0.0,623927.6754178856,623927.6754178856,GOLDBEES,2023-02,2023
2023-02-21,NIFTY500,0.0,0.0,563516.929864198,563516.929864198,GOLDBEES,2023-02,2023
2023-02-22,NIFTY100,0.0,0.0,622634.8486944361,622634.8486944361,GOLDBEES,2023-02,2023
2023-02-22,NIFTY500,0.0,0.0,562349.2789092106,562349.2789092106,GOLDBEES,2023-02,2023
2023-02-23,NIFTY100,0.0,0.0,618756.3192059092,618756.3192059092,GOLDBEES,2023-02,2023
2023-02-23,NIFTY500,0.0,0.0,558846.2815012201,558846.2815012201,GOLDBEES,2023-02,2023
2023-02-24,NIFTY100,0.0,0.0,617722.018372607,617722.018372607,GOLDBEES,2023-02,2023
2023-02-24,NIFTY500,0.0,0.0,557912.1251028072,557912.1251028072,GOLDBEES,2023-02,2023
2023-02-27,NIFTY100,0.0,0.0,613326.3384674289,613326.3384674289,GOLDBEES,2023-02,2023
2023-02-27,NIFTY500,0.0,0.0,553942.0494956102,553942.0494956102,GOLDBEES,2023-02,2023
2023-02-28,NIFTY100,0.0,0.0,612938.5003140296,612938.5003140296,GOLDBEES,2023-02,2023
2023-02-28,NIFTY500,0.0,0.0,553591.7631177198,553591.7631177198,GOLDBEES,2023-02,2023
2023-03-01,NIFTY100,0.0,0.0,617592.7554275333,617592.7554275333,GOLDBEES,2023-03,2023
2023-03-01,NIFTY500,0.0,0.0,557795.37782452,557795.37782452,GOLDBEES,2023-03,2023
2023-03-02,NIFTY100,0.0,0.0,618109.9058441843,618109.9058441843,GOLDBEES,2023-03,2023
2023-03-02,NIFTY500,0.0,0.0,558262.4560237264,558262.4560237264,GOLDBEES,2023-03,2023
2023-03-03,NIFTY100,0.0,0.0,618239.1687892581,618239.1687892581,GOLDBEES,2023-03,2023
2023-03-03,NIFTY500,0.0,0.0,558379.2033020137,558379.2033020137,GOLDBEES,2023-03,2023
2023-03-06,NIFTY100,0.0,0.0,618368.48105251,618368.48105251,GOLDBEES,2023-03,2023
2023-03-06,NIFTY500,0.0,0.0,558495.9951233296,558495.9951233296,GOLDBEES,2023-03,2023
2023-03-08,NIFTY100,0.0,0.0,609189.2337705764,609189.2337705764,GOLDBEES,2023-03,2023
2023-03-08,NIFTY500,0.0,0.0,550205.5129880165,550205.5129880165,GOLDBEES,2023-03,2023
2023-03-09,NIFTY100,0.0,0.0,608542.8204088516,608542.8204088516,GOLDBEES,2023-03,2023
2023-03-09,NIFTY500,0.0,0.0,549621.6875105228,549621.6875105228,GOLDBEES,2023-03,2023
2023-03-10,NIFTY100,0.0,0.0,613197.0755223553,613197.0755223553,GOLDBEES,2023-03,2023
2023-03-10,NIFTY500,0.0,0.0,553825.302217323,553825.302217323,GOLDBEES,2023-03,2023
2023-03-13,NIFTY100,0.0,0.0,631167.6332964665,631167.6332964665,GOLDBEES,2023-03,2023
2023-03-13,NIFTY500,0.0,0.0,570055.8910240014,570055.8910240014,GOLDBEES,2023-03,2023
2023-03-14,NIFTY100,0.0,0.0,635175.4750482454,635175.4750482454,GOLDBEES,2023-03,2023
2023-03-14,NIFTY500,0.0,0.0,573675.6802533079,573675.6802533079,GOLDBEES,2023-03,2023
2023-03-15,NIFTY100,0.0,0.0,632589.772283168,632589.772283168,GOLDBEES,2023-03,2023
2023-03-15,NIFTY500,0.0,0.0,571340.3338003047,571340.3338003047,GOLDBEES,2023-03,2023
2023-03-16,NIFTY100,0.0,0.0,642544.6958719001,642544.6958719001,GOLDBEES,2023-03,2023
2023-03-16,NIFTY500,0.0,0.0,580331.3886913987,580331.3886913987,GOLDBEES,2023-03,2023
2023-03-17,NIFTY100,0.0,0.0,643191.1092336248,643191.1092336248,GOLDBEES,2023-03,2023
2023-03-17,NIFTY500,0.0,0.0,580915.2141688924,580915.2141688924,GOLDBEES,2023-03,2023
2023-03-20,NIFTY100,0.0,0.0,658188.1260892595,658188.1260892595,GOLDBEES,2023-03,2023
2023-03-20,NIFTY500,0.0,0.0,594460.170144677,594460.170144677,GOLDBEES,2023-03,2023
2023-03-21,NIFTY100,0.0,0.0,652628.8824057056,652628.8824057056,GOLDBEES,2023-03,2023
2023-03-21,NIFTY500,0.0,0.0,589439.19086078,589439.19086078,GOLDBEES,2023-03,2023
2023-03-22,NIFTY100,0.0,0.0,646940.3757770781,646940.3757770781,GOLDBEES,2023-03,2023
2023-03-22,NIFTY500,0.0,0.0,584301.4642985957,584301.4642985957,GOLDBEES,2023-03,2023
2023-03-23,NIFTY100,0.0,0.0,651077.4804739305,651077.4804739305,GOLDBEES,2023-03,2023
2023-03-23,NIFTY500,0.0,0.0,588038.0008061895,588038.0008061895,GOLDBEES,2023-03,2023
2023-03-24,NIFTY100,0.0,0.0,658058.8631441859,658058.8631441859,GOLDBEES,2023-03,2023
2023-03-24,NIFTY500,0.0,0.0,594343.4228663899,594343.4228663899,GOLDBEES,2023-03,2023
2023-03-27,NIFTY100,0.0,0.0,651594.6308905816,651594.6308905816,GOLDBEES,2023-03,2023
2023-03-27,NIFTY500,0.0,0.0,588505.0790053959,588505.0790053959,GOLDBEES,2023-03,2023
2023-03-28,NIFTY100,0.0,0.0,651723.8938356553,651723.8938356553,GOLDBEES,2023-03,2023
2023-03-28,NIFTY500,0.0,0.0,588621.8262836832,588621.8262836832,GOLDBEES,2023-03,2023
2023-03-29,NIFTY100,0.0,0.0,655343.8481158566,655343.8481158566,GOLDBEES,2023-03,2023
2023-03-29,NIFTY500,0.0,0.0,591891.2845920705,591891.2845920705,GOLDBEES,2023-03,2023
2023-03-31,NIFTY100,0.0,0.0,660256.6784376858,660256.6784376858,GOLDBEES,2023-03,2023
2023-03-31,NIFTY500,0.0,0.0,596328.4383984739,596328.4383984739,GOLDBEES,2023-03,2023
2023-04-03,NIFTY100,0.0,0.0,656765.9871025581,656765.9871025581,GOLDBEES,2023-04,2023
2023-04-03,NIFTY500,0.0,0.0,593175.7273683738,593175.7273683738,GOLDBEES,2023-04,2023
2023-04-05,NIFTY100,0.0,0.0,670470.1772347434,670470.1772347434,GOLDBEES,2023-04,2023
2023-04-05,NIFTY500,0.0,0.0,605553.0323891712,605553.0323891712,GOLDBEES,2023-04,2023
2023-04-06,NIFTY100,0.0,0.0,669823.7638730186,669823.7638730186,GOLDBEES,2023-04,2023
2023-04-06,NIFTY500,0.0,0.0,604969.2069116775,604969.2069116775,GOLDBEES,2023-04,2023
2023-04-10,NIFTY100,0.0,0.0,664264.5201894646,664264.5201894646,GOLDBEES,2023-04,2023
2023-04-10,NIFTY500,0.0,0.0,599948.2276277805,599948.2276277805,GOLDBEES,2023-04,2023
2023-04-11,NIFTY100,0.0,0.0,666462.3354829645,666462.3354829645,GOLDBEES,2023-04,2023
2023-04-11,NIFTY500,0.0,0.0,601933.2431598647,601933.2431598647,GOLDBEES,2023-04,2023
2023-04-12,NIFTY100,0.0,0.0,668660.2000946427,668660.2000946427,GOLDBEES,2023-04,2023
2023-04-12,NIFTY500,0.0,0.0,603918.3032349775,603918.3032349775,GOLDBEES,2023-04,2023
2023-04-13,NIFTY100,0.0,0.0,671504.4287498674,671504.4287498674,GOLDBEES,2023-04,2023
2023-04-13,NIFTY500,0.0,0.0,606487.1442445553,606487.1442445553,GOLDBEES,2023-04,2023
2023-04-17,NIFTY100,0.0,0.0,668401.6248863171,668401.6248863171,GOLDBEES,2023-04,2023
2023-04-17,NIFTY500,0.0,0.0,603684.7641353743,603684.7641353743,GOLDBEES,2023-04,2023
2023-04-18,NIFTY100,0.0,0.0,666074.4973295653,666074.4973295653,GOLDBEES,2023-04,2023
2023-04-18,NIFTY500,0.0,0.0,601582.9567819742,601582.9567819742,GOLDBEES,2023-04,2023
2023-04-19,NIFTY100,0.0,0.0,660903.0917994106,660903.0917994106,GOLDBEES,2023-04,2023
2023-04-19,NIFTY500,0.0,0.0,596912.2638759676,596912.2638759676,GOLDBEES,2023-04,2023
2023-04-20,NIFTY100,0.0,0.0,667625.8992613404,667625.8992613404,GOLDBEES,2023-04,2023
2023-04-20,NIFTY500,0.0,0.0,602984.1468365646,602984.1468365646,GOLDBEES,2023-04,2023
2023-04-21,NIFTY100,0.0,0.0,663100.9564110887,663100.9564110887,GOLDBEES,2023-04,2023
2023-04-21,NIFTY500,0.0,0.0,598897.3239510804,598897.3239510804,GOLDBEES,2023-04,2023
2023-04-24,NIFTY100,0.0,0.0,662713.0689395113,662713.0689395113,GOLDBEES,2023-04,2023
2023-04-24,NIFTY500,0.0,0.0,598546.9930301612,598546.9930301612,GOLDBEES,2023-04,2023
2023-04-25,NIFTY100,0.0,0.0,663488.794564488,663488.794564488,GOLDBEES,2023-04,2023
2023-04-25,NIFTY500,0.0,0.0,599247.6103289708,599247.6103289708,GOLDBEES,2023-04,2023
2023-04-26,NIFTY100,0.0,0.0,665557.3469129142,665557.3469129142,GOLDBEES,2023-04,2023
2023-04-26,NIFTY500,0.0,0.0,601115.8785827678,601115.8785827678,GOLDBEES,2023-04,2023
2023-04-27,NIFTY100,0.0,0.0,665428.0839678405,665428.0839678405,GOLDBEES,2023-04,2023
2023-04-27,NIFTY500,0.0,0.0,600999.1313044805,600999.1313044805,GOLDBEES,2023-04,2023
2023-04-28,NIFTY100,0.0,0.0,662583.8059944377,662583.8059944377,GOLDBEES,2023-04,2023
2023-04-28,NIFTY500,0.0,0.0,598430.245751874,598430.245751874,GOLDBEES,2023-04,2023
2023-05-02,NIFTY100,0.0,661886.062302005,0.0,661886.062302005,"PFC,BANKINDIA,APOLLOTYRE,ZYDUSLIFE,IGL",2023-05,2023
2023-05-02,NIFTY500,0.0,597800.0599164271,0.0,597800.0599164271,"UNIONBANK,GLENMARK,ABCAPITAL,VBL,RECLTD,INDIANB,ITC,KPITTECH,KEI,CENTRALBK",2023-05,2023
2023-05-03,NIFTY100,0.0,661185.7724473678,0.0,661185.7724473678,"PFC,BANKINDIA,APOLLOTYRE,ZYDUSLIFE,IGL",2023-05,2023
2023-05-03,NIFTY500,55191.04481970826,533802.1817667974,0.0,588993.2265865057,"UNIONBANK,GLENMARK,ABCAPITAL,VBL,RECLTD,INDIANB,ITC,KPITTECH,KEI",2023-05,2023
2023-05-04,NIFTY100,0.0,668390.7848968424,0.0,668390.7848968424,"PFC,BANKINDIA,APOLLOTYRE,ZYDUSLIFE,IGL",2023-05,2023
2023-05-04,NIFTY500,114516.46883772351,479185.15948972845,0.0,593701.628327452,"UNIONBANK,GLENMARK,ABCAPITAL,VBL,RECLTD,INDIANB,ITC,KPITTECH",2023-05,2023
2023-05-05,NIFTY100,128814.0605036524,537165.3237459224,0.0,665979.3842495749,"PFC,BANKINDIA,APOLLOTYRE,ZYDUSLIFE",2023-05,2023
2023-05-05,NIFTY500,171849.31362303137,417892.9641304157,0.0,589742.2777534471,"UNIONBANK,GLENMARK,ABCAPITAL,VBL,RECLTD,INDIANB,ITC",2023-05,2023
2023-05-08,NIFTY100,128814.0605036524,535686.738338339,0.0,664500.7988419915,"PFC,BANKINDIA,APOLLOTYRE,ZYDUSLIFE",2023-05,2023
2023-05-08,NIFTY500,229307.6598125138,359725.41134019376,0.0,589033.0711527076,"UNIONBANK,GLENMARK,ABCAPITAL,VBL,RECLTD,ITC",2023-05,2023
2023-05-09,NIFTY100,252087.34732332674,407639.78649654787,0.0,659727.1338198746,"PFC,APOLLOTYRE,ZYDUSLIFE",2023-05,2023
2023-05-09,NIFTY500,285298.19036787294,300228.20563167694,0.0,585526.3959995499,"GLENMARK,ABCAPITAL,VBL,RECLTD,ITC",2023-05,2023
2023-05-10,NIFTY100,252087.34732332674,401931.696782934,0.0,654019.0441062608,"PFC,APOLLOTYRE,ZYDUSLIFE",2023-05,2023
2023-05-10,NIFTY500,285298.19036787294,305497.3623868177,0.0,590795.5527546906,"GLENMARK,ABCAPITAL,VBL,RECLTD,ITC",2023-05,2023
2023-05-11,NIFTY100,252087.34732332674,398372.8788855286,0.0,650460.2262088554,"PFC,APOLLOTYRE,ZYDUSLIFE",2023-05,2023
2023-05-11,NIFTY500,285298.19036787294,302381.6559060105,0.0,587679.8462738835,"GLENMARK,ABCAPITAL,VBL,RECLTD,ITC",2023-05,2023
2023-05-12,NIFTY100,252087.34732332674,398164.1366064722,0.0,650251.4839297989,"PFC,APOLLOTYRE,ZYDUSLIFE",2023-05,2023
2023-05-12,NIFTY500,285298.19036787294,305211.96502545074,0.0,590510.1553933236,"GLENMARK,ABCAPITAL,VBL,RECLTD,ITC",2023-05,2023
2023-05-15,NIFTY100,252087.34732332674,402290.7503411721,0.0,654378.0976644988,"PFC,APOLLOTYRE,ZYDUSLIFE",2023-05,2023
2023-05-15,NIFTY500,285298.19036787294,308255.6230598123,0.0,593553.8134276853,"GLENMARK,ABCAPITAL,VBL,RECLTD,ITC",2023-05,2023
2023-05-16,NIFTY100,383360.8134077913,268623.4832606894,0.0,651984.2966684807,"PFC,APOLLOTYRE",2023-05,2023
2023-05-16,NIFTY500,285298.19036787294,306454.08216536377,0.0,591752.2725332368,"GLENMARK,ABCAPITAL,VBL,RECLTD,ITC",2023-05,2023
2023-05-17,NIFTY100,383360.8134077913,267558.36241160985,0.0,650919.1758194012,"PFC,APOLLOTYRE",2023-05,2023
2023-05-17,NIFTY500,285298.19036787294,307656.3502831831,0.0,592954.540651056,"GLENMARK,ABCAPITAL,VBL,RECLTD,ITC",2023-05,2023
2023-05-18,NIFTY100,510770.33708649833,140403.53001171362,0.0,651173.867098212,APOLLOTYRE,2023-05,2023
2023-05-18,NIFTY500,343896.2059331804,245391.38623787827,0.0,589287.5921710586,"GLENMARK,VBL,RECLTD,ITC",2023-05,2023
2023-05-19,NIFTY100,510770.33708649833,139680.78504876755,0.0,650451.1221352658,APOLLOTYRE,2023-05,2023
2023-05-19,NIFTY500,401785.7088045184,190208.46478247183,0.0,591994.1735869902,"GLENMARK,VBL,ITC",2023-05,2023
2023-05-22,NIFTY100,510770.33708649833,140593.72796170381,0.0,651364.0650482022,APOLLOTYRE,2023-05,2023
2023-05-22,NIFTY500,401785.7088045184,188828.07975719468,0.0,590613.7885617131,"GLENMARK,VBL,ITC",2023-05,2023
2023-05-23,NIFTY100,0.0,654371.9249657737,0.0,654371.9249657737,"APOLLOTYRE,PFC,ABB,DLF,IDFCFIRSTB",2023-05,2023
2023-05-23,NIFTY500,0.0,589900.0956928246,0.0,589900.0956928246,"GLENMARK,VBL,ITC,CHOLAFIN,MAHABANK,CHOLAHLDNG,KPITTECH,POLYCAB,ABCAPITAL,RECLTD",2023-05,2023
2023-05-24,NIFTY100,250867.7404252553,400010.52639644314,0.0,650878.2668216984,"APOLLOTYRE,ABB,IDFCFIRSTB",2023-05,2023
2023-05-24,NIFTY500,175082.6888260389,419149.64164520166,0.0,594232.3304712406,"GLENMARK,VBL,ITC,CHOLAFIN,MAHABANK,POLYCAB,RECLTD",2023-05,2023
2023-05-25,NIFTY100,250867.7404252553,407547.58414553397,0.0,658415.3245707892,"APOLLOTYRE,ABB,IDFCFIRSTB",2023-05,2023
2023-05-25,NIFTY500,229706.9906223196,366195.4931589432,0.0,595902.4837812628,"GLENMARK,VBL,ITC,CHOLAFIN,POLYCAB,RECLTD",2023-05,2023
2023-05-26,NIFTY100,250867.7404252553,414407.3919965859,0.0,665275.1324218411,"APOLLOTYRE,ABB,IDFCFIRSTB",2023-05,2023
2023-05-26,NIFTY500,229706.9906223196,367877.0115407404,0.0,597584.00216306,"GLENMARK,VBL,ITC,CHOLAFIN,POLYCAB,RECLTD",2023-05,2023
2023-05-29,NIFTY100,250867.7404252553,415771.18350994156,0.0,666638.9239351968,"APOLLOTYRE,ABB,IDFCFIRSTB",2023-05,2023
2023-05-29,NIFTY500,229706.9906223196,369993.6288093192,0.0,599700.6194316389,"GLENMARK,VBL,ITC,CHOLAFIN,POLYCAB,RECLTD",2023-05,2023
2023-05-30,NIFTY100,250867.7404252553,416067.6892904927,0.0,666935.429715748,"APOLLOTYRE,ABB,IDFCFIRSTB",2023-05,2023
2023-05-30,NIFTY500,229706.9906223196,372521.194372394,0.0,602228.1849947136,"GLENMARK,VBL,ITC,CHOLAFIN,POLYCAB,RECLTD",2023-05,2023
2023-05-31,NIFTY100,250867.7404252553,421180.05067961285,0.0,672047.7911048682,"APOLLOTYRE,ABB,IDFCFIRSTB",2023-05,2023
2023-05-31,NIFTY500,229706.9906223196,373814.5304934656,0.0,603521.5211157852,"GLENMARK,VBL,ITC,CHOLAFIN,POLYCAB,RECLTD",2023-05,2023
2023-06-01,NIFTY100,250867.7404252553,417143.09696179815,0.0,668010.8373870534,"APOLLOTYRE,ABB,IDFCFIRSTB",2023-06,2023
2023-06-01,NIFTY500,229706.9906223196,374201.83760009275,0.0,603908.8282224124,"GLENMARK,VBL,ITC,CHOLAFIN,POLYCAB,RECLTD",2023-06,2023
2023-06-02,NIFTY100,382417.9418886342,288911.29199199786,0.0,671329.2338806321,"APOLLOTYRE,IDFCFIRSTB",2023-06,2023
2023-06-02,NIFTY500,229706.9906223196,377993.73559739144,0.0,607700.726219711,"GLENMARK,VBL,ITC,CHOLAFIN,POLYCAB,RECLTD",2023-06,2023
2023-06-05,NIFTY100,382417.9418886342,290217.38099769654,0.0,672635.3228863308,"APOLLOTYRE,IDFCFIRSTB",2023-06,2023
2023-06-05,NIFTY500,229706.9906223196,380084.5475845388,0.0,609791.5382068584,"GLENMARK,VBL,ITC,CHOLAFIN,POLYCAB,RECLTD",2023-06,2023
2023-06-06,NIFTY100,382417.9418886342,290504.2733230522,0.0,672922.2152116864,"APOLLOTYRE,IDFCFIRSTB",2023-06,2023
2023-06-06,NIFTY500,229706.9906223196,381961.7691397041,0.0,611668.7597620237,"GLENMARK,VBL,ITC,CHOLAFIN,POLYCAB,RECLTD",2023-06,2023
2023-06-07,NIFTY100,382417.9418886342,291128.7250731181,0.0,673546.6669617523,"APOLLOTYRE,IDFCFIRSTB",2023-06,2023
2023-06-07,NIFTY500,229706.9906223196,383951.20163182745,0.0,613658.192254147,"GLENMARK,VBL,ITC,CHOLAFIN,POLYCAB,RECLTD",2023-06,2023
2023-06-08,NIFTY100,382417.9418886342,289185.43152253516,0.0,671603.3734111693,"APOLLOTYRE,IDFCFIRSTB",2023-06,2023
2023-06-08,NIFTY500,294409.04683076154,313376.765000847,0.0,607785.8118316085,"GLENMARK,ITC,CHOLAFIN,POLYCAB,RECLTD",2023-06,2023
2023-06-09,NIFTY100,382417.9418886342,291688.03763737914,0.0,674105.9795260134,"APOLLOTYRE,IDFCFIRSTB",2023-06,2023
2023-06-09,NIFTY500,294409.04683076154,313689.09201722906,0.0,608098.1388479907,"GLENMARK,ITC,CHOLAFIN,POLYCAB,RECLTD",2023-06,2023
2023-06-12,NIFTY100,521897.22588869487,154744.39746484,0.0,676641.6233535348,APOLLOTYRE,2023-06,2023
2023-06-12,NIFTY500,294409.04683076154,316374.27054857934,0.0,610783.3173793409,"GLENMARK,ITC,CHOLAFIN,POLYCAB,RECLTD",2023-06,2023
2023-06-13,NIFTY100,521897.22588869487,155410.08425062514,0.0,677307.31013932,APOLLOTYRE,2023-06,2023
2023-06-13,NIFTY500,294409.04683076154,321221.7904226436,0.0,615630.8372534051,"GLENMARK,ITC,CHOLAFIN,POLYCAB,RECLTD",2023-06,2023
2023-06-14,NIFTY100,521897.22588869487,155276.95655615686,0.0,677174.1824448517,APOLLOTYRE,2023-06,2023
2023-06-14,NIFTY500,294409.04683076154,319264.4090643341,0.0,613673.4558950956,"GLENMARK,ITC,CHOLAFIN,POLYCAB,RECLTD",2023-06,2023
2023-06-15,NIFTY100,521897.22588869487,154953.61883333747,0.0,676850.8447220323,APOLLOTYRE,2023-06,2023
2023-06-15,NIFTY500,294409.04683076154,319617.2828902331,0.0,614026.3297209947,"GLENMARK,ITC,CHOLAFIN,POLYCAB,RECLTD",2023-06,2023
2023-06-16,NIFTY100,521897.22588869487,156570.2832907125,0.0,678467.5091794074,APOLLOTYRE,2023-06,2023
2023-06-16,NIFTY500,294409.04683076154,321809.3646655745,0.0,616218.4114963361,"GLENMARK,ITC,CHOLAFIN,POLYCAB,RECLTD",2023-06,2023
2023-06-19,NIFTY100,521897.22588869487,154820.4669821473,0.0,676717.6928708422,APOLLOTYRE,2023-06,2023
2023-06-19,NIFTY500,294409.04683076154,321767.4595530302,0.0,616176.5063837918,"GLENMARK,ITC,CHOLAFIN,POLYCAB,RECLTD",2023-06,2023
2023-06-20,NIFTY100,521897.22588869487,155562.24744196163,0.0,677459.4733306565,APOLLOTYRE,2023-06,2023
2023-06-20,NIFTY500,294409.04683076154,324311.9559893521,0.0,618721.0028201137,"GLENMARK,ITC,CHOLAFIN,POLYCAB,RECLTD",2023-06,2023
2023-06-21,NIFTY100,521897.22588869487,159556.40439175526,0.0,681453.6302804501,APOLLOTYRE,2023-06,2023
2023-06-21,NIFTY500,294409.04683076154,324112.89151343197,0.0,618521.9383441935,"GLENMARK,ITC,CHOLAFIN,POLYCAB,RECLTD",2023-06,2023
2023-06-22,NIFTY100,0.0,679179.8067706615,0.0,679179.8067706615,"APOLLOTYRE,PFC,IDFCFIRSTB,PAYTM,ABB",2023-06,2023
2023-06-22,NIFTY500,0.0,613621.6762444176,0.0,613621.6762444176,"GLENMARK,ITC,CHOLAFIN,RECLTD,CHOLAHLDNG,HAL,KPITTECH,KEI,CREDITACC,NH",2023-06,2023
2023-06-23,NIFTY100,0.0,659239.4978569862,0.0,659239.4978569862,"APOLLOTYRE,PFC,IDFCFIRSTB,PAYTM,ABB",2023-06,2023
2023-06-23,NIFTY500,54550.997433074794,553210.2252010134,0.0,607761.2226340881,"GLENMARK,ITC,CHOLAFIN,RECLTD,CHOLAHLDNG,HAL,KPITTECH,KEI,CREDITACC",2023-06,2023
2023-06-26,NIFTY100,128217.23985182682,526910.7961167254,0.0,655128.0359685522,"APOLLOTYRE,PFC,IDFCFIRSTB,PAYTM",2023-06,2023
2023-06-26,NIFTY500,54550.997433074794,553956.5013104978,0.0,608507.4987435725,"GLENMARK,ITC,CHOLAFIN,RECLTD,CHOLAHLDNG,HAL,KPITTECH,KEI,CREDITACC",2023-06,2023
2023-06-27,NIFTY100,379581.87274920207,281467.85112165543,0.0,661049.7238708575,"APOLLOTYRE,PFC",2023-06,2023
2023-06-27,NIFTY500,174257.1352810146,441406.2397106276,0.0,615663.3749916422,"GLENMARK,ITC,CHOLAFIN,RECLTD,CHOLAHLDNG,HAL,KEI",2023-06,2023
2023-06-28,NIFTY100,535172.9234076752,135839.18267085135,0.0,671012.1060785266,PFC,2023-06,2023
2023-06-28,NIFTY500,174257.1352810146,448494.5842513735,0.0,622751.719532388,"GLENMARK,ITC,CHOLAFIN,RECLTD,CHOLAHLDNG,HAL,KEI",2023-06,2023
2023-06-30,NIFTY100,535172.9234076752,134654.17175476276,0.0,669827.095162438,PFC,2023-06,2023
2023-06-30,NIFTY500,174257.1352810146,448585.2655136215,0.0,622842.4007946361,"GLENMARK,ITC,CHOLAFIN,RECLTD,CHOLAHLDNG,HAL,KEI",2023-06,2023
2023-07-03,NIFTY100,535172.9234076752,137055.38087510358,0.0,672228.3042827789,PFC,2023-07,2023
2023-07-03,NIFTY500,240655.67160526704,384791.8984979953,0.0,625447.5701032623,"GLENMARK,CHOLAFIN,RECLTD,CHOLAHLDNG,HAL,KEI",2023-07,2023
2023-07-04,NIFTY100,535172.9234076752,137990.89348588325,0.0,673163.8168935585,PFC,2023-07,2023
2023-07-04,NIFTY500,240655.67160526704,385811.114894223,0.0,626466.78649949,"GLENMARK,CHOLAFIN,RECLTD,CHOLAHLDNG,HAL,KEI",2023-07,2023
2023-07-05,NIFTY100,535172.9234076752,139269.42650366438,0.0,674442.3499113396,PFC,2023-07,2023
2023-07-05,NIFTY500,240655.67160526704,387370.3047831517,0.0,628025.9763884188,"GLENMARK,CHOLAFIN,RECLTD,CHOLAHLDNG,HAL,KEI",2023-07,2023
2023-07-06,NIFTY100,535172.9234076752,139487.7507750758,0.0,674660.674182751,PFC,2023-07,2023
2023-07-06,NIFTY500,240655.67160526704,386283.70864522393,0.0,626939.380250491,"GLENMARK,CHOLAFIN,RECLTD,CHOLAHLDNG,HAL,KEI",2023-07,2023
2023-07-07,NIFTY100,535172.9234076752,138022.06751978074,0.0,673194.990927456,PFC,2023-07,2023
2023-07-07,NIFTY500,240655.67160526704,388660.9534313662,0.0,629316.6250366332,"GLENMARK,CHOLAFIN,RECLTD,CHOLAHLDNG,HAL,KEI",2023-07,2023
2023-07-10,NIFTY100,535172.9234076752,140017.8816567929,0.0,675190.8050644682,PFC,2023-07,2023
2023-07-10,NIFTY500,300842.83635424194,325204.70699735865,0.0,626047.5433516006,"GLENMARK,CHOLAFIN,RECLTD,CHOLAHLDNG,HAL",2023-07,2023
2023-07-11,NIFTY100,535172.9234076752,141639.4615901077,0.0,676812.384997783,PFC,2023-07,2023
2023-07-11,NIFTY500,300842.83635424194,328317.72703392786,0.0,629160.5633881697,"GLENMARK,CHOLAFIN,RECLTD,CHOLAHLDNG,HAL",2023-07,2023
2023-07-12,NIFTY100,535172.9234076752,141733.02345459856,0.0,676905.9468622738,PFC,2023-07,2023
2023-07-12,NIFTY500,300842.83635424194,328958.13245613605,0.0,629800.968810378,"GLENMARK,CHOLAFIN,RECLTD,CHOLAHLDNG,HAL",2023-07,2023
2023-07-13,NIFTY100,535172.9234076752,140111.44352128374,0.0,675284.366928959,PFC,2023-07,2023
2023-07-13,NIFTY500,300842.83635424194,327778.8854184365,0.0,628621.7217726784,"GLENMARK,CHOLAFIN,RECLTD,CHOLAHLDNG,HAL",2023-07,2023
2023-07-14,NIFTY100,535172.9234076752,140080.26948738625,0.0,675253.1928950615,PFC,2023-07,2023
2023-07-14,NIFTY500,300842.83635424194,329483.33314173034,0.0,630326.1694959723,"GLENMARK,CHOLAFIN,RECLTD,CHOLAHLDNG,HAL",2023-07,2023
2023-07-17,NIFTY100,535172.9234076752,139331.84084278994,0.0,674504.7642504652,PFC,2023-07,2023
2023-07-17,NIFTY500,300842.83635424194,328935.92913109687,0.0,629778.7654853389,"GLENMARK,CHOLAFIN,RECLTD,CHOLAHLDNG,HAL",2023-07,2023
2023-07-18,NIFTY100,535172.9234076752,138271.5393165575,0.0,673444.4627242327,PFC,2023-07,2023
2023-07-18,NIFTY500,300842.83635424194,330109.70641274843,0.0,630952.5427669904,"GLENMARK,CHOLAFIN,RECLTD,CHOLAHLDNG,HAL",2023-07,2023
2023-07-19,NIFTY100,535172.9234076752,141202.89257288148,0.0,676375.8159805567,PFC,2023-07,2023
2023-07-19,NIFTY500,300842.83635424194,333018.82755608665,0.0,633861.6639103286,"GLENMARK,CHOLAFIN,RECLTD,CHOLAHLDNG,HAL",2023-07,2023
2023-07-20,NIFTY100,535172.9234076752,141078.14342022702,0.0,676251.0668279022,PFC,2023-07,2023
2023-07-20,NIFTY500,300842.83635424194,334386.7568188015,0.0,635229.5931730435,"GLENMARK,CHOLAFIN,RECLTD,CHOLAHLDNG,HAL",2023-07,2023
2023-07-21,NIFTY100,535172.9234076752,141577.10026804658,0.0,676750.0236757218,PFC,2023-07,2023
2023-07-21,NIFTY500,300842.83635424194,334172.8383126579,0.0,635015.6746668998,"GLENMARK,CHOLAFIN,RECLTD,CHOLAHLDNG,HAL",2023-07,2023
2023-07-24,NIFTY100,0.0,684067.2171365662,0.0,684067.2171365662,"PFC,IDFCFIRSTB,SHRIRAMFIN,ABB,INDIGO",2023-07,2023
2023-07-24,NIFTY500,0.0,644332.2346381911,0.0,644332.2346381911,"GLENMARK,CHOLAFIN,RECLTD,CHOLAHLDNG,HAL,KEI,POLYCAB,NLCINDIA,SUPREMEIND,SJVN",2023-07,2023
2023-07-25,NIFTY100,132241.43039804045,547359.5079279062,0.0,679600.9383259467,"PFC,IDFCFIRSTB,ABB,INDIGO",2023-07,2023
2023-07-25,NIFTY500,0.0,654035.0602852018,0.0,654035.0602852018,"GLENMARK,CHOLAFIN,RECLTD,CHOLAHLDNG,HAL,KEI,POLYCAB,NLCINDIA,SUPREMEIND,SJVN",2023-07,2023
2023-07-26,NIFTY100,259322.98596606668,425310.3144231305,0.0,684633.3003891972,"PFC,IDFCFIRSTB,ABB",2023-07,2023
2023-07-26,NIFTY500,0.0,652364.1580799265,0.0,652364.1580799265,"GLENMARK,CHOLAFIN,RECLTD,CHOLAHLDNG,HAL,KEI,POLYCAB,NLCINDIA,SUPREMEIND,SJVN",2023-07,2023
2023-07-27,NIFTY100,259322.98596606668,428638.00148563075,0.0,687960.9874516975,"PFC,IDFCFIRSTB,ABB",2023-07,2023
2023-07-27,NIFTY500,0.0,658665.1588031752,0.0,658665.1588031752,"GLENMARK,CHOLAFIN,RECLTD,CHOLAHLDNG,HAL,KEI,POLYCAB,NLCINDIA,SUPREMEIND,SJVN",2023-07,2023
2023-07-28,NIFTY100,401180.60077458824,294086.278362207,0.0,695266.8791367952,"PFC,IDFCFIRSTB",2023-07,2023
2023-07-28,NIFTY500,0.0,654796.9354173619,0.0,654796.9354173619,"GLENMARK,CHOLAFIN,RECLTD,CHOLAHLDNG,HAL,KEI,POLYCAB,NLCINDIA,SUPREMEIND,SJVN",2023-07,2023
2023-07-31,NIFTY100,540759.1888307958,163031.93987616707,0.0,703791.1287069629,PFC,2023-07,2023
2023-07-31,NIFTY500,117163.71119454456,548111.9587680029,0.0,665275.6699625475,"GLENMARK,CHOLAFIN,RECLTD,CHOLAHLDNG,HAL,POLYCAB,NLCINDIA,SJVN",2023-07,2023
2023-08-01,NIFTY100,540759.1888307958,161441.53397674978,0.0,702200.7228075456,PFC,2023-08,2023
2023-08-01,NIFTY500,176668.90479991768,482687.53510553244,0.0,659356.4399054501,"GLENMARK,CHOLAFIN,RECLTD,CHOLAHLDNG,HAL,POLYCAB,SJVN",2023-08,2023
2023-08-02,NIFTY100,540759.1888307958,159851.14133159857,0.0,700610.3301623943,PFC,2023-08,2023
2023-08-02,NIFTY500,296343.4653998119,351710.0791337153,0.0,648053.5445335272,"GLENMARK,CHOLAFIN,RECLTD,CHOLAHLDNG,POLYCAB",2023-08,2023
2023-08-03,NIFTY100,540759.1888307958,162252.35045193942,0.0,703011.5392827352,PFC,2023-08,2023
2023-08-03,NIFTY500,354488.16159304115,294969.84194410214,0.0,649458.0035371433,"GLENMARK,RECLTD,CHOLAHLDNG,POLYCAB",2023-08,2023
2023-08-04,NIFTY100,540759.1888307958,161285.65055299614,0.0,702044.8393837919,PFC,2023-08,2023
2023-08-04,NIFTY500,414708.82838238095,236120.01251929003,0.0,650828.840901671,"GLENMARK,RECLTD,POLYCAB",2023-08,2023
2023-08-07,NIFTY100,540759.1888307958,166431.0361836148,0.0,707190.2250144107,PFC,2023-08,2023
2023-08-07,NIFTY500,414708.82838238095,242990.87970447386,0.0,657699.7080868548,"GLENMARK,RECLTD,POLYCAB",2023-08,2023
2023-08-08,NIFTY100,540759.1888307958,167771.98354052153,0.0,708531.1723713174,PFC,2023-08,2023
2023-08-08,NIFTY500,414708.82838238095,247122.68241954583,0.0,661831.5108019267,"GLENMARK,RECLTD,POLYCAB",2023-08,2023
2023-08-09,NIFTY100,540759.1888307958,168426.87682915918,0.0,709186.065659955,PFC,2023-08,2023
2023-08-09,NIFTY500,414708.82838238095,248067.60930296333,0.0,662776.4376853443,"GLENMARK,RECLTD,POLYCAB",2023-08,2023
2023-08-10,NIFTY100,540759.1888307958,166555.7985905354,0.0,707314.9874213312,PFC,2023-08,2023
2023-08-10,NIFTY500,414708.82838238095,244273.44561997507,0.0,658982.274002356,"GLENMARK,RECLTD,POLYCAB",2023-08,2023
2023-08-11,NIFTY100,540759.1888307958,164684.74686044385,0.0,705443.9356912397,PFC,2023-08,2023
2023-08-11,NIFTY500,414708.82838238095,247788.15021781504,0.0,662496.978600196,"GLENMARK,RECLTD,POLYCAB",2023-08,2023
2023-08-14,NIFTY100,540759.1888307958,164684.74686044385,0.0,705443.9356912397,PFC,2023-08,2023
2023-08-14,NIFTY500,414708.82838238095,248897.91126121118,0.0,663606.7396435922,"GLENMARK,RECLTD,POLYCAB",2023-08,2023
2023-08-16,NIFTY100,540759.1888307958,164778.2954706686,0.0,705537.4843014644,PFC,2023-08,2023
2023-08-16,NIFTY500,414708.82838238095,250758.54403020546,0.0,665467.3724125864,"GLENMARK,RECLTD,POLYCAB",2023-08,2023
2023-08-17,NIFTY100,540759.1888307958,168925.8071684465,0.0,709684.9959992423,PFC,2023-08,2023
2023-08-17,NIFTY500,414708.82838238095,253872.4279378386,0.0,668581.2563202195,"GLENMARK,RECLTD,POLYCAB",2023-08,2023
2023-08-18,NIFTY100,540759.1888307958,167460.12391315144,0.0,708219.3127439473,PFC,2023-08,2023
2023-08-18,NIFTY500,414708.82838238095,251748.2573907479,0.0,666457.0857731288,"GLENMARK,RECLTD,POLYCAB",2023-08,2023
2023-08-21,NIFTY100,540759.1888307958,168426.87682915918,0.0,709186.065659955,PFC,2023-08,2023
2023-08-21,NIFTY500,414708.82838238095,255590.61357931385,0.0,670299.4419616947,"GLENMARK,RECLTD,POLYCAB",2023-08,2023
2023-08-22,NIFTY100,0.0,710446.8288144141,0.0,710446.8288144141,"PFC,LUPIN,IDFCFIRSTB,ZYDUSLIFE,DRREDDY",2023-08,2023
2023-08-22,NIFTY500,0.0,669766.722014658,0.0,669766.722014658,"GLENMARK,RECLTD,POLYCAB,SUPREMEIND,NLCINDIA,MRPL,NATCOPHARM,SJVN,LINDEINDIA,ADANIPOWER",2023-08,2023
2023-08-23,NIFTY100,0.0,713428.5850235992,0.0,713428.5850235992,"PFC,LUPIN,IDFCFIRSTB,ZYDUSLIFE,DRREDDY",2023-08,2023
2023-08-23,NIFTY500,181680.13432343095,503724.9304936012,0.0,685405.0648170321,"GLENMARK,RECLTD,POLYCAB,SUPREMEIND,SJVN,LINDEINDIA,ADANIPOWER",2023-08,2023
2023-08-24,NIFTY100,0.0,708022.5503510046,0.0,708022.5503510046,"PFC,LUPIN,IDFCFIRSTB,ZYDUSLIFE,DRREDDY",2023-08,2023
2023-08-24,NIFTY500,239959.59278423162,444316.29485832335,0.0,684275.8876425549,"GLENMARK,RECLTD,POLYCAB,SUPREMEIND,SJVN,LINDEINDIA",2023-08,2023
2023-08-25,NIFTY100,0.0,700315.2503105631,0.0,700315.2503105631,"PFC,LUPIN,IDFCFIRSTB,ZYDUSLIFE,DRREDDY",2023-08,2023
2023-08-25,NIFTY500,239959.59278423162,441270.0483107106,0.0,681229.6410949422,"GLENMARK,RECLTD,POLYCAB,SUPREMEIND,SJVN,LINDEINDIA",2023-08,2023
2023-08-28,NIFTY100,0.0,706205.6940433588,0.0,706205.6940433588,"PFC,LUPIN,IDFCFIRSTB,ZYDUSLIFE,DRREDDY",2023-08,2023
2023-08-28,NIFTY500,239959.59278423162,451622.13946448744,0.0,691581.7322487191,"GLENMARK,RECLTD,POLYCAB,SUPREMEIND,SJVN,LINDEINDIA",2023-08,2023
2023-08-29,NIFTY100,0.0,700853.3580290967,0.0,700853.3580290967,"PFC,LUPIN,IDFCFIRSTB,ZYDUSLIFE,DRREDDY",2023-08,2023
2023-08-29,NIFTY500,239959.59278423162,451249.87274911295,0.0,691209.4655333445,"GLENMARK,RECLTD,POLYCAB,SUPREMEIND,SJVN,LINDEINDIA",2023-08,2023
2023-08-30,NIFTY100,128753.50883359705,574568.0956649055,0.0,703321.6044985026,"PFC,LUPIN,IDFCFIRSTB,ZYDUSLIFE",2023-08,2023
2023-08-30,NIFTY500,320080.44220876007,372038.97563741624,0.0,692119.4178461763,"RECLTD,POLYCAB,SUPREMEIND,SJVN,LINDEINDIA",2023-08,2023
2023-08-31,NIFTY100,128753.50883359705,567498.8645965753,0.0,696252.3734301723,"PFC,LUPIN,IDFCFIRSTB,ZYDUSLIFE",2023-08,2023
2023-08-31,NIFTY500,320080.44220876007,373588.95346077863,0.0,693669.3956695388,"RECLTD,POLYCAB,SUPREMEIND,SJVN,LINDEINDIA",2023-08,2023
2023-09-01,NIFTY100,128753.50883359705,562873.6450122802,0.0,691627.1538458773,"PFC,LUPIN,IDFCFIRSTB,ZYDUSLIFE",2023-09,2023
2023-09-01,NIFTY500,320080.44220876007,377707.4176308155,0.0,697787.8598395756,"RECLTD,POLYCAB,SUPREMEIND,SJVN,LINDEINDIA",2023-09,2023
2023-09-04,NIFTY100,256841.2563154586,448263.4755339222,0.0,705104.7318493808,"PFC,LUPIN,IDFCFIRSTB",2023-09,2023
2023-09-04,NIFTY500,320080.44220876007,381690.39037813345,0.0,701770.8325868936,"RECLTD,POLYCAB,SUPREMEIND,SJVN,LINDEINDIA",2023-09,2023
2023-09-05,NIFTY100,256841.2563154586,450782.3891276994,0.0,707623.645443158,"PFC,LUPIN,IDFCFIRSTB",2023-09,2023
2023-09-05,NIFTY500,320080.44220876007,382510.80960003624,0.0,702591.2518087963,"RECLTD,POLYCAB,SUPREMEIND,SJVN,LINDEINDIA",2023-09,2023
2023-09-06,NIFTY100,256841.2563154586,448037.71458575194,0.0,704878.9709012106,"PFC,LUPIN,IDFCFIRSTB",2023-09,2023
2023-09-06,NIFTY500,320080.44220876007,375826.79590325785,0.0,695907.238112018,"RECLTD,POLYCAB,SUPREMEIND,SJVN,LINDEINDIA",2023-09,2023
2023-09-07,NIFTY100,256841.2563154586,453859.4414903774,0.0,710700.697805836,"PFC,LUPIN,IDFCFIRSTB",2023-09,2023
2023-09-07,NIFTY500,320080.44220876007,381229.1863806902,0.0,701309.6285894503,"RECLTD,POLYCAB,SUPREMEIND,SJVN,LINDEINDIA",2023-09,2023
2023-09-08,NIFTY100,256841.2563154586,472981.5600763527,0.0,729822.8163918112,"PFC,LUPIN,IDFCFIRSTB",2023-09,2023
2023-09-08,NIFTY500,320080.44220876007,395771.106622702,0.0,715851.548831462,"RECLTD,POLYCAB,SUPREMEIND,SJVN,LINDEINDIA",2023-09,2023
2023-09-11,NIFTY100,256841.2563154586,475208.17669280263,0.0,732049.4330082613,"PFC,LUPIN,IDFCFIRSTB",2023-09,2023
2023-09-11,NIFTY500,320080.44220876007,407643.58662916464,0.0,727724.0288379247,"RECLTD,POLYCAB,SUPREMEIND,SJVN,LINDEINDIA",2023-09,2023
2023-09-12,NIFTY100,256841.2563154586,457503.83008580795,0.0,714345.0864012665,"PFC,LUPIN,IDFCFIRSTB",2023-09,2023
2023-09-12,NIFTY500,320080.44220876007,383177.14573944634,0.0,703257.5879482063,"RECLTD,POLYCAB,SUPREMEIND,SJVN,LINDEINDIA",2023-09,2023
2023-09-13,NIFTY100,256841.2563154586,454919.6292821559,0.0,711760.8855976145,"PFC,LUPIN,IDFCFIRSTB",2023-09,2023
2023-09-13,NIFTY500,320080.44220876007,386262.0926812419,0.0,706342.534890002,"RECLTD,POLYCAB,SUPREMEIND,SJVN,LINDEINDIA",2023-09,2023
2023-09-14,NIFTY100,256841.2563154586,457842.62160101184,0.0,714683.8779164704,"PFC,LUPIN,IDFCFIRSTB",2023-09,2023
2023-09-14,NIFTY500,387373.3604744637,321237.7279385381,0.0,708611.0884130019,"RECLTD,POLYCAB,SUPREMEIND,SJVN",2023-09,2023
2023-09-15,NIFTY100,256841.2563154586,458486.8999052462,0.0,715328.1562207048,"PFC,LUPIN,IDFCFIRSTB",2023-09,2023
2023-09-15,NIFTY500,387373.3604744637,315996.7807681591,0.0,703370.1412426229,"RECLTD,POLYCAB,SUPREMEIND,SJVN",2023-09,2023
2023-09-18,NIFTY100,256841.2563154586,459996.39338127675,0.0,716837.6496967353,"PFC,LUPIN,IDFCFIRSTB",2023-09,2023
2023-09-18,NIFTY500,442900.37977340585,263836.89871402003,0.0,706737.2784874259,"RECLTD,POLYCAB,SJVN",2023-09,2023
2023-09-20,NIFTY100,256841.2563154586,461596.97544825013,0.0,718438.2317637088,"PFC,LUPIN,IDFCFIRSTB",2023-09,2023
2023-09-20,NIFTY500,442900.37977340585,273019.35238760104,0.0,715919.7321610069,"RECLTD,POLYCAB,SJVN",2023-09,2023
2023-09-21,NIFTY100,256841.2563154586,458684.30081972457,0.0,715525.5571351831,"PFC,LUPIN,IDFCFIRSTB",2023-09,2023
2023-09-21,NIFTY500,442900.37977340585,263574.33054983686,0.0,706474.7103232427,"RECLTD,POLYCAB,SJVN",2023-09,2023
2023-09-22,NIFTY100,0.0,718610.2665446454,0.0,718610.2665446454,"PFC,LUPIN,IDFCFIRSTB,GICRE,NTPC",2023-09,2023
2023-09-22,NIFTY500,0.0,711475.955214638,0.0,711475.955214638,"RECLTD,POLYCAB,SJVN,CHOLAHLDNG,GLENMARK,MAHABANK,CENTRALBK,ITI,IOB,ESCORTS",2023-09,2023
2023-09-25,NIFTY100,128699.25478645209,594145.2337008815,0.0,722844.4884873335,"PFC,LUPIN,IDFCFIRSTB,GICRE",2023-09,2023
2023-09-25,NIFTY500,65458.89844181334,655647.9280612009,0.0,721106.8265030142,"RECLTD,POLYCAB,SJVN,CHOLAHLDNG,GLENMARK,MAHABANK,CENTRALBK,ITI,IOB",2023-09,2023
2023-09-26,NIFTY100,128699.25478645209,591340.6562804847,0.0,720039.9110669368,"PFC,LUPIN,IDFCFIRSTB,GICRE",2023-09,2023
2023-09-26,NIFTY500,65458.89844181334,650553.3163733626,0.0,716012.2148151759,"RECLTD,POLYCAB,SJVN,CHOLAHLDNG,GLENMARK,MAHABANK,CENTRALBK,ITI,IOB",2023-09,2023
2023-09-27,NIFTY100,256977.61243866925,481088.7003852909,0.0,738066.3128239601,"PFC,LUPIN,IDFCFIRSTB",2023-09,2023
2023-09-27,NIFTY500,126346.92795797368,609052.5959795531,0.0,735399.5239375267,"RECLTD,POLYCAB,SJVN,CHOLAHLDNG,MAHABANK,CENTRALBK,ITI,IOB",2023-09,2023
2023-09-28,NIFTY100,256977.61243866925,472971.17970028636,0.0,729948.7921389556,"PFC,LUPIN,IDFCFIRSTB",2023-09,2023
2023-09-28,NIFTY500,126346.92795797368,609286.5309680293,0.0,735633.458926003,"RECLTD,POLYCAB,SJVN,CHOLAHLDNG,MAHABANK,CENTRALBK,ITI,IOB",2023-09,2023
2023-09-29,NIFTY100,256977.61243866925,484580.0859985796,0.0,741557.6984372488,"PFC,LUPIN,IDFCFIRSTB",2023-09,2023
2023-09-29,NIFTY500,126346.92795797368,615903.0786934284,0.0,742250.0066514021,"RECLTD,POLYCAB,SJVN,CHOLAHLDNG,MAHABANK,CENTRALBK,ITI,IOB",2023-09,2023
2023-10-03,NIFTY100,256977.61243866925,482179.0514567938,0.0,739156.6638954631,"PFC,LUPIN,IDFCFIRSTB",2023-10,2023
2023-10-03,NIFTY500,126346.92795797368,622505.2418451675,0.0,748852.1698031412,"RECLTD,POLYCAB,SJVN,CHOLAHLDNG,MAHABANK,CENTRALBK,ITI,IOB",2023-10,2023
2023-10-04,NIFTY100,256977.61243866925,470273.3970115164,0.0,727251.0094501856,"PFC,LUPIN,IDFCFIRSTB",2023-10,2023
2023-10-04,NIFTY500,126346.92795797368,606819.2653805584,0.0,733166.1933385321,"RECLTD,POLYCAB,SJVN,CHOLAHLDNG,MAHABANK,CENTRALBK,ITI,IOB",2023-10,2023
2023-10-05,NIFTY100,256977.61243866925,467677.19753623346,0.0,724654.8099749028,"PFC,LUPIN,IDFCFIRSTB",2023-10,2023
2023-10-05,NIFTY500,126346.92795797368,606305.3727423345,0.0,732652.3007003082,"RECLTD,POLYCAB,SJVN,CHOLAHLDNG,MAHABANK,CENTRALBK,ITI,IOB",2023-10,2023
2023-10-06,NIFTY100,256977.61243866925,472058.6290420021,0.0,729036.2414806713,"PFC,LUPIN,IDFCFIRSTB",2023-10,2023
2023-10-06,NIFTY500,126346.92795797368,607582.8694488856,0.0,733929.7974068592,"RECLTD,POLYCAB,SJVN,CHOLAHLDNG,MAHABANK,CENTRALBK,ITI,IOB",2023-10,2023
2023-10-09,NIFTY100,256977.61243866925,464623.66005405784,0.0,721601.272492727,"PFC,LUPIN,IDFCFIRSTB",2023-10,2023
2023-10-09,NIFTY500,126346.92795797368,594960.8232555202,0.0,721307.7512134939,"RECLTD,POLYCAB,SJVN,CHOLAHLDNG,MAHABANK,CENTRALBK,ITI,IOB",2023-10,2023
2023-10-10,NIFTY100,256977.61243866925,473228.2576254284,0.0,730205.8700640977,"PFC,LUPIN,IDFCFIRSTB",2023-10,2023
2023-10-10,NIFTY500,191050.77985740168,548045.6088622956,0.0,739096.3887196973,"RECLTD,POLYCAB,SJVN,CHOLAHLDNG,MAHABANK,CENTRALBK,ITI",2023-10,2023
2023-10-11,NIFTY100,256977.61243866925,475762.05794209905,0.0,732739.6703807684,"PFC,LUPIN,IDFCFIRSTB",2023-10,2023
2023-10-11,NIFTY500,191050.77985740168,549151.4892685645,0.0,740202.2691259661,"RECLTD,POLYCAB,SJVN,CHOLAHLDNG,MAHABANK,CENTRALBK,ITI",2023-10,2023
2023-10-12,NIFTY100,256977.61243866925,475036.89242378087,0.0,732014.5048624501,"PFC,LUPIN,IDFCFIRSTB",2023-10,2023
2023-10-12,NIFTY500,255579.97323590264,484551.5848115041,0.0,740131.5580474067,"RECLTD,POLYCAB,SJVN,CHOLAHLDNG,CENTRALBK,ITI",2023-10,2023
2023-10-13,NIFTY100,256977.61243866925,477399.1486574987,0.0,734376.761096168,"PFC,LUPIN,IDFCFIRSTB",2023-10,2023
2023-10-13,NIFTY500,319506.6956003892,441729.92254410434,0.0,761236.6181444936,"RECLTD,POLYCAB,SJVN,CHOLAHLDNG,ITI",2023-10,2023
2023-10-16,NIFTY100,256977.61243866925,481100.4183500662,0.0,738078.0307887355,"PFC,LUPIN,IDFCFIRSTB",2023-10,2023
2023-10-16,NIFTY500,319506.6956003892,452512.96341283387,0.0,772019.6590132231,"RECLTD,POLYCAB,SJVN,CHOLAHLDNG,ITI",2023-10,2023
2023-10-17,NIFTY100,256977.61243866925,481605.45188299345,0.0,738583.0643216628,"PFC,LUPIN,IDFCFIRSTB",2023-10,2023
2023-10-17,NIFTY500,319506.6956003892,461340.43514989974,0.0,780847.130750289,"RECLTD,POLYCAB,SJVN,CHOLAHLDNG,ITI",2023-10,2023
2023-10-18,NIFTY100,256977.61243866925,475486.7893330605,0.0,732464.4017717298,"PFC,LUPIN,IDFCFIRSTB",2023-10,2023
2023-10-18,NIFTY500,319506.6956003892,446367.20994182053,0.0,765873.9055422097,"RECLTD,POLYCAB,SJVN,CHOLAHLDNG,ITI",2023-10,2023
2023-10-19,NIFTY100,256977.61243866925,478863.8862720992,0.0,735841.4987107685,"PFC,LUPIN,IDFCFIRSTB",2023-10,2023
2023-10-19,NIFTY500,319506.6956003892,447910.82836615114,0.0,767417.5239665403,"RECLTD,POLYCAB,SJVN,CHOLAHLDNG,ITI",2023-10,2023
2023-10-20,NIFTY100,256977.61243866925,472286.9890477202,0.0,729264.6014863895,"PFC,LUPIN,IDFCFIRSTB",2023-10,2023
2023-10-20,NIFTY500,319506.6956003892,446705.55356960115,0.0,766212.2491699904,"RECLTD,POLYCAB,SJVN,CHOLAHLDNG,ITI",2023-10,2023
2023-10-23,NIFTY100,386546.47809123003,334854.7561640368,0.0,721401.2342552668,"PFC,LUPIN",2023-10,2023
2023-10-23,NIFTY500,319506.6956003892,420943.5295475742,0.0,740450.2251479634,"RECLTD,POLYCAB,SJVN,CHOLAHLDNG,ITI",2023-10,2023
2023-10-25,NIFTY100,0.0,712517.8949447045,0.0,712517.8949447045,"PFC,LUPIN,RECLTD,NTPC,COALINDIA",2023-10,2023
2023-10-25,NIFTY500,0.0,734866.4855787241,0.0,734866.4855787241,"POLYCAB,SJVN,CHOLAHLDNG,ITI,PRESTIGE,LINDEINDIA,SUPREMEIND,MRPL,ESCORTS,CREDITACC",2023-10,2023
2023-10-26,NIFTY100,0.0,698296.3999003349,0.0,698296.3999003349,"PFC,LUPIN,RECLTD,NTPC,COALINDIA",2023-10,2023
2023-10-26,NIFTY500,147784.22110155693,586876.9572256663,0.0,734661.1783272232,"POLYCAB,CHOLAHLDNG,ITI,PRESTIGE,LINDEINDIA,SUPREMEIND,MRPL,ESCORTS",2023-10,2023
2023-10-27,NIFTY100,0.0,712408.9866625892,0.0,712408.9866625892,"PFC,LUPIN,RECLTD,NTPC,COALINDIA",2023-10,2023
2023-10-27,NIFTY500,291507.9343001933,445692.48761655675,0.0,737200.42191675,"POLYCAB,CHOLAHLDNG,ITI,PRESTIGE,MRPL,ESCORTS",2023-10,2023
2023-10-30,NIFTY100,0.0,0.0,714619.903079362,714619.903079362,GOLDBEES,2023-10,2023
2023-10-30,NIFTY500,366390.5281629907,377333.5367829313,0.0,743724.064945922,"POLYCAB,CHOLAHLDNG,ITI,MRPL,ESCORTS",2023-10,2023
2023-10-31,NIFTY100,0.0,0.0,711340.6057055925,711340.6057055925,GOLDBEES,2023-10,2023
2023-10-31,NIFTY500,366390.5281629907,374351.9454542487,0.0,740742.4736172394,"POLYCAB,CHOLAHLDNG,ITI,MRPL,ESCORTS",2023-10,2023
2023-11-01,NIFTY100,0.0,0.0,707241.4058031428,707241.4058031428,GOLDBEES,2023-11,2023
2023-11-01,NIFTY500,581231.618730725,154397.91325197398,0.0,735629.531982699,"CHOLAHLDNG,ITI",2023-11,2023
2023-11-02,NIFTY100,0.0,0.0,708471.1553491793,708471.1553491793,GOLDBEES,2023-11,2023
2023-11-02,NIFTY500,581231.618730725,157602.11508916304,0.0,738833.7338198881,"CHOLAHLDNG,ITI",2023-11,2023
2023-11-03,NIFTY100,0.0,0.0,707787.972739935,707787.972739935,GOLDBEES,2023-11,2023
2023-11-03,NIFTY500,581231.618730725,157369.25638206908,0.0,738600.8751127941,"CHOLAHLDNG,ITI",2023-11,2023
2023-11-06,NIFTY100,0.0,0.0,707104.7901306908,707104.7901306908,GOLDBEES,2023-11,2023
2023-11-06,NIFTY500,581231.618730725,159930.9840306219,0.0,741162.602761347,"CHOLAHLDNG,ITI",2023-11,2023
2023-11-07,NIFTY100,0.0,0.0,701775.8928056965,701775.8928056965,GOLDBEES,2023-11,2023
2023-11-07,NIFTY500,581231.618730725,159189.92249258794,0.0,740421.541223313,"CHOLAHLDNG,ITI",2023-11,2023
2023-11-08,NIFTY100,0.0,0.0,702322.4597424887,702322.4597424887,GOLDBEES,2023-11,2023
2023-11-08,NIFTY500,581231.618730725,156894.53991903778,0.0,738126.1586497629,"CHOLAHLDNG,ITI",2023-11,2023
2023-11-09,NIFTY100,0.0,0.0,696037.044216362,696037.044216362,GOLDBEES,2023-11,2023
2023-11-09,NIFTY500,581231.618730725,153323.1886700878,0.0,734554.8074008129,"CHOLAHLDNG,ITI",2023-11,2023
2023-11-10,NIFTY100,0.0,0.0,701092.7101964521,701092.7101964521,GOLDBEES,2023-11,2023
2023-11-10,NIFTY500,581231.618730725,153478.54390022618,0.0,734710.1626309513,"CHOLAHLDNG,ITI",2023-11,2023
2023-11-13,NIFTY100,0.0,0.0,695900.4285439099,695900.4285439099,GOLDBEES,2023-11,2023
2023-11-13,NIFTY500,581231.618730725,155761.51112792705,0.0,736993.1298586521,"CHOLAHLDNG,ITI",2023-11,2023
2023-11-15,NIFTY100,0.0,0.0,703142.2580241851,703142.2580241851,GOLDBEES,2023-11,2023
2023-11-15,NIFTY500,639977.5925816669,96076.62310532511,0.0,736054.215686992,ITI,2023-11,2023
2023-11-16,NIFTY100,0.0,0.0,702185.7919465447,702185.7919465447,GOLDBEES,2023-11,2023
2023-11-16,NIFTY500,639977.5925816669,96311.36151353635,0.0,736288.9540952032,ITI,2023-11,2023
2023-11-17,NIFTY100,0.0,0.0,708607.8231451234,708607.8231451234,GOLDBEES,2023-11,2023
2023-11-17,NIFTY500,639977.5925816669,94018.23175929357,0.0,733995.8243409605,ITI,2023-11,2023
2023-11-20,NIFTY100,0.0,0.0,705875.0405846542,705875.0405846542,GOLDBEES,2023-11,2023
2023-11-20,NIFTY500,639977.5925816669,100662.88261381067,0.0,740640.4751954776,ITI,2023-11,2023
2023-11-21,NIFTY100,0.0,0.0,708881.1066135195,708881.1066135195,GOLDBEES,2023-11,2023
2023-11-21,NIFTY500,639977.5925816669,99561.4635530854,0.0,739539.0561347522,ITI,2023-11,2023
2023-11-22,NIFTY100,0.0,0.0,712843.5865965332,712843.5865965332,GOLDBEES,2023-11,2023
2023-11-22,NIFTY500,0.0,738003.475993545,0.0,738003.475993545,"ITI,RECLTD,SJVN,PRESTIGE,SOLARINDS,NLCINDIA,NAM-INDIA,TRENT,MRPL,TATAINVEST",2023-11,2023
2023-11-23,NIFTY100,0.0,0.0,710794.0387688003,710794.0387688003,GOLDBEES,2023-11,2023
2023-11-23,NIFTY500,69459.21647417659,666057.3445232332,0.0,735516.5609974099,"ITI,RECLTD,SJVN,PRESTIGE,SOLARINDS,NLCINDIA,NAM-INDIA,TRENT,TATAINVEST",2023-11,2023
2023-11-24,NIFTY100,0.0,0.0,712570.3552516291,712570.3552516291,GOLDBEES,2023-11,2023
2023-11-24,NIFTY500,69459.21647417659,666154.7049444565,0.0,735613.9214186331,"ITI,RECLTD,SJVN,PRESTIGE,SOLARINDS,NLCINDIA,NAM-INDIA,TRENT,TATAINVEST",2023-11,2023
2023-11-28,NIFTY100,0.0,0.0,714619.903079362,714619.903079362,GOLDBEES,2023-11,2023
2023-11-28,NIFTY500,139760.74802158808,595094.0319985226,0.0,734854.7800201107,"ITI,RECLTD,SJVN,PRESTIGE,SOLARINDS,NAM-INDIA,TRENT,TATAINVEST",2023-11,2023
2023-11-29,NIFTY100,0.0,0.0,724867.7985885025,724867.7985885025,GOLDBEES,2023-11,2023
2023-11-29,NIFTY500,207290.00052837373,527869.0689060608,0.0,735159.0694344345,"ITI,RECLTD,SJVN,PRESTIGE,SOLARINDS,NAM-INDIA,TRENT",2023-11,2023
2023-11-30,NIFTY100,0.0,0.0,726234.2159304831,726234.2159304831,GOLDBEES,2023-11,2023
2023-11-30,NIFTY500,271033.0992988786,469409.6464562626,0.0,740442.7457551411,"ITI,RECLTD,SJVN,PRESTIGE,NAM-INDIA,TRENT",2023-11,2023
2023-12-01,NIFTY100,0.0,0.0,728147.1480857639,728147.1480857639,GOLDBEES,2023-12,2023
2023-12-01,NIFTY500,271033.0992988786,479527.2099087075,0.0,750560.3092075861,"ITI,RECLTD,SJVN,PRESTIGE,NAM-INDIA,TRENT",2023-12,2023
2023-12-04,NIFTY100,0.0,732392.1845839842,0.0,732392.1845839842,"RECLTD,PFC,COALINDIA,LUPIN,GICRE",2023-12,2023
2023-12-04,NIFTY500,352208.8209886607,413362.28117060655,0.0,765571.1021592673,"ITI,SJVN,PRESTIGE,NAM-INDIA,TRENT",2023-12,2023
2023-12-05,NIFTY100,143041.29232219153,582777.4830072036,0.0,725818.7753293951,"RECLTD,PFC,COALINDIA,LUPIN",2023-12,2023
2023-12-05,NIFTY500,352208.8209886607,411687.5625035744,0.0,763896.3834922351,"ITI,SJVN,PRESTIGE,NAM-INDIA,TRENT",2023-12,2023
2023-12-06,NIFTY100,282051.3339620195,444307.15579674806,0.0,726358.4897587675,"RECLTD,PFC,COALINDIA",2023-12,2023
2023-12-06,NIFTY500,352208.8209886607,410813.40621329576,0.0,763022.2272019564,"ITI,SJVN,PRESTIGE,NAM-INDIA,TRENT",2023-12,2023
2023-12-07,NIFTY100,282051.3339620195,441368.69617550005,0.0,723420.0301375196,"RECLTD,PFC,COALINDIA",2023-12,2023
2023-12-07,NIFTY500,352208.8209886607,428702.91941339767,0.0,780911.7404020583,"ITI,SJVN,PRESTIGE,NAM-INDIA,TRENT",2023-12,2023
2023-12-08,NIFTY100,282051.3339620195,447970.98566604964,0.0,730022.3196280692,"RECLTD,PFC,COALINDIA",2023-12,2023
2023-12-08,NIFTY500,352208.8209886607,427875.458778249,0.0,780084.2797669097,"ITI,SJVN,PRESTIGE,NAM-INDIA,TRENT",2023-12,2023
2023-12-11,NIFTY100,282051.3339620195,452076.52963272645,0.0,734127.863594746,"RECLTD,PFC,COALINDIA",2023-12,2023
2023-12-11,NIFTY500,352208.8209886607,431603.2490431509,0.0,783812.0700318116,"ITI,SJVN,PRESTIGE,NAM-INDIA,TRENT",2023-12,2023
2023-12-12,NIFTY100,282051.3339620195,449511.27807398187,0.0,731562.6120360014,"RECLTD,PFC,COALINDIA",2023-12,2023
2023-12-12,NIFTY500,352208.8209886607,428308.0634410914,0.0,780516.8844297521,"ITI,SJVN,PRESTIGE,NAM-INDIA,TRENT",2023-12,2023
2023-12-13,NIFTY100,282051.3339620195,474767.40020776563,0.0,756818.7341697852,"RECLTD,PFC,COALINDIA",2023-12,2023
2023-12-13,NIFTY500,352208.8209886607,440526.4924398291,0.0,792735.3134284897,"ITI,SJVN,PRESTIGE,NAM-INDIA,TRENT",2023-12,2023
2023-12-14,NIFTY100,282051.3339620195,475241.2504624663,0.0,757292.5844244858,"RECLTD,PFC,COALINDIA",2023-12,2023
2023-12-14,NIFTY500,352208.8209886607,442853.0819283336,0.0,795061.9029169943,"ITI,SJVN,PRESTIGE,NAM-INDIA,TRENT",2023-12,2023
2023-12-15,NIFTY100,282051.3339620195,468206.58851890604,0.0,750257.9224809255,"RECLTD,PFC,COALINDIA",2023-12,2023
2023-12-15,NIFTY500,352208.8209886607,438411.7373383023,0.0,790620.558326963,"ITI,SJVN,PRESTIGE,NAM-INDIA,TRENT",2023-12,2023
2023-12-18,NIFTY100,282051.3339620195,468269.33185783465,0.0,750320.6658198541,"RECLTD,PFC,COALINDIA",2023-12,2023
2023-12-18,NIFTY500,352208.8209886607,435184.18414255395,0.0,787393.0051312146,"ITI,SJVN,PRESTIGE,NAM-INDIA,TRENT",2023-12,2023
2023-12-19,NIFTY100,282051.3339620195,475170.745966703,0.0,757222.0799287225,"RECLTD,PFC,COALINDIA",2023-12,2023
2023-12-19,NIFTY500,352208.8209886607,434037.07356022403,0.0,786245.8945488847,"ITI,SJVN,PRESTIGE,NAM-INDIA,TRENT",2023-12,2023
2023-12-20,NIFTY100,282051.3339620195,447016.3119031462,0.0,729067.6458651656,"RECLTD,PFC,COALINDIA",2023-12,2023
2023-12-20,NIFTY500,352208.8209886607,420826.92046020704,0.0,773035.7414488677,"ITI,SJVN,PRESTIGE,NAM-INDIA,TRENT",2023-12,2023
2023-12-21,NIFTY100,282051.3339620195,454042.87165937095,0.0,736094.2056213904,"RECLTD,PFC,COALINDIA",2023-12,2023
2023-12-21,NIFTY500,352208.8209886607,425281.3238307125,0.0,777490.1448193733,"ITI,SJVN,PRESTIGE,NAM-INDIA,TRENT",2023-12,2023
2023-12-22,NIFTY100,0.0,736117.3047973306,0.0,736117.3047973306,"RECLTD,PFC,COALINDIA,HDFCAMC,NTPC",2023-12,2023
2023-12-22,NIFTY500,0.0,785722.6280722618,0.0,785722.6280722618,"ITI,SJVN,PRESTIGE,NAM-INDIA,TRENT,NLCINDIA,BHEL,ADANIPOWER,HINDCOPPER,CDSL",2023-12,2023
2023-12-26,NIFTY100,141618.73091800648,605784.9683518282,0.0,747403.6992698347,"RECLTD,PFC,COALINDIA,NTPC",2023-12,2023
2023-12-26,NIFTY500,0.0,802854.7178009518,0.0,802854.7178009518,"ITI,SJVN,PRESTIGE,NAM-INDIA,TRENT,NLCINDIA,BHEL,ADANIPOWER,HINDCOPPER,CDSL",2023-12,2023
2023-12-27,NIFTY100,141618.73091800648,597865.8602454199,0.0,739484.5911634264,"RECLTD,PFC,COALINDIA,NTPC",2023-12,2023
2023-12-27,NIFTY500,0.0,807762.6175688475,0.0,807762.6175688475,"ITI,SJVN,PRESTIGE,NAM-INDIA,TRENT,NLCINDIA,BHEL,ADANIPOWER,HINDCOPPER,CDSL",2023-12,2023
2023-12-28,NIFTY100,141618.73091800648,607850.5470869689,0.0,749469.2780049754,"RECLTD,PFC,COALINDIA,NTPC",2023-12,2023
2023-12-28,NIFTY500,0.0,821606.9129062822,0.0,821606.9129062822,"ITI,SJVN,PRESTIGE,NAM-INDIA,TRENT,NLCINDIA,BHEL,ADANIPOWER,HINDCOPPER,CDSL",2023-12,2023
2023-12-29,NIFTY100,141618.73091800648,604617.165652096,0.0,746235.8965701025,"RECLTD,PFC,COALINDIA,NTPC",2023-12,2023
2023-12-29,NIFTY500,0.0,829815.7789272644,0.0,829815.7789272644,"ITI,SJVN,PRESTIGE,NAM-INDIA,TRENT,NLCINDIA,BHEL,ADANIPOWER,HINDCOPPER,CDSL",2023-12,2023
2024-01-01,NIFTY100,141618.73091800648,615721.8656690555,0.0,757340.596587062,"RECLTD,PFC,COALINDIA,NTPC",2024-01,2024
2024-01-01,NIFTY500,69082.84923910059,763575.6469494189,0.0,832658.4961885195,"ITI,SJVN,PRESTIGE,NAM-INDIA,TRENT,NLCINDIA,BHEL,ADANIPOWER,HINDCOPPER",2024-01,2024
2024-01-02,NIFTY100,141618.73091800648,614483.3819003764,0.0,756102.1128183829,"RECLTD,PFC,COALINDIA,NTPC",2024-01,2024
2024-01-02,NIFTY500,69082.84923910059,764886.7853483635,0.0,833969.634587464,"ITI,SJVN,PRESTIGE,NAM-INDIA,TRENT,NLCINDIA,BHEL,ADANIPOWER,HINDCOPPER",2024-01,2024
2024-01-03,NIFTY100,283349.47297819366,472104.77122050565,0.0,755454.2441986992,"RECLTD,PFC,COALINDIA",2024-01,2024
2024-01-03,NIFTY500,69082.84923910059,765280.4302088047,0.0,834363.2794479053,"ITI,SJVN,PRESTIGE,NAM-INDIA,TRENT,NLCINDIA,BHEL,ADANIPOWER,HINDCOPPER",2024-01,2024
2024-01-04,NIFTY100,283349.47297819366,481693.51370565535,0.0,765042.986683849,"RECLTD,PFC,COALINDIA",2024-01,2024
2024-01-04,NIFTY500,69082.84923910059,783808.2316447792,0.0,852891.0808838798,"ITI,SJVN,PRESTIGE,NAM-INDIA,TRENT,NLCINDIA,BHEL,ADANIPOWER,HINDCOPPER",2024-01,2024
2024-01-05,NIFTY100,283349.47297819366,480243.8956457641,0.0,763593.3686239577,"RECLTD,PFC,COALINDIA",2024-01,2024
2024-01-05,NIFTY500,69082.84923910059,782122.986533669,0.0,851205.8357727696,"ITI,SJVN,PRESTIGE,NAM-INDIA,TRENT,NLCINDIA,BHEL,ADANIPOWER,HINDCOPPER",2024-01,2024
2024-01-08,NIFTY100,283349.47297819366,479555.7312813159,0.0,762905.2042595096,"RECLTD,PFC,COALINDIA",2024-01,2024
2024-01-08,NIFTY500,69082.84923910059,768155.9401972669,0.0,837238.7894363675,"ITI,SJVN,PRESTIGE,NAM-INDIA,TRENT,NLCINDIA,BHEL,ADANIPOWER,HINDCOPPER",2024-01,2024
2024-01-09,NIFTY100,283349.47297819366,474701.77171891084,0.0,758051.2446971044,"RECLTD,PFC,COALINDIA",2024-01,2024
2024-01-09,NIFTY500,153341.06199768654,691057.556701243,0.0,844398.6186989296,"ITI,SJVN,PRESTIGE,TRENT,NLCINDIA,BHEL,ADANIPOWER,HINDCOPPER",2024-01,2024
2024-01-10,NIFTY100,283349.47297819366,469019.86932558374,0.0,752369.3423037773,"RECLTD,PFC,COALINDIA",2024-01,2024
2024-01-10,NIFTY500,153341.06199768654,697631.0534144968,0.0,850972.1154121833,"ITI,SJVN,PRESTIGE,TRENT,NLCINDIA,BHEL,ADANIPOWER,HINDCOPPER",2024-01,2024
2024-01-11,NIFTY100,283349.47297819366,472694.6100399088,0.0,756044.0830181025,"RECLTD,PFC,COALINDIA",2024-01,2024
2024-01-11,NIFTY500,153341.06199768654,700879.255324943,0.0,854220.3173226295,"ITI,SJVN,PRESTIGE,TRENT,NLCINDIA,BHEL,ADANIPOWER,HINDCOPPER",2024-01,2024
2024-01-12,NIFTY100,442179.11184543965,316906.8854597989,0.0,759085.9973052386,"RECLTD,PFC",2024-01,2024
2024-01-12,NIFTY500,153341.06199768654,699718.7953806103,0.0,853059.8573782968,"ITI,SJVN,PRESTIGE,TRENT,NLCINDIA,BHEL,ADANIPOWER,HINDCOPPER",2024-01,2024
2024-01-15,NIFTY100,442179.11184543965,324362.13380195946,0.0,766541.2456473991,"RECLTD,PFC",2024-01,2024
2024-01-15,NIFTY500,153341.06199768654,706813.6727451127,0.0,860154.7347427992,"ITI,SJVN,PRESTIGE,TRENT,NLCINDIA,BHEL,ADANIPOWER,HINDCOPPER",2024-01,2024
2024-01-16,NIFTY100,442179.11184543965,319961.00497852813,0.0,762140.1168239678,"RECLTD,PFC",2024-01,2024
2024-01-16,NIFTY500,153341.06199768654,724405.1397365766,0.0,877746.2017342631,"ITI,SJVN,PRESTIGE,TRENT,NLCINDIA,BHEL,ADANIPOWER,HINDCOPPER",2024-01,2024
2024-01-17,NIFTY100,442179.11184543965,312543.0859333347,0.0,754722.1977787744,"RECLTD,PFC",2024-01,2024
2024-01-17,NIFTY500,153341.06199768654,719146.4112278518,0.0,872487.4732255383,"ITI,SJVN,PRESTIGE,TRENT,NLCINDIA,BHEL,ADANIPOWER,HINDCOPPER",2024-01,2024
2024-01-18,NIFTY100,442179.11184543965,311802.6763522462,0.0,753981.7881976858,"RECLTD,PFC",2024-01,2024
2024-01-18,NIFTY500,153341.06199768654,711490.5318156527,0.0,864831.5938133392,"ITI,SJVN,PRESTIGE,TRENT,NLCINDIA,BHEL,ADANIPOWER,HINDCOPPER",2024-01,2024
2024-01-19,NIFTY100,442179.11184543965,329710.66729818296,0.0,771889.7791436226,"RECLTD,PFC",2024-01,2024
2024-01-19,NIFTY500,153341.06199768654,721989.2373130315,0.0,875330.299310718,"ITI,SJVN,PRESTIGE,TRENT,NLCINDIA,BHEL,ADANIPOWER,HINDCOPPER",2024-01,2024
2024-01-23,NIFTY100,442179.11184543965,316866.17534835276,0.0,759045.2871937924,"RECLTD,PFC",2024-01,2024
2024-01-23,NIFTY500,153341.06199768654,692250.281003197,0.0,845591.3430008835,"ITI,SJVN,PRESTIGE,TRENT,NLCINDIA,BHEL,ADANIPOWER,HINDCOPPER",2024-01,2024
2024-01-24,NIFTY100,0.0,781011.2197343962,0.0,781011.2197343962,"RECLTD,PFC,BSOFT,IOC,GICRE",2024-01,2024
2024-01-24,NIFTY500,0.0,873735.1155446585,0.0,873735.1155446585,"ITI,SJVN,PRESTIGE,TRENT,NLCINDIA,BHEL,ADANIPOWER,HINDCOPPER,BSE,RVNL",2024-01,2024
2024-01-25,NIFTY100,0.0,796810.5853822532,0.0,796810.5853822532,"RECLTD,PFC,BSOFT,IOC,GICRE",2024-01,2024
2024-01-25,NIFTY500,0.0,894254.950649253,0.0,894254.950649253,"ITI,SJVN,PRESTIGE,TRENT,NLCINDIA,BHEL,ADANIPOWER,HINDCOPPER,BSE,RVNL",2024-01,2024
2024-01-29,NIFTY100,0.0,832315.7621034024,0.0,832315.7621034024,"RECLTD,PFC,BSOFT,IOC,GICRE",2024-01,2024
2024-01-29,NIFTY500,0.0,911230.2866675218,0.0,911230.2866675218,"ITI,SJVN,PRESTIGE,TRENT,NLCINDIA,BHEL,ADANIPOWER,HINDCOPPER,BSE,RVNL",2024-01,2024
2024-01-30,NIFTY100,0.0,833994.0194342362,0.0,833994.0194342362,"RECLTD,PFC,BSOFT,IOC,GICRE",2024-01,2024
2024-01-30,NIFTY500,0.0,911454.5429416592,0.0,911454.5429416592,"ITI,SJVN,PRESTIGE,TRENT,NLCINDIA,BHEL,ADANIPOWER,HINDCOPPER,BSE,RVNL",2024-01,2024
2024-01-31,NIFTY100,0.0,836671.1197133121,0.0,836671.1197133121,"RECLTD,PFC,BSOFT,IOC,GICRE",2024-01,2024
2024-01-31,NIFTY500,83436.63277237162,848386.4256735763,0.0,931823.058445948,"ITI,SJVN,PRESTIGE,NLCINDIA,BHEL,ADANIPOWER,HINDCOPPER,BSE,RVNL",2024-01,2024
2024-02-01,NIFTY100,0.0,831701.111975782,0.0,831701.111975782,"RECLTD,PFC,BSOFT,IOC,GICRE",2024-02,2024
2024-02-01,NIFTY500,83436.63277237162,847960.7233625413,0.0,931397.3561349129,"ITI,SJVN,PRESTIGE,NLCINDIA,BHEL,ADANIPOWER,HINDCOPPER,BSE,RVNL",2024-02,2024
2024-02-02,NIFTY100,0.0,855442.0396853262,0.0,855442.0396853262,"RECLTD,PFC,BSOFT,IOC,GICRE",2024-02,2024
2024-02-02,NIFTY500,83436.63277237162,862766.0240370432,0.0,946202.6568094149,"ITI,SJVN,PRESTIGE,NLCINDIA,BHEL,ADANIPOWER,HINDCOPPER,BSE,RVNL",2024-02,2024
2024-02-05,NIFTY100,0.0,882706.5519763195,0.0,882706.5519763195,"RECLTD,PFC,BSOFT,IOC,GICRE",2024-02,2024
2024-02-05,NIFTY500,83436.63277237162,867285.3471603766,0.0,950721.9799327482,"ITI,SJVN,PRESTIGE,NLCINDIA,BHEL,ADANIPOWER,HINDCOPPER,BSE,RVNL",2024-02,2024
2024-02-06,NIFTY100,0.0,896701.6172669008,0.0,896701.6172669008,"RECLTD,PFC,BSOFT,IOC,GICRE",2024-02,2024
2024-02-06,NIFTY500,158023.17597220914,797807.0332698359,0.0,955830.209242045,"ITI,SJVN,PRESTIGE,NLCINDIA,BHEL,HINDCOPPER,BSE,RVNL",2024-02,2024
2024-02-07,NIFTY100,0.0,901328.6000375929,0.0,901328.6000375929,"RECLTD,PFC,BSOFT,IOC,GICRE",2024-02,2024
2024-02-07,NIFTY500,158023.17597220914,786457.4804896492,0.0,944480.6564618584,"ITI,SJVN,PRESTIGE,NLCINDIA,BHEL,HINDCOPPER,BSE,RVNL",2024-02,2024
2024-02-08,NIFTY100,0.0,924972.1132674303,0.0,924972.1132674303,"RECLTD,PFC,BSOFT,IOC,GICRE",2024-02,2024
2024-02-08,NIFTY500,253340.78657272673,692922.5429597702,0.0,946263.3295324969,"ITI,SJVN,NLCINDIA,BHEL,HINDCOPPER,BSE,RVNL",2024-02,2024
2024-02-09,NIFTY100,0.0,872138.9863017082,0.0,872138.9863017082,"RECLTD,PFC,BSOFT,IOC,GICRE",2024-02,2024
2024-02-09,NIFTY500,253340.78657272673,659585.0521579845,0.0,912925.8387307113,"ITI,SJVN,NLCINDIA,BHEL,HINDCOPPER,BSE,RVNL",2024-02,2024
2024-02-12,NIFTY100,0.0,824544.0736026643,0.0,824544.0736026643,"RECLTD,PFC,BSOFT,IOC,GICRE",2024-02,2024
2024-02-12,NIFTY500,314170.0652762555,518463.0116203725,0.0,832633.0768966279,"ITI,SJVN,NLCINDIA,BHEL,HINDCOPPER,BSE",2024-02,2024
2024-02-13,NIFTY100,158413.83473229327,677398.0825514132,0.0,835811.9172837065,"RECLTD,PFC,BSOFT,IOC",2024-02,2024
2024-02-13,NIFTY500,395030.3981446251,448239.6100992823,0.0,843270.0082439075,"ITI,SJVN,NLCINDIA,BHEL,BSE",2024-02,2024
2024-02-14,NIFTY100,158413.83473229327,697236.3835407778,0.0,855650.2182730711,"RECLTD,PFC,BSOFT,IOC",2024-02,2024
2024-02-14,NIFTY500,395030.3981446251,463340.46095677326,0.0,858370.8591013984,"ITI,SJVN,NLCINDIA,BHEL,BSE",2024-02,2024
2024-02-15,NIFTY100,158413.83473229327,706830.5392981593,0.0,865244.3740304526,"RECLTD,PFC,BSOFT,IOC",2024-02,2024
2024-02-15,NIFTY500,395030.3981446251,480573.91078192287,0.0,875604.308926548,"ITI,SJVN,NLCINDIA,BHEL,BSE",2024-02,2024
2024-02-16,NIFTY100,158413.83473229327,699151.1454486632,0.0,857564.9801809564,"RECLTD,PFC,BSOFT,IOC",2024-02,2024
2024-02-16,NIFTY500,395030.3981446251,474176.03228247515,0.0,869206.4304271003,"ITI,SJVN,NLCINDIA,BHEL,BSE",2024-02,2024
2024-02-19,NIFTY100,158413.83473229327,695560.1029835353,0.0,853973.9377158285,"RECLTD,PFC,BSOFT,IOC",2024-02,2024
2024-02-19,NIFTY500,395030.3981446251,483858.41140006174,0.0,878888.8095446869,"ITI,SJVN,NLCINDIA,BHEL,BSE",2024-02,2024
2024-02-20,NIFTY100,158413.83473229327,690338.3151708331,0.0,848752.1499031264,"RECLTD,PFC,BSOFT,IOC",2024-02,2024
2024-02-20,NIFTY500,395030.3981446251,483400.53044774587,0.0,878430.928592371,"ITI,SJVN,NLCINDIA,BHEL,BSE",2024-02,2024
2024-02-21,NIFTY100,158413.83473229327,671346.9144354023,0.0,829760.7491676955,"RECLTD,PFC,BSOFT,IOC",2024-02,2024
2024-02-21,NIFTY500,395030.3981446251,469011.43444933154,0.0,864041.8325939567,"ITI,SJVN,NLCINDIA,BHEL,BSE",2024-02,2024
2024-02-22,NIFTY100,0.0,834817.4183345225,0.0,834817.4183345225,"RECLTD,PFC,BSOFT,IOC,HINDPETRO",2024-02,2024
2024-02-22,NIFTY500,0.0,866163.0323594448,0.0,866163.0323594448,"ITI,SJVN,NLCINDIA,BHEL,BSE,MRPL,TATAINVEST,IOB,IRCON,PNB",2024-02,2024
2024-02-23,NIFTY100,0.0,824750.835363406,0.0,824750.835363406,"RECLTD,PFC,BSOFT,IOC,HINDPETRO",2024-02,2024
2024-02-23,NIFTY500,0.0,865651.0273442594,0.0,865651.0273442594,"ITI,SJVN,NLCINDIA,BHEL,BSE,MRPL,TATAINVEST,IOB,IRCON,PNB",2024-02,2024
2024-02-26,NIFTY100,0.0,822629.9978021178,0.0,822629.9978021178,"RECLTD,PFC,BSOFT,IOC,HINDPETRO",2024-02,2024
2024-02-26,NIFTY500,0.0,865508.469713454,0.0,865508.469713454,"ITI,SJVN,NLCINDIA,BHEL,BSE,MRPL,TATAINVEST,IOB,IRCON,PNB",2024-02,2024
2024-02-27,NIFTY100,146441.8477375864,661571.8335197044,0.0,808013.6812572908,"RECLTD,PFC,IOC,HINDPETRO",2024-02,2024
2024-02-27,NIFTY500,0.0,861963.057380316,0.0,861963.057380316,"ITI,SJVN,NLCINDIA,BHEL,BSE,MRPL,TATAINVEST,IOB,IRCON,PNB",2024-02,2024
2024-02-28,NIFTY100,146441.8477375864,637827.143744211,0.0,784268.9914817973,"RECLTD,PFC,IOC,HINDPETRO",2024-02,2024
2024-02-28,NIFTY500,0.0,838355.7555237464,0.0,838355.7555237464,"ITI,SJVN,NLCINDIA,BHEL,BSE,MRPL,TATAINVEST,IOB,IRCON,PNB",2024-02,2024
2024-02-29,NIFTY100,146441.8477375864,646708.4315727113,0.0,793150.2793102977,"RECLTD,PFC,IOC,HINDPETRO",2024-02,2024
2024-02-29,NIFTY500,74396.95398102206,774991.6241878427,0.0,849388.5781688648,"ITI,SJVN,BHEL,BSE,MRPL,TATAINVEST,IOB,IRCON,PNB",2024-02,2024
2024-03-01,NIFTY100,146441.8477375864,664584.9712310075,0.0,811026.8189685938,"RECLTD,PFC,IOC,HINDPETRO",2024-03,2024
2024-03-01,NIFTY500,74396.95398102206,780761.3969490667,0.0,855158.3509300887,"ITI,SJVN,BHEL,BSE,MRPL,TATAINVEST,IOB,IRCON,PNB",2024-03,2024
2024-03-04,NIFTY100,146441.8477375864,678322.171486387,0.0,824764.0192239734,"RECLTD,PFC,IOC,HINDPETRO",2024-03,2024
2024-03-04,NIFTY500,74396.95398102206,800567.8196935583,0.0,874964.7736745803,"ITI,SJVN,BHEL,BSE,MRPL,TATAINVEST,IOB,IRCON,PNB",2024-03,2024
2024-03-05,NIFTY100,146441.8477375864,678193.8255844293,0.0,824635.6733220157,"RECLTD,PFC,IOC,HINDPETRO",2024-03,2024
2024-03-05,NIFTY500,74396.95398102206,814936.9224595547,0.0,889333.8764405767,"ITI,SJVN,BHEL,BSE,MRPL,TATAINVEST,IOB,IRCON,PNB",2024-03,2024
2024-03-06,NIFTY100,146441.8477375864,681036.4643310084,0.0,827478.3120685947,"RECLTD,PFC,IOC,HINDPETRO",2024-03,2024
2024-03-06,NIFTY500,74396.95398102206,806092.3339368654,0.0,880489.2879178876,"ITI,SJVN,BHEL,BSE,MRPL,TATAINVEST,IOB,IRCON,PNB",2024-03,2024
2024-03-07,NIFTY100,146441.8477375864,678987.154102525,0.0,825429.0018401113,"RECLTD,PFC,IOC,HINDPETRO",2024-03,2024
2024-03-07,NIFTY500,74396.95398102206,812805.568469959,0.0,887202.522450981,"ITI,SJVN,BHEL,BSE,MRPL,TATAINVEST,IOB,IRCON,PNB",2024-03,2024
2024-03-11,NIFTY100,146441.8477375864,684949.620080245,0.0,831391.4678178313,"RECLTD,PFC,IOC,HINDPETRO",2024-03,2024
2024-03-11,NIFTY500,74396.95398102206,787506.8258520128,0.0,861903.7798330348,"ITI,SJVN,BHEL,BSE,MRPL,TATAINVEST,IOB,IRCON,PNB",2024-03,2024
2024-03-12,NIFTY100,146441.8477375864,682633.1631898572,0.0,829075.0109274435,"RECLTD,PFC,IOC,HINDPETRO",2024-03,2024
2024-03-12,NIFTY500,168714.5868747301,662743.1920626947,0.0,831457.7789374248,"SJVN,BHEL,BSE,MRPL,TATAINVEST,IOB,IRCON,PNB",2024-03,2024
2024-03-13,NIFTY100,146441.8477375864,638199.4129725352,0.0,784641.2607101216,"RECLTD,PFC,IOC,HINDPETRO",2024-03,2024
2024-03-13,NIFTY500,168714.5868747301,610817.5881809033,0.0,779532.1750556334,"SJVN,BHEL,BSE,MRPL,TATAINVEST,IOB,IRCON,PNB",2024-03,2024
2024-03-14,NIFTY100,146441.8477375864,657171.1458513719,0.0,803612.9935889583,"RECLTD,PFC,IOC,HINDPETRO",2024-03,2024
2024-03-14,NIFTY500,168714.5868747301,642966.4891571469,0.0,811681.076031877,"SJVN,BHEL,BSE,MRPL,TATAINVEST,IOB,IRCON,PNB",2024-03,2024
2024-03-15,NIFTY100,146441.8477375864,624222.7742211327,0.0,770664.6219587191,"RECLTD,PFC,IOC,HINDPETRO",2024-03,2024
2024-03-15,NIFTY500,168714.5868747301,643200.0397123728,0.0,811914.6265871029,"SJVN,BHEL,BSE,MRPL,TATAINVEST,IOB,IRCON,PNB",2024-03,2024
2024-03-18,NIFTY100,291204.81375374354,470505.81317358295,0.0,761710.6269273264,"RECLTD,IOC,HINDPETRO",2024-03,2024
2024-03-18,NIFTY500,168714.5868747301,637899.0684293712,0.0,806613.6553041013,"SJVN,BHEL,BSE,MRPL,TATAINVEST,IOB,IRCON,PNB",2024-03,2024
2024-03-19,NIFTY100,420885.48575248686,327514.28116137127,0.0,748399.7669138581,"RECLTD,IOC",2024-03,2024
2024-03-19,NIFTY500,168714.5868747301,622382.499985774,0.0,791097.0868605041,"SJVN,BHEL,BSE,MRPL,TATAINVEST,IOB,IRCON,PNB",2024-03,2024
2024-03-20,NIFTY100,420885.48575248686,328393.96949988423,0.0,749279.455252371,"RECLTD,IOC",2024-03,2024
2024-03-20,NIFTY500,168714.5868747301,620301.9082711696,0.0,789016.4951458997,"SJVN,BHEL,BSE,MRPL,TATAINVEST,IOB,IRCON,PNB",2024-03,2024
2024-03-21,NIFTY100,420885.48575248686,345370.0482109558,0.0,766255.5339634427,"RECLTD,IOC",2024-03,2024
2024-03-21,NIFTY500,168714.5868747301,638744.7608574971,0.0,807459.3477322272,"SJVN,BHEL,BSE,MRPL,TATAINVEST,IOB,IRCON,PNB",2024-03,2024
2024-03-22,NIFTY100,0.0,770187.6777112599,0.0,770187.6777112599,"RECLTD,IOC,OFSS,BAJAJ-AUTO,ZYDUSLIFE",2024-03,2024
2024-03-22,NIFTY500,0.0,808856.7313532807,0.0,808856.7313532807,"SJVN,BHEL,BSE,MRPL,TATAINVEST,IOB,IRCON,PNB,COCHINSHIP,TRENT",2024-03,2024
2024-03-26,NIFTY100,0.0,788687.8844142486,0.0,788687.8844142486,"RECLTD,IOC,OFSS,BAJAJ-AUTO,ZYDUSLIFE",2024-03,2024
2024-03-26,NIFTY500,0.0,807443.2313080635,0.0,807443.2313080635,"SJVN,BHEL,BSE,MRPL,TATAINVEST,IOB,IRCON,PNB,COCHINSHIP,TRENT",2024-03,2024
2024-03-27,NIFTY100,0.0,782805.6763255873,0.0,782805.6763255873,"RECLTD,IOC,OFSS,BAJAJ-AUTO,ZYDUSLIFE",2024-03,2024
2024-03-27,NIFTY500,65385.72542181673,746720.4777900215,0.0,812106.2032118381,"SJVN,BHEL,BSE,MRPL,TATAINVEST,IRCON,PNB,COCHINSHIP,TRENT",2024-03,2024
2024-03-28,NIFTY100,0.0,788620.692269039,0.0,788620.692269039,"RECLTD,IOC,OFSS,BAJAJ-AUTO,ZYDUSLIFE",2024-03,2024
2024-03-28,NIFTY500,65385.72542181673,753785.0527435024,0.0,819170.7781653191,"SJVN,BHEL,BSE,MRPL,TATAINVEST,IRCON,PNB,COCHINSHIP,TRENT",2024-03,2024
2024-04-01,NIFTY100,0.0,794069.5709474109,0.0,794069.5709474109,"RECLTD,IOC,OFSS,BAJAJ-AUTO,ZYDUSLIFE",2024-04,2024
2024-04-01,NIFTY500,65385.72542181673,784900.3950658697,0.0,850286.1204876864,"SJVN,BHEL,BSE,MRPL,TATAINVEST,IRCON,PNB,COCHINSHIP,TRENT",2024-04,2024
2024-04-02,NIFTY100,0.0,801276.9540160659,0.0,801276.9540160659,"RECLTD,IOC,OFSS,BAJAJ-AUTO,ZYDUSLIFE",2024-04,2024
2024-04-02,NIFTY500,65385.72542181673,803032.986686628,0.0,868418.7121084447,"SJVN,BHEL,BSE,MRPL,TATAINVEST,IRCON,PNB,COCHINSHIP,TRENT",2024-04,2024
2024-04-03,NIFTY100,139236.40616641383,661613.1127813495,0.0,800849.5189477633,"RECLTD,IOC,OFSS,BAJAJ-AUTO",2024-04,2024
2024-04-03,NIFTY500,65385.72542181673,825925.10686339,0.0,891310.8322852066,"SJVN,BHEL,BSE,MRPL,TATAINVEST,IRCON,PNB,COCHINSHIP,TRENT",2024-04,2024
2024-04-04,NIFTY100,139236.40616641383,657574.9644674322,0.0,796811.370633846,"RECLTD,IOC,OFSS,BAJAJ-AUTO",2024-04,2024
2024-04-04,NIFTY500,65385.72542181673,828213.7248025067,0.0,893599.4502243234,"SJVN,BHEL,BSE,MRPL,TATAINVEST,IRCON,PNB,COCHINSHIP,TRENT",2024-04,2024
2024-04-05,NIFTY100,139236.40616641383,652428.6199655087,0.0,791665.0261319225,"RECLTD,IOC,OFSS,BAJAJ-AUTO",2024-04,2024
2024-04-05,NIFTY500,146436.6529972668,751940.460648331,0.0,898377.1136455978,"SJVN,BHEL,BSE,MRPL,TATAINVEST,PNB,COCHINSHIP,TRENT",2024-04,2024
2024-04-08,NIFTY100,139236.40616641383,644667.5800654975,0.0,783903.9862319113,"RECLTD,IOC,OFSS,BAJAJ-AUTO",2024-04,2024
2024-04-08,NIFTY500,146436.6529972668,748616.095802553,0.0,895052.7487998197,"SJVN,BHEL,BSE,MRPL,TATAINVEST,PNB,COCHINSHIP,TRENT",2024-04,2024
2024-04-09,NIFTY100,139236.40616641383,634598.2645145624,0.0,773834.6706809762,"RECLTD,IOC,OFSS,BAJAJ-AUTO",2024-04,2024
2024-04-09,NIFTY500,146436.6529972668,736524.0830019916,0.0,882960.7359992585,"SJVN,BHEL,BSE,MRPL,TATAINVEST,PNB,COCHINSHIP,TRENT",2024-04,2024
2024-04-10,NIFTY100,139236.40616641383,641312.8001034025,0.0,780549.2062698163,"RECLTD,IOC,OFSS,BAJAJ-AUTO",2024-04,2024
2024-04-10,NIFTY500,146436.6529972668,745354.9270517526,0.0,891791.5800490193,"SJVN,BHEL,BSE,MRPL,TATAINVEST,PNB,COCHINSHIP,TRENT",2024-04,2024
2024-04-12,NIFTY100,139236.40616641383,633527.0765723059,0.0,772763.4827387197,"RECLTD,IOC,OFSS,BAJAJ-AUTO",2024-04,2024
2024-04-12,NIFTY500,146436.6529972668,743032.7714736866,0.0,889469.4244709534,"SJVN,BHEL,BSE,MRPL,TATAINVEST,PNB,COCHINSHIP,TRENT",2024-04,2024
2024-04-15,NIFTY100,139236.40616641383,622087.6210920338,0.0,761324.0272584476,"RECLTD,IOC,OFSS,BAJAJ-AUTO",2024-04,2024
2024-04-15,NIFTY500,146436.6529972668,725304.4872921836,0.0,871741.1402894503,"SJVN,BHEL,BSE,MRPL,TATAINVEST,PNB,COCHINSHIP,TRENT",2024-04,2024
2024-04-16,NIFTY100,139236.40616641383,620318.1231750196,0.0,759554.5293414334,"RECLTD,IOC,OFSS,BAJAJ-AUTO",2024-04,2024
2024-04-16,NIFTY500,258068.46634096085,622284.0990743547,0.0,880352.5654153156,"BHEL,BSE,MRPL,TATAINVEST,PNB,COCHINSHIP,TRENT",2024-04,2024
2024-04-18,NIFTY100,139236.40616641383,619456.4422462841,0.0,758692.8484126979,"RECLTD,IOC,OFSS,BAJAJ-AUTO",2024-04,2024
2024-04-18,NIFTY500,258068.46634096085,619239.8746571529,0.0,877308.3409981137,"BHEL,BSE,MRPL,TATAINVEST,PNB,COCHINSHIP,TRENT",2024-04,2024
2024-04-19,NIFTY100,139236.40616641383,610279.5670438359,0.0,749515.9732102497,"RECLTD,IOC,OFSS,BAJAJ-AUTO",2024-04,2024
2024-04-19,NIFTY500,258068.46634096085,621582.3594501049,0.0,879650.8257910657,"BHEL,BSE,MRPL,TATAINVEST,PNB,COCHINSHIP,TRENT",2024-04,2024
2024-04-22,NIFTY100,139236.40616641383,616914.3990540843,0.0,756150.8052204981,"RECLTD,IOC,OFSS,BAJAJ-AUTO",2024-04,2024
2024-04-22,NIFTY500,258068.46634096085,628766.3558397053,0.0,886834.8221806661,"BHEL,BSE,MRPL,TATAINVEST,PNB,COCHINSHIP,TRENT",2024-04,2024
2024-04-23,NIFTY100,0.0,750278.4298106421,0.0,750278.4298106421,"RECLTD,IOC,OFSS,BAJAJ-AUTO,TRENT",2024-04,2024
2024-04-23,NIFTY500,0.0,913558.0848381495,0.0,913558.0848381495,"BHEL,BSE,MRPL,TATAINVEST,PNB,COCHINSHIP,HINDCOPPER,EIHOTEL,TORNTPOWER,INDUSTOWER",2024-04,2024
2024-04-24,NIFTY100,168640.72054975625,582523.4809914229,0.0,751164.2015411791,"IOC,OFSS,BAJAJ-AUTO,TRENT",2024-04,2024
2024-04-24,NIFTY500,0.0,914546.3826944227,0.0,914546.3826944227,"BHEL,BSE,MRPL,TATAINVEST,PNB,COCHINSHIP,HINDCOPPER,EIHOTEL,TORNTPOWER,INDUSTOWER",2024-04,2024
2024-04-25,NIFTY100,168640.72054975625,584368.2639878518,0.0,753008.984537608,"IOC,OFSS,BAJAJ-AUTO,TRENT",2024-04,2024
2024-04-25,NIFTY500,0.0,925493.1875636945,0.0,925493.1875636945,"BHEL,BSE,MRPL,TATAINVEST,PNB,COCHINSHIP,HINDCOPPER,EIHOTEL,TORNTPOWER,INDUSTOWER",2024-04,2024
2024-04-26,NIFTY100,295093.68934455916,468339.8707091588,0.0,763433.5600537179,"IOC,BAJAJ-AUTO,TRENT",2024-04,2024
2024-04-26,NIFTY500,0.0,937842.5555339947,0.0,937842.5555339947,"BHEL,BSE,MRPL,TATAINVEST,PNB,COCHINSHIP,HINDCOPPER,EIHOTEL,TORNTPOWER,INDUSTOWER",2024-04,2024
2024-04-29,NIFTY100,295093.68934455916,470704.40808313387,0.0,765798.097427693,"IOC,BAJAJ-AUTO,TRENT",2024-04,2024
2024-04-29,NIFTY500,0.0,921444.2853676166,0.0,921444.2853676166,"BHEL,BSE,MRPL,TATAINVEST,PNB,COCHINSHIP,HINDCOPPER,EIHOTEL,TORNTPOWER,INDUSTOWER",2024-04,2024
2024-04-30,NIFTY100,438353.1556178959,324399.2725544676,0.0,762752.4281723634,"IOC,TRENT",2024-04,2024
2024-04-30,NIFTY500,0.0,921932.2107363498,0.0,921932.2107363498,"BHEL,BSE,MRPL,TATAINVEST,PNB,COCHINSHIP,HINDCOPPER,EIHOTEL,TORNTPOWER,INDUSTOWER",2024-04,2024
2024-05-02,NIFTY100,438353.1556178959,337033.0809689566,0.0,775386.2365868525,"IOC,TRENT",2024-05,2024
2024-05-02,NIFTY500,0.0,928327.4959825352,0.0,928327.4959825352,"BHEL,BSE,MRPL,TATAINVEST,PNB,COCHINSHIP,HINDCOPPER,EIHOTEL,TORNTPOWER,INDUSTOWER",2024-05,2024
2024-05-03,NIFTY100,438353.1556178959,330165.4143258553,0.0,768518.5699437512,"IOC,TRENT",2024-05,2024
2024-05-03,NIFTY500,0.0,928998.1396038821,0.0,928998.1396038821,"BHEL,BSE,MRPL,TATAINVEST,PNB,COCHINSHIP,HINDCOPPER,EIHOTEL,TORNTPOWER,INDUSTOWER",2024-05,2024
2024-05-06,NIFTY100,614313.3388525452,148773.2349612134,0.0,763086.5738137587,TRENT,2024-05,2024
2024-05-06,NIFTY500,0.0,901210.7321406547,0.0,901210.7321406547,"BHEL,BSE,MRPL,TATAINVEST,PNB,COCHINSHIP,HINDCOPPER,EIHOTEL,TORNTPOWER,INDUSTOWER",2024-05,2024
2024-05-07,NIFTY100,614313.3388525452,148604.98963534285,0.0,762918.3284878881,TRENT,2024-05,2024
2024-05-07,NIFTY500,150395.33034148221,725627.0063854713,0.0,876022.3367269535,"BHEL,BSE,MRPL,COCHINSHIP,HINDCOPPER,EIHOTEL,TORNTPOWER,INDUSTOWER",2024-05,2024
2024-05-08,NIFTY100,614313.3388525452,148428.4588287992,0.0,762741.7976813444,TRENT,2024-05,2024
2024-05-08,NIFTY500,218466.53437986053,663530.5004270817,0.0,881997.0348069422,"BHEL,BSE,COCHINSHIP,HINDCOPPER,EIHOTEL,TORNTPOWER,INDUSTOWER",2024-05,2024
2024-05-09,NIFTY100,614313.3388525452,145437.51336305414,0.0,759750.8522155994,TRENT,2024-05,2024
2024-05-09,NIFTY500,218466.53437986053,642089.1355546999,0.0,860555.6699345604,"BHEL,BSE,COCHINSHIP,HINDCOPPER,EIHOTEL,TORNTPOWER,INDUSTOWER",2024-05,2024
2024-05-10,NIFTY100,614313.3388525452,147530.99429748981,0.0,761844.333150035,TRENT,2024-05,2024
2024-05-10,NIFTY500,218466.53437986053,645811.9344119648,0.0,864278.4687918253,"BHEL,BSE,COCHINSHIP,HINDCOPPER,EIHOTEL,TORNTPOWER,INDUSTOWER",2024-05,2024
2024-05-13,NIFTY100,614313.3388525452,147342.93165234855,0.0,761656.2705048937,TRENT,2024-05,2024
2024-05-13,NIFTY500,218466.53437986053,639479.9622549482,0.0,857946.4966348087,"BHEL,BSE,COCHINSHIP,HINDCOPPER,EIHOTEL,TORNTPOWER,INDUSTOWER",2024-05,2024
2024-05-14,NIFTY100,614313.3388525452,149805.98055707992,0.0,764119.3194096251,TRENT,2024-05,2024
2024-05-14,NIFTY500,218466.53437986053,666478.9639118055,0.0,884945.498291666,"BHEL,BSE,COCHINSHIP,HINDCOPPER,EIHOTEL,TORNTPOWER,INDUSTOWER",2024-05,2024
2024-05-15,NIFTY100,614313.3388525452,149365.4933945122,0.0,763678.8322470575,TRENT,2024-05,2024
2024-05-15,NIFTY500,321956.77969097,571611.5315888765,0.0,893568.3112798466,"BHEL,COCHINSHIP,HINDCOPPER,EIHOTEL,TORNTPOWER,INDUSTOWER",2024-05,2024
2024-05-16,NIFTY100,614313.3388525452,151663.54333129755,0.0,765976.8821838428,TRENT,2024-05,2024
2024-05-16,NIFTY500,399303.29933929764,494113.4511395387,0.0,893416.7504788364,"BHEL,COCHINSHIP,HINDCOPPER,EIHOTEL,INDUSTOWER",2024-05,2024
2024-05-17,NIFTY100,614313.3388525452,152914.03717362531,0.0,767227.3760261706,TRENT,2024-05,2024
2024-05-17,NIFTY500,399303.29933929764,505015.92615392257,0.0,904319.2254932201,"BHEL,COCHINSHIP,HINDCOPPER,EIHOTEL,INDUSTOWER",2024-05,2024
2024-05-21,NIFTY100,614313.3388525452,153994.6059824997,0.0,768307.9448350449,TRENT,2024-05,2024
2024-05-21,NIFTY500,399303.29933929764,535473.9116026168,0.0,934777.2109419145,"BHEL,COCHINSHIP,HINDCOPPER,EIHOTEL,INDUSTOWER",2024-05,2024
2024-05-22,NIFTY100,0.0,766977.9112167257,0.0,766977.9112167257,"TRENT,HINDZINC,ABB,RECLTD,OFSS",2024-05,2024
2024-05-22,NIFTY500,0.0,923424.7397948692,0.0,923424.7397948692,"BHEL,COCHINSHIP,HINDCOPPER,EIHOTEL,INDUSTOWER,HAL,SIEMENS,CUMMINSIND,BDL,BEL",2024-05,2024
2024-05-23,NIFTY100,0.0,757083.2486812884,0.0,757083.2486812884,"TRENT,HINDZINC,ABB,RECLTD,OFSS",2024-05,2024
2024-05-23,NIFTY500,0.0,960842.2298578494,0.0,960842.2298578494,"BHEL,COCHINSHIP,HINDCOPPER,EIHOTEL,INDUSTOWER,HAL,SIEMENS,CUMMINSIND,BDL,BEL",2024-05,2024
2024-05-24,NIFTY100,0.0,760935.5197560245,0.0,760935.5197560245,"TRENT,HINDZINC,ABB,RECLTD,OFSS",2024-05,2024
2024-05-24,NIFTY500,0.0,973026.3949695826,0.0,973026.3949695826,"BHEL,COCHINSHIP,HINDCOPPER,EIHOTEL,INDUSTOWER,HAL,SIEMENS,CUMMINSIND,BDL,BEL",2024-05,2024
2024-05-27,NIFTY100,0.0,760351.8586161213,0.0,760351.8586161213,"TRENT,HINDZINC,ABB,RECLTD,OFSS",2024-05,2024
2024-05-27,NIFTY500,0.0,970412.8811519702,0.0,970412.8811519702,"BHEL,COCHINSHIP,HINDCOPPER,EIHOTEL,INDUSTOWER,HAL,SIEMENS,CUMMINSIND,BDL,BEL",2024-05,2024
2024-05-28,NIFTY100,0.0,756604.1750028088,0.0,756604.1750028088,"TRENT,HINDZINC,ABB,RECLTD,OFSS",2024-05,2024
2024-05-28,NIFTY500,0.0,950876.8343308133,0.0,950876.8343308133,"BHEL,COCHINSHIP,HINDCOPPER,EIHOTEL,INDUSTOWER,HAL,SIEMENS,CUMMINSIND,BDL,BEL",2024-05,2024
2024-05-29,NIFTY100,0.0,753653.787235003,0.0,753653.787235003,"TRENT,HINDZINC,ABB,RECLTD,OFSS",2024-05,2024
2024-05-29,NIFTY500,0.0,969342.9907127699,0.0,969342.9907127699,"BHEL,COCHINSHIP,HINDCOPPER,EIHOTEL,INDUSTOWER,HAL,SIEMENS,CUMMINSIND,BDL,BEL",2024-05,2024
2024-05-30,NIFTY100,0.0,736604.0742723402,0.0,736604.0742723402,"TRENT,HINDZINC,ABB,RECLTD,OFSS",2024-05,2024
2024-05-30,NIFTY500,74364.30105956197,873127.6152042139,0.0,947491.9162637759,"BHEL,COCHINSHIP,HINDCOPPER,INDUSTOWER,HAL,SIEMENS,CUMMINSIND,BDL,BEL",2024-05,2024
2024-05-31,NIFTY100,0.0,736531.5753770878,0.0,736531.5753770878,"TRENT,HINDZINC,ABB,RECLTD,OFSS",2024-05,2024
2024-05-31,NIFTY500,74364.30105956197,877752.0856583636,0.0,952116.3867179257,"BHEL,COCHINSHIP,HINDCOPPER,INDUSTOWER,HAL,SIEMENS,CUMMINSIND,BDL,BEL",2024-05,2024
2024-06-03,NIFTY100,169036.3245297014,600753.1789695886,0.0,769789.50349929,"TRENT,HINDZINC,ABB,OFSS",2024-06,2024
2024-06-03,NIFTY500,74364.30105956197,916516.4507448742,0.0,990880.7518044362,"BHEL,COCHINSHIP,HINDCOPPER,INDUSTOWER,HAL,SIEMENS,CUMMINSIND,BDL,BEL",2024-06,2024
2024-06-04,NIFTY100,314697.5371906528,414971.4538078856,0.0,729668.9909985384,"TRENT,HINDZINC,ABB",2024-06,2024
2024-06-04,NIFTY500,74364.30105956197,779418.803648185,0.0,853783.104707747,"BHEL,COCHINSHIP,HINDCOPPER,INDUSTOWER,HAL,SIEMENS,CUMMINSIND,BDL,BEL",2024-06,2024
2024-06-05,NIFTY100,314697.5371906528,437148.3782137784,0.0,751845.9154044312,"TRENT,HINDZINC,ABB",2024-06,2024
2024-06-05,NIFTY500,245957.36932667412,608881.7220728742,0.0,854839.0913995483,"COCHINSHIP,INDUSTOWER,HAL,SIEMENS,CUMMINSIND,BDL,BEL",2024-06,2024
2024-06-06,NIFTY100,314697.5371906528,441632.96570614097,0.0,756330.5028967938,"TRENT,HINDZINC,ABB",2024-06,2024
2024-06-06,NIFTY500,245957.36932667412,644081.4855024569,0.0,890038.854829131,"COCHINSHIP,INDUSTOWER,HAL,SIEMENS,CUMMINSIND,BDL,BEL",2024-06,2024
2024-06-07,NIFTY100,314697.5371906528,446084.1739542731,0.0,760781.7111449259,"TRENT,HINDZINC,ABB",2024-06,2024
2024-06-07,NIFTY500,245957.36932667412,662483.7244005402,0.0,908441.0937272144,"COCHINSHIP,INDUSTOWER,HAL,SIEMENS,CUMMINSIND,BDL,BEL",2024-06,2024
2024-06-10,NIFTY100,314697.5371906528,442346.5778530103,0.0,757044.1150436632,"TRENT,HINDZINC,ABB",2024-06,2024
2024-06-10,NIFTY500,245957.36932667412,659797.5678615383,0.0,905754.9371882124,"COCHINSHIP,INDUSTOWER,HAL,SIEMENS,CUMMINSIND,BDL,BEL",2024-06,2024
2024-06-11,NIFTY100,314697.5371906528,446241.8894434123,0.0,760939.4266340651,"TRENT,HINDZINC,ABB",2024-06,2024
2024-06-11,NIFTY500,245957.36932667412,662540.5703326679,0.0,908497.939659342,"COCHINSHIP,INDUSTOWER,HAL,SIEMENS,CUMMINSIND,BDL,BEL",2024-06,2024
2024-06-12,NIFTY100,314697.5371906528,451923.6681112013,0.0,766621.2053018541,"TRENT,HINDZINC,ABB",2024-06,2024
2024-06-12,NIFTY500,245957.36932667412,667755.0243079378,0.0,913712.393634612,"COCHINSHIP,INDUSTOWER,HAL,SIEMENS,CUMMINSIND,BDL,BEL",2024-06,2024
2024-06-13,NIFTY100,314697.5371906528,451588.5522300187,0.0,766286.0894206716,"TRENT,HINDZINC,ABB",2024-06,2024
2024-06-13,NIFTY500,245957.36932667412,692089.7877703521,0.0,938047.1570970262,"COCHINSHIP,INDUSTOWER,HAL,SIEMENS,CUMMINSIND,BDL,BEL",2024-06,2024
2024-06-14,NIFTY100,314697.5371906528,467090.93351335573,0.0,781788.4707040086,"TRENT,HINDZINC,ABB",2024-06,2024
2024-06-14,NIFTY500,327530.9589827948,638107.5853897367,0.0,965638.5443725315,"COCHINSHIP,HAL,SIEMENS,CUMMINSIND,BDL,BEL",2024-06,2024
2024-06-18,NIFTY100,314697.5371906528,464820.5325194311,0.0,779518.0697100839,"TRENT,HINDZINC,ABB",2024-06,2024
2024-06-18,NIFTY500,327530.9589827948,666829.7286609656,0.0,994360.6876437603,"COCHINSHIP,HAL,SIEMENS,CUMMINSIND,BDL,BEL",2024-06,2024
2024-06-19,NIFTY100,314697.5371906528,456545.82686796156,0.0,771243.3640586144,"TRENT,HINDZINC,ABB",2024-06,2024
2024-06-19,NIFTY500,327530.9589827948,647789.5969163536,0.0,975320.5558991483,"COCHINSHIP,HAL,SIEMENS,CUMMINSIND,BDL,BEL",2024-06,2024
2024-06-20,NIFTY100,314697.5371906528,458629.17230020853,0.0,773326.7094908613,"TRENT,HINDZINC,ABB",2024-06,2024
2024-06-20,NIFTY500,327530.9589827948,647466.5530699524,0.0,974997.5120527472,"COCHINSHIP,HAL,SIEMENS,CUMMINSIND,BDL,BEL",2024-06,2024
2024-06-21,NIFTY100,314697.5371906528,457179.09081429173,0.0,771876.6280049445,"TRENT,HINDZINC,ABB",2024-06,2024
2024-06-21,NIFTY500,327530.9589827948,631665.6388143005,0.0,959196.5977970953,"COCHINSHIP,HAL,SIEMENS,CUMMINSIND,BDL,BEL",2024-06,2024
2024-06-24,NIFTY100,0.0,775947.7039731728,0.0,775947.7039731728,"TRENT,HINDZINC,ABB,OFSS,BASF",2024-06,2024
2024-06-24,NIFTY500,0.0,969891.894704901,0.0,969891.894704901,"COCHINSHIP,HAL,SIEMENS,CUMMINSIND,BDL,BEL,PRESTIGE,RVNL,MOTHERSON,EXIDEIND",2024-06,2024
2024-06-25,NIFTY100,0.0,775494.6523588047,0.0,775494.6523588047,"TRENT,HINDZINC,ABB,OFSS,BASF",2024-06,2024
2024-06-25,NIFTY500,0.0,975136.7025445172,0.0,975136.7025445172,"COCHINSHIP,HAL,SIEMENS,CUMMINSIND,BDL,BEL,PRESTIGE,RVNL,MOTHERSON,EXIDEIND",2024-06,2024
2024-06-26,NIFTY100,0.0,766478.655784948,0.0,766478.655784948,"TRENT,HINDZINC,ABB,OFSS,BASF",2024-06,2024
2024-06-26,NIFTY500,0.0,974310.2585232308,0.0,974310.2585232308,"COCHINSHIP,HAL,SIEMENS,CUMMINSIND,BDL,BEL,PRESTIGE,RVNL,MOTHERSON,EXIDEIND",2024-06,2024
2024-06-27,NIFTY100,0.0,778760.6702670468,0.0,778760.6702670468,"TRENT,HINDZINC,ABB,OFSS,BASF",2024-06,2024
2024-06-27,NIFTY500,0.0,981851.2771338657,0.0,981851.2771338657,"COCHINSHIP,HAL,SIEMENS,CUMMINSIND,BDL,BEL,PRESTIGE,RVNL,MOTHERSON,EXIDEIND",2024-06,2024
2024-06-28,NIFTY100,0.0,781420.029565209,0.0,781420.029565209,"TRENT,HINDZINC,ABB,OFSS,BASF",2024-06,2024
2024-06-28,NIFTY500,0.0,973343.2276305112,0.0,973343.2276305112,"COCHINSHIP,HAL,SIEMENS,CUMMINSIND,BDL,BEL,PRESTIGE,RVNL,MOTHERSON,EXIDEIND",2024-06,2024
2024-07-01,NIFTY100,0.0,787682.7906025234,0.0,787682.7906025234,"TRENT,HINDZINC,ABB,OFSS,BASF",2024-07,2024
2024-07-01,NIFTY500,0.0,985261.8684604794,0.0,985261.8684604794,"COCHINSHIP,HAL,SIEMENS,CUMMINSIND,BDL,BEL,PRESTIGE,RVNL,MOTHERSON,EXIDEIND",2024-07,2024
2024-07-02,NIFTY100,0.0,787315.1905411712,0.0,787315.1905411712,"TRENT,HINDZINC,ABB,OFSS,BASF",2024-07,2024
2024-07-02,NIFTY500,0.0,981512.6465694446,0.0,981512.6465694446,"COCHINSHIP,HAL,SIEMENS,CUMMINSIND,BDL,BEL,PRESTIGE,RVNL,MOTHERSON,EXIDEIND",2024-07,2024
2024-07-03,NIFTY100,0.0,800905.8325225645,0.0,800905.8325225645,"TRENT,HINDZINC,ABB,OFSS,BASF",2024-07,2024
2024-07-03,NIFTY500,0.0,1006657.2685368406,0.0,1006657.2685368406,"COCHINSHIP,HAL,SIEMENS,CUMMINSIND,BDL,BEL,PRESTIGE,RVNL,MOTHERSON,EXIDEIND",2024-07,2024
2024-07-04,NIFTY100,0.0,805822.9486959355,0.0,805822.9486959355,"TRENT,HINDZINC,ABB,OFSS,BASF",2024-07,2024
2024-07-04,NIFTY500,0.0,1037532.7010862444,0.0,1037532.7010862444,"COCHINSHIP,HAL,SIEMENS,CUMMINSIND,BDL,BEL,PRESTIGE,RVNL,MOTHERSON,EXIDEIND",2024-07,2024
2024-07-05,NIFTY100,0.0,811869.3518787933,0.0,811869.3518787933,"TRENT,HINDZINC,ABB,OFSS,BASF",2024-07,2024
2024-07-05,NIFTY500,0.0,1074298.5626239455,0.0,1074298.5626239455,"COCHINSHIP,HAL,SIEMENS,CUMMINSIND,BDL,BEL,PRESTIGE,RVNL,MOTHERSON,EXIDEIND",2024-07,2024
2024-07-08,NIFTY100,0.0,813071.0010057876,0.0,813071.0010057876,"TRENT,HINDZINC,ABB,OFSS,BASF",2024-07,2024
2024-07-08,NIFTY500,0.0,1081249.404132604,0.0,1081249.404132604,"COCHINSHIP,HAL,SIEMENS,CUMMINSIND,BDL,BEL,PRESTIGE,RVNL,MOTHERSON,EXIDEIND",2024-07,2024
2024-07-09,NIFTY100,0.0,806451.4285990375,0.0,806451.4285990375,"TRENT,HINDZINC,ABB,OFSS,BASF",2024-07,2024
2024-07-09,NIFTY500,0.0,1074812.4232073524,0.0,1074812.4232073524,"COCHINSHIP,HAL,SIEMENS,CUMMINSIND,BDL,BEL,PRESTIGE,RVNL,MOTHERSON,EXIDEIND",2024-07,2024
2024-07-10,NIFTY100,0.0,804234.5664593648,0.0,804234.5664593648,"TRENT,HINDZINC,ABB,OFSS,BASF",2024-07,2024
2024-07-10,NIFTY500,0.0,1077450.9789230947,0.0,1077450.9789230947,"COCHINSHIP,HAL,SIEMENS,CUMMINSIND,BDL,BEL,PRESTIGE,RVNL,MOTHERSON,EXIDEIND",2024-07,2024
2024-07-11,NIFTY100,0.0,810148.22688061,0.0,810148.22688061,"TRENT,HINDZINC,ABB,OFSS,BASF",2024-07,2024
2024-07-11,NIFTY500,0.0,1094126.3723373804,0.0,1094126.3723373804,"COCHINSHIP,HAL,SIEMENS,CUMMINSIND,BDL,BEL,PRESTIGE,RVNL,MOTHERSON,EXIDEIND",2024-07,2024
2024-07-12,NIFTY100,0.0,808739.9632356775,0.0,808739.9632356775,"TRENT,HINDZINC,ABB,OFSS,BASF",2024-07,2024
2024-07-12,NIFTY500,0.0,1084369.710680831,0.0,1084369.710680831,"COCHINSHIP,HAL,SIEMENS,CUMMINSIND,BDL,BEL,PRESTIGE,RVNL,MOTHERSON,EXIDEIND",2024-07,2024
2024-07-15,NIFTY100,0.0,813547.4143828762,0.0,813547.4143828762,"TRENT,HINDZINC,ABB,OFSS,BASF",2024-07,2024
2024-07-15,NIFTY500,0.0,1074942.438734186,0.0,1074942.438734186,"COCHINSHIP,HAL,SIEMENS,CUMMINSIND,BDL,BEL,PRESTIGE,RVNL,MOTHERSON,EXIDEIND",2024-07,2024
2024-07-16,NIFTY100,0.0,817058.8925673283,0.0,817058.8925673283,"TRENT,HINDZINC,ABB,OFSS,BASF",2024-07,2024
2024-07-16,NIFTY500,0.0,1066336.0299859385,0.0,1066336.0299859385,"COCHINSHIP,HAL,SIEMENS,CUMMINSIND,BDL,BEL,PRESTIGE,RVNL,MOTHERSON,EXIDEIND",2024-07,2024
2024-07-18,NIFTY100,0.0,791160.7531095351,0.0,791160.7531095351,"TRENT,HINDZINC,ABB,OFSS,BASF",2024-07,2024
2024-07-18,NIFTY500,0.0,1029820.2792805424,0.0,1029820.2792805424,"COCHINSHIP,HAL,SIEMENS,CUMMINSIND,BDL,BEL,PRESTIGE,RVNL,MOTHERSON,EXIDEIND",2024-07,2024
2024-07-19,NIFTY100,136498.43003945873,640119.5077257716,0.0,776617.9377652304,"TRENT,HINDZINC,OFSS,BASF",2024-07,2024
2024-07-19,NIFTY500,0.0,1003544.6126570029,0.0,1003544.6126570029,"COCHINSHIP,HAL,SIEMENS,CUMMINSIND,BDL,BEL,PRESTIGE,RVNL,MOTHERSON,EXIDEIND",2024-07,2024
2024-07-22,NIFTY100,136498.43003945873,645151.7353424284,0.0,781650.1653818872,"TRENT,HINDZINC,OFSS,BASF",2024-07,2024
2024-07-22,NIFTY500,0.0,1026965.6291912668,0.0,1026965.6291912668,"COCHINSHIP,HAL,SIEMENS,CUMMINSIND,BDL,BEL,PRESTIGE,RVNL,MOTHERSON,EXIDEIND",2024-07,2024
2024-07-23,NIFTY100,0.0,784598.8837802876,0.0,784598.8837802876,"TRENT,HINDZINC,OFSS,BASF,ZYDUSLIFE",2024-07,2024
2024-07-23,NIFTY500,0.0,1003521.6935548824,0.0,1003521.6935548824,"COCHINSHIP,HAL,SIEMENS,CUMMINSIND,BDL,BEL,RVNL,MOTHERSON,EXIDEIND,INDUSTOWER",2024-07,2024
2024-07-24,NIFTY100,0.0,799420.5913291954,0.0,799420.5913291954,"TRENT,HINDZINC,OFSS,BASF,ZYDUSLIFE",2024-07,2024
2024-07-24,NIFTY500,0.0,994824.17085559,0.0,994824.17085559,"COCHINSHIP,HAL,SIEMENS,CUMMINSIND,BDL,BEL,RVNL,MOTHERSON,EXIDEIND,INDUSTOWER",2024-07,2024
2024-07-25,NIFTY100,0.0,806625.8306591696,0.0,806625.8306591696,"TRENT,HINDZINC,OFSS,BASF,ZYDUSLIFE",2024-07,2024
2024-07-25,NIFTY500,74282.86591214917,909024.6428489059,0.0,983307.5087610551,"COCHINSHIP,HAL,CUMMINSIND,BDL,BEL,RVNL,MOTHERSON,EXIDEIND,INDUSTOWER",2024-07,2024
2024-07-26,NIFTY100,0.0,796844.8575996559,0.0,796844.8575996559,"TRENT,HINDZINC,OFSS,BASF,ZYDUSLIFE",2024-07,2024
2024-07-26,NIFTY500,74282.86591214917,918750.6840077401,0.0,993033.5499198893,"COCHINSHIP,HAL,CUMMINSIND,BDL,BEL,RVNL,MOTHERSON,EXIDEIND,INDUSTOWER",2024-07,2024
2024-07-29,NIFTY100,0.0,819722.3009672114,0.0,819722.3009672114,"TRENT,HINDZINC,OFSS,BASF,ZYDUSLIFE",2024-07,2024
2024-07-29,NIFTY500,74282.86591214917,950419.3855637937,0.0,1024702.2514759429,"COCHINSHIP,HAL,CUMMINSIND,BDL,BEL,RVNL,MOTHERSON,EXIDEIND,INDUSTOWER",2024-07,2024
2024-07-30,NIFTY100,0.0,823196.0308748919,0.0,823196.0308748919,"TRENT,HINDZINC,OFSS,BASF,ZYDUSLIFE",2024-07,2024
2024-07-30,NIFTY500,74282.86591214917,956171.8212262652,0.0,1030454.6871384144,"COCHINSHIP,HAL,CUMMINSIND,BDL,BEL,RVNL,MOTHERSON,EXIDEIND,INDUSTOWER",2024-07,2024
2024-07-31,NIFTY100,0.0,837751.8416636194,0.0,837751.8416636194,"TRENT,HINDZINC,OFSS,BASF,ZYDUSLIFE",2024-07,2024
2024-07-31,NIFTY500,149966.89296370352,868682.6630358896,0.0,1018649.5559995931,"COCHINSHIP,HAL,CUMMINSIND,BDL,BEL,RVNL,MOTHERSON,INDUSTOWER",2024-07,2024
2024-08-01,NIFTY100,0.0,829826.253042317,0.0,829826.253042317,"TRENT,HINDZINC,OFSS,BASF,ZYDUSLIFE",2024-08,2024
2024-08-01,NIFTY500,149966.89296370352,858266.7693195585,0.0,1008233.662283262,"COCHINSHIP,HAL,CUMMINSIND,BDL,BEL,RVNL,MOTHERSON,INDUSTOWER",2024-08,2024
2024-08-02,NIFTY100,0.0,811478.3630155247,0.0,811478.3630155247,"TRENT,HINDZINC,OFSS,BASF,ZYDUSLIFE",2024-08,2024
2024-08-02,NIFTY500,149966.89296370352,837868.0871832396,0.0,987834.9801469431,"COCHINSHIP,HAL,CUMMINSIND,BDL,BEL,RVNL,MOTHERSON,INDUSTOWER",2024-08,2024
2024-08-05,NIFTY100,0.0,779322.5888536592,0.0,779322.5888536592,"TRENT,HINDZINC,OFSS,BASF,ZYDUSLIFE",2024-08,2024
2024-08-05,NIFTY500,223938.314718264,724625.4356160398,0.0,948563.7503343038,"COCHINSHIP,HAL,BDL,BEL,RVNL,MOTHERSON,INDUSTOWER",2024-08,2024
2024-08-06,NIFTY100,0.0,773216.3879615524,0.0,773216.3879615524,"TRENT,HINDZINC,OFSS,BASF,ZYDUSLIFE",2024-08,2024
2024-08-06,NIFTY500,306570.1490488099,627678.6952007154,0.0,934248.8442495253,"COCHINSHIP,HAL,BDL,RVNL,MOTHERSON,INDUSTOWER",2024-08,2024
2024-08-07,NIFTY100,0.0,823036.36697457,0.0,823036.36697457,"TRENT,HINDZINC,OFSS,BASF,ZYDUSLIFE",2024-08,2024
2024-08-07,NIFTY500,385101.2505998465,569568.152785073,0.0,954669.4033849195,"COCHINSHIP,BDL,RVNL,MOTHERSON,INDUSTOWER",2024-08,2024
2024-08-08,NIFTY100,0.0,849910.1820814778,0.0,849910.1820814778,"TRENT,HINDZINC,OFSS,BASF,ZYDUSLIFE",2024-08,2024
2024-08-08,NIFTY500,385101.2505998465,561309.0859835846,0.0,946410.3365834311,"COCHINSHIP,BDL,RVNL,MOTHERSON,INDUSTOWER",2024-08,2024
2024-08-09,NIFTY100,0.0,873048.0509256797,0.0,873048.0509256797,"TRENT,HINDZINC,OFSS,BASF,ZYDUSLIFE",2024-08,2024
2024-08-09,NIFTY500,385101.2505998465,566799.6661165126,0.0,951900.9167163591,"COCHINSHIP,BDL,RVNL,MOTHERSON,INDUSTOWER",2024-08,2024
2024-08-12,NIFTY100,0.0,875108.1997582662,0.0,875108.1997582662,"TRENT,HINDZINC,OFSS,BASF,ZYDUSLIFE",2024-08,2024
2024-08-12,NIFTY500,385101.2505998465,567959.5416464749,0.0,953060.7922463213,"COCHINSHIP,BDL,RVNL,MOTHERSON,INDUSTOWER",2024-08,2024
2024-08-13,NIFTY100,0.0,851922.4676967608,0.0,851922.4676967608,"TRENT,HINDZINC,OFSS,BASF,ZYDUSLIFE",2024-08,2024
2024-08-13,NIFTY500,385101.2505998465,549758.5923964756,0.0,934859.8429963221,"COCHINSHIP,BDL,RVNL,MOTHERSON,INDUSTOWER",2024-08,2024
2024-08-14,NIFTY100,0.0,839492.5041806812,0.0,839492.5041806812,"TRENT,HINDZINC,OFSS,BASF,ZYDUSLIFE",2024-08,2024
2024-08-14,NIFTY500,385101.2505998465,548329.5107541783,0.0,933430.7613540248,"COCHINSHIP,BDL,RVNL,MOTHERSON,INDUSTOWER",2024-08,2024
2024-08-16,NIFTY100,0.0,835929.5581431021,0.0,835929.5581431021,"TRENT,HINDZINC,OFSS,BASF,ZYDUSLIFE",2024-08,2024
2024-08-16,NIFTY500,385101.2505998465,552036.0894697345,0.0,937137.3400695809,"COCHINSHIP,BDL,RVNL,MOTHERSON,INDUSTOWER",2024-08,2024
2024-08-19,NIFTY100,98905.83722773082,732484.6747685286,0.0,831390.5119962593,"TRENT,OFSS,BASF,ZYDUSLIFE",2024-08,2024
2024-08-19,NIFTY500,467644.3204503865,468011.1088500715,0.0,935655.4293004579,"COCHINSHIP,RVNL,MOTHERSON,INDUSTOWER",2024-08,2024
2024-08-20,NIFTY100,98905.83722773082,741665.1917449232,0.0,840571.028972654,"TRENT,OFSS,BASF,ZYDUSLIFE",2024-08,2024
2024-08-20,NIFTY500,467644.3204503865,461141.90972498385,0.0,928786.2301753704,"COCHINSHIP,RVNL,MOTHERSON,INDUSTOWER",2024-08,2024
2024-08-21,NIFTY100,98905.83722773082,744794.9491994369,0.0,843700.7864271677,"TRENT,OFSS,BASF,ZYDUSLIFE",2024-08,2024
2024-08-21,NIFTY500,467644.3204503865,466777.50149935257,0.0,934421.821949739,"COCHINSHIP,RVNL,MOTHERSON,INDUSTOWER",2024-08,2024
2024-08-22,NIFTY100,0.0,859569.5275138719,0.0,859569.5275138719,"TRENT,OFSS,BASF,ZYDUSLIFE,COLPAL",2024-08,2024
2024-08-22,NIFTY500,0.0,932640.3620134364,0.0,932640.3620134364,"COCHINSHIP,RVNL,MOTHERSON,INDUSTOWER,GLENMARK,GODFRYPHLP,UNOMINDA,NATCOPHARM,COROMANDEL,VOLTAS",2024-08,2024
2024-08-23,NIFTY100,0.0,846288.8726143915,0.0,846288.8726143915,"TRENT,OFSS,BASF,ZYDUSLIFE,COLPAL",2024-08,2024
2024-08-23,NIFTY500,0.0,934284.1908247278,0.0,934284.1908247278,"COCHINSHIP,RVNL,MOTHERSON,INDUSTOWER,GLENMARK,GODFRYPHLP,UNOMINDA,NATCOPHARM,COROMANDEL,VOLTAS",2024-08,2024
2024-08-26,NIFTY100,130918.80010528026,708127.9658797878,0.0,839046.765985068,"TRENT,OFSS,BASF,COLPAL",2024-08,2024
2024-08-26,NIFTY500,0.0,937569.788019084,0.0,937569.788019084,"COCHINSHIP,RVNL,MOTHERSON,INDUSTOWER,GLENMARK,GODFRYPHLP,UNOMINDA,NATCOPHARM,COROMANDEL,VOLTAS",2024-08,2024
2024-08-27,NIFTY100,130918.80010528026,714418.2570544922,0.0,845337.0571597725,"TRENT,OFSS,BASF,COLPAL",2024-08,2024
2024-08-27,NIFTY500,73852.0901994035,868269.9309712123,0.0,942122.0211706158,"COCHINSHIP,RVNL,MOTHERSON,INDUSTOWER,GLENMARK,GODFRYPHLP,NATCOPHARM,COROMANDEL,VOLTAS",2024-08,2024
2024-08-28,NIFTY100,130918.80010528026,722393.1472273933,0.0,853311.9473326736,"TRENT,OFSS,BASF,COLPAL",2024-08,2024
2024-08-28,NIFTY500,73852.0901994035,864703.6544618966,0.0,938555.7446613001,"COCHINSHIP,RVNL,MOTHERSON,INDUSTOWER,GLENMARK,GODFRYPHLP,NATCOPHARM,COROMANDEL,VOLTAS",2024-08,2024
2024-08-29,NIFTY100,130918.80010528026,719638.1504618947,0.0,850556.9505671749,"TRENT,OFSS,BASF,COLPAL",2024-08,2024
2024-08-29,NIFTY500,73852.0901994035,860949.1005310887,0.0,934801.1907304921,"COCHINSHIP,RVNL,MOTHERSON,INDUSTOWER,GLENMARK,GODFRYPHLP,NATCOPHARM,COROMANDEL,VOLTAS",2024-08,2024
2024-08-30,NIFTY100,130918.80010528026,714420.1414383656,0.0,845338.9415436458,"TRENT,OFSS,BASF,COLPAL",2024-08,2024
2024-08-30,NIFTY500,73852.0901994035,870881.5009576569,0.0,944733.5911570603,"COCHINSHIP,RVNL,MOTHERSON,INDUSTOWER,GLENMARK,GODFRYPHLP,NATCOPHARM,COROMANDEL,VOLTAS",2024-08,2024
2024-09-02,NIFTY100,130918.80010528026,711020.0370699873,0.0,841938.8371752675,"TRENT,OFSS,BASF,COLPAL",2024-09,2024
2024-09-02,NIFTY500,73852.0901994035,863040.6085825572,0.0,936892.6987819606,"COCHINSHIP,RVNL,MOTHERSON,INDUSTOWER,GLENMARK,GODFRYPHLP,NATCOPHARM,COROMANDEL,VOLTAS",2024-09,2024
2024-09-03,NIFTY100,130918.80010528026,715664.1586375268,0.0,846582.958742807,"TRENT,OFSS,BASF,COLPAL",2024-09,2024
2024-09-03,NIFTY500,73852.0901994035,866373.2813013393,0.0,940225.3715007427,"COCHINSHIP,RVNL,MOTHERSON,INDUSTOWER,GLENMARK,GODFRYPHLP,NATCOPHARM,COROMANDEL,VOLTAS",2024-09,2024
2024-09-04,NIFTY100,130918.80010528026,717559.379333722,0.0,848478.1794390023,"TRENT,OFSS,BASF,COLPAL",2024-09,2024
2024-09-04,NIFTY500,149709.60357822705,788178.9966621682,0.0,937888.6002403952,"COCHINSHIP,RVNL,MOTHERSON,INDUSTOWER,GLENMARK,GODFRYPHLP,NATCOPHARM,VOLTAS",2024-09,2024
2024-09-05,NIFTY100,130918.80010528026,722490.5205869142,0.0,853409.3206921944,"TRENT,OFSS,BASF,COLPAL",2024-09,2024
2024-09-05,NIFTY500,149709.60357822705,787662.8615013633,0.0,937372.4650795904,"COCHINSHIP,RVNL,MOTHERSON,INDUSTOWER,GLENMARK,GODFRYPHLP,NATCOPHARM,VOLTAS",2024-09,2024
2024-09-06,NIFTY100,130918.80010528026,716311.3202490245,0.0,847230.1203543048,"TRENT,OFSS,BASF,COLPAL",2024-09,2024
2024-09-06,NIFTY500,149709.60357822705,785512.6339962522,0.0,935222.2375744793,"COCHINSHIP,RVNL,MOTHERSON,INDUSTOWER,GLENMARK,GODFRYPHLP,NATCOPHARM,VOLTAS",2024-09,2024
2024-09-09,NIFTY100,130918.80010528026,719381.9862391958,0.0,850300.786344476,"TRENT,OFSS,BASF,COLPAL",2024-09,2024
2024-09-09,NIFTY500,231896.60661407502,693748.307460547,0.0,925644.914074622,"COCHINSHIP,RVNL,INDUSTOWER,GLENMARK,GODFRYPHLP,NATCOPHARM,VOLTAS",2024-09,2024
2024-09-10,NIFTY100,130918.80010528026,727437.6619359032,0.0,858356.4620411835,"TRENT,OFSS,BASF,COLPAL",2024-09,2024
2024-09-10,NIFTY500,231896.60661407502,697213.622180165,0.0,929110.22879424,"COCHINSHIP,RVNL,INDUSTOWER,GLENMARK,GODFRYPHLP,NATCOPHARM,VOLTAS",2024-09,2024
2024-09-11,NIFTY100,130918.80010528026,724189.4785393665,0.0,855108.2786446468,"TRENT,OFSS,BASF,COLPAL",2024-09,2024
2024-09-11,NIFTY500,231896.60661407502,692744.878754403,0.0,924641.485368478,"COCHINSHIP,RVNL,INDUSTOWER,GLENMARK,GODFRYPHLP,NATCOPHARM,VOLTAS",2024-09,2024
2024-09-12,NIFTY100,130918.80010528026,727255.773527179,0.0,858174.5736324593,"TRENT,OFSS,BASF,COLPAL",2024-09,2024
2024-09-12,NIFTY500,231896.60661407502,696067.713316303,0.0,927964.319930378,"COCHINSHIP,RVNL,INDUSTOWER,GLENMARK,GODFRYPHLP,NATCOPHARM,VOLTAS",2024-09,2024
2024-09-13,NIFTY100,130918.80010528026,743383.9057854331,0.0,874302.7058907134,"TRENT,OFSS,BASF,COLPAL",2024-09,2024
2024-09-13,NIFTY500,231896.60661407502,708758.7926096485,0.0,940655.3992237236,"COCHINSHIP,RVNL,INDUSTOWER,GLENMARK,GODFRYPHLP,NATCOPHARM,VOLTAS",2024-09,2024
2024-09-16,NIFTY100,130918.80010528026,747888.3496421457,0.0,878807.1497474259,"TRENT,OFSS,BASF,COLPAL",2024-09,2024
2024-09-16,NIFTY500,231896.60661407502,716413.2204101455,0.0,948309.8270242205,"COCHINSHIP,RVNL,INDUSTOWER,GLENMARK,GODFRYPHLP,NATCOPHARM,VOLTAS",2024-09,2024
2024-09-17,NIFTY100,130918.80010528026,761162.4864740276,0.0,892081.2865793079,"TRENT,OFSS,BASF,COLPAL",2024-09,2024
2024-09-17,NIFTY500,231896.60661407502,701123.1341854525,0.0,933019.7407995275,"COCHINSHIP,RVNL,INDUSTOWER,GLENMARK,GODFRYPHLP,NATCOPHARM,VOLTAS",2024-09,2024
2024-09-18,NIFTY100,130918.80010528026,732985.9668173091,0.0,863904.7669225894,"TRENT,OFSS,BASF,COLPAL",2024-09,2024
2024-09-18,NIFTY500,231896.60661407502,689951.5220162482,0.0,921848.1286303232,"COCHINSHIP,RVNL,INDUSTOWER,GLENMARK,GODFRYPHLP,NATCOPHARM,VOLTAS",2024-09,2024
2024-09-19,NIFTY100,229677.63441360136,628787.760744228,0.0,858465.3951578294,"TRENT,OFSS,BASF",2024-09,2024
2024-09-19,NIFTY500,231896.60661407502,678718.2092882715,0.0,910614.8159023465,"COCHINSHIP,RVNL,INDUSTOWER,GLENMARK,GODFRYPHLP,NATCOPHARM,VOLTAS",2024-09,2024
2024-09-20,NIFTY100,229677.63441360136,634841.8339605405,0.0,864519.4683741418,"TRENT,OFSS,BASF",2024-09,2024
2024-09-20,NIFTY500,296411.0288187314,631477.6477446179,0.0,927888.6765633493,"COCHINSHIP,RVNL,GLENMARK,GODFRYPHLP,NATCOPHARM,VOLTAS",2024-09,2024
2024-09-23,NIFTY100,229677.63441360136,641095.51934926,0.0,870773.1537628614,"TRENT,OFSS,BASF",2024-09,2024
2024-09-23,NIFTY500,372553.1512239062,543442.4055567648,0.0,915995.556780671,"COCHINSHIP,RVNL,GLENMARK,GODFRYPHLP,VOLTAS",2024-09,2024
2024-09-24,NIFTY100,0.0,872789.064148419,0.0,872789.064148419,"TRENT,OFSS,BASF,BAJAJ-AUTO,LUPIN",2024-09,2024
2024-09-24,NIFTY500,0.0,915723.7682860186,0.0,915723.7682860186,"COCHINSHIP,RVNL,GLENMARK,GODFRYPHLP,VOLTAS,CHOLAHLDNG,MCX,BSE,GODREJIND,CDSL",2024-09,2024
2024-09-25,NIFTY100,0.0,869489.059987017,0.0,869489.059987017,"TRENT,OFSS,BASF,BAJAJ-AUTO,LUPIN",2024-09,2024
2024-09-25,NIFTY500,0.0,901654.1446137736,0.0,901654.1446137736,"COCHINSHIP,RVNL,GLENMARK,GODFRYPHLP,VOLTAS,CHOLAHLDNG,MCX,BSE,GODREJIND,CDSL",2024-09,2024
2024-09-26,NIFTY100,0.0,882891.4881722867,0.0,882891.4881722867,"TRENT,OFSS,BASF,BAJAJ-AUTO,LUPIN",2024-09,2024
2024-09-26,NIFTY500,0.0,893365.2599960719,0.0,893365.2599960719,"COCHINSHIP,RVNL,GLENMARK,GODFRYPHLP,VOLTAS,CHOLAHLDNG,MCX,BSE,GODREJIND,CDSL",2024-09,2024
2024-09-27,NIFTY100,116074.8879654894,782441.1938425116,0.0,898516.081808001,"TRENT,OFSS,BASF,BAJAJ-AUTO",2024-09,2024
2024-09-27,NIFTY500,139772.67419749082,749743.586251348,0.0,889516.2604488388,"COCHINSHIP,RVNL,GLENMARK,GODFRYPHLP,VOLTAS,CHOLAHLDNG,MCX,GODREJIND",2024-09,2024
2024-09-30,NIFTY100,116074.8879654894,775585.9615214802,0.0,891660.8494869696,"TRENT,OFSS,BASF,BAJAJ-AUTO",2024-09,2024
2024-09-30,NIFTY500,139772.67419749082,751173.4760016579,0.0,890946.1501991487,"COCHINSHIP,RVNL,GLENMARK,GODFRYPHLP,VOLTAS,CHOLAHLDNG,MCX,GODREJIND",2024-09,2024
2024-10-01,NIFTY100,116074.8879654894,790868.2420898221,0.0,906943.1300553115,"TRENT,OFSS,BASF,BAJAJ-AUTO",2024-10,2024
2024-10-01,NIFTY500,139772.67419749082,746114.2723433411,0.0,885886.9465408319,"COCHINSHIP,RVNL,GLENMARK,GODFRYPHLP,VOLTAS,CHOLAHLDNG,MCX,GODREJIND",2024-10,2024
2024-10-03,NIFTY100,116074.8879654894,784979.1115486663,0.0,901053.9995141557,"TRENT,OFSS,BASF,BAJAJ-AUTO",2024-10,2024
2024-10-03,NIFTY500,206174.76361524852,662065.0319501377,0.0,868239.7955653862,"COCHINSHIP,RVNL,GLENMARK,GODFRYPHLP,VOLTAS,CHOLAHLDNG,MCX",2024-10,2024
2024-10-04,NIFTY100,116074.8879654894,778786.0754479115,0.0,894860.9634134009,"TRENT,OFSS,BASF,BAJAJ-AUTO",2024-10,2024
2024-10-04,NIFTY500,206174.76361524852,654336.3086325168,0.0,860511.0722477653,"COCHINSHIP,RVNL,GLENMARK,GODFRYPHLP,VOLTAS,CHOLAHLDNG,MCX",2024-10,2024
2024-10-07,NIFTY100,116074.8879654894,781976.5858004388,0.0,898051.4737659282,"TRENT,OFSS,BASF,BAJAJ-AUTO",2024-10,2024
2024-10-07,NIFTY500,353417.2244961242,485165.3898590763,0.0,838582.6143552004,"RVNL,GLENMARK,GODFRYPHLP,VOLTAS,CHOLAHLDNG,MCX",2024-10,2024
2024-10-08,NIFTY100,116074.8879654894,816866.6405871448,0.0,932941.5285526342,"TRENT,OFSS,BASF,BAJAJ-AUTO",2024-10,2024
2024-10-08,NIFTY500,353417.2244961242,505166.524023673,0.0,858583.7485197971,"RVNL,GLENMARK,GODFRYPHLP,VOLTAS,CHOLAHLDNG,MCX",2024-10,2024
2024-10-09,NIFTY100,116074.8879654894,824231.0788777454,0.0,940305.9668432348,"TRENT,OFSS,BASF,BAJAJ-AUTO",2024-10,2024
2024-10-09,NIFTY500,353417.2244961242,510149.97527773137,0.0,863567.1997738555,"RVNL,GLENMARK,GODFRYPHLP,VOLTAS,CHOLAHLDNG,MCX",2024-10,2024
2024-10-10,NIFTY100,116074.8879654894,807891.8991523493,0.0,923966.7871178387,"TRENT,OFSS,BASF,BAJAJ-AUTO",2024-10,2024
2024-10-10,NIFTY500,353417.2244961242,504746.7477875325,0.0,858163.9722836567,"RVNL,GLENMARK,GODFRYPHLP,VOLTAS,CHOLAHLDNG,MCX",2024-10,2024
2024-10-11,NIFTY100,116074.8879654894,818252.2530138771,0.0,934327.1409793665,"TRENT,OFSS,BASF,BAJAJ-AUTO",2024-10,2024
2024-10-11,NIFTY500,436448.98401248216,426850.91382146,0.0,863299.8978339422,"RVNL,GLENMARK,GODFRYPHLP,CHOLAHLDNG,MCX",2024-10,2024
2024-10-14,NIFTY100,116074.8879654894,817774.7151404797,0.0,933849.6031059691,"TRENT,OFSS,BASF,BAJAJ-AUTO",2024-10,2024
2024-10-14,NIFTY500,436448.98401248216,428366.8349381371,0.0,864815.8189506193,"RVNL,GLENMARK,GODFRYPHLP,CHOLAHLDNG,MCX",2024-10,2024
2024-10-15,NIFTY100,116074.8879654894,827226.2883647218,0.0,943301.1763302112,"TRENT,OFSS,BASF,BAJAJ-AUTO",2024-10,2024
2024-10-15,NIFTY500,436448.98401248216,431406.77669767267,0.0,867855.7607101549,"RVNL,GLENMARK,GODFRYPHLP,CHOLAHLDNG,MCX",2024-10,2024
2024-10-16,NIFTY100,224910.0204160497,697381.6876411336,0.0,922291.7080571833,"TRENT,OFSS,BASF",2024-10,2024
2024-10-16,NIFTY500,436448.98401248216,432520.15652512107,0.0,868969.1405376033,"RVNL,GLENMARK,GODFRYPHLP,CHOLAHLDNG,MCX",2024-10,2024
2024-10-17,NIFTY100,224910.0204160497,691524.667197607,0.0,916434.6876136567,"TRENT,OFSS,BASF",2024-10,2024
2024-10-17,NIFTY500,436448.98401248216,429038.74157422327,0.0,865487.7255867054,"RVNL,GLENMARK,GODFRYPHLP,CHOLAHLDNG,MCX",2024-10,2024
2024-10-18,NIFTY100,224910.0204160497,687378.1598063025,0.0,912288.1802223523,"TRENT,OFSS,BASF",2024-10,2024
2024-10-18,NIFTY500,436448.98401248216,427049.2957115111,0.0,863498.2797239933,"RVNL,GLENMARK,GODFRYPHLP,CHOLAHLDNG,MCX",2024-10,2024
2024-10-21,NIFTY100,224910.0204160497,666631.4758761675,0.0,891541.4962922172,"TRENT,OFSS,BASF",2024-10,2024
2024-10-21,NIFTY500,0.0,0.0,858516.9476417352,858516.9476417352,GOLDBEES,2024-10,2024
2024-10-22,NIFTY100,0.0,869853.443161178,0.0,869853.443161178,"TRENT,OFSS,BASF,BHARTIARTL,PAYTM",2024-10,2024
2024-10-22,NIFTY500,0.0,0.0,855134.4700293976,855134.4700293976,GOLDBEES,2024-10,2024
2024-10-23,NIFTY100,114998.7738670961,772105.4315854288,0.0,887104.2054525248,"TRENT,OFSS,BASF,BHARTIARTL",2024-10,2024
2024-10-23,NIFTY500,0.0,0.0,860728.6897814065,860728.6897814065,GOLDBEES,2024-10,2024
2024-10-24,NIFTY100,114998.7738670961,756221.4782250224,0.0,871220.2520921185,"TRENT,OFSS,BASF,BHARTIARTL",2024-10,2024
2024-10-24,NIFTY500,0.0,0.0,855394.6224392203,855394.6224392203,GOLDBEES,2024-10,2024
2024-10-25,NIFTY100,114998.7738670961,745643.7259330971,0.0,860642.4998001931,"TRENT,OFSS,BASF,BHARTIARTL",2024-10,2024
2024-10-25,NIFTY500,0.0,0.0,851491.6414933802,851491.6414933802,GOLDBEES,2024-10,2024
2024-10-28,NIFTY100,0.0,0.0,864721.3090775999,864721.3090775999,GOLDBEES,2024-10,2024
2024-10-28,NIFTY500,0.0,0.0,855784.9006824186,855784.9006824186,GOLDBEES,2024-10,2024
2024-10-29,NIFTY100,0.0,0.0,869970.0167419724,869970.0167419724,GOLDBEES,2024-10,2024
2024-10-29,NIFTY500,0.0,0.0,862550.0544209509,862550.0544209509,GOLDBEES,2024-10,2024
2024-10-30,NIFTY100,0.0,0.0,879417.5704049168,879417.5704049168,GOLDBEES,2024-10,2024
2024-10-30,NIFTY500,0.0,0.0,871917.0300284958,871917.0300284958,GOLDBEES,2024-10,2024
2024-10-31,NIFTY100,0.0,0.0,878105.4185165166,878105.4185165166,GOLDBEES,2024-10,2024
2024-10-31,NIFTY500,0.0,0.0,870616.0694655253,870616.0694655253,GOLDBEES,2024-10,2024
2024-11-01,NIFTY100,0.0,0.0,878105.4185165166,878105.4185165166,GOLDBEES,2024-11,2024
2024-11-01,NIFTY500,0.0,0.0,870616.0694655253,870616.0694655253,GOLDBEES,2024-11,2024
2024-11-04,NIFTY100,0.0,0.0,866295.8512993712,866295.8512993712,GOLDBEES,2024-11,2024
2024-11-04,NIFTY500,0.0,0.0,858907.2258849335,858907.2258849335,GOLDBEES,2024-11,2024
2024-11-05,NIFTY100,0.0,0.0,865246.1898551143,865246.1898551143,GOLDBEES,2024-11,2024
2024-11-05,NIFTY500,0.0,0.0,857866.5169887142,857866.5169887142,GOLDBEES,2024-11,2024
2024-11-06,NIFTY100,0.0,0.0,860653.5080795558,860653.5080795558,GOLDBEES,2024-11,2024
2024-11-06,NIFTY500,0.0,0.0,853313.0061329246,853313.0061329246,GOLDBEES,2024-11,2024
2024-11-07,NIFTY100,0.0,0.0,844120.2140863244,844120.2140863244,GOLDBEES,2024-11,2024
2024-11-07,NIFTY500,0.0,0.0,836920.7243770247,836920.7243770247,GOLDBEES,2024-11,2024
2024-11-08,NIFTY100,0.0,0.0,852911.7418604546,852911.7418604546,GOLDBEES,2024-11,2024
2024-11-08,NIFTY500,0.0,0.0,845637.2693315486,845637.2693315486,GOLDBEES,2024-11,2024
2024-11-11,NIFTY100,0.0,0.0,846219.6370856102,846219.6370856102,GOLDBEES,2024-11,2024
2024-11-11,NIFTY500,0.0,0.0,839002.2414263918,839002.2414263918,GOLDBEES,2024-11,2024
2024-11-12,NIFTY100,0.0,0.0,824568.8305946918,824568.8305946918,GOLDBEES,2024-11,2024
2024-11-12,NIFTY500,0.0,0.0,817536.0943665926,817536.0943665926,GOLDBEES,2024-11,2024
2024-11-13,NIFTY100,0.0,0.0,829948.73342575,829948.73342575,GOLDBEES,2024-11,2024
2024-11-13,NIFTY500,0.0,0.0,822870.1120803145,822870.1120803145,GOLDBEES,2024-11,2024
2024-11-14,NIFTY100,0.0,0.0,810791.0355449463,810791.0355449463,GOLDBEES,2024-11,2024
2024-11-14,NIFTY500,0.0,0.0,803875.809941545,803875.809941545,GOLDBEES,2024-11,2024
2024-11-18,NIFTY100,0.0,0.0,825356.1517609635,825356.1517609635,GOLDBEES,2024-11,2024
2024-11-18,NIFTY500,0.0,0.0,818316.7004814534,818316.7004814534,GOLDBEES,2024-11,2024
2024-11-19,NIFTY100,0.0,0.0,836115.9574230799,836115.9574230799,GOLDBEES,2024-11,2024
2024-11-19,NIFTY500,0.0,0.0,828984.7359088974,828984.7359088974,GOLDBEES,2024-11,2024
2024-11-21,NIFTY100,0.0,0.0,847269.3986406391,847269.3986406391,GOLDBEES,2024-11,2024
2024-11-21,NIFTY500,0.0,0.0,840043.0495795396,840043.0495795396,GOLDBEES,2024-11,2024
2024-11-22,NIFTY100,0.0,0.0,857241.9331918699,857241.9331918699,GOLDBEES,2024-11,2024
2024-11-22,NIFTY500,0.0,0.0,849930.528520587,849930.528520587,GOLDBEES,2024-11,2024
2024-11-25,NIFTY100,0.0,0.0,844776.2399751385,844776.2399751385,GOLDBEES,2024-11,2024
2024-11-25,NIFTY500,0.0,0.0,837571.1550300457,837571.1550300457,GOLDBEES,2024-11,2024
2024-11-26,NIFTY100,0.0,0.0,831785.7660916647,831785.7660916647,GOLDBEES,2024-11,2024
2024-11-26,NIFTY500,0.0,0.0,824691.4767198589,824691.4767198589,GOLDBEES,2024-11,2024
2024-11-27,NIFTY100,0.0,0.0,839265.1419773947,839265.1419773947,GOLDBEES,2024-11,2024
2024-11-27,NIFTY500,0.0,0.0,832107.0611114124,832107.0611114124,GOLDBEES,2024-11,2024
2024-11-28,NIFTY100,0.0,0.0,840314.9035324235,840314.9035324235,GOLDBEES,2024-11,2024
2024-11-28,NIFTY500,0.0,0.0,833147.8692645602,833147.8692645602,GOLDBEES,2024-11,2024
2024-11-29,NIFTY100,0.0,0.0,843595.3333088099,843595.3333088099,GOLDBEES,2024-11,2024
2024-11-29,NIFTY500,0.0,0.0,836400.3203004508,836400.3203004508,GOLDBEES,2024-11,2024
2024-12-02,NIFTY100,0.0,0.0,836640.7881452084,836640.7881452084,GOLDBEES,2024-12,2024
2024-12-02,NIFTY500,0.0,0.0,829505.090357007,829505.090357007,GOLDBEES,2024-12,2024
2024-12-03,NIFTY100,0.0,0.0,840577.2938657948,840577.2938657948,GOLDBEES,2024-12,2024
2024-12-03,NIFTY500,0.0,0.0,833408.0216743828,833408.0216743828,GOLDBEES,2024-12,2024
2024-12-04,NIFTY100,0.0,0.0,839921.2679769808,839921.2679769808,GOLDBEES,2024-12,2024
2024-12-04,NIFTY500,0.0,0.0,832757.5910213619,832757.5910213619,GOLDBEES,2024-12,2024
2024-12-05,NIFTY100,0.0,0.0,840577.2938657948,840577.2938657948,GOLDBEES,2024-12,2024
2024-12-05,NIFTY500,0.0,0.0,833408.0216743828,833408.0216743828,GOLDBEES,2024-12,2024
2024-12-06,NIFTY100,0.0,0.0,839658.8275882235,839658.8275882235,GOLDBEES,2024-12,2024
2024-12-06,NIFTY500,0.0,0.0,832497.3889830749,832497.3889830749,GOLDBEES,2024-12,2024
2024-12-09,NIFTY100,0.0,0.0,843595.3333088099,843595.3333088099,GOLDBEES,2024-12,2024
2024-12-09,NIFTY500,0.0,0.0,836400.3203004508,836400.3203004508,GOLDBEES,2024-12,2024
2024-12-10,NIFTY100,0.0,0.0,848581.5505290393,848581.5505290393,GOLDBEES,2024-12,2024
2024-12-10,NIFTY500,0.0,0.0,841344.0101425102,841344.0101425102,GOLDBEES,2024-12,2024
2024-12-11,NIFTY100,0.0,0.0,853436.622637969,853436.622637969,GOLDBEES,2024-12,2024
2024-12-11,NIFTY500,0.0,0.0,846157.6734081225,846157.6734081225,GOLDBEES,2024-12,2024
2024-12-12,NIFTY100,0.0,0.0,859341.3561911557,859341.3561911557,GOLDBEES,2024-12,2024
2024-12-12,NIFTY500,0.0,0.0,852012.0455699541,852012.0455699541,GOLDBEES,2024-12,2024
2024-12-13,NIFTY100,0.0,0.0,847794.2794181536,847794.2794181536,GOLDBEES,2024-12,2024
2024-12-13,NIFTY500,0.0,0.0,840563.4536561136,840563.4536561136,GOLDBEES,2024-12,2024
2024-12-16,NIFTY100,0.0,0.0,846088.4919743106,846088.4919743106,GOLDBEES,2024-12,2024
2024-12-16,NIFTY500,0.0,0.0,838872.2148499447,838872.2148499447,GOLDBEES,2024-12,2024
2024-12-17,NIFTY100,0.0,0.0,841102.1746433093,841102.1746433093,GOLDBEES,2024-12,2024
2024-12-17,NIFTY500,0.0,0.0,833928.4257509568,833928.4257509568,GOLDBEES,2024-12,2024
2024-12-18,NIFTY100,0.0,0.0,844776.2399751385,844776.2399751385,GOLDBEES,2024-12,2024
2024-12-18,NIFTY500,0.0,0.0,837571.1550300457,837571.1550300457,GOLDBEES,2024-12,2024
2024-12-19,NIFTY100,0.0,0.0,836903.2285339657,836903.2285339657,GOLDBEES,2024-12,2024
2024-12-19,NIFTY500,0.0,0.0,829765.292395294,829765.292395294,GOLDBEES,2024-12,2024
2024-12-20,NIFTY100,0.0,0.0,830867.2497587074,830867.2497587074,GOLDBEES,2024-12,2024
2024-12-20,NIFTY500,0.0,0.0,823780.7944000867,823780.7944000867,GOLDBEES,2024-12,2024
2024-12-23,NIFTY100,0.0,0.0,839396.3871994662,839396.3871994662,GOLDBEES,2024-12,2024
2024-12-23,NIFTY500,0.0,0.0,832237.186944788,832237.186944788,GOLDBEES,2024-12,2024
2024-12-24,NIFTY100,0.0,0.0,835591.0766455655,835591.0766455655,GOLDBEES,2024-12,2024
2024-12-24,NIFTY500,0.0,0.0,828464.3318323235,828464.3318323235,GOLDBEES,2024-12,2024
2024-12-26,NIFTY100,0.0,0.0,839790.0227549091,839790.0227549091,GOLDBEES,2024-12,2024
2024-12-26,NIFTY500,0.0,0.0,832627.4651879863,832627.4651879863,GOLDBEES,2024-12,2024
2024-12-27,NIFTY100,0.0,0.0,842545.571753781,842545.571753781,GOLDBEES,2024-12,2024
2024-12-27,NIFTY500,0.0,0.0,835359.512147303,835359.512147303,GOLDBEES,2024-12,2024
2024-12-30,NIFTY100,0.0,0.0,839790.0227549091,839790.0227549091,GOLDBEES,2024-12,2024
2024-12-30,NIFTY500,0.0,0.0,832627.4651879863,832627.4651879863,GOLDBEES,2024-12,2024
2024-12-31,NIFTY100,0.0,0.0,840970.9294212377,840970.9294212377,GOLDBEES,2024-12,2024
2024-12-31,NIFTY500,0.0,0.0,833798.2999175811,833798.2999175811,GOLDBEES,2024-12,2024
2025-01-01,NIFTY100,0.0,0.0,844382.6044196957,844382.6044196957,GOLDBEES,2025-01,2025
2025-01-01,NIFTY500,0.0,0.0,837180.8767868474,837180.8767868474,GOLDBEES,2025-01,2025
2025-01-02,NIFTY100,0.0,0.0,847663.034196082,847663.034196082,GOLDBEES,2025-01,2025
2025-01-02,NIFTY500,0.0,0.0,840433.3278227379,840433.3278227379,GOLDBEES,2025-01,2025
2025-01-03,NIFTY100,0.0,0.0,853830.2581934119,853830.2581934119,GOLDBEES,2025-01,2025
2025-01-03,NIFTY500,0.0,0.0,846547.9516513208,846547.9516513208,GOLDBEES,2025-01,2025
2025-01-06,NIFTY100,0.0,0.0,847794.2794181536,847794.2794181536,GOLDBEES,2025-01,2025
2025-01-06,NIFTY500,0.0,0.0,840563.4536561136,840563.4536561136,GOLDBEES,2025-01,2025
2025-01-07,NIFTY100,0.0,0.0,849893.7024174394,849893.7024174394,GOLDBEES,2025-01,2025
2025-01-07,NIFTY500,0.0,0.0,842644.9707054807,842644.9707054807,GOLDBEES,2025-01,2025
2025-01-08,NIFTY100,0.0,0.0,854486.3841929979,854486.3841929979,GOLDBEES,2025-01,2025
2025-01-08,NIFTY500,0.0,0.0,847198.4815612703,847198.4815612703,GOLDBEES,2025-01,2025
2025-01-09,NIFTY100,0.0,0.0,858160.4495248272,858160.4495248272,GOLDBEES,2025-01,2025
2025-01-09,NIFTY500,0.0,0.0,850841.2108403592,850841.2108403592,GOLDBEES,2025-01,2025
2025-01-10,NIFTY100,0.0,0.0,865114.9446330427,865114.9446330427,GOLDBEES,2025-01,2025
2025-01-10,NIFTY500,0.0,0.0,857736.3911553386,857736.3911553386,GOLDBEES,2025-01,2025
2025-01-13,NIFTY100,0.0,0.0,869313.8907423863,869313.8907423863,GOLDBEES,2025-01,2025
2025-01-13,NIFTY500,0.0,0.0,861899.5245110014,861899.5245110014,GOLDBEES,2025-01,2025
2025-01-14,NIFTY100,0.0,0.0,866558.3417435145,866558.3417435145,GOLDBEES,2025-01,2025
2025-01-14,NIFTY500,0.0,0.0,859167.4775516847,859167.4775516847,GOLDBEES,2025-01,2025
2025-01-15,NIFTY100,0.0,0.0,869445.135964458,869445.135964458,GOLDBEES,2025-01,2025
2025-01-15,NIFTY500,0.0,0.0,862029.650344377,862029.650344377,GOLDBEES,2025-01,2025
2025-01-16,NIFTY100,0.0,0.0,873775.2271851012,873775.2271851012,GOLDBEES,2025-01,2025
2025-01-16,NIFTY500,0.0,0.0,866322.8102764869,866322.8102764869,GOLDBEES,2025-01,2025
2025-01-17,NIFTY100,0.0,0.0,874693.8436288306,874693.8436288306,GOLDBEES,2025-01,2025
2025-01-17,NIFTY500,0.0,0.0,867233.5918531877,867233.5918531877,GOLDBEES,2025-01,2025
2025-01-20,NIFTY100,0.0,0.0,873775.2271851012,873775.2271851012,GOLDBEES,2025-01,2025
2025-01-20,NIFTY500,0.0,0.0,866322.8102764869,866322.8102764869,GOLDBEES,2025-01,2025
2025-01-21,NIFTY100,0.0,0.0,878499.0540719595,878499.0540719595,GOLDBEES,2025-01,2025
2025-01-21,NIFTY500,0.0,0.0,871006.3477087236,871006.3477087236,GOLDBEES,2025-01,2025
2025-01-22,NIFTY100,0.0,0.0,887290.6819568616,887290.6819568616,GOLDBEES,2025-01,2025
2025-01-22,NIFTY500,0.0,0.0,879722.9919201761,879722.9919201761,GOLDBEES,2025-01,2025
2025-01-23,NIFTY100,0.0,0.0,884797.5232913609,884797.5232913609,GOLDBEES,2025-01,2025
2025-01-23,NIFTY500,0.0,0.0,877251.097370682,877251.097370682,GOLDBEES,2025-01,2025
2025-01-24,NIFTY100,0.0,0.0,889258.8597340758,889258.8597340758,GOLDBEES,2025-01,2025
2025-01-24,NIFTY500,0.0,0.0,881674.3831361675,881674.3831361675,GOLDBEES,2025-01,2025
2025-01-27,NIFTY100,0.0,0.0,888209.1982898188,888209.1982898188,GOLDBEES,2025-01,2025
2025-01-27,NIFTY500,0.0,0.0,880633.6742399483,880633.6742399483,GOLDBEES,2025-01,2025
2025-01-28,NIFTY100,0.0,0.0,886765.8011793471,886765.8011793471,GOLDBEES,2025-01,2025
2025-01-28,NIFTY500,0.0,0.0,879202.587843602,879202.587843602,GOLDBEES,2025-01,2025
2025-01-29,NIFTY100,0.0,0.0,890439.8665111763,890439.8665111763,GOLDBEES,2025-01,2025
2025-01-29,NIFTY500,0.0,0.0,882845.317122691,882845.317122691,GOLDBEES,2025-01,2025
2025-01-30,NIFTY100,0.0,0.0,893457.8058434195,893457.8058434195,GOLDBEES,2025-01,2025
2025-01-30,NIFTY500,0.0,0.0,885837.5164918303,885837.5164918303,GOLDBEES,2025-01,2025
2025-01-31,NIFTY100,0.0,0.0,906448.3798376654,906448.3798376654,GOLDBEES,2025-01,2025
2025-01-31,NIFTY500,0.0,0.0,898717.2940589455,898717.2940589455,GOLDBEES,2025-01,2025
2025-02-03,NIFTY100,0.0,0.0,913796.5105013237,913796.5105013237,GOLDBEES,2025-02,2025
2025-02-03,NIFTY500,0.0,0.0,906002.7526171233,906002.7526171233,GOLDBEES,2025-02,2025
2025-02-04,NIFTY100,0.0,0.0,919570.0989432108,919570.0989432108,GOLDBEES,2025-02,2025
2025-02-04,NIFTY500,0.0,0.0,911727.0982025078,911727.0982025078,GOLDBEES,2025-02,2025
2025-02-05,NIFTY100,0.0,0.0,939121.4323794573,939121.4323794573,GOLDBEES,2025-02,2025
2025-02-05,NIFTY500,0.0,0.0,931111.6785844757,931111.6785844757,GOLDBEES,2025-02,2025
2025-02-06,NIFTY100,0.0,0.0,937284.3997135428,937284.3997135428,GOLDBEES,2025-02,2025
2025-02-06,NIFTY500,0.0,0.0,929290.3139449311,929290.3139449311,GOLDBEES,2025-02,2025
2025-02-07,NIFTY100,0.0,0.0,938727.7968240145,938727.7968240145,GOLDBEES,2025-02,2025
2025-02-07,NIFTY500,0.0,0.0,930721.4003412774,930721.4003412774,GOLDBEES,2025-02,2025
2025-02-10,NIFTY100,0.0,0.0,951587.0254854168,951587.0254854168,GOLDBEES,2025-02,2025
2025-02-10,NIFTY500,0.0,0.0,943470.9528180883,943470.9528180883,GOLDBEES,2025-02,2025
2025-02-11,NIFTY100,0.0,0.0,944501.3852659016,944501.3852659016,GOLDBEES,2025-02,2025
2025-02-11,NIFTY500,0.0,0.0,936445.7459266619,936445.7459266619,GOLDBEES,2025-02,2025
2025-02-12,NIFTY100,0.0,0.0,937809.2804910572,937809.2804910572,GOLDBEES,2025-02,2025
2025-02-12,NIFTY500,0.0,0.0,929810.7180215052,929810.7180215052,GOLDBEES,2025-02,2025
2025-02-13,NIFTY100,0.0,0.0,943057.9881554297,943057.9881554297,GOLDBEES,2025-02,2025
2025-02-13,NIFTY500,0.0,0.0,935014.6595303158,935014.6595303158,GOLDBEES,2025-02,2025
2025-02-14,NIFTY100,0.0,0.0,947650.5698202163,947650.5698202163,GOLDBEES,2025-02,2025
2025-02-14,NIFTY500,0.0,0.0,939568.0711291769,939568.0711291769,GOLDBEES,2025-02,2025
2025-02-17,NIFTY100,0.0,0.0,940171.1939344862,940171.1939344862,GOLDBEES,2025-02,2025
2025-02-17,NIFTY500,0.0,0.0,932152.4867376235,932152.4867376235,GOLDBEES,2025-02,2025
2025-02-18,NIFTY100,0.0,0.0,944501.3852659016,944501.3852659016,GOLDBEES,2025-02,2025
2025-02-18,NIFTY500,0.0,0.0,936445.7459266619,936445.7459266619,GOLDBEES,2025-02,2025
2025-02-19,NIFTY100,0.0,0.0,954342.6745950606,954342.6745950606,GOLDBEES,2025-02,2025
2025-02-19,NIFTY500,0.0,0.0,946203.0990343336,946203.0990343336,GOLDBEES,2025-02,2025
2025-02-20,NIFTY100,0.0,0.0,951193.3899299739,951193.3899299739,GOLDBEES,2025-02,2025
2025-02-20,NIFTY500,0.0,0.0,943080.67457489,943080.67457489,GOLDBEES,2025-02,2025
2025-02-21,NIFTY100,0.0,0.0,945813.5371543017,945813.5371543017,GOLDBEES,2025-02,2025
2025-02-21,NIFTY500,0.0,0.0,937746.7064896324,937746.7064896324,GOLDBEES,2025-02,2025
2025-02-24,NIFTY100,0.0,0.0,952636.7870404456,952636.7870404456,GOLDBEES,2025-02,2025
2025-02-24,NIFTY500,0.0,0.0,944511.7609712362,944511.7609712362,GOLDBEES,2025-02,2025
2025-02-25,NIFTY100,0.0,0.0,954605.0649284319,954605.0649284319,GOLDBEES,2025-02,2025
2025-02-25,NIFTY500,0.0,0.0,946463.2514441563,946463.2514441563,GOLDBEES,2025-02,2025
2025-02-27,NIFTY100,0.0,0.0,943189.1332667294,943189.1332667294,GOLDBEES,2025-02,2025
2025-02-27,NIFTY500,0.0,0.0,935144.6861067627,935144.6861067627,GOLDBEES,2025-02,2025
2025-02-28,NIFTY100,0.0,0.0,932954.2083821275,932954.2083821275,GOLDBEES,2025-02,2025
2025-02-28,NIFTY500,0.0,0.0,924997.0547558927,924997.0547558927,GOLDBEES,2025-02,2025
2025-03-03,NIFTY100,0.0,0.0,936365.8833805855,936365.8833805855,GOLDBEES,2025-03,2025
2025-03-03,NIFTY500,0.0,0.0,928379.631625159,928379.631625159,GOLDBEES,2025-03,2025
2025-03-04,NIFTY100,0.0,0.0,950274.8735970166,950274.8735970166,GOLDBEES,2025-03,2025
2025-03-04,NIFTY500,0.0,0.0,942169.9922551179,942169.9922551179,GOLDBEES,2025-03,2025
2025-03-05,NIFTY100,0.0,0.0,948306.5957090304,948306.5957090304,GOLDBEES,2025-03,2025
2025-03-05,NIFTY500,0.0,0.0,940218.5017821977,940218.5017821977,GOLDBEES,2025-03,2025
2025-03-06,NIFTY100,0.0,0.0,943320.378488801,943320.378488801,GOLDBEES,2025-03,2025
2025-03-06,NIFTY500,0.0,0.0,935274.8119401385,935274.8119401385,GOLDBEES,2025-03,2025
2025-03-07,NIFTY100,0.0,0.0,947519.3245981446,947519.3245981446,GOLDBEES,2025-03,2025
2025-03-07,NIFTY500,0.0,0.0,939437.9452958012,939437.9452958012,GOLDBEES,2025-03,2025
2025-03-10,NIFTY100,0.0,0.0,946994.4438206302,946994.4438206302,GOLDBEES,2025-03,2025
2025-03-10,NIFTY500,0.0,0.0,938917.5412192272,938917.5412192272,GOLDBEES,2025-03,2025
2025-03-11,NIFTY100,0.0,0.0,945813.5371543017,945813.5371543017,GOLDBEES,2025-03,2025
2025-03-11,NIFTY500,0.0,0.0,937746.7064896324,937746.7064896324,GOLDBEES,2025-03,2025
2025-03-12,NIFTY100,0.0,0.0,948962.7217086165,948962.7217086165,GOLDBEES,2025-03,2025
2025-03-12,NIFTY500,0.0,0.0,940869.0316921474,940869.0316921474,GOLDBEES,2025-03,2025
2025-03-13,NIFTY100,0.0,0.0,955523.5812613892,955523.5812613892,GOLDBEES,2025-03,2025
2025-03-13,NIFTY500,0.0,0.0,947373.9337639285,947373.9337639285,GOLDBEES,2025-03,2025
2025-03-17,NIFTY100,0.0,0.0,964839.9898130338,964839.9898130338,GOLDBEES,2025-03,2025
2025-03-17,NIFTY500,0.0,0.0,956610.8827950263,956610.8827950263,GOLDBEES,2025-03,2025
2025-03-18,NIFTY100,0.0,0.0,964839.9898130338,964839.9898130338,GOLDBEES,2025-03,2025
2025-03-18,NIFTY500,0.0,0.0,956610.8827950263,956610.8827950263,GOLDBEES,2025-03,2025
2025-03-19,NIFTY100,0.0,0.0,974287.64358675,974287.64358675,GOLDBEES,2025-03,2025
2025-03-19,NIFTY500,0.0,0.0,965977.9576594997,965977.9576594997,GOLDBEES,2025-03,2025
2025-03-20,NIFTY100,0.0,0.0,977436.8281410647,977436.8281410647,GOLDBEES,2025-03,2025
2025-03-20,NIFTY500,0.0,0.0,969100.2828620146,969100.2828620146,GOLDBEES,2025-03,2025
2025-03-21,NIFTY100,0.0,0.0,970351.0878107776,970351.0878107776,GOLDBEES,2025-03,2025
2025-03-21,NIFTY500,0.0,0.0,962074.9767136596,962074.9767136596,GOLDBEES,2025-03,2025
2025-03-24,NIFTY100,0.0,0.0,957885.4947048182,957885.4947048182,GOLDBEES,2025-03,2025
2025-03-24,NIFTY500,0.0,0.0,949715.7024800468,949715.7024800468,GOLDBEES,2025-03,2025
2025-03-25,NIFTY100,0.0,0.0,960903.5341478334,960903.5341478334,GOLDBEES,2025-03,2025
2025-03-25,NIFTY500,0.0,0.0,952708.0011061147,952708.0011061147,GOLDBEES,2025-03,2025
2025-03-26,NIFTY100,0.0,0.0,961165.9244812046,961165.9244812046,GOLDBEES,2025-03,2025
2025-03-26,NIFTY500,0.0,0.0,952968.1535159374,952968.1535159374,GOLDBEES,2025-03,2025
2025-03-27,NIFTY100,0.0,0.0,968382.9100335634,968382.9100335634,GOLDBEES,2025-03,2025
2025-03-27,NIFTY500,0.0,0.0,960123.5854976681,960123.5854976681,GOLDBEES,2025-03,2025
2025-03-28,NIFTY100,0.0,0.0,973106.7369204215,973106.7369204215,GOLDBEES,2025-03,2025
2025-03-28,NIFTY500,0.0,0.0,964807.1229299048,964807.1229299048,GOLDBEES,2025-03,2025
2025-04-01,NIFTY100,0.0,1004462.2045638284,0.0,1004462.2045638284,"NH,BAJFINANCE,SBICARD,MUTHOOTFIN,JSWSTEEL",2025-04,2025
2025-04-01,NIFTY500,0.0,0.0,998112.1897752071,998112.1897752071,GOLDBEES,2025-04,2025
2025-04-02,NIFTY100,0.0,990875.7859695859,0.0,990875.7859695859,"NH,BAJFINANCE,SBICARD,MUTHOOTFIN,JSWSTEEL",2025-04,2025
2025-04-02,NIFTY500,0.0,0.0,991737.4135368016,991737.4135368016,GOLDBEES,2025-04,2025
2025-04-03,NIFTY100,0.0,984892.5629455432,0.0,984892.5629455432,"NH,BAJFINANCE,SBICARD,MUTHOOTFIN,JSWSTEEL",2025-04,2025
2025-04-03,NIFTY500,0.0,0.0,986793.6244378136,986793.6244378136,GOLDBEES,2025-04,2025
2025-04-04,NIFTY100,0.0,979781.6984389669,0.0,979781.6984389669,"NH,BAJFINANCE,SBICARD,MUTHOOTFIN,JSWSTEEL",2025-04,2025
2025-04-04,NIFTY500,0.0,0.0,975605.1849337958,975605.1849337958,GOLDBEES,2025-04,2025
2025-04-07,NIFTY100,175631.7740292563,766109.6170688884,0.0,941741.3910981447,"NH,BAJFINANCE,SBICARD,MUTHOOTFIN",2025-04,2025
2025-04-07,NIFTY500,0.0,0.0,960513.8637408664,960513.8637408664,GOLDBEES,2025-04,2025
2025-04-08,NIFTY100,175631.7740292563,787514.4169942866,0.0,963146.1910235429,"NH,BAJFINANCE,SBICARD,MUTHOOTFIN",2025-04,2025
2025-04-08,NIFTY500,0.0,0.0,958562.3732679463,958562.3732679463,GOLDBEES,2025-04,2025
2025-04-09,NIFTY100,175631.7740292563,773629.7756576105,0.0,949261.5496868668,"NH,BAJFINANCE,SBICARD,MUTHOOTFIN",2025-04,2025
2025-04-09,NIFTY500,0.0,0.0,974304.2243708252,974304.2243708252,GOLDBEES,2025-04,2025
2025-04-11,NIFTY100,175631.7740292563,769984.6804058653,0.0,945616.4544351216,"NH,BAJFINANCE,SBICARD,MUTHOOTFIN",2025-04,2025
2025-04-11,NIFTY500,0.0,0.0,1013463.7626348877,1013463.7626348877,GOLDBEES,2025-04,2025
2025-04-15,NIFTY100,348363.93491993984,616129.4902495659,0.0,964493.4251695058,"NH,BAJFINANCE,SBICARD",2025-04,2025
2025-04-15,NIFTY500,0.0,0.0,1010341.4374323728,1010341.4374323728,GOLDBEES,2025-04,2025
2025-04-16,NIFTY100,348363.93491993984,622465.2798657323,0.0,970829.2147856721,"NH,BAJFINANCE,SBICARD",2025-04,2025
2025-04-16,NIFTY500,0.0,0.0,1030766.8259674885,1030766.8259674885,GOLDBEES,2025-04,2025
2025-04-17,NIFTY100,348363.93491993984,636172.3062308497,0.0,984536.2411507895,"NH,BAJFINANCE,SBICARD",2025-04,2025
2025-04-17,NIFTY500,0.0,0.0,1034669.7076563999,1034669.7076563999,GOLDBEES,2025-04,2025
2025-04-21,NIFTY100,348363.93491993984,635810.7077072125,0.0,984174.6426271524,"NH,BAJFINANCE,SBICARD",2025-04,2025
2025-04-21,NIFTY500,0.0,1052362.0835575464,0.0,1052362.0835575464,"BSE,CHAMBLFERT,GODFRYPHLP,COROMANDEL,DEEPAKFERT,SRF,SHREECEM,INDIGO,LAURUSLABS,NAVINFLUOR",2025-04,2025
2025-04-22,NIFTY100,0.0,986265.9300281958,0.0,986265.9300281958,"NH,BAJFINANCE,SBICARD,PAYTM,INDIGO",2025-04,2025
2025-04-22,NIFTY500,0.0,1063933.6136087812,0.0,1063933.6136087812,"BSE,CHAMBLFERT,GODFRYPHLP,COROMANDEL,DEEPAKFERT,SRF,SHREECEM,LAURUSLABS,NAVINFLUOR,AAVAS",2025-04,2025
2025-04-23,NIFTY100,0.0,985781.8041534156,0.0,985781.8041534156,"NH,BAJFINANCE,SBICARD,PAYTM,INDIGO",2025-04,2025
2025-04-23,NIFTY500,0.0,1071481.8480676385,0.0,1071481.8480676385,"BSE,CHAMBLFERT,GODFRYPHLP,COROMANDEL,DEEPAKFERT,SRF,SHREECEM,LAURUSLABS,NAVINFLUOR,AAVAS",2025-04,2025
2025-04-24,NIFTY100,0.0,990325.1095597581,0.0,990325.1095597581,"NH,BAJFINANCE,SBICARD,PAYTM,INDIGO",2025-04,2025
2025-04-24,NIFTY500,0.0,1081840.0246805,0.0,1081840.0246805,"BSE,CHAMBLFERT,GODFRYPHLP,COROMANDEL,DEEPAKFERT,SRF,SHREECEM,LAURUSLABS,NAVINFLUOR,AAVAS",2025-04,2025
2025-04-25,NIFTY100,0.0,959022.6054315727,0.0,959022.6054315727,"NH,BAJFINANCE,SBICARD,PAYTM,INDIGO",2025-04,2025
2025-04-25,NIFTY500,0.0,1065165.2255150967,0.0,1065165.2255150967,"BSE,CHAMBLFERT,GODFRYPHLP,COROMANDEL,DEEPAKFERT,SRF,SHREECEM,LAURUSLABS,NAVINFLUOR,AAVAS",2025-04,2025
2025-04-28,NIFTY100,0.0,961038.1900435633,0.0,961038.1900435633,"NH,BAJFINANCE,SBICARD,PAYTM,INDIGO",2025-04,2025
2025-04-28,NIFTY500,0.0,1075420.139228035,0.0,1075420.139228035,"BSE,CHAMBLFERT,GODFRYPHLP,COROMANDEL,DEEPAKFERT,SRF,SHREECEM,LAURUSLABS,NAVINFLUOR,AAVAS",2025-04,2025
2025-04-29,NIFTY100,0.0,957073.6754967815,0.0,957073.6754967815,"NH,BAJFINANCE,SBICARD,PAYTM,INDIGO",2025-04,2025
2025-04-29,NIFTY500,0.0,1075681.664040812,0.0,1075681.664040812,"BSE,CHAMBLFERT,GODFRYPHLP,COROMANDEL,DEEPAKFERT,SRF,SHREECEM,LAURUSLABS,NAVINFLUOR,AAVAS",2025-04,2025
2025-04-30,NIFTY100,0.0,942034.2177994456,0.0,942034.2177994456,"NH,BAJFINANCE,SBICARD,PAYTM,INDIGO",2025-04,2025
2025-04-30,NIFTY500,0.0,1060182.2152257282,0.0,1060182.2152257282,"BSE,CHAMBLFERT,GODFRYPHLP,COROMANDEL,DEEPAKFERT,SRF,SHREECEM,LAURUSLABS,NAVINFLUOR,AAVAS",2025-04,2025
2025-05-02,NIFTY100,0.0,943912.8700386672,0.0,943912.8700386672,"NH,BAJFINANCE,SBICARD,PAYTM,INDIGO",2025-05,2025
2025-05-02,NIFTY500,0.0,1059829.9817978633,0.0,1059829.9817978633,"BSE,CHAMBLFERT,GODFRYPHLP,COROMANDEL,DEEPAKFERT,SRF,SHREECEM,LAURUSLABS,NAVINFLUOR,AAVAS",2025-05,2025
2025-05-05,NIFTY100,0.0,967266.9872874788,0.0,967266.9872874788,"NH,BAJFINANCE,SBICARD,PAYTM,INDIGO",2025-05,2025
2025-05-05,NIFTY500,90031.16297625501,979601.1449143743,0.0,1069632.3078906294,"BSE,CHAMBLFERT,GODFRYPHLP,COROMANDEL,DEEPAKFERT,SRF,SHREECEM,LAURUSLABS,NAVINFLUOR",2025-05,2025
2025-05-06,NIFTY100,0.0,946046.2690575399,0.0,946046.2690575399,"NH,BAJFINANCE,SBICARD,PAYTM,INDIGO",2025-05,2025
2025-05-06,NIFTY500,90031.16297625501,975358.0087151265,0.0,1065389.1716913816,"BSE,CHAMBLFERT,GODFRYPHLP,COROMANDEL,DEEPAKFERT,SRF,SHREECEM,LAURUSLABS,NAVINFLUOR",2025-05,2025
2025-05-07,NIFTY100,0.0,969939.4152205912,0.0,969939.4152205912,"NH,BAJFINANCE,SBICARD,PAYTM,INDIGO",2025-05,2025
2025-05-07,NIFTY500,192657.60247648056,882495.0522031668,0.0,1075152.6546796474,"BSE,CHAMBLFERT,GODFRYPHLP,COROMANDEL,SRF,SHREECEM,LAURUSLABS,NAVINFLUOR",2025-05,2025
2025-05-08,NIFTY100,0.0,944780.1082154324,0.0,944780.1082154324,"NH,BAJFINANCE,SBICARD,PAYTM,INDIGO",2025-05,2025
2025-05-08,NIFTY500,192657.60247648056,864933.2242579733,0.0,1057590.826734454,"BSE,CHAMBLFERT,GODFRYPHLP,COROMANDEL,SRF,SHREECEM,LAURUSLABS,NAVINFLUOR",2025-05,2025
2025-05-09,NIFTY100,0.0,933778.9459124971,0.0,933778.9459124971,"NH,BAJFINANCE,SBICARD,PAYTM,INDIGO",2025-05,2025
2025-05-09,NIFTY500,192657.60247648056,868507.0389405345,0.0,1061164.641417015,"BSE,CHAMBLFERT,GODFRYPHLP,COROMANDEL,SRF,SHREECEM,LAURUSLABS,NAVINFLUOR",2025-05,2025
2025-05-12,NIFTY100,0.0,966560.8935020973,0.0,966560.8935020973,"NH,BAJFINANCE,SBICARD,PAYTM,INDIGO",2025-05,2025
2025-05-12,NIFTY500,192657.60247648056,884332.5712001963,0.0,1076990.1736766768,"BSE,CHAMBLFERT,GODFRYPHLP,COROMANDEL,SRF,SHREECEM,LAURUSLABS,NAVINFLUOR",2025-05,2025
2025-05-13,NIFTY100,0.0,963298.6511653089,0.0,963298.6511653089,"NH,BAJFINANCE,SBICARD,PAYTM,INDIGO",2025-05,2025
2025-05-13,NIFTY500,192657.60247648056,886235.9395655368,0.0,1078893.5420420174,"BSE,CHAMBLFERT,GODFRYPHLP,COROMANDEL,SRF,SHREECEM,LAURUSLABS,NAVINFLUOR",2025-05,2025
2025-05-14,NIFTY100,0.0,964679.9528661249,0.0,964679.9528661249,"NH,BAJFINANCE,SBICARD,PAYTM,INDIGO",2025-05,2025
2025-05-14,NIFTY500,192657.60247648056,884378.015345776,0.0,1077035.6178222566,"BSE,CHAMBLFERT,GODFRYPHLP,COROMANDEL,SRF,SHREECEM,LAURUSLABS,NAVINFLUOR",2025-05,2025
2025-05-15,NIFTY100,0.0,976438.4229757446,0.0,976438.4229757446,"NH,BAJFINANCE,SBICARD,PAYTM,INDIGO",2025-05,2025
2025-05-15,NIFTY500,293784.1488356136,786341.3115573382,0.0,1080125.460392952,"BSE,CHAMBLFERT,GODFRYPHLP,COROMANDEL,SHREECEM,LAURUSLABS,NAVINFLUOR",2025-05,2025
2025-05-16,NIFTY100,0.0,972390.1739151287,0.0,972390.1739151287,"NH,BAJFINANCE,SBICARD,PAYTM,INDIGO",2025-05,2025
2025-05-16,NIFTY500,293784.1488356136,780206.9373628756,0.0,1073991.0861984892,"BSE,CHAMBLFERT,GODFRYPHLP,COROMANDEL,SHREECEM,LAURUSLABS,NAVINFLUOR",2025-05,2025
2025-05-19,NIFTY100,171607.9823935466,804639.1756694014,0.0,976247.158062948,"NH,BAJFINANCE,SBICARD,INDIGO",2025-05,2025
2025-05-19,NIFTY500,502614.9754701309,572680.3706652662,0.0,1075295.346135397,"BSE,CHAMBLFERT,GODFRYPHLP,COROMANDEL,SHREECEM",2025-05,2025
2025-05-20,NIFTY100,171607.9823935466,789862.435235846,0.0,961470.4176293926,"NH,BAJFINANCE,SBICARD,INDIGO",2025-05,2025
2025-05-20,NIFTY500,502614.9754701309,566688.5421503042,0.0,1069303.517620435,"BSE,CHAMBLFERT,GODFRYPHLP,COROMANDEL,SHREECEM",2025-05,2025
2025-05-21,NIFTY100,171607.9823935466,795857.736407304,0.0,967465.7188008506,"NH,BAJFINANCE,SBICARD,INDIGO",2025-05,2025
2025-05-21,NIFTY500,502614.9754701309,565115.8230258721,0.0,1067730.798496003,"BSE,CHAMBLFERT,GODFRYPHLP,COROMANDEL,SHREECEM",2025-05,2025
2025-05-22,NIFTY100,0.0,960899.4277548934,0.0,960899.4277548934,"NH,BAJFINANCE,SBICARD,INDIGO,BEL",2025-05,2025
2025-05-22,NIFTY500,0.0,1056316.6144291423,0.0,1056316.6144291423,"BSE,CHAMBLFERT,GODFRYPHLP,COROMANDEL,SHREECEM,BDL,SOLARINDS,CEATLTD,MAHSCOOTER,INTELLECT",2025-05,2025
2025-05-23,NIFTY100,0.0,967260.5863426678,0.0,967260.5863426678,"NH,BAJFINANCE,SBICARD,INDIGO,BEL",2025-05,2025
2025-05-23,NIFTY500,92278.37080969244,976525.2599989737,0.0,1068803.630808666,"BSE,GODFRYPHLP,COROMANDEL,SHREECEM,BDL,SOLARINDS,CEATLTD,MAHSCOOTER,INTELLECT",2025-05,2025
2025-05-26,NIFTY100,0.0,973231.2418919621,0.0,973231.2418919621,"NH,BAJFINANCE,SBICARD,INDIGO,BEL",2025-05,2025
2025-05-26,NIFTY500,92278.37080969244,980661.5833527262,0.0,1072939.9541624186,"BSE,GODFRYPHLP,COROMANDEL,SHREECEM,BDL,SOLARINDS,CEATLTD,MAHSCOOTER,INTELLECT",2025-05,2025
2025-05-27,NIFTY100,0.0,966074.9686490968,0.0,966074.9686490968,"NH,BAJFINANCE,SBICARD,INDIGO,BEL",2025-05,2025
2025-05-27,NIFTY500,92278.37080969244,979527.389776227,0.0,1071805.7605859195,"BSE,GODFRYPHLP,COROMANDEL,SHREECEM,BDL,SOLARINDS,CEATLTD,MAHSCOOTER,INTELLECT",2025-05,2025
2025-05-28,NIFTY100,0.0,967156.5302270096,0.0,967156.5302270096,"NH,BAJFINANCE,SBICARD,INDIGO,BEL",2025-05,2025
2025-05-28,NIFTY500,92278.37080969244,974067.5667544568,0.0,1066345.9375641493,"BSE,GODFRYPHLP,COROMANDEL,SHREECEM,BDL,SOLARINDS,CEATLTD,MAHSCOOTER,INTELLECT",2025-05,2025
2025-05-29,NIFTY100,0.0,969971.4014512255,0.0,969971.4014512255,"NH,BAJFINANCE,SBICARD,INDIGO,BEL",2025-05,2025
2025-05-29,NIFTY500,193726.0815319434,877860.3000057731,0.0,1071586.3815377164,"BSE,GODFRYPHLP,COROMANDEL,BDL,SOLARINDS,CEATLTD,MAHSCOOTER,INTELLECT",2025-05,2025
2025-05-30,NIFTY100,0.0,968783.3889874719,0.0,968783.3889874719,"NH,BAJFINANCE,SBICARD,INDIGO,BEL",2025-05,2025
2025-05-30,NIFTY500,193726.0815319434,899940.4698212703,0.0,1093666.5513532138,"BSE,GODFRYPHLP,COROMANDEL,BDL,SOLARINDS,CEATLTD,MAHSCOOTER,INTELLECT",2025-05,2025
2025-06-02,NIFTY100,0.0,969603.0577571524,0.0,969603.0577571524,"NH,BAJFINANCE,SBICARD,INDIGO,BEL",2025-06,2025
2025-06-02,NIFTY500,193726.0815319434,898732.32913344,0.0,1092458.4106653836,"BSE,GODFRYPHLP,COROMANDEL,BDL,SOLARINDS,CEATLTD,MAHSCOOTER,INTELLECT",2025-06,2025
2025-06-03,NIFTY100,0.0,966436.8951756929,0.0,966436.8951756929,"NH,BAJFINANCE,SBICARD,INDIGO,BEL",2025-06,2025
2025-06-03,NIFTY500,193726.0815319434,900276.1364791468,0.0,1094002.21801109,"BSE,GODFRYPHLP,COROMANDEL,BDL,SOLARINDS,CEATLTD,MAHSCOOTER,INTELLECT",2025-06,2025
2025-06-04,NIFTY100,0.0,974049.0392513839,0.0,974049.0392513839,"NH,BAJFINANCE,SBICARD,INDIGO,BEL",2025-06,2025
2025-06-04,NIFTY500,193726.0815319434,903839.787826084,0.0,1097565.8693580274,"BSE,GODFRYPHLP,COROMANDEL,BDL,SOLARINDS,CEATLTD,MAHSCOOTER,INTELLECT",2025-06,2025
2025-06-05,NIFTY100,0.0,977153.6927079752,0.0,977153.6927079752,"NH,BAJFINANCE,SBICARD,INDIGO,BEL",2025-06,2025
2025-06-05,NIFTY500,193726.0815319434,911428.2832285555,0.0,1105154.364760499,"BSE,GODFRYPHLP,COROMANDEL,BDL,SOLARINDS,CEATLTD,MAHSCOOTER,INTELLECT",2025-06,2025
2025-06-06,NIFTY100,0.0,997903.5935331164,0.0,997903.5935331164,"NH,BAJFINANCE,SBICARD,INDIGO,BEL",2025-06,2025
2025-06-06,NIFTY500,193726.0815319434,912115.0070301294,0.0,1105841.0885620727,"BSE,GODFRYPHLP,COROMANDEL,BDL,SOLARINDS,CEATLTD,MAHSCOOTER,INTELLECT",2025-06,2025
2025-06-09,NIFTY100,0.0,1021189.2602787915,0.0,1021189.2602787915,"NH,BAJFINANCE,SBICARD,INDIGO,BEL",2025-06,2025
2025-06-09,NIFTY500,193726.0815319434,925687.767253014,0.0,1119413.8487849575,"BSE,GODFRYPHLP,COROMANDEL,BDL,SOLARINDS,CEATLTD,MAHSCOOTER,INTELLECT",2025-06,2025
2025-06-10,NIFTY100,0.0,1017130.7798251444,0.0,1017130.7798251444,"NH,BAJFINANCE,SBICARD,INDIGO,BEL",2025-06,2025
2025-06-10,NIFTY500,193726.0815319434,927180.0948574858,0.0,1120906.1763894293,"BSE,GODFRYPHLP,COROMANDEL,BDL,SOLARINDS,CEATLTD,MAHSCOOTER,INTELLECT",2025-06,2025
2025-06-11,NIFTY100,0.0,1014649.6610786242,0.0,1014649.6610786242,"NH,BAJFINANCE,SBICARD,INDIGO,BEL",2025-06,2025
2025-06-11,NIFTY500,193726.0815319434,921653.7127334957,0.0,1115379.7942654393,"BSE,GODFRYPHLP,COROMANDEL,BDL,SOLARINDS,CEATLTD,MAHSCOOTER,INTELLECT",2025-06,2025
2025-06-12,NIFTY100,0.0,1007035.7958923226,0.0,1007035.7958923226,"NH,BAJFINANCE,SBICARD,INDIGO,BEL",2025-06,2025
2025-06-12,NIFTY500,193726.0815319434,902627.8860415607,0.0,1096353.967573504,"BSE,GODFRYPHLP,COROMANDEL,BDL,SOLARINDS,CEATLTD,MAHSCOOTER,INTELLECT",2025-06,2025
2025-06-13,NIFTY100,0.0,1014047.3932826952,0.0,1014047.3932826952,"NH,BAJFINANCE,SBICARD,INDIGO,BEL",2025-06,2025
2025-06-13,NIFTY500,193726.0815319434,904169.1939037621,0.0,1097895.2754357057,"BSE,GODFRYPHLP,COROMANDEL,BDL,SOLARINDS,CEATLTD,MAHSCOOTER,INTELLECT",2025-06,2025
2025-06-16,NIFTY100,170020.3435375994,855997.4202167166,0.0,1026017.763754316,"NH,BAJFINANCE,SBICARD,BEL",2025-06,2025
2025-06-16,NIFTY500,193726.0815319434,906729.2365912851,0.0,1100455.3181232284,"BSE,GODFRYPHLP,COROMANDEL,BDL,SOLARINDS,CEATLTD,MAHSCOOTER,INTELLECT",2025-06,2025
2025-06-17,NIFTY100,170020.3435375994,843892.9063185952,0.0,1013913.2498561946,"NH,BAJFINANCE,SBICARD,BEL",2025-06,2025
2025-06-17,NIFTY500,193726.0815319434,903669.2855861391,0.0,1097395.3671180825,"BSE,GODFRYPHLP,COROMANDEL,BDL,SOLARINDS,CEATLTD,MAHSCOOTER,INTELLECT",2025-06,2025
2025-06-18,NIFTY100,170020.3435375994,838312.1277278775,0.0,1008332.4712654769,"NH,BAJFINANCE,SBICARD,BEL",2025-06,2025
2025-06-18,NIFTY500,193726.0815319434,895772.4361046769,0.0,1089498.5176366204,"BSE,GODFRYPHLP,COROMANDEL,BDL,SOLARINDS,CEATLTD,MAHSCOOTER,INTELLECT",2025-06,2025
2025-06-19,NIFTY100,170020.3435375994,822109.9791367827,0.0,992130.3226743821,"NH,BAJFINANCE,SBICARD,BEL",2025-06,2025
2025-06-19,NIFTY500,193726.0815319434,880475.8704175634,0.0,1074201.9519495068,"BSE,GODFRYPHLP,COROMANDEL,BDL,SOLARINDS,CEATLTD,MAHSCOOTER,INTELLECT",2025-06,2025
2025-06-20,NIFTY100,170020.3435375994,832342.584381601,0.0,1002362.9279192004,"NH,BAJFINANCE,SBICARD,BEL",2025-06,2025
2025-06-20,NIFTY500,193726.0815319434,881142.1248232481,0.0,1074868.2063551915,"BSE,GODFRYPHLP,COROMANDEL,BDL,SOLARINDS,CEATLTD,MAHSCOOTER,INTELLECT",2025-06,2025
2025-06-23,NIFTY100,170020.3435375994,852482.3694118413,0.0,1022502.7129494407,"NH,BAJFINANCE,SBICARD,BEL",2025-06,2025
2025-06-23,NIFTY500,285300.8889915618,792810.7582217273,0.0,1078111.647213289,"BSE,GODFRYPHLP,COROMANDEL,BDL,SOLARINDS,MAHSCOOTER,INTELLECT",2025-06,2025
2025-06-24,NIFTY100,0.0,1027882.0850909506,0.0,1027882.0850909506,"NH,BAJFINANCE,SBICARD,BEL,BHARTIARTL",2025-06,2025
2025-06-24,NIFTY500,0.0,1083363.5487294605,0.0,1083363.5487294605,"BSE,GODFRYPHLP,COROMANDEL,BDL,SOLARINDS,MAHSCOOTER,INTELLECT,MFSL,DEEPAKFERT,MCX",2025-06,2025
2025-06-25,NIFTY100,0.0,1031686.295918423,0.0,1031686.295918423,"NH,BAJFINANCE,SBICARD,BEL,BHARTIARTL",2025-06,2025
2025-06-25,NIFTY500,0.0,1091555.8752967361,0.0,1091555.8752967361,"BSE,GODFRYPHLP,COROMANDEL,BDL,SOLARINDS,MAHSCOOTER,INTELLECT,MFSL,DEEPAKFERT,MCX",2025-06,2025
2025-06-26,NIFTY100,0.0,1046131.8404652466,0.0,1046131.8404652466,"NH,BAJFINANCE,SBICARD,BEL,BHARTIARTL",2025-06,2025
2025-06-26,NIFTY500,0.0,1099407.2316617756,0.0,1099407.2316617756,"BSE,GODFRYPHLP,COROMANDEL,BDL,SOLARINDS,MAHSCOOTER,INTELLECT,MFSL,DEEPAKFERT,MCX",2025-06,2025
2025-06-27,NIFTY100,0.0,1074361.7384584835,0.0,1074361.7384584835,"NH,BAJFINANCE,SBICARD,BEL,BHARTIARTL",2025-06,2025
2025-06-27,NIFTY500,0.0,1119107.0707734248,0.0,1119107.0707734248,"BSE,GODFRYPHLP,COROMANDEL,BDL,SOLARINDS,MAHSCOOTER,INTELLECT,MFSL,DEEPAKFERT,MCX",2025-06,2025
2025-06-30,NIFTY100,0.0,1053826.4990877665,0.0,1053826.4990877665,"NH,BAJFINANCE,SBICARD,BEL,BHARTIARTL",2025-06,2025
2025-06-30,NIFTY500,0.0,1136080.2598907696,0.0,1136080.2598907696,"BSE,GODFRYPHLP,COROMANDEL,BDL,SOLARINDS,MAHSCOOTER,INTELLECT,MFSL,DEEPAKFERT,MCX",2025-06,2025
2025-07-01,NIFTY100,0.0,1045606.9279026807,0.0,1045606.9279026807,"NH,BAJFINANCE,SBICARD,BEL,BHARTIARTL",2025-07,2025
2025-07-01,NIFTY500,105070.18348156595,1022627.2020694376,0.0,1127697.3855510035,"BSE,GODFRYPHLP,COROMANDEL,BDL,SOLARINDS,MAHSCOOTER,MFSL,DEEPAKFERT,MCX",2025-07,2025
2025-07-02,NIFTY100,0.0,1023685.0430761388,0.0,1023685.0430761388,"NH,BAJFINANCE,SBICARD,BEL,BHARTIARTL",2025-07,2025
2025-07-02,NIFTY500,105070.18348156595,1020738.8580237813,0.0,1125809.0415053472,"BSE,GODFRYPHLP,COROMANDEL,BDL,SOLARINDS,MAHSCOOTER,MFSL,DEEPAKFERT,MCX",2025-07,2025
2025-07-03,NIFTY100,207609.14924450422,813889.5127458054,0.0,1021498.6619903096,"NH,BAJFINANCE,BEL,BHARTIARTL",2025-07,2025
2025-07-03,NIFTY500,214407.13213254418,908122.3404689381,0.0,1122529.4726014822,"BSE,GODFRYPHLP,BDL,SOLARINDS,MAHSCOOTER,MFSL,DEEPAKFERT,MCX",2025-07,2025
2025-07-04,NIFTY100,207609.14924450422,818427.3125610203,0.0,1026036.4618055245,"NH,BAJFINANCE,BEL,BHARTIARTL",2025-07,2025
2025-07-04,NIFTY500,214407.13213254418,891594.4601790032,0.0,1106001.5923115474,"BSE,GODFRYPHLP,BDL,SOLARINDS,MAHSCOOTER,MFSL,DEEPAKFERT,MCX",2025-07,2025
2025-07-07,NIFTY100,207609.14924450422,812552.2462753028,0.0,1020161.395519807,"NH,BAJFINANCE,BEL,BHARTIARTL",2025-07,2025
2025-07-07,NIFTY500,214407.13213254418,876059.127340659,0.0,1090466.2594732032,"BSE,GODFRYPHLP,BDL,SOLARINDS,MAHSCOOTER,MFSL,DEEPAKFERT,MCX",2025-07,2025
2025-07-08,NIFTY100,207609.14924450422,812083.5955251759,0.0,1019692.7447696801,"NH,BAJFINANCE,BEL,BHARTIARTL",2025-07,2025
2025-07-08,NIFTY500,214407.13213254418,857675.765526663,0.0,1072082.8976592072,"BSE,GODFRYPHLP,BDL,SOLARINDS,MAHSCOOTER,MFSL,DEEPAKFERT,MCX",2025-07,2025
2025-07-09,NIFTY100,207609.14924450422,812730.4230996041,0.0,1020339.5723441083,"NH,BAJFINANCE,BEL,BHARTIARTL",2025-07,2025
2025-07-09,NIFTY500,214407.13213254418,864746.1705278424,0.0,1079153.3026603865,"BSE,GODFRYPHLP,BDL,SOLARINDS,MAHSCOOTER,MFSL,DEEPAKFERT,MCX",2025-07,2025
2025-07-10,NIFTY100,207609.14924450422,807797.3950944467,0.0,1015406.5443389509,"NH,BAJFINANCE,BEL,BHARTIARTL",2025-07,2025
2025-07-10,NIFTY500,214407.13213254418,851211.8749424231,0.0,1065619.0070749673,"BSE,GODFRYPHLP,BDL,SOLARINDS,MAHSCOOTER,MFSL,DEEPAKFERT,MCX",2025-07,2025
2025-07-11,NIFTY100,207609.14924450422,803329.5946622752,0.0,1010938.7439067794,"NH,BAJFINANCE,BEL,BHARTIARTL",2025-07,2025
2025-07-11,NIFTY500,214407.13213254418,834430.9046946614,0.0,1048838.0368272057,"BSE,GODFRYPHLP,BDL,SOLARINDS,MAHSCOOTER,MFSL,DEEPAKFERT,MCX",2025-07,2025
2025-07-14,NIFTY100,207609.14924450422,800494.1723532327,0.0,1008103.321597737,"NH,BAJFINANCE,BEL,BHARTIARTL",2025-07,2025
2025-07-14,NIFTY500,214407.13213254418,845612.7416628075,0.0,1060019.8737953517,"BSE,GODFRYPHLP,BDL,SOLARINDS,MAHSCOOTER,MFSL,DEEPAKFERT,MCX",2025-07,2025
2025-07-15,NIFTY100,589233.0469879264,418381.6923971921,0.0,1007614.7393851185,"NH,BEL",2025-07,2025
2025-07-15,NIFTY500,214407.13213254418,861664.1751472704,0.0,1076071.3072798145,"BSE,GODFRYPHLP,BDL,SOLARINDS,MAHSCOOTER,MFSL,DEEPAKFERT,MCX",2025-07,2025
2025-07-16,NIFTY100,589233.0469879264,413191.05465761153,0.0,1002424.1016455379,"NH,BEL",2025-07,2025
2025-07-16,NIFTY500,214407.13213254418,856683.867976685,0.0,1071091.0001092292,"BSE,GODFRYPHLP,BDL,SOLARINDS,MAHSCOOTER,MFSL,DEEPAKFERT,MCX",2025-07,2025
2025-07-17,NIFTY100,589233.0469879264,413504.3931504381,0.0,1002737.4401383644,"NH,BEL",2025-07,2025
2025-07-17,NIFTY500,214407.13213254418,846359.3571563358,0.0,1060766.48928888,"BSE,GODFRYPHLP,BDL,SOLARINDS,MAHSCOOTER,MFSL,DEEPAKFERT,MCX",2025-07,2025
2025-07-18,NIFTY100,589233.0469879264,408148.5055945677,0.0,997381.552582494,"NH,BEL",2025-07,2025
2025-07-18,NIFTY500,214407.13213254418,840103.7948861272,0.0,1054510.9270186713,"BSE,GODFRYPHLP,BDL,SOLARINDS,MAHSCOOTER,MFSL,DEEPAKFERT,MCX",2025-07,2025
2025-07-21,NIFTY100,589233.0469879264,406206.0353787885,0.0,995439.0823667148,"NH,BEL",2025-07,2025
2025-07-21,NIFTY500,214407.13213254418,849671.787030587,0.0,1064078.9191631312,"BSE,GODFRYPHLP,BDL,SOLARINDS,MAHSCOOTER,MFSL,DEEPAKFERT,MCX",2025-07,2025
2025-07-22,NIFTY100,0.0,1004416.3288733357,0.0,1004416.3288733357,"NH,BEL,HDFCAMC,BAJFINANCE,INDIGO",2025-07,2025
2025-07-22,NIFTY500,0.0,1066909.2802261566,0.0,1066909.2802261566,"BSE,GODFRYPHLP,BDL,SOLARINDS,MAHSCOOTER,MFSL,DEEPAKFERT,MCX,LAURUSLABS,GLENMARK",2025-07,2025
2025-07-23,NIFTY100,0.0,1004976.2919872131,0.0,1004976.2919872131,"NH,BEL,HDFCAMC,BAJFINANCE,INDIGO",2025-07,2025
2025-07-23,NIFTY500,0.0,1063194.7407934663,0.0,1063194.7407934663,"BSE,GODFRYPHLP,BDL,SOLARINDS,MAHSCOOTER,MFSL,DEEPAKFERT,MCX,LAURUSLABS,GLENMARK",2025-07,2025
2025-07-24,NIFTY100,0.0,997593.2606370631,0.0,997593.2606370631,"NH,BEL,HDFCAMC,BAJFINANCE,INDIGO",2025-07,2025
2025-07-24,NIFTY500,0.0,1052586.423262654,0.0,1052586.423262654,"BSE,GODFRYPHLP,BDL,SOLARINDS,MAHSCOOTER,MFSL,DEEPAKFERT,MCX,LAURUSLABS,GLENMARK",2025-07,2025
2025-07-25,NIFTY100,0.0,986485.2498119904,0.0,986485.2498119904,"NH,BEL,HDFCAMC,BAJFINANCE,INDIGO",2025-07,2025
2025-07-25,NIFTY500,0.0,1036425.5827865459,0.0,1036425.5827865459,"BSE,GODFRYPHLP,BDL,SOLARINDS,MAHSCOOTER,MFSL,DEEPAKFERT,MCX,LAURUSLABS,GLENMARK",2025-07,2025
2025-07-28,NIFTY100,0.0,976009.9630321041,0.0,976009.9630321041,"NH,BEL,HDFCAMC,BAJFINANCE,INDIGO",2025-07,2025
2025-07-28,NIFTY500,0.0,1037259.599019413,0.0,1037259.599019413,"BSE,GODFRYPHLP,BDL,SOLARINDS,MAHSCOOTER,MFSL,DEEPAKFERT,MCX,LAURUSLABS,GLENMARK",2025-07,2025
2025-07-29,NIFTY100,181928.1782598042,795679.2144979208,0.0,977607.392757725,"NH,BEL,HDFCAMC,INDIGO",2025-07,2025
2025-07-29,NIFTY500,273453.8416193806,780687.167530996,0.0,1054141.0091503765,"BSE,GODFRYPHLP,SOLARINDS,MAHSCOOTER,MFSL,LAURUSLABS,GLENMARK",2025-07,2025
2025-07-30,NIFTY100,181928.1782598042,790526.3699782606,0.0,972454.5482380649,"NH,BEL,HDFCAMC,INDIGO",2025-07,2025
2025-07-30,NIFTY500,362343.07870824775,695955.0251045054,0.0,1058298.1038127532,"BSE,GODFRYPHLP,SOLARINDS,MAHSCOOTER,LAURUSLABS,GLENMARK",2025-07,2025
2025-07-31,NIFTY100,181928.1782598042,791299.1363412321,0.0,973227.3146010363,"NH,BEL,HDFCAMC,INDIGO",2025-07,2025
2025-07-31,NIFTY500,362343.07870824775,688791.3926935969,0.0,1051134.4714018446,"BSE,GODFRYPHLP,SOLARINDS,MAHSCOOTER,LAURUSLABS,GLENMARK",2025-07,2025
2025-08-01,NIFTY100,181928.1782598042,787523.9276165839,0.0,969452.105876388,"NH,BEL,HDFCAMC,INDIGO",2025-08,2025
2025-08-01,NIFTY500,362343.07870824775,668236.6014044238,0.0,1030579.6801126716,"BSE,GODFRYPHLP,SOLARINDS,MAHSCOOTER,LAURUSLABS,GLENMARK",2025-08,2025
2025-08-04,NIFTY100,0.0,0.0,961425.7002238798,961425.7002238798,GOLDBEES,2025-08,2025
2025-08-04,NIFTY500,0.0,0.0,1039986.0236221465,1039986.0236221465,GOLDBEES,2025-08,2025
2025-08-05,NIFTY100,0.0,0.0,957075.9069777471,957075.9069777471,GOLDBEES,2025-08,2025
2025-08-05,NIFTY500,0.0,0.0,1035280.7986832141,1035280.7986832141,GOLDBEES,2025-08,2025
2025-08-06,NIFTY100,0.0,0.0,955129.9537360275,955129.9537360275,GOLDBEES,2025-08,2025
2025-08-06,NIFTY500,0.0,0.0,1033175.8370896772,1033175.8370896772,GOLDBEES,2025-08,2025
2025-08-07,NIFTY100,0.0,0.0,960853.4072702406,960853.4072702406,GOLDBEES,2025-08,2025
2025-08-07,NIFTY500,0.0,0.0,1039366.9672841855,1039366.9672841855,GOLDBEES,2025-08,2025
2025-08-08,NIFTY100,0.0,0.0,965661.0872790667,965661.0872790667,GOLDBEES,2025-08,2025
2025-08-08,NIFTY500,0.0,0.0,1044567.4939749766,1044567.4939749766,GOLDBEES,2025-08,2025
2025-08-11,NIFTY100,0.0,0.0,952726.1137316144,952726.1137316144,GOLDBEES,2025-08,2025
2025-08-11,NIFTY500,0.0,0.0,1030575.5737442817,1030575.5737442817,GOLDBEES,2025-08,2025
2025-08-12,NIFTY100,0.0,0.0,949864.3869645079,949864.3869645079,GOLDBEES,2025-08,2025
2025-08-12,NIFTY500,0.0,0.0,1027480.0086470275,1027480.0086470275,GOLDBEES,2025-08,2025
2025-08-13,NIFTY100,0.0,0.0,952268.2269689209,952268.2269689209,GOLDBEES,2025-08,2025
2025-08-13,NIFTY500,0.0,0.0,1030080.271992423,1030080.271992423,GOLDBEES,2025-08,2025
2025-08-14,NIFTY100,0.0,0.0,951695.8466823115,951695.8466823115,GOLDBEES,2025-08,2025
2025-08-14,NIFTY500,0.0,0.0,1029461.1211853123,1029461.1211853123,GOLDBEES,2025-08,2025
2025-08-18,NIFTY100,0.0,0.0,947231.559912263,947231.559912263,GOLDBEES,2025-08,2025
2025-08-18,NIFTY500,0.0,0.0,1024632.0471911278,1024632.0471911278,GOLDBEES,2025-08,2025
2025-08-19,NIFTY100,0.0,0.0,942194.892855605,942194.892855605,GOLDBEES,2025-08,2025
2025-08-19,NIFTY500,0.0,0.0,1019183.8223898326,1019183.8223898326,GOLDBEES,2025-08,2025
2025-08-20,NIFTY100,0.0,0.0,939562.1531363303,939562.1531363303,GOLDBEES,2025-08,2025
2025-08-20,NIFTY500,0.0,0.0,1016335.9554030825,1016335.9554030825,GOLDBEES,2025-08,2025
2025-08-21,NIFTY100,0.0,0.0,944942.2134317658,944942.2134317658,GOLDBEES,2025-08,2025
2025-08-21,NIFTY500,0.0,0.0,1022155.6329009844,1022155.6329009844,GOLDBEES,2025-08,2025
2025-08-22,NIFTY100,0.0,0.0,945743.4934332368,945743.4934332368,GOLDBEES,2025-08,2025
2025-08-22,NIFTY500,0.0,0.0,1023022.3873494496,1023022.3873494496,GOLDBEES,2025-08,2025
2025-08-25,NIFTY100,0.0,0.0,955816.7402135825,955816.7402135825,GOLDBEES,2025-08,2025
2025-08-25,NIFTY500,0.0,0.0,1033918.7424828903,1033918.7424828903,GOLDBEES,2025-08,2025
2025-08-26,NIFTY100,0.0,0.0,959594.240506076,959594.240506076,GOLDBEES,2025-08,2025
2025-08-26,NIFTY500,0.0,0.0,1038004.9110838617,1038004.9110838617,GOLDBEES,2025-08,2025
2025-08-28,NIFTY100,0.0,0.0,966347.8737566217,966347.8737566217,GOLDBEES,2025-08,2025
2025-08-28,NIFTY500,0.0,0.0,1045310.3993681896,1045310.3993681896,GOLDBEES,2025-08,2025
2025-08-29,NIFTY100,0.0,0.0,976879.0072996609,976879.0072996609,GOLDBEES,2025-08,2025
2025-08-29,NIFTY500,0.0,0.0,1056702.056253489,1056702.056253489,GOLDBEES,2025-08,2025
2025-09-01,NIFTY100,0.0,0.0,991416.6281830255,991416.6281830255,GOLDBEES,2025-09,2025
2025-09-01,NIFTY500,0.0,0.0,1072427.5798502641,1072427.5798502641,GOLDBEES,2025-09,2025
2025-09-02,NIFTY100,0.0,0.0,991416.6281830255,991416.6281830255,GOLDBEES,2025-09,2025
2025-09-02,NIFTY500,0.0,0.0,1072427.5798502641,1072427.5798502641,GOLDBEES,2025-09,2025
2025-09-03,NIFTY100,0.0,0.0,1005954.1617334198,1005954.1617334198,GOLDBEES,2025-09,2025
2025-09-03,NIFTY500,0.0,0.0,1088153.0089778893,1088153.0089778893,GOLDBEES,2025-09,2025
2025-09-04,NIFTY100,0.0,0.0,1009159.3690722741,1009159.3690722741,GOLDBEES,2025-09,2025
2025-09-04,NIFTY500,0.0,0.0,1091620.1212408997,1091620.1212408997,GOLDBEES,2025-09,2025
2025-09-05,NIFTY100,0.0,0.0,1014768.3290825712,1014768.3290825712,GOLDBEES,2025-09,2025
2025-09-05,NIFTY500,0.0,0.0,1097687.4023801559,1097687.4023801559,GOLDBEES,2025-09,2025
2025-09-08,NIFTY100,0.0,0.0,1029992.7364434908,1029992.7364434908,GOLDBEES,2025-09,2025
2025-09-08,NIFTY500,0.0,0.0,1114155.8313701442,1114155.8313701442,GOLDBEES,2025-09,2025
2025-09-09,NIFTY100,0.0,0.0,1043614.4964684983,1043614.4964684983,GOLDBEES,2025-09,2025
2025-09-09,NIFTY500,0.0,0.0,1128890.656994052,1128890.656994052,GOLDBEES,2025-09,2025
2025-09-10,NIFTY100,0.0,0.0,1040523.86998653,1040523.86998653,GOLDBEES,2025-09,2025
2025-09-10,NIFTY500,0.0,0.0,1125547.4882554435,1125547.4882554435,GOLDBEES,2025-09,2025
2025-09-11,NIFTY100,0.0,0.0,1037318.749980646,1037318.749980646,GOLDBEES,2025-09,2025
2025-09-11,NIFTY500,0.0,0.0,1122080.4704615828,1122080.4704615828,GOLDBEES,2025-09,2025
2025-09-12,NIFTY100,0.0,0.0,1044644.7635178011,1044644.7635178011,GOLDBEES,2025-09,2025
2025-09-12,NIFTY500,0.0,0.0,1130005.1095530214,1130005.1095530214,GOLDBEES,2025-09,2025
2025-09-15,NIFTY100,0.0,0.0,1040752.7697013917,1040752.7697013917,GOLDBEES,2025-09,2025
2025-09-15,NIFTY500,0.0,0.0,1125795.091896798,1125795.091896798,GOLDBEES,2025-09,2025
2025-09-16,NIFTY100,0.0,0.0,1056206.076777173,1056206.076777173,GOLDBEES,2025-09,2025
2025-09-16,NIFTY500,0.0,0.0,1142511.1245281405,1142511.1245281405,GOLDBEES,2025-09,2025
2025-09-17,NIFTY100,0.0,0.0,1044530.2699938852,1044530.2699938852,GOLDBEES,2025-09,2025
2025-09-17,NIFTY500,0.0,0.0,1129881.2604977693,1129881.2604977693,GOLDBEES,2025-09,2025
2025-09-18,NIFTY100,0.0,0.0,1048536.6700012402,1048536.6700012402,GOLDBEES,2025-09,2025
2025-09-18,NIFTY500,0.0,0.0,1134215.0327400952,1134215.0327400952,GOLDBEES,2025-09,2025
2025-09-19,NIFTY100,0.0,0.0,1044988.1567565786,1044988.1567565786,GOLDBEES,2025-09,2025
2025-09-19,NIFTY500,0.0,0.0,1130376.562249628,1130376.562249628,GOLDBEES,2025-09,2025
2025-09-22,NIFTY100,0.0,0.0,1066164.917366573,1066164.917366573,GOLDBEES,2025-09,2025
2025-09-22,NIFTY500,0.0,1150722.024968423,0.0,1150722.024968423,"GMDCLTD,MAHSCOOTER,LTF,NETWEB,LAURUSLABS,GVT&D,RBLBANK,GODFRYPHLP,FORTIS,ABCAPITAL",2025-09,2025
2025-09-23,NIFTY100,0.0,0.0,1088944.2379795094,1088944.2379795094,GOLDBEES,2025-09,2025
2025-09-23,NIFTY500,0.0,1157600.0070447682,0.0,1157600.0070447682,"GMDCLTD,MAHSCOOTER,LTF,NETWEB,LAURUSLABS,GVT&D,RBLBANK,GODFRYPHLP,FORTIS,ABCAPITAL",2025-09,2025
2025-09-24,NIFTY100,0.0,0.0,1083335.277969212,1083335.277969212,GOLDBEES,2025-09,2025
2025-09-24,NIFTY500,0.0,1154126.1559014844,0.0,1154126.1559014844,"GMDCLTD,MAHSCOOTER,LTF,NETWEB,LAURUSLABS,GVT&D,RBLBANK,GODFRYPHLP,FORTIS,ABCAPITAL",2025-09,2025
2025-09-25,NIFTY100,0.0,0.0,1080931.437964799,1080931.437964799,GOLDBEES,2025-09,2025
2025-09-25,NIFTY500,0.0,1148922.8965750728,0.0,1148922.8965750728,"GMDCLTD,MAHSCOOTER,LTF,NETWEB,LAURUSLABS,GVT&D,RBLBANK,GODFRYPHLP,FORTIS,ABCAPITAL",2025-09,2025
2025-09-26,NIFTY100,0.0,0.0,1078527.597960386,1078527.597960386,GOLDBEES,2025-09,2025
2025-09-26,NIFTY500,0.0,1127083.1105108897,0.0,1127083.1105108897,"GMDCLTD,MAHSCOOTER,LTF,NETWEB,LAURUSLABS,GVT&D,RBLBANK,GODFRYPHLP,FORTIS,ABCAPITAL",2025-09,2025
2025-09-29,NIFTY100,0.0,0.0,1097758.4053286607,1097758.4053286607,GOLDBEES,2025-09,2025
2025-09-29,NIFTY500,0.0,1153665.7087886995,0.0,1153665.7087886995,"GMDCLTD,MAHSCOOTER,LTF,NETWEB,LAURUSLABS,GVT&D,RBLBANK,GODFRYPHLP,FORTIS,ABCAPITAL",2025-09,2025
2025-09-30,NIFTY100,0.0,0.0,1097186.0250420514,1097186.0250420514,GOLDBEES,2025-09,2025
2025-09-30,NIFTY500,0.0,1150546.1471547452,0.0,1150546.1471547452,"GMDCLTD,MAHSCOOTER,LTF,NETWEB,LAURUSLABS,GVT&D,RBLBANK,GODFRYPHLP,FORTIS,ABCAPITAL",2025-09,2025
2025-10-01,NIFTY100,0.0,0.0,1117561.5056505746,1117561.5056505746,GOLDBEES,2025-10,2025
2025-10-01,NIFTY500,0.0,1183438.6341492888,0.0,1183438.6341492888,"GMDCLTD,MAHSCOOTER,LTF,NETWEB,LAURUSLABS,GVT&D,RBLBANK,GODFRYPHLP,FORTIS,ABCAPITAL",2025-10,2025
2025-10-03,NIFTY100,0.0,0.0,1111151.2656388064,1111151.2656388064,GOLDBEES,2025-10,2025
2025-10-03,NIFTY500,0.0,1196836.3496537053,0.0,1196836.3496537053,"GMDCLTD,MAHSCOOTER,LTF,NETWEB,LAURUSLABS,GVT&D,RBLBANK,GODFRYPHLP,FORTIS,ABCAPITAL",2025-10,2025
2025-10-06,NIFTY100,0.0,0.0,1135762.1333025168,1135762.1333025168,GOLDBEES,2025-10,2025
2025-10-06,NIFTY500,0.0,1200147.6694191445,0.0,1200147.6694191445,"GMDCLTD,MAHSCOOTER,LTF,NETWEB,LAURUSLABS,GVT&D,RBLBANK,GODFRYPHLP,FORTIS,ABCAPITAL",2025-10,2025
2025-10-07,NIFTY100,0.0,0.0,1140798.8003591746,1140798.8003591746,GOLDBEES,2025-10,2025
2025-10-07,NIFTY500,0.0,1194219.77359127,0.0,1194219.77359127,"GMDCLTD,MAHSCOOTER,LTF,NETWEB,LAURUSLABS,GVT&D,RBLBANK,GODFRYPHLP,FORTIS,ABCAPITAL",2025-10,2025
2025-10-08,NIFTY100,0.0,0.0,1164036.0077348044,1164036.0077348044,GOLDBEES,2025-10,2025
2025-10-08,NIFTY500,0.0,1193287.2940051977,0.0,1193287.2940051977,"GMDCLTD,MAHSCOOTER,LTF,NETWEB,LAURUSLABS,GVT&D,RBLBANK,GODFRYPHLP,FORTIS,ABCAPITAL",2025-10,2025
2025-10-09,NIFTY100,0.0,0.0,1161517.6742064755,1161517.6742064755,GOLDBEES,2025-10,2025
2025-10-09,NIFTY500,0.0,1192041.065814194,0.0,1192041.065814194,"GMDCLTD,MAHSCOOTER,LTF,NETWEB,LAURUSLABS,GVT&D,RBLBANK,GODFRYPHLP,FORTIS,ABCAPITAL",2025-10,2025
2025-10-10,NIFTY100,0.0,0.0,1152360.1136185466,1152360.1136185466,GOLDBEES,2025-10,2025
2025-10-10,NIFTY500,0.0,1190023.7718242235,0.0,1190023.7718242235,"GMDCLTD,MAHSCOOTER,LTF,NETWEB,LAURUSLABS,GVT&D,RBLBANK,GODFRYPHLP,FORTIS,ABCAPITAL",2025-10,2025
2025-10-13,NIFTY100,0.0,0.0,1175025.0280405371,1175025.0280405371,GOLDBEES,2025-10,2025
2025-10-13,NIFTY500,0.0,1194001.8307647086,0.0,1194001.8307647086,"GMDCLTD,MAHSCOOTER,LTF,NETWEB,LAURUSLABS,GVT&D,RBLBANK,GODFRYPHLP,FORTIS,ABCAPITAL",2025-10,2025
2025-10-14,NIFTY100,0.0,0.0,1202955.4219010773,1202955.4219010773,GOLDBEES,2025-10,2025
2025-10-14,NIFTY500,0.0,1184006.0466977993,0.0,1184006.0466977993,"GMDCLTD,MAHSCOOTER,LTF,NETWEB,LAURUSLABS,GVT&D,RBLBANK,GODFRYPHLP,FORTIS,ABCAPITAL",2025-10,2025
2025-10-15,NIFTY100,0.0,0.0,1205244.8557145447,1205244.8557145447,GOLDBEES,2025-10,2025
2025-10-15,NIFTY500,0.0,1200261.0956512145,0.0,1200261.0956512145,"GMDCLTD,MAHSCOOTER,LTF,NETWEB,LAURUSLABS,GVT&D,RBLBANK,GODFRYPHLP,FORTIS,ABCAPITAL",2025-10,2025
2025-10-16,NIFTY100,0.0,0.0,1206160.6292399315,1206160.6292399315,GOLDBEES,2025-10,2025
2025-10-16,NIFTY500,0.0,1192376.7322103796,0.0,1192376.7322103796,"GMDCLTD,MAHSCOOTER,LTF,NETWEB,LAURUSLABS,GVT&D,RBLBANK,GODFRYPHLP,FORTIS,ABCAPITAL",2025-10,2025
2025-10-17,NIFTY100,0.0,0.0,1237525.1301541876,1237525.1301541876,GOLDBEES,2025-10,2025
2025-10-17,NIFTY500,0.0,1192093.6367532213,0.0,1192093.6367532213,"GMDCLTD,MAHSCOOTER,LTF,NETWEB,LAURUSLABS,GVT&D,RBLBANK,GODFRYPHLP,FORTIS,ABCAPITAL",2025-10,2025
2025-10-20,NIFTY100,0.0,1200854.4987908949,0.0,1200854.4987908949,"MUTHOOTFIN,PAYTM,MARUTI,NYKAA,EICHERMOT",2025-10,2025
2025-10-20,NIFTY500,0.0,1214445.0176472552,0.0,1214445.0176472552,"GMDCLTD,MAHSCOOTER,LTF,NETWEB,LAURUSLABS,GVT&D,RBLBANK,GODFRYPHLP,FORTIS,ABCAPITAL",2025-10,2025
2025-10-21,NIFTY100,0.0,1193837.2762734396,0.0,1193837.2762734396,"MUTHOOTFIN,PAYTM,MARUTI,NYKAA,EICHERMOT",2025-10,2025
2025-10-21,NIFTY500,0.0,1215586.2643455542,0.0,1215586.2643455542,"GMDCLTD,MAHSCOOTER,LTF,NETWEB,LAURUSLABS,GVT&D,RBLBANK,GODFRYPHLP,FORTIS,ABCAPITAL",2025-10,2025
2025-10-23,NIFTY100,0.0,1175173.302020345,0.0,1175173.302020345,"MUTHOOTFIN,PAYTM,MARUTI,NYKAA,EICHERMOT",2025-10,2025
2025-10-23,NIFTY500,0.0,1186971.1666069133,0.0,1186971.1666069133,"GMDCLTD,MAHSCOOTER,LTF,NETWEB,LAURUSLABS,GVT&D,RBLBANK,GODFRYPHLP,FORTIS,ABCAPITAL",2025-10,2025
2025-10-24,NIFTY100,0.0,1168222.1946802377,0.0,1168222.1946802377,"MUTHOOTFIN,PAYTM,MARUTI,NYKAA,EICHERMOT",2025-10,2025
2025-10-24,NIFTY500,0.0,1182854.5257085222,0.0,1182854.5257085222,"GMDCLTD,MAHSCOOTER,LTF,NETWEB,LAURUSLABS,GVT&D,RBLBANK,GODFRYPHLP,FORTIS,ABCAPITAL",2025-10,2025
2025-10-27,NIFTY100,0.0,1178670.1143506388,0.0,1178670.1143506388,"MUTHOOTFIN,PAYTM,MARUTI,NYKAA,EICHERMOT",2025-10,2025
2025-10-27,NIFTY500,0.0,1194789.1848580393,0.0,1194789.1848580393,"GMDCLTD,MAHSCOOTER,LTF,NETWEB,LAURUSLABS,GVT&D,RBLBANK,GODFRYPHLP,FORTIS,ABCAPITAL",2025-10,2025
2025-10-28,NIFTY100,0.0,1185654.616334288,0.0,1185654.616334288,"MUTHOOTFIN,PAYTM,MARUTI,NYKAA,EICHERMOT",2025-10,2025
2025-10-28,NIFTY500,0.0,1213309.5396808083,0.0,1213309.5396808083,"GMDCLTD,MAHSCOOTER,LTF,NETWEB,LAURUSLABS,GVT&D,RBLBANK,GODFRYPHLP,FORTIS,ABCAPITAL",2025-10,2025
2025-10-29,NIFTY100,0.0,1182529.8625504428,0.0,1182529.8625504428,"MUTHOOTFIN,PAYTM,MARUTI,NYKAA,EICHERMOT",2025-10,2025
2025-10-29,NIFTY500,0.0,1208999.2816454188,0.0,1208999.2816454188,"GMDCLTD,MAHSCOOTER,LTF,NETWEB,LAURUSLABS,GVT&D,RBLBANK,GODFRYPHLP,FORTIS,ABCAPITAL",2025-10,2025
2025-10-30,NIFTY100,0.0,1180872.5284816406,0.0,1180872.5284816406,"MUTHOOTFIN,PAYTM,MARUTI,NYKAA,EICHERMOT",2025-10,2025
2025-10-30,NIFTY500,0.0,1222094.8472929832,0.0,1222094.8472929832,"GMDCLTD,MAHSCOOTER,LTF,NETWEB,LAURUSLABS,GVT&D,RBLBANK,GODFRYPHLP,FORTIS,ABCAPITAL",2025-10,2025
2025-10-31,NIFTY100,0.0,1174344.8237508389,0.0,1174344.8237508389,"MUTHOOTFIN,PAYTM,MARUTI,NYKAA,EICHERMOT",2025-10,2025
2025-10-31,NIFTY500,0.0,1205693.5159060375,0.0,1205693.5159060375,"GMDCLTD,MAHSCOOTER,LTF,NETWEB,LAURUSLABS,GVT&D,RBLBANK,GODFRYPHLP,FORTIS,ABCAPITAL",2025-10,2025
2025-11-03,NIFTY100,229453.1475360032,934951.3637523554,0.0,1164404.5112883586,"MUTHOOTFIN,PAYTM,MARUTI,EICHERMOT",2025-11,2025
2025-11-03,NIFTY500,96003.96182597759,1120011.859348018,0.0,1216015.8211739955,"GMDCLTD,LTF,NETWEB,LAURUSLABS,GVT&D,RBLBANK,GODFRYPHLP,FORTIS,ABCAPITAL",2025-11,2025
2025-11-04,NIFTY100,229453.1475360032,926298.8829330322,0.0,1155752.0304690355,"MUTHOOTFIN,PAYTM,MARUTI,EICHERMOT",2025-11,2025
2025-11-04,NIFTY500,96003.96182597759,1104417.6184906876,0.0,1200421.5803166651,"GMDCLTD,LTF,NETWEB,LAURUSLABS,GVT&D,RBLBANK,GODFRYPHLP,FORTIS,ABCAPITAL",2025-11,2025
2025-11-06,NIFTY100,685804.7125024977,475893.7774983682,0.0,1161698.490000866,"MUTHOOTFIN,PAYTM",2025-11,2025
2025-11-06,NIFTY500,96003.96182597759,1078598.4570845258,0.0,1174602.4189105034,"GMDCLTD,LTF,NETWEB,LAURUSLABS,GVT&D,RBLBANK,GODFRYPHLP,FORTIS,ABCAPITAL",2025-11,2025
2025-11-07,NIFTY100,685804.7125024977,484056.7252704598,0.0,1169861.4377729576,"MUTHOOTFIN,PAYTM",2025-11,2025
2025-11-07,NIFTY500,96003.96182597759,1113149.5724116887,0.0,1209153.5342376663,"GMDCLTD,LTF,NETWEB,LAURUSLABS,GVT&D,RBLBANK,GODFRYPHLP,FORTIS,ABCAPITAL",2025-11,2025
2025-11-10,NIFTY100,685804.7125024977,488184.57431014895,0.0,1173989.2868126468,"MUTHOOTFIN,PAYTM",2025-11,2025
2025-11-10,NIFTY500,96003.96182597759,1105533.7043130035,0.0,1201537.666138981,"GMDCLTD,LTF,NETWEB,LAURUSLABS,GVT&D,RBLBANK,GODFRYPHLP,FORTIS,ABCAPITAL",2025-11,2025
2025-11-11,NIFTY100,685804.7125024977,492942.20399762853,0.0,1178746.9165001262,"MUTHOOTFIN,PAYTM",2025-11,2025
2025-11-11,NIFTY500,195363.95592317352,1003528.9920884363,0.0,1198892.9480116097,"GMDCLTD,LTF,NETWEB,LAURUSLABS,GVT&D,RBLBANK,FORTIS,ABCAPITAL",2025-11,2025
2025-11-12,NIFTY100,685804.7125024977,483374.3845322473,0.0,1169179.097034745,"MUTHOOTFIN,PAYTM",2025-11,2025
2025-11-12,NIFTY500,195363.95592317352,1001770.2410636902,0.0,1197134.1969868636,"GMDCLTD,LTF,NETWEB,LAURUSLABS,GVT&D,RBLBANK,FORTIS,ABCAPITAL",2025-11,2025
2025-11-13,NIFTY100,685804.7125024977,488531.71010751283,0.0,1174336.4226100105,"MUTHOOTFIN,PAYTM",2025-11,2025
2025-11-13,NIFTY500,195363.95592317352,995568.5006903831,0.0,1190932.4566135567,"GMDCLTD,LTF,NETWEB,LAURUSLABS,GVT&D,RBLBANK,FORTIS,ABCAPITAL",2025-11,2025
2025-11-14,NIFTY100,685804.7125024977,510943.5756712663,0.0,1196748.288173764,"MUTHOOTFIN,PAYTM",2025-11,2025
2025-11-14,NIFTY500,195363.95592317352,987206.9533327991,0.0,1182570.9092559726,"GMDCLTD,LTF,NETWEB,LAURUSLABS,GVT&D,RBLBANK,FORTIS,ABCAPITAL",2025-11,2025
2025-11-17,NIFTY100,685804.7125024977,519747.9122822947,0.0,1205552.6247847923,"MUTHOOTFIN,PAYTM",2025-11,2025
2025-11-17,NIFTY500,309602.9962640878,876561.1100715819,0.0,1186164.1063356698,"GMDCLTD,LTF,NETWEB,LAURUSLABS,GVT&D,RBLBANK,ABCAPITAL",2025-11,2025
2025-11-18,NIFTY100,685804.7125024977,508112.78393147304,0.0,1193917.4964339708,"MUTHOOTFIN,PAYTM",2025-11,2025
2025-11-18,NIFTY500,309602.9962640878,861967.0316976408,0.0,1171570.0279617286,"GMDCLTD,LTF,NETWEB,LAURUSLABS,GVT&D,RBLBANK,ABCAPITAL",2025-11,2025
2025-11-19,NIFTY100,685804.7125024977,506123.2561352879,0.0,1191927.9686377856,"MUTHOOTFIN,PAYTM",2025-11,2025
2025-11-19,NIFTY500,309602.9962640878,854395.9803578905,0.0,1163998.9766219782,"GMDCLTD,LTF,NETWEB,LAURUSLABS,GVT&D,RBLBANK,ABCAPITAL",2025-11,2025
2025-11-20,NIFTY100,685804.7125024977,506063.2164718497,0.0,1191867.9289743474,"MUTHOOTFIN,PAYTM",2025-11,2025
2025-11-20,NIFTY500,309602.9962640878,857521.7256083536,0.0,1167124.7218724415,"GMDCLTD,LTF,NETWEB,LAURUSLABS,GVT&D,RBLBANK,ABCAPITAL",2025-11,2025
2025-11-21,NIFTY100,685804.7125024977,498253.39972823404,0.0,1184058.1122307316,"MUTHOOTFIN,PAYTM",2025-11,2025
2025-11-21,NIFTY500,309602.9962640878,838249.811924734,0.0,1147852.808188822,"GMDCLTD,LTF,NETWEB,LAURUSLABS,GVT&D,RBLBANK,ABCAPITAL",2025-11,2025
2025-11-24,NIFTY100,0.0,1180736.2142709168,0.0,1180736.2142709168,"MUTHOOTFIN,PAYTM,CANBK,EICHERMOT,SHRIRAMFIN",2025-11,2025
2025-11-24,NIFTY500,0.0,1144153.296666175,0.0,1144153.296666175,"GMDCLTD,LTF,NETWEB,LAURUSLABS,GVT&D,RBLBANK,ABCAPITAL,CHENNPETRO,INDIANB,MCX",2025-11,2025
2025-11-25,NIFTY100,0.0,1191975.7059887226,0.0,1191975.7059887226,"MUTHOOTFIN,PAYTM,CANBK,EICHERMOT,SHRIRAMFIN",2025-11,2025
2025-11-25,NIFTY500,0.0,1158838.5225807126,0.0,1158838.5225807126,"GMDCLTD,LTF,NETWEB,LAURUSLABS,GVT&D,RBLBANK,ABCAPITAL,CHENNPETRO,INDIANB,MCX",2025-11,2025
2025-11-26,NIFTY100,0.0,1210316.8107524172,0.0,1210316.8107524172,"MUTHOOTFIN,PAYTM,CANBK,EICHERMOT,SHRIRAMFIN",2025-11,2025
2025-11-26,NIFTY500,0.0,1177041.640008795,0.0,1177041.640008795,"GMDCLTD,LTF,NETWEB,LAURUSLABS,GVT&D,RBLBANK,ABCAPITAL,CHENNPETRO,INDIANB,MCX",2025-11,2025
2025-11-27,NIFTY100,0.0,1213254.451908251,0.0,1213254.451908251,"MUTHOOTFIN,PAYTM,CANBK,EICHERMOT,SHRIRAMFIN",2025-11,2025
2025-11-27,NIFTY500,0.0,1182061.1798274198,0.0,1182061.1798274198,"GMDCLTD,LTF,NETWEB,LAURUSLABS,GVT&D,RBLBANK,ABCAPITAL,CHENNPETRO,INDIANB,MCX",2025-11,2025
2025-11-28,NIFTY100,0.0,1214242.4202724944,0.0,1214242.4202724944,"MUTHOOTFIN,PAYTM,CANBK,EICHERMOT,SHRIRAMFIN",2025-11,2025
2025-11-28,NIFTY500,0.0,1182046.4697437251,0.0,1182046.4697437251,"GMDCLTD,LTF,NETWEB,LAURUSLABS,GVT&D,RBLBANK,ABCAPITAL,CHENNPETRO,INDIANB,MCX",2025-11,2025
2025-12-01,NIFTY100,0.0,1228454.3412268336,0.0,1228454.3412268336,"MUTHOOTFIN,PAYTM,CANBK,EICHERMOT,SHRIRAMFIN",2025-12,2025
2025-12-01,NIFTY500,0.0,1177343.0478512044,0.0,1177343.0478512044,"GMDCLTD,LTF,NETWEB,LAURUSLABS,GVT&D,RBLBANK,ABCAPITAL,CHENNPETRO,INDIANB,MCX",2025-12,2025
2025-12-02,NIFTY100,0.0,1225256.1982807233,0.0,1225256.1982807233,"MUTHOOTFIN,PAYTM,CANBK,EICHERMOT,SHRIRAMFIN",2025-12,2025
2025-12-02,NIFTY500,0.0,1171175.2891397336,0.0,1171175.2891397336,"GMDCLTD,LTF,NETWEB,LAURUSLABS,GVT&D,RBLBANK,ABCAPITAL,CHENNPETRO,INDIANB,MCX",2025-12,2025
2025-12-03,NIFTY100,0.0,1204816.018487872,0.0,1204816.018487872,"MUTHOOTFIN,PAYTM,CANBK,EICHERMOT,SHRIRAMFIN",2025-12,2025
2025-12-03,NIFTY500,0.0,1159711.558715605,0.0,1159711.558715605,"GMDCLTD,LTF,NETWEB,LAURUSLABS,GVT&D,RBLBANK,ABCAPITAL,CHENNPETRO,INDIANB,MCX",2025-12,2025
2025-12-04,NIFTY100,0.0,1201122.2967776945,0.0,1201122.2967776945,"MUTHOOTFIN,PAYTM,CANBK,EICHERMOT,SHRIRAMFIN",2025-12,2025
2025-12-04,NIFTY500,0.0,1150677.5822368858,0.0,1150677.5822368858,"GMDCLTD,LTF,NETWEB,LAURUSLABS,GVT&D,RBLBANK,ABCAPITAL,CHENNPETRO,INDIANB,MCX",2025-12,2025
2025-12-05,NIFTY100,0.0,1223984.2174409346,0.0,1223984.2174409346,"MUTHOOTFIN,PAYTM,CANBK,EICHERMOT,SHRIRAMFIN",2025-12,2025
2025-12-05,NIFTY500,0.0,1157808.6578320616,0.0,1157808.6578320616,"GMDCLTD,LTF,NETWEB,LAURUSLABS,GVT&D,RBLBANK,ABCAPITAL,CHENNPETRO,INDIANB,MCX",2025-12,2025
2025-12-08,NIFTY100,0.0,1200928.4085354335,0.0,1200928.4085354335,"MUTHOOTFIN,PAYTM,CANBK,EICHERMOT,SHRIRAMFIN",2025-12,2025
2025-12-08,NIFTY500,0.0,1135122.2180391315,0.0,1135122.2180391315,"GMDCLTD,LTF,NETWEB,LAURUSLABS,GVT&D,RBLBANK,ABCAPITAL,CHENNPETRO,INDIANB,MCX",2025-12,2025
2025-12-09,NIFTY100,0.0,1205782.78286539,0.0,1205782.78286539,"MUTHOOTFIN,PAYTM,CANBK,EICHERMOT,SHRIRAMFIN",2025-12,2025
2025-12-09,NIFTY500,0.0,1157358.8964173973,0.0,1157358.8964173973,"GMDCLTD,LTF,NETWEB,LAURUSLABS,GVT&D,RBLBANK,ABCAPITAL,CHENNPETRO,INDIANB,MCX",2025-12,2025
2025-12-10,NIFTY100,0.0,1196784.321864276,0.0,1196784.321864276,"MUTHOOTFIN,PAYTM,CANBK,EICHERMOT,SHRIRAMFIN",2025-12,2025
2025-12-10,NIFTY500,0.0,1145410.5994273569,0.0,1145410.5994273569,"GMDCLTD,LTF,NETWEB,LAURUSLABS,GVT&D,RBLBANK,ABCAPITAL,CHENNPETRO,INDIANB,MCX",2025-12,2025
2025-12-11,NIFTY100,0.0,1203782.469525759,0.0,1203782.469525759,"MUTHOOTFIN,PAYTM,CANBK,EICHERMOT,SHRIRAMFIN",2025-12,2025
2025-12-11,NIFTY500,0.0,1152792.4264762779,0.0,1152792.4264762779,"GMDCLTD,LTF,NETWEB,LAURUSLABS,GVT&D,RBLBANK,ABCAPITAL,CHENNPETRO,INDIANB,MCX",2025-12,2025
2025-12-12,NIFTY100,0.0,1214857.4975404602,0.0,1214857.4975404602,"MUTHOOTFIN,PAYTM,CANBK,EICHERMOT,SHRIRAMFIN",2025-12,2025
2025-12-12,NIFTY500,0.0,1169161.3723134524,0.0,1169161.3723134524,"GMDCLTD,LTF,NETWEB,LAURUSLABS,GVT&D,RBLBANK,ABCAPITAL,CHENNPETRO,INDIANB,MCX",2025-12,2025
2025-12-15,NIFTY100,0.0,1218418.1172906682,0.0,1218418.1172906682,"MUTHOOTFIN,PAYTM,CANBK,EICHERMOT,SHRIRAMFIN",2025-12,2025
2025-12-15,NIFTY500,0.0,1166896.369592429,0.0,1166896.369592429,"GMDCLTD,LTF,NETWEB,LAURUSLABS,GVT&D,RBLBANK,ABCAPITAL,CHENNPETRO,INDIANB,MCX",2025-12,2025
2025-12-16,NIFTY100,0.0,1206793.8066772365,0.0,1206793.8066772365,"MUTHOOTFIN,PAYTM,CANBK,EICHERMOT,SHRIRAMFIN",2025-12,2025
2025-12-16,NIFTY500,0.0,1154120.460960839,0.0,1154120.460960839,"GMDCLTD,LTF,NETWEB,LAURUSLABS,GVT&D,RBLBANK,ABCAPITAL,CHENNPETRO,INDIANB,MCX",2025-12,2025
2025-12-17,NIFTY100,0.0,1210061.7771978432,0.0,1210061.7771978432,"MUTHOOTFIN,PAYTM,CANBK,EICHERMOT,SHRIRAMFIN",2025-12,2025
2025-12-17,NIFTY500,0.0,1144258.4377059173,0.0,1144258.4377059173,"GMDCLTD,LTF,NETWEB,LAURUSLABS,GVT&D,RBLBANK,ABCAPITAL,CHENNPETRO,INDIANB,MCX",2025-12,2025
2025-12-18,NIFTY100,0.0,1212096.2671495145,0.0,1212096.2671495145,"MUTHOOTFIN,PAYTM,CANBK,EICHERMOT,SHRIRAMFIN",2025-12,2025
2025-12-18,NIFTY500,0.0,1138809.4845887,0.0,1138809.4845887,"GMDCLTD,LTF,NETWEB,LAURUSLABS,GVT&D,RBLBANK,ABCAPITAL,CHENNPETRO,INDIANB,MCX",2025-12,2025
2025-12-19,NIFTY100,0.0,1234163.3123716258,0.0,1234163.3123716258,"MUTHOOTFIN,PAYTM,CANBK,EICHERMOT,SHRIRAMFIN",2025-12,2025
2025-12-19,NIFTY500,0.0,1153918.2506401371,0.0,1153918.2506401371,"GMDCLTD,LTF,NETWEB,LAURUSLABS,GVT&D,RBLBANK,ABCAPITAL,CHENNPETRO,INDIANB,MCX",2025-12,2025
2025-12-22,NIFTY100,232559.0312755219,1014944.213376623,0.0,1247503.2446521448,"MUTHOOTFIN,PAYTM,CANBK,SHRIRAMFIN",2025-12,2025
2025-12-22,NIFTY500,0.0,1171893.6413109894,0.0,1171893.6413109894,"GMDCLTD,LTF,NETWEB,LAURUSLABS,GVT&D,RBLBANK,ABCAPITAL,CHENNPETRO,INDIANB,MCX",2025-12,2025
2025-12-23,NIFTY100,0.0,1256864.2758730846,0.0,1256864.2758730846,"MUTHOOTFIN,PAYTM,CANBK,SHRIRAMFIN,ASHOKLEY",2025-12,2025
2025-12-23,NIFTY500,0.0,1171057.4011896697,0.0,1171057.4011896697,"GMDCLTD,LTF,NETWEB,LAURUSLABS,GVT&D,RBLBANK,ABCAPITAL,INDIANB,MCX,HINDCOPPER",2025-12,2025
2025-12-24,NIFTY100,0.0,1254919.26496586,0.0,1254919.26496586,"MUTHOOTFIN,PAYTM,CANBK,SHRIRAMFIN,ASHOKLEY",2025-12,2025
2025-12-24,NIFTY500,0.0,1183339.3045448647,0.0,1183339.3045448647,"GMDCLTD,LTF,NETWEB,LAURUSLABS,GVT&D,RBLBANK,ABCAPITAL,INDIANB,MCX,HINDCOPPER",2025-12,2025
2025-12-26,NIFTY100,0.0,1248686.7921555187,0.0,1248686.7921555187,"MUTHOOTFIN,PAYTM,CANBK,SHRIRAMFIN,ASHOKLEY",2025-12,2025
2025-12-26,NIFTY500,0.0,1196255.4430800881,0.0,1196255.4430800881,"GMDCLTD,LTF,NETWEB,LAURUSLABS,GVT&D,RBLBANK,ABCAPITAL,INDIANB,MCX,HINDCOPPER",2025-12,2025
2025-12-29,NIFTY100,0.0,1243480.7173050027,0.0,1243480.7173050027,"MUTHOOTFIN,PAYTM,CANBK,SHRIRAMFIN,ASHOKLEY",2025-12,2025
2025-12-29,NIFTY500,0.0,1196404.5044823533,0.0,1196404.5044823533,"GMDCLTD,LTF,NETWEB,LAURUSLABS,GVT&D,RBLBANK,ABCAPITAL,INDIANB,MCX,HINDCOPPER",2025-12,2025
2025-12-30,NIFTY100,0.0,1261649.4348731574,0.0,1261649.4348731574,"MUTHOOTFIN,PAYTM,CANBK,SHRIRAMFIN,ASHOKLEY",2025-12,2025
2025-12-30,NIFTY500,0.0,1218649.3776254833,0.0,1218649.3776254833,"GMDCLTD,LTF,NETWEB,LAURUSLABS,GVT&D,RBLBANK,ABCAPITAL,INDIANB,MCX,HINDCOPPER",2025-12,2025
2025-12-31,NIFTY100,0.0,1270120.3779606535,0.0,1270120.3779606535,"MUTHOOTFIN,PAYTM,CANBK,SHRIRAMFIN,ASHOKLEY",2025-12,2025
2025-12-31,NIFTY500,0.0,1235057.2048347343,0.0,1235057.2048347343,"GMDCLTD,LTF,NETWEB,LAURUSLABS,GVT&D,RBLBANK,ABCAPITAL,INDIANB,MCX,HINDCOPPER",2025-12,2025
2026-01-02,NIFTY100,0.0,1294991.7301047684,0.0,1294991.7301047684,"MUTHOOTFIN,PAYTM,CANBK,SHRIRAMFIN,ASHOKLEY",2026-01,2026
2026-01-02,NIFTY500,0.0,1247230.3556673452,0.0,1247230.3556673452,"GMDCLTD,LTF,NETWEB,LAURUSLABS,GVT&D,RBLBANK,ABCAPITAL,INDIANB,MCX,HINDCOPPER",2026-01,2026
2026-01-05,NIFTY100,0.0,1297842.8620821848,0.0,1297842.8620821848,"MUTHOOTFIN,PAYTM,CANBK,SHRIRAMFIN,ASHOKLEY",2026-01,2026
2026-01-05,NIFTY500,0.0,1252880.5598198064,0.0,1252880.5598198064,"GMDCLTD,LTF,NETWEB,LAURUSLABS,GVT&D,RBLBANK,ABCAPITAL,INDIANB,MCX,HINDCOPPER",2026-01,2026
2026-01-06,NIFTY100,0.0,1294916.5333163496,0.0,1294916.5333163496,"MUTHOOTFIN,PAYTM,CANBK,SHRIRAMFIN,ASHOKLEY",2026-01,2026
2026-01-06,NIFTY500,0.0,1263562.5271573956,0.0,1263562.5271573956,"GMDCLTD,LTF,NETWEB,LAURUSLABS,GVT&D,RBLBANK,ABCAPITAL,INDIANB,MCX,HINDCOPPER",2026-01,2026
2026-01-07,NIFTY100,0.0,1290472.244536362,0.0,1290472.244536362,"MUTHOOTFIN,PAYTM,CANBK,SHRIRAMFIN,ASHOKLEY",2026-01,2026
2026-01-07,NIFTY500,0.0,1264892.7058386737,0.0,1264892.7058386737,"GMDCLTD,LTF,NETWEB,LAURUSLABS,GVT&D,RBLBANK,ABCAPITAL,INDIANB,MCX,HINDCOPPER",2026-01,2026
2026-01-08,NIFTY100,0.0,1272814.3266682748,0.0,1272814.3266682748,"MUTHOOTFIN,PAYTM,CANBK,SHRIRAMFIN,ASHOKLEY",2026-01,2026
2026-01-08,NIFTY500,0.0,1226355.4477363704,0.0,1226355.4477363704,"GMDCLTD,LTF,NETWEB,LAURUSLABS,GVT&D,RBLBANK,ABCAPITAL,INDIANB,MCX,HINDCOPPER",2026-01,2026
2026-01-09,NIFTY100,0.0,1267518.9108674934,0.0,1267518.9108674934,"MUTHOOTFIN,PAYTM,CANBK,SHRIRAMFIN,ASHOKLEY",2026-01,2026
2026-01-09,NIFTY500,0.0,1205357.7203676621,0.0,1205357.7203676621,"GMDCLTD,LTF,NETWEB,LAURUSLABS,GVT&D,RBLBANK,ABCAPITAL,INDIANB,MCX,HINDCOPPER",2026-01,2026
2026-01-12,NIFTY100,0.0,1267405.9834543709,0.0,1267405.9834543709,"MUTHOOTFIN,PAYTM,CANBK,SHRIRAMFIN,ASHOKLEY",2026-01,2026
2026-01-12,NIFTY500,0.0,1202790.5190354157,0.0,1202790.5190354157,"GMDCLTD,LTF,NETWEB,LAURUSLABS,GVT&D,RBLBANK,ABCAPITAL,INDIANB,MCX,HINDCOPPER",2026-01,2026
2026-01-13,NIFTY100,0.0,1272609.1921961985,0.0,1272609.1921961985,"MUTHOOTFIN,PAYTM,CANBK,SHRIRAMFIN,ASHOKLEY",2026-01,2026
2026-01-13,NIFTY500,102311.50695757162,1097270.6377735327,0.0,1199582.1447311044,"GMDCLTD,LTF,NETWEB,LAURUSLABS,RBLBANK,ABCAPITAL,INDIANB,MCX,HINDCOPPER",2026-01,2026
2026-01-14,NIFTY100,0.0,1286242.645405346,0.0,1286242.645405346,"MUTHOOTFIN,PAYTM,CANBK,SHRIRAMFIN,ASHOKLEY",2026-01,2026
2026-01-14,NIFTY500,102311.50695757162,1124936.69698419,0.0,1227248.2039417617,"GMDCLTD,LTF,NETWEB,LAURUSLABS,RBLBANK,ABCAPITAL,INDIANB,MCX,HINDCOPPER",2026-01,2026
2026-01-16,NIFTY100,0.0,1297123.6542242987,0.0,1297123.6542242987,"MUTHOOTFIN,PAYTM,CANBK,SHRIRAMFIN,ASHOKLEY",2026-01,2026
2026-01-16,NIFTY500,102311.50695757162,1132332.0633772374,0.0,1234643.5703348091,"GMDCLTD,LTF,NETWEB,LAURUSLABS,RBLBANK,ABCAPITAL,INDIANB,MCX,HINDCOPPER",2026-01,2026
2026-01-19,NIFTY100,0.0,1304424.6596442594,0.0,1304424.6596442594,"MUTHOOTFIN,PAYTM,CANBK,SHRIRAMFIN,ASHOKLEY",2026-01,2026
2026-01-19,NIFTY500,102311.50695757162,1118166.8398895422,0.0,1220478.346847114,"GMDCLTD,LTF,NETWEB,LAURUSLABS,RBLBANK,ABCAPITAL,INDIANB,MCX,HINDCOPPER",2026-01,2026
2026-01-20,NIFTY100,0.0,1276049.600883464,0.0,1276049.600883464,"MUTHOOTFIN,PAYTM,CANBK,SHRIRAMFIN,ASHOKLEY",2026-01,2026
2026-01-20,NIFTY500,226071.3594574143,968678.5073739788,0.0,1194749.8668313932,"GMDCLTD,LTF,NETWEB,LAURUSLABS,ABCAPITAL,INDIANB,MCX,HINDCOPPER",2026-01,2026
2026-01-21,NIFTY100,0.0,1258577.4487463876,0.0,1258577.4487463876,"MUTHOOTFIN,PAYTM,CANBK,SHRIRAMFIN,ASHOKLEY",2026-01,2026
2026-01-21,NIFTY500,333793.31169470405,843448.8780578454,0.0,1177242.1897525494,"LTF,NETWEB,LAURUSLABS,ABCAPITAL,INDIANB,MCX,HINDCOPPER",2026-01,2026
2026-01-22,NIFTY100,0.0,1282810.2723450486,0.0,1282810.2723450486,"MUTHOOTFIN,CANBK,SHRIRAMFIN,ASHOKLEY,HINDZINC",2026-01,2026
2026-01-22,NIFTY500,0.0,1185978.8198160816,0.0,1185978.8198160816,"LTF,NETWEB,LAURUSLABS,ABCAPITAL,INDIANB,MCX,HINDCOPPER,NATIONALUM,JKTYRE,AUBANK",2026-01,2026
2026-01-23,NIFTY100,0.0,1278654.6053423563,0.0,1278654.6053423563,"MUTHOOTFIN,CANBK,SHRIRAMFIN,ASHOKLEY,HINDZINC",2026-01,2026
2026-01-23,NIFTY500,0.0,1177184.4312568794,0.0,1177184.4312568794,"LTF,NETWEB,LAURUSLABS,ABCAPITAL,INDIANB,MCX,HINDCOPPER,NATIONALUM,JKTYRE,AUBANK",2026-01,2026
2026-01-27,NIFTY100,0.0,0.0,1293953.729622109,1293953.729622109,GOLDBEES,2026-01,2026
2026-01-27,NIFTY500,0.0,0.0,1186923.2792758148,1186923.2792758148,GOLDBEES,2026-01,2026
2026-01-28,NIFTY100,0.0,0.0,1346187.6746551993,1346187.6746551993,GOLDBEES,2026-01,2026
2026-01-28,NIFTY500,0.0,0.0,1234836.6504489046,1234836.6504489046,GOLDBEES,2026-01,2026
2026-01-29,NIFTY100,0.0,0.0,1452340.3599372138,1452340.3599372138,GOLDBEES,2026-01,2026
2026-01-29,NIFTY500,0.0,0.0,1332208.828784569,1332208.828784569,GOLDBEES,2026-01,2026
2026-01-30,NIFTY100,0.0,0.0,1299603.2381757423,1299603.2381757423,GOLDBEES,2026-01,2026
2026-01-30,NIFTY500,0.0,0.0,1192105.484068202,1192105.484068202,GOLDBEES,2026-01,2026
2026-02-02,NIFTY100,0.0,0.0,1176204.3901605876,1176204.3901605876,GOLDBEES,2026-02,2026
2026-02-02,NIFTY500,0.0,0.0,1078913.6735791364,1078913.6735791364,GOLDBEES,2026-02,2026
2026-02-03,NIFTY100,0.0,0.0,1240926.841921459,1240926.841921459,GOLDBEES,2026-02,2026
2026-02-03,NIFTY500,0.0,0.0,1138282.5543421442,1138282.5543421442,GOLDBEES,2026-02,2026
2026-02-04,NIFTY100,0.0,0.0,1284537.7812071538,1284537.7812071538,GOLDBEES,2026-02,2026
2026-02-04,NIFTY500,0.0,0.0,1178286.178802806,1178286.178802806,GOLDBEES,2026-02,2026
2026-02-05,NIFTY100,0.0,0.0,1241125.1153979364,1241125.1153979364,GOLDBEES,2026-02,2026
2026-02-05,NIFTY500,0.0,0.0,1138464.4274644256,1138464.4274644256,GOLDBEES,2026-02,2026
2026-02-06,NIFTY100,0.0,0.0,1239341.0322055141,1239341.0322055141,GOLDBEES,2026-02,2026
2026-02-06,NIFTY500,0.0,0.0,1136827.9161852556,1136827.9161852556,GOLDBEES,2026-02,2026
2026-02-09,NIFTY100,0.0,0.0,1268481.0324753532,1268481.0324753532,GOLDBEES,2026-02,2026
2026-02-09,NIFTY500,0.0,0.0,1163557.5772902756,1163557.5772902756,GOLDBEES,2026-02,2026
2026-02-10,NIFTY100,0.0,0.0,1272049.123241023,1272049.123241023,GOLDBEES,2026-02,2026
2026-02-10,NIFTY500,0.0,0.0,1166830.5304843432,1166830.5304843432,GOLDBEES,2026-02,2026
2026-02-11,NIFTY100,0.0,0.0,1275617.2896258675,1275617.2896258675,GOLDBEES,2026-02,2026
2026-02-11,NIFTY500,0.0,0.0,1170103.5530426833,1170103.5530426833,GOLDBEES,2026-02,2026
2026-02-12,NIFTY100,0.0,0.0,1273833.28205262,1273833.28205262,GOLDBEES,2026-02,2026
2026-02-12,NIFTY500,0.0,0.0,1168467.1111277856,1168467.1111277856,GOLDBEES,2026-02,2026
2026-02-13,NIFTY100,0.0,0.0,1249847.2578835704,1249847.2578835704,GOLDBEES,2026-02,2026
2026-02-13,NIFTY500,0.0,0.0,1146465.1107379945,1146465.1107379945,GOLDBEES,2026-02,2026
2026-02-16,NIFTY100,0.0,0.0,1257974.731178122,1257974.731178122,GOLDBEES,2026-02,2026
2026-02-16,NIFTY500,0.0,0.0,1153920.3133732642,1153920.3133732642,GOLDBEES,2026-02,2026
2026-02-17,NIFTY100,0.0,0.0,1234781.7252958072,1234781.7252958072,GOLDBEES,2026-02,2026
2026-02-17,NIFTY500,0.0,0.0,1132645.736108326,1132645.736108326,GOLDBEES,2026-02,2026
2026-02-18,NIFTY100,0.0,0.0,1235376.3944868897,1235376.3944868897,GOLDBEES,2026-02,2026
2026-02-18,NIFTY500,0.0,0.0,1133191.2167466253,1133191.2167466253,GOLDBEES,2026-02,2026
2026-02-19,NIFTY100,0.0,0.0,1259659.6776323058,1259659.6776323058,GOLDBEES,2026-02,2026
2026-02-19,NIFTY500,0.0,0.0,1155465.8880912936,1155465.8880912936,GOLDBEES,2026-02,2026
2026-02-20,NIFTY100,0.0,0.0,1264119.923422949,1264119.923422949,GOLDBEES,2026-02,2026
2026-02-20,NIFTY500,0.0,0.0,1159557.200971355,1159557.200971355,GOLDBEES,2026-02,2026
2026-02-23,NIFTY100,0.0,0.0,1288502.3433066036,1288502.3433066036,GOLDBEES,2026-02,2026
2026-02-23,NIFTY500,0.0,0.0,1181922.808877164,1181922.808877164,GOLDBEES,2026-02,2026
2026-02-24,NIFTY100,0.0,0.0,1300594.4543197798,1300594.4543197798,GOLDBEES,2026-02,2026
2026-02-24,NIFTY500,0.0,0.0,1193014.710951064,1193014.710951064,GOLDBEES,2026-02,2026
2026-02-25,NIFTY100,0.0,0.0,1305252.8979677253,1305252.8979677253,GOLDBEES,2026-02,2026
2026-02-25,NIFTY500,0.0,0.0,1197287.8275891342,1197287.8275891342,GOLDBEES,2026-02,2026
2026-02-26,NIFTY100,0.0,0.0,1293259.8480736131,1293259.8480736131,GOLDBEES,2026-02,2026
2026-02-26,NIFTY500,0.0,0.0,1186286.7927121024,1186286.7927121024,GOLDBEES,2026-02,2026
2026-02-27,NIFTY100,0.0,0.0,1304360.8941811016,1304360.8941811016,GOLDBEES,2026-02,2026
2026-02-27,NIFTY500,0.0,0.0,1196469.6066316855,1196469.6066316855,GOLDBEES,2026-02,2026
2026-03-02,NIFTY100,0.0,0.0,1370966.565872634,1370966.565872634,GOLDBEES,2026-03,2026
2026-03-02,NIFTY500,0.0,0.0,1257565.935235004,1257565.935235004,GOLDBEES,2026-03,2026
2026-03-04,NIFTY100,0.0,0.0,1327752.173539894,1327752.173539894,GOLDBEES,2026-03,2026
2026-03-04,NIFTY500,0.0,0.0,1217926.057018905,1217926.057018905,GOLDBEES,2026-03,2026
2026-03-05,NIFTY100,0.0,0.0,1310704.284283231,1310704.284283231,GOLDBEES,2026-03,2026
2026-03-05,NIFTY500,0.0,0.0,1202288.297987785,1202288.297987785,GOLDBEES,2026-03,2026
2026-03-06,NIFTY100,0.0,0.0,1296629.89222033,1296629.89222033,GOLDBEES,2026-03,2026
2026-03-06,NIFTY500,0.0,0.0,1189378.080876706,1189378.080876706,GOLDBEES,2026-03,2026
2026-03-09,NIFTY100,0.0,0.0,1301883.0050593582,1301883.0050593582,GOLDBEES,2026-03,2026
2026-03-09,NIFTY500,0.0,0.0,1194196.6781530755,1194196.6781530755,GOLDBEES,2026-03,2026
2026-03-10,NIFTY100,0.0,0.0,1310307.737330276,1310307.737330276,GOLDBEES,2026-03,2026
2026-03-10,NIFTY500,0.0,0.0,1201924.5517432224,1201924.5517432224,GOLDBEES,2026-03,2026
2026-03-11,NIFTY100,0.0,0.0,1315362.7279311765,1315362.7279311765,GOLDBEES,2026-03,2026
2026-03-11,NIFTY500,0.0,0.0,1206561.4146258554,1206561.4146258554,GOLDBEES,2026-03,2026
2026-03-12,NIFTY100,0.0,0.0,1312587.3529755422,1312587.3529755422,GOLDBEES,2026-03,2026
2026-03-12,NIFTY500,0.0,0.0,1204015.607099551,1204015.607099551,GOLDBEES,2026-03,2026
2026-03-13,NIFTY100,0.0,0.0,1291674.1139768432,1291674.1139768432,GOLDBEES,2026-03,2026
2026-03-13,NIFTY500,0.0,0.0,1184832.2239194862,1184832.2239194862,GOLDBEES,2026-03,2026
2026-03-16,NIFTY100,0.0,0.0,1260948.2283718842,1260948.2283718842,GOLDBEES,2026-03,2026
2026-03-16,NIFTY500,0.0,0.0,1156647.8552933051,1156647.8552933051,GOLDBEES,2026-03,2026
2026-03-17,NIFTY100,0.0,0.0,1270859.784858858,1270859.784858858,GOLDBEES,2026-03,2026
2026-03-17,NIFTY500,0.0,0.0,1165739.569207745,1165739.569207745,GOLDBEES,2026-03,2026
2026-03-18,NIFTY100,0.0,0.0,1267787.2265460321,1267787.2265460321,GOLDBEES,2026-03,2026
2026-03-18,NIFTY500,0.0,0.0,1162921.1600908358,1162921.1600908358,GOLDBEES,2026-03,2026
2026-03-19,NIFTY100,0.0,0.0,1202470.0299749034,1202470.0299749034,GOLDBEES,2026-03,2026
2026-03-19,NIFTY500,0.0,0.0,1103006.7293252563,1103006.7293252563,GOLDBEES,2026-03,2026
2026-03-20,NIFTY100,0.0,0.0,1199893.0041149212,1199893.0041149212,GOLDBEES,2026-03,2026
2026-03-20,NIFTY500,0.0,0.0,1100642.8642855056,1100642.8642855056,GOLDBEES,2026-03,2026
2026-03-23,NIFTY100,0.0,0.0,1097407.5463368152,1097407.5463368152,GOLDBEES,2026-03,2026
2026-03-23,NIFTY500,0.0,0.0,1006634.5757050497,1006634.5757050497,GOLDBEES,2026-03,2026
2026-03-24,NIFTY100,0.0,0.0,1144685.6375072438,1144685.6375072438,GOLDBEES,2026-03,2026
2026-03-24,NIFTY500,0.0,0.0,1050002.0205566473,1050002.0205566473,GOLDBEES,2026-03,2026
2026-03-25,NIFTY100,0.0,0.0,1182349.5824054144,1182349.5824054144,GOLDBEES,2026-03,2026
2026-03-25,NIFTY500,0.0,0.0,1084550.5611772272,1084550.5611772272,GOLDBEES,2026-03,2026
2026-03-27,NIFTY100,0.0,0.0,1164905.2218149714,1164905.2218149714,GOLDBEES,2026-03,2026
2026-03-27,NIFTY500,0.0,0.0,1068549.125265817,1068549.125265817,GOLDBEES,2026-03,2026
2026-03-30,NIFTY100,0.0,0.0,1201181.5548544996,1201181.5548544996,GOLDBEES,2026-03,2026
2026-03-30,NIFTY500,0.0,0.0,1101824.831487517,1101824.831487517,GOLDBEES,2026-03,2026
2026-04-01,NIFTY100,0.0,0.0,1222788.7510208697,1222788.7510208697,GOLDBEES,2026-04,2026
2026-04-01,NIFTY500,0.0,0.0,1121644.7705955666,1121644.7705955666,GOLDBEES,2026-04,2026
2026-04-02,NIFTY100,0.0,0.0,1195135.4993479117,1195135.4993479117,GOLDBEES,2026-04,2026
2026-04-02,NIFTY500,0.0,0.0,1096278.880450567,1096278.880450567,GOLDBEES,2026-04,2026
2026-04-06,NIFTY100,0.0,0.0,1217238.2279671254,1217238.2279671254,GOLDBEES,2026-04,2026
2026-04-06,NIFTY500,0.0,0.0,1116553.3636357752,1116553.3636357752,GOLDBEES,2026-04,2026
2026-04-07,NIFTY100,0.0,0.0,1207029.3368846104,1207029.3368846104,GOLDBEES,2026-04,2026
2026-04-07,NIFTY500,0.0,0.0,1107188.9094021858,1107188.9094021858,GOLDBEES,2026-04,2026
2026-04-08,NIFTY100,0.0,0.0,1232898.505365146,1232898.505365146,GOLDBEES,2026-04,2026
2026-04-08,NIFTY500,0.0,0.0,1130918.2882680153,1130918.2882680153,GOLDBEES,2026-04,2026
2026-04-09,NIFTY100,0.0,0.0,1221202.86568575,1221202.86568575,GOLDBEES,2026-04,2026
2026-04-09,NIFTY500,0.0,0.0,1120190.0630744055,1120190.0630744055,GOLDBEES,2026-04,2026
2026-04-10,NIFTY100,0.0,0.0,1223978.0894030347,1223978.0894030347,GOLDBEES,2026-04,2026
2026-04-10,NIFTY500,0.0,0.0,1122735.731872165,1122735.731872165,GOLDBEES,2026-04,2026
2026-04-13,NIFTY100,0.0,0.0,1226654.2520012555,1226654.2520012555,GOLDBEES,2026-04,2026
2026-04-13,NIFTY500,0.0,0.0,1125190.5334730563,1125190.5334730563,GOLDBEES,2026-04,2026
2026-04-15,NIFTY100,0.0,0.0,1239539.2300628168,1239539.2300628168,GOLDBEES,2026-04,2026
2026-04-15,NIFTY500,0.0,0.0,1137009.7199432645,1137009.7199432645,GOLDBEES,2026-04,2026
2026-04-16,NIFTY100,0.0,0.0,1244990.6163783222,1244990.6163783222,GOLDBEES,2026-04,2026
2026-04-16,NIFTY500,0.0,0.0,1142010.1903419152,1142010.1903419152,GOLDBEES,2026-04,2026
2026-04-17,NIFTY100,0.0,0.0,1236962.2798220094,1236962.2798220094,GOLDBEES,2026-04,2026
2026-04-17,NIFTY500,0.0,0.0,1134645.9242677863,1134645.9242677863,GOLDBEES,2026-04,2026
2026-04-20,NIFTY100,0.0,1236192.5889629885,0.0,1236192.5889629885,"SHRIRAMFIN,ABB,ADANIENSOL,APARINDS,ONGC",2026-04,2026
2026-04-20,NIFTY500,0.0,1133939.899023217,0.0,1133939.899023217,"NATIONALUM,ACUTAAS,MCX,GVT&D,BHARATFORG,ADANIPOWER,HINDCOPPER,GESHIP,CUMMINSIND,BSE",2026-04,2026
2026-04-21,NIFTY100,0.0,1250266.6185605044,0.0,1250266.6185605044,"SHRIRAMFIN,ABB,ADANIENSOL,APARINDS,ONGC",2026-04,2026
2026-04-21,NIFTY500,109862.26220282358,1022464.7951946977,0.0,1132327.0573975213,"NATIONALUM,ACUTAAS,MCX,GVT&D,BHARATFORG,ADANIPOWER,GESHIP,CUMMINSIND,BSE",2026-04,2026
2026-04-22,NIFTY100,0.0,1284094.9250967333,0.0,1284094.9250967333,"SHRIRAMFIN,ABB,ADANIENSOL,APARINDS,ONGC",2026-04,2026
2026-04-22,NIFTY500,0.0,1145439.4800680135,0.0,1145439.4800680135,"NATIONALUM,ACUTAAS,MCX,GVT&D,BHARATFORG,ADANIPOWER,GESHIP,CUMMINSIND,BSE,HINDCOPPER",2026-04,2026
2026-04-23,NIFTY100,0.0,1277275.4729882726,0.0,1277275.4729882726,"SHRIRAMFIN,ABB,ADANIENSOL,APARINDS,ONGC",2026-04,2026
2026-04-23,NIFTY500,108717.94189917111,1034885.4794753043,0.0,1143603.4213744754,"NATIONALUM,ACUTAAS,MCX,GVT&D,BHARATFORG,ADANIPOWER,GESHIP,CUMMINSIND,BSE",2026-04,2026
2026-04-24,NIFTY100,0.0,1271267.9074338153,0.0,1271267.9074338153,"SHRIRAMFIN,ABB,ADANIENSOL,APARINDS,ONGC",2026-04,2026
2026-04-24,NIFTY500,108717.94189917111,1034320.9112772355,0.0,1143038.8531764066,"NATIONALUM,ACUTAAS,MCX,GVT&D,BHARATFORG,ADANIPOWER,GESHIP,CUMMINSIND,BSE",2026-04,2026
2026-04-27,NIFTY100,0.0,1284734.5970641323,0.0,1284734.5970641323,"SHRIRAMFIN,ABB,ADANIENSOL,APARINDS,ONGC",2026-04,2026
2026-04-27,NIFTY500,108717.94189917111,1051850.410069049,0.0,1160568.3519682202,"NATIONALUM,ACUTAAS,MCX,GVT&D,BHARATFORG,ADANIPOWER,GESHIP,CUMMINSIND,BSE",2026-04,2026
2026-04-28,NIFTY100,0.0,1282131.4767311076,0.0,1282131.4767311076,"SHRIRAMFIN,ABB,ADANIENSOL,APARINDS,ONGC",2026-04,2026
2026-04-28,NIFTY500,108717.94189917111,1062479.7565611983,0.0,1171197.6984603694,"NATIONALUM,ACUTAAS,MCX,GVT&D,BHARATFORG,ADANIPOWER,GESHIP,CUMMINSIND,BSE",2026-04,2026
2026-04-29,NIFTY100,227235.5983888946,1062644.250373044,0.0,1289879.8487619387,"ABB,ADANIENSOL,APARINDS,ONGC",2026-04,2026
2026-04-29,NIFTY500,108717.94189917111,1069395.5049848831,0.0,1178113.4468840542,"NATIONALUM,ACUTAAS,MCX,GVT&D,BHARATFORG,ADANIPOWER,GESHIP,CUMMINSIND,BSE",2026-04,2026
2026-04-30,NIFTY100,227235.5983888946,1044673.1657663054,0.0,1271908.7641552,"ABB,ADANIENSOL,APARINDS,ONGC",2026-04,2026
2026-04-30,NIFTY500,108717.94189917111,1065961.9149525375,0.0,1174679.8568517086,"NATIONALUM,ACUTAAS,MCX,GVT&D,BHARATFORG,ADANIPOWER,GESHIP,CUMMINSIND,BSE",2026-04,2026
2026-05-04,NIFTY100,227235.5983888946,1052573.426763566,0.0,1279809.0251524607,"ABB,ADANIENSOL,APARINDS,ONGC",2026-05,2026
2026-05-04,NIFTY500,108717.94189917111,1070920.7137579708,0.0,1179638.655657142,"NATIONALUM,ACUTAAS,MCX,GVT&D,BHARATFORG,ADANIPOWER,GESHIP,CUMMINSIND,BSE",2026-05,2026
2026-05-05,NIFTY100,227235.5983888946,1062989.482584925,0.0,1290225.0809738196,"ABB,ADANIENSOL,APARINDS,ONGC",2026-05,2026
2026-05-05,NIFTY500,108717.94189917111,1075201.724749188,0.0,1183919.666648359,"NATIONALUM,ACUTAAS,MCX,GVT&D,BHARATFORG,ADANIPOWER,GESHIP,CUMMINSIND,BSE",2026-05,2026
2026-05-06,NIFTY100,471435.0111732663,796197.8835385435,0.0,1267632.8947118097,"ABB,ADANIENSOL,APARINDS",2026-05,2026
2026-05-06,NIFTY500,108717.94189917111,1086566.581192812,0.0,1195284.523091983,"NATIONALUM,ACUTAAS,MCX,GVT&D,BHARATFORG,ADANIPOWER,GESHIP,CUMMINSIND,BSE",2026-05,2026
2026-05-07,NIFTY100,471435.0111732663,801355.4442798274,0.0,1272790.4554530936,"ABB,ADANIENSOL,APARINDS",2026-05,2026
2026-05-07,NIFTY500,108717.94189917111,1107385.566045499,0.0,1216103.50794467,"NATIONALUM,ACUTAAS,MCX,GVT&D,BHARATFORG,ADANIPOWER,GESHIP,CUMMINSIND,BSE",2026-05,2026
2026-05-08,NIFTY100,471435.0111732663,788763.1079175856,0.0,1260198.1190908519,"ABB,ADANIENSOL,APARINDS",2026-05,2026
2026-05-08,NIFTY500,108717.94189917111,1104224.8665480823,0.0,1212942.8084472534,"NATIONALUM,ACUTAAS,MCX,GVT&D,BHARATFORG,ADANIPOWER,GESHIP,CUMMINSIND,BSE",2026-05,2026
2026-05-11,NIFTY100,471435.0111732663,764873.0596410683,0.0,1236308.0708143346,"ABB,ADANIENSOL,APARINDS",2026-05,2026
2026-05-11,NIFTY500,108717.94189917111,1098104.38258022,0.0,1206822.324479391,"NATIONALUM,ACUTAAS,MCX,GVT&D,BHARATFORG,ADANIPOWER,GESHIP,CUMMINSIND,BSE",2026-05,2026
2026-05-12,NIFTY100,693905.8106424425,520785.37175998295,0.0,1214691.1824024254,"ADANIENSOL,APARINDS",2026-05,2026
2026-05-12,NIFTY500,108717.94189917111,1068690.768197994,0.0,1177408.710097165,"NATIONALUM,ACUTAAS,MCX,GVT&D,BHARATFORG,ADANIPOWER,GESHIP,CUMMINSIND,BSE",2026-05,2026
2026-05-13,NIFTY100,693905.8106424425,526722.7150016401,0.0,1220628.5256440826,"ADANIENSOL,APARINDS",2026-05,2026
2026-05-13,NIFTY500,108717.94189917111,1086083.6454694679,0.0,1194801.587368639,"NATIONALUM,ACUTAAS,MCX,GVT&D,BHARATFORG,ADANIPOWER,GESHIP,CUMMINSIND,BSE",2026-05,2026
2026-05-14,NIFTY100,693905.8106424425,533574.8726912038,0.0,1227480.6833336465,"ADANIENSOL,APARINDS",2026-05,2026
2026-05-14,NIFTY500,108717.94189917111,1101718.3866791092,0.0,1210436.3285782803,"NATIONALUM,ACUTAAS,MCX,GVT&D,BHARATFORG,ADANIPOWER,GESHIP,CUMMINSIND,BSE",2026-05,2026
2026-05-15,NIFTY100,693905.8106424425,528692.4567451071,0.0,1222598.2673875496,"ADANIENSOL,APARINDS",2026-05,2026
2026-05-15,NIFTY500,108717.94189917111,1099963.4474475393,0.0,1208681.3893467104,"NATIONALUM,ACUTAAS,MCX,GVT&D,BHARATFORG,ADANIPOWER,GESHIP,CUMMINSIND,BSE",2026-05,2026
2026-05-18,NIFTY100,693905.8106424425,522920.8267630557,0.0,1216826.6374054982,"ADANIENSOL,APARINDS",2026-05,2026
2026-05-18,NIFTY500,108717.94189917111,1115108.3542956393,0.0,1223826.2961948104,"NATIONALUM,ACUTAAS,MCX,GVT&D,BHARATFORG,ADANIPOWER,GESHIP,CUMMINSIND,BSE",2026-05,2026
2026-05-19,NIFTY100,693905.8106424425,526870.4490438706,0.0,1220776.259686313,"ADANIENSOL,APARINDS",2026-05,2026
2026-05-19,NIFTY500,108717.94189917111,1121030.9290954128,0.0,1229748.870994584,"NATIONALUM,ACUTAAS,MCX,GVT&D,BHARATFORG,ADANIPOWER,GESHIP,CUMMINSIND,BSE",2026-05,2026
2026-05-20,NIFTY100,693905.8106424425,537635.7745338257,0.0,1231541.5851762681,"ADANIENSOL,APARINDS",2026-05,2026
2026-05-20,NIFTY500,108717.94189917111,1134284.1758700986,0.0,1243002.1177692697,"NATIONALUM,ACUTAAS,MCX,GVT&D,BHARATFORG,ADANIPOWER,GESHIP,CUMMINSIND,BSE",2026-05,2026
2026-05-21,NIFTY100,693905.8106424425,540707.9339901782,0.0,1234613.7446326208,"ADANIENSOL,APARINDS",2026-05,2026
2026-05-21,NIFTY500,108717.94189917111,1142714.8887403437,0.0,1251432.8306395148,"NATIONALUM,ACUTAAS,MCX,GVT&D,BHARATFORG,ADANIPOWER,GESHIP,CUMMINSIND,BSE",2026-05,2026
2026-05-22,NIFTY100,0.0,1237294.5763719731,0.0,1237294.5763719731,"ADANIENSOL,APARINDS,OFSS,ONGC,HINDZINC",2026-05,2026
2026-05-22,NIFTY500,0.0,1244189.5047262379,0.0,1244189.5047262379,"NATIONALUM,ACUTAAS,MCX,GVT&D,BHARATFORG,ADANIPOWER,GESHIP,CUMMINSIND,BSE,SCHNEIDER",2026-05,2026
2026-05-25,NIFTY100,0.0,1228923.791445373,0.0,1228923.791445373,"ADANIENSOL,APARINDS,OFSS,ONGC,HINDZINC",2026-05,2026
2026-05-25,NIFTY500,0.0,1254588.1292136435,0.0,1254588.1292136435,"NATIONALUM,ACUTAAS,MCX,GVT&D,BHARATFORG,ADANIPOWER,GESHIP,CUMMINSIND,BSE,SCHNEIDER",2026-05,2026
2026-05-26,NIFTY100,224312.37259884196,1028162.8323548697,0.0,1252475.2049537117,"ADANIENSOL,APARINDS,OFSS,HINDZINC",2026-05,2026
2026-05-26,NIFTY500,0.0,1277777.6149028991,0.0,1277777.6149028991,"NATIONALUM,ACUTAAS,MCX,GVT&D,BHARATFORG,ADANIPOWER,GESHIP,CUMMINSIND,BSE,SCHNEIDER",2026-05,2026
2026-05-27,NIFTY100,224312.37259884196,1072819.1310879646,0.0,1297131.5036868067,"ADANIENSOL,APARINDS,OFSS,HINDZINC",2026-05,2026
2026-05-27,NIFTY500,0.0,1281874.0170062198,0.0,1281874.0170062198,"NATIONALUM,ACUTAAS,MCX,GVT&D,BHARATFORG,ADANIPOWER,GESHIP,CUMMINSIND,BSE,SCHNEIDER",2026-05,2026
2026-05-29,NIFTY100,224312.37259884196,1047173.7540872663,0.0,1271486.1266861083,"ADANIENSOL,APARINDS,OFSS,HINDZINC",2026-05,2026
2026-05-29,NIFTY500,112382.96538577655,1145323.9067250572,0.0,1257706.8721108336,"NATIONALUM,ACUTAAS,MCX,GVT&D,BHARATFORG,ADANIPOWER,CUMMINSIND,BSE,SCHNEIDER",2026-05,2026
2026-06-01,NIFTY100,224312.37259884196,1039973.5477798416,0.0,1264285.9203786836,"ADANIENSOL,APARINDS,OFSS,HINDZINC",2026-06,2026
2026-06-01,NIFTY500,112382.96538577655,1108507.6558131753,0.0,1220890.6211989517,"NATIONALUM,ACUTAAS,MCX,GVT&D,BHARATFORG,ADANIPOWER,CUMMINSIND,BSE,SCHNEIDER",2026-06,2026
2026-06-02,NIFTY100,224312.37259884196,1059976.2839653725,0.0,1284288.6565642145,"ADANIENSOL,APARINDS,OFSS,HINDZINC",2026-06,2026
2026-06-02,NIFTY500,112382.96538577655,1101823.8123467364,0.0,1214206.777732513,"NATIONALUM,ACUTAAS,MCX,GVT&D,BHARATFORG,ADANIPOWER,CUMMINSIND,BSE,SCHNEIDER",2026-06,2026
2026-06-03,NIFTY100,224312.37259884196,1044803.3957307457,0.0,1269115.7683295878,"ADANIENSOL,APARINDS,OFSS,HINDZINC",2026-06,2026
2026-06-03,NIFTY500,112382.96538577655,1106476.6522037594,0.0,1218859.617589536,"NATIONALUM,ACUTAAS,MCX,GVT&D,BHARATFORG,ADANIPOWER,CUMMINSIND,BSE,SCHNEIDER",2026-06,2026
2026-06-04,NIFTY100,444890.76724154333,832900.0788879709,0.0,1277790.8461295143,"ADANIENSOL,APARINDS,OFSS",2026-06,2026
2026-06-04,NIFTY500,239091.05871566196,982564.8578768303,0.0,1221655.9165924923,"NATIONALUM,ACUTAAS,MCX,GVT&D,BHARATFORG,ADANIPOWER,BSE,SCHNEIDER",2026-06,2026
2026-06-05,NIFTY100,444890.76724154333,844348.9608890328,0.0,1289239.7281305762,"ADANIENSOL,APARINDS,OFSS",2026-06,2026
2026-06-05,NIFTY500,333983.6672260679,887316.9438783918,0.0,1221300.6111044597,"NATIONALUM,ACUTAAS,MCX,GVT&D,BHARATFORG,ADANIPOWER,BSE",2026-06,2026
2026-06-08,NIFTY100,444890.76724154333,825464.0267827682,0.0,1270354.7940243115,"ADANIENSOL,APARINDS,OFSS",2026-06,2026
2026-06-08,NIFTY500,333983.6672260679,869554.9008835843,0.0,1203538.5681096523,"NATIONALUM,ACUTAAS,MCX,GVT&D,BHARATFORG,ADANIPOWER,BSE",2026-06,2026
2026-06-09,NIFTY100,444890.76724154333,831592.1718069073,0.0,1276482.9390484507,"ADANIENSOL,APARINDS,OFSS",2026-06,2026
2026-06-09,NIFTY500,333983.6672260679,875231.8236180998,0.0,1209215.4908441678,"NATIONALUM,ACUTAAS,MCX,GVT&D,BHARATFORG,ADANIPOWER,BSE",2026-06,2026
2026-06-10,NIFTY100,444890.76724154333,829197.4854415187,0.0,1274088.252683062,"ADANIENSOL,APARINDS,OFSS",2026-06,2026
2026-06-10,NIFTY500,333983.6672260679,864740.8120698844,0.0,1198724.4792959522,"NATIONALUM,ACUTAAS,MCX,GVT&D,BHARATFORG,ADANIPOWER,BSE",2026-06,2026
2026-06-11,NIFTY100,444890.76724154333,820768.8124639672,0.0,1265659.5797055105,"ADANIENSOL,APARINDS,OFSS",2026-06,2026
2026-06-11,NIFTY500,333983.6672260679,852709.4188857845,0.0,1186693.0861118524,"NATIONALUM,ACUTAAS,MCX,GVT&D,BHARATFORG,ADANIPOWER,BSE",2026-06,2026
2026-06-12,NIFTY100,665226.1405605816,620568.5089573229,0.0,1285794.6495179045,"ADANIENSOL,APARINDS",2026-06,2026
2026-06-12,NIFTY500,333983.6672260679,873124.3274983307,0.0,1207107.9947243987,"NATIONALUM,ACUTAAS,MCX,GVT&D,BHARATFORG,ADANIPOWER,BSE",2026-06,2026
2026-06-15,NIFTY100,665226.1405605816,637440.494887137,0.0,1302666.6354477187,"ADANIENSOL,APARINDS",2026-06,2026
2026-06-15,NIFTY500,333983.6672260679,876041.634156237,0.0,1210025.3013823049,"NATIONALUM,ACUTAAS,MCX,GVT&D,BHARATFORG,ADANIPOWER,BSE",2026-06,2026
2026-06-16,NIFTY100,665226.1405605816,641188.6692392933,0.0,1306414.809799875,"ADANIENSOL,APARINDS",2026-06,2026
2026-06-16,NIFTY500,333983.6672260679,870379.1462816836,0.0,1204362.8135077516,"NATIONALUM,ACUTAAS,MCX,GVT&D,BHARATFORG,ADANIPOWER,BSE",2026-06,2026
2026-06-17,NIFTY100,665226.1405605816,639773.9349072288,0.0,1305000.0754678105,"ADANIENSOL,APARINDS",2026-06,2026
2026-06-17,NIFTY500,333983.6672260679,872811.2190840886,0.0,1206794.8863101564,"NATIONALUM,ACUTAAS,MCX,GVT&D,BHARATFORG,ADANIPOWER,BSE",2026-06,2026
2026-06-18,NIFTY100,665226.1405605816,639901.4353496474,0.0,1305127.575910229,"ADANIENSOL,APARINDS",2026-06,2026
2026-06-18,NIFTY500,333983.6672260679,885246.0398779905,0.0,1219229.7071040585,"NATIONALUM,ACUTAAS,MCX,GVT&D,BHARATFORG,ADANIPOWER,BSE",2026-06,2026
2026-06-19,NIFTY100,665226.1405605816,646808.4013036028,0.0,1312034.5418641844,"ADANIENSOL,APARINDS",2026-06,2026
2026-06-19,NIFTY500,432838.45642573305,803103.3100792798,0.0,1235941.7665050128,"ACUTAAS,MCX,GVT&D,BHARATFORG,ADANIPOWER,BSE",2026-06,2026
2026-06-22,NIFTY100,665226.1405605816,650804.1885302404,0.0,1316030.329090822,"ADANIENSOL,APARINDS",2026-06,2026
2026-06-22,NIFTY500,432838.45642573305,810192.1915424197,0.0,1243030.6479681528,"ACUTAAS,MCX,GVT&D,BHARATFORG,ADANIPOWER,BSE",2026-06,2026
2026-06-23,NIFTY100,0.0,1316569.0553353953,0.0,1316569.0553353953,"ADANIENSOL,APARINDS,POLYCAB,ADANIENT,ADANIPORTS",2026-06,2026
2026-06-23,NIFTY500,0.0,1238486.491206511,0.0,1238486.491206511,"ACUTAAS,MCX,GVT&D,BHARATFORG,ADANIPOWER,BSE,SYRMA,DATAPATTNS,SCHNEIDER,BHEL",2026-06,2026
2026-06-24,NIFTY100,0.0,1307448.4935778696,0.0,1307448.4935778696,"ADANIENSOL,APARINDS,POLYCAB,ADANIENT,ADANIPORTS",2026-06,2026
2026-06-24,NIFTY500,0.0,1218799.8734562849,0.0,1218799.8734562849,"ACUTAAS,MCX,GVT&D,BHARATFORG,ADANIPOWER,BSE,SYRMA,DATAPATTNS,SCHNEIDER,BHEL",2026-06,2026
2026-06-25,NIFTY100,0.0,1288051.432603843,0.0,1288051.432603843,"ADANIENSOL,APARINDS,POLYCAB,ADANIENT,ADANIPORTS",2026-06,2026
2026-06-25,NIFTY500,0.0,1216032.6311705257,0.0,1216032.6311705257,"ACUTAAS,MCX,GVT&D,BHARATFORG,ADANIPOWER,BSE,SYRMA,DATAPATTNS,SCHNEIDER,BHEL",2026-06,2026
2026-06-29,NIFTY100,0.0,1280688.6343750115,0.0,1280688.6343750115,"ADANIENSOL,APARINDS,POLYCAB,ADANIENT,ADANIPORTS",2026-06,2026
2026-06-29,NIFTY500,0.0,1235205.8637000178,0.0,1235205.8637000178,"ACUTAAS,MCX,GVT&D,BHARATFORG,ADANIPOWER,BSE,SYRMA,DATAPATTNS,SCHNEIDER,BHEL",2026-06,2026
2026-06-30,NIFTY100,0.0,1288871.8762675687,0.0,1288871.8762675687,"ADANIENSOL,APARINDS,POLYCAB,ADANIENT,ADANIPORTS",2026-06,2026
2026-06-30,NIFTY500,0.0,1222256.7145799925,0.0,1222256.7145799925,"ACUTAAS,MCX,GVT&D,BHARATFORG,ADANIPOWER,BSE,SYRMA,DATAPATTNS,SCHNEIDER,BHEL",2026-06,2026
2026-07-01,NIFTY100,0.0,1278128.1954501725,0.0,1278128.1954501725,"ADANIENSOL,APARINDS,POLYCAB,ADANIENT,ADANIPORTS",2026-07,2026
2026-07-01,NIFTY500,0.0,1234735.813030507,0.0,1234735.813030507,"ACUTAAS,MCX,GVT&D,BHARATFORG,ADANIPOWER,BSE,SYRMA,DATAPATTNS,SCHNEIDER,BHEL",2026-07,2026
2026-07-02,NIFTY100,0.0,1300866.8915350684,0.0,1300866.8915350684,"ADANIENSOL,APARINDS,POLYCAB,ADANIENT,ADANIPORTS",2026-07,2026
2026-07-02,NIFTY500,0.0,1237688.5084758583,0.0,1237688.5084758583,"ACUTAAS,MCX,GVT&D,BHARATFORG,ADANIPOWER,BSE,SYRMA,DATAPATTNS,SCHNEIDER,BHEL",2026-07,2026
2026-07-03,NIFTY100,0.0,1282815.1513238146,0.0,1282815.1513238146,"ADANIENSOL,APARINDS,POLYCAB,ADANIENT,ADANIPORTS",2026-07,2026
2026-07-03,NIFTY500,0.0,1211755.896834208,0.0,1211755.896834208,"ACUTAAS,MCX,GVT&D,BHARATFORG,ADANIPOWER,BSE,SYRMA,DATAPATTNS,SCHNEIDER,BHEL",2026-07,2026
2026-07-06,NIFTY100,0.0,1295870.8090579305,0.0,1295870.8090579305,"ADANIENSOL,APARINDS,POLYCAB,ADANIENT,ADANIPORTS",2026-07,2026
2026-07-06,NIFTY500,124054.48429565539,1084194.1712898812,0.0,1208248.6555855367,"ACUTAAS,MCX,BHARATFORG,ADANIPOWER,BSE,SYRMA,DATAPATTNS,SCHNEIDER,BHEL",2026-07,2026
2026-07-07,NIFTY100,0.0,1282911.2756573441,0.0,1282911.2756573441,"ADANIENSOL,APARINDS,POLYCAB,ADANIENT,ADANIPORTS",2026-07,2026
2026-07-07,NIFTY500,228670.9789914778,952693.8381310567,0.0,1181364.8171225346,"ACUTAAS,BHARATFORG,ADANIPOWER,BSE,SYRMA,DATAPATTNS,SCHNEIDER,BHEL",2026-07,2026
2026-07-08,NIFTY100,203843.1489372332,1051347.401135202,0.0,1255190.5500724353,"ADANIENSOL,APARINDS,ADANIENT,ADANIPORTS",2026-07,2026
2026-07-08,NIFTY500,228670.9789914778,955042.9686223823,0.0,1183713.94761386,"ACUTAAS,BHARATFORG,ADANIPOWER,BSE,SYRMA,DATAPATTNS,SCHNEIDER,BHEL",2026-07,2026
2026-07-09,NIFTY100,203843.1489372332,1061164.8407188416,0.0,1265007.989656075,"ADANIENSOL,APARINDS,ADANIENT,ADANIPORTS",2026-07,2026
2026-07-09,NIFTY500,228670.9789914778,965047.9310134248,0.0,1193718.9100049026,"ACUTAAS,BHARATFORG,ADANIPOWER,BSE,SYRMA,DATAPATTNS,SCHNEIDER,BHEL",2026-07,2026
2026-07-10,NIFTY100,203843.1489372332,1076608.920408755,0.0,1280452.0693459883,"ADANIENSOL,APARINDS,ADANIENT,ADANIPORTS",2026-07,2026
2026-07-10,NIFTY500,228670.9789914778,963120.204395851,0.0,1191791.1833873289,"ACUTAAS,BHARATFORG,ADANIPOWER,BSE,SYRMA,DATAPATTNS,SCHNEIDER,BHEL",2026-07,2026
2026-07-13,NIFTY100,203843.1489372332,1069530.992384788,0.0,1273374.1413220214,"ADANIENSOL,APARINDS,ADANIENT,ADANIPORTS",2026-07,2026
2026-07-13,NIFTY500,228670.9789914778,965085.8193687714,0.0,1193756.7983602493,"ACUTAAS,BHARATFORG,ADANIPOWER,BSE,SYRMA,DATAPATTNS,SCHNEIDER,BHEL",2026-07,2026
2026-07-14,NIFTY100,203843.1489372332,1075363.1469465876,0.0,1279206.2958838209,"ADANIENSOL,APARINDS,ADANIENT,ADANIPORTS",2026-07,2026
2026-07-14,NIFTY500,228670.9789914778,960905.7591481103,0.0,1189576.7381395882,"ACUTAAS,BHARATFORG,ADANIPOWER,BSE,SYRMA,DATAPATTNS,SCHNEIDER,BHEL",2026-07,2026
2026-07-15,NIFTY100,203843.1489372332,1072601.8829976525,0.0,1276445.0319348858,"ADANIENSOL,APARINDS,ADANIENT,ADANIPORTS",2026-07,2026
2026-07-15,NIFTY500,228670.9789914778,957134.353234164,0.0,1185805.3322256417,"ACUTAAS,BHARATFORG,ADANIPOWER,BSE,SYRMA,DATAPATTNS,SCHNEIDER,BHEL",2026-07,2026
2026-07-16,NIFTY100,203843.1489372332,1087989.232245781,0.0,1291832.3811830143,"ADANIENSOL,APARINDS,ADANIENT,ADANIPORTS",2026-07,2026
2026-07-16,NIFTY500,228670.9789914778,960751.1500818706,0.0,1189422.1290733484,"ACUTAAS,BHARATFORG,ADANIPOWER,BSE,SYRMA,DATAPATTNS,SCHNEIDER,BHEL",2026-07,2026
2026-07-17,NIFTY100,203843.1489372332,1086748.3845146545,0.0,1290591.5334518878,"ADANIENSOL,APARINDS,ADANIENT,ADANIPORTS",2026-07,2026
2026-07-17,NIFTY500,433939.0848805214,746428.0972192897,0.0,1180367.1820998113,"ACUTAAS,BHARATFORG,ADANIPOWER,SYRMA,SCHNEIDER,BHEL",2026-07,2026
2026-07-20,NIFTY100,203843.1489372332,1091718.2003048514,0.0,1295561.3492420847,"ADANIENSOL,APARINDS,ADANIENT,ADANIPORTS",2026-07,2026
2026-07-20,NIFTY500,433939.0848805214,754846.3677332299,0.0,1188785.4526137514,"ACUTAAS,BHARATFORG,ADANIPOWER,SYRMA,SCHNEIDER,BHEL",2026-07,2026
2026-07-21,NIFTY100,203843.1489372332,1093290.3125499645,0.0,1297133.4614871978,"ADANIENSOL,APARINDS,ADANIENT,ADANIPORTS",2026-07,2026
2026-07-21,NIFTY500,433939.0848805214,758346.1515924822,0.0,1192285.2364730036,"ACUTAAS,BHARATFORG,ADANIPOWER,SYRMA,SCHNEIDER,BHEL",2026-07,2026
2026-07-22,NIFTY100,0.0,1283171.1365227096,0.0,1283171.1365227096,"ADANIENSOL,APARINDS,ADANIENT,ADANIPORTS,ARVIND",2026-07,2026
2026-07-22,NIFTY500,0.0,1186712.789418814,0.0,1186712.789418814,"ACUTAAS,BHARATFORG,ADANIPOWER,SYRMA,SCHNEIDER,BHEL,AEGISLOG,LAURUSLABS,HSCL,HONASA",2026-07,2026
2026-07-23,NIFTY100,214718.02677378274,1034326.0147336917,0.0,1249044.0415074744,"ADANIENSOL,APARINDS,ADANIENT,ARVIND",2026-07,2026
2026-07-23,NIFTY500,0.0,1166716.0869198767,0.0,1166716.0869198767,"ACUTAAS,BHARATFORG,ADANIPOWER,SYRMA,SCHNEIDER,BHEL,AEGISLOG,LAURUSLABS,HSCL,HONASA",2026-07,2026
2026-07-24,NIFTY100,214718.02677378274,1054415.9901938108,0.0,1269134.0169675935,"ADANIENSOL,APARINDS,ADANIENT,ARVIND",2026-07,2026
2026-07-24,NIFTY500,121927.73230553606,1033046.6539117753,0.0,1154974.3862173115,"ACUTAAS,BHARATFORG,SYRMA,SCHNEIDER,BHEL,AEGISLOG,LAURUSLABS,HSCL,HONASA",2026-07,2026
2026-07-27,NIFTY100,214718.02677378274,1053712.437179088,0.0,1268430.4639528706,"ADANIENSOL,APARINDS,ADANIENT,ARVIND",2026-07,2026
2026-07-27,NIFTY500,121927.73230553606,1040937.5828128565,0.0,1162865.3151183927,"ACUTAAS,BHARATFORG,SYRMA,SCHNEIDER,BHEL,AEGISLOG,LAURUSLABS,HSCL,HONASA",2026-07,2026
2026-07-28,NIFTY100,214718.02677378274,1037857.4273765075,0.0,1252575.4541502902,"ADANIENSOL,APARINDS,ADANIENT,ARVIND",2026-07,2026
2026-07-28,NIFTY500,121927.73230553606,1018540.1867906079,0.0,1140467.919096144,"ACUTAAS,BHARATFORG,SYRMA,SCHNEIDER,BHEL,AEGISLOG,LAURUSLABS,HSCL,HONASA",2026-07,2026
2026-07-29,NIFTY100,214718.02677378274,1031243.4695516049,0.0,1245961.4963253876,"ADANIENSOL,APARINDS,ADANIENT,ARVIND",2026-07,2026
2026-07-29,NIFTY500,121927.73230553606,1038948.6350576885,0.0,1160876.3673632245,"ACUTAAS,BHARATFORG,SYRMA,SCHNEIDER,BHEL,AEGISLOG,LAURUSLABS,HSCL,HONASA",2026-07,2026
2026-07-30,NIFTY100,214718.02677378274,1036553.2525954251,0.0,1251271.2793692078,"ADANIENSOL,APARINDS,ADANIENT,ARVIND",2026-07,2026
2026-07-30,NIFTY500,121927.73230553606,1031499.5535251567,0.0,1153427.2858306929,"ACUTAAS,BHARATFORG,SYRMA,SCHNEIDER,BHEL,AEGISLOG,LAURUSLABS,HSCL,HONASA",2026-07,2026
2026-07-31,NIFTY100,214718.02677378274,1046469.7052535014,0.0,1261187.732027284,"ADANIENSOL,APARINDS,ADANIENT,ARVIND",2026-07,2026
2026-07-31,NIFTY500,121927.73230553606,1036484.8122921444,0.0,1158412.5445976804,"ACUTAAS,BHARATFORG,SYRMA,SCHNEIDER,BHEL,AEGISLOG,LAURUSLABS,HSCL,HONASA",2026-07,2026
2026-08-03,NIFTY100,214718.02677378274,1052513.2810726296,0.0,1267231.3078464123,"ADANIENSOL,APARINDS,ADANIENT,ARVIND",2026-08,2026
2026-08-03,NIFTY500,121927.73230553606,1036484.8122921444,0.0,1158412.5445976804,"ACUTAAS,BHARATFORG,SYRMA,SCHNEIDER,BHEL,AEGISLOG,LAURUSLABS,HSCL,HONASA",2026-08,2026
2026-08-04,NIFTY100,214718.02677378274,1082212.1637756578,0.0,1296930.1905494404,"ADANIENSOL,APARINDS,ADANIENT,ARVIND",2026-08,2026
2026-08-04,NIFTY500,121927.73230553606,1055501.7144194557,0.0,1177429.4467249918,"ACUTAAS,BHARATFORG,SYRMA,SCHNEIDER,BHEL,AEGISLOG,LAURUSLABS,HSCL,HONASA",2026-08,2026
2026-08-05,NIFTY100,214718.02677378274,1089245.8799714413,0.0,1303963.906745224,"ADANIENSOL,APARINDS,ADANIENT,ARVIND",2026-08,2026
2026-08-05,NIFTY500,121927.73230553606,1064170.7134228281,0.0,1186098.4457283642,"ACUTAAS,BHARATFORG,SYRMA,SCHNEIDER,BHEL,AEGISLOG,LAURUSLABS,HSCL,HONASA",2026-08,2026
2026-08-06,NIFTY100,214718.02677378274,1089657.5206264874,0.0,1304375.5474002701,"ADANIENSOL,APARINDS,ADANIENT,ARVIND",2026-08,2026
2026-08-06,NIFTY500,121927.73230553606,1063299.644384646,0.0,1185227.3766901821,"ACUTAAS,BHARATFORG,SYRMA,SCHNEIDER,BHEL,AEGISLOG,LAURUSLABS,HSCL,HONASA",2026-08,2026
2026-08-07,NIFTY100,432532.12148252246,887055.3373838832,0.0,1319587.4588664058,"ADANIENSOL,APARINDS,ARVIND",2026-08,2026
2026-08-07,NIFTY500,121927.73230553606,1070871.9479402443,0.0,1192799.6802457804,"ACUTAAS,BHARATFORG,SYRMA,SCHNEIDER,BHEL,AEGISLOG,LAURUSLABS,HSCL,HONASA",2026-08,2026
