rebalance_date,beginning_value,ending_value,monthly_return,cash,invested_value,realized_pnl,unrealized_pnl,buy_value,sell_value,buy_transaction_costs,sell_transaction_costs,transaction_costs,turnover,holdings
2021-08-10 00:00:00,1000000,973203.6753883052,-0.026796324611694785,0.0,973203.6753883052,0.0,-26796.324611694727,0.0,0.0,0,0,0,0.0,3
2021-08-11 00:00:00,973203.6753883052,991494.772641367,0.0187947268548526,0.0,991494.772641367,0.0,12945.803033310396,0.0,0.0,0,0,0,0.0,3
2021-08-12 00:00:00,991494.772641367,994650.8025635747,0.00318310293638761,0.0,994650.8025635747,0.0,-718.816775347339,0.0,0.0,0,0,0,0.0,3
2021-08-13 00:00:00,994650.8025635747,1004155.7869725402,0.009556101884669141,0.0,1004155.7869725402,0.0,8444.44225150143,0.0,0.0,0,0,0,0.0,3
2021-08-16 00:00:00,1004155.7869725402,1026619.7051994903,0.02237094932717288,0.0,1026619.7051994903,0.0,25251.679417356674,0.0,0.0,0,0,0,0.0,3
2021-08-17 00:00:00,1026619.7051994903,1021153.6913778438,-0.005324282978363747,0.0,1021153.6913778438,0.0,-3735.415602122899,0.0,0.0,0,0,0,0.0,3
2021-08-18 00:00:00,1021153.6913778438,1015369.7630608999,-0.005664111451371898,0.0,1015369.7630608999,0.0,-8904.187960518117,0.0,0.0,0,0,0,0.0,3
2021-08-20 00:00:00,1015369.7630608999,981609.3055980724,-0.03324942172894178,0.0,981609.3055980724,0.0,-18498.491892251826,0.0,0.0,0,0,0,0.0,3
2021-08-23 00:00:00,981609.3055980724,983221.4154718735,0.0016423131531122747,309099.56812558364,674121.8473462899,-24233.765207749693,-8392.41856262926,0.0,0.0,0,320.6292534492857,320.6292534492857,0.0,2
2021-08-24 00:00:00,983221.4154718735,1019376.598447304,0.03677216790287129,0.0,1019376.598447304,0.0,35462.124612475396,0.0,0.0,0,0,0,0.0,3
2021-08-25 00:00:00,1019376.598447304,999752.1863408862,-0.01925138573546751,0.0,999752.1863408862,0.0,-19985.041310948844,0.0,0.0,0,0,0,0.0,3
2021-08-26 00:00:00,999752.1863408862,998238.5842890916,-0.0015139772360332055,0.0,998238.5842890916,0.0,-4546.852756798966,0.0,0.0,0,0,0,0.0,3
2021-08-27 00:00:00,998238.5842890916,1001122.2526996133,0.002888756711979171,0.0,1001122.2526996133,0.0,473.5524690806051,0.0,0.0,0,0,0,0.0,3
2021-08-30 00:00:00,1001122.2526996133,1021096.5278235269,0.01995188406815568,0.0,1021096.5278235269,0.0,8266.171988416289,0.0,0.0,0,0,0,0.0,3
2021-08-31 00:00:00,1021096.5278235269,1043895.9119551971,0.022328333816066585,0.0,1043895.9119551971,0.0,22536.169077966944,0.0,0.0,0,0,0,0.0,3
2021-09-01 00:00:00,1043895.9119551971,1050887.6093173428,0.006697695892927032,0.0,1050887.6093173428,0.0,7294.49466990435,0.0,0.0,0,0,0,0.0,3
2021-09-02 00:00:00,1050887.6093173428,1048583.5468855845,-0.0021924917672737528,0.0,1048583.5468855845,0.0,-7109.972760492528,0.0,0.0,0,0,0,0.0,3
2021-09-03 00:00:00,1048583.5468855845,1063143.17926779,0.013885047524776888,0.0,1063143.17926779,0.0,9950.13297972217,0.0,0.0,0,0,0,0.0,3
2021-09-06 00:00:00,1063143.17926779,1067578.9846366742,0.004172349929328682,0.0,1067578.9846366742,0.0,-1595.876397733111,0.0,0.0,0,0,0,0.0,3
2021-09-07 00:00:00,1067578.9846366742,1074331.6619397677,0.006325225018729273,0.0,1074331.6619397677,0.0,5211.674639203702,0.0,0.0,0,0,0,0.0,3
2021-09-08 00:00:00,1074331.6619397677,1056588.0261638777,-0.01651597584292807,0.0,1056588.0261638777,0.0,-19935.01632779831,0.0,0.0,0,0,0,0.0,3
2021-09-09 00:00:00,1056588.0261638777,1057661.1229629098,0.0010156246071878407,0.0,1057661.1229629098,0.0,2455.3531583201257,0.0,0.0,0,0,0,0.0,3
2021-09-13 00:00:00,1057661.1229629098,1063135.1472786304,0.005175593767109298,0.0,1063135.1472786304,0.0,7233.139499504818,0.0,0.0,0,0,0,0.0,3
2021-09-14 00:00:00,1063135.1472786304,1059833.0294706593,-0.0031060188504008226,0.0,1059833.0294706593,0.0,-6649.301678157237,0.0,0.0,0,0,0,0.0,3
2021-09-15 00:00:00,1059833.0294706593,1070743.324886389,0.01029435308425797,0.0,1070743.324886389,0.0,12214.66932180879,0.0,0.0,0,0,0,0.0,3
2021-09-16 00:00:00,1070743.324886389,1063321.3563776342,-0.006931603808543343,0.0,1063321.3563776342,0.0,-15046.063851405983,0.0,0.0,0,0,0,0.0,3
2021-09-17 00:00:00,1063321.3563776342,1070184.8018547723,0.0064547236223293876,0.0,1070184.8018547723,0.0,3988.191577596939,0.0,0.0,0,0,0,0.0,3
2021-09-20 00:00:00,1070184.8018547723,1065304.8527823875,-0.0045599125159758785,0.0,1065304.8527823875,0.0,4676.934386333218,0.0,0.0,0,0,0,0.0,3
2021-09-21 00:00:00,1065304.8527823875,1076999.826215899,0.01097805328021023,0.0,1076999.826215899,0.0,10649.25163958891,0.0,0.0,0,0,0,0.0,3
2021-09-22 00:00:00,1076999.826215899,1125316.1350390145,0.044861946721827764,0.0,1125316.1350390145,0.0,46396.47757868428,0.0,0.0,0,0,0,0.0,3
2021-09-23 00:00:00,1125316.1350390145,1161712.8719531223,0.03234356620403914,0.0,1161712.8719531223,0.0,25634.37518770859,0.0,0.0,0,0,0,0.0,3
2021-09-24 00:00:00,1161712.8719531223,1172470.8329808186,0.009260430255549729,0.0,1172470.8329808186,0.0,3068.386441004346,0.0,0.0,0,0,0,0.0,3
2021-09-27 00:00:00,1172470.8329808186,1146942.6426817258,-0.021772985374989222,0.0,1146942.6426817258,0.0,-26595.11544054764,0.0,0.0,0,0,0,0.0,3
2021-09-28 00:00:00,1146942.6426817258,1116716.584307185,-0.02635359193191019,0.0,1116716.584307185,0.0,-32735.8752034395,0.0,0.0,0,0,0,0.0,3
2021-09-29 00:00:00,1116716.584307185,1107957.2787079096,-0.00784380363143759,0.0,1107957.2787079096,0.0,-1944.888038695266,0.0,0.0,0,0,0,0.0,3
2021-09-30 00:00:00,1107957.2787079096,1122961.0050944882,0.013541791434481787,307592.36177137593,815368.6433231123,-1507.2063542077187,10878.698037845723,0.0,0.0,0,319.0658269745283,319.0658269745283,0.0,2
2021-10-01 00:00:00,1122961.0050944882,1099991.8861446804,-0.0204540663884184,307592.36177137593,792399.5243733046,0.0,-18879.966467209684,0.0,0.0,0,0,0,0.0,2
2021-10-04 00:00:00,1099991.8861446804,1116597.8456467276,0.015096438174874867,307592.36177137593,809005.4838753517,0.0,12356.226588117657,0.0,0.0,0,0,0,0.0,2
2021-10-05 00:00:00,1116597.8456467276,1122476.506094531,0.005264796516241205,307592.36177137593,814884.1443231549,0.0,8912.887873982021,0.0,0.0,0,0,0,0.0,2
2021-10-06 00:00:00,1122476.506094531,1113606.0949486296,-0.007902536131258924,307592.36177137593,806013.7331772536,0.0,-13018.553423228848,0.0,0.0,0,0,0,0.0,2
2021-10-07 00:00:00,1113606.0949486296,1113802.9555147847,0.00017677755810427276,307592.36177137593,806210.5937434088,0.0,-7650.742167968827,0.0,0.0,0,0,0,0.0,2
2021-10-08 00:00:00,1113802.9555147847,1117360.3478700318,0.003193915348880529,307592.36177137593,809767.9860986558,0.0,-1368.2223045959836,0.0,0.0,0,0,0,0.0,2
2021-10-11 00:00:00,1117360.3478700318,1124297.0025617233,0.0062080730759011705,307592.36177137593,816704.6407903475,0.0,1639.795961586351,0.0,0.0,0,0,0,0.0,2
2021-10-12 00:00:00,1124297.0025617233,1131635.3036998655,0.006527012988046506,307592.36177137593,824042.9419284896,0.0,8107.603377513995,0.0,0.0,0,0,0,0.0,2
2021-10-13 00:00:00,1131635.3036998655,1132050.7136310856,0.00036708816865463405,307592.36177137593,824458.3518597096,0.0,-5963.346955546003,0.0,0.0,0,0,0,0.0,2
2021-10-14 00:00:00,1132050.7136310856,1150391.1710509919,0.0162010916993981,307592.36177137593,842798.809279616,0.0,11809.94223392749,0.0,0.0,0,0,0,0.0,2
2021-10-18 00:00:00,1150391.1710509919,1143497.495646091,-0.005992462023680944,307592.36177137593,835905.1338747151,0.0,-18630.935856288823,0.0,0.0,0,0,0,0.0,2
2021-10-19 00:00:00,1143497.495646091,1139441.3345232196,-0.0035471534815907455,307592.36177137593,831848.9727518437,0.0,-10202.304924376775,0.0,0.0,0,0,0,0.0,2
2021-10-20 00:00:00,1139441.3345232196,1112242.0691981125,-0.023870702686495247,307592.36177137593,804649.7074267366,0.0,-26263.433043649653,0.0,0.0,0,0,0,0.0,2
2021-10-21 00:00:00,1112242.0691981125,1109233.9592620097,-0.0027045460870505473,307592.36177137593,801641.5974906338,0.0,-11102.172277939739,0.0,0.0,0,0,0,0.0,2
2021-10-22 00:00:00,1109233.9592620097,1103117.748387113,-0.005513905180982682,0.0,1103117.748387113,0.0,-6891.30240433244,0.0,0.0,0,0,0,0.0,3
2021-10-25 00:00:00,1103117.748387113,1061933.9252103635,-0.03733402280669047,0.0,1061933.9252103635,0.0,-45724.16163141362,0.0,0.0,0,0,0,0.0,3
2021-10-26 00:00:00,1061933.9252103635,1077098.95044057,0.014280573273146385,337716.2906970454,739382.6597435246,4382.95736371205,9941.4516054524,0.0,0.0,0,350.31340490214467,350.31340490214467,0.0,2
2021-10-27 00:00:00,1077098.95044057,1069380.253288955,-0.007166191322030202,649136.4930392278,420243.76024972723,3827.8405708064834,-13695.503095134918,0.0,0.0,0,323.0364493600049,323.0364493600049,0.0,1
2021-10-28 00:00:00,1069380.253288955,1068813.2951603257,-0.0005301744883408238,649136.4930392278,419676.80212109786,0.0,-566.9351441471372,0.0,0.0,0,0,0,0.0,1
2021-10-29 00:00:00,1068813.2951603257,1064927.446976855,-0.0036356660242403585,649136.4930392278,415790.95393762726,0.0,-3885.8382074974943,0.0,0.0,0,0,0,0.0,1
2021-11-01 00:00:00,1064927.446976855,1058967.4174683937,-0.005596653110388636,649136.4930392278,409830.924429166,0.0,-7799.672221999674,0.0,0.0,0,0,0,0.0,1
2021-11-02 00:00:00,1058967.4174683937,1058428.5073439113,-0.0005089015163192579,649136.4930392278,409292.0143046835,0.0,-2505.781476046541,0.0,0.0,0,0,0,0.0,1
2021-11-03 00:00:00,1058428.5073439113,1057655.1021949428,-0.0007307108072035955,649136.4930392278,408518.609155715,0.0,-1639.0310894697905,0.0,0.0,0,0,0,0.0,1
2021-11-04 00:00:00,1057655.1021949428,1059627.7451749824,0.0018651098793413619,649136.4930392278,410491.2521357545,0.0,-1306.5482313873945,0.0,0.0,0,0,0,0.0,1
2021-11-08 00:00:00,1059627.7451749824,1076560.4566641692,0.01597986799259457,649136.4930392278,427423.9636249413,0.0,15605.156381556299,0.0,0.0,0,0,0,0.0,1
2021-11-09 00:00:00,1076560.4566641692,1073124.9474637765,-0.0031911902198581837,649136.4930392278,423988.4544245487,0.0,-3441.3700386639102,0.0,0.0,0,0,0,0.0,1
2021-11-10 00:00:00,1073124.9474637765,1076709.7794398102,0.0033405541307246086,649136.4930392278,427573.28640058235,0.0,4284.794826556579,0.0,0.0,0,0,0,0.0,1
2021-11-11 00:00:00,1076709.7794398102,1066098.6939280238,-0.009855102753229497,649136.4930392278,416962.2008887961,0.0,-8834.402313470666,0.0,0.0,0,0,0,0.0,1
2021-11-12 00:00:00,1066098.6939280238,1075488.3774017962,0.008807518034916851,649136.4930392278,426351.88436256844,0.0,3238.3884145258926,0.0,0.0,0,0,0,0.0,1
2021-11-15 00:00:00,1075488.3774017962,1072145.0096081018,-0.0031086972801801917,649136.4930392278,423008.51656887395,0.0,-3371.3644108491717,0.0,0.0,0,0,0,0.0,1
2021-11-16 00:00:00,1072145.0096081018,1073994.0357226145,0.0017246045058667671,649136.4930392278,424857.54268338665,0.0,-472.4649750640383,0.0,0.0,0,0,0,0.0,1
2021-11-17 00:00:00,1073994.0357226145,1075059.0887028894,0.0009916749486958694,649136.4930392278,425922.59566366166,0.0,1642.5340704186237,0.0,0.0,0,0,0,0.0,1
2021-11-18 00:00:00,1075059.0887028894,1067262.914597095,-0.0072518563748908554,649136.4930392278,418126.4215578672,0.0,-7810.153730060672,0.0,0.0,0,0,0,0.0,1
2021-11-22 00:00:00,1067262.914597095,1047489.6143539246,-0.01852711264743516,649136.4930392278,398353.12131469685,0.0,-24877.01972922153,0.0,0.0,0,0,0,0.0,1
2021-11-23 00:00:00,1047489.6143539246,1079475.1353177803,0.03053540629477634,0.0,1079475.1353177803,60091.27603990428,36914.03290531493,0.0,0.0,0,408.09969278464797,408.09969278464797,0.0,3
2021-11-24 00:00:00,1079475.1353177803,1056231.996198222,-0.021531889303514025,0.0,1056231.996198222,0.0,-35781.28587628732,0.0,0.0,0,0,0,0.0,3
2021-11-25 00:00:00,1056231.996198222,1081780.0401258722,0.02418790949299705,0.0,1081780.0401258722,0.0,25650.36805544293,0.0,0.0,0,0,0,0.0,3
2021-11-26 00:00:00,1081780.0401258722,1022264.6569004308,-0.05501615949441666,0.0,1022264.6569004308,0.0,-45655.86706561985,0.0,0.0,0,0,0,0.0,3
2021-11-29 00:00:00,1022264.6569004308,1014015.8304496056,-0.008069169167831892,1014015.8304496056,0,-28545.271962859922,0,0.0,0.0,0,1051.839511372985,1051.839511372985,0.0,0
2021-11-30 00:00:00,1014015.8304496056,1014015.8304496056,0.0,1014015.8304496056,0,0.0,0,0.0,0.0,0,0,0,0.0,0
2021-12-01 00:00:00,1014015.8304496056,1014015.8304496056,0.0,1014015.8304496056,0,0.0,0,0.0,0.0,0,0,0,0.0,0
2021-12-02 00:00:00,1014015.8304496056,1014015.8304496056,0.0,1014015.8304496056,0,0.0,0,0.0,0.0,0,0,0,0.0,0
2021-12-03 00:00:00,1014015.8304496056,1014015.8304496056,0.0,1014015.8304496056,0,0.0,0,0.0,0.0,0,0,0,0.0,0
2021-12-06 00:00:00,1014015.8304496056,1014015.8304496056,0.0,1014015.8304496056,0,0.0,0,0.0,0.0,0,0,0,0.0,0
2021-12-07 00:00:00,1014015.8304496056,1014015.8304496056,0.0,1014015.8304496056,0,0.0,0,0.0,0.0,0,0,0,0.0,0
2021-12-08 00:00:00,1014015.8304496056,1014015.8304496056,0.0,1014015.8304496056,0,0.0,0,0.0,0.0,0,0,0,0.0,0
2021-12-09 00:00:00,1014015.8304496056,1014015.8304496056,0.0,1014015.8304496056,0,0.0,0,0.0,0.0,0,0,0,0.0,0
2021-12-10 00:00:00,1014015.8304496056,1014015.8304496056,0.0,1014015.8304496056,0,0.0,0,0.0,0.0,0,0,0,0.0,0
2021-12-13 00:00:00,1014015.8304496056,1014015.8304496056,0.0,1014015.8304496056,0,0.0,0,0.0,0.0,0,0,0,0.0,0
2021-12-14 00:00:00,1014015.8304496056,1014015.8304496056,0.0,1014015.8304496056,0,0.0,0,0.0,0.0,0,0,0,0.0,0
2021-12-15 00:00:00,1014015.8304496056,1014015.8304496056,0.0,1014015.8304496056,0,0.0,0,0.0,0.0,0,0,0,0.0,0
2021-12-16 00:00:00,1014015.8304496056,1014015.8304496056,0.0,1014015.8304496056,0,0.0,0,0.0,0.0,0,0,0,0.0,0
2021-12-17 00:00:00,1014015.8304496056,1014015.8304496056,0.0,1014015.8304496056,0,0.0,0,0.0,0.0,0,0,0,0.0,0
2021-12-20 00:00:00,1014015.8304496056,1014015.8304496056,0.0,1014015.8304496056,0,0.0,0,0.0,0.0,0,0,0,0.0,0
2021-12-21 00:00:00,1014015.8304496056,1014015.8304496056,0.0,1014015.8304496056,0,0.0,0,0.0,0.0,0,0,0,0.0,0
2021-12-22 00:00:00,1014015.8304496056,1014015.8304496056,0.0,1014015.8304496056,0,0.0,0,0.0,0.0,0,0,0,0.0,0
2021-12-23 00:00:00,1014015.8304496056,1014015.8304496056,0.0,1014015.8304496056,0,0.0,0,0.0,0.0,0,0,0,0.0,0
2021-12-24 00:00:00,1014015.8304496056,1014015.8304496056,0.0,1014015.8304496056,0,0.0,0,0.0,0.0,0,0,0,0.0,0
2021-12-27 00:00:00,1014015.8304496056,1014015.8304496056,0.0,1014015.8304496056,0,0.0,0,0.0,0.0,0,0,0,0.0,0
2021-12-28 00:00:00,1014015.8304496056,1014015.8304496056,0.0,1014015.8304496056,0,0.0,0,0.0,0.0,0,0,0,0.0,0
2021-12-29 00:00:00,1014015.8304496056,1014015.8304496056,0.0,1014015.8304496056,0,0.0,0,0.0,0.0,0,0,0,0.0,0
2021-12-30 00:00:00,1014015.8304496056,1014015.8304496056,0.0,1014015.8304496056,0,0.0,0,0.0,0.0,0,0,0,0.0,0
2021-12-31 00:00:00,1014015.8304496056,1014015.8304496056,0.0,1014015.8304496056,0,0.0,0,0.0,0.0,0,0,0,0.0,0
2022-01-03 00:00:00,1014015.8304496056,1014015.8304496056,0.0,1014015.8304496056,0,0.0,0,0.0,0.0,0,0,0,0.0,0
2022-01-04 00:00:00,1014015.8304496056,1014015.8304496056,0.0,1014015.8304496056,0,0.0,0,0.0,0.0,0,0,0,0.0,0
2022-01-05 00:00:00,1014015.8304496056,1014015.8304496056,0.0,1014015.8304496056,0,0.0,0,0.0,0.0,0,0,0,0.0,0
2022-01-06 00:00:00,1014015.8304496056,1014015.8304496056,0.0,1014015.8304496056,0,0.0,0,0.0,0.0,0,0,0,0.0,0
2022-01-07 00:00:00,1014015.8304496056,1014015.8304496056,0.0,1014015.8304496056,0,0.0,0,0.0,0.0,0,0,0,0.0,0
2022-01-10 00:00:00,1014015.8304496056,1014015.8304496056,0.0,1014015.8304496056,0,0.0,0,0.0,0.0,0,0,0,0.0,0
2022-01-11 00:00:00,1014015.8304496056,1014015.8304496056,0.0,1014015.8304496056,0,0.0,0,0.0,0.0,0,0,0,0.0,0
2022-01-12 00:00:00,1014015.8304496056,1014015.8304496056,0.0,1014015.8304496056,0,0.0,0,0.0,0.0,0,0,0,0.0,0
2022-01-13 00:00:00,1014015.8304496056,1014015.8304496056,0.0,1014015.8304496056,0,0.0,0,0.0,0.0,0,0,0,0.0,0
2022-01-14 00:00:00,1014015.8304496056,1014015.8304496056,0.0,1014015.8304496056,0,0.0,0,0.0,0.0,0,0,0,0.0,0
2022-01-17 00:00:00,1014015.8304496056,1014015.8304496056,0.0,1014015.8304496056,0,0.0,0,0.0,0.0,0,0,0,0.0,0
2022-01-18 00:00:00,1014015.8304496056,1014015.8304496056,0.0,1014015.8304496056,0,0.0,0,0.0,0.0,0,0,0,0.0,0
2022-01-19 00:00:00,1014015.8304496056,1014015.8304496056,0.0,1014015.8304496056,0,0.0,0,0.0,0.0,0,0,0,0.0,0
2022-01-20 00:00:00,1014015.8304496056,1014015.8304496056,0.0,1014015.8304496056,0,0.0,0,0.0,0.0,0,0,0,0.0,0
2022-01-21 00:00:00,1014015.8304496056,1014015.8304496056,0.0,1014015.8304496056,0,0.0,0,0.0,0.0,0,0,0,0.0,0
2022-01-24 00:00:00,1014015.8304496056,1014015.8304496056,0.0,1014015.8304496056,0,0.0,0,0.0,0.0,0,0,0,0.0,0
2022-01-25 00:00:00,1014015.8304496056,1014015.8304496056,0.0,1014015.8304496056,0,0.0,0,0.0,0.0,0,0,0,0.0,0
2022-01-27 00:00:00,1014015.8304496056,1014015.8304496056,0.0,1014015.8304496056,0,0.0,0,0.0,0.0,0,0,0,0.0,0
2022-01-28 00:00:00,1014015.8304496056,1014015.8304496056,0.0,1014015.8304496056,0,0.0,0,0.0,0.0,0,0,0,0.0,0
2022-01-31 00:00:00,1014015.8304496056,1014015.8304496056,0.0,1014015.8304496056,0,0.0,0,0.0,0.0,0,0,0,0.0,0
2022-02-01 00:00:00,1014015.8304496056,1014015.8304496056,0.0,1014015.8304496056,0,0.0,0,0.0,0.0,0,0,0,0.0,0
2022-02-02 00:00:00,1014015.8304496056,1014015.8304496056,0.0,1014015.8304496056,0,0.0,0,0.0,0.0,0,0,0,0.0,0
2022-02-03 00:00:00,1014015.8304496056,1014015.8304496056,0.0,1014015.8304496056,0,0.0,0,0.0,0.0,0,0,0,0.0,0
2022-02-04 00:00:00,1014015.8304496056,1014015.8304496056,0.0,1014015.8304496056,0,0.0,0,0.0,0.0,0,0,0,0.0,0
2022-02-07 00:00:00,1014015.8304496056,1014015.8304496056,0.0,1014015.8304496056,0,0.0,0,0.0,0.0,0,0,0,0.0,0
2022-02-08 00:00:00,1014015.8304496056,1014015.8304496056,0.0,1014015.8304496056,0,0.0,0,0.0,0.0,0,0,0,0.0,0
2022-02-09 00:00:00,1014015.8304496056,1014015.8304496056,0.0,1014015.8304496056,0,0.0,0,0.0,0.0,0,0,0,0.0,0
2022-02-10 00:00:00,1014015.8304496056,1014015.8304496056,0.0,1014015.8304496056,0,0.0,0,0.0,0.0,0,0,0,0.0,0
2022-02-11 00:00:00,1014015.8304496056,1014015.8304496056,0.0,1014015.8304496056,0,0.0,0,0.0,0.0,0,0,0,0.0,0
2022-02-14 00:00:00,1014015.8304496056,1014015.8304496056,0.0,1014015.8304496056,0,0.0,0,0.0,0.0,0,0,0,0.0,0
2022-02-15 00:00:00,1014015.8304496056,1014015.8304496056,0.0,1014015.8304496056,0,0.0,0,0.0,0.0,0,0,0,0.0,0
2022-02-16 00:00:00,1014015.8304496056,1014015.8304496056,0.0,1014015.8304496056,0,0.0,0,0.0,0.0,0,0,0,0.0,0
2022-02-17 00:00:00,1014015.8304496056,1014015.8304496056,0.0,1014015.8304496056,0,0.0,0,0.0,0.0,0,0,0,0.0,0
2022-02-18 00:00:00,1014015.8304496056,1014015.8304496056,0.0,1014015.8304496056,0,0.0,0,0.0,0.0,0,0,0,0.0,0
2022-02-21 00:00:00,1014015.8304496056,1014015.8304496056,0.0,1014015.8304496056,0,0.0,0,0.0,0.0,0,0,0,0.0,0
2022-02-22 00:00:00,1014015.8304496056,1014015.8304496056,0.0,1014015.8304496056,0,0.0,0,0.0,0.0,0,0,0,0.0,0
2022-02-23 00:00:00,1014015.8304496056,1014015.8304496056,0.0,1014015.8304496056,0,0.0,0,0.0,0.0,0,0,0,0.0,0
2022-02-24 00:00:00,1014015.8304496056,1014015.8304496056,0.0,1014015.8304496056,0,0.0,0,0.0,0.0,0,0,0,0.0,0
2022-02-25 00:00:00,1014015.8304496056,1014015.8304496056,0.0,1014015.8304496056,0,0.0,0,0.0,0.0,0,0,0,0.0,0
2022-02-28 00:00:00,1014015.8304496056,1014015.8304496056,0.0,1014015.8304496056,0,0.0,0,0.0,0.0,0,0,0,0.0,0
2022-03-02 00:00:00,1014015.8304496056,1014015.8304496056,0.0,1014015.8304496056,0,0.0,0,0.0,0.0,0,0,0,0.0,0
2022-03-03 00:00:00,1014015.8304496056,1014015.8304496056,0.0,1014015.8304496056,0,0.0,0,0.0,0.0,0,0,0,0.0,0
2022-03-04 00:00:00,1014015.8304496056,1014015.8304496056,0.0,1014015.8304496056,0,0.0,0,0.0,0.0,0,0,0,0.0,0
2022-03-07 00:00:00,1014015.8304496056,1014015.8304496056,0.0,1014015.8304496056,0,0.0,0,0.0,0.0,0,0,0,0.0,0
2022-03-08 00:00:00,1014015.8304496056,1014015.8304496056,0.0,1014015.8304496056,0,0.0,0,0.0,0.0,0,0,0,0.0,0
2022-03-09 00:00:00,1014015.8304496056,1014015.8304496056,0.0,1014015.8304496056,0,0.0,0,0.0,0.0,0,0,0,0.0,0
2022-03-10 00:00:00,1014015.8304496056,1014015.8304496056,0.0,1014015.8304496056,0,0.0,0,0.0,0.0,0,0,0,0.0,0
2022-03-11 00:00:00,1014015.8304496056,1014015.8304496056,0.0,1014015.8304496056,0,0.0,0,0.0,0.0,0,0,0,0.0,0
2022-03-14 00:00:00,1014015.8304496056,1014015.8304496056,0.0,1014015.8304496056,0,0.0,0,0.0,0.0,0,0,0,0.0,0
2022-03-15 00:00:00,1014015.8304496056,1014015.8304496056,0.0,1014015.8304496056,0,0.0,0,0.0,0.0,0,0,0,0.0,0
2022-03-16 00:00:00,1014015.8304496056,1014015.8304496056,0.0,1014015.8304496056,0,0.0,0,0.0,0.0,0,0,0,0.0,0
2022-03-17 00:00:00,1014015.8304496056,1014015.8304496056,0.0,1014015.8304496056,0,0.0,0,0.0,0.0,0,0,0,0.0,0
2022-03-21 00:00:00,1014015.8304496056,1014015.8304496056,0.0,1014015.8304496056,0,0.0,0,0.0,0.0,0,0,0,0.0,0
2022-03-22 00:00:00,1014015.8304496056,1014015.8304496056,0.0,1014015.8304496056,0,0.0,0,0.0,0.0,0,0,0,0.0,0
2022-03-23 00:00:00,1014015.8304496056,1014015.8304496056,0.0,1014015.8304496056,0,0.0,0,0.0,0.0,0,0,0,0.0,0
2022-03-24 00:00:00,1014015.8304496056,1014015.8304496056,0.0,1014015.8304496056,0,0.0,0,0.0,0.0,0,0,0,0.0,0
2022-03-25 00:00:00,1014015.8304496056,1014015.8304496056,0.0,1014015.8304496056,0,0.0,0,0.0,0.0,0,0,0,0.0,0
2022-03-28 00:00:00,1014015.8304496056,1014015.8304496056,0.0,1014015.8304496056,0,0.0,0,0.0,0.0,0,0,0,0.0,0
2022-03-29 00:00:00,1014015.8304496056,1014015.8304496056,0.0,1014015.8304496056,0,0.0,0,0.0,0.0,0,0,0,0.0,0
2022-03-30 00:00:00,1014015.8304496056,1014015.8304496056,0.0,1014015.8304496056,0,0.0,0,0.0,0.0,0,0,0,0.0,0
2022-03-31 00:00:00,1014015.8304496056,1014015.8304496056,0.0,1014015.8304496056,0,0.0,0,0.0,0.0,0,0,0,0.0,0
2022-04-01 00:00:00,1014015.8304496056,1014015.8304496056,0.0,1014015.8304496056,0,0.0,0,0.0,0.0,0,0,0,0.0,0
2022-04-04 00:00:00,1014015.8304496056,1014015.8304496056,0.0,1014015.8304496056,0,0.0,0,0.0,0.0,0,0,0,0.0,0
2022-04-05 00:00:00,1014015.8304496056,1014015.8304496056,0.0,1014015.8304496056,0,0.0,0,0.0,0.0,0,0,0,0.0,0
2022-04-06 00:00:00,1014015.8304496056,1014015.8304496056,0.0,1014015.8304496056,0,0.0,0,0.0,0.0,0,0,0,0.0,0
2022-04-07 00:00:00,1014015.8304496056,1014015.8304496056,0.0,1014015.8304496056,0,0.0,0,0.0,0.0,0,0,0,0.0,0
2022-04-08 00:00:00,1014015.8304496056,1014015.8304496056,0.0,1014015.8304496056,0,0.0,0,0.0,0.0,0,0,0,0.0,0
2022-04-11 00:00:00,1014015.8304496056,1014015.8304496056,0.0,1014015.8304496056,0,0.0,0,0.0,0.0,0,0,0,0.0,0
2022-04-12 00:00:00,1014015.8304496056,1014015.8304496056,0.0,1014015.8304496056,0,0.0,0,0.0,0.0,0,0,0,0.0,0
2022-04-13 00:00:00,1014015.8304496056,1014015.8304496056,0.0,1014015.8304496056,0,0.0,0,0.0,0.0,0,0,0,0.0,0
2022-04-18 00:00:00,1014015.8304496056,1014015.8304496056,0.0,1014015.8304496056,0,0.0,0,0.0,0.0,0,0,0,0.0,0
2022-04-19 00:00:00,1014015.8304496056,1014015.8304496056,0.0,1014015.8304496056,0,0.0,0,0.0,0.0,0,0,0,0.0,0
2022-04-20 00:00:00,1014015.8304496056,1014015.8304496056,0.0,1014015.8304496056,0,0.0,0,0.0,0.0,0,0,0,0.0,0
2022-04-21 00:00:00,1014015.8304496056,1014015.8304496056,0.0,1014015.8304496056,0,0.0,0,0.0,0.0,0,0,0,0.0,0
2022-04-22 00:00:00,1014015.8304496056,1014015.8304496056,0.0,1014015.8304496056,0,0.0,0,0.0,0.0,0,0,0,0.0,0
2022-04-25 00:00:00,1014015.8304496056,1014015.8304496056,0.0,1014015.8304496056,0,0.0,0,0.0,0.0,0,0,0,0.0,0
2022-04-26 00:00:00,1014015.8304496056,1014015.8304496056,0.0,1014015.8304496056,0,0.0,0,0.0,0.0,0,0,0,0.0,0
2022-04-27 00:00:00,1014015.8304496056,1014015.8304496056,0.0,1014015.8304496056,0,0.0,0,0.0,0.0,0,0,0,0.0,0
2022-04-28 00:00:00,1014015.8304496056,1014015.8304496056,0.0,1014015.8304496056,0,0.0,0,0.0,0.0,0,0,0,0.0,0
2022-04-29 00:00:00,1014015.8304496056,1014015.8304496056,0.0,1014015.8304496056,0,0.0,0,0.0,0.0,0,0,0,0.0,0
2022-05-02 00:00:00,1014015.8304496056,1014015.8304496056,0.0,1014015.8304496056,0,0.0,0,0.0,0.0,0,0,0,0.0,0
2022-05-04 00:00:00,1014015.8304496056,1014015.8304496056,0.0,1014015.8304496056,0,0.0,0,0.0,0.0,0,0,0,0.0,0
2022-05-05 00:00:00,1014015.8304496056,1014015.8304496056,0.0,1014015.8304496056,0,0.0,0,0.0,0.0,0,0,0,0.0,0
2022-05-06 00:00:00,1014015.8304496056,1014015.8304496056,0.0,1014015.8304496056,0,0.0,0,0.0,0.0,0,0,0,0.0,0
2022-05-09 00:00:00,1014015.8304496056,1014015.8304496056,0.0,1014015.8304496056,0,0.0,0,0.0,0.0,0,0,0,0.0,0
2022-05-10 00:00:00,1014015.8304496056,1014015.8304496056,0.0,1014015.8304496056,0,0.0,0,0.0,0.0,0,0,0,0.0,0
2022-05-11 00:00:00,1014015.8304496056,1014015.8304496056,0.0,1014015.8304496056,0,0.0,0,0.0,0.0,0,0,0,0.0,0
2022-05-12 00:00:00,1014015.8304496056,1014015.8304496056,0.0,1014015.8304496056,0,0.0,0,0.0,0.0,0,0,0,0.0,0
2022-05-13 00:00:00,1014015.8304496056,1014015.8304496056,0.0,1014015.8304496056,0,0.0,0,0.0,0.0,0,0,0,0.0,0
2022-05-16 00:00:00,1014015.8304496056,1014015.8304496056,0.0,1014015.8304496056,0,0.0,0,0.0,0.0,0,0,0,0.0,0
2022-05-17 00:00:00,1014015.8304496056,1014015.8304496056,0.0,1014015.8304496056,0,0.0,0,0.0,0.0,0,0,0,0.0,0
2022-05-18 00:00:00,1014015.8304496056,1014015.8304496056,0.0,1014015.8304496056,0,0.0,0,0.0,0.0,0,0,0,0.0,0
2022-05-19 00:00:00,1014015.8304496056,1014015.8304496056,0.0,1014015.8304496056,0,0.0,0,0.0,0.0,0,0,0,0.0,0
2022-05-20 00:00:00,1014015.8304496056,1014015.8304496056,0.0,1014015.8304496056,0,0.0,0,0.0,0.0,0,0,0,0.0,0
2022-05-23 00:00:00,1014015.8304496056,1014015.8304496056,0.0,1014015.8304496056,0,0.0,0,0.0,0.0,0,0,0,0.0,0
2022-05-24 00:00:00,1014015.8304496056,1014015.8304496056,0.0,1014015.8304496056,0,0.0,0,0.0,0.0,0,0,0,0.0,0
2022-05-25 00:00:00,1014015.8304496056,1014015.8304496056,0.0,1014015.8304496056,0,0.0,0,0.0,0.0,0,0,0,0.0,0
2022-05-26 00:00:00,1014015.8304496056,1014015.8304496056,0.0,1014015.8304496056,0,0.0,0,0.0,0.0,0,0,0,0.0,0
2022-05-27 00:00:00,1014015.8304496056,1014015.8304496056,0.0,1014015.8304496056,0,0.0,0,0.0,0.0,0,0,0,0.0,0
2022-05-30 00:00:00,1014015.8304496056,1014015.8304496056,0.0,1014015.8304496056,0,0.0,0,0.0,0.0,0,0,0,0.0,0
2022-05-31 00:00:00,1014015.8304496056,1014015.8304496056,0.0,1014015.8304496056,0,0.0,0,0.0,0.0,0,0,0,0.0,0
2022-06-01 00:00:00,1014015.8304496056,1014015.8304496056,0.0,1014015.8304496056,0,0.0,0,0.0,0.0,0,0,0,0.0,0
2022-06-02 00:00:00,1014015.8304496056,1014015.8304496056,0.0,1014015.8304496056,0,0.0,0,0.0,0.0,0,0,0,0.0,0
2022-06-03 00:00:00,1014015.8304496056,1014015.8304496056,0.0,1014015.8304496056,0,0.0,0,0.0,0.0,0,0,0,0.0,0
2022-06-06 00:00:00,1014015.8304496056,1014015.8304496056,0.0,1014015.8304496056,0,0.0,0,0.0,0.0,0,0,0,0.0,0
2022-06-07 00:00:00,1014015.8304496056,1014015.8304496056,0.0,1014015.8304496056,0,0.0,0,0.0,0.0,0,0,0,0.0,0
2022-06-08 00:00:00,1014015.8304496056,1014015.8304496056,0.0,1014015.8304496056,0,0.0,0,0.0,0.0,0,0,0,0.0,0
2022-06-09 00:00:00,1014015.8304496056,1014015.8304496056,0.0,1014015.8304496056,0,0.0,0,0.0,0.0,0,0,0,0.0,0
2022-06-10 00:00:00,1014015.8304496056,1014015.8304496056,0.0,1014015.8304496056,0,0.0,0,0.0,0.0,0,0,0,0.0,0
2022-06-13 00:00:00,1014015.8304496056,1014015.8304496056,0.0,1014015.8304496056,0,0.0,0,0.0,0.0,0,0,0,0.0,0
2022-06-14 00:00:00,1014015.8304496056,1014015.8304496056,0.0,1014015.8304496056,0,0.0,0,0.0,0.0,0,0,0,0.0,0
2022-06-15 00:00:00,1014015.8304496056,1014015.8304496056,0.0,1014015.8304496056,0,0.0,0,0.0,0.0,0,0,0,0.0,0
2022-06-16 00:00:00,1014015.8304496056,1014015.8304496056,0.0,1014015.8304496056,0,0.0,0,0.0,0.0,0,0,0,0.0,0
2022-06-17 00:00:00,1014015.8304496056,1014015.8304496056,0.0,1014015.8304496056,0,0.0,0,0.0,0.0,0,0,0,0.0,0
2022-06-20 00:00:00,1014015.8304496056,1014015.8304496056,0.0,1014015.8304496056,0,0.0,0,0.0,0.0,0,0,0,0.0,0
2022-06-21 00:00:00,1014015.8304496056,1014015.8304496056,0.0,1014015.8304496056,0,0.0,0,0.0,0.0,0,0,0,0.0,0
2022-06-22 00:00:00,1014015.8304496056,1014015.8304496056,0.0,1014015.8304496056,0,0.0,0,0.0,0.0,0,0,0,0.0,0
2022-06-23 00:00:00,1014015.8304496056,1014015.8304496056,0.0,1014015.8304496056,0,0.0,0,0.0,0.0,0,0,0,0.0,0
2022-06-24 00:00:00,1014015.8304496056,1014015.8304496056,0.0,1014015.8304496056,0,0.0,0,0.0,0.0,0,0,0,0.0,0
2022-06-27 00:00:00,1014015.8304496056,1014015.8304496056,0.0,1014015.8304496056,0,0.0,0,0.0,0.0,0,0,0,0.0,0
2022-06-28 00:00:00,1014015.8304496056,1014015.8304496056,0.0,1014015.8304496056,0,0.0,0,0.0,0.0,0,0,0,0.0,0
2022-06-29 00:00:00,1014015.8304496056,1014015.8304496056,0.0,1014015.8304496056,0,0.0,0,0.0,0.0,0,0,0,0.0,0
2022-06-30 00:00:00,1014015.8304496056,1014015.8304496056,0.0,1014015.8304496056,0,0.0,0,0.0,0.0,0,0,0,0.0,0
2022-07-01 00:00:00,1014015.8304496056,1014015.8304496056,0.0,1014015.8304496056,0,0.0,0,0.0,0.0,0,0,0,0.0,0
2022-07-04 00:00:00,1014015.8304496056,1014015.8304496056,0.0,1014015.8304496056,0,0.0,0,0.0,0.0,0,0,0,0.0,0
2022-07-05 00:00:00,1014015.8304496056,1014015.8304496056,0.0,1014015.8304496056,0,0.0,0,0.0,0.0,0,0,0,0.0,0
2022-07-06 00:00:00,1014015.8304496056,1014015.8304496056,0.0,1014015.8304496056,0,0.0,0,0.0,0.0,0,0,0,0.0,0
2022-07-07 00:00:00,1014015.8304496056,1014015.8304496056,0.0,1014015.8304496056,0,0.0,0,0.0,0.0,0,0,0,0.0,0
2022-07-08 00:00:00,1014015.8304496056,1014015.8304496056,0.0,1014015.8304496056,0,0.0,0,0.0,0.0,0,0,0,0.0,0
2022-07-11 00:00:00,1014015.8304496056,1014015.8304496056,0.0,1014015.8304496056,0,0.0,0,0.0,0.0,0,0,0,0.0,0
2022-07-12 00:00:00,1014015.8304496056,1014015.8304496056,0.0,1014015.8304496056,0,0.0,0,0.0,0.0,0,0,0,0.0,0
2022-07-13 00:00:00,1014015.8304496056,1014015.8304496056,0.0,1014015.8304496056,0,0.0,0,0.0,0.0,0,0,0,0.0,0
2022-07-14 00:00:00,1014015.8304496056,1014015.8304496056,0.0,1014015.8304496056,0,0.0,0,0.0,0.0,0,0,0,0.0,0
2022-07-15 00:00:00,1014015.8304496056,1014015.8304496056,0.0,1014015.8304496056,0,0.0,0,0.0,0.0,0,0,0,0.0,0
2022-07-18 00:00:00,1014015.8304496056,1014015.8304496056,0.0,1014015.8304496056,0,0.0,0,0.0,0.0,0,0,0,0.0,0
2022-07-19 00:00:00,1014015.8304496056,1014015.8304496056,0.0,1014015.8304496056,0,0.0,0,0.0,0.0,0,0,0,0.0,0
2022-07-20 00:00:00,1014015.8304496056,1014015.8304496056,0.0,1014015.8304496056,0,0.0,0,0.0,0.0,0,0,0,0.0,0
2022-07-21 00:00:00,1014015.8304496056,1014015.8304496056,0.0,1014015.8304496056,0,0.0,0,0.0,0.0,0,0,0,0.0,0
2022-07-22 00:00:00,1014015.8304496056,1014015.8304496056,0.0,1014015.8304496056,0,0.0,0,0.0,0.0,0,0,0,0.0,0
2022-07-25 00:00:00,1014015.8304496056,1014015.8304496056,0.0,1014015.8304496056,0,0.0,0,0.0,0.0,0,0,0,0.0,0
2022-07-26 00:00:00,1014015.8304496056,1014015.8304496056,0.0,1014015.8304496056,0,0.0,0,0.0,0.0,0,0,0,0.0,0
2022-07-27 00:00:00,1014015.8304496056,1014015.8304496056,0.0,1014015.8304496056,0,0.0,0,0.0,0.0,0,0,0,0.0,0
2022-07-28 00:00:00,1014015.8304496056,1014015.8304496056,0.0,1014015.8304496056,0,0.0,0,0.0,0.0,0,0,0,0.0,0
2022-07-29 00:00:00,1014015.8304496056,1014015.8304496056,0.0,1014015.8304496056,0,0.0,0,0.0,0.0,0,0,0,0.0,0
2022-08-01 00:00:00,1014015.8304496056,1011079.157864915,-0.002896081596071853,0.0,1011079.157864915,0.0,-2936.6725846906193,0.0,0.0,0,0,0,0.0,3
2022-08-02 00:00:00,1011079.157864915,1020294.7076087252,0.009114568006001212,0.0,1020294.7076087252,0.0,12536.48584639252,0.0,0.0,0,0,0,0.0,3
2022-08-03 00:00:00,1020294.7076087252,1006342.0011160638,-0.013675172858009309,0.0,1006342.0011160638,0.0,-14392.973181718902,0.0,0.0,0,0,0,0.0,3
2022-08-04 00:00:00,1006342.0011160638,998903.0358072579,-0.007392084699392344,0.0,998903.0358072579,0.0,-11048.759588950139,0.0,0.0,0,0,0,0.0,3
2022-08-05 00:00:00,998903.0358072579,997309.6411166047,-0.0015951445070596865,0.0,997309.6411166047,0.0,-4698.783538196236,0.0,0.0,0,0,0,0.0,3
2022-08-08 00:00:00,997309.6411166047,1015346.4285894881,0.018085443807290564,0.0,1015346.4285894881,0.0,15494.747595052118,0.0,0.0,0,0,0,0.0,3
2022-08-10 00:00:00,1015346.4285894881,1032585.3888069247,0.016978402377782312,0.0,1032585.3888069247,0.0,-990.5981668954482,0.0,0.0,0,0,0,0.0,3
2022-08-11 00:00:00,1032585.3888069247,1041214.1466537034,0.008356459369184577,0.0,1041214.1466537034,0.0,-20142.826456327806,0.0,0.0,0,0,0,0.0,3
2022-08-12 00:00:00,1041214.1466537034,1051975.200080148,0.010335101055847968,0.0,1051975.200080148,0.0,5991.569274302223,0.0,0.0,0,0,0,0.0,3
2022-08-16 00:00:00,1051975.200080148,1080361.1722436608,0.026983499384158643,0.0,1080361.1722436608,0.0,20305.842315990652,0.0,0.0,0,0,0,0.0,3
2022-08-17 00:00:00,1080361.1722436608,1083764.3669922492,0.0031500528119876078,0.0,1083764.3669922492,0.0,967.2462940132827,0.0,0.0,0,0,0,0.0,3
2022-08-18 00:00:00,1083764.3669922492,1085601.8086142116,0.0016954253875885274,0.0,1085601.8086142116,0.0,3150.0469414167455,0.0,0.0,0,0,0,0.0,3
2022-08-19 00:00:00,1085601.8086142116,1079315.9718335886,-0.005790186356309631,0.0,1079315.9718335886,0.0,-7850.647509494447,0.0,0.0,0,0,0,0.0,3
2022-08-22 00:00:00,1079315.9718335886,1072205.5057626832,-0.006587937412642714,0.0,1072205.5057626832,0.0,-446.9632441109279,0.0,0.0,0,0,0,0.0,3
2022-08-23 00:00:00,1072205.5057626832,1090447.774074772,0.01701377974095792,0.0,1090447.774074772,0.0,23602.56790937262,0.0,0.0,0,0,0,0.0,3
2022-08-24 00:00:00,1090447.774074772,1113866.4364937646,0.02147618893427803,0.0,1113866.4364937646,0.0,24296.715262931015,0.0,0.0,0,0,0,0.0,3
2022-08-25 00:00:00,1113866.4364937646,1129568.8625732448,0.014097225273174044,0.0,1129568.8625732448,0.0,16437.66509167879,0.0,0.0,0,0,0,0.0,3
2022-08-26 00:00:00,1129568.8625732448,1127125.0488880766,-0.0021634924316177445,0.0,1127125.0488880766,0.0,-3236.2101152259856,0.0,0.0,0,0,0,0.0,3
2022-08-29 00:00:00,1127125.0488880766,1124406.9249925509,-0.002411554865369343,0.0,1124406.9249925509,0.0,22047.89021723409,0.0,0.0,0,0,0,0.0,3
2022-08-30 00:00:00,1124406.9249925509,1146667.2029420417,0.019797350456231218,0.0,1146667.2029420417,0.0,16473.506487194856,0.0,0.0,0,0,0,0.0,3
2022-09-01 00:00:00,1146667.2029420417,1162536.1304824434,0.013839174522203361,0.0,1162536.1304824434,0.0,30427.298371573095,0.0,0.0,0,0,0,0.0,3
2022-09-02 00:00:00,1162536.1304824434,1157791.2870805156,-0.0040814588704083206,0.0,1157791.2870805156,0.0,-8492.409356484946,0.0,0.0,0,0,0,0.0,3
2022-09-05 00:00:00,1157791.2870805156,1149329.6248179036,-0.007308452185668917,0.0,1149329.6248179036,0.0,-9760.821814090828,0.0,0.0,0,0,0,0.0,3
2022-09-06 00:00:00,1149329.6248179036,1161140.7684511875,0.010276550241324572,0.0,1161140.7684511875,0.0,5251.650956259749,0.0,0.0,0,0,0,0.0,3
2022-09-07 00:00:00,1161140.7684511875,1161761.803103039,0.000534848718368484,0.0,1161761.803103039,0.0,7003.693252139317,0.0,0.0,0,0,0,0.0,3
2022-09-08 00:00:00,1161761.803103039,1163475.0561818401,0.0014747025373230832,0.0,1163475.0561818401,0.0,-6038.777577578323,0.0,0.0,0,0,0,0.0,3
2022-09-09 00:00:00,1163475.0561818401,1170064.3874193658,0.005663491625810866,0.0,1170064.3874193658,0.0,-659.5720708664157,0.0,0.0,0,0,0,0.0,3
2022-09-12 00:00:00,1170064.3874193658,1169268.9761083983,-0.0006798013165086087,0.0,1169268.9761083983,0.0,-5319.184245826444,0.0,0.0,0,0,0,0.0,3
2022-09-13 00:00:00,1169268.9761083983,1170693.3519495246,0.0012181763736407074,0.0,1170693.3519495246,0.0,-6002.708220519358,0.0,0.0,0,0,0,0.0,3
2022-09-14 00:00:00,1170693.3519495246,1165267.0276667103,-0.004635137180695499,0.0,1165267.0276667103,0.0,10098.195806351083,0.0,0.0,0,0,0,0.0,3
2022-09-15 00:00:00,1165267.0276667103,1178784.4764113403,0.011600301410481715,0.0,1178784.4764113403,0.0,6274.263410738553,0.0,0.0,0,0,0,0.0,3
2022-09-16 00:00:00,1178784.4764113403,1151255.040066884,-0.023354087956999798,0.0,1151255.040066884,0.0,-29145.823059381393,0.0,0.0,0,0,0,0.0,3
2022-09-19 00:00:00,1151255.040066884,1151160.80097098,-8.185770539467786e-05,0.0,1151160.80097098,0.0,-1002.8496249240707,0.0,0.0,0,0,0,0.0,3
2022-09-20 00:00:00,1151160.80097098,1163443.9885341504,0.010670262184752847,0.0,1163443.9885341504,0.0,3504.11215472233,0.0,0.0,0,0,0,0.0,3
2022-09-21 00:00:00,1163443.9885341504,1160387.0497517441,-0.002627491149150875,0.0,1160387.0497517441,0.0,-5469.10243238369,0.0,0.0,0,0,0,0.0,3
2022-09-22 00:00:00,1160387.0497517441,1162205.7629537624,0.0015673332466157653,0.0,1162205.7629537624,0.0,3801.660493356874,0.0,0.0,0,0,0,0.0,3
2022-09-23 00:00:00,1162205.7629537624,1146458.086149304,-0.01354981820468309,0.0,1146458.086149304,0.0,-17594.003454780497,0.0,0.0,0,0,0,0.0,3
2022-09-26 00:00:00,1146458.086149304,1100659.4177760151,-0.0399479657621992,0.0,1100659.4177760151,0.0,-40706.35722433397,0.0,0.0,0,0,0,0.0,3
2022-09-27 00:00:00,1100659.4177760151,1107851.3031111355,0.0065341605395538675,0.0,1107851.3031111355,0.0,3447.076875617844,0.0,0.0,0,0,0,0.0,3
2022-09-28 00:00:00,1107851.3031111355,1106333.1722026565,-0.0013703381529774573,0.0,1106333.1722026565,0.0,7273.437425137032,0.0,0.0,0,0,0,0.0,3
2022-09-29 00:00:00,1106333.1722026565,1109206.431097896,0.002597100916280978,0.0,1109206.431097896,0.0,-5706.469934848952,0.0,0.0,0,0,0,0.0,3
2022-09-30 00:00:00,1109206.431097896,1123083.2771771709,0.012510607304665041,0.0,1123083.2771771709,0.0,13048.298500466743,0.0,0.0,0,0,0,0.0,3
2022-10-03 00:00:00,1123083.2771771709,1133391.5106567207,0.009178512127310138,1133391.5106567207,0,119375.68020711513,0,0.0,0.0,0,1175.6680092803558,1175.6680092803558,0.0,0
2022-10-04 00:00:00,1133391.5106567207,1133391.5106567207,0.0,1133391.5106567207,0,0.0,0,0.0,0.0,0,0,0,0.0,0
2022-10-06 00:00:00,1133391.5106567207,1133391.5106567207,0.0,1133391.5106567207,0,0.0,0,0.0,0.0,0,0,0,0.0,0
2022-10-07 00:00:00,1133391.5106567207,1133391.5106567207,0.0,1133391.5106567207,0,0.0,0,0.0,0.0,0,0,0,0.0,0
2022-10-10 00:00:00,1133391.5106567207,1133391.5106567207,0.0,1133391.5106567207,0,0.0,0,0.0,0.0,0,0,0,0.0,0
2022-10-11 00:00:00,1133391.5106567207,1133391.5106567207,0.0,1133391.5106567207,0,0.0,0,0.0,0.0,0,0,0,0.0,0
2022-10-12 00:00:00,1133391.5106567207,1133391.5106567207,0.0,1133391.5106567207,0,0.0,0,0.0,0.0,0,0,0,0.0,0
2022-10-13 00:00:00,1133391.5106567207,1133391.5106567207,0.0,1133391.5106567207,0,0.0,0,0.0,0.0,0,0,0,0.0,0
2022-10-14 00:00:00,1133391.5106567207,1133391.5106567207,0.0,1133391.5106567207,0,0.0,0,0.0,0.0,0,0,0,0.0,0
2022-10-17 00:00:00,1133391.5106567207,1133391.5106567207,0.0,1133391.5106567207,0,0.0,0,0.0,0.0,0,0,0,0.0,0
2022-10-18 00:00:00,1133391.5106567207,1133391.5106567207,0.0,1133391.5106567207,0,0.0,0,0.0,0.0,0,0,0,0.0,0
2022-10-19 00:00:00,1133391.5106567207,1133391.5106567207,0.0,1133391.5106567207,0,0.0,0,0.0,0.0,0,0,0,0.0,0
2022-10-20 00:00:00,1133391.5106567207,1133391.5106567207,0.0,1133391.5106567207,0,0.0,0,0.0,0.0,0,0,0,0.0,0
2022-10-21 00:00:00,1133391.5106567207,1133391.5106567207,0.0,1133391.5106567207,0,0.0,0,0.0,0.0,0,0,0,0.0,0
2022-10-24 00:00:00,1133391.5106567207,1133391.5106567207,0.0,1133391.5106567207,0,0.0,0,0.0,0.0,0,0,0,0.0,0
2022-10-25 00:00:00,1133391.5106567207,1133391.5106567207,0.0,1133391.5106567207,0,0.0,0,0.0,0.0,0,0,0,0.0,0
2022-10-27 00:00:00,1133391.5106567207,1133391.5106567207,0.0,1133391.5106567207,0,0.0,0,0.0,0.0,0,0,0,0.0,0
2022-10-28 00:00:00,1133391.5106567207,1133391.5106567207,0.0,1133391.5106567207,0,0.0,0,0.0,0.0,0,0,0,0.0,0
2022-10-31 00:00:00,1133391.5106567207,1133391.5106567207,0.0,1133391.5106567207,0,0.0,0,0.0,0.0,0,0,0,0.0,0
2022-11-01 00:00:00,1133391.5106567207,1133391.5106567207,0.0,1133391.5106567207,0,0.0,0,0.0,0.0,0,0,0,0.0,0
2022-11-02 00:00:00,1133391.5106567207,1133391.5106567207,0.0,1133391.5106567207,0,0.0,0,0.0,0.0,0,0,0,0.0,0
2022-11-03 00:00:00,1133391.5106567207,1133391.5106567207,0.0,1133391.5106567207,0,0.0,0,0.0,0.0,0,0,0,0.0,0
2022-11-04 00:00:00,1133391.5106567207,1133391.5106567207,0.0,1133391.5106567207,0,0.0,0,0.0,0.0,0,0,0,0.0,0
2022-11-07 00:00:00,1133391.5106567207,1133391.5106567207,0.0,1133391.5106567207,0,0.0,0,0.0,0.0,0,0,0,0.0,0
2022-11-09 00:00:00,1133391.5106567207,1133391.5106567207,0.0,1133391.5106567207,0,0.0,0,0.0,0.0,0,0,0,0.0,0
2022-11-10 00:00:00,1133391.5106567207,1133391.5106567207,0.0,1133391.5106567207,0,0.0,0,0.0,0.0,0,0,0,0.0,0
2022-11-11 00:00:00,1133391.5106567207,1133391.5106567207,0.0,1133391.5106567207,0,0.0,0,0.0,0.0,0,0,0,0.0,0
2022-11-14 00:00:00,1133391.5106567207,1121170.5839612107,-0.01078261711033011,0.0,1121170.5839612107,0.0,-12220.926695509988,0.0,0.0,0,0,0,0.0,3
2022-11-15 00:00:00,1121170.5839612107,1123495.1174518745,0.002073309382102271,0.0,1123495.1174518745,0.0,-1746.0690782957245,0.0,0.0,0,0,0,0.0,3
2022-11-16 00:00:00,1123495.1174518745,1117763.0655751005,-0.005101982009298401,0.0,1117763.0655751005,0.0,-8336.11724326713,0.0,0.0,0,0,0,0.0,3
2022-11-17 00:00:00,1117763.0655751005,1118913.193837802,0.0010289553288376832,372988.3074268856,745924.8864109165,-4808.862792021319,834.734514678421,0.0,0.0,0,386.9010988297679,386.9010988297679,0.0,2
2022-11-18 00:00:00,1118913.193837802,1114571.1175396228,-0.003880619445808889,372988.3074268856,741582.8101127374,0.0,-5383.500279708183,0.0,0.0,0,0,0,0.0,2
2022-11-21 00:00:00,1114571.1175396228,1112719.5117686181,-0.0016612719833365534,372988.3074268856,739731.2043417324,0.0,-997.7415701356949,0.0,0.0,0,0,0,0.0,2
2022-11-22 00:00:00,1112719.5117686181,1112226.4901433582,-0.0004430780803656936,0.0,1112226.4901433582,0.0,927.2760569479433,0.0,0.0,0,0,0,0.0,3
2022-11-23 00:00:00,1112226.4901433582,1100361.802433067,-0.010667510453524591,0.0,1100361.802433067,0.0,-16650.07325987547,0.0,0.0,0,0,0,0.0,3
2022-11-24 00:00:00,1100361.802433067,1100953.579224052,0.0005378020117350475,0.0,1100953.579224052,0.0,-1477.6232429743395,0.0,0.0,0,0,0,0.0,3
2022-11-25 00:00:00,1100953.579224052,1102988.283063855,0.0018481286388452149,0.0,1102988.283063855,0.0,-2119.0517033741344,0.0,0.0,0,0,0,0.0,3
2022-11-28 00:00:00,1102988.283063855,1095006.0591872644,-0.007236907226627805,0.0,1095006.0591872644,0.0,-3599.138880262559,0.0,0.0,0,0,0,0.0,3
2022-11-29 00:00:00,1095006.0591872644,1090411.5567379836,-0.00419586942988329,365880.0682352203,724531.4885027632,-7108.239191665285,-5357.329386254598,0.0,0.0,0,379.5277160742262,379.5277160742262,0.0,2
2022-11-30 00:00:00,1090411.5567379836,1094217.708980943,0.003490564841724309,365880.0682352203,728337.6407457227,0.0,1975.5528891836293,0.0,0.0,0,0,0,0.0,2
2022-12-01 00:00:00,1094217.708980943,1092138.5647818642,-0.0019001193108227358,365880.0682352203,726258.4965466438,0.0,-5743.466815459658,0.0,0.0,0,0,0,0.0,2
2022-12-02 00:00:00,1092138.5647818642,1092467.0893231016,0.0003008084796483756,722336.6829674214,370130.4063556803,-21340.555486705845,1651.3147511088173,0.0,0.0,0,369.75275948043515,369.75275948043515,0.0,1
2022-12-05 00:00:00,1092467.0893231016,1093212.5485019255,0.000682363053413232,722336.6829674214,370875.8655345043,0.0,141.5412711490062,0.0,0.0,0,0,0,0.0,1
2022-12-06 00:00:00,1093212.5485019255,1102780.7363148313,0.008752358199709145,722336.6829674214,380444.05334741,0.0,10549.54690845171,0.0,0.0,0,0,0,0.0,1
2022-12-07 00:00:00,1102780.7363148313,1099714.014185922,-0.002780899255782611,722336.6829674214,377377.33121850056,0.0,-2991.234172715922,0.0,0.0,0,0,0,0.0,1
2022-12-08 00:00:00,1099714.014185922,1102139.0644402541,0.0022051644546216957,722336.6829674214,379802.3814728328,0.0,1415.412601762102,0.0,0.0,0,0,0,0.0,1
2022-12-09 00:00:00,1102139.0644402541,1099478.098281094,-0.0024143651604540913,722336.6829674214,377141.41531367274,0.0,-4453.827104239666,0.0,0.0,0,0,0,0.0,1
2022-12-12 00:00:00,1099478.098281094,1101355.8937970898,0.00170789715496054,722336.6829674214,379019.2108296683,0.0,1858.9040847746073,0.0,0.0,0,0,0,0.0,1
2022-12-13 00:00:00,1101355.8937970898,1105460.6043646247,0.003726961094640621,722336.6829674214,383123.92139720346,0.0,3057.2823476935737,0.0,0.0,0,0,0,0.0,1
2022-12-14 00:00:00,1105460.6043646247,1105045.4089891745,-0.0003755858633142574,722336.6829674214,382708.72602175316,0.0,-1906.0844927313155,0.0,0.0,0,0,0,0.0,1
2022-12-15 00:00:00,1105045.4089891745,1103908.3414095368,-0.0010289781491222743,722336.6829674214,381571.65844211535,0.0,-1137.052764304448,0.0,0.0,0,0,0,0.0,1
2022-12-16 00:00:00,1103908.3414095368,1097968.3472705074,-0.0053808762160859015,722336.6829674214,375631.664303086,0.0,-3595.134447908553,0.0,0.0,0,0,0,0.0,1
2022-12-19 00:00:00,1097968.3472705074,1106885.4468823667,0.008121454169445552,722336.6829674214,384548.7639149452,0.0,8237.706540460349,0.0,0.0,0,0,0,0.0,1
2022-12-20 00:00:00,1106885.4468823667,1115377.888633843,0.007672376374082823,722336.6829674214,393041.2056664216,0.0,6633.548913188453,0.0,0.0,0,0,0,0.0,1
2022-12-21 00:00:00,1115377.888633843,1090527.995368129,-0.022279349016099848,722336.6829674214,368191.31240070774,0.0,-25765.234584546823,0.0,0.0,0,0,0,0.0,1
2022-12-22 00:00:00,1090527.995368129,1076524.6679029204,-0.012840869307973717,0.0,1076524.6679029204,0.0,-18348.638439211412,0.0,0.0,0,0,0,0.0,3
2022-12-23 00:00:00,1076524.6679029204,1042390.4540785421,-0.03170778602860265,0.0,1042390.4540785421,0.0,-25819.00019266631,0.0,0.0,0,0,0,0.0,3
2022-12-26 00:00:00,1042390.4540785421,1057713.7371752625,0.014700137589293278,0.0,1057713.7371752625,0.0,17318.007411744155,0.0,0.0,0,0,0,0.0,3
2022-12-27 00:00:00,1057713.7371752625,1067771.1106171669,0.009508596786086572,0.0,1067771.1106171669,0.0,6374.9246238508495,0.0,0.0,0,0,0,0.0,3
2022-12-28 00:00:00,1067771.1106171669,1068957.7178469049,0.001111293626451625,353716.7040926317,715241.0137542731,-7451.637391078966,2600.9177492239396,0.0,0.0,0,366.9106477679854,366.9106477679854,0.0,2
2022-12-29 00:00:00,1068957.7178469049,1068458.798886144,-0.00046673404610028543,353716.7040926317,714742.0947935123,0.0,2154.1620988221257,0.0,0.0,0,0,0,0.0,2
2022-12-30 00:00:00,1068458.798886144,1068741.2984454017,0.00026439911351953645,353716.7040926317,715024.5943527701,0.0,-2209.6023697283235,0.0,0.0,0,0,0,0.0,2
2023-01-02 00:00:00,1068741.2984454017,1067737.0836654878,-0.0009396238185748306,353716.7040926317,714020.379572856,0.0,-3298.0702821373707,0.0,0.0,0,0,0,0.0,2
2023-01-03 00:00:00,1067737.0836654878,1066685.7875670078,-0.0009846020284983961,353716.7040926317,712969.083474376,0.0,-873.4120643227361,0.0,0.0,0,0,0,0.0,2
2023-01-04 00:00:00,1066685.7875670078,1063221.9332371326,-0.0032473052235709194,353716.7040926317,709505.2291445008,0.0,-4560.004339241248,0.0,0.0,0,0,0,0.0,2
2023-01-05 00:00:00,1063221.9332371326,1066308.0963572408,0.0029026518581232817,353716.7040926317,712591.392264609,0.0,1496.186990683258,0.0,0.0,0,0,0,0.0,2
2023-01-06 00:00:00,1066308.0963572408,1065649.7863055202,-0.000617373209459378,353716.7040926317,711933.0822128884,0.0,-1062.3303217886714,0.0,0.0,0,0,0,0.0,2
2023-01-09 00:00:00,1065649.7863055202,1074493.8714369931,0.008299241688148119,353716.7040926317,720777.1673443613,0.0,3465.7357952491147,0.0,0.0,0,0,0,0.0,2
2023-01-10 00:00:00,1074493.8714369931,1052296.7824249815,-0.020658181123291087,353716.7040926317,698580.0783323498,0.0,-24262.39629361307,0.0,0.0,0,0,0,0.0,2
2023-01-11 00:00:00,1052296.7824249815,1050789.7090303546,-0.0014321752378201199,707712.5470965229,343077.1619338318,-7172.498479819491,-2283.527822070406,0.0,0.0,0,367.20019880575785,367.20019880575785,0.0,1
2023-01-12 00:00:00,1050789.7090303546,1051865.4089333208,0.001023706164727084,707712.5470965229,344152.86183679797,0.0,443.49135444965214,0.0,0.0,0,0,0,0.0,1
2023-01-13 00:00:00,1051865.4089333208,1058843.391510976,0.0066339120180133005,707712.5470965229,351130.844414453,0.0,6600.536411140056,0.0,0.0,0,0,0,0.0,1
2023-01-16 00:00:00,1058843.391510976,1049279.9349405365,-0.00903198399981738,707712.5470965229,341567.3878440135,0.0,-9454.951964806765,0.0,0.0,0,0,0,0.0,1
2023-01-17 00:00:00,1049279.9349405365,1051124.7040761947,0.0017581286692218202,707712.5470965229,343412.15697967174,0.0,1825.8916003105696,0.0,0.0,0,0,0,0.0,1
2023-01-18 00:00:00,1051124.7040761947,1047100.1938382698,-0.003828765723341937,707712.5470965229,339387.6467417469,0.0,-4840.715957927285,0.0,0.0,0,0,0,0.0,1
2023-01-19 00:00:00,1047100.1938382698,1034536.0448203641,-0.011998994071283974,707712.5470965229,326823.49772384117,0.0,-608.6228212158312,0.0,0.0,0,0,0,0.0,1
2023-01-20 00:00:00,1034536.0448203641,1033837.7826700446,-0.0006749519785371728,707712.5470965229,326125.23557352164,0.0,580.3100002258434,0.0,0.0,0,0,0,0.0,1
2023-01-23 00:00:00,1033837.7826700446,1031969.4496389814,-0.0018071819993248307,707712.5470965229,324256.9025424585,0.0,-632.213061078859,0.0,0.0,0,0,0,0.0,1
2023-01-24 00:00:00,1031969.4496389814,1023710.0324072826,-0.00800354820056755,0.0,1023710.0324072826,0.0,-9306.809484928439,0.0,0.0,0,0,0,0.0,3
2023-01-25 00:00:00,1023710.0324072826,1012871.5457621343,-0.010587457680434533,350672.6570250014,662198.8887371328,-3183.6165232600188,-7259.67236562469,0.0,0.0,0,363.7530550716338,363.7530550716338,0.0,2
2023-01-27 00:00:00,1012871.5457621343,951321.9660823687,-0.06076740919151064,350672.6570250014,600649.3090573674,0.0,-56458.835326077446,0.0,0.0,0,0,0,0.0,2
2023-01-30 00:00:00,951321.9660823687,954257.0217287706,0.003085239015859855,954257.0217287706,0,-128069.07906339926,0,0.0,0.0,0,626.0985915386436,626.0985915386436,0.0,0
2023-01-31 00:00:00,954257.0217287706,954257.0217287706,0.0,954257.0217287706,0,0.0,0,0.0,0.0,0,0,0,0.0,0
2023-02-01 00:00:00,954257.0217287706,954257.0217287706,0.0,954257.0217287706,0,0.0,0,0.0,0.0,0,0,0,0.0,0
2023-02-02 00:00:00,954257.0217287706,954257.0217287706,0.0,954257.0217287706,0,0.0,0,0.0,0.0,0,0,0,0.0,0
2023-02-03 00:00:00,954257.0217287706,954257.0217287706,0.0,954257.0217287706,0,0.0,0,0.0,0.0,0,0,0,0.0,0
2023-02-06 00:00:00,954257.0217287706,954257.0217287706,0.0,954257.0217287706,0,0.0,0,0.0,0.0,0,0,0,0.0,0
2023-02-07 00:00:00,954257.0217287706,954257.0217287706,0.0,954257.0217287706,0,0.0,0,0.0,0.0,0,0,0,0.0,0
2023-02-08 00:00:00,954257.0217287706,954257.0217287706,0.0,954257.0217287706,0,0.0,0,0.0,0.0,0,0,0,0.0,0
2023-02-09 00:00:00,954257.0217287706,954257.0217287706,0.0,954257.0217287706,0,0.0,0,0.0,0.0,0,0,0,0.0,0
2023-02-10 00:00:00,954257.0217287706,954257.0217287706,0.0,954257.0217287706,0,0.0,0,0.0,0.0,0,0,0,0.0,0
2023-02-13 00:00:00,954257.0217287706,954257.0217287706,0.0,954257.0217287706,0,0.0,0,0.0,0.0,0,0,0,0.0,0
2023-02-14 00:00:00,954257.0217287706,954257.0217287706,0.0,954257.0217287706,0,0.0,0,0.0,0.0,0,0,0,0.0,0
2023-02-15 00:00:00,954257.0217287706,954257.0217287706,0.0,954257.0217287706,0,0.0,0,0.0,0.0,0,0,0,0.0,0
2023-02-16 00:00:00,954257.0217287706,954257.0217287706,0.0,954257.0217287706,0,0.0,0,0.0,0.0,0,0,0,0.0,0
2023-02-17 00:00:00,954257.0217287706,954257.0217287706,0.0,954257.0217287706,0,0.0,0,0.0,0.0,0,0,0,0.0,0
2023-02-20 00:00:00,954257.0217287706,954257.0217287706,0.0,954257.0217287706,0,0.0,0,0.0,0.0,0,0,0,0.0,0
2023-02-21 00:00:00,954257.0217287706,954257.0217287706,0.0,954257.0217287706,0,0.0,0,0.0,0.0,0,0,0,0.0,0
2023-02-22 00:00:00,954257.0217287706,954257.0217287706,0.0,954257.0217287706,0,0.0,0,0.0,0.0,0,0,0,0.0,0
2023-02-23 00:00:00,954257.0217287706,954257.0217287706,0.0,954257.0217287706,0,0.0,0,0.0,0.0,0,0,0,0.0,0
2023-02-24 00:00:00,954257.0217287706,954257.0217287706,0.0,954257.0217287706,0,0.0,0,0.0,0.0,0,0,0,0.0,0
2023-02-27 00:00:00,954257.0217287706,954257.0217287706,0.0,954257.0217287706,0,0.0,0,0.0,0.0,0,0,0,0.0,0
2023-02-28 00:00:00,954257.0217287706,954257.0217287706,0.0,954257.0217287706,0,0.0,0,0.0,0.0,0,0,0,0.0,0
2023-03-01 00:00:00,954257.0217287706,954257.0217287706,0.0,954257.0217287706,0,0.0,0,0.0,0.0,0,0,0,0.0,0
2023-03-02 00:00:00,954257.0217287706,954257.0217287706,0.0,954257.0217287706,0,0.0,0,0.0,0.0,0,0,0,0.0,0
2023-03-03 00:00:00,954257.0217287706,954257.0217287706,0.0,954257.0217287706,0,0.0,0,0.0,0.0,0,0,0,0.0,0
2023-03-06 00:00:00,954257.0217287706,954257.0217287706,0.0,954257.0217287706,0,0.0,0,0.0,0.0,0,0,0,0.0,0
2023-03-08 00:00:00,954257.0217287706,954257.0217287706,0.0,954257.0217287706,0,0.0,0,0.0,0.0,0,0,0,0.0,0
2023-03-09 00:00:00,954257.0217287706,954257.0217287706,0.0,954257.0217287706,0,0.0,0,0.0,0.0,0,0,0,0.0,0
2023-03-10 00:00:00,954257.0217287706,954257.0217287706,0.0,954257.0217287706,0,0.0,0,0.0,0.0,0,0,0,0.0,0
2023-03-13 00:00:00,954257.0217287706,954257.0217287706,0.0,954257.0217287706,0,0.0,0,0.0,0.0,0,0,0,0.0,0
2023-03-14 00:00:00,954257.0217287706,954257.0217287706,0.0,954257.0217287706,0,0.0,0,0.0,0.0,0,0,0,0.0,0
2023-03-15 00:00:00,954257.0217287706,954257.0217287706,0.0,954257.0217287706,0,0.0,0,0.0,0.0,0,0,0,0.0,0
2023-03-16 00:00:00,954257.0217287706,954257.0217287706,0.0,954257.0217287706,0,0.0,0,0.0,0.0,0,0,0,0.0,0
2023-03-17 00:00:00,954257.0217287706,954257.0217287706,0.0,954257.0217287706,0,0.0,0,0.0,0.0,0,0,0,0.0,0
2023-03-20 00:00:00,954257.0217287706,954257.0217287706,0.0,954257.0217287706,0,0.0,0,0.0,0.0,0,0,0,0.0,0
2023-03-21 00:00:00,954257.0217287706,954257.0217287706,0.0,954257.0217287706,0,0.0,0,0.0,0.0,0,0,0,0.0,0
2023-03-22 00:00:00,954257.0217287706,954257.0217287706,0.0,954257.0217287706,0,0.0,0,0.0,0.0,0,0,0,0.0,0
2023-03-23 00:00:00,954257.0217287706,954257.0217287706,0.0,954257.0217287706,0,0.0,0,0.0,0.0,0,0,0,0.0,0
2023-03-24 00:00:00,954257.0217287706,954257.0217287706,0.0,954257.0217287706,0,0.0,0,0.0,0.0,0,0,0,0.0,0
2023-03-27 00:00:00,954257.0217287706,954257.0217287706,0.0,954257.0217287706,0,0.0,0,0.0,0.0,0,0,0,0.0,0
2023-03-28 00:00:00,954257.0217287706,954257.0217287706,0.0,954257.0217287706,0,0.0,0,0.0,0.0,0,0,0,0.0,0
2023-03-29 00:00:00,954257.0217287706,954257.0217287706,0.0,954257.0217287706,0,0.0,0,0.0,0.0,0,0,0,0.0,0
2023-03-31 00:00:00,954257.0217287706,954257.0217287706,0.0,954257.0217287706,0,0.0,0,0.0,0.0,0,0,0,0.0,0
2023-04-03 00:00:00,954257.0217287706,954257.0217287706,0.0,954257.0217287706,0,0.0,0,0.0,0.0,0,0,0,0.0,0
2023-04-05 00:00:00,954257.0217287706,954257.0217287706,0.0,954257.0217287706,0,0.0,0,0.0,0.0,0,0,0,0.0,0
2023-04-06 00:00:00,954257.0217287706,954257.0217287706,0.0,954257.0217287706,0,0.0,0,0.0,0.0,0,0,0,0.0,0
2023-04-10 00:00:00,954257.0217287706,954257.0217287706,0.0,954257.0217287706,0,0.0,0,0.0,0.0,0,0,0,0.0,0
2023-04-11 00:00:00,954257.0217287706,954257.0217287706,0.0,954257.0217287706,0,0.0,0,0.0,0.0,0,0,0,0.0,0
2023-04-12 00:00:00,954257.0217287706,954257.0217287706,0.0,954257.0217287706,0,0.0,0,0.0,0.0,0,0,0,0.0,0
2023-04-13 00:00:00,954257.0217287706,954257.0217287706,0.0,954257.0217287706,0,0.0,0,0.0,0.0,0,0,0,0.0,0
2023-04-17 00:00:00,954257.0217287706,954257.0217287706,0.0,954257.0217287706,0,0.0,0,0.0,0.0,0,0,0,0.0,0
2023-04-18 00:00:00,954257.0217287706,954257.0217287706,0.0,954257.0217287706,0,0.0,0,0.0,0.0,0,0,0,0.0,0
2023-04-19 00:00:00,954257.0217287706,954257.0217287706,0.0,954257.0217287706,0,0.0,0,0.0,0.0,0,0,0,0.0,0
2023-04-20 00:00:00,954257.0217287706,954257.0217287706,0.0,954257.0217287706,0,0.0,0,0.0,0.0,0,0,0,0.0,0
2023-04-21 00:00:00,954257.0217287706,954257.0217287706,0.0,954257.0217287706,0,0.0,0,0.0,0.0,0,0,0,0.0,0
2023-04-24 00:00:00,954257.0217287706,954257.0217287706,0.0,954257.0217287706,0,0.0,0,0.0,0.0,0,0,0,0.0,0
2023-04-25 00:00:00,954257.0217287706,954257.0217287706,0.0,954257.0217287706,0,0.0,0,0.0,0.0,0,0,0,0.0,0
2023-04-26 00:00:00,954257.0217287706,954257.0217287706,0.0,954257.0217287706,0,0.0,0,0.0,0.0,0,0,0,0.0,0
2023-04-27 00:00:00,954257.0217287706,954257.0217287706,0.0,954257.0217287706,0,0.0,0,0.0,0.0,0,0,0,0.0,0
2023-04-28 00:00:00,954257.0217287706,954257.0217287706,0.0,954257.0217287706,0,0.0,0,0.0,0.0,0,0,0,0.0,0
2023-05-02 00:00:00,954257.0217287706,960349.4768436999,0.006384501215293147,0.0,960349.4768436999,0.0,6092.455114929413,0.0,0.0,0,0,0,0.0,3
2023-05-03 00:00:00,960349.4768436999,952915.6640106989,-0.007740737108987773,316474.791467484,636440.8725432148,-1610.882442106123,-7207.51527804049,0.0,0.0,0,328.2795790983159,328.2795790983159,0.0,2
2023-05-04 00:00:00,952915.6640106989,952697.2406767888,-0.0002292158080293753,316474.791467484,636222.4492093048,0.0,-257.6248700268334,0.0,0.0,0,0,0,0.0,2
2023-05-05 00:00:00,952697.2406767888,954060.6363537144,0.0014310901918399592,316474.791467484,637585.8448862303,0.0,1250.4778961051488,0.0,0.0,0,0,0,0.0,2
2023-05-08 00:00:00,954060.6363537144,961802.7375466155,0.008114894271804741,316474.791467484,645327.9460791314,0.0,7748.752369961701,0.0,0.0,0,0,0,0.0,2
2023-05-09 00:00:00,961802.7375466155,963498.8586484883,0.0017634812583287715,316474.791467484,647024.0671810042,0.0,1394.9532850339892,0.0,0.0,0,0,0,0.0,2
2023-05-10 00:00:00,963498.8586484883,965559.7818649728,0.002138999125930849,316474.791467484,649084.9903974887,0.0,367.37629468535306,0.0,0.0,0,0,0,0.0,2
2023-05-11 00:00:00,965559.7818649728,949386.2397507534,-0.016750430597865518,316474.791467484,632911.4482832693,0.0,-5852.287011022039,0.0,0.0,0,0,0,0.0,2
2023-05-12 00:00:00,949386.2397507534,943379.8870342331,-0.0063265639052206895,613720.1065088514,329659.7805253817,-20840.35886822283,-5278.52813479543,0.0,0.0,0,308.3328263153374,308.3328263153374,0.0,1
2023-05-15 00:00:00,943379.8870342331,943579.1195760086,0.0002111901520414056,613720.1065088514,329859.01306715724,0.0,199.20237554662162,0.0,0.0,0,0,0,0.0,1
2023-05-16 00:00:00,943579.1195760086,948359.6752469965,0.005066406803423042,613720.1065088514,334639.56873814506,0.0,-597.5767372640548,0.0,0.0,0,0,0,0.0,1
2023-05-17 00:00:00,948359.6752469965,946865.7670681778,-0.0015752548508872043,613720.1065088514,333145.6605593264,0.0,-1493.9267289655982,0.0,0.0,0,0,0,0.0,1
2023-05-18 00:00:00,946865.7670681778,945072.9923985644,-0.001893377849285336,613720.1065088514,331352.88588971295,0.0,-2290.674976702605,0.0,0.0,0,0,0,0.0,1
2023-05-19 00:00:00,945072.9923985644,942184.7392774203,-0.003056116452776552,613720.1065088514,328464.632768569,0.0,-2589.4787192150834,0.0,0.0,0,0,0,0.0,1
2023-05-22 00:00:00,942184.7392774203,943579.1195760086,0.0014799436251299143,613720.1065088514,329859.01306715724,0.0,2987.85326910828,0.0,0.0,0,0,0,0.0,1
2023-05-23 00:00:00,943579.1195760086,940566.0971492138,-0.0031931847200569125,0.0,940566.0971492138,0.0,-3012.992671157175,0.0,0.0,0,0,0,0.0,3
2023-05-24 00:00:00,940566.0971492138,942713.482989259,0.0022830780809065298,0.0,942713.482989259,0.0,1702.9385859838803,0.0,0.0,0,0,0,0.0,3
2023-05-25 00:00:00,942713.482989259,954716.4176796573,0.012732325257869633,0.0,954716.4176796573,0.0,13333.886189881363,0.0,0.0,0,0,0,0.0,3
2023-05-26 00:00:00,954716.4176796573,953280.6023442299,-0.0015039181361487595,0.0,953280.6023442299,0.0,-423.20796134503325,0.0,0.0,0,0,0,0.0,3
2023-05-29 00:00:00,953280.6023442299,946068.8625695893,-0.007565180448344514,0.0,946068.8625695893,0.0,-4384.138875258272,0.0,0.0,0,0,0,0.0,3
2023-05-30 00:00:00,946068.8625695893,943850.4089787543,-0.002344917667842385,0.0,943850.4089787543,0.0,-3135.178418222291,0.0,0.0,0,0,0,0.0,3
2023-05-31 00:00:00,943850.4089787543,941887.4070211386,-0.0020797807988870696,0.0,941887.4070211386,0.0,-793.7750169076608,0.0,0.0,0,0,0,0.0,3
2023-06-01 00:00:00,941887.4070211386,932074.0133879757,-0.010418860640890378,307827.9202231643,624246.0931648114,-10257.753686425865,-10881.93495786842,0.0,0.0,0,319.3101719634216,319.3101719634216,0.0,2
2023-06-02 00:00:00,932074.0133879757,939848.7371750972,0.008341315899218452,307827.9202231643,632020.816951933,0.0,3160.9794246613164,0.0,0.0,0,0,0,0.0,2
2023-06-05 00:00:00,939848.7371750972,943517.3462860661,0.003903403777501071,307827.9202231643,635689.4260629017,0.0,1332.8616931419238,0.0,0.0,0,0,0,0.0,2
2023-06-06 00:00:00,943517.3462860661,946551.9942831863,0.0032163139438456958,307827.9202231643,638724.0740600219,0.0,1586.8001645869808,0.0,0.0,0,0,0,0.0,2
2023-06-07 00:00:00,946551.9942831863,957589.0419725529,0.011660265633611451,307827.9202231643,649761.1217493885,0.0,9452.199755919282,0.0,0.0,0,0,0,0.0,2
2023-06-08 00:00:00,957589.0419725529,955880.8354133572,-0.0017838618492092256,307827.9202231643,648052.9151901929,0.0,-4553.995032813749,0.0,0.0,0,0,0,0.0,2
2023-06-09 00:00:00,955880.8354133572,955072.6141594497,-0.0008455251156469068,307827.9202231643,647244.6939362853,0.0,-2822.6509724648786,0.0,0.0,0,0,0,0.0,2
2023-06-12 00:00:00,955072.6141594497,956866.3615090433,0.001878126671208362,307827.9202231643,649038.441285879,0.0,859.267175732879,0.0,0.0,0,0,0,0.0,2
2023-06-13 00:00:00,956866.3615090433,969188.0339604572,0.012877109016542102,307827.9202231643,661360.1137372928,0.0,11967.497948993812,0.0,0.0,0,0,0,0.0,2
2023-06-14 00:00:00,969188.0339604572,969812.4124874296,0.0006442284727979303,307827.9202231643,661984.4922642653,0.0,385.5620588135207,0.0,0.0,0,0,0,0.0,2
2023-06-15 00:00:00,969812.4124874296,966379.1173608755,-0.00354016414138089,307827.9202231643,658551.1971377112,0.0,-3448.873163896147,0.0,0.0,0,0,0,0.0,2
2023-06-16 00:00:00,966379.1173608755,962828.9350952692,-0.0036736951387169687,307827.9202231643,655001.0148721049,0.0,-681.7119778782362,0.0,0.0,0,0,0,0.0,2
2023-06-19 00:00:00,962828.9350952692,959086.669216045,-0.0038867401495926174,307827.9202231643,651258.7489928806,0.0,-6474.297877781268,0.0,0.0,0,0,0,0.0,2
2023-06-20 00:00:00,959086.669216045,967260.8104969289,0.008522839012625882,307827.9202231643,659432.8902737646,0.0,10256.022379651025,0.0,0.0,0,0,0,0.0,2
2023-06-21 00:00:00,967260.8104969289,965708.4418948898,-0.0016049121242093251,307827.9202231643,657880.5216717256,0.0,-4046.249691953766,0.0,0.0,0,0,0,0.0,2
2023-06-22 00:00:00,965708.4418948898,950489.4747754913,-0.015759380843286652,0.0,950489.4747754913,0.0,-14950.505426862568,0.0,0.0,0,0,0,0.0,3
2023-06-23 00:00:00,950489.4747754913,947789.0206100069,-0.0028411194833296424,0.0,947789.0206100069,0.0,-2597.158885782119,0.0,0.0,0,0,0,0.0,3
2023-06-26 00:00:00,947789.0206100069,952651.1467653482,0.005129966743244147,0.0,952651.1467653482,0.0,4434.572730269516,0.0,0.0,0,0,0,0.0,3
2023-06-27 00:00:00,952651.1467653482,950789.0502754892,-0.0019546467730412456,0.0,950789.0502754892,0.0,-5514.620069829456,0.0,0.0,0,0,0,0.0,3
2023-06-28 00:00:00,950789.0502754892,968905.373569178,0.019053988146413396,0.0,968905.373569178,0.0,12818.7525977302,0.0,0.0,0,0,0,0.0,3
2023-06-30 00:00:00,968905.373569178,979836.0285982243,0.011281447422239736,0.0,979836.0285982243,0.0,6111.725285024964,0.0,0.0,0,0,0,0.0,3
2023-07-03 00:00:00,979836.0285982243,972290.0083697401,-0.007701309207092219,0.0,972290.0083697401,0.0,-9862.69904402952,0.0,0.0,0,0,0,0.0,3
2023-07-04 00:00:00,972290.0083697401,969452.0335820197,-0.002918856270547156,0.0,969452.0335820197,0.0,-2928.677341133356,0.0,0.0,0,0,0,0.0,3
2023-07-05 00:00:00,969452.0335820197,990811.7146552847,0.022032736363802572,304706.41887499613,686105.2957802885,-3121.5013481681917,18483.978129969502,0.0,0.0,0,316.0722358738523,316.0722358738523,0.0,2
2023-07-06 00:00:00,990811.7146552847,993489.0617474783,0.00270217545129162,304706.41887499613,688782.6428724822,0.0,367.38273744966136,0.0,0.0,0,0,0,0.0,2
2023-07-07 00:00:00,993489.0617474783,987627.5902009733,-0.00589988533562219,304706.41887499613,682921.1713259772,0.0,-2910.268322001619,0.0,0.0,0,0,0,0.0,2
2023-07-10 00:00:00,987627.5902009733,989713.3976466203,0.00211193719813206,304706.41887499613,685006.9787716242,0.0,-147.30742180586094,0.0,0.0,0,0,0,0.0,2
2023-07-11 00:00:00,989713.3976466203,1001283.7975417579,0.011690657035309613,304706.41887499613,696577.3786667618,0.0,7778.123675241775,0.0,0.0,0,0,0,0.0,2
2023-07-12 00:00:00,1001283.7975417579,1000851.2190089521,-0.00043202390158294987,304706.41887499613,696144.800133956,0.0,-2619.917944626999,0.0,0.0,0,0,0,0.0,2
2023-07-13 00:00:00,1000851.2190089521,990481.9926318331,-0.010360407401398519,304706.41887499613,685775.5737568369,0.0,-14615.593687022629,0.0,0.0,0,0,0,0.0,2
2023-07-14 00:00:00,990481.9926318331,988155.6798822869,-0.002348667383002933,304706.41887499613,683449.2610072908,0.0,-5782.99710645678,0.0,0.0,0,0,0,0.0,2
2023-07-17 00:00:00,988155.6798822869,989079.2828864192,0.0009346735771860405,304706.41887499613,684372.8640114231,0.0,-1567.1656135217054,0.0,0.0,0,0,0,0.0,2
2023-07-18 00:00:00,989079.2828864192,996649.1710171084,0.007653469506102721,304706.41887499613,691942.7521421122,0.0,6544.844720895693,0.0,0.0,0,0,0,0.0,2
2023-07-19 00:00:00,996649.1710171084,994284.0344896255,-0.0023730883406737776,304706.41887499613,689577.6156146294,0.0,-4151.982662414026,0.0,0.0,0,0,0,0.0,2
2023-07-20 00:00:00,994284.0344896255,974640.9184510919,-0.019756040886864494,304706.41887499613,669934.4995760957,0.0,-20457.535841578792,0.0,0.0,0,0,0,0.0,2
2023-07-21 00:00:00,974640.9184510919,975938.5167599599,0.0013313603854537143,304706.41887499613,671232.0978849637,0.0,3150.297240234737,0.0,0.0,0,0,0,0.0,2
2023-07-24 00:00:00,975938.5167599599,982850.108459725,0.007081995003856522,0.0,982850.108459725,0.0,5056.111388317833,0.0,0.0,0,0,0,0.0,3
2023-07-25 00:00:00,982850.108459725,977181.1515152594,-0.005767875381679258,0.0,977181.1515152594,0.0,-6809.916318988078,0.0,0.0,0,0,0,0.0,3
2023-07-26 00:00:00,977181.1515152594,984811.9722799063,0.007809013459596703,0.0,984811.9722799063,0.0,3568.116016526532,0.0,0.0,0,0,0,0.0,3
2023-07-27 00:00:00,984811.9722799063,1001662.1560686188,0.017110051728659606,0.0,1001662.1560686188,0.0,11507.298731186544,0.0,0.0,0,0,0,0.0,3
2023-07-28 00:00:00,1001662.1560686188,1024504.6989940123,0.022804638057853044,0.0,1024504.6989940123,0.0,18121.520338728966,0.0,0.0,0,0,0,0.0,3
2023-07-31 00:00:00,1024504.6989940123,1039054.9111875603,0.014202191759427957,0.0,1039054.9111875603,0.0,14310.84766961902,0.0,0.0,0,0,0,0.0,3
2023-08-01 00:00:00,1039054.9111875603,1039795.8460379578,0.0007130853648058772,0.0,1039795.8460379578,0.0,-2614.08956254035,0.0,0.0,0,0,0,0.0,3
2023-08-02 00:00:00,1039795.8460379578,1024828.3703381328,-0.014394629250402479,341877.9592235336,682950.4111145993,35017.9059691079,-12448.043304438528,0.0,0.0,0,354.63030731919747,354.63030731919747,0.0,2
2023-08-03 00:00:00,1024828.3703381328,1028465.0462270314,0.003548570662323352,341877.9592235336,686587.0870034979,0.0,6478.824075908051,0.0,0.0,0,0,0,0.0,2
2023-08-04 00:00:00,1028465.0462270314,1037535.1154595087,0.008819034993703756,341877.9592235336,695657.1562359752,0.0,12997.645466823538,0.0,0.0,0,0,0,0.0,2
2023-08-07 00:00:00,1037535.1154595087,1052189.0830677033,0.014123828090102323,341877.9592235336,710311.1238441698,0.0,11959.532671756344,0.0,0.0,0,0,0,0.0,2
2023-08-08 00:00:00,1052189.0830677033,1050638.5406391637,-0.001473634780565225,341877.9592235336,708760.5814156302,0.0,-4347.513883642154,0.0,0.0,0,0,0,0.0,2
2023-08-09 00:00:00,1050638.5406391637,1056177.1546692555,0.0052716646266586925,341877.9592235336,714299.195445722,0.0,5127.072991441353,0.0,0.0,0,0,0,0.0,2
2023-08-10 00:00:00,1056177.1546692555,1047943.0812531335,-0.00779611013144904,341877.9592235336,706065.1220296,0.0,-7002.866702416795,0.0,0.0,0,0,0,0.0,2
2023-08-11 00:00:00,1047943.0812531335,1050073.0288262966,0.0020325031113484554,341877.9592235336,708195.069602763,0.0,676.3656200401019,0.0,0.0,0,0,0,0.0,2
2023-08-14 00:00:00,1050073.0288262966,1038357.9748434478,-0.011156418326393065,341877.9592235336,696480.0156199143,0.0,-8828.453008906508,0.0,0.0,0,0,0,0.0,2
2023-08-16 00:00:00,1038357.9748434478,1040687.1729488301,0.0022431552141095063,684196.9614946379,356490.2114541921,35458.94901667858,1223.686172083777,0.0,0.0,0,355.08780165974,355.08780165974,0.0,1
2023-08-17 00:00:00,1040687.1729488301,1055332.0819901074,0.01407234510230429,684196.9614946379,371135.1204954696,0.0,13658.039346727484,0.0,0.0,0,0,0,0.0,1
2023-08-18 00:00:00,1055332.0819901074,1042266.1525033964,-0.012380870163704094,684196.9614946379,358069.19100875844,0.0,-13065.928402896854,0.0,0.0,0,0,0,0.0,1
2023-08-21 00:00:00,1042266.1525033964,1049410.9522216304,0.006855062597085256,684196.9614946379,365213.99072699243,0.0,6000.06165584299,0.0,0.0,0,0,0,0.0,1
2023-08-22 00:00:00,1049410.9522216304,1055716.7526253825,0.0060088951715270246,0.0,1055716.7526253825,0.0,5042.605622854724,0.0,0.0,0,0,0,0.0,3
2023-08-23 00:00:00,1055716.7526253825,1056808.453543127,0.0010340850564601485,0.0,1056808.453543127,0.0,-2115.9770824992447,0.0,0.0,0,0,0,0.0,3
2023-08-24 00:00:00,1056808.453543127,1060119.395201208,0.003132962881760205,0.0,1060119.395201208,0.0,-1734.504903725523,0.0,0.0,0,0,0,0.0,3
2023-08-25 00:00:00,1060119.395201208,1055756.9369105012,-0.0041150631810475185,0.0,1055756.9369105012,0.0,-7378.244611943082,0.0,0.0,0,0,0,0.0,3
2023-08-28 00:00:00,1055756.9369105012,1057205.1150664655,0.00137169655754486,0.0,1057205.1150664655,0.0,733.7808467398281,0.0,0.0,0,0,0,0.0,3
2023-08-29 00:00:00,1057205.1150664655,1064766.8111304645,0.007152534504644059,0.0,1064766.8111304645,0.0,5702.0058789387695,0.0,0.0,0,0,0,0.0,3
2023-08-30 00:00:00,1064766.8111304645,1059203.6833217908,-0.005224738177899621,0.0,1059203.6833217908,0.0,-8958.130626481608,0.0,0.0,0,0,0,0.0,3
2023-08-31 00:00:00,1059203.6833217908,1069458.1516170725,0.009681299694051763,0.0,1069458.1516170725,0.0,7872.1461587842205,0.0,0.0,0,0,0,0.0,3
2023-09-01 00:00:00,1069458.1516170725,1101331.8541522354,0.029803599595709593,324672.46448491653,776659.3896673189,-17426.016262402412,32223.661352961964,0.0,0.0,0,336.78303251800105,336.78303251800105,0.0,2
2023-09-04 00:00:00,1101331.8541522354,1101740.3986941802,0.0003709549854609737,324672.46448491653,777067.9342092637,0.0,-5529.955595046864,0.0,0.0,0,0,0,0.0,2
2023-09-05 00:00:00,1101740.3986941802,1104607.182659735,0.002602050327783746,324672.46448491653,779934.7181748184,0.0,-426.5172327441978,0.0,0.0,0,0,0,0.0,2
2023-09-06 00:00:00,1104607.182659735,1095583.5371289027,-0.008169099090144058,324672.46448491653,770911.0726439862,0.0,-10149.987203538476,0.0,0.0,0,0,0,0.0,2
2023-09-07 00:00:00,1095583.5371289027,1094393.6529362774,-0.001086073450632086,324672.46448491653,769721.1884513609,0.0,-4641.044608262659,0.0,0.0,0,0,0,0.0,2
2023-09-08 00:00:00,1094393.6529362774,1108438.8350634947,0.012833756929724351,324672.46448491653,783766.3705785782,0.0,9465.574186018726,0.0,0.0,0,0,0,0.0,2
2023-09-11 00:00:00,1108438.8350634947,1104906.672966953,-0.0031866098379163227,324672.46448491653,780234.2084820364,0.0,-10489.863783656736,0.0,0.0,0,0,0,0.0,2
2023-09-12 00:00:00,1104906.672966953,1083557.2761885345,-0.019322353010222972,324672.46448491653,758884.8117036179,0.0,-26261.059573298728,0.0,0.0,0,0,0,0.0,2
2023-09-13 00:00:00,1083557.2761885345,1084344.1884494,0.0007262304246929724,324672.46448491653,759671.7239644835,0.0,-1442.6064713472733,0.0,0.0,0,0,0,0.0,2
2023-09-14 00:00:00,1084344.1884494,1094788.4098840388,0.009631832351657599,324672.46448491653,770115.9453991223,0.0,6552.683667407022,0.0,0.0,0,0,0,0.0,2
2023-09-15 00:00:00,1094788.4098840388,1090679.4645085228,-0.0037531867696254688,324672.46448491653,766007.0000236063,0.0,-2814.972694389813,0.0,0.0,0,0,0,0.0,2
2023-09-18 00:00:00,1090679.4645085228,1086669.0979556015,-0.0036769433031622898,324672.46448491653,761996.633470685,0.0,-2888.7757672626176,0.0,0.0,0,0,0,0.0,2
2023-09-20 00:00:00,1086669.0979556015,1084328.8891617758,-0.002153561556345387,324672.46448491653,759656.4246768593,0.0,-1978.828182633326,0.0,0.0,0,0,0,0.0,2
2023-09-21 00:00:00,1084328.8891617758,1084938.90523218,0.0005625747653699919,324672.46448491653,760266.4407472634,0.0,6417.329862043203,0.0,0.0,0,0,0,0.0,2
2023-09-22 00:00:00,1084938.90523218,1081522.05172473,-0.0031493510749516667,0.0,1081522.05172473,0.0,-3108.2263169426587,0.0,0.0,0,0,0,0.0,3
2023-09-25 00:00:00,1081522.05172473,1082663.916083273,0.0010557938756052113,0.0,1082663.916083273,0.0,-2048.533793976705,0.0,0.0,0,0,0,0.0,3
2023-09-26 00:00:00,1082663.916083273,1080970.447023152,-0.0015641687461493369,0.0,1080970.447023152,0.0,-4071.891593741777,0.0,0.0,0,0,0,0.0,3
2023-09-27 00:00:00,1080970.447023152,1091539.478148442,0.009777354371153981,0.0,1091539.478148442,0.0,11838.297649261076,0.0,0.0,0,0,0,0.0,3
2023-09-28 00:00:00,1091539.478148442,1079583.7272109715,-0.010953109050852457,0.0,1079583.7272109715,0.0,-16988.210769039288,0.0,0.0,0,0,0,0.0,3
2023-09-29 00:00:00,1079583.7272109715,1101367.7392415376,0.02017815893431774,0.0,1101367.7392415376,0.0,12214.205895301595,0.0,0.0,0,0,0,0.0,3
2023-10-03 00:00:00,1101367.7392415376,1110787.3733162298,0.00855266932112886,0.0,1110787.3733162298,0.0,10465.887707379006,0.0,0.0,0,0,0,0.0,3
2023-10-04 00:00:00,1110787.3733162298,1091983.2541829941,-0.016928639616325847,0.0,1091983.2541829941,0.0,-16761.78875347512,0.0,0.0,0,0,0,0.0,3
2023-10-05 00:00:00,1091983.2541829941,1114901.086386841,0.02098734766861757,0.0,1114901.086386841,0.0,16267.735852358746,0.0,0.0,0,0,0,0.0,3
2023-10-06 00:00:00,1114901.086386841,1116775.3165446927,0.0016810730393363336,0.0,1116775.3165446927,0.0,-2908.9450944869313,0.0,0.0,0,0,0,0.0,3
2023-10-09 00:00:00,1116775.3165446927,1115740.1836022257,-0.0009268945392433117,0.0,1115740.1836022257,0.0,8199.185790637508,0.0,0.0,0,0,0,0.0,3
2023-10-10 00:00:00,1115740.1836022257,1136189.6657391968,0.018328175714662224,0.0,1136189.6657391968,0.0,19364.10529137141,0.0,0.0,0,0,0,0.0,3
2023-10-11 00:00:00,1136189.6657391968,1142798.2730096783,0.005816464864765354,0.0,1142798.2730096783,0.0,1423.282301143976,0.0,0.0,0,0,0,0.0,3
2023-10-12 00:00:00,1142798.2730096783,1149385.1355493856,0.005763801622100835,0.0,1149385.1355493856,0.0,3356.31038425921,0.0,0.0,0,0,0,0.0,3
2023-10-13 00:00:00,1149385.1355493856,1150764.2037899978,0.0011998312819254528,0.0,1150764.2037899978,0.0,9786.917752812093,0.0,0.0,0,0,0,0.0,3
2023-10-16 00:00:00,1150764.2037899978,1154791.0841999613,0.003499309760158556,0.0,1154791.0841999613,0.0,3316.5808837920777,0.0,0.0,0,0,0,0.0,3
2023-10-17 00:00:00,1154791.0841999613,1162928.8192050362,0.007046932658570618,0.0,1162928.8192050362,0.0,4748.21196196595,0.0,0.0,0,0,0,0.0,3
2023-10-18 00:00:00,1162928.8192050362,1150482.9069764207,-0.010702213259383633,341765.4264854695,808717.4804909512,17092.96200055297,-14999.116201866418,0.0,0.0,0,354.5135770111841,354.5135770111841,0.0,2
2023-10-19 00:00:00,1150482.9069764207,1149034.1155621563,-0.001259289821238561,341765.4264854695,807268.6890766869,0.0,5027.5603506919,0.0,0.0,0,0,0,0.0,2
2023-10-20 00:00:00,1149034.1155621563,1150029.7788805785,0.0008665219813208388,341765.4264854695,808264.3523951089,0.0,3273.779534372152,0.0,0.0,0,0,0,0.0,2
2023-10-23 00:00:00,1150029.7788805785,1126041.7491297463,-0.020858616177906027,341765.4264854695,784276.3226442768,0.0,-22768.357833343267,0.0,0.0,0,0,0,0.0,2
2023-10-25 00:00:00,1126041.7491297463,1122399.1753280452,-0.0032348479126252006,0.0,1122399.1753280452,0.0,-2785.468825703312,0.0,0.0,0,0,0,0.0,3
2023-10-26 00:00:00,1122399.1753280452,1118986.2667736642,-0.0030407261778177064,0.0,1118986.2667736642,0.0,4279.1881648915005,0.0,0.0,0,0,0,0.0,3
2023-10-27 00:00:00,1118986.2667736642,1147060.875749991,0.02508932398006409,0.0,1147060.875749991,0.0,21916.35999828414,0.0,0.0,0,0,0,0.0,3
2023-10-30 00:00:00,1147060.875749991,1144336.6453801752,-0.00237496581690543,0.0,1144336.6453801752,0.0,-6482.94779335137,0.0,0.0,0,0,0,0.0,3
2023-10-31 00:00:00,1144336.6453801752,1150293.3463636772,0.005205374666231209,0.0,1150293.3463636772,0.0,382.7835887292749,0.0,0.0,0,0,0,0.0,3
2023-11-01 00:00:00,1150293.3463636772,1157791.5738750962,0.006518535063357952,0.0,1157791.5738750962,0.0,-3628.3149982033065,0.0,0.0,0,0,0,0.0,3
2023-11-02 00:00:00,1157791.5738750962,1167138.1392925219,0.008072753013863293,0.0,1167138.1392925219,0.0,301.17728438362246,0.0,0.0,0,0,0,0.0,3
2023-11-03 00:00:00,1167138.1392925219,1180709.5574734465,0.011627945076965032,0.0,1180709.5574734465,0.0,9331.931518749509,0.0,0.0,0,0,0,0.0,3
2023-11-06 00:00:00,1180709.5574734465,1195801.7939803507,0.012782344659934422,0.0,1195801.7939803507,0.0,7325.266861255106,0.0,0.0,0,0,0,0.0,3
2023-11-07 00:00:00,1195801.7939803507,1187692.4584330702,-0.006781504751124123,0.0,1187692.4584330702,0.0,-1301.054451657401,0.0,0.0,0,0,0,0.0,3
2023-11-08 00:00:00,1187692.4584330702,1188701.5959415038,0.0008496623021122035,0.0,1188701.5959415038,0.0,-7330.2118869776605,0.0,0.0,0,0,0,0.0,3
2023-11-09 00:00:00,1188701.5959415038,1198679.5779843847,0.008394017537242358,0.0,1198679.5779843847,0.0,6509.854393261601,0.0,0.0,0,0,0,0.0,3
2023-11-10 00:00:00,1198679.5779843847,1206383.2321761805,0.006426783548569051,0.0,1206383.2321761805,0.0,5585.348587895976,0.0,0.0,0,0,0,0.0,3
2023-11-13 00:00:00,1206383.2321761805,1239844.9633190641,0.027737231627898568,0.0,1239844.9633190641,0.0,12457.902823531767,0.0,0.0,0,0,0,0.0,3
2023-11-15 00:00:00,1239844.9633190641,1266968.4507294935,0.021876515381261737,0.0,1266968.4507294935,0.0,4332.124254449911,0.0,0.0,0,0,0,0.0,3
2023-11-16 00:00:00,1266968.4507294935,1274768.6754215672,0.006156605310560375,0.0,1274768.6754215672,0.0,-58.641211768612266,0.0,0.0,0,0,0,0.0,3
2023-11-17 00:00:00,1274768.6754215672,1275836.7491899773,0.0008378569296558218,0.0,1275836.7491899773,0.0,-818.1079194404301,0.0,0.0,0,0,0,0.0,3
2023-11-20 00:00:00,1275836.7491899773,1276805.4645449973,0.000759278454422205,0.0,1276805.4645449973,0.0,117.87286210042657,0.0,0.0,0,0,0,0.0,3
2023-11-21 00:00:00,1276805.4645449973,1272763.9644235852,-0.0031653217609405597,0.0,1272763.9644235852,0.0,-13013.204126927885,0.0,0.0,0,0,0,0.0,3
2023-11-22 00:00:00,1272763.9644235852,1283191.1246540593,0.008192532568437681,0.0,1283191.1246540593,0.0,6388.04719963239,0.0,0.0,0,0,0,0.0,3
2023-11-23 00:00:00,1283191.1246540593,1282390.691455612,-0.0006237833032574406,0.0,1282390.691455612,0.0,-3587.6276179551496,0.0,0.0,0,0,0,0.0,3
2023-11-24 00:00:00,1282390.691455612,1275638.0979789784,-0.00526562889268077,0.0,1275638.0979789784,0.0,-10376.830600068904,0.0,0.0,0,0,0,0.0,3
2023-11-28 00:00:00,1275638.0979789784,1290344.3123893514,0.01152851614707368,0.0,1290344.3123893514,0.0,7579.770676093933,0.0,0.0,0,0,0,0.0,3
2023-11-29 00:00:00,1290344.3123893514,1305224.9661982511,0.011532312473517199,0.0,1305224.9661982511,0.0,7885.671304903983,0.0,0.0,0,0,0,0.0,3
2023-11-30 00:00:00,1305224.9661982511,1311303.6750578084,0.004657211604879759,0.0,1311303.6750578084,0.0,3060.0183718268527,0.0,0.0,0,0,0,0.0,3
2023-12-01 00:00:00,1311303.6750578084,1321234.6544065266,0.007573363468443253,412382.8181961279,908851.8362103988,70284.33744880895,5152.396779099421,0.0,0.0,0,427.7650594445889,427.7650594445889,0.0,2
2023-12-04 00:00:00,1321234.6544065266,1330981.4139272529,0.0073770086851864605,412382.8181961279,918598.5957311249,0.0,-3631.1862951454823,0.0,0.0,0,0,0,0.0,2
2023-12-05 00:00:00,1330981.4139272529,1333920.320634332,0.0022080749410372915,412382.8181961279,921537.5024382041,0.0,1891.8120637854445,0.0,0.0,0,0,0,0.0,2
2023-12-06 00:00:00,1333920.320634332,1342474.8419938385,0.006413067727642469,412382.8181961279,930092.0237977107,0.0,4129.342353177955,0.0,0.0,0,0,0,0.0,2
2023-12-07 00:00:00,1342474.8419938385,1343831.407156407,0.0010104957799831748,412382.8181961279,931448.588960279,0.0,-2992.4110953441705,0.0,0.0,0,0,0,0.0,2
2023-12-08 00:00:00,1343831.407156407,1344631.3012723436,0.0005952339792603247,412382.8181961279,932248.4830762157,0.0,-570.143635505694,0.0,0.0,0,0,0,0.0,2
2023-12-11 00:00:00,1344631.3012723436,1349550.4090756318,0.0036583320636917297,412382.8181961279,937167.5908795038,0.0,2534.33268815215,0.0,0.0,0,0,0,0.0,2
2023-12-12 00:00:00,1349550.4090756318,1345477.6092593628,-0.0030178938029136733,412382.8181961279,933094.7910632348,0.0,-5530.360667199129,0.0,0.0,0,0,0,0.0,2
2023-12-13 00:00:00,1345477.6092593628,1348518.4515976897,0.0022600467799688824,412382.8181961279,936135.6334015618,0.0,-2394.5620475924807,0.0,0.0,0,0,0,0.0,2
2023-12-14 00:00:00,1348518.4515976897,1374569.3584251027,0.019318168614265954,412382.8181961279,962186.5402289749,0.0,14350.385603972536,0.0,0.0,0,0,0,0.0,2
2023-12-15 00:00:00,1374569.3584251027,1392631.20956065,0.01314000710465526,412382.8181961279,980248.3913645222,0.0,12241.851938918699,0.0,0.0,0,0,0,0.0,2
2023-12-18 00:00:00,1392631.20956065,1387386.2581732306,-0.0037662170367947253,412382.8181961279,975003.4399771027,0.0,-5854.824691163492,0.0,0.0,0,0,0,0.0,2
2023-12-19 00:00:00,1387386.2581732306,1410095.3833444603,0.016368278867869703,412382.8181961279,997712.5651483324,0.0,22818.25467628613,0.0,0.0,0,0,0,0.0,2
2023-12-20 00:00:00,1410095.3833444603,1384327.794361511,-0.018273649632008417,412382.8181961279,971944.9761653831,0.0,-30463.812863740604,0.0,0.0,0,0,0,0.0,2
2023-12-21 00:00:00,1384327.794361511,1401868.1179443893,0.012670643220718113,412382.8181961279,989485.2997482615,0.0,26714.180289110052,0.0,0.0,0,0,0,0.0,2
2023-12-22 00:00:00,1401868.1179443893,1423140.4901152514,0.01517430341596933,0.0,1423140.4901152514,0.0,13215.640463488176,0.0,0.0,0,0,0,0.0,3
2023-12-26 00:00:00,1423140.4901152514,1430452.6657249043,0.005138056053103173,0.0,1430452.6657249043,0.0,771.2822215999477,0.0,0.0,0,0,0,0.0,3
2023-12-27 00:00:00,1430452.6657249043,1425356.3041511658,-0.0035627614222074593,0.0,1425356.3041511658,0.0,-11537.443216974905,0.0,0.0,0,0,0,0.0,3
2023-12-28 00:00:00,1425356.3041511658,1442965.5752973412,0.012354294217446353,0.0,1442965.5752973412,0.0,11321.855003527191,0.0,0.0,0,0,0,0.0,3
2023-12-29 00:00:00,1442965.5752973412,1433307.07156892,-0.00669350945980185,0.0,1433307.07156892,0.0,-11267.326311981655,0.0,0.0,0,0,0,0.0,3
2024-01-01 00:00:00,1433307.07156892,1423309.910434084,-0.006974891377528044,0.0,1423309.910434084,0.0,-11618.756695407326,0.0,0.0,0,0,0,0.0,3
2024-01-02 00:00:00,1423309.910434084,1418999.5749844958,-0.0030283885596452268,0.0,1418999.5749844958,0.0,-13337.59198569291,0.0,0.0,0,0,0,0.0,3
2024-01-03 00:00:00,1418999.5749844958,1408511.5634177013,-0.007391130872543828,0.0,1408511.5634177013,0.0,-14263.81143219734,0.0,0.0,0,0,0,0.0,3
2024-01-04 00:00:00,1408511.5634177013,1424904.5280811377,0.011638502011058737,0.0,1424904.5280811377,0.0,3650.7671754574403,0.0,0.0,0,0,0,0.0,3
2024-01-05 00:00:00,1424904.5280811377,1442751.9927645586,0.012525375793040272,0.0,1442751.9927645586,0.0,3305.465824610903,0.0,0.0,0,0,0,0.0,3
2024-01-08 00:00:00,1442751.9927645586,1437074.6818493614,-0.00393505671360644,0.0,1437074.6818493614,0.0,-14767.178691630252,0.0,0.0,0,0,0,0.0,3
2024-01-09 00:00:00,1437074.6818493614,1454831.261596824,0.012356059132996363,0.0,1454831.261596824,0.0,6663.694649463694,0.0,0.0,0,0,0,0.0,3
2024-01-10 00:00:00,1454831.261596824,1458050.3727598663,0.002212704145159043,0.0,1458050.3727598663,0.0,1976.5754386877525,0.0,0.0,0,0,0,0.0,3
2024-01-11 00:00:00,1458050.3727598663,1468380.9454342725,0.007085196003792402,426287.7993058074,1042093.1461284652,13904.981109679518,248.57184825581498,0.0,0.0,0,442.1887085601761,442.1887085601761,0.0,2
2024-01-12 00:00:00,1468380.9454342725,1501164.396979246,0.02232625780585695,875795.1480565467,625369.2489226994,107741.92226526976,22933.679233727744,0.0,0.0,0,466.2743675894133,466.2743675894133,0.0,1
2024-01-15 00:00:00,1501164.396979246,1500806.6977343874,-0.00023828119397081753,875795.1480565467,625011.5496778407,0.0,-9340.39517801546,0.0,0.0,0,0,0,0.0,1
2024-01-16 00:00:00,1500806.6977343874,1496355.0970278084,-0.0029661386195164586,875795.1480565467,620559.9489712616,0.0,-4252.841187187354,0.0,0.0,0,0,0,0.0,1
2024-01-17 00:00:00,1496355.0970278084,1510504.8527372328,0.0094561483016497,875795.1480565467,634709.7046806861,0.0,26590.327565785265,0.0,0.0,0,0,0,0.0,1
2024-01-18 00:00:00,1510504.8527372328,1494129.2966745188,-0.01084111450091624,875795.1480565467,618334.148617972,0.0,-15222.87640770711,0.0,0.0,0,0,0,0.0,1
2024-01-19 00:00:00,1494129.2966745188,1511061.2405953454,0.011332315053664993,875795.1480565467,635266.0925387988,0.0,8068.530503296293,0.0,0.0,0,0,0,0.0,1
2024-01-23 00:00:00,1511061.2405953454,1512333.1762956786,0.0008417499345242153,875795.1480565467,636538.028239132,0.0,-7154.345618672669,0.0,0.0,0,0,0,0.0,1
2024-01-24 00:00:00,1512333.1762956786,1540485.4936788315,0.018615155591646424,0.0,1540485.4936788315,0.0,27476.609773951466,0.0,0.0,0,0,0,0.0,3
2024-01-25 00:00:00,1540485.4936788315,1553296.998288983,0.00831653700260194,0.0,1553296.998288983,0.0,-4178.594281441125,0.0,0.0,0,0,0,0.0,3
2024-01-29 00:00:00,1553296.998288983,1605800.113605938,0.03380107949399833,0.0,1605800.113605938,0.0,38663.72893887287,0.0,0.0,0,0,0,0.0,3
2024-01-30 00:00:00,1605800.113605938,1590914.0608511535,-0.009270177918568446,0.0,1590914.0608511535,0.0,-18598.318795618135,0.0,0.0,0,0,0,0.0,3
2024-01-31 00:00:00,1590914.0608511535,1601602.6830717635,0.006718541550190037,459423.8243804283,1142178.8586913352,21526.25035215493,4804.204336904921,0.0,0.0,0,476.5607364681411,476.5607364681411,0.0,2
2024-02-01 00:00:00,1601602.6830717635,1586655.537647263,-0.009332617622638456,459423.8243804283,1127231.7132668346,0.0,-17998.93802917149,0.0,0.0,0,0,0,0.0,2
2024-02-02 00:00:00,1586655.537647263,1615573.1889727006,0.01822553833475261,459423.8243804283,1156149.3645922723,0.0,16723.829165293253,0.0,0.0,0,0,0,0.0,2
2024-02-05 00:00:00,1615573.1889727006,1629504.8619727741,0.008623362342954145,459423.8243804283,1170081.0375923458,0.0,9918.885049565928,0.0,0.0,0,0,0,0.0,2
2024-02-06 00:00:00,1629504.8619727741,1654480.6722805987,0.015327238899789068,459423.8243804283,1195056.8479001704,0.0,14926.7213871422,0.0,0.0,0,0,0,0.0,2
2024-02-07 00:00:00,1654480.6722805987,1643029.5484810302,-0.006921279886445483,459423.8243804283,1183605.7241006019,0.0,-20473.928969823697,0.0,0.0,0,0,0,0.0,2
2024-02-08 00:00:00,1643029.5484810302,1654308.7604347563,0.006864886857423647,459423.8243804283,1194884.936054328,0.0,4908.127256594191,0.0,0.0,0,0,0,0.0,2
2024-02-09 00:00:00,1654308.7604347563,1647276.7769648456,-0.004250707992420148,459423.8243804283,1187852.9525844173,0.0,-16130.745016161352,0.0,0.0,0,0,0,0.0,2
2024-02-12 00:00:00,1647276.7769648456,1613214.6638308621,-0.020677832414261233,459423.8243804283,1153790.8394504339,0.0,-21549.084532779758,0.0,0.0,0,0,0,0.0,2
2024-02-13 00:00:00,1613214.6638308621,1650593.6424755633,0.02317049273277632,459423.8243804283,1191169.818095135,0.0,25864.01644055365,0.0,0.0,0,0,0,0.0,2
2024-02-14 00:00:00,1650593.6424755633,1659243.6531626193,0.005240545258663844,459423.8243804283,1199819.828782191,0.0,16729.81993220898,0.0,0.0,0,0,0,0.0,2
2024-02-15 00:00:00,1659243.6531626193,1679682.221260382,0.012318002879688953,459423.8243804283,1220258.3968799538,0.0,12418.51731948473,0.0,0.0,0,0,0,0.0,2
2024-02-16 00:00:00,1679682.221260382,1681998.1678276635,0.0013788004290142255,459423.8243804283,1222574.3434472352,0.0,-5506.344979799702,0.0,0.0,0,0,0,0.0,2
2024-02-19 00:00:00,1681998.1678276635,1651055.5168723303,-0.01839636424532866,459423.8243804283,1191631.692491902,0.0,-36074.87845888373,0.0,0.0,0,0,0,0.0,2
2024-02-20 00:00:00,1651055.5168723303,1620606.1067138452,-0.018442390245100224,459423.8243804283,1161182.2823334169,0.0,-32058.270340412157,0.0,0.0,0,0,0,0.0,2
2024-02-21 00:00:00,1620606.1067138452,1596833.197016739,-0.014669147301506346,459423.8243804283,1137409.3726363108,0.0,-30387.478035787353,0.0,0.0,0,0,0,0.0,2
2024-02-22 00:00:00,1596833.197016739,1625090.378106644,0.017695762552216433,0.0,1625090.378106644,0.0,19552.70180845773,0.0,0.0,0,0,0,0.0,3
2024-02-23 00:00:00,1625090.378106644,1611912.2466302528,-0.008109168360066626,0.0,1611912.2466302528,0.0,-21638.488007924403,0.0,0.0,0,0,0,0.0,3
2024-02-26 00:00:00,1611912.2466302528,1592037.958901345,-0.012329633806341209,0.0,1592037.958901345,0.0,-18942.72556066845,0.0,0.0,0,0,0,0.0,3
2024-02-27 00:00:00,1592037.958901345,1604680.3415118621,0.007941005765491617,0.0,1604680.3415118621,0.0,11128.842640091432,0.0,0.0,0,0,0,0.0,3
2024-02-28 00:00:00,1604680.3415118621,1560359.108195143,-0.027619976496354077,0.0,1560359.108195143,0.0,-45914.67943063186,0.0,0.0,0,0,0,0.0,3
2024-02-29 00:00:00,1560359.108195143,1566171.5123215863,0.0037250425853356094,0.0,1566171.5123215863,0.0,-2761.3081432675826,0.0,0.0,0,0,0,0.0,3
2024-03-01 00:00:00,1566171.5123215863,1590528.7669531172,0.015552099141061135,0.0,1590528.7669531172,0.0,13731.649223326356,0.0,0.0,0,0,0,0.0,3
2024-03-04 00:00:00,1590528.7669531172,1620657.2699486047,0.01894244456401939,0.0,1620657.2699486047,0.0,11166.858378907957,0.0,0.0,0,0,0,0.0,3
2024-03-05 00:00:00,1620657.2699486047,1610530.4182566116,-0.006248607820896231,0.0,1610530.4182566116,0.0,-9117.159669540066,0.0,0.0,0,0,0,0.0,3
2024-03-06 00:00:00,1610530.4182566116,1604539.0359232987,-0.0037201298810602495,601136.3936081963,1003402.6423151024,296429.9747332001,-4382.50941988558,0.0,0.0,0,623.5593089715451,623.5593089715451,0.0,2
2024-03-07 00:00:00,1604539.0359232987,1591086.2456371505,-0.008384208788293561,601136.3936081963,989949.8520289541,0.0,-12467.897719989822,0.0,0.0,0,0,0,0.0,2
2024-03-11 00:00:00,1591086.2456371505,1586851.5845052933,-0.0026614906284740244,601136.3936081963,985715.190897097,0.0,-1412.8977917219163,0.0,0.0,0,0,0,0.0,2
2024-03-12 00:00:00,1586851.5845052933,1580800.0934310998,-0.0038135205165264877,601136.3936081963,979663.6998229036,0.0,-6489.169200208795,0.0,0.0,0,0,0,0.0,2
2024-03-13 00:00:00,1580800.0934310998,1523024.973284108,-0.03654802424865232,601136.3936081963,921888.5796759119,0.0,-59635.458873433876,0.0,0.0,0,0,0,0.0,2
2024-03-14 00:00:00,1523024.973284108,1543455.6951060512,0.013414567837248377,601136.3936081963,942319.3014978549,0.0,18159.264608648024,0.0,0.0,0,0,0,0.0,2
2024-03-15 00:00:00,1543455.6951060512,1512684.4048264096,-0.019936620388398784,601136.3936081963,911548.0112182132,0.0,-15815.766274327994,0.0,0.0,0,0,0,0.0,2
2024-03-18 00:00:00,1512684.4048264096,1517345.0145943207,0.003081019248324874,601136.3936081963,916208.6209861243,0.0,3786.8831459703506,0.0,0.0,0,0,0,0.0,2
2024-03-19 00:00:00,1517345.0145943207,1496136.7406441832,-0.013977225842606206,601136.3936081963,895000.347035987,0.0,-13880.703141946287,0.0,0.0,0,0,0,0.0,2
2024-03-20 00:00:00,1496136.7406441832,1498644.3296391694,0.001676042654969135,1009982.5754650608,488661.7541741085,-50577.64252356387,-349.4459145241999,0.0,0.0,0,424.0965034642099,424.0965034642099,0.0,1
2024-03-21 00:00:00,1498644.3296391694,1513263.3716515163,0.009754844243708415,1009982.5754650608,503280.79618645564,0.0,9377.165560013731,0.0,0.0,0,0,0,0.0,1
2024-03-22 00:00:00,1513263.3716515163,1529418.7066642814,0.010675825051612686,0.0,1529418.7066642814,0.0,17494.87224106252,0.0,0.0,0,0,0,0.0,3
2024-03-26 00:00:00,1529418.7066642814,1541002.4241908996,0.007573934774135641,0.0,1541002.4241908996,0.0,14909.423080599809,0.0,0.0,0,0,0,0.0,3
2024-03-27 00:00:00,1541002.4241908996,1541156.9912218025,0.00010030291223202136,0.0,1541156.9912218025,0.0,-8650.525303635804,0.0,0.0,0,0,0,0.0,3
2024-03-28 00:00:00,1541156.9912218025,1546612.4754405092,0.0035398627458333083,500373.784014998,1046238.691425511,62476.209986724636,452.6003728362848,0.0,0.0,0,519.0381655568676,519.0381655568676,0.0,2
2024-04-01 00:00:00,1546612.4754405092,1540445.7535046204,-0.003987244402727538,1016219.8899135242,524225.86359109625,10854.818165995774,-8849.97124097345,0.0,0.0,0,535.0876186335123,535.0876186335123,0.0,1
2024-04-02 00:00:00,1540445.7535046204,1554009.1058164006,0.008804823072102765,1016219.8899135242,537789.2159028765,0.0,7310.724647987052,0.0,0.0,0,0,0,0.0,1
2024-04-03 00:00:00,1554009.1058164006,1542666.1736610597,-0.00729914137110663,1016219.8899135242,526446.2837475355,0.0,-9768.920802764944,0.0,0.0,0,0,0,0.0,1
2024-04-04 00:00:00,1542666.1736610597,1546475.1431927972,0.0024690821622788575,1016219.8899135242,530255.253279273,0.0,414.5495131800417,0.0,0.0,0,0,0,0.0,1
2024-04-05 00:00:00,1546475.1431927972,1538552.7524427199,-0.005122869762860227,1016219.8899135242,522332.8625291958,0.0,-6986.08246126509,0.0,0.0,0,0,0,0.0,1
2024-04-08 00:00:00,1538552.7524427199,1539770.262452592,0.0007913345889109228,1016219.8899135242,523550.3725390678,0.0,-1072.5521169340354,0.0,0.0,0,0,0,0.0,1
2024-04-09 00:00:00,1539770.262452592,1536778.6833847086,-0.0019428736486430374,1016219.8899135242,520558.7934711844,0.0,-6441.087003454741,0.0,0.0,0,0,0,0.0,1
2024-04-10 00:00:00,1536778.6833847086,1538323.7905310413,0.001005419428990053,1016219.8899135242,522103.90061751724,0.0,-1695.7919754230534,0.0,0.0,0,0,0,0.0,1
2024-04-12 00:00:00,1538323.7905310413,1541761.7206973527,0.0022348547083995427,1016219.8899135242,525541.8307838285,0.0,6713.585330410628,0.0,0.0,0,0,0,0.0,1
2024-04-15 00:00:00,1541761.7206973527,1537830.9704909744,-0.002549518614718476,1016219.8899135242,521611.0805774501,0.0,-3597.3865183900343,0.0,0.0,0,0,0,0.0,1
2024-04-16 00:00:00,1537830.9704909744,1533314.6997504795,-0.0029367796768021565,1016219.8899135242,517094.80983695533,0.0,-1672.5789587891777,0.0,0.0,0,0,0,0.0,1
2024-04-18 00:00:00,1533314.6997504795,1539236.9082016186,0.0038623567960985304,1016219.8899135242,523017.0182880944,0.0,3095.8734246686217,0.0,0.0,0,0,0,0.0,1
2024-04-19 00:00:00,1539236.9082016186,1526667.7419822281,-0.0081658425369203,1016219.8899135242,510447.852068704,0.0,-15685.338938081812,0.0,0.0,0,0,0,0.0,1
2024-04-22 00:00:00,1526667.7419822281,1526160.4411991725,-0.0003322928552855393,1016219.8899135242,509940.5512856484,0.0,-5116.363431311445,0.0,0.0,0,0,0,0.0,1
2024-04-23 00:00:00,1526160.4411991725,1511699.4152017375,-0.009475429716991158,0.0,1511699.4152017375,0.0,-17316.354301674757,0.0,0.0,0,0,0,0.0,3
2024-04-24 00:00:00,1511699.4152017375,1493906.5774517518,-0.011770089722242352,498396.9079301665,995509.6695215853,-9713.037026595543,-28062.87989207002,0.0,0.0,0,516.9875502580985,516.9875502580985,0.0,2
2024-04-25 00:00:00,1493906.5774517518,1500752.1668190942,0.004582341004896944,498396.9079301665,1002355.2588889278,0.0,5934.670711527113,0.0,0.0,0,0,0,0.0,2
2024-04-26 00:00:00,1500752.1668190942,1516958.5792171923,0.010798859902663471,498396.9079301665,1018561.6712870258,0.0,14993.91657894582,0.0,0.0,0,0,0,0.0,2
2024-04-29 00:00:00,1516958.5792171923,1502706.6841982144,-0.00939504559599269,498396.9079301665,1004309.776268048,0.0,-12418.424741359602,0.0,0.0,0,0,0,0.0,2
2024-04-30 00:00:00,1502706.6841982144,1514978.1009097137,0.008166208908591342,498396.9079301665,1016581.1929795472,0.0,8582.552743892884,0.0,0.0,0,0,0,0.0,2
2024-05-02 00:00:00,1514978.1009097137,1524370.0001841853,0.006199363059328737,498396.9079301665,1025973.0922540189,0.0,1129.209456664801,0.0,0.0,0,0,0,0.0,2
2024-05-03 00:00:00,1524370.0001841853,1521256.520833145,-0.0020424695780317434,498396.9079301665,1022859.6129029784,0.0,-7329.987454257323,0.0,0.0,0,0,0,0.0,2
2024-05-06 00:00:00,1521256.520833145,1518462.9461278387,-0.001836360053054204,498396.9079301665,1020066.0381976722,0.0,-7647.843805886805,0.0,0.0,0,0,0,0.0,2
2024-05-07 00:00:00,1518462.9461278387,1478478.6197998184,-0.02633210538984996,498396.9079301665,980081.7118696519,0.0,-34282.252511357656,0.0,0.0,0,0,0,0.0,2
2024-05-08 00:00:00,1478478.6197998184,1481354.5198615019,0.0019451752789451124,498396.9079301665,982957.6119313353,0.0,7538.251600760734,0.0,0.0,0,0,0,0.0,2
2024-05-09 00:00:00,1481354.5198615019,1470431.861202447,-0.007373426490828208,1008055.2052600491,462376.6559423979,4667.009597352268,-14737.921300215006,0.0,0.0,0,528.6689993714978,528.6689993714978,0.0,1
2024-05-10 00:00:00,1470431.861202447,1474239.7260230468,0.002589623444017259,1008055.2052600491,466184.5207629978,0.0,8038.854425612197,0.0,0.0,0,0,0,0.0,1
2024-05-13 00:00:00,1474239.7260230468,1471066.4838192877,-0.002152460110622078,1008055.2052600491,463011.27855923853,0.0,-987.2481237769825,0.0,0.0,0,0,0,0.0,1
2024-05-14 00:00:00,1471066.4838192877,1486862.1955606076,0.010737592022564408,1008055.2052600491,478806.99030055857,0.0,13045.551282121218,0.0,0.0,0,0,0,0.0,1
2024-05-15 00:00:00,1486862.1955606076,1490105.937041843,0.002181601960773817,1008055.2052600491,482050.73178179393,0.0,-916.7488463008776,0.0,0.0,0,0,0,0.0,1
2024-05-16 00:00:00,1490105.937041843,1488977.6903631138,-0.0007571587030712079,1008055.2052600491,480922.48510306474,0.0,-2397.577992114413,0.0,0.0,0,0,0,0.0,1
2024-05-17 00:00:00,1488977.6903631138,1493843.3456248187,0.0032677825149404044,1008055.2052600491,485788.1403647697,0.0,1480.8721856654738,0.0,0.0,0,0,0,0.0,1
2024-05-21 00:00:00,1493843.3456248187,1486227.529903915,-0.00509813545256198,1008055.2052600491,478172.324643866,0.0,-11212.13966922334,0.0,0.0,0,0,0,0.0,1
2024-05-22 00:00:00,1486227.529903915,1470711.7871418116,-0.010439681979990333,0.0,1470711.7871418116,0.0,-20381.39802380855,0.0,0.0,0,0,0,0.0,3
2024-05-23 00:00:00,1470711.7871418116,1473382.151278664,0.0018156950669729265,0.0,1473382.151278664,0.0,-6622.856678626034,0.0,0.0,0,0,0,0.0,3
2024-05-24 00:00:00,1473382.151278664,1498088.663473454,0.016768570308354023,0.0,1498088.663473454,0.0,17784.557192564185,0.0,0.0,0,0,0,0.0,3
2024-05-27 00:00:00,1498088.663473454,1477916.8828010939,-0.01346501122676552,0.0,1477916.8828010939,0.0,-25262.00945159048,0.0,0.0,0,0,0,0.0,3
2024-05-28 00:00:00,1477916.8828010939,1464221.4608123119,-0.009266706503024103,0.0,1464221.4608123119,0.0,-16910.740293182083,0.0,0.0,0,0,0,0.0,3
2024-05-29 00:00:00,1464221.4608123119,1463747.5371227057,-0.0003236694054075764,0.0,1463747.5371227057,0.0,4749.830485911982,0.0,0.0,0,0,0,0.0,3
2024-05-30 00:00:00,1463747.5371227057,1448479.3719905596,-0.010430873319970729,0.0,1448479.3719905596,0.0,-3809.783820431505,0.0,0.0,0,0,0,0.0,3
2024-05-31 00:00:00,1448479.3719905596,1446331.2401314876,-0.0014830255097937417,0.0,1446331.2401314876,0.0,-13729.578980726015,0.0,0.0,0,0,0,0.0,3
2024-06-03 00:00:00,1446331.2401314876,1514802.8928042613,0.04734161219289494,0.0,1514802.8928042613,0.0,29709.96197502152,0.0,0.0,0,0,0,0.0,3
2024-06-04 00:00:00,1514802.8928042613,1365572.1048976753,-0.09851498740560509,480101.49420259433,885470.6106950811,-23926.108427430227,-141383.84564588295,0.0,0.0,0,498.00970153255776,498.00970153255776,0.0,2
2024-06-05 00:00:00,1365572.1048976753,1409066.4099671366,0.03185061038773953,480101.49420259433,928964.9157645423,0.0,16703.500833180442,0.0,0.0,0,0,0,0.0,2
2024-06-06 00:00:00,1409066.4099671366,1428731.3813553418,0.013956028792612997,480101.49420259433,948629.8871527475,0.0,17106.83871111658,0.0,0.0,0,0,0,0.0,2
2024-06-07 00:00:00,1428731.3813553418,1444778.0162334398,0.011231386870550617,480101.49420259433,964676.5220308455,0.0,14205.116625223425,0.0,0.0,0,0,0,0.0,2
2024-06-10 00:00:00,1444778.0162334398,1445523.3713472045,0.0005158959406843083,480101.49420259433,965421.8771446103,0.0,-5421.696847755113,0.0,0.0,0,0,0,0.0,2
2024-06-11 00:00:00,1445523.3713472045,1447200.9011933177,0.0011604999817815083,480101.49420259433,967099.4069907235,0.0,-5959.801588086993,0.0,0.0,0,0,0,0.0,2
2024-06-12 00:00:00,1447200.9011933177,1449951.6630343942,0.0019007463571976992,480101.49420259433,969850.1688317999,0.0,-759.4661611211486,0.0,0.0,0,0,0,0.0,2
2024-06-13 00:00:00,1449951.6630343942,1455959.2616795038,0.004143309600085046,480101.49420259433,975857.7674769094,0.0,-803.0004967590794,0.0,0.0,0,0,0,0.0,2
2024-06-14 00:00:00,1455959.2616795038,1491464.6483639067,0.024386250095655853,480101.49420259433,1011363.1541613124,0.0,31266.451207174978,0.0,0.0,0,0,0,0.0,2
2024-06-18 00:00:00,1491464.6483639067,1474284.746136887,-0.011518812897017379,952495.0675717115,521789.67856517556,-35716.37158764483,-16650.557286800875,0.0,0.0,0,490.01426848336035,490.01426848336035,0.0,1
2024-06-19 00:00:00,1474284.746136887,1455277.487970733,-0.012892528540337414,952495.0675717115,502782.42039902165,0.0,-21184.652544902638,0.0,0.0,0,0,0,0.0,1
2024-06-20 00:00:00,1455277.487970733,1455000.8859641233,-0.0001900682233430846,952495.0675717115,502505.81839241175,0.0,-3571.9792043539346,0.0,0.0,0,0,0,0.0,1
2024-06-21 00:00:00,1455000.8859641233,1446768.2923178214,-0.005658136517797889,952495.0675717115,494273.2247461099,0.0,-11216.072478968941,0.0,0.0,0,0,0,0.0,1
2024-06-24 00:00:00,1446768.2923178214,1480836.049976789,0.023547487071608853,0.0,1480836.049976789,0.0,34676.88098053128,0.0,0.0,0,0,0,0.0,3
2024-06-25 00:00:00,1480836.049976789,1464343.8075761502,-0.011137115686032402,0.0,1464343.8075761502,0.0,-19470.608223872492,0.0,0.0,0,0,0,0.0,3
2024-06-26 00:00:00,1464343.8075761502,1450471.1366559418,-0.009473643312748404,0.0,1450471.1366559418,0.0,-18118.721449901757,0.0,0.0,0,0,0,0.0,3
2024-06-27 00:00:00,1450471.1366559418,1463424.7771931093,0.008930643437022831,0.0,1463424.7771931093,0.0,8462.217670990736,0.0,0.0,0,0,0,0.0,3
2024-06-28 00:00:00,1463424.7771931093,1467238.5511391738,0.002606060800323097,0.0,1467238.5511391738,0.0,-8139.529967503448,0.0,0.0,0,0,0,0.0,3
2024-07-01 00:00:00,1467238.5511391738,1469971.5096100983,0.0018626544870993455,471469.49113116617,998502.0184789321,-4778.0426546895815,16834.386284907174,0.0,0.0,0,489.0557171664603,489.0557171664603,0.0,2
2024-07-02 00:00:00,1469971.5096100983,1483714.4463690878,0.009349117768027155,471469.49113116617,1012244.9552379216,0.0,16419.286150349595,0.0,0.0,0,0,0,0.0,2
2024-07-03 00:00:00,1483714.4463690878,1482009.006499804,-0.0011494394177108756,471469.49113116617,1010539.5153686379,0.0,-6735.325009330118,0.0,0.0,0,0,0,0.0,2
2024-07-04 00:00:00,1482009.006499804,1481691.9398109808,-0.00021394383396638471,471469.49113116617,1010222.4486798147,0.0,-9327.458041386504,0.0,0.0,0,0,0,0.0,2
2024-07-05 00:00:00,1481691.9398109808,1470546.1730816117,-0.00752232392570815,471469.49113116617,999076.6819504455,0.0,-15619.067760505364,0.0,0.0,0,0,0,0.0,2
2024-07-08 00:00:00,1470546.1730816117,1451995.0070014438,-0.01261515375698335,471469.49113116617,980525.5158702775,0.0,-19420.741040181834,0.0,0.0,0,0,0,0.0,2
2024-07-09 00:00:00,1451995.0070014438,1456083.4002024992,0.002815707479255406,471469.49113116617,984613.9090713331,0.0,-6379.928766772326,0.0,0.0,0,0,0,0.0,2
2024-07-10 00:00:00,1456083.4002024992,1442436.780865012,-0.009372141276790475,471469.49113116617,970967.2897338457,0.0,-18353.092019317963,0.0,0.0,0,0,0,0.0,2
2024-07-11 00:00:00,1442436.780865012,1438696.2458108747,-0.0025932055420093197,471469.49113116617,967226.7546797085,0.0,-11331.622615429456,0.0,0.0,0,0,0,0.0,2
2024-07-12 00:00:00,1438696.2458108747,1414135.3289381359,-0.017071648684879894,471469.49113116617,942665.8378069696,0.0,-22073.602368307824,0.0,0.0,0,0,0,0.0,2
2024-07-15 00:00:00,1414135.3289381359,1416242.6570899454,0.0014901884626501022,930693.40371782,485549.25337212556,-17023.621199201985,2403.9037664740463,0.0,0.0,0,476.3533677889083,476.3533677889083,0.0,1
2024-07-16 00:00:00,1416242.6570899454,1415133.4242167338,-0.0007832223296329984,930693.40371782,484440.0204989138,0.0,-3336.5941998176277,0.0,0.0,0,0,0,0.0,1
2024-07-18 00:00:00,1415133.4242167338,1395175.7070392375,-0.014103063948576258,930693.40371782,464482.30332141765,0.0,-20098.95526387036,0.0,0.0,0,0,0,0.0,1
2024-07-19 00:00:00,1395175.7070392375,1379131.2763050147,-0.011499935566016507,930693.40371782,448437.8725871948,0.0,-16447.527772209316,0.0,0.0,0,0,0,0.0,1
2024-07-22 00:00:00,1379131.2763050147,1384807.034157009,0.0041154587308040195,930693.40371782,454113.63043918915,0.0,11286.729233038961,0.0,0.0,0,0,0,0.0,1
2024-07-23 00:00:00,1384807.034157009,1385100.0982016402,0.00021162807337232138,0.0,1385100.0982016402,0.0,-2649.2302816609736,0.0,0.0,0,0,0,0.0,3
2024-07-24 00:00:00,1385100.0982016402,1368924.3843170889,-0.01167837176934232,0.0,1368924.3843170889,0.0,-23931.64371955284,0.0,0.0,0,0,0,0.0,3
2024-07-25 00:00:00,1368924.3843170889,1372221.5855993936,0.0024086073124846676,0.0,1372221.5855993936,0.0,18471.088534641312,0.0,0.0,0,0,0,0.0,3
2024-07-26 00:00:00,1372221.5855993936,1413945.1710366793,0.030405865842039376,0.0,1413945.1710366793,0.0,20227.069830065884,0.0,0.0,0,0,0,0.0,3
2024-07-29 00:00:00,1413945.1710366793,1414974.2002869693,0.0007277716783993443,0.0,1414974.2002869693,0.0,-8453.461272777931,0.0,0.0,0,0,0,0.0,3
2024-07-30 00:00:00,1414974.2002869693,1413119.5675140384,-0.0013107184375197526,461773.5533670126,951346.0141470259,-3573.1484918973856,-6102.62829274754,0.0,0.0,0,478.99811240931547,478.99811240931547,0.0,2
2024-07-31 00:00:00,1413119.5675140384,1401298.648904374,-0.008365122726635003,461773.5533670126,939525.0955373615,0.0,-10473.605926338874,0.0,0.0,0,0,0,0.0,2
2024-08-01 00:00:00,1401298.648904374,1388998.876917926,-0.008777409438070153,461773.5533670126,927225.3235509133,0.0,-15314.356523504539,0.0,0.0,0,0,0,0.0,2
2024-08-02 00:00:00,1388998.876917926,1369373.1896431241,-0.014129375913067375,461773.5533670126,907599.6362761116,0.0,-8375.56943618477,0.0,0.0,0,0,0,0.0,2
2024-08-05 00:00:00,1369373.1896431241,1354550.8980675188,-0.010824143255987186,461773.5533670126,892777.3447005062,0.0,-916.2817648804048,0.0,0.0,0,0,0,0.0,2
2024-08-06 00:00:00,1354550.8980675188,1355537.4838907977,0.0007283490230499237,461773.5533670126,893763.9305237851,0.0,-2721.600710217317,0.0,0.0,0,0,0,0.0,2
2024-08-07 00:00:00,1355537.4838907977,1386751.9877519093,0.023027400003367397,461773.5533670126,924978.4343848967,0.0,19871.523015521816,0.0,0.0,0,0,0,0.0,2
2024-08-08 00:00:00,1386751.9877519093,1386269.3484882016,-0.00034803574681734886,461773.5533670126,924495.7951211891,0.0,-4066.2334137089783,0.0,0.0,0,0,0,0.0,2
2024-08-09 00:00:00,1386269.3484882016,1385775.7416462156,-0.0003560684960136869,461773.5533670126,924002.1882792029,0.0,-11619.753789658309,0.0,0.0,0,0,0,0.0,2
2024-08-12 00:00:00,1385775.7416462156,1369316.2671219867,-0.011877444545735805,461773.5533670126,907542.7137549741,0.0,-17564.69577087066,0.0,0.0,0,0,0,0.0,2
2024-08-13 00:00:00,1369316.2671219867,1350052.241189914,-0.014068353962201567,461773.5533670126,888278.6878229014,0.0,-28277.485126183077,0.0,0.0,0,0,0,0.0,2
2024-08-14 00:00:00,1350052.241189914,1350370.617659528,0.00023582529616288951,908541.6168378808,441829.0008216473,-57259.53915915637,-5426.272208724113,0.0,0.0,0,463.4329045631277,463.4329045631277,0.0,1
2024-08-16 00:00:00,1350370.617659528,1359962.4893237823,0.007103140085259651,908541.6168378808,451420.8724859016,0.0,5864.717625966412,0.0,0.0,0,0,0,0.0,1
2024-08-19 00:00:00,1359962.4893237823,1367471.5612602716,0.005521528715268516,908541.6168378808,458929.9444223908,0.0,5426.238754930615,0.0,0.0,0,0,0,0.0,1
2024-08-20 00:00:00,1367471.5612602716,1378050.0187478047,0.007735778781230316,908541.6168378808,469508.401909924,0.0,8002.348121231946,0.0,0.0,0,0,0,0.0,1
2024-08-21 00:00:00,1378050.0187478047,1374322.8981633103,-0.002704633746082137,908541.6168378808,465781.28132542956,0.0,-5042.590651395265,0.0,0.0,0,0,0,0.0,1
2024-08-22 00:00:00,1374322.8981633103,1381790.2095309813,0.005433447538166295,0.0,1381790.2095309813,0.0,5713.362429734145,0.0,0.0,0,0,0,0.0,3
2024-08-23 00:00:00,1381790.2095309813,1401303.6264266993,0.014121837570655164,0.0,1401303.6264266993,0.0,12905.74906043685,0.0,0.0,0,0,0,0.0,3
2024-08-26 00:00:00,1401303.6264266993,1406397.4986063968,0.0036350952667458577,0.0,1406397.4986063968,0.0,3396.746372701775,0.0,0.0,0,0,0,0.0,3
2024-08-27 00:00:00,1406397.4986063968,1413063.1912778462,0.00473955100037823,451672.10367199907,961391.087605847,-2598.7047469413164,8173.327453605656,0.0,0.0,0,468.5198697701934,468.5198697701934,0.0,2
2024-08-28 00:00:00,1413063.1912778462,1427299.3736189296,0.010074696184117219,451672.10367199907,975627.2699469305,0.0,9869.827265493805,0.0,0.0,0,0,0,0.0,2
2024-08-29 00:00:00,1427299.3736189296,1436526.4568136157,0.0064647146668962326,451672.10367199907,984854.3531416166,0.0,15226.877391883347,0.0,0.0,0,0,0,0.0,2
2024-08-30 00:00:00,1436526.4568136157,1453462.3598656137,0.011789482171852108,451672.10367199907,1001790.2561936146,0.0,14156.806287216139,0.0,0.0,0,0,0,0.0,2
2024-09-02 00:00:00,1453462.3598656137,1442781.1839945717,-0.007348780516084121,451672.10367199907,991109.0803225725,0.0,-13904.421555222187,0.0,0.0,0,0,0,0.0,2
2024-09-03 00:00:00,1442781.1839945717,1441688.0886891107,-0.0007576306910480775,451672.10367199907,990015.9850171118,0.0,-1046.547875267046,0.0,0.0,0,0,0,0.0,2
2024-09-04 00:00:00,1441688.0886891107,1430350.3674088996,-0.007864198483126965,451672.10367199907,978678.2637369006,0.0,-2816.590768152848,0.0,0.0,0,0,0,0.0,2
2024-09-05 00:00:00,1430350.3674088996,1434939.9459640062,0.0032087093202351107,451672.10367199907,983267.8422920073,0.0,-2056.30119865085,0.0,0.0,0,0,0,0.0,2
2024-09-06 00:00:00,1434939.9459640062,1412500.0742979683,-0.015638195681396704,948691.9646190966,463808.1096788718,42749.05252815715,-22033.906170931412,0.0,0.0,0,515.5591382133214,515.5591382133214,0.0,1
2024-09-09 00:00:00,1412500.0742979683,1410746.1253600318,-0.0012417336960553363,948691.9646190966,462054.1607409352,0.0,602.9042659500265,0.0,0.0,0,0,0,0.0,1
2024-09-10 00:00:00,1410746.1253600318,1415021.3528967693,0.0030304726413098505,948691.9646190966,466329.3882776727,0.0,1808.7462516435771,0.0,0.0,0,0,0,0.0,1
2024-09-11 00:00:00,1415021.3528967693,1417871.515739192,0.002014218963260163,948691.9646190966,469179.5511200955,0.0,-6412.858032003045,0.0,0.0,0,0,0,0.0,1
2024-09-12 00:00:00,1417871.515739192,1423845.8949001594,0.004213625208383387,948691.9646190966,475153.9302810627,0.0,2795.365528715949,0.0,0.0,0,0,0,0.0,1
2024-09-13 00:00:00,1423845.8949001594,1418364.8253777283,-0.003849482266348392,948691.9646190966,469672.86075863166,0.0,-7837.922726317716,0.0,0.0,0,0,0,0.0,1
2024-09-16 00:00:00,1418364.8253777283,1418638.8788538498,0.0001932179022054679,948691.9646190966,469946.91423475323,0.0,274.05347612156766,0.0,0.0,0,0,0,0.0,1
2024-09-17 00:00:00,1418638.8788538498,1420557.2531867006,0.001352264033818597,948691.9646190966,471865.2885676041,0.0,3562.6951895801467,0.0,0.0,0,0,0,0.0,1
2024-09-18 00:00:00,1420557.2531867006,1418145.5692153135,-0.0016977027613473733,948691.9646190966,469453.60459621705,0.0,274.05347612156766,0.0,0.0,0,0,0,0.0,1
2024-09-19 00:00:00,1418145.5692153135,1375996.1312063017,-0.02972151725745183,948691.9646190966,427304.1665872051,0.0,-36394.315010459395,0.0,0.0,0,0,0,0.0,1
2024-09-20 00:00:00,1375996.1312063017,1374297.0130358655,-0.0012348277236409553,948691.9646190966,425605.0484167689,0.0,-5207.016046309436,0.0,0.0,0,0,0,0.0,1
2024-09-23 00:00:00,1374297.0130358655,1391233.5312416947,0.012323768475939486,948691.9646190966,442541.56662259815,0.0,4165.632909323671,0.0,0.0,0,0,0,0.0,1
2024-09-24 00:00:00,1391233.5312416947,1382798.792380136,-0.00606277714858598,0.0,1382798.792380136,0.0,-8434.738861558842,0.0,0.0,0,0,0,0.0,3
2024-09-25 00:00:00,1382798.792380136,1365286.5968775293,-0.012664312117646489,0.0,1365286.5968775293,0.0,-14747.658876056841,0.0,0.0,0,0,0,0.0,3
2024-09-26 00:00:00,1365286.5968775293,1367159.2527035729,0.001371621043029659,427682.69138423173,939476.5613193412,-37664.01047467823,-3113.9829144660034,0.0,0.0,0,443.6356313380358,443.6356313380358,0.0,2
2024-09-27 00:00:00,1367159.2527035729,1375184.9482123405,0.005870344287175554,427682.69138423173,947502.2568281088,0.0,7369.063427341287,0.0,0.0,0,0,0,0.0,2
2024-09-30 00:00:00,1375184.9482123405,1379727.949984945,0.0033035569350217597,427682.69138423173,952045.2586007132,0.0,8580.115564494568,0.0,0.0,0,0,0,0.0,2
2024-10-01 00:00:00,1379727.949984945,1379200.1224827962,-0.0003825591140300166,427682.69138423173,951517.4310985645,0.0,-3173.562226118229,0.0,0.0,0,0,0,0.0,2
2024-10-03 00:00:00,1379200.1224827962,1358820.6172297657,-0.01477632210207744,427682.69138423173,931137.9258455341,0.0,2884.028803027759,0.0,0.0,0,0,0,0.0,2
2024-10-04 00:00:00,1358820.6172297657,1341212.7543881626,-0.012958195230729093,427682.69138423173,913530.0630039308,0.0,-11981.180316765269,0.0,0.0,0,0,0,0.0,2
2024-10-07 00:00:00,1341212.7543881626,1316182.6387632978,-0.018662300625289768,427682.69138423173,888499.9473790661,0.0,-27249.40574446827,0.0,0.0,0,0,0,0.0,2
2024-10-08 00:00:00,1316182.6387632978,1334725.6933292358,0.014088511745878406,427682.69138423173,907043.0019450041,0.0,16526.26974767004,0.0,0.0,0,0,0,0.0,2
2024-10-09 00:00:00,1334725.6933292358,1336671.6130197656,0.001457917308593997,427682.69138423173,908988.9216355339,0.0,-3372.6129651395604,0.0,0.0,0,0,0,0.0,2
2024-10-10 00:00:00,1336671.6130197656,1332638.4708333726,-0.0030173021908361506,427682.69138423173,904955.7794491409,0.0,-6650.123444165627,0.0,0.0,0,0,0,0.0,2
2024-10-11 00:00:00,1332638.4708333726,1336973.092645856,0.0032526614737250154,427682.69138423173,909290.4012616244,0.0,683.0786478435621,0.0,0.0,0,0,0,0.0,2
2024-10-14 00:00:00,1336973.092645856,1342767.869651989,0.00433425103168321,427682.69138423173,915085.1782677574,0.0,2481.272734562168,0.0,0.0,0,0,0,0.0,2
2024-10-15 00:00:00,1342767.869651989,1349178.6693638088,0.004774317182225437,427682.69138423173,921495.977979577,0.0,1753.7513075727038,0.0,0.0,0,0,0,0.0,2
2024-10-16 00:00:00,1349178.6693638088,1363939.4980412126,0.01094060335564307,427682.69138423173,936256.8066569809,0.0,5547.483261036279,0.0,0.0,0,0,0,0.0,2
2024-10-17 00:00:00,1363939.4980412126,1336735.0589157592,-0.019945488171962414,861954.3355626509,474780.7233531083,-40074.3381311291,-11977.582037900516,0.0,0.0,0,450.4703578574679,450.4703578574679,0.0,1
2024-10-18 00:00:00,1336735.0589157592,1369451.0263768192,0.02447453385983332,861954.3355626509,507496.69081416837,0.0,32724.309338681225,0.0,0.0,0,0,0,0.0,1
2024-10-21 00:00:00,1369451.0263768192,1365743.8775203573,-0.002707032807350584,861954.3355626509,503789.5419577063,0.0,-3233.3548892851686,0.0,0.0,0,0,0,0.0,1
2024-10-22 00:00:00,1365743.8775203573,1308318.7516319922,-0.042046775265524944,0.0,1308318.7516319922,0.0,-53684.74923666968,0.0,0.0,0,0,0,0.0,3
2024-10-23 00:00:00,1308318.7516319922,1323356.8227205242,0.011494195179709493,0.0,1323356.8227205242,0.0,17265.301251297467,0.0,0.0,0,0,0,0.0,3
2024-10-24 00:00:00,1323356.8227205242,1309375.9069173266,-0.010564736254924744,0.0,1309375.9069173266,0.0,-20360.12448146782,0.0,0.0,0,0,0,0.0,3
2024-10-25 00:00:00,1309375.9069173266,1277578.7470181063,-0.024284210310605625,0.0,1277578.7470181063,0.0,-29805.27487836557,0.0,0.0,0,0,0,0.0,3
2024-10-28 00:00:00,1277578.7470181063,1274529.049963781,-0.002387091254800084,1274529.049963781,0,-61771.267908418435,0,0.0,0.0,0,1322.0701027420528,1322.0701027420528,0.0,0
2024-10-29 00:00:00,1274529.049963781,1274529.049963781,0.0,1274529.049963781,0,0.0,0,0.0,0.0,0,0,0,0.0,0
2024-10-30 00:00:00,1274529.049963781,1274529.049963781,0.0,1274529.049963781,0,0.0,0,0.0,0.0,0,0,0,0.0,0
2024-10-31 00:00:00,1274529.049963781,1274529.049963781,0.0,1274529.049963781,0,0.0,0,0.0,0.0,0,0,0,0.0,0
2024-11-01 00:00:00,1274529.049963781,1274529.049963781,0.0,1274529.049963781,0,0.0,0,0.0,0.0,0,0,0,0.0,0
2024-11-04 00:00:00,1274529.049963781,1274529.049963781,0.0,1274529.049963781,0,0.0,0,0.0,0.0,0,0,0,0.0,0
2024-11-05 00:00:00,1274529.049963781,1274529.049963781,0.0,1274529.049963781,0,0.0,0,0.0,0.0,0,0,0,0.0,0
2024-11-06 00:00:00,1274529.049963781,1274529.049963781,0.0,1274529.049963781,0,0.0,0,0.0,0.0,0,0,0,0.0,0
2024-11-07 00:00:00,1274529.049963781,1274529.049963781,0.0,1274529.049963781,0,0.0,0,0.0,0.0,0,0,0,0.0,0
2024-11-08 00:00:00,1274529.049963781,1274529.049963781,0.0,1274529.049963781,0,0.0,0,0.0,0.0,0,0,0,0.0,0
2024-11-11 00:00:00,1274529.049963781,1274529.049963781,0.0,1274529.049963781,0,0.0,0,0.0,0.0,0,0,0,0.0,0
2024-11-12 00:00:00,1274529.049963781,1274529.049963781,0.0,1274529.049963781,0,0.0,0,0.0,0.0,0,0,0,0.0,0
2024-11-13 00:00:00,1274529.049963781,1274529.049963781,0.0,1274529.049963781,0,0.0,0,0.0,0.0,0,0,0,0.0,0
2024-11-14 00:00:00,1274529.049963781,1274529.049963781,0.0,1274529.049963781,0,0.0,0,0.0,0.0,0,0,0,0.0,0
2024-11-18 00:00:00,1274529.049963781,1274529.049963781,0.0,1274529.049963781,0,0.0,0,0.0,0.0,0,0,0,0.0,0
2024-11-19 00:00:00,1274529.049963781,1274529.049963781,0.0,1274529.049963781,0,0.0,0,0.0,0.0,0,0,0,0.0,0
2024-11-21 00:00:00,1274529.049963781,1274529.049963781,0.0,1274529.049963781,0,0.0,0,0.0,0.0,0,0,0,0.0,0
2024-11-22 00:00:00,1274529.049963781,1274529.049963781,0.0,1274529.049963781,0,0.0,0,0.0,0.0,0,0,0,0.0,0
2024-11-25 00:00:00,1274529.049963781,1274529.049963781,0.0,1274529.049963781,0,0.0,0,0.0,0.0,0,0,0,0.0,0
2024-11-26 00:00:00,1274529.049963781,1274529.049963781,0.0,1274529.049963781,0,0.0,0,0.0,0.0,0,0,0,0.0,0
2024-11-27 00:00:00,1274529.049963781,1274529.049963781,0.0,1274529.049963781,0,0.0,0,0.0,0.0,0,0,0,0.0,0
2024-11-28 00:00:00,1274529.049963781,1274529.049963781,0.0,1274529.049963781,0,0.0,0,0.0,0.0,0,0,0,0.0,0
2024-11-29 00:00:00,1274529.049963781,1274529.049963781,0.0,1274529.049963781,0,0.0,0,0.0,0.0,0,0,0,0.0,0
2024-12-02 00:00:00,1274529.049963781,1274529.049963781,0.0,1274529.049963781,0,0.0,0,0.0,0.0,0,0,0,0.0,0
2024-12-03 00:00:00,1274529.049963781,1274529.049963781,0.0,1274529.049963781,0,0.0,0,0.0,0.0,0,0,0,0.0,0
2024-12-04 00:00:00,1274529.049963781,1274529.049963781,0.0,1274529.049963781,0,0.0,0,0.0,0.0,0,0,0,0.0,0
2024-12-05 00:00:00,1274529.049963781,1274529.049963781,0.0,1274529.049963781,0,0.0,0,0.0,0.0,0,0,0,0.0,0
2024-12-06 00:00:00,1274529.049963781,1274529.049963781,0.0,1274529.049963781,0,0.0,0,0.0,0.0,0,0,0,0.0,0
2024-12-09 00:00:00,1274529.049963781,1274529.049963781,0.0,1274529.049963781,0,0.0,0,0.0,0.0,0,0,0,0.0,0
2024-12-10 00:00:00,1274529.049963781,1274529.049963781,0.0,1274529.049963781,0,0.0,0,0.0,0.0,0,0,0,0.0,0
2024-12-11 00:00:00,1274529.049963781,1274529.049963781,0.0,1274529.049963781,0,0.0,0,0.0,0.0,0,0,0,0.0,0
2024-12-12 00:00:00,1274529.049963781,1274529.049963781,0.0,1274529.049963781,0,0.0,0,0.0,0.0,0,0,0,0.0,0
2024-12-13 00:00:00,1274529.049963781,1274529.049963781,0.0,1274529.049963781,0,0.0,0,0.0,0.0,0,0,0,0.0,0
2024-12-16 00:00:00,1274529.049963781,1274529.049963781,0.0,1274529.049963781,0,0.0,0,0.0,0.0,0,0,0,0.0,0
2024-12-17 00:00:00,1274529.049963781,1274529.049963781,0.0,1274529.049963781,0,0.0,0,0.0,0.0,0,0,0,0.0,0
2024-12-18 00:00:00,1274529.049963781,1274529.049963781,0.0,1274529.049963781,0,0.0,0,0.0,0.0,0,0,0,0.0,0
2024-12-19 00:00:00,1274529.049963781,1274529.049963781,0.0,1274529.049963781,0,0.0,0,0.0,0.0,0,0,0,0.0,0
2024-12-20 00:00:00,1274529.049963781,1274529.049963781,0.0,1274529.049963781,0,0.0,0,0.0,0.0,0,0,0,0.0,0
2024-12-23 00:00:00,1274529.049963781,1274529.049963781,0.0,1274529.049963781,0,0.0,0,0.0,0.0,0,0,0,0.0,0
2024-12-24 00:00:00,1274529.049963781,1274529.049963781,0.0,1274529.049963781,0,0.0,0,0.0,0.0,0,0,0,0.0,0
2024-12-26 00:00:00,1274529.049963781,1274529.049963781,0.0,1274529.049963781,0,0.0,0,0.0,0.0,0,0,0,0.0,0
2024-12-27 00:00:00,1274529.049963781,1274529.049963781,0.0,1274529.049963781,0,0.0,0,0.0,0.0,0,0,0,0.0,0
2024-12-30 00:00:00,1274529.049963781,1274529.049963781,0.0,1274529.049963781,0,0.0,0,0.0,0.0,0,0,0,0.0,0
2024-12-31 00:00:00,1274529.049963781,1274529.049963781,0.0,1274529.049963781,0,0.0,0,0.0,0.0,0,0,0,0.0,0
2025-01-01 00:00:00,1274529.049963781,1274529.049963781,0.0,1274529.049963781,0,0.0,0,0.0,0.0,0,0,0,0.0,0
2025-01-02 00:00:00,1274529.049963781,1274529.049963781,0.0,1274529.049963781,0,0.0,0,0.0,0.0,0,0,0,0.0,0
2025-01-03 00:00:00,1274529.049963781,1274529.049963781,0.0,1274529.049963781,0,0.0,0,0.0,0.0,0,0,0,0.0,0
2025-01-06 00:00:00,1274529.049963781,1274529.049963781,0.0,1274529.049963781,0,0.0,0,0.0,0.0,0,0,0,0.0,0
2025-01-07 00:00:00,1274529.049963781,1274529.049963781,0.0,1274529.049963781,0,0.0,0,0.0,0.0,0,0,0,0.0,0
2025-01-08 00:00:00,1274529.049963781,1274529.049963781,0.0,1274529.049963781,0,0.0,0,0.0,0.0,0,0,0,0.0,0
2025-01-09 00:00:00,1274529.049963781,1274529.049963781,0.0,1274529.049963781,0,0.0,0,0.0,0.0,0,0,0,0.0,0
2025-01-10 00:00:00,1274529.049963781,1274529.049963781,0.0,1274529.049963781,0,0.0,0,0.0,0.0,0,0,0,0.0,0
2025-01-13 00:00:00,1274529.049963781,1274529.049963781,0.0,1274529.049963781,0,0.0,0,0.0,0.0,0,0,0,0.0,0
2025-01-14 00:00:00,1274529.049963781,1274529.049963781,0.0,1274529.049963781,0,0.0,0,0.0,0.0,0,0,0,0.0,0
2025-01-15 00:00:00,1274529.049963781,1274529.049963781,0.0,1274529.049963781,0,0.0,0,0.0,0.0,0,0,0,0.0,0
2025-01-16 00:00:00,1274529.049963781,1274529.049963781,0.0,1274529.049963781,0,0.0,0,0.0,0.0,0,0,0,0.0,0
2025-01-17 00:00:00,1274529.049963781,1274529.049963781,0.0,1274529.049963781,0,0.0,0,0.0,0.0,0,0,0,0.0,0
2025-01-20 00:00:00,1274529.049963781,1274529.049963781,0.0,1274529.049963781,0,0.0,0,0.0,0.0,0,0,0,0.0,0
2025-01-21 00:00:00,1274529.049963781,1274529.049963781,0.0,1274529.049963781,0,0.0,0,0.0,0.0,0,0,0,0.0,0
2025-01-22 00:00:00,1274529.049963781,1274529.049963781,0.0,1274529.049963781,0,0.0,0,0.0,0.0,0,0,0,0.0,0
2025-01-23 00:00:00,1274529.049963781,1274529.049963781,0.0,1274529.049963781,0,0.0,0,0.0,0.0,0,0,0,0.0,0
2025-01-24 00:00:00,1274529.049963781,1274529.049963781,0.0,1274529.049963781,0,0.0,0,0.0,0.0,0,0,0,0.0,0
2025-01-27 00:00:00,1274529.049963781,1274529.049963781,0.0,1274529.049963781,0,0.0,0,0.0,0.0,0,0,0,0.0,0
2025-01-28 00:00:00,1274529.049963781,1274529.049963781,0.0,1274529.049963781,0,0.0,0,0.0,0.0,0,0,0,0.0,0
2025-01-29 00:00:00,1274529.049963781,1274529.049963781,0.0,1274529.049963781,0,0.0,0,0.0,0.0,0,0,0,0.0,0
2025-01-30 00:00:00,1274529.049963781,1274529.049963781,0.0,1274529.049963781,0,0.0,0,0.0,0.0,0,0,0,0.0,0
2025-01-31 00:00:00,1274529.049963781,1274529.049963781,0.0,1274529.049963781,0,0.0,0,0.0,0.0,0,0,0,0.0,0
2025-02-01 00:00:00,1274529.049963781,1274529.049963781,0.0,1274529.049963781,0,0.0,0,0.0,0.0,0,0,0,0.0,0
2025-02-03 00:00:00,1274529.049963781,1274529.049963781,0.0,1274529.049963781,0,0.0,0,0.0,0.0,0,0,0,0.0,0
2025-02-04 00:00:00,1274529.049963781,1274529.049963781,0.0,1274529.049963781,0,0.0,0,0.0,0.0,0,0,0,0.0,0
2025-02-05 00:00:00,1274529.049963781,1274529.049963781,0.0,1274529.049963781,0,0.0,0,0.0,0.0,0,0,0,0.0,0
2025-02-06 00:00:00,1274529.049963781,1274529.049963781,0.0,1274529.049963781,0,0.0,0,0.0,0.0,0,0,0,0.0,0
2025-02-07 00:00:00,1274529.049963781,1274529.049963781,0.0,1274529.049963781,0,0.0,0,0.0,0.0,0,0,0,0.0,0
2025-02-10 00:00:00,1274529.049963781,1274529.049963781,0.0,1274529.049963781,0,0.0,0,0.0,0.0,0,0,0,0.0,0
2025-02-11 00:00:00,1274529.049963781,1274529.049963781,0.0,1274529.049963781,0,0.0,0,0.0,0.0,0,0,0,0.0,0
2025-02-12 00:00:00,1274529.049963781,1274529.049963781,0.0,1274529.049963781,0,0.0,0,0.0,0.0,0,0,0,0.0,0
2025-02-13 00:00:00,1274529.049963781,1274529.049963781,0.0,1274529.049963781,0,0.0,0,0.0,0.0,0,0,0,0.0,0
2025-02-14 00:00:00,1274529.049963781,1274529.049963781,0.0,1274529.049963781,0,0.0,0,0.0,0.0,0,0,0,0.0,0
2025-02-17 00:00:00,1274529.049963781,1274529.049963781,0.0,1274529.049963781,0,0.0,0,0.0,0.0,0,0,0,0.0,0
2025-02-18 00:00:00,1274529.049963781,1274529.049963781,0.0,1274529.049963781,0,0.0,0,0.0,0.0,0,0,0,0.0,0
2025-02-19 00:00:00,1274529.049963781,1274529.049963781,0.0,1274529.049963781,0,0.0,0,0.0,0.0,0,0,0,0.0,0
2025-02-20 00:00:00,1274529.049963781,1274529.049963781,0.0,1274529.049963781,0,0.0,0,0.0,0.0,0,0,0,0.0,0
2025-02-21 00:00:00,1274529.049963781,1274529.049963781,0.0,1274529.049963781,0,0.0,0,0.0,0.0,0,0,0,0.0,0
2025-02-24 00:00:00,1274529.049963781,1274529.049963781,0.0,1274529.049963781,0,0.0,0,0.0,0.0,0,0,0,0.0,0
2025-02-25 00:00:00,1274529.049963781,1274529.049963781,0.0,1274529.049963781,0,0.0,0,0.0,0.0,0,0,0,0.0,0
2025-02-27 00:00:00,1274529.049963781,1274529.049963781,0.0,1274529.049963781,0,0.0,0,0.0,0.0,0,0,0,0.0,0
2025-02-28 00:00:00,1274529.049963781,1274529.049963781,0.0,1274529.049963781,0,0.0,0,0.0,0.0,0,0,0,0.0,0
2025-03-03 00:00:00,1274529.049963781,1274529.049963781,0.0,1274529.049963781,0,0.0,0,0.0,0.0,0,0,0,0.0,0
2025-03-04 00:00:00,1274529.049963781,1274529.049963781,0.0,1274529.049963781,0,0.0,0,0.0,0.0,0,0,0,0.0,0
2025-03-05 00:00:00,1274529.049963781,1274529.049963781,0.0,1274529.049963781,0,0.0,0,0.0,0.0,0,0,0,0.0,0
2025-03-06 00:00:00,1274529.049963781,1274529.049963781,0.0,1274529.049963781,0,0.0,0,0.0,0.0,0,0,0,0.0,0
2025-03-07 00:00:00,1274529.049963781,1274529.049963781,0.0,1274529.049963781,0,0.0,0,0.0,0.0,0,0,0,0.0,0
2025-03-10 00:00:00,1274529.049963781,1274529.049963781,0.0,1274529.049963781,0,0.0,0,0.0,0.0,0,0,0,0.0,0
2025-03-11 00:00:00,1274529.049963781,1274529.049963781,0.0,1274529.049963781,0,0.0,0,0.0,0.0,0,0,0,0.0,0
2025-03-12 00:00:00,1274529.049963781,1274529.049963781,0.0,1274529.049963781,0,0.0,0,0.0,0.0,0,0,0,0.0,0
2025-03-13 00:00:00,1274529.049963781,1274529.049963781,0.0,1274529.049963781,0,0.0,0,0.0,0.0,0,0,0,0.0,0
2025-03-17 00:00:00,1274529.049963781,1274529.049963781,0.0,1274529.049963781,0,0.0,0,0.0,0.0,0,0,0,0.0,0
2025-03-18 00:00:00,1274529.049963781,1274529.049963781,0.0,1274529.049963781,0,0.0,0,0.0,0.0,0,0,0,0.0,0
2025-03-19 00:00:00,1274529.049963781,1274529.049963781,0.0,1274529.049963781,0,0.0,0,0.0,0.0,0,0,0,0.0,0
2025-03-20 00:00:00,1274529.049963781,1274529.049963781,0.0,1274529.049963781,0,0.0,0,0.0,0.0,0,0,0,0.0,0
2025-03-21 00:00:00,1274529.049963781,1274529.049963781,0.0,1274529.049963781,0,0.0,0,0.0,0.0,0,0,0,0.0,0
2025-03-24 00:00:00,1274529.049963781,1274529.049963781,0.0,1274529.049963781,0,0.0,0,0.0,0.0,0,0,0,0.0,0
2025-03-25 00:00:00,1274529.049963781,1274529.049963781,0.0,1274529.049963781,0,0.0,0,0.0,0.0,0,0,0,0.0,0
2025-03-26 00:00:00,1274529.049963781,1274529.049963781,0.0,1274529.049963781,0,0.0,0,0.0,0.0,0,0,0,0.0,0
2025-03-27 00:00:00,1274529.049963781,1274529.049963781,0.0,1274529.049963781,0,0.0,0,0.0,0.0,0,0,0,0.0,0
2025-03-28 00:00:00,1274529.049963781,1274529.049963781,0.0,1274529.049963781,0,0.0,0,0.0,0.0,0,0,0,0.0,0
2025-04-01 00:00:00,1274529.049963781,1250429.1766172482,-0.018908845857391447,0.0,1250429.1766172482,0.0,-24099.873346532695,0.0,0.0,0,0,0,0.0,3
2025-04-02 00:00:00,1250429.1766172482,1249422.3395866936,-0.0008051931683795355,0.0,1249422.3395866936,0.0,-3540.850784892973,0.0,0.0,0,0,0,0.0,3
2025-04-03 00:00:00,1249422.3395866936,1239292.228284426,-0.008107835902484782,0.0,1239292.228284426,0.0,-816.4230392905883,0.0,0.0,0,0,0,0.0,3
2025-04-04 00:00:00,1239292.228284426,1242952.7956911728,0.00295375644517208,405653.42644210113,837299.3692490717,-19189.590212492523,3241.3682974893018,0.0,0.0,0,420.7846554687905,420.7846554687905,0.0,2
2025-04-07 00:00:00,1242952.7956911728,1217300.2457544121,-0.020638394334594166,405653.42644210113,811646.819312311,0.0,14752.49163883779,0.0,0.0,0,0,0,0.0,2
2025-04-08 00:00:00,1217300.2457544121,1232959.8144191452,0.012864179334021406,405653.42644210113,827306.3879770441,0.0,6897.066344521067,0.0,0.0,0,0,0,0.0,2
2025-04-09 00:00:00,1232959.8144191452,1228305.1785059632,-0.0037751724417513775,405653.42644210113,822651.752063862,0.0,-4079.9940788837266,0.0,0.0,0,0,0,0.0,2
2025-04-11 00:00:00,1228305.1785059632,1248674.262437214,0.016583080725936908,405653.42644210113,843020.8359951128,0.0,13656.800610944163,0.0,0.0,0,0,0,0.0,2
2025-04-15 00:00:00,1248674.262437214,1261054.516358475,0.009914718588895047,405653.42644210113,855401.0899163738,0.0,-10371.723331314977,0.0,0.0,0,0,0,0.0,2
2025-04-16 00:00:00,1261054.516358475,1257596.6877082384,-0.0027420136127196994,405653.42644210113,851943.2612661372,0.0,-3829.471703293151,0.0,0.0,0,0,0,0.0,2
2025-04-17 00:00:00,1257596.6877082384,1275344.6833162406,0.014112629097604386,405653.42644210113,869691.2568741394,0.0,20184.505290636618,0.0,0.0,0,0,0,0.0,2
2025-04-21 00:00:00,1275344.6833162406,1291109.4303073713,0.012361165728262697,405653.42644210113,885456.0038652702,0.0,14055.763785265386,0.0,0.0,0,0,0,0.0,2
2025-04-22 00:00:00,1291109.4303073713,1290148.1536751688,-0.0007445353659710375,0.0,1290148.1536751688,0.0,-3483.2070495687076,0.0,0.0,0,0,0,0.0,3
2025-04-23 00:00:00,1290148.1536751688,1289593.0891194018,-0.00043023319003000754,0.0,1289593.0891194018,0.0,-8029.074888985546,0.0,0.0,0,0,0,0.0,3
2025-04-24 00:00:00,1289593.0891194018,1288558.4082018298,-0.0008023313138864049,0.0,1288558.4082018298,0.0,-17670.968668366375,0.0,0.0,0,0,0,0.0,3
2025-04-25 00:00:00,1288558.4082018298,1264339.359884336,-0.018795460231633046,0.0,1264339.359884336,0.0,-24092.490266207024,0.0,0.0,0,0,0,0.0,3
2025-04-28 00:00:00,1264339.359884336,1268367.656207338,0.003186087889702808,0.0,1268367.656207338,0.0,8077.605450585077,0.0,0.0,0,0,0,0.0,3
2025-04-29 00:00:00,1268367.656207338,1267659.5763572296,-0.0005582607271977094,0.0,1267659.5763572296,0.0,-4671.709709707473,0.0,0.0,0,0,0,0.0,3
2025-04-30 00:00:00,1267659.5763572296,1223909.9217270876,-0.034512147776977996,0.0,1223909.9217270876,0.0,-23885.367786398507,0.0,0.0,0,0,0,0.0,3
2025-05-02 00:00:00,1223909.9217270876,1232970.4838543925,0.007402964847706597,0.0,1232970.4838543925,0.0,12056.417884253722,0.0,0.0,0,0,0,0.0,3
2025-05-05 00:00:00,1232970.4838543925,1228604.8354737826,-0.003540756601863219,0.0,1228604.8354737826,0.0,10495.446266164014,0.0,0.0,0,0,0,0.0,3
2025-05-06 00:00:00,1228604.8354737826,1221828.2786167543,-0.005515652113167093,0.0,1221828.2786167543,0.0,-6496.608631654584,0.0,0.0,0,0,0,0.0,3
2025-05-07 00:00:00,1221828.2786167543,1233979.026357531,0.009944726238070658,0.0,1233979.026357531,0.0,21173.732958711276,0.0,0.0,0,0,0,0.0,3
2025-05-08 00:00:00,1233979.026357531,1225313.7439814068,-0.00702222824783541,0.0,1225313.7439814068,0.0,-9333.780912672635,0.0,0.0,0,0,0,0.0,3
2025-05-09 00:00:00,1225313.7439814068,1207843.300927781,-0.014257934459185221,0.0,1207843.300927781,0.0,5048.614262865682,0.0,0.0,0,0,0,0.0,3
2025-05-12 00:00:00,1207843.300927781,1249765.9534105556,0.03470868485222588,0.0,1249765.9534105556,0.0,15257.362889422104,0.0,0.0,0,0,0,0.0,3
2025-05-13 00:00:00,1249765.9534105556,1238964.2863159874,-0.00864295195839748,0.0,1238964.2863159874,0.0,-7474.624205017346,0.0,0.0,0,0,0,0.0,3
2025-05-14 00:00:00,1238964.2863159874,1236746.9489749847,-0.0017896701022721338,0.0,1236746.9489749847,0.0,-3525.2776638244395,0.0,0.0,0,0,0,0.0,3
2025-05-15 00:00:00,1236746.9489749847,1248820.0928770853,0.009762016322018695,0.0,1248820.0928770853,0.0,13623.494555401674,0.0,0.0,0,0,0,0.0,3
2025-05-16 00:00:00,1248820.0928770853,1244488.426583596,-0.0034686071422103744,409394.4345762565,835093.9920073396,-15448.582078337142,-4968.58445406449,0.0,0.0,0,424.6652064914778,424.6652064914778,0.0,2
2025-05-19 00:00:00,1244488.426583596,1249674.9880631217,0.004167625321967784,409394.4345762565,840280.5534868652,0.0,4165.88103648898,0.0,0.0,0,0,0,0.0,2
2025-05-20 00:00:00,1249674.9880631217,1234742.8886314959,-0.01194878634385501,409394.4345762565,825348.4540552394,0.0,-18663.496599420847,0.0,0.0,0,0,0,0.0,2
2025-05-21 00:00:00,1234742.8886314959,1246676.5098435113,0.009664863286025319,409394.4345762565,837282.0752672548,0.0,9685.207297520596,0.0,0.0,0,0,0,0.0,2
2025-05-22 00:00:00,1246676.5098435113,1236797.3974927594,-0.007924359104184896,0.0,1236797.3974927594,0.0,-9879.053926362016,0.0,0.0,0,0,0,0.0,3
2025-05-23 00:00:00,1236797.3974927594,1249116.2385316277,0.009960274062543389,0.0,1249116.2385316277,0.0,5236.242859704769,0.0,0.0,0,0,0,0.0,3
2025-05-26 00:00:00,1249116.2385316277,1254275.2219511573,0.004130106758994793,0.0,1254275.2219511573,0.0,1983.9412718745298,0.0,0.0,0,0,0,0.0,3
2025-05-27 00:00:00,1254275.2219511573,1246046.1728397696,-0.006560800187527056,0.0,1246046.1728397696,0.0,-7699.233282382658,0.0,0.0,0,0,0,0.0,3
2025-05-28 00:00:00,1246046.1728397696,1254661.9709948208,0.006914509544550485,0.0,1254661.9709948208,0.0,2093.8571239986923,0.0,0.0,0,0,0,0.0,3
2025-05-29 00:00:00,1254661.9709948208,1245478.451380445,-0.007319516990775043,0.0,1245478.451380445,0.0,-11244.421208308137,0.0,0.0,0,0,0,0.0,3
2025-05-30 00:00:00,1245478.451380445,1245377.8915428093,-8.073992570818829e-05,0.0,1245377.8915428093,0.0,-586.6831328620901,0.0,0.0,0,0,0,0.0,3
2025-06-02 00:00:00,1245377.8915428093,1247694.0433390383,0.001859798388872663,0.0,1247694.0433390383,0.0,4343.923583768832,0.0,0.0,0,0,0,0.0,3
2025-06-03 00:00:00,1247694.0433390383,1232167.082818563,-0.012444525645824536,0.0,1232167.082818563,0.0,-16864.34001500235,0.0,0.0,0,0,0,0.0,3
2025-06-04 00:00:00,1232167.082818563,1230573.0060884282,-0.0012937179968226964,0.0,1230573.0060884282,0.0,-4027.067029082915,0.0,0.0,0,0,0,0.0,3
2025-06-05 00:00:00,1230573.0060884282,1231645.1004182165,0.0008712155430714117,377243.0221876433,854402.0782305733,-28410.40425445788,-2789.873858643521,0.0,0.0,0,391.3145181873361,391.3145181873361,0.0,2
2025-06-06 00:00:00,1231645.1004182165,1249922.669547358,0.01483996414465108,377243.0221876433,872679.6473597148,0.0,16301.50804280024,0.0,0.0,0,0,0,0.0,2
2025-06-09 00:00:00,1249922.669547358,1263263.0222720297,0.010672942454514101,377243.0221876433,886020.0000843863,0.0,1140.2430610227166,0.0,0.0,0,0,0,0.0,2
2025-06-10 00:00:00,1263263.0222720297,1263200.7177843067,-4.9320281385952945e-05,377243.0221876433,885957.6955966635,0.0,-8882.677148594055,0.0,0.0,0,0,0,0.0,2
2025-06-11 00:00:00,1263200.7177843067,1254872.0815779543,-0.006593280140753143,377243.0221876433,877629.0593903111,0.0,-8871.577009243658,0.0,0.0,0,0,0,0.0,2
2025-06-12 00:00:00,1254872.0815779543,1246253.5722010476,-0.006868038187660801,377243.0221876433,869010.5500134043,0.0,-9678.427616677305,0.0,0.0,0,0,0,0.0,2
2025-06-13 00:00:00,1246253.5722010476,1251690.670980423,0.004362754820251228,377243.0221876433,874447.6487927798,0.0,24332.706450699887,0.0,0.0,0,0,0,0.0,2
2025-06-16 00:00:00,1251690.670980423,1264375.3892391347,0.01013406790734972,377243.0221876433,887132.3670514914,0.0,-528.9303300670581,0.0,0.0,0,0,0,0.0,2
2025-06-17 00:00:00,1264375.3892391347,1254841.810827431,-0.007540148671701633,377243.0221876433,877598.7886397877,0.0,-13316.833257901715,0.0,0.0,0,0,0,0.0,2
2025-06-18 00:00:00,1254841.810827431,1251562.8303675938,-0.002613062803250964,377243.0221876433,874319.8081799506,0.0,-5116.598772376659,0.0,0.0,0,0,0,0.0,2
2025-06-19 00:00:00,1251562.8303675938,1240487.9996504264,-0.008848801233506261,377243.0221876433,863244.9774627832,0.0,-11608.62362668413,0.0,0.0,0,0,0,0.0,2
2025-06-20 00:00:00,1240487.9996504264,1253031.689898466,0.010111899713317987,377243.0221876433,875788.6677108228,0.0,13764.546305977332,0.0,0.0,0,0,0,0.0,2
2025-06-23 00:00:00,1253031.689898466,1271641.4685765703,0.014851802095773208,377243.0221876433,894398.446388927,0.0,18590.37187377608,0.0,0.0,0,0,0,0.0,2
2025-06-24 00:00:00,1271641.4685765703,1271338.7619248931,-0.00023804402353753344,0.0,1271338.7619248931,0.0,-8362.203508875682,0.0,0.0,0,0,0,0.0,3
2025-06-25 00:00:00,1271338.7619248931,1263575.035389229,-0.006106733129027989,0.0,1263575.035389229,0.0,-10414.66108847782,0.0,0.0,0,0,0,0.0,3
2025-06-26 00:00:00,1263575.035389229,1283044.7201444644,0.015408412013488415,0.0,1283044.7201444644,0.0,13900.018692531507,0.0,0.0,0,0,0,0.0,3
2025-06-27 00:00:00,1283044.7201444644,1283457.2713279093,0.00032154076702678165,0.0,1283457.2713279093,0.0,3346.9741318092565,0.0,0.0,0,0,0,0.0,3
2025-06-30 00:00:00,1283457.2713279093,1283297.2329828138,-0.00012469316172083195,0.0,1283297.2329828138,0.0,-5884.392745374935,0.0,0.0,0,0,0,0.0,3
2025-07-01 00:00:00,1283297.2329828138,1292955.8824536002,0.007526432086459335,376158.5834965768,916797.2989570233,-1084.4386910664448,9971.315763915656,0.0,0.0,0,390.1896289808041,390.1896289808041,0.0,2
2025-07-02 00:00:00,1292955.8824536002,1280662.0438782354,-0.009508320231340897,376158.5834965768,904503.4603816585,0.0,-9238.340319246869,0.0,0.0,0,0,0,0.0,2
2025-07-03 00:00:00,1280662.0438782354,1273668.2748711237,-0.005461057458947093,376158.5834965768,897509.6913745468,0.0,-7308.390575918776,0.0,0.0,0,0,0,0.0,2
2025-07-04 00:00:00,1273668.2748711237,1282420.6615383234,0.0068717945165787195,376158.5834965768,906262.0780417465,0.0,-1011.6195097323507,0.0,0.0,0,0,0,0.0,2
2025-07-07 00:00:00,1282420.6615383234,1270947.794527512,-0.008946258708159852,376158.5834965768,894789.2110309352,0.0,-11220.275958709244,0.0,0.0,0,0,0,0.0,2
2025-07-08 00:00:00,1270947.794527512,1277637.5944427743,0.005263630767579456,376158.5834965768,901479.0109461976,0.0,8572.603204766347,0.0,0.0,0,0,0,0.0,2
2025-07-09 00:00:00,1277637.5944427743,1279288.2994924795,0.0012919978692589743,376158.5834965768,903129.7159959027,0.0,127.82188372785458,0.0,0.0,0,0,0,0.0,2
2025-07-10 00:00:00,1279288.2994924795,1278284.602042713,-0.0007845748688272635,376158.5834965768,902126.0185461362,0.0,-3024.482004360296,0.0,0.0,0,0,0,0.0,2
2025-07-11 00:00:00,1278284.602042713,1266922.125317671,-0.008888847371613882,376158.5834965768,890763.5418210943,0.0,-4342.746054862335,0.0,0.0,0,0,0,0.0,2
2025-07-14 00:00:00,1266922.125317671,1257665.4871398874,-0.007306398706599794,376158.5834965768,881506.9036433105,0.0,-4470.493692434393,0.0,0.0,0,0,0,0.0,2
2025-07-15 00:00:00,1257665.4871398874,1264069.3828324873,0.005091891093523858,376158.5834965768,887910.7993359105,0.0,5049.819257921656,0.0,0.0,0,0,0,0.0,2
2025-07-16 00:00:00,1264069.3828324873,1257847.365038546,-0.0049222122443937436,376158.5834965768,881688.7815419692,0.0,-4563.580926411843,0.0,0.0,0,0,0,0.0,2
2025-07-17 00:00:00,1257847.365038546,1256518.9244493456,-0.0010561222499041155,376158.5834965768,880360.3409527687,0.0,-3370.0726671511075,0.0,0.0,0,0,0,0.0,2
2025-07-18 00:00:00,1256518.9244493456,1255519.7341347937,-0.0007952051458275478,376158.5834965768,879361.150638217,0.0,308.5335038813646,0.0,0.0,0,0,0,0.0,2
2025-07-21 00:00:00,1255519.7341347937,1264206.8919479507,0.0069191726557316655,376158.5834965768,888048.3084513738,0.0,10354.18036830856,0.0,0.0,0,0,0,0.0,2
2025-07-22 00:00:00,1264206.8919479507,1267800.400833135,0.0028425006287121656,0.0,1267800.400833135,0.0,-2846.756731847883,0.0,0.0,0,0,0,0.0,3
2025-07-23 00:00:00,1267800.400833135,1278996.9983996102,0.008831514455364833,0.0,1278996.9983996102,0.0,9845.298662564659,0.0,0.0,0,0,0,0.0,3
2025-07-24 00:00:00,1278996.9983996102,1270669.7284042563,-0.006510781499701463,0.0,1270669.7284042563,0.0,-11497.468018566666,0.0,0.0,0,0,0,0.0,3
2025-07-25 00:00:00,1270669.7284042563,1241826.8050007776,-0.022698993104762533,0.0,1241826.8050007776,0.0,-4877.593864414841,0.0,0.0,0,0,0,0.0,3
2025-07-28 00:00:00,1241826.8050007776,1209468.016252149,-0.026057408825708533,0.0,1209468.016252149,0.0,-30226.939188896562,0.0,0.0,0,0,0,0.0,3
2025-07-29 00:00:00,1209468.016252149,1225497.6527872705,0.013253460463380908,424922.25178138656,800575.401005884,79.23512679289945,17595.966520649265,0.0,0.0,0,440.77222491395275,440.77222491395275,0.0,2
2025-07-30 00:00:00,1225497.6527872705,1229023.6675574977,0.0028772105456160504,424922.25178138656,804101.4157761112,0.0,1866.8365075097536,0.0,0.0,0,0,0,0.0,2
2025-07-31 00:00:00,1229023.6675574977,1216606.9092675308,-0.010102944815247887,424922.25178138656,791684.6574861442,0.0,2208.4745173712727,0.0,0.0,0,0,0,0.0,2
2025-08-01 00:00:00,1216606.9092675308,1201298.5814210447,-0.012582805284003063,424922.25178138656,776376.3296396581,0.0,-16921.083721759496,0.0,0.0,0,0,0,0.0,2
2025-08-04 00:00:00,1201298.5814210447,1202413.8786258358,0.0009284096577153958,1202413.8786258358,0,-8061.3912283842565,0,0.0,0.0,0,806.4927472720508,806.4927472720508,0.0,0
2025-08-05 00:00:00,1202413.8786258358,1202413.8786258358,0.0,1202413.8786258358,0,0.0,0,0.0,0.0,0,0,0,0.0,0
2025-08-06 00:00:00,1202413.8786258358,1202413.8786258358,0.0,1202413.8786258358,0,0.0,0,0.0,0.0,0,0,0,0.0,0
2025-08-07 00:00:00,1202413.8786258358,1202413.8786258358,0.0,1202413.8786258358,0,0.0,0,0.0,0.0,0,0,0,0.0,0
2025-08-08 00:00:00,1202413.8786258358,1202413.8786258358,0.0,1202413.8786258358,0,0.0,0,0.0,0.0,0,0,0,0.0,0
2025-08-11 00:00:00,1202413.8786258358,1202413.8786258358,0.0,1202413.8786258358,0,0.0,0,0.0,0.0,0,0,0,0.0,0
2025-08-12 00:00:00,1202413.8786258358,1202413.8786258358,0.0,1202413.8786258358,0,0.0,0,0.0,0.0,0,0,0,0.0,0
2025-08-13 00:00:00,1202413.8786258358,1202413.8786258358,0.0,1202413.8786258358,0,0.0,0,0.0,0.0,0,0,0,0.0,0
2025-08-14 00:00:00,1202413.8786258358,1202413.8786258358,0.0,1202413.8786258358,0,0.0,0,0.0,0.0,0,0,0,0.0,0
2025-08-18 00:00:00,1202413.8786258358,1202413.8786258358,0.0,1202413.8786258358,0,0.0,0,0.0,0.0,0,0,0,0.0,0
2025-08-19 00:00:00,1202413.8786258358,1202413.8786258358,0.0,1202413.8786258358,0,0.0,0,0.0,0.0,0,0,0,0.0,0
2025-08-20 00:00:00,1202413.8786258358,1202413.8786258358,0.0,1202413.8786258358,0,0.0,0,0.0,0.0,0,0,0,0.0,0
2025-08-21 00:00:00,1202413.8786258358,1202413.8786258358,0.0,1202413.8786258358,0,0.0,0,0.0,0.0,0,0,0,0.0,0
2025-08-22 00:00:00,1202413.8786258358,1202413.8786258358,0.0,1202413.8786258358,0,0.0,0,0.0,0.0,0,0,0,0.0,0
2025-08-25 00:00:00,1202413.8786258358,1202413.8786258358,0.0,1202413.8786258358,0,0.0,0,0.0,0.0,0,0,0,0.0,0
2025-08-26 00:00:00,1202413.8786258358,1202413.8786258358,0.0,1202413.8786258358,0,0.0,0,0.0,0.0,0,0,0,0.0,0
2025-08-28 00:00:00,1202413.8786258358,1202413.8786258358,0.0,1202413.8786258358,0,0.0,0,0.0,0.0,0,0,0,0.0,0
2025-08-29 00:00:00,1202413.8786258358,1202413.8786258358,0.0,1202413.8786258358,0,0.0,0,0.0,0.0,0,0,0,0.0,0
2025-09-01 00:00:00,1202413.8786258358,1202413.8786258358,0.0,1202413.8786258358,0,0.0,0,0.0,0.0,0,0,0,0.0,0
2025-09-02 00:00:00,1202413.8786258358,1202413.8786258358,0.0,1202413.8786258358,0,0.0,0,0.0,0.0,0,0,0,0.0,0
2025-09-03 00:00:00,1202413.8786258358,1202413.8786258358,0.0,1202413.8786258358,0,0.0,0,0.0,0.0,0,0,0,0.0,0
2025-09-04 00:00:00,1202413.8786258358,1202413.8786258358,0.0,1202413.8786258358,0,0.0,0,0.0,0.0,0,0,0,0.0,0
2025-09-05 00:00:00,1202413.8786258358,1202413.8786258358,0.0,1202413.8786258358,0,0.0,0,0.0,0.0,0,0,0,0.0,0
2025-09-08 00:00:00,1202413.8786258358,1202413.8786258358,0.0,1202413.8786258358,0,0.0,0,0.0,0.0,0,0,0,0.0,0
2025-09-09 00:00:00,1202413.8786258358,1202413.8786258358,0.0,1202413.8786258358,0,0.0,0,0.0,0.0,0,0,0,0.0,0
2025-09-10 00:00:00,1202413.8786258358,1202413.8786258358,0.0,1202413.8786258358,0,0.0,0,0.0,0.0,0,0,0,0.0,0
2025-09-11 00:00:00,1202413.8786258358,1202413.8786258358,0.0,1202413.8786258358,0,0.0,0,0.0,0.0,0,0,0,0.0,0
2025-09-12 00:00:00,1202413.8786258358,1202413.8786258358,0.0,1202413.8786258358,0,0.0,0,0.0,0.0,0,0,0,0.0,0
2025-09-15 00:00:00,1202413.8786258358,1202413.8786258358,0.0,1202413.8786258358,0,0.0,0,0.0,0.0,0,0,0,0.0,0
2025-09-16 00:00:00,1202413.8786258358,1202413.8786258358,0.0,1202413.8786258358,0,0.0,0,0.0,0.0,0,0,0,0.0,0
2025-09-17 00:00:00,1202413.8786258358,1202413.8786258358,0.0,1202413.8786258358,0,0.0,0,0.0,0.0,0,0,0,0.0,0
2025-09-18 00:00:00,1202413.8786258358,1202413.8786258358,0.0,1202413.8786258358,0,0.0,0,0.0,0.0,0,0,0,0.0,0
2025-09-19 00:00:00,1202413.8786258358,1202413.8786258358,0.0,1202413.8786258358,0,0.0,0,0.0,0.0,0,0,0,0.0,0
2025-09-22 00:00:00,1202413.8786258358,1202413.8786258358,0.0,1202413.8786258358,0,0.0,0,0.0,0.0,0,0,0,0.0,0
2025-09-23 00:00:00,1202413.8786258358,1202413.8786258358,0.0,1202413.8786258358,0,0.0,0,0.0,0.0,0,0,0,0.0,0
2025-09-24 00:00:00,1202413.8786258358,1202413.8786258358,0.0,1202413.8786258358,0,0.0,0,0.0,0.0,0,0,0,0.0,0
2025-09-25 00:00:00,1202413.8786258358,1202413.8786258358,0.0,1202413.8786258358,0,0.0,0,0.0,0.0,0,0,0,0.0,0
2025-09-26 00:00:00,1202413.8786258358,1202413.8786258358,0.0,1202413.8786258358,0,0.0,0,0.0,0.0,0,0,0,0.0,0
2025-09-29 00:00:00,1202413.8786258358,1202413.8786258358,0.0,1202413.8786258358,0,0.0,0,0.0,0.0,0,0,0,0.0,0
2025-09-30 00:00:00,1202413.8786258358,1202413.8786258358,0.0,1202413.8786258358,0,0.0,0,0.0,0.0,0,0,0,0.0,0
2025-10-01 00:00:00,1202413.8786258358,1202413.8786258358,0.0,1202413.8786258358,0,0.0,0,0.0,0.0,0,0,0,0.0,0
2025-10-03 00:00:00,1202413.8786258358,1202413.8786258358,0.0,1202413.8786258358,0,0.0,0,0.0,0.0,0,0,0,0.0,0
2025-10-06 00:00:00,1202413.8786258358,1202413.8786258358,0.0,1202413.8786258358,0,0.0,0,0.0,0.0,0,0,0,0.0,0
2025-10-07 00:00:00,1202413.8786258358,1202413.8786258358,0.0,1202413.8786258358,0,0.0,0,0.0,0.0,0,0,0,0.0,0
2025-10-08 00:00:00,1202413.8786258358,1202413.8786258358,0.0,1202413.8786258358,0,0.0,0,0.0,0.0,0,0,0,0.0,0
2025-10-09 00:00:00,1202413.8786258358,1202413.8786258358,0.0,1202413.8786258358,0,0.0,0,0.0,0.0,0,0,0,0.0,0
2025-10-10 00:00:00,1202413.8786258358,1202413.8786258358,0.0,1202413.8786258358,0,0.0,0,0.0,0.0,0,0,0,0.0,0
2025-10-13 00:00:00,1202413.8786258358,1202413.8786258358,0.0,1202413.8786258358,0,0.0,0,0.0,0.0,0,0,0,0.0,0
2025-10-14 00:00:00,1202413.8786258358,1202413.8786258358,0.0,1202413.8786258358,0,0.0,0,0.0,0.0,0,0,0,0.0,0
2025-10-15 00:00:00,1202413.8786258358,1202413.8786258358,0.0,1202413.8786258358,0,0.0,0,0.0,0.0,0,0,0,0.0,0
2025-10-16 00:00:00,1202413.8786258358,1202413.8786258358,0.0,1202413.8786258358,0,0.0,0,0.0,0.0,0,0,0,0.0,0
2025-10-17 00:00:00,1202413.8786258358,1202413.8786258358,0.0,1202413.8786258358,0,0.0,0,0.0,0.0,0,0,0,0.0,0
2025-10-20 00:00:00,1202413.8786258358,1197127.4755960652,-0.00439649202636624,0.0,1197127.4755960652,0.0,-5286.403029770649,0.0,0.0,0,0,0,0.0,3
2025-10-21 00:00:00,1197127.4755960652,1197885.5028199526,0.0006332051008268407,0.0,1197885.5028199526,0.0,-2866.1245003317017,0.0,0.0,0,0,0,0.0,3
2025-10-23 00:00:00,1197885.5028199526,1191115.6395706485,-0.0056515111280393765,0.0,1191115.6395706485,0.0,-21456.155718132213,0.0,0.0,0,0,0,0.0,3
2025-10-24 00:00:00,1191115.6395706485,1188969.1538492905,-0.0018020800416421565,0.0,1188969.1538492905,0.0,-5881.699395363394,0.0,0.0,0,0,0,0.0,3
2025-10-27 00:00:00,1188969.1538492905,1188879.6431387712,-7.52843000421682e-05,0.0,1188879.6431387712,0.0,-6359.099174853938,0.0,0.0,0,0,0,0.0,3
2025-10-28 00:00:00,1188879.6431387712,1190925.6415466855,0.001720946623758016,0.0,1190925.6415466855,0.0,278.34666782827117,0.0,0.0,0,0,0,0.0,3
2025-10-29 00:00:00,1190925.6415466855,1177756.8013359758,-0.011057651083578158,0.0,1177756.8013359758,0.0,-14641.656568327337,0.0,0.0,0,0,0,0.0,3
2025-10-30 00:00:00,1177756.8013359758,1178423.8805732601,0.0005663981193126437,0.0,1178423.8805732601,0.0,-1171.2468588936026,0.0,0.0,0,0,0,0.0,3
2025-10-31 00:00:00,1178423.8805732601,1200211.1470286322,0.01848848009153836,0.0,1200211.1470286322,0.0,15815.543116301124,0.0,0.0,0,0,0,0.0,3
2025-11-03 00:00:00,1200211.1470286322,1184515.3738209223,-0.013077509941953117,0.0,1184515.3738209223,0.0,-14703.623204599542,0.0,0.0,0,0,0,0.0,3
2025-11-04 00:00:00,1184515.3738209223,1165612.215179582,-0.015958559136606248,0.0,1165612.215179582,0.0,-17129.91572586808,0.0,0.0,0,0,0,0.0,3
2025-11-06 00:00:00,1165612.215179582,1155986.3306762949,-0.008258222055269044,376501.18244354875,779485.1482327462,-24303.443765063173,-9980.334182411665,0.0,0.0,0,390.54500716934785,390.54500716934785,0.0,2
2025-11-07 00:00:00,1155986.3306762949,1165739.7356401598,0.008437301294176067,376501.18244354875,789238.5531966111,0.0,10522.331182462338,0.0,0.0,0,0,0,0.0,2
2025-11-10 00:00:00,1165739.7356401598,1167131.3493825498,0.0011937602363925183,376501.18244354875,790630.1669390011,0.0,666.2779852880631,0.0,0.0,0,0,0,0.0,2
2025-11-11 00:00:00,1167131.3493825498,1177544.772678155,0.008922237673689656,376501.18244354875,801043.5902346063,0.0,9841.104004364286,0.0,0.0,0,0,0,0.0,2
2025-11-12 00:00:00,1177544.772678155,1175434.5371812049,-0.0017920639163050065,376501.18244354875,798933.3547376561,0.0,-4829.776706568955,0.0,0.0,0,0,0,0.0,2
2025-11-13 00:00:00,1175434.5371812049,1169313.6780659591,-0.005207316036437136,376501.18244354875,792812.4956224103,0.0,-4355.787049562496,0.0,0.0,0,0,0,0.0,2
2025-11-14 00:00:00,1169313.6780659591,1167003.2109179834,-0.0019759173191210757,376501.18244354875,790502.0284744346,0.0,1831.0691791591817,0.0,0.0,0,0,0,0.0,2
2025-11-17 00:00:00,1167003.2109179834,1170698.9099979375,0.003166828544582126,376501.18244354875,794197.7275543888,0.0,650.654400323634,0.0,0.0,0,0,0,0.0,2
2025-11-18 00:00:00,1170698.9099979375,1171156.3416676451,0.0003907338307066919,784144.9632817754,387011.3783858697,6839.154629614734,-1164.2429021807038,0.0,0.0,0,422.8492518317008,422.8492518317008,0.0,1
2025-11-19 00:00:00,1171156.3416676451,1175813.3132763677,0.0039763876461543805,784144.9632817754,391668.3499945925,0.0,5480.460490753001,0.0,0.0,0,0,0,0.0,1
2025-11-20 00:00:00,1175813.3132763677,1188818.7583787765,0.011060807830257924,784144.9632817754,404673.7950970012,0.0,12465.917903837166,0.0,0.0,0,0,0,0.0,1
2025-11-21 00:00:00,1188818.7583787765,1189329.8894090021,0.00042994865838313613,784144.9632817754,405184.92612722685,0.0,511.13103022566065,0.0,0.0,0,0,0,0.0,1
2025-11-24 00:00:00,1189329.8894090021,1223899.1005022503,0.02906612488350572,0.0,1223899.1005022503,0.0,33603.74136948836,0.0,0.0,0,0,0,0.0,3
2025-11-25 00:00:00,1223899.1005022503,1217093.7821694035,-0.005560358962641651,0.0,1217093.7821694035,0.0,-4558.809975714656,0.0,0.0,0,0,0,0.0,3
2025-11-26 00:00:00,1217093.7821694035,1224290.5129905012,0.0059130454255299485,0.0,1224290.5129905012,0.0,3853.193749200378,0.0,0.0,0,0,0,0.0,3
2025-11-27 00:00:00,1224290.5129905012,1216535.644173056,-0.006334173739942656,0.0,1216535.644173056,0.0,-11075.53052986943,0.0,0.0,0,0,0,0.0,3
2025-11-28 00:00:00,1216535.644173056,1210684.1372831275,-0.0048099757026897035,0.0,1210684.1372831275,0.0,-7348.555734737136,0.0,0.0,0,0,0,0.0,3
2025-12-01 00:00:00,1210684.1372831275,1218396.3273787217,0.006370109145809845,409512.47938602977,808883.8479926919,17439.997745142067,644.2586815664545,0.0,0.0,0,424.7876544763154,424.7876544763154,0.0,2
2025-12-02 00:00:00,1218396.3273787217,1213789.4356139447,-0.0037811110073586304,409512.47938602977,804276.956227915,0.0,-6572.13699562836,0.0,0.0,0,0,0,0.0,2
2025-12-03 00:00:00,1213789.4356139447,1204766.31235417,-0.007433845603715172,409512.47938602977,795253.8329681403,0.0,-7745.2956046687905,0.0,0.0,0,0,0,0.0,2
2025-12-04 00:00:00,1204766.31235417,1205840.716248522,0.0008917944362609148,409512.47938602977,796328.2368624923,0.0,-978.1635139465216,0.0,0.0,0,0,0,0.0,2
2025-12-05 00:00:00,1205840.716248522,1224671.8680817457,0.015616616340348033,409512.47938602977,815159.3886957158,0.0,17695.299299161765,0.0,0.0,0,0,0,0.0,2
2025-12-08 00:00:00,1224671.8680817457,1211121.5087979713,-0.01106448154557423,409512.47938602977,801609.0294119415,0.0,-16508.61013401975,0.0,0.0,0,0,0,0.0,2
2025-12-09 00:00:00,1211121.5087979713,1215952.1532738225,0.003988571287653528,409512.47938602977,806439.6738877927,0.0,6848.0343771555345,0.0,0.0,0,0,0,0.0,2
2025-12-10 00:00:00,1215952.1532738225,1217458.0574604499,0.001238456778560632,409512.47938602977,807945.5780744201,0.0,1469.0295586884604,0.0,0.0,0,0,0,0.0,2
2025-12-11 00:00:00,1217458.0574604499,1223719.15763646,0.005142764580383456,409512.47938602977,814206.6782504302,0.0,2880.2860975030926,0.0,0.0,0,0,0,0.0,2
2025-12-12 00:00:00,1223719.15763646,1222589.236909714,-0.000923349707892315,409512.47938602977,813076.7575236843,0.0,-2239.4566408065148,0.0,0.0,0,0,0,0.0,2
2025-12-15 00:00:00,1222589.236909714,1219972.896268974,-0.0021399997331509432,409512.47938602977,810460.4168829443,0.0,-2868.0466483755154,0.0,0.0,0,0,0,0.0,2
2025-12-16 00:00:00,1219972.896268974,1213266.3984309286,-0.005497251503337376,409512.47938602977,803753.9190448987,0.0,-6621.324290109973,0.0,0.0,0,0,0,0.0,2
2025-12-17 00:00:00,1213266.3984309286,1224912.1108083753,0.009598644116830122,409512.47938602977,815399.6314223455,0.0,5624.5124197689,0.0,0.0,0,0,0,0.0,2
2025-12-18 00:00:00,1224912.1108083753,1225813.9674254714,0.0007362623074246011,409512.47938602977,816301.4880394416,0.0,-1167.6339363988955,0.0,0.0,0,0,0,0.0,2
2025-12-19 00:00:00,1225813.9674254714,1247397.8122010916,0.01760776541072692,409512.47938602977,837885.3328150618,0.0,23586.411341888073,0.0,0.0,0,0,0,0.0,2
2025-12-22 00:00:00,1247397.8122010916,1267364.321749509,0.016006529234796146,409512.47938602977,857851.8423634793,0.0,10561.987469319487,0.0,0.0,0,0,0,0.0,2
2025-12-23 00:00:00,1267364.321749509,1266546.8653995618,-0.0006450050201972033,0.0,1266546.8653995618,0.0,-5285.818783612107,0.0,0.0,0,0,0,0.0,3
2025-12-24 00:00:00,1266546.8653995618,1268030.0708845318,0.0011710624576865502,0.0,1268030.0708845318,0.0,68.76903076499002,0.0,0.0,0,0,0,0.0,3
2025-12-26 00:00:00,1268030.0708845318,1272606.9786858638,0.0036094631400494055,0.0,1272606.9786858638,0.0,2685.762596395274,0.0,0.0,0,0,0,0.0,3
2025-12-29 00:00:00,1272606.9786858638,1254674.8834281052,-0.01409083523671692,0.0,1254674.8834281052,0.0,-16217.476139019534,0.0,0.0,0,0,0,0.0,3
2025-12-30 00:00:00,1254674.8834281052,1291181.0013493637,0.029096077719762862,0.0,1291181.0013493637,0.0,32308.484136650164,0.0,0.0,0,0,0,0.0,3
2025-12-31 00:00:00,1291181.0013493637,1296870.4234405453,0.004406370667811737,0.0,1296870.4234405453,0.0,6796.687510568183,0.0,0.0,0,0,0,0.0,3
2026-01-01 00:00:00,1296870.4234405453,1303035.0461035012,0.004753460755625375,0.0,1303035.0461035012,0.0,8727.718118648336,0.0,0.0,0,0,0,0.0,3
2026-01-02 00:00:00,1303035.0461035012,1295615.4690689377,-0.005694073276655508,0.0,1295615.4690689377,0.0,-10380.433061202813,0.0,0.0,0,0,0,0.0,3
2026-01-05 00:00:00,1295615.4690689377,1292644.7102788975,-0.002292932479553535,0.0,1292644.7102788975,0.0,-5005.522910540341,0.0,0.0,0,0,0,0.0,3
2026-01-06 00:00:00,1292644.7102788975,1293537.2502262502,0.0006904758440237093,0.0,1293537.2502262502,0.0,-3674.0305966651067,0.0,0.0,0,0,0,0.0,3
2026-01-07 00:00:00,1293537.2502262502,1295122.5409885165,0.00122554705091724,391788.9262922087,903333.6146963078,-17723.553093821054,3284.2031113354024,0.0,0.0,0,406.4029972883384,406.4029972883384,0.0,2
2026-01-08 00:00:00,1295122.5409885165,1291933.3165096384,-0.0024624885892603416,391788.9262922087,900144.3902174297,0.0,-6249.644082221086,0.0,0.0,0,0,0,0.0,2
2026-01-09 00:00:00,1291933.3165096384,1281127.63716839,-0.008363960587719587,391788.9262922087,889338.7108761813,0.0,-9765.651188046031,0.0,0.0,0,0,0,0.0,2
2026-01-12 00:00:00,1281127.63716839,1275861.1893701425,-0.004110790873177637,391788.9262922087,884072.2630779338,0.0,-5271.480507090397,0.0,0.0,0,0,0,0.0,2
2026-01-13 00:00:00,1275861.1893701425,1277010.5568652814,0.0009008562253596785,391788.9262922087,885221.6305730727,0.0,-2848.1257751921075,0.0,0.0,0,0,0,0.0,2
2026-01-14 00:00:00,1277010.5568652814,1275371.2154926355,-0.001283733610370512,391788.9262922087,883582.2892004268,0.0,-1295.223139828362,0.0,0.0,0,0,0,0.0,2
2026-01-16 00:00:00,1275371.2154926355,1279740.7421421807,0.003426082223329284,391788.9262922087,887951.815849972,0.0,6007.183761129214,0.0,0.0,0,0,0,0.0,2
2026-01-19 00:00:00,1279740.7421421807,1287296.1307735243,0.005903843163339873,391788.9262922087,895507.2044813156,0.0,5298.149962405092,0.0,0.0,0,0,0,0.0,2
2026-01-20 00:00:00,1287296.1307735243,1267930.9595031627,-0.015043291755041075,391788.9262922087,876142.0332109538,0.0,-17535.57861536811,0.0,0.0,0,0,0,0.0,2
2026-01-21 00:00:00,1267930.9595031627,1265316.3958867746,-0.0020620709643469274,391788.9262922087,873527.4695945659,0.0,3880.93406771397,0.0,0.0,0,0,0,0.0,2
2026-01-22 00:00:00,1265316.3958867746,1264400.850259456,-0.0007235705079731552,0.0,1264400.850259456,0.0,-7199.088087278826,0.0,0.0,0,0,0,0.0,3
2026-01-23 00:00:00,1264400.850259456,1251896.826280545,-0.009889287860210844,0.0,1251896.826280545,0.0,-18208.229542997607,0.0,0.0,0,0,0,0.0,3
2026-01-27 00:00:00,1251896.826280545,1252751.5357900294,0.0006827315890111003,1252751.5357900294,0,68085.50164832108,0,0.0,0.0,0,1299.4802681659194,1299.4802681659194,0.0,0
2026-01-28 00:00:00,1252751.5357900294,1252751.5357900294,0.0,1252751.5357900294,0,0.0,0,0.0,0.0,0,0,0,0.0,0
2026-01-29 00:00:00,1252751.5357900294,1252751.5357900294,0.0,1252751.5357900294,0,0.0,0,0.0,0.0,0,0,0,0.0,0
2026-01-30 00:00:00,1252751.5357900294,1252751.5357900294,0.0,1252751.5357900294,0,0.0,0,0.0,0.0,0,0,0,0.0,0
2026-02-02 00:00:00,1252751.5357900294,1252751.5357900294,0.0,1252751.5357900294,0,0.0,0,0.0,0.0,0,0,0,0.0,0
2026-02-03 00:00:00,1252751.5357900294,1252751.5357900294,0.0,1252751.5357900294,0,0.0,0,0.0,0.0,0,0,0,0.0,0
2026-02-04 00:00:00,1252751.5357900294,1252751.5357900294,0.0,1252751.5357900294,0,0.0,0,0.0,0.0,0,0,0,0.0,0
2026-02-05 00:00:00,1252751.5357900294,1252751.5357900294,0.0,1252751.5357900294,0,0.0,0,0.0,0.0,0,0,0,0.0,0
2026-02-06 00:00:00,1252751.5357900294,1252751.5357900294,0.0,1252751.5357900294,0,0.0,0,0.0,0.0,0,0,0,0.0,0
2026-02-09 00:00:00,1252751.5357900294,1252751.5357900294,0.0,1252751.5357900294,0,0.0,0,0.0,0.0,0,0,0,0.0,0
2026-02-10 00:00:00,1252751.5357900294,1252751.5357900294,0.0,1252751.5357900294,0,0.0,0,0.0,0.0,0,0,0,0.0,0
2026-02-11 00:00:00,1252751.5357900294,1252751.5357900294,0.0,1252751.5357900294,0,0.0,0,0.0,0.0,0,0,0,0.0,0
2026-02-12 00:00:00,1252751.5357900294,1252751.5357900294,0.0,1252751.5357900294,0,0.0,0,0.0,0.0,0,0,0,0.0,0
2026-02-13 00:00:00,1252751.5357900294,1252751.5357900294,0.0,1252751.5357900294,0,0.0,0,0.0,0.0,0,0,0,0.0,0
2026-02-16 00:00:00,1252751.5357900294,1252751.5357900294,0.0,1252751.5357900294,0,0.0,0,0.0,0.0,0,0,0,0.0,0
2026-02-17 00:00:00,1252751.5357900294,1252751.5357900294,0.0,1252751.5357900294,0,0.0,0,0.0,0.0,0,0,0,0.0,0
2026-02-18 00:00:00,1252751.5357900294,1252751.5357900294,0.0,1252751.5357900294,0,0.0,0,0.0,0.0,0,0,0,0.0,0
2026-02-19 00:00:00,1252751.5357900294,1252751.5357900294,0.0,1252751.5357900294,0,0.0,0,0.0,0.0,0,0,0,0.0,0
2026-02-20 00:00:00,1252751.5357900294,1252751.5357900294,0.0,1252751.5357900294,0,0.0,0,0.0,0.0,0,0,0,0.0,0
2026-02-23 00:00:00,1252751.5357900294,1252751.5357900294,0.0,1252751.5357900294,0,0.0,0,0.0,0.0,0,0,0,0.0,0
2026-02-24 00:00:00,1252751.5357900294,1252751.5357900294,0.0,1252751.5357900294,0,0.0,0,0.0,0.0,0,0,0,0.0,0
2026-02-25 00:00:00,1252751.5357900294,1252751.5357900294,0.0,1252751.5357900294,0,0.0,0,0.0,0.0,0,0,0,0.0,0
2026-02-26 00:00:00,1252751.5357900294,1252751.5357900294,0.0,1252751.5357900294,0,0.0,0,0.0,0.0,0,0,0,0.0,0
2026-02-27 00:00:00,1252751.5357900294,1252751.5357900294,0.0,1252751.5357900294,0,0.0,0,0.0,0.0,0,0,0,0.0,0
2026-03-02 00:00:00,1252751.5357900294,1252751.5357900294,0.0,1252751.5357900294,0,0.0,0,0.0,0.0,0,0,0,0.0,0
2026-03-04 00:00:00,1252751.5357900294,1252751.5357900294,0.0,1252751.5357900294,0,0.0,0,0.0,0.0,0,0,0,0.0,0
2026-03-05 00:00:00,1252751.5357900294,1252751.5357900294,0.0,1252751.5357900294,0,0.0,0,0.0,0.0,0,0,0,0.0,0
2026-03-06 00:00:00,1252751.5357900294,1252751.5357900294,0.0,1252751.5357900294,0,0.0,0,0.0,0.0,0,0,0,0.0,0
2026-03-09 00:00:00,1252751.5357900294,1252751.5357900294,0.0,1252751.5357900294,0,0.0,0,0.0,0.0,0,0,0,0.0,0
2026-03-10 00:00:00,1252751.5357900294,1252751.5357900294,0.0,1252751.5357900294,0,0.0,0,0.0,0.0,0,0,0,0.0,0
2026-03-11 00:00:00,1252751.5357900294,1252751.5357900294,0.0,1252751.5357900294,0,0.0,0,0.0,0.0,0,0,0,0.0,0
2026-03-12 00:00:00,1252751.5357900294,1252751.5357900294,0.0,1252751.5357900294,0,0.0,0,0.0,0.0,0,0,0,0.0,0
2026-03-13 00:00:00,1252751.5357900294,1252751.5357900294,0.0,1252751.5357900294,0,0.0,0,0.0,0.0,0,0,0,0.0,0
2026-03-16 00:00:00,1252751.5357900294,1252751.5357900294,0.0,1252751.5357900294,0,0.0,0,0.0,0.0,0,0,0,0.0,0
2026-03-17 00:00:00,1252751.5357900294,1252751.5357900294,0.0,1252751.5357900294,0,0.0,0,0.0,0.0,0,0,0,0.0,0
2026-03-18 00:00:00,1252751.5357900294,1252751.5357900294,0.0,1252751.5357900294,0,0.0,0,0.0,0.0,0,0,0,0.0,0
2026-03-19 00:00:00,1252751.5357900294,1252751.5357900294,0.0,1252751.5357900294,0,0.0,0,0.0,0.0,0,0,0,0.0,0
2026-03-20 00:00:00,1252751.5357900294,1252751.5357900294,0.0,1252751.5357900294,0,0.0,0,0.0,0.0,0,0,0,0.0,0
2026-03-23 00:00:00,1252751.5357900294,1252751.5357900294,0.0,1252751.5357900294,0,0.0,0,0.0,0.0,0,0,0,0.0,0
2026-03-24 00:00:00,1252751.5357900294,1252751.5357900294,0.0,1252751.5357900294,0,0.0,0,0.0,0.0,0,0,0,0.0,0
2026-03-25 00:00:00,1252751.5357900294,1252751.5357900294,0.0,1252751.5357900294,0,0.0,0,0.0,0.0,0,0,0,0.0,0
2026-03-27 00:00:00,1252751.5357900294,1252751.5357900294,0.0,1252751.5357900294,0,0.0,0,0.0,0.0,0,0,0,0.0,0
2026-03-30 00:00:00,1252751.5357900294,1252751.5357900294,0.0,1252751.5357900294,0,0.0,0,0.0,0.0,0,0,0,0.0,0
2026-04-01 00:00:00,1252751.5357900294,1252751.5357900294,0.0,1252751.5357900294,0,0.0,0,0.0,0.0,0,0,0,0.0,0
2026-04-02 00:00:00,1252751.5357900294,1252751.5357900294,0.0,1252751.5357900294,0,0.0,0,0.0,0.0,0,0,0,0.0,0
2026-04-06 00:00:00,1252751.5357900294,1252751.5357900294,0.0,1252751.5357900294,0,0.0,0,0.0,0.0,0,0,0,0.0,0
2026-04-07 00:00:00,1252751.5357900294,1252751.5357900294,0.0,1252751.5357900294,0,0.0,0,0.0,0.0,0,0,0,0.0,0
2026-04-08 00:00:00,1252751.5357900294,1252751.5357900294,0.0,1252751.5357900294,0,0.0,0,0.0,0.0,0,0,0,0.0,0
2026-04-09 00:00:00,1252751.5357900294,1252751.5357900294,0.0,1252751.5357900294,0,0.0,0,0.0,0.0,0,0,0,0.0,0
2026-04-10 00:00:00,1252751.5357900294,1252751.5357900294,0.0,1252751.5357900294,0,0.0,0,0.0,0.0,0,0,0,0.0,0
2026-04-13 00:00:00,1252751.5357900294,1252751.5357900294,0.0,1252751.5357900294,0,0.0,0,0.0,0.0,0,0,0,0.0,0
2026-04-15 00:00:00,1252751.5357900294,1252751.5357900294,0.0,1252751.5357900294,0,0.0,0,0.0,0.0,0,0,0,0.0,0
2026-04-16 00:00:00,1252751.5357900294,1252751.5357900294,0.0,1252751.5357900294,0,0.0,0,0.0,0.0,0,0,0,0.0,0
2026-04-17 00:00:00,1252751.5357900294,1252751.5357900294,0.0,1252751.5357900294,0,0.0,0,0.0,0.0,0,0,0,0.0,0
2026-04-20 00:00:00,1252751.5357900294,1252751.5357900294,0.0,1252751.5357900294,0,0.0,0,0.0,0.0,0,0,0,0.0,0
2026-04-21 00:00:00,1252751.5357900294,1252751.5357900294,0.0,1252751.5357900294,0,0.0,0,0.0,0.0,0,0,0,0.0,0
2026-04-22 00:00:00,1252751.5357900294,1252751.5357900294,0.0,1252751.5357900294,0,0.0,0,0.0,0.0,0,0,0,0.0,0
2026-04-23 00:00:00,1252751.5357900294,1252751.5357900294,0.0,1252751.5357900294,0,0.0,0,0.0,0.0,0,0,0,0.0,0
2026-04-24 00:00:00,1252751.5357900294,1252751.5357900294,0.0,1252751.5357900294,0,0.0,0,0.0,0.0,0,0,0,0.0,0
2026-04-27 00:00:00,1252751.5357900294,1252751.5357900294,0.0,1252751.5357900294,0,0.0,0,0.0,0.0,0,0,0,0.0,0
2026-04-28 00:00:00,1252751.5357900294,1252751.5357900294,0.0,1252751.5357900294,0,0.0,0,0.0,0.0,0,0,0,0.0,0
2026-04-29 00:00:00,1252751.5357900294,1252751.5357900294,0.0,1252751.5357900294,0,0.0,0,0.0,0.0,0,0,0,0.0,0
2026-04-30 00:00:00,1252751.5357900294,1252751.5357900294,0.0,1252751.5357900294,0,0.0,0,0.0,0.0,0,0,0,0.0,0
2026-05-04 00:00:00,1252751.5357900294,1252751.5357900294,0.0,1252751.5357900294,0,0.0,0,0.0,0.0,0,0,0,0.0,0
2026-05-05 00:00:00,1252751.5357900294,1252751.5357900294,0.0,1252751.5357900294,0,0.0,0,0.0,0.0,0,0,0,0.0,0
2026-05-06 00:00:00,1252751.5357900294,1252751.5357900294,0.0,1252751.5357900294,0,0.0,0,0.0,0.0,0,0,0,0.0,0
2026-05-07 00:00:00,1252751.5357900294,1252751.5357900294,0.0,1252751.5357900294,0,0.0,0,0.0,0.0,0,0,0,0.0,0
2026-05-08 00:00:00,1252751.5357900294,1252751.5357900294,0.0,1252751.5357900294,0,0.0,0,0.0,0.0,0,0,0,0.0,0
2026-05-11 00:00:00,1252751.5357900294,1252751.5357900294,0.0,1252751.5357900294,0,0.0,0,0.0,0.0,0,0,0,0.0,0
2026-05-12 00:00:00,1252751.5357900294,1252751.5357900294,0.0,1252751.5357900294,0,0.0,0,0.0,0.0,0,0,0,0.0,0
2026-05-13 00:00:00,1252751.5357900294,1252751.5357900294,0.0,1252751.5357900294,0,0.0,0,0.0,0.0,0,0,0,0.0,0
2026-05-14 00:00:00,1252751.5357900294,1252751.5357900294,0.0,1252751.5357900294,0,0.0,0,0.0,0.0,0,0,0,0.0,0
2026-05-15 00:00:00,1252751.5357900294,1252751.5357900294,0.0,1252751.5357900294,0,0.0,0,0.0,0.0,0,0,0,0.0,0
2026-05-18 00:00:00,1252751.5357900294,1252751.5357900294,0.0,1252751.5357900294,0,0.0,0,0.0,0.0,0,0,0,0.0,0
2026-05-19 00:00:00,1252751.5357900294,1252751.5357900294,0.0,1252751.5357900294,0,0.0,0,0.0,0.0,0,0,0,0.0,0
2026-05-20 00:00:00,1252751.5357900294,1252751.5357900294,0.0,1252751.5357900294,0,0.0,0,0.0,0.0,0,0,0,0.0,0
2026-05-21 00:00:00,1252751.5357900294,1252751.5357900294,0.0,1252751.5357900294,0,0.0,0,0.0,0.0,0,0,0,0.0,0
2026-05-22 00:00:00,1252751.5357900294,1252751.5357900294,0.0,1252751.5357900294,0,0.0,0,0.0,0.0,0,0,0,0.0,0
2026-05-25 00:00:00,1252751.5357900294,1252751.5357900294,0.0,1252751.5357900294,0,0.0,0,0.0,0.0,0,0,0,0.0,0
2026-05-26 00:00:00,1252751.5357900294,1252751.5357900294,0.0,1252751.5357900294,0,0.0,0,0.0,0.0,0,0,0,0.0,0
2026-05-27 00:00:00,1252751.5357900294,1252751.5357900294,0.0,1252751.5357900294,0,0.0,0,0.0,0.0,0,0,0,0.0,0
2026-05-29 00:00:00,1252751.5357900294,1252751.5357900294,0.0,1252751.5357900294,0,0.0,0,0.0,0.0,0,0,0,0.0,0
2026-06-01 00:00:00,1252751.5357900294,1252751.5357900294,0.0,1252751.5357900294,0,0.0,0,0.0,0.0,0,0,0,0.0,0
2026-06-02 00:00:00,1252751.5357900294,1252751.5357900294,0.0,1252751.5357900294,0,0.0,0,0.0,0.0,0,0,0,0.0,0
2026-06-03 00:00:00,1252751.5357900294,1252751.5357900294,0.0,1252751.5357900294,0,0.0,0,0.0,0.0,0,0,0,0.0,0
2026-06-04 00:00:00,1252751.5357900294,1252751.5357900294,0.0,1252751.5357900294,0,0.0,0,0.0,0.0,0,0,0,0.0,0
2026-06-05 00:00:00,1252751.5357900294,1252751.5357900294,0.0,1252751.5357900294,0,0.0,0,0.0,0.0,0,0,0,0.0,0
2026-06-08 00:00:00,1252751.5357900294,1252751.5357900294,0.0,1252751.5357900294,0,0.0,0,0.0,0.0,0,0,0,0.0,0
2026-06-09 00:00:00,1252751.5357900294,1252751.5357900294,0.0,1252751.5357900294,0,0.0,0,0.0,0.0,0,0,0,0.0,0
2026-06-10 00:00:00,1252751.5357900294,1252751.5357900294,0.0,1252751.5357900294,0,0.0,0,0.0,0.0,0,0,0,0.0,0
2026-06-11 00:00:00,1252751.5357900294,1252751.5357900294,0.0,1252751.5357900294,0,0.0,0,0.0,0.0,0,0,0,0.0,0
2026-06-12 00:00:00,1252751.5357900294,1252751.5357900294,0.0,1252751.5357900294,0,0.0,0,0.0,0.0,0,0,0,0.0,0
2026-06-15 00:00:00,1252751.5357900294,1252751.5357900294,0.0,1252751.5357900294,0,0.0,0,0.0,0.0,0,0,0,0.0,0
2026-06-16 00:00:00,1252751.5357900294,1252751.5357900294,0.0,1252751.5357900294,0,0.0,0,0.0,0.0,0,0,0,0.0,0
2026-06-17 00:00:00,1252751.5357900294,1252751.5357900294,0.0,1252751.5357900294,0,0.0,0,0.0,0.0,0,0,0,0.0,0
2026-06-18 00:00:00,1252751.5357900294,1252751.5357900294,0.0,1252751.5357900294,0,0.0,0,0.0,0.0,0,0,0,0.0,0
2026-06-19 00:00:00,1252751.5357900294,1252751.5357900294,0.0,1252751.5357900294,0,0.0,0,0.0,0.0,0,0,0,0.0,0
2026-06-22 00:00:00,1252751.5357900294,1252751.5357900294,0.0,1252751.5357900294,0,0.0,0,0.0,0.0,0,0,0,0.0,0
2026-06-23 00:00:00,1252751.5357900294,1252751.5357900294,0.0,1252751.5357900294,0,0.0,0,0.0,0.0,0,0,0,0.0,0
2026-06-24 00:00:00,1252751.5357900294,1252751.5357900294,0.0,1252751.5357900294,0,0.0,0,0.0,0.0,0,0,0,0.0,0
2026-06-25 00:00:00,1252751.5357900294,1252751.5357900294,0.0,1252751.5357900294,0,0.0,0,0.0,0.0,0,0,0,0.0,0
2026-06-29 00:00:00,1252751.5357900294,1252751.5357900294,0.0,1252751.5357900294,0,0.0,0,0.0,0.0,0,0,0,0.0,0
2026-06-30 00:00:00,1252751.5357900294,1252751.5357900294,0.0,1252751.5357900294,0,0.0,0,0.0,0.0,0,0,0,0.0,0
2026-07-01 00:00:00,1252751.5357900294,1252751.5357900294,0.0,1252751.5357900294,0,0.0,0,0.0,0.0,0,0,0,0.0,0
2026-07-02 00:00:00,1252751.5357900294,1252751.5357900294,0.0,1252751.5357900294,0,0.0,0,0.0,0.0,0,0,0,0.0,0
2026-07-03 00:00:00,1252751.5357900294,1252751.5357900294,0.0,1252751.5357900294,0,0.0,0,0.0,0.0,0,0,0,0.0,0
2026-07-06 00:00:00,1252751.5357900294,1252751.5357900294,0.0,1252751.5357900294,0,0.0,0,0.0,0.0,0,0,0,0.0,0
2026-07-07 00:00:00,1252751.5357900294,1252751.5357900294,0.0,1252751.5357900294,0,0.0,0,0.0,0.0,0,0,0,0.0,0
2026-07-08 00:00:00,1252751.5357900294,1252751.5357900294,0.0,1252751.5357900294,0,0.0,0,0.0,0.0,0,0,0,0.0,0
2026-07-09 00:00:00,1252751.5357900294,1252751.5357900294,0.0,1252751.5357900294,0,0.0,0,0.0,0.0,0,0,0,0.0,0
2026-07-10 00:00:00,1252751.5357900294,1252751.5357900294,0.0,1252751.5357900294,0,0.0,0,0.0,0.0,0,0,0,0.0,0
2026-07-13 00:00:00,1252751.5357900294,1252751.5357900294,0.0,1252751.5357900294,0,0.0,0,0.0,0.0,0,0,0,0.0,0
2026-07-14 00:00:00,1252751.5357900294,1252751.5357900294,0.0,1252751.5357900294,0,0.0,0,0.0,0.0,0,0,0,0.0,0
2026-07-15 00:00:00,1252751.5357900294,1252751.5357900294,0.0,1252751.5357900294,0,0.0,0,0.0,0.0,0,0,0,0.0,0
2026-07-16 00:00:00,1252751.5357900294,1252751.5357900294,0.0,1252751.5357900294,0,0.0,0,0.0,0.0,0,0,0,0.0,0
2026-07-17 00:00:00,1252751.5357900294,1252751.5357900294,0.0,1252751.5357900294,0,0.0,0,0.0,0.0,0,0,0,0.0,0
2026-07-20 00:00:00,1252751.5357900294,1252751.5357900294,0.0,1252751.5357900294,0,0.0,0,0.0,0.0,0,0,0,0.0,0
2026-07-21 00:00:00,1252751.5357900294,1252751.5357900294,0.0,1252751.5357900294,0,0.0,0,0.0,0.0,0,0,0,0.0,0
2026-07-22 00:00:00,1252751.5357900294,1252751.5357900294,0.0,1252751.5357900294,0,0.0,0,0.0,0.0,0,0,0,0.0,0
2026-07-23 00:00:00,1252751.5357900294,1252751.5357900294,0.0,1252751.5357900294,0,0.0,0,0.0,0.0,0,0,0,0.0,0
2026-07-24 00:00:00,1252751.5357900294,1252751.5357900294,0.0,1252751.5357900294,0,0.0,0,0.0,0.0,0,0,0,0.0,0
2026-07-27 00:00:00,1252751.5357900294,1252751.5357900294,0.0,1252751.5357900294,0,0.0,0,0.0,0.0,0,0,0,0.0,0
2026-07-28 00:00:00,1252751.5357900294,1252751.5357900294,0.0,1252751.5357900294,0,0.0,0,0.0,0.0,0,0,0,0.0,0
2026-07-29 00:00:00,1252751.5357900294,1252751.5357900294,0.0,1252751.5357900294,0,0.0,0,0.0,0.0,0,0,0,0.0,0
2026-07-30 00:00:00,1252751.5357900294,1252751.5357900294,0.0,1252751.5357900294,0,0.0,0,0.0,0.0,0,0,0,0.0,0
2026-07-31 00:00:00,1252751.5357900294,1252751.5357900294,0.0,1252751.5357900294,0,0.0,0,0.0,0.0,0,0,0,0.0,0
2026-08-03 00:00:00,1252751.5357900294,1252751.5357900294,0.0,1252751.5357900294,0,0.0,0,0.0,0.0,0,0,0,0.0,0
2026-08-04 00:00:00,1252751.5357900294,1252751.5357900294,0.0,1252751.5357900294,0,0.0,0,0.0,0.0,0,0,0,0.0,0
2026-08-05 00:00:00,1252751.5357900294,1252751.5357900294,0.0,1252751.5357900294,0,0.0,0,0.0,0.0,0,0,0,0.0,0
2026-08-06 00:00:00,1252751.5357900294,1252751.5357900294,0.0,1252751.5357900294,0,0.0,0,0.0,0.0,0,0,0,0.0,0
2026-08-07 00:00:00,1252751.5357900294,1252751.5357900294,0.0,1252751.5357900294,0,0.0,0,0.0,0.0,0,0,0,0.0,0
