decision_date,exit_date,universe,action,symbol,reason,entry_date,entry_rank,exit_rank,score,exit_price,quantity,gross_value,cost_value,brokerage,stt,exchange_charge,sebi_charge,gst,stamp_duty,sell_transaction_cost,net_value,realized_pnl,entry_price,buy_transaction_cost,invested_amount,total_transaction_cost,net_realized_pnl,holding_days,proceeds,gross_realized_pnl,return_pct,sell_reason
2021-08-17,2021-08-18,NIFTY100,SELL,ARVIND,RANK_EXIT,2021-08-10,4,19.0,0.5077406029031956,94.05000305175781,4114.577918417586,386976.0657838693,400000.0,0.0,386.97606578386933,11.493189153780918,0.3869760657838693,2.1384297395216616,0.0,400.9946607429558,386575.07112312637,-13424.92887687363,97.0999984741211,474.49039999999997,400000.0,875.4850607429557,-13424.92887687363,8,386976.0657838693,-13023.9342161307,-0.03356232219218407,RANK_EXIT
2021-08-20,2021-08-23,NIFTY50,SELL,JSWSTEEL,RANK_EXIT,2021-08-10,2,5.0,0.7039508821587788,654.0103759765625,325.56364208835197,212921.9999665021,233333.33333333334,0.0,212.9219999665021,6.323783399005112,0.2129219999665021,1.1766069718148906,0.0,220.63531233728864,212701.36465416482,-20631.968679168524,715.8555721139753,276.78606666666667,233333.33333333334,497.4213790039553,-20631.968679168524,13,212921.9999665021,-20411.33336683124,-0.08842272291072224,RANK_EXIT
2021-08-23,2021-08-24,NIFTY200,SELL,JSL,RANK_EXIT,2021-08-10,6,19.0,0.539548730435499,148.33203125,761.8267255021225,113003.305654266,120000.0,0.0,113.003305654266,3.3561981779317005,0.113003305654266,0.624456267045474,0.0,117.09696340489744,112886.20869086111,-7113.791309138891,157.3292835073506,142.34712000000002,120000.0,259.44408340489747,-7113.791309138891,14,113003.305654266,-6996.694345733995,-0.059281594242824094,RANK_EXIT
2021-08-26,2021-08-27,NIFTY500,SELL,RSWM,RANK_EXIT,2021-08-10,5,,0.5212759283059842,198.86038208007812,386.73456596702044,76906.18355177487,100000.0,0.0,76.90618355177487,2.2841136514877136,0.07690618355177486,0.4249835703071079,0.0,79.69218695712146,76826.49136481775,-23173.508635182254,258.2685546875,118.62259999999999,100000.0,198.31478695712144,-23173.508635182254,17,76906.18355177487,-23093.81644822513,-0.23173508635182255,RANK_EXIT
2021-09-01,2021-09-02,NIFTY200,SELL,LTTS,RANK_EXIT,2021-08-24,8,18.0,0.5540302916614305,3812.865478515625,30.2889364154158,115487.6400392937,112886.20869086111,0.0,115.48764003929371,3.4299829091670233,0.1154876400392937,0.638184698857137,0.0,119.67129528735715,115367.96874400634,2481.7600531452335,3722.557259477899,133.9085557905254,112886.20869086111,253.57985107788255,2481.7600531452335,9,115487.6400392937,2601.4313484325976,0.02198461691579645,RANK_EXIT
2021-09-07,2021-09-08,NIFTY100,SELL,BASF,RANK_EXIT,2021-08-10,2,11.0,0.5277790082767231,3444.75,109.6693685424101,377783.55728646717,400000.0,0.0,377.78355728646716,11.220171651408075,0.3777835572864672,2.087631937565017,0.0,391.4691444327267,377392.0881420344,-22607.911857965577,3643.0,474.49039999999997,400000.0,865.9595444327267,-22607.911857965577,29,377783.55728646717,-22216.44271353283,-0.05651977964491394,RANK_EXIT
2021-09-08,2021-09-09,NIFTY100,SELL,BALRAMCHIN,RANK_EXIT,2021-08-24,1,14.0,0.5606174907727872,353.1833801269531,1118.2219985602446,394937.4251838241,386575.07112312637,0.0,394.9374251838241,11.729641527959576,0.3949374251838241,2.182424211565812,0.0,409.2444283485333,394528.18075547554,7953.109632349166,345.2950364238484,458.5654003181017,386575.07112312637,867.809828666635,7953.109632349166,16,394937.4251838241,8362.354060697719,0.020573260477564668,RANK_EXIT
2021-09-14,2021-09-15,NIFTY200,SELL,DEEPAKFERT,RANK_EXIT,2021-08-10,2,,0.617278622072102,395.4349365234375,270.62401701624503,107014.19099053653,120000.0,0.0,107.01419099053653,3.178321472418935,0.10701419099053652,0.5913604194137049,0.0,110.8908870733597,106903.30010346317,-13096.699896536826,442.8936285902709,142.34712000000002,120000.0,253.2380070733597,-13096.699896536826,36,107014.19099053653,-12985.809009463468,-0.10913916580447355,RANK_EXIT
2021-09-22,2021-09-23,NIFTY500,SELL,GOKEX,RANK_EXIT,2021-08-10,6,,0.4874874244445099,194.9499969482422,447.8985533632287,87317.82161128352,100000.0,0.0,87.31782161128352,2.5933393018551207,0.08731782161128351,0.48251828222395277,0.0,90.48099701697387,87227.34061426655,-12772.659385733452,223.0,118.62259999999999,100000.0,209.10359701697388,-12772.659385733452,44,87317.82161128352,-12682.178388716478,-0.1277265938573345,RANK_EXIT
2021-09-23,2021-09-24,NIFTY200,SELL,DALMIASUG,RANK_EXIT,2021-08-10,4,,0.6762720266425748,411.6499938964844,286.0564507875895,117755.1362207612,120000.0,0.0,117.7551362207612,3.4973275457566078,0.1177551362207612,0.6507148827559264,0.0,122.02093378549449,117633.1152869757,-2366.884713024294,419.0,142.34712000000002,120000.0,264.3680537854945,-2366.884713024294,45,117755.1362207612,-2244.8637792388035,-0.01972403927520245,RANK_EXIT
2021-09-27,2021-09-28,NIFTY100,SELL,APOLLOHOSP,RANK_EXIT,2021-09-22,3,12.0,0.6100878260405664,4356.77587890625,79.24966969303608,345273.0493299073,385960.13444875495,0.0,345.2730493299073,10.254609565098246,0.34527304932990727,1.9079788705970675,0.0,357.7809108149325,344915.26841909235,-41044.866029662604,4864.402589884657,457.8359464466087,385960.13444875495,815.6168572615412,-41044.866029662604,6,345273.0493299073,-40687.085118847666,-0.10634483296645304,RANK_EXIT
2021-09-29,2021-09-30,NIFTY50,SELL,BSOFT,RANK_EXIT,2021-08-24,1,9.0,0.5589640270427159,387.3094787597656,543.5496123088074,210521.91702339688,212701.36465416482,0.0,210.52191702339687,6.252500935594887,0.21052191702339687,1.1633441134712912,0.0,218.14828398948643,210303.7687394074,-2397.595914757432,390.854943052517,252.3118889882513,212701.36465416482,470.4601729777377,-2397.595914757432,37,210521.91702339688,-2179.4476307679433,-0.011272122859464155,RANK_EXIT
2021-10-06,2021-10-07,NIFTY100,SELL,ADANIENT,RANK_EXIT,2021-08-10,1,9.0,0.5476965556774311,1517.3626708984375,269.09768991850893,408318.78950734827,400000.0,0.0,408.3187895073483,12.127068048368244,0.40831878950734823,2.2563696308176064,0.0,423.1105459760415,407895.67896137224,7895.678961372236,1484.685764939077,474.49039999999997,400000.0,897.6009459760414,7895.678961372236,58,408318.78950734827,8318.789507348265,0.01973919740343059,RANK_EXIT
2021-10-06,2021-10-07,NIFTY200,SELL,COFORGE,RANK_EXIT,2021-08-10,7,19.0,0.5503592702468089,1029.830810546875,131.46356158019162,135385.22617950776,120000.0,0.0,135.38522617950775,4.020941217531381,0.13538522617950777,0.7481387598679599,0.0,140.2896913830866,135244.9364881247,15244.936488124687,911.7176762846781,142.34712000000002,120000.0,282.63681138308664,15244.936488124687,58,135385.22617950776,15385.226179507765,0.12704113740103906,RANK_EXIT
2021-10-14,2021-10-18,NIFTY200,SELL,PRAJIND,RANK_EXIT,2021-08-10,1,19.0,0.48554647977550863,336.29998779296875,319.87629830600486,107574.39521556946,120000.0,0.0,107.57439521556945,3.1949595379024127,0.10757439521556945,0.5944561079612368,0.0,111.47138525664866,107462.92383031281,-12537.076169687192,374.70001220703125,142.34712000000002,120000.0,253.81850525664868,-12537.076169687192,69,107574.39521556946,-12425.604784430543,-0.10447563474739327,RANK_EXIT
2021-10-19,2021-10-20,NIFTY500,SELL,SAREGAMA,RANK_EXIT,2021-09-22,1,,0.6586244748810509,400.144287109375,220.88622026179428,88386.35913894005,76826.49136481775,0.0,88.38635913894005,2.6250748664265195,0.08838635913894005,0.4884230206017827,0.0,91.58824338510729,88294.77089555495,11468.2795307372,347.39766786866693,91.1335815457223,76826.49136481775,182.7218249308296,11468.2795307372,28,88386.35913894005,11559.867774122307,0.14927506550154696,RANK_EXIT
2021-10-22,2021-10-25,NIFTY100,SELL,ADANIENT,RANK_EXIT,2021-10-22,4,9.0,0.5255490311721864,1528.787109375,236.22971916178432,361144.9495058123,376405.47369023226,0.0,361.14494950581235,10.726005000322626,0.3611449495058123,1.9956869909691188,0.0,374.22778644660985,360770.7217193657,-15634.751970866579,1591.49734870285,446.50195943366947,376405.47369023226,820.7297458802793,-15634.751970866579,3,361144.9495058123,-15260.524184419948,-0.04153699418232531,RANK_EXIT
2021-10-25,2021-10-26,NIFTY50,SELL,ABREL,RANK_EXIT,2021-08-10,1,7.0,0.7313716354427645,799.7277221679688,303.24123944852073,242510.42569155706,233333.33333333334,0.0,242.51042569155706,7.202559643039245,0.24251042569155704,1.3401126123715443,0.0,251.29560837265942,242259.1300831844,8925.796749851055,768.5516247411038,276.78606666666667,233333.33333333334,528.0816750393261,8925.796749851055,77,242510.42569155706,9177.092358223716,0.038253414642218805,RANK_EXIT
2021-10-26,2021-10-27,NIFTY50,SELL,BAJFINANCE,RANK_EXIT,2021-10-22,3,5.0,0.711224991759744,729.6232299804688,277.72923181945106,202637.69918010227,210303.7687394074,0.0,202.63769918010226,6.018339665649037,0.20263769918010227,1.1197759256692452,0.0,209.97845247060067,202427.72072763168,-7876.048011775711,756.3276633321224,249.46779837667228,210303.7687394074,459.44625084727295,-7876.048011775711,5,202637.69918010227,-7666.0695593051205,-0.03745081725822573,RANK_EXIT
2021-10-28,2021-10-29,NIFTY200,SELL,GHCL,RANK_EXIT,2021-10-22,6,19.0,0.5125093599106734,422.1499938964844,266.60261464539605,112546.29214534072,120113.65853513773,0.0,112.54629214534071,3.3426248767166196,0.11254629214534072,0.6219308103951529,0.0,116.62339412459782,112429.66875121612,-7683.989783921614,450.0,142.48194470950227,120113.65853513773,259.1053388341001,-7683.989783921614,7,112546.29214534072,-7567.366389797011,-0.06397265621273004,RANK_EXIT
2021-11-02,2021-11-03,NIFTY200,SELL,SRF,RANK_EXIT,2021-10-22,8,20.0,0.5239500356496157,2051.0048828125,53.43333675552393,109592.03459054421,120113.65853513773,0.0,109.59203459054422,3.254883427339163,0.1095920345905442,0.6056055831473474,0.0,113.56211563562128,109478.47247490859,-10635.186060229142,2245.249574050335,142.48194470950227,120113.65853513773,256.04406034512357,-10635.186060229142,12,109592.03459054421,-10521.62394459352,-0.08854268690115664,RANK_EXIT
2021-11-09,2021-11-10,NIFTY500,SELL,POONAWALLA,RANK_EXIT,2021-08-10,4,40.0,0.44807122203017574,176.26577758789062,577.1756598030827,101736.31647999419,100000.0,0.0,101.73631647999419,3.0215685994558275,0.10173631647999418,0.5621948848684478,0.0,105.42181628079847,101630.89466371339,1630.8946637133922,173.051956893118,118.62259999999999,100000.0,224.04441628079846,1630.8946637133922,92,101736.31647999419,1736.3164799941878,0.016308946637133923,RANK_EXIT
2021-11-10,2021-11-11,NIFTY200,SELL,JSL,RANK_EXIT,2021-09-22,3,19.0,0.5379069047209339,176.94625854492188,714.4818897066839,126424.89718170324,111135.63442373477,0.0,126.42489718170324,3.7548194462965863,0.12642489718170324,0.6986239818260921,0.0,131.00476550700762,126293.89241619623,15158.25799246147,155.36265375491212,131.8319790799292,111135.63442373477,262.8367445869368,15158.25799246147,50,126424.89718170324,15289.262757968478,0.13639421838963456,RANK_EXIT
2021-11-18,2021-11-22,NIFTY100,SELL,ARVIND,RANK_EXIT,2021-10-22,3,10.0,0.5903439048715039,127.3499984741211,2805.663968140288,357301.3020615622,376405.47369023226,0.0,357.3013020615622,10.611848671228397,0.3573013020615622,1.9744469951921928,0.0,370.24489903004434,356931.0571625322,-19474.416527700087,134.0,446.50195943366947,376405.47369023226,816.7468584637138,-19474.416527700087,31,357301.3020615622,-19104.17162867007,-0.05173786750967072,RANK_EXIT
2021-11-22,2021-11-23,NIFTY50,SELL,BAJAJFINSV,RANK_EXIT,2021-08-10,3,5.0,0.7536272961780488,1731.8538818359375,163.78663439859247,283654.51857604587,233333.33333333334,0.0,283.65451857604586,8.424539201708562,0.28365451857604584,1.5674748696512295,0.0,293.9301871659817,283360.5883888799,50027.25505554656,1422.9277506215703,276.78606666666667,233333.33333333334,570.7162538326484,50027.25505554656,105,283654.51857604587,50321.18524271253,0.2144025216666281,RANK_EXIT
2021-11-24,2021-11-25,NIFTY100,SELL,APOLLOHOSP,RANK_EXIT,2021-11-23,4,9.0,0.571944711818401,5630.90283203125,67.52073653929008,380202.7065999244,358850.88944094896,0.0,380.20270659992445,11.292020386017755,0.3802027065999244,2.1010001566711822,0.0,393.97592984921334,379808.7306700752,20957.841229126265,5308.372354279704,425.6782551779791,358850.88944094896,819.6541850271924,20957.841229126265,2,380202.7065999244,21351.817158975464,0.05840264534881417,RANK_EXIT
2021-11-25,2021-11-26,NIFTY100,SELL,DMART,RANK_EXIT,2021-11-23,5,9.0,0.6682319655398536,4718.75,74.22348543917394,350242.071916102,358850.88944094896,0.0,350.242071916102,10.40218953590823,0.350242071916102,1.9354376894083796,0.0,362.92994121333476,349879.1419748887,-8971.747466060275,4829.0,425.6782551779791,358850.88944094896,788.6081963913139,-8971.747466060275,3,350242.071916102,-8608.817524846934,-0.02500132431059957,RANK_EXIT
2021-11-26,2021-11-29,NIFTY50,SELL,ASAHIINDIA,MARKET_BEARISH,2021-11-23,1,,0.7526703264856038,437.6171569824219,480.77821515829504,210396.7956566562,242682.47973323197,0.0,210.39679565665622,6.248784831002689,0.2103967956566562,1.1626526927986822,0.0,218.01862997611425,210178.7770266801,-32503.702706551878,504.17135349242085,287.87626720403284,242682.47973323197,505.8948971801471,-32503.702706551878,6,210396.7956566562,-32285.684076575766,-0.13393510212307655,MARKET_BEARISH
2021-11-26,2021-11-29,NIFTY50,SELL,BSOFT,MARKET_BEARISH,2021-11-23,2,,0.7541724932803721,449.92742919921875,565.1422435750097,254272.9967835828,242682.47973323197,0.0,254.2729967835828,7.55190800447241,0.2542729967835828,1.4051125802260787,0.0,263.4842903650649,254009.51249321774,11327.03275998577,428.90901577746877,287.87626720403284,242682.47973323197,551.3605575690978,11327.03275998577,6,254272.9967835828,11590.517050350842,0.046674291330948074,MARKET_BEARISH
2021-11-26,2021-11-29,NIFTY50,SELL,TITAN,MARKET_BEARISH,2021-11-23,3,,0.6784611600050156,2294.093994140625,103.18302726421867,236711.56314409242,242682.47973323197,0.0,236.71156314409242,7.030333425379545,0.23671156314409242,1.3080680979342547,0.0,245.28667623055034,236466.27646786187,-6216.203265370103,2349.1712725711473,287.87626720403284,242682.47973323197,533.1629434345832,-6216.203265370103,6,236711.56314409242,-5970.916589139553,-0.025614553107431763,MARKET_BEARISH
2021-11-26,2021-11-29,NIFTY100,SELL,ADANIENSOL,MARKET_BEARISH,2021-09-22,1,,0.7639021496577242,1894.199951171875,246.99018864828327,467848.80327751033,385960.13444875495,0.0,467.84880327751034,13.895109457342057,0.46784880327751033,2.585332486911522,0.0,484.7970940250414,467364.00618348527,81403.87173473032,1560.800048828125,457.8359464466087,385960.13444875495,942.6330404716501,81403.87173473032,68,467848.80327751033,81888.66882875538,0.2109126421851699,MARKET_BEARISH
2021-11-26,2021-11-29,NIFTY200,SELL,IRCTC,MARKET_BEARISH,2021-09-22,2,,0.7239061750226959,742.1150512695312,157.92367578340787,117197.53675067656,111135.63442373477,0.0,117.19753675067656,3.480766841495094,0.11719753675067655,0.6476335880842387,0.0,121.44313471700657,117076.09361595956,5940.459192224793,702.8952555340493,131.8319790799292,111135.63442373477,253.27511379693578,5940.459192224793,68,117197.53675067656,6061.902326941796,0.0534523352750674,MARKET_BEARISH
2021-11-26,2021-11-29,NIFTY200,SELL,INDHOTEL,MARKET_BEARISH,2021-10-22,3,,0.5192235883961659,170.01234436035156,576.0109174758518,97928.96645722656,120113.65853513773,0.0,97.92896645722657,2.908490303779629,0.09792896645722655,0.541155468642634,0.0,101.47654119610606,97827.48991603045,-22286.16861910728,208.2793449751893,142.48194470950227,120113.65853513773,243.9584859056083,-22286.16861910728,38,97928.96645722656,-22184.692077911168,-0.18554233457627756,MARKET_BEARISH
2021-11-26,2021-11-29,NIFTY200,SELL,JBMA,MARKET_BEARISH,2021-11-23,1,,0.7565792766935805,171.86277770996094,636.2915145315525,109354.82712067058,116067.34454744031,0.0,109.35482712067059,3.2478383654839162,0.10935482712067057,0.6042947746688256,0.0,113.316315087944,109241.51080558264,-6825.83374185767,182.1958328816256,137.68210185313194,116067.34454744031,250.99841694107596,-6825.83374185767,6,109354.82712067058,-6712.517426769729,-0.05880925223603906,MARKET_BEARISH
2021-11-26,2021-11-29,NIFTY200,SELL,LTTS,MARKET_BEARISH,2021-11-23,4,,0.6584302874286465,4911.37744140625,23.129599488770264,113598.19315790781,116067.34454744031,0.0,113.59819315790782,3.373866336789862,0.1135981931579078,0.6277436153905985,0.0,117.71340130324619,113480.47975660456,-2586.8647908357525,5012.177686080237,137.68210185313194,116067.34454744031,255.39550315637814,-2586.8647908357525,6,113598.19315790781,-2469.1513895325043,-0.02228761932068172,MARKET_BEARISH
2021-11-26,2021-11-29,NIFTY200,SELL,TCIEXP,MARKET_BEARISH,2021-11-23,5,,0.6174536645740528,2100.5,56.00466784810975,117637.80481495452,116067.34454744031,0.0,117.63780481495452,3.4938428030041493,0.11763780481495452,0.6500665094074386,0.0,121.89935193218106,117515.90546302234,1448.5609155820275,2070.0,137.68210185313194,116067.34454744031,259.581453785313,1448.5609155820275,6,117637.80481495452,1570.4602675142087,0.012480348553076063,MARKET_BEARISH
2021-11-26,2021-11-29,NIFTY500,SELL,ELECON,MARKET_BEARISH,2021-08-10,1,,0.4620189794464133,101.9111328125,1357.9937616136087,138394.68259835095,100000.0,0.0,138.39468259835095,4.110322073171023,0.13839468259835094,0.7647690160384873,0.0,143.40816837015882,138251.27442998078,38251.27442998078,73.55068942387332,118.62259999999999,100000.0,262.0307683701588,38251.27442998078,111,138394.68259835095,38394.68259835095,0.3825127442998078,MARKET_BEARISH
2021-11-26,2021-11-29,NIFTY500,SELL,FLUOROCHEM,MARKET_BEARISH,2021-08-10,2,,0.5106077399117223,1987.5919189453125,58.30378002641063,115884.12202445888,100000.0,0.0,115.88412202445888,3.4417584241264287,0.11588412202445887,0.6403756583071597,0.0,120.08214022891693,115764.03988422996,15764.039884229962,1713.1200988127257,118.62259999999999,100000.0,238.70474022891693,15764.039884229962,111,115884.12202445888,15884.122024458877,0.1576403988422996,MARKET_BEARISH
2021-11-26,2021-11-29,NIFTY500,SELL,OLECTRA,MARKET_BEARISH,2021-10-22,1,,0.9125296130117555,802.2777099609375,158.98764675323187,127552.24514926135,87761.05575491075,0.0,127.55224514926135,3.788301680933062,0.12755224514926133,0.7048537066948182,0.0,132.17295278203852,127420.0721964793,39659.01644156856,551.344416367399,104.10444612392475,87761.05575491075,236.27739890596325,39659.01644156856,38,127552.24514926135,39791.1893943506,0.4518976680536276,MARKET_BEARISH
2021-11-26,2021-11-29,NIFTY500,SELL,TRIDENT,MARKET_BEARISH,2021-10-22,2,,0.7103337887519608,51.20970916748047,2330.4097002968456,119339.60299327679,87761.05575491075,0.0,119.33960299327678,3.5443862089003204,0.11933960299327678,0.6594706461408475,0.0,123.66279945131123,119215.94019382547,31454.884438914727,37.61439514160156,104.10444612392475,87761.05575491075,227.76724557523596,31454.884438914727,38,119339.60299327679,31578.547238366038,0.35841506427131425,MARKET_BEARISH
2021-11-26,2021-11-29,NIFTY500,SELL,SAREGAMA,MARKET_BEARISH,2021-11-23,4,,0.5001750121654537,404.9372863769531,261.8414255104113,106029.35630725905,101630.89466371339,0.0,106.02935630725905,3.1490718823255937,0.10602935630725904,0.5859182229539135,0.0,109.87037576884582,105919.4859314902,4288.5912677768065,387.6786771084234,120.55720965335809,101630.89466371339,230.4275854222039,4288.5912677768065,6,106029.35630725905,4398.4616435456555,0.04219771243741711,MARKET_BEARISH
2022-07-22,2022-07-25,NIFTY100,SELL,GOLDBEES,MARKET_BULLISH,2021-11-29,0,,0.0,43.599998474121094,28631.033353033356,1248313.0105047645,1197051.8788284492,0.0,1248.3130105047646,37.0748964119915,1.2483130105047644,6.898177696049328,0.0,1293.53439762331,1247019.4761071412,49967.59727869206,41.7599983215332,1419.9740620151558,1197051.8788284492,2713.508459638466,49967.59727869206,238,1248313.0105047645,51261.13167631533,0.04174221532286068,MARKET_BULLISH
2022-07-22,2022-07-25,NIFTY200,SELL,GOLDBEES,MARKET_BULLISH,2021-11-29,0,,0.0,43.599998474121094,13277.849104092413,578914.2006780393,555141.4795571995,0.0,578.9142006780394,17.19375176013777,0.5789142006780393,3.1990798729468453,0.0,599.885946511802,578314.3147315276,23172.835174328065,41.7599983215332,658.5232567292186,555141.4795571995,1258.4092032410206,23172.835174328065,238,578914.2006780393,23772.721120839822,0.04174221532286065,MARKET_BULLISH
2022-07-22,2022-07-25,NIFTY500,SELL,GOLDBEES,MARKET_BULLISH,2021-11-29,0,,0.0,43.599998474121094,14507.933594786891,632545.8825953586,606570.8126360057,0.0,632.5458825953586,18.786612713082153,0.6325458825953586,3.495448547221952,0.0,655.460489738258,631890.4221056204,25319.60946961469,41.7599983215332,719.5300687899585,606570.8126360057,1374.9905585282165,25319.60946961469,238,632545.8825953586,25975.069959352957,0.04174221532286061,MARKET_BULLISH
2022-07-29,2022-08-01,NIFTY50,SELL,GOLDBEES,MARKET_BULLISH,2021-11-29,0,,0.0,44.220001220703125,16758.224603752155,741048.7124347374,700654.5659877597,0.0,741.0487124347374,22.0091467593117,0.7410487124347374,4.095035184914359,0.0,767.893943091398,740280.818491646,39626.25250388624,41.7599983215332,831.1346631933962,700654.5659877597,1599.0286062847943,39626.25250388624,245,741048.7124347374,40394.146446977626,0.05655604691310682,MARKET_BULLISH
2022-07-29,2022-08-01,NIFTY100,SELL,ABB,DUPLICATE_EXIT,2022-07-25,3,4.0,0.6483915093639618,2691.57958984375,156.1078270194453,420176.64102039766,415673.15870238043,0.0,420.17664102039765,12.47924623830581,0.42017664102039765,2.3218961182787172,0.0,435.3979600180026,419741.24306037964,4068.084357999207,2659.5724527144266,493.08230835488985,415673.15870238043,928.4802683728924,4068.084357999207,7,420176.64102039766,4503.482318017224,0.009786738144696834,DUPLICATE_EXIT
2022-08-08,2022-08-10,NIFTY500,SELL,CREDITACC,RANK_EXIT,2022-07-25,8,32.0,0.42014748149820574,1036.580322265625,124.12596050504527,128666.52814185007,126378.08442112408,0.0,128.66652814185008,3.821395885812947,0.12866652814185006,0.7110112345118634,0.0,133.32760179031672,128533.20054005976,2155.116118935679,1016.936110205752,149.91296957053234,126378.08442112408,283.24057136084906,2155.116118935679,16,128666.52814185007,2288.4437207259907,0.017052925978481216,RANK_EXIT
2022-09-07,2022-09-08,NIFTY500,SELL,BDL,RANK_EXIT,2022-07-25,7,36.0,0.4091664345330081,397.22357177734375,359.9400360118004,142976.66673027308,126378.08442112408,0.0,142.97666673027308,4.246407001889111,0.14297666673027307,0.790089060351489,0.0,148.15613945924395,142828.51059081382,16450.426169689745,350.6922232107996,149.91296957053234,126378.08442112408,298.0691090297763,16450.426169689745,45,142976.66673027308,16598.582309149002,0.13016834560391594,RANK_EXIT
2022-09-16,2022-09-19,NIFTY500,SELL,TIMKEN,RANK_EXIT,2022-07-25,6,53.0,0.44156141288635237,2840.62451171875,45.75055929817577,129960.16016724028,126378.08442112408,0.0,129.96016016724028,3.859816756967036,0.12996016016724027,0.7181598450841697,0.0,134.6680969294587,129825.49207031082,3447.4076491867454,2759.051985110632,149.91296957053234,126378.08442112408,284.58106649999104,3447.4076491867454,56,129960.16016724028,3582.0757461161993,0.027278524318339104,RANK_EXIT
2022-09-22,2022-09-23,NIFTY200,SELL,CHENNPETRO,RANK_EXIT,2022-07-25,2,21.0,0.42653571077574504,217.3467559814453,476.09921573931774,103478.62006625098,115662.86294630551,0.0,103.47862006625098,3.0733150159676543,0.10347862006625097,0.5718228544861029,0.0,107.22723655677099,103371.3928296942,-12291.470116611308,242.6503905738396,137.2022952613442,115662.86294630551,244.4295318181152,-12291.470116611308,60,103478.62006625098,-12184.242880054531,-0.10626980695019983,RANK_EXIT
2022-09-30,2022-10-03,NIFTY50,SELL,ABB,MARKET_BEARISH,2022-08-01,1,,0.7877572344354344,2935.822998046875,91.62491624908544,268994.5363181839,246760.27283054867,0.0,268.99453631818386,7.9891377286500616,0.2689945363181839,1.4864638076942842,0.0,278.7391323908464,268715.79718579305,21955.524355244386,2689.9621791644486,292.71345139869044,246760.27283054867,571.4525837895369,21955.524355244386,63,268994.5363181839,22234.26348763521,0.08897511784776369,MARKET_BEARISH
2022-09-30,2022-10-03,NIFTY50,SELL,COALINDIA,MARKET_BEARISH,2022-08-01,2,,0.7392391383073867,160.9716033935547,1570.2039755449534,252758.2515984051,246760.27283054867,0.0,252.7582515984051,7.5069200724726315,0.2527582515984051,1.3967420983327865,0.0,261.9146720208089,252496.33692638428,5736.064095835609,156.9653135629154,292.71345139869044,246760.27283054867,554.6281234194994,5736.064095835609,63,252758.2515984051,5997.978767856432,0.023245492599104835,MARKET_BEARISH
2022-09-30,2022-10-03,NIFTY50,SELL,EICHERMOT,MARKET_BEARISH,2022-08-01,3,,0.843200619486549,3344.63330078125,82.61177701244475,276306.10043253767,246760.27283054867,0.0,276.3061004325377,8.20629118284637,0.27630610043253767,1.526867510990203,0.0,286.31556522680677,276019.78486731084,29259.51203676217,2983.4433817108397,292.71345139869044,246760.27283054867,579.0290166254972,29259.51203676217,63,276306.10043253767,29545.827601989004,0.11857464615811478,MARKET_BEARISH
2022-10-10,2022-10-11,NIFTY200,SELL,ATGL,RANK_EXIT,2022-07-25,3,19.0,0.44985270443650305,3169.253173828125,40.44898997907275,128193.08986931834,115662.86294630551,0.0,128.19308986931836,3.807334769118755,0.12819308986931832,0.7083950146178531,0.0,132.8370127429243,128060.25285657542,12397.389910269907,2856.0827034448603,137.2022952613442,115662.86294630551,270.0393080042685,12397.389910269907,78,128193.08986931834,12530.22692301283,0.10718557015163269,RANK_EXIT
2022-10-13,2022-10-14,NIFTY100,SELL,ADANIENSOL,RANK_EXIT,2022-07-25,1,10.0,0.6152007202399741,3035.300048828125,138.86549923522765,421498.45660922845,415673.15870238043,0.0,421.49845660922847,12.518504161294086,0.4214984566092284,2.3292004712225967,0.0,436.76765969835435,421061.6889495301,5388.53024714964,2989.800048828125,493.08230835488985,415673.15870238043,929.8499680532442,5388.53024714964,81,421498.45660922845,5825.29790684802,0.0129633827307281,RANK_EXIT
2022-10-18,2022-10-19,NIFTY200,SELL,VBL,RANK_EXIT,2022-07-25,4,19.0,0.4661092596545568,201.4276580810547,665.7395951541141,134098.36754372268,115662.86294630551,0.0,134.09836754372267,3.9827215160485636,0.13409836754372267,0.7410275790466114,0.0,138.95621500636156,133959.41132871632,18296.54838241081,173.52980278167288,137.2022952613442,115662.86294630551,276.15851026770576,18296.54838241081,86,134098.36754372268,18435.504597417166,0.1581886174727031,RANK_EXIT
2022-11-03,2022-11-04,NIFTY200,SELL,DEEPAKFERT,RANK_EXIT,2022-10-24,2,19.0,0.5510974532497908,875.7224731445312,120.63895850886796,105646.24710296634,121797.01900499531,0.0,105.64624710296634,3.1376935389581004,0.10564624710296634,0.5838011614909919,0.0,109.47338805051841,105536.77371491582,-16260.245290079489,1008.4017776511774,144.47879066621957,121797.01900499531,253.952178716738,-16260.245290079489,11,105646.24710296634,-16150.771902028966,-0.13350281823738724,RANK_EXIT
2022-11-03,2022-11-04,NIFTY200,SELL,PATANJALI,RANK_EXIT,2022-10-24,5,20.0,0.5235666865428245,445.2359313964844,258.744226146808,115202.22652193664,121797.01900499531,0.0,115.20222652193664,3.421506127701518,0.11520222652193664,0.6366075037602219,0.0,119.3755423799203,115082.85097955672,-6714.1680254385865,470.1652362488084,144.47879066621957,121797.01900499531,263.85433304613986,-6714.1680254385865,11,115202.22652193664,-6594.792483058671,-0.055125881407353784,RANK_EXIT
2022-11-04,2022-11-07,NIFTY100,SELL,BANKBARODA,RANK_EXIT,2022-10-24,3,10.0,0.5617280925560544,140.0761260986328,3285.6075380243647,460235.1758069194,421061.6889495301,0.0,460.2351758069194,13.668984721465506,0.46023517580691936,2.5432595815090364,0.0,476.9076552857009,459758.2681516337,38696.5792021036,128.00135431859223,499.47432303584526,421061.6889495301,976.3819783215462,38696.5792021036,14,460235.1758069194,39173.48685738933,0.09190239866905087,RANK_EXIT
2022-11-11,2022-11-14,NIFTY50,SELL,GOLDBEES,MARKET_BULLISH,2022-10-03,0,,0.0,44.81999969482422,18330.714708162304,821582.6276257443,797231.9189794881,0.0,821.5826276257443,24.401004040484608,0.8215826276257443,4.540065600259863,0.0,851.3452798941145,820731.2823458503,23499.363366362173,43.439998626708984,945.6972303233622,797231.9189794881,1797.0425102174768,23499.363366362173,42,821582.6276257443,24350.708646256244,0.029476194827275582,MARKET_BULLISH
2022-11-11,2022-11-14,NIFTY100,SELL,ADANIENT,DUPLICATE_EXIT,2022-07-25,2,1.0,0.7990893160170284,4015.244384765625,166.04211021264135,666699.6506659432,415673.15870238043,0.0,666.6996506659432,19.800979624778513,0.6666996506659432,3.684182269580002,0.0,690.8515122109676,666008.7991537321,250335.6404513517,2500.450493325617,493.08230835488985,415673.15870238043,1183.9338205658573,250335.6404513517,112,666699.6506659432,251026.49196356273,0.6022415333066781,DUPLICATE_EXIT
2022-11-16,2022-11-17,NIFTY50,SELL,EICHERMOT,RANK_EXIT,2022-11-14,3,9.0,0.4642774001317493,3323.870361328125,79.9919603517721,265882.90615778975,273577.0941152834,0.0,265.88290615778976,7.8967223128863555,0.26588290615778976,1.4692689394279461,0.0,275.51478031626186,265607.3913774735,-7969.702737809916,3416.000416186649,324.5242620439962,273577.0941152834,600.039042360258,-7969.702737809916,3,265882.90615778975,-7694.1879574936465,-0.02913146937093915,RANK_EXIT
2022-11-25,2022-11-28,NIFTY500,SELL,TATAINVEST,RANK_EXIT,2022-09-22,5,34.0,0.4931024056066195,228.28929138183594,569.2702871716589,129958.31046315226,136327.0013305623,0.0,129.95831046315226,3.859761820755622,0.12995831046315226,0.7181496236193793,0.0,134.6661802179904,129823.64428293427,-6503.357047628044,239.19268186927593,161.7146334803476,136327.0013305623,296.380813698338,-6503.357047628044,67,129958.31046315226,-6368.690867410056,-0.04770410105228432,RANK_EXIT
2022-11-28,2022-11-29,NIFTY50,SELL,BHARTIARTL,RANK_EXIT,2022-11-22,3,5.0,0.5220576725924158,820.5572509765625,316.65870883112456,259836.5996162553,265607.3913774735,0.0,259.8365996162553,7.717147008602782,0.25983659961625527,1.4358570494794267,0.0,269.2494402739538,259567.35017598135,-6040.041201492131,837.7862777350957,315.0703934441349,265607.3913774735,584.3198337180886,-6040.041201492131,7,259836.5996162553,-5770.791761218192,-0.022740486136954677,RANK_EXIT
2022-12-01,2022-12-02,NIFTY50,SELL,COALINDIA,RANK_EXIT,2022-11-14,2,6.0,0.5438245880336812,180.65830993652344,1433.439509137605,258962.75911703947,273577.0941152834,0.0,258.96275911703947,7.691193945776073,0.2589627591170395,1.4310282068807603,0.0,268.3439440288133,258694.41517301067,-14882.67894227273,190.6272068764418,324.5242620439962,273577.0941152834,592.8682060728095,-14882.67894227273,18,258962.75911703947,-14614.334998243925,-0.05440031078040941,RANK_EXIT
2022-12-01,2022-12-02,NIFTY200,SELL,ITC,RANK_EXIT,2022-07-25,5,19.0,0.5040207335513721,278.47296142578125,467.7863326369885,130265.84536392777,115662.86294630551,0.0,130.26584536392778,3.8688956073086547,0.13026584536392777,0.7198490614810649,0.0,134.98485587808142,130130.8605080497,14467.997561744181,246.9624539900664,137.2022952613442,115662.86294630551,272.1871511394256,14467.997561744181,130,130265.84536392777,14602.982417622261,0.12508766593872658,RANK_EXIT
2022-12-07,2022-12-08,NIFTY500,SELL,SHOPERSTOP,RANK_EXIT,2022-07-25,4,35.0,0.48515979228391887,680.0999755859375,230.70120774778368,156899.88575691398,126378.08442112408,0.0,156.899885756914,4.6599266069803456,0.15689988575691396,0.8670287686927067,0.0,162.58374101834394,156737.30201589564,30359.21759477156,547.1500244140625,149.91296957053234,126378.08442112408,312.4967105888763,30359.21759477156,136,156899.88575691398,30521.801335789904,0.24022533443066668,RANK_EXIT
2022-12-12,2022-12-13,NIFTY200,SELL,ADANIPOWER,RANK_EXIT,2022-07-25,1,18.0,0.5345948888832565,64.5999984741211,1982.9327837166325,128097.45480237914,115662.86294630551,0.0,128.09745480237913,3.8044944076306604,0.12809745480237913,0.7078665352379471,0.0,132.73791320005012,127964.7168891791,12301.853942873582,58.2599983215332,137.2022952613442,115662.86294630551,269.9402084613943,12301.853942873582,141,128097.45480237914,12434.591856073632,0.10635958361660566,RANK_EXIT
2022-12-20,2022-12-21,NIFTY500,SELL,WSTCSTPAPR,RANK_EXIT,2022-08-23,2,35.0,0.5222001684525223,544.0999755859375,223.27083672298423,121481.65681002756,128533.20054005976,0.0,121.48165681002756,3.608005207257819,0.12148165681002755,0.6713076355322123,0.0,125.88245130962763,121355.77435871793,-7177.426181341827,575.0,152.46942434383294,128533.20054005976,278.3518756534606,-7177.426181341827,120,121481.65681002756,-7051.543730032194,-0.055841029019617766,RANK_EXIT
2022-12-23,2022-12-26,NIFTY100,SELL,APARINDS,MARKET_BEARISH,2022-08-23,1,,0.7378853295828969,1617.852294921875,352.2267415860929,569850.8422079146,419741.24306037964,0.0,569.8508422079145,16.924570013575064,0.5698508422079145,3.1489957540409357,0.0,590.4942588177383,569260.3479490968,149519.10488871718,1190.2654897714963,497.9079757905419,419741.24306037964,1088.4022346082802,149519.10488871718,125,569850.8422079146,150109.59914753493,0.3562173299877727,MARKET_BEARISH
2022-12-23,2022-12-26,NIFTY100,SELL,BANKINDIA,MARKET_BEARISH,2022-11-22,3,,0.7961441047437783,77.77306365966797,8053.116027262089,626315.5054469468,562883.5336526829,0.0,626.3155054469469,18.60157051177432,0.6263155054469468,3.4610194830998275,0.0,649.004410947268,625666.5010359995,62782.9673833166,69.81345167098446,667.7070825906874,562883.5336526829,1316.7114935379554,62782.9673833166,34,626315.5054469468,63431.971794263925,0.11153811335695546,MARKET_BEARISH
2022-12-23,2022-12-26,NIFTY100,SELL,BANKBARODA,MARKET_BEARISH,2022-11-22,4,,0.6825158277052298,156.66233825683594,3906.3354232291467,611975.641418585,562883.5336526829,0.0,611.9756414185849,18.175676550131975,0.611975641418585,3.3817773944791005,0.0,634.1450710046145,611341.4963475803,48457.96269489743,143.92410421973958,667.7070825906874,562883.5336526829,1301.8521535953018,48457.96269489743,34,611975.641418585,49092.10776590207,0.08608879066055171,MARKET_BEARISH
2022-12-23,2022-12-26,NIFTY200,SELL,ATGL,MARKET_BEARISH,2022-10-24,7,,0.5157163325622716,3307.163818359375,37.14006120609053,122828.26663243525,121797.01900499531,0.0,122.82826663243524,3.647999518983327,0.12282826663243523,0.6787490014108372,0.0,127.27784341946185,122700.98878901578,903.9697840204753,3275.5072626099904,144.47879066621957,121797.01900499531,271.7566340856814,903.9697840204753,63,122828.26663243525,1031.2476274399378,0.007421936853671275,MARKET_BEARISH
2022-12-23,2022-12-26,NIFTY200,SELL,UNIONBANK,MARKET_BEARISH,2022-11-22,1,,0.672844726767014,71.06684112548828,1622.114076241083,115278.52334364323,110309.81234723626,0.0,115.27852334364323,3.423772143306204,0.11527852334364323,0.6370291199969724,0.0,119.45460313029005,115159.06874051294,4849.256393276679,67.92306508743948,130.85236746141268,110309.81234723626,250.30697059170274,4849.256393276679,34,115278.52334364323,4968.710996406968,0.04396033580414457,MARKET_BEARISH
2022-12-23,2022-12-26,NIFTY200,SELL,GODFRYPHLP,MARKET_BEARISH,2022-11-22,5,,0.5746772547407732,574.0101928710938,190.97836030797902,109623.52543458827,110309.81234723626,0.0,109.62352543458827,3.255818705407272,0.10962352543458827,0.6057796015515348,0.0,113.59474726698166,109509.93068732129,-799.8816599149723,576.9185566474445,130.85236746141268,110309.81234723626,244.44711472839435,-799.8816599149723,34,109623.52543458827,-686.2869126479927,-0.00725122854345072,MARKET_BEARISH
2022-12-23,2022-12-26,NIFTY200,SELL,FACT,MARKET_BEARISH,2022-12-22,1,,0.7677460791750712,266.4208068847656,426.7988836423398,113708.10295750936,129047.7886986144,0.0,113.70810295750935,3.377130657838028,0.11370810295750935,0.6283509769431967,0.0,117.82729269524808,113590.27566481411,-15457.513033800293,302.0033880042484,153.0798421968026,129047.7886986144,270.90713489205064,-15457.513033800293,4,113708.10295750936,-15339.685741105044,-0.11978130884443634,MARKET_BEARISH
2022-12-23,2022-12-26,NIFTY200,SELL,VBL,MARKET_BEARISH,2022-12-22,7,,0.6133698330406944,268.1407165527344,474.62791500597683,127267.06922563293,129047.7886986144,0.0,127.26706922563294,3.7798319560012983,0.12726706922563294,0.7032778245408476,0.0,131.8774460754007,127135.19177955753,-1912.5969190568721,271.57001259564447,153.0798421968026,129047.7886986144,284.9572882722033,-1912.5969190568721,4,127267.06922563293,-1780.7194729814655,-0.014820842250336119,MARKET_BEARISH
2022-12-23,2022-12-26,NIFTY500,SELL,ELECON,MARKET_BEARISH,2022-07-25,2,,0.5736932536554363,176.1516876220703,770.7799461961293,135774.18830769675,126378.08442112408,0.0,135.77418830769676,4.032493392738593,0.13577418830769675,0.7502881645883323,0.0,140.69274405333138,135633.49556364343,9255.411142519355,163.76680799040153,149.91296957053234,126378.08442112408,290.6057136238637,9255.411142519355,154,135774.18830769675,9396.103886572673,0.0732358872577777,MARKET_BEARISH
2022-12-23,2022-12-26,NIFTY500,SELL,KARURVYSYA,MARKET_BEARISH,2022-09-22,6,,0.7422731380597829,87.2868881225586,2074.555595522893,181081.50217043466,136327.0013305623,0.0,181.08150217043467,5.37812061446191,0.18108150217043464,1.000656380993822,0.0,187.64136066806086,180893.8608097666,44566.859479204286,65.6358822057798,161.7146334803476,136327.0013305623,349.35599414840846,44566.859479204286,95,181081.50217043466,44754.500839872344,0.32691146320412107,MARKET_BEARISH
2022-12-23,2022-12-26,NIFTY500,SELL,KTKBANK,MARKET_BEARISH,2022-12-22,2,,0.6836620626494349,141.9499969482422,878.7508491156364,124738.68035022981,135972.2402191826,0.0,124.73868035022981,3.7047388064018256,0.12473868035022981,0.6893059476153699,0.0,129.25746378459723,124609.42288644522,-11362.81733273738,154.5500030517578,161.2938066262401,135972.2402191826,290.55127041083733,-11362.81733273738,4,124738.68035022981,-11233.559868952783,-0.08356718484906116,MARKET_BEARISH
2022-12-23,2022-12-26,NIFTY500,SELL,SOUTHBANK,MARKET_BEARISH,2022-12-22,5,,0.6868873335988153,17.700000762939453,7566.06911644032,133919.4291334463,135972.2402191826,0.0,133.9194291334463,3.977407045263355,0.1339194291334463,0.7400387653914243,0.0,138.77079437323454,133780.65833907307,-2191.58188010953,17.950000762939453,161.2938066262401,135972.2402191826,300.06460099947464,-2191.58188010953,4,133919.4291334463,-2052.8110857362917,-0.01611786256206984,MARKET_BEARISH
2022-12-23,2022-12-26,NIFTY500,SELL,RVNL,MARKET_BEARISH,2022-12-22,6,,0.6511449882941915,61.31065368652344,2001.470499241809,122711.46464280772,135972.2402191826,0.0,122.71146464280773,3.6445304998913897,0.12271146464280772,0.6781035536161555,0.0,127.15681016095807,122584.30783264677,-13387.932386535831,67.85558241503128,161.2938066262401,135972.2402191826,288.45061678719816,-13387.932386535831,4,122711.46464280772,-13260.775576374872,-0.09846077673615543,MARKET_BEARISH
2022-12-27,2022-12-28,NIFTY50,SELL,BRITANNIA,RANK_EXIT,2022-12-22,3,5.0,0.6290202076448869,4201.5517578125,60.79720950872216,255442.62248146645,259130.882674496,0.0,255.44262248146646,7.586645887699554,0.25544262248146643,1.4115759318325836,0.0,264.69628692348005,255177.92619454296,-3952.956479953049,4257.160764046793,307.3877904314367,259130.882674496,572.0840773549168,-3952.956479953049,6,255442.62248146645,-3688.260193029564,-0.015254671458509658,RANK_EXIT
2023-01-10,2023-01-11,NIFTY50,SELL,LT,RANK_EXIT,2022-12-22,2,5.0,0.6251312151685684,2045.80126953125,125.41397973659394,256572.07896209037,259130.882674496,0.0,256.57207896209036,7.620190745174084,0.25657207896209033,1.4178173083445114,0.0,265.86665909457105,256306.2123029958,-2824.6703715002222,2063.7531432115434,307.3877904314367,259130.882674496,573.2544495260078,-2824.6703715002222,20,256572.07896209037,-2558.8037124056427,-0.010900554740317835,RANK_EXIT
2023-01-24,2023-01-25,NIFTY50,SELL,ABBOTINDIA,RANK_EXIT,2023-01-24,3,6.0,0.7497214300255458,20411.259765625,12.235845749221774,249749.02603948407,255742.06924876937,0.0,249.74902603948408,7.4175460733726775,0.24974902603948407,1.380113117894189,0.0,258.79643425679046,249490.22960522727,-6251.839643542102,20876.260341315527,303.3678918366907,255742.06924876937,562.1643260934811,-6251.839643542102,1,249749.02603948407,-5993.043209285301,-0.024445878857188397,RANK_EXIT
2023-01-27,2023-01-30,NIFTY50,SELL,ADANIENT,MARKET_BEARISH,2022-11-14,1,,0.7513111186955488,2887.59619140625,68.45455062006916,197669.09965493804,273577.0941152834,0.0,197.66909965493804,5.87077225975166,0.19766909965493804,1.0923194446931876,0.0,204.8298604590378,197464.269794479,-76112.82432080439,3991.7371070014533,324.5242620439962,273577.0941152834,529.354122503034,-76112.82432080439,77,197669.09965493804,-75907.99446034536,-0.27821343949479554,MARKET_BEARISH
2023-01-27,2023-01-30,NIFTY50,SELL,LT,MARKET_BEARISH,2023-01-24,1,,0.8196779532522349,2033.81689453125,118.22121717924894,240440.30879120453,255742.06924876937,0.0,240.44030879120453,7.141077171098774,0.2404403087912045,1.3286731463801962,0.0,249.1504994174747,240191.15829178705,-15550.91095698232,2160.684075597296,303.3678918366907,255742.06924876937,552.5183912541654,-15550.91095698232,6,240440.30879120453,-15301.760457564844,-0.06080701154355406,MARKET_BEARISH
2023-04-28,2023-05-02,NIFTY50,SELL,GOLDBEES,MARKET_BULLISH,2023-01-30,0,,0.0,51.310001373291016,13932.817113932673,714892.865249698,687145.6576914933,0.0,714.892865249698,21.232318097916032,0.714892865249698,3.9504979733698313,0.0,740.7905741862336,714152.0746755118,27006.41698401852,49.2599983215332,815.1100449407494,687145.6576914933,1555.900619126983,27006.41698401852,92,714892.865249698,27747.20755820477,0.03930231775712326,MARKET_BULLISH
2023-04-28,2023-05-02,NIFTY100,SELL,GOLDBEES,MARKET_BULLISH,2022-12-26,0,,0.0,51.310001373291016,38287.89778765605,1964552.0880650582,1806268.3453326768,0.0,1964.5520880650583,58.34719701553223,1.9645520880650582,10.85611483864751,0.0,2035.7199520073032,1962516.368113051,156248.02278037416,47.119998931884766,2142.6424742106,1806268.3453326768,4178.362426217904,156248.02278037416,127,1964552.0880650582,158283.74273238145,0.08650321707962863,MARKET_BULLISH
2023-04-28,2023-05-02,NIFTY200,SELL,GOLDBEES,MARKET_BULLISH,2022-12-26,0,,0.0,51.310001373291016,12465.998617494852,639630.4061831047,588095.4556612216,0.0,639.6304061831047,18.99702306363821,0.6396304061831047,3.5345976245678368,0.0,662.8016572774937,638967.6045258272,50872.14886460558,47.119998931884766,697.6141199871884,588095.4556612216,1360.4157772646822,50872.14886460558,127,639630.4061831047,51534.95052188309,0.08650321707962831,MARKET_BULLISH
2023-04-28,2023-05-02,NIFTY500,SELL,GOLDBEES,MARKET_BULLISH,2022-12-26,0,,0.0,51.310001373291016,14785.1096459741,758623.9962391893,697501.7454315751,0.0,758.6239962391893,22.531132688303924,0.7586239962391893,4.192156203217761,0.0,786.1059091269502,757837.8903300624,60336.144898487255,47.119998931884766,827.3947054763157,697501.7454315751,1613.500614603266,60336.144898487255,127,758623.9962391893,61122.25080761418,0.08650321707962841,MARKET_BULLISH
2023-05-02,2023-05-03,NIFTY50,SELL,ULTRACEMCO,RANK_EXIT,2023-05-02,3,9.0,0.8620659478625953,7382.19580078125,32.04485947024367,236561.4270178581,238050.69155850392,0.0,236.5614270178581,7.025874382430386,0.2365614270178581,1.307238445700684,0.0,245.131101273007,236316.2959165851,-1734.395641918818,7419.858085495645,282.38191964467785,238050.69155850392,527.5130209176848,-1734.395641918818,1,236561.4270178581,-1489.2645406458178,-0.007285824840767449,RANK_EXIT
2023-05-08,2023-05-09,NIFTY100,SELL,BANKINDIA,RANK_EXIT,2023-05-02,3,12.0,0.5873331148390475,70.30259704589844,8663.855327873163,609091.5299794273,654172.1227043503,0.0,609.0915299794274,18.09001844038899,0.6090915299794273,3.365839794666315,0.0,631.1564797444621,608460.3734996829,-45711.7492046674,75.4163247188387,775.9959804270907,654172.1227043503,1407.1524601715528,-45711.7492046674,7,609091.5299794273,-45080.59272492293,-0.0698772503721113,RANK_EXIT
2023-05-11,2023-05-12,NIFTY50,SELL,LT,RANK_EXIT,2023-05-02,2,8.0,0.7791424270681998,2137.96728515625,104.08463696306237,222529.54871439232,238050.69155850392,0.0,222.52954871439232,6.609127596817452,0.22252954871439232,1.229698286195732,0.0,230.5909041461199,222298.9578102462,-15751.733748257713,2284.374683683997,282.38191964467785,238050.69155850392,512.9728237907977,-15751.733748257713,10,222529.54871439232,-15521.1428441116,-0.06616966178561397,RANK_EXIT
2023-05-23,2023-05-24,NIFTY500,SELL,NCC,RANK_EXIT,2023-05-02,6,42.0,0.5216178302688871,105.17496490478516,1291.7601397298101,135860.82736148316,151567.57806601247,0.0,135.86082736148316,4.03506657263605,0.13586082736148314,0.750766931999556,0.0,140.78252169348025,135720.04483978968,-15847.53322622279,117.19496523233673,179.79340185893372,151567.57806601247,320.575923552414,-15847.53322622279,22,135860.82736148316,-15706.750704529317,-0.10455754079095127,RANK_EXIT
2023-05-26,2023-05-29,NIFTY200,SELL,MAZDOCK,RANK_EXIT,2023-05-02,6,18.0,0.5810241166703379,376.9425048828125,345.81298065665925,130351.61114971273,127793.52090516544,0.0,130.35161114971274,3.871442851146468,0.13035161114971272,0.7203230032133124,0.0,135.07372861522222,130216.5374210975,2423.0165159320604,369.10681798485064,151.59199712925079,127793.52090516544,286.665725744473,2423.0165159320604,27,130351.61114971273,2558.0902445472893,0.018960401894945533,RANK_EXIT
2023-05-31,2023-06-01,NIFTY50,SELL,ONGC,RANK_EXIT,2023-05-02,1,5.0,0.7116037177901827,132.08522033691406,1734.0899600160674,229047.65445275276,238050.69155850392,0.0,229.04765445275277,6.802715337246757,0.22904765445275274,1.2657173385059117,0.0,237.34513478295818,228810.3093179698,-9240.38224053412,137.1141723447013,282.38191964467785,238050.69155850392,519.7270544276361,-9240.38224053412,30,229047.65445275276,-9003.037105751166,-0.03881686786977126,RANK_EXIT
2023-05-31,2023-06-01,NIFTY200,SELL,FINCABLES,RANK_EXIT,2023-05-02,4,19.0,0.5938973180393426,772.6593627929688,144.1854178176446,111406.21305501924,127793.52090516544,0.0,111.40621305501924,3.3087645277340716,0.11140621305501923,0.6156307333420363,0.0,115.44201452915036,111290.77104049009,-16502.749864675352,885.2623992078628,151.59199712925079,127793.52090516544,267.03401165840114,-16502.749864675352,30,111406.21305501924,-16387.3078501462,-0.12913604498714698,RANK_EXIT
2023-06-09,2023-06-12,NIFTY100,SELL,ARVIND,RANK_EXIT,2023-05-23,2,10.0,0.6351324391672096,125.8499984741211,4997.850407983407,628979.4662185973,608460.3734996829,0.0,628.9794662185973,18.68069014669234,0.6289794662185972,3.475740530323969,0.0,651.7648763618322,628327.7013422354,19867.327842552564,121.5999984741211,721.7715150150349,608460.3734996829,1373.536391376867,19867.327842552564,20,628979.4662185973,20519.092718914384,0.03265180233230573,RANK_EXIT
2023-07-04,2023-07-05,NIFTY50,SELL,BRITANNIA,RANK_EXIT,2023-06-22,3,5.0,0.6898064658426497,4965.54736328125,46.30751769177157,229942.17237447615,228810.3093179698,0.0,229.94217237447617,6.829282519521942,0.22994217237447614,1.2706604445413552,0.0,238.27205751091395,229703.90031696524,893.590998995438,4935.243778368153,271.4207379810181,228810.3093179698,509.69279549193203,893.590998995438,13,229942.17237447615,1131.8630565063504,0.0039053790961562198,RANK_EXIT
2023-07-05,2023-07-06,NIFTY500,SELL,IRCON,RANK_EXIT,2023-05-02,8,38.0,0.457605723636616,79.46866607666016,2114.5498332705524,168040.45460263494,151567.57806601247,0.0,168.04045460263495,4.990801501698257,0.16804045460263495,0.9285915521341606,0.0,174.12788811107,167866.32671452386,16298.748648511391,71.59338705676358,179.79340185893372,151567.57806601247,353.9212899700037,16298.748648511391,65,168040.45460263494,16472.87653662247,0.10753453249357044,RANK_EXIT
2023-07-11,2023-07-12,NIFTY500,SELL,SONATSOFTW,RANK_EXIT,2023-05-02,9,37.0,0.4918283610774956,475.0249328613281,370.5383253451624,176014.94311963473,151567.57806601247,0.0,176.01494311963472,5.227643810653151,0.17601494311963473,0.9726585756791015,0.0,182.39126044908662,175832.55185918565,24264.97379317318,408.56174465389887,179.79340185893372,151567.57806601247,362.18466230802034,24264.97379317318,71,176014.94311963473,24447.365053622256,0.1600934322682455,RANK_EXIT
2023-07-28,2023-07-31,NIFTY100,SELL,IDFCFIRSTB,RANK_EXIT,2023-06-22,3,11.0,0.6029184901507325,86.91551208496094,7687.868708135807,668195.0456095707,628327.7013422354,0.0,668.1950456095707,19.84539285460425,0.6681950456095707,3.6924458220384877,0.0,692.401079331823,667502.6445302388,39174.94318800338,81.63281482971142,745.3386558523945,628327.7013422354,1437.7397351842174,39174.94318800338,39,668195.0456095707,39867.344267335255,0.062347948537550955,RANK_EXIT
2023-08-01,2023-08-02,NIFTY50,SELL,BAJAJ-AUTO,RANK_EXIT,2023-05-23,3,5.0,0.7240448872294868,4609.794921875,54.55966703743709,251508.8760483683,229307.62686341564,0.0,251.5088760483683,7.469813618636539,0.2515088760483683,1.3898380490432831,0.0,260.62003659209654,251248.25601177622,21940.629148360575,4197.892484154551,272.0106689836821,229307.62686341564,532.6307055757786,21940.629148360575,71,251508.8760483683,22201.24918495267,0.09568207324141577,RANK_EXIT
2023-08-09,2023-08-10,NIFTY500,SELL,IONEXCHANG,RANK_EXIT,2023-07-24,7,40.0,0.4936664692299192,498.8999938964844,321.4336835466054,160363.2627595259,171849.43928685476,0.0,160.36326275952592,4.76278890395792,0.1603632627595259,0.8861673900091401,0.0,166.17258231625252,160197.09017720967,-11652.349109645089,534.0,203.85227296748857,171849.43928685476,370.0248552837411,-11652.349109645089,17,160363.2627595259,-11486.176527328847,-0.06780556956135736,RANK_EXIT
2023-08-14,2023-08-16,NIFTY50,SELL,ABB,RANK_EXIT,2023-05-23,1,5.0,0.7396466679847448,4222.001953125,59.88747969198856,252845.05622730948,229307.62686341564,0.0,252.8450562273095,7.509498169951092,0.25284505622730946,1.3972217807121123,0.0,262.00462123420004,252583.05160607529,23275.42474265964,3824.432375054033,272.0106689836821,229307.62686341564,534.0152902178821,23275.42474265964,85,252845.05622730948,23537.42936389384,0.10150305535420927,RANK_EXIT
2023-08-21,2023-08-22,NIFTY200,SELL,CYIENT,RANK_EXIT,2023-06-22,5,19.0,0.4834961507781306,1478.6148681640625,86.06730666537912,127260.39929826549,120753.65423079379,0.0,127.2603992982655,3.7796338591584853,0.1272603992982655,0.703240966522215,0.0,131.87053452324446,127128.52876374224,6374.874532948452,1401.349917634476,143.24112424357762,120753.65423079379,275.1116587668221,6374.874532948452,61,127260.39929826549,6506.7450674716965,0.05279239434662818,RANK_EXIT
2023-08-21,2023-08-22,NIFTY500,SELL,RVNL,RANK_EXIT,2023-05-02,1,39.0,0.45478839354271144,122.76781463623047,1365.2039219662233,167603.10203260416,151567.57806601247,0.0,167.60310203260417,4.977812130368344,0.16760310203260415,0.9261747418321706,0.0,173.6746920068373,167429.42734059732,15861.849274584849,110.89023568443794,179.79340185893372,151567.57806601247,353.46809386577104,15861.849274584849,112,167603.10203260416,16035.523966591689,0.10465199402788182,RANK_EXIT
2023-08-31,2023-09-01,NIFTY50,SELL,DRREDDY,RANK_EXIT,2023-08-22,2,5.0,0.6215955764146576,1102.15185546875,215.16479370989111,237144.27661890732,251915.65380892577,0.0,237.14427661890733,7.043185015581547,0.2371442766189073,1.3104592725960817,0.0,245.73506518370388,236898.54155372363,-15017.11225520214,1169.414477955107,298.82889835514675,251915.65380892577,544.5639635388507,-15017.11225520214,10,237144.27661890732,-14771.377190018451,-0.059611667747302415,RANK_EXIT
2023-09-12,2023-09-13,NIFTY500,SELL,OLECTRA,RANK_EXIT,2023-07-24,3,38.0,0.47633969848427105,1178.1021728515625,135.15630403413107,159227.9354571962,171849.43928685476,0.0,159.2279354571962,4.729069683078727,0.15922793545719618,0.8798935713364662,0.0,164.9961266470686,159062.93933054912,-12786.499956305634,1269.9784019733297,203.85227296748857,171849.43928685476,368.84839961455714,-12786.499956305634,51,159227.9354571962,-12621.503829658555,-0.07440524687986985,RANK_EXIT
2023-09-27,2023-09-28,NIFTY200,SELL,FACT,RANK_EXIT,2023-05-02,1,20.0,0.45370233317207714,543.1949462890625,371.2512530017743,201661.80443404592,127793.52090516544,0.0,201.66180443404593,5.989355591691163,0.2016618044340459,1.1143831313025376,0.0,208.96720496147367,201452.83722908446,73659.31632391902,343.81548311549045,151.59199712925079,127793.52090516544,360.55920209072445,73659.31632391902,149,201661.80443404592,73868.28352888048,0.5763931989837029,RANK_EXIT
2023-10-03,2023-10-04,NIFTY200,SELL,JBMA,RANK_EXIT,2023-05-02,5,31.0,0.4943276267771067,640.7417602539062,318.6690090927883,204184.54182448125,127793.52090516544,0.0,204.18454182448124,6.064280892187093,0.20418454182448123,1.1283237781220834,0.0,211.5813310366149,203972.96049344464,76179.4395882792,400.5470418081041,151.59199712925079,127793.52090516544,363.17332816586566,76179.4395882792,155,204184.54182448125,76391.02091931581,0.5961134731142697,RANK_EXIT
2023-10-12,2023-10-13,NIFTY200,SELL,ENGINERSIN,RANK_EXIT,2023-08-22,5,21.0,0.46401726730380105,133.5234832763672,879.6715863426823,117456.81434772254,127128.52876374224,0.0,117.45681434772254,3.4884673861273594,0.11745681434772254,0.6490663560855147,0.0,121.71180490428313,117335.10254281826,-9793.426220923982,144.3467398162794,150.8031661612989,127128.52876374224,272.514971065582,-9793.426220923982,52,117456.81434772254,-9671.714416019706,-0.07703562934425401,RANK_EXIT
2023-10-16,2023-10-17,NIFTY500,SELL,GVT&D,RANK_EXIT,2023-08-22,3,,0.764821065100273,394.2568664550781,464.9783461802148,183320.90573447605,163813.25875890348,0.0,183.32090573447604,5.444630900313939,0.18332090573447604,1.0130313250887146,0.0,189.9618888656132,183130.94384561043,19317.685086706944,351.8850728347768,194.31954668453903,163813.25875890348,384.2814355501522,19317.685086706944,56,183320.90573447605,19507.64697557257,0.11792503996967828,RANK_EXIT
2023-10-17,2023-10-18,NIFTY50,SELL,LT,RANK_EXIT,2023-09-22,3,5.0,0.6260590181152541,2964.963623046875,83.56058692250791,247754.10054568236,236898.54155372363,0.0,247.75410054568238,7.3582967862067665,0.24775410054568234,1.3690891596154409,0.0,256.72924059205025,247497.37130509032,10598.829751366691,2831.6881805031353,281.01520935310737,236898.54155372363,537.7444499451576,10598.829751366691,26,247754.10054568236,10855.558991958736,0.044739953576130816,RANK_EXIT
2023-10-23,2023-10-25,NIFTY500,SELL,RECLTD,DUPLICATE_EXIT,2023-08-22,4,4.0,0.6073821121442012,243.49366760253906,765.6773604916398,186437.58870634082,163813.25875890348,0.0,186.43758870634082,5.537196384578322,0.1864375887063408,1.0302541151912392,0.0,193.19147679481674,186244.397229546,22431.13847064253,213.69175537221,194.31954668453903,163813.25875890348,387.5110234793558,22431.13847064253,64,186437.58870634082,22624.329947437334,0.13693115344012632,DUPLICATE_EXIT
2023-10-27,2023-10-30,NIFTY100,SELL,APARINDS,MARKET_BEARISH,2023-05-02,1,,0.7371630555880838,5013.421875,235.42994599417767,1180309.641277279,654172.1227043503,0.0,1180.309641277279,35.05519634593519,1.1803096412772789,6.522391077698243,0.0,1223.06753834219,1179086.5737389368,524914.4510345865,2775.3314216878853,775.9959804270907,654172.1227043503,1999.0635187692806,524914.4510345865,181,1180309.641277279,526137.5185729287,0.802410302757305,MARKET_BEARISH
2023-10-27,2023-10-30,NIFTY100,SELL,PFC,MARKET_BEARISH,2023-05-02,2,,0.5609443788014375,214.46112060546875,5440.432047644602,1166761.1535157664,654172.1227043503,0.0,1166.7611535157664,34.65280625941826,1.1667611535157663,6.447522134328125,0.0,1209.0282430630286,1165552.1252727034,511380.0025683531,120.10004371009587,775.9959804270907,654172.1227043503,1985.0242234901193,511380.0025683531,181,1166761.1535157664,512589.0308114161,0.7817208725653212,MARKET_BEARISH
2023-10-27,2023-10-30,NIFTY100,SELL,LUPIN,MARKET_BEARISH,2023-08-22,3,,0.5663400257511939,1128.3544921875,617.3992747948591,696645.2451880841,667502.6445302388,0.0,696.6452451880841,20.6903637820861,0.696645245188084,3.8496616249093525,0.0,721.8819158402677,695923.3632722438,28420.718742004945,1079.8698067142268,791.808992010527,667502.6445302388,1513.6909078507947,28420.718742004945,69,696645.2451880841,29142.600657845265,0.042577687107151894,MARKET_BEARISH
2023-10-27,2023-10-30,NIFTY200,SELL,JSL,MARKET_BEARISH,2023-05-02,3,,0.433885432364174,443.8824768066406,459.1604539395098,203813.27954633103,127793.52090516544,0.0,203.81327954633105,6.053254402526032,0.20381327954633102,1.1262721827730253,0.0,211.1966194111764,203602.08292691986,75808.56202175442,277.9898133928839,151.59199712925079,127793.52090516544,362.7886165404272,75808.56202175442,181,203813.27954633103,76019.7586411656,0.5932113105954046,MARKET_BEARISH
2023-10-27,2023-10-30,NIFTY200,SELL,MAZDOCK,MARKET_BEARISH,2023-06-22,3,,0.5415503974437874,961.6363525390625,201.96983268810953,194221.53322911836,120753.65423079379,0.0,194.22153322911836,5.768379536904815,0.19422153322911834,1.073268192624108,0.0,201.2574024918764,194020.2758266265,73266.6215958327,597.1704363037325,143.24112424357762,120753.65423079379,344.498526735454,73266.6215958327,130,194221.53322911836,73467.87899832457,0.6067445499893512,MARKET_BEARISH
2023-10-27,2023-10-30,NIFTY200,SELL,SUZLON,MARKET_BEARISH,2023-10-25,1,,0.8114724275263507,31.549999237060547,5422.0229752203595,171064.82073152708,174253.63342178243,0.0,171.06482073152708,5.080625175726355,0.17106482073152707,0.9453041993624187,0.0,177.2618149273474,170887.55891659975,-3366.0745051826816,32.099998474121094,206.7041905593873,174253.63342178243,383.96600548673473,-3366.0745051826816,5,171064.82073152708,-3188.8126902553486,-0.01931709795132403,MARKET_BEARISH
2023-10-27,2023-10-30,NIFTY200,SELL,ITI,MARKET_BEARISH,2023-10-25,2,,0.6704914774679748,271.0,646.8943955691624,175308.381199243,174253.63342178243,0.0,175.30838119924303,5.206658921617517,0.175308381199243,0.9687541145070169,0.0,181.6591026165668,175126.72209662644,873.0886748440098,269.04998779296875,206.7041905593873,174253.63342178243,388.36329317595414,873.0886748440098,5,175308.381199243,1054.7477774605795,0.005010447459254356,MARKET_BEARISH
2023-10-27,2023-10-30,NIFTY200,SELL,KALYANKJIL,MARKET_BEARISH,2023-10-25,3,,0.6193031420535543,289.7507629394531,603.7877893729369,174947.9726243343,174253.63342178243,0.0,174.9479726243343,5.195954786942729,0.17494797262433429,0.9667624967220714,0.0,181.28563788062345,174766.6869864537,513.0535646712524,288.25844492810836,206.7041905593873,174253.63342178243,387.9898284400108,513.0535646712524,5,174947.9726243343,694.3392025518697,0.002944291918604657,MARKET_BEARISH
2023-11-07,2023-11-08,NIFTY500,SELL,ZENSARTECH,RANK_EXIT,2023-06-22,5,41.0,0.4254745578265177,474.3419494628906,339.66069874267816,161115.31799752955,135720.04483978968,0.0,161.11531799752956,4.785124944526627,0.16111531799752954,0.8903232472543482,0.0,166.95188150730806,160948.36611602225,25228.32127623257,399.1013699720881,160.99464591012435,135720.04483978968,327.94652741743243,25228.32127623257,139,161115.31799752955,25395.273157739866,0.18588500546115547,RANK_EXIT
2023-11-30,2023-12-01,NIFTY50,SELL,NTPC,RANK_EXIT,2023-08-22,3,5.0,0.5815553914780403,253.91229248046875,1227.3306937215555,311634.3500744842,251915.65380892577,0.0,311.6343500744842,9.25554019721218,0.3116343500744842,1.7220914185115996,0.0,322.9236160402824,311311.4264584439,59395.772649518156,205.0114335099118,298.82889835514675,251915.65380892577,621.7525143954292,59395.772649518156,101,311634.3500744842,59718.69626555842,0.23577642655969666,RANK_EXIT
2023-12-01,2023-12-04,NIFTY100,SELL,GOLDBEES,MARKET_BULLISH,2023-10-30,0,,0.0,53.720001220703125,58067.97921249218,3119411.9141788436,3040562.062283884,0.0,3119.4119141788437,92.64653385111166,3.1194119141788437,17.23787023775229,0.0,3232.4157301818864,3116179.4984486615,75617.43616477773,52.29999923706055,3606.793772894762,3040562.062283884,6839.209503076649,75617.43616477773,35,3119411.9141788436,78849.85189495981,0.0248695585276028,MARKET_BULLISH
2023-12-01,2023-12-04,NIFTY200,SELL,GOLDBEES,MARKET_BULLISH,2023-10-30,0,,0.0,53.720001220703125,17539.462834227405,942219.9648651732,918403.3267532262,0.0,942.2199648651732,27.983932956495643,0.9422199648651731,5.206707525844947,0.0,976.3528253123791,941243.6120398608,22840.28528663458,52.29999923706055,1089.4339046811724,918403.3267532262,2065.7867299935515,22840.28528663458,35,942219.9648651732,23816.638111946988,0.02486955852760291,MARKET_BULLISH
2023-12-01,2023-12-04,NIFTY500,SELL,RECLTD,DUPLICATE_EXIT,2023-11-22,2,2.0,0.5097198195485207,351.0605773925781,523.9123903573394,183924.98626197336,160948.36611602225,0.0,183.92498626197337,5.462572091980609,0.18392498626197334,1.0163694740836648,0.0,190.58785281429962,183734.39840915907,22786.032293136814,306.84031898889003,190.92113654434465,160948.36611602225,381.50898935864427,22786.032293136814,12,183924.98626197336,22976.620145951107,0.14157355456911647,DUPLICATE_EXIT
2023-12-14,2023-12-15,NIFTY500,SELL,JINDALSAW,RANK_EXIT,2023-05-02,5,47.0,0.37800425234480023,212.5602264404297,1910.7495278402941,406149.35230867704,151567.57806601247,0.0,406.14935230867707,12.062635763567709,0.40614935230867705,2.2443813208577494,0.0,420.8625187454112,405728.4897899316,254160.91172391915,79.22952875736989,179.79340185893372,151567.57806601247,600.6559206043449,254160.91172391915,227,406149.35230867704,254581.77424266457,1.6768817907298357,RANK_EXIT
2023-12-22,2023-12-26,NIFTY200,SELL,MAZDOCK,RANK_EXIT,2023-12-04,5,19.0,0.5363803679461022,1125.73291015625,187.31761466273196,210869.60347780428,188248.72240797215,0.0,210.86960347780428,6.262827223290787,0.21086960347780428,1.1652654288183464,0.0,218.50856573339124,210651.0949120709,22402.37250409875,1003.7786207000739,223.30552898711917,188248.72240797215,441.8140947205104,22402.37250409875,22,210869.60347780428,22620.881069832132,0.11900411443721984,RANK_EXIT
2024-01-10,2024-01-11,NIFTY50,SELL,NTPC,RANK_EXIT,2023-12-22,2,5.0,0.6783121010282059,295.4049072265625,1083.412600790892,320045.3988247222,311311.4264584439,0.0,320.0453988247222,9.50534834509425,0.3200453988247222,1.7685708739054151,0.0,331.6393634425466,319713.75946127967,8402.333002835745,287.002514575974,369.285708162094,311311.4264584439,700.9250716046406,8402.333002835745,20,320045.3988247222,8733.972366278293,0.026990120788121307,RANK_EXIT
2024-01-11,2024-01-12,NIFTY50,SELL,COALINDIA,RANK_EXIT,2023-10-25,2,5.0,0.6254661086136775,331.25299072265625,971.7318973502165,321889.09717786044,247497.37130509032,0.0,321.88909717786044,9.560106186182455,0.3218890971778604,1.7787591510048568,0.0,333.5498516122256,321555.5473262482,74058.17602115788,254.39504884259577,293.587816773752,247497.37130509032,627.1376683859776,74058.17602115788,79,321889.09717786044,74391.72587277013,0.2992281317196952,RANK_EXIT
2024-01-16,2024-01-17,NIFTY200,SELL,FACT,RANK_EXIT,2023-12-04,4,24.0,0.5149833673509984,804.5814819335938,255.16572459395917,205301.6168324669,188248.72240797215,0.0,205.30161683246692,6.097458019924267,0.2053016168324669,1.1344967346162123,0.0,212.73887320383986,205088.87795926307,16840.155551290925,736.8756802199302,223.30552898711917,188248.72240797215,436.04440219095903,16840.155551290925,44,205301.6168324669,17052.894424494763,0.0894569447052872,RANK_EXIT
2024-01-25,2024-01-29,NIFTY500,SELL,MCX,RANK_EXIT,2023-12-22,5,38.0,0.5553087606429814,679.5858764648438,455.2167183862693,309358.85254598275,294731.44409954536,0.0,309.35885254598276,9.187957920615688,0.3093588525459827,1.7095170191691007,0.0,320.5656863383135,309038.28685964446,14306.842760099098,646.685005421401,349.61810200842723,294731.44409954536,670.1837883467408,14306.842760099098,38,309358.85254598275,14627.408446437388,0.04854196267998799,RANK_EXIT
2024-01-30,2024-01-31,NIFTY50,SELL,NTPC,RANK_EXIT,2024-01-24,2,5.0,0.6092089013271642,299.74774169921875,1119.7263777072371,335635.4530387908,320634.65339376393,0.0,335.6354530387908,9.968372955252086,0.3356354530387908,1.8547215134923576,0.0,347.794182960574,335287.6588558302,14653.00546206627,286.01122078338744,380.345162356671,320634.65339376393,728.139345317245,14653.00546206627,7,335635.4530387908,15000.799645026855,0.045700005620014056,RANK_EXIT
2024-02-02,2024-02-05,NIFTY500,SELL,MAHSEAMLES,RANK_EXIT,2023-12-22,6,46.0,0.49511634900684576,978.0499877929688,316.5566128644771,309608.19134788535,294731.44409954536,0.0,309.60819134788534,9.195363283032195,0.30960819134788536,1.7108948653884146,0.0,320.8240576876538,309287.3672901977,14555.923190652335,929.9500122070312,349.61810200842723,294731.44409954536,670.442159696081,14555.923190652335,45,309608.19134788535,14876.74724833999,0.04938707247583696,RANK_EXIT
2024-02-06,2024-02-07,NIFTY200,SELL,KALYANKJIL,RANK_EXIT,2023-12-04,2,20.0,0.5039727648462,335.51397705078125,555.8774073329307,186504.6396869487,188248.72240797215,0.0,186.5046396869487,5.539187798702376,0.1865046396869487,1.0306246389100786,0.0,193.2609567642481,186311.37873018446,-1937.3436777876923,338.2497910485707,223.30552898711917,188248.72240797215,416.5664857513673,-1937.3436777876923,65,186504.6396869487,-1744.082721023442,-0.010291404122196835,RANK_EXIT
2024-02-21,2024-02-22,NIFTY100,SELL,ARVIND,RANK_EXIT,2023-12-04,4,10.0,0.7140132792916282,289.95001220703125,4525.602334143126,1312198.4520289686,1038726.4994828872,0.0,1312.1984520289686,38.97229402526037,1.3121984520289685,7.2512086459120795,0.0,1359.7341531521702,1310838.7178758164,272112.2183929292,229.25,1232.1643805755873,1038726.4994828872,2591.8985337277572,272112.2183929292,80,1312198.4520289686,273471.9525460814,0.26196714777989755,RANK_EXIT
2024-02-23,2024-02-26,NIFTY500,SELL,GMDCLTD,RANK_EXIT,2023-10-25,5,38.0,0.6012047879555074,386.7095947265625,540.3565081302147,208961.0462668958,184687.67053757823,0.0,208.9610462668958,6.206143074126805,0.2089610462668958,1.1547187416708662,0.0,216.53086912896038,208744.51539776684,24056.844860188605,341.3831173408464,219.08131667110928,184687.67053757823,435.61218580006965,24056.844860188605,124,208961.0462668958,24273.375729317573,0.13025690773057738,RANK_EXIT
2024-03-04,2024-03-05,NIFTY500,SELL,HSCL,RANK_EXIT,2023-10-25,3,37.0,0.5842891619310846,351.9529724121094,741.2045603802568,260869.1481912422,184687.67053757823,0.0,260.8691481912422,7.747813701279893,0.2608691481912422,1.4415629129048044,0.0,270.31939395361815,260598.82879728856,75911.15825971033,248.87675964415283,219.08131667110928,184687.67053757823,489.4007106247274,75911.15825971033,132,260869.1481912422,76181.47765366395,0.4110245044444629,RANK_EXIT
2024-03-05,2024-03-06,NIFTY50,SELL,BSOFT,RANK_EXIT,2023-07-24,2,7.0,0.6947529124543681,749.5472412109375,614.8907452977771,460889.6617840861,229703.90031696524,0.0,460.8896617840861,13.688422954987358,0.4608896617840861,2.5468762710188595,0.0,477.5858506718764,460412.0759334142,230708.17561644898,373.12550454308695,272.4807388573924,229703.90031696524,750.0665895292689,230708.17561644898,226,460889.6617840861,231185.76146712084,1.0043720428695289,RANK_EXIT
2024-03-11,2024-03-12,NIFTY200,SELL,ITI,RANK_EXIT,2023-12-04,3,19.0,0.6547564918624017,261.45001220703125,686.2241491933761,179413.31218336782,188248.72240797215,0.0,179.41331218336782,5.328575371846024,0.1794133121833678,0.9914379631252904,0.0,185.9127388305225,179227.3994445373,-9021.322963434854,274.0,223.30552898711917,188248.72240797215,409.2182678176417,-9021.322963434854,99,179413.31218336782,-8835.410224604333,-0.047922359567911785,RANK_EXIT
2024-03-15,2024-03-18,NIFTY100,SELL,PFC,RANK_EXIT,2023-12-04,2,10.0,0.684841653807267,344.01318359375,2983.6280680584587,1026407.3903524602,1038726.4994828872,0.0,1026.4073903524602,30.484299493468068,1.0264073903524602,5.671927239087695,0.0,1063.5900244753684,1025343.8003279848,-13382.699154902366,347.7291108128776,1232.1643805755873,1038726.4994828872,2295.754405050956,-13382.699154902366,105,1026407.3903524602,-12319.109130427008,-0.012883756370483203,RANK_EXIT
2024-03-19,2024-03-20,NIFTY50,SELL,BPCL,RANK_EXIT,2024-02-22,2,7.0,0.7359643526669575,252.6844024658203,1193.9547789638627,301693.74989369424,335287.6588558302,0.0,301.69374989369425,8.960304371842719,0.30169374989369424,1.6671596619125544,0.0,312.62290767734316,301381.1269860169,-33906.531869813276,280.4879529926923,397.726938413916,335287.6588558302,710.3498460912592,-33906.531869813276,27,301693.74989369424,-33593.90896213596,-0.1011266921828241,RANK_EXIT
2024-03-20,2024-03-21,NIFTY500,SELL,HUBTOWN,RANK_EXIT,2024-02-22,3,,0.7348032098331481,121.94999694824219,2072.4569804779285,252736.1224446466,309162.8270749211,0.0,252.7361224446466,7.5062628366060045,0.2527361224446466,1.3966198126291172,0.0,261.8917412163264,252474.23070343028,-56688.59637149083,149.0,366.73698370977536,309162.8270749211,628.6287249261018,-56688.59637149083,28,252736.1224446466,-56426.7046302745,-0.18336161856144875,RANK_EXIT
2024-03-27,2024-03-28,NIFTY50,SELL,COALINDIA,RANK_EXIT,2024-01-24,3,5.0,0.7514516790732741,381.667236328125,970.1059835665684,370257.6696932296,320634.65339376393,0.0,370.2576696932296,10.99665278988892,0.3702576696932296,2.0460438827247867,0.0,383.67062403553655,369873.9990691941,49239.345675430144,330.12301094567107,380.345162356671,320634.65339376393,764.0157863922075,49239.345675430144,64,370257.6696932296,49623.01629946567,0.15356838430985328,RANK_EXIT
2024-03-28,2024-04-01,NIFTY50,SELL,BPCL,RANK_EXIT,2024-03-22,3,5.0,0.7200340542071758,267.86822509765625,1448.4808492737077,388001.99418289383,380896.6014597156,0.0,388.00199418289384,11.523659227231947,0.38800199418289383,2.1440990198546714,0.0,402.05775442416336,387599.93642846966,6703.33496875409,262.6508815760414,451.82945196315256,380896.6014597156,853.8872063873159,6703.33496875409,10,388001.99418289383,7105.392723178258,0.01759883113439396,RANK_EXIT
2024-04-09,2024-04-10,NIFTY200,SELL,SUZLON,RANK_EXIT,2023-12-04,1,22.0,0.634853808231722,42.150001525878906,4585.985777536221,193299.30752081066,188248.72240797215,0.0,193.29930752081066,5.740989433368076,0.19329930752081065,1.0681719733599995,0.0,200.30176823505954,193099.0057525756,4850.283344603464,41.0,223.30552898711917,188248.72240797215,423.6072972221787,4850.283344603464,128,193299.30752081066,5050.585112838511,0.02576529222913897,RANK_EXIT
2024-04-18,2024-04-19,NIFTY200,SELL,KALYANKJIL,RANK_EXIT,2024-03-22,2,19.0,0.6594009853351822,406.4468994140625,468.90181404185154,190583.68844693986,179227.3994445373,0.0,190.58368844693987,5.660335546874114,0.19058368844693985,1.0531654623577895,0.0,197.4877731446187,190386.20067379525,11158.801229257951,381.77458453471866,212.6042011334957,179227.3994445373,410.09197427811444,11158.801229257951,28,190583.68844693986,11356.28900240257,0.0622605765850611,RANK_EXIT
2024-04-22,2024-04-23,NIFTY500,SELL,IFCI,RANK_EXIT,2024-02-22,1,40.0,0.5596972524698234,46.099998474121094,6433.251876900235,296572.90170873754,309162.8270749211,0.0,296.57290170873756,8.808215180749505,0.2965729017087375,1.6388618548424836,0.0,307.3165516460383,296265.5851570915,-12897.241917829611,48.0,366.73698370977536,309162.8270749211,674.0535353558137,-12897.241917829611,61,296572.90170873754,-12589.925366183568,-0.04171666445107307,RANK_EXIT
2024-04-23,2024-04-24,NIFTY50,SELL,BPCL,RANK_EXIT,2024-04-23,3,6.0,0.6781224640418768,264.59063720703125,1394.5717875004239,368990.6378856857,378736.96774883184,0.0,368.9906378856857,10.959021945204865,0.3689906378856857,2.039042264956299,0.0,382.3576927337326,368608.28019295196,-10128.687555879878,271.2572443391782,449.26763830482577,378736.96774883184,831.6253310385584,-10128.687555879878,1,368990.6378856857,-9746.329863146122,-0.02674332958856277,RANK_EXIT
2024-04-23,2024-04-24,NIFTY100,SELL,RECLTD,RANK_EXIT,2023-12-04,1,10.0,0.7271945039425225,400.13232421875,2988.2787745559312,1195706.9314766228,1038726.4994828872,0.0,1195.706931476623,35.5124958648557,1.1957069314766227,6.607476503339818,0.0,1239.022610776295,1194467.9088658465,155741.40938295925,347.18793438422995,1232.1643805755873,1038726.4994828872,2471.186991351882,155741.40938295925,142,1195706.9314766228,156980.4319937356,0.14993495348437968,RANK_EXIT
2024-04-23,2024-04-24,NIFTY200,SELL,CHENNPETRO,RANK_EXIT,2024-02-22,3,21.0,0.6523544004853016,1011.0088500976562,210.28621714725173,212601.22658942902,186311.37873018446,0.0,212.60122658942902,6.314256429706042,0.212601226589429,1.1748343781331847,0.0,220.3029186238577,212380.92367080515,26069.54494062069,884.938508348981,221.00740154559176,186311.37873018446,441.3103201694495,26069.54494062069,62,212601.22658942902,26289.84785924456,0.13992459890694342,RANK_EXIT
2024-04-25,2024-04-26,NIFTY100,SELL,OFSS,RANK_EXIT,2024-03-22,1,20.0,0.7255575113547834,6735.9287109375,137.34366221110463,925137.1175530815,1025343.8003279848,0.0,925.1371175530815,27.47657239132652,0.9251371175530815,5.112307711598328,0.0,958.6511347735593,924178.466418308,-101165.33390967688,7456.67833786868,1216.2894748878643,1025343.8003279848,2174.940609661424,-101165.33390967688,35,925137.1175530815,-100206.68277490337,-0.09866479309409812,RANK_EXIT
2024-05-03,2024-05-06,NIFTY100,SELL,IOC,RANK_EXIT,2024-02-22,2,11.0,0.6742371831760468,149.6680450439453,8012.900229855007,1199275.112534579,1310838.7178758164,0.0,1199.275112534579,35.61847084227699,1.1992751125345789,6.627194271866083,0.0,1242.7200527612567,1198032.3924818176,-112806.32539399876,163.39698852466017,1554.9509689509582,1310838.7178758164,2797.671021712215,-112806.32539399876,74,1199275.112534579,-111563.6053412375,-0.08605660166705999,RANK_EXIT
2024-05-07,2024-05-08,NIFTY100,SELL,PFC,RANK_EXIT,2024-05-06,3,10.0,0.7056842014111596,407.7928466796875,2615.3290876949386,1066512.493675309,1105559.5892553239,0.0,1066.512493675309,31.675421062156676,1.066512493675309,5.893548040049757,0.0,1105.147975271191,1065407.345700038,-40152.24355528597,422.2214905655511,1311.443529323986,1105559.5892553239,2416.591504595177,-40152.24355528597,2,1066512.493675309,-39047.095580014866,-0.036318479750450605,RANK_EXIT
2024-05-08,2024-05-09,NIFTY50,SELL,BAJAJ-AUTO,RANK_EXIT,2024-03-22,1,5.0,0.6452034727199504,8439.8427734375,45.837844600624955,386864.20150253567,380896.6014597156,0.0,386.86420150253565,11.48986678462531,0.38686420150253564,2.137811577503012,0.0,400.87874406616646,386463.3227584695,5566.721298753924,8299.796277998757,451.82945196315256,380896.6014597156,852.708196029319,5566.721298753924,48,386864.20150253567,5967.600042820093,0.014614783322876858,RANK_EXIT
2024-05-10,2024-05-13,NIFTY500,SELL,BSE,RANK_EXIT,2023-09-22,2,39.0,0.5521044974512473,858.4290771484375,409.15880171625946,351233.81256444915,159062.93933054912,0.0,351.2338125644492,10.431644233164139,0.35123381256444913,1.9409180482311457,0.0,363.9576086584089,350869.85495579074,191806.9156252416,388.2948480391088,188.68459427031996,159062.93933054912,552.6422029287289,191806.9156252416,234,351233.81256444915,192170.87323390003,1.2058554710009926,RANK_EXIT
2024-05-14,2024-05-15,NIFTY200,SELL,MRPL,RANK_EXIT,2024-01-24,6,22.0,0.6090886495283986,204.06224060058594,1259.96457734208,257111.1947297951,207869.98643566697,0.0,257.1111947297951,7.636202483474914,0.2571111947297951,1.4207964620768476,0.0,266.4253048700767,256844.76942492503,48974.78298925806,164.7851133173307,246.58078252963548,207869.98643566697,513.0060873997122,48974.78298925806,112,257111.1947297951,49241.208294128126,0.23560295465942657,RANK_EXIT
2024-05-16,2024-05-17,NIFTY200,SELL,TORNTPOWER,RANK_EXIT,2024-04-23,3,20.0,0.6193099098866627,1336.8328857421875,132.46538039212217,177084.07673053726,191742.60321318544,0.0,177.08407673053725,5.259397078896956,0.17708407673053725,0.9785666080129488,0.0,183.4991244941777,176900.57760604308,-14842.025607142365,1445.775134491939,227.45006123916414,191742.60321318544,410.94918573334184,-14842.025607142365,24,177084.07673053726,-14658.526482648187,-0.07740598781085982,RANK_EXIT
2024-05-23,2024-05-24,NIFTY500,SELL,TATAINVEST,RANK_EXIT,2024-03-22,3,37.0,0.43912880304246693,651.9032592773438,402.51391131944774,262400.13069361966,240605.85829949522,0.0,262.40013069361964,7.793283881600504,0.26240013069361967,1.4500231222129423,0.0,271.9058378281267,262128.22485579154,21522.36655629633,597.0487941319925,285.412924867177,240605.85829949522,557.3187626953038,21522.36655629633,63,262400.13069361966,21794.272394124448,0.08945071707068024,RANK_EXIT
2024-05-23,2024-05-24,NIFTY500,SELL,WOCKPHARMA,RANK_EXIT,2024-03-22,6,39.0,0.4422772279092043,560.6500244140625,440.9549456415193,247221.4010394194,240605.85829949522,0.0,247.22140103941942,7.342475610870756,0.2472214010394194,1.3661454621438316,0.0,256.1772435134734,246965.22379590594,6359.365496410726,545.0,285.412924867177,240605.85829949522,541.5901683806504,6359.365496410726,63,247221.4010394194,6615.542739924189,0.02643063448810493,RANK_EXIT
2024-05-30,2024-05-31,NIFTY200,SELL,EIHOTEL,RANK_EXIT,2024-04-23,1,28.0,0.5355542904619189,428.7192687988281,400.12870726127505,171542.88680247418,191742.60321318544,0.0,171.5428868024742,5.094823738033483,0.17154288680247418,0.9479459924704722,0.0,177.75719941978062,171365.1296030544,-20377.47361013104,478.63387374225863,227.45006123916414,191742.60321318544,405.20726065894473,-20377.47361013104,38,171542.88680247418,-20199.716410711262,-0.10627514839503209,RANK_EXIT
2024-05-31,2024-06-03,NIFTY100,SELL,RECLTD,RANK_EXIT,2024-05-06,2,10.0,0.6460515799153351,549.9772338867188,2285.7239259595026,1257096.1222278983,1105559.5892553239,0.0,1257.0961222278984,37.33575483016858,1.2570961222278982,6.946713171431367,0.0,1302.6356863517262,1255793.4865415466,150233.89728622278,483.1065262015219,1311.443529323986,1105559.5892553239,2614.0792156757125,150233.89728622278,28,1257096.1222278983,151536.53297257447,0.13588946154174866,RANK_EXIT
2024-06-03,2024-06-04,NIFTY50,SELL,ABREL,RANK_EXIT,2024-05-22,2,5.0,0.6499792178641407,1890.71728515625,173.3729613292915,327799.2547640176,377535.8014757107,0.0,327.7992547640176,9.735637866491322,0.32779925476401756,1.8114186818259608,0.0,339.6741105670989,327459.5806534505,-50076.22082226019,2175.010196519958,447.8427836413264,377535.8014757107,787.5168942084254,-50076.22082226019,13,327799.2547640176,-49736.54671169311,-0.13263966126264695,RANK_EXIT
2024-06-04,2024-06-05,NIFTY500,SELL,HINDCOPPER,RANK_EXIT,2024-04-23,2,50.0,0.5043676266903382,317.8764953613281,783.0567997433003,248915.35117125764,296265.5851570915,0.0,248.91535117125764,7.392785929786352,0.24891535117125763,1.3755062305723698,0.0,257.93255868278766,248657.41861257487,-47608.16654451663,377.8961466321201,351.437940018556,296265.5851570915,609.3704987013436,-47608.16654451663,43,248915.35117125764,-47350.23398583385,-0.1606942180586818,RANK_EXIT
2024-06-14,2024-06-18,NIFTY50,SELL,INDUSTOWER,RANK_EXIT,2024-04-23,1,5.0,0.7430543013879286,344.54998779296875,1051.2371646360555,362203.752242868,378736.96774883184,0.0,362.203752242868,10.75745144161318,0.362203752242868,2.0015379348940883,0.0,375.3249453716181,361828.4272974964,-16908.54045133543,359.8500061035156,449.26763830482577,378736.96774883184,824.5925836764438,-16908.54045133543,56,362203.752242868,-16533.21550596383,-0.044644547248286356,RANK_EXIT
2024-06-14,2024-06-18,NIFTY200,SELL,BHEL,RANK_EXIT,2024-01-24,4,23.0,0.510933239667242,304.7032470703125,1018.2614655767813,310267.57492782053,207869.98643566697,0.0,310.26757492782053,9.21494697535627,0.31026757492782053,1.7145386190511362,0.0,321.5073280971558,309946.06759972335,102076.08116405638,203.89989474415756,246.58078252963548,207869.98643566697,568.0881106267913,102076.08116405638,146,310267.57492782053,102397.58849215356,0.49105733306836763,RANK_EXIT
2024-06-24,2024-06-25,NIFTY200,SELL,ARVIND,RANK_EXIT,2024-05-22,8,19.0,0.6111356275900499,357.6000061035156,589.7736522003049,210903.06162652175,215375.42356725773,0.0,210.90306162652175,6.263820930307696,0.21090306162652175,1.165450318548159,0.0,218.5432359370041,210684.51839058474,-4690.905176672997,364.75,255.48392719649388,215375.42356725773,474.027163133498,-4690.905176672997,34,210903.06162652175,-4472.36194073598,-0.02178013210132174,RANK_EXIT
2024-06-28,2024-07-01,NIFTY50,SELL,BAJAJ-AUTO,RANK_EXIT,2024-06-24,3,5.0,0.6520638987821491,9167.7626953125,37.36187250418724,342524.7809709096,344644.00397547346,0.0,342.5247809709096,10.172985994836015,0.34252478097090955,1.8927919396452464,0.0,354.9330836863618,342169.84788722324,-2474.1560882502235,9213.541913849054,408.82567825981,344644.00397547346,763.7587619461717,-2474.1560882502235,7,342524.7809709096,-2119.223004563886,-0.007178874606001549,RANK_EXIT
2024-07-12,2024-07-15,NIFTY50,SELL,ABREL,RANK_EXIT,2024-06-24,1,6.0,0.7780468842753229,2099.566650390625,155.44711323988173,326371.5748579507,344644.00397547346,0.0,326.3715748579507,9.693235773281135,0.32637157485795065,1.8035293226650355,0.0,338.1947115287548,326033.3801464219,-18610.62382905156,2214.484213457212,408.82567825981,344644.00397547346,747.0203897885648,-18610.62382905156,21,326371.5748579507,-18272.429117522785,-0.053999557846292845,RANK_EXIT
2024-07-29,2024-07-30,NIFTY50,SELL,HEROMOTOCO,RANK_EXIT,2024-07-23,2,5.0,0.5954332566982068,5094.50146484375,65.0169865802049,331229.1333725803,334101.61401682254,0.0,331.2291333725803,9.837505261165635,0.33122913337258025,1.8303721910168789,0.0,343.22823995813536,330885.90513262217,-3215.7088842003723,5132.586290876082,396.32002118871935,334101.61401682254,739.5482611468547,-3215.7088842003723,7,331229.1333725803,-2872.480644242256,-0.009624942679978961,RANK_EXIT
2024-08-02,2024-08-05,NIFTY200,SELL,CUMMINSIND,RANK_EXIT,2024-05-22,3,20.0,0.616167410489402,3427.361083984375,58.266323482701054,199699.72961145453,215375.42356725773,0.0,199.69972961145453,5.9310819694602,0.19969972961145452,1.1035407058328979,0.0,206.9340520163591,199492.79555943818,-15882.628007819556,3692.0115562796605,255.48392719649388,215375.42356725773,462.41797921285297,-15882.628007819556,75,199699.72961145453,-15675.693955803203,-0.07374392001072354,RANK_EXIT
2024-08-06,2024-08-07,NIFTY200,SELL,EXIDEIND,RANK_EXIT,2024-06-24,5,20.0,0.5500293902230826,491.13299560546875,429.9409259140309,211158.1748775469,240655.59860138886,0.0,211.1581748775469,6.271397793863143,0.2111581748775469,1.1668600743733242,0.0,218.8075909206609,210939.36728662625,-29716.231314762612,559.0771014931146,285.4719281065311,240655.59860138886,504.279519027192,-29716.231314762612,44,211158.1748775469,-29497.42372384196,-0.12348032411239783,RANK_EXIT
2024-08-09,2024-08-12,NIFTY500,SELL,IFCI,RANK_EXIT,2024-06-24,4,55.0,0.47323282470013794,74.20999908447266,4145.998479665165,307674.54338017694,252583.62242142414,0.0,307.67454338017694,9.137933938391255,0.3076745433801769,1.7002095267188577,0.0,318.82036138866727,307355.72301878827,54772.10059736413,60.849998474121094,299.62126009047626,252583.62242142414,618.4416214791436,54772.10059736413,49,307674.54338017694,55090.9209587528,0.21684739522018337,RANK_EXIT
2024-08-13,2024-08-14,NIFTY50,SELL,ABB,RANK_EXIT,2024-05-22,1,6.0,0.6111377491102723,7653.43994140625,44.67421545169852,341911.4248890177,377535.8014757107,0.0,341.9114248890177,10.154769319203826,0.3419114248890177,1.8894025339367118,0.0,354.2975081670473,341557.12738085067,-35978.674094860035,8440.841207380005,447.8427836413264,377535.8014757107,802.1402918083736,-35978.674094860035,84,341911.4248890177,-35624.37658669299,-0.09529870797478468,RANK_EXIT
2024-08-16,2024-08-19,NIFTY100,SELL,HINDZINC,RANK_EXIT,2024-05-22,1,35.0,0.5208316937852974,460.2795715332031,1492.231545511826,686843.6963965128,1065407.345700038,0.0,686.8436963965128,20.39925778297643,0.6868436963965128,3.7954982662871295,0.0,711.7252961421729,686131.9711003706,-379275.37459966727,713.122259750234,1263.8138940603735,1065407.345700038,1975.5391902025463,-379275.37459966727,89,686843.6963965128,-378563.6493035251,-0.35599095137687464,RANK_EXIT
2024-08-16,2024-08-19,NIFTY500,SELL,BDL,RANK_EXIT,2024-06-24,5,43.0,0.48803178749650644,1319.823486328125,167.54095155359943,221124.4827822031,252583.62242142414,0.0,221.1244827822031,6.567397138631432,0.2211244827822031,1.2219338918544544,0.0,229.13493829547122,220895.34784390763,-31688.27457751651,1505.804991686605,299.62126009047626,252583.62242142414,528.7561983859475,-31688.27457751651,56,221124.4827822031,-31459.139639221044,-0.12545656869488586,RANK_EXIT
2024-08-26,2024-08-27,NIFTY50,SELL,SHRIRAMFIN,RANK_EXIT,2024-08-22,2,5.0,0.5661557926474835,628.197509765625,545.4671820808729,342661.1254420771,336221.5162567364,0.0,342.66112544207715,10.17703542562969,0.3426611254420771,1.893545379192918,0.0,355.07436737234184,342306.0510747048,6084.534817968379,615.6606530777556,398.8347043431634,336221.5162567364,753.9090717155052,6084.534817968379,5,342661.1254420771,6439.609185340698,0.018096803814668036,RANK_EXIT
2024-08-26,2024-08-27,NIFTY200,SELL,BEL,RANK_EXIT,2024-05-22,6,22.0,0.5739520677083709,297.284423828125,788.1804749127241,234313.7783570071,215375.42356725773,0.0,234.3137783570071,6.959119217203111,0.2343137783570071,1.2948179392008212,0.0,242.80202929176804,234070.97632771533,18695.55276045759,272.9323378175305,255.48392719649388,215375.42356725773,498.28595648826195,18695.55276045759,97,234313.7783570071,18938.35478974937,0.08680448516735856,RANK_EXIT
2024-09-04,2024-09-05,NIFTY200,SELL,HERITGFOOD,RANK_EXIT,2024-06-24,2,22.0,0.5417624395151881,575.25,425.6221809177199,244839.15957291838,240655.59860138886,0.0,244.8391595729184,7.271723039315676,0.24483915957291835,1.352981195799947,0.0,253.7087029676069,244585.45086995076,3929.8522685618955,564.75,285.4719281065311,240655.59860138886,539.180631074138,3929.8522685618955,73,244839.15957291838,4183.560971529514,0.0163297770398898,RANK_EXIT
2024-09-05,2024-09-06,NIFTY50,SELL,BAJAJ-AUTO,RANK_EXIT,2024-08-22,3,5.0,0.5798729985376727,10415.8212890625,35.27067527770315,367373.0504371109,336221.5162567364,0.0,367.3730504371109,10.910979597982193,0.3673730504371109,2.0301034767154746,0.0,380.68150656224566,366992.36893054866,30770.852673812245,9521.300029225362,398.8347043431634,336221.5162567364,779.516210905409,30770.852673812245,15,367373.0504371109,31151.534180374467,0.09151958213856794,RANK_EXIT
2024-09-17,2024-09-18,NIFTY200,SELL,MAZDOCK,RANK_EXIT,2024-07-23,1,26.0,0.47644963273646473,2055.778076171875,80.23838344581601,164952.30955538087,210684.51839058474,0.0,164.95230955538088,4.899083593794812,0.16495230955538087,0.9115264626030346,0.0,170.92787192133412,164781.38168345953,-45903.1367071252,2622.6176288705547,249.9194535123898,210684.51839058474,420.8473254337239,-45903.1367071252,57,164952.30955538087,-45732.20883520387,-0.2178761736162602,RANK_EXIT
2024-09-23,2024-09-24,NIFTY500,SELL,NETWEB,RANK_EXIT,2024-06-24,3,46.0,0.5385243422553547,2628.065673828125,98.93274180543766,260001.74275657142,252583.62242142414,0.0,260.00174275657145,7.722051759870171,0.2600017427565714,1.4367696304728137,0.0,269.420565889671,259732.32219068173,7148.699769257597,2550.055689930018,299.62126009047626,252583.62242142414,569.0418259801472,7148.699769257597,92,260001.74275657142,7418.12033514728,0.02830230915498678,RANK_EXIT
2024-09-25,2024-09-26,NIFTY50,SELL,INDUSTOWER,RANK_EXIT,2024-07-23,1,6.0,0.6696031236578607,393.75,787.0407877255515,309897.3101669359,334101.61401682254,0.0,309.8973101669359,9.203950111957996,0.3098973101669359,1.7124925359824874,0.0,321.12365012504335,309576.18651681085,-24525.42750001169,424.0,396.32002118871935,334101.61401682254,717.4436713137627,-24525.42750001169,65,309897.3101669359,-24204.303849886637,-0.07340709075047089,RANK_EXIT
2024-10-04,2024-10-07,NIFTY500,SELL,COCHINSHIP,RANK_EXIT,2024-05-22,2,43.0,0.5285959991755934,1550.70703125,215.1573572434545,333646.026702593,350869.85495579074,0.0,333.646026702593,9.909286993067013,0.333646026702593,1.8437279435585292,0.0,345.73268766592116,333300.2940149271,-17569.560940863623,1628.824821522051,416.21094456478784,350869.85495579074,761.943632230709,-17569.560940863623,138,333646.026702593,-17223.828253197717,-0.05007429590403932,RANK_EXIT
2024-10-09,2024-10-10,NIFTY200,SELL,EDELWEISS,RANK_EXIT,2024-09-24,4,20.0,0.4952524710872412,120.9800033569336,1511.8197131591876,182899.9539730769,214479.26962704188,0.0,182.8999539730769,5.432128633000383,0.18289995397307687,1.0107051456552227,0.0,189.5256877057056,182710.4282853712,-31768.84134167069,141.6999969482422,254.4208860926074,214479.26962704188,443.946573798313,-31768.84134167069,16,182899.9539730769,-31579.315653964994,-0.14812080159035204,RANK_EXIT
2024-10-16,2024-10-17,NIFTY50,SELL,BAJAJ-AUTO,RANK_EXIT,2024-09-24,2,5.0,0.5266868880085689,9732.35546875,30.114554741581685,293085.55152820377,354649.21000262676,0.0,293.0855515282038,8.704640880387652,0.29308555152820376,1.619590757744854,0.0,303.7028687178645,292781.8486594859,-61867.36134314083,11762.701422237176,420.6941137845759,354649.21000262676,724.3969825024403,-61867.36134314083,23,293085.55152820377,-61563.65847442299,-0.1744466351488069,RANK_EXIT
2024-10-18,2024-10-21,NIFTY200,SELL,GODFRYPHLP,MARKET_BEARISH,2024-08-22,1,,0.793947381668328,2185.0673828125,111.91225666087583,244535.8217666207,205216.0814230322,0.0,244.5358217666207,7.262713906468635,0.2445358217666207,1.351304951082346,0.0,253.3943764459383,244282.42739017477,39066.34596714255,1831.5478115391081,243.43265140211778,205216.0814230322,496.8270278480561,39066.34596714255,60,244535.8217666207,39319.74034358849,0.19036688399975452,MARKET_BEARISH
2024-10-18,2024-10-21,NIFTY200,SELL,DEEPAKFERT,MARKET_BEARISH,2024-08-22,3,,0.5460102847085885,983.5564575195312,196.34903728274227,193120.36354718436,205216.0814230322,0.0,193.12036354718435,5.7356747973513755,0.19312036354718434,1.0671831289617408,0.0,200.11634183704467,192920.24720534732,-12295.834217684896,1043.9198053029913,243.43265140211778,205216.0814230322,443.5489932391624,-12295.834217684896,60,193120.36354718436,-12095.717875847855,-0.05991652375594424,MARKET_BEARISH
2024-10-18,2024-10-21,NIFTY200,SELL,KALYANKJIL,MARKET_BEARISH,2024-09-24,2,,0.5710310931668934,701.9957885742188,278.3053305583926,195369.16998974743,214479.26962704188,0.0,195.36916998974743,5.802464348695499,0.19536916998974743,1.0796100333633443,0.0,202.44661354179604,195166.72337620563,-19312.546250836254,769.74755859375,254.4208860926074,214479.26962704188,456.86749963440343,-19312.546250836254,27,195369.16998974743,-19110.09963729445,-0.0900438829562356,MARKET_BEARISH
2024-10-18,2024-10-21,NIFTY200,SELL,SUZLON,MARKET_BEARISH,2024-09-24,3,,0.5256504279708736,70.62999725341797,2581.0222739873407,182297.59612273646,214479.26962704188,0.0,182.29759612273645,5.414238604845273,0.18229759612273647,1.0073765161742416,0.0,188.90150883987872,182108.69461389657,-32370.57501314531,83.0,254.4208860926074,214479.26962704188,443.3223949324861,-32370.57501314531,27,182297.59612273646,-32181.67350430542,-0.1509263579153105,MARKET_BEARISH
2024-10-18,2024-10-21,NIFTY500,SELL,GVT&D,MARKET_BEARISH,2024-03-22,1,,0.7282009000275956,1762.67041015625,272.4934840936085,480316.2013721865,240605.85829949522,0.0,480.31620137218647,14.265391180753939,0.48031620137218645,2.6542273287827025,0.0,497.71613608309536,479818.48523610336,239212.62693660814,881.9309796489365,285.412924867177,240605.85829949522,783.1290609502723,239212.62693660814,213,480316.2013721865,239710.34307269126,0.9942094869479328,MARKET_BEARISH
2024-10-18,2024-10-21,NIFTY500,SELL,WOCKPHARMA,MARKET_BEARISH,2024-08-22,1,,0.6113185290180528,1066.6500244140625,270.50727798406086,288536.5946658801,264125.53543134796,0.0,288.5365946658801,8.569536861576639,0.28853659466588005,1.5944532221236534,0.0,298.98912134424626,288237.60554453585,24112.07011318789,975.25,313.31257739258615,264125.53543134796,612.3016987368323,24112.07011318789,60,288536.5946658801,24411.05923453212,0.0912901892420589,MARKET_BEARISH
2024-10-18,2024-10-21,NIFTY500,SELL,HUBTOWN,MARKET_BEARISH,2024-08-22,2,,0.7659444956364663,272.8999938964844,977.0823068665013,266645.7555802311,264125.53543134796,0.0,266.6457555802311,7.919378940732863,0.26664575558023107,1.473484445336357,0.0,276.3052647218805,266369.4503155092,2243.9148841612623,270.0,313.31257739258615,264125.53543134796,589.6178421144666,2243.9148841612623,60,266645.7555802311,2520.2201488831197,0.008495637805321194,MARKET_BEARISH
2024-10-18,2024-10-21,NIFTY500,SELL,NAVA,MARKET_BEARISH,2024-09-24,1,,0.6155177317045121,473.22271728515625,415.5654513457267,196655.01209565718,259732.32219068173,0.0,196.65501209565718,5.840653859241018,0.19665501209565717,1.0867155968406015,0.0,203.77903656383447,196451.23305909336,-63281.08913158838,624.2680187127314,308.10123362296366,259732.32219068173,511.88027018679816,-63281.08913158838,27,196655.01209565718,-63077.31009502456,-0.2436396386782033,MARKET_BEARISH
2024-10-21,2024-10-22,NIFTY100,SELL,TRENT,DUPLICATE_EXIT,2024-05-06,1,1.0,0.7980091928979172,7481.9677734375,243.03499841053028,1818380.0259250216,1105559.5892553239,0.0,1818.3800259250218,54.005886769973145,1.8183800259250216,10.04836802326167,0.0,1884.2526607441816,1816495.7732642775,710936.1840089536,4543.576657468585,1311.443529323986,1105559.5892553239,3195.6961900681677,710936.1840089536,169,1818380.0259250216,712820.4366696978,0.6430555086477263,DUPLICATE_EXIT
2024-10-25,2024-10-28,NIFTY50,SELL,ABREL,MARKET_BEARISH,2024-09-24,1,,0.5868152766824256,2743.8388671875,124.40219340715062,341339.57343391643,354649.21000262676,0.0,341.3395734339164,10.137785330987318,0.3413395734339164,1.8862424827958222,0.0,353.70494082113345,340985.8684930953,-13663.341509531485,2847.4459025774795,420.6941137845759,354649.21000262676,774.3990546057094,-13663.341509531485,34,341339.57343391643,-13309.636568710324,-0.03852635540744694,MARKET_BEARISH
2024-10-25,2024-10-28,NIFTY50,SELL,TRENT,MARKET_BEARISH,2024-10-22,1,,0.8743068645732753,7292.85693359375,39.48162186144839,287933.8197417905,301179.01758814836,0.0,287.9338197417905,8.551634446331176,0.28793381974179044,1.591122287893134,0.0,298.3645102957566,287635.45523149474,-13543.562356653623,7619.285556771075,357.26638131751895,301179.01758814836,655.6308916132755,-13543.562356653623,6,287933.8197417905,-13245.197846357885,-0.044968479096289385,MARKET_BEARISH
2024-10-25,2024-10-28,NIFTY50,SELL,BHARTIARTL,MARKET_BEARISH,2024-10-22,3,,0.5817044535962594,1649.559814453125,179.2769484028162,295728.04974307196,301179.01758814836,0.0,295.72804974307195,8.783123077369238,0.29572804974307193,1.6341932028802157,0.0,306.44109407306445,295421.6086489989,-5757.408939149464,1677.9722874963065,357.26638131751895,301179.01758814836,663.7074753905833,-5757.408939149464,6,295728.04974307196,-5450.967845076404,-0.019116235205410347,MARKET_BEARISH
2024-10-25,2024-10-28,NIFTY100,SELL,OFSS,MARKET_BEARISH,2024-06-24,1,,0.5788584682032394,10194.29296875,139.9831747009641,1427029.4935973412,1255793.4865415466,0.0,1427.0294935973413,42.382775959841034,1.427029493597341,7.885764981618907,0.0,1478.7250640323984,1425550.7685333088,169757.2819917621,8960.38994926825,1489.6548843662326,1255793.4865415466,2968.3799483986313,169757.2819917621,126,1427029.4935973412,171236.0070557946,0.13517929803830517,MARKET_BEARISH
2024-10-25,2024-10-28,NIFTY100,SELL,BASF,MARKET_BEARISH,2024-08-22,3,,0.7375728932003606,7310.35009765625,104.78869472734252,766042.0447332993,686131.9711003706,0.0,766.0420447332993,22.75144872857899,0.7660420447332993,4.233148339196212,0.0,793.7926838458079,765248.2520494534,79116.28094908281,6540.0,813.9075835505083,686131.9711003706,1607.7002673963161,79116.28094908281,67,766042.0447332993,79910.07363292866,0.11530767298629392,MARKET_BEARISH
2024-10-25,2024-10-28,NIFTY100,SELL,BALRAMCHIN,MARKET_BEARISH,2024-10-22,5,,0.5908626811788785,619.7503051757812,2905.332321937468,1800580.593157807,1816495.7732642775,0.0,1800.580593157807,53.477243616786865,1.8005805931578067,9.95000835779004,0.0,1865.8084257255416,1798714.7847320815,-17780.988532196032,624.4865639119791,2154.774515136191,1816495.7732642775,4020.582940861733,-17780.988532196032,6,1800580.593157807,-15915.180106470594,-0.009788620922713879,MARKET_BEARISH
2025-03-28,2025-04-01,NIFTY50,SELL,GOLDBEES,MARKET_BULLISH,2024-10-28,0,,0.0,76.72000122070312,14005.262325519829,1074483.7427101487,924042.9323735889,0.0,1074.4837427101488,31.912167158491417,1.0744837427101486,5.9375971622162815,0.0,1113.4079907735666,1073370.334719375,149327.4023457861,65.9000015258789,1096.123751497793,924042.9323735889,2209.5317422713597,149327.4023457861,155,1074483.7427101487,150440.81033655978,0.16160223417564468,MARKET_BULLISH
2025-03-28,2025-04-01,NIFTY100,SELL,GOLDBEES,MARKET_BULLISH,2024-10-28,0,,0.0,76.72000122070312,60467.09025866711,4639035.238457306,3989513.8053148435,0.0,4639.035238457306,137.779346582182,4.639035238457306,25.635308727715074,0.0,4807.08892900566,4634228.1495283,644714.3442134568,65.9000015258789,4732.465003223406,3989513.8053148435,9539.553932229066,644714.3442134568,155,4639035.238457306,649521.4331424627,0.16160223417564473,MARKET_BULLISH
2025-04-03,2025-04-04,NIFTY50,SELL,BAJAJFINSV,RANK_EXIT,2025-04-01,3,5.0,0.8634474605141601,1909.7392578125,179.10154458462927,342037.25082812225,357790.111573125,0.0,342.03725082812224,10.158506349595232,0.34203725082812225,1.8900978480762036,0.0,354.42789227662183,341682.82293584564,-16107.288637279358,1995.3244538958807,424.41993289094177,357790.111573125,778.8478251675635,-16107.288637279358,3,342037.25082812225,-15752.860745002748,-0.04501882001841562,RANK_EXIT
2025-04-11,2025-04-15,NIFTY100,SELL,MUTHOOTFIN,RANK_EXIT,2025-04-01,4,18.0,0.6772851275617141,2009.214111328125,660.9587104978178,1328007.5681374564,1544742.7165094335,0.0,1328.0075681374565,39.441824773682455,1.3280075681374564,7.338569821527584,0.0,1376.1159703008038,1326631.4521671557,-218111.26434227778,2334.352022342995,1832.4139736341192,1544742.7165094335,3208.529943934923,-218111.26434227778,14,1328007.5681374564,-216735.14837197703,-0.14119585223559514,RANK_EXIT
2025-04-17,2025-04-21,NIFTY200,SELL,GOLDBEES,MARKET_BULLISH,2024-10-21,0,,0.0,81.06999969482422,15093.281742133127,1223612.3462286287,997188.5208709955,0.0,1223.6123462286287,36.34128668299027,1.2236123462286286,6.7616818252594015,0.0,1267.938927083107,1222344.4073015456,225155.88643055013,65.98999786376953,1182.8909503587174,997188.5208709955,2450.8298774418245,225155.88643055013,182,1223612.3462286287,226423.82535763318,0.22579069224933263,MARKET_BULLISH
2025-04-17,2025-04-21,NIFTY500,SELL,GOLDBEES,MARKET_BULLISH,2024-10-21,0,,0.0,81.06999969482422,23675.12731078694,1919342.5638604215,1564177.068170169,0.0,1919.3425638604215,57.00447414665452,1.9193425638604213,10.60628700789269,0.0,1988.8726675788291,1917353.6911928428,353176.6230226739,65.98999786376953,1855.4675068672268,1564177.068170169,3844.340174446056,353176.6230226739,182,1919342.5638604215,355165.49569025263,0.22579069224933257,MARKET_BULLISH
2025-04-21,2025-04-22,NIFTY500,SELL,INDIGO,DUPLICATE_EXIT,2025-04-21,10,11.0,0.6500833244590739,5524.6640625,71.12775670217448,392956.9612987469,383470.73823856853,0.0,392.9569612987469,11.670821750572783,0.39295696129874685,2.1714801681368754,0.0,407.1922201787553,392549.7690785681,9079.030839999556,5384.899974877479,454.88295993778416,383470.73823856853,862.0751801165395,9079.030839999556,1,392956.9612987469,9486.223060178338,0.023675941694281822,DUPLICATE_EXIT
2025-04-21,2025-04-22,NIFTY500,SELL,SHREECEM,DUPLICATE_EXIT,2025-04-21,13,13.0,0.6482188298991112,30762.587890625,12.414555937928696,381903.86816361203,383470.73823856853,0.0,381.90386816361206,11.342544884459278,0.381903868163612,2.11040077547212,0.0,395.73871769170705,381508.12944592035,-1962.608792648185,30852.15912624378,454.88295993778416,383470.73823856853,850.6216776294912,-1962.608792648185,1,381903.86816361203,-1566.8700749565032,-0.005118014484399036,DUPLICATE_EXIT
2025-05-02,2025-05-05,NIFTY500,SELL,AAVAS,RANK_EXIT,2025-04-22,9,51.0,0.5495627092158781,1812.4000244140625,178.43882149443445,323402.5244329295,387028.9492622442,0.0,323.4025244329295,9.605054975658007,0.3234025244329295,1.7871223500163684,0.0,335.1181042830368,323067.40632864647,-63961.54293359775,2166.39990234375,459.10380236755486,387028.9492622442,794.2219066505917,-63961.54293359775,13,323402.5244329295,-63626.424829314696,-0.16526294236005198,RANK_EXIT
2025-05-06,2025-05-07,NIFTY200,SELL,DEEPAKFERT,RANK_EXIT,2025-04-21,4,46.0,0.5601228375215669,1255.012451171875,189.93473885814458,238370.46217705,244468.88146030912,0.0,238.37046217705,7.079602726658385,0.23837046217705,1.3172351739903783,0.0,247.0056705398758,238123.45650651012,-6345.424953798996,1285.5936074932474,289.9953433791366,244468.88146030912,537.0010139190124,-6345.424953798996,16,238370.46217705,-6098.419283259107,-0.025955961821787988,RANK_EXIT
2025-05-14,2025-05-15,NIFTY200,SELL,SRF,RANK_EXIT,2025-04-21,6,21.0,0.5871990757117005,2867.542724609375,81.91217445765302,234886.6599229768,244468.88146030912,0.0,234.8866599229768,6.976133799712411,0.2348866599229768,1.2979836827343698,0.0,243.39566406534658,234643.26425891145,-9825.617201397661,2980.98405681033,289.9953433791366,244468.88146030912,533.3910074444832,-9825.617201397661,24,234886.6599229768,-9582.221537332312,-0.04019168878552302,RANK_EXIT
2025-05-15,2025-05-16,NIFTY50,SELL,KOTAKBANK,RANK_EXIT,2025-04-01,2,5.0,0.802216308854296,421.1544494628906,822.742345517099,346501.5995760612,357790.111573125,0.0,346.5015995760612,10.291097507409017,0.3465015995760612,1.914767839257314,0.0,359.0539665223036,346142.5456095389,-11647.565963586094,434.35918132502024,424.41993289094177,357790.111573125,783.4738994132454,-11647.565963586094,45,346501.5995760612,-11288.511997063819,-0.032554186342306356,RANK_EXIT
2025-05-16,2025-05-19,NIFTY100,SELL,PAYTM,RANK_EXIT,2025-04-22,3,10.0,0.6992577682574563,870.9500122070312,1502.2479290110139,1308382.85211013,1326631.4521671557,0.0,1308.38285211013,38.85897070767086,1.30838285211013,7.230123640760578,0.0,1355.7803293106715,1307027.0717808194,-19604.38038633624,882.0499877929688,1573.6847209784364,1326631.4521671557,2929.465050289108,-19604.38038633624,27,1308382.85211013,-18248.600057025673,-0.014777563395101903,RANK_EXIT
2025-05-16,2025-05-19,NIFTY500,SELL,LAURUSLABS,RANK_EXIT,2025-04-22,15,45.0,0.5650301373900312,606.2456665039062,603.0678238305278,365607.25480519864,387028.9492622442,0.0,365.60725480519864,10.8585354677144,0.3656072548051986,2.0203456900535275,0.0,378.85174321777174,365228.40306198085,-21800.546200263372,641.0055887321047,459.10380236755486,387028.9492622442,837.9555455853266,-21800.546200263372,27,365607.25480519864,-21421.69445704558,-0.05632794715180774,RANK_EXIT
2025-05-23,2025-05-26,NIFTY200,SELL,CHAMBLFERT,RANK_EXIT,2025-04-21,2,19.0,0.6268190008979565,575.0874633789062,367.9964117107131,211630.12294325363,244468.88146030912,0.0,211.63012294325364,6.285414651414633,0.21163012294325362,1.1694680593844196,0.0,219.29663577699597,211410.82630747664,-33058.05515283247,663.5360518375985,289.9953433791366,244468.88146030912,509.2919791561326,-33058.05515283247,35,211630.12294325363,-32838.75851705548,-0.13522398006389877,RANK_EXIT
2025-05-27,2025-05-28,NIFTY500,SELL,CARTRADE,RANK_EXIT,2025-04-21,2,47.0,0.5836553316579299,1541.199951171875,244.73856567324648,377191.0654654822,383470.73823856853,0.0,377.1910654654822,11.202574644324821,0.37719106546548214,2.0843578277622545,0.0,390.85518900303475,376800.21027647913,-6670.5279620894,1565.0,454.88295993778416,383470.73823856853,845.738148940819,-6670.5279620894,37,377191.0654654822,-6279.6727730863495,-0.017395142045856616,RANK_EXIT
2025-05-29,2025-05-30,NIFTY200,SELL,GODREJIND,RANK_EXIT,2025-05-22,7,27.0,0.657392453464251,1184.699951171875,203.48439744798404,241067.95572086508,236383.3603827108,0.0,241.0679557208651,7.159718284909693,0.24106795572086506,1.3321415233135003,0.0,249.80088348480916,240818.15483738028,4434.794454669493,1160.300048828125,280.4040880533415,236383.3603827108,530.2049715381506,4434.794454669493,8,241067.95572086508,4684.595338154293,0.01876102635773282,RANK_EXIT
2025-06-03,2025-06-04,NIFTY500,SELL,AVANTIFEED,RANK_EXIT,2025-04-21,4,57.0,0.5712492011594242,762.9500122070312,430.83898231567014,328708.60681700544,383470.73823856853,0.0,328.70860681700543,9.762645622465062,0.3287086068170054,1.8164437612707722,0.0,340.6164048075583,328367.9904121979,-55102.74782637064,889.0,454.88295993778416,383470.73823856853,795.4993647453425,-55102.74782637064,44,328708.60681700544,-54762.1314215631,-0.14369479162733295,RANK_EXIT
2025-06-04,2025-06-05,NIFTY50,SELL,BAJAJFINSV,RANK_EXIT,2025-04-22,2,7.0,0.7270190994458996,1941.3966064453125,162.4216337433819,315324.80856270506,341682.82293584564,0.0,315.3248085627051,9.36514681431234,0.31532480856270506,1.742484892117508,0.0,326.74776507769764,314998.0607976274,-26684.76213821827,2101.1825950890707,405.3130483198965,341682.82293584564,732.0608133975941,-26684.76213821827,44,315324.80856270506,-26358.014373140584,-0.07809804984908064,RANK_EXIT
2025-06-13,2025-06-16,NIFTY100,SELL,INDIGO,RANK_EXIT,2025-05-22,4,15.0,0.6696601072897237,5373.41943359375,239.28320842570125,1285769.0422873269,1307027.0717808194,0.0,1285.769042287327,38.18734055593361,1.285769042287327,7.1051597276797684,0.0,1332.3473116132277,1284436.6949757137,-22590.376805105712,5455.780415494248,1550.4294952502742,1307027.0717808194,2882.776806863502,-22590.376805105712,25,1285769.0422873269,-21258.029493492562,-0.01728378645924021,RANK_EXIT
2025-06-30,2025-07-01,NIFTY50,SELL,SBILIFE,RANK_EXIT,2025-06-24,2,5.0,0.6743097556006119,1859.91455078125,171.95818268780647,319827.5261069517,314998.0607976274,0.0,319.8275261069517,9.498877525376466,0.3198275261069517,1.7673669092670152,0.0,331.4135980677022,319496.112508884,4498.051711256616,1829.6564722317785,373.65888966772627,314998.0607976274,705.0724877354285,4498.051711256616,7,319827.5261069517,4829.465309324325,0.014279617150235154,RANK_EXIT
2025-07-02,2025-07-03,NIFTY100,SELL,SBICARD,RANK_EXIT,2025-04-01,3,12.0,0.5540023686460708,908.21826171875,1757.4525272887001,1596150.4793873674,1544742.7165094335,0.0,1596.1504793873673,47.40566923780481,1.5961504793873673,8.820327549094591,0.0,1653.9726266536543,1594496.5067607136,49753.79025128018,877.9243129349932,1832.4139736341192,1544742.7165094335,3486.3866002877735,49753.79025128018,93,1596150.4793873674,51407.762877933914,0.03220846405005616,RANK_EXIT
2025-07-03,2025-07-04,NIFTY200,SELL,COROMANDEL,RANK_EXIT,2025-04-21,5,23.0,0.6984142495090548,2216.5107421875,114.58022211565267,253968.2931615739,244468.88146030912,0.0,253.9682931615739,7.542858306898745,0.2539682931615739,1.4034287880108574,0.0,263.16854854964504,253705.12461302427,9236.24315271515,2131.0735972432103,289.9953433791366,244468.88146030912,553.1638919287816,9236.24315271515,74,253968.2931615739,9499.411701264791,0.03778085414202177,RANK_EXIT
2025-07-14,2025-07-15,NIFTY100,SELL,BHARTIARTL,RANK_EXIT,2025-06-24,4,14.0,0.5565549921976708,1918.164306640625,663.0980774110593,1271931.063891916,1284436.6949757137,0.0,1271.9310638919162,37.776352597589906,1.271931063891916,7.028691059066727,0.0,1318.0080386124648,1270613.0558533035,-13823.639122410212,1934.7259575561889,1523.632202934261,1284436.6949757137,2841.6402415467255,-13823.639122410212,21,1271931.063891916,-12505.631083797663,-0.010762413730846883,RANK_EXIT
2025-07-17,2025-07-18,NIFTY200,SELL,MAZDOCK,RANK_EXIT,2025-05-22,2,25.0,0.6003258890636949,2963.55615234375,69.39255416970619,205648.73083647972,236383.3603827108,0.0,205.64873083647973,6.107767305843447,0.20564873083647972,1.1364148866023869,0.0,213.09856175976205,205435.63227471994,-30947.728107990843,3402.424930450678,280.4040880533415,236383.3603827108,493.5026498131036,-30947.728107990843,57,205648.73083647972,-30734.629546231066,-0.1309217707112957,RANK_EXIT
2025-07-23,2025-07-24,NIFTY500,SELL,INDIAGLYCO,RANK_EXIT,2025-06-24,5,48.0,0.6387311692790154,877.7999877929688,377.6577543349313,331507.9721451227,352584.1003443385,0.0,331.5079721451227,9.845786772710145,0.3315079721451227,1.831913054073948,0.0,343.5171799440519,331164.4549651787,-21419.645379159832,932.5,418.2444270150633,352584.1003443385,761.7616069591152,-21419.645379159832,30,331507.9721451227,-21076.128199215804,-0.0607504574319747,RANK_EXIT
2025-07-28,2025-07-29,NIFTY50,SELL,BAJFINANCE,RANK_EXIT,2025-04-01,1,9.0,0.6332220674150278,881.1334838867188,411.89663537468226,362935.91732891125,357790.111573125,0.0,362.9359173289113,10.779196744668663,0.36293591732891123,2.0055838791595635,0.0,376.0836338700684,362559.8336950412,4769.7221219161875,867.6101258150749,424.41993289094177,357790.111573125,800.5035667610102,4769.7221219161875,119,362935.91732891125,5145.8057557862485,0.013331061892529004,RANK_EXIT
2025-07-28,2025-07-29,NIFTY500,SELL,BDL,RANK_EXIT,2025-05-22,2,40.0,0.6676594215803042,1616.6885986328125,183.56534370344525,296767.9982694735,344147.90469531366,0.0,296.7679982694735,8.814009548603362,0.2967679982694735,1.6399399584371104,0.0,307.5187157747834,296460.47955369874,-47687.42514161492,1872.5738778788182,408.2371923951032,344147.90469531366,715.7559081698867,-47687.42514161492,68,296767.9982694735,-47379.90642584016,-0.1385666583785663,RANK_EXIT
2025-07-28,2025-07-29,NIFTY500,SELL,MCX,RANK_EXIT,2025-06-24,9,47.0,0.6494026543620626,1561.9346923828125,211.68314221249196,330635.2436142958,352584.1003443385,0.0,330.6352436142958,9.819866735344585,0.33063524361429575,1.8270903562125984,0.0,342.61283594946724,330292.6307783463,-22291.469565992185,1663.6462036443695,418.2444270150633,352584.1003443385,760.8572629645305,-22291.469565992185,35,330635.2436142958,-21948.856730042724,-0.06322312760054134,RANK_EXIT
2025-08-01,2025-08-04,NIFTY50,SELL,BEL,MARKET_BEARISH,2025-05-22,1,,0.9277574177543413,387.0008544921875,908.6403704911869,351644.59980618715,346142.5456095389,0.0,351.64459980618716,10.443844614243758,0.3516445998061871,1.9431880585289902,0.0,364.3832770787661,351280.2165291084,5137.6709195695,380.49370636629004,410.60328730822096,346142.5456095389,774.9865643869871,5137.6709195695,74,351644.59980618715,5502.0541966482415,0.01484264498755081,MARKET_BEARISH
2025-08-01,2025-08-04,NIFTY50,SELL,ABBOTINDIA,MARKET_BEARISH,2025-07-22,3,,0.7381744728839016,33995.0,9.447054719687879,321152.62519578944,319496.112508884,0.0,321.1526251957894,9.538232968314947,0.3211526251957894,1.7746894068319325,0.0,332.78670019613213,320819.8384955933,1323.7259867092944,33779.535250100715,378.9945955569634,319496.112508884,711.7812957530955,1323.7259867092944,13,321152.62519578944,1656.5126869054511,0.0041431677409611255,MARKET_BEARISH
2025-08-01,2025-08-04,NIFTY100,SELL,NH,MARKET_BEARISH,2025-04-01,1,,0.7580925281487133,1829.699951171875,913.0348578365358,1670579.8348017295,1544742.7165094335,0.0,1670.5798348017295,49.616221093611365,1.6705798348017296,9.231624167114356,0.0,1731.0982598972569,1668848.7365418323,124106.02003239887,1689.8700956410062,1832.4139736341192,1544742.7165094335,3563.5122335313763,124106.02003239887,125,1670579.8348017295,125837.11829229607,0.08034089994794352,MARKET_BEARISH
2025-08-01,2025-08-04,NIFTY100,SELL,HDFCAMC,MARKET_BEARISH,2025-07-22,3,,0.8040086302075189,2781.6591796875,517.5756738706582,1439719.1244052602,1432554.7813070086,0.0,1439.7191244052601,42.759657994836225,1.43971912440526,7.955887881463466,0.0,1491.874389405965,1438227.2500158541,5672.468708845554,2764.5338060006425,1699.3337280106875,1432554.7813070086,3191.2081174166524,5672.468708845554,13,1439719.1244052602,7164.343098251615,0.003959687114841227,MARKET_BEARISH
2025-08-01,2025-08-04,NIFTY100,SELL,INDIGO,MARKET_BEARISH,2025-07-22,5,,0.6993072683066623,5770.748046875,242.92770752236098,1401874.593716486,1432554.7813070086,0.0,1401.8745937164858,41.63567543337963,1.4018745937164858,7.746759004877301,0.0,1452.6589027484592,1400421.9348137374,-32132.84649327118,5890.046311194415,1699.3337280106875,1432554.7813070086,3151.992630759147,-32132.84649327118,13,1401874.593716486,-30680.18759052269,-0.022430448672932698,MARKET_BEARISH
2025-08-01,2025-08-04,NIFTY200,SELL,GODFRYPHLP,MARKET_BEARISH,2025-04-21,1,,0.7049660895322167,2961.665283203125,96.38336351689651,285455.261606339,244468.88146030912,0.0,285.45526160633904,8.478021269708268,0.285455261606339,1.5774257756366292,0.0,295.7961639132903,285159.46544242575,40690.58398211663,2533.4132074994886,289.9953433791366,244468.88146030912,585.7915072924269,40690.58398211663,105,285455.261606339,40986.3801460299,0.1664448405009902,MARKET_BEARISH
2025-08-01,2025-08-04,NIFTY200,SELL,MFSL,MARKET_BEARISH,2025-06-24,2,,0.6332426616164019,1481.5999755859375,140.27718489735074,207834.67371917889,226114.49057242845,0.0,207.83467371917888,6.172689809459613,0.20783467371917888,1.1484944069721825,0.0,215.3636926093299,207619.31002656955,-18495.180545858893,1610.0,268.2228876937695,226114.49057242845,483.58658030309937,-18495.180545858893,41,207834.67371917889,-18279.816853249562,-0.08179564475959386,MARKET_BEARISH
2025-08-01,2025-08-04,NIFTY200,SELL,DEEPAKFERT,MARKET_BEARISH,2025-06-24,3,,0.6253261128855798,1534.41162109375,145.8100070394143,223732.5692730388,226114.49057242845,0.0,223.7325692730388,6.644857307409253,0.22373256927303878,1.2363461778028124,0.0,231.83750532752387,223500.73176771126,-2613.7588047171885,1548.9078717600332,268.2228876937695,226114.49057242845,500.0603930212934,-2613.7588047171885,41,223732.5692730388,-2381.921299389651,-0.011559448481608725,MARKET_BEARISH
2025-08-01,2025-08-04,NIFTY200,SELL,ABCAPITAL,MARKET_BEARISH,2025-07-22,5,,0.6428697541363981,278.45001220703125,841.4607563014023,234304.75786386323,229570.3784438721,0.0,234.30475786386324,6.958851308556738,0.2343047578638632,1.294768091955708,0.0,242.79268202223957,234061.965181841,4491.586737968901,272.5,272.3223517399606,229570.3784438721,515.1150337622001,4491.586737968901,13,234304.75786386323,4734.379419991135,0.01956518418628235,MARKET_BEARISH
2025-08-01,2025-08-04,NIFTY200,SELL,RAMCOCEM,MARKET_BEARISH,2025-07-22,6,,0.6471028672087519,1169.38232421875,199.80316119918055,233646.28502935133,229570.3784438721,0.0,233.64628502935133,6.939294665371735,0.23364628502935134,1.2911293710721956,0.0,242.11035535082462,233404.1746740005,3833.7962301284133,1147.6197609483695,272.3223517399606,229570.3784438721,514.4327070907852,3833.7962301284133,13,233646.28502935133,4075.9065854792425,0.016699873285549956,MARKET_BEARISH
2025-08-01,2025-08-04,NIFTY500,SELL,BSE,MARKET_BEARISH,2025-04-21,3,,0.6694635394611365,2486.60009765625,192.7222175556217,479223.084994338,383470.73823856853,0.0,479.223084994338,14.232925624331838,0.47922308499433797,2.6481867676787116,0.0,496.5834204713429,478726.50157386664,95255.7633352981,1987.398547695147,454.88295993778416,383470.73823856853,951.466380409127,95255.7633352981,105,479223.084994338,95752.34675576945,0.24840425575324254,MARKET_BEARISH
2025-08-01,2025-08-04,NIFTY500,SELL,SOLARINDS,MARKET_BEARISH,2025-05-22,4,,0.6404484014087621,14366.0,24.241993938339636,348260.4849181872,344147.90469531366,0.0,348.2604849181872,10.34333640207016,0.3482604849181872,1.9244874396579024,0.0,360.8765692448335,347899.60834894236,3751.703653628705,14179.512971467302,408.2371923951032,344147.90469531366,769.1137616399367,3751.703653628705,74,348260.4849181872,4112.580222873541,0.010901428143083484,MARKET_BEARISH
2025-09-19,2025-09-22,NIFTY200,SELL,GOLDBEES,MARKET_BULLISH,2025-08-04,0,,0.0,93.13999938964844,14077.169749978082,1311147.581920936,1183745.6470925482,0.0,1311.147581920936,38.9410831830518,1.311147581920936,7.245401537695092,0.0,1358.645214223604,1309788.9367067125,126043.28961416427,83.98999786376953,1404.1898639680053,1183745.6470925482,2762.835078191609,126043.28961416427,49,1311147.581920936,127401.9348283878,0.10647835531538803,MARKET_BULLISH
2025-09-19,2025-09-22,NIFTY500,SELL,GOLDBEES,MARKET_BULLISH,2025-08-04,0,,0.0,93.13999938964844,21221.89365935477,1976607.1624794872,1784543.6752200327,0.0,1976.6071624794872,58.70523272564077,1.9766071624794872,10.922731179861646,0.0,2048.211733547469,1974558.9507459397,190015.27552590705,83.98999786376953,2116.8721056815584,1784543.6752200327,4165.083839229028,190015.27552590705,49,1976607.1624794872,192063.48725945456,0.10647835531538803,MARKET_BULLISH
2025-10-17,2025-10-20,NIFTY50,SELL,GOLDBEES,MARKET_BULLISH,2025-08-04,0,,0.0,105.13999938964844,12304.233534269139,1293667.106283149,1034659.8887197429,0.0,1293.667106283149,38.421913056609526,1.2936671062831488,7.148804429320681,0.0,1340.5314908753626,1292326.5747922736,257666.6860725307,83.98999786376953,1227.3404611564658,1034659.8887197429,2567.871952031828,257666.6860725307,77,1293667.106283149,259007.2175634061,0.24903515530244408,MARKET_BULLISH
2025-10-17,2025-10-20,NIFTY100,SELL,GOLDBEES,MARKET_BULLISH,2025-08-04,0,,0.0,105.13999938964844,53603.418557583085,5635863.394427355,4507497.921371425,0.0,5635.863394427355,167.38514281449247,5.635863394427355,31.143781117605567,0.0,5840.028181753881,5630023.366245601,1122525.4448741768,83.98999786376953,5346.91122927674,4507497.921371425,11186.93941103062,1122525.4448741768,77,5635863.394427355,1128365.4730559308,0.2490351553024441,MARKET_BULLISH
2025-10-17,2025-10-20,NIFTY200,SELL,EICHERMOT,DUPLICATE_EXIT,2025-09-22,4,9.0,0.6445694883309426,7013.5,37.3781494575851,262151.6512207731,261957.78734134248,0.0,262.15165122077315,7.785904041256962,0.2621516512207731,1.4486500246459924,0.0,271.6483569378969,261880.00286383522,-77.784477507259,7000.0,310.74113824677136,261957.78734134248,582.3894951846682,-77.784477507259,28,262151.6512207731,193.86387943063164,-0.0002969351600374545,DUPLICATE_EXIT
2025-10-21,2025-10-23,NIFTY500,SELL,LTF,DUPLICATE_EXIT,2025-09-22,3,3.0,0.6842636065304722,264.23944091796875,1615.3402229378255,426836.597401398,394911.79014918796,0.0,426.836597401398,12.677046942821521,0.42683659740139795,2.3586990372401253,0.0,442.29917997886105,426394.29822141916,31482.508072231198,244.185918183001,468.4546331815107,394911.79014918796,910.7538131603717,31482.508072231198,31,426836.597401398,31924.80725221004,0.07972035491859557,DUPLICATE_EXIT
2025-10-23,2025-10-24,NIFTY200,SELL,GODFRYPHLP,RANK_EXIT,2025-09-22,2,27.0,0.6546178483833069,3105.185546875,74.7720463250112,232181.07755869275,261957.78734134248,0.0,232.18107755869275,6.895778003493175,0.23218107755869274,1.2830326345893361,0.0,240.59206927433397,231940.4854894184,-30017.301851924072,3499.2628804860583,310.74113824677136,261957.78734134248,551.3332075211054,-30017.301851924072,32,232181.07755869275,-29776.709782649734,-0.11458831652448725,RANK_EXIT
2025-10-31,2025-11-03,NIFTY100,SELL,NYKAA,RANK_EXIT,2025-10-20,4,10.0,0.8091159227698812,250.0800018310547,7168.336706512445,1792657.6566902488,1876674.4554152004,0.0,1792.6576566902488,53.24193240370039,1.7926576566902486,9.906226210870313,0.0,1857.5984729615095,1790800.0582172873,-85874.39719791315,261.489990234375,2226.160032549352,1876674.4554152004,4083.758505510861,-85874.39719791315,14,1792657.6566902488,-84016.79872495169,-0.04575881392221224,RANK_EXIT
2025-10-31,2025-11-03,NIFTY500,SELL,MAHSCOOTER,RANK_EXIT,2025-09-22,2,42.0,0.5730770691643599,14870.0,22.153515052850686,329422.7688358897,394911.79014918796,0.0,329.4227688358897,9.783856234425924,0.32942276883588967,1.8203902205871265,0.0,341.35643805973865,329081.41239782993,-65830.37775135803,17805.0,468.4546331815107,394911.79014918796,809.8110712412494,-65830.37775135803,42,329422.7688358897,-65489.02131329826,-0.16669641016918976,RANK_EXIT
2025-11-04,2025-11-06,NIFTY50,SELL,MARUTI,RANK_EXIT,2025-10-20,1,6.0,0.7393166132047921,15452.0,26.076638048661902,402936.2111279237,430775.5249307579,0.0,402.9362111279237,11.967205470499334,0.40293621112792366,2.2266255026929063,0.0,417.53297831224387,402518.67814961146,-28256.84678114642,16500.0,510.99712783651324,430775.5249307579,928.5301061487571,-28256.84678114642,17,402936.2111279237,-27839.313802834193,-0.06559529301412464,RANK_EXIT
2025-11-06,2025-11-07,NIFTY200,SELL,DELHIVERY,RANK_EXIT,2025-09-22,1,33.0,0.6573398411476354,429.54998779296875,547.3787577470621,235126.53870838092,261957.78734134248,0.0,235.12653870838093,6.983258199638914,0.2351265387083809,1.299309252902513,0.0,243.64423269963075,234882.8944756813,-27074.892865661182,478.0,310.74113824677136,261957.78734134248,554.3853709464021,-27074.892865661182,46,235126.53870838092,-26831.248632961564,-0.10335593814732222,RANK_EXIT
2025-11-13,2025-11-14,NIFTY200,SELL,FORTIS,RANK_EXIT,2025-09-22,3,23.0,0.6682307794895009,937.7000122070312,275.41794337167966,258259.40886165947,261957.78734134248,0.0,258.2594088616595,7.670304443191286,0.25825940886165943,1.4271414933695303,0.0,267.61511420708194,257991.79374745238,-3965.9935938901035,950.0,310.74113824677136,261957.78734134248,578.3562524538534,-3965.9935938901035,53,258259.40886165947,-3698.378479683015,-0.015139819411904865,RANK_EXIT
2025-11-17,2025-11-18,NIFTY50,SELL,BEL,RANK_EXIT,2025-10-20,2,5.0,0.8000071170179307,419.1157531738281,1037.4459463182516,434809.93916830886,430775.5249307579,0.0,434.80993916830886,12.913855193298774,0.43480993916830885,2.402759723844075,0.0,450.56136402462005,434359.3778042842,3583.852873526339,414.7344055175781,510.99712783651324,430775.5249307579,961.5584918611332,3583.852873526339,29,434809.93916830886,4034.4142375509837,0.008319536895932983,RANK_EXIT
2025-11-28,2025-12-01,NIFTY50,SELL,ASAHIINDIA,RANK_EXIT,2025-11-24,3,6.0,0.6917795622177347,1057.9000244140625,424.3503445653681,448920.2398758188,418439.02797694784,0.0,448.92023987581877,13.332931124311818,0.44892023987581875,2.4807332455537745,0.0,465.18282448556016,448455.0570513332,30016.029074385355,984.9000244140625,496.36325440098295,418439.02797694784,961.5460788865431,30016.029074385355,7,448920.2398758188,30481.21189887094,0.07173334002687475,RANK_EXIT
2025-12-08,2025-12-09,NIFTY500,SELL,SYRMA,RANK_EXIT,2025-09-22,4,36.0,0.4066379108071113,757.2999877929688,475.3474829098434,359980.6430050428,394911.79014918796,0.0,359.9806430050428,10.691425097249772,0.3599806430050428,1.9892530332458667,0.0,373.02130177854343,359607.62170326425,-35304.168445923715,829.7999877929688,468.4546331815107,394911.79014918796,841.4759349600541,-35304.168445923715,78,359980.6430050428,-34931.14714414516,-0.08939760555790616,RANK_EXIT
2025-12-18,2025-12-19,NIFTY200,SELL,CHENNPETRO,RANK_EXIT,2025-11-24,2,22.0,0.663998438955736,880.92138671875,237.41355036926632,209142.67401711587,241605.057904184,0.0,209.14267401711587,6.211537418308342,0.20914267401711586,1.1557224166185822,0.0,216.71907652605992,208925.9549405898,-32679.102963594196,1016.4477104505057,286.5982014174486,241605.057904184,503.31727794350854,-32679.102963594196,25,209142.67401711587,-32462.383887068136,-0.13525835612495377,RANK_EXIT
2026-01-06,2026-01-07,NIFTY50,SELL,ASAHIINDIA,RANK_EXIT,2025-12-23,2,5.0,0.7364167850772334,1007.7000122070312,440.95598876313346,444351.35525937314,448455.0570513332,0.0,444.3513552593732,13.197235251203383,0.44435135525937314,2.455485589163296,0.0,460.4484274549992,443890.90683191817,-4564.1502194150235,1015.7999877929688,531.9690485057747,448455.0570513332,992.4174759607739,-4564.1502194150235,15,444351.35525937314,-4103.701791960048,-0.010177497494230687,RANK_EXIT
2026-01-06,2026-01-07,NIFTY200,SELL,CUMMINSIND,RANK_EXIT,2025-11-24,6,22.0,0.646841693673053,4129.1240234375,55.730331496658565,230117.45061698844,241605.057904184,0.0,230.11745061698844,6.834488283324557,0.23011745061698843,1.271629032109478,0.0,238.45368538303947,229878.9969316054,-11726.06097257862,4330.109892083368,286.5982014174486,241605.057904184,525.0518868004881,-11726.06097257862,44,230117.45061698844,-11487.60728719557,-0.048534004520836456,RANK_EXIT
2026-01-14,2026-01-16,NIFTY500,SELL,CARTRADE,RANK_EXIT,2025-11-24,4,37.0,0.40109462325669626,2713.39990234375,109.56368249010896,297290.0853690833,329081.41239782993,0.0,297.2900853690833,8.829515535461773,0.29729008536908325,1.642825011749554,0.0,308.0597160016637,296982.0256530816,-32099.386744748335,3000.0,390.3649275030282,329081.41239782993,698.4246435046919,-32099.386744748335,53,297290.0853690833,-31791.32702874666,-0.09754238779655854,RANK_EXIT
2026-01-19,2026-01-20,NIFTY500,SELL,GMDCLTD,RANK_EXIT,2025-09-22,1,35.0,0.40636125525481676,541.1500244140625,689.224784080718,372974.0087320575,394911.79014918796,0.0,372.97400873205754,11.077328059342108,0.3729740087320575,2.06105437225335,0.0,386.48536517238506,372587.52336688514,-22324.266782302817,572.2999877929688,468.4546331815107,394911.79014918796,854.9399983538958,-22324.266782302817,120,372974.0087320575,-21937.781417130434,-0.05652975509763651,RANK_EXIT
2026-01-19,2026-01-20,NIFTY500,SELL,RBLBANK,RANK_EXIT,2025-10-23,2,49.0,0.40954767282813037,293.70001220703125,1306.6067871416699,383750.42933329835,426394.29822141916,0.0,383.75042933329837,11.397387751198961,0.38375042933329834,2.120604872495807,0.0,397.6521723863264,383352.777160912,-43041.52106050716,325.95001220703125,505.80000280200113,426394.29822141916,903.4521751883276,-43041.52106050716,89,383750.42933329835,-42643.86888812081,-0.10094300331885875,RANK_EXIT
2026-01-21,2026-01-22,NIFTY100,SELL,PAYTM,RANK_EXIT,2025-10-20,2,12.0,0.711223202907386,1260.5,1456.5609292268875,1835995.0512904918,1876674.4554152004,0.0,1835.9950512904918,54.529053023327606,1.8359950512904917,10.145708653431257,0.0,1902.505808018541,1834092.5454824732,-42581.90993272723,1286.9000244140625,2226.160032549352,1876674.4554152004,4128.665840567893,-42581.90993272723,94,1835995.0512904918,-40679.40412470861,-0.02269008874173986,RANK_EXIT
2026-01-23,2026-01-27,NIFTY50,SELL,EICHERMOT,MARKET_BEARISH,2025-10-20,3,,0.7554809241195091,7164.5,61.03908750218774,437314.5424094241,430775.5249307579,0.0,437.3145424094241,12.988241909559896,0.4373145424094241,2.4166001613544776,0.0,453.15669902274794,436861.38571040134,6085.860779643466,7049.0,510.99712783651324,430775.5249307579,964.1538268592612,6085.860779643466,99,437314.5424094241,6539.01747866621,0.014127684669693566,MARKET_BEARISH
2026-01-23,2026-01-27,NIFTY50,SELL,SHRIRAMFIN,MARKET_BEARISH,2025-11-24,2,,0.972320913787798,995.4192504882812,509.46282592736287,507129.10433625727,418439.02797694784,0.0,507.1291043362573,15.061734398786841,0.5071291043362572,2.8023954305621577,0.0,525.5003632699426,506603.60397298733,88164.5759960395,820.3594913167137,496.36325440098295,418439.02797694784,1021.8636176709256,88164.5759960395,64,507129.10433625727,88690.07635930943,0.21069874008238199,MARKET_BEARISH
2026-01-23,2026-01-27,NIFTY50,SELL,MARUTI,MARKET_BEARISH,2026-01-22,2,,0.7595210662728161,15245.0,27.79713804997308,423767.3695718396,443890.90683191817,0.0,423.7673695718396,12.585890876283635,0.4237673695718396,2.3417384842539852,0.0,439.1187663019491,423328.2508055376,-20562.656026380544,15950.0,526.554934847599,443890.90683191817,965.6737011495482,-20562.656026380544,5,423767.3695718396,-20123.537260078592,-0.046323670320569804,MARKET_BEARISH
2026-01-23,2026-01-27,NIFTY100,SELL,MUTHOOTFIN,MARKET_BEARISH,2025-10-20,1,,0.8787949450195423,3834.973388671875,567.1800300766284,2175120.321929984,1876674.4554152004,0.0,2175.1203219299837,64.60107356132052,2.1751203219299837,12.01971489898509,0.0,2253.916230712219,2172866.4056992717,296191.95028407127,3304.855946936998,2226.160032549352,1876674.4554152004,4480.0762632615715,296191.95028407127,99,2175120.321929984,298445.86651478335,0.1578280928956008,MARKET_BEARISH
2026-01-23,2026-01-27,NIFTY100,SELL,CANBK,MARKET_BEARISH,2025-11-24,2,,0.8482752789703643,149.7791290283203,12655.34372542523,1895506.3607482093,1790800.0582172873,0.0,1895.5063607482093,56.29653891422181,1.8955063607482092,10.474568149494603,0.0,1964.172974172674,1893542.1877740365,102742.12955674925,141.3375885661555,2124.29358985886,1790800.0582172873,4088.466564031534,102742.12955674925,64,1895506.3607482093,104706.302530922,0.057372194670926795,MARKET_BEARISH
2026-01-23,2026-01-27,NIFTY100,SELL,HINDZINC,MARKET_BEARISH,2026-01-22,1,,0.8562875828967914,714.1517944335938,2687.878589940676,1919553.3182257717,1834092.5454824732,0.0,1919.5533182257716,57.01073355130542,1.9195533182257716,10.607451636515615,0.0,1989.0910567318185,1917564.22716904,83471.68168656668,681.547486584596,2175.648263857492,1834092.5454824732,4164.73932058931,83471.68168656668,5,1919553.3182257717,85460.77274329844,0.04551116130544479,MARKET_BEARISH
2026-01-23,2026-01-27,NIFTY200,SELL,ABCAPITAL,MARKET_BEARISH,2025-09-22,5,,0.6492378849775351,348.8999938964844,911.6621818923195,318078.9296978859,261957.78734134248,0.0,318.0789296978859,9.44694421202721,0.31807892969788587,1.7577041655105174,0.0,329.6016570051215,317749.32804088073,55791.54069953825,287.0,310.74113824677136,261957.78734134248,640.3427952518929,55791.54069953825,127,318078.9296978859,56121.142356543394,0.21297912639199165,MARKET_BEARISH
2026-01-23,2026-01-27,NIFTY200,SELL,LTF,MARKET_BEARISH,2025-10-23,2,,0.6165786337288565,282.3430480957031,983.6680436075567,277731.83374649455,261880.00286383522,0.0,277.73183374649454,8.248635462270888,0.2777318337464945,1.534746113283129,0.0,287.79294715579505,277444.0407993388,15564.037935503555,265.91222078971344,310.64886827715577,261880.00286383522,598.4418154329508,15564.037935503555,96,277731.83374649455,15851.830882659327,0.05943194503322231,MARKET_BEARISH
2026-01-23,2026-01-27,NIFTY200,SELL,HEROMOTOCO,MARKET_BEARISH,2025-11-24,7,,0.5643870812850138,5277.14111328125,40.9831928664226,216274.09202893355,241605.057904184,0.0,216.27409202893355,6.423340533259326,0.21627409202893355,1.1951306325518867,0.0,224.1088372867737,216049.98319164678,-25555.07471253723,5888.229852888744,286.5982014174486,241605.057904184,510.7070387042223,-25555.07471253723,64,216274.09202893355,-25330.965875250462,-0.1057721015206225,MARKET_BEARISH
2026-01-23,2026-01-27,NIFTY200,SELL,NATIONALUM,MARKET_BEARISH,2025-12-23,2,,0.941556130755112,377.96063232421875,729.5785518878034,275751.970801702,208925.9549405898,0.0,275.751970801702,8.18983353281055,0.275751970801702,1.5238053906502051,0.0,285.74136169596443,275466.229440006,66540.2744994162,286.0255705171217,247.8333998253561,208925.9549405898,533.5747615213205,66540.2744994162,35,275751.970801702,66826.01586111219,0.3184873536576037,MARKET_BEARISH
2026-01-23,2026-01-27,NIFTY200,SELL,ASHOKLEY,MARKET_BEARISH,2026-01-22,3,,0.7349285249675489,189.76283264160156,1260.243716403463,239147.4174435003,229878.9969316054,0.0,239.1474174435003,7.102678298071959,0.2391474174435003,1.3215286287927825,0.0,247.81077178780853,238899.6066717125,9020.609740107117,182.1919883432162,272.68844301419057,229878.9969316054,520.4992148019991,9020.609740107117,5,239147.4174435003,9268.420511894918,0.039240686885331104,MARKET_BEARISH
2026-01-23,2026-01-27,NIFTY500,SELL,NETWEB,MARKET_BEARISH,2025-09-22,5,,0.4667211463158814,3033.800048828125,118.09680704072049,358282.0989665835,394911.79014918796,0.0,358.2820989665835,10.64097833930753,0.3582820989665835,1.9798668788893403,0.0,371.26122628374696,357910.83774029976,-37000.9524088882,3340.0,468.4546331815107,394911.79014918796,839.7158594652576,-37000.9524088882,127,358282.0989665835,-36629.69118260447,-0.09369422066358199,MARKET_BEARISH
2026-01-23,2026-01-27,NIFTY500,SELL,HINDCOPPER,MARKET_BEARISH,2025-12-23,3,,0.6238326009023143,561.2501831054688,885.4465281663138,496957.0260634452,359607.62170326425,0.0,496.9570260634452,14.759623674084322,0.49695702606344516,2.746184526026598,0.0,514.9597912896195,496442.06627215556,136834.4445688913,405.64961786731016,426.5759106625764,359607.62170326425,941.535701952196,136834.4445688913,35,496957.0260634452,137349.40436018095,0.38051041276817643,MARKET_BEARISH
2026-01-23,2026-01-27,NIFTY500,SELL,ONIDA,MARKET_BEARISH,2026-01-22,4,,0.4960284314159049,29.530000686645508,11111.181698606015,328113.2031892786,350974.1087269596,0.0,328.11320318927864,9.744962134721575,0.3281132031892786,1.8131535608239537,0.0,339.9994320880134,327773.2037571906,-23200.904969769006,31.549999237060547,416.33461309874644,350974.1087269596,756.3340451867598,-23200.904969769006,5,328113.2031892786,-22860.905537681014,-0.06610432049794919,MARKET_BEARISH
2026-01-23,2026-01-27,NIFTY500,SELL,MCX,MARKET_BEARISH,2026-01-22,5,,0.5085417926008262,2418.0,147.60327331109931,356904.7148662381,350974.1087269596,0.0,356.9047148662381,10.600070031527272,0.3569047148662381,1.9722554543508317,0.0,369.83394506698244,356534.88092117116,5560.772194211546,2375.0,416.33461309874644,350974.1087269596,786.1685581657289,5560.772194211546,5,356904.7148662381,5930.606139278505,0.015843824532759336,MARKET_BEARISH
2026-01-23,2026-01-27,NIFTY500,SELL,JKTYRE,MARKET_BEARISH,2026-01-22,9,,0.5016291462945471,510.5,683.3484875513857,348849.40289498237,350974.1087269596,0.0,348.8494028949824,10.360827265980976,0.34884940289498234,1.9277418003976725,0.0,361.486821364256,348487.9160736181,-2486.19265334151,513.0,416.33461309874644,350974.1087269596,777.8214344630024,-2486.19265334151,5,348849.40289498237,-2124.7058319772477,-0.007083692476232325,MARKET_BEARISH
2026-04-17,2026-04-20,NIFTY100,SELL,GOLDBEES,MARKET_BULLISH,2026-01-27,0,,0.0,125.0,45782.262250347245,5722782.781293405,5983972.820642348,0.0,5722.782781293406,169.96664860441413,5.722782781293405,31.624097649427355,0.0,5930.09631032854,5716852.6849830765,-267120.13565927185,130.5500030517578,7098.344143139291,5983972.820642348,13028.440453467832,-267120.13565927185,83,5722782.781293405,-261190.03934894316,-0.04463926285524102,MARKET_BULLISH
2026-04-17,2026-04-20,NIFTY200,SELL,GOLDBEES,MARKET_BULLISH,2026-01-27,0,,0.0,125.0,10141.989162067219,1267748.6452584025,1325609.1881435849,0.0,1267.7486452584026,37.652134764174555,1.2677486452584024,7.005579013697932,0.0,1313.6741076815338,1266434.971150721,-59174.21699286392,130.5500030517578,1572.4720848148122,1325609.1881435849,2886.146192496346,-59174.21699286392,83,1267748.6452584025,-57860.542885182425,-0.044639262855240856,MARKET_BULLISH
2026-04-17,2026-04-20,NIFTY500,SELL,GOLDBEES,MARKET_BULLISH,2026-01-27,0,,0.0,125.0,14438.225014214984,1804778.1267768731,1887148.9047644353,0.0,1804.7781267768733,53.601910365273135,1.804778126776873,9.973203928569001,0.0,1870.1580191974924,1802907.9687576757,-84240.93600675953,130.5500030517578,2238.585096703097,1887148.9047644353,4108.743115900589,-84240.93600675953,83,1804778.1267768731,-82370.77798756212,-0.04463926285524086,MARKET_BULLISH
2026-04-28,2026-04-29,NIFTY100,SELL,SHRIRAMFIN,RANK_EXIT,2026-04-20,1,11.0,0.6369203077691685,951.4678344726562,1840.5035345775789,1751179.9123837985,1905617.5616610255,0.0,1751.1799123837986,52.01004339779882,1.7511799123837983,9.67702019583287,0.0,1814.6181558898143,1749365.2942279086,-156252.2674331169,1034.1501837974863,2260.4930976989117,1905617.5616610255,4075.111253588726,-156252.2674331169,9,1751179.9123837985,-154437.649277227,-0.08199560634659565,RANK_EXIT
2026-05-11,2026-05-12,NIFTY100,SELL,ABB,RANK_EXIT,2026-04-20,2,17.0,0.7335185144447137,6328.5,270.910993902886,1714460.224914414,1905617.5616610255,0.0,1714.460224914414,50.9194686799581,1.714460224914414,9.474107202877052,0.0,1776.5682610221636,1712683.656653392,-192933.9050076336,7025.765330312238,2260.4930976989117,1905617.5616610255,4037.0613587210755,-192933.9050076336,22,1714460.224914414,-191157.3367466114,-0.1012448189443969,RANK_EXIT
2026-05-29,2026-06-01,NIFTY500,SELL,AVANTIFEED,RANK_EXIT,2026-04-20,1,44.0,0.47996100624000115,1158.5,244.17211016264793,282873.38962342765,360581.59375153517,0.0,282.87338962342767,8.401339671815801,0.2828733896234276,1.563158351059061,0.0,293.12076103592597,282580.2688623917,-78001.32488914346,1475.0,427.73126162950854,360581.59375153517,720.8520226654346,-78001.32488914346,42,282873.38962342765,-77708.20412810752,-0.21632087228193791,RANK_EXIT
2026-06-24,2026-06-25,NIFTY200,SELL,CUMMINSIND,RANK_EXIT,2026-04-20,5,20.0,0.5588573487168835,5642.0,48.895736105938646,275869.74310970586,253286.9942301442,0.0,275.86974310970584,8.193331370358264,0.27586974310970586,1.5244562004242344,0.0,285.863400423598,275583.87970928225,22296.885479138058,5174.0,300.45561801764705,253286.9942301442,586.3190184412451,22296.885479138058,66,275869.74310970586,22582.748879561666,0.08803012387946946,RANK_EXIT
2026-06-25,2026-06-29,NIFTY200,SELL,NATIONALUM,RANK_EXIT,2026-04-20,1,30.0,0.5393796827543496,347.3999938964844,587.1749321474308,203984.5678441861,253286.9942301442,0.0,203.9845678441861,6.058341664972327,0.2039845678441861,1.1272187219069725,0.0,211.37411279890958,203773.19373138717,-49513.80049875702,430.8537792764719,300.45561801764705,253286.9942301442,511.82973081655666,-49513.80049875702,70,203984.5678441861,-49302.4263859581,-0.19548497011957625,RANK_EXIT
2026-06-29,2026-06-30,NIFTY200,SELL,HINDCOPPER,RANK_EXIT,2026-04-20,4,27.0,0.5661874260199127,501.1000061035156,444.6160608297479,222797.11079550773,253286.9942301442,0.0,222.79711079550773,6.61707419062658,0.2227971107955077,1.2311768342559757,0.0,230.86815893118577,222566.24263657656,-30720.751593567635,569.0,300.45561801764705,253286.9942301442,531.3237769488328,-30720.751593567635,71,222797.11079550773,-30489.88343463646,-0.121288310467508,RANK_EXIT
2026-07-03,2026-07-06,NIFTY200,SELL,GVT&D,RANK_EXIT,2026-04-20,2,26.0,0.639010693627695,4554.5,60.83162222114618,277057.6234062103,253286.9942301442,0.0,277.05762340621027,8.228611415164446,0.27705762340621026,1.531020426942718,0.0,287.0943128717237,276770.5290933385,23483.534863194334,4158.7998046875,300.45561801764705,253286.9942301442,587.5499308893707,23483.534863194334,77,277057.6234062103,23770.629176066082,0.09271512315336841,RANK_EXIT
2026-07-03,2026-07-06,NIFTY500,SELL,MCX,RANK_EXIT,2026-04-20,6,38.0,0.38955770793518046,2723.10009765625,125.83992400066586,342674.7093352683,360581.59375153517,0.0,342.6747093352683,10.177438867257468,0.3426747093352683,1.8936204437866926,0.0,355.0884433556477,342319.62089191267,-18261.972859622503,2862.0,427.73126162950854,360581.59375153517,782.8197049851562,-18261.972859622503,77,342674.7093352683,-17906.88441626687,-0.05064588203081221,RANK_EXIT
2026-07-23,2026-07-24,NIFTY200,SELL,ADANIPOWER,RANK_EXIT,2026-04-20,3,22.0,0.5925857208846829,213.66000366210938,1274.4913783986224,272307.8325759765,253286.9942301442,0.0,272.3078325759765,8.087542627506503,0.27230783257597646,1.504773082814846,0.0,282.17245611887375,272025.66011985764,18738.665889713448,198.5,300.45561801764705,253286.9942301442,582.6280741365208,18738.665889713448,95,272307.8325759765,19020.838345832308,0.07398195058008755,RANK_EXIT
